name	aa_num	SRR1944912	SRR1944913	SRR1944914	SRR1944915	SRR1944916	SRR1944917
CCW22	131	122.65415019762845	121.69758378799689	122.78213802435724	121.2621776504298	120.44516547696301	122.36491228070176
FLO8	794	768.9999999999999	858.7166666666666	988.7142857142858	787.0941176470589	793.2842105263157	808.4358974358975
NM_001178148.1	1155	1131.0	1149.7251655629138	1147.8805970149251	1141.3761467889908	1156.040590405904	1151.4397590361446
NM_001178149.1	1269	1261.3815789473683	1298.6637931034481	1261.3815789473683	1255.550847457627	1259.4767441860465	1268.4905660377358
NM_001178150.1	201	195.70611416288511	195.4512095021969	198.03484045551923	197.67510434169873	198.07458770614693	193.79097154072622
NM_001178151.1	637	623.1165501517462	622.083921428145	624.0749657425952	621.5766588471851	623.7849897861587	622.0325022896103
NM_001178152.1	210	198.80838323353294	202.7065868263473	195.7467248908297	200.7578659370725	202.33035714285714	200.77058823529413
NM_001178153.1	193	190.251497005988	191.92964824120602	189.6412213740458	202.53696498054475	184.9570815450644	187.23741007194243
NM_001178154.1	254	245.33333333333334	261.18644067796606	270.5882352941176	247.25	248.9041095890411	248.77551020408166
NM_001178155.2	488	476.37333333333333	500.0888888888889	507.5	474.1978021978022	500.4943820224719	474.0869565217391
NM_001178156.1	620	596.0	640.1481481481482	605.6129032258065	607.92	596.0	620.3265306122448
NM_001178157.1	389	378.6861840207672	381.584729981378	377.6132030505243	380.1717800084829	382.83510481251847	381.6890354868062
NM_001178158.2	400	385.0059880239521	390.7772925764192	401.0666666666666	389.0153846153846	394.1204819277109	415.73983739837394
NM_001178159.1	250	232.27777777777777	235.5878787878788	245.53086419753086	236.1573033707865	238.64335664335664	251.11111111111111
NM_001178160.1	394	386.56716417910445	400.8333333333333	400.2040816326531	413.8157894736842	382.3333333333333	379.0243902439024
NM_001178161.1	630	609.9467140319716	612.9431714023831	611.2291466922339	609.0845732184808	610.971741112124	613.7408759124088
NM_001178162.2	1351	1347.734375	1355.926430517711	1353.9441624365481	1336.4785714285713	1359.169696969697	1354.2205128205128
NM_001178164.1	1126	1119.8606158833063	1115.2134292565947	1115.9493670886077	1116.7754189944135	1122.961956521739	1125.0651162790698
NM_001178165.2	328	304.0	310.46808510638294	315.921568627451	313.80645161290323	318.6153846153846	322.4242424242424
NM_001178166.1	832	827.0341578327444	826.8432835820895	829.7474120082816	820.4547206165703	822.6409966024916	830.0765027322404
NM_001178167.1	512	506.335260115607	512.9488752556238	517.1009174311927	497.3846153846154	502.1607142857143	533.8803418803419
NM_001178168.1	754	742.1574564723694	742.1006630500301	743.3668044890727	740.4960460100647	744.0025575447571	737.4489795918367
NM_001178169.1	1430	1457.5963302752293	1415.3733333333332	1447.3529411764705	1422.1609195402298	1436.3453237410074	1406.0000000000002
NM_001178170.2	301	297.6716417910448	300.80763983628924	300.0833333333333	292.1732484076433	295.7609561752988	298.13947368421054
NM_001178171.2	1350	1330.9756097560976	1336.5071315372427	1333.534090909091	1334.9959294436906	1338.439024390244	1337.8746268656716
NM_001178174.1	1466	1486.2557544757035	1469.6245210727968	1467.935251798561	1453.1782945736434	1462.642126789366	1466.9480968858134
NM_001178175.1	112	97.46835443037975	94.81918819188192	104.39215686274508	95.35888501742161	94.66666666666667	94.36144578313252
NM_001178176.1	755	752.0865384615385	736.8951612903227	739.9146341463414	748.9386503067484	741.013698630137	731.0
NM_001178177.1	374	359.72222222222223	365.3508771929824	390.38461538461536	369.26605504587155	371.6814159292035	371.875
NM_001178178.1	168	169.17482517482517	164.33898305084745	184.88888888888889	166.36024844720498	163.55555555555554	164.34782608695653
NM_001178179.1	284	348.6363636363636	282.41379310344826	268.38709677419354	263.6111111111111	280.79999999999995	279.25925925925924
NM_001178180.1	997	999.673420738975	994.6936416184972	994.39725703476	993.6044761140105	993.8658200551096	994.0553474823138
NM_001178181.1	364	354.5844504021448	355.4216867469879	352.3291492329149	351.6658378915962	353.46356916578674	349.43570767807586
NM_001178183.1	495	502.2816152396071	501.76313366412603	501.5084826686189	498.6288009404389	501.8832887212556	493.0549992673277
NM_001178184.1	264	262.95652173913044	261.36986301369865	263.13253012048193	274.6820809248555	260.6622516556292	259.2
NM_001178185.1	575	570.1319444444445	573.1507537688442	580.0	588.5681818181818	566.3055555555555	567.2058823529411
NM_001178186.1	849	838.2	841.5	871.030042918455	840.122199592668	843.3333333333334	861.7408906882591
NM_001178187.1	410	403.40163934426226	406.53885135135135	402.35098335854764	399.5175097276265	402.3282571912013	400.2023653088042
NM_001178188.1	780	759.9477806788511	762.2222222222222	762.0967741935484	757.5849056603773	761.8153846153846	766.3917525773195
NM_001178189.1	165	166.27645788336935	168.59295499021528	164.40711462450594	163.44776119402985	166.99380325329204	159.94029850746267
NM_001178191.1	113	106.42657342657343	112.62345679012346	110.73255813953489	102.61176470588235	109.44594594594594	105.8111111111111
NM_001178192.2	617	640.1704545454545	643.176923076923	603.7818181818183	609.3211009174312	617.4536082474227	693.6981132075472
NM_001178193.1	657	645.66	675.2	641.7916666666667	650.9574468085107	655.6071428571429	653.0952380952381
NM_001178194.1	241	230.35384615384615	228.49668874172184	229.50205761316874	226.69574468085105	227.09302325581393	230.85106382978722
NM_001178195.2	1042	1039.5449735449736	1029.7011494252874	1056.175	1041.4697406340058	1024.6754098360655	1048.162962962963
NM_001178196.2	778	793.5454545454546	785.3296398891966	780.4561403508771	777.9861687413555	780.1640378548896	777.2596401028279
NM_001178199.2	875	907.7333333333333	880.5999999999999	877.1846153846155	870.0522388059702	857.7007874015748	867.3653846153846
NM_001178200.1	497	501.88549618320604	502.5625	518.5903614457832	489.125	490.01438848920867	496.358024691358
NM_001178201.2	207	195.83231707317074	195.230198019802	196.7654867256637	191.11330049261085	192.9186991869919	192.6315789473684
NM_001178202.2	377	384.34460887949257	369.461139896373	378.5797101449275	363.2868098159509	367.9070945945946	383.2262996941896
NM_001178203.1	412	395.6078431372549	411.5151515151515	424.9523809523809	392.67469879518075	418.7936507936507	410.49275362318843
NM_001178209.1	534	530.345744680851	527.0813397129186	540.8716707021791	529.6153846153846	523.8586956521739	523.2624113475177
NM_001178210.1	421	414.77611940298505	414.47798742138366	424.37931034482756	401.81212121212116	415.1633986928104	408.1830985915493
NM_001178211.1	616	606.5915492957746	606.2518518518518	615.6013289036545	600.6790123456791	607.1393298059965	607.813021702838
NM_001178212.1	270	258.05882352941177	271.05555555555554	268.3636363636364	277.88888888888886	276.40449438202245	246.0
NM_001178215.2	704	696.6259168704157	694.1132075471698	702.6666666666666	692.1035598705502	701.5873015873016	689.7607655502392
NM_001178216.1	301	299.3567393058919	295.1768901569187	302.7552182163188	290.3391393442623	290.7767195767196	303.6901041666667
NM_001178217.1	430	479.81818181818187	435.0	412.05970149253733	443.7	437.01388888888886	443.76744186046517
NM_001178218.2	969	973.2089552238807	973.6363636363636	945.0	952.875	968.3333333333333	960.75
NM_001178221.1	230	222.57471264367817	234.41379310344828	218.96503496503496	216.13114754098362	232.20175438596493	223.3109243697479
NM_001178222.1	229	223.63636363636363	247.20588235294116	227.16216216216216	220.99290780141848	228.76811594202897	230.1754385964912
NM_001178224.1	293	288.7794117647059	290.0980392156863	268.99999999999994	324.76829268292687	288.2142857142857	273.89090909090913
NM_001178225.1	229	224.06976744186048	218.411214953271	230.625	218.2258064516129	262.40000000000003	228.8372093023256
NM_001178227.1	1183	1195.5615141955836	1190.4945652173915	1195.7936507936506	1206.9840764331211	1191.9053627760254	1170.8871794871793
NM_001178239.1	462	460.43457382953176	459.2027290448343	460.1417780360256	452.5136094674556	461.8323529411765	449.60264900662247
NM_001178241.1	99	91.07142857142857	89.3649193548387	90.05016722408027	87.88121990369181	88.32417582417582	89.31095406360424
NM_001178242.1	126	114.39795918367348	113.36842105263159	116.10382255781029	111.64317617866006	114.22106986899563	117.42384105960264
NM_001178243.1	127	117.7184247538678	116.76682926829268	122.61904761904762	115.80928074245939	121.08497568466855	123.40936309199782
NM_001178244.1	2488	2551.3653846153848	2558.769230769231	2536.3971631205673	2575.8459422283354	2561.7223796033995	2519.3142857142857
NM_001178245.1	971	1025.9166666666667	975.4100000000001	980.8214285714286	954.8916666666668	958.1411764705882	986.4583333333334
NM_001178246.1	175	165.7528735632184	171.80708661417324	178.0081300813008	163.94285714285715	165.76444444444445	168.25714285714287
NM_001178247.1	1239	1243.6839323467232	1241.3493975903614	1250.055737704918	1233.2199389058596	1240.6384120171674	1240.189024390244
NM_001178248.2	835	838.3986486486486	846.4148471615721	836.34375	853.4978165938865	851.1043956043957	855.6422018348624
NM_001178249.1	671	674.3655589123866	685.82	662.5279999999999	659.9724310776942	668.8984615384616	681.4556213017751
NM_001178250.1	275	273.24050632911394	266.6875	260.2962962962963	266.8288288288288	257.0725806451613	256.5777777777778
NM_001178251.1	754	746.0	751.7910447761194	740.0	739.2698412698412	745.0	730.0
NM_001178254.2	889	865.0000000000001	884.2222222222222	906.1904761904764	872.8636363636364	893.2065217391305	864.9999999999999
NM_001178255.1	521	516.4901960784314	523.968992248062	525.4904458598726	530.6949152542372	524.7653631284916	521.85
NM_001178256.1	348	332.7174887892377	336.375	343.6363636363636	346.8705882352941	333.4945054945055	341.56626506024094
NM_001178257.1	1574	1580.6573589296102	1590.8083140877598	1583.1846565566457	1567.5418741511996	1572.0776031434184	1586.3992172211351
NM_001178258.1	128	113.90476190476191	121.33333333333333	122.19999999999999	115.97122302158274	116.0	111.87878787878789
NM_001178260.1	569	555.7920792079208	552.4657534246575	557.7485380116959	573.9380530973451	568.1367924528302	572.2499999999999
NM_001178261.1	139	137.5892857142857	138.79310344827587	135.125	128.37209302325581	129.77064220183487	133.0392156862745
NM_001178262.1	1128	1112.2696629213483	1108.9813874788495	1110.3962920046351	1108.1209406494959	1111.976878612717	1114.1643059490086
NM_001178263.1	863	847.4110275689222	863.5560975609757	855.6688741721855	856.5400696864111	859.554565701559	857.9248120300753
NM_001178264.1	679	689.6425073457394	692.8397070789259	686.3220815752461	682.2000838926174	680.6438679245283	683.2057416267943
NM_001178265.1	140	117.78461538461539	131.06493506493504	121.94871794871796	131.01176470588237	133.6949152542373	118.89999999999999
NM_001178266.1	90	71.28	76.24137931034484	74.75138121546962	72.97797356828194	73.33333333333333	73.66071428571429
NM_001178267.1	184	172.16797965386763	172.6391382405745	175.57506960805313	170.2629944087803	170.51750715701385	174.27463149728473
NM_001178268.1	101	98.66295264623956	102.36038186157518	91.05555555555554	92.46062992125985	95.72972972972973	90.72608695652174
NM_001178270.1	313	304.7307833762413	304.571468453378	307.8955049620549	302.77189163038224	301.51903386715674	306.70338527673294
NM_001178271.1	333	313.9047619047619	312.63529411764705	309.0	325.70270270270277	328.55696202531647	351.9166666666667
NM_001178272.1	376	370.18323586744646	372.1298299845441	369.71069182389937	375.19770773638965	369.421822272216	374.0430528375734
NM_001178273.1	340	334.8440366972477	332.74911660777383	328.9356725146199	339.956678700361	342.66666666666663	324.0509554140127
NM_001178274.1	1508	1489.3	1499.9142091152812	1484.0	1483.9999999999998	1497.25	1491.7696335078535
NM_001178275.1	700	697.125	699.1605995717345	698.5333333333334	697.5609756097562	686.3093681917212	685.2181818181818
NM_001178276.1	252	245.70352941176472	247.35185185185185	252.50814332247555	250.859375	248.98595943837753	244.04692082111436
NM_001178277.1	1020	1012.6555183946488	1016.267441860465	1024.3222748815167	1008.3267326732673	1014.9113924050632	1015.7227722772277
NM_001178278.1	227	215.68749999999997	220.61187214611874	217.60431654676256	219.24	224.112	222.41739130434783
NM_001178279.1	574	568.2515337423313	567.2452407614782	578.0104712041885	563.0345182895414	569.1143497757847	571.118530884808
NM_001178280.1	214	210.77534791252484	209.78512396694217	211.03806228373702	208.06338028169014	216.2627986348123	207.11180124223603
NM_001178281.1	236	221.14880952380952	220.23178016726402	220.28327228327228	218.92995330220145	220.12321562734786	220.06521739130434
NM_001178282.1	634	633.1136738056014	630.1013941698353	621.5718157181572	640.6093189964158	640.0223713646532	622.1999999999999
NM_001178285.1	452	447.2950819672131	444.46153846153845	445.56371490280776	448.1943661971831	443.7447447447447	445.6557610241821
NM_001178286.1	436	434.4727272727273	428.964705882353	442.51851851851853	436.4752475247525	425.2903225806451	434.1505376344086
NM_001178287.1	1376	1369.006289308176	1374.1509654768872	1378.6316480630335	1364.158273381295	1368.8199052132702	1367.849133537207
NM_001178290.1	287	274.89859594383773	271.0056369785795	270.90437158469945	274.82022471910113	271.8430884184309	279.78723404255317
NM_001178291.1	663	665.4413793103447	659.1966637401229	675.5142857142857	654.4500929944204	660.723880597015	671.0800542740841
NM_001178292.1	826	828.2950819672133	813.4571428571429	819.4347826086956	859.9759036144579	857.310344827586	865.3157894736842
NM_001178294.1	520	511.8144927536232	509.9065420560747	524.2085308056871	518.9364161849711	514.2018348623853	507.48148148148147
NM_001178295.1	413	391.0691489361702	396.5533980582524	391.83941605839414	398.15294117647056	395.82456140350877	396.13761467889907
NM_001178296.2	463	464.45747422680415	462.60703205791106	466.78481012658233	467.5013525698828	470.90130151843823	462.4580152671756
NM_001178297.2	203	197.15942028985506	197.76612903225805	213.9609375	195.86231884057972	201.285140562249	202.96062992125985
NM_001178298.1	418	408.80992907801414	406.3599339570721	414.2598105548038	405.4357585139319	401.7496647295485	401.97009674582233
NM_001178299.1	188	164.0	166.6031746031746	164.0	165.56190476190477	164.0	167.72727272727272
NM_001178300.1	682	696.7058823529412	693.0	693.25	698.0521739130435	695.9615384615386	714.7241379310345
NM_001178301.1	691	677.9643835616438	677.672	681.6916299559472	681.2743190661478	687.4023529411766	669.8382978723404
NM_001178303.1	1106	1095.5249999999999	1098.3115577889448	1082.0	1087.5204081632655	1101.6727272727273	1082.0000000000002
NM_001178304.1	256	257.9294117647059	246.68354430379745	245.32057416267943	252.17391304347828	254.42530755711775	250.59233449477352
NM_001178306.1	1143	1153.2551020408164	1156.3	1138.9821428571427	1137.1951219512196	1137.8067226890757	1154.5238095238096
NM_001178307.2	742	724.0336134453781	740.0546075085324	735.9499999999999	749.4661354581674	737.6712328767123	735.0952380952381
NM_001178308.2	321	318.7725563909774	315.74271844660194	311.1850746268656	317.31463748290014	316.2369668246445	317.9032258064516
NM_001178309.1	424	423.6559139784946	422.9665071770335	411.8226600985222	418.8235294117647	414.7727272727273	425.24271844660194
NM_001178312.1	195	184.8835904628331	183.58995154834633	188.9917657822507	185.51412022542266	185.68965851452202	189.41872421453508
NM_001178314.1	350	330.86567164179104	339.8723404255319	333.40909090909093	333.9512195121951	349.566265060241	326.0
NM_001178316.1	1067	1064.7703984819736	1064.2659870250232	1062.1493268053855	1068.6082279520447	1070.4106460244648	1060.900457665904
NM_001178318.1	112	95.03999999999999	100.73684210526316	119.67999999999998	119.16666666666667	101.78313253012047	99.4074074074074
NM_001178319.1	1497	1487.3407510431155	1488.0819112627985	1497.9133192389006	1497.2880698351116	1494.4194630872485	1508.141153081511
NM_001178320.2	536	533.6338028169014	512.0	530.9629629629629	519.7575757575758	512.0	527.5151515151515
NM_001178321.1	363	354.1585365853658	358.37142857142857	356.4967741935484	361.51171875	352.83673469387753	348.48251748251744
NM_001178322.1	453	455.48148148148147	445.9139784946237	437.4117647058823	444.54347826086956	453.9211618257262	451.98214285714283
NM_001178324.2	753	735.5089285714286	752.328	729.0	748.0173913043478	740.9508196721312	729.0000000000001
NM_001178325.1	975	966.7375886524823	970.1243144424133	965.409090909091	954.2793103448276	972.9040307101727	962.412
NM_001178326.1	461	465.75	453.916129032258	452.42352941176466	461.5046728971963	453.3582887700535	465.588785046729
NM_001178327.1	132	120.47715133531158	121.22343149807938	125.90602752729	121.15118715083798	122.72490598785075	123.38896020539153
NM_001178328.2	2782	2758.0	2808.145454545455	2815.4583333333335	2758.0000000000005	2758.0	2758.0
NM_001178329.1	454	437.10743801652893	439.55555555555554	440.2380952380953	444.14473684210526	448.0419580419581	440.75
NM_001178330.1	172	159.2405063291139	165.30994152046782	163.25773195876292	156.36521739130436	161.2934131736527	160.20618556701032
NM_001178331.2	416	407.1140278917145	406.9088524590164	412.09	411.8481012658228	411.71696504688833	410.52880354505174
NM_001178332.1	125	113.13315718323707	114.86847619998004	115.31531232725264	111.79789874733014	111.97983759597857	113.77938607436987
NM_001178333.1	215	212.4978354978355	211.17605633802816	221.15789473684214	201.1715976331361	204.68941979522185	203.14450867052025
NM_001178337.2	749	745.863309352518	744.078947368421	742.6829268292684	754.591836734694	778.5234899328858	732.3979591836736
NM_001178338.1	455	438.18333333333334	439.45098039215685	454.2076923076923	434.15750915750914	443.9624060150376	460.3863636363636
NM_001178339.2	540	531.3231204336554	534.1344809037117	536.682208588957	531.5661698689173	534.7996164908916	526.5267759562842
NM_001178341.1	1112	1103.5428571428572	1103.5428571428572	1095.3513513513515	1096.079207920792	1120.094395280236	1109.3333333333333
NM_001178342.1	210	199.79821958456975	201.70448548812666	200.3076923076923	195.7704280155642	194.38823529411766	200.88
NM_001178343.1	481	459.38020833333337	470.5073891625616	469.6944444444444	459.19711538461536	464.8342857142857	481.8369565217391
NM_001178344.1	1033	1081.9397590361446	1076.5885167464116	1025.5409836065573	1030.1974789915967	1032.6854460093898	1057.8225806451612
NM_001178345.2	1146	1142.944	1140.2934782608695	1167.043795620438	1140.3333333333335	1136.025	1126.2022471910113
NM_001178346.2	1005	1006.1538461538462	994.2567567567569	1011.978947368421	1000.8181818181818	1009.8529411764705	1004.3571428571429
NM_001178347.1	191	173.59210526315792	181.64912280701753	188.20634920634922	178.5972222222222	184.68235294117645	194.83333333333334
NM_001178349.1	775	783.9707317073171	776.314606741573	772.6115107913669	774.1076923076923	784.2546125461255	779.1625
NM_001178350.1	281	290.8157894736842	279.3478260869565	266.1785714285714	284.4325842696629	271.7324840764331	276.037037037037
NM_001178351.1	468	462.8936170212766	476.32183908045977	457.9842519685039	463.38864628820966	476.375	462.49999999999994
NM_001178352.2	428	446.88268156424584	438.6285714285714	454.5	436.2521008403362	428.42790697674417	415.65384615384613
NM_001178353.1	208	188.08888888888887	189.25714285714287	201.25	193.0864197530864	184.0	193.94594594594594
NM_001178354.1	492	495.2093023255814	505.27433628318585	495.52941176470586	502.1605839416058	502.5245901639344	480.64864864864865
NM_001178355.2	731	726.7762237762238	718.4648648648649	707.0	707.0	711.1834319526627	734.9078947368421
NM_001178356.1	543	519.0	558.9230769230769	519.0	519.0	540.0405405405406	536.8965517241379
NM_001178357.1	98	84.38866902728599	83.62643478260868	87.15972473741397	85.31156595191683	86.17562993606619	90.94923258559622
NM_001178358.1	131	114.61232329440689	114.25896934116112	115.51796329800982	114.46656027854344	113.79544426006939	115.79540646721064
NM_001178359.1	282	270.8575700189375	272.324776119403	275.1627475247525	272.9613074726789	272.65438049333716	274.30196208846024
NM_001178362.1	198	185.2258064516129	194.9009009009009	203.82857142857142	196.22429906542055	198.9485294117647	200.76923076923075
NM_001178363.1	592	589.6916548797736	594.234156820623	585.4233128834356	592.5091693635383	592.5661861074706	588.8339768339769
NM_001178364.1	123	108.87983706720978	109.42105263157895	108.68936170212766	109.42105263157895	111.01538461538462	104.3625
NM_001178365.1	913	914.8215767634855	916.2142857142858	918.2099999999999	914.1372413793104	904.9137510170871	908.7830319888735
NM_001178369.1	628	615.0825688073394	614.8502994011975	612.6285714285714	615.1851851851852	628.6530612244898	631.4545454545454
NM_001178370.1	172	156.22222222222223	156.22222222222223	159.74603174603175	165.18709677419352	167.5702479338843	170.76923076923077
NM_001178371.1	1160	1180.05540166205	1171.381535038932	1182.119658119658	1162.6340468909277	1177.5149501661128	1196.7216035634744
NM_001178372.1	296	304.1720430107527	296.2376237623762	295.0508474576271	303.16666666666663	294.05405405405406	284.6511627906977
NM_001178373.1	389	382.49111145462973	381.797434930215	383.59872611464965	381.46069515385574	382.54611514812746	381.079295154185
NM_001178374.1	375	370.9756097560976	371.6774668630338	396.78260869565213	367.3436807095344	368.4604591836735	381.83720930232556
NM_001178376.1	520	503.11961722488036	511.5	539.8938053097345	517.4615384615385	508.0388349514563	522.1052631578948
NM_001178377.1	452	453.5406871609403	448.6906077348066	445.9329608938547	443.85185185185185	448.48547008547007	446.03370786516854
NM_001178378.1	547	559.2475247524752	553.5401459854014	548.3064516129032	540.5307262569833	544.2848837209301	544.3469387755102
NM_001178379.1	357	349.42607845874636	347.8101578586136	353.9078299196267	347.8573964209298	348.24921024033966	354.5538047836958
NM_001178382.1	343	332.19172932330827	340.78046218487395	328.45185185185187	338.5226438188495	341.07462686567163	343.80345572354213
NM_001178383.1	223	224.64600326264275	216.75972540045765	223.87499999999997	215.64736164736166	216.4661870503597	219.8583569405099
NM_001178384.1	405	411.26635514018693	407.6034912718204	422.5790645879733	408.1485507246377	416.9956395348837	419.17791411042947
NM_001178385.1	290	283.16129032258067	273.35483870967744	287.6511627906977	282.26200873362444	280.5753424657534	289.963963963964
NM_001178386.1	958	961.7236438075743	962.8552845528455	961.0034013605442	961.839046199702	956.2192013593883	965.9197622585439
NM_001178387.1	306	304.05151793928246	302.9311740890688	301.6	294.7515592515593	298.9624060150376	297.90225563909775
NM_001178389.1	664	718.5066666666667	673.6210131332083	674.7286821705426	681.009708737864	669.4560669456067	668.2993197278912
NM_001178390.1	392	405.42372881355936	398.8724832214765	383.2426035502959	409.81818181818187	427.86602870813397	414.3622047244095
NM_001178391.2	684	660.0	683.5714285714286	660.0	680.0	670.6451612903227	660.0
NM_001178392.2	567	623.4444444444445	559.7076923076924	543.0	574.3269230769231	590.6315789473684	542.9999999999999
NM_001178394.1	329	327.46124031007747	334.2215568862276	346.59090909090907	331.04683195592287	320.7121212121212	334.57575757575756
NM_001178395.1	170	159.77358490566036	162.84615384615387	160.2439024390244	154.11111111111111	153.68421052631578	150.2941176470588
NM_001178396.1	151	135.00181749337372	135.7611641713991	135.79142451246287	134.87518832765045	137.40950244371444	136.1404330017554
NM_001178397.1	805	788.4776595744681	787.4492155243599	796.7777777777777	789.3849693251534	796.313725490196	790.6590106007068
NM_001178400.1	205	196.40425531914894	205.1597374179431	198.72027972027973	200.50554675118858	201.72053872053874	200.98051948051946
NM_001178401.1	353	346.1039755351682	352.15776699029124	348.27196652719664	345.83858267716533	354.0807174887892	355.20353982300884
NM_001178402.1	339	519.9029126213592	505.7412060301508	372.0135746606335	621.3461538461538	794.8598130841121	356.7469879518072
NM_001178403.1	894	903.0379746835442	905.054945054945	882.8888888888889	900.9608540925267	894.739336492891	870.0
NM_001178404.1	496	494.0560747663552	503.7692307692308	493.1659192825112	489.55798687089714	488.6981132075472	479.8666666666667
NM_001178405.1	361	363.50561797752806	354.8089430894309	351.65217391304344	357.22	345.60425531914893	342.91228070175436
NM_001178406.1	776	783.3333333333334	764.9655172413793	773.1020408163265	777.035758323058	767.625974025974	776.7717647058824
NM_001178407.1	1103	1082.6638370118847	1088.3962264150944	1108.005376344086	1093.5508298755187	1088.301724137931	1102.9246119733925
NM_001178408.1	615	644.4414893617021	621.732	637.9047619047619	627.9375	669.8	664.875
NM_001178409.3	305	293.36070381231673	291.64393939393943	303.25742574257424	292.82425742574253	295.2754010695187	291.6902173913044
NM_001178410.1	175	165.43382352941174	160.4375	165.01030927835052	166.93467336683418	159.11157024793388	166.40816326530611
NM_001178413.3	359	398.95454545454544	388.2954545454545	387.89473684210526	358.10344827586204	378.5772357723577	354.4202898550725
NM_001178414.1	215	195.98260869565217	208.64673913043478	203.87640449438203	200.0236220472441	212.4051724137931	213.03846153846152
NM_001178415.1	205	194.59249033683048	194.4988631195998	197.23027259684363	193.2616532007458	194.56414868105517	196.9407526020817
NM_001178416.4	604	613.1763122476447	602.7075471698113	599.8190954773869	603.3443102817416	607.8496868475992	608.2813749000799
NM_001178418.1	232	223.84761904761905	227.177304964539	218.14634146341464	221.86666666666667	216.52459016393442	229.51724137931035
NM_001178419.3	206	190.66666666666666	189.91304347826087	211.44117647058823	190.22289156626508	185.08474576271186	201.0987654320988
NM_001178420.1	209	205.55555555555557	214.6	204.68085106382978	200.41666666666666	205.6907894736842	202.07692307692307
NM_001178421.4	953	938.0369649805448	934.4566813509546	939.5568181818181	933.5206812652068	931.5734072022161	933.351288056206
NM_001178422.2	971	988.7596017069701	986.8170454545455	973.9289099526068	983.896103896104	988.6568914956013	987.5857142857144
NM_001178425.3	157	146.61417322834646	143.33009708737865	155.67045454545456	149.2030456852792	157.77450980392157	146.1358024691358
NM_001178426.2	424	417.62490584986193	417.51128696799066	424.81058692797257	416.9077306733167	416.86475001659915	422.2222222222222
NM_001178427.1	959	949.7399999999999	952.64859437751	953.9720520673814	950.3498871331828	950.4687500000001	950.6150712830957
NM_001178428.3	753	760.6719101123596	750.177653631285	748.2475247524752	753.05428419372	752.6148770245951	746.9262295081968
NM_001178429.1	1327	1337.9463601532566	1371.156923076923	1435.6407185628743	1383.3907455012854	1382.349358974359	1391.3389830508474
NM_001178430.1	143	133.2530487804878	135.20900562851784	134.9176848874598	135.06273764258555	135.3089430894309	132.4670781893004
NM_001178431.3	481	472.2842809364549	469.82164328657313	459.2401960784314	466.0271604938271	465.9108635097493	470.4978902953586
NM_001178432.1	970	949.109569028488	953.1021021021021	953.3596648713346	950.9483076923077	952.5456342668864	957.6942094990239
NM_001178433.3	302	299.62222222222226	314.037037037037	289.5833333333333	291.1132075471698	302.17391304347825	297.85714285714283
NM_001178434.1	941	938.5089913995308	938.4252336448598	944.0590163934427	937.2747946936198	936.0904522613065	946.374651810585
NM_001178435.3	349	342.1654929577465	353.5410764872521	356.3451776649746	350.4518072289157	358.3609271523179	350.32467532467535
NM_001178436.1	253	254.44444444444446	264.4549310710498	260.63505154639176	262.62593783494106	257.19593147751607	259.73534971644614
NM_001178438.4	117	97.34	98.47058823529412	104.34146341463413	99.23463687150837	95.87628865979381	103.33333333333334
NM_001178439.1	104	91.72413793103449	106.06741573033707	88.42105263157895	99.99999999999999	96.29629629629629	104.28571428571429
NM_001178440.1	462	455.1534334763948	461.4150943396226	463.4012539184953	454.58171745152356	461.47476552032157	457.3506311360449
NM_001178441.3	462	455.9794754846066	449.2094786729858	450.9721254355401	440.8318965517241	444.7644787644788	438.0
NM_001178442.2	748	748.2066869300912	781.5140186915887	775.4691943127962	742.3291139240505	756.6126126126126	741.6585365853657
NM_001178443.1	425	416.18939393939394	410.82843137254906	435.49462365591404	411.46086956521737	409.1421319796954	429.64285714285717
NM_001178444.3	225	251.77894736842106	247.5313092979127	236.56153846153845	241.0530164533821	250.9157427937916	228.67391304347828
NM_001178445.2	1449	1447.8	1491.279069767442	1451.1467889908256	1441.9642857142858	1456.9029850746267	1425.0
NM_001178446.1	686	662.0000000000001	700.9411764705883	703.375	680.6478873239437	672.5079365079365	729.8974358974359
NM_001178449.3	285	269.8801775147929	276.53948967193196	276.3923076923077	279.94900605012964	275.4856293359762	271.44
NM_001178450.1	748	729.153024911032	736.575682382134	749.725888324873	729.5692307692307	731.115479115479	737.7904761904763
NM_001178451.1	530	528.4888888888888	535.0804597701149	510.6000000000001	542.6666666666666	535.6063829787233	521.0297029702971
NM_001178452.3	324	309.8130841121495	331.0344827586207	331.5789473684211	312.34567901234567	319.71830985915494	307.7586206896552
NM_001178453.1	357	337.0609756097561	333.0	338.12307692307695	358.1848739495798	344.1	349.11290322580646
NM_001178454.1	183	177.36713686618376	171.20458715596328	174.48817567567568	173.65522560740456	174.63510767980495	176.84262948207174
NM_001178456.2	942	927.5625	945.2918918918919	948.1973684210527	934.0649999999999	929.1951219512194	928.1999999999999
NM_001178457.1	142	134.98987626546682	132.19420289855074	128.12064090480678	128.64878048780488	134.7866108786611	131.59447004608296
NM_001178458.3	444	425.50218340611355	436.2057877813504	429.7674418604651	441.16710875331563	432.3529411764706	442.6347305389222
NM_001178459.1	226	205.32826362484158	205.636	203.69392033542977	205.18423645320198	207.13370165745857	203.94980694980694
NM_001178460.3	961	961.9866666666667	951.7627432808155	952.3886861313869	956.5740236148954	956.4982658959538	965.022429906542
NM_001178462.1	785	761.0	768.6099999999999	761.0	781.7545454545455	769.5505617977528	761.0
NM_001178463.1	1387	1392.6411743385286	1391.9652798563304	1391.5532963647565	1382.674962667994	1393.1435426663886	1387.6182702327199
NM_001178466.1	453	446.13637025178286	445.73545814493764	447.84977891991986	440.2914596732201	444.08483720930235	443.8633410811133
NM_001178467.1	293	269.0	277.319587628866	268.99999999999994	286.93333333333334	272.2023809523809	286.17021276595744
NM_001178468.3	157	155.70731707317074	150.41666666666669	155.16666666666669	148.8019801980198	144.21686746987953	141.48936170212767
NM_001178469.2	662	655.6963503649635	656.4601959583589	658.9440000000001	659.5269930947896	657.2915766738661	659.6304821150856
NM_001178470.1	172	159.2227488151659	167.66051660516604	175.26315789473685	158.21904761904764	164.27491408934708	161.6196319018405
NM_001178471.3	644	643.1775700934579	634.0909090909091	620.0	634.3352601156068	631.6104868913858	637.4647887323944
NM_001178473.1	388	385.89473684210526	370.5389221556887	382.2	381.5845410628019	387.2694063926941	382.2
NM_001178474.1	490	485.1645021645022	482.40111731843575	482.1533613445378	481.16315307057744	481.2572497661366	481.87734241908004
NM_001178475.3	512	504.4733915806195	504.6462222222222	504.7387862796834	505.0086058519793	504.85704282880147	508.17571059431526
NM_001178477.1	323	309.0504201680672	309.3103448275862	341.11267605633805	311.5747663551402	319.62068965517244	303.15277777777777
NM_001178478.3	420	408.0664819944598	407.33742331288346	403.16742081447967	402.49180327868845	407.2401746724891	409.5965665236052
NM_001178479.3	699	703.125	719.4078947368421	690.6976744186046	710.5263157894736	682.6704545454546	710.5263157894738
NM_001178480.1	591	575.2173913043479	583.2	576.3719008264463	577.5	578.7512953367876	588.0
NM_001178481.1	822	824.9855072463768	809.1999999999999	809.1608391608393	810.7171314741036	815.4235807860262	819.0
NM_001178483.3	145	136.8978102189781	135.87704918032787	137.66467065868264	127.82758620689656	133.61237785016286	128.35810810810813
NM_001178484.3	2363	2338.9999999999995	2389.4820143884895	2403.972222222222	2427.2641509433965	2391.7593984962405	2407.794117647059
NM_001178485.2	174	160.0	163.33333333333334	158.75912408759123	161.23778501628664	160.94890510948906	164.61038961038963
NM_001178486.2	519	504.8019801980198	495.00000000000006	508.943661971831	498.19354838709677	517.7064220183486	510.96774193548384
NM_001178487.3	503	500.5501022494887	506.1132075471698	511.5665722379604	501.44103392568655	499.2280405405406	505.01975308641977
NM_001178488.3	3087	3089.1236673773988	3100.9486725663714	3131.9421221864955	3090.1061946902655	3119.3310344827587	3083.0196078431372
NM_001178489.2	332	311.049504950495	327.96296296296293	335.5820895522388	322.9032258064516	313.811320754717	318.74418604651163
NM_001178490.1	768	768.9984	762.6934673366835	754.4299065420561	766.1813664596273	781.1999999999999	770.9321266968326
NM_001178491.3	432	425.18545454545455	426.8205841446453	423.7580269892973	426.2832281922993	426.79148936170213	423.4745605920444
NM_001178493.3	346	322.00000000000006	343.8305084745762	337.33333333333337	337.7843137254902	340.40000000000003	322.0
NM_001178494.1	273	259.53461538461534	267.82474226804123	276.6666666666667	262.8333333333333	261.0	279.6986301369863
NM_001178497.3	339	336.8478260869565	336.0	337.6578947368421	333.0850290697675	340.06012950971325	337.60765550239233
NM_001178498.1	1089	1121.6489361702127	1079.0131578947369	1113.409090909091	1091.404958677686	1074.0254237288134	1136.0
NM_001178499.1	311	305.22964169381106	298.4182795698925	298.6443914081146	301.0325960419092	302.81889763779526	300.5235602094241
NM_001178500.3	286	282.15384615384613	279.012987012987	276.16216216216213	265.0823529411765	272.2745098039216	284.7826086956522
NM_001178501.3	239	218.52459016393442	248.72549019607843	224.34782608695653	217.55952380952382	225.48780487804876	236.5
NM_001178502.1	210	203.60826985854192	207.07810107197548	197.93305439330544	199.45101088646967	201.7744641192917	196.5645438898451
NM_001178503.1	380	366.297520661157	369.56190476190477	365.6542372881356	367.61500815660685	362.4376130198915	375.2432432432432
NM_001178504.3	693	706.1666666666667	673.8478260869565	705.6575342465754	676.1935483870967	693.9626865671642	677.92
NM_001178505.3	250	252.98507462686567	231.55737704918033	265.30434782608694	242.6526315789474	236.39080459770116	252.58823529411762
NM_001178506.1	544	536.6329966329967	543.0645161290322	537.4789915966386	534.8958333333333	545.9618208516887	539.3788819875776
NM_001178507.1	342	336.2600216684724	339.48994368463394	336.1335187760779	335.18104265402843	342.335056876939	338.32330827067665
NM_001178508.3	293	281.65882352941173	277.1163793103448	279.2476190476191	279.2476190476191	289.15762273901805	282.6990740740741
NM_001178509.3	371	353.8712871287129	370.2743902439024	371.7857142857142	366.9098360655738	364.7040816326531	357.05797101449275
NM_001178510.1	450	447.1384615384615	449.14879649890594	451.58299595141705	446.1845386533666	449.218009478673	447.7184284377923
NM_001178512.3	178	173.12633832976445	178.30232558139537	173.13043478260872	180.96142433234422	176.19213973799128	165.63020833333334
NM_001178513.1	272	288.2162162162162	261.4573643410853	258.7826086956522	268.2074074074074	287.68	253.3913043478261
NM_001178514.1	447	443.08308605341244	445.2163865546218	432.22909090909087	445.31208791208786	445.92682926829264	431.70370370370364
NM_001178515.3	135	129.84905660377356	124.63157894736842	136.22727272727272	120.38028169014083	115.26923076923077	119.22222222222221
NM_001178517.1	688	691.0407239819006	690.179211469534	694.0112994350283	675.7869822485208	682.8636363636363	686.3820224719101
NM_001178518.1	575	572.1923076923077	573.4244186046511	581.1642335766423	572.75	575.7126245847177	560.3389830508474
NM_001178519.3	201	193.05442176870747	193.69268292682926	187.37785016286645	191.80694980694983	195.46709470304975	186.83333333333334
NM_001178520.3	735	734.8768656716418	726.7003154574134	718.5105633802817	720.7034739454094	733.5714285714286	723.8882175226587
NM_001178521.1	143	141.5009746588694	140.11608623548923	150.2062937062937	141.49751243781097	141.68705035971223	152.36824324324326
NM_001178523.1	310	306.22222222222223	306.592	303.2289156626506	293.9078341013825	299.61904761904765	298.7111111111111
NM_001178524.3	307	314.2515337423313	313.59459459459464	316.29411764705884	304.49367088607596	319.16111111111115	308.21782178217825
NM_001178525.3	446	444.9106830122592	439.4893048128342	445.8051282051282	442.87632508833923	449.29353233830847	443.7858508604206
NM_001178527.1	850	830.4891304347825	847.1021897810218	831.9855072463768	832.8833333333334	855.4999999999999	856.5925925925926
NM_001178529.3	231	215.03719976567075	215.56411098341817	220.54616200919702	215.18771579138652	215.91425557083025	221.2740978744439
NM_001178533.3	273	277.08270676691734	261.1463414634146	274.53846153846155	268.0561224489796	265.20710059171597	275.0581395348837
NM_001178535.1	275	275.03191489361706	273.52934407364785	273.67436974789916	266.751012145749	272.61131611316114	273.3851992409867
NM_001178536.3	135	125.23076923076923	127.53191489361703	126.48837209302326	128.0769230769231	131.04166666666666	135.66666666666666
NM_001178537.3	190	185.6093461997181	182.44424266009426	181.04840697060376	180.7805597823581	183.61713070570198	180.12765957446808
NM_001178539.1	155	154.56853073555706	153.50754905571046	150.31445808636747	149.33273012426108	151.8285914327541	149.8773877745941
NM_001178540.1	372	369.90209790209786	365.84615384615387	368.6732673267327	367.4232558139535	368.59171597633133	361.78217821782175
NM_001178541.3	218	210.0	211.16814159292034	216.4927536231884	210.5811965811966	195.76363636363638	224.79365079365078
NM_001178543.1	417	419.20000000000005	431.03225806451616	437.6590909090909	420.10344827586204	408.8467741935484	417.873417721519
NM_001178544.1	549	546.7078773487507	545.7098334931567	541.7540550735572	546.7610472426801	548.3166189111748	540.1922781700952
NM_001178545.1	212	191.83673469387753	193.42307692307693	196.74418604651163	206.6138613861386	195.5959595959596	199.56923076923076
NM_001178546.1	793	780.7504244482174	780.4264487369985	796.3754045307444	780.0647482014389	796.9636363636363	793.5425531914892
NM_001178547.3	459	496.0691144708423	482.10659898477155	493.17629179331306	470.68885448916404	479.0712945590994	489.1814946619217
NM_001178548.3	546	532.8	536.6218487394958	542.0769230769231	537.731506849315	544.2127659574468	540.5325443786982
NM_001178549.1	206	202.60377358490564	205.11111111111111	193.14285714285717	194.81690140845072	195.38235294117646	201.5
NM_001178550.4	840	840.1420118343195	856.4210526315791	840.3913043478261	838.0540540540541	844.6076794657764	849.7988165680473
NM_001178552.2	370	365.22222222222223	367.7762237762238	377.81609195402297	385.06451612903226	365.8524590163935	372.961038961039
NM_001178553.3	399	394.49152542372883	392.2287390029325	393.75	389.454845814978	392.9425837320574	383.0789946140036
NM_001178555.4	460	478.15105740181275	459.8904109589041	461.1538461538462	478.1935483870967	458.5322997416021	475.26066350710903
NM_001178556.1	1830	1868.5841584158416	1846.6756756756756	1830.4054054054052	1824.6666666666667	1832.269090909091	1815.5555555555554
NM_001178558.1	137	139.1684210526316	138.48039215686276	142.91176470588235	130.46363636363637	144.10091743119267	135.6
NM_001178559.3	319	347.27848101265823	307.82608695652175	299.53846153846155	305.17241379310343	297.02054794520546	299.7580645161291
NM_001178560.3	667	646.4081272084806	646.6848137535816	660.8611111111111	660.7937106918239	655.5726256983241	649.1238095238095
NM_001178561.1	269	248.5	252.13592233009712	245.0	249.45454545454544	248.10126582278482	256.66666666666663
NM_001178562.1	522	528.8041237113401	502.2931034482759	525.4488188976378	506.68604651162786	508.0	517.7880794701987
NM_001178563.3	620	607.3523809523809	604.7390029325513	609.96875	601.3532934131736	602.7218045112782	599.8205128205128
NM_001178564.3	669	666.0	676.5918367346939	658.2534246575342	664.3258426966293	681.9383259911895	673.5398230088495
NM_001178566.1	1175	1183.8305369127515	1181.2468324730173	1167.5083665338645	1177.6298200514138	1176.0454115421003	1168.1223140495867
NM_001178568.3	555	553.5424528301886	557.8181818181819	558.5844155844156	548.4098360655738	548.2883720930232	545.0662251655629
NM_001178569.1	361	366.141045349731	361.19539533474705	369.0234768026831	357.5572309801234	364.0361581920904	367.42936117936114
NM_001178570.3	538	540.1355932203389	535.5162790697674	546.6170678336981	535.0871794871795	542.5149359886202	539.8122270742358
NM_001178573.1	895	886.9816513761467	876.2787878787879	871.0	882.2387096774194	883.7153284671533	897.3939393939394
NM_001178575.1	515	511.5439330543933	538.7626459143969	497.3354838709677	534.2080000000001	513.5983263598326	518.2777777777777
NM_001178577.3	949	944.2708333333333	955.2923976608188	959.1106290672451	948.2041049030787	945.0120192307692	951.4867841409692
NM_001178578.1	129	121.7827868852459	117.91798107255521	130.31914893617022	116.55963302752293	115.0	119.41176470588236
NM_001178579.3	298	291.30526315789473	288.530303030303	289.2222222222222	295.0769230769231	289.50943396226415	292.7671232876712
NM_001178581.3	408	399.36	421.3621621621622	417.0322580645161	401.86046511627904	415.2888888888889	419.3684210526316
NM_001178582.1	379	371.74528301886795	369.1785983421251	371.3521545319465	365.20848310567936	366.6584564860427	372.8263988522238
NM_001178583.3	1115	1121.446511627907	1103.444866920152	1132.6942675159237	1102.8158844765344	1105.9452054794522	1117.827868852459
NM_001178584.3	431	424.51986754966885	425.3954802259887	423.3892617449665	436.5075	416.63947368421054	428.54705882352937
NM_001178585.1	844	820.0	840.0	834.1379310344828	825.8992805755395	827.3214285714286	833.6666666666667
NM_001178586.1	726	746.9451219512194	733.8186968838528	735.2526315789473	728.606413994169	727.5695364238411	733.2993630573249
NM_001178587.3	524	533.8983050847457	525.4237288135594	511.1111111111111	500.00000000000006	508.4745762711865	500.0
NM_001178589.1	483	477.86301369863014	478.9565217391305	490.2954545454545	491.27343749999994	472.2403846153846	477.1184210526316
NM_001178590.1	233	223.22513089005236	221.0576923076923	217.42741935483872	223.10970464135022	231.3621399176955	217.03846153846155
NM_001178591.3	443	438.76415094339626	440.1616161616162	454.40845070422534	433.9262086513995	432.7172619047619	442.045
NM_001178592.3	157	146.09326424870466	149.78120805369127	143.85714285714286	151.65694444444446	155.72361809045228	146.90243902439025
NM_001178593.1	1124	1108.1683168316831	1109.3788063337395	1102.8608582574773	1103.5617916891526	1102.1625163827	1111.0614525139665
NM_001178594.1	382	377.45652173913044	386.8968609865471	392.7313432835821	379.5338345864661	387.8333333333333	400.11764705882354
NM_001178595.3	478	476.3675099866844	488.6768507638073	480.02547770700636	480.0	489.4863523573201	495.2727272727273
NM_001178596.3	547	542.2751842751843	541.7801958650708	551.6430020283976	536.8713163064832	540.2228320526893	546.4483430799221
NM_001178597.1	365	353.3207337409672	353.4855399310162	354.69477911646584	352.10232558139535	351.7985097795716	356.0161649944259
NM_001178599.3	302	293.51627906976745	325.88516746411483	316.8811188811189	297.85714285714283	302.46400000000006	304.4761904761905
NM_001178600.3	142	123.87649402390437	127.83333333333334	127.07692307692307	125.465306122449	126.46521739130435	133.28057553956836
NM_001178601.1	116	96.18181818181819	106.05555555555554	111.71428571428572	103.32307692307691	96.0	109.88888888888889
NM_001178602.1	170	165.55357142857144	157.54802259887006	156.30588235294118	158.2202643171806	155.46296296296296	161.10344827586206
NM_001178603.3	689	665.0	695.9302325581394	707.4468085106383	689.4485294117648	665.0	697.7049180327868
NM_001178604.1	233	229.16666666666669	226.1214689265537	232.75	222.17608695652174	226.6881959910913	239.30499999999998
NM_001178605.1	274	278.40909090909093	272.3880597014925	268.1818181818182	271.2765957446809	305.55555555555554	304.3478260869565
NM_001178608.1	661	636.9999999999999	650.3823529411765	667.8225806451612	647.5813953488373	652.7933884297521	659.6153846153846
NM_001178609.1	227	220.67696629213484	209.76666666666665	212.70220588235296	216.378223495702	210.13243243243244	219.35545023696685
NM_001178610.3	101	84.9655172413793	88.0	90.32692307692308	93.84375	95.7	87.36538461538461
NM_001178611.3	485	472.76944226237237	472.7891066090999	470.2919375812744	477.59749190938516	476.4089657884389	477.3185840707965
NM_001178612.1	194	176.45569620253164	182.5925925925926	189.15492957746477	181.76100628930817	179.0151515151515	187.00000000000003
NM_001178613.2	315	320.1	321.0442477876106	310.61797752808985	315.1828254847645	315.056	316.7237569060773
NM_001178615.4	388	391.2599118942731	377.2708333333333	380.20547945205476	379.0736196319018	383.7089678510998	382.970684039088
NM_001178616.3	100	92.1967213114754	96.8095238095238	101.0	95.6244131455399	95.0	87.1076923076923
NM_001178617.1	133	160.59333333333333	145.51231527093597	154.62790697674419	130.69907407407408	140.59420289855072	144.03571428571428
NM_001178619.3	414	429.1959798994975	420.31088082901556	397.2222222222222	408.30324909747293	416.0	412.56198347107437
NM_001178620.3	475	486.31927710843377	475.94893617021273	467.2230215827338	454.77405857740587	472.27358490566036	474.7368421052632
NM_001178621.1	431	419.1657608695652	423.12820512820514	412.6790697674419	419.3911007025761	422.53435114503816	426.4840425531915
NM_001178622.1	522	507.5769230769231	521.904	521.7142857142858	507.89403973509934	517.1538461538461	510.2962962962963
NM_001178623.4	1911	1955.1227436823103	1921.1317829457366	1974.092307692308	1921.7605263157893	1928.4075235109717	1935.6967741935484
NM_001178624.3	802	777.9999999999999	792.9615384615386	778.0	784.8849557522125	785.4807692307693	778.0
NM_001178626.1	196	181.2142857142857	187.816091954023	192.23529411764707	187.50819672131146	193.95744680851067	178.88
NM_001178627.1	440	440.6684636118598	433.30198915009044	439.1111111111111	438.69090909090914	434.37751004016064	436.79999999999995
NM_001178628.3	632	664.2962962962963	608.0	722.0000000000001	637.9016393442622	620.8000000000001	635.2238805970148
NM_001178629.3	873	886.64039408867	889.2687747035573	871.596958174905	878.9060665362035	871.8037190082644	863.7012987012987
NM_001178630.1	141	141.67968749999997	138.66666666666666	139.55421686746988	137.22897196261684	138.13548387096776	147.33333333333331
NM_001178631.1	485	496.1296791443851	487.99482368165644	487.1539900249377	487.0841395485195	490.3554256010396	490.6436298076923
NM_001178634.1	532	522.2765680253117	525.377590955211	525.6431137724551	524.0537094805371	522.104858957318	523.6699182704983
NM_001178635.1	422	433.83279742765274	435.34320987654326	420.3177570093458	426.5988023952096	426.6143790849673	418.94736842105266
NM_001178636.4	478	484.9851632047478	485.35038363171356	491.83333333333337	474.3283582089552	473.82988505747124	472.07964601769913
NM_001178637.4	900	879.1970802919708	890.3606557377049	876.0	883.9276018099547	881.4409937888199	890.2826086956522
NM_001178638.1	316	315.6756756756756	327.52851711026614	361.40983606557376	324.44444444444446	341.01428571428573	336.75912408759126
NM_001178639.1	294	308.1818181818182	307.5	280.188679245283	291.144578313253	309.76744186046506	295.8904109589041
NM_001178643.2	1211	1227.9310344827586	1228.6491228070174	1187.0000000000002	1208.1964285714284	1202.4155844155846	1235.4489795918366
NM_001178644.1	569	568.695652173913	589.6721311475409	567.7083333333333	555.2830188679245	583.9285714285714	613.125
NM_001178650.1	374	362.23776223776224	360.6707317073171	370.5882352941177	360.88082901554407	356.25	382.4742268041237
NM_001178651.1	183	175.63953488372093	176.72292993630572	175.31964809384164	170.18482758620692	170.39685314685315	172.60176991150442
NM_001178652.2	258	251.01818181818183	242.25882352941176	258.89361702127655	244.17391304347825	261.52941176470586	251.33333333333331
NM_001178654.1	251	252.22222222222226	250.0289855072464	255.375	237.01470588235296	243.44927536231887	251.14893617021275
NM_001178657.1	380	369.48484848484844	368.79041916167665	359.3271028037383	363.6972972972973	365.687074829932	359.2072072072072
NM_001178658.1	304	288.79800498753116	291.647634584013	290.27522935779814	286.68721109399075	290.5559786747906	289.03786468032274
NM_001178659.1	254	268.33333333333337	255.0909090909091	244.22680412371133	245.77142857142857	248.64864864864867	258.42696629213486
NM_001178660.1	422	428.21122112211225	417.97007042253523	417.0373692077728	425.1889534883721	419.3691275167785	416.92507204610956
NM_001178662.1	1631	1658.131818181818	1640.1603174603174	1630.719557195572	1618.2377622377624	1623.7686956521738	1626.8395061728395
NM_001178663.1	375	370.1454545454546	383.2758620689655	351.0	366.26086956521743	379.9816513761467	373.2857142857143
NM_001178664.1	492	485.40301507537686	487.71701112877577	493.1462686567164	490.1924686192468	488.6226012793177	479.73087071240104
NM_001178670.1	1032	1039.2558139534885	1016.9599999999999	1033.8461538461538	1013.3052631578948	1029.1468531468531	1029.2210526315791
NM_001178671.1	628	617.1781818181818	612.7220216606498	620.1066666666666	628.8705882352941	615.1029411764705	632.0
NM_001178672.1	507	503.7	506.6764705882353	520.8823529411765	495.3846153846154	507.860294117647	489.7083333333333
NM_001178673.1	400	395.4962962962963	390.66666666666663	399.734219269103	388.3118503118503	388.8327645051194	391.5094760312152
NM_001178674.1	435	413.4176470588235	442.76811594202894	414.425	420.23595505617976	423.37951807228916	424.1170212765957
NM_001178675.1	794	795.2414522382799	795.237945162307	798.0108359133127	792.1474448478078	795.9784075573549	799.3937125748504
NM_001178676.1	292	293.97635933806146	295.53039832285117	300.7328244274809	283.3659359190557	299.04247104247105	292.12
NM_001178677.1	341	324.0444444444444	334.13513513513516	330.78260869565213	328.05813953488376	330.027397260274	336.2121212121212
NM_001178678.1	163	147.49444444444444	143.94466403162056	146.94285714285715	143.1839464882943	144.0966666666667	145.5497382198953
NM_001178679.1	349	365.0974025974026	363.882618510158	349.02173913043475	347.77777777777777	348.0410447761194	348.2899022801303
NM_001178680.1	105	101.8	98.859375	104.2258064516129	97.6801872074883	100.08305084745763	95.32475884244373
NM_001178681.1	561	562.5714285714286	569.9736842105262	561.7846153846154	547.2611464968153	558.1973684210526	580.3939393939394
NM_001178682.1	429	423.121525019857	418.158525948539	416.98125	414.8973607038123	415.04306969459674	415.75382538253825
NM_001178683.1	523	510.3409090909091	510.4712643678161	498.99999999999994	524.5170454545454	520.5617283950617	504.80232558139534
NM_001178684.1	740	716.0	736.7536231884058	732.6511627906978	729.1779141104295	726.0845070422534	733.9000000000001
NM_001178685.1	495	484.47088866189983	484.364263803681	484.0262008733625	482.06647564469915	486.6498402555911	484.53716551040634
NM_001178687.1	114	123.75	112.5	107.5	115.3125	106.3157894736842	121.62162162162163
NM_001178688.1	517	511.0554586675968	512.0794431554524	514.5508321636254	508.7635851557323	505.48628113127904	510.9451697127937
NM_001178689.1	412	395.76	407.40000000000003	402.9230769230769	400.5974025974026	395.76	392.3841807909605
NM_001178690.1	755	747.6346396965865	757.5095194922937	759.8011257035647	746.2822299651567	751.7284005316792	750.5522001725625
NM_001178692.1	253	261.4056603773585	275.15503875968994	248.91304347826087	302.48507462686564	320.59999999999997	265.5072463768116
NM_001178694.1	307	298.943661971831	303.4226804123711	307.3965517241379	298.848	314.44444444444446	292.43333333333334
NM_001178695.1	316	304.30235439900866	308.9613913043478	313.40640569395015	304.3769155526573	306.0306406685237	305.7480106100796
NM_001178696.1	578	578.0869565217391	571.3125	647.8983050847457	581.2906403940887	578.7006369426751	581.4257425742574
NM_001178697.1	411	413.6896551724138	420.8625	398.96907216494844	403.31927710843377	420.0986842105263	416.4857142857143
NM_001178698.1	836	837.9148936170212	833.3684210526317	832.0611764705882	836.9351163942545	827.980319803198	841.3936651583712
NM_001178699.1	330	313.7664974619289	313.93333333333334	314.3265306122449	310.16893732970027	311.4642857142857	315.51295336787564
NM_001178701.1	707	690.0018639328985	689.9599184782609	688.522911051213	691.6374707259953	690.4685620557682	693.6303501945525
NM_001178703.1	311	302.6953125	306.88576779026215	304.3014184397163	308.4425287356322	300.2903629536921	307.3959390862944
NM_001178704.1	1091	1081.1637168141594	1088.462643678161	1104.836879432624	1082.5087209302326	1075.3359375	1108.6796875
NM_001178705.1	418	413.8417266187051	415.29729729729723	404.1896551724138	414.8741721854305	399.2885906040268	408.24096385542174
NM_001178706.1	355	350.8750405712431	353.6450851900393	354.70004837929366	351.0182841068917	353.71670322782825	347.79701492537316
NM_001178715.1	317	312.84977908689245	316.0848484848485	310.19483568075117	309.1740976645435	310.7685643564356	306.67813267813267
NM_001178716.1	178	165.22916666666669	170.5	189.53846153846155	183.27272727272728	187.264	175.69014084507043
NM_001178717.1	242	238.86802973977694	234.64610866372982	242.08498583569406	233.54434782608695	239.23182441700962	238.64988009592327
NM_001178718.1	455	441.63187855787476	453.0872576177285	465.5864197530864	454.6813186813186	457.81777777777774	443.83829787234043
NM_001178721.1	598	596.96	598.6704871060172	593.6	581.8201634877385	583.0822784810126	601.4787234042553
NM_001178722.1	260	251.07987220447285	256.6031746031746	255.66666666666669	247.44776119402985	249.53286713286712	252.07430340557275
NM_001178724.1	1044	1060.7142857142858	1054.590570719603	1057.8998384491115	1054.391447368421	1052.9032258064517	1049.9449541284405
NM_001178725.1	411	407.45858984783365	407.26966994636217	413.88129243736836	407.68088997256933	410.69497491316093	414.64145934466023
NM_001178728.1	312	309.0731707317073	308.5714285714286	342.0	313.04347826086956	311.51020408163265	311.35135135135135
NM_001178729.1	285	275.38016528925624	271.5063559322034	276.0	267.86842105263156	273.8098159509202	279.8881578947368
NM_001178730.1	948	951.1764705882352	948.0302013422819	952.0	951.1986917416189	966.3768693918245	946.8551236749117
NM_001178731.1	216	198.7764705882353	198.6206896551724	192.0	198.50847457627117	195.55555555555554	199.1111111111111
NM_001178732.1	358	390.8510638297872	352.8169014084507	376.8205128205128	391.72839506172835	376.3380281690141	397.18918918918916
NM_001178734.1	83	70.0625	73.75	69.79268292682926	83.10752688172043	75.35643564356435	74.88461538461539
NM_001178737.1	606	620.8	585.6149068322982	602.5411764705882	598.5106382978723	620.8	618.375
NM_001178739.1	35	23.394566623544634	25.38888888888889	29.70982142857143	30.07431551499348	28.92296511627907	32.12538226299694
NM_001178741.1	737	736.3224299065421	742.2727272727273	727.9580419580419	727.7772020725388	737.7413249211356	735.8770053475935
NM_001178742.1	204	216.986301369863	196.7441860465116	187.34693877551024	190.188679245283	201.42857142857142	183.33333333333334
NM_001178743.1	507	516.9405405405405	511.4117647058823	516.1832061068703	507.2307692307692	501.86718749999994	490.91803278688525
NM_001178744.1	865	897.776371308017	876.424336973479	899.7463235294117	867.963358778626	871.1433691756272	889.3006756756757
NM_001178745.1	132	124.13891645167692	123.65557599063702	130.59475434059846	124.66035182679296	124.48967297762478	130.55096262740656
NM_001178746.1	2162	2138.0	2180.7599999999998	2138.0	2225.622950819672	2254.6181818181817	2138.0
NM_001178747.1	1221	1247.1967741935484	1224.5524296675192	1222.4680851063831	1225.728	1223.7486033519554	1228.6666666666667
NM_001178748.1	342	341.4908424908425	339.409604519774	334.2659846547315	336.41052631578947	339.2389705882353	331.27912087912085
NM_001178749.1	389	389.5219638242894	385.11224489795916	405.19823788546256	387.60473588342444	382.68722466960355	383.04182509505705
NM_001178750.1	328	315.5218658892128	329.5700934579439	322.92116182572613	318.6758620689655	324.76357267950965	318.8292682926829
NM_001178751.1	918	903.0608108108108	939.9081081081082	944.6907216494844	916.923076923077	917.9678284182305	901.9821428571428
NM_001178756.1	1402	1390.7297921478062	1389.5217391304348	1404.1645569620255	1384.0087209302324	1391.2712680577847	1398.9422492401216
NM_001178757.1	122	110.87591240875912	111.72	107.75124378109453	111.89367088607594	111.23563218390805	118.91463414634146
NM_001178758.1	352	347.8787878787879	354.0662251655629	345.57142857142856	350.96	347.5496688741722	348.75949367088606
NM_001178760.1	164	153.0392156862745	148.54961832061068	165.15625	145.29411764705884	147.33333333333334	152.9230769230769
NM_001178761.1	270	266.0816326530612	258.38255033557044	269.3631284916201	267.0857142857143	274.81714285714287	261.5135135135135
NM_001178762.1	605	608.7326968973747	599.335305719921	603.5193798449612	611.1516966067865	605.3776223776224	598.9690721649484
NM_001178765.1	217	230.36902050113895	215.16431095406358	213.3482428115016	208.27606177606177	216.06289308176102	211.7378640776699
NM_001178766.1	478	466.1607142857143	475.7432950191571	489.04561403508774	465.6410256410257	467.19767441860466	474.87356321839087
NM_001178767.1	509	506.7250647023691	504.4435535599743	507.2833795868023	501.4991495283748	503.4532671629446	507.71695402298843
NM_001178768.1	558	557.5588235294117	568.5373134328358	552.6713286713288	561.3209302325581	564.5142857142857	534.0
NM_001178769.1	918	920.8797327394209	911.5893926432848	918.8678720445063	904.5840568271507	914.4253075571179	917.5607613469986
NM_001178770.1	253	231.42328042328043	234.6683168316832	235.13392857142858	233.01754385964915	230.08018867924528	230.7890625
NM_001178771.1	106	105.03370786516852	90.07575757575758	88.61290322580645	94.11363636363636	98.51388888888889	100.31067961165049
NM_001178772.1	626	623.4410958904109	642.1333333333333	615.6375404530745	630.6099009900989	620.5011820330969	619.4492753623188
NM_001178774.1	152	157.33333333333334	157.37704918032787	165.16129032258064	140.9620253164557	161.68421052631578	152.6153846153846
NM_001178776.1	559	551.253164556962	562.8066528066528	578.7727272727273	562.3444444444444	559.2601431980906	549.590909090909
NM_001178777.1	482	474.96296296296293	464.6376811594203	470.05263157894734	467.8494623655914	490.2535211267606	480.90000000000003
NM_001178778.1	1060	1058.1513157894735	1062.8924598269468	1046.7636363636364	1063.042304230423	1057.913043478261	1064.3060109289618
NM_001178779.1	515	515.7979797979798	500.4423076923077	518.661971830986	531.435294117647	511.04081632653055	491.00000000000006
NM_001178780.1	313	305.30256410256413	302.9936842105263	297.9612403100775	301.64375	305.3242677824268	304.6964856230032
NM_001178781.1	141	127.53000000000002	131.625	133.71428571428572	133.71428571428572	131.625	144.109756097561
NM_001178782.1	510	503.43837753510144	507.384	502.453125	508.86369119420993	505.8787023977433	498.08955223880594
NM_001178784.1	255	270.3191489361702	258.80555555555554	247.8	267.8617021276596	260.17894736842106	253.64705882352942
NM_001178785.1	245	227.25471698113208	235.73333333333332	245.55555555555554	238.11971830985914	244.9416666666667	226.81578947368422
NM_001178786.2	791	776.7293868921777	782.6264855687606	786.1989987484355	783.8201754385964	784.4045383411581	791.1803278688525
NM_001178787.1	1422	1460.3312101910826	1416.8918918918919	1465.6451612903224	1404.3835616438355	1488.4179104477612	1500.292682926829
NM_001178788.1	123	115.31868131868131	112.78481012658227	113.81632653061224	108.98878923766816	115.7844827586207	116.17346938775509
NM_001178789.1	122	108.65217391304348	107.5609756097561	99.83177570093459	102.38805970149254	103.7037037037037	102.81967213114754
NM_001178790.1	708	721.7710843373494	721.9414483821264	711.5568345323741	705.9014778325123	715.2388201712655	716.7605224963716
NM_001178792.1	185	173.38461538461536	169.1313131313131	169.94444444444443	175.97674418604652	181.72277227722773	168.43076923076924
NM_001178794.1	587	588.3073757518202	586.9635165948822	582.6978371501273	582.9616497829232	590.5877028714108	585.6189579409919
NM_001178795.1	1604	1580.0	1580.0000000000002	1701.5384615384614	1608.9024390243903	1606.1157024793386	1580.0000000000002
NM_001178796.1	177	178.7451923076923	167.2325581395349	171.9931034482759	164.29530201342283	166.73877551020408	173.57142857142856
NM_001178798.1	1013	989.0000000000001	1008.7011952191236	1010.3453237410072	996.1407942238267	1001.4663865546217	1013.725
NM_001178799.1	2103	2082.2826315789475	2084.627610208817	2085.31914893617	2082.7745098039213	2086.4549529359033	2086.815789473684
NM_001178800.1	386	406.888	379.68123393316193	386.96551724137936	376.59677419354836	395.10975609756093	375.77173913043475
NM_001178801.1	357	368.3181818181818	346.6475409836065	358.2272727272727	366.3	335.75206611570246	344.09999999999997
NM_001178804.1	121	112.35833333333333	116.64556962025317	120.14772727272728	106.79326923076924	109.05649717514125	107.21052631578948
NM_001178813.1	827	820.8444444444444	813.1645569620252	843.15	893.4788732394366	825.6197183098591	803.0000000000001
NM_001178815.1	310	292.04833836858006	296.8179669030733	299.22543352601156	302.72830188679245	300.1170018281536	295.9382239382239
NM_001178816.1	220	219.59475566150178	213.9448888888889	218.36241610738256	213.00536672629698	215.51605995717344	228.25760286225403
NM_001178817.3	425	413.09045226130655	417.8768084173608	415.73760683760685	415.3940033783784	414.0668641557342	416.3292788879235
NM_001178818.1	106	94.37735849056604	95.11046511627906	97.43529411764706	98.04347826086956	92.41269841269842	96.33009708737863
NM_001178819.1	337	339.98275862068965	321.16521739130434	338.55102040816325	330.6338028169014	335.0422535211268	313.0
NM_001178821.1	330	334.4651162790698	327.8571428571429	311.77358490566036	324.0	311.0163934426229	311.77358490566036
NM_001178822.1	661	658.4117647058823	664.7358490566037	684.0511363636364	672.9596774193548	671.2235701906412	685.1580756013747
NM_001178824.3	276	259.4117647058823	259.44827586206895	261.0810810810811	262.24028268551234	263.52286282306164	258.16783216783216
NM_001178826.1	699	675.0	684.507042253521	703.125	695.7055214723925	680.1526717557251	730.3278688524591
NM_001178827.1	213	225.0	226.45945945945945	223.6056338028169	226.8	217.0	208.17391304347828
NM_001178828.3	573	564.8670520231215	564.457765667575	569.9142857142857	562.7572435395458	563.2024977698483	575.062787136294
NM_001178830.1	546	538.5889830508474	539.0867430441898	540.2517482517483	533.3632653061225	546.5424954792043	543.9020979020979
NM_001178831.1	488	464.0	487.19999999999993	464.0	478.06060606060606	473.2800000000001	487.2
NM_001178832.3	332	320.0	318.2048192771084	326.6153846153846	318.2099447513812	322.12034383954153	323.8762886597938
NM_001178833.1	274	263.76146788990826	277.5229357798165	275.0	264.8514851485148	262.3762376237624	250.00000000000003
NM_001178837.1	1454	1442.5124999999998	1446.1278195488721	1457.3422562141493	1461.1177052423343	1457.1316964285713	1439.2060085836908
NM_001178839.3	210	199.99115044247787	202.75155279503105	202.3157894736842	200.38968481375358	203.0121951219512	201.2075471698113
NM_001178840.1	1183	1232.3544303797469	1218.4358974358972	1223.388888888889	1199.4302325581396	1204.75	1180.4629629629628
NM_001178841.1	121	108.31548055759355	108.15331010452961	106.95905044510387	104.1673293571902	106.07666290868096	107.50663871418588
NM_001178842.3	155	153.5758502101643	152.21260815822004	153.93668252080855	147.3443160524672	149.48466257668713	154.0924494649227
NM_001178844.1	307	295.7191011235955	308.7272727272727	302.1216216216216	304.5619047619047	303.83435582822085	294.6701030927835
NM_001178846.3	1210	1221.2626362735382	1217.9783507183624	1220.7346506704305	1210.4712092130517	1210.7497670952116	1219.0453153704839
NM_001178847.1	966	973.3006329113925	975.8950524737633	996.608695652174	958.7466666666667	963.4861944777911	977.7156398104265
NM_001178849.3	152	144.26616966935873	142.4248988200422	148.76437484707608	138.6233800235633	140.83089592503194	147.08846614340828
NM_001178851.1	495	499.5043227665706	494.4940617577197	494.66834170854264	493.11267605633805	492.6682808716707	479.321554770318
NM_001178852.3	393	383.4494447691409	387.1826086956522	380.8243093922652	385.5441758241758	391.27403846153845	385.8059405940594
NM_001178853.1	222	203.07692307692307	206.0581395348837	207.31764705882352	206.1501210653753	206.52923076923076	212.14285714285714
NM_001178855.3	462	454.5737386804657	459.72664907651716	454.27108433734935	458.51873857404024	454.93981145757795	450.2403353516534
NM_001178857.1	513	514.3112868439971	512.9409116488463	512.1217303822937	513.3575031525851	508.5865580448065	506.1981242672919
NM_001178858.3	951	1006.7827868852459	976.6053511705685	973.68345323741	977.4225941422594	967.3043478260869	979.9714285714285
NM_001178859.1	161	145.3877551020408	142.18939393939394	146.78571428571428	142.671974522293	141.65283018867925	147.53846153846155
NM_001178861.1	382	372.1643008154636	372.75148081380377	367.30733519034357	370.1761627906977	370.85842562107155	365.43424088601756
NM_001178862.3	465	450.2744479495268	452.3882457702582	452.2896	448.4055415617128	447.70892494929	458.1728971962617
NM_001178863.1	147	135.8125	146.18852459016395	140.26315789473685	144.172131147541	143.3525179856115	131.0921052631579
NM_001178865.3	388	379.04132231404964	387.54716981132077	393.31543624161077	383.44213649851633	389.7491961414791	405.4683544303797
NM_001178866.1	251	268.97416723317474	257.94894079304726	260.6615969581749	251.6884842519685	260.8889574336829	249.72227674190384
NM_001178867.1	504	555.7894736842105	538.3783783783783	520.9302325581396	522.6666666666666	548.8789237668161	507.09677419354836
NM_001178868.3	728	826.0266666666666	726.8148148148148	747.323076923077	731.3777777777777	784.3221476510067	720.1839080459771
NM_001178869.1	160	148.27658227848102	150.73090176191405	152.9057033138956	150.56027826086955	152.7814072358438	153.15368912219304
NM_001178870.1	1017	1028.1099154496542	1032.8528428093646	1014.7612456747405	1029.531772575251	1027.5521936459909	1008.658344283837
NM_001178871.3	396	387.79245283018867	394.1834862385321	390.44628099173553	385.77777777777777	389.97769516728624	383.0059171597633
NM_001178873.1	552	547.2982456140351	545.1986970684039	553.8045112781955	544.3497267759562	550.4463768115942	556.887537993921
NM_001178875.1	630	626.2249690976514	625.998	644.197614991482	629.7474600870827	631.0450184501846	646.0
NM_001178876.1	995	1007.5430107526882	1018.5591836734695	978.1925925925925	997.1423076923076	999.5588235294117	992.2627737226278
NM_001178877.3	610	656.7241379310345	636.0243902439024	622.0615384615385	600.4098360655738	613.1296296296297	610.7605633802817
NM_001178878.1	585	595.2182985553771	583.3857315598549	577.6222222222223	568.6639344262295	574.3571428571429	580.9960396039604
NM_001178879.1	475	486.0777777777778	462.2749999999999	474.32758620689657	484.82499999999993	487.96721311475414	460.02
NM_001178880.3	623	622.4275555555555	615.9681800543267	613.7514925373134	616.503907577302	617.0906040268457	613.8162544169611
NM_001178881.2	156	138.24324324324326	144.1578947368421	146.06557377049182	135.83402489626556	138.984126984127	140.8
NM_001178886.1	491	485.69495596477185	486.42753787022383	485.56937394247035	478.3176020408164	482.5848946135831	486.9825673534073
NM_001178892.1	757	767.4007220216606	767.593112244898	747.3374083129585	759.1294559099437	750.6931034482759	746.574074074074
NM_001178893.3	226	228.11131059245963	225.73146853146852	231.30246913580245	220.41286863270778	225.64548494983276	227.75838926174498
NM_001178894.1	424	416.9193934557063	417.0919151552413	414.6252285191956	413.7894174238375	416.7104878761321	417.2307692307692
NM_001178895.1	226	216.58174097664545	210.67697594501718	210.07999999999998	215.67094515752626	211.22238586156112	223.28921568627453
NM_001178896.3	625	635.0188679245282	621.0333333333333	638.957894736842	625.4060913705583	619.6839378238342	606.0083333333333
NM_001178897.1	515	513.3649214659686	509.54796264855685	510.51753702260334	506.16201353637905	510.8292794860027	513.3804651162791
NM_001178898.1	513	508.17647058823525	502.9714285714286	489.0	494.82142857142856	533.4545454545455	489.0
NM_001178899.1	1331	1314.8734939759036	1320.3140916808147	1325.1527777777778	1307.0	1310.04662004662	1313.1361502347418
NM_001178900.1	120	106.91908396946565	107.81917281179865	108.9553924336533	104.88704663212435	106.46087888531619	107.48663101604278
NM_001178901.3	229	213.99122807017542	227.77777777777777	224.52380952380955	231.69270833333331	220.85051546391753	221.078431372549
NM_001178902.1	249	252.60309278350516	243.44957587181904	243.5185185185185	245.1492537313433	239.1255605381166	235.28571428571428
NM_001178903.1	193	187.21688311688314	182.320987654321	189.40754716981132	181.56600910470408	185.26822429906542	183.25659050966607
NM_001178904.3	1140	1182.2465753424658	1139.0578512396694	1142.7839999999999	1119.1525423728813	1123.9430604982206	1155.5744680851064
NM_001178905.1	534	533.8	535.5	546.4285714285714	530.8163265306122	513.2075471698114	520.7368421052631
NM_001178907.1	339	344.331983805668	336.8882175226586	334.18781725888323	330.98984771573606	333.66666666666663	335.7692307692308
NM_001178908.1	756	778.0529801324503	773.7717391304348	795.1034482758621	775.1564625850341	777.0995260663508	765.7846153846153
NM_001178909.3	216	199.02439024390245	225.0	211.6923076923077	214.32558139534882	206.54545454545456	208.0
NM_001178910.1	472	448.0	451.27007299270065	452.92307692307696	451.63243243243244	450.4615384615385	450.3455497382199
NM_001178911.3	444	449.3706293706294	432.5	433.4042553191489	426.0	426.08695652173907	438.10344827586204
NM_001178912.1	518	511.3446033810143	515.9849865951743	516.2723174030658	503.22181551976576	509.6	510.0650406504065
NM_001178913.1	682	672.2527075812275	671.9628647214854	690.9	676.7177242888403	675.4074074074073	692.2312138728323
NM_001178914.3	281	271.5878578479763	271.4788732394366	276.7232558139535	269.610300081103	271.53715937241947	271.3776223776224
NM_001178916.1	522	516.3429297205757	520.6140983606557	522.2422641509434	515.4426395939086	521.1676445934619	514.3217877094971
NM_001178917.3	271	262.0994525547445	262.94139465875367	262.70520231213874	260.71535767883944	260.21971830985916	261.6353691886965
NM_001178918.1	412	405.9076923076923	397.0533333333333	398.7182320441989	397.3955156950673	400.3594994311718	397.89019607843136
NM_001178919.1	389	442.21153846153845	393.07692307692304	431.3636363636364	398.69230769230774	396.7391304347826	393.81578947368416
NM_001178920.3	191	200.9825581395349	203.81182795698928	216.88311688311686	198.77433628318585	207.54335260115604	211.04395604395606
NM_001178921.1	148	138.56830601092895	141.67543859649123	148.56603773584905	145.25714285714287	140.57142857142856	142.65486725663717
NM_001178922.1	218	214.7012195121951	220.68123393316193	223.54966887417217	221.12808460634545	221.60672703751618	220.18141592920352
NM_001178923.3	871	863.4147286821706	855.2233009708738	858.7638888888888	860.2758620689655	858.1081967213115	857.0833333333334
NM_001178924.1	1071	1064.1639344262296	1067.7326732673266	1066.388888888889	1078.7272727272725	1135.728813559322	1112.4375
NM_001178925.1	180	166.5563909774436	173.1968503937008	171.16666666666666	188.67567567567568	182.21848739495798	168.31578947368422
NM_001178926.3	140	124.5925925925926	126.84892086330936	138.50746268656718	128.50299401197603	130.2622950819672	140.1038961038961
NM_001178927.1	605	591.817492963845	593.0914655473943	598.6354236157438	596.4499650104968	592.1410394265233	597.0373864430468
NM_001178931.3	725	709.7080745341615	713.1913043478261	714.3523809523809	723.8897959183673	715.2335025380711	727.4528301886792
NM_001178933.1	179	170.0105263157895	169.82608695652175	167.36467236467234	169.58823529411765	165.68270481144344	168.4054054054054
NM_001178934.3	444	444.1189674523008	442.5403098324376	438.9164490861619	435.33826348945496	436.8778979907264	436.105965172286
NM_001178935.1	143	127.12449799196786	126.84615384615385	135.31451612903226	128.20441988950276	127.60240963855422	144.86956521739128
NM_001178936.3	484	467.93103448275866	483.89610389610385	459.99999999999994	460.0	502.4615384615385	460.0
NM_001178938.1	892	901.3846153846154	875.8198198198198	924.6086956521739	877.8079096045198	889.5652173913044	877.4347826086956
NM_001178939.3	386	376.5246913580247	371.7760127084988	372.59512195121954	369.66813768755515	366.9851694915254	367.9588477366255
NM_001178940.1	639	632.0554649265906	638.8435828877004	647.6674364896073	645.1470588235294	636.0394736842104	636.6042154566744
NM_001178941.3	133	124.38823529411765	130.69417475728156	138.640350877193	123.68794326241135	128.10756972111554	133.3153846153846
NM_001178942.1	487	491.2317073170732	489.840579710145	505.09090909090907	475.8611111111111	473.4044943820225	509.29999999999995
NM_001178943.1	522	520.2474226804123	511.4687933425798	511.3333333333333	516.9804668889948	515.5202558635394	514.1873804971319
NM_001178944.3	295	314.94594594594594	297.655737704918	319.39285714285717	278.52777777777777	307.4807692307692	290.8292682926829
NM_001178946.3	292	297.64921748515917	292.1212121212121	297.379679144385	294.37830599263475	290.3494584837545	294.63354037267084
NM_001178947.1	528	521.9525065963061	517.8824319785018	515.5493316359007	516.3408423114594	517.4005524861878	515.6638246041413
NM_001178948.3	124	112.55886970172685	108.584686774942	112.94642857142856	106.0	104.54545454545455	110.42345276872965
NM_001178950.1	415	404.96428571428567	396.0560344827586	401.1120689655172	400.6942148760331	395.2967032967033	399.625
NM_001178951.3	523	528.3529411764705	518.6973684210526	505.0120481927711	541.367924528302	512.9906542056075	499.00000000000006
NM_001178952.2	437	417.13	450.83206106870233	470.82	463.27826086956514	434.5478260869565	438.2857142857143
NM_001178953.3	245	237.95170454545456	245.07990314769975	241.5581395348837	243.86206896551724	241.6206896551724	233.70114942528735
NM_001178954.1	213	213.59589041095887	208.34395973154363	209.65991902834006	211.5	215.66584158415841	207.7297297297297
NM_001178955.1	500	489.3636363636364	492.1965973534971	489.78173719376395	486.9642573471009	489.4280155642024	497.8730853391685
NM_001178958.1	156	141.10344827586206	147.30434782608697	151.55555555555554	133.76	146.4375	154.0
NM_001178959.3	582	585.9559118236473	570.9956331877729	567.3259052924791	571.6335078534031	565.2199630314233	576.9509433962264
NM_001178960.1	858	837.5189873417721	845.6643356643357	844.7612903225805	848.8398576512456	851.8714285714285	834.0
NM_001178961.1	883	887.7816925734024	900.063639079773	890.0769944341373	892.1718828874307	903.4928989139515	898.5564711585071
NM_001178962.3	121	103.83098591549297	117.32380952380953	113.51063829787233	105.95384615384616	109.26436781609195	112.52000000000001
NM_001178963.1	124	114.24386671548883	115.59689922480621	117.85929043896573	117.94964028776978	118.37815810920947	114.42953020134229
NM_001178964.2	515	526.8162511542013	526.0986790986791	521.0462686567165	517.1896010757508	525.9846610588817	521.6875
NM_001178965.3	130	122.9039712190397	122.51612153604835	125.36417556346383	117.7360610687023	120.03338249095053	120.28979089790899
NM_001178966.2	923	903.540404040404	902.2930402930402	920.576	910.0532786885244	899.0000000000001	912.5187969924812
NM_001178968.1	683	671.921568627451	659.0	659.0	659.0	659.0000000000001	659.0
NM_001178969.1	506	511.21212121212125	539.4404145077721	512.6727272727272	514.2870813397129	523.6272727272727	500.5384615384615
NM_001178970.1	205	197.03797468354432	194.02158273381292	214.2448979591837	192.8411214953271	198.5728155339806	206.40350877192984
NM_001178971.1	622	608.6311111111111	611.6351791530944	622.5753424657534	615.8575803981623	607.8752293577983	612.9968652037618
NM_001178972.3	464	439.99999999999994	440.0	452.2222222222222	442.01834862385317	444.1411764705882	445.8149779735683
NM_001178973.1	549	537.1225577264653	532.9765193370166	549.8684210526316	542.4708818635606	536.0209923664122	555.3249097472924
NM_001178974.1	280	267.74311926605503	264.42346208869816	267.77914110429447	265.44400527009225	268.17391304347825	270.2978723404255
NM_001178977.1	571	570.9194476409666	563.6522140221402	570.0689375506894	571.5929957406531	571.407535944472	566.9330508474577
NM_001178978.1	571	577.9622641509435	567.9044585987261	570.7826086956522	582.008	576.3035714285714	589.734375
NM_001178979.3	665	656.0823529411764	656.6766304347826	659.9644970414203	648.738430583501	653.3408833522084	649.2355460385438
NM_001178980.1	459	446.7942583732057	462.5316455696203	450.9633027522936	452.0429104477612	458.0245746691872	452.3011363636364
NM_001178981.1	502	488.05610098176714	490.97248398039955	490.87797147385106	488.0530796194292	489.5412474849095	491.4285714285714
NM_001178982.3	762	758.7621483375959	757.5801282051283	766.7171548117155	754.1282420749279	751.9758022093636	757.5893824485374
NM_001178983.3	120	107.56626506024097	104.08988764044943	103.44827586206897	105.30396475770924	105.6969696969697	105.24444444444444
NM_001178984.1	1425	1415.7473684210527	1440.744680851064	1417.2906976744184	1401.0	1426.7852760736196	1436.4683544303798
NM_001178985.3	200	191.2127659574468	186.72268907563026	185.65853658536585	186.75862068965517	186.03508771929825	185.3968253968254
NM_001178986.3	395	384.44202898550725	390.5263157894737	389.54999999999995	384.60635696821515	389.0097087378641	394.39639639639637
NM_001178990.3	313	322.76632302405494	314.6256157635468	306.5151515151515	306.5483870967742	313.7171052631579	304.0782608695652
NM_001178991.3	245	231.4739336492891	239.1003963011889	239.61684782608694	233.98531073446327	232.07517084282458	240.28927680798003
NM_001178992.1	425	405.01	409.9776119402985	418.4347826086956	421.3898305084746	411.21656050955414	425.75308641975306
NM_001178993.1	195	182.9184112326861	181.7230728265211	186.77793175125586	184.40981245403285	184.49383306243425	187.08047594677586
NM_001178994.3	637	635.4954128440368	640.0803212851406	628.0737704918033	624.0783132530121	635.8244680851063	619.1608040201006
NM_001178995.3	203	184.59375	181.10588235294117	196.32258064516128	189.28735632183907	187.13636363636365	192.425
NM_001178996.1	1386	1392.807142857143	1369.9649122807018	1373.7413793103449	1384.9121495327101	1378.2142857142858	1372.298676748582
NM_001178998.3	360	353.9541984732824	362.3087248322148	374.40000000000003	353.09589041095893	351.51963048498845	361.2
NM_001179000.1	1108	1109.6521102707977	1103.8608322775558	1109.0203195896627	1101.9322748973022	1109.0747330960855	1105.3653887805935
NM_001179001.1	1088	1063.9999999999998	1095.1276595744682	1064.0	1074.9690721649486	1093.3742331288342	1074.9690721649486
NM_001179002.3	182	187.56441717791412	188.51833740831296	179.98260869565217	185.5873015873016	187.80239520958082	184.77966101694915
NM_001179003.3	701	693.3132530120481	706.7331081081081	693.3132530120482	694.2851063829787	718.7901234567902	702.4511278195488
NM_001179004.1	1035	1025.8477970627503	1024.7417475728155	1028.3031784841078	1018.9397905759162	1025.5226519337018	1032.602564102564
NM_001179006.3	269	252.90322580645162	269.5	277.9807692307692	258.6111111111111	258.125	285.8333333333333
NM_001179007.3	132	120.84644958807377	123.26730756823021	127.67644807348813	124.81074168797953	126.4020691276746	125.73547256303088
NM_001179008.1	362	350.07142857142856	354.0258620689655	357.88235294117646	360.64516129032256	359.50127226463104	353.3636363636364
NM_001179009.1	443	439.84577114427856	438.48837209302326	438.640625	430.4402730375427	436.6590038314176	438.4238410596027
NM_001179010.3	239	236.10542040119503	238.36313617606604	239.13126188966393	234.19290736777742	234.74845829276208	236.699535962877
NM_001179012.1	488	490.3602324080052	482.2773109243697	484.0591581342435	482.82088353413656	485.58679339669834	488.12098298676744
NM_001179013.1	519	525.5791505791506	530.1388888888889	523.6127167630058	536.25	517.2305389221557	501.0
NM_001179014.3	568	557.8431911966987	559.9082568807339	559.9395085066163	557.2800710164225	558.421207658321	559.4009132420092
NM_001179015.3	804	787.7877036258539	792.0722269991402	790.8668730650154	786.8083491461101	791.5531104528143	789.9924642049737
NM_001179016.1	256	251.22508398656217	246.56233877901977	247.20599250936328	248.2870514820593	243.50913838120104	248.14940577249575
NM_001179017.1	352	338.9053708439898	340.21276595744683	338.1312741312741	338.282131661442	342.35	340.4714828897338
NM_001179019.3	1137	1113.0	1127.774336283186	1123.1181818181817	1117.4342629482073	1123.8058252427184	1113.0
NM_001179020.1	438	450.6371681415929	431.8705035971223	433.71428571428567	429.6648648648649	429.525	429.9230769230769
NM_001179021.1	114	99.64285714285715	100.99132589838909	103.00083822296732	100.26113671274962	99.19744058500913	103.28313253012047
NM_001179022.3	1748	1746.8344370860925	1753.8959537572252	1739.5315315315318	1731.3050847457625	1733.318918918919	1738.8620689655172
NM_001179023.3	307	294.0344036697247	299.2517271157168	296.61210240496507	298.3778433024432	294.8082512892639	294.37416267942587
NM_001179024.1	173	169.23456790123456	163.76576576576576	159.32673267326732	162.41	163.97883597883597	169.55172413793102
NM_001179026.1	446	458.2532027128862	451.2878696439348	444.1155080213903	442.963282937365	439.5490578297596	444.0340522133939
NM_001179029.3	221	211.07142857142858	215.14473684210526	209.5744680851064	207.74545454545455	202.85148514851485	214.28070175438597
NM_001179030.3	551	560.2342342342342	552.5	551.703125	552.9180327868852	538.5824175824175	542.5
NM_001179031.1	481	475.396186440678	470.8694992412747	482.626168224299	477.71565934065933	471.6073059360731	476.81213872832365
NM_001179032.1	291	281.0526315789474	286.77777777777777	271.1076923076923	281.6524390243903	288.8454545454545	286.41818181818184
NM_001179033.3	423	412.1538461538462	408.81879194630875	400.83870967741933	407.1428571428571	409.4816112084063	418.26206896551724
NM_001179034.3	800	802.0840336134454	794.046511627907	784.6222222222221	790.7341772151899	788.6521739130435	796.1558441558442
NM_001179035.1	399	391.70474014848656	397.1233544612384	403.1015820149875	386.968085106383	390.56396484375	402.34375
NM_001179036.1	88	78.56410256410257	79.79434447300771	82.07407407407408	83.85641025641026	80.68817204301075	79.12087912087912
NM_001179037.3	619	620.5	601.9186046511627	608.2222222222223	606.5533980582525	609.6913580246915	595.0
NM_001179038.3	235	228.61328790459964	230.65196078431373	225.48512585812355	229.3262910798122	230.66949152542372	231.1867881548975
NM_001179039.1	415	408.77272727272725	405.0358974358974	399.5	407.52112676056333	407.7272727272727	410.38842975206614
NM_001179041.3	907	903.6613300492611	898.9578313253013	911.031746031746	897.9363184079601	900.1041162227602	903.8433476394849
NM_001179042.3	438	422.01290322580644	428.61176470588236	426.26666666666665	434.62633451957294	428.38610038610034	430.7514450867052
NM_001179044.1	397	395.7275985663082	401.22039473684214	389.95454545454544	379.0947712418301	389.2173913043478	389.0430107526882
NM_001179045.3	2162	2164.223665223665	2150.7815217391303	2149.747252747253	2148.8650479954827	2159.980808773132	2159.644544431946
NM_001179046.3	333	330.3688254665203	326.87126865671644	324.74522292993635	333.1119592875318	333.84010600706716	331.07142857142856
NM_001179047.1	796	810.1596958174905	823.1080139372823	814.3013698630136	802.6570397111914	823.4666666666667	807.0909090909091
NM_001179049.3	137	141.0165289256198	129.14285714285714	135.82828282828282	133.0483870967742	138.03592814371257	131.03191489361703
NM_001179051.1	328	318.73939393939395	311.35483870967744	319.4576271186441	324.9655172413793	324.8627450980392	330.2068965517241
NM_001179052.4	749	752.3584905660377	763.8392857142857	738.1818181818181	747.3076923076923	733.8414634146342	725.0
NM_001179053.3	227	232.27884615384613	236.32835820895522	212.08955223880596	227.5234899328859	217.31410256410257	207.61363636363635
NM_001179054.1	1463	1463.886063072228	1465.0958549222796	1465.5142378559462	1468.2182741116753	1464.3010989010988	1471.3370786516855
NM_001179055.1	572	564.4286833297729	566.5103337722562	565.0178297319636	566.3277591973244	565.3009457712458	566.7066941048299
NM_001179056.3	1566	1548.0470588235294	1552.3888354186718	1557.05859375	1552.936170212766	1556.5471698113206	1555.767857142857
NM_001179057.3	846	833.2989690721649	851.8909090909091	854.4473684210526	830.6526315789473	850.4538461538461	849.5838926174497
NM_001179058.1	541	571.0367231638419	556.3369565217391	582.1037037037037	566.5599128540305	568.4362244897959	575.576354679803
NM_001179059.1	791	774.5940594059406	770.0803212851405	777.9571428571429	776.4303278688525	776.8333333333333	767.0
NM_001179060.3	220	213.42222222222222	222.64077669902915	211.0769230769231	229.14705882352942	223.44	208.64516129032256
NM_001179061.3	773	800.8538461538461	758.2014742014743	783.0454545454546	761.0806451612904	769.1223880597015	785.4378378378378
NM_001179062.1	2158	2162.7892074198985	2139.0330188679245	2156.5820105820108	2141.2094594594596	2159.672180451128	2151.256064690027
NM_001179064.3	239	233.0167597765363	222.93357933579335	232.73195876288662	222.1270718232044	223.31491712707182	219.43298969072166
NM_001179065.3	294	300.9836065573771	287.0886075949368	277.2972972972973	284.72727272727275	298.125	297.0
NM_001179066.1	1116	1107.4112903225807	1111.1243432574431	1110.0794701986754	1107.434628975265	1122.41782729805	1116.3870967741934
NM_001179067.3	262	244.40881272949815	245.2316874660879	247.9682264586944	243.39401284692764	244.46245226983453	249.82005758157388
NM_001179068.3	415	415.5141065830721	410.42507987220444	409.35680751173703	415.0397830018083	420.44653641207816	410.1131284916201
NM_001179072.3	239	222.77108433734938	230.35714285714286	226.02564102564102	222.28813559322035	230.92592592592595	234.84615384615387
NM_001179073.1	206	210.39716312056737	218.4	228.85148514851483	223.45555555555555	229.22162162162164	219.856
NM_001179081.1	133	117.23551657547473	118.10479499652537	119.18571848369086	116.23106182709046	117.11667415057626	118.39000757002272
NM_001179082.1	447	440.18437500000005	441.3913043478261	457.1818181818182	438.3199195171026	437.7215777262181	442.8591549295775
NM_001179083.1	406	392.7671568627451	393.63988919667594	396.2593320235756	398.86149162861494	401.7765667574932	395.99267399267404
NM_001179084.1	389	403.1533101045296	395.01326259946944	400.0564971751412	396.1175115207373	391.3611111111111	390.2813852813853
NM_001179087.1	934	946.1111111111111	932.824427480916	937.1954022988506	929.2253521126761	929.330065359477	940.1657458563537
NM_001179088.1	622	603.3873873873874	629.4736842105262	631.8490566037736	630.2	611.0	607.6451612903226
NM_001179089.1	325	305.703125	313.03999999999996	325.57142857142856	308.2355769230769	324.3169014084507	317.7222222222222
NM_001179090.1	580	556.0	568.0869565217391	556.0	563.6164383561644	556.0	556.0
NM_001179091.1	315	328.0497470489039	319.9085526315789	320.063211125158	316.1735582154516	319.16129032258067	313.5195979899498
NM_001179093.1	302	294.141935483871	291.4060913705584	301.5124378109453	295.75921375921376	294.4985163204748	294.2573099415205
NM_001179095.1	116	102.57540952739596	105.22509108189452	104.0758226037196	107.72996353150708	104.76215785277704	104.87901057537194
NM_001179097.1	527	530.9444444444445	538.2342995169082	532.0991735537191	523.3340425531915	532.9140969162996	534.1592920353982
NM_001179099.1	600	644.5714285714286	621.8181818181818	585.7627118644068	598.5	597.7358490566038	576.0
NM_001179100.1	399	377.4834437086093	387.64044943820227	386.84210526315786	380.2570093457944	380.2083333333333	382.8125
NM_001179101.1	460	469.7004830917875	448.54676258992805	451.03448275862064	462.8683473389355	456.5660377358491	453.34090909090907
NM_001179103.1	1141	1130.8757763975154	1154.4413407821228	1157.6181818181817	1126.1934156378602	1151.3692307692309	1136.9464285714284
NM_001179105.1	327	311.65714285714284	306.0	331.11340206185565	313.65829145728645	314.7101449275362	314.32710280373834
NM_001179107.1	620	608.5210084033614	600.0962199312714	623.090909090909	607.3109489051095	601.8622950819673	605.0030211480363
NM_001179108.1	600	598.1538461538462	583.8904109589041	620.3076923076923	598.1538461538462	594.2857142857142	576.0
NM_001179109.1	674	664.2335766423358	667.663043478261	667.5675675675676	666.3522012578616	661.0169491525425	655.8558558558559
NM_001179110.1	1863	1854.0367947669665	1858.8676569885213	1872.7431192660551	1859.1510242972843	1851.29726443769	1856.414772727273
NM_001179111.1	218	203.23809523809524	207.66197183098595	219.86666666666665	208.58646616541355	201.7807486631016	206.3627450980392
NM_001179113.1	251	234.3274947990068	234.14030323602623	235.331699532657	232.65213010938402	232.82226400902596	233.79924770130958
NM_001179114.1	289	288.59978540772534	281.4638881698162	290.3945885005637	281.236484613252	286.7607919506654	291.13607990012486
NM_001179115.1	1587	1699.5728155339807	1681.409090909091	1746.8823529411764	1648.061224489796	1698.2596153846152	1645.2631578947369
NM_001179118.1	625	667.7777777777777	613.0200000000001	632.2207792207793	617.6944444444443	620.3870967741935	621.0333333333334
NM_001179119.1	580	565.7758241758241	573.1958762886599	567.3084745762711	578.6938775510205	573.8805513016846	570.2930591259641
NM_001179120.1	622	608.4629878869449	611.9834938101789	609.125581395349	610.2179341657207	623.7204301075268	604.321353065539
NM_001179127.2	615	605.812030075188	610.4407894736843	605.775	608.739336492891	598.5382653061224	609.6141732283464
NM_001179128.1	376	366.1609195402299	361.8167330677291	372.4057971014493	381.7464788732395	370.1845018450184	386.1333333333333
NM_001179131.1	432	420.06451612903226	438.47302904564316	427.3576642335767	428.54166666666663	425.6432432432432	425.1297709923664
NM_001179133.1	424	425.6	410.7382550335571	425.9459459459459	416.3934426229508	419.31818181818187	431.4606741573034
NM_001179135.1	467	468.1133786848073	469.9803536345776	458.45348837209303	456.8197573656846	463.33732534930135	473.551724137931
NM_001179136.1	536	521.0220264317181	527.1578947368421	525.744966442953	531.7429305912597	532.4119601328904	534.828025477707
NM_001179137.1	525	524.7206035379812	525.439024390244	524.274329195034	521.9903314917127	529.8647208121828	516.8751164958062
NM_001179138.1	228	221.96381182147167	222.2911392405063	217.46796116504856	222.75336322869958	221.3887733887734	217.86062717770034
NM_001179139.1	518	514.2850241545893	518.96	516.1194029850745	525.2113289760349	524.4360189573459	516.8319327731093
NM_001179140.1	131	114.96864282214601	115.77595809574326	117.60331325301205	115.90654271927333	116.36742815033162	117.56271698113207
NM_001179142.1	277	271.9251968503937	273.3024691358025	280.15819209039546	264.1383647798742	274.841726618705	274.08333333333337
NM_001179143.1	233	228.08067940552016	238.31518151815183	222.46498599439778	223.25	232.5688225538972	224.67499999999998
NM_001179146.1	463	454.29616724738673	454.63204747774483	454.3139534883721	449.06041666666664	448.7339246119734	454.7410358565737
NM_001179147.1	380	362.7809523809524	378.25000000000006	387.78571428571433	379.1544715447154	368.62411347517724	386.5142857142857
NM_001179148.1	458	460.862669245648	461.81222056631896	450.28954423592495	461.69169960474306	461.53302812295624	445.78512396694214
NM_001179149.1	549	543.5086307782329	540.2030606238965	542.735648476258	535.2105778648383	540.9734712230216	543.6459489456159
NM_001179150.1	683	688.6663641314212	684.8093994778068	686.9725343320849	685.081482808023	685.3964088397789	694.596632760435
NM_001179151.1	77	67.71848846056302	67.46664483022164	65.59593477775296	67.62137749341363	67.03032069970845	65.87311402423943
NM_001179153.1	1923	1914.1616766467064	1915.3237822349568	1916.8589341692789	1917.3774193548388	1911.5553719008262	1909.698591549296
NM_001179154.1	477	488.5597269624574	485.5980148883375	478.49350649350646	466.3515789473684	464.78014184397165	465.3385214007782
NM_001179155.1	352	339.4398750650703	343.4467543487484	342.82485875706215	345.0644567219153	342.99705014749264	346.8848484848485
NM_001179156.1	208	206.69934640522874	203.21141374837873	214.42894056847547	206.91096774193548	204.24512534818942	210.21822849807444
NM_001179157.1	988	999.0165356465167	991.7755632582323	1008.8469565217391	986.1088319088319	991.4194104464748	1012.9764560099132
NM_001179158.1	813	850.3666666666667	831.2678571428572	820.3925729442972	832.8928086838536	846.4272151898734	831.3056300268096
NM_001179159.1	289	271.36	279.982332155477	288.3333333333333	280.0283553875236	281.2719298245614	293.4334763948498
NM_001179160.1	479	481.0	475.0909090909091	481.8965517241379	472.25548902195607	471.85185185185185	481.65271966527195
NM_001179161.1	718	731.5135135135135	715.552795031056	694.0	715.030303030303	703.5068493150685	724.1739130434783
NM_001179162.1	576	566.2535211267606	564.241935483871	564.3057324840764	563.265306122449	571.5831485587584	566.3843648208468
NM_001179164.1	339	329.5065789473684	330.27272727272725	330.18072289156623	344.58563535911605	335.38235294117646	327.9896907216495
NM_001179166.1	466	459.91891891891896	472.19875776397515	490.34374999999994	471.14285714285717	460.67605633802816	467.11363636363643
NM_001179167.1	570	566.1046511627908	573.6739726027397	567.7777777777777	567.2978723404254	575.06463878327	565.2847682119206
NM_001179168.1	225	206.50684931506848	234.5	224.30434782608697	215.50515463917523	206.6619718309859	216.76470588235293
NM_001179169.1	639	632.7203389830509	632.3985239852398	626.3103448275863	629.2471042471042	634.1557377049181	624.0441176470588
NM_001179170.1	361	382.6090225563909	366.9555555555556	373.2923076923077	347.3163265306123	359.97727272727275	354.37113402061857
NM_001179171.1	205	183.44594594594594	198.44578313253012	195.07777777777778	196.58278145695365	190.78378378378378	190.23469387755102
NM_001179172.1	686	686.7069154774972	678.1842971321109	682.7647498132934	676.2296042989741	679.8373157092018	679.7276205049733
NM_001179173.1	241	234.83561643835617	235.8695652173913	253.45600000000002	230.39506172839506	238.60180995475116	249.64601769911505
NM_001179174.1	241	233.27499999999998	223.38235294117646	225.34615384615387	216.99999999999997	219.19191919191917	224.75
NM_001179175.1	555	555.5076923076923	590.9516129032259	603.7983870967741	568.2196261682243	586.8947368421053	578.8378378378379
NM_001179176.1	290	296.4968152866242	287.74038461538464	283.16129032258067	278.7217391304348	297.2067039106145	289.33333333333337
NM_001179177.1	851	836.6725146198831	855.4543449492722	839.7013651877133	841.2894168466522	846.300308234258	847.626656274357
NM_001179179.1	238	226.83306320907616	231.6809116809117	232.92874692874693	234.1196581196581	235.71586715867159	232.22712933753942
NM_001179180.1	544	542.8378378378378	545.6438356164384	543.963133640553	547.9569892473118	562.3255813953489	563.3333333333333
NM_001179181.1	143	138.3181818181818	139.2780269058296	140.78873239436618	136.9832089552239	136.2048192771084	133.1340996168582
NM_001179182.1	371	364.67932067932065	361.6865136298422	365.93587994542975	362.6306306306306	363.28719172633254	370.46618705035974
NM_001179184.1	349	328.38541666666663	331.5561959654179	345.17241379310343	336.33720930232556	332.5	362.91666666666663
NM_001179186.2	878	876.8564476885645	866.2877697841726	893.2944785276073	877.912	872.8845208845208	901.042372881356
NM_001179187.1	200	190.73891625615764	194.69026548672565	207.86206896551727	193.68844221105527	201.75609756097563	199.69230769230768
NM_001179188.1	290	282.3692307692308	287.28	280.0	291.6042780748663	287.03954802259886	285.59999999999997
NM_001179189.1	125	128.09756097560975	124.94845360824743	128.93617021276597	118.82352941176472	119.21311475409837	119.03571428571428
NM_001179190.1	176	188.40718562874252	199.95238095238093	195.42857142857144	176.158940397351	185.25	197.037037037037
NM_001179191.1	309	296.6326530612245	296.40000000000003	338.13559322033893	301.4876033057851	302.34782608695656	291.4772727272727
NM_001179192.1	288	284.7329842931937	284.98744769874475	280.61538461538464	291.7894736842105	294.25	296.2442748091603
NM_001179193.1	374	365.9628378378378	371.54582763337896	370.67833698030637	369.5863746958637	367.6584734799482	374.5454545454545
NM_001179194.1	533	525.8859539308963	526.1177052423343	539.0633378667185	524.8028109922383	526.48271076674	535.9400930593254
NM_001179195.1	496	487.43647798742137	481.6523517382413	482.4466800804829	483.4772036474164	482.71825063078217	478.2724252491695
NM_001179196.1	448	457.82978723404256	457.7752489331437	446.1318681318681	457.38582677165357	451.5324675324676	446.11042944785277
NM_001179198.1	382	379.0186808997331	374.67523289431415	370.55353788353165	373.5465708295897	372.5304408677397	376.00848484848484
NM_001179199.1	354	342.62295081967216	342.6351351351351	345.20737327188937	339.1244239631336	342.3529411764706	346.6666666666667
NM_001179200.1	494	470.0	472.71153846153845	473.39350180505414	470.8075601374571	477.818853974122	474.2215568862275
NM_001179201.1	224	206.34920634920636	225.71428571428572	208.88888888888889	222.58064516129033	222.58064516129033	232.0
NM_001179202.2	726	723.0762124711317	722.0571428571428	719.1219512195122	717.9545454545455	725.8276762402088	728.3661971830986
NM_001179203.1	991	983.0631229235879	1002.53280839895	993.3727272727273	1006.8306636155606	1005.3730158730159	994.7607655502393
NM_001179204.1	709	726.1484098939928	721.936274509804	716.9748653500898	724.1126543209876	718.9885496183206	719.5037037037038
NM_001179206.1	338	336.7330316742082	322.62637362637366	326.23376623376623	323.3267326732674	326.33232628398787	325.6914893617021
NM_001179207.1	1084	1094.1935483870968	1077.0967741935485	1079.6296296296298	1069.578313253012	1096.8339768339767	1086.3354037267081
NM_001179208.1	547	545.7391304347826	557.8666666666667	532.1754385964912	550.320895522388	538.969465648855	540.1475409836065
NM_001179209.1	1110	1100.48	1138.8324324324324	1169.5384615384617	1123.2342857142858	1101.6258992805754	1086.0
NM_001179210.1	1340	1332.6582278481012	1336.246153846154	1316.0	1316.0	1316.0	1316.0
NM_001179211.1	179	177.00617283950618	175.13779527559055	182.55555555555557	174.0995260663507	170.25906735751298	176.83098591549296
NM_001179212.1	1024	1015.9362549800796	1011.5321252059308	1022.0125786163521	1018.2328190743339	1010.7197549770291	1011.9047619047618
NM_001179213.1	324	335.4545454545455	322.6890756302521	315.44117647058823	325.98425196850394	332.5174825174825	328.8461538461538
NM_001179214.1	683	684.104761904762	690.187242798354	682.5357142857142	673.4690618762475	695.7745535714286	676.4955752212389
NM_001179215.1	329	317.88732394366195	321.6796875	329.937106918239	313.54	324.0625	319.40944881889766
NM_001179216.1	518	518.0975609756098	506.0	511.1527777777778	507.40310077519376	505.70616113744074	511.6428571428571
NM_001179218.1	290	278.30396475770925	280.04620462046205	276.5795454545455	286.76371308016877	277.48636363636365	282.6995515695067
NM_001179219.1	200	186.5755237045204	184.71898290223587	187.6043956043956	183.71862787668258	184.20338983050848	187.7954144620811
NM_001179220.1	277	291.1232876712329	261.031746031746	284.1384615384615	272.76562500000006	282.7647058823529	275.5892857142857
NM_001179222.2	571	555.0887245841036	557.2463976945245	565.3351955307263	556.1740041928722	551.7772925764192	557.3207547169811
NM_001179224.1	565	565.2407872696817	561.0880961048417	567.1831262262917	565.6791389031266	567.9428409734013	559.2018691588785
NM_001179226.1	587	563.0	563.0	563.0	563.0	563.0	563.0
NM_001179227.1	361	351.9115044247788	343.20245398773005	351.0416666666667	346.30939226519337	354.171974522293	361.96296296296293
NM_001179228.1	924	917.2149961744452	911.3855421686746	922.1973094170403	912.4324324324324	912.1309370988447	921.925754060325
NM_001179229.1	3739	3776.869795609387	3735.389681668496	3777.2129186602874	3748.685233160622	3791.1039453717754	3827.5757575757575
NM_001179230.1	180	198.1621621621622	207.31578947368422	173.33333333333334	173.0420168067227	175.05343511450383	169.22033898305085
NM_001179231.1	330	328.33576642335765	331.11940298507466	325.42857142857144	329.7413793103449	310.13513513513516	325.125
NM_001179232.1	1075	1055.204	1059.5912806539511	1087.0342857142857	1066.231884057971	1063.2209302325582	1079.4054054054052
NM_001179233.1	847	841.5464788732395	836.1155378486055	842.6889952153109	830.5159817351597	841.8267973856209	827.5977653631285
NM_001179234.1	322	310.88345864661653	310.8046875	308.71942446043164	309.39660056657226	311.2248520710059	309.580310880829
NM_001179236.1	337	332.1632653061224	341.7816091954023	346.5357142857143	329.4736842105263	349.39534883720927	339.8285714285714
NM_001179237.1	402	396.34482758620686	391.45631067961165	396.4194915254238	390.27604871447903	391.9141104294478	394.64150943396226
NM_001179238.1	580	572.3429271279853	569.3001876172608	574.9429097605893	569.9641209636084	569.6602195504443	577.3162939297125
NM_001179239.1	580	556.0	562.698795180723	556.0	562.5411764705882	568.0869565217391	568.6363636363636
NM_001179240.1	207	195.62068965517238	201.74096385542168	211.32142857142856	206.82248520710058	195.79032258064515	195.7674418604651
NM_001179241.1	435	419.31502890173414	431.68490153172866	423.5086956521739	427.08610567514677	423.8170478170478	416.76842105263154
NM_001179242.1	373	362.3375796178344	361.86635944700464	365.4622641509434	359.9748427672956	353.2048192771084	360.0210526315789
NM_001179243.1	485	488.3185185185185	476.16447368421046	492.950495049505	497.42212189616254	489.17848410757944	494.869387755102
NM_001179244.1	628	611.4876033057851	624.5442176870748	607.7283950617284	627.8421052631579	628.7910447761194	628.0
NM_001179245.1	411	403.2815533980583	398.32682926829267	396.38181818181823	391.94884910485933	396.6481994459834	395.75565610859724
NM_001179246.1	146	128.7777777777778	128.1772151898734	129.625	129.50769230769228	134.8421052631579	124.14035087719299
NM_001179247.1	634	638.1755196304849	630.461215932914	624.4745762711865	623.6567164179105	625.4280155642024	620.1328903654485
NM_001179248.1	430	453.764705882353	429.27388535031844	435.7073170731707	431.9651162790698	450.83435582822085	435.3493975903615
NM_001179249.1	1075	1054.315457413249	1079.4909638554218	1077.811224489796	1069.2782608695652	1074.062695924765	1079.214765100671
NM_001179250.1	954	950.3649635036497	988.125	951.8823529411765	941.6981132075472	973.0555555555555	943.2857142857142
NM_001179251.1	182	170.7009646302251	174.85333333333332	169.61764705882354	170.7009646302251	170.54873646209387	180.57142857142858
NM_001179252.1	226	210.86829268292684	210.83749999999998	212.03726708074532	212.23963133640552	212.86021505376343	213.82882882882882
NM_001179253.1	386	379.2380952380953	371.3620689655172	376.5771812080537	370.54083484573505	372.9475806451613	373.4315789473684
NM_001179257.1	238	227.4954954954955	229.44329896907215	228.65753424657535	229.34050179211468	218.9767441860465	226.48333333333335
NM_001179258.1	211	207.28571428571428	208.21428571428572	209.2075471698113	205.2344398340249	209.7731384829506	205.46025641025642
NM_001179259.1	379	355.0	405.71428571428567	376.5151515151515	360.22058823529414	366.26984126984127	355.0
NM_001179261.1	845	872.3125	849.9764705882354	836.2037037037037	862.5696202531644	867.9142857142858	840.547619047619
NM_001179262.1	425	419.0822281167109	418.08113590263696	415.82295719844353	416.6561712846348	415.32142857142856	413.73015873015873
NM_001179263.1	286	302.00598802395206	302.37570303712033	312.89208633093523	293.27255639097746	300.3920792079208	307.54296875
NM_001179265.1	533	529.9088575096278	523.3380281690141	521.676245210728	524.5527777777777	523.3178621659634	526.1424870466321
NM_001179266.1	143	130.15625	122.75789473684212	121.44102564102565	128.0	125.88429752066116	119.0
NM_001179267.1	508	492.49122807017545	500.5098743267504	489.5846153846154	499.30171821305845	502.04623415361675	502.3507109004739
NM_001179268.1	109	96.14754098360656	108.85964912280703	106.74418604651163	110.0	107.578125	106.70212765957446
NM_001179271.1	101	91.4544096978215	89.71855479841	90.06493715758944	87.7552007740687	87.11362270952239	89.71368028479404
NM_001179272.1	311	301.8265682656827	300.31014492753627	309.07692307692304	308.8497942386831	310.2297650130549	307.6737288135593
NM_001179273.1	65	56.824561403508774	53.47826086956522	55.85779816513761	52.714285714285715	54.49846153846154	54.3031914893617
NM_001179274.1	320	313.06295993458707	320.5134575569358	319.8520475561427	315.4855403348554	319.0284629981025	308.435261707989
NM_001179275.1	307	311.50359712230215	309.7512437810945	331.5959595959596	323.4285714285714	332.80800000000005	322.9891304347826
NM_001179277.1	460	475.10313901345296	464.6812850586436	454.3264907135875	459.8109224414869	461.1245634458673	449.8550148957299
NM_001179278.1	209	197.26519337016575	196.23831775700936	200.18656716417908	206.21019108280254	205.48214285714286	198.05882352941174
NM_001179279.1	178	164.13793103448273	166.65753424657532	165.66666666666666	164.4628450106157	170.23243243243243	163.96019900497512
NM_001179280.1	729	730.0	725.2005730659026	757.0738636363636	726.2465753424658	742.7678571428571	713.7577639751553
NM_001179282.1	521	573.4615384615385	525.9916666666667	545.0967741935483	516.88	524.1090909090908	560.4468085106383
NM_001179283.1	168	160.83870967741933	160.56230031948883	168.7643312101911	156.25531914893617	158.33484162895925	172.2061855670103
NM_001179285.1	1065	1056.6934673366834	1080.80879541109	1067.6923076923078	1066.7248764415156	1066.4858757062148	1063.7127272727273
NM_001179286.1	1223	1227.5476190476193	1222.2815533980583	1199.0	1199.0	1205.9709302325582	1209.6106194690267
NM_001179289.1	1159	1157.1758436944938	1141.1103633916555	1143.1850961538462	1147.5337423312883	1157.1927374301677	1155.4768041237114
NM_001179290.1	499	510.9848484848485	517.6282051282051	527.7777777777777	502.2988505747127	488.1944444444444	489.84375
NM_001179292.1	632	635.7766497461929	613.3100436681223	616.0	612.7686274509804	619.2592592592592	623.4576271186442
NM_001179293.1	124	114.86784140969164	117.65690376569039	113.25878594249201	114.3854748603352	114.03654485049834	115.02590673575129
NM_001179294.1	244	228.40277777777777	234.15384615384616	231.5211970074813	231.9653893695921	232.95890410958904	233.93013100436679
NM_001179295.1	1517	1517.0806451612905	1501.8869047619048	1493.0	1508.660839160839	1514.3285714285714	1505.3388429752065
NM_001179296.1	2408	2392.716636197441	2419.464462809917	2384.0	2391.358024691358	2398.1065088757396	2401.4014598540143
NM_001179297.1	621	618.8414634146342	619.5283018867924	625.8870967741935	627.0377358490566	625.656	613.8169014084507
NM_001179298.1	256	245.44927536231884	253.09090909090907	238.62857142857143	243.04761904761907	248.42477876106196	232.0
NM_001179299.2	513	589.6764705882352	502.2162162162162	489.00000000000006	497.2881355932203	513.0491803278688	539.5862068965517
NM_001179300.1	426	423.9522184300341	430.4962025316455	428.42253521126764	436.7300215982721	427.62197802197807	416.98983050847454
NM_001179301.1	513	506.3516129032258	510.60940841054884	505.4567307692308	506.73921971252565	503.12666666666667	502.3242506811989
NM_001179302.1	625	639.7741935483871	624.1153846153845	635.0188679245282	607.9080459770114	624.1153846153846	618.1714285714286
NM_001179303.1	818	813.3658536585367	818.3061224489795	826.0808080808081	823.2269938650307	834.3728813559323	818.8125
NM_001179305.1	432	431.25265955872345	427.45870967419097	428.8618512243955	423.2269961117155	426.0380123968357	427.064158224795
NM_001179306.3	184	163.8095238095238	164.23529411764707	164.32432432432435	163.84	164.25531914893617	166.4321608040201
NM_001179310.1	395	398.82500000000005	395.3621013133208	389.5662292213473	388.4144151846785	391.9110333394732	389.17277720053437
NM_001179312.3	223	214.9839357429719	225.53333333333333	215.373417721519	219.76941747572815	218.36216216216215	210.8553191489362
NM_001179313.1	780	814.9090909090909	777.0	852.923076923077	817.2972972972974	833.8235294117648	780.3870967741935
NM_001179314.3	484	475.8367085909188	476.7476775828094	473.5512843542303	472.14928229665077	474.2019141710404	472.80760253417805
NM_001179317.1	1552	1533.809885931559	1553.5376044568243	1555.1644444444444	1576.2526315789473	1561.114551083591	1542.2139534883722
NM_001179318.3	304	301.5384615384615	302.9951690821256	300.7407407407407	293.58208955223876	299.136690647482	302.40000000000003
NM_001179319.1	605	604.0	618.5096153846154	626.9061728395062	611.578947368421	609.9595015576324	606.8941504178273
NM_001179321.1	439	432.4015247776366	441.09533468559835	440.50520833333337	432.32637494981935	435.83223249669743	434.12608695652176
NM_001179322.3	128	138.06896551724137	130.66666666666666	112.0	127.67479674796748	122.28571428571428	113.28571428571429
NM_001179323.1	273	281.4782608695652	268.47486033519556	277.188679245283	282.615	301.6056338028169	273.9
NM_001179324.3	169	161.27071325648416	159.74197167297714	161.86151922475773	156.84466019417474	156.91539263377345	161.1217105263158
NM_001179326.3	316	320.72131147540983	308.04395604395603	299.3	305.2727272727273	318.95384615384614	316.33333333333337
NM_001179327.1	570	550.4032258064517	558.0702210663198	553.2031662269129	551.1726315789473	554.2105263157895	551.3268292682927
NM_001179328.4	758	748.3921568627451	761.0112	754.7932011331445	756.529886914378	755.0919540229886	748.2987012987014
NM_001179329.1	316	314.96629213483146	318.0	305.6875	317.82312925170066	327.90163934426226	306.1290322580645
NM_001179330.3	305	292.46938775510205	312.0840707964602	294.2905405405406	297.8119658119658	302.25210084033614	301.07142857142856
NM_001179331.3	263	262.6373626373626	264.0239574090505	263.952691680261	257.9746621621622	267.1941923774955	259.0
NM_001179332.1	392	385.14951456310683	383.5056179775281	387.3684210526316	388.19512195121956	386.013986013986	384.5022421524664
NM_001179333.3	597	587.6923076923076	580.7432432432433	604.8333333333334	614.9268292682927	597.3829787234043	594.2222222222222
NM_001179334.1	256	246.42145765624417	246.4566668786164	243.7315875613748	247.25159209995968	245.61429714590557	244.06870336477544
NM_001179335.3	791	832.7428571428571	793.6011560693643	776.3536585365854	779.6776859504132	782.2384105960266	778.6212121212121
NM_001179336.1	819	813.6839012925969	815.1002615518745	803.238341968912	814.0922190201729	810.2884615384615	796.3706896551724
NM_001179337.3	617	614.671096345515	610.5270935960591	614.3969072164949	606.4433249370277	607.7512437810946	601.8507462686567
NM_001179338.1	521	514.983552631579	513.0721393034826	509.363184079602	498.4	508.3692810457516	521.0483870967741
NM_001179339.3	388	376.6684378320935	376.407223476298	378.06539278131635	377.17711171662125	378.7123512515388	376.85595567867034
NM_001179346.1	462	458.8416356877324	457.9516967288291	458.81157837247406	451.31596091205205	459.9296346414073	448.5542168674699
NM_001179347.3	518	509.99280575539564	505.456400742115	509.27150537634407	508.86796116504854	514.5724828676858	515.9112903225806
NM_001179351.3	508	531.8024691358024	488.7450980392157	534.9473684210526	503.8904109589041	484.00000000000006	484.0
NM_001179352.3	941	943.7087378640778	941.6174496644296	939.0963855421687	932.9478260869566	967.0181818181818	916.9999999999999
NM_001179353.1	288	268.4745762711865	273.9622641509434	270.6835443037975	298.2857142857143	270.40000000000003	282.4186046511628
NM_001179354.3	137	124.70984455958549	127.83838383838383	134.34444444444443	139.67080745341616	130.3846153846154	125.10714285714285
NM_001179355.1	696	693.0365217391305	691.6857523302264	706.4096385542168	681.3821989528797	691.6820083682007	688.8
NM_001179357.3	215	217.96470588235294	216.31325301204816	206.59183673469389	218.28571428571428	223.47	214.4561403508772
NM_001179358.3	94	84.4186046511628	82.0408163265306	91.875	82.50666666666667	89.27536231884058	82.58992805755395
NM_001179359.1	689	686.2072892938497	675.99173553719	667.1661237785016	677.9967426710098	676.3191489361702	692.9411764705882
NM_001179360.3	210	217.67685589519652	213.82271468144043	206.7950310559006	205.62385321100916	208.36065573770492	205.8640776699029
NM_001179361.1	264	247.5	258.6046511627907	259.7938144329897	261.05263157894734	256.0	272.4324324324324
NM_001179364.3	625	627.5635359116022	648.4473684210526	630.5573770491803	630.2378378378379	690.0370370370371	608.9078947368421
NM_001179365.1	582	575.2222222222223	579.7437895762299	569.2890173410404	581.8207043756671	580.3470873786408	567.4777070063694
NM_001179366.1	154	158.1443298969072	153.2340425531915	149.9099099099099	148.17796610169492	154.82412060301507	150.59405940594058
NM_001179367.3	916	892.0	892.0	907.6491228070175	908.8301886792452	902.6190476190477	892.0
NM_001179368.1	249	235.07928373326902	234.3841974190627	235.92374272496642	231.99316564104015	233.89333255488089	234.05960891505467
NM_001179369.1	341	332.7450331125828	334.3074712643678	330.20833333333337	334.11311053984576	338.7371428571428	339.39673913043475
NM_001179370.3	256	252.56737588652484	246.99076923076922	245.29936305732485	246.8085106382979	249.4950819672131	242.1420765027322
NM_001179371.3	313	305.10526315789474	308.2154255319149	313.7900677200903	305.05555555555554	307.09225700164745	317.6065989847716
NM_001179372.1	426	433.5857142857143	436.7750865051903	437.32727272727266	418.4454545454546	430.7142857142857	436.29383886255926
NM_001179373.1	341	317.0	328.45783132530124	323.967032967033	320.37234042553195	328.678947368421	319.8053097345133
NM_001179376.1	1145	1165.1606060606061	1139.727923627685	1159.8225108225108	1153.8220720720722	1156.2146596858638	1149.1658291457286
NM_001179377.1	136	139.85185185185185	134.4	141.31543624161074	125.30693069306932	126.82926829268293	135.40298507462686
NM_001179380.3	1314	1313.5289452815225	1309.087546239211	1318.3516483516482	1310.1772679874869	1320.241125251172	1310.0838323353294
NM_001179381.1	1029	1074.6534653465346	1083.6521739130433	1077.6506024096386	1072.5	1040.892857142857	1050.0
NM_001179383.1	411	418.57919999999996	413.3748361730013	421.65671641791045	405.27626918536004	407.8625336927224	416.6267942583732
NM_001179384.3	282	289.0909090909091	287.75215146299485	280.33432835820895	286.5327102803738	284.1372549019608	286.23100303951367
NM_001179385.1	367	357.7	379.95081967213116	364.5121951219512	356.7411402157165	360.3426966292135	358.59090909090907
NM_001179386.1	582	567.3781512605042	565.0632911392405	570.8275862068965	563.3653846153846	568.5531914893617	566.6511627906978
NM_001179388.3	831	821.56678700361	824.3548387096774	818.255230125523	825.8976582827407	821.8431752178122	828.4247787610619
NM_001179389.1	468	473.3989813242784	482.0571428571428	478.95043731778424	461.8313253012048	461.76000000000005	464.62295081967216
NM_001179390.1	133	140.93630573248407	121.26249999999999	133.40298507462688	123.86363636363637	127.33644859813084	133.35106382978722
NM_001179391.3	321	310.86280056577084	313.04396984924625	313.538283062645	312.0934426229508	314.1759036144578	314.2492080253432
NM_001179393.1	279	274.7844827586207	275.445798588839	282.3825503355705	271.6933867735471	274.15983606557376	275.52721088435374
NM_001179394.3	293	284.82352941176475	282.8606870229008	279.3461538461538	279.3808724832215	276.3126213592233	289.247311827957
NM_001179395.3	533	525.1587301587301	525.4193548387098	527.8518518518518	539.8484848484848	537.9204545454545	521.1190476190476
NM_001179396.1	635	615.888	628.4571428571429	648.716049382716	629.7423312883436	623.6413793103447	624.5777777777778
NM_001179397.3	897	892.9416243654822	892.3219315895373	889.3687500000001	895.4256880733944	880.8085867620753	891.13353115727
NM_001179398.1	1146	1140.804469273743	1139.9879759519038	1160.3954372623575	1143.5017421602788	1148.5991379310344	1145.9572953736656
NM_001179399.1	248	260.4651162790697	277.9759036144578	261.3333333333333	243.6	245.4794520547945	247.33333333333334
NM_001179400.3	280	271.1703703703704	266.1818181818182	261.2244897959184	272.3720930232558	271.2835820895522	272.3404255319149
NM_001179401.3	140	126.53666666666666	129.39979584892822	131.9331395348837	127.34518828451883	127.16909998151914	129.42250530785563
NM_001179402.1	116	108.39044970754627	110.53938194025997	115.6959409594096	108.70025320876626	108.41256804507688	111.50099728014506
NM_001179403.1	245	243.32970751752475	244.35772357723576	242.30275407292476	243.6917001338688	241.96146788990822	240.81343632958803
NM_001179406.1	635	611.0	648.4081632653061	663.3714285714286	624.0	648.1913043478261	632.438596491228
NM_001179411.1	295	309.3490566037736	279.741935483871	280.1864406779661	298.1	303.8484848484849	298.5593220338983
NM_001179412.1	149	137.33905579399143	141.66666666666666	148.1012658227848	135.09149623250806	139.74442988204456	148.3294930875576
NM_001179413.1	322	305.6214833759591	309.89620758483034	308.2254901960784	312.22613065326635	302.3952802359882	320.65497076023394
NM_001179414.2	224	215.78947368421052	216.0	209.7560975609756	215.80381471389646	220.7317073170732	206.60377358490564
NM_001179415.3	150	146.7	137.9	143.3793103448276	142.25806451612902	137.04123711340205	136.08
NM_001179417.1	673	686.6231884057971	663.0071942446043	688.5731707317073	649.0	661.6428571428571	716.6041666666666
NM_001179418.1	800	787.2463768115942	801.1132686084144	786.2781456953642	803.3589743589744	785.1653543307086	808.3333333333333
NM_001179419.1	130	121.95230951440979	121.58068854222701	125.53474320241692	118.09326134212186	119.27949643049052	120.55256793284961
NM_001179420.1	261	255.3675	255.41717791411045	257.80534351145036	255.00616016427105	251.94594594594594	258.7931034482758
NM_001179424.1	464	455.33101045296166	460.69614299153335	462.0	456.9072164948454	466.04951560818085	460.0869565217391
NM_001179425.1	940	943.3244607618172	948.4579216354343	944.2135523613963	953.322234392114	943.5680323722812	934.677304964539
NM_001179426.1	291	281.9009111617312	287.0385395537525	278.3732251521298	280.8384146341463	279.16149068322983	291.48471615720524
NM_001179427.3	315	302.64000000000004	298.6578947368421	300.70000000000005	304.07865168539325	308.3214285714286	312.825
NM_001179428.3	729	714.8232227488152	715.5318195398864	711.060471320587	716.948275862069	718.3403569657909	717.329596412556
NM_001179429.1	355	343.8793774319066	347.77364864864865	348.21965317919074	341.76422764227647	341.40880503144655	344.71005917159766
NM_001179431.2	360	349.2134831460674	351.19597989949744	348.57754010695186	347.3454545454546	346.15617128463475	345.7864077669903
NM_001179432.1	322	305.2682926829268	305.45	320.57575757575756	301.9210526315789	304.7218045112782	313.48051948051943
NM_001179433.3	512	501.811320754717	500.5128205128205	501.4620689655172	517.8340611353711	505.5067264573991	514.6181818181818
NM_001179435.3	152	135.42028985507247	161.5737704918033	157.53846153846155	139.42857142857142	148.21052631578948	155.9272727272727
NM_001179436.1	485	475.96753246753246	484.4825737265416	472.29901960784315	474.9313186813187	488.4404761904762	471.7836257309941
NM_001179438.1	486	507.97014925373134	481.1052631578947	473.84615384615387	483.07984790874525	478.9714285714286	486.10434782608695
NM_001179439.1	716	725.5271317829457	724.5251215559158	730.7132867132867	724.3364485981308	708.4072524407252	721.6836461126006
NM_001179441.3	259	256.93333333333334	242.47727272727272	243.03418803418802	249.1	252.22513089005236	253.252427184466
NM_001179442.1	366	364.6685878962536	363.3070565797838	368.7926267281106	366.66523143164693	362.170380078637	370.5273250239693
NM_001179443.1	805	800.6231155778894	819.1822222222222	788.0999999999999	807.2276119402985	784.7368421052632	806.6065573770492
NM_001179444.1	331	314.44242424242424	322.5050505050505	314.73949579831935	324.21495327102804	317.46590909090907	324.24719101123594
NM_001179445.1	511	565.9729729729729	547.875	487.0	494.1617647058824	502.9672131147541	573.9642857142857
NM_001179446.3	150	138.19354838709677	157.0684931506849	130.66666666666669	158.2325581395349	169.75	161.4375
NM_001179451.1	420	424.51200000000006	409.4030769230769	405.5192307692307	420.41095890410963	407.6470588235294	408.2114537444934
NM_001179452.3	502	498.6702702702703	496.30638297872343	502.42335766423355	504.83508771929826	496.10606060606057	492.5954198473282
NM_001179453.1	681	664.3203342618384	675.6744186046511	671.5193370165747	664.9156626506024	671.0534759358289	675.9884393063584
NM_001179454.1	309	301.44230769230774	301.3323782234957	301.2341772151899	297.2727272727273	296.6666666666667	307.6865671641791
NM_001179455.1	822	804.234375	824.4238410596026	855.8260869565217	817.4634146341464	824.1639344262295	881.5116279069767
NM_001179456.1	691	690.8870523415978	689.0636132315522	692.7639484978541	697.4334600760457	693.5619469026549	701.8606271777004
NM_001179457.3	921	919.855497382199	910.3622068965517	913.4149940968123	913.4505576208179	919.9803586678054	922.1495327102803
NM_001179458.1	372	359.64312267657994	362.98013245033115	364.57142857142856	357.7478991596638	362.54328358208954	357.7752808988764
NM_001179459.1	146	147.68421052631578	136.45925925925926	130.13333333333333	136.01351351351352	134.95575221238937	132.51724137931035
NM_001179460.1	1078	1075.292929292929	1062.957507082153	1069.3868613138686	1072.410480349345	1072.0685714285714	1095.5369458128077
NM_001179462.3	276	272.65573770491807	289.87283236994216	294.0	264.89302325581394	278.0217391304348	269.44615384615383
NM_001179463.1	1455	1445.0122399020809	1444.6415633937083	1451.49609375	1441.918761220826	1440.5631834750914	1436.8647540983604
NM_001179464.1	380	372.48148148148147	388.2733612273361	378.6031746031746	377.5909732016925	371.3215189873418	372.84542586750786
NM_001179465.1	313	299.3677130044843	301.6925675675676	299.03472222222223	298.9199084668192	295.34390243902436	306.1552511415525
NM_001179466.1	226	224.32631578947368	218.5763358778626	215.51408450704227	219.19148936170214	218.45621181262732	221.16205533596838
NM_001179467.3	402	432.0	401.90513833992094	404.1980198019802	399.70334928229664	395.6269430051814	402.2307692307693
NM_001179469.1	537	525.6147540983607	527.0227790432803	524.0918918918919	529.9120879120879	525.6443661971831	529.8591549295776
NM_001179471.2	471	470.5706214689265	468.4296663660956	480.0	468.6025889967638	468.0225454545455	474.1551055579491
NM_001179472.3	292	293.6347826086957	287.5832205683356	288.6721763085399	290.54468980021034	288.1941251596424	287.0988505747127
NM_001179473.1	1009	1045.0	1028.196768609348	1018.882063882064	1031.4267515923568	1021.0034482758621	1016.3694267515925
NM_001179474.1	1354	1337.9450418160095	1362.497737556561	1372.6737967914437	1354.1642441860465	1376.0891089108911	1359.4620253164558
NM_001179475.1	201	208.42391304347825	198.17484662576686	192.2741116751269	187.07002188183807	191.0	182.93296089385476
NM_001179476.1	1027	1044.360824742268	1037.7979591836734	1073.6960352422907	1018.8368421052633	1038.888888888889	1054.8154981549815
NM_001179477.3	2371	2403.5542168674697	2376.7926657263756	2367.708823529412	2365.4388327721663	2392.0679468242242	2358.59012345679
NM_001179478.1	959	958.5220125786165	951.5696202531644	957.4759615384614	940.9935897435898	954.4791666666667	961.8421052631579
NM_001179479.1	479	469.82084690553745	469.59893048128345	466.489898989899	466.3434903047092	463.0058651026393	460.96069868995636
NM_001179481.1	194	184.63563652521663	185.64813955646284	184.27282016348775	183.8955078125	183.20611480865225	187.38119728450937
NM_001179483.1	431	413.7384105960265	411.5474860335196	418.30555555555554	415.401376146789	408.0175	420.3130841121495
NM_001179484.1	388	364.0	364.0	393.51351351351354	366.61870503597123	384.0	371.28
NM_001179485.1	941	936.0286561264822	932.8817771084338	932.5204513399153	934.91015625	936.4933569530559	940.2324888226527
NM_001179486.3	156	145.953488372093	146.54952076677318	159.27999999999997	147.55119214586256	147.76722817764164	144.50526315789472
NM_001179488.1	818	834.9603174603175	830.9562764456982	811.2608695652174	819.6473755047106	812.6179310344827	819.3895348837209
NM_001179490.1	522	509.02936928261914	511.05753823743623	516.6702371843917	510.454448017149	513.3730434782609	521.8028379387603
NM_001179491.1	838	821.607476635514	855.9775784753363	831.6190476190477	839.6666666666667	831.7384987893462	851.0
NM_001179492.3	686	677.276923076923	688.1315789473684	686.0727272727272	681.2282157676349	671.1944444444445	667.8070175438596
NM_001179493.1	304	296.57320872274147	297.6377952755906	300.9448818897638	316.4	298.716577540107	292.94117647058823
NM_001179495.1	1215	1223.0653846153846	1216.2508833922261	1213.9038461538462	1213.6139240506327	1226.55223880597	1221.7354838709675
NM_001179496.1	123	116.90630362658736	115.56064416287842	116.08599596151562	111.47546591779422	113.95476477683957	117.183125339121
NM_001179497.3	1674	1748.8479262672813	1668.8931297709923	1686.8715083798884	1707.9872204472842	1734.9785407725324	1737.6106194690265
NM_001179498.1	566	588.6236559139785	552.6274509803922	549.2266666666666	557.7864077669902	554.412213740458	564.8210526315789
NM_001179499.1	1113	1114.0344827586207	1089.0	1089.0	1097.3129770992368	1097.187969924812	1136.3478260869565
NM_001179501.1	388	395.52755905511816	418.3283582089552	388.88888888888886	375.2345679012346	386.49438202247194	413.07865168539325
NM_001179502.3	341	329.9387755102041	339.01388888888886	340.05454545454546	337.1269841269841	338.41891891891896	335.3236994219653
NM_001179503.1	644	625.1239669421487	638.3703703703703	627.6543209876543	640.8653846153845	629.2079207920792	649.2913385826772
NM_001179504.1	1066	1058.9891304347827	1081.6952380952382	1072.6470588235295	1076.927374301676	1060.1744186046512	1070.418181818182
NM_001179505.1	192	181.78461538461536	177.63934426229508	182.0	181.41853035143768	188.34375	182.98089171974522
NM_001179506.3	199	184.9431818181818	196.26168224299067	190.3125	184.87903225806454	182.8125	186.29032258064518
NM_001179507.1	1370	1346.0	1354.4654088050313	1346.0000000000002	1384.67816091954	1356.5984251968505	1345.9999999999998
NM_001179509.1	230	215.36363636363637	211.02439024390245	215.36363636363637	219.58241758241758	231.75000000000003	223.65714285714284
NM_001179510.1	527	506.6626213592233	508.683615819209	510.64437689969606	510.15165876777246	505.28636363636366	504.96484375000006
NM_001179517.1	990	971.9629629629629	1003.7765363128492	992.8333333333333	996.7276341948311	974.1176470588235	978.4645161290323
NM_001179519.1	1544	1545.7627118644066	1544.516129032258	1544.516129032258	1545.082508250825	1534.8534201954399	1584.4067796610168
NM_001179523.1	245	222.1945945945946	224.28624535315987	236.7857142857143	234.8744394618834	231.04545454545456	224.94642857142858
NM_001179524.1	988	991.8076923076923	1018.3098591549295	1079.68	982.075	996.1333333333332	1007.3258426966291
NM_001179525.3	674	664.6984924623115	667.1353251318102	669.5278969957081	667.8082191780823	682.994923857868	664.8288973384031
NM_001179526.1	427	417.46666666666664	412.0285132382892	417.9876033057851	415.1875	407.92665036674816	409.2642487046632
NM_001179527.1	143	145.44444444444443	124.4923076923077	131.86486486486487	132.65573770491804	131.14285714285717	166.6
NM_001179528.3	1475	1462.634060295061	1464.337687469763	1473.7310704960837	1461.0353946297805	1468.2690285081649	1466.4005537609598
NM_001179529.3	759	735.0	747.7456647398843	762.2222222222223	738.4345794392523	770.3365384615383	750.1546391752578
NM_001179530.1	404	405.90909090909093	386.0799999999999	397.40458015267177	391.21771217712177	390.59760956175296	390.1333333333333
NM_001179531.1	106	91.7910447761194	87.78823529411764	94.8125	91.19626168224299	87.37704918032786	88.47368421052632
NM_001179532.3	571	569.4180327868853	559.2921348314608	581.1875	561.5478723404256	570.7826086956521	559.1555555555556
NM_001179533.1	314	300.6842105263158	304.60431654676256	310.27972027972027	308.73595505617976	304.06060606060606	300.5181347150259
NM_001179534.1	426	426.51694094869316	418.6879169755374	432.2116564417178	420.41591320072337	423.74605559729525	428.17444717444715
NM_001179540.1	240	221.7857142857143	220.11428571428573	220.23529411764707	224.4375	225.55752212389382	232.30188679245282
NM_001179543.3	358	364.3636363636364	345.51724137931035	338.9117647058824	348.36559139784947	338.175	342.34999999999997
NM_001179544.1	162	158.01526717557252	162.44141689373296	163.15625	159.68571428571428	165.23684210526318	154.11167512690358
NM_001179545.3	965	956.0159574468084	956.7489539748954	973.673611111111	951.1182795698925	949.1826086956522	947.7214285714285
NM_001179546.1	211	187.00000000000003	199.26229508196718	203.5	204.00000000000003	193.33898305084745	196.12195121951223
NM_001179547.1	363	361.59999999999997	338.99999999999994	348.1621621621622	364.6818181818182	365.484375	364.425
NM_001179548.3	359	350.8267716535433	354.6234309623431	348.05194805194805	344.2413793103448	353.6909871244635	346.6521739130435
NM_001179555.1	1108	1097.139393939394	1108.6363636363637	1108.088888888889	1094.4903225806452	1095.3507853403141	1109.8095238095239
NM_001179556.3	368	355.696	356.1005025125628	361.98692810457516	357.4628879892038	356.4945904173107	358.5211062590975
NM_001179557.3	249	230.0	242.76315789473682	247.67441860465115	254.4642857142857	235.65088757396452	271.0843373493976
NM_001179558.3	258	258.55555555555554	253.18032786885243	252.42519685039372	257.2142857142857	248.976	251.33333333333334
NM_001179559.1	158	149.69667077681873	147.12166172106825	145.9776536312849	144.66739367502726	147.41490545050056	142.91476091476093
NM_001179560.1	229	230.5069124423963	228.14516129032256	225.3726708074534	221.80327868852459	223.91143911439113	220.375
NM_001179567.3	197	193.63302752293578	192.8091603053435	193.3529411764706	185.76229508196724	194.44628099173553	188.72727272727275
NM_001179568.1	227	215.74879227053142	223.9741697416974	213.15	217.97540983606555	214.61746987951807	222.0738255033557
NM_001179569.3	126	116.45	115.81935483870969	106.72222222222223	113.60189573459715	115.63636363636365	120.9767441860465
NM_001179570.1	396	402.3943161634103	400.29875518672196	401.2584269662921	398.01785714285717	404.21052631578954	396.8690807799442
NM_001179571.3	589	578.2163742690059	574.6995708154507	564.9999999999999	578.7135922330096	568.1388888888889	583.031914893617
NM_001179572.1	133	118.06558551517519	120.477277904328	121.49647801797425	118.39384566156471	118.17591796635148	120.16323176128462
NM_001179573.1	263	267.11764705882354	264.9485714285714	265.24035608308606	254.89740698985344	260.1694480102696	270.8666666666667
NM_001179574.3	413	415.4736111111111	409.56202804746493	416.52007648183553	408.12289780077623	407.49711815561955	406.1087962962963
NM_001179575.1	231	227.82621951219514	226.8448947778644	221.34955752212392	219.07641741988496	221.77252453166815	217.18032786885246
NM_001179576.3	1478	1477.2433392539965	1475.9095890410956	1485.1016042780748	1476.8009650180938	1482.6828528072838	1480.0306905370844
NM_001179578.3	578	564.8627450980392	575.3076923076923	582.7792207792207	556.6634615384615	579.9181286549708	593.5714285714287
NM_001179579.1	166	163.24180327868854	166.68543046357618	158.51162790697674	157.420814479638	160.62295081967213	157.72318339100346
NM_001179580.3	1759	1761.960694698355	1753.9410480349345	1756.3028649386088	1754.6045197740114	1756.9620253164558	1737.5818452380952
NM_001179581.1	974	1002.7777777777777	984.6715328467153	986.5384615384615	988.255033557047	975.3333333333334	963.5714285714287
NM_001179582.3	169	154.31726907630522	156.85873605947955	161.4389534883721	156.6861081654295	155.1424870466321	157.5067385444744
NM_001179583.1	678	703.6708860759494	660.0555555555555	675.8	665.7837837837837	682.4347826086956	680.16
NM_001179584.3	324	318.3098591549296	313.3333333333333	301.9354838709677	313.48314606741576	311.913357400722	308.57142857142856
NM_001179585.3	311	299.35885167464113	309.5589519650655	311.47286821705427	306.20446096654274	308.0301724137931	317.2105263157895
NM_001179586.1	1077	1060.114864864865	1060.8	1063.0765550239232	1053.0	1062.8181818181818	1080.3506493506493
NM_001179587.3	463	449.7260034904014	450.9618528610354	447.7549857549858	446.81933842239187	445.7918424753868	450.4921465968587
NM_001179588.1	835	811.0	811.0	822.0340136054422	813.2341597796143	813.7965517241379	815.6609195402298
NM_001179589.4	272	262.73267326732673	257.6623376623377	271.25	269.01694915254234	267.75221238938053	262.37681159420293
NM_001179590.3	199	195.83333333333331	189.40489432703004	199.0625	189.10171730515194	191.72955974842768	199.55357142857142
NM_001179591.1	674	673.8775510204082	668.9536878216123	656.8661971830985	663.4020618556701	663.8494318181819	667.9310344827587
NM_001179593.1	442	460.47058823529414	453.9569892473118	462.5409836065573	442.09221902017293	440.2509505703422	434.8322147651007
NM_001179594.3	477	462.5974576271187	470.2422145328719	461.49375	476.45231607629427	471.52416356877325	464.2128712871287
NM_001179595.1	664	673.4391534391535	660.3562340966921	670.8148148148148	659.3939393939394	658.4488675360329	657.3176470588235
NM_001179598.3	592	574.4545454545455	578.2071881606765	581.6122004357298	574.8659340659341	578.1558109833971	581.77897574124
NM_001179599.1	1033	1037.8285714285714	1034.7070063694268	1008.9999999999999	1040.6726457399102	1052.8695652173913	1019.5104166666666
NM_001179600.1	753	740.1724137931035	751.78125	737.5764705882352	735.3760932944607	740.8729641693811	728.9999999999999
NM_001179601.3	494	499.12897822445564	489.2077962904747	500.31206657420245	493.65878378378375	494.30456490727533	501.84094256259203
NM_001179604.3	1165	1141.0	1147.0052631578947	1141.0	1146.9427083333333	1147.8323353293413	1141.0
NM_001179605.1	518	537.0813953488372	532.1059479553903	549.291743119266	528.008826125331	528.1729399796541	545.8511450381679
NM_001179606.3	251	241.9342105263158	244.42961608775138	240.75757575757578	238.74137931034485	245.6314907872697	239.059375
NM_001179607.1	219	230.9497206703911	208.6244541484716	218.78048780487805	211.30662020905922	214.23766816143498	215.609756097561
NM_001179608.3	358	362.94666666666666	357.9712918660287	370.01960784313724	355.11494252873564	367.4	361.50588235294117
NM_001179609.1	361	339.35664335664336	344.7649769585253	343.6732673267327	351.0416666666667	339.5149253731343	356.36781609195407
NM_001179611.1	523	509.8008658008658	523.7029702970297	527.7884615384615	528.1083333333333	538.5433962264151	533.4137931034483
NM_001179612.1	444	440.8355091383812	436.68558456299655	438.74239350912774	435.7894736842105	436.5	425.42435424354244
NM_001179613.1	511	516.1751152073733	501.21897810218974	521.2957746478874	508.78684210526313	509.33944954128435	514.5141242937854
NM_001179614.1	635	644.5714285714286	626.0864197530864	624.2826086956522	647.8706896551723	632.8214285714286	642.603448275862
NM_001179615.1	224	216.12903225806454	209.4240837696335	208.08080808080808	219.42857142857142	205.5944055944056	214.08450704225353
NM_001179617.1	348	353.2771084337349	342.97297297297297	336.0	346.15384615384613	355.09090909090907	356.90625
NM_001179618.1	287	300.57142857142856	277.16153846153844	295.2982456140351	285.705035971223	279.1020408163265	281.1379310344828
NM_001179620.1	733	728.0962750716332	727.2628002528445	733.8416160171613	726.486306551672	723.7095435684648	725.9700809574094
NM_001179622.1	162	158.62121462849578	159.39609934053598	154.09000255689082	160.01458523245213	157.8946801830089	155.91876923076921
NM_001179623.1	1032	1017.938028169014	1029.913043478261	1025.71875	1032.9917355371902	1022.0389972144845	1038.8571428571427
NM_001179624.1	117	113.47169811320755	115.18348623853211	110.5945945945946	110.01702127659574	105.62443438914026	105.68181818181817
NM_001179625.1	436	436.4972972972973	430.27419354838713	437.75000000000006	424.7258687258687	425.4766355140187	435.6393442622951
NM_001179626.1	354	349.69458930899606	349.4766044703415	350.4786342157411	345.02167897195733	346.63788830614953	346.7803857687609
NM_001179628.1	625	616.0250000000001	619.335593220339	615.3095238095237	608.4504132231406	613.5208333333334	613.8418803418804
NM_001179629.1	162	156.1578947368421	157.71428571428572	148.46896551724137	156.29545454545453	156.43724696356276	140.1904761904762
NM_001179630.1	964	948.034188034188	952.0204603580563	970.3225806451613	952.0204603580563	951.3253012048193	954.7643979057592
NM_001179631.2	201	202.359649122807	196.70647773279353	210.5810276679842	202.9776119402985	201.78991596638656	203.22222222222223
NM_001179633.1	148	144.28536285362853	143.2645034414946	150.02469135802468	139.79467680608363	146.03575184016825	142.0491493383743
NM_001179634.1	954	947.9048697621744	946.4893617021277	978.4569138276554	943.3492822966508	955.1042944785277	936.1999999999999
NM_001179635.1	175	181.6844919786096	164.78995433789953	177.0344827586207	164.45544554455446	170.08241758241758	179.06194690265485
NM_001179638.1	761	759.8527131782945	755.5408805031448	737.0	765.9019607843137	750.4817073170732	760.2736842105264
NM_001179639.1	876	869.9035846724352	876.0225563909775	886.1482965931864	867.9330708661419	874.077738515901	876.8155339805825
NM_001179640.1	522	502.3304347826087	513.6850393700787	511.4594594594595	506.3231197771588	506.86646884272994	511.01960784313724
NM_001179641.1	445	431.88793103448285	433.56716417910445	444.3888888888889	428.562874251497	450.7676767676768	443.4533333333333
NM_001179643.1	387	386.11910669975185	387.8859591298616	390.1085180863477	383.49882352941177	387.2749226006192	397.6685393258427
NM_001179644.1	730	720.2914979757085	725.7329192546583	710.0809248554914	720.2420749279538	742.4387096774193	709.1238938053098
NM_001179645.1	651	634.3333333333334	646.0	645.4411764705883	643.0769230769231	644.661971830986	645.5777777777777
NM_001179646.1	387	405.22178413011335	394.33430870519385	412.8285917496444	387.84021164021163	392.96102407336645	407.7753303964758
NM_001179647.1	407	407.72701754385963	408.17849398777844	417.9747227495254	409.62021308674235	411.04824251643396	417.40097048920575
NM_001179648.1	429	438.2307692307692	426.3413173652695	440.1646706586826	425.44880785413744	429.86138613861385	429.84662576687117
NM_001179650.1	111	95.32978723404256	98.34782608695652	98.75675675675676	93.51020408163265	92.5	98.25882352941176
NM_001179651.1	329	323.18126520681267	332.95315682281057	327.9369918699187	320.1880081300813	320.2330743618202	334.04761904761904
NM_001179653.1	219	208.54166666666666	205.02857142857144	201.1578947368421	207.1186440677966	206.20689655172413	216.66666666666666
NM_001179654.1	566	561.0175438596491	557.1704834605598	555.7215189873418	559.8122065727699	563.68	562.2887700534759
NM_001179655.1	544	540.1550387596899	531.2432432432432	528.8135593220338	520.0	527.536231884058	534.2465753424658
NM_001179656.1	438	428.78571428571433	419.6712328767123	424.6153846153846	447.93442622950823	434.360655737705	437.0
NM_001179657.1	305	290.2131147540984	296.9056603773585	298.8412698412699	297.44148936170217	302.3172413793103	326.66249999999997
NM_001179658.1	1099	1075.0	1123.8636363636365	1089.4295302013425	1087.1240601503757	1123.2062780269057	1083.8842975206612
NM_001179660.1	308	303.4641744548287	310.8986784140969	297.741935483871	297.1959595959596	301.3755274261603	298.6715867158672
NM_001179661.1	273	286.0851063829787	269.50588235294117	301.1162790697674	269.0344827586207	267.04347826086956	255.55263157894734
NM_001179662.1	234	234.27244582043346	233.30156569094623	233.6820652173913	233.83524027459953	232.0665499124343	232.03389830508473
NM_001179664.1	352	344.40000000000003	376.39344262295083	366.5882352941177	351.42857142857144	347.5820895522388	381.1891891891892
NM_001179665.1	245	237.49253731343285	239.9721577726218	231.17154811715483	239.24770642201835	232.43103448275863	231.52380952380955
NM_001179666.1	582	573.5331905781585	567.704347826087	569.3546511627907	571.3358490566037	570.9767441860464	569.4657534246576
NM_001179667.2	1513	1529.8933764135704	1516.2140992167103	1509.6805555555557	1518.9672955974843	1521.0707692307692	1500.3954081632653
NM_001179669.1	509	513.4056399132321	510.08620689655174	515.4029850746268	512.196261682243	509.1879795396419	503.6538461538462
NM_001179670.1	712	712.1252348152786	712.4362181090545	712.314859437751	714.4615384615385	711.3805013927577	708.1813333333333
NM_001179671.1	1127	1111.4846153846154	1129.8090277777778	1140.0756302521008	1120.4387351778657	1138.5806451612905	1112.4273504273506
NM_001179672.1	446	469.82666666666665	454.1086956521739	458.49729729729734	464.4019138755981	464.76266666666663	449.42999999999995
NM_001179674.1	448	445.85567010309273	477.5145631067961	458.6122448979592	477.0	494.66666666666663	444.68292682926824
NM_001179675.1	549	571.4601769911504	542.8977272727273	533.75	531.2874251497005	542.0454545454545	537.0689655172414
NM_001179676.1	308	309.28767123287673	305.4339622641509	296.7640449438202	310.33112582781456	302.2051282051282	297.0789473684211
NM_001179678.1	726	707.6521739130435	717.3310344827586	720.0	716.3265306122448	717.980487804878	720.116129032258
NM_001179679.1	377	366.2979452054795	369.8989361702128	379.8781725888325	365.2047872340426	362.6272727272728	365.60714285714283
NM_001179680.1	362	359.3924050632911	351.43514644351467	358.4435483870968	357.42528735632186	356.4621848739495	359.125
NM_001179682.1	513	502.14516129032256	507.9698275862069	504.7741935483871	501.3484848484849	499.0479452054795	501.0740740740741
NM_001179683.1	211	207.46415094339622	202.5601783060921	202.8180764774044	203.02402721667022	202.99731903485255	203.7150837988827
NM_001179685.1	210	205.5104895104895	194.74358974358972	192.41379310344828	201.0520231213873	202.5859872611465	206.10810810810813
NM_001179686.1	319	310.7486979166667	308.24753559693323	310.1605995717345	313.5826771653543	311.87376725838266	308.3685800604229
NM_001179687.1	847	856.3648648648649	833.5512820512821	823.0	898.9692307692308	844.1025641025641	889.7297297297298
NM_001179688.1	162	148.6701030927835	148.4204081632653	151.90697674418604	145.14441416893735	150.9375	149.14285714285714
NM_001179690.1	574	577.0491803278688	613.953488372093	588.3720930232558	582.6732673267327	560.0917431192661	564.4736842105262
NM_001179691.1	622	659.5588235294118	621.629179331307	625.1818181818181	632.7323232323232	612.2380952380953	618.1573033707864
NM_001179692.1	675	669.4396551724138	673.5956848030019	680.4165029469548	677.3170212765957	670.7272727272727	666.0776566757493
NM_001179693.1	565	559.1016414141415	558.0760401721665	567.46771037182	558.6846224677716	559.1938674579625	564.2234146341464
NM_001179694.1	290	283.47033898305085	284.71851851851847	285.3287197231834	283.94602698650675	277.5216572504708	278.5078369905956
NM_001179695.2	1267	1328.9521276595744	1280.8963414634145	1282.1153846153845	1284.711409395973	1262.421875	1279.2038834951454
NM_001179696.1	241	249.84324324324325	254.87636363636364	244.73684210526315	245.27361563517917	249.47619047619048	231.3867403314917
NM_001179700.2	767	757.9597315436241	789.8883495145632	806.4268292682926	752.525641025641	747.7628205128206	749.816513761468
NM_001179701.1	721	725.7650793650793	720.7074829931973	733.2439999999999	713.5952380952382	718.5123456790124	728.5714285714287
NM_001179703.1	106	90.07575757575758	95.81521739130434	89.02857142857142	89.37566137566138	97.92805755395683	93.71428571428571
NM_001179704.1	126	117.69230769230771	111.76595744680851	118.10526315789474	112.33480176211454	111.3225806451613	109.6774193548387
NM_001179705.1	523	511.0240963855422	512.6712328767123	511.5798319327731	503.752380952381	509.731182795699	520.0105263157894
NM_001179706.1	543	539.6681415929203	542.7570422535211	539.0718232044198	554.1864406779662	558.7531914893617	550.0512820512821
NM_001179707.1	193	180.57534246575344	186.46333333333334	182.8904109589041	180.4360902255639	183.3312	178.68789808917197
NM_001179708.1	214	206.77279305354557	212.13135068153653	200.2013422818792	203.65355521936462	206.64233576642334	200.423197492163
NM_001179709.1	458	442.2738301559792	443.3156565656565	443.64444444444445	445.4527777777778	444.9084380610413	447.28571428571433
NM_001179710.1	207	199.94444444444446	198.25	203.61971830985917	203.74493927125508	200.87109375	222.78260869565216
NM_001179711.1	462	458.8768286927796	459.0292573143286	460.5995085995086	455.2417127071823	457.17869822485204	461.1624583134826
NM_001179712.1	687	670.4494382022473	666.9	677.0466101694915	675.1752921535893	672.9140186915888	667.8043478260869
NM_001179714.1	635	636.1440329218108	628.7387096774194	654.9281045751633	615.2578397212544	638.2565055762082	648.9241379310345
NM_001179715.1	400	408.69565217391306	412.68292682926824	448.3076923076923	414.23728813559325	417.36	405.4901960784314
NM_001179716.1	297	306.8604651162791	300.038338658147	297.2307692307692	301.6545801526717	304.56389452332655	310.5375
NM_001179717.1	332	324.7131782945736	327.9783783783784	329.1372549019608	314.2857142857143	321.0140845070423	318.04347826086956
NM_001179718.1	242	237.9138019021109	236.59812636078541	234.45725086165362	237.05021581624788	237.32399330337475	236.12295272840177
NM_001179720.1	239	238.0731707317073	236.1324786324786	223.4313725490196	240.04016064257027	240.23474178403754	225.98540145985402
NM_001179721.1	623	618.3225806451612	619.2364864864865	613.433734939759	614.4913793103448	613.609756097561	604.3482142857142
NM_001179722.1	77	67.39836766420521	66.95801526717557	64.05541718555418	66.54444444444445	63.49159970781593	64.84164859002169
NM_001179723.2	947	929.8688372093023	932.2697274031565	933.8190476190476	935.9578833693305	941.4708652148323	934.9096774193549
NM_001179725.1	206	195.65	193.375	199.0625	195.4814814814815	196.1818181818182	212.33333333333331
NM_001179726.1	140	139.20000000000002	140.30769230769232	152.36756756756756	138.71939736346516	139.84295612009237	149.64000000000001
NM_001179729.1	320	349.1774891774892	334.92674315975285	343.83838383838383	344.359649122807	350.5263157894737	328.88888888888886
NM_001179730.1	336	338.80396732788796	335.79357798165137	347.6301596037424	332.0248447204969	336.8477842003854	337.7328063241107
NM_001179731.1	914	919.8157453936349	913.9762931034483	919.2488262910799	917.1218961625282	924.5755395683453	923.0503978779841
NM_001179732.1	393	376.04198473282446	378.40127388535035	379.5933014354067	376.2	377.61	379.9171597633136
NM_001179733.1	132	123.31343283582089	120.07058823529411	114.54545454545456	123.03092783505154	124.08510638297872	120.83168316831681
NM_001179734.1	719	713.7837837837837	695.0	721.7307692307693	703.2738095238095	705.0	718.6931818181818
NM_001179736.1	133	141.86029411764704	130.17714285714285	151.31764705882352	131.37748344370863	138.00806451612902	135.61627906976744
NM_001179737.1	923	1042.84	933.5769230769231	925.4411764705883	1009.6461538461538	1003.8833333333334	899.0
NM_001179738.1	422	414.91653786707883	413.60784313725486	411.1308304891923	412.916524701874	412.94466403162056	404.9543010752688
NM_001179739.1	1003	1020.5123674911661	995.9628712871288	1003.4749999999999	1016.9273607748185	1028.9206798866855	998.7777777777778
NM_001179740.1	613	633.764	605.0490463215259	627.6229508196722	617.5	618.6476510067114	621.7222222222223
NM_001179741.1	498	503.6713615023474	510.3034682080925	501.01554404145077	503.0204081632653	509.469387755102	495.6933638443936
NM_001179742.1	823	806.6826923076923	821.8285714285714	844.6571428571428	830.7063492063493	799.0000000000001	811.6825396825398
NM_001179745.1	674	672.9166666666667	683.3705357142858	690.0	676.6163793103449	672.4137931034484	676.4534883720929
NM_001179746.1	179	169.65299993471308	169.28047950583678	175.50747621205255	168.28746956570976	168.72586872586874	176.97208960705106
NM_001179747.1	422	412.4511904761905	417.2319430315361	425.5345911949686	410.9220779220779	411.0713476783692	425.40943396226413
NM_001179748.1	2046	2044.3805039079566	2047.6306453541674	2043.290850947664	2038.436936364791	2043.3660938702233	2038.6702230843841
NM_001179749.1	301	296.90419161676647	299.4238095238095	304.7	299.2122641509434	304.11063829787236	302.1818181818182
NM_001179750.1	461	450.1800188501414	454.1056129985229	463.17972350230417	453.8285714285714	458.55743481324873	459.81984334203656
NM_001179751.1	583	591.1361573373675	576.4906132665833	596.5798319327731	595.1076555023924	588.1525423728814	586.094387755102
NM_001179752.1	179	169.33920704845815	174.0858208955224	177.30215827338128	172.7513966480447	174.19504643962847	173.35526315789477
NM_001179755.1	394	403.63636363636357	397.2631578947369	375.96774193548384	379.7368421052631	392.96551724137936	395.6944444444444
NM_001179756.1	170	160.94152046783626	162.70844686648502	163.09909909909908	156.56170212765957	153.87254901960785	163.57407407407408
NM_001179757.1	529	518.7414965986395	517.5511695906432	519.2253521126761	515.4338842975206	514.6849315068494	516.6359447004609
NM_001179758.1	120	113.1808118081181	109.97518610421837	106.53291536050158	106.78899082568807	109.88045234248789	111.94788273615636
NM_001179759.1	333	317.4657534246575	319.2072072072072	329.4635761589404	327.8414634146341	327.1764705882353	336.14189189189193
NM_001179760.1	457	452.4606741573034	470.8349514563107	458.47058823529414	462.8620689655172	487.887323943662	462.35593220338984
NM_001179761.1	398	403.2304609218437	398.62787136294025	398.34319526627223	393.20540540540543	391.1111111111111	399.1064814814815
NM_001179762.1	195	198.4864864864865	197.8305439330544	202.02375809935205	201.47381756756758	204.98422712933754	194.26325088339223
NM_001179763.1	1038	1034.6938775510205	1047.9617224880383	1060.442748091603	1027.3861386138612	1049.6683417085428	1048.0840336134454
NM_001179764.2	657	639.3939393939394	638.0238095238095	632.9999999999999	646.0515463917526	656.4444444444446	633.0
NM_001179766.1	1173	1247.4857142857143	1260.7083333333335	1179.2368421052631	1207.4237288135594	1190.0357142857142	1149.0000000000002
NM_001179768.1	2469	2489.110824742268	2486.4406779661017	2482.760617760618	2473.3204633204637	2473.900709219858	2463.5227272727275
NM_001179769.1	627	623.2296774193549	627.3390514631685	617.2216981132075	625.9981395348838	621.3966101694915	622.2857142857142
NM_001179770.1	1095	1091.5566218809981	1116.9847645429363	1104.46875	1095.0515191545574	1112.1314623338258	1087.6909090909091
NM_001179771.1	262	260.9886363636364	260.3760683760684	257.3925925925926	251.88333333333333	259.6363636363636	246.30232558139537
NM_001179772.1	248	246.8	248.20700152207002	246.80939947780678	253.36760925449872	249.0392749244713	248.6974358974359
NM_001179773.1	266	259.2857142857143	257.3164556962025	277.5882352941176	248.36842105263156	264.7764705882353	267.4736842105263
NM_001179774.1	1285	1282.1754827875734	1292.831067961165	1289.3538461538462	1296.7561436672968	1286.2588597842837	1290.9862327909887
NM_001179775.1	1019	1013.3850702143385	1012.1848013816926	1012.616693492757	1006.583418547943	1010.4531335647724	1010.9470616804273
NM_001179776.1	479	475.97311139564664	482.04697986577185	474.3243243243243	472.4070138150903	474.6670560747663	469.24657534246575
NM_001179777.1	618	607.255230125523	610.5248120300752	614.4094488188977	613.4838152783773	609.8579185520362	616.0379637618637
NM_001179778.1	710	704.6569037656903	700.2460063897763	692.0351906158357	693.0179028132992	701.021897810219	695.8847262247839
NM_001179779.1	198	188.56387665198238	185.53314121037465	187.04999999999998	181.17032967032966	186.57831325301206	193.33333333333334
NM_001179780.1	1281	1280.7543307086612	1282.9509677419353	1295.179906542056	1289.588888888889	1290.5200000000002	1290.078947368421
NM_001179781.1	309	299.51552795031057	299.9797843665768	301.98252688172045	300.2748962655602	299.411320754717	296.5329218106996
NM_001179783.1	321	312.63157894736844	316.5394736842105	318.6	314.2674418604651	301.0135135135135	303.75
NM_001179784.1	402	380.8636363636364	378.00000000000006	385.2	386.5909090909091	384.95705521472394	385.7142857142857
NM_001179785.1	706	689.8390804597701	704.3606557377049	681.9999999999999	717.4285714285714	697.8604651162791	682.0000000000001
NM_001179791.1	699	682.8212780898876	682.6640819717529	688.205701509223	683.4174584323041	683.2714444857037	687.265037593985
NM_001179792.3	563	557.0872483221476	550.0	552.3415841584159	547.0792291220557	547.4659685863875	555.0553191489362
NM_001179793.1	443	452.7903225806451	449.3152454780362	456.5784753363229	437.7787114845938	430.17333333333335	440.3775510204082
NM_001179796.3	259	248.76953125	243.51963746223566	244.79166666666666	251.9064748201439	247.63440860215053	251.95876288659795
NM_001179797.1	179	175.66666666666666	171.6071428571429	169.53125	168.53174603174605	176.27450980392155	184.91228070175438
NM_001179798.4	620	616.0237154150198	616.0997067448681	616.5517241379309	612.4467805519054	615.62874251497	627.1633986928105
NM_001179800.3	766	771.3446327683615	777.1658767772511	765.4315789473684	765.2914798206277	771.6800000000001	769.7383177570094
NM_001179801.1	348	349.86554621848734	339.3243243243244	329.9268292682927	345.59999999999997	339.5271565495208	332.47058823529414
NM_001179803.3	324	330.1983835415136	326.26208378088074	330.25830258302585	323.3294930875576	322.8901734104046	327.4531422271224
NM_001179804.1	229	223.81642512077295	225.65018315018315	219.7305389221557	217.4952380952381	220.86558044806517	225.84745762711864
NM_001179806.1	535	527.9626556016598	529.5818181818182	537.1094890510949	560.2247706422019	566.0307692307692	579.1333333333334
NM_001179808.1	720	713.7163636363637	717.5975975975977	704.8421052631579	716.9454545454546	723.6064073226544	709.92
NM_001179809.3	610	586.0	614.1730769230769	632.8799999999999	595.9322033898305	656.3199999999999	606.2068965517242
NM_001179810.1	159	151.875	142.94117647058823	148.5	150.95454545454547	148.10679611650485	141.42857142857142
NM_001179811.4	910	893.3833333333333	903.1483870967742	901.2758620689656	900.7666666666667	928.5279999999999	895.6304347826086
NM_001179812.1	317	326.80769230769226	321.887323943662	336.0882352941176	345.67415730337075	350.77464788732397	330.56410256410254
NM_001179813.3	525	522.6258992805755	544.3297297297297	516.3367346938776	519.7289719626168	516.9554140127389	515.3142857142857
NM_001179814.1	737	727.1538461538462	727.3908256880734	729.4177631578948	739.2307692307692	736.6835664335664	724.6123778501628
NM_001179815.3	277	260.1726804123711	266.7327766179541	280.96984924623115	272.4964157706093	264.5657142857143	271.2083333333333
NM_001179816.1	300	308.0296296296296	297.97777777777776	299.5494880546075	309.47368421052636	296.5874125874126	300.3855421686747
NM_001179817.3	760	736.0	785.0666666666666	750.2912621359222	753.037037037037	744.8674698795181	736.0000000000001
NM_001179818.2	1028	1021.730684326711	1040.544061302682	1020.1935483870967	1012.4511784511784	1029.7908256880735	1026.8181818181818
NM_001179819.3	746	736.44	744.3718309859155	732.3142857142857	734.509900990099	735.5799373040752	750.8800000000001
NM_001179820.1	268	268.0987654320988	248.22510822510822	244.00000000000003	255.88311688311686	249.1549295774648	254.7421383647799
NM_001179821.3	1678	1717.6153846153845	1664.917491749175	1673.5739644970413	1663.0382513661202	1663.6443148688047	1704.7361963190183
NM_001179826.2	638	635.1724137931035	625.9223300970874	635.1724137931035	622.3537414965986	632.7480916030535	631.0555555555557
NM_001179827.3	290	304.4578313253012	281.49514563106794	273.7101449275362	275.0940170940171	281.1136363636364	274.72131147540983
NM_001179828.1	381	371.4869565217391	377.56451612903226	364.0	362.8765432098765	370.6689189189189	371.93723849372384
NM_001179829.3	597	604.1413043478261	605.9310344827586	585.7333333333333	598.4666666666667	614.9268292682927	583.4181818181818
NM_001179832.3	360	351.1288766368022	352.64425508006366	355.2160300563557	346.7424511545293	347.8412363891816	352.3424124513619
NM_001179833.1	266	264.5400722021661	262.39496855345914	258.0168471720818	256.26696329254725	264.38394415357766	258.4812712826334
NM_001179834.3	438	433.71428571428567	451.6363636363636	428.27586206896547	449.6896551724138	461.7692307692308	425.1891891891892
NM_001179835.1	178	158.23853211009174	156.42519685039372	172.78048780487805	164.74418604651163	161.8974358974359	161.8974358974359
NM_001179836.3	278	274.4107142857143	264.05940594059405	291.4754098360656	282.4195804195804	276.5777777777777	271.78
NM_001179838.1	412	403.6056782334385	404.8695652173913	399.42576687116565	397.092300334768	402.5624678663239	404.3368421052631
NM_001179839.3	128	126.43137254901963	140.7058823529412	124.22222222222221	117.0	121.60000000000001	124.34782608695653
NM_001179841.3	413	456.0689655172414	417.29090909090905	408.94871794871796	400.1142857142857	399.23684210526324	389.0
NM_001179842.1	299	293.6651583710407	296.5217391304348	281.7073170731707	286.6470588235294	291.35977337110484	286.89903846153845
NM_001179844.1	4087	4083.3149999999996	4078.809338521401	4109.701149425287	4089.2977346278317	4185.5905172413795	4063.0
NM_001179845.3	286	283.3008130081301	275.7894736842105	276.7191011235955	282.73381294964025	305.6666666666667	288.2
NM_001179846.1	634	610.0	613.248136315229	613.7270875763747	612.0926243567753	612.1962196219622	610.0
NM_001179847.3	82	67.90512333965845	68.66631671041121	67.22277039848197	67.8658631415241	68.80657600974223	64.69585987261146
NM_001179849.3	390	377.07417923691213	379.3709232032241	378.0998446860439	376.9615052791586	379.27271938576325	377.5231113511845
NM_001179850.1	269	268.60091743119267	265.4878048780488	261.2251655629139	266.18421052631584	267.94007490636704	264.8648648648649
NM_001179852.1	323	320.99727520435965	318.60655737704917	316.88888888888886	321.22297297297297	320.5558139534884	318.4471544715447
NM_001179853.3	497	477.63725490196083	533.544	473.0	534.8878504672897	499.27777777777777	498.79999999999995
NM_001179854.1	858	867.0297029702971	841.6513761467891	912.1875000000001	867.6290322580646	891.5172413793105	887.2340425531914
NM_001179855.3	192	182.9189189189189	187.1090047393365	190.17821782178217	185.0625	194.835886214442	188.57142857142858
NM_001179856.1	356	341.1316306483301	337.2320916905444	345.57232704402514	343.5860409145608	339.1978319783198	342.142566191446
NM_001179857.3	738	752.8571428571429	740.5145888594164	738.1449275362319	758.625	766.4202531645569	796.11
NM_001179858.1	188	171.23529411764707	181.59386973180077	181.1208791208791	180.47663551401868	177.99317406143345	176.8125
NM_001179860.1	347	341.51592356687894	337.00963855421685	335.32824427480915	349.13485477178426	356.80232558139534	340.19391634980985
NM_001179861.3	343	335.0963302752294	333.76851851851853	339.30000000000007	330.36039886039885	334.5160758450123	335.12638230647707
NM_001179862.1	557	545.0588235294118	549.6852173913044	559.0488721804511	538.2181818181817	536.1169590643275	547.2767857142857
NM_001179864.3	150	147.82352941176472	153.65853658536585	136.69811320754718	144.9526462395543	148.512	138.41379310344828
NM_001179865.1	302	303.27272727272725	314.7169811320755	298.85	289.27027027027026	300.24	309.5909090909091
NM_001179866.3	365	387.5	377.5357142857143	375.1	373.2567567567568	381.11764705882354	393.4615384615385
NM_001179867.1	358	342.2981366459627	346.31336405529953	341.0315789473684	342.7130434782609	346.036036036036	342.2131147540984
NM_001179868.3	580	577.1139240506329	562.2471910112359	590.75	556.0	569.3975903614459	583.8
NM_001179869.1	833	843.8706896551724	850.036231884058	854.2236024844722	840.5194805194806	831.1210937500001	825.0728476821191
NM_001179870.3	315	308.3904382470119	309.25665399239546	310.25735294117646	303.9426111908178	306.5253077975376	309.91950464396285
NM_001179871.1	339	336.24886052871466	335.43893129770987	334.3529411764706	326.7985865724382	331.94620253164555	334.90870786516854
NM_001179872.3	1152	1159.774647887324	1156.1121495327104	1169.1678832116788	1164.0112676056337	1169.6196783349103	1161.422222222222
NM_001179873.1	128	119.12727272727273	119.05263157894737	130.0	123.57647058823531	155.14754098360655	120.7741935483871
NM_001179874.3	606	596.7013372956909	597.1637717121588	601.6179775280899	590.2670454545455	595.4566473988439	598.8695652173913
NM_001179875.1	190	174.51282051282053	193.2537313432836	186.75000000000003	184.44444444444443	186.82656826568265	190.49180327868854
NM_001179876.3	1066	1064.4892086330935	1065.4157303370787	1042.0	1061.847619047619	1070.010752688172	1080.308823529412
NM_001179877.1	340	320.05128205128204	337.94444444444446	334.96	335.89629629629627	332.8533333333333	343.0857142857143
NM_001179878.3	332	320.88212927756655	325.64583333333337	330.6470588235294	325.91689750692524	324.40236686390534	326.50643776824035
NM_001179879.1	905	905.5860465116278	903.4254545454545	914.6994535519126	908.7917981072555	919.304347826087	886.9931972789116
NM_001179880.4	701	706.2530864197531	691.404255319149	684.6931818181819	698.3616504854368	685.5696202531645	687.4690721649484
NM_001179882.3	401	391.4932839277443	392.6857962697274	399.35309734513277	398.564602960969	393.60105382009783	395.0735989196489
NM_001179883.1	596	592.0284866468843	591.7615793470007	588.4638157894736	593.6420734014378	592.1543624161075	588.112676056338
NM_001179884.3	123	118.78951548848293	117.51947148817803	118.28931875525652	113.35198608292258	115.51353739349952	120.65723873441995
NM_001179885.1	1870	1862.4576523031203	1881.1200951248513	1902.2804878048778	1875.6308186195827	1870.6133333333332	1890.5893719806763
NM_001179886.1	1190	1193.2429906542056	1225.2881355932202	1204.2295081967213	1200.936329588015	1227.0761904761905	1177.104761904762
NM_001179889.3	806	782.0	809.6814159292036	799.7727272727274	822.3092783505155	824.2702702702702	818.5420560747664
NM_001179890.1	350	337.8978102189781	341.7741935483871	333.32584269662925	335.78	332.4554455445545	337.8545454545455
NM_001179891.3	649	635.5932203389831	641.4473684210526	654.0697674418604	633.3333333333334	644.2307692307692	644.53125
NM_001179905.1	374	363.1016042780749	366.600790513834	361.3821138211382	361.0236220472441	372.58064516129036	352.6923076923077
NM_001179918.1	618	606.5052631578948	599.3035714285714	598.7142857142858	610.9714285714286	612.0	602.865671641791
NM_001179919.1	440	437.39712918660285	444.38944494995457	448.3455723542117	436.08915304606245	433.5270851246775	447.45017182130584
NM_001179920.1	709	718.8271604938271	712.6007326007326	732.7906976744185	699.6189024390244	718.6885245901639	727.0245398773006
NM_001179921.1	202	199.5164835164835	203.63199999999998	195.5492957746479	208.16949152542375	201.91044776119404	197.07142857142858
NM_001179922.1	249	251.74677608440797	249.4283243658724	248.08662741799833	249.48394495412842	249.1888919439098	245.51209904333146
NM_001179923.1	296	283.7692307692308	280.89719626168227	283.49295774647885	292.48192771084337	283.82608695652175	291.42857142857144
NM_001179924.1	669	660.9653465346535	659.1758241758241	657.1698113207547	664.2948717948718	669.4054054054054	688.3208955223881
NM_001179925.1	617	610.8078078078078	611.224586288416	612.185294117647	606.3846908734052	605.9180497925312	606.2457044673539
NM_001179927.1	370	360.31143552311437	362.555023923445	363.2484266313349	362.0013404825737	359.769197630587	364.7511328955886
NM_001179928.1	201	197.10342639593907	198.7520391517129	189.87584869059165	198.6715712033631	197.85127931769725	192.16201117318437
NM_001179929.1	452	456.6992248062016	448.03289057558504	449.27771428571424	451.9123055162659	451.1869653767821	452.2957095709571
NM_001179930.1	1346	1339.3947368421054	1338.525	1352.0454545454545	1360.4426494345719	1336.3695652173913	1355.05
NM_001179931.1	282	273.52777777777777	273.5421686746988	266.4590163934426	272.6590909090909	266.5148514851485	266.43137254901956
NM_001179932.2	1068	1088.4255319148936	1075.009900990099	1050.96	1082.230985915493	1082.1951219512196	1088.560975609756
NM_001179933.1	1765	1784.5249999999999	1752.9656357388317	1756.544642857143	1745.782967032967	1797.525974025974	1759.7204301075271
NM_001179937.1	363	345.8484848484849	360.3783783783784	356.84210526315786	361.9054054054054	355.95	362.54166666666663
NM_001179938.1	284	288.10810810810807	277.4887892376682	281.8320610687023	271.81818181818187	291.39622641509436	281.125
NM_001179939.1	492	500.2758620689655	491.69620253164555	476.21052631578954	486.72	493.99999999999994	482.62499999999994
NM_001179940.2	426	422.97026604068856	424.6048632218845	421.98245614035085	418.37272446775694	422.4075104311544	419.6476624857468
NM_001179941.1	1024	1016.304347826087	1035.4330708661419	1059.8290598290598	1022.3214285714286	1000.0	1009.1743119266055
NM_001179942.1	827	822.1190476190477	821.7616822429907	818.4423076923077	803.0	807.0555555555555	834.1844660194174
NM_001179943.1	791	785.8220858895705	798.2352941176471	792.8125	779.4715447154472	803.9426605504588	778.6212121212121
NM_001179944.2	498	494.065851364064	492.5670962850645	494.0942063118229	497.23242909987664	494.2074521651561	491.616724738676
NM_001179945.1	505	481.0	481.0	481.0	483.73295454545456	489.4882352941176	480.99999999999994
NM_001179948.1	494	498.33867864015394	501.05928085519923	511.7391304347827	486.32668144863266	496.042216358839	507.9406919275123
NM_001179949.1	154	146.35220125786162	141.12612612612614	141.8181818181818	142.26415094339623	146.74846625766872	142.89256198347107
NM_001179950.1	506	487.90686274509807	494.63670411985015	499.1585760517799	489.94505494505495	489.33637747336377	498.0221606648199
NM_001179952.1	104	95.43859649122807	93.33333333333334	101.33333333333333	105.98290598290599	119.23076923076923	105.64102564102565
NM_001179953.1	687	686.2261146496816	683.8272251308902	670.5340909090909	679.4627539503387	681.2644628099173	682.5
NM_001179956.1	206	192.11728772144164	192.40277777777777	193.21077959576516	191.67689161554193	190.82983345401885	191.80701754385964
NM_001179957.1	774	774.6478873239437	773.5148514851485	799.4186046511629	768.8087774294671	782.0945945945946	778.7539936102236
NM_001179958.1	1220	1223.2437357630981	1215.7359735973598	1208.3724137931033	1217.7814569536424	1210.1706161137442	1210.7654320987656
NM_001179959.1	2138	2157.0503751339766	2139.1106161841126	2156.678331090175	2146.4280496712927	2141.588907014682	2153.485632183908
NM_001179961.1	210	201.09257142857143	202.7959866220736	198.92084006462034	199.40657802659203	200.90894941634244	196.51304347826087
NM_001179962.1	823	819.670272812794	818.480495123781	820.2025139664804	813.3475658419792	824.5319548872181	825.1431492842536
NM_001179964.1	601	608.9446366782007	604.8664772727274	586.2074468085107	621.2536873156342	603.312703583062	583.2043010752689
NM_001179965.1	437	456.1153846153846	457.3719008264463	442.97580645161287	467.83817427385895	485.7753303964758	449.875
NM_001179966.1	199	196.3949843260188	190.695067264574	195.88477366255145	187.40506329113924	189.540059347181	187.91946308724832
NM_001179967.1	834	825.9304084720121	820.68345323741	833.7073170731708	823.475046210721	819.3210586881473	826.10337972167
NM_001179968.1	150	134.4	134.9021739130435	143.5	135.95876288659795	143.76211453744494	136.01324503311258
NM_001179969.1	301	281.3022700119474	283.4649910233393	283.8500772797527	282.9712574850299	283.84178905206943	285.13748531139834
NM_001179970.1	443	443.8721461187215	434.39183673469387	437.53982300884957	441.05263157894734	436.45833333333337	439.51048951048955
NM_001179971.1	530	513.9253012048192	509.2937347436941	507.7358490566038	509.7092241905925	516.2115518441198	512.0671462829737
NM_001179972.1	348	368.1818181818182	331.5348837209302	351.45762711864404	329.9449541284404	350.7216494845361	346.3448275862069
NM_001179973.1	216	219.92727272727274	212.81927710843374	205.7142857142857	219.73333333333332	228.0	234.66666666666666
NM_001179974.1	747	741.7413594470046	744.3945514325974	749.7777777777778	743.7418032786885	745.1443914081145	738.3829787234042
NM_001179975.1	494	487.47211895910783	493.3519944016795	496.80111265646735	493.33824975417895	487.7456968350916	485.2565445026178
NM_001179976.1	165	158.51552795031057	154.7560975609756	159.19354838709677	159.12225705329155	151.27152317880794	162.87931034482762
NM_001179978.1	782	773.5753424657534	764.0802139037434	772.7902439024391	764.064	777.4983922829582	783.7572815533981
NM_001179979.2	441	430.99328859060404	431.2159090909091	433.1941747572816	443.2972972972973	425.72384937238496	435.28947368421046
NM_001179980.1	703	774.2982456140352	715.1170212765957	695.1666666666665	692.7171717171717	731.8111111111111	707.8936170212766
NM_001179981.1	1228	1219.6702819956618	1225.62874251497	1234.4810126582277	1213.3478260869565	1241.7824267782428	1238.3999999999999
NM_001179983.1	358	359.6923076923077	377.80327868852453	372.91262135922335	361.6795580110497	357.73604060913704	358.3541666666667
NM_001179984.2	2273	2319.2812499999995	2295.3029411764705	2318.4135802469136	2293.597733711048	2285.3915857605175	2326.171568627451
NM_001179986.1	495	489.7152317880795	489.84	508.68	484.7853658536585	511.73513513513507	482.39516129032256
NM_001179990.1	330	308.4094488188976	327.59999999999997	336.59999999999997	319.05213270142184	325.125	340.97142857142853
NM_001179992.1	276	252.00000000000003	267.27272727272725	273.0	261.56962025316454	287.53846153846155	257.86046511627904
NM_001179993.3	546	546.65	541.9156626506025	544.8484848484849	531.9113924050633	533.6470588235294	541.7727272727273
NM_001179994.1	673	655.978494623656	669.1240310077519	670.6333333333333	660.2869565217391	672.1785714285713	707.1194029850747
NM_001179995.3	1030	1017.5632183908046	1033.1077844311376	1011.4673913043479	1053.0431654676258	1026.4471544715445	1016.1616161616163
NM_001179996.2	1165	1207.0082644628098	1172.3461538461538	1190.0752688172045	1166.7853107344633	1216.5073529411766	1171.4266666666667
NM_001179998.3	142	159.04347826086956	152.25806451612902	169.43589743589743	151.0757575757576	164.0	159.40350877192984
NM_001179999.1	307	301.28615384615387	308.9694117647059	298.643216080402	301.1309192200557	292.6080246913581	311.6179775280899
NM_001180001.1	119	109.25000000000001	115.54054054054055	114.48717948717947	103.50746268656717	108.57142857142858	103.26086956521738
NM_001180002.3	552	543.6676557863501	544.8729540140297	553.8401305057097	537.9540983606557	540.1771217712177	546.8571428571429
NM_001180003.1	848	824.0	831.3571428571429	845.8278145695365	841.014749262537	838.9818181818181	849.7500000000001
NM_001180004.3	505	502.37777777777774	491.5021834061135	501.3813559322033	499.8627450980392	498.3855421686747	504.578431372549
NM_001180005.2	997	998.0289389067525	991.0663129973474	995.2824427480916	1005.0517647058824	1000.5141388174808	981.5350877192983
NM_001180006.3	290	301.2707182320442	300.46153846153845	279.46835443037975	290.3045685279188	282.0240963855422	289.1304347826087
NM_001180007.1	195	195.87272727272727	188.2075471698113	195.42857142857142	192.50299401197606	187.2857142857143	183.46875
NM_001180008.3	232	208.00000000000003	221.7142857142857	236.6896551724138	217.90476190476193	225.33333333333334	213.94285714285712
NM_001180009.1	476	477.7733428367783	487.53710247349824	482.89798032107717	477.94592198581563	478.734362732269	481.2102391942929
NM_001180010.3	304	300.3636363636364	283.25581395348837	280.0	290.12048192771084	304.13793103448273	280.0
NM_001180012.3	290	300.7659574468085	281.93548387096774	287.28000000000003	287.84	290.77161862527714	292.83333333333337
NM_001180013.1	657	651.6176470588235	652.0171673819743	633.0	649.8053097345132	638.7545454545453	649.3706896551724
NM_001180014.3	118	107.29756097560976	105.05882352941175	102.95238095238095	110.36607142857143	104.81	103.75471698113208
NM_001180015.1	261	257.3622674933569	253.47234042553194	254.19926199261994	248.2857142857143	254.03079710144928	260.14235294117645
NM_001180016.3	541	545.9623745819398	542.762962962963	556.7156334231806	549.831386861314	544.335632183908	556.5026809651474
NM_001180017.1	269	261.369710467706	257.1739130434783	257.7956989247312	261.7631578947369	255.9627118644068	260.3980446927374
NM_001180018.3	480	472.08060453400503	472.20304568527916	480.74418604651163	473.43909348441923	468.6852122986823	470.4761904761905
NM_001180021.1	335	339.5783783783784	332.1425438596491	331.1185983827493	334.59111933395	333.53623188405794	328.07450980392156
NM_001180025.1	87	80.60995457986374	80.63218714768884	79.5496688741722	77.79404832056571	82.25128733264675	79.95152198421646
NM_001180027.1	109	103.80902043692741	103.71857923497267	99.53947368421053	98.60435339308579	103.25	100.51825677267374
NM_001180028.3	92	75.73983739837398	79.06976744186048	78.73684210526315	78.05633802816901	80.16260162601625	77.15384615384616
NM_001180029.1	38	30.863636363636363	32.43097643097643	41.10365853658537	37.464174454828665	32.451708766716195	40.86923076923077
NM_001180030.3	249	234.54598145285934	233.7853906224893	234.8633606403602	232.17416267942582	232.96943652200724	233.96204311152763
NM_001180031.1	83	74.35502121640737	76.65530303030303	72.77594339622641	74.5373665480427	73.49399198931908	72.77149877149877
NM_001180032.3	77	70.9680170575693	71.12199312714776	71.89108910891089	73.71626984126985	68.61991869918698	68.14285714285715
NM_001180033.1	214	215.25316455696202	212.5241935483871	215.0217076700434	218.5078318219291	212.4102564102564	216.7229254571027
NM_001180036.1	116	113.05725288831835	115.28613894087856	123.40785498489426	112.63463744106028	114.38433361510283	120.22727272727273
NM_001180047.1	435	419.4742268041237	420.09963099631	421.0387931034483	421.17755532139097	419.7261146496815	420.629392971246
NM_001180048.2	1750	1752.5334358186012	1743.6228228228229	1745.2044506258694	1746.5157622739018	1746.6868160500262	1760.0893970893972
NM_001180056.2	1751	1727.0	1727.0	1727.0	1727.0	1727.0	1727.0000000000002
NM_001180057.1	184	169.68309607268043	170.54476551397443	172.50276446737928	168.13028716119007	168.60734532906088	170.62264837965773
NM_001180058.2	94	87.68166089965396	84.50276243093921	86.78082191780821	85.6969696969697	87.05696202531645	83.35526315789474
NM_001180059.1	60	47.45454545454546	48.407766990291265	50.74285714285715	48.466431095406364	45.959016393442624	46.94273127753304
NM_001180060.3	425	421.7925925925926	430.7885714285714	441.6811594202899	415.0701754385965	419.5433526011561	454.4666666666667
NM_001180061.3	198	201.98601398601397	200.33513513513512	190.11111111111111	197.8477157360406	188.1375	197.51351351351352
NM_001180062.1	561	573.6136363636364	583.5765306122449	559.0307692307692	560.4702797202798	578.5011709601873	557.3067226890756
NM_001180063.1	155	146.8905325443787	150.99551066217734	149.80382775119617	149.5770171149144	146.94782608695652	145.35616438356163
NM_001180064.3	426	432.765306122449	443.9478260869565	420.0384615384615	423.984375	420.94240837696333	411.7258064516129
NM_001180065.3	276	270.0	272.7692307692308	274.68	270.07594936708864	268.1095890410959	263.8125
NM_001180066.1	432	420.97633136094674	425.3298374410068	435.2852664576802	424.428662016487	426.54545454545456	424.4676409185804
NM_001180067.3	160	156.6060606060606	160.72727272727272	165.14285714285714	152.135593220339	160.8253968253968	173.77777777777777
NM_001180069.1	226	237.43859649122808	234.9578947368421	219.95555555555555	218.83333333333334	237.7522123893805	214.82539682539684
NM_001180071.1	102	90.38823529411765	94.68208092485548	91.61904761904762	89.71104815864022	89.92941176470589	93.6
NM_001180072.3	614	603.7209302325582	617.0229007633587	621.0526315789474	602.7567567567568	606.5034965034965	609.8876404494382
NM_001180073.1	322	316.0043600124572	314.85837470603605	311.37536735239115	311.99136535348083	311.43860693555587	311.2768269491986
NM_001180074.1	305	292.60692871419053	294.3541770885443	295.55689176688253	293.71908539430706	292.38227848101263	293.02723735408557
NM_001180076.3	502	498.4857142857143	510.1730769230769	525.016393442623	520.0640000000001	500.33644859813086	524.8627450980392
NM_001180077.1	220	213.5	205.0	205.11627906976744	204.68965517241378	212.23668639053253	214.0923076923077
NM_001180078.1	1278	1287.0579964850615	1295.202857142857	1284.678899082569	1272.8855421686749	1294.9803921568628	1285.9490445859872
NM_001180079.3	526	511.76653696498056	519.8074324324324	505.30263157894734	516.8009828009829	521.4183381088825	522.3513513513514
NM_001180081.1	386	380.30086313193584	379.5054744525548	375.338792221085	375.7397366382649	377.58173913043476	373.1083032490975
NM_001180084.1	615	602.2215189873418	611.4971098265895	617.4626865671642	601.0738636363636	601.8773006134969	598.2073170731708
NM_001180086.1	415	398.37735849056605	415.43749999999994	398.24074074074076	391.0	391.00000000000006	391.0
NM_001180087.2	759	735.0	747.3876404494382	777.2413793103448	756.1728395061727	754.9728260869564	743.3522727272726
NM_001180088.1	386	376.20255474452557	380.7722494744218	378.16071428571433	378.38683127572017	375.9710544452102	375.1318016928658
NM_001180089.1	525	519.5555555555555	521.0400000000001	518.0795454545455	508.2961165048544	513.3703703703703	506.1649484536082
NM_001180090.2	990	983.96449704142	980.0353758686039	988.640625	982.9694209499023	984.1715575620767	988.5525291828794
NM_001180094.1	956	965.9791666666667	956.9961685823755	953.84375	975.8119658119657	954.512077294686	953.5076923076923
NM_001180095.1	457	443.3712574850299	441.3806451612903	449.037037037037	442.7853107344633	435.9256756756756	439.3676470588235
NM_001180099.1	849	869.1089108910891	850.6006006006006	856.3484708063022	852.8861154446178	860.8268887566924	859.7946725860156
NM_001180101.1	557	533.0	540.1304347826086	548.4492753623189	538.4111675126904	536.1169590643275	533.0
NM_001180102.1	261	255.71052631578945	241.32876712328766	247.2155172413793	248.73267326732673	245.4642857142857	245.36470588235292
NM_001180103.1	435	425.1724137931035	441.82499999999993	430.1162790697675	420.032967032967	433.09677419354836	452.0999999999999
NM_001180104.1	301	296.9280575539568	289.0434782608695	304.0243902439025	285.70157068062827	290.2694610778443	297.0240963855422
NM_001180105.1	168	169.87234042553192	169.59375	167.17808219178085	165.85915492957747	160.190800681431	167.02194357366773
NM_001180106.1	306	297.2021563342318	293.8487394957983	294.0232558139535	303.1830985915493	299.0909090909091	297.80172413793105
NM_001180110.1	270	262.3470967741936	262.86398258977147	256.62634989200865	266.0232558139535	267.6281879194631	261.4478672985782
NM_001180111.1	298	286.765391014975	291.8600953895072	285.78494623655916	294.56285178236396	288.64587973273944	282.4307692307692
NM_001180112.1	180	180.54545454545456	172.90402476780184	181.8343949044586	168.2257053291536	166.1628664495114	176.17241379310346
NM_001180113.1	481	459.65697674418607	467.9855769230769	486.48387096774195	471.8016194331983	467.33936651583707	481.0526315789474
NM_001180114.1	356	363.9949937421777	359.230642729889	363.51260726072604	359.16915574519965	359.888950759685	356.9
NM_001180115.1	828	811.0218340611353	825.5632183908046	815.0896551724137	838.2790697674419	810.8717948717948	816.0902255639097
NM_001180116.1	323	303.2112676056338	309.3103448275862	305.7954545454545	311.8602150537634	315.0752688172043	313.23809523809524
NM_001180117.1	1785	1797.1436716077537	1794.2264150943397	1800.893203883495	1795.2416666666668	1812.069	1800.4706896551725
NM_001180119.1	783	778.6204081632653	780.5672131147542	784.1139705882352	772.0362595419847	781.1144640998959	784.9096385542169
NM_001180120.1	51	43.20538384845464	44.20565552699229	41.81818181818182	45.3438202247191	45.2479427549195	41.91996951219512
NM_001180122.1	615	635.6974789915967	628.2437810945273	625.234756097561	630.593137254902	616.2996575342466	624.5583596214511
NM_001180123.1	152	140.46247464503043	140.88590604026845	145.57746478873239	143.40162601626017	143.0293542074364	142.64406779661016
NM_001180124.1	337	336.26351351351354	330.38888888888886	341.9814814814815	330.55140186915884	331.3288288288288	335.9024390243903
NM_001180125.1	423	421.2542819499341	422.5072181037846	426.598233995585	422.1976744186046	416.4103858636855	421.1822660098522
NM_001180126.1	54	47.47572815533981	50.294117647058826	39.09836065573771	49.11290322580645	57.14285714285714	42.23300970873787
NM_001180129.1	633	624.0784044016506	617.413390010627	623.3107049608356	616.2608047690014	615.4351585014409	613.0
NM_001180131.1	198	193.5711775043937	192.03937007874015	198.51381215469615	192.3399209486166	193.56078431372552	191.55963302752295
NM_001180132.1	979	1071.0280373831777	1015.1048951048951	982.0283018867924	1028.867403314917	1014.6874999999999	974.4897959183675
NM_001180133.1	695	697.0715746421267	688.6288998357965	704.55	684.9791666666666	696.6842105263157	707.8059071729958
NM_001180134.1	108	98.36228391828182	97.49259826442064	99.27775947281714	95.27653387612678	98.64509215602229	99.57087583538515
NM_001180135.1	289	281.00671140939596	289.8993288590604	281.7368421052632	293.53846153846155	277.3666666666667	300.12048192771084
NM_001180136.1	1044	1047.2	1055.8793969849246	1044.2857142857142	1028.6440677966102	1056.060606060606	1064.3478260869565
NM_001180137.1	338	341.21604139715396	336.1307456588355	324.5251396648045	332.93320964749535	332.0979827089337	325.5078534031414
NM_001180139.1	604	625.3125	587.5324675324675	615.1515151515151	605.7777777777778	607.6190476190476	592.8888888888889
NM_001180140.1	101	102.3360171765969	99.23602569359028	95.5479619981612	94.15435049856576	97.64902825412379	92.98159314503332
NM_001180141.1	194	178.33392539964476	179.44444444444446	179.15785077951003	179.0840538256517	178.21363603288947	179.03305529811553
NM_001180142.1	138	123.57974452554744	124.82657332014307	128.1388166449935	123.08002639268545	125.46140035906643	129.06474820143885
NM_001180143.1	441	432.74773413897276	435.5476218716641	440.2563903950426	432.56127080181545	435.8300013980148	436.47980997624705
NM_001180145.1	268	267.21238938053096	268.3503054989817	267.7602996254682	262.8659793814433	266.1073825503356	275.3394495412844
NM_001180146.1	256	238.92537313432837	235.26760563380282	237.79999999999998	242.64220183486236	249.84615384615387	237.79999999999998
NM_001180147.1	523	528.628125	519.0543735224586	512.4864864864865	507.18032786885243	513.9273504273505	517.3119266055046
NM_001180148.1	479	470.16666666666663	486.59722222222223	509.3283582089552	463.37423312883436	465.8333333333333	466.2345679012346
NM_001180149.1	426	405.02255639097746	406.8727272727272	402.00000000000006	413.48571428571427	412.30769230769226	413.48571428571427
NM_001180150.1	450	454.4	449.932584269663	434.875	457.8504672897196	479.25	442.7058823529412
NM_001180151.1	141	128.4310344827586	132.62125340599457	134.4375	129.58352402745996	128.3324607329843	136.8421052631579
NM_001180152.1	738	732.1333333333333	741.2649164677804	746.9032258064517	726.9147286821706	740.0992167101828	760.2
NM_001180154.1	812	808.4640809443508	805.5478124181295	802.8603465851172	809.7546012269939	813.4193548387096	816.3660768761439
NM_001180156.1	429	418.04156908665107	418.91611925214755	415.5684995340168	422.3988711194732	419.4642857142857	423.7163029525032
NM_001180157.1	189	174.16666666666669	178.02631578947367	178.52459016393442	179.1935483870968	173.59375	184.64285714285717
NM_001180158.1	336	325.3475935828877	332.37551020408165	322.8521739130435	334.6394557823129	328.88888888888886	326.70157068062827
NM_001180159.1	349	343.0800542740841	342.7608232789212	346.31493506493507	340.1554404145078	340.32096288866603	341.3484848484849
NM_001180160.1	508	490.48214285714283	495.0839694656489	500.98245614035085	491.27819548872185	496.7368421052631	502.6153846153846
NM_001180161.2	1092	1082.3248882265275	1082.019093078759	1086.5970149253733	1085.0788912579958	1089.1223733003708	1104.1159420289855
NM_001180162.1	472	462.4158415841584	468.7969052224371	473.7910447761194	462.53435114503816	472.36820083682005	476.8367816091954
NM_001180164.1	397	398.43181818181824	384.4769230769231	401.1509433962264	383.50704225352115	391.96610169491527	385.86206896551727
NM_001180165.1	554	553.3823529411764	564.7161572052402	573.4426229508197	548.1506849315068	541.3978494623656	553.1875
NM_001180166.1	346	322.0	345.41818181818184	336.6363636363636	330.58666666666664	343.11475409836066	332.38709677419354
NM_001180167.1	301	289.59090909090907	291.6754966887417	292.38888888888886	293.29411764705884	286.719298245614	285.47959183673476
NM_001180169.1	145	138.49397590361446	142.86746987951807	132.9016393442623	143.0	136.61290322580646	133.3469387755102
NM_001180170.1	260	239.11345646437996	242.67924528301884	246.140625	241.54207436399219	241.68674698795178	245.91596638655463
NM_001180171.1	1431	1439.3076923076924	1438.183510638298	1444.5494505494507	1424.8251689189187	1430.087837837838	1428.6092150170648
NM_001180172.1	635	644.6771653543308	621.0714285714286	625.3764705882353	630.5296803652968	617.9828571428571	637.8571428571429
NM_001180174.1	348	350.03571428571433	334.31847133757964	339.6144578313253	332.8363636363636	330.70344827586206	343.6363636363636
NM_001180175.1	721	723.0373563218391	711.6877394636015	712.4317343173432	709.5711422845691	720.2887828162291	700.2418604651162
NM_001180176.1	880	865.2374100719425	868.0224719101124	870.1098901098901	869.7747126436781	871.5636363636363	867.5156950672646
NM_001180178.1	302	295.59493670886076	302.8955223880597	285.31578947368416	287.0406504065041	283.97849462365593	308.05405405405406
NM_001180179.1	169	160.89912280701753	163.72372372372374	154.24019607843138	159.67469879518072	157.97368421052633	156.38429752066116
NM_001180180.1	144	155.74468085106383	157.0059880239521	144.72361809045225	144.82758620689657	149.247311827957	132.37113402061857
NM_001180181.1	804	789.7297297297297	796.5957446808511	792.0930232558139	798.2527301092044	793.4482758620691	800.466472303207
NM_001180182.1	135	134.68	130.98	126.57894736842105	142.1578947368421	135.7864077669903	117.34285714285714
NM_001180183.1	307	301.9026717557252	308.8815592203898	299.669344042838	300.37045084193375	301.2691839220463	297.61890838206625
NM_001180184.1	153	155.41935483870967	156.43809523809523	157.2704837117473	150.5220061412487	154.88440567066522	163.15809893307468
NM_001180185.1	830	815.939274611399	817.4663893510816	821.4429797670141	815.6753113365002	816.1531007751938	824.1480727642794
NM_001180186.1	303	288.1475409836066	295.2919708029197	298.92857142857144	308.25	304.95348837209303	294.0810810810811
NM_001180187.1	406	406.9635258358663	403.5508849557522	401.23741007194246	396.3365617433414	404.24163027656476	400.6993006993007
NM_001180188.1	286	298.13793103448273	284.925	284.45714285714286	271.7037037037037	307.5652173913044	278.9032258064516
NM_001180189.1	101	106.9699074074074	105.4756335282651	106.58631033542406	103.93748152527343	107.52514158228934	102.58132992327366
NM_001180190.1	435	424.341749323715	425.7505809450039	424.924827951297	420.5488867376573	422.87727528617	424.40217391304344
NM_001180191.1	810	823.6353591160222	807.4009900990098	807.1955056179775	812.1757631822387	813.7039274924472	811.4460431654677
NM_001180192.1	432	420.1188118811881	417.95121951219517	431.3142857142857	421.3770491803279	417.41538461538465	420.17910447761193
NM_001180193.1	364	353.7909516380655	350.4347826086957	353.24675324675326	345.2369668246445	349.30232558139534	351.3875598086124
NM_001180194.1	20	0.0	0.0	0.0	0.0	0.0	0.0
NM_001180195.1	197	186.99013806706117	184.2371601208459	186.81597222222223	180.7907284768212	186.1809523809524	179.5904761904762
NM_001180196.2	115	103.44839449541284	103.59616832021896	107.23719632304662	102.6915442902166	103.8655909767369	105.3739837398374
NM_001180197.1	176	183.340206185567	183.64269492808478	179.18699186991867	184.0568720379147	180.38125	178.11453744493392
NM_001180200.1	1728	1724.2696272799365	1726.174556876823	1725.8291925465837	1724.8490969120219	1728.747716092762	1722.2499008330028
NM_001180201.1	685	681.0810126582279	680.3741379310345	667.045731707317	674.6672932330827	681.7372549019608	681.7282229965157
NM_001180202.1	278	279.768115942029	271.6039603960396	285.1020408163265	267.2521739130435	265.75925925925924	270.5652173913043
NM_001180203.1	523	519.9243391066545	516.8285033743549	516.0963597430407	515.6994698475812	515.1878536401358	517.568812758417
NM_001180204.1	351	336.79041916167665	340.4567901234568	343.1197183098592	344.81322957198444	348.48175182481754	346.8181818181818
NM_001180205.1	1196	1180.5422740524782	1183.4184361728703	1179.0205915387496	1178.0049008687904	1183.0592120783203	1190.3351173322355
NM_001180206.1	486	525.4117647058823	552.1463414634146	504.0	589.2173913043479	571.6271186440678	462.0
NM_001180207.1	440	428.0818481848185	428.40849342770474	426.1923774954628	429.6842105263158	425.7747062888735	424.3534136546185
NM_001180208.1	805	788.9128672745694	786.527246992215	783.1785216178522	784.4513888888889	784.7220015885624	782.1604754829123
NM_001180209.1	992	968.0	992.1999999999999	1017.6410256410256	994.6422018348624	981.8285714285714	968.0
NM_001180210.1	417	399.1820224719101	404.7063829787234	394.77828054298647	398.1516853932584	401.0	407.2909090909091
NM_001180213.1	605	596.6109813084112	599.8075240594926	610.8254620123203	594.4301507537689	595.0187667560322	603.4477272727272
NM_001180215.1	422	412.0470588235294	425.5115207373272	406.9774436090226	414.65271966527195	437.79999999999995	423.0708661417323
NM_001180216.1	517	493.0	509.0325203252032	500.82539682539675	511.125	500.7637795275591	493.0
NM_001180217.1	113	97.544	100.28964059196618	102.05333333333333	102.8970099667774	104.11007462686568	103.93706293706295
NM_001180219.1	510	503.99999999999994	506.3560209424084	492.6575342465753	508.54639175257734	510.3	497.1724137931035
NM_001180220.1	501	490.76907216494845	491.45852852025354	499.4663986214819	489.0138781804163	488.97945205479454	496.3636363636364
NM_001180221.1	449	438.20388349514565	436.0389610389611	441.887417218543	442.1925566343042	436.56987295825775	443.61313868613144
NM_001180224.1	750	739.7351351351351	742.7071129707114	757.1953125	737.5851063829788	732.2051282051283	743.2857142857143
NM_001180225.1	186	176.24755700325733	180.05901639344265	178.10526315789474	174.87692307692308	181.52876712328768	169.07766990291262
NM_001180226.1	192	186.04026845637586	192.68041237113403	189.10552763819095	194.95702005730658	192.0625	195.55555555555554
NM_001180227.1	714	709.1257995735608	715.8048780487806	720.8247422680413	703.15424610052	726.5376782077394	721.3636363636364
NM_001180228.1	381	373.538338658147	372.0554592720971	376.2323232323232	377.31451257168067	376.53994082840234	376.22065313327454
NM_001180230.1	523	505.2375	550.8441558441559	512.1315789473683	523.5409836065573	518.0095238095238	525.2631578947369
NM_001180231.1	2140	2141.234438627109	2136.854457941783	2134.233520034468	2136.0989617848463	2144.550077841204	2139.6831683168316
NM_001180233.1	290	289.5282555282555	317.0860927152318	282.6829268292683	311.5269230769231	301.2530120481928	284.43564356435644
NM_001180234.1	582	573.1493212669683	575.7142857142858	573.8522727272727	572.3896848137537	587.2827988338192	583.5085714285715
NM_001180235.1	339	327.85714285714283	323.75	342.9113924050633	329.8909090909091	328.24766355140184	331.57894736842104
NM_001180236.1	703	678.9999999999999	697.3513513513514	731.2307692307693	679.0000000000001	716.7222222222222	679.0
NM_001180238.1	525	522.7826086956522	538.2171428571429	531.09009009009	517.2662337662338	524.1408775981524	520.177033492823
NM_001180239.1	299	287.3134328358209	300.0	292.0353982300885	287.3134328358209	309.375	282.9326923076923
NM_001180240.1	542	557.8461538461538	543.5352112676056	559.6781609195402	533.3254437869822	553.4188034188035	563.325
NM_001180241.1	80	70.32558139534883	74.18181818181819	81.66666666666667	74.08333333333334	78.54545454545455	78.06060606060606
NM_001180242.1	423	410.569374550683	413.32221283783787	414.69670050761425	412.2608973539563	413.00719741480606	416.30702900444214
NM_001180244.1	20	0.0	0.0	0.0	0.0	0.0	0.0
NM_001180245.1	1066	1052.68403064231	1055.8528047439147	1055.6087306556938	1057.0201905514143	1057.4392620351687	1056.5720678724595
NM_001180248.1	372	356.47402597402595	359.9015047879617	369.0909090909091	360.9384615384616	363.34566145092464	368.2121212121212
NM_001180249.1	452	439.523076923077	446.2682926829268	449.6708860759494	440.40579710144925	439.35278514588856	434.3880597014925
NM_001180250.2	956	961.7159420289855	960.144018583043	977.9730941704036	950.2745098039217	951.5752625437573	964.6381322957197
NM_001180251.2	115	99.44112536201902	99.23333333333333	101.7174418604651	98.50782361308677	99.45015489713242	100.88069705093835
NM_001180252.1	176	179.77056145675266	178.84469696969697	180.48737261852017	178.85959163095538	178.6317991631799	174.7532923617208
NM_001180253.1	370	363.34818941504176	361.8253638253638	355.35135135135135	359.34435261707995	359.630303030303	365.96153846153845
NM_001180255.2	1268	1272.0924548352816	1273.6568752660708	1280.8592592592593	1276.1774572817055	1282.3721393034825	1271.4080894442616
NM_001180258.1	295	285.7535816618911	289.02789699570815	283.26244343891403	283.5231053604436	288.70045045045043	288.22457627118644
NM_001180260.1	183	185.5	185.1044776119403	224.79310344827587	187.05882352941177	193.98000000000002	173.90625
NM_001180261.1	281	277.1757009345794	273.8130841121495	274.55900621118013	265.9502487562189	274.99719887955183	268.62311557788945
NM_001180262.1	244	268.125	248.42105263157893	258.5964912280702	247.23809523809524	241.3265306122449	252.80701754385964
NM_001180263.1	618	601.8157894736842	603.8181818181819	632.016	607.8139534883721	625.4285714285714	605.3142857142858
NM_001180265.1	322	317.45169712793734	310.89749430523915	313.10599078341016	308.8820224719101	307.419540229885	317.0837438423645
NM_001180267.1	533	554.7185628742515	545.3571428571428	546.2439024390244	550.8356164383562	536.7636363636364	526.7558139534884
NM_001180268.1	151	142.431855500821	147.60654596100278	143.87870967741935	143.6347607052897	148.12859712230215	141.7246376811594
NM_001180269.1	334	323.4782608695652	325.34653465346537	315.6363636363636	318.15789473684214	321.48148148148147	343.38461538461536
NM_001180272.1	205	191.8755364806867	194.6063303659743	199.029296875	201.89212513484358	196.96449026345934	199.06525911708252
NM_001180273.1	220	214.9938144329897	223.95409836065573	217.30434782608697	212.70967741935482	220.76923076923077	218.69473684210527
NM_001180275.1	1087	1076.1776859504132	1081.0169491525423	1090.2564102564104	1077.211229946524	1088.9268292682927	1081.5406976744187
NM_001180277.1	202	192.0242424242424	194.090395480226	191.1851851851852	187.3306451612903	191.15652173913043	180.91803278688525
NM_001180279.1	145	139.15	138.85977859778598	138.07361963190183	135.0073891625616	134.44444444444443	139.35862068965517
NM_001180280.1	919	920.9420289855072	928.9873417721519	915.3409090909092	921.8500000000001	944.7222222222223	894.9999999999999
NM_001180284.1	644	637.2222222222222	645.6086956521739	654.4444444444445	643.5294117647059	635.4228855721392	630.2057613168726
NM_001180285.1	546	541.5444617784711	548.0314960629921	549.635294117647	541.3333333333334	543.0418604651163	547.2871972318339
NM_001180286.1	347	332.9646350639578	331.39214501510577	339.251572327044	333.862512363996	335.1710144927536	338.0317820658343
NM_001180287.1	581	578.2346041055719	576.4614457831326	575.5666666666667	570.4121813031162	574.9677419354839	579.9145569620254
NM_001180289.1	608	611.9274344894696	609.1162152504824	615.7965027797621	600.5057112174168	608.9883203248701	608.8132718894009
NM_001180290.1	330	328.66666666666663	317.4179104477612	326.4	332.1219512195122	324.9931034482759	328.39024390243907
NM_001180292.1	31	18.22413793103448	25.87878787878788	74.66666666666666	19.486486486486488	17.956521739130437	24.9375
NM_001180293.1	453	485.09999999999997	445.3949044585987	469.5810810810811	462.7415730337079	466.4295302013423	485.7794117647059
NM_001180294.1	741	727.2428571428571	743.2774869109949	717.0	736.2914798206278	743.8395721925133	742.6071428571429
NM_001180295.1	162	145.60169491525423	153.33333333333331	153.86206896551724	147.14457831325302	147.7329974811083	148.89473684210526
NM_001180296.1	307	299.80522565320666	303.297131147541	297.7089397089397	297.29751403368084	298.79967159277504	297.8473767885533
NM_001180297.2	385	390.6058201058201	382.1923076923077	385.6837606837606	379.6165919282511	385.86479591836735	368.05078125
NM_001180300.2	1012	1016.7209302325581	1001.6589861751153	1035.5	1043.7333333333333	1018.0913705583757	1014.2300884955753
NM_001180301.1	118	111.75555555555555	105.5438596491228	107.11627906976744	99.58415841584157	108.56338028169014	105.75
NM_001180308.1	378	386.1818181818182	375.0297029702971	369.61764705882354	435.19266055045875	404.0606060606061	428.5263157894737
NM_001180309.1	746	735.009009009009	756.8107142857142	751.5699658703071	739.2840043525572	741.628841607565	741.0837004405286
NM_001180310.1	196	181.69732937685458	184.26078132927447	186.71905274488697	185.85234899328862	187.50393224440413	188.5251509054326
NM_001180311.3	205	197.67105263157896	195.77551020408166	187.46428571428572	197.8372093023256	189.61904761904762	201.98550724637678
NM_001180312.1	455	459.10869565217394	461.06976744186045	501.16279069767444	484.0461538461538	511.81250000000006	584.9285714285714
NM_001180313.1	390	391.93700787401576	382.42307692307696	398.43037974683546	393.45	387.38961038961037	370.575
NM_001180314.3	896	899.6338028169014	880.5073170731707	900.1290322580645	879.9092970521541	883.7520215633424	884.3981042654028
NM_001180315.3	219	222.24264705882354	202.0360824742268	211.12781954887217	200.85000000000002	200.76354679802955	202.6470588235294
NM_001180319.1	1496	1493.20245398773	1495.0858849887975	1494.6057142857142	1491.2607131174354	1487.491660047657	1491.7822191592006
NM_001180320.3	357	347.77599201397555	346.746079802894	352.3316923648523	346.1910211267606	346.9629799519711	353.7059877175026
NM_001180321.3	203	187.52380952380952	195.11	189.32692307692307	200.74766355140187	204.85555555555555	198.45652173913044
NM_001180322.1	642	689.860465116279	632.5411764705882	644.8695652173913	654.7128712871287	618.0	639.3103448275862
NM_001180324.3	89	81.8103448275862	72.87878787878788	72.98245614035088	71.25	80.6	80.16666666666666
NM_001180325.3	1045	1047.7979002624672	1035.5560081466394	1049.8962264150941	1030.686907020873	1033.604938271605	1048.8454545454545
NM_001180327.1	395	383.33240997229916	385.03309692671394	392.70744680851067	391.27322404371586	388.60677966101696	399.1327014218009
NM_001180328.3	227	216.76271186440678	223.52808988764045	222.03125	230.52542372881356	214.38317757009344	214.768115942029
NM_001180329.3	394	402.56	389.13793103448273	389.2207792207792	388.7817258883249	381.74603174603175	389.07216494845363
NM_001180331.1	457	443.98883962696834	444.64006185321756	452.8786868427802	441.2370480302212	442.9865980988001	449.11662531017373
NM_001180333.3	151	135.17995853489978	135.06893716970052	135.45610254083485	134.79378153754823	136.77805373673516	136.934177549136
NM_001180334.3	565	552.6344086021505	562.2156862745098	549.1969696969697	562.748743718593	585.7443609022557	563.5416666666667
NM_001180335.1	884	866.0992907801418	878.0672268907563	874.9565217391305	873.8152610441767	863.6909871244635	898.3928571428572
NM_001180336.1	1009	1008.6002522068096	993.0009025270759	998.8084112149533	998.8148667601682	991.6425818882467	997.5477707006369
NM_001180339.3	116	101.75757575757576	103.15151515151516	107.33333333333333	102.95238095238096	106.88235294117648	101.6842105263158
NM_001180340.1	193	197.77001127395715	195.202752293578	194.9051094890511	185.96425855513306	188.50493545937738	197.42372881355934
NM_001180341.1	315	305.4843376692328	306.1831184528606	301.13790970933826	311.89260284810126	308.47534996956784	301.9031007751938
NM_001180342.3	785	770.4730290456431	766.831417624521	761.0	765.6830769230769	769.5827067669172	775.0925925925926
NM_001180343.3	365	354.2857142857143	354.76359143327846	356.05840455840456	357.02558001189766	358.4375	359.76697892271665
NM_001180344.1	495	488.9184782608695	496.13457076566124	500.4375	492.3122171945701	488.36876355748376	502.05494505494505
NM_001180345.1	586	572.8924216027875	572.9150858175249	575.1075754836377	572.1100529100529	573.7032748639074	575.6219491668069
NM_001180346.3	1086	1087.1999999999998	1090.464582003829	1122.2553191489362	1098.5977443609022	1093.001497005988	1114.8422330097087
NM_001180347.3	1086	1089.855737704918	1090.738007380074	1124.9790697674418	1101.6948529411764	1096.1080291970804	1121.2802850356295
NM_001180348.1	1086	1068.0685714285714	1064.9768745620183	1072.0731707317073	1067.9164345403901	1069.8926507018991	1070.4959999999999
NM_001180349.1	198	190.47337278106508	191.22772277227722	199.91489361702128	194.17391304347825	189.08670520231215	194.82051282051282
NM_001180351.3	226	221.97802197802199	229.67123287671234	208.9655172413793	204.24444444444444	221.0566037735849	216.42857142857142
NM_001180352.1	323	322.56097560975616	322.03938356164383	310.99691358024694	321.7394822006473	320.35714285714283	311.2397660818714
NM_001180353.1	105	96.97183098591549	100.45275590551181	91.64233576642336	95.07335907335907	90.95901639344262	96.42857142857142
NM_001180354.3	599	584.4594594594595	587.5912408759124	587.9943502824858	590.3674832962139	595.0180072028812	591.5637860082304
NM_001180355.3	357	353.4294478527607	360.2531969309463	348.20547945205476	349.72966507177034	342.61417322834643	348.9956331877729
NM_001180357.1	627	633.6981818181819	615.6377245508982	631.8862275449102	617.0699999999999	616.572347266881	637.705035971223
NM_001180358.1	243	235.25717661777992	235.7842689971856	239.95039051979532	238.08433400216083	238.56960932441186	241.89651499010805
NM_001180359.3	329	324.8373983739838	333.6933797909408	330.41666666666663	327.69345238095235	352.7391304347826	352.89256198347107
NM_001180360.3	699	709.129213483146	702.5510204081633	703.8109756097562	712.5	701.0869565217391	679.3269230769232
NM_001180362.1	290	291.35902636916836	285.31034482758616	278.40816326530614	289.06642066420665	290.4597701149425	283.9124579124579
NM_001180363.1	439	427.6550998948475	435.6561085972851	426.06666666666666	425.7096774193549	429.8514517218096	425.3620474406991
NM_001180364.3	200	185.75519630484987	185.51351351351352	189.4351145038168	183.98962386511025	184.52042360060514	189.07739938080493
NM_001180365.3	537	551.9620253164558	544.9200000000001	524.5714285714286	535.3854545454545	531.2490118577076	533.6854838709678
NM_001180367.1	143	125.93203883495144	141.82191780821915	125.26315789473684	122.44927536231883	130.24409448818898	134.19148936170214
NM_001180368.3	1020	1008.5245508982036	1008.2854625550661	1005.7127659574467	1010.3613231552163	1005.8613861386139	1015.4386617100371
NM_001180369.3	534	582.8571428571429	572.0	554.88	560.7792207792209	554.7368421052631	527.2881355932203
NM_001180370.1	556	553.9874213836478	552.572591587517	555.0635838150289	549.7221873035827	547.9281437125749	550.8920454545455
NM_001180371.1	144	125.9504132231405	134.89051094890513	126.15384615384615	132.0388349514563	125.07692307692308	125.7142857142857
NM_001180372.3	146	132.93139361877996	132.64262538240473	132.74178316822517	130.35650406504064	132.41678726483357	133.06890089295558
NM_001180375.1	219	229.04761904761904	211.71428571428572	217.1590909090909	221.15853658536585	217.94117647058823	211.95652173913044
NM_001180376.3	305	296.80625	300.45384615384614	300.719298245614	298.6313725490196	291.3594470046083	303.48
NM_001180377.3	921	909.9064748201439	901.9833333333333	905.97	939.9186602870814	930.6374999999999	925.9354838709677
NM_001180379.1	186	177.70588235294116	179.58637083993662	182.01988636363637	178.7085201793722	180.18611521418018	181.2
NM_001180380.3	522	519.4523076923077	522.7696335078534	521.8173913043478	511.80776340110907	526.8863109048724	519.9705882352941
NM_001180381.3	164	149.03225806451616	156.15384615384613	151.11111111111111	144.66666666666666	164.0625	151.35135135135135
NM_001180382.1	891	898.5522151898734	894.3140243902438	890.2232142857143	889.8688906128782	902.2648809523808	887.4555353901995
NM_001180383.1	303	317.33587786259545	296.43750000000006	289.08433734939763	302.7784090909091	294.08108108108104	289.7307692307692
NM_001180385.3	333	331.0617756396239	330.72806471686374	334.9608401566394	327.67095010252905	327.41034965034964	328.97121054457165
NM_001180387.1	106	113.79591836734694	105.42857142857143	105.17391304347825	100.68354430379748	93.53125	104.16216216216216
NM_001180388.3	987	974.9380165289256	985.3304347826088	987.379746835443	969.7030162412993	976.8760806916426	991.3235294117648
NM_001180389.1	920	914.2113821138211	913.8604651162791	915.4782608695651	911.0167597765363	916.9066666666668	911.8117647058823
NM_001180391.3	387	380.3315649867374	378.5742574257426	383.6772151898734	368.0504347826087	370.4385245901639	376.86458333333337
NM_001180392.3	194	185.9375	180.7163323782235	175.0	188.71069182389937	183.47560975609755	182.46666666666667
NM_001180394.1	75	59.65342960288809	61.11570247933884	60.43150684931506	61.822164948453604	60.80222841225627	61.236234458259325
NM_001180395.3	273	262.61718750000006	260.44827586206895	257.61095100864554	263.841059602649	263.7774480712166	266.17241379310343
NM_001180396.3	377	356.6391752577319	355.67424242424244	381.9344262295082	375.7076023391813	362.4765100671141	380.4555555555555
NM_001180397.1	864	883.1999999999999	871.7647058823529	863.2411067193677	865.4545454545454	864.4444444444445	871.8987341772151
NM_001180398.1	305	318.1132075471698	305.51677852348996	333.94202898550725	293.69032258064516	287.3383458646617	299.24675324675326
NM_001180399.3	603	592.0487421383648	593.3879759519039	590.2645914396886	593.6279283417547	598.4112100576218	593.4884151992585
NM_001180400.3	148	131.0234375	131.22768670309654	133.06312292358805	136.56883509833585	135.21033210332104	130.09248554913293
NM_001180401.1	1607	1590.550079491256	1602.2813641900123	1605.886746987952	1603.2948717948718	1596.8859649122808	1606.8403614457832
NM_001180404.1	889	884.1160220994475	889.3172690763051	872.7232142857143	881.0780669144981	888.9170506912443	874.0104166666666
NM_001180405.3	1237	1230.6650485436892	1229.1553829078803	1255.9127358490566	1230.0330992978936	1245.8223529411764	1246.8511627906976
NM_001180406.4	245	234.8255924170616	236.1183704842429	241.8290734824281	233.07363420427552	236.484076433121	245.88738738738738
NM_001180407.3	268	260.21965317919074	259.498764211567	260.282748393475	255.99468556244466	259.70389213940473	259.29588766298895
NM_001180408.3	138	138.7	133.2	121.26114649681529	131.71847507331378	132.01724137931035	129.64705882352942
NM_001180409.1	588	583.4631901840492	583.1517671517671	586.9652694610778	592.0885375494071	589.9736842105264	580.9276944065484
NM_001180411.1	912	900.0	893.2700296735904	902.4	900.0542986425339	898.3016241299305	888.0
NM_001180412.3	1240	1307.7735849056605	1274.8387096774193	1216.0	1216.0	1232.888888888889	1216.0
NM_001180413.3	468	463.646017699115	468.58631921824104	464.1818181818182	455.6842105263157	458.71084337349396	450.72727272727275
NM_001180415.1	667	687.7860696517414	704.0145985401459	675.15	667.6445993031359	665.4825174825176	664.5771812080537
NM_001180416.3	693	675.0818181818181	676.5593220338983	690.5806451612902	697.5548780487804	695.5827814569536	683.5434782608696
NM_001180417.3	710	699.4509803921569	755.4683544303798	751.9615384615385	738.7692307692307	736.8148148148148	761.03125
NM_001180418.1	561	554.243119266055	553.78125	543.1724137931035	556.4096385542169	548.3771186440678	544.7826086956521
NM_001180419.1	502	485.20603015075375	498.19718309859155	498.7826086956522	510.2972972972973	490.0504201680672	489.3809523809524
NM_001180421.3	368	349.51871657754015	356.63673469387754	349.504	356.04	356.2130177514793	348.3
NM_001180423.1	100	88.21428571428571	90.5432098765432	95.0	95.00000000000001	92.77922077922078	88.37209302325581
NM_001180424.1	280	303.70186335403724	284.9391304347826	298.66666666666663	281.1428571428571	288.65306122448976	282.9473684210526
NM_001180425.3	560	567.2785145888595	567.1161048689139	556.9078014184397	568.3898635477583	558.3824175824176	551.4403292181071
NM_001180426.3	647	652.3176470588235	655.4479166666667	634.5370370370371	644.2991452991454	643.3152173913044	644.859649122807
NM_001180427.1	763	765.2965328467153	770.1899251191287	770.3135593220339	776.2096018735363	770.5811965811967	764.5886426592797
NM_001180428.3	565	572.9986244841816	577.7450365726228	577.6779661016949	588.2512266928361	582.5200458190149	570.6578449905481
NM_001180429.3	191	178.71929824561403	182.1818181818182	181.36559139784947	178.92857142857144	180.49494949494948	181.59223300970874
NM_001180430.1	1059	1042.5364077669904	1047.4271012006861	1044.3243243243244	1052.8790786948177	1042.9007633587785	1039.5796460176991
NM_001180431.1	299	286.4583333333333	296.484375	287.5	285.71428571428567	304.4642857142857	281.1111111111111
NM_001180435.1	1583	1574.7302972457048	1576.081031727916	1580.6262749898	1577.0071079520214	1576.7204856626195	1580.59472743521
NM_001180436.3	1143	1132.1647058823528	1167.6521739130435	1146.2926829268292	1138.9821428571427	1182.942857142857	1139.7222222222224
NM_001180437.3	637	629.18606079214	634.3000239635753	633.2596789423985	633.8044933078394	636.8968087139308	627.2127016129033
NM_001180438.1	286	265.7971014492754	277.1570247933884	283.08045977011494	276.7375	282.86725663716817	266.5964912280702
NM_001180439.1	551	543.46875	558.0	554.7368421052631	566.9242424242424	588.1014492753624	559.9375
NM_001180440.3	490	500.7761194029851	489.0123456790124	483.2592592592593	505.38028169014086	481.2786885245901	501.84615384615387
NM_001180442.3	1510	1530.14791403287	1512.5982100800754	1510.658515283843	1511.5521589606421	1513.2535534158644	1524.2934860415176
NM_001180444.1	658	679.2857142857143	642.1282051282051	650.0506329113924	651.3224043715848	650.5751633986929	688.6551724137931
NM_001180445.1	747	745.4766839378239	747.0999999999999	776.955223880597	737.4599999999999	736.9038461538461	750.1804511278194
NM_001180446.3	72	67.61739130434782	69.0	67.53488372093024	62.15668202764977	62.1871921182266	66.6
NM_001180447.3	216	212.57142857142856	223.2888888888889	221.16455696202533	213.33333333333334	211.47826086956522	213.873417721519
NM_001180448.1	1693	1690.5553505535054	1692.8738621586476	1712.0154639175257	1685.7738693467338	1696.6490963855422	1704.044619422572
NM_001180449.1	370	369.5909090909091	390.03636363636366	355.6111111111111	381.1014492753623	388.5846153846154	357.53333333333336
NM_001180450.3	605	598.2403560830861	604.24	597.0497237569061	598.1302211302211	596.797583081571	586.4299065420561
NM_001180451.3	591	600.1094890510949	599.3190000000001	603.5806451612904	593.566265060241	607.7973568281938	601.4506329113924
NM_001180452.1	534	523.8910505836576	519.2727272727273	523.2467532467533	520.5621301775149	526.1264822134387	532.3232323232323
NM_001180453.1	704	705.0387596899226	699.6651445966514	713.5211267605633	687.6190476190476	701.3612565445027	706.1538461538462
NM_001180454.3	529	511.3522012578616	542.875	542.4074074074074	520.3030303030303	528.1887755102041	525.1999999999999
NM_001180455.3	458	452.4781659388646	453.8517350157729	465.06163021868787	453.2888888888889	454.1376	458.688622754491
NM_001180457.1	2743	2728.869328493648	2739.412912912913	2738.655421686747	2733.5179252479024	2740.15953307393	2754.377323420074
NM_001180458.1	320	310.09523809523813	310.01183431952666	311.1794871794872	312.0	310.4831804281345	301.22352941176473
NM_001180459.3	260	256.8558139534884	256.87364620938627	258.0149253731343	254.03146067415727	255.42857142857142	257.1794871794872
NM_001180460.3	406	406.9733656174334	407.1006160164271	401.6617647058824	404.4178403755868	404.08092485549133	390.68181818181813
NM_001180462.1	157	141.55061250805932	143.058565828914	142.5282401902497	141.98880296439503	142.08820946755012	142.7355841051688
NM_001180463.1	132	130.11275964391692	129.75728155339806	139.7064220183486	125.94561933534743	130.37837837837836	132.84
NM_001180465.3	360	355.3093881595244	353.64102564102564	354.7161803713528	355.1254065775208	353.5463756819953	355.22858087992057
NM_001180466.3	1296	1272.0	1277.007874015748	1292.6829268292681	1281.1510791366907	1288.591304347826	1292.352
NM_001180468.1	382	370.0167832167832	369.1875	376.93269230769226	367.35721200387223	370.5320886814469	371.08817204301073
NM_001180469.3	231	212.09016393442624	225.1578947368421	219.2970297029703	226.66968325791854	226.7696629213483	230.21495327102807
NM_001180470.3	170	148.1159420289855	159.77358490566036	159.5813953488372	148.51724137931035	153.39240506329114	152.95238095238096
NM_001180471.1	719	711.8145161290322	726.8320610687024	719.4718309859155	739.8387096774194	738.987341772152	728.0952380952381
NM_001180472.1	439	441.3674033149171	439.3614830072091	439.9624060150376	426.93948412698415	433.68167202572346	430.6973995271868
NM_001180473.3	966	965.3553719008265	976.7052631578947	961.3230769230769	962.5901639344262	970.9846153846154	953.2142857142858
NM_001180474.3	201	193.97260273972603	192.81443298969072	197.4793388429752	188.60655737704917	189.272	189.39
NM_001180475.1	501	497.2118644067796	496.8993865030675	503.21581769436995	494.9677130044843	491.864774624374	499.42946708463944
NM_001180476.1	508	509.4736842105263	498.52	505.35294117647055	500.8481012658228	498.18315018315025	484.0
NM_001180477.3	2004	2005.4685777287762	2003.0743618201998	2014.8308525033829	2016.2988585264613	2017.714285714286	2000.3374908290534
NM_001180478.1	370	370.7142857142857	372.1837837837838	346.0	374.5232974910394	377.0859375	372.6153846153846
NM_001180479.3	680	666.5680190930788	667.1586522734707	667.0696991929567	666.0554071157362	668.4932214331827	669.8207715133532
NM_001180480.3	350	366.3298969072165	347.52830188679246	339.5833333333333	339.67832167832165	347.55371900826447	352.08
NM_001180481.1	241	246.90628445424477	243.207729468599	239.6557911908646	243.21476510067114	239.54835390946505	247.68686868686868
NM_001180482.1	314	303.8695652173913	308.83116883116884	316.02564102564105	318.65269461077844	306.8932038834951	317.53164556962025
NM_001180483.3	697	687.6304347826087	683.9430894308944	702.0086206896552	688.1479099678456	701.1589958158995	712.5882352941176
NM_001180484.3	210	198.29535864978902	198.45828437132786	201.01181102362204	199.66530612244898	196.99792531120332	197.69142857142856
NM_001180485.1	176	173.96531791907515	165.71428571428572	181.55555555555557	161.34426229508196	174.01869158878503	165.70491803278685
NM_001180486.1	157	158.5769230769231	161.68627450980392	153.46153846153848	145.25	158.22413793103448	164.29411764705884
NM_001180487.3	458	434.0	451.13157894736844	434.0	457.4594594594595	441.2333333333333	434.0
NM_001180488.3	1488	1476.4067796610168	1476.5128205128206	1490.4578313253012	1484.10989010989	1469.2285714285715	1473.5064935064934
NM_001180489.1	476	469.1645569620253	460.6095238095238	460.6923076923077	468.4363636363637	462.1573033707865	463.3
NM_001180490.1	486	476.74468085106383	471.92578125	475.72277227722765	472.78276481149015	475.0403225806451	479.6
NM_001180491.3	225	232.8658536585366	239.82954545454547	230.17741935483872	224.41747572815532	215.88888888888889	231.66101694915255
NM_001180492.1	289	291.3612565445026	310.6896551724138	318.36805555555554	274.74264705882354	302.8571428571429	304.75
NM_001180494.3	872	873.0887573964496	876.6486486486485	863.3484162895927	865.2669683257918	856.0379146919432	878.9771689497718
NM_001180496.3	541	529.7995145631068	528.5158264947245	529.7606581899776	530.2769183168317	530.3562970936491	529.9602179836512
NM_001180497.1	661	644.5720653789004	652.2238993710691	646.5074626865671	653.3580060422961	660.2058287795993	651.5244299674267
NM_001180498.1	458	450.0614173228347	447.48811700182813	455.4644149577805	454.24345847554036	456.1579305650102	457.2588369441278
NM_001180499.3	365	366.575	361.6666666666667	366.575	378.296875	349.0235294117647	363.7333333333333
NM_001180500.3	425	416.4826254826255	424.95911949685535	418.1857142857143	413.09045226130655	413.78550724637677	432.59393939393937
NM_001180502.1	659	659.208211143695	662.0655737704918	660.895390070922	653.0782918149466	654.5841121495328	657.0413223140496
NM_001180503.3	528	520.1095890410959	517.6677966101695	523.6363636363636	516.3302752293578	521.2307692307692	523.236641221374
NM_001180504.3	236	218.01418439716312	221.3529411764706	222.7070707070707	226.6595744680851	223.45945945945948	224.61904761904762
NM_001180505.1	384	399.45205479452056	386.80851063829783	366.10169491525426	392.35955056179773	372.70588235294116	373.33333333333337
NM_001180506.1	474	512.7906976744185	464.3617021276595	482.7272727272727	506.25000000000006	505.4794520547946	469.5652173913044
NM_001180508.3	599	583.0985915492957	593.2539682539682	610.0609756097562	593.1962025316456	575.0	631.3725490196078
NM_001180509.3	160	149.46534653465346	150.4918032786885	142.0	145.2991452991453	142.60194174757282	149.07692307692307
NM_001180510.1	346	385.79245283018867	324.53543307086613	339.1733333333333	350.0	341.5151515151515	372.3125
NM_001180512.1	330	331.3241379310345	326.1758241758242	331.76842105263154	327.85714285714283	322.9145728643216	327.6637168141593
NM_001180513.3	719	735.4497354497355	762.5303643724695	720.1811594202899	749.2198581560284	762.7330508474575	752.9166666666667
NM_001180514.3	879	907.4292452830189	899.0343347639486	869.9127906976744	874.0706319702601	874.7004608294932	886.6666666666667
NM_001180515.1	831	810.15234375	818.6956521739131	812.3443708609271	817.9054054054054	813.6970954356847	812.7642857142857
NM_001180516.1	774	773.8095238095239	769.7022767075306	776.470588235294	764.3312101910827	773.1958762886599	754.9833887043189
NM_001180518.3	70	62.799019607843135	62.357563850687626	60.949999999999996	65.02372881355933	65.32342007434944	63.95614035087719
NM_001180519.3	707	707.4364937388193	699.913328477786	698.1217712177121	704.9048370136699	702.8568294020844	702.0506198347107
NM_001180520.1	554	558.3245064997592	552.0980653769179	556.193838254172	547.1959905038249	551.4679196370706	553.0668016194332
NM_001180521.1	908	901.592039800995	886.8424437299034	884.0	900.446511627907	923.78	932.6605504587156
NM_001180522.3	345	334.0314830157415	337.14968944099377	334.10204081632656	329.9216231239578	334.46998063266625	332.4361179361179
NM_001180524.3	1318	1347.032786885246	1317.9629629629628	1329.9444444444443	1302.6555183946487	1328.622073578595	1326.759493670886
NM_001180525.1	1304	1300.398406374502	1301.0823529411764	1279.9999999999998	1295.0234741784036	1314.909090909091	1280.0
NM_001180527.3	460	461.8370370370371	464.7715736040609	443.1475409836066	462.26506024096386	453.09803921568624	490.5
NM_001180529.3	697	695.7085889570552	700.3708133971292	691.0267857142858	698.6032608695652	686.9792284866469	705.047619047619
NM_001180530.1	410	406.7248322147651	399.9518072289157	404.13422818791946	403.12096774193554	405.74883720930234	401.9175257731959
NM_001180532.3	126	110.75883069427528	111.26817288801571	112.45021645021644	107.61690007120816	108.75856816450876	113.05960945529291
NM_001180533.3	127	118.24698310539019	115.63101720758004	121.74831460674157	114.91396011396012	118.66810717372515	120.26232318902701
NM_001180534.1	217	217.07158671586717	214.09118988086482	218.02204672589667	213.36471103327497	210.69139910164697	218.1168662997734
NM_001180535.1	1353	1334.6313559322034	1345.4074074074074	1355.4039735099338	1344.963963963964	1350.6097560975609	1339.2230769230769
NM_001180536.3	621	620.1844660194174	614.8504983388705	628.6291390728476	618.7883211678832	611.560975609756	607.8545454545454
NM_001180537.3	448	450.63874345549743	441.74883720930234	428.1980198019802	429.4358974358974	445.6818181818182	450.5
NM_001180539.1	200	182.60000000000002	194.05128205128204	187.2340425531915	193.45454545454547	184.58536585365854	185.51351351351352
NM_001180540.1	543	534.781928757602	548.1028037383178	533.7652916073969	535.1466666666666	536.5676982591876	531.7166921898929
NM_001180541.3	290	279.0861736334405	277.2115137496788	273.7702044790652	284.3636363636364	281.4718208092486	276.17109526895655
NM_001180542.3	688	695.7703349282298	692.9617021276596	699.0951374207189	693.9471228615863	686.5890778871978	682.393351800554
NM_001180543.1	539	551.7857142857142	577.5357142857143	551.7857142857143	551.3141025641025	568.5600000000001	522.6865671641791
NM_001180544.1	213	197.51351351351352	201.0	199.64788732394368	203.175	208.1123595505618	204.42857142857144
NM_001180545.3	287	278.1004784688995	276.8943396226415	277.4109589041096	269.575	275.0919540229885	279.29203539823004
NM_001180546.3	968	977.0313075506446	969.184165232358	968.7589285714286	965.6849642004773	967.2917271407838	964.6057298772168
NM_001180547.1	782	781.4432989690721	774.4782608695651	770.3252032520325	788.5421245421245	784.7136563876652	790.1575757575757
NM_001180548.1	487	488.5448275862069	495.60563380281695	482.7021276595745	471.2678571428571	495.05384615384617	475.8611111111111
NM_001180551.3	583	571.609022556391	565.245810055866	569.9607843137255	572.6341463414634	575.6510638297873	568.3949579831933
NM_001180552.1	607	600.7434782608697	601.4281609195402	598.2418300653594	591.1424581005585	599.5222672064777	593.2280701754386
NM_001180553.1	388	382.0956022944551	391.46067415730334	380.54545454545456	386.71619613670134	396.7407407407407	391.82165605095537
NM_001180554.3	214	213.75000000000003	216.20689655172413	213.4567901234568	216.07843137254903	215.7058823529412	219.38144329896906
NM_001180555.1	456	432.0	477.81818181818176	447.70909090909083	443.2207792207792	451.0588235294117	442.5365853658536
NM_001180556.1	188	181.36470588235295	168.15189873417722	181.78313253012047	176.86274509803923	176.0842105263158	188.19672131147541
NM_001180559.3	825	816.2364130434781	836.7893617021277	843.8518518518518	812.8842729970327	827.619335347432	809.3874345549739
NM_001180560.1	144	142.32558139534885	129.86301369863014	123.42857142857142	132.92307692307693	132.72727272727272	130.9090909090909
NM_001180562.3	453	429.0	441.4347826086957	429.0	451.1896551724138	458.5862068965517	470.5161290322581
NM_001180565.1	489	485.79268292682923	489.29104477611946	476.2048192771084	486.4615384615384	479.78798586572435	474.0
NM_001180566.3	806	805.9200000000001	801.3372898120673	802.2941176470589	800.0343473994111	798.628735632184	800.5031133250311
NM_001180568.1	165	154.59036144578315	157.87179487179486	146.56578947368422	161.14285714285714	158.79611650485435	155.1
NM_001180569.1	557	546.0	553.2172413793103	553.9392857142857	553.6835820895523	551.5137111517367	560.2866894197953
NM_001180570.3	267	256.27868852459017	270.2755102040816	263.08264462809916	271.1587982832618	265.3163265306123	269.4130434782609
NM_001180572.1	759	750.2392344497607	749.7632711621234	754.0086206896551	744.3977119784656	745.625	753.7659574468086
NM_001180574.3	634	633.1136738056014	633.3948863636364	638.1793478260869	633.2380952380952	633.036253776435	631.5755627009646
NM_001180575.3	325	310.5253164556962	318.61951219512196	313.9462365591398	326.3855421686747	324.4926829268293	321.52272727272725
NM_001180576.1	374	355.6910569105691	368.42105263157896	368.6666666666667	370.5882352941177	367.3267326732673	358.33333333333337
NM_001180578.1	999	1008.2764505119454	993.1114551083591	1026.8617021276596	989.6616541353383	985.8938547486034	1012.2950819672132
NM_001180580.3	269	268.30866807610994	271.7781402936379	266.10769230769233	266.7241379310345	264.97282608695656	261.4376996805112
NM_001180584.1	50	38.07582938388626	40.26829268292683	40.879207920792076	36.373604060913706	39.094300518134716	39.3170731707317
NM_001180587.3	345	347.02702702702703	356.4789473684211	354.9519230769231	354.65322580645164	355.5692307692308	342.11842105263156
NM_001180588.1	300	291.87220447284346	285.71830985915494	286.26976744186044	290.5263157894737	287.0676691729323	287.6455696202532
NM_001180591.3	1654	1688.4039087947883	1663.8018433179723	1704.090909090909	1672.155172413793	1699.6581196581196	1674.054054054054
NM_001180592.1	284	274.07643312101914	276.25	269.76525821596243	281.6666666666667	275.9288537549407	272.0675105485232
NM_001180594.3	109	97.4390243902439	96.5909090909091	93.71794871794873	106.79487179487181	106.54929577464789	95.625
NM_001180595.3	287	287.4020618556701	273.8082191780822	285.2253521126761	284.55737704918033	282.72499999999997	286.9090909090909
NM_001180596.1	298	279.16981132075466	283.9036144578313	286.45454545454544	288.61333333333334	284.40506329113924	274.0
NM_001180597.1	404	391.1764705882353	401.762114537445	411.9083969465649	406.7605633802817	401.11111111111114	394.0740740740741
NM_001180599.3	1072	1055.762962962963	1076.3243243243244	1076.3243243243242	1076.3243243243244	1060.8588957055215	1066.3859649122808
NM_001180600.3	616	609.1760154738878	618.2694136291601	607.578947368421	610.6163522012579	613.4127659574467	602.8424908424909
NM_001180601.1	1245	1237.4752623688155	1244.8561278863233	1230.892361111111	1235.8540145985403	1239.1937086092714	1237.9080118694362
NM_001180602.1	584	583.9024390243902	581.8181818181818	589.1666666666667	592.6903553299492	592.8445747800587	586.801007556675
NM_001180603.3	669	667.2413793103448	670.3651685393257	667.8723404255319	667.1323529411765	685.0621118012422	656.1206896551724
NM_001180604.3	221	208.5204678362573	223.14218009478674	221.84684684684683	213.26605504587155	216.59116022099448	219.42276422764226
NM_001180605.1	344	340.4007285974499	335.0759878419453	337.6231884057971	335.3191489361702	334.0	336.10738255033556
NM_001180606.1	207	203.5553822152886	202.30549450549452	196.43844492440604	200.3688845401174	198.28588235294117	201.431654676259
NM_001180607.3	529	519.9353049907578	523.0118890356671	528.2853025936599	520.8916083916084	522.8571428571429	533.2122905027933
NM_001180608.3	423	426.42716857610475	434.0267175572519	440.4151898734177	438.2137592137592	439.81292059219385	415.2661870503597
NM_001180609.1	1352	1355.6666666666667	1354.3682310469312	1336.9729729729731	1351.2611464968152	1354.7056672760511	1328.0
NM_001180610.1	214	212.3529411764706	208.45323741007192	209.94475138121547	205.6164383561644	206.00732600732601	212.35294117647058
NM_001180611.3	880	875.4144329896908	869.2302936630603	874.6666666666666	876.9803921568628	876.3436928702013	862.2481751824816
NM_001180612.3	220	219.83552055993	215.169383416017	222.44640605296343	210.26452064380686	214.18711656441718	214.66666666666666
NM_001180613.1	212	204.63716814159292	208.14285714285717	222.63157894736844	217.9090909090909	225.1358024691358	230.20408163265304
NM_001180614.1	473	479.4406779661017	456.5462184873949	456.87719298245617	458.65591397849465	465.87969924812023	467.7083333333333
NM_001180615.3	657	643.079617834395	658.9426229508197	650.3424657534247	654.0498812351543	652.0245901639345	652.4171779141104
NM_001180616.3	135	130.95505617977528	126.85714285714285	140.07142857142856	132.56115107913666	139.5	140.11475409836063
NM_001180617.1	378	368.7736757624398	365.5483061480552	371.22627737226276	361.5399361022364	362.7515451174289	365.82816229116946
NM_001180618.1	1057	1053.4150197628458	1068.215909090909	1066.5027027027027	1041.6083333333333	1073.4377224199288	1057.3058823529414
NM_001180619.3	637	623.2166666666667	617.0866666666667	622.3587786259542	621.7571428571429	615.0433333333334	633.7094594594595
NM_001180620.3	448	445.7943925233644	449.32743362831854	436.1142857142857	443.3145336225596	445.5401069518717	442.0
NM_001180621.1	281	312.07142857142856	259.8241758241758	264.7878787878788	293.7142857142857	270.0126582278481	290.81578947368416
NM_001180624.3	466	464.1	474.2291666666667	442.0	464.1	462.5581395348837	481.2888888888889
NM_001180627.1	269	267.6851851851852	279.1860465116279	275.625	278.17708333333337	276.0126582278481	270.7894736842105
NM_001180628.1	663	660.3647416413373	660.3891213389121	663.8155339805826	647.8224852071006	647.3858267716536	658.79203539823
NM_001180629.3	376	366.12758766370933	373.0950354609929	375.46666666666664	370.54637315048717	372.5525054466231	370.73116793365585
NM_001180630.1	362	362.375	358.199203187251	355.8941176470588	356.4924012158055	366.8683274021352	365.63522012578613
NM_001180632.3	771	749.0484460694698	750.0242914979757	748.9503916449086	748.0026845637584	750.3224610822832	747.9576923076922
NM_001180633.1	1030	1038.2435897435896	1039.0610328638497	1048.2689075630253	1033.6156862745097	1049.0374331550802	1023.1965811965812
NM_001180634.1	1433	1471.8216560509554	1469.3857142857144	1449.5732984293195	1447.898773006135	1453.494736842105	1461.3614864864865
NM_001180636.3	189	177.7299703264095	179.0221187427241	181.33663366336634	175.4655870445344	174.0	177.91666666666669
NM_001180637.3	436	438.92810457516345	443.8674033149171	453.2	438.95327102803736	447.02	434.8888888888889
NM_001180638.1	495	495.7894736842105	493.251968503937	493.078125	483.65373134328365	495.05106382978727	485.71875
NM_001180639.1	406	412.1261829652997	411.605	424.995670995671	401.69955156950675	396.91540130151844	412.3174603174603
NM_001180641.3	718	709.3088235294118	719.9170124481328	714.4870848708487	716.1489361702127	709.9118165784832	721.871485943775
NM_001180642.1	1509	1505.4827586206895	1499.5588235294117	1511.5178571428573	1508.3858267716535	1514.1176470588234	1529.1089108910892
NM_001180643.1	1219	1212.2190201729106	1220.1285046728972	1225.4282407407406	1210.4051565377533	1208.0887185104052	1219.0442655935615
NM_001180645.3	281	273.7608695652174	269.2913043478261	270.036231884058	272.0655172413793	270.59134615384613	259.3153153153153
NM_001180646.1	690	685.0285714285715	692.6400000000001	707.625	674.7631578947369	670.4399999999999	686.1818181818181
NM_001180647.1	184	186.508875739645	184.8421052631579	177.53424657534248	179.81308411214954	185.130890052356	178.16593886462883
NM_001180649.3	602	599.1358208955223	597.1140594059406	592.2886762360446	598.5038167938931	596.969111969112	592.8271827182718
NM_001180650.3	565	547.8994748687172	550.7054398148148	545.1722365038561	550.2775991425509	551.7742908871455	550.0610837438423
NM_001180651.1	565	547.1757990867579	549.2692533803645	545.2101167315175	548.9085002707093	550.2648318042814	548.5513459621137
NM_001180653.1	562	560.1612620508326	554.6528674515762	554.2813435317593	555.5581589958159	556.3039314516129	554.3496603503754
NM_001180654.3	476	475.54538279400157	476.92535305985206	471.9720930232558	467.53920386007235	466.23372988103574	468.8447204968944
NM_001180655.3	316	326.06666666666666	312.2934362934363	298.6363636363637	298.76821192052984	304.7510917030568	296.11267605633805
NM_001180656.1	494	478.0571428571429	487.22137404580155	491.86046511627904	479.1330343796712	482.1178637200737	484.38775510204084
NM_001180657.1	591	604.9581589958159	614.6756756756756	600.1578947368421	609.4285714285714	602.4375	613.3584905660377
NM_001180659.3	859	851.8120805369128	856.7447916666666	855.7711442786069	857.5122549019609	854.9336870026525	860.5612244897958
NM_001180660.1	312	324.7659574468085	305.15744680851066	321.8823529411765	314.0740740740741	317.3333333333333	304.39024390243907
NM_001180661.1	314	308.4417072472071	308.83546034639926	309.6856492027335	304.9963583394028	305.7928893905192	305.0407201028719
NM_001180662.3	375	372.9375	371.92052980132445	368.69747899159665	368.3703071672355	365.175	364.81889763779526
NM_001180664.3	939	953.661971830986	935.9010152284264	936.9161676646706	931.9837587006962	927.0792079207921	928.4558823529412
NM_001180665.1	117	106.28571428571429	110.5945945945946	103.52830188679245	96.57692307692308	97.65	99.19999999999999
NM_001180666.1	552	549.4416243654822	548.5714285714286	545.0322580645161	537.9154929577466	546.2068965517242	553.7560975609756
NM_001180667.3	977	971.9337748344369	972.9581151832462	1006.5393258426967	953.0	958.2944444444444	981.3069306930694
NM_001180669.3	278	258.7597955706985	260.9416149068323	265.5746835443038	268.95661157024796	263.1907894736842	264.26808510638296
NM_001180670.1	667	681.3880597014926	664.8707482993198	663.9673913043478	697.1138613861385	692.4615384615385	662.4848484848486
NM_001180671.1	451	432.77027027027026	463.0120481927711	444.7916666666667	443.91089108910893	432.144578313253	436.4888888888889
NM_001180672.3	450	434.9684210526316	432.60465116279073	432.55384615384617	438.52941176470586	435.0	444.2571428571428
NM_001180673.1	623	609.570588235294	611.4566003616637	611.0237226277372	608.9766822118587	609.7146507666099	617.0421686746988
NM_001180675.1	216	212.64516129032256	217.45454545454547	213.33333333333334	211.57647058823528	212.9182879377432	211.52542372881354
NM_001180676.1	307	306.0411877394636	314.13216195569134	315.3654114365412	308.31032412965186	308.2197278911565	317.6831812255541
NM_001180677.3	849	847.6027397260274	838.5245901639344	875.7692307692308	843.609022556391	852.0491803278687	885.6617647058822
NM_001180678.3	437	425.1470588235294	429.35643564356434	458.88888888888886	435.5859375	444.0860215053764	413.0
NM_001180679.1	506	500.5384615384615	494.05	487.0736842105263	487.4157303370786	505.43055555555554	488.02500000000003
NM_001180680.1	340	335.421926910299	330.8397790055248	342.5865384615385	326.78498293515355	332.11442786069654	329.1666666666667
NM_001180681.3	185	187.9402390438247	178.62426035502958	180.29032258064515	176.7843137254902	180.6968085106383	182.98678414096915
NM_001180683.1	451	431.5425531914894	474.04237288135596	462.58333333333337	469.69999999999993	444.60824742268045	456.44827586206895
NM_001180684.3	488	474.91764705882355	481.42723004694835	489.5748031496063	476.82949308755764	485.70760233918134	489.7777777777778
NM_001180685.3	96	98.25414364640883	99.37327188940093	111.1813953488372	99.10588235294118	93.62737642585552	114.33333333333333
NM_001180686.1	81	72.8140243902439	69.65051020408163	73.10313901345292	67.63212435233162	70.23770491803278	67.41095890410959
NM_001180687.1	1004	991.3294797687861	1030.3557312252965	1057.3684210526317	1038.6324786324788	1009.6969696969697	1040.1754385964914
NM_001180688.3	630	633.9692307692308	629.0308788598575	632.2211538461538	625.1185468451243	631.7008928571429	626.8965517241379
NM_001180689.1	221	214.57319304666055	213.78381256656016	213.0071275837491	209.9586628324946	214.90172697368422	211.49232012934522
NM_001180690.3	105	103.74526066350711	103.09696755994358	103.77150192554558	98.67168204400285	99.53693181818181	98.47058823529412
NM_001180692.1	270	256.0158887785501	254.19418851878103	255.73101265822783	255.33954154727795	256.5742092457421	258.02255639097746
NM_001180693.1	837	835.1820043601771	836.7182382834557	833.3945267958951	835.884209940756	835.7891267805009	830.4453691137684
NM_001180694.3	627	700.2580645161289	630.0	657.8181818181819	630.4090909090909	663.3000000000001	656.6
NM_001180696.1	477	478.20400593471805	479.6635687732342	475.2617142857143	471.7411347517731	471.31871144619606	472.77150192554564
NM_001180697.1	649	656.0430463576158	643.4811827956989	662.8787878787878	637.8299120234605	658.5173501577287	639.1242937853107
NM_001180698.3	631	661.8258064516128	640.0233160621761	639.8791666666667	625.2314487632508	647.1517509727627	614.9087947882736
NM_001180699.3	227	225.8375	212.4418604651163	222.51923076923077	210.44954128440367	212.90243902439025	223.59420289855075
NM_001180700.1	332	324.0695652173913	342.7042253521127	311.6666666666667	334.1509433962264	322.8076923076923	318.0983606557377
NM_001180701.1	451	439.55882352941177	451.056338028169	487.99999999999994	437.0470588235294	440.92391304347825	444.7916666666667
NM_001180702.3	423	408.027149321267	409.1859956236324	406.5080645161291	407.8546195652174	409.09875930521093	405.93913043478256
NM_001180703.3	939	938.1146025878004	934.1057648660917	940.2955195424213	934.4767184035477	940.2446642373765	943.2595993322203
NM_001180705.1	141	125.19000000000001	130.6046511627907	131.72727272727272	125.08755760368663	128.16818181818184	123.44036697247707
NM_001180706.1	638	623.0073349633252	633.0019342359767	632.9506172839506	627.4495238095237	627.0638297872341	637.6153846153846
NM_001180707.3	216	208.23791821561338	202.40963855421685	201.28	204.16374269005846	203.44501541623845	199.57894736842104
NM_001180708.3	335	362.8333333333333	366.7940199335548	354.43575418994413	350.20168067226894	346.6482213438735	365.08695652173907
NM_001180712.3	166	167.5808823529412	167.41477272727275	169.72380952380954	166.6768292682927	164.60207612456747	167.44508670520233
NM_001180713.3	258	249.09677419354838	254.40697674418604	243.88732394366198	266.22754491017963	268.0927152317881	251.01818181818183
NM_001180714.1	1524	1500.0	1500.0	1515.544041450777	1500.0	1509.5541401273883	1500.0
NM_001180715.1	1284	1294.1860465116279	1325.3048780487804	1281.3559322033898	1290.566037735849	1296.0	1280.3225806451612
NM_001180716.3	209	206.16915422885572	202.48031496062993	203.34710743801654	205.28074866310163	199.1943734015345	204.02857142857144
NM_001180717.3	899	908.6538461538462	900.1436781609195	885.1744186046512	905.8823529411766	912.4331550802139	929.0123456790125
NM_001180718.1	234	240.0	231.84	230.32258064516128	243.90134529147983	232.5	234.60937499999997
NM_001180719.1	336	337.6941176470589	337.8343949044586	321.04347826086956	337.67581047381543	341.98198198198196	317.5221238938053
NM_001180720.3	230	230.15172413793104	217.05365853658537	217.1078431372549	217.5244755244755	221.64556962025316	228.49425287356323
NM_001180722.4	357	355.9655172413793	351.84905660377353	351.09782608695656	350.5263157894737	343.2461538461539	355.5762711864407
NM_001180723.1	369	370.2439024390244	377.47058823529414	357.5912408759124	370.55555555555554	374.09638554216866	373.27868852459017
NM_001180724.1	854	846.6	863.7055837563452	837.9807692307692	853.24	846.2745098039217	838.8297872340426
NM_001180726.3	160	155.69792046698285	155.2953753195445	154.69217728263501	155.41241926200678	153.9861005986376	152.68690890990544
NM_001180727.3	627	628.125	613.9636363636363	626.6470588235294	615.9677419354839	634.7368421052632	644.5862068965517
NM_001180728.1	1797	1844.8783783783783	1789.8857142857144	1773.0000000000002	1828.9894736842107	1796.025974025974	1794.3614457831327
NM_001180729.1	945	978.5625	940.595744680851	938.377358490566	950.0842105263157	928.7394957983194	960.4714285714285
NM_001180730.3	810	796.5858585858585	803.2747252747254	812.8390243902438	793.1454545454545	804.1584158415842	814.5818181818182
NM_001180731.3	404	434.96855345911945	424.82051282051276	416.6265060240964	410.1321585903084	433.40540540540536	453.9823008849558
NM_001180732.1	87	73.35616438356163	75.66847826086956	74.45454545454547	73.97727272727272	74.33093525179855	66.62068965517241
NM_001180733.1	620	608.2886597938145	613.9518072289158	602.6966292134831	614.1707317073171	640.904109589041	621.5428571428571
NM_001180735.3	388	372.50467289719626	375.5079037800687	378.97304964539006	371.51807228915663	371.2031662269129	376.7375504710633
NM_001180736.3	256	244.05194805194802	252.0	263.7264957264957	255.2	246.8717948717949	256.9462365591398
NM_001180737.1	269	278.2334384858044	273.0080831408776	282.96359017781543	262.98840704164877	270.45795393679697	265.04545454545456
NM_001180738.1	984	979.2550143266476	991.604938271605	1012.0677966101695	996.7387687188019	986.7657992565056	1000.6042296072508
NM_001180740.3	409	406.079337401918	405.59836065573774	411.28337147215865	401.0671480144404	406.596548004315	407.7527216174184
NM_001180742.3	529	525.672514619883	532.2303921568628	532.8115942028985	539.264943457189	533.8571428571428	536.0561497326204
NM_001180743.1	323	304.64150943396226	312.5909090909091	318.67105263157896	312.4166666666667	314.2356687898089	322.7840909090909
NM_001180744.1	705	693.3818181818182	701.4812030075188	689.620253164557	685.696551724138	704.2820512820513	710.1857142857143
NM_001180747.1	342	328.258064516129	326.71232876712327	327.3529411764706	327.6363636363636	324.48979591836735	343.44
NM_001180748.1	577	553.0	559.393063583815	566.4878048780487	563.7902439024391	571.4333333333334	572.75
NM_001180749.3	176	170.42424242424244	158.48780487804876	158.83146067415728	164.5360824742268	160.35164835164835	154.33846153846156
NM_001180751.3	1415	1433.8000000000002	1391.0	1391.0	1398.903409090909	1409.064935064935	1419.680412371134
NM_001180752.1	682	658.0	698.6172839506173	706.1463414634145	677.74	679.0	671.4285714285714
NM_001180755.3	131	119.61003364338018	119.26122219545492	126.14757750139223	116.10149475596664	118.52548732497483	123.04118616144976
NM_001180756.3	429	431.1290322580645	431.4130434782609	409.3548387096774	418.20652173913044	415.07462686567163	434.22680412371136
NM_001180757.1	435	449.2919254658385	436.10633484162895	423.7113402061855	438.65727699530515	439.88554216867465	435.74247491638795
NM_001180758.1	141	145.00614617940198	143.22136775611096	150.14772063120984	142.40447629015378	145.48864864864865	146.38710198803943
NM_001180759.3	348	325.78021978021974	339.1048951048951	335.8743455497383	331.3182751540041	333.1698113207547	332.1
NM_001180760.3	669	681.1829268292682	671.2566371681415	671.203125	665.5577689243028	663.3881578947369	673.7157534246575
NM_001180762.1	182	171.55355450236965	170.81407804131598	172.16639741518577	170.7359813084112	171.5036563071298	172.1709974853311
NM_001180764.3	628	647.6042780748662	622.3030303030303	631.4545454545455	628.0227272727273	622.2110552763819	622.7286821705426
NM_001180765.3	3263	3252.85880195599	3257.2338792221085	3258.660091047041	3265.820750121773	3267.9024390243903	3281.2216014897576
NM_001180766.1	658	636.374531835206	650.9632107023411	644.9310344827586	639.4655172413793	648.2471910112359	638.992125984252
NM_001180768.3	316	297.72549019607845	300.30331753554503	312.0	294.92	300.2022471910112	294.92
NM_001180769.3	31	14.903225806451612	14.751412429378531	20.25531914893617	16.814432989690722	16.232432432432432	23.57894736842105
NM_001180770.1	142	129.1715976331361	134.33035714285714	125.43307086614173	136.29946524064172	128.97674418604652	145.53333333333333
NM_001180771.3	514	511.94029850746267	505.5107913669065	506.85185185185185	514.4660194174756	510.7445255474452	510.5389221556887
NM_001180772.3	1430	1410.609836065574	1439.0391644908616	1431.2574850299402	1409.1666666666667	1415.0128205128206	1412.4495412844037
NM_001180773.1	407	393.1405295315682	395.1587301587301	396.92727272727274	397.77285714285716	395.396933560477	395.3911764705882
NM_001180774.1	893	918.5	882.578125	893.1388888888888	892.3811659192824	906.7826086956521	876.4273504273505
NM_001180776.3	219	211.95652173913044	216.2133891213389	200.77777777777777	207.27272727272728	207.12918660287082	212.4107142857143
NM_001180777.3	170	162.22222222222223	171.76470588235293	183.01408450704224	169.39743589743588	165.3235294117647	167.47058823529412
NM_001180778.2	497	476.1118421052632	478.4057142857143	501.09900990099004	485.1802575107296	488.76666666666665	486.9117647058824
NM_001180779.1	131	125.75353799259743	124.99892857142856	124.90489566613162	126.41381716678298	128.09041591320073	123.42761463163319
NM_001180780.3	278	290.07954545454544	272.3891402714932	275.65891472868213	272.4469273743017	282.3049853372434	274.5945945945946
NM_001180781.3	464	454.78991596638656	466.87022900763355	453.53846153846155	456.29629629629625	458.33333333333337	447.8571428571429
NM_001180783.1	871	873.46875	885.8532110091743	865.8222222222223	872.9285714285713	866.25	861.3559322033898
NM_001180784.1	219	216.37873754152824	208.22033898305085	200.87939698492463	211.95652173913047	207.75700934579442	208.16455696202533
NM_001180785.3	628	623.5627530364372	615.2835164835165	619.8306451612904	608.7095516569201	611.7684887459807	616.4109589041096
NM_001180786.3	193	182.62903225806454	186.1449275362319	190.12500000000003	187.02666666666667	210.6712328767123	179.5625
NM_001180787.1	549	577.5	565.3846153846154	576.4705882352941	542.5	555.0	572.7272727272727
NM_001180788.1	318	309.63829787234044	311.15	308.9491525423729	318.2621359223301	304.1379310344828	309.27272727272725
NM_001180789.3	561	561.776328986961	564.4342478713339	554.2695252679939	564.3843283582089	554.8314176245211	550.8283261802576
NM_001180790.3	130	118.57627118644068	113.66265060240963	123.66666666666667	112.625	119.0864197530864	112.05714285714286
NM_001180791.1	437	428.22703751617075	432.3826714801444	437.0762331838565	426.7740720817644	426.1964497041421	425.8025258323766
NM_001180792.1	636	634.4587155963303	653.3006134969326	643.5463917525774	653.9657142857143	638.6086956521739	619.3734939759037
NM_001180793.3	790	798.301204819277	773.0599078341013	780.4528301886793	774.9765625	777.2647058823529	792.1880341880342
NM_001180794.3	224	223.17596566523605	221.40468227424748	207.45341614906832	220.64516129032256	219.21397379912665	215.15151515151516
NM_001180795.1	203	197.05701754385964	197.56138259833136	196.51086956521738	198.92402826855124	195.34855545200372	198.88888888888889
NM_001180796.1	528	518.1971830985916	510.71999999999997	517.6216216216216	535.5000000000001	531.6164383561643	504.0
NM_001180797.3	289	271.7372881355932	276.42241379310343	282.3770491803279	269.07692307692304	287.2689075630252	276.19718309859155
NM_001180798.3	761	737.0	739.9838056680162	737.0000000000001	750.0673758865248	747.9455445544555	747.6811594202899
NM_001180800.1	311	296.865625	295.04672897196264	297.189349112426	297.05660377358487	297.78323699421964	292.8871794871795
NM_001180801.1	118	117.85074626865672	113.47747747747746	104.44444444444443	105.0	108.74509803921569	103.0967741935484
NM_001180802.3	356	351.91999999999996	357.5384615384616	352.4307692307693	359.6666666666667	362.8041237113402	340.7368421052632
NM_001180803.3	1006	982.0	997.1855670103092	992.5591397849462	997.0306122448978	1001.2549019607843	1046.0434782608695
NM_001180804.1	651	639.0576923076923	639.9098497495826	640.1200440528635	645.2130177514794	647.5904700579524	648.291569086651
NM_001180805.1	579	570.995633187773	572.2809558291093	569.8197596795728	574.2813351498637	583.5145197319433	574.4736842105264
NM_001180806.3	378	371.8273381294964	376.9058823529412	370.8571428571429	362.0454545454545	362.92436974789916	371.40983606557376
NM_001180807.3	742	806.1754385964913	814.8089887640449	762.875	753.9	760.2352941176471	747.3061224489796
NM_001180808.1	83	69.37294959737548	69.21939953810625	70.94511097780445	67.09500945729667	69.9169833382052	70.72395273899033
NM_001180809.1	516	531.5862068965517	514.3636363636364	503.44186046511624	518.7391304347826	520.9411764705883	500.63157894736844
NM_001180810.3	379	372.06730769230774	373.42460155292196	374.5818505338078	372.0048439181916	369.89355040701315	375.8103448275862
NM_001180811.3	269	276.6810344827586	261.47058823529414	260.31250000000006	264.8648648648649	288.75	272.66129032258067
NM_001180813.2	836	815.741935483871	831.3333333333334	824.5405405405405	819.4632352941177	818.7525987525988	829.9646017699116
NM_001180814.3	603	615.1875	615.8454545454546	636.9	610.1290322580646	600.9873417721519	626.2653061224489
NM_001180815.3	1137	1133.0859872611466	1132.4373576309795	1128.824644549763	1127.7474668745128	1128.2019512195122	1119.598814229249
NM_001180816.1	658	657.8675897879706	657.489462950374	649.0644942294637	649.0087819778543	657.3356984478935	648.6453055141579
NM_001180818.1	96	84.18196328810853	87.98253275109171	89.07954545454545	82.87552447552447	85.59712230215827	88.26870229007635
NM_001180819.3	128	120.64	130.71559633027522	124.8	119.91836734693878	128.53932584269663	119.34426229508196
NM_001180820.3	182	158.85405405405405	166.47509578544063	159.31666666666666	162.87654320987656	162.27027027027026	162.48226950354612
NM_001180821.1	138	126.83333333333333	131.42675159235668	135.8562091503268	129.9548532731377	125.24833702882484	127.1008064516129
NM_001180822.1	478	501.9577464788733	507.09941520467834	472.34343434343435	489.1030927835052	534.968152866242	476.9873417721519
NM_001180823.3	442	434.9132947976879	430.0576923076923	426.9571428571428	429.0973451327434	428.64968152866237	433.10843373493975
NM_001180824.3	495	488.0497737556561	488.54189944134083	478.22392638036814	481.03770491803283	487.33029197080293	480.75443786982254
NM_001180825.1	367	372.8708708708709	369.6957547169811	360.22175732217573	369.05954825462015	369.7852494577006	373.75172413793103
NM_001180826.1	512	524.1481481481482	505.9192166462668	505.78587699316626	505.953177257525	508.3333333333333	507.98634812286696
NM_001180827.3	130	133.97769516728624	124.85714285714286	124.73737373737374	121.7872340425532	121.44370860927152	126.19047619047619
NM_001180828.3	767	757.0188679245283	758.6971830985915	761.5749999999999	774.1748251748252	770.3161764705883	754.7936507936507
NM_001180832.3	477	463.6171875	475.3703703703704	493.13924050632914	474.80213903743316	513.612676056338	486.03125
NM_001180835.4	434	428.3582089552239	423.59693877551024	424.90909090909093	421.8840579710145	423.5164835164835	421.9883040935673
NM_001180836.3	418	424.3076923076923	407.35593220338984	393.99999999999994	398.2139037433155	411.7935483870968	402.6593406593406
NM_001180837.1	122	115.43772241992882	116.375	122.35838150289017	113.40721649484536	111.43735224586288	115.29411764705883
NM_001180838.1	320	319.67999999999995	317.1428571428571	301.6923076923077	303.13253012048193	313.07692307692304	322.9090909090909
NM_001180839.3	362	360.2368421052632	368.0625	371.6398104265403	358.4317789291883	369.70858283433137	367.54545454545456
NM_001180840.3	380	380.83720930232556	361.7419354838709	413.41935483870964	378.25	370.53061224489795	385.6666666666667
NM_001180841.1	232	220.01777777777778	220.78688524590163	227.62264150943398	218.31404958677683	226.008658008658	225.89247311827955
NM_001180842.1	523	505.992992992993	508.6192771084337	508.97999999999996	500.99600000000004	499.0	512.6090909090909
NM_001180846.3	237	219.45454545454547	236.66666666666669	221.875	240.19148936170214	243.42857142857142	224.83333333333334
NM_001180847.1	498	496.04651162790697	513.7453416149068	486.40837696335075	505.1549295774648	518.4375	498.7304347826087
NM_001180857.3	176	169.07397260273973	165.28784648187633	172.91472868217053	163.3361344537815	165.10658682634732	164.69379014989295
NM_001180858.1	525	501.00000000000006	501.0	501.0	501.0	501.0	501.00000000000006
NM_001180864.1	72	61.26315789473685	63.66315789473684	58.88659793814433	56.872037914691944	59.858823529411765	66.1747572815534
NM_001180865.3	454	437.73507767784133	440.29411764705884	443.57323232323233	445.83452893352467	441.67313019390576	445.6363636363636
NM_001180866.1	344	349.3409742120344	344.2985842985843	352.0628683693517	342.9067245119306	346.6980023501763	342.53521126760563
NM_001180867.1	211	198.09322033898306	209.96491228070175	207.27710843373495	213.71428571428572	205.54545454545453	203.1604938271605
NM_001180868.1	561	542.018691588785	551.8137931034482	574.0344827586207	558.48	546.3391304347826	550.948051948052
NM_001180869.3	412	405.2444444444444	412.9428571428571	408.972972972973	413.03225806451616	395.60784313725486	406.4761904761904
NM_001180870.1	274	259.0361445783132	273.4375	280.3030303030303	275.77319587628864	271.6049382716049	268.2926829268293
NM_001180871.1	1168	1175.527559055118	1161.2030075187968	1165.4499999999998	1154.3373493975905	1182.4179104477612	1157.7831325301206
NM_001180873.1	913	906.9852495335821	904.7535812687925	911.5040821759774	900.5982572694012	905.5416046910756	903.1256995167996
NM_001180874.1	774	771.74654613679	777.0838726378462	773.8095238095239	774.171813587872	777.6484650226472	777.5340567998153
NM_001180875.1	169	154.93150684931507	170.06172839506172	148.15217391304347	154.5754716981132	155.6422018348624	149.6774193548387
NM_001180876.3	247	238.00758293838862	238.84517576664174	247.77777777777777	236.60394181135615	238.00379815518176	240.41829393627953
NM_001180877.1	468	458.8474576271186	463.08490230905863	459.4264055590651	466.3240223463687	468.32605790645874	464.4543288324067
NM_001180878.1	1063	1054.003610108303	1069.9379652605458	1070.6446700507613	1058.3752913752915	1049.2364532019703	1061.8854625550662
NM_001180879.1	883	887.3186813186813	885.3579858379228	917.1278195488723	888.5931098696462	902.7124260355031	902.8781925343811
NM_001180881.1	1076	1074.6584615384616	1069.6116071428573	1073.2764044943822	1069.849416755037	1065.9337748344371	1075.747178329571
NM_001180882.1	498	482.03389830508473	482.61818181818177	482.5405405405405	494.70873786407765	502.1837837837838	474.0
NM_001180883.1	179	187.5	173.90243902439025	200.09090909090907	187.1341463414634	176.58227848101265	186.70454545454544
NM_001180884.3	273	262.1381909547739	267.9619238476954	266.9364406779661	263.55194805194805	262.50325379609546	273.7873303167421
NM_001180885.1	230	255.7015873015873	253.78350515463916	251.6650246305419	244.06004618937644	249.94666666666666	239.31063829787234
NM_001180886.1	755	737.108635097493	732.7916666666667	731.0	731.0	731.0000000000001	731.0
NM_001180887.1	713	718.5708154506437	715.2508659079664	726.2944954128441	710.2171799027553	718.7615384615385	721.779505946935
NM_001180888.3	630	620.03861003861	620.217008797654	625.5483870967741	616.9896373056994	610.1793103448276	621.2452830188679
NM_001180890.1	392	379.57232704402514	385.8424242424243	385.3176470588235	380.5658536585366	383.57671957671954	385.037037037037
NM_001180891.1	702	696.5834239721557	696.6959615726739	693.0041493775934	703.2665793546851	699.0839217816405	695.7244828370084
NM_001180892.1	828	823.609756097561	831.7720207253886	822.5742574257426	835.6633204633205	834.2202797202797	822.6398763523957
NM_001180893.3	537	538.4063772048847	539.4249628528975	540.1520270270271	536.998490945674	535.1283534981588	531.922131147541
NM_001180894.1	115	110.75193798449611	104.51485148514851	105.27450980392156	100.33333333333331	104.60309278350516	101.64893617021275
NM_001180895.1	100	97.96234213547646	97.70111940298507	99.00690776107274	96.98886414253899	98.9142660392517	98.53488372093022
NM_001180896.1	150	154.31687756193193	150.6801302931596	153.09696882631806	148.07457238960853	152.24043109596641	158.2826960273769
NM_001180897.3	82	80.72164948453609	79.15723270440252	70.42857142857142	78.4074074074074	82.01075268817205	70.46280991735537
NM_001180900.1	499	490.83333333333337	493.69409660107334	499.73958333333326	483.41384863123994	482.51318101933214	488.1944444444444
NM_001180901.1	904	900.952380952381	905.3497942386831	899.4117647058824	897.7777777777778	916.4497041420118	926.3157894736842
NM_001180902.3	211	216.05128205128204	209.4558979808714	218.47524752475246	221.4	213.42391304347825	210.375
NM_001180903.1	475	467.10714285714283	466.55172413793105	463.3224043715847	472.4761904761904	458.21599999999995	471.8554913294798
NM_001180904.1	343	362.25423728813564	353.27729636048525	356.35126582278485	340.5864661654135	354.1394148020654	354.9003215434084
NM_001180905.1	337	331.94673123486683	331.76294277929156	337.8917089678511	325.9886086248983	326.8783018867924	330.6270928462709
NM_001180908.1	304	300.125	296.92865779927445	303.3860045146727	294.9499443826474	300.1542416452442	298.4390243902439
NM_001180909.1	291	274.5975609756097	275.841059602649	279.79041916167665	273.0225563909774	278.29305135951665	274.76162790697674
NM_001180912.1	197	191.1046511627907	180.7927927927928	188.90804597701148	183.70103092783506	189.8407079646018	194.18367346938774
NM_001180913.1	400	382.0523138832998	382.7855626326964	385.90607101947313	381.7981308411215	386.07142857142856	383.43736263736264
NM_001180914.1	909	903.9029126213593	898.0147058823529	895.9597523219815	895.4501845018451	893.1358529111338	892.7090592334496
NM_001180915.3	268	270.9117647058824	262.4848484848485	265.7857142857143	260.6127659574468	270.5217391304348	259.81481481481484
NM_001180916.1	229	214.9193548387097	210.0617283950617	229.11764705882354	216.5492957746479	223.63636363636363	223.63636363636363
NM_001180918.1	232	246.6285714285714	243.92727272727274	217.45454545454547	258.2857142857143	240.0	219.34545454545454
NM_001180919.1	133	125.93625498007968	125.06090373280942	124.36920222634508	122.1378958120531	122.59544468546638	118.39229024943309
NM_001180920.3	505	496.2878907276071	494.7399916597164	494.7023575638507	495.4411085450346	496.3110331804694	498.56738683127577
NM_001180921.2	522	507.05454545454546	514.6927374301675	519.5083056478405	515.3145695364238	517.2317073170732	503.4725274725275
NM_001180922.1	282	261.48648648648646	260.30357142857144	258.0	260.58	267.8285714285714	261.96923076923076
NM_001180923.1	167	153.83863080684597	158.08715596330276	156.42238267148014	155.8390092879257	155.43478260869566	165.72847682119203
NM_001180925.1	636	622.9285714285714	619.3147410358566	619.5092024539878	634.8074534161491	631.6153846153846	618.4421052631578
NM_001180926.1	242	266.12987012987014	258.97744360902254	240.64935064935068	243.95238095238096	237.184	236.42253521126761
NM_001180927.1	1173	1168.006015037594	1174.5617352614015	1165.351992409867	1172.8103081827842	1170.0182926829268	1163.4831932773109
NM_001180929.1	556	550.7764705882353	579.696551724138	544.9756097560976	544.0909090909091	553.6260162601626	574.9032258064517
NM_001180930.1	498	512.5813953488372	519.7971014492754	495.5454545454546	505.74595842956126	501.18703241895264	498.94736842105266
NM_001180931.1	652	655.9676113360324	662.5501618122977	639.2814371257485	658.7665706051872	654.42071197411	645.3480662983426
NM_001180932.3	379	384.5833333333333	378.478835978836	391.3068181818182	375.42035398230087	388.2163742690058	394.22651933701655
NM_001180933.1	189	179.46764091858037	180.79787234042556	175.14563106796115	184.47049924357034	177.08688245315162	179.44915254237287
NM_001180935.1	117	112.1679389312977	107.34447300771208	105.62962962962963	112.88275862068964	105.00000000000001	106.64673913043478
NM_001180936.1	685	681.234693877551	671.1070336391437	683.0333333333334	678.6266666666667	685.1094224924013	680.3463414634147
NM_001180938.3	828	820.0	809.7428571428571	826.3333333333334	814.2290076335878	816.5233644859813	829.9354838709677
NM_001180940.1	382	367.6756756756757	369.0153846153846	400.6190476190476	362.97222222222223	379.8292682926829	369.1875
NM_001180941.1	239	225.389007488733	225.2868190702813	225.90015519917227	227.2369291859696	226.4149815718697	226.18488702475986
NM_001180942.1	558	548.0526315789474	548.8333333333333	548.8591304347825	544.4612644701692	551.1544041450777	548.3035714285714
NM_001180943.3	518	501.40999999999997	502.36343115124157	504.8690869086908	504.4997407983411	501.19277810133957	505.28835690968447
NM_001180944.1	213	225.1011235955056	221.51612903225805	204.75	196.17721518987344	211.38157894736844	234.62068965517244
NM_001180945.1	125	109.09905660377358	108.29241877256317	110.40993788819875	109.67171717171716	107.40487804878049	110.90196078431373
NM_001180947.3	376	363.7333333333333	376.1671641791045	377.01522842639594	383.6167664670659	373.09779179810727	370.52631578947364
NM_001180948.1	799	795.2879581151833	791.0344827586207	812.4137931034483	789.6687697160883	798.9382239382239	791.1458333333333
NM_001180949.1	555	559.6717062634989	546.9832775919732	560.6940789473684	547.1999999999999	545.9157303370787	564.8936170212767
NM_001180951.3	744	726.0	731.0344827586207	725.4961832061069	727.5	723.6923076923077	720.0
NM_001180952.1	132	115.82608695652175	117.0841121495327	116.0496894409938	124.56441717791411	121.70392749244712	122.11363636363637
NM_001180956.3	323	316.0857142857143	321.27843137254905	316.5882352941177	317.43699731903484	313.23809523809524	318.33830845771143
NM_001180957.1	1312	1293.9218390804597	1297.8320610687024	1291.2690355329948	1299.27352297593	1303.6595744680849	1296.3527885862516
NM_001180958.1	912	899.1932773109244	911.68	904.4444444444443	895.5681818181818	895.0197628458499	905.76
NM_001180959.1	1110	1114.2077922077922	1117.478260869565	1124.2394366197184	1101.9705882352941	1139.7623762376238	1116.1666666666667
NM_001180960.3	572	582.25	562.35807860262	585.242718446602	577.1207729468599	583.62	590.9803921568628
NM_001180962.1	477	460.918123275069	461.0631067961165	464.51694915254234	458.5159817351598	461.275615567911	466.3048951048951
NM_001180963.1	240	227.13402061855672	226.42758620689656	224.64	220.9655172413793	222.35294117647058	241.41176470588235
NM_001180964.3	635	640.1209179170344	631.9192506459948	626.0657534246575	631.6039239730227	636.8898305084746	629.4592145015106
NM_001180965.1	344	335.9336099585062	338.7523629489603	338.46153846153845	336.23880597014926	338.79194630872485	333.75358166189113
NM_001180966.1	210	207.5206611570248	209.38922155688624	216.51562499999997	216.74380165289256	214.89320388349515	250.88372093023258
NM_001180968.1	144	135.03506311360448	133.67522871217452	136.89795918367346	132.42676594493975	131.86714542190305	136.04984423676012
NM_001180969.3	481	520.0344827586207	478.76190476190476	472.23333333333335	463.9242424242424	481.0526315789474	512.3939393939394
NM_001180970.1	371	364.42231906025006	365.1983649544964	374.9287122207621	359.4731879787861	364.148541489663	366.9404355812123
NM_001180971.1	144	131.47356580427447	134.8643761301989	131.3089005235602	136.89119170984455	136.0	137.28643216080403
NM_001180972.1	641	627.6379310344828	634.7980769230769	636.4025157232704	627.249169435216	623.4270833333334	635.810975609756
NM_001180973.3	135	116.28571428571429	140.484375	157.73684210526315	145.3943661971831	128.90322580645162	149.05714285714285
NM_001180975.1	619	605.377906976744	600.3363228699551	604.0151515151515	622.4193548387098	623.6746987951807	606.6666666666666
NM_001180976.1	458	460.491921005386	465.8474820143885	466.8616187989556	448.00000000000006	460.5113122171946	466.2183406113537
NM_001180977.1	511	502.82750000000004	513.8629893238434	508.8310344827586	514.403536977492	503.28762541806014	505.26250000000005
NM_001180979.1	720	716.0493827160493	730.934362934363	775.9459459459459	716.6052631578947	739.8041958041957	738.962962962963
NM_001180980.1	317	312.6302729528536	314.6807610993657	315.2409240924092	308.93723849372384	301.4832962138085	303.39007092198585
NM_001180981.1	605	607.289592760181	592.4241573033707	589.2411347517731	593.5283018867925	593.2315789473685	592.1019108280254
NM_001180984.1	496	495.8987341772152	496.3755868544601	482.7272727272728	503.4666666666667	483.62561576354676	481.0769230769231
NM_001180985.1	762	755.5279564571994	752.990625	757.6800000000001	751.2874852420307	750.5003257328991	752.7347404449515
NM_001180987.3	520	509.99090081892626	508.5305263157895	510.7084019769357	508.23466666666667	510.31199278629396	511.8653198653199
NM_001180988.1	249	238.20494770716007	237.76968221681287	236.65413533834587	236.84257180002365	234.97916093264655	236.1594951656949
NM_001180989.2	639	615.0	632.5714285714286	615.0000000000001	615.0	625.0819672131148	642.9545454545455
NM_001180990.1	595	603.6285714285714	579.5223880597015	588.4795918367347	603.233870967742	590.1932773109244	604.5882352941176
NM_001180991.3	375	393.36206896551727	385.3636363636364	386.45454545454544	368.8474576271187	390.4615384615385	376.52727272727276
NM_001180992.1	122	109.41747572815534	105.0	114.33333333333334	106.37606837606836	107.63934426229508	118.70422535211267
NM_001180993.1	278	262.4666666666667	291.91044776119406	307.8787878787879	269.1641791044776	290.2857142857143	291.6296296296296
NM_001180994.2	445	442.3410138248847	440.47686832740214	437.7284768211921	451.19123505976097	428.71062271062266	440.51655629139077
NM_001180995.3	454	447.2	458.60091743119267	451.864406779661	448.06	443.6507936507936	448.6956521739131
NM_001180996.1	1398	1374.0000000000002	1374.0	1453.2692307692305	1407.9259259259259	1374.0	1446.3157894736842
NM_001180998.1	1259	1288.4375	1267.2574626865671	1254.0	1298.5142857142857	1277.1022727272727	1265.1219512195123
NM_001181000.3	212	206.52989120133438	204.07867791229654	210.81847475832438	202.88040673265803	206.253764140962	205.82965016106075
NM_001181002.1	884	875.5119363395225	876.800520946386	870.4124101399925	876.3598258906981	875.6475205137352	871.9218651543794
NM_001181004.3	797	799.5245098039215	819.8079584775086	792.4640287769785	808.8839458413926	812.8266978922716	798.4835164835165
NM_001181005.1	1214	1254.6419753086418	1224.393063583815	1222.053872053872	1215.3191489361702	1227.8528827037774	1204.5714285714287
NM_001181006.1	905	900.3626373626374	917.3298969072165	913.389705882353	902.144	912.3045685279188	902.144
NM_001181007.1	611	606.8983050847457	607.3415841584158	606.7865168539325	609.0913978494623	612.5217391304349	637.109756097561
NM_001181008.3	408	406.92537313432837	393.035294117647	415.34693877551024	388.987012987013	390.9818181818182	410.4827586206897
NM_001181009.1	680	656.0000000000001	656.0	656.0	706.4615384615385	673.4933333333333	719.483870967742
NM_001181010.2	696	687.1351351351351	691.8947368421052	716.5033112582781	690.6092307692307	720.8205128205128	700.0
NM_001181012.3	186	175.1756947715497	176.30352814435767	178.68349817803227	177.07045151918652	175.8071837939057	178.58202886765605
NM_001181013.1	371	353.497226074896	357.5339285714286	362.6617819460727	359.0863810518983	357.0562150837989	360.5194805194805
NM_001181015.1	1484	1493.0150753768844	1501.885245901639	1464.6496815286625	1474.2300194931772	1503.3663366336636	1494.7619047619048
NM_001181016.1	1127	1130.6614420062695	1162.8914027149322	1131.8995633187772	1140.8893129770993	1115.1208791208792	1116.8451882845188
NM_001181018.3	336	326.4635761589404	336.5026178010471	326.18181818181813	313.82456140350877	323.48466257668707	340.6896551724138
NM_001181020.1	371	352.6885245901639	373.188679245283	356.5504587155963	383.7682119205298	368.2055555555556	354.8863636363636
NM_001181022.3	342	359.63231197771586	340.8819188191882	338.1613832853026	332.80446927374305	327.3529411764706	331.86915887850466
NM_001181024.1	365	358.33898305084745	360.4240506329114	363.73333333333335	352.7586206896552	354.01526717557255	349.97368421052636
NM_001181025.1	565	546.4646464646464	562.9918699186992	552.4295774647887	556.6057692307693	560.621761658031	551.4038461538462
NM_001181026.3	305	303.1842105263158	298.8517647058824	295.21400778210113	292.6500829187396	293.5251937984496	296.16507936507935
NM_001181027.1	294	300.8571428571429	300.33707865168543	293.14285714285717	293.82352941176475	291.09375	281.48936170212767
NM_001181028.1	893	869.0	886.3800000000001	869.0	881.9701492537314	892.4864864864866	869.0
NM_001181029.1	435	434.975	439.45384615384614	446.7391304347827	433.4181818181818	444.1006711409396	425.67857142857144
NM_001181031.3	220	201.76470588235293	200.42105263157893	199.76923076923077	203.53846153846155	197.67521367521366	206.5
NM_001181032.1	945	935.2725615314494	937.3789329685362	938.0555555555555	925.5723404255319	937.8850000000001	942.8064066852368
NM_001181034.1	421	429.9525691699605	428.4862068965517	433.86428571428576	415.33967391304344	416.0750750750751	426.4074074074074
NM_001181036.1	559	549.5287539936102	549.7896634615385	549.786432160804	550.254582484725	551.8283093053735	554.7235023041475
NM_001181037.1	467	448.2877984084881	450.6820809248555	452.6304347826087	449.544783010157	451.0454029511918	453.5704989154013
NM_001181038.1	1523	1531.2861538461539	1529.7076949561026	1533.812131715771	1537.382903289344	1537.3338962605549	1535.2909314731228
NM_001181039.3	261	255.23076923076925	250.28971962616822	245.31578947368422	240.53731343283584	266.10526315789474	237.0
NM_001181043.1	854	832.9749103942652	839.2737430167598	844.561403508772	840.2722772277228	834.7838616714697	833.6725663716813
NM_001181044.3	555	573.8225806451613	556.2857142857142	531.0	552.0297029702971	538.6956521739131	561.3428571428572
NM_001181045.1	892	899.2792792792793	905.4676258992806	907.4545454545454	876.1502347417841	877.4863387978141	876.5940594059407
NM_001181046.1	391	384.9901960784314	384.02880000000005	378.3718309859155	381.4868421052631	382.7917383820999	379.615625
NM_001181050.1	374	369.2307692307692	363.46153846153845	371.2121212121212	365.1442307692308	364.4117647058824	390.2298850574713
NM_001181051.1	574	567.7721088435375	570.3703703703704	574.7005988023952	573.7016574585635	567.6706827309238	575.8389261744966
NM_001181052.1	150	146.76923076923077	144.97907949790795	150.06741573033707	141.10859728506787	142.25806451612902	149.5301204819277
NM_001181054.1	114	103.13874211692519	103.60151342090234	104.43372483221476	104.30329709819424	103.14806500853012	107.53998609179416
NM_001181055.1	521	542.0355987055017	526.8743169398907	546.7	522.4328358208955	540.3888888888889	544.8395721925134
NM_001181056.1	124	115.18987341772151	118.76075731497419	119.02834008097166	113.44019728729964	121.5339233038348	111.41975308641975
NM_001181059.1	447	425.25	449.8571428571429	434.13157894736844	450.1807228915663	442.76635514018693	458.91509433962267
NM_001181060.3	2667	2681.0874935666493	2684.059660574412	2679.35873015873	2674.1899851158837	2674.0345883854498	2677.1662049861493
NM_001181061.1	423	418.85074626865674	405.78571428571433	409.9315068493151	408.2790697674419	407.4533898305085	405.70588235294116
NM_001181062.2	1482	1584.7826086956522	1601.8027397260275	1522.229074889868	1544.7459954233411	1549.397014925373	1571.3160621761658
NM_001181063.1	230	222.23030303030305	227.47867298578197	227.55813953488374	221.41496598639455	222.37435897435898	228.2943722943723
NM_001181065.3	198	195.22707034728407	194.71722182849044	200.91712707182322	194.73837209302326	197.0334928229665	195.97894736842105
NM_001181066.1	1012	1000.4165170556553	1013.8300653594772	1004.388625592417	996.1066666666667	1005.8939197930143	1004.2299794661191
NM_001181067.1	495	490.7300787401575	494.9590570719603	492.8751814223512	491.49218218898704	491.5469798657718	490.64298808432625
NM_001181068.1	724	723.1023102310231	724.8166259168704	730.8539944903581	721.311475409836	729.8245614035088	726.603325415677
NM_001181071.1	1648	1667.1514129059467	1654.6862764195969	1678.1077504725897	1645.868960054317	1649.139318885449	1660.2970439798125
NM_001181072.1	1030	1023.1234042553191	1032.4175066312996	1029.586695747001	1022.9864474561209	1025.4795755968169	1029.952380952381
NM_001181073.2	410	409.16	389.78431372549016	402.78260869565224	391.36111111111114	404.983606557377	406.31578947368416
NM_001181074.1	377	368.5164835164835	379.5164319248826	374.0746268656717	384.49442379182153	388.924778761062	375.531914893617
NM_001181075.1	217	218.10569105691056	209.57668711656441	224.29729729729732	208.23684210526315	213.39837398373984	206.4027777777778
NM_001181076.1	354	365.2830188679245	343.8219895287958	369.45652173913044	346.42533936651586	352.99180327868856	344.0425531914894
NM_001181077.1	311	299.2649572649573	295.5416666666667	302.3066666666666	305.71739130434787	304.9375	295.20000000000005
NM_001181078.1	392	384.338266384778	390.03236245954696	392.61146496815286	386.8848821081831	390.7752442996743	387.7731343283582
NM_001181080.1	447	453.80097087378647	456.72757475083057	458.7077922077922	463.53749999999997	443.14285714285717	436.75609756097566
NM_001181081.1	800	785.7610062893082	802.4975609756098	783.4615384615385	807.51269035533	802.8910891089108	811.9259259259259
NM_001181084.1	454	450.7586206896552	449.6446700507614	440.84033613445376	447.2	448.13253012048193	446.0747663551402
NM_001181085.1	115	93.82338902147973	93.86764705882352	96.85836909871246	93.15482695810564	92.41206896551725	95.28623188405798
NM_001181086.1	283	282.73813420621934	291.64109589041095	271.17232375979114	284.39970282317984	281.25211267605636	277.5948717948718
NM_001181087.1	170	151.30909090909088	150.65338645418328	154.93877551020407	151.1857923497268	154.31645569620252	158.08275862068965
NM_001181088.1	412	415.06976744186045	411.3133047210301	418.1359223300971	427.1007751937984	407.75925925925924	405.11764705882354
NM_001181089.1	275	267.4590163934426	258.47023809523813	269.89247311827955	255.35260115606934	257.73825503355704	268.92857142857144
NM_001181090.1	332	329.04989517819706	325.3033707865169	326.0947567909034	322.87369985141163	326.8518362178134	332.1259150805271
NM_001181091.1	81	79.13761467889908	75.73239436619718	77.18181818181819	70.93587174348697	68.89979123173276	76.36363636363637
NM_001181092.1	118	143.56363636363636	119.51428571428572	137.08333333333334	117.7117117117117	121.64705882352942	128.0344827586207
NM_001181093.1	953	962.4774774774775	955.5428571428571	998.675	956.6488095238094	952.225	953.7733333333333
NM_001181094.1	572	588.4397590361446	584.1991869918699	572.665362035225	571.3594470046083	565.1716621253406	564.078239608802
NM_001181097.1	185	186.89278350515465	181.95555555555555	181.84142394822007	178.228025477707	175.6553966189857	180.56074766355138
NM_001181098.1	284	282.56198347107437	273.38235294117646	278.74608150470215	270.02028397565925	273.13131313131316	270.4
NM_001181099.1	905	904.9031007751938	890.2736842105263	903.3604060913706	899.498687664042	915.9176829268293	890.1295336787565
NM_001181100.1	797	795.82765625	790.0759698275862	800.9459369817579	791.7598008711885	790.4950013885032	795.6903753880893
NM_001181102.1	664	678.2089552238806	640.0	650.4918032786886	672.4050632911392	711.1111111111112	670.0
NM_001181103.1	260	250.16000000000003	244.93939393939397	247.23809523809527	245.29133858267716	252.70796460176993	245.56756756756755
NM_001181104.1	955	944.7030303030302	943.2419460880999	945.7777777777777	948.0602094240838	944.4757709251102	943.0129032258063
NM_001181107.1	999	989.4658753709199	994.3708609271524	1005.3501945525293	989.4444444444445	985.7142857142857	1017.9245283018869
NM_001181108.1	176	175.9541547277937	172.33333333333334	171.31147540983605	170.35374149659864	166.71880819366854	170.69841269841268
NM_001181109.1	395	371.0	375.1222222222222	388.6666666666667	371.0	376.3768115942029	414.6470588235294
NM_001181110.1	553	542.2092746730083	546.3037383177569	554.0865979381443	538.7421731123388	549.8033707865168	560.5658436213992
NM_001181111.1	703	690.8042328042328	691.0257399244332	694.3180929463077	691.5477064220185	693.9252492903414	694.5006559958017
NM_001181112.1	382	370.63529411764705	374.3346007604563	400.42962962962963	368.4271844660194	373.088122605364	373.020979020979
NM_001181114.1	364	353.24675324675326	348.8695652173913	340.0	342.78688524590166	371.54639175257734	360.8163265306123
NM_001181118.1	583	585.6190476190476	605.1146881287726	580.3506944444445	573.2810218978102	579.4200913242009	596.6008968609865
NM_001181119.1	481	468.0675391095066	469.02789446048837	471.39283567736504	473.2548104956268	469.7024898143957	474.1139114338602
NM_001181120.1	294	285.0	285.14018691588785	290.14925373134326	294.71830985915494	284.11764705882354	281.25
NM_001181121.1	371	373.9785522788204	370.3730569948187	377.0733333333334	361.2602739726027	381.17424242424244	376.32394366197184
NM_001181122.1	377	366.9342105263158	369.1926605504587	371.9107142857143	369.2298850574713	396.14444444444445	353.0
NM_001181123.1	553	578.4392523364486	582.255033557047	613.64	571.0397350993377	587.7777777777778	564.8644067796611
NM_001181130.3	243	240.937181663837	236.9263301500682	230.46596858638742	232.8524096385542	230.72262773722628	231.71612903225807
NM_001181131.1	471	452.4181818181818	456.2738589211618	458.9732142857143	454.7402597402597	451.73015873015873	459.7714285714286
NM_001181132.1	739	742.9296875	732.2289156626506	761.7757009345794	735.5967078189301	737.9411764705882	731.4367816091955
NM_001181133.1	457	432.99999999999994	455.5520833333333	442.11578947368423	454.4120879120879	446.3641975308642	449.98039215686276
NM_001181134.3	395	379.3475	379.3214953271028	381.4140350877193	380.56185567010306	379.8717391304348	386.0813008130081
NM_001181135.1	246	233.1	222.0	233.68421052631578	228.0	227.76623376623377	247.22727272727272
NM_001181136.1	318	324.4541832669323	316.09248554913296	331.56666666666666	319.6966580976864	319.9148936170213	327.1470588235294
NM_001181137.1	79	63.46153846153846	71.5	73.75	64.78527607361963	65.21428571428572	65.4054054054054
NM_001181138.3	646	674.7491166077739	660.650289017341	651.885885885886	650.3204047217538	672.8909090909091	636.0300751879699
NM_001181139.1	390	379.39024390243907	383.9021739130435	376.2616822429907	381.9130434782609	383.42857142857144	381.25
NM_001181141.1	388	400.4	378.50199203187253	387.1636363636364	388.0882352941176	380.86486486486484	384.22222222222223
NM_001181142.1	615	607.0816326530612	627.5567010309278	607.1181818181817	635.6533333333334	618.4175257731958	608.3823529411766
NM_001181143.3	1301	1282.8377142857141	1282.2649925037483	1284.593657086224	1280.447624190065	1283.6251621271076	1284.6835138387485
NM_001181146.1	292	301.8252427184466	296.2105263157895	310.9487179487179	296.0	290.6617647058823	290.73939393939395
NM_001181148.3	466	465.2631578947368	461.47796610169496	484.9371428571429	453.69312169312167	454.1651376146789	468.0
NM_001181149.1	113	108.88297872340426	104.00992063492065	109.826	101.06160164271047	103.13584117032393	109.648
NM_001181150.1	285	268.6764705882353	276.5357142857143	286.5882352941176	271.0384615384615	264.8955223880597	288.4736842105263
NM_001181153.3	232	224.91056910569105	236.59999999999997	224.73563218390802	226.46153846153848	245.96825396825398	220.6829268292683
NM_001181155.3	273	262.74846625766867	266.25742574257424	264.10567514677103	261.92622950819674	265.133909287257	271.5952813067151
NM_001181156.1	103	92.11583011583012	91.45586417209265	90.60248041775456	93.13342465753425	95.57661803583667	93.83321678321678
NM_001181157.3	357	345.68571428571425	341.5384615384615	382.3333333333333	358.13207547169816	347.23076923076917	350.5263157894737
NM_001181158.3	184	172.54901960784315	177.05583756345177	181.62162162162164	176.6542750929368	184.1206030150754	177.47899159663865
NM_001181159.1	153	148.35	138.288	134.0921052631579	139.32	136.71794871794873	140.72727272727275
NM_001181160.1	337	313.0	333.9742268041237	332.7684210526316	319.804347826087	321.34666666666664	332.9787234042553
NM_001181161.3	1890	1928.4312267657992	1893.8507462686566	1907.6208178438662	1882.3684210526317	1877.1736526946108	1881.948717948718
NM_001181162.3	234	237.86729857819907	235.20000000000002	235.609756097561	229.22535211267603	231.79930795847753	224.9032258064516
NM_001181163.1	122	103.48399246704331	104.5106959927689	104.43243243243244	104.96134538152612	104.03415730337079	106.94782608695652
NM_001181164.1	111	105.3157894736842	110.31958762886597	105.85	97.51648351648352	99.08333333333333	130.5
NM_001181165.3	234	225.0	233.6842105263158	235.84615384615384	237.7941176470588	251.99999999999997	242.81249999999997
NM_001181166.3	82	71.9855453350854	73.3573264781491	79.58312020460359	71.31976744186046	74.19166666666666	84.45726970033296
NM_001181167.1	217	200.76139410187668	206.24116424116426	201.59514170040484	199.85786802030455	201.47137404580155	199.03125
NM_001181169.3	363	339.00000000000006	347.40495867768595	354.1791044776119	355.7821782178218	354.9905660377358	346.5333333333333
NM_001181170.3	542	525.8484848484848	535.793893129771	531.6315789473683	524.266129032258	528.962962962963	533.3861386138614
NM_001181173.1	295	280.8995433789954	287.4797297297297	277.7329192546584	279.1137724550898	286.3566666666666	288.3903743315508
NM_001181175.3	380	415.3333333333333	383.65048543689323	401.44680851063833	423.8095238095238	446.126582278481	417.9130434782609
NM_001181176.3	1020	1023.6666666666667	1008.3343653250774	1001.6590909090909	1019.9587628865979	1021.7269372693727	1014.4444444444445
NM_001181177.1	356	356.3275862068965	357.6280701754386	341.96	357.7864077669903	349.6954314720812	353.5351351351351
NM_001181178.1	182	163.22314049586777	174.45833333333331	163.49565217391304	186.1186440677966	172.130081300813	184.33333333333334
NM_001181183.4	637	634.3837209302326	635.4019933554817	631.4917043740573	633.0068311195446	635.5385858585859	632.6658841940532
NM_001181184.1	569	572.7622801697999	567.6575771122037	559.1621863799284	568.8419969119918	565.0805987334485	560.1701030927835
NM_001181185.1	923	923.2972972972973	906.8173913043478	926.2424242424242	922.1999999999999	938.7592137592137	929.7350427350427
NM_001181187.2	330	330.6774193548387	314.7428571428572	306.0	322.3928571428571	320.65868263473055	309.438202247191
NM_001181189.3	304	294.1444866920152	296.4484304932735	289.2245881880273	290.2561797752809	293.0493610623904	286.90335305719924
NM_001181190.1	1353	1353.0	1352.6171243941842	1359.924734271761	1354.0388491310064	1357.5212111129595	1356.2429108302017
NM_001181192.3	97	89.36206896551724	89.18828451882844	85.73825503355704	87.2671009771987	90.38095238095238	89.27388535031847
NM_001181194.1	588	577.1775700934579	603.9138461538462	596.7483870967743	590.6456692913385	599.5275590551181	580.0379146919431
NM_001181197.1	581	562.1100917431193	585.7113402061856	565.8412698412698	573.8787878787879	568.2525252525253	578.4230769230769
NM_001181200.3	855	837.8677685950413	842.4620689655172	861.7777777777778	845.8392857142858	841.9342105263158	840.131868131868
NM_001181201.1	382	362.7105263157895	365.85087719298247	364.6296296296296	367.3159851301115	362.9266055045872	361.4423076923077
NM_001181203.3	141	129.58064516129033	138.1764705882353	125.49193548387096	136.22142857142856	131.09638554216866	132.7857142857143
NM_001181205.1	152	166.2528735632184	158.98947368421054	139.63636363636363	151.60283687943263	142.3673469387755	154.83870967741936
NM_001181206.1	584	572.3076923076923	579.8230088495575	608.2758620689655	583.8297872340427	586.6666666666667	605.7142857142858
NM_001181207.3	194	180.81140350877195	178.45124282982792	183.75	177.53822629969417	175.24084778420038	178.58044164037855
NM_001181208.1	365	346.5447154471545	351.8009049773756	345.8483412322275	347.99487179487176	346.6363636363637	341.0
NM_001181209.3	327	312.989010989011	314.72903225806454	319.63529411764705	312.71153846153845	316.38837209302324	327.90410958904107
NM_001181210.3	205	190.8369565217391	195.64739884393063	196.3227513227513	198.5387596899225	192.2248062015504	195.25196850393704
NM_001181211.1	178	177.47344110854502	177.2823315118397	169.02439024390245	167.56967213114754	174.37659033078882	179.66666666666669
NM_001181212.1	646	643.1359223300972	642.5054945054944	647.6494845360825	638.090169992609	653.3431798436143	646.0297176820209
NM_001181213.3	334	314.4075829383886	313.75	312.0394736842106	317.94871794871796	312.719298245614	312.4409448818898
NM_001181214.1	169	152.15537952081033	152.9391979976013	151.33939070016032	155.89394405164464	153.52941176470588	153.21142048135914
NM_001181215.3	334	331.19092122830443	328.1294068851099	328.3045128637706	322.50341167551176	326.4352982211371	325.03489183531053
NM_001181216.3	558	534.0	534.0	534.0	534.0	534.0	534.0
NM_001181218.1	931	1016.6373626373626	993.7250996015936	1012.2767857142858	1047.8598484848485	1020.3750000000001	1004.4462809917355
NM_001181219.3	1232	1222.245283018868	1236.2523033309708	1231.2904884318766	1228.704021094265	1229.9317356572258	1236.4980340760158
NM_001181220.1	489	555.7317073170732	517.5	501.4705882352941	478.6764705882353	506.25	492.35294117647055
NM_001181221.3	567	556.4787234042553	553.7524752475248	567.8071065989848	556.5	549.808777429467	549.8301886792453
NM_001181222.3	502	495.5591836734694	490.07942238267145	477.99999999999994	488.2428571428572	481.4021352313168	484.3733333333334
NM_001181223.1	1099	1084.3256090314912	1082.3064420803782	1082.6699211415696	1085.249527572582	1082.3622721321383	1084.0733251274837
NM_001181224.1	218	222.23474178403754	209.51999999999998	211.01754385964912	210.16666666666666	211.0817610062893	212.04651162790697
NM_001181226.1	1141	1143.0981308411215	1144.4672131147543	1125.658914728682	1148.22049689441	1149.6131386861314	1149.6926829268293
NM_001181227.3	1625	1610.096590909091	1654.3666666666666	1632.3921568627452	1648.6488095238096	1651.8253968253966	1647.4057971014495
NM_001181228.3	683	666.6627906976745	675.204918032787	666.7529411764706	669.217054263566	683.4074074074074	669.1384615384615
NM_001181229.1	945	950.0842105263157	955.9746835443037	928.030534351145	933.530612244898	927.2020202020203	932.7324840764333
NM_001181230.1	341	333.98214285714283	367.14689265536725	328.32142857142856	342.66190476190474	345.8181818181818	332.3883495145632
NM_001181231.3	178	176.3548387096774	176.8148148148148	182.5185185185185	173.45263157894738	178.3157894736842	208.1081081081081
NM_001181232.1	600	600.8275862068965	602.3242655059848	599.8811881188119	600.6491723859507	601.3409590849099	598.9361382419233
NM_001181233.3	302	320.19642857142856	318.03200000000004	324.33333333333337	302.82142857142856	307.57446808510633	296.1869158878505
NM_001181234.3	72	70.52631578947368	62.07166123778502	75.69230769230768	63.68316831683168	64.56774193548388	74.44067796610169
NM_001181235.1	260	255.31390134529147	256.0455341506129	260.42705786471066	255.2738570794496	254.48742746615085	254.38190954773867
NM_001181237.1	466	459.88439306358384	461.1341991341991	457.5087719298245	452.5238095238096	464.37974683544303	463.8271604938272
NM_001181238.3	375	354.1909090909091	367.48993288590606	392.29411764705884	366.6496815286624	363.02054794520546	369.80357142857144
NM_001181240.1	395	402.79999999999995	392.01724137931035	413.57377049180326	396.6215469613259	390.64797507788165	397.5
NM_001181241.1	384	374.6938775510205	366.5454545454545	400.0	368.8888888888889	360.0	372.8571428571429
NM_001181242.3	338	324.46666666666664	331.5527950310559	326.56	319.1195652173913	321.70552147239266	322.60273972602744
NM_001181245.1	1446	1439.0845014016822	1438.644057623049	1452.422360248447	1435.5281326447405	1435.8606498194947	1435.8731707317072
NM_001181246.3	471	457.59241706161134	479.3132530120482	470.70454545454544	465.68989547038325	460.96875000000006	476.9817073170732
NM_001181247.3	140	122.01422510606437	122.89949489743326	123.65857109172366	123.62232396980572	122.89845188569869	123.47365547365547
NM_001181248.1	536	526.9631512071156	525.8249534450651	517.4468085106383	524.8385155466399	522.4623243933589	527.4371859296482
NM_001181249.1	257	245.94444444444446	236.66929133858267	245.5945945945946	245.5268817204301	243.96470588235294	249.35087719298244
NM_001181251.3	397	389.7014925373134	382.48305084745766	441.5102040816326	407.35526315789474	379.7818181818182	398.72413793103453
NM_001181252.3	508	503.1804384485666	499.2416452442159	507.6923076923077	496.0468521229868	500.5642737896494	498.0182926829268
NM_001181253.1	567	553.4484902309058	555.7153468462798	557.0964542000845	555.7449380477486	555.9740380637153	556.6609618346739
NM_001181254.1	1031	1045.3097826086957	1064.4166666666667	1068.969230769231	1038.104247104247	1027.3662921348316	1019.5874999999999
NM_001181255.3	225	222.92727272727274	209.49295774647885	218.73529411764704	203.87142857142857	216.46153846153845	223.8409090909091
NM_001181257.3	708	703.7373134328358	699.4006211180124	700.1320754716982	701.7023723939611	709.08	708.6197183098591
NM_001181258.3	210	191.81249999999997	210.35714285714286	209.74468085106383	194.08695652173913	200.76190476190476	225.85714285714283
NM_001181259.1	811	801.2121896162528	803.5760073260074	819.1224489795918	798.0272861356932	796.0177083333333	805.1965317919075
NM_001181261.3	282	281.4092664092664	270.90000000000003	276.42857142857144	268.32	274.14518147684606	271.38922155688624
NM_001181262.1	178	159.22033898305082	163.24	169.4	180.06153846153848	181.01754385964912	162.8
NM_001181263.3	1117	1099.9617834394905	1131.5764705882352	1131.1279069767443	1145.9939393939394	1155.4571428571428	1114.86
NM_001181264.3	253	243.35812964930923	246.99285714285716	248.08333333333337	246.21296978629329	242.87286689419795	240.6112676056338
NM_001181265.1	236	225.568	224.53100775193798	221.3025404157044	229.20286396181385	223.9407114624506	219.12252964426878
NM_001181267.1	609	586.7567567567568	589.3548387096774	596.0377358490566	588.9174107142857	591.046511627907	587.7209302325581
NM_001181269.3	951	927.0	939.6409090909092	933.6214285714285	938.8089171974523	947.0649350649351	940.056338028169
NM_001181270.1	462	452.2207792207792	445.9061371841155	448.265625	459.0888888888889	452.2439024390244	456.9064748201439
NM_001181271.3	405	443.7256097560976	420.47297297297297	417.7631578947368	417.56060606060606	420.1140684410646	414.716814159292
NM_001181272.3	766	771.8125	761.824427480916	782.9379310344827	759.9878787878788	769.2794117647059	764.039603960396
NM_001181274.2	702	700.055421686747	702.1010289990645	706.6654411764706	703.1313456889606	695.4362017804154	702.2598870056497
NM_001181275.3	206	210.21705426356587	200.40449438202248	192.03149606299215	193.375	191.49565217391304	198.25
NM_001181276.3	283	284.3369565217391	278.4736842105263	280.0569105691057	275.6330275229358	285.7445652173913	280.1909090909091
NM_001181277.3	150	144.85937174953193	143.56615224553494	144.58871109548093	137.2628165804925	142.10507743579691	144.5659090909091
NM_001181278.1	427	423.7731958762887	414.11724137931037	439.089552238806	427.3422818791946	419.3821138211382	457.9545454545455
NM_001181279.1	859	835.0	848.4677419354838	857.2666666666667	853.2846715328467	842.3245614035088	890.6666666666665
NM_001181281.3	267	261.4891304347826	268.7142857142857	262.0301204819277	256.4123376623377	255.9467213114754	262.94776119402985
NM_001181284.3	502	494.968475877193	497.5507436570429	492.3107737718743	492.800049738871	494.2645216400911	489.7129521586931
NM_001181285.1	420	434.71999999999997	434.46043165467626	416.8421052631579	408.59999999999997	422.88888888888886	424.2857142857143
NM_001181286.1	864	885.1612903225806	877.4547143520668	873.3518005540166	887.8178368121443	887.5563258232237	885.36
NM_001181287.3	245	241.6077170418006	232.77918781725887	238.48022598870054	234.94660194174756	233.90887850467288	232.85853658536587
NM_001181288.1	409	397.178002894356	395.84229390681	403.2315945246023	398.05345033905064	396.93418259023355	399.69792438843587
NM_001181290.3	258	242.60294117647058	240.2566844919786	246.20869565217393	243.43548387096774	240.91625615763544	243.2857142857143
NM_001181291.3	947	937.7241699128176	933.7915199323847	944.4730428360413	931.131039229181	934.0528739867354	938.5838270142181
NM_001181292.3	336	338.27368421052637	331.2422907488987	324.56375838926175	326.13240418118465	331.1672354948806	327.94160583941607
NM_001181294.1	340	320.99604743083	324.1812297734628	330.64900662251654	326.2597402597403	330.51590106007063	320.32876712328766
NM_001181295.1	555	549.6315789473684	541.9862068965516	531.0	537.4363636363636	538.6956521739131	543.6428571428571
NM_001181296.3	228	216.8909952606635	217.7014925373134	218.6806596701649	218.00762942779295	218.63291139240505	216.10169491525426
NM_001181298.3	399	375.0	387.5	384.1463414634146	425.4807692307692	390.84507042253523	384.6153846153846
NM_001181299.1	1133	1175.3504273504273	1120.9891891891891	1174.2352941176468	1142.4371859296484	1126.7914438502673	1109.0
NM_001181300.1	570	563.3333333333333	583.3972602739726	574.7368421052631	567.84	561.3802816901408	560.7567567567568
NM_001181301.3	243	235.9014778325123	229.4017971758665	231.05023923444978	231.5142857142857	236.3850710900474	234.2219730941704
NM_001181302.1	363	348.5668711656442	349.00626118067976	354.3220338983051	348.85855915399867	350.93483146067416	351.6422651933702
NM_001181303.3	165	141.0	145.0285714285714	146.22222222222223	146.71621621621622	147.22058823529412	141.0
NM_001181304.1	491	489.48943488943496	488.4193141173996	503.6562009419152	482.21723388848653	488.787281310747	497.1928987811341
NM_001181306.1	530	535.310975609756	527.2605042016806	524.4000000000001	522.3225806451613	521.8952879581152	527.7634408602152
NM_001181307.3	717	703.0434782608695	703.7664422578976	703.6732673267326	701.3843648208468	701.8255813953489	697.0329776915615
NM_001181308.1	401	422.85135135135135	398.75	377.0	400.748031496063	406.28155339805824	407.90163934426226
NM_001181309.3	340	333.20127456186935	333.37889070910364	328.74010079193664	343.24551201011377	337.72097759674136	332.86516853932585
NM_001181310.3	100	90.20069204152249	87.11111111111111	93.5030303030303	87.78115501519758	86.9208211143695	97.8342541436464
NM_001181312.1	61	59.2	49.39593908629441	56.28169014084507	54.360189573459714	53.90355329949238	49.96907216494846
NM_001181313.1	1945	1939.8102815177479	1943.0804597701149	1954.1726844583986	1945.1445404556166	1947.1716621253408	1953.3103975535166
NM_001181314.3	389	376.7020893371758	379.6826579261025	378.08166862514685	377.3310810810811	378.547466095646	379.7403846153846
NM_001181315.1	730	725.3743139407244	715.5062836624775	718.3859649122808	722.69176882662	719.4904458598727	717.2460176991151
NM_001181316.3	389	379.77914110429447	378.1209150326797	381.3738317757009	381.76020408163265	378.656462585034	382.9241071428571
NM_001181318.1	502	496.98824483177947	499.36398713826367	504.14809873248834	498.3376693766937	493.85427004439805	495.3091922005571
NM_001181320.1	598	586.83542039356	587.0544452101998	579.8063583815028	586.0630472854641	596.0082901554404	581.5811320754717
NM_001181321.3	327	335.33001585239396	335.3731645755221	334.2934513460829	338.18338669171635	334.5070682959409	332.07827998033605
NM_001181322.1	405	392.1672413793104	398.56382978723406	398.089709762533	398.1879699248121	399.6293375394322	398.272
NM_001181323.3	595	583.688888888889	583.5036496350364	571.0	583.595588235294	600.3897058823529	624.7411764705881
NM_001181324.3	241	232.55555555555551	229.5301837270341	223.88888888888889	226.7335092348285	225.7550432276657	230.63350785340316
NM_001181325.1	812	815.9212598425196	796.4278074866311	805.5111111111112	800.9416058394161	803.8051575931232	799.7611940298507
NM_001181326.1	542	526.7661538461539	531.3308823529412	529.2067307692308	532.0670926517572	525.5758683729433	529.9907407407408
NM_001181327.3	812	846.1549815498155	834.234693877551	850.306976744186	826.1290322580645	825.8618618618618	822.0493827160494
NM_001181328.1	754	760.0484261501211	749.8729582577133	771.3207547169811	750.054945054945	755.0572082379863	757.2388059701492
NM_001181329.3	783	776.9695603156708	772.1885317115551	781.9305135951662	769.9351669941061	776.9063926940639	776.8588235294118
NM_001181331.1	419	406.50485436893206	404.002849002849	405.50531914893617	401.3538873994638	402.4528301886793	397.515923566879
NM_001181332.1	143	129.94252873563218	121.76744186046513	139.51724137931035	136.0	131.89166666666668	134.14545454545453
NM_001181333.3	941	933.5053050397878	938.1342614075793	942.280701754386	930.5694419682653	938.2003032025772	937.5298507462687
NM_001181334.3	285	283.03246753246754	283.5228426395939	278.0217391304348	275.5674418604651	278.3175355450237	281.60526315789474
NM_001181335.3	96	86.94339622641509	92.0655737704918	84.34285714285716	91.93846153846154	88.61538461538461	108.0
NM_001181336.1	256	248.81876332622602	248.30931458699473	255.6377358490566	251.33333333333331	248.11111111111111	251.03951367781156
NM_001181337.1	304	292.1535893155259	294.23728813559325	313.8255033557047	296.19402985074623	292.36749116607774	296.40167364016736
NM_001181338.3	99	84.40162271805274	83.9035237769415	84.34664246823957	82.97425853385562	85.86191059399877	83.28988529718457
NM_001181339.1	406	396.96494845360826	394.2865497076023	397.77581120943955	396.8663282571912	393.07246376811594	395.86798679867985
NM_001181340.3	481	468.6252119841718	473.3946188340807	466.44586614173227	474.26242544731605	473.3799283154122	467.07495590828927
NM_001181343.1	247	246.5900014682132	243.79012575109954	249.88689982216954	246.34818801578757	247.41109541161597	250.04328339095917
NM_001181344.3	105	89.72307692307692	94.03448275862068	98.1	91.02061855670104	89.59090909090908	87.41584158415841
NM_001181345.1	604	623.7735849056604	609.0	602.3076923076924	588.854961832061	615.6140350877192	603.1999999999999
NM_001181346.3	2034	2019.0540540540542	2022.681388012618	2024.2553191489362	2016.3207547169811	2047.9245283018868	2024.888888888889
NM_001181347.3	1079	1086.969696969697	1081.803861788618	1084.5991983967936	1076.8275862068965	1086.506368028107	1077.2761824324323
NM_001181349.1	264	264.3171806167401	265.01628664495115	271.304347826087	263.8636363636364	258.6268656716418	257.3333333333333
NM_001181351.3	288	309.0731707317073	270.3614457831325	264.0	281.1428571428571	281.1428571428571	264.0
NM_001181352.1	443	462.84883720930236	458.9047619047619	429.7435897435897	432.25949367088606	448.14782608695657	448.57647058823534
NM_001181356.2	520	523.3385826771654	515.84	515.5467980295566	521.4048780487805	517.2571428571429	520.6629834254144
NM_001181358.1	500	499.18181818181813	515.3543307086615	516.0480769230769	496.3298969072165	505.5390070921986	512.3914373088685
NM_001181359.3	132	118.04651162790698	124.75862068965516	108.0	115.44827586206897	119.28358208955224	119.57142857142857
NM_001181360.1	305	288.6677367576244	293.3916990920882	287.33401639344265	287.0042735042735	294.076525336091	290.2210708117444
NM_001181361.3	223	214.8029411764706	214.44748858447488	207.89837398373984	212.3514376996805	217.87747035573122	210.90033222591362
NM_001181362.3	1173	1198.9565217391303	1170.9554140127389	1196.8750000000002	1185.592356687898	1172.9375000000002	1170.2777777777778
NM_001181363.1	394	387.99497960464385	386.8938591847538	396.6125290023202	382.2323439099283	389.16760970702876	397.4812558575445
NM_001181364.1	228	220.76712328767124	228.42718446601944	218.74698795180723	216.23021582733816	228.10374639769452	224.28070175438594
NM_001181366.1	780	779.3814432989691	786.24	762.3529411764705	780.99173553719	788.516129032258	795.1034482758621
NM_001181367.3	877	853.0	853.0	853.0	897.3116883116883	880.0793650793651	882.4137931034483
NM_001181368.3	283	274.0144927536232	269.90526315789475	259.0	268.96153846153845	267.5384615384615	277.5
NM_001181369.1	982	984.3481975967958	980.2197718631179	989.1512656925294	977.9139243471133	982.4822222222222	983.8918918918919
NM_001181370.3	563	569.9968051118211	559.0092807424595	556.15	559.4683544303797	555.1162790697675	556.9666666666667
NM_001181373.3	422	407.42440801457195	413.4313408723748	407.7668711656442	411.88929001203365	407.29182879377436	413.7234567901235
NM_001181374.3	762	776.0319018404907	788.7022900763359	778.7413249211357	779.8094420600858	785.3174767321613	772.7142857142857
NM_001181375.1	591	571.9304347826087	578.5714285714286	581.0	583.0282685512368	579.3799126637555	586.2203389830509
NM_001181376.1	234	239.43925233644862	220.71428571428572	242.81249999999997	226.2676056338028	223.21678321678323	236.61971830985914
NM_001181379.3	776	813.7313432835821	775.6342857142857	780.0	773.4857142857142	771.2820512820513	786.40522875817
NM_001181380.3	191	203.1081081081081	194.1196581196581	187.61728395061726	197.16774193548386	181.79746835443038	181.0843373493976
NM_001181381.1	434	433.59712230215825	430.2970297029703	462.7722772277228	431.93415637860085	435.7591623036649	453.33333333333337
NM_001181382.1	255	245.8582914572864	247.0487804878049	253.44	245.5641447368421	247.8801843317972	251.1210407239819
NM_001181383.3	432	458.2625493593932	449.0925764087585	456.015753008387	442.551088511044	447.20682326012314	451.93922210105416
NM_001181384.1	474	469.44444444444446	461.4893617021276	478.6363636363636	481.5175097276265	471.5311004784689	485.52631578947364
NM_001181386.3	361	361.0714285714286	359.71910112359546	348.4237288135593	354.28205128205127	362.5949367088608	365.6808510638298
NM_001181387.1	1026	1057.6666666666665	1023.0947368421052	1038.4363636363637	1018.1612903225806	1017.5348837209303	1024.021978021978
NM_001181389.1	529	517.2860738255033	522.9630872483222	532.1248025276461	521.8959107806692	522.0447409733124	521.5691868758917
NM_001181390.3	804	804.8111332007951	795.8108108108108	804.5669291338583	795.8992805755396	800.1632653061225	804.8747152619591
NM_001181391.1	256	253.0909090909091	247.40625	248.57142857142858	256.15141955835963	254.24657534246577	256.9846153846154
NM_001181392.3	419	417.19101123595505	430.0403225806452	475.7954545454546	443.6986301369863	461.6265060240964	414.42622950819674
NM_001181393.3	746	748.7936665017319	743.6159149103801	747.0675314765357	747.9100906810727	752.2958681224577	754.9922480620155
NM_001181395.1	696	711.1291139240506	698.4104803493449	705.9922178988327	693.1468531468531	693.375745526839	718.5230769230768
NM_001181396.1	238	227.2754342431762	231.04424778761063	235.47404844290656	232.0078277886497	226.4	228.21093750000003
NM_001181397.3	193	187.10714285714286	192.19607843137257	226.70731707317074	191.984	192.22137404580153	198.25
NM_001181399.1	1374	1368.385214007782	1359.391304347826	1359.7122302158273	1369.4011976047905	1360.0896860986547	1374.3556701030927
NM_001181400.4	1962	1988.4104046242776	1958.3144654088048	1945.846153846154	1978.62893081761	1982.8092485549134	1972.6071428571431
NM_001181403.2	1061	1061.3427230046948	1047.5816326530612	1064.6533333333334	1050.6807387862798	1070.0957446808509	1056.6898734177214
NM_001181404.3	152	143.26153846153846	143.6809116809117	141.21290322580646	137.45454545454547	141.49818181818182	145.94392523364485
NM_001181405.1	548	543.9765395894428	558.2311557788945	539.1570247933884	552.7123287671233	547.5211970074813	550.8717948717949
NM_001181406.3	300	311.9375	308.5365853658537	324.70588235294116	315.0566037735849	309.3626373626374	330.08108108108104
NM_001181407.3	572	570.4590163934427	572.9090909090909	556.5625	565.9672131147541	552.7241379310345	573.2923076923078
NM_001181408.1	381	378.652879944483	380.3011511728931	379.4453441295546	377.103734439834	376.2230769230769	378.4635492303224
NM_001181409.1	266	271.2178477690289	276.2992125984252	265.04761904761904	266.8441064638783	273.27891156462584	262.36633663366337
NM_001181410.3	1472	1459.2466019417475	1472.3702664796635	1466.659793814433	1469.1386861313867	1460.7689594356261	1462.516290726817
NM_001181411.1	308	300.7449695835283	300.7496723460026	300.73483535528595	303.10449348577504	301.4965626652565	297.6796496888684
NM_001181412.3	336	319.9591836734694	328.55510204081634	318.5	323.77358490566036	322.7175572519084	331.5
NM_001181413.3	305	289.22803904170365	288.3633144475921	289.07250341997263	289.6431989063568	288.86337448559675	292.52365930599365
NM_001181414.1	428	420.3825164224356	419.56712441073995	420.4718938480097	415.5645049847004	417.91283695523094	418.57131079967024
NM_001181415.1	370	353.1709844559586	362.1798561151079	349.2952380952381	361.8409638554217	369.76373626373623	361.04347826086956
NM_001181424.1	376	375.46666666666664	367.5911413969335	376.32	371.8904109589041	373.752808988764	357.5
NM_001181426.1	72	57.73913043478261	55.14893617021277	54.193548387096776	57.65217391304348	55.91208791208791	57.19148936170213
NM_001181427.1	88	79.47906976744186	82.68485675306958	79.23809523809524	78.68656716417911	79.08943089430895	80.37209302325581
NM_001181431.2	1788	1764.0	1764.0	1764.0	1764.0	1763.9999999999998	1763.9999999999998
NM_001181435.1	210	202.61080485115767	201.90900818926298	197.83360522022838	202.01264591439687	201.78181818181818	196.2197802197802
NM_001181436.3	471	489.33700440528634	485.48828337874664	483.3414634146342	479.0406015037594	477.6300835654596	478.9626467449306
NM_001181437.1	113	95.43373493975903	100.01030927835052	99.0754716981132	102.2178217821782	110.40506329113924	93.68421052631578
NM_001181438.1	198	209.8875	208.64253393665157	223.91803278688525	193.25106382978723	202.18994413407822	217.93939393939394
NM_001181439.3	2021	2011.497277676951	2025.39336492891	2026.260073260073	2014.395470383275	2005.589247311828	2020.5866141732283
NM_001181440.1	318	320.3283582089552	317.9024390243902	298.3880597014925	313.03597122302153	323.859375	318.5
NM_001181442.2	563	554.1962025316456	555.6557939914163	557.4704049844237	557.0859839217057	564.5092024539877	551.891402714932
NM_001181444.3	661	653.625	657.8396946564885	655.517441860465	655.2652329749104	649.9176172370088	651.2505592841163
NM_001181445.2	156	150.7578947368421	166.43478260869566	152.16666666666669	146.88235294117646	148.14893617021275	144.77419354838707
NM_001181446.1	716	719.3820829376384	720.0614895308772	717.2745591939547	716.5636428827537	722.716917922948	712.5318681318681
NM_001181447.3	510	541.367088607595	511.3125	555.4285714285713	531.9729729729729	592.3124999999999	508.09090909090907
NM_001181448.1	529	533.8122406639004	529.3268817204302	522.8187650360866	529.2598039215686	531.4418881396272	526.2459546925567
NM_001181453.3	677	663.7637362637363	657.5824561403509	670.1842105263157	659.4334975369459	662.3285714285714	678.8613861386139
NM_001181454.1	1152	1146.5551747772447	1138.212765957447	1154.953405017921	1139.7255717255719	1139.34674556213	1147.1366635249765
NM_001181458.3	189	199.24528301886792	188.57142857142856	184.8	203.47533632286996	190.68396226415095	190.48780487804876
NM_001181460.1	394	393.3187613843352	389.5164835164835	396.7805442964679	392.9538244624604	394.6094354215004	395.95238095238096
NM_001181463.1	817	817.030303030303	857.6652360515021	834.1185185185185	827.1483253588517	834.7368421052631	849.0707070707072
NM_001181464.3	191	186.54255319148936	191.74074074074073	209.5686274509804	183.7	193.64893617021278	187.875
NM_001181465.1	322	315.22543352601156	304.3948497854077	306.2777777777778	310.12790697674416	309.6103896103896	302.3188405797101
NM_001181467.1	765	757.4301552106431	754.0764705882353	758.6148969889065	760.6966086159487	759.5064935064935	749.5830115830115
NM_001181468.3	677	668.3328729281768	670.3966158646346	677.6415094339623	668.4305859933302	670.7301712483101	679.8662857142856
NM_001181469.1	245	243.55102040816328	220.99999999999997	226.525	230.4714285714286	230.08219178082192	232.6315789473684
NM_001181470.1	418	399.6285714285714	407.9058823529412	405.50364963503654	402.4731182795699	406.7096774193548	400.45901639344265
NM_001181473.1	1678	1700.4172123479887	1675.7472607742875	1686.55905511811	1694.4214002642007	1703.2184808144088	1699.2172661870504
NM_001181474.3	818	808.7927340475081	813.2005689900427	815.4794776119403	805.3820015927794	812.1877581674803	808.2293906810036
NM_001181475.1	1393	1389.6252354048963	1397.0267716535434	1391.8929765886287	1393.5194029850747	1395.326923076923	1378.441379310345
NM_001181477.3	453	437.52317880794703	448.305	460.4862385321101	449.4285714285714	469.4293193717278	452.6146788990826
NM_001181479.1	404	402.6865671641791	413.0434782608695	387.75510204081627	397.07865168539325	428.0459770114943	389.04761904761904
NM_001181480.3	837	813.0	813.0	813.0	817.9573170731709	848.0431034482758	813.0
NM_001181481.1	391	377.63768115942025	376.9189189189189	367.00000000000006	379.03278688524586	372.027397260274	401.40625
NM_001181482.3	445	447.98717948717945	441.24038461538464	436.59259259259255	453.890625	443.9636363636364	449.83561643835617
NM_001181483.1	1068	1070.6350797266516	1074.078391959799	1071.0466321243523	1061.7998517420313	1069.7437252311756	1068.240192153723
NM_001181484.1	817	808.25	813.0759493670886	813.8684210526316	815.4964539007092	809.8723404255319	822.3703703703703
NM_001181485.3	327	318.73409434279	321.0234328059283	332.4417123200408	325.2633586630741	321.69132379248657	334.2098515852275
NM_001181486.1	374	365.3716216216216	370.84639498432597	360.05747126436785	373.1404958677686	371.4912280701754	357.1917808219178
NM_001181487.3	473	452.42748091603056	463.0862745098039	470.1294117647059	464.16891891891896	482.0432900432901	471.7753623188406
NM_001181488.1	240	227.82857142857145	226.46849757673664	221.85365853658539	220.77348066298342	223.72962226640158	224.83271375464682
NM_001181489.1	875	851.0	866.6146788990825	873.3947368421053	851.0	850.9999999999999	876.029411764706
NM_001181490.3	662	674.1132075471697	672.9589041095891	653.560975609756	660.3859649122807	638.0	638.0
NM_001181491.1	538	536.8444444444444	546.948717948718	524.936170212766	551.4791666666667	529.1176470588235	616.8000000000001
NM_001181492.1	403	416.9	409.6262626262626	409.5645161290322	396.0337078651685	407.22340425531917	427.3829787234043
NM_001181493.3	439	477.4421296296297	456.3409961685824	467.2482014388489	460.1842546063652	471.8703703703704	471.90635451505017
NM_001181494.1	708	699.9069767441861	702.2399999999999	718.314381270903	708.1696113074205	695.4476987447699	707.5051546391753
NM_001181495.1	825	819.9483870967742	824.6687402799379	843.8628762541805	817.982332155477	832.3434782608696	823.25
NM_001181496.1	233	212.11940298507463	212.4122448979592	216.35915492957747	213.56331877729255	214.25125628140702	211.10050251256283
NM_001181498.1	162	146.90322580645162	152.0816326530612	161.0	164.17241379310346	155.63909774436092	151.2127659574468
NM_001181499.3	247	231.99193548387095	232.4491525423729	236.59756097560972	227.09174311926606	235.58870967741933	234.43589743589743
NM_001181501.1	294	289.8305084745763	299.29787234042556	281.69675090252707	295.83143507972665	286.2785862785863	281.78181818181815
NM_001181502.1	589	592.4067164179105	584.0985915492959	581.9077306733168	576.7463617463618	582.4258600237248	596.7151767151768
NM_001181503.3	883	859.0	859.0	885.0303030303029	874.3392857142858	858.9999999999999	878.0888888888888
NM_001181504.1	569	609.5394736842105	587.578125	556.3541666666666	551.4117647058823	562.3015873015872	615.3225806451612
NM_001181505.1	208	202.4	202.55462184873952	200.98461538461535	187.03296703296704	192.23880597014926	201.88888888888889
NM_001181506.3	640	632.2105263157895	634.7376425855514	634.5263157894738	638.0	637.4054054054054	638.4817518248175
NM_001181507.1	1225	1223.6070588235293	1219.033033033033	1225.262626262626	1208.7234726688102	1236.1022964509393	1223.4067164179105
NM_001181509.1	1184	1183.835616438356	1180.7407407407406	1208.1185185185186	1172.8548812664908	1186.5833333333333	1185.868544600939
NM_001181511.1	876	869.8357487922705	866.9765625	881.5646687697161	863.5197404002163	868.8864864864865	862.8472222222223
NM_001181512.1	294	282.0990566037736	287.15063520871144	294.9579831932773	276.04477611940297	282.8305785123967	288.6206896551724
NM_001181513.1	1217	1221.951758695225	1216.5599784000617	1236.1027493831511	1208.0777354570637	1215.5462253549904	1225.6571644326978
NM_001181514.1	484	466.21621621621625	467.70949720670393	469.06403940886696	472.70718232044203	478.9041095890411	479.51515151515156
NM_001181515.1	726	720.972972972973	736.3199999999999	739.9459459459459	743.2941176470589	717.3947368421053	755.587786259542
NM_001181516.1	599	582.2784810126582	581.9277108433736	601.1363636363636	587.9213483146068	592.96875	612.0967741935483
NM_001181517.1	1041	1033.4032258064515	1048.5620689655173	1043.076923076923	1049.1835443037974	1032.526717557252	1041.3592814371257
NM_001181518.1	618	622.875	615.4698795180723	653.4	607.6238532110092	658.9180327868853	603.504
NM_001181520.1	822	811.7191977077364	820.2490706319702	811.8541666666667	820.0848708487085	807.3006993006992	811.3556485355648
NM_001181523.1	759	747.6724137931036	759.5000000000001	735.0	758.3333333333333	757.2727272727273	735.0
NM_001181524.1	485	495.3297872340425	483.2168674698795	470.7566137566138	476.8965517241379	475.0168918918919	489.6335403726708
NM_001181525.1	1169	1190.0787401574803	1158.7125748502995	1190.1973684210527	1175.1315789473683	1145.0	1159.135802469136
NM_001181526.1	686	662.0	662.0000000000001	689.0204081632654	677.3953488372093	662.0	754.3720930232558
NM_001181527.1	868	867.0601092896175	882.1900452488687	856.4117647058823	884.3276450511945	865.0124481327802	862.3478260869566
NM_001181528.1	1473	1488.3393665158371	1477.8645418326694	1593.8999999999999	1467.818181818182	1493.5846153846155	1492.5789473684208
NM_001181529.1	156	148.6092715231788	141.20930232558138	147.0	148.25615763546799	141.14851485148515	143.57894736842107
NM_001181530.1	212	211.93357933579338	211.28552803129077	214.49664429530202	209.29281767955803	218.40746500777607	217.19891008174386
NM_001181531.1	1053	1064.1365853658538	1074.3970588235295	1091.252669039146	1078.5664739884392	1067.199535962877	1064.7567567567567
NM_001181532.1	741	739.944	741.0604026845639	781.2089552238806	750.5438596491229	787.3803680981595	748.1739130434783
NM_001181533.1	602	614.8936170212767	598.6428571428571	578.0	587.6333333333334	595.5151515151515	593.2105263157895
NM_001181534.1	673	680.5228571428571	686.5812917594656	676.9741379310345	683.5037974683545	677.8067885117493	673.8421052631579
NM_001181535.1	814	833.0909090909091	815.483870967742	790.0	826.4615384615386	823.4745762711865	850.7692307692307
NM_001181537.1	144	157.26027397260273	164.26666666666665	152.96703296703296	157.22627737226279	149.87124463519314	152.51612903225805
NM_001181542.1	1764	1757.0195627157652	1751.9669876203577	1755.8574979287487	1759.8820493918172	1770.6672261854806	1762.9658385093169
NM_001181543.1	546	528.929203539823	532.4749163879599	529.1506849315069	541.278409090909	548.8676470588235	543.1621621621621
NM_001181544.1	545	544.035480349345	538.9802793755135	538.9973427812223	537.5673640167364	540.2230059685296	541.5838454784899
NM_001181545.2	709	721.3716814159293	736.5591397849463	704.0277777777778	701.8098159509202	724.1428571428571	685.0
NM_001181548.1	274	281.52173913043475	277.6785714285714	278.4810126582278	272.8658536585366	278.735632183908	282.85714285714283
NM_001181550.1	306	298.60479041916165	295.40535868625756	288.7616361071933	293.8487394957983	299.8006644518273	290.6200873362445
NM_001181554.1	233	230.1786666666667	228.12418300653596	226.81121898597627	224.9763724808895	227.8560606060606	226.1713615023474
NM_001181555.1	170	150.73316708229424	159.03571428571428	155.36603773584906	152.54245283018867	153.8361581920904	159.42528735632183
NM_001181556.1	473	481.212298682284	480.1140724946695	467.0359408033827	465.77298850574715	476.6942257217848	473.9444444444444
NM_001181557.1	167	154.63597430406853	154.66312056737587	151.76451612903224	153.15384615384616	152.6468253968254	158.58767772511848
NM_001181558.1	378	363.503355704698	364.3863080684597	357.0386266094421	357.2181818181818	376.4894117647059	366.9908256880734
NM_001181559.1	302	287.11475409836066	305.2549019607843	303.86046511627904	294.5148514851485	289.8297872340425	324.3333333333333
NM_001181560.1	635	630.9239130434784	625.5476190476192	618.9350649350649	641.2975206611569	623.5979381443299	714.7547169811321
NM_001181561.2	663	672.3265306122449	658.2714285714285	665.4413793103448	662.8878504672897	652.4417475728155	659.6735294117647
NM_001181562.1	1230	1206.0	1206.0	1206.0	1214.6762589928057	1245.8677685950413	1206.0
NM_001181563.2	2209	2201.594104819911	2200.1178083899517	2199.5124867162594	2198.7800551832875	2197.940479715724	2196.3786487597645
NM_001181564.1	351	345.50943396226415	344.5806451612903	334.7857142857143	352.43333333333334	336.34285714285716	340.91489361702133
NM_001181566.1	309	319.54545454545456	318.8811188811189	310.14705882352945	314.64000000000004	318.68181818181824	294.34426229508193
NM_001181567.1	404	389.2682926829268	397.60975609756093	392.14611872146116	391.77685950413223	392.078239608802	394.179104477612
NM_001181569.1	82	71.52551337896702	72.44874876290118	77.41525423728814	75.27659574468085	72.40808934500453	72.75095335875623
NM_001181570.1	375	384.6063829787234	365.87288135593224	360.6164383561644	372.0	358.16326530612247	382.9090909090909
NM_001181571.1	390	376.2963849016481	378.42319013376056	377.3075380616413	376.77438874805785	379.7332873285603	377.69320027848687
NM_001181572.1	423	419.3571428571429	413.3783783783784	410.23943661971833	422.19767441860466	414.75	410.7352941176471
NM_001181573.1	216	202.95890410958904	205.28961748633878	206.71532846715328	206.1369863013699	201.98843930635837	197.25
NM_001181574.1	802	790.8241758241758	795.4439461883408	786.3655913978495	792.4520123839009	786.2183098591549	813.1638418079096
NM_001181576.1	153	154.30384615384617	145.94890510948906	154.8	144.54910714285714	149.59072305593452	152.98639455782313
NM_001181578.1	289	277.6837606837607	278.0988593155894	278.6732186732187	280.8935128518972	278.2674571805006	276.8470588235294
NM_001181579.1	464	464.63999999999993	454.9152542372881	451.13924050632914	453.53846153846155	458.08219178082186	454.3478260869565
NM_001181581.1	228	217.4014598540146	216.597609561753	223.61538461538464	211.01486988847583	216.51668460710442	218.57142857142858
NM_001181582.1	658	661.3669064748202	644.3934426229508	672.8163265306123	649.0952380952381	644.8685714285714	659.0263157894736
NM_001181584.1	128	130.0	127.09025270758123	116.58947368421053	124.21106821106822	125.19	120.9645390070922
NM_001181587.1	939	923.0973451327433	925.6121134020619	931.7889908256882	926.6643059490085	930.9761904761905	941.4450867052024
NM_001181588.1	447	468.32142857142856	442.6744186046512	447.8823529411764	429.5076923076923	431.21359223300976	435.4411764705882
NM_001181589.1	694	677.657142857143	689.3004115226337	684.5652173913044	682.8846153846154	673.1308411214952	701.0185185185186
NM_001181590.1	825	804.0807692307692	807.7029288702929	808.9701492537314	805.7892376681614	806.621052631579	811.3689320388349
NM_001181591.1	222	213.41803278688525	213.79298434970318	212.90927542114878	212.57484865162357	212.7297419646899	214.37185929648243
NM_001181592.1	408	394.87467876039307	395.9086908238391	397.3772714433669	395.2836326942482	395.60154985531415	395.61152614727854
NM_001181595.1	578	567.85	565.7872340425531	554.0	582.1014492753624	561.4864864864865	565.5416666666667
NM_001181597.2	392	379.71974522292993	382.39106145251395	382.5742574257426	385.9512195121951	392.80898876404495	386.21782178217825
NM_001181598.1	850	844.561797752809	837.5640000000001	837.5794392523364	837.0501672240803	831.8859857482186	829.3714285714286
NM_001181599.1	89	78.16455696202533	73.6317907444668	82.33333333333333	74.04233870967741	73.54525862068965	76.33720930232559
NM_001181600.1	347	351.59158632778264	352.996115819209	344.2234042553191	348.3407494145199	349.99961479198765	343.2009314703925
NM_001181601.2	728	715.2941176470588	724.8813559322034	723.4782608695652	721.6	722.4821002386634	713.5135135135134
NM_001181604.2	391	384.919921875	382.5359424920128	384.98468606431857	382.07542087542083	383.5979899497487	384.6350649350649
NM_001181605.1	571	556.7028824833703	558.7319034852547	554.879454131918	560.7899159663865	562.2309169467115	559.547670250896
NM_001181606.1	117	104.93582887700535	106.77777777777777	113.2994923857868	101.14948453608248	103.17505470459518	114.42857142857142
NM_001181607.1	271	263.70531400966183	266.505968778696	271.47747747747746	270.55648148148146	262.4672447013487	266.58800773694395
NM_001181609.1	820	807.0555555555555	803.5689381933438	807.4807692307692	801.5086505190311	806.5291005291004	796.0
NM_001181610.1	179	170.73097764732447	168.41761900476916	170.39117352056167	167.9761466200037	169.42309689479697	176.46982197134173
NM_001181611.1	266	262.00787401574803	268.1920731707317	278.25783972125436	256.55063291139237	262.33613445378154	267.9558359621451
NM_001181612.2	104	86.89655172413794	94.95934959349593	95.68627450980394	92.60606060606061	87.24832214765101	97.93103448275863
NM_001181613.1	320	330.66666666666663	321.8412698412699	318.7692307692308	318.25563909774434	315.51648351648345	306.57142857142856
NM_001181614.1	606	601.4000000000001	621.5533980582524	603.5555555555555	594.9333333333334	589.1851851851852	582.0
NM_001181616.2	417	409.37500000000006	411.66201117318434	401.12403100775197	420.991452991453	412.7397260273973	409.8712121212122
NM_001181617.1	118	110.03529411764706	108.89108910891089	115.62	108.75581395348837	105.62886597938144	116.34426229508196
NM_001181619.2	581	572.4009216589862	573.8904203997243	570.6222826086956	571.6462151394422	574.3107861060329	570.3041401273886
NM_001181620.1	814	834.8226950354609	814.3076923076923	821.6	801.6176470588235	825.3731343283583	843.2584269662922
NM_001181622.1	46	28.808157457908464	30.828199297084968	31.535502958579883	30.323350491343003	28.64832247163891	31.924581005586592
NM_001181623.1	125	115.9154571843251	117.36631655197392	118.65002355157795	115.10888724157813	116.30071458596049	119.1466145370535
NM_001181624.1	133	122.14099024480029	122.71829149005542	125.08265739667826	121.30592303066747	122.7780385582565	125.43123306233063
NM_001181625.1	229	225.8360655737705	223.4922680412371	225.60049019607843	222.20082530949105	218.24615384615385	232.14084507042253
NM_001181626.1	397	405.4347826086957	403.16911764705884	383.97058823529414	418.2121212121212	389.07758620689657	400.0289855072464
NM_001181627.1	508	538.6451612903226	509.11320754716985	507.232	518.9879518072289	531.7183098591549	534.9473684210526
NM_001181629.1	305	314.48862405200435	308.4369406021155	309.0163690476191	302.6765746638358	305.836376917458	304.0647398843931
NM_001181630.1	1249	1245.4735376044569	1238.7383177570093	1251.3440860215053	1255.3217821782177	1243.887665198238	1234.280303030303
NM_001181631.1	876	880.4949832775919	870.4966078697422	870.079575596817	875.2586206896551	873.1348837209302	879.4035087719298
NM_001181633.1	784	766.4243448858833	771.3263785394932	769.7435897435896	774.4224422442244	770.7188353048225	783.6944660950896
NM_001181634.1	594	594.9180327868852	616.3414634146341	607.5	597.2292993630573	607.2244897959183	584.1322314049587
NM_001181636.1	275	282.375	266.32824427480915	262.0735294117647	269.7914438502674	267.8582089552239	288.9418604651163
NM_001181637.1	835	862.4292682926829	833.7649122807018	860.5267175572519	837.8543046357617	813.8964285714285	850.2419354838711
NM_001181638.1	753	813.7674418604652	757.5882352941177	753.3000000000001	834.5131578947368	768.0535714285714	754.1379310344828
NM_001181639.1	48	33.88235294117647	33.857142857142854	33.23076923076923	49.29729729729729	34.604651162790695	35.07692307692308
NM_001181640.1	2009	2022.3744769874477	2016.0641627543034	2010.4487179487182	2025.4512372634645	2043.9947552447554	2021.9875776397516
NM_001181641.1	324	324.74226804123714	322.72727272727275	325.7142857142857	313.82488479262673	314.16309012875536	309.91735537190084
NM_001181642.1	649	763.8888888888888	665.3225806451612	657.0512820512821	695.5645161290322	671.2962962962962	639.2045454545454
NM_001181643.1	266	260.61538461538464	262.4507042253521	270.8095238095238	269.32258064516134	270.4705882352941	248.2051282051282
NM_001181645.1	794	806.6230677764567	787.9844290657439	790.6618962432917	792.3651452282159	786.2477064220184	789.7155049786629
NM_001181650.1	193	176.21661490683232	182.4840425531915	185.9	182.07394766780433	185.36803874092013	184.02769679300292
NM_001181651.1	191	203.79661016949152	186.9673913043478	192.04999999999998	173.8630136986301	180.68852459016395	197.36363636363637
NM_001181655.1	1544	1545.4748603351954	1544.6153846153845	1544.516129032258	1545.0	1534.8051948051948	1583.8655462184875
NM_001181658.1	597	584.6209048361935	591.8187995469989	588.187951807229	585.0	590.4654161781947	587.1322869955158
NM_001181659.3	588	585.3405405405406	596.336	594.7128712871287	595.4732142857142	596.8208269525268	595.0977443609022
NM_001181660.1	514	519.4535519125683	509.25764192139735	501.48437499999994	510.607476635514	504.2028985507246	505.8064516129032
NM_001181662.3	695	712.2923076923076	715.3636363636363	731.6064516129032	702.3776978417267	706.0321285140562	686.7265625
NM_001181663.1	482	482.26490066225165	469.92708333333337	484.6796116504854	469.36879432624113	475.76724137931035	495.90344827586205
NM_001181664.3	299	294.2307692307692	290.8169934640523	290.8020750199521	287.6053740779768	288.94812680115274	289.4413407821229
NM_001181666.1	327	324.1818258664412	325.42009259955523	327.09218725035953	323.70143008044204	323.64277494212104	326.6935113619611
NM_001181667.1	89	80.82236842105263	77.44140625	75.0	77.48	79.87562189054725	73.83495145631069
NM_001181668.3	506	516.9275362318841	509.0786516853932	499.52727272727276	499.6341463414634	501.91735537190084	496.17647058823525
NM_001181669.1	256	263.35135135135135	242.08695652173913	254.63414634146343	264.71794871794873	247.46666666666664	267.1515151515151
NM_001181670.4	127	116.91891891891892	122.31250000000001	128.75	114.03571428571429	115.11764705882352	111.35135135135135
NM_001181671.1	398	408.3675675675676	396.8646288209607	413.7168141592921	409.84166666666664	415.7664974619289	403.44881889763775
NM_001181672.1	193	191.14941022280473	190.48738647830473	183.72475247524753	183.61032258064515	186.44369973190348	180.68876080691643
NM_001181673.3	505	495.0309936189608	497.8430976430977	501.49715909090907	512.6678858814923	499.46911519198665	507.64
NM_001181674.1	580	582.9632107023411	577.4100084817642	575.1415701415701	578.9155854068081	581.7004073958008	571.6720972329972
NM_001181675.1	165	150.06428571428572	150.68957345971563	151.5	147.4273504273504	153.89142857142858	152.81564245810057
NM_001181677.3	344	326.5306122448979	333.4736842105263	344.6153846153846	350.11764705882354	338.2857142857143	342.45614035087715
NM_001181680.1	104	96.0	88.33333333333334	100.0	97.5	102.64150943396227	85.16129032258064
NM_001181682.3	239	252.705223880597	234.88439306358381	257.1134020618557	243.2532051282051	232.00564971751413	264.97297297297297
NM_001181683.1	172	169.14285714285714	167.14195583596214	164.06201550387598	164.66894197952217	174.11764705882354	161.79661016949152
NM_001181687.2	1750	1726.0	1726.0	1726.0	1726.0	1725.9999999999998	1726.0
NM_001181688.3	740	740.4786324786324	781.0909090909091	747.8222222222222	767.1428571428571	746.2535211267605	738.7301587301587
NM_001181689.1	1403	1405.3024523160764	1387.1277013752456	1430.074074074074	1391.8398510242087	1397.7194570135746	1389.2527881040892
NM_001181690.1	388	382.30167597765364	378.8571428571429	381.08303249097474	385.7887323943662	377.84340044742726	379.6223175965665
NM_001181691.3	1352	1367.3898305084747	1351.629893238434	1380.421052631579	1342.2412868632707	1343.951951951952	1342.6740331491712
NM_001181692.1	103	88.0	93.27710843373494	95.45833333333333	91.3921568627451	86.66990291262135	96.95454545454545
NM_001181693.1	1080	1068.2790697674418	1064.123076923077	1107.0967741935483	1071.304347826087	1098.24	1090.6229508196723
NM_001181698.1	774	787.6044568245126	772.4137931034484	767.0454545454545	762.0412844036697	776.3819095477388	777.3972602739727
NM_001181699.3	1169	1172.4017094017095	1174.5103092783506	1186.5284974093263	1182.1853856562923	1167.9382303839732	1195.6637168141592
NM_001181700.1	739	731.8055555555555	740.047770700637	746.0869565217391	746.4489003880982	737.9358437935845	726.7488262910798
NM_001181701.1	345	338.9580419580419	355.8913043478261	341.0625	343.69696969696975	353.1	348.4024390243903
NM_001181702.3	135	129.16363636363636	133.2	125.3888888888889	136.91439688715954	147.69037656903762	129.0
NM_001181703.1	649	646.4460784313726	644.5144182963209	647.0991035856573	640.9952606635071	643.1021998482863	643.5709705002138
NM_001181704.1	599	581.7913385826771	584.5833333333334	612.0967741935484	604.6875	602.1818181818181	603.5911602209944
NM_001181705.3	152	131.34267515923565	131.5925155925156	135.46355685131195	128.59122401847574	128.9538002980626	130.24561403508773
NM_001181706.1	104	97.81990521327013	96.98630136986301	96.875	93.65853658536587	96.86746987951805	105.06666666666666
NM_001181707.1	525	509.7587412587413	508.09631728045326	506.4162162162162	510.0815709969788	521.3108108108108	525.7747252747253
NM_001181708.3	230	219.88764044943824	235.93162393162396	220.71428571428572	210.07920792079207	226.37362637362637	210.0392156862745
NM_001181709.1	496	506.9014084507043	501.25070422535214	502.03636363636366	487.8963730569948	490.0905923344947	498.59154929577466
NM_001181710.1	560	559.304347826087	551.7647058823529	554.1694915254237	556.8444444444443	561.0760233918128	547.7802197802198
NM_001181711.3	569	562.5806451612902	548.7074829931972	616.0869565217391	548.8111888111888	561.3499999999999	553.3846153846154
NM_001181713.1	159	148.27868852459017	150.37974683544306	160.11627906976742	148.29545454545453	146.25	156.83823529411765
NM_001181714.3	231	229.02127659574467	220.46341463414637	239.52857142857144	222.9230769230769	228.2803738317757	216.703125
NM_001181715.1	211	209.9918032786885	210.74603174603175	205.7	212.94219653179192	202.96341463414635	214.42666666666665
NM_001181716.1	142	122.26506024096385	135.5247524752475	134.16438356164383	130.51515151515153	133.60330578512398	139.45454545454547
NM_001181717.3	813	818.7035294117646	808.5297029702971	796.5865384615385	804.4453507340945	811.1362725450902	797.6386861313869
NM_001181718.1	346	333.9038817005545	334.1333333333333	334.95975232198145	335.3943427620633	331.75757575757575	333.780487804878
NM_001181720.3	452	466.2764227642276	454.02702702702703	475.08000000000004	448.0625	469.5030303030303	467.6296296296297
NM_001181721.1	120	127.75	125.38364779874213	125.3525179856115	115.81651376146787	118.69565217391303	114.09836065573771
NM_001181722.1	557	569.4660068846815	566.7816901408451	564.3744010951403	554.7308014521084	555.743648208469	558.9097222222222
NM_001181723.3	444	428.71485943775104	430.49999999999994	436.8186874304783	426.77419354838713	428.83280757097793	429.4300518134715
NM_001181724.1	2465	2460.476063829787	2454.7909604519778	2461.090534979424	2469.438834951456	2446.8819277108432	2484.981981981982
NM_001181725.1	136	127.82608695652175	124.32	132.8	123.70149253731343	134.19819819819818	122.88888888888887
NM_001181726.3	348	337.6421052631579	337.00956022944547	342.2168674698795	335.65909090909093	334.2966101694915	339.74089068825907
NM_001181727.1	192	177.542600896861	184.17458279845957	192.16981132075472	182.64473684210526	181.0253164556962	185.439446366782
NM_001181728.1	320	314.79921104536487	314.09435215946843	318.13084112149534	316.2977257064094	314.55457227138646	319.3056416615003
NM_001181730.3	380	377.1536231884058	370.63013698630135	380.1868365180467	375.2305665349144	374.9026548672566	373.8744769874477
NM_001181731.1	201	195.69718309859152	199.33980582524273	201.41379310344828	206.04615384615386	196.32758620689654	200.85106382978722
NM_001181732.1	213	193.81528662420382	195.96315789473684	190.6578947368421	190.5241935483871	192.43636363636364	196.3828125
NM_001181733.3	391	382.36023916292976	391.55596107055965	387.87203791469193	389.743661971831	386.5443786982248	382.6170212765958
NM_001181734.1	410	401.3285198555957	397.44072164948454	395.53086419753083	406.81797752808984	408.51666666666665	403.66013071895424
NM_001181735.1	306	305.5	299.859499733901	302.9968976215098	301.12725090036014	307.5924657534247	303.2073170731707
NM_001181738.1	389	407.8212290502793	388.4538152610442	382.2635135135135	390.5904059040591	389.8863636363636	372.5
NM_001181739.3	108	108.26666666666667	100.0	87.73333333333333	90.6067415730337	95.66666666666667	90.46153846153845
NM_001181740.1	304	282.33333333333337	292.7272727272727	310.0	294.64052287581706	294.7368421052631	291.2
NM_001181741.1	418	412.24074074074076	420.04958677685954	408.5925925925926	408.67021276595744	425.23170731707313	418.0243902439024
NM_001181742.3	100	91.05242718446601	91.625	91.87058823529411	91.9214402618658	90.0	94.36085626911316
NM_001181743.1	105	96.609375	98.05263157894737	103.95	99.60424028268551	94.45126353790613	97.48672566371681
NM_001181745.1	287	274.5489021956088	277.6319543509273	277.7673796791444	276.0359355638166	277.5673652694611	273.77868852459017
NM_001181746.3	949	945.1086956521739	948.8709677419355	938.4057971014493	949.7326203208557	956.25	961.9999999999999
NM_001181747.1	1146	1171.9676113360322	1131.481690140845	1169.6	1142.6820276497697	1152.5075528700909	1156.3469387755104
NM_001181748.1	1086	1068.9753694581282	1069.8783382789318	1068.8076923076924	1073.5121951219512	1063.818493150685	1078.2385321100917
NM_001181749.3	1442	1428.1596724667347	1436.9066666666665	1425.6100178890877	1426.1906137184114	1430.462890625	1427.2679738562092
NM_001181750.1	322	308.2758620689655	335.11743772241994	316.625	314.3736263736264	320.02608695652174	316.3698630136986
NM_001181751.1	355	350.18840579710144	359.96250000000003	354.64285714285717	350.70238095238096	345.1857142857143	351.060606060606
NM_001181752.3	87	87.72099628577672	87.0987261146497	99.29715229054891	78.95734597156398	84.54404145077721	91.26544524925437
NM_001181754.1	277	259.27272727272725	268.92307692307696	271.33333333333337	262.82524271844665	267.3207547169811	272.2761904761905
NM_001181755.3	167	163.69736842105263	145.91836734693877	169.21666666666667	154.59459459459458	157.17117117117118	156.61904761904762
NM_001181756.2	651	646.9047619047619	649.6626506024097	641.25	663.0344827586207	651.1153846153846	627.0
NM_001181757.1	231	232.09090909090912	217.54166666666669	220.9326923076923	221.3048780487805	218.96	218.82857142857142
NM_001181758.3	322	320.70476190476194	341.743119266055	320.92307692307696	336.5170068027211	338.82191780821915	315.3255813953488
NM_001181759.1	261	261.3644859813084	264.7567567567568	266.625	252.06020066889633	261.4870848708487	255.83443708609272
NM_001181760.1	197	175.36986301369865	181.23809523809524	190.89655172413794	187.68867924528303	184.2826086956522	198.22916666666669
NM_001181761.4	573	574.9881656804733	568.770083102493	569.5233644859812	562.5667215815486	565.877034358047	564.596590909091
NM_001181762.1	149	137.6759645464025	136.42758699896635	140.06348826066122	134.6853643383332	135.88156252999326	136.34836493952517
NM_001181763.1	335	325.2910284463895	323.4299046459728	324.42534653465344	325.1169188445667	321.7294614048151	321.9498660543437
NM_001181764.4	720	715.8857142857144	734.2417582417582	754.0	735.2112676056338	722.4303797468355	730.8
NM_001181767.3	1113	1120.1345029239767	1126.0585074626865	1133.869710467706	1117.201611356225	1126.4454842219805	1121.8672032193158
NM_001181768.1	683	674.8795180722892	690.7590361445783	704.9767441860465	673.6444444444445	676.1168831168831	658.9999999999999
NM_001181769.1	278	268.3098591549296	283.5348837209302	277.0909090909091	279.5968992248062	273.84375	267.9178082191781
NM_001181770.3	196	230.3050847457627	196.0	192.23529411764707	211.18987341772151	183.46666666666667	186.82758620689657
NM_001181771.1	242	232.53333333333333	229.72043010752688	226.14953271028037	235.34090909090907	237.23529411764707	224.11214953271028
NM_001181774.1	274	262.0967741935484	264.4927536231884	270.34883720930236	260.8695652173913	269.6078431372549	263.51351351351354
NM_001181775.1	448	464.14685990338165	466.78313253012044	451.0998668442077	472.21660649819495	455.81988742964353	449.2539184952978
NM_001181776.3	198	194.07692307692307	185.56914893617022	190.07608695652172	186.42857142857142	185.17877094972067	187.78217821782178
NM_001181779.3	506	492.8160949187516	493.3422978050227	493.0054179566564	492.6343077771649	494.2796577207313	493.0084328882642
NM_001181780.1	492	482.8571428571429	467.99999999999994	489.7674418604651	502.9253731343284	499.19999999999993	467.99999999999994
NM_001181781.1	220	209.86920796908416	211.99273592585632	209.64519083969464	210.05193322870596	211.40910629018308	207.5135736246484
NM_001181782.3	443	461.0501792114696	446.4754098360656	457.0909090909091	448.06937799043067	439.69135802469134	452.8585858585859
NM_001181783.1	403	394.8556005398111	402.7135016465423	412.46578366445914	399.4686411149826	404.7274569402229	413.9736346516007
NM_001181784.1	806	782.0	782.0	792.3348017621146	785.929648241206	787.9694656488549	782.0
NM_001181785.3	1375	1366.9881656804735	1363.5092592592594	1351.0	1351.0	1351.0	1351.0
NM_001181787.2	334	334.79999999999995	369.61538461538464	338.8372093023256	382.5531914893617	357.1739130434783	343.2142857142858
NM_001181788.1	634	627.1830985915493	641.4432989690722	621.2962962962964	654.6341463414635	632.1818181818181	676.5454545454545
NM_001181789.3	544	537.993079584775	539.8823529411765	542.9834254143647	536.0224089635855	536.3009404388714	537.2375690607735
NM_001181790.2	1043	1058.3298245614035	1039.218253968254	1045.330749354005	1042.9201877934272	1043.9405594405596	1069.4767801857586
NM_001181791.1	204	188.86699507389162	205.02242152466368	195.0	196.2406015037594	198.64541832669323	198.15126050420167
NM_001181792.3	702	722.9277108433735	695.5344827586207	678.0	680.722891566265	694.4363636363637	686.0714285714286
NM_001181794.3	416	421.25373134328356	441.6901408450704	401.1162790697675	408.5052631578948	421.77215189873414	391.99999999999994
NM_001181795.1	1437	1443.2477064220184	1430.4086242299795	1440.8423645320197	1444.2610619469026	1430.1065375302662	1442.3153526970952
NM_001181796.2	1579	1554.9999999999998	1561.7903930131006	1569.532710280374	1566.9157088122606	1570.320197044335	1582.7678571428573
NM_001181797.3	354	348.16662570656183	348.32283915283347	350.5312827682628	346.6634908536586	346.60200383713493	346.9982238010657
NM_001181798.1	1643	1656.133027522936	1619.0	1663.0544217687075	1650.641693811075	1625.581300813008	1631.952
NM_001181800.3	337	331.3288288288288	330.1645161290323	324.41145833333337	337.9402390438247	326.9392712550607	342.27338129496405
NM_001181801.1	757	765.2119140625	758.4475471698113	755.3248730964467	753.8407798537775	771.4695035460993	756.1730449251248
NM_001181802.1	264	258.22784810126586	264.9795918367347	256.0	259.2	268.8	268.84120171673817
NM_001181803.3	256	246.87664384306055	247.718837979148	244.89896170592831	249.80679714882052	247.12795922220127	245.73295615275813
NM_001181805.1	353	350.93333333333334	355.77906976744185	358.90909090909093	335.6464646464646	338.58252427184465	353.675
NM_001181806.1	371	358.59967386873217	358.9432558139535	360.23010033444814	357.0856245090338	358.8188010899183	358.11387900355874
NM_001181819.3	378	359.0571428571428	354.0	362.2325581395349	371.7	380.7169811320755	379.9024390243903
NM_001181821.1	752	746.0266666666666	738.1534170153417	746.9364161849711	748.3783783783783	743.2671081677704	741.1830985915493
NM_001181822.1	431	412.0246913580247	437.37313432835816	442.0862068965517	440.4520547945205	435.56140350877195	407.0
NM_001181824.1	611	602.2467532467533	610.7514450867052	593.1145833333334	593.1145833333334	598.0754716981131	603.3055555555555
NM_001181826.1	421	458.50704225352115	415.80526315789473	442.2719298245614	417.79523809523806	434.21874999999994	435.5436893203883
NM_001181827.1	660	652.3076923076923	640.6764705882354	666.2857142857142	646.176	650.1333333333333	657.9310344827587
NM_001181828.1	747	746.7548441449031	732.7106227106227	737.0	733.3799006073992	737.1665500349895	743.1048128342245
NM_001181829.1	64	49.00900900900901	49.770992366412216	53.75	49.14285714285714	47.482014388489205	50.45454545454545
NM_001181830.1	422	406.55913978494624	405.96	402.3497267759563	412.03526448362715	410.6813725490196	403.97
NM_001181831.1	484	493.04854368932035	485.37931034482756	480.353982300885	492.74834437086093	491.4954954954955	494.32835820895525
NM_001181832.1	568	563.2907801418439	573.1902439024391	558.7027027027027	562.2550335570469	552.3053435114504	544.0
NM_001181833.1	874	883.0632090761751	876.6712141882674	883.2518337408312	856.6929133858268	862.5461254612545	878.8135593220339
NM_001181834.1	103	89.93846153846155	89.79024390243902	95.0995260663507	94.98809523809524	91.24269005847954	88.1957671957672
NM_001181835.1	1554	1591.8181818181818	1551.0671256454389	1586.858108108108	1585.156739811912	1582.7586206896551	1568.0124223602484
NM_001181838.1	552	544.8105540897097	548.1758042591754	548.5224349814232	547.0785285677015	547.0636282923942	544.1946768060836
NM_001181839.1	732	740.1818181818181	717.44	786.6666666666665	751.9069767441861	733.5135135135134	750.9090909090909
NM_001181841.1	1461	1461.1512605042017	1463.3044067796611	1460.1400966183576	1460.0124555160144	1470.5225505443234	1450.166230366492
NM_001181842.1	380	363.71119133574007	359.0254957507082	366.73366834170855	361.4769230769231	363.7875	360.23809523809524
NM_001181843.1	274	261.40065146579803	260.66350710900474	264.7058823529412	256.85785536159597	252.79329608938548	258.54700854700855
NM_001181844.1	634	632.2192826012497	629.3093525179856	639.2853132815025	623.718858956717	628.7395708897312	634.8369259455724
NM_001181846.1	903	901.6619400580084	898.4140037593984	902.2188679245282	900.9047174840085	904.8982813048052	900.3802672147996
NM_001181847.1	245	227.765306122449	229.59922178988325	237.52336448598132	227.18181818181816	230.80241935483872	232.45925925925923
NM_001181848.1	581	574.4451901565996	572.6731601731601	591.5583941605839	572.627254509018	575.6623711340206	569.953488372093
NM_001181849.1	744	731.7333333333333	736.056338028169	732.7433628318585	728.6652078774617	729.8876404494382	727.8774617067835
NM_001181851.1	1012	995.7917981072555	999.3693901035673	987.9999999999999	995.8516556291391	1000.3671766342142	1001.103448275862
NM_001181852.1	820	813.5911602209944	813.688888888889	833.0232558139534	814.7735849056604	832.9006622516557	803.1711711711712
NM_001181854.1	832	836.0378548895899	825.3215636822194	828.4357976653696	827.4393305439331	813.4046822742475	824.2684563758388
NM_001181855.1	627	626.6470588235294	602.9999999999999	608.688679245283	612.7783783783784	616.0378378378379	615.4329896907217
NM_001181856.1	498	482.5405405405405	498.04347826086956	493.4794520547945	502.88172043010746	503.1692307692308	497.504132231405
NM_001181858.1	242	252.14457831325302	236.79310344827584	236.95652173913044	251.0892857142857	244.5135135135135	233.2093023255814
NM_001181859.1	376	360.2721088435374	358.7915294117647	361.4894692502106	361.80936995153473	361.7304768486524	361.0419107706174
NM_001181860.1	3139	3117.247474747475	3151.423487544484	3155.5863192182405	3145.6443679291688	3143.718500307314	3140.0344431687718
NM_001181861.1	261	250.08588957055213	253.92857142857142	245.69724770642202	252.85284280936455	249.28353658536585	248.85
NM_001181863.1	664	652.6846846846847	648.8734835355285	657.2972972972972	646.1878453038673	648.258064516129	645.1891891891893
NM_001181865.1	251	239.0751136059877	237.91637723751003	241.5367687801789	236.85203794343138	239.1007420221241	240.71661266310534
NM_001181868.1	1656	1679.3841998649561	1670.9731343283581	1652.63813229572	1665.811015664477	1680.1539448364335	1672.1162011173183
NM_001181869.1	174	158.33333333333334	162.24489795918367	157.5	174.0	159.0	158.57142857142856
NM_001181870.1	138	129.34252619966904	129.15305422100204	130.2569536423841	125.76190476190476	126.92317851639885	129.1439114391144
NM_001181871.1	707	715.6794258373205	709.99604743083	727.5434782608696	689.6960784313726	714.0454545454545	698.1777777777778
NM_001181874.2	838	814.0000000000001	854.7	840.258064516129	821.7523809523809	827.344262295082	814.0
NM_001181878.1	570	579.7415730337078	560.6905829596412	565.1578947368421	567.6237623762376	566.2222222222222	552.3488372093024
NM_001181881.1	578	573.353711790393	569.660777385159	567.0866141732283	572.7796610169491	562.2277227722772	575.171974522293
NM_001181882.1	319	306.13207547169816	328.4536082474227	312.7	322.7647058823529	299.1549295774648	375.45454545454544
NM_001181888.1	857	847.3004291845493	854.8389513108614	864.3157894736843	855.2133333333333	860.5371900826448	855.5135135135135
NM_001181889.1	658	652.6470588235294	646.8696581196581	645.4234234234235	653.5506607929516	643.0427892234547	641.5701492537313
NM_001181890.1	286	291.87719298245617	282.4598698481562	296.72289156626505	281.82236842105266	275.09999999999997	291.73049645390074
NM_001181892.1	456	454.1538461538462	450.18947368421055	454.2967741935484	445.9805825242719	440.5827814569536	456.7643312101911
NM_001181893.1	707	758.054945054945	733.0866666666666	691.432098765432	711.607329842932	717.8025477707006	689.969387755102
NM_001181894.1	331	330.61538461538464	310.2315789473684	353.33962264150944	322.1980198019802	350.29487179487177	318.5849056603774
NM_001181895.1	163	167.5128205128205	158.42546583850933	161.01980198019803	154.68205128205128	161.15312500000002	162.65957446808508
NM_001181896.1	194	190.25435073627844	187.53830439223697	192.90526315789475	187.93490460157128	185.16052318668252	182.6218097447796
NM_001181901.1	899	875.0	874.9999999999999	875.0000000000001	896.0843373493975	888.2575757575758	875.0
NM_001181902.1	500	513.7029702970297	499.65217391304344	522.5652173913044	498.2690058479532	483.37984496124034	490.28
NM_001181903.1	199	245.0	203.82352941176472	222.72727272727272	206.55737704918033	200.52083333333331	190.44117647058826
NM_001181904.1	332	310.46118721461187	315.89045936395763	314.4269662921348	313.9421221864951	314.30477634571645	316.2191011235955
NM_001181905.1	294	280.51948051948057	282.0	291.1764705882353	279.7983870967742	281.78181818181815	292.1917808219178
NM_001181906.1	392	378.91525423728814	376.7027027027027	374.85714285714283	374.89461358313815	381.4516971279374	375.6269430051813
NM_001181907.1	533	521.7889447236181	528.5769230769231	516.0694444444445	533.1336206896552	522.5733333333334	521.0236220472441
NM_001181908.1	174	178.63636363636365	173.75	186.88524590163934	172.8658536585366	183.55263157894737	173.91304347826087
NM_001181909.1	245	238.730659025788	237.0899357601713	242.52059925093633	230.83172147001935	237.0144927536232	231.1291666666667
NM_001181910.1	538	528.3776223776224	524.1984126984128	526.6393442622951	530.6477732793522	534.025974025974	538.018691588785
NM_001181911.2	1867	1894.5524475524473	1880.0452261306534	1901.5079365079364	1894.1944444444443	1891.078260869565	1869.905109489051
NM_001181912.1	235	230.70879120879118	233.35169491525423	231.81614349775788	232.64102564102564	229.28964059196613	229.64257028112448
NM_001181913.1	335	331.79360465116275	336.52985074626866	335.55263157894734	324.8041775456919	332.53739612188366	318.5853658536586
NM_001181914.1	413	421.13960113960115	412.51154345006483	430.6986962819894	414.89058314444674	413.4912683823529	421.26864535768647
NM_001181915.1	586	588.4276267450404	585.836320191159	576.474804031355	580.1189549749861	581.0192435301924	576.4721030042919
NM_001181916.1	199	195.2611666602324	197.059115912254	193.65918548332084	197.8314028314028	197.42752184273235	189.04664135740296
NM_001181919.1	1164	1158.9211618257261	1155.5631399317406	1163.2653061224487	1158.0	1171.020408163265	1166.6666666666667
NM_001181920.1	497	498.43010752688167	491.8660968660969	518.2631578947369	494.22435897435895	500.28846153846155	486.5142857142856
NM_001181921.2	468	465.42105263157896	472.4781341107872	469.0348258706468	475.78636363636366	472.6794258373206	469.2966601178782
NM_001181923.1	198	218.81818181818184	209.17021276595744	212.28000000000003	186.18000000000004	193.7319587628866	211.02127659574467
NM_001181925.1	78	69.79245283018868	71.3050193050193	71.35714285714286	67.17073170731707	70.03636363636365	68.48780487804878
NM_001181926.1	1051	1027.0	1027.0	1027.0	1029.7907608695652	1027.0	1027.0
NM_001181927.1	219	211.59574468085106	213.39622641509436	219.375	216.66666666666666	230.45454545454547	208.92857142857144
NM_001181929.1	156	143.73333333333335	146.9217391304348	141.10344827586206	147.84	149.2173913043478	194.11764705882354
NM_001181930.1	98	87.60412147505423	86.19591457753017	88.25688073394495	82.89670138888889	84.17804992934526	88.58623619371284
NM_001181931.1	558	550.4853224780562	552.4399232245681	549.3611085703833	559.7572069387371	554.5063192773035	548.0749839688872
NM_001181932.1	883	898.4593639575972	890.2742718446602	887.6333333333332	877.5841346153846	900.0132625994694	872.9297297297297
NM_001181934.1	681	682.7647058823529	690.1818181818182	669.8823529411765	689.85	703.3764705882353	678.5409836065575
NM_001181935.1	247	246.12499293984752	244.09693382495635	248.98434782608695	245.34893928310166	244.66278175471808	249.96919407731292
NM_001181936.1	423	425.39299610894943	420.8902743142144	414.127962085308	420.04816513761466	413.2864450127877	407.02010050251255
NM_001181937.1	156	144.92307692307693	161.33333333333331	165.0	152.78740157480314	160.8403361344538	147.76119402985074
NM_001181938.1	212	197.4336917562724	200.1945945945946	203.4945054945055	197.1894093686354	195.05	208.54644808743168
NM_001181939.1	245	231.10285714285715	233.7277486910995	238.5795454545455	238.0691056910569	235.88601036269432	226.91964285714286
NM_001181942.1	597	605.3467741935484	601.9211356466876	592.228187919463	593.0781671159029	602.3846153846154	615.0
NM_001181943.1	360	354.57113613101325	357.15555555555557	352.47548291233284	350.2436833239753	356.702923608928	356.61480075901324
NM_001181944.1	844	861.9318181818182	864.3243243243243	904.1025641025642	868.7567567567568	858.5882352941178	881.5000000000001
NM_001181945.1	464	454.422044960116	454.18775510204085	452.0242914979757	454.1205967155572	455.94444444444446	451.90226876090753
NM_001181946.1	264	257.00787401574803	254.56869009584665	249.82456140350877	249.77375565610862	252.00000000000003	246.2745098039216
NM_001181947.1	590	590.841416100873	584.3859171367437	594.8709554625048	585.460485802258	592.963216080402	592.844217438891
NM_001181948.1	116	105.32067019084312	105.85915934755333	103.79827089337175	106.49674267100977	105.70467514265692	105.22452984464431
NM_001181950.1	360	340.0975609756098	339.4285714285714	340.94117647058823	337.5924170616114	343.4254143646409	349.8556701030928
NM_001181951.1	268	263.1372549019608	262.1988950276243	258.74725274725273	254.05494505494505	254.70846394984326	250.13065326633165
NM_001181952.1	176	162.78378378378378	167.3757225433526	158.8314606741573	172.19188191881918	165.52313167259788	158.20408163265307
NM_001181953.1	179	180.93625498007967	181.62576687116567	181.751269035533	176.64588528678306	171.59154929577463	175.21739130434784
NM_001181954.1	960	950.1818181818181	963.5294117647059	935.9999999999999	945.9574468085106	949.0	935.9999999999999
NM_001181955.1	146	136.35294117647058	133.38666666666666	149.11111111111111	138.80612244897958	135.1006711409396	130.71428571428572
NM_001181956.1	756	751.1511627906976	766.9403341288782	750.7007299270072	768.2702702702703	767.3522727272727	756.5167464114833
NM_001181958.1	1077	1079.1940298507463	1076.0415754923413	1099.387665198238	1072.5724907063195	1067.6540755467197	1078.4172413793103
NM_001181959.1	688	664.0	675.448275862069	676.411214953271	674.6666666666666	675.6491228070175	669.4426229508197
NM_001181960.1	195	184.4357142857143	183.82500000000002	192.13483146067415	182.0	184.41176470588235	189.76829268292684
NM_001181961.1	161	150.41752577319588	151.65720524017468	151.13004484304935	155.03833333333333	152.1352380952381	152.64359861591697
NM_001181962.1	216	208.9118858256578	208.3140534748177	209.90866045517032	208.43475996180223	209.4822888283379	212.4544026803476
NM_001181964.1	578	585.7579617834396	584.1086956521739	582.265306122449	595.55	564.1963190184049	604.3636363636364
NM_001181965.1	239	222.30582524271844	231.3201320132013	233.42857142857142	229.71052631578948	228.23076923076923	233.16901408450704
NM_001181966.1	279	265.83333333333337	266.56	266.3333333333333	262.44163424124514	262.7862595419847	272.5
NM_001181969.1	387	395.02941176470586	372.9	374.90163934426226	373.37142857142857	370.61538461538464	369.48214285714283
NM_001181970.1	662	663.7653846153846	666.411677387432	667.5644114921223	669.421841541756	674.8004708652148	662.7893660531698
NM_001181971.1	1215	1226.96269982238	1232.927392739274	1229.2958199356913	1238.3786008230454	1234.1968911917097	1226.9818731117823
NM_001181972.1	433	424.9765625	426.9124087591241	456.1923076923077	426.65467625899277	428.74482758620684	441.98387096774195
NM_001181973.1	1413	1396.8696883852692	1402.1037735849056	1421.605633802817	1394.6926229508197	1400.905714285714	1395.8762376237623
NM_001181974.1	2953	3062.136363636364	2946.859756097561	2929.0	2944.663101604278	2990.447552447552	2929.0
NM_001181975.1	609	598.1460674157304	604.5	596.2861736334405	601.917808219178	600.1816608996539	609.5322580645161
NM_001181976.1	587	569.0974729241877	581.2903553299493	570.7521514629948	583.5617391304347	573.9269870609982	571.4732441471572
NM_001181977.1	454	453.31325301204816	444.65909090909093	441.3157894736842	441.4015151515151	446.05809128630705	444.72602739726034
NM_001181980.1	248	247.94482758620688	244.5148514851485	246.51256281407035	240.7302904564315	240.30835117773023	252.86597938144328
NM_001181981.1	497	476.0915032679739	483.11163895486936	485.51322751322755	476.82479784366575	486.2122905027933	495.8502415458937
NM_001181982.1	807	796.2263513513514	806.2574257425742	797.1719457013575	789.0230769230769	801.0891089108911	810.9642857142858
NM_001181983.1	1142	1130.2587719298244	1141.0299625468165	1140.7235772357724	1120.1295238095238	1135.013043478261	1133.2108843537414
NM_001181984.1	339	334.68749999999994	335.3225806451613	315.0	339.9504950495049	342.39130434782606	321.3
NM_001181985.1	643	669.8767123287672	637.2058823529412	659.3695652173914	647.7906976744187	671.3098591549297	634.475
NM_001181986.1	389	411.2025316455696	389.0659340659341	376.40625	383.4810126582278	373.4883720930232	420.09433962264154
NM_001181987.1	342	344.14151925078045	341.30058284762697	338.33720930232556	348.9608735213831	345.4084231145935	338.8524590163934
NM_001181989.1	260	251.47540983606558	256.8235294117647	266.78260869565213	267.7692307692308	241.18681318681317	245.6326530612245
NM_001181990.1	645	662.4000000000001	647.6142857142858	638.25	644.7022900763359	656.4857142857143	702.4426229508197
NM_001181991.1	126	113.953125	124.59060402684564	121.74193548387096	116.20253164556962	124.2406015037594	128.32258064516128
NM_001181992.1	372	414.2857142857142	368.9638554216868	409.4117647058823	348.00000000000006	393.9622641509434	360.0
NM_001181993.1	4905	4944.294763092269	4931.200158227848	4942.743675099867	4927.099357763506	4943.51967063129	4931.0615384615385
NM_001181994.1	399	395.3804347826087	396.7391304347826	396.80232558139534	397.05882352941177	394.8529411764706	392.24137931034477
NM_001181995.1	480	469.81818181818176	482.71129707112965	481.33333333333337	481.2255319148936	466.45871559633025	485.7391304347826
NM_001181996.1	171	166.6798288002209	163.77813376051262	165.49351685617395	161.45144652136818	161.5768156424581	165.2282808981096
NM_001181997.1	128	114.4093445568902	115.05706666666667	114.98230345227735	113.65335324125918	112.08184961309594	116.02476939947108
NM_001182000.1	430	429.5052631578947	428.7857142857143	462.32369942196533	426.0611764705882	432.49078014184397	437.80645161290323
NM_001182001.1	759	761.094674556213	759.0983606557377	764.8477157360406	758.3580508474575	753.2382133995037	749.0669856459331
NM_001182002.1	854	868.9671361502349	853.6298932384342	872.720588235294	836.360153256705	843.28	868.6046511627907
NM_001182003.1	471	470.94642857142856	479.184	512.6146788990826	467.7906976744186	472.1123595505618	474.09090909090907
NM_001182004.1	682	667.6058394160584	664.9629629629628	681.5	657.9999999999999	682.4837209302326	669.3448275862069
NM_001182005.1	222	211.93333333333334	212.8632707774799	214.348623853211	216.804469273743	215.51020408163265	217.16129032258064
NM_001182006.1	208	184.0	189.41176470588235	197.3818181818182	184.0	187.4392523364486	191.2156862745098
NM_001182007.1	564	561.1567164179104	566.8740279937792	572.7272727272726	560.7123287671233	568.3306836248013	567.5806451612904
NM_001182008.1	503	503.19191919191917	499.4700854700855	488.0377358490566	513.9270833333333	491.716814159292	520.0571428571428
NM_001182013.1	246	246.2985074626866	250.2941176470588	256.15384615384613	250.5251396648045	255.43373493975903	260.3703703703704
NM_001182014.1	848	834.3000000000001	886.5822784810127	859.063829787234	872.4705882352941	853.4285714285714	890.8108108108108
NM_001182015.1	264	258.75	277.1830985915493	245.58139534883722	259.7260273972603	267.82608695652175	260.8695652173913
NM_001182016.1	938	949.3006263048018	950.43853820598	935.9946524064171	949.4686567164179	938.46804835924	931.9467040673212
NM_001182017.1	417	414.8333333333333	423.2307692307692	403.25217391304346	414.2432432432432	423.41071428571433	404.6732673267327
NM_001182018.1	765	755.8795180722891	759.0731707317074	767.4642857142857	745.8116883116884	765.0	750.8800000000001
NM_001182020.1	577	572.3356643356644	568.1923076923077	565.8009259259259	571.4773269689738	565.9609375	569.6853448275863
NM_001182021.1	558	534.6063588190765	534.0613018023189	534.1874012984733	534.2398921832884	534.1510394569368	534.2294800171895
NM_001182022.1	743	776.52	778.9166666666667	740.1470588235295	726.4123711340206	719.0	738.9722222222223
NM_001182023.1	280	271.160744500846	277.96847635726795	283.76949152542375	272.73846153846154	269.40314136125653	265.3090909090909
NM_001182024.1	362	348.73015873015873	376.2641509433962	370.9756097560976	362.1428571428571	354.69135802469134	357.8823529411765
NM_001182025.1	980	987.2047477744807	991.2442396313364	980.9391304347826	980.263959390863	984.3960396039604	965.5600000000001
NM_001182026.1	638	629.8793103448276	640.5035971223022	621.974025974026	636.0863309352518	628.0610687022901	643.951219512195
NM_001182030.1	680	671.6937799043062	672.6981818181819	659.7272727272727	661.4364640883978	662.9787234042553	671.2558139534883
NM_001182031.1	774	757.9225352112677	778.7671232876712	780.5232558139535	773.076923076923	771.0084033613446	771.6346153846154
NM_001182032.1	196	189.2	188.95774647887325	197.79999999999998	195.65	192.84848484848484	172.0
NM_001182033.1	295	277.775	290.1745283018868	296.60629921259846	288.9867256637168	286.94117647058823	292.0077519379845
NM_001182034.1	96	94.3448275862069	95.57522123893806	94.0408163265306	91.9741935483871	97.8	86.6086956521739
NM_001182035.1	913	909.3366013071895	909.0025	903.4945652173913	908.1870503597122	904.6422287390029	929.6142131979697
NM_001182037.1	268	257.1004726699794	257.2647365132264	261.06020792871016	253.97179995593743	254.3786488740617	263.44033111060014
NM_001182040.1	678	677.9467818967478	675.219832300401	677.6218130311614	671.1298977853493	678.1216414264777	672.2458587619877
NM_001182041.1	105	105.37864077669903	96.67741935483872	101.57142857142857	102.69642857142858	94.5	108.0
NM_001182050.1	457	451.2590361445783	451.7098765432099	445.69381107491853	445.57676348547716	450.0921052631579	443.78008298755185
NM_001182053.1	866	912.702290076336	889.8409090909091	881.4687499999999	891.8084507042254	901.9288256227758	857.125748502994
NM_001182054.1	147	132.58577613741215	134.53307577820704	132.25288540807915	132.8092125847384	133.86266419351176	131.9057893120393
NM_001182055.1	225	240.21951219512195	211.57894736842107	221.10000000000002	208.58490566037736	209.8676470588235	207.28125
NM_001182057.1	151	157.8918918918919	138.59565217391307	147.10833333333332	145.14285714285714	140.3100436681223	137.3252032520325
NM_001182059.1	295	288.6306400839454	283.4544680851064	296.6169154228856	282.686737184703	291.43447037701975	294.32047477744806
NM_001182060.1	603	602.1600000000001	623.1142857142858	602.6326530612245	629.6625	599.9277108433736	593.8461538461538
NM_001182062.1	478	469.3123584193305	468.40412452905014	469.40449866565007	467.3070757957408	468.7661956811517	464.30440587449925
NM_001182063.1	806	794.4126984126984	794.8196721311475	790.1458333333334	782.0	786.6547619047618	782.0
NM_001182065.1	214	234.9090909090909	210.11764705882354	218.91304347826085	206.6019417475728	207.8125	229.43396226415095
NM_001182066.1	196	180.80040526849038	182.83038173947264	182.06382978723403	182.673031026253	182.23291139240504	182.84033613445376
NM_001182067.1	377	373.970297029703	373.3188670625857	374.8461278322624	370.3534536403236	373.1210734345746	376.0132596685083
NM_001182068.1	325	326.6951219512195	327.97641509433964	312.6666666666667	317.8785046728972	315.4866310160428	322.8909090909091
NM_001182069.1	798	803.7692307692307	786.4551724137931	803.6065573770492	792.3412322274881	794.9819277108434	803.1290322580645
NM_001182070.1	484	474.45714285714286	466.93965517241384	470.64814814814815	466.2042389210019	474.5372460496614	489.54128440366975
NM_001182072.1	83	67.44582148948265	67.8832982590396	70.47588209021885	65.4970797493894	67.85685818664896	71.16478910138852
NM_001182073.1	247	239.19938176197834	242.3913043478261	250.64959568733155	244.52881844380403	244.83679525222553	248.419689119171
NM_001182074.1	1021	1013.1675675675675	1006.1804788213627	1000.9563492063492	1013.6166666666667	1011.3012295081968	1010.4276094276094
NM_001182075.1	690	695.65991902834	711.1161290322581	693.2631578947369	716.422712933754	700.3298969072166	715.3333333333333
NM_001182076.1	1193	1168.9999999999998	1174.6201923076924	1180.4607843137253	1174.4372093023258	1208.153110047847	1169.0
NM_001182077.1	486	466.36879432624113	484.17600000000004	476.9032258064516	466.9148936170213	485.2838196286472	479.6186440677966
NM_001182078.1	381	377.4	384.0827586206896	381.0674157303371	392.47826086956525	375.1086956521739	395.5945945945945
NM_001182079.1	260	249.94040773653947	252.3097418817652	258.8682170542636	253.2054580896686	249.53493222106363	254.31034482758622
NM_001182080.1	170	165.77083333333334	180.0	185.59322033898306	185.00763358778624	166.85714285714286	182.98666666666665
NM_001182081.1	249	239.94464944649448	242.50720461095102	245.96273291925468	237.89808917197453	243.60902255639098	245.45454545454547
NM_001182082.1	450	448.8680981595092	441.5794285714286	447.75319148936177	443.4712041884817	442.21604938271605	443.5670103092784
NM_001182083.1	571	559.9467455621302	560.9646931015752	557.6885057471264	555.4153846153846	556.3536251709986	553.3383545770567
NM_001182084.1	499	502.7372262773722	499.37725090036014	498.1140224589692	490.73818418060745	494.5293917770982	494.9899799599198
NM_001182086.1	271	254.87250996015936	259.6096096096096	271.21568627450984	259.50632911392404	266.6246575342466	261.0777202072539
NM_001182087.1	109	104.72375690607736	103.46551724137932	113.97727272727272	103.0493827160494	102.0516717325228	103.39181286549707
NM_001182088.1	255	247.5	251.8108108108108	243.936	246.23958333333334	247.6987951807229	250.8
NM_001182090.1	431	446.13461538461536	439.4835680751173	426.03237410071944	427.0163934426229	430.323782234957	431.24680851063835
NM_001182091.1	106	113.60416666666667	105.5304347826087	97.15217391304347	104.6578947368421	104.28260869565217	116.35135135135135
NM_001182092.1	312	306.9473684210526	306.7012987012987	288.0	300.52173913043475	296.47058823529414	292.17391304347825
NM_001182093.1	608	613.2	595.607453416149	607.5365239294711	599.9614147909969	597.9302752293578	593.9545454545455
NM_001182094.1	828	825.5117056856187	816.2436548223351	818.0436681222707	833.6405529953915	828.9948186528499	815.8235294117646
NM_001182095.1	292	278.37532808398953	279.9041496201052	277.0614754098361	279.34728829686014	279.7393162393162	280.453531598513
NM_001182096.1	306	308.2795698924731	292.35593220338984	296.61139896373055	292.2435897435897	298.45623342175065	296.9734513274336
NM_001182097.1	455	470.7846153846154	456.5407407407408	474.7246376811594	480.25714285714287	457.3877551020408	442.3421052631579
NM_001182099.1	468	471.3554502369668	468.3544303797468	452.8211920529801	465.2150170648464	478.4186046511628	457.2142857142857
NM_001182101.1	681	679.8052464228936	683.2569169960474	690.6338394793927	678.7471585244267	682.6936180422265	682.8095474888115
NM_001182102.1	355	369.68831168831167	356.90434782608696	353.98611111111114	373.0762711864407	376.01599999999996	348.1948051948052
NM_001182103.1	366	373.4967367657723	371.75107066381156	363.53693181818187	373.9466840052016	369.1311827956989	364.2603550295858
NM_001182105.1	145	132.63461538461536	120.99999999999999	124.1025641025641	126.58461538461539	121.0	121.0
NM_001182106.1	723	721.102766798419	720.3254237288135	746.2297297297297	723.028125	716.7211267605634	732.8225806451613
NM_001182107.1	317	320.75789473684205	312.0569105691057	314.51977401129943	303.235807860262	311.26493506493506	312.6205357142857
NM_001182108.1	215	202.79012345679013	202.10881801125706	208.581589958159	203.55810397553518	206.44852941176472	203.1056338028169
NM_001182109.1	812	798.2133599202393	814.4702842377261	814.2666666666668	803.7712651894211	811.1580619539317	804.1696306429549
NM_001182110.1	1080	1071.032028469751	1079.532033426184	1056.0	1088.2091503267975	1110.7317073170732	1095.111111111111
NM_001182111.1	364	368.93617021276594	353.59999999999997	382.5	351.59090909090907	380.5970149253732	377.77777777777777
NM_001182112.1	402	388.42758620689654	392.9070422535211	392.4	396.3380281690141	390.7415730337079	390.5165562913907
NM_001182113.1	390	375.4655172413793	382.0125	373.3939393939394	377.4375	394.15384615384613	384.3
NM_001182115.1	809	808.7878787878788	800.6999999999999	808.7878787878788	800.4679802955665	806.565934065934	808.0882352941177
NM_001182116.1	186	182.7	179.13298429319372	184.3240223463687	188.3671875	181.22848664688428	181.72538860103626
NM_001182118.1	448	437.8841309823677	435.3066666666667	432.8641114982578	440.19933554817277	435.012987012987	436.99616858237545
NM_001182124.1	593	597.7696629213483	576.1422594142259	603.0427350427351	585.7352941176471	603.9079754601228	583.344537815126
NM_001182125.1	473	467.5154639175258	468.8672566371681	454.7564102564103	466.8174603174603	453.8279569892473	464.7543859649123
NM_001182126.1	323	326.9066666666667	318.5607476635514	299.0	304.98	315.3090909090909	312.0
NM_001182127.1	870	872.9426751592357	888.7752808988764	886.7710843373493	860.5862068965517	868.03125	892.5688073394496
NM_001182128.1	777	784.9454545454545	789.9318801089918	776.7789473684211	782.2022160664819	783.2129629629629	795.8924050632911
NM_001182130.1	267	258.9718309859155	256.25454545454545	271.79999999999995	265.51737451737455	264.1304347826087	262.2621951219512
NM_001182131.1	382	378.4071661237785	373.1612021857923	387.2545561434451	371.17485577879455	373.21401971522454	380.6204475647214
NM_001182132.1	137	117.91304347826086	123.68918918918918	119.64705882352942	117.10909090909092	123.76190476190477	114.98245614035088
NM_001182134.1	1551	1548.6084905660377	1547.2923588039866	1557.952702702703	1559.1473684210528	1536.310975609756	1557.1381578947367
NM_001182135.1	605	602.5717821782179	610.1643700787401	607.4090909090909	594.2731048805815	600.1997126436781	599.6955445544555
NM_001182136.1	1039	1044.4476628513914	1043.3803694012918	1043.899182349628	1039.088970045052	1043.3428431692207	1041.5827146879863
NM_001182137.1	229	224.14835164835165	230.38866930171278	230.02906976744188	227.95741324921136	228.04940374787054	217.8125
NM_001182140.1	564	575.6043956043957	564.7058823529412	570.0	576.5413533834587	578.8235294117646	568.421052631579
NM_001182143.1	1497	1531.859631147541	1515.5371287128712	1511.5602094240837	1501.9138495092695	1505.3109677419357	1511.2146226415095
NM_001182144.1	316	301.462962962963	304.1666666666667	309.4930875576037	303.7246653919694	300.8615840118431	300.4271284271284
NM_001182145.1	700	697.219730941704	681.1018867924528	707.972972972973	686.3318777292576	686.1147132169576	693.2448979591837
NM_001182146.1	567	575.5311390007105	574.3123075487543	576.437751004016	569.9249840617695	575.187744210426	574.329862088376
NM_001182147.1	682	755.4814814814815	695.4218009478673	680.3050847457628	689.7456140350877	715.8796296296297	690.9
NM_001182148.1	103	125.47058823529412	92.38983050847457	90.28571428571429	95.4945054945055	107.43999999999998	105.33333333333333
NM_001182149.1	210	220.57249070631968	223.43769968051117	207.07389162561577	217.36299765807962	212.784	202.29896907216497
NM_001182151.1	62	54.20524515393386	55.40117416829745	56.09273356401384	53.379550735863674	54.47165354330709	56.03949447077409
NM_001182152.1	337	328.91525423728814	335.3571428571429	341.9814814814815	351.58904109589037	329.69333333333327	371.6875
NM_001182155.1	209	210.77868852459017	208.6008230452675	208.125	200.06787330316743	203.8611713665944	204.9640287769784
NM_001182157.1	345	341.2624584717608	343.87586206896555	347.38356164383566	348.63576158940396	341.991825613079	345.1460176991151
NM_001182159.1	1171	1196.1571428571428	1166.1966527196653	1176.4102564102566	1171.404255319149	1181.1659574468085	1185.5546218487395
NM_001182161.1	770	764.5656108597286	763.5054151624548	760.4854368932039	775.5220700152207	767.7987012987013	775.9320987654321
NM_001182162.1	105	99.40909090909092	105.3	94.27868852459017	93.17098445595855	94.19999999999999	92.57142857142857
NM_001182163.1	589	593.8539192399049	584.5405138339921	581.5871559633027	585.0431447746884	592.4335260115607	600.0931677018634
NM_001182164.1	774	774.5901639344262	798.9130434782609	776.7857142857143	794.2477876106194	763.719512195122	776.3157894736842
NM_001182165.1	1336	1355.7333333333333	1324.990099009901	1334.6206896551726	1354.4939271255062	1327.4352941176471	1382.918918918919
NM_001182170.1	309	294.5	293.90625	327.22222222222223	296.875	302.53846153846155	285.00000000000006
NM_001182172.1	256	250.8108108108108	252.65151515151516	267.0188679245283	256.0	254.3859649122807	260.42384105960264
NM_001182173.1	557	567.4128131621587	567.670234664471	572.3693181818182	564.942716702902	568.9138296797656	570.8364197530864
NM_001182174.1	350	343.10493827160496	349.0024330900243	360.9285714285714	343.4642857142857	343.5688622754491	345.9222222222222
NM_001182175.1	58	45.39653455486955	44.5212256623045	48.21412964311726	43.01222389019944	44.50175746924429	47.84848484848485
NM_001182178.1	272	273.5670103092784	278.7047619047619	275.1780821917808	281.2682926829268	279.4366197183098	280.63157894736844
NM_001182179.1	376	366.08	366.18639798488664	368.1397379912664	371.94202898550725	374.94435612082674	365.7859007832898
NM_001182180.1	188	169.98283261802575	175.98573975044562	179.32179930795849	175.95514018691588	173.53914988814316	187.04132231404958
NM_001182181.1	214	221.7090584560464	220.63799953260107	225.08482911236783	226.8904417269778	219.44239806935093	228.50868952559887
NM_001182183.1	119	128.98076923076923	127.02857142857142	126.66666666666666	120.35040431266846	113.19718309859154	116.96875
NM_001182186.1	226	234.32	229.62393162393164	228.67924528301887	230.58490566037736	215.21495327102804	234.32
NM_001182187.1	655	656.24	672.3770491803278	631.0	645.5895953757225	651.8786764705882	653.5357142857143
NM_001182188.1	443	445.3547254150702	440.6853702280297	436.51044776119403	443.4314868804664	443.65212919152435	437.4292984369321
NM_001182189.1	239	235.25265127885217	237.06953642384104	238.33487940630798	232.73086419753085	234.83733333333333	235.1621384750219
NM_001182192.1	773	768.0222222222222	764.1782464846981	769.1599113362888	764.0143184421535	763.6543478260869	771.6387225548903
NM_001182193.1	1895	1950.0204359673023	1898.3907657657655	1920.8422131147543	1926.9792865362485	1922.7110552763818	1888.4859813084113
NM_001182194.1	183	167.59459459459458	172.82608695652175	159.0	169.4835164835165	175.96	169.6
NM_001182197.2	906	898.2730627306273	899.3426966292135	891.3333333333334	896.1120000000001	904.8103448275863	911.5973154362416
NM_001182198.1	1584	1560.0	1569.6296296296296	1576.4788732394368	1575.4966887417218	1594.4578313253014	1571.2230215827337
NM_001182201.1	248	243.42196531791907	247.17241379310346	246.19819819819818	247.07296137339057	240.96969696969697	246.4
NM_001182203.2	515	502.82242287434167	506.7188591385332	504.43532338308455	498.5240805604204	505.2131578947368	501.4953531598513
NM_001182205.1	317	321.09589041095893	309.1284403669725	305.5571428571429	305.2814371257485	322.009900990099	305.5571428571429
NM_001182208.1	783	786.3513513513515	766.0934579439253	759.0000000000001	764.1111111111111	767.4333333333333	763.6851851851852
NM_001182210.1	421	404.0577777777778	412.52891156462584	415.6992753623188	406.2325581395349	416.02832244008715	411.7037037037037
NM_001182212.1	254	254.06976744186045	244.52631578947367	291.7073170731707	233.77049180327867	254.73118279569894	269.8076923076923
NM_001182213.1	518	515.8342541436464	502.94927536231876	511.27272727272725	509.88424437299034	499.5505617977528	506.83116883116884
NM_001182214.1	73	71.23032994923858	68.89678982434887	69.29872495446266	74.16589212786931	69.35534145650327	69.62489196197062
NM_001182215.1	235	229.18965517241378	220.95283018867926	221.37704918032787	225.20192307692307	219.94067796610167	214.63793103448276
NM_001182216.1	81	76.6551724137931	83.75510204081633	66.0	81.42857142857143	68.93023255813954	99.1304347826087
NM_001182217.1	396	388.83950617283955	382.94117647058823	385.68561872909703	385.5272727272727	388.8241206030151	385.871186440678
NM_001182219.1	666	655.504854368932	666.4496314496315	682.4547945205479	659.5890410958904	657.5951417004048	667.6800000000001
NM_001182221.1	371	368.16976127320953	373.28787878787875	368.3070175438597	375.22817460317464	376.29815303430075	370.03097345132744
NM_001182222.1	103	94.64804213418823	92.32145990524653	94.94467760396796	95.01436552274542	94.9545068027211	99.75699013157895
NM_001182224.1	715	724.5030303030303	718.5808980755523	731.4371772805508	727.8469529085872	715.7716981132075	728.3786549707603
NM_001182225.1	894	881.6666666666667	887.644305772231	878.2075471698113	879.3674293405115	883.271186440678	892.2443181818182
NM_001182226.1	812	807.0338164251209	795.7048888888888	797.3586698337292	797.7425454545454	806.706231454006	804.3121019108281
NM_001182229.1	307	298.7862738953306	301.1228274816284	298.29232768422764	311.17264121663567	305.0105122833746	302.0033731026298
NM_001182231.1	1871	1884.1715605410755	1881.961971350614	1874.226343319068	1874.4834497418767	1875.2415902140672	1877.3616438356164
NM_001182233.1	122	108.1777301927195	107.04560379423567	106.76574856831198	107.98851564743039	107.40278657378087	106.39611515782171
NM_001182234.1	504	505.53191489361706	498.8235294117647	497.1428571428571	515.702479338843	543.6734693877551	494.32835820895525
NM_001182236.1	856	864.7297605473203	862.7882960413081	856.4072476272648	852.6965174129352	856.4705882352941	858.1102629346904
NM_001182237.1	293	276.6042402826855	288.7667731629393	278.7564766839378	288.9893842887474	287.7005347593583	275.5609756097561
NM_001182239.1	211	206.19536423841058	200.08999999999997	211.18905472636814	203.8429561200924	206.88354430379746	205.28444444444446
NM_001182240.1	286	292.13	281.89873417721515	277.03927492447133	282.83180428134557	281.6395534290271	285.6836158192091
NM_001182241.1	802	796.3779527559054	828.1935483870968	812.3235294117648	803.30081300813	803.6483516483516	788.8055555555555
NM_001182242.1	598	583.728813559322	594.5	636.0540540540541	590.6376811594203	594.8727272727273	633.3793103448276
NM_001182243.1	330	328.9111675126903	324.95091027308194	324.7422680412371	323.2029520295203	322.504695400915	322.83568773234197
NM_001182244.1	390	380.83044258373207	378.748369348183	383.91925630810096	377.1244975496944	378.2283613558955	382.9944200876844
NM_001182245.1	192	189.72413793103448	184.79999999999998	180.92307692307693	193.12149532710282	184.25806451612902	188.0597014925373
NM_001182246.1	884	874.5488721804511	867.9384615384615	875.3571428571429	875.1066499372648	866.3609467455622	874.3333333333333
NM_001182248.1	477	492.3149941882991	489.4322381930185	493.2248962655602	490.4096646231518	486.5246686303387	487.51428571428573
NM_001182249.3	434	461.25	426.1842105263158	451.83673469387753	449.3150684931507	451.9318181818182	427.8260869565217
NM_001182250.1	573	615.6642857142857	590.590909090909	592.7256637168141	586.171875	592.3421052631579	562.2289156626507
NM_001182251.1	712	697.7588652482269	720.7619047619048	688.0	700.1769911504425	707.6571428571428	706.1052631578948
NM_001182252.3	213	232.37704918032787	215.73658536585367	219.85714285714286	207.7297297297297	214.42105263157893	210.2359550561798
NM_001182253.3	104	81.95121951219512	94.66666666666666	82.85714285714286	96.76190476190476	88.0	90.18181818181819
NM_001182256.1	125	112.44266788487894	116.99602069239953	116.41208365608055	112.5580985915493	114.54242850445382	112.78495660559307
NM_001182257.3	593	603.14	588.9649122807017	597.4499999999999	598.9473684210527	583.9736842105262	569.0
NM_001182258.1	652	635.9830508474577	651.5767918088737	637.5151515151515	641.7375	648.8464730290456	632.3310344827586
NM_001182259.3	173	166.69535283993116	166.72804532577905	166.29815303430078	165.9746835443038	163.6036931818182	165.2033096926714
NM_001182260.1	1351	1337.573705179283	1344.7882037533511	1335.2422360248447	1346.514705882353	1341.217857142857	1335.616883116883
NM_001182261.3	340	344.2860903905222	336.1300597213006	343.83119266055047	331.53242461792644	337.25012094823416	346.11914217633046
NM_001182262.1	896	886.2950819672132	885.0149253731344	909.4478527607362	888.0984615384616	896.2222222222222	956.0481927710845
NM_001182264.3	338	326.8820512820513	325.2142857142857	357.175	324.35164835164835	324.82758620689657	337.55
NM_001182267.1	475	481.5142083897158	485.509234828496	475.8419672131148	483.25400739827376	482.1452914798206	473.7942238267148
NM_001182269.3	403	397.7338403041825	398.62678571428575	399.75216138328534	396.5057736720554	391.94146341463414	398.3649635036497
NM_001182271.3	889	896.4545454545455	910.1865671641791	875.4216867469879	890.4411764705883	888.2214765100671	889.0277777777778
NM_001182272.1	1109	1096.1855670103091	1109.8473282442746	1156.3815789473686	1085.0	1128.8383838383838	1164.7794117647059
NM_001182273.3	1344	1343.1031220435195	1348.137621540763	1344.0648210668467	1350.5353602115003	1355.5240793201135	1342.2857142857142
NM_001182275.3	875	853.8557046979865	857.3984962406015	871.0235294117647	864.3664921465968	856.3522012578617	876.53
NM_001182276.1	427	420.49131944444446	425.09037037037035	424.8428184281843	420.67239896818575	425.5422374429223	418.65848670756645
NM_001182277.3	51	41.47380410022779	41.8690737833595	38.568274734260015	43.44644828855355	42.18216918216918	39.88285714285715
NM_001182278.1	1022	1007.5177111716622	1004.5947136563876	1002.3868131868131	1004.9145496535797	1002.763723150358	1007.0112866817155
NM_001182279.3	107	85.37142857142857	86.57758620689656	87.52727272727273	84.46902654867256	85.11016949152543	88.10769230769232
NM_001182280.3	513	498.40384615384613	497.8909090909091	489.0	502.03999999999996	501.53846153846155	502.2162162162162
NM_001182281.1	274	274.390243902439	273.2558139534884	311.1111111111111	266.8269230769231	271.875	269.2307692307692
NM_001182283.1	73	58.42307692307692	63.767123287671225	65.856	62.72590361445783	62.29573170731707	68.77192982456141
NM_001182284.3	686	691.6417910447761	694.6108374384236	680.2201834862386	713.1690821256038	706.7729468599034	689.1311475409836
NM_001182285.1	775	762.2089552238806	761.6980056980057	761.7285714285714	766.7277486910994	770.0253333333334	761.1761517615176
NM_001182286.3	1282	1280.6802884615386	1281.8936372269704	1300.348514851485	1272.9031358885018	1278.6983546617917	1271.8677165354331
NM_001182287.1	681	662.9787664307381	666.5	677.3720930232558	666.6746987951807	672.7148114075437	663.8641791044776
NM_001182289.3	663	663.0540098199673	650.1778425655976	656.8602484472051	646.8712206047032	647.0886075949367	657.980198019802
NM_001182291.1	678	691.9630606860158	679.7988165680473	690.5023255813953	673.8582995951418	668.9253112033196	664.1395348837209
NM_001182292.3	280	292.57142857142856	290.1333333333333	312.1951219512195	339.59183673469386	294.40000000000003	272.0
NM_001182293.1	362	352.58992805755395	361.8804347826087	353.3636363636364	352.4598930481283	360.91525423728814	375.0975609756098
NM_001182294.3	108	96.48192771084338	95.72484952708513	98.85453508271534	93.01488833746899	96.79676440849343	99.6694214876033
NM_001182295.4	223	206.26277372262774	208.0	209.4736842105263	210.4607329842932	202.6851851851852	211.24615384615385
NM_001182297.3	934	917.3535353535354	924.4904458598726	920.3999999999999	922.983870967742	922.4572210814509	932.9006622516556
NM_001182298.1	1141	1141.118758434548	1137.0558603491272	1137.0418660287082	1131.7197161682716	1132.6484322881922	1124.2721354166665
NM_001182300.1	269	250.1578947368421	264.71264367816093	253.44827586206893	260.3125	258.7640449438202	262.8181818181818
NM_001182301.1	670	679.1709261430246	676.4716981132076	677.7398843930636	680.0000000000001	676.2176123652633	660.9012345679013
NM_001182302.3	258	250.98387096774192	251.5656836461126	264.6428571428571	253.91489361702128	253.95882352941177	252.72
NM_001182305.3	561	559.8510638297872	541.3306451612902	586.7222222222223	562.3700787401574	550.5378151260504	545.95
NM_001182306.1	388	368.1363636363637	381.0292397660819	374.4	372.3267973856209	370.5145413870246	368.10526315789474
NM_001182307.3	1430	1450.1497584541062	1428.9239130434783	1448.3210702341137	1441.3105022831048	1433.3009708737864	1444.0000000000002
NM_001182308.1	359	353.756201275691	348.52624495289365	346.4605263157895	353.77938517179024	352.9193109700816	350.9523809523809
NM_001182309.3	151	146.45246478873239	145.8363914373089	149.70391061452514	142.7703296703297	141.11111111111111	142.56545961002786
NM_001182310.1	1927	1913.5138121546959	2029.2193877551022	1990.6381578947369	1952.751633986928	1926.0201612903224	2023.825396825397
NM_001182312.1	703	723.2826086956522	686.3804347826087	726.6491228070176	701.2622950819672	716.7222222222222	718.1730769230769
NM_001182313.3	1302	1292.3595505617977	1289.4107142857142	1293.975	1300.4210526315792	1278.0	1278.0
NM_001182314.1	321	316.5824175824176	366.8823529411765	358.87499999999994	320.24347826086955	314.47058823529414	319.4150943396226
NM_001182315.3	665	647.2843137254903	668.3213114754099	648.6309523809523	656.3023872679045	659.3142857142857	653.6513157894736
NM_001182317.1	646	627.7261219792865	627.9865255052936	629.974358974359	632.0237489397795	632.6663400293974	632.453781512605
NM_001182318.3	2226	2222.018181818182	2212.90099009901	2212.535885167464	2220.4847848898216	2202.0	2222.676056338028
NM_001182320.3	518	521.78310393925	521.4014112112898	515.5302663438257	511.9520823283486	516.5356087955366	514.9220393849474
NM_001182321.1	548	533.3850746268656	546.7826086956521	549.0608695652174	546.008	544.7524752475248	534.3251231527094
NM_001182323.3	200	197.80979827089337	200.5309734513274	192.38866396761136	197.35730337078652	206.22714681440442	200.89756097560976
NM_001182324.1	1269	1272.9147982062782	1278.2633587786258	1254.3609022556393	1287.0253164556964	1267.3318385650225	1255.0403225806451
NM_001182325.3	128	114.8051948051948	122.79518072289156	118.85714285714286	119.6	123.06666666666666	120.47524752475248
NM_001182326.1	419	405.30995106035886	415.34547738693465	406.6666666666667	409.04028436018956	409.03088803088804	407.0811170212766
NM_001182327.1	314	312.3076923076923	294.9431818181818	306.77685950413223	300.6842105263158	305.6372549019608	301.6
NM_001182328.3	704	701.4511041009464	688.9473684210526	706.2983425414365	699.8250728862974	703.448275862069	704.1420118343195
NM_001182329.1	250	242.75072414380645	241.06055277514767	240.88298191266114	241.21748046875	239.5513027198502	239.40438586524257
NM_001182330.3	973	969.2994652406417	970.8160919540229	969.0492957746479	957.7600000000001	975.9219858156029	987.5772357723578
NM_001182331.1	443	482.1369863013698	466.73417721518985	528.3043478260869	495.718309859155	488.8333333333333	512.1111111111111
NM_001182335.3	340	334.54690973766117	335.10697674418606	333.96862745098036	338.0742605412209	334.0630749014455	334.8995215311005
NM_001182336.1	171	164.75565610859726	162.05174021131137	161.05384615384614	160.0218340611354	158.49015950004664	158.3978260869565
NM_001182337.3	387	378.9988088147707	373.53425309229306	381.92944785276075	373.74418604651163	371.46999999999997	379.00711237553344
NM_001182338.1	1040	1054.6247933884297	1042.2639455782312	1062.0586666666668	1047.3150684931506	1039.294532627866	1054.405498281787
NM_001182339.3	881	867.6459627329192	868.7935779816513	888.4495412844036	872.7972350230414	862.35625	885.2527472527471
NM_001182340.1	693	692.5563380281691	688.7873239436618	684.3989769820972	684.050618672666	684.5220417633411	686.1200787401574
NM_001182342.1	2623	2656.93949044586	2683.4222737819027	2641.7818930041153	2650.8319088319085	2675.9440789473683	2631.8987341772154
NM_001182343.3	299	308.7096774193549	292.1875	296.15384615384613	296.5217391304348	289.7560975609756	294.0594059405941
NM_001182347.1	389	368.43260188087777	379.97435897435895	385.07500000000005	373.74251497005986	373.1369426751593	373.34285714285716
NM_001182348.3	371	351.283950617284	367.7606837606838	351.75342465753425	362.5373134328358	349.31333333333333	357.67692307692306
NM_001182356.1	203	201.31806615776082	212.11310782241014	202.3885017421603	202.16817807089862	202.96062992125985	197.87131782945735
NM_001182359.1	321	321.47802197802196	327.83471760797346	324.88962108731465	321.5089697590979	327.8503521126761	325.8
NM_001182360.1	457	452.86238532110093	443.3095238095238	458.1744186046512	461.1168831168831	441.54605263157896	433.0
NM_001182361.1	769	771.2941176470588	772.7985074626865	800.875	776.9285714285714	805.0806451612902	786.8539325842697
NM_001182362.1	645	628.9908088235294	632.3055916775032	645.432786885246	632.2567975830816	632.0050632911392	639.2264150943397
NM_001182363.1	378	378.25695931477514	375.02024291497975	373.49339207048456	377.86516853932585	377.6455975710737	370.4038901601831
NM_001182364.1	65	53.206106870229	60.026143790849666	56.44927536231884	55.796992481203006	61.91836734693878	55.5076923076923
NM_001182366.1	1058	1063.1825783972126	1046.6097560975609	1048.020338983051	1044.670371105378	1057.8248847926268	1051.0987597611393
NM_001182368.1	172	167.9230769230769	156.57971014492753	165.41176470588235	162.55737704918033	153.76623376623377	159.1
NM_001182369.1	206	198.56081708449395	198.36968838526911	191.4936386768448	196.6453125	197.6639344262295	192.72089761570828
NM_001182371.1	579	568.4429065743944	585.0903614457831	562.8537735849058	570.8571428571429	570.3314917127071	560.1152073732719
NM_001182372.1	274	261.85344827586204	255.44959128065398	264.8148148148148	258.98692810457516	259.3582887700535	258.1081081081081
NM_001182373.1	341	332.6930693069307	345.349593495935	322.1129032258064	335.5109489051095	336.8125	348.1803278688525
NM_001182374.1	687	685.3483146067416	678.0681818181819	677.2274678111589	672.2597765363129	681.8888888888889	680.3333333333333
NM_001182375.1	588	582.6925714285715	584.7183673469387	586.0782918149465	578.8981132075472	579.5973451327434	589.6919739696312
NM_001182376.1	388	385.75298804780874	387.848275862069	387.0379746835443	385.68510638297874	384.9380530973451	387.91240875912405
NM_001182377.1	327	319.4044585987261	317.544	310.04651162790697	326.82309582309585	323.8412698412699	312.5972850678733
NM_001182378.1	659	651.2820512820513	660.4	705.5555555555555	664.1284403669724	640.8256880733945	721.5909090909091
NM_001182379.1	354	349.76958525345617	359.67625899280574	370.6849315068493	370.4632152588556	366.19354838709677	352.62857142857143
NM_001182380.1	182	178.28100607111884	176.41656050955413	170.9801699716714	172.88088642659278	177.51956074124914	171.7936507936508
NM_001182382.1	131	127.40686586141132	125.70986202072869	127.97053800170795	121.63923566878982	123.31021472182204	125.67779411764705
NM_001182383.1	281	268.73029045643153	267.1984126984127	277.33812949640287	272.77256317689535	269.9579831932773	268.7709923664122
NM_001182384.1	141	146.23635345712418	144.84125760961703	151.65028355387523	143.24437415273385	147.98352124891588	149.40997229916897
NM_001182385.1	380	369.6340425531915	371.97435897435895	368.27586206896547	380.94267515923565	374.9505703422053	362.75949367088606
NM_001182386.1	191	179.91572551350637	179.2533734939759	181.51571208348156	181.29505469899559	181.87807461456984	183.27338277709106
NM_001182387.1	833	868.4367346938775	827.4914285714285	814.6971830985916	855.1088082901554	849.1987577639752	817.9888888888889
NM_001182388.1	154	149.73214285714283	151.2578616352201	147.02380952380952	139.62962962962962	142.0	144.77272727272728
NM_001182389.1	650	660.7777777777777	645.7268907563025	654.8581560283687	642.546255506608	648.1313131313132	646.3813953488373
NM_001182390.1	466	449.24590163934425	456.2580645161291	447.13953488372096	446.4422110552764	453.78666666666663	460.7288135593221
NM_001182391.1	829	824.9586776859504	829.6428571428571	822.7900552486188	810.7092198581561	825.7474226804125	819.2477876106194
NM_001182392.1	805	798.7308108108109	798.2670068027211	793.5294117647059	789.626168224299	798.1402671755725	791.0288924558587
NM_001182394.1	176	166.95081967213113	171.28358208955223	164.4931506849315	170.05	172.54054054054052	159.8961038961039
NM_001182396.1	437	471.66477272727275	464.8484848484849	475.6875	478.1203319502075	467.2323232323232	444.7692307692308
NM_001182399.1	275	263.0673076923077	265.2845528455284	269.73134328358213	256.41726618705036	259.43697478991595	254.21794871794873
NM_001182403.1	624	641.1764705882352	631.0344827586207	662.8571428571429	632.183908045977	637.7358490566037	645.2830188679245
NM_001182405.1	398	387.0	390.0562546262028	387.972602739726	392.56546762589926	387.97362637362636	395.75495049504946
NM_001182407.1	1356	1332.0	1334.6693386773547	1332.0	1332.0000000000002	1332.0000000000002	1335.6897506925206
NM_001182409.1	430	425.3333333333333	425.03125	421.6153846153846	418.4923076923077	427.36842105263156	406.0
NM_001182410.1	297	305.87072243346006	307.80169971671387	298.17721518987344	312.7141403865717	309.5238095238095	292.95348837209303
NM_001182411.1	207	210.1111111111111	199.05263157894737	206.36170212765956	204.71186440677968	209.2994011976048	200.85365853658539
NM_001182413.1	173	168.8177339901478	170.91176470588235	161.21311475409834	164.6842105263158	169.93388429752065	167.625
NM_001182414.1	519	511.7774566473988	517.441431670282	512.8411180581096	516.1652542372881	514.6029650690496	514.4353717859625
NM_001182415.1	599	591.6184971098266	585.6701030927835	587.9699248120301	588.3960573476702	594.0082644628098	586.5000000000001
NM_001182417.1	99	90.15367103016506	90.13728323699422	90.21109271523179	91.36740331491713	92.58025439127802	89.4388686131387
NM_001182418.1	1674	1671.5217391304348	1679.5698924731182	1705.827067669173	1682.4165029469548	1678.1449893390193	1699.0706319702601
NM_001182419.1	371	354.7111111111111	382.5361445783132	396.07070707070704	361.3834196891192	368.91578947368424	383.1458333333333
NM_001182420.1	854	834.8538011695907	845.090909090909	837.2173913043479	838.527397260274	844.6255506607929	830.0
NM_001182421.1	387	388.1307692307692	386.88157894736844	376.32110091743124	391.0773480662983	390.7099236641222	403.3333333333333
NM_001182422.1	250	237.72149933799025	238.24876740139212	242.8190966534051	237.4728789986092	236.7918670378807	239.42221810432687
NM_001182423.1	240	225.90825688073394	224.1203007518797	229.33333333333331	228.24742268041237	226.95652173913044	221.76
NM_001182424.1	909	910.9446254071661	899.8205741626793	898.828125	896.0625	909.6689895470384	894.5675675675676
NM_001182426.1	347	342.0	344.18032786885243	342.0	346.6197440585009	352.97537878787875	350.01901140684413
NM_001182428.1	547	542.0181818181819	538.5058678196417	531.5954487989886	540.476167076167	543.498320268757	534.635150166852
NM_001182429.1	579	577.7027027027027	578.7536148062463	588.9273356401384	576.9712581344903	583.0925925925926	574.5422535211267
NM_001182430.1	602	633.8295454545455	628.1570247933885	607.896551724138	632.5283018867924	602.9945945945946	601.688524590164
NM_001182431.1	1540	1547.2817985833078	1542.010665430095	1541.3632887189292	1530.491176470588	1534.7391841779977	1535.7930367504837
NM_001182432.1	171	169.335223880597	166.34921137644898	167.01470212221938	161.5147501074037	162.1294082034206	162.0824955647546
NM_001182433.1	406	417.7955513487932	410.22455632017386	420.8797153024911	398.4703576678099	407.84117647058827	413.4588235294118
NM_001182434.1	1049	1039.157458563536	1049.0149094781682	1047.735674676525	1056.0606060606062	1041.3642960812772	1040.4367469879517
NM_001182435.1	939	915.0	946.7708333333333	937.5925925925927	915.0	945.0	915.0
NM_001182436.1	154	167.7906976744186	151.1851851851852	162.9113924050633	147.28323699421966	151.04046242774567	142.5
NM_001182437.1	177	163.6535234899329	167.09079033311562	167.4236276849642	165.60732451678535	167.18711826762907	167.43709327548808
NM_001182438.1	196	177.97518610421835	186.2086956521739	188.41493775933608	182.65137614678898	186.06860158311346	195.3695652173913
NM_001182439.1	418	417.0531914893617	409.87545787545787	417.4834437086093	410.58947368421053	422.5507246376812	402.2657342657343
NM_001182440.1	1246	1236.9632653061226	1263.6160990712074	1264.877192982456	1238.7857142857142	1270.7300613496932	1228.6775956284152
NM_001182441.1	644	642.5454545454546	627.6543209876544	633.8805970149255	628.2666666666667	638.8832487309645	630.4201680672269
NM_001182444.1	442	452.13316582914575	453.97032640949556	440.7289719626168	445.67247386759584	446.6048565121413	442.82801418439715
NM_001182445.1	521	516.8079710144928	524.3043209876544	516.5715990453461	519.9384615384615	524.4674902470741	521.5361653272101
NM_001182447.1	663	671.4365482233502	662.7644628099173	651.529411764706	655.6170212765958	655.6840731070496	651.8442211055276
NM_001182450.1	1197	1193.9464285714287	1181.8528301886793	1183.861111111111	1184.73	1213.871080139373	1200.9285714285713
NM_001182451.1	245	244.5372290292177	244.53322658126498	242.43030303030304	240.28358208955223	244.67311679336558	233.3205574912892
NM_001182452.1	894	897.2849462365592	896.8307086614174	914.4316309719934	893.6127864897468	894.5762711864406	903.4139402560455
NM_001182453.1	158	148.7716535433071	148.45098039215688	149.41	153.82465753424657	153.27719298245614	155.48091603053433
NM_001182454.1	205	181.00000000000003	183.78461538461536	186.65625	186.02777777777777	181.0	188.23999999999998
NM_001182456.1	520	503.51515151515156	528.2077922077922	533.1999999999999	511.66315789473686	521.5085714285714	507.9518072289157
NM_001182457.1	446	442.33734939759034	458.61983471074376	446.1142857142857	439.06617647058823	455.8955823293172	437.0714285714285
NM_001182458.1	162	163.875	169.24528301886795	144.6774193548387	157.32	163.21153846153845	159.41379310344828
NM_001182459.1	875	872.0123456790124	851.0	851.0	858.8073394495412	850.9999999999999	864.7258064516128
NM_001182460.1	1093	1094.1798715203427	1098.23046875	1120.3493449781658	1093.890931372549	1102.5014245014245	1105.7714987714987
NM_001182462.1	112	122.66666666666667	124.48780487804879	123.57446808510639	127.66197183098593	119.73770491803278	115.7037037037037
NM_001182464.1	463	458.0869565217391	474.8930817610062	449.79508196721315	449.09195402298855	462.7881773399015	466.4375
NM_001182465.1	1650	1643.1815561959654	1642.1104033970275	1642.8497409326424	1649.083475298126	1659.3880903490758	1661.852140077821
NM_001182466.1	1122	1098.0	1129.0754716981132	1172.8636363636365	1111.0714285714284	1157.3513513513512	1166.625
NM_001182467.1	268	260.5867620751342	260.7608982826948	258.4807121661721	261.53009708737864	265.3612823674476	257.39379474940336
NM_001182468.1	221	216.7132303559436	214.29705573080966	214.26693227091636	213.13088330109605	213.70624151967436	215.72526041666666
NM_001182469.1	329	331.9117647058824	327.4264705882353	317.20000000000005	315.28089887640454	305.0	323.67346938775506
NM_001182470.1	100	83.77952755905511	88.0	90.11428571428571	84.92018779342723	83.50617283950616	86.48275862068967
NM_001182471.1	937	939.9852216748768	932.705035971223	926.8333333333334	931.8247422680413	939.5186721991702	919.3402777777777
NM_001182472.1	302	298.54187192118223	302.0375939849624	296.14452214452217	299.51810237203495	294.5852272727273	297.60705289672546
NM_001182473.1	915	937.463190184049	925.2692307692307	922.68	936.7481662591686	940.5	905.6868131868132
NM_001182474.1	291	282.1132075471698	279.4766355140187	278.4428571428572	285.41379310344826	292.83870967741933	277.1392405063291
NM_001182475.1	243	230.18297872340426	232.14	239.4820143884892	232.0357142857143	234.1782178217822	235.84615384615384
NM_001182476.1	505	507.3046875	504.9006211180124	508.64367816091954	492.660606060606	508.48571428571427	508.02247191011236
NM_001182477.1	530	523.25	526.267955801105	510.9607843137255	531.8482972136223	515.2921535893155	521.3799392097264
NM_001182478.1	537	520.027397260274	536.5561224489796	520.8923076923077	523.125	524.7931034482758	524.7737704918032
NM_001182479.1	1129	1115.15625	1118.421052631579	1121.7848101265822	1124.5708446866486	1120.3	1131.3880597014927
NM_001182482.1	352	337.64705882352945	336.6887417218543	339.5764705882353	331.21568627450984	334.8811188811189	347.29411764705884
NM_001182483.1	508	513.6326530612246	517.6370656370656	505.60714285714283	499.7142857142857	514.608695652174	501.9259259259259
NM_001182484.1	305	290.06451612903226	287.5046296296297	302.8252427184466	288.5267857142857	294.13084112149534	299.5566037735849
NM_001182487.1	440	443.943661971831	439.0690909090909	435.17965023847376	439.1826625386997	439.99350121852154	439.8189081225034
NM_001182488.1	307	312.0338218714769	301.78206278026903	306.94247038917086	302.43962400578454	302.49555555555554	308.29608938547483
NM_001182489.1	486	463.04920514761545	463.32378223495704	464.21649175412296	463.30896727581813	464.24090541632984	464.20982142857144
NM_001182490.1	576	564.1927710843373	572.9487666034155	566.6710963455149	570.1125	566.8187919463088	566.6225165562914
NM_001182491.1	508	494.08333333333337	501.6	500.1333333333333	507.04761904761904	493.04672897196264	509.4736842105263
NM_001182492.1	65	67.8076923076923	64.54193548387097	66.5111111111111	61.83977900552485	67.6030534351145	64.23333333333333
NM_001182493.1	558	579.1678035470669	560.5616580310881	558.9067164179105	555.2704402515724	551.7556109725687	564.6393442622951
NM_001182494.1	360	354.13881748071975	358.4498886414254	371.5287009063444	361.3248407643312	358.2089552238806	364.32183908045977
NM_001182495.1	374	362.23776223776224	360.6707317073171	370.5882352941177	360.88082901554407	356.25	382.4742268041237
NM_001182497.1	700	683.4613686534216	695.8458715596331	682.8053691275168	696.5540540540541	702.9860279441118	693.3333333333334
NM_001182498.1	151	157.9005016722408	153.29667345553293	156.4891640866873	150.4927896568871	149.25436793422406	144.86129970902036
NM_001182499.1	193	198.64912280701753	179.78723404255322	187.27027027027026	183.08333333333334	173.56756756756755	172.93023255813952
NM_001182500.1	506	502.2783171521035	496.252688172043	494.9569892473118	498.06666666666666	498.06666666666666	507.61352657004835
NM_001182501.1	383	365.3916913946588	374.2118644067797	368.83561643835617	368.488986784141	365.5272727272727	370.4748858447488
NM_001182502.1	701	697.2476993865031	694.4709677419355	709.9592105263158	695.8968446601941	694.2362093352192	693.2244008714597
NM_001182504.1	659	665.1355932203389	659.1776837652036	655.8576642335767	658.5698689956332	660.1862980769231	657.1834061135372
NM_001182505.1	174	185.89743589743588	172.1590909090909	178.57142857142856	167.0984455958549	165.60693641618496	175.71428571428572
NM_001182506.1	400	384.0571428571429	386.1621621621622	403.24637681159425	382.48275862068965	383.6734693877551	383.77931034482754
NM_001182507.1	536	523.5816686251469	524.264913104744	528.3119353304803	523.172798782035	525.787895613548	529.8397212543554
NM_001182508.1	1272	1254.5060510147084	1255.5781990521327	1257.268209083119	1260.1948286229706	1258.7067024128687	1255.4007490636702
NM_001182509.1	514	504.55445544554453	511.9871794871795	508.1481481481481	498.6470588235294	518.1147540983607	505.31249999999994
NM_001182510.1	514	509.21568627450984	507.2821576763485	515.4245283018868	506.3333333333333	506.9382716049383	509.95475113122166
NM_001182511.1	533	533.0222617987533	538.0649536045681	538.4344146685472	531.8220108695651	533.5160550458716	537.8566929133858
NM_001182512.1	780	772.6764705882354	772.2289803220036	777.3962264150944	767.7861915367482	772.9887640449439	766.9565217391304
NM_001182515.1	944	943.5897435897436	920.0	932.2666666666667	920.0	920.0	920.0000000000001
NM_001182516.1	503	486.6031746031746	504.4787234042553	505.1272727272727	492.5566037735849	488.39215686274514	478.99999999999994
NM_001182517.1	412	399.7575757575758	419.2903225806452	388.0	390.4099378881987	394.8470588235294	392.2173913043478
NM_001182518.1	160	152.0	146.32537960954446	154.1679389312977	146.0264650283554	149.89565217391305	157.14285714285714
NM_001182520.1	385	400.1293706293706	405.6691919191919	405.4307692307693	384.0049019607843	402.8231707317073	415.9347826086956
NM_001182522.1	394	420.45454545454544	408.9473684210526	378.04347826086956	396.74698795180717	384.4155844155844	395.8139534883721
NM_001182523.1	465	468.53121452894436	476.6663858466723	474.19354838709677	459.52635914332785	472.68602362204723	458.3979416809605
NM_001182524.1	361	337.0	346.56028368794324	371.46590909090907	359.46666666666664	345.86842105263156	351.4428571428571
NM_001182525.1	518	506.83116883116884	535.9433962264151	537.9111111111112	516.5477178423237	537.3918918918919	519.3333333333334
NM_001182527.1	838	824.2005012531329	827.0704727921499	819.3907284768212	823.5764705882352	820.1006423982868	824.8533333333332
NM_001182529.1	664	677.6470588235294	680.421052631579	696.4705882352941	698.1818181818181	680.96	692.2448979591836
NM_001182530.1	462	469.6388261851016	466.2286902286902	472.5376344086022	454.1226993865031	464.8324324324325	465.7605633802817
NM_001182533.1	549	552.6315789473684	525.0	559.2391304347826	536.013986013986	553.2258064516129	558.3333333333334
NM_001182534.1	699	688.0165289256198	698.1870229007634	681.2790697674418	682.994923857868	694.5652173913044	688.3399209486166
NM_001182535.1	244	232.66323024054984	234.6469401479489	233.1108462455304	236.39566395663957	234.65543644716692	232.54156769596202
NM_001182536.1	287	276.23270440251576	279.61813186813185	296.0628571428571	285.7347740667976	282.67581047381543	280.7874396135266
NM_001182538.1	330	315.4153846153846	309.029702970297	313.4634146341464	335.61290322580646	331.08196721311475	340.0
NM_001182540.1	281	272.4354354354354	274.4921465968586	277.70616113744074	274.23323615160353	271.53003533568904	265.6145251396648
NM_001182541.1	470	460.76821192052984	456.0601503759398	460.0104712041885	453.6896551724138	461.4554455445545	446.0
NM_001182542.2	1750	1755.1196319018404	1747.1223776223776	1765.1226666666669	1749.8251533742332	1746.6116303219108	1745.6136363636363
NM_001182543.1	435	419.9486780715397	420.7740784780024	425.5784447476126	421.9115044247788	419.6480799579169	417.03777544596016
NM_001182544.1	1108	1089.257881972514	1093.2406557377049	1093.9297709923665	1091.8645707376058	1092.8391401037807	1091.5277777777778
NM_001182545.1	312	331.6363636363637	339.0	301.2923076923077	322.56	338.4	308.5714285714286
NM_001182546.1	802	790.162188568637	795.1704718417047	789.8677966101694	788.7179902755267	791.3577726218098	786.5494505494505
NM_001182552.1	885	916.6681034482758	903.3690685413005	891.8501628664495	898.1357827476038	895.1150943396226	916.0159744408946
NM_001182553.1	301	328.2962962962963	306.46808510638294	285.39393939393943	285.93548387096774	277.0	290.51219512195127
NM_001182556.1	631	624.353916462961	624.193991416309	628.9550732914525	625.4134387996412	623.774597173463	622.6458233890214
NM_001182558.1	322	322.10294117647055	322.6280991735537	342.7	329.241935483871	324.82	339.2615384615385
NM_001182559.1	672	653.7345132743363	656.4890829694323	653.5862068965517	650.7112970711298	653.9723502304148	653.3775933609959
NM_001182560.1	436	430.55855855855856	429.35531135531136	435.29328621908127	427.77217553688143	427.03004291845497	426.86172344689373
NM_001182562.1	513	522.340909090909	505.5762711864407	511.22727272727275	523.5757575757576	513.4499999999999	497.7321428571429
NM_001182564.1	893	869.0	898.2921348314605	888.311111111111	877.9587628865979	899.3139534883721	885.3962264150944
NM_001182565.1	411	411.6148409893993	407.6269035532994	409.2413793103448	419.19410745233967	428.19059405940595	403.29473684210524
NM_001182568.1	485	479.9711934156379	479.70724637681155	492.8930817610063	508.54062500000003	515.9653846153847	509.52631578947364
NM_001182569.1	162	153.5867768595041	149.59913793103448	153.33333333333334	150.8068181818182	149.5	152.8823529411765
NM_001182570.1	178	175.82677165354332	170.5933579335793	170.135593220339	170.19817073170734	175.26598702502318	168.389662027833
NM_001182571.1	196	183.46666666666667	177.33333333333334	184.74074074074073	184.7837837837838	188.93939393939394	180.68686868686868
NM_001182572.1	140	128.27385892116183	128.42141623488774	129.56981132075472	128.14374999999998	131.49458483754515	134.87301587301587
NM_001182574.1	679	671.2732919254659	666.7488789237668	670.3515625	661.4532019704434	679.952380952381	684.438202247191
NM_001182575.1	1272	1274.3999999999999	1268.3588907014682	1287.0	1250.2446043165467	1256.32	1257.3834586466164
NM_001182577.1	736	712.0	724.9454545454545	736.9824561403509	728.090395480226	716.5641025641025	720.0
NM_001182578.1	299	287.88385826771656	287.6486232790989	290.4512851165571	284.7684744687599	286.7289390200916	291.85893210283456
NM_001182579.1	966	956.9523809523808	970.8704028021017	979.6800000000001	954.7297297297298	960.3144547759932	963.4788273615635
NM_001182582.1	370	370.6558249556475	365.8840723309388	369.9470737913486	360.6581280788177	364.29119905493206	363.6630743051616
NM_001182586.1	955	936.7204301075269	942.9019886363636	937.9737827715355	941.1748633879781	952.4728171334432	949.744966442953
NM_001182588.1	557	551.5212355212356	551.437106918239	549.5699481865284	554.7210031347962	556.9550561797753	549.0542168674699
NM_001182589.1	820	832.7384615384615	841.9911111111112	832.0329218106996	815.2137931034482	809.1298969072166	822.4354243542435
NM_001182590.1	222	242.00000000000003	211.5	198.00000000000003	212.14285714285717	213.03797468354432	207.42857142857144
NM_001182591.1	430	423.7002724795641	419.15530726256986	418.05940594059405	420.6196549137285	418.2580054894785	420.8536585365854
NM_001182592.1	610	609.5071633237823	608.7434808975137	616.7074235807861	605.8799582463466	608.4495774647887	604.2024048096192
NM_001182593.1	508	514.9950738916257	504.24334600760454	500.47120418848164	504.4582869855395	500.47919293820934	497.17821782178214
NM_001182597.1	362	354.35483870967744	341.67391304347825	338.0	349.39325842696627	353.19101123595505	338.0
NM_001182598.1	607	609.8045977011494	587.0769230769231	599.8985507246377	595.2307692307692	597.2195121951219	591.8333333333334
NM_001182599.1	292	280.9795361527967	278.85682574916757	277.1327849588719	281.4893875075804	281.71507607192257	281.81058495821725
NM_001182600.1	615	646.093220338983	643.6232876712329	627.4814814814815	627.5224719101125	619.829268292683	626.1785714285714
NM_001182602.1	829	825.4166666666666	825.7933579335793	827.7401129943504	827.8221649484536	825.5750798722045	814.2
NM_001182604.1	672	672.4528301886792	680.0792079207921	669.9661016949152	686.88	699.5454545454546	672.0
NM_001182605.1	564	573.4883720930231	572.5862068965517	540.0	559.8947368421052	552.485549132948	564.3243243243244
NM_001182606.1	624	606.1855670103093	622.2222222222222	643.6363636363637	612.6315789473684	607.8947368421052	616.6666666666667
NM_001182608.1	682	671.5056278967115	671.370267453977	670.8932432432432	670.9680322780882	673.7818627450981	668.2652106084242
NM_001182609.1	1214	1239.5341922695739	1241.4594594594596	1221.6395864106353	1218.2074074074073	1222.1621621621623	1209.5665171898356
NM_001182610.1	527	523.12	525.0715935334873	534.1592920353982	516.2368421052631	522.1416490486258	526.952380952381
NM_001182611.1	457	433.0	463.4929577464789	433.0	433.00000000000006	447.9310344827586	460.93548387096774
NM_001182612.1	126	122.60606060606061	118.17931034482758	115.26	113.57446808510639	117.62162162162163	129.46153846153848
NM_001182613.1	422	410.7564102564103	411.0491803278689	418.1010101010101	428.4774774774775	412.28717948717946	419.2671755725191
NM_001182615.1	496	496.0509554140127	494.125	506.5365853658536	496.0627450980392	484.7567567567568	496.0816326530612
NM_001182616.1	314	306.6979531424858	306.5293505346497	312.31211580408484	301.5150388519166	304.06691101926225	309.1222436309141
NM_001182617.1	208	190.81481481481478	195.87096774193546	198.15384615384616	200.10000000000002	197.73134328358208	213.83783783783784
NM_001182619.1	619	595.0	618.448275862069	607.7956989247311	615.6188118811881	630.7650273224043	595.0
NM_001182621.1	587	580.0782488796967	578.5349069148937	576.5526579739218	576.0138691322902	581.05967922417	582.7655719139298
NM_001182622.1	199	192.27770091812351	198.8192273336311	186.08975690837315	198.16532258064515	197.0747849106552	186.21847749234033
NM_001182624.1	117	105.47230320699708	106.80974477958236	101.80681818181817	102.55479452054794	105.21492537313432	104.0532786885246
NM_001182625.1	938	922.3853211009175	924.1781737193763	936.0240963855422	929.995	926.393220338983	924.8809523809524
NM_001182626.1	856	854.8153564899451	852.9516235917825	865.5833333333333	858.1019607843137	856.6296028880867	865.8727735368957
NM_001182628.1	333	332.3207547169812	343.88709677419354	336.2647058823529	314.4210526315789	318.3636363636364	309.0
NM_001182629.1	1262	1245.6218117854003	1244.072880168185	1242.8485639686685	1247.0530164533823	1246.547756041427	1245.3690476190477
NM_001182630.1	1332	1342.711700844391	1335.331343283582	1320.2014925373132	1331.5583398590447	1339.083650190114	1331.3571428571427
NM_001182631.1	297	283.8476821192053	292.41333333333336	284.1885245901639	291.26765799256503	282.02479338842977	279.9406779661017
NM_001182632.1	506	495.50828025477705	494.28485757121433	497.82838983050846	490.67284623773173	491.31101094655503	491.07419712070873
NM_001182633.1	203	183.83783783783784	195.02985074626866	190.1875	193.32	187.32558139534885	191.3448275862069
NM_001182635.1	232	217.3134328358209	225.0292397660819	223.4074074074074	216.44280442804427	223.6	224.86486486486487
NM_001182636.1	450	457.95000000000005	443.38775510204084	443.75	438.0851063829787	436.0629921259843	448.0344827586207
NM_001182638.1	555	552.24	542.155462184874	545.3513513513514	541.3609756097561	543.6428571428571	556.7766990291262
NM_001182639.1	656	641.2941176470588	665.2631578947369	649.5555555555557	646.3636363636364	643.2857142857143	670.3030303030304
NM_001182641.1	365	366.8987341772152	352.1803278688525	364.63366336633663	358.05	366.8333333333333	364.9298245614035
NM_001182642.1	484	463.2857142857143	484.08376963350787	468.7619047619048	496.80000000000007	494.7674418604651	482.11538461538464
NM_001182644.1	194	180.65501120093504	182.3187391984199	178.22503516174402	180.64616717193593	180.22466088922383	179.61033716939227
NM_001182645.1	138	124.15546851461285	123.96865203761756	127.51326530612245	122.84341252699784	124.2373107323112	128.3202524156971
NM_001182646.1	337	317.81538461538463	321.5170068027211	366.5394736842105	325.03846153846155	326.80882352941177	331.4117647058824
NM_001182647.1	555	556.3553719008265	552.2248394004283	552.5166425470333	551.4331524420326	548.8868778280544	563.8254545454546
NM_001182648.1	342	333.57103448275865	336.5606670500287	335.46528497409327	343.3470607771505	340.70633531676583	339.45796460176996
NM_001182649.2	407	387.9102564102564	396.3383084577115	386.45045045045043	399.54938271604937	408.7238805970149	386.7549019607843
NM_001182651.1	281	279.227027027027	274.2068669527897	272.4974874371859	273.03466204506066	272.03068072866733	280.48223350253807
NM_001182652.1	185	194.41509433962264	181.93	189.75	178.33846153846156	185.5593220338983	181.55319148936172
NM_001182654.1	360	349.15662650602405	356.6388206388207	351.3424657534246	345.89621318373077	349.0637636080871	342.272
NM_001182656.1	470	469.62288135593224	459.6237942122186	460.32931726907634	461.403453689168	456.2332695984704	455.2595155709343
NM_001182658.1	542	532.9423076923077	547.5999999999999	542.3764705882353	533.0144927536231	531.6315789473683	550.375
NM_001182660.1	250	239.593984962406	243.02739726027397	231.19540229885058	260.16279069767444	256.45390070921985	246.96907216494847
NM_001182661.1	150	149.96319018404907	149.4418604651163	146.81739130434784	147.6	145.00558659217876	142.08510638297872
NM_001182664.1	811	787.0	806.512396694215	814.6140350877193	811.2153846153846	810.6099999999999	824.4761904761905
NM_001182665.1	219	210.17291066282422	202.81737193763922	208.34210526315792	206.41891891891893	208.92857142857144	207.12918660287082
NM_001182666.1	1651	1677.6177777777777	1683.103448275862	1718.661971830986	1683.888111888112	1687.874149659864	1637.9932432432433
NM_001182668.1	753	742.1746987951807	749.593220338983	734.9754098360656	760.9736842105262	778.1963190184049	765.9113924050632
NM_001182669.1	857	861.3574468085106	874.6500000000001	854.7304347826088	858.413559322034	885.0625000000001	871.7441860465117
NM_001182670.1	363	356.2372881355932	374.0689655172414	367.8510638297872	350.1147540983606	381.375	392.9318181818182
NM_001182671.1	764	755.1020408163265	750.4225352112675	777.0	755.7446808510638	779.8461538461538	781.1111111111111
NM_001182672.1	603	628.9137931034483	579.0	624.7105263157894	596.5454545454545	603.4647887323944	608.6923076923076
NM_001182673.1	501	500.38235294117646	484.1194029850746	495.5844155844156	507.77419354838713	514.8571428571429	511.5652173913044
NM_001182674.1	501	488.2899408284024	485.9158878504673	488.925	502.83750000000003	500.63513513513516	505.05882352941177
NM_001182675.1	545	567.3111111111111	576.0124223602485	542.4845360824742	554.4587155963302	557.7371794871796	530.9238095238095
NM_001182677.1	714	690.0	690.0	690.0	694.9285714285713	696.0526315789474	701.1290322580645
NM_001182678.1	425	409.8254115036064	409.86575473198667	412.6124460874923	410.1216097987751	414.48428661219356	412.2580213903743
NM_001182682.1	1406	1382.0000000000002	1412.485294117647	1381.9999999999998	1422.0579710144925	1404.112	1405.8275862068965
NM_001182683.1	505	504.0616438356164	488.6755319148936	508.02247191011236	499.49999999999994	515.113475177305	494.5492957746478
NM_001182684.1	269	264.2156862745098	265.41666666666663	268.0890052356021	262.7272727272727	266.06334841628956	269.5
NM_001182685.1	753	762.6461538461538	745.021978021978	743.8775510204082	747.409090909091	756.6136363636364	738.9863013698629
NM_001182689.1	290	280.98949379178606	282.7728375101051	297.5593220338983	286.72727272727275	282.09869646182494	290.86811352253756
NM_001182690.1	193	193.43373493975903	188.5	206.06140350877192	188.20454545454547	190.83707865168537	190.75247524752473
NM_001182691.1	976	963.0697674418604	961.9685863874345	977.0526315789473	962.236559139785	979.8362573099415	965.5035460992908
NM_001182692.1	700	698.6788391598011	696.6869927120017	698.2045660719685	696.4351650278334	700.4265499841208	692.7758982428534
NM_001182693.1	426	424.9714285714286	433.52941176470586	402.0	443.3823529411764	446.6666666666667	402.0
NM_001182694.1	232	225.43016759776535	213.94285714285715	214.7642276422764	221.53846153846155	220.99999999999997	219.9235668789809
NM_001182695.1	1029	1030.5942275042444	1031.1238532110092	1034.8514851485147	1030.4559270516718	1028.2017010935601	1027.0879120879122
NM_001182696.1	1442	1472.9612403100775	1520.0143884892086	1562.6938775510205	1523.942528735632	1485.5238095238094	1530.5396825396824
NM_001182697.1	368	373.65517241379314	359.5354838709677	346.752	366.091743119266	355.6610169491525	352.8205128205128
NM_001182698.1	715	709.1048034934498	719.7916666666667	714.6643835616437	697.0791788856305	716.7835820895523	710.4647887323944
NM_001182700.1	253	241.6220472440945	242.7188940092166	235.66990291262135	245.8847926267281	249.55128205128204	236.63333333333335
NM_001182701.1	95	78.88627710643934	80.51779531920786	79.66982809721398	80.63062479766914	80.46426761277243	80.6428338230493
NM_001182702.1	122	107.8	115.29411764705884	114.96153846153845	106.49333333333334	109.90654205607477	101.26666666666667
NM_001182703.1	1083	1087.3660714285713	1068.2086956521737	1089.695652173913	1090.6119402985075	1094.4972067039107	1091.090909090909
NM_001182704.1	212	202.0	208.64094955489614	202.46153846153845	202.9855072463768	207.57097791798105	211.5
NM_001182705.1	589	573.968253968254	573.968253968254	585.5454545454546	585.925925925926	593.6075949367088	575.462962962963
NM_001182706.1	541	537.2304347826088	541.2885906040268	526.515337423313	550.3548387096774	542.1722846441947	540.8615384615384
NM_001182707.1	251	250.07676348547716	243.5090909090909	240.15942028985506	245.0830508474576	240.52980132450332	238.9104938271605
NM_001182708.1	366	347.42857142857144	366.1818181818182	354.0	352.9615384615385	360.1592920353982	363.375
NM_001182709.1	217	216.02246320681644	219.27088948787062	219.6800445930881	218.30710835058662	213.19620667102683	219.54041013268997
NM_001182710.1	382	370.8643026004728	373.5234075211051	375.04761904761904	370.42955187727085	369.52855302705024	375.32669039145907
NM_001182711.1	415	397.9821428571429	396.92424242424244	390.99999999999994	404.48275862068965	391.00000000000006	391.0
NM_001182712.1	954	952.2978994271165	949.4413605763554	953.1302728169168	944.9333333333333	953.415351916946	945.3729012104646
NM_001182714.1	2118	2115.151515151515	2094.0	2094.0	2094.0	2134.2692307692305	2094.0
NM_001182715.1	438	428.89208633093523	438.09850746268654	430.5187032418953	439.5752895752896	435.2914285714286	432.46478873239437
NM_001182716.1	452	445.9580419580419	446.31016042780743	440.969696969697	458.14084507042253	442.7586206896552	443.1058823529412
NM_001182717.1	444	439.09090909090907	428.75	457.6923076923077	434.1573033707865	433.33333333333337	430.5
NM_001182718.1	470	472.867469879518	463.32038834951453	461.64912280701753	454.4952380952381	473.1478260869565	456.1363636363636
NM_001182719.1	777	778.1	784.5944055944057	764.5137614678899	773.1273584905659	776.3689655172415	765.2771739130435
NM_001182720.1	585	567.3033707865169	575.3846153846154	569.6307692307691	587.8972602739726	573.375	576.3698630136986
NM_001182721.1	372	378.99072356215214	384.12824427480916	381.9275766016713	389.66530612244895	385.25326370757176	386.55681818181813
NM_001182722.1	519	514.739263803681	512.0896426408237	510.91274397244547	513.3333333333333	515.6746987951807	503.7224669603524
NM_001182723.1	737	723.3762993762994	721.0869565217391	718.3011152416357	720.8598425196851	720.8929889298893	725.1258503401361
NM_001182724.1	520	515.9245283018868	517.8605577689242	516.3040935672515	511.68281053952313	518.801550180409	516.0132137800849
NM_001182725.1	1097	1104.5588235294117	1129.4736842105262	1114.5891472868218	1097.4790874524715	1139.2345679012346	1080.1533333333334
NM_001182726.1	1653	1663.659574468085	1651.7038327526134	1695.3393665158371	1673.5894160583941	1673.3539603960396	1640.7194244604316
NM_001182727.1	446	439.1467268623025	436.1161971830986	445.51702786377706	447.6869565217391	441.5899419729207	439.830985915493
NM_001182728.1	499	482.24400871459693	491.5057915057915	482.1698113207547	487.93103448275866	482.2106261859582	494.45392491467584
NM_001182729.1	218	218.25	209.40794223826714	212.54411764705884	217.2479338842975	209.98501872659176	224.86363636363637
NM_001182730.1	466	480.675	480.0	484.3191489361702	480.0	475.44864864864866	465.02083333333337
NM_001182731.1	687	711.5121951219512	725.8706896551724	741.0	711.1209677419355	691.8260869565217	750.2368421052632
NM_001182732.1	93	98.57142857142857	91.06122448979592	85.75714285714285	99.53097345132744	92.0	78.28846153846153
NM_001182733.1	262	255.11582134746405	250.8724279835391	255.63968072976058	252.2339489885664	253.3548387096774	256.2925619834711
NM_001182734.1	585	575.3846153846154	570.2727272727273	580.0169491525425	571.4664179104477	588.3658536585366	579.4945054945056
NM_001182735.1	336	335.7391304347826	327.864406779661	331.0243902439024	327.1272727272727	325.0	342.688524590164
NM_001182736.1	1724	1726.7067978270443	1723.4955968688846	1722.5954567423878	1721.1104269293926	1719.1463002590383	1725.3111111111111
NM_001182737.1	100	88.70381231671554	88.22053982883476	87.68256085361787	90.46038677479726	90.80316042597045	87.4751192910702
NM_001182738.1	1024	1018.4049079754601	1029.9251870324188	1027.6497695852536	1019.1387559808612	1013.1926121372031	1015.075376884422
NM_001182740.1	221	212.32222222222225	212.15384615384613	224.36111111111111	204.12048192771087	227.3076923076923	211.07142857142858
NM_001182741.1	343	351.88659793814435	328.2019230769231	325.38	335.2755102040816	319.0	319.0
NM_001182742.1	402	389.1915407854985	385.0166587339362	388.88579940417077	390.9914077990747	390.91387900355875	388.30483271375465
NM_001182743.1	152	135.87692307692308	135.19101123595507	142.45161290322582	132.97341513292434	135.63302752293578	138.26160337552741
NM_001182744.1	719	711.8533487297922	713.5156993339676	700.8403361344538	707.4687987519501	708.672131147541	700.9913793103449
NM_001182745.1	453	450.83206106870233	470.9580838323353	471.46075085324236	450.09836065573774	457.46910755148735	450.28625954198475
NM_001182746.1	466	442.00000000000006	459.85858585858585	473.85585585585585	457.0194174757281	464.22346368715085	462.6542056074766
NM_001182747.1	431	418.8832116788321	417.09090909090907	426.61445783132535	418.97058823529414	416.76800000000003	412.8985507246377
NM_001182748.1	309	300.74329813160034	303.2	305.35714285714283	299.978976874562	304.2289156626506	300.9387483355526
NM_001182749.1	167	157.28250764525995	155.10492642354447	159.47417301471356	153.17901303330734	155.99672935404743	156.93964351567303
NM_001182750.1	437	433.84542586750786	428.91423244251087	434.81886792452826	429.9766123316797	435.30757689422353	434.6284289276808
NM_001182751.1	99	102.55102040816327	85.71428571428571	97.72727272727273	86.17021276595744	88.29113924050634	93.75
NM_001182754.1	689	671.8690675600224	673.1498939429649	674.7794117647059	673.350639942043	672.3153483499215	671.9969311705391
NM_001182755.1	1557	1546.3111432706223	1567.3337066069428	1570.4605263157896	1565.0208877284597	1565.0328358208956	1562.4807692307693
NM_001182756.1	580	619.7083333333333	587.275	569.3975903614459	574.5333333333333	571.7173144876324	570.5549738219896
NM_001182758.1	54	46.45945945945946	44.57142857142858	46.170212765957444	45.02454991816694	41.74107142857143	42.362637362637365
NM_001182760.1	409	392.0	395.06535947712416	389.13978494623655	394.77157360406096	411.14197530864203	392.4757281553398
NM_001182762.1	183	175.86363636363637	165.91304347826087	178.65168539325845	165.82403433476395	180.05960264900662	167.36842105263156
NM_001182763.1	55	39.857142857142854	40.34673366834171	45.92592592592593	41.976653696498055	43.19101123595505	46.08108108108108
NM_001182765.1	548	533.7639751552796	548.1846153846154	545.1717171717171	537.6695652173913	543.9347826086957	548.7169811320755
NM_001182766.1	1415	1419.5040983606557	1432.153846153846	1453.5168539325844	1419.3877551020407	1410.9938398357292	1430.2620967741934
NM_001182767.1	148	140.74529914529916	140.7737571863375	142.36105476673427	142.75403726708075	140.4833836858006	140.6021180030257
NM_001182768.1	1049	1043.8650306748466	1050.44608223429	1058.9285714285713	1040.9444444444443	1051.1191460055097	1045.14742014742
NM_001182769.2	308	307.6666666666667	305.19402985074623	306.421052631579	301.9746835443038	303.14606741573033	304.780487804878
NM_001182770.1	196	179.92105263157896	183.19526627218937	176.35443037974684	181.22926829268295	192.23529411764704	182.20338983050848
NM_001182771.1	198	197.68586387434556	203.40845070422537	196.40909090909093	208.59036144578315	203.32584269662922	190.11111111111111
NM_001182772.1	456	461.2881355932204	453.873417721519	443.36842105263156	457.4117647058824	447.70909090909083	432.0
NM_001182773.1	948	943.2849364791288	942.6918408631153	946.5978260869565	934.9349112426036	941.1640866873064	940.9763779527559
NM_001182774.1	305	337.2	298.5625	294.13084112149534	309.3838383838384	309.7386363636364	298.936170212766
NM_001182775.1	439	419.0686274509804	428.38709677419354	444.6428571428571	438.27102803738313	421.14814814814815	435.40983606557376
NM_001182776.1	206	198.54545454545456	199.2784810126582	204.75	197.48936170212764	204.32075471698113	187.2
NM_001182777.1	360	389.05263157894734	372.18461538461537	389.45454545454544	365.21739130434787	353.3793103448276	365.64705882352945
NM_001182779.1	379	368.023097826087	366.28177966101697	357.84000000000003	367.49482401656314	369.79166666666663	363.125
NM_001182780.1	910	899.5612244897959	891.9864864864865	905.688888888889	892.006779661017	890.1018518518518	901.0169491525425
NM_001182781.1	310	308.88	318.37735849056605	338.6842105263158	317.77777777777777	299.0	297.44000000000005
NM_001182782.1	971	956.1057692307692	970.9746835443037	959.4605263157895	959.8319783197833	967.7372262773723	960.6586538461539
NM_001182783.1	368	355.2648383135489	356.8882833787466	356.52479598242314	356.02417871222076	355.1401451702959	359.8998555609051
NM_001182784.1	727	705.6730038022814	721.5488126649077	714.3387096774194	720.4166666666667	725.6166219839142	727.4521739130436
NM_001182785.1	617	636.925925925926	623.5970515970516	604.2417061611375	615.8076923076924	606.2267657992564	631.8852459016393
NM_001182788.1	299	287.03125	306.42857142857144	296.15384615384613	296.76258992805754	305.7835820895522	284.0659340659341
NM_001182789.1	575	601.6020408163265	572.1923076923076	584.3939393939394	567.2058823529412	583.4117647058824	576.828125
NM_001182790.1	508	484.0	484.0	484.0	484.00000000000006	488.9896907216495	504.5957446808511
NM_001182791.1	597	573.0	614.3505154639175	573.0	605.7428571428571	592.7586206896551	588.9166666666667
NM_001182792.1	510	507.9375	525.6734693877552	524.88	502.9650924024641	510.3579952267303	513.6398104265403
NM_001182793.1	81	95.55882352941177	79.68932038834951	90.13953488372093	76.41758241758241	77.11764705882354	74.27272727272728
NM_001182794.1	964	947.4015748031496	998.2300884955752	977.6	986.2295081967213	996.4	955.6666666666667
NM_001182795.1	966	973.4	969.8881578947369	976.4634146341464	962.7032967032966	961.6933797909408	947.7439024390244
NM_001182796.1	369	395.4230769230769	389.4059405940594	381.1428571428571	401.94174757281553	386.4754098360656	395.12820512820514
NM_001182797.1	500	494.8091603053435	492.66520787746174	490.76248108925876	490.66086374288585	498.8293051359517	489.9804195804196
NM_001182799.1	581	596.7857142857142	568.8151515151516	573.6766467065868	598.6149425287356	579.4295302013422	601.3068181818182
NM_001182800.1	133	122.48829431438126	125.0904761904762	117.02713178294573	129.00265957446808	121.45714285714286	123.45918367346938
NM_001182802.1	368	422.62857142857143	355.66101694915255	374.3529411764706	382.22222222222223	448.0	355.86206896551727
NM_001182804.1	192	180.3302752293578	182.45962732919256	186.72878535773708	175.2600454890068	179.2	180.65060240963854
NM_001182805.1	553	555.7587548638132	557.4467425025854	560.8195488721805	568.6750000000001	565.0052356020942	545.1280487804878
NM_001182806.1	527	523.0341394025604	515.9233239662785	529.9152189020152	515.1515373352855	518.9005397070163	519.8176291793313
NM_001182807.1	145	136.47137404580153	142.9233449477352	145.3546325878594	144.49810844892812	141.58856345885636	139.6153846153846
NM_001182809.1	505	507.67590987868283	512.7809948032666	507.9467787114846	501.5920840064621	509.0337423312883	509.5742574257426
NM_001182810.1	685	701.1417004048583	688.4653739612188	706.951871657754	687.6174496644295	681.097972972973	693.3566433566434
NM_001182811.1	845	855.6901408450703	831.5594855305467	841.9171974522293	855.6596306068602	833.0029239766083	846.4968944099379
NM_001182812.1	343	319.43557983029353	319.4867339154022	319.835606539608	319.7654141137152	319.8657357149906	319.65397985560213
NM_001182814.1	1225	1206.0041666666668	1229.0116618075801	1214.2707182320441	1221.8506944444446	1208.859947643979	1214.9651162790697
NM_001182815.1	384	393.62790697674416	388.22056631892696	377.29064039408865	380.0433839479393	377.55102040816325	373.50301406563966
NM_001182818.1	554	545.3560256219275	545.058926487748	542.5852636480038	541.4453886333515	544.5742542413766	543.2518717332956
NM_001182819.1	1084	1087.8516228748067	1088.8319999999999	1086.9084315503173	1086.5098917506532	1095.1176983435048	1082.6603325415679
NM_001182820.1	807	808.4475	802.8533175355451	810.0	795.605700712589	802.0867346938776	805.0333507034914
NM_001182821.1	312	301.6551724137931	310.85714285714283	297.6536312849162	309.1591836734694	314.6476868327402	302.3204419889503
NM_001182822.1	224	215.1685393258427	204.62184873949582	209.21658986175115	208.08823529411762	209.34182590233544	209.009009009009
NM_001182823.1	268	275.48387096774195	267.67164179104475	270.0880503144654	267.0188679245283	281.3469387755102	266.69767441860466
NM_001182824.1	637	654.7954545454546	662.7868020304569	630.0277777777777	648.1057268722467	629.3031914893617	643.9595959595958
NM_001182825.1	229	248.47651006711408	239.34224049331965	243.02103250478012	224.207530647986	231.31469979296068	247.9256360078278
NM_001182826.1	344	346.69412976313083	338.44734819369717	353.4159292035398	343.67864693446086	342.68948655256725	343.66998577524896
NM_001182831.3	355	346.49104204753195	345.144476744186	344.51020408163265	347.11439876139684	348.28797299697993	345.9806034482759
NM_001182832.1	547	538.8202846975089	532.5564784053156	546.5056179775281	537.5547309833024	539.8911483253588	549.6718403547671
NM_001182834.3	100	88.18867924528303	84.63636363636364	81.24137931034483	81.61739130434783	84.2409638554217	84.65822784810126
NM_001182840.1	381	382.5	381.8696629213483	375.7191011235955	370.45054945054943	375.12890625	366.986013986014
NM_001182841.3	317	318.3761026463512	316.5463383020091	321.1796060254925	310.9502233567326	312.5633154259401	310.33727810650885
NM_001182842.3	279	261.98630136986304	271.5853658536585	284.2622950819672	263.2258064516129	254.99999999999997	295.5681818181818
NM_001182843.1	449	441.38817480719797	437.0567375886525	435.663082437276	443.81287726358147	449.5192307692308	440.81395348837214
NM_001182844.1	366	356.05479452054794	362.46882793017454	357.54545454545456	368.9166666666667	364.7368421052631	364.0645161290322
NM_001182845.3	298	295.22535211267603	280.71568627450984	285.2295081967213	292.4559585492228	290.2043010752688	292.0943396226415
NM_001182846.1	347	339.9115125535824	342.988539995416	348.5040924410207	340.2770890725436	344.1960572508777	340.76894865525674
NM_001182847.2	671	700.2823529411766	686.1209302325581	681.310606060606	664.5656108597286	683.8756476683938	668.9322033898305
NM_001182849.3	236	226.77003666841279	229.13584426576386	229.7132805628848	225.45274527452744	225.84192439862545	228.8849557522124
NM_001182850.1	439	420.68493150684935	438.7142857142857	438.49056603773585	430.5140186915888	424.2222222222222	453.6046511627907
NM_001182853.3	1039	1015.0	1014.9999999999999	1015.0	1014.9999999999999	1015.0	1015.0
NM_001182854.1	70	62.72727272727273	62.813793103448276	70.8157894736842	56.18791946308725	60.70491803278689	56.79012345679012
NM_001182855.1	448	441.9104976997072	441.5065458207452	437.596756358275	444.45456089689145	449.87598116169545	447.15065722952477
NM_001182859.1	633	672.6268656716418	624.8869565217392	629.3000000000001	623.1627906976745	632.8823529411765	641.625
NM_001182860.1	701	699.3432343234324	691.1409921671018	680.1488372093023	696.8630806845966	693.6021798365124	687.4153846153846
NM_001182861.3	485	465.7040816326531	484.05	472.8814432989691	478.9902439024391	471.2192118226601	470.3604060913706
NM_001182862.1	960	944.9426751592357	944.1627906976744	936.0	948.2193211488251	952.3731778425656	945.4070351758794
NM_001182864.3	318	328.5882352941176	322.5833333333333	310.3333333333333	324.41379310344826	299.54716981132077	294.0
NM_001182865.1	479	477.2444444444444	484.18867924528297	500.7861635220126	470.59999999999997	466.8401486988848	468.1502890173411
NM_001182866.1	673	651.1209150326797	658.6148148148147	657.0123456790124	656.6173708920187	649.0	656.2111111111112
NM_001182869.1	98	83.85795566019227	83.41244050549811	87.63295615275813	85.28240287300032	84.40603204524034	91.78846153846155
NM_001182870.1	131	115.75258769407705	117.01336898395722	115.83297232250301	117.02901457414093	117.71669740388708	115.39276410998554
NM_001182871.3	276	262.86206896551727	270.11764705882354	272.71232876712327	270.72972972972974	262.5	261.94736842105266
NM_001182874.1	384	376.875	375.51724137931035	373.05699481865287	378.64541832669323	378.8059701492537	386.15384615384613
NM_001182875.3	216	205.82825484764544	213.33333333333334	217.53191489361703	205.1908396946565	205.19349005424954	203.63636363636363
NM_001182876.1	355	336.25396825396825	335.72857142857146	336.5810635538262	336.2142407057341	337.11345646437996	337.12207151664614
NM_001182877.1	224	215.68627450980392	218.82352941176472	212.7659574468085	209.41176470588235	207.69230769230768	209.52380952380952
NM_001182878.3	589	573.0427046263345	575.1194029850745	570.7948717948718	574.1550925925926	590.6818181818181	568.5093167701863
NM_001182879.3	451	442.03521126760563	438.67578125	436.4191176470588	430.9537037037037	435.89583333333337	427.0
NM_001182880.1	834	820.3846153846154	817.4826789838337	835.3125	813.8028169014085	828.1005586592179	850.054945054945
NM_001182883.1	171	164.08098591549296	158.3724928366762	162.05119453924914	160.76255088195387	159.36827586206897	156.06164383561645
NM_001182884.1	666	648.4486607142858	649.3858407079646	654.0224719101124	650.8281130634072	654.9915682967959	644.8116788321167
NM_001182885.3	167	143.0	152.22580645161293	157.29999999999998	143.0	151.41176470588235	143.0
NM_001182886.3	651	637.7179487179487	641.3587786259542	635.0384615384615	636.1532846715328	659.2457142857143	644.661971830986
NM_001182887.1	543	548.5921052631579	534.679758308157	533.2191780821918	537.0094637223975	538.0936454849498	530.5333333333333
NM_001182888.1	871	869.380081300813	870.7607260726072	879.0630914826498	872.4354354354355	868.9288025889967	881.0897832817337
NM_001182889.3	265	256.3829787234043	252.13865546218486	261.0833333333333	257.3945578231292	259.3619047619047	253.58955223880596
NM_001182890.1	398	397.21379310344827	403.91999999999996	404.53061224489795	403.771144278607	386.26229508196724	397.08641975308643
NM_001182891.1	148	148.18	148.24269662921347	145.91919191919192	141.83561643835617	139.9189189189189	135.53488372093025
NM_001182892.3	484	479.6581196581197	478.0392156862745	475.86206896551727	475.6462585034013	465.60975609756093	470.4545454545455
NM_001182893.3	1160	1168.8086642599278	1138.711217183771	1175.859649122807	1148.059447983015	1145.33698630137	1162.625
NM_001182894.1	278	270.76221901422974	269.0219528178244	266.1872931833223	267.41199478487613	269.3926473056908	266.2493175614195
NM_001182895.3	192	196.00000000000003	184.9208633093525	189.0	174.1764705882353	188.83720930232556	179.45454545454544
NM_001182897.1	311	296.82129277566537	303.2016129032258	303.4427083333333	302.64360587002096	304.744623655914	303.1515151515151
NM_001182898.1	750	766.8264058679707	739.4133949191686	750.3805970149253	751.5918367346939	753.2450331125827	747.7528089887641
NM_001182899.3	613	597.3233582709893	596.1877966101695	600.8391959798995	595.6620093147039	594.9218870843	598.0965250965252
NM_001182900.3	473	462.53368794326246	467.1350974930362	461.5355329949239	462.657794676806	456.90029325513194	457.55238095238093
NM_001182901.1	309	342.00000000000006	336.3	294.82758620689657	313.0985915492958	337.3469387755102	352.8571428571429
NM_001182902.1	404	398.0271552429249	398.1877968578736	404.64099378881986	396.5420207743154	398.25291362596664	402.0760358821017
NM_001182903.3	581	585.6691176470588	600.0828729281768	630.8877551020408	578.0188679245283	584.2657342657343	614.2616822429907
NM_001182904.1	415	407.7195286195286	408.43527042577676	410.01519756838906	402.0059259259259	401.5892490767337	404.30120481927713
NM_001182905.1	186	167.9592351742211	169.39179199592147	170.3236820083682	169.69150386188096	168.92473352186207	171.02619542619544
NM_001182906.3	857	855.2876254180602	857.8319783197833	848.8666666666667	848.9171974522293	849.5496688741721	857.8656716417911
NM_001182907.1	193	184.96491228070175	185.4249378197006	192.73035104069587	182.85626366919283	184.49457170774076	187.9106109324759
NM_001182908.1	55	50.03508771929824	49.88741721854304	54.09803921568627	51.03562340966921	53.41538461538462	58.71212121212122
NM_001182909.3	477	475.482717872969	475.92554744525546	473.4553151458137	473.8180147058823	476.04760487950017	466.7004878048781
NM_001182910.1	302	304.7307692307692	297.7396449704142	295.1958762886598	289.4051282051282	291.6441717791411	293.44444444444446
NM_001182911.1	571	580.1515151515152	593.6434108527131	582.8688524590165	575.7894736842105	578.3852459016393	561.986301369863
NM_001182912.3	447	432.577358490566	431.28058727569334	436.45229681978805	438.57055214723925	450.68727272727267	431.8918918918919
NM_001182913.3	285	276.5049504950495	280.91044776119406	271.0736842105263	274.36747759282974	278.1566433566434	276.3529411764706
NM_001182914.1	579	573.655462184874	581.9090909090909	602.741935483871	574.3283582089551	590.3503184713376	598.6516853932584
NM_001182915.1	523	521.2767857142858	515.9727891156463	535.9629629629629	514.9680000000001	514.2755102040816	541.2881355932203
NM_001182916.3	402	416.13157894736844	413.0721649484536	411.88965517241377	399.85714285714283	396.90000000000003	405.6585365853659
NM_001182917.1	194	182.26698737221886	185.3795233892321	182.8761514841351	178.23629409264768	180.18229166666666	182.0613614573346
NM_001182918.1	361	354.92553191489355	351.75912408759126	362.14925373134326	358.0625	357.8453608247423	348.04918032786884
NM_001182919.3	138	126.51219512195122	131.33640552995394	131.30357142857144	127.02857142857144	139.10091743119267	132.15929203539824
NM_001182920.3	868	847.9255813953489	863.4022988505748	862.8955223880597	846.8227424749164	864.5853658536586	860.88
NM_001182921.1	489	494.43037974683546	520.0657894736842	475.8139534883721	527.5961538461538	496.34831460674155	509.71153846153845
NM_001182922.1	344	334.819897084048	333.0693069306931	335.27851458885937	333.9130434782609	333.1118493909192	339.016393442623
NM_001182923.3	825	824.7493261455526	826.7813540510543	828.6981308411215	824.6693245778612	819.4784353059179	833.04
NM_001182925.1	1173	1194.6626617375232	1184.487302676733	1201.9841897233202	1190.0016597510373	1182.5558912386707	1179.131118881119
NM_001182926.3	1423	1411.9537037037037	1424.6610054347825	1423.5438596491229	1415.6853211009175	1429.3470715835142	1424.5758683729432
NM_001182928.3	187	188.4393063583815	186.2857142857143	174.74774774774775	179.7570093457944	175.8684210526316	187.02105263157895
NM_001182929.1	1235	1242.2699530516431	1236.6296296296298	1235.859237536657	1230.8850574712642	1257.8952164009113	1243.9844357976654
NM_001182932.1	582	597.8571428571429	570.2637362637362	558.0	558.0	577.6941176470589	558.0
NM_001182933.1	637	663.2459016393443	678.0670391061452	656.7857142857143	639.6521739130435	640.5064102564103	672.3225806451613
NM_001182934.3	185	169.17941055234954	170.6065174219173	170.37494628276752	168.47856865787432	171.07463013698631	169.17400737687134
NM_001182935.3	325	328.6428571428571	340.9285714285714	326.0833333333333	327.75555555555553	325.4054054054054	323.0243902439024
NM_001182936.1	317	304.10590858416947	310.9912280701754	303.17361111111114	307.3029432878679	304.82511210762334	303.9922380336352
NM_001182937.3	233	233.07834101382488	217.73633440514467	220.68322981366458	221.7439024390244	218.21016949152545	221.97241379310344
NM_001182938.1	229	220.50420168067228	230.05555555555554	218.5377358490566	231.90045248868776	223.96475770925107	216.66666666666669
NM_001182939.1	708	694.009756097561	698.0740740740741	740.0655737704918	706.8000000000001	708.4285714285714	706.6490066225166
NM_001182940.3	1463	1453.3720349563048	1454.3828960155492	1461.9453302961276	1447.7287694974002	1450.864546525324	1453.6239837398375
NM_001182941.3	667	668.72	660.3783783783784	663.6089743589743	654.6555891238671	667.7307692307693	659.0749999999999
NM_001182942.1	614	594.3307426597582	598.2154635397582	607.0896551724138	596.214986832655	597.842535787321	601.2616387337058
NM_001182944.1	1178	1154.0	1188.345238095238	1175.3703703703704	1154.0	1181.9757575757578	1176.851485148515
NM_001182945.3	221	215.24074074074076	215.61417322834643	205.82089552238804	215.76190476190476	212.69026548672565	205.09589041095893
NM_001182946.1	265	251.08368200836819	257.6370808678501	252.62379421221863	258.5121107266436	255.98223801065717	253.55208333333334
NM_001182948.1	215	200.10879284649778	202.00808897876644	210.64332603938732	200.51827242524917	207.87776141384387	208.92225201072387
NM_001182949.3	115	104.4225	107.11004784688996	108.08429118773947	104.06018518518518	103.79310344827586	103.20731707317073
NM_001182950.3	541	533.7602934216753	530.6732611411911	530.9673387096775	531.236231884058	529.0438127805087	532.2240350179069
NM_001182951.1	137	131.0723905723906	131.3462643678161	141.40782122905028	127.34664764621968	129.4493670886076	138.1516129032258
NM_001182953.1	639	628.3116883116884	636.7314487632509	649.6478873239437	631.2698412698413	640.1020408163265	632.7745664739884
NM_001182954.3	517	515.409090909091	502.1296296296296	512.5894039735099	508.47533632286996	507.78999999999996	505.7720207253886
NM_001182956.1	965	980.8626444159179	957.9308712121212	959.4509803921569	959.6478658536585	965.062100456621	967.3542009884678
NM_001182957.3	488	498.8872180451128	484.71428571428567	520.5853658536586	464.0	0.0	0.0
NM_001182959.3	612	608.3342939481267	604.078125	608.8405063291139	600.2057761732851	598.965034965035	609.5729068673566
NM_001182960.1	110	96.15748031496064	99.0	97.3157894736842	95.00523560209425	97.0967741935484	95.65306122448979
NM_001182961.1	992	1020.6165301563663	994.8254716981132	999.4891566265061	992.5985882352941	993.6250675310642	995.2932330827068
NM_001182962.3	487	490.42508710801394	480.0906040268456	476.22857142857146	480.4305882352941	477.38700564971754	482.74881516587675
NM_001182963.1	668	644.0	653.4705882352941	655.2982456140351	665.3245033112584	672.0	673.953488372093
NM_001182964.1	841	837.4250000000001	836.452380952381	851.9145299145298	838.5	845.6666666666666	848.0253164556962
NM_001182965.3	948	945.6140350877192	954.0837209302325	941.2710280373831	943.1701244813278	955.7058823529412	923.9999999999999
NM_001182967.1	235	246.448	242.96969696969697	230.18181818181816	239.87368421052633	239.04430379746836	246.56179775280896
NM_001182968.3	388	379.5923190546529	380.2570806100218	380.38356164383566	377.2	377.8387096774194	377.42299349240784
NM_001182969.1	147	138.62432432432433	136.7294812869337	139.00156739811914	136.78319123020705	141.63636363636363	141.37745740498033
NM_001182970.1	1051	1056.0758341759351	1048.1056309083435	1047.7797665369649	1045.359776536313	1048.211703958692	1048.3445243804956
NM_001182971.3	168	172.327868852459	166.44155844155844	161.28	158.89655172413794	158.0487804878049	155.51999999999998
NM_001182972.3	371	361.6490765171504	362.09393799167054	357.0216606498195	366.0786404531823	362.6128010139417	359.420154185022
NM_001182973.1	109	97.83484573502722	99.56585845347313	107.93272599859846	102.1025550035486	100.62657091561938	107.83679753656659
NM_001182974.1	420	430.65000000000003	445.5	409.2	422.9126213592233	450.2465753424658	430.13793103448273
NM_001182975.3	481	480.6859756097561	469.0527472527472	477.8675799086758	477.90228690228685	467.9855769230769	464.522633744856
NM_001182976.1	521	511.2617391304348	508.43279658232007	509.70480827754113	514.4840390879478	512.6188557614827	505.5161069225497
NM_001182977.3	1592	1587.1219512195123	1598.8661417322833	1589.899441340782	1586.3606557377052	1595.3978494623655	1592.3100775193798
NM_001182979.1	342	330.1058495821727	332.6807511737089	331.35702746365104	338.4	331.60427807486633	332.2836879432624
NM_001182983.1	33	27.658536585365855	24.697127937336813	27.75974025974026	19.538860103626945	25.43617021276596	28.208955223880597
NM_001182985.1	110	99.38922155688624	97.24183006535948	99.36974789915966	95.41473684210526	102.24444444444444	102.125
NM_001182986.1	249	233.33333333333334	243.49315068493152	238.5	246.42857142857142	231.08108108108107	250.71428571428572
NM_001182987.1	124	116.19318181818183	114.82300884955752	118.0722891566265	115.39735099337749	118.7719298245614	117.0391061452514
NM_001182989.3	246	242.93142857142857	233.9098712446352	244.74146341463415	232.78145695364242	231.24999999999997	240.5860465116279
NM_001182990.1	404	405.1239669421488	405.16556291390725	398.5365853658536	398.6503067484662	392.5	389.04761904761904
NM_001182991.1	124	119.47565543071161	112.83422459893048	115.84699453551912	113.1233595800525	115.17615176151762	113.8728323699422
NM_001182992.1	541	536.2014856081707	533.3302225412777	538.0575842696629	535.8136826783115	536.7608888888889	529.4278846153846
NM_001182993.1	269	250.13473053892218	257.05816554809843	254.1078066914498	249.17021276595744	254.18228279386713	253.66559485530547
NM_001182994.3	294	295.65000000000003	277.3828125	283.06451612903226	285.4026845637584	280.22727272727275	278.7804878048781
NM_001182995.1	163	152.9	151.788	159.85000000000002	153.79847908745245	149.37313432835822	154.57758620689654
NM_001182996.1	193	193.98260869565217	195.20155038759688	184.36363636363637	190.125	182.73983739837396	194.037037037037
NM_001182997.1	284	282.71844660194176	290.1449275362319	311.3157894736842	273.8461538461538	285.80152671755724	293.01587301587307
NM_001182998.1	349	342.77899343544857	347.19789842381783	357.9599056603774	339.4153225806452	346.2616822429907	352.3109243697479
NM_001182999.3	751	754.4035476718403	741.9639794168096	770.8706896551724	739.0275735294117	752.2430555555555	759.1681415929204
NM_001183000.1	101	92.04654352596928	90.16331178372025	90.4217844727694	88.37967093235831	87.97132382892057	90.40446827524575
NM_001183001.1	1105	1101.1542372881356	1105.3263009845289	1094.2097759674134	1108.6213704994193	1112.5830013280213	1111.8179824561405
NM_001183002.1	346	351.27272727272725	332.59210526315786	343.11475409836066	332.38709677419354	331.8320610687023	346.15000000000003
NM_001183003.3	401	395.6172839506173	412.06976744186045	384.11320754716985	389.56666666666666	380.88659793814435	394.95238095238096
NM_001183004.1	443	439.10556621881	432.5787037037037	435.2543103448276	434.06033376123236	432.9666666666667	428.7159420289855
NM_001183005.1	642	632.2890173410404	635.048275862069	642.969696969697	620.0531561461794	637.1134020618557	622.944
NM_001183006.1	254	243.1208053691275	258.1894150417827	248.61904761904765	258.00738007380073	262.85714285714283	239.92805755395685
NM_001183007.1	495	487.8214285714286	477.96745562130184	481.8275862068966	476.23333333333335	481.2391304347826	484.5539568345324
NM_001183010.4	1743	1778.2758620689656	1777.0743243243244	1760.421686746988	1718.9999999999998	1753.6107382550335	1777.6022727272727
NM_001183011.1	361	386.0181818181818	364.08035714285717	389.2480620155038	370.93135011441643	363.96000000000004	365.37894736842105
NM_001183013.2	398	392.28044871794873	387.34071340713405	389.72667542706967	387.86301369863014	386.7690925426774	384.4917491749175
NM_001183014.2	631	627.7876712328767	619.3877551020408	637.35	627.0424528301886	631.4977578475336	644.9375
NM_001183015.2	304	299.55555555555554	294.1057934508816	318.84393063583815	290.7936507936508	291.1363636363636	296.96969696969694
NM_001183016.3	235	231.86839790415726	230.52729098506688	232.44718683651806	225.97163899019228	227.86808573869757	233.48385049365302
NM_001183018.1	326	314.5833333333333	323.4811715481171	313.76623376623377	324.453531598513	321.59541984732823	334.99159663865544
NM_001183019.2	402	397.96039603960395	393.547557840617	389.93684210526317	386.4416873449132	394.9615384615385	384.5739130434782
NM_001183020.1	550	545.7120315581853	543.858024691358	551.7983651226158	537.1368078175896	546.627450980392	535.7708978328174
NM_001183021.1	785	778.361216730038	776.9790026246719	782.0220994475138	795.1064425770307	794.4222972972973	814.7176470588236
NM_001183023.1	153	147.85384615384615	141.5314285714286	135.37037037037038	140.0121951219512	137.29285714285714	143.6590909090909
NM_001183024.2	787	786.3571428571429	784.8	783.463601532567	780.1312607944732	784.3213572854291	798.679856115108
NM_001183026.1	428	404.0	418.780487804878	404.0	430.6373626373626	426.7605633802817	413.6190476190476
NM_001183027.1	537	525.6980198019802	528.4891304347826	523.5061439438268	527.3061971830986	525.8450704225352	518.9547301218805
NM_001183028.1	199	187.5849377123443	187.8330582409809	191.43313667649952	184.70454545454544	185.27231467473524	194.92138364779873
NM_001183029.1	352	362.52631578947364	354.5050505050505	357.0265486725664	356.77192982456137	350.1434599156118	358.12244897959187
NM_001183030.2	1126	1126.5616641901931	1131.0000000000002	1117.4485981308412	1128.338432122371	1132.611111111111	1122.158536585366
NM_001183031.2	553	539.7229729729729	552.0	533.9905660377359	544.5588235294118	549.8815789473684	554.6796116504854
NM_001183035.1	656	647.4415357766144	662.625550660793	658.2603878116344	645.6994219653179	651.4794520547945	646.5526315789474
NM_001183037.1	529	515.2226720647773	533.5215946843854	548.2857142857142	520.3030303030303	520.3030303030303	516.812865497076
NM_001183038.1	241	231.46666666666667	249.9620253164557	234.71428571428572	234.06741573033707	233.69230769230768	246.7843137254902
NM_001183039.1	853	884.6198083067093	849.4972527472528	850.4766839378239	886.2455242966752	836.1260744985673	851.6502732240438
NM_001183044.1	450	455.6582278481012	447.3	459.929203539823	447.9761904761905	457.63366336633663	461.1743119266056
NM_001183045.1	420	412.56	412.6542056074767	418.45360824742266	418.77647058823527	408.4992826398852	413.1181556195965
NM_001183046.1	194	185.2615933412604	184.19587628865978	181.41403865717191	183.25	186.65924276169267	185.95991561181435
NM_001183047.1	608	611.8354206655391	608.6763142628682	616.9850551413749	600.3551112003065	608.2319593024473	609.1856039713182
NM_001183050.1	777	770.25625	773.0097902097901	769.1935483870967	762.9471598414796	759.897709923664	766.6201550387597
NM_001183052.1	194	178.94736842105266	195.6164383561644	176.53846153846152	173.8202247191011	176.53846153846155	204.00000000000003
NM_001183053.1	315	311.8923076923077	336.8884615384615	312.2926829268293	304.85714285714283	307.95145631067965	305.34507042253523
NM_001183054.1	822	821.8717948717949	817.2972972972973	826.9014084507041	810.5939741750358	824.0305810397554	815.7941680960549
NM_001183055.1	321	332.18466898954705	335.7391304347826	314.05263157894734	338.25	323.5360824742268	311.9329608938547
NM_001183056.1	582	624.0	572.7814569536423	593.4285714285714	574.6071428571428	566.0869565217391	611.1428571428572
NM_001183057.1	550	562.719022687609	555.8955453149001	532.575	557.5115207373271	549.1302931596091	539.3164556962025
NM_001183058.1	428	416.6794821498627	417.01871101871103	414.98001598721027	418.6305538648813	416.16867469879514	417.76545166402536
NM_001183059.1	870	859.1775700934579	861.3419689119172	893.4392523364487	873.4166666666667	862.9624060150376	858.4411764705883
NM_001183060.1	201	185.0	186.65454545454543	184.86666666666667	182.41836734693877	185.37162162162164	182.05714285714285
NM_001183061.1	489	465.0	505.7894736842106	526.1842105263157	477.40000000000003	489.9107142857143	554.4230769230769
NM_001183062.1	762	745.9354838709677	755.1059602649007	751.8375	750.7241379310344	750.0588235294118	757.2941176470589
NM_001183063.1	576	557.8723404255319	586.1123595505618	610.1052631578947	574.2281879194632	585.4545454545454	559.8857142857142
NM_001183065.1	585	565.0071428571429	582.0375	579.6999999999999	563.75	566.2186046511628	571.7884615384615
NM_001183067.1	349	351.42276422764223	333.8636363636364	343.9935064935065	334.009900990099	336.6906474820144	344.11764705882354
NM_001183069.1	346	341.2345132743363	333.5871212121212	338.04651162790697	334.43776824034336	336.168	338.83660130718954
NM_001183070.1	287	287.7060606060606	280.110843373494	280.9063829787234	278.9696394686907	285.4080717488789	286.82578397212546
NM_001183071.1	887	888.3823529411765	883.695443645084	899.1736526946107	873.1768867924528	868.2944785276073	873.5243902439024
NM_001183074.1	969	981.0687022900763	964.3421052631579	977.2159090909091	955.893371757925	970.3880597014927	949.7727272727273
NM_001183076.1	809	852.1657754010696	820.9791666666667	843.6307053941908	818.2627118644068	807.164705882353	825.7792207792209
NM_001183077.1	449	438.56960408684546	436.99059561128524	432.91925465838506	435.87209302325584	445.34282018111253	440.5251141552512
NM_001183078.1	486	486.80536912751677	480.2368421052631	479.11111111111114	470.25	473.15172413793107	490.875
NM_001183079.1	500	493.0258751902588	499.8984051978736	493.6477857878476	491.5869017632242	495.022706630336	494.10006671114076
NM_001183080.1	1587	1574.0851063829787	1578.787878787879	1624.294117647059	1583.9330357142856	1570.815	1590.182608695652
NM_001183081.2	963	957.7051792828686	952.188202247191	954.6663190823775	962.0723226703755	956.2386609071274	953.0395778364116
NM_001183082.1	103	95.36825645035184	93.01612903225806	94.33127317676144	91.35496430889033	92.85104732350659	97.90491283676704
NM_001183083.1	174	159.7826086956522	171.42857142857142	165.95744680851064	171.5909090909091	170.96774193548387	165.78947368421055
NM_001183084.1	259	269.0131578947368	264.375	266.94174757281553	261.62109375	260.73809523809524	247.36842105263156
NM_001183085.1	762	791.9421686746988	786.1753186198322	801.0843091334895	790.342032545287	808.976482976483	817.4435294117648
NM_001183086.1	410	397.89820788530466	402.1796407185629	397.55432372505544	392.8389786347056	397.6503416856492	397.99785637727757
NM_001183088.1	1307	1360.757575757576	1333.6447368421052	1397.8955223880596	1299.240506329114	1338.0981595092026	1314.2926829268295
NM_001183089.1	570	581.3949579831933	572.0994263862333	564.8275862068965	564.7325933400605	566.0422691879867	564.2405345211582
NM_001183090.1	276	259.6829268292683	264.9230769230769	265.8715596330275	259.53846153846155	254.135593220339	266.6086956521739
NM_001183091.1	417	406.09999999999997	401.4214285714285	411.27906976744185	418.16748768472905	406.551724137931	413.90425531914894
NM_001183092.1	396	384.6101694915254	372.0	401.36842105263156	387.0810810810811	392.6666666666667	378.6428571428571
NM_001183093.1	148	138.9751121991024	140.00567375886524	140.69606299212597	135.0482180293501	136.5225027442371	136.93128536782538
NM_001183094.1	819	826.7154255319149	820.1052631578948	804.6558704453441	809.8598130841121	805.9332023575639	808.6676217765043
NM_001183095.1	1224	1232.4324324324325	1215.4838709677417	1251.063829787234	1242.6395939086294	1257.5342465753424	1213.793103448276
NM_001183096.1	749	753.2467532467532	749.5384615384615	738.5514018691589	746.6417910447761	741.3183279742765	737.2191011235955
NM_001183097.1	68	56.0	55.11827956989247	52.949152542372886	55.12087912087912	56.189189189189186	54.666666666666664
NM_001183098.2	157	152.36893203883494	143.4724409448819	139.04545454545456	155.46621621621622	148.75	149.88888888888889
NM_001183099.1	474	478.89908256880733	476.2987012987013	473.3766233766234	456.2068965517241	467.7631578947368	450.00000000000006
NM_001183100.1	2217	2211.6162988115448	2241.46408839779	2223.7429906542056	2219.421686746988	2219.501510574018	2218.279538904899
NM_001183101.1	309	320.75454545454545	305.2127659574468	305.790273556231	307.3170731707317	308.225138121547	305.41322314049586
NM_001183102.1	345	349.3235294117647	343.7982954545455	346.30049261083747	338.12	338.22439024390246	347.14479638009055
NM_001183103.1	293	287.34090909090907	286.93333333333334	291.41666666666663	305.61780104712045	297.6170212765957	293.23423423423424
NM_001183105.1	1061	1048.6082089552237	1050.5026041666665	1079.9844559585492	1064.1595238095238	1076.9944903581268	1102.5574712643677
NM_001183106.1	606	588.7024952015355	595.8048517520216	594.6897918731418	604.3405511811023	598.8305378831694	595.9234449760766
NM_001183109.2	1948	1943.049504950495	1944.8806201550387	1929.938271604938	1936.0551378446116	1944.2526315789476	1929.4044943820224
NM_001183110.1	754	771.3917525773196	776.3492063492063	758.6274509803922	751.8272425249169	752.2173913043479	747.950819672131
NM_001183111.1	1233	1231.527950310559	1233.8765432098764	1228.6585365853657	1209.0	1227.318181818182	1249.6386554621847
NM_001183112.1	345	334.4873949579832	352.06451612903226	333.11320754716985	334.2371134020619	339.2386363636364	340.1071428571429
NM_001183113.1	571	553.4352941176471	566.1929824561404	570.112676056338	555.0441176470588	555.8943089430894	570.112676056338
NM_001183116.1	1055	1051.70281124498	1055.9184290030212	1051.8986486486488	1038.4710144927535	1054.3257918552035	1071.5905511811025
NM_001183118.1	433	433.6810344827586	423.2306701030928	432.5175	425.815649867374	429.02522255192883	446.28774928774925
NM_001183119.1	148	142.3002544529262	145.80645161290323	136.95164410058027	141.26582278481013	141.71428571428572	136.4
NM_001183120.1	190	184.0	184.21951219512195	172.26415094339623	188.73972602739727	176.64102564102564	184.44444444444446
NM_001183121.1	498	485.2857142857143	495.1449814126394	498.9473684210526	485.1792452830189	484.98069498069503	484.304347826087
NM_001183122.1	317	302.18815331010455	299.3695652173913	293.0	297.89498806682576	301.05749999999995	297.46192893401013
NM_001183124.1	280	280.61538461538464	265.3658536585366	260.1290322580645	268.8	267.6363636363636	270.22222222222223
NM_001183125.1	930	926.9024205748866	925.4725530060992	920.1890951276102	923.4435313453862	929.358200767965	921.9027081243731
NM_001183126.1	368	353.3818181818182	353.93175853018374	360.94581280788174	348.6236559139785	353.18694362017806	347.69892473118284
NM_001183127.1	274	283.0459770114943	274.7524752475247	265.38461538461536	277.77777777777777	273.49624060150376	277.77777777777777
NM_001183128.1	335	321.63947368421054	327.1367924528302	324.4051724137931	331.81040892193306	326.20444444444445	318.0912052117264
NM_001183129.1	543	543.5680473372781	551.8778280542987	540.4462809917355	547.9944134078212	540.8855421686746	570.9000000000001
NM_001183130.1	398	389.06635071090045	391.2494758909853	404.32432432432427	384.18316831683165	400.44444444444446	413.27
NM_001183131.1	628	622.1654135338347	611.7435897435897	603.9999999999999	604.0	613.9016393442622	613.5873015873016
NM_001183133.1	519	556.8749999999999	508.6551724137931	542.4657534246576	531.7905405405405	535.3333333333334	525.4615384615385
NM_001183135.1	1631	1641.5929549902155	1625.5512265512266	1653.6548387096773	1630.6008010680907	1656.2944785276075	1632.8498659517427
NM_001183136.1	837	828.9411764705882	836.4109947643979	821.5578947368421	829.046052631579	827.4809160305343	824.0863636363636
NM_001183137.1	637	628.8193548387096	624.2822085889571	626.2302158273382	635.156626506024	616.159793814433	621.948905109489
NM_001183138.1	97	98.55765199161425	97.57425742574257	94.81204819277109	94.33611691022965	96.08775137111517	93.50773195876289
NM_001183139.1	181	170.68000604047114	175.70077397350124	176.35134462151393	185.37967332123412	179.81121109861266	182.9504132231405
NM_001183140.1	139	133.7375371698443	134.05212758297932	137.03111044953857	130.6060365998574	133.32298897509187	139.19025288896333
NM_001183142.1	412	425.1489361702128	400.41599999999994	433.6470588235294	412.5052631578948	402.6415094339623	437.3818181818182
NM_001183143.1	292	275.14666666666665	286.6254826254827	282.18823529411765	276.375	279.725	280.5821596244131
NM_001183144.1	212	218.71895424836603	217.37500000000003	226.75438596491225	219.80911062906725	209.2403846153846	223.45614035087718
NM_001183145.1	370	354.7193585337915	359.74379344587885	357.4485294117647	358.2534948741845	357.2237136465324	353.04684317718943
NM_001183146.1	586	576.8298453139217	579.8929088277858	581.2637853949328	580.9777436684575	575.4578544061303	574.6903225806452
NM_001183147.1	415	406.48514851485146	396.83582089552243	405.75471698113205	398.5192307692307	404.63953488372096	405.8952380952381
NM_001183148.1	169	157.08333333333334	165.71428571428572	160.70833333333331	163.78238341968913	163.94886363636363	163.76470588235296
NM_001183149.1	758	754.5314685314686	745.3798449612402	751.4761904761906	765.68345323741	749.1862068965518	742.065934065934
NM_001183150.1	268	262.3765690376569	265.4277620396601	268.6384364820847	249.92494481236204	255.79558011049724	258.39142091152814
NM_001183151.1	899	908.0438066465257	909.252669039146	923.076923076923	918.2098765432099	910.6922126081582	914.3258426966293
NM_001183153.1	313	296.12323943661977	307.985401459854	307.2378640776699	302.4028985507246	299.96206896551723	300.76162790697674
NM_001183154.1	329	345.97014925373134	319.1390728476821	331.1428571428571	322.3834196891192	316.0621761658031	340.36231884057975
NM_001183155.1	460	441.8918918918918	448.3863636363636	451.2093023255814	438.1062801932367	458.5032258064516	440.54166666666663
NM_001183158.1	279	270.5725190839695	270.7584269662921	290.17241379310343	266.4423076923077	266.15625	270.54878048780483
NM_001183159.1	903	898.228125	904.1742243436754	900.9750000000001	894.3825	902.7567567567568	891.8634146341464
NM_001183160.1	308	305.7510879025239	313.5064935064935	320.97718120805365	317.6046176046176	305.91358024691357	302.18528610354224
NM_001183161.1	409	408.2604166666667	416.78899082568813	412.31418918918916	406.58409387222946	409.1758241758242	405.81081081081084
NM_001183163.1	874	860.2409638554218	886.9565217391305	888.6363636363636	863.2812500000001	865.1785714285713	886.9565217391304
NM_001183164.1	331	345.37500000000006	364.30666666666673	322.34999999999997	342.28735632183907	339.3157894736842	316.3030303030303
NM_001183165.2	1036	1047.15697375193	1038.867256637168	1049.1108364235683	1034.5340390582223	1037.3875432525952	1035.6817472698908
NM_001183167.1	1025	1001.0	1023.578947368421	1037.1807228915663	1007.5855263157896	1014.8068965517241	1024.2790697674418
NM_001183168.1	428	424.4404761904762	418.39643652561244	415.2669322709163	419.0871369294606	418.9938144329897	412.47552447552454
NM_001183174.1	376	375.4666666666667	374.95652173913044	375.4666666666667	365.73658536585367	385.5238095238095	356.04597701149424
NM_001183178.1	474	471.07438016528926	463.06873184898353	469.3002257336343	470.08709853021224	471.97802197802196	464.26829268292687
NM_001183180.1	312	302.4379947229551	302.4	311.89519650655023	308.2105263157895	307.5622641509434	309.26174496644296
NM_001183183.3	617	606.3258426966291	607.4282238442822	605.4188481675393	608.3872255489022	620.6151960784314	606.3258426966291
NM_001183184.3	305	291.60377358490564	300.78873239436615	281.0	307.90425531914894	296.3972602739726	281.0
NM_001183185.1	656	645.1666666666667	654.1549815498155	656.7035830618893	650.4862888482633	650.1957773512477	640.5405405405405
NM_001183186.1	244	231.07913669064746	236.55913978494624	238.33333333333334	230.99999999999997	235.0310559006211	239.01234567901236
NM_001183187.3	144	170.625	138.28571428571428	177.14285714285714	143.57142857142858	144.61538461538464	158.0487804878049
NM_001183188.1	871	897.3621621621621	869.7164750957854	899.9375	863.4466019417475	884.1195219123506	865.8222222222223
NM_001183189.1	496	495.34982332155477	498.14153846153846	513.0434782608695	492.2699386503067	499.1437699680511	489.3742331288343
NM_001183190.3	889	882.4161073825503	890.0599400599401	883.4042553191489	886.5028248587571	898.7270642201835	889.9176954732509
NM_001183192.1	379	376.6243654822335	368.99641577060936	378.1521739130435	367.7697841726619	373.75471698113205	376.4429530201342
NM_001183193.1	2228	2223.169154910286	2225.5052439342553	2223.102365893652	2223.362773808129	2227.7384476408865	2225.189938513136
NM_001183194.3	217	200.70857988165682	201.5962643678161	204.66163141993957	202.56559766763849	199.69532428355956	216.06997084548104
NM_001183195.1	219	217.75583482944344	220.80491132332878	219.18604651162792	224.80237154150197	216.50302114803625	215.91022443890276
NM_001183196.1	637	636.3523809523809	628.971464019851	625.2294264339153	631.4534336782691	633.7004357298475	629.1013133208255
NM_001183197.3	265	251.6637168141593	243.25233644859813	241.00000000000003	248.08823529411765	245.11965811965814	241.00000000000003
NM_001183198.3	399	409.09090909090907	399.1869918699187	399.8946259220231	389.9842271293375	393.6086683417086	397.08533653846155
NM_001183199.1	134	116.42857142857143	119.8876404494382	116.31147540983606	114.31372549019608	121.64021164021163	121.41509433962264
NM_001183200.1	561	562.9838709677418	542.2906403940887	547.132075471698	557.555023923445	546.1534090909091	562.0934579439252
NM_001183201.3	181	166.4578313253012	172.14912280701756	166.66153846153847	165.38931297709922	163.65254237288136	163.6338028169014
NM_001183203.1	466	454.4030612244898	468.55793991416306	465.5733333333334	461.3161953727507	459.72727272727275	456.8038277511962
NM_001183204.1	312	290.93877551020404	297.6806722689076	293.6470588235294	305.587786259542	301.9805825242719	291.7894736842105
NM_001183205.3	303	314.6170212765957	326.8576642335766	317.3625	303.1297297297297	312.48	297.77884615384613
NM_001183206.3	424	417.56097560975616	415.03759398496237	439.73509933774835	411.3207547169811	411.80327868852464	435.4430379746835
NM_001183207.1	546	543.032967032967	555.8104265402843	558.5129533678756	555.0502793296089	555.400365630713	562.9709302325582
NM_001183208.1	1574	1585.5737704918033	1581.392405063291	1574.0932642487046	1560.2649006622516	1562.5	1567.31843575419
NM_001183209.3	363	365.3666666666666	348.6857142857143	381.375	353.2436974789916	358.6115702479339	367.25
NM_001183210.1	782	767.9736842105264	778.4404494382022	780.7725321888412	766.0211640211639	788.3199999999999	786.9681528662421
NM_001183211.3	316	322.5359477124183	313.3658536585366	329.96000000000004	305.3740458015267	312.05150214592277	312.13793103448273
NM_001183212.1	337	332.7646383467279	332.9849765258216	349.3953488372093	335.3571428571429	339.06204081632654	335.54293628808864
NM_001183213.1	148	142.68493150684932	145.36893203883494	149.69948186528498	154.4051172707889	147.46728971962617	151.06188925081435
NM_001183214.3	86	76.02380952380953	72.94117647058823	74.56756756756756	76.55102040816327	82.8360655737705	81.01333333333334
NM_001183215.1	624	617.8571428571429	611.0429447852761	615.1079136690647	608.1632653061224	616.0337552742616	613.0434782608695
NM_001183216.1	600	578.8374384236453	580.7800829875519	586.2857142857142	581.6842105263157	590.4	585.7627118644068
NM_001183217.3	251	246.27358490566036	239.72897196261684	233.6764705882353	232.82051282051282	253.7058823529412	235.56603773584905
NM_001183218.3	367	347.01169590643275	353.8642533936652	357.65811965811963	346.9425287356322	360.15000000000003	355.94339622641513
NM_001183220.1	391	379.2918660287081	379.87154756685663	383.7806943268416	373.7202441505595	378.631245339299	380.8189717595945
NM_001183221.1	720	730.3318385650225	711.795744680851	716.0	717.297429620563	713.6	706.8561525129983
NM_001183223.1	130	114.95481335952849	117.21693121693121	117.19471947194718	118.9090909090909	118.44770642201834	117.70552147239265
NM_001183224.1	888	873.4945054945055	883.5033860045146	864.0	876.1405152224825	870.7853403141361	872.6834170854272
NM_001183225.3	388	364.0	373.4545454545455	375.93442622950823	394.65263157894736	378.0	390.96296296296293
NM_001183226.3	205	188.41803278688525	193.84516129032258	192.75324675324674	189.0	190.98620689655172	186.83870967741936
NM_001183227.1	441	437.0733524355301	436.1511111111111	440.9425837320574	437.5678742907028	441.27094831911694	435.3626901521217
NM_001183228.1	510	529.4634146341463	532.3861171366594	518.1322314049586	521.1446280991735	526.0691489361702	509.8040816326531
NM_001183229.3	428	430.56689342403627	435.49049429657794	457.56060606060606	430.19124797406806	431.4171656686627	431.60248447204964
NM_001183230.1	481	483.8546391752578	472.11048387096776	482.2780203784571	480.881935483871	483.4322678843227	491.9582753824757
NM_001183231.1	311	299.77225130890054	293.8333333333333	298.76229508196724	303.2586206896552	296.1507246376812	304.3939393939394
NM_001183232.3	581	587.4825870646766	584.3374233128834	574.2981366459628	570.1279461279461	574.072796934866	589.4916666666667
NM_001183237.1	714	696.6346153846154	704.375	698.961038961039	690.0	705.0	690.0
NM_001183238.1	214	202.10191082802547	210.74235807860262	201.93236714975845	203.9307535641548	202.13759213759212	214.06113537117906
NM_001183240.3	602	578.0	611.2183908045977	578.0	586.3768115942029	586.1408450704225	578.0
NM_001183244.1	1112	1104.3908794788274	1109.3470569314893	1109.5239310784941	1104.4036923076924	1102.357771260997	1105.2129202373105
NM_001183251.1	373	363.64335664335664	368.7175141242938	374.5365853658536	358.2382352941176	368.17582417582423	361.7682926829268
NM_001183252.1	369	351.0526315789474	349.5394736842105	395.7352941176471	361.8292682926829	351.2727272727273	357.77777777777777
NM_001183256.1	312	296.4155844155844	294.8390501319261	302.8453608247422	302.3173996175908	301.0639175257732	299.20622568093387
NM_001183257.1	373	377.04464285714283	380.5480225988701	361.92592592592587	377.242774566474	404.6376811594203	385.4626865671642
NM_001183258.1	1531	1544.3161904761905	1533.640707118968	1541.2910179640717	1531.3064516129032	1528.602637614679	1521.56038647343
NM_001183259.1	115	104.34031413612566	100.26106194690266	104.96929824561404	102.0597014925373	105.93686868686869	104.66952789699572
NM_001183260.1	764	758.7183811129847	765.5487053020962	766.0957178841311	759.2354740061162	762.725527831094	759.2207792207793
NM_001183261.1	336	350.6086956521739	341.32048192771083	354.9357798165138	333.48979591836735	335.3103448275862	338.0
NM_001183262.1	202	190.6141732283465	193.04225352112678	189.125	190.39240506329114	194.61333333333334	192.83333333333334
NM_001183264.1	362	349.3422818791947	360.04347826086956	353.68776371308013	356.77777777777777	355.4553990610329	354.09523809523813
NM_001183265.1	681	687.015228426396	690.0704697986578	685.0769230769231	667.4617834394904	672.33	687.3815028901735
NM_001183266.1	129	116.69836956521739	118.18181818181817	120.0	120.54469273743017	115.05633802816901	120.0
NM_001183267.1	546	547.7323943661971	543.3684210526316	527.3265306122449	537.0	539.7551020408163	554.9684210526315
NM_001183270.1	442	452.3924050632912	446.82758620689657	435.29655172413794	440.2758620689655	443.33333333333337	437.77027027027026
NM_001183271.1	709	691.4018691588785	685.0	702.3417721518988	697.6851851851851	714.3571428571429	702.125
NM_001183272.1	392	374.09944751381215	389.35714285714283	382.48818897637796	380.42194092827003	384.9585253456221	374.34482758620686
NM_001183273.1	546	567.035294117647	564.6422535211268	562.8940092165899	545.4606741573034	544.6956521739131	569.1864406779662
NM_001183274.1	587	596.4756756756757	586.2543478260869	591.8149606299213	577.2171717171717	587.3371757925072	590.3300970873786
NM_001183275.1	996	987.0354868061875	984.2855018587361	988.8624535315985	981.7983870967743	984.8696864111498	981.5177478580171
NM_001183276.2	403	393.2434640522876	393.49117647058824	396.6552795031056	394.05248226950357	395.612012987013	397.89096573208724
NM_001183277.1	671	658.1551724137931	684.5072463768116	725.4242424242424	707.3866666666667	694.0545454545454	666.0294117647059
NM_001183279.1	655	652.7586206896552	679.5384615384614	631.0	664.9247311827958	679.5384615384614	643.8775510204082
NM_001183280.1	108	94.5	95.72093023255815	94.5	96.61971830985915	94.40366972477064	98.11764705882352
NM_001183281.1	568	556.439024390244	559.3239436619718	561.0443864229765	560.9294605809129	563.3824228028503	569.2533849129594
NM_001183282.1	240	227.7391304347826	226.368	226.28571428571428	237.29577464788733	227.57142857142858	224.87671232876713
NM_001183284.1	479	481.58551430310405	480.16681299385425	482.5022222222222	479.8286802030457	477.5771122038444	482.56462035541193
NM_001183285.1	416	407.31250000000006	417.2903225806451	408.9513513513514	417.82945736434107	412.54148471615724	408.6101694915254
NM_001183286.1	241	224.29411764705884	235.38983050847457	234.8705882352941	227.11917098445596	236.84756097560978	227.33333333333334
NM_001183287.1	531	525.4363636363637	537.9146341463415	541.5681818181819	519.6750000000001	506.99999999999994	507.0
NM_001183288.1	1088	1064.0	1115.1538461538462	1064.0	1081.586776859504	1075.5652173913043	1099.4666666666667
NM_001183290.1	756	745.6567164179104	756.9109947643979	762.2479338842976	755.3617021276596	739.4440677966102	736.7225806451613
NM_001183292.1	249	246.31057268722466	240.590248075278	234.688995215311	240.51172707889128	237.27591582229152	239.15868673050616
NM_001183293.1	101	106.40744680851064	101.951992318771	103.6608695652174	100.95625084653935	103.54666666666667	99.10553505535056
NM_001183294.1	137	129.33012190326386	128.71253602305475	128.71827885990976	127.50752256770312	129.6963331889707	127.44226980165506
NM_001183295.1	454	440.4032258064516	449.36664320900775	444.87421383647796	444.86175115207374	443.9809674861221	440.12558869701724
NM_001183296.1	358	352.9772727272727	349.9047619047619	364.8307692307692	343.1926605504587	352.3853211009174	363.29824561403507
NM_001183298.1	378	368.44897959183675	368.87394957983196	373.66666666666663	373.4862385321101	371.52475247524757	406.44444444444446
NM_001183299.1	1096	1086.786206896552	1083.3139841688653	1092.0373831775703	1082.3574879227053	1096.4330484330485	1072.0
NM_001183302.1	337	324.811320754717	319.26000000000005	323.0967741935484	326.22535211267603	317.4714285714286	321.2368421052631
NM_001183303.1	486	470.43835616438355	475.43362831858406	477.3634204275535	480.41685649202736	478.79999999999995	469.5915492957747
NM_001183305.1	1076	1060.7959866220735	1063.6029411764707	1067.7014925373135	1058.4068209500608	1061.8625	1065.3842239185751
NM_001183306.1	391	379.20790020790025	383.6818181818182	397.18092105263156	386.7236084452975	387.05870445344135	394.27702702702703
NM_001183308.1	390	366.0	376.45714285714286	366.0	366.0	370.51851851851853	366.0
NM_001183309.1	401	381.0978260869565	394.95238095238096	393.39130434782606	400.8607594936709	407.27007299270065	398.91860465116275
NM_001183310.1	546	539.6949152542372	545.1999999999999	563.2105263157895	545.7272727272727	537.8181818181819	555.1428571428571
NM_001183311.1	298	282.36641221374043	313.8860759493671	300.2340425531915	297.390243902439	313.14285714285717	311.7931034482759
NM_001183312.1	706	702.0899224806202	702.5669481302774	706.0140845070423	697.0571428571428	705.1698670605614	695.6059850374065
NM_001183313.2	415	416.4308943089431	420.94144144144144	431.8507462686567	425.8662420382165	420.17910447761193	402.22488038277515
NM_001183314.1	435	414.4805928016937	414.5496607032696	418.4557823129252	417.55547850208046	415.08664772727275	413.5849056603774
NM_001183315.1	701	723.5951417004048	726.9426229508197	715.9895287958115	711.5212464589234	716.8235294117646	718.1436464088398
NM_001183316.1	491	472.77880897138436	473.34810874704493	472.47479484173505	473.9887760555853	477.962441314554	477.4892578125
NM_001183317.1	486	467.9612903225806	477.2307692307693	478.0695652173913	472.1762114537445	477.25471698113205	487.20000000000005
NM_001183318.1	952	977.4933333333333	983.6800000000001	963.0188679245283	997.7744360902255	981.0285714285715	960.561403508772
NM_001183319.1	352	340.5107794361526	345.7984496124031	350.9300911854104	339.855421686747	344.3012048192771	347.29411764705884
NM_001183320.1	379	392.6515151515152	375.4807692307692	366.7032967032967	374.8223350253807	385.9731543624161	361.82692307692304
NM_001183321.1	586	583.2075471698114	599.4666666666667	576.4102564102564	564.6635071090047	584.8223350253808	575.4879999999999
NM_001183322.1	172	152.5773195876289	168.9763779527559	168.1818181818182	167.1851851851852	156.49180327868854	158.7246376811594
NM_001183323.1	498	473.99999999999994	479.5764705882353	474.0	476.9625	476.855421686747	473.99999999999994
NM_001183324.1	446	432.04761904761904	444.0173913043478	436.3050847457627	465.95833333333337	448.1030927835052	445.8867924528302
NM_001183325.1	496	484.5088339222615	488.13675213675214	498.051948051948	484.47577092511017	489.73959731543624	487.77088305489264
NM_001183326.1	157	171.55072463768116	153.71311475409837	163.875	158.80597014925374	147.52941176470588	144.27118644067798
NM_001183327.1	450	466.8493150684932	461.13402061855663	456.4285714285715	430.0571428571428	446.9508196721311	426.0
NM_001183328.1	317	295.95959595959596	299.3695652173913	308.15517241379314	302.3015873015873	297.61417322834643	297.3731343283582
NM_001183329.2	1289	1391.5000000000002	1281.2179487179487	1264.9999999999998	1280.2409638554218	1274.1007194244603	1265.0
NM_001183330.1	791	791.323467230444	798.4510582010582	785.3492822966506	794.5465768799103	789.6979038224414	783.9315673289183
NM_001183331.2	286	275.76683087027914	280.4579256360078	285.46268656716416	276.0877626699629	276.77622801698	289.3479381443299
NM_001183332.1	1171	1147.0	1157.8207547169811	1208.1733333333334	1174.201581027668	1170.5282051282052	1147.0
NM_001183334.1	284	272.76073619631904	267.74468085106383	269.2198581560284	261.0236220472441	270.5263157894737	269.7744360902256
NM_001183335.1	3074	3075.63025210084	3097.4444444444443	3061.596958174905	3073.7662337662337	3088.7301587301586	3077.601809954751
NM_001183336.1	410	414.07272727272726	400.84615384615387	395.53086419753083	406.3157894736842	405.4621848739496	417.51020408163265
NM_001183340.1	343	335.5505287760627	336.91624734429166	338.4310429680106	336.42259006815965	337.7750377807196	336.81498753259604
NM_001183341.1	1111	1156.5174418604652	1115.6052631578948	1101.7891156462583	1086.9999999999998	1092.545918367347	1131.9173553719006
NM_001183342.1	272	265.7142857142857	267.4255874673629	274.3030303030303	262.5882352941177	262.67455621301775	260.8
NM_001183343.1	1025	1011.7058823529411	1001.0000000000001	1011.8804347826086	1009.9375	1005.699530516432	1018.875
NM_001183344.1	959	944.2313117066291	952.2584147665581	953.5515873015872	951.0515021459228	959.7604035308954	944.0997566909975
NM_001183346.1	303	308.63471502590676	299.27533265097236	293.29303278688525	301.9009009009009	304.73	298.34243697478996
NM_001183347.1	288	280.6299212598425	278.3186440677966	278.66666666666663	273.6478405315614	277.44	279.90361445783134
NM_001183348.1	318	306.91216216216213	307.52542372881356	308.066985645933	307.9116719242902	321.07894736842104	306.25
NM_001183349.1	701	698.8387096774194	701.7682926829268	749.5357142857143	687.578125	700.7543859649123	767.2666666666667
NM_001183350.1	307	305.64	296.9507042253521	283.0	300.2824427480916	303.0551181102362	301.3766233766234
NM_001183351.1	427	421.51729249011856	419.7791821561338	424.02037489812545	425.447476635514	420.0932365303783	422.44027565084224
NM_001183352.1	1032	1013.8604651162791	1021.5692307692307	1017.4870588235294	1022.5074626865671	1029.6309012875536	1034.7232237539768
NM_001183354.1	1076	1062.2135922330096	1089.5714285714287	1112.9855072463768	1069.8305084745762	1078.974358974359	1082.057142857143
NM_001183355.1	307	292.22826086956525	310.21153846153845	327.02222222222224	313.80272108843536	294.9577464788732	334.0327868852459
NM_001183356.1	225	211.3965517241379	228.72413793103448	217.08	209.7012987012987	215.28909952606634	222.67647058823528
NM_001183357.1	604	586.8235294117648	617.8775510204082	603.0158730158731	600.7817589576547	594.3971631205674	614.569536423841
NM_001183361.1	337	329.1102941176471	341.0052631578947	342.52830188679246	325.15533980582524	327.44615384615383	327.49074074074076
NM_001183362.1	146	145.0810810810811	144.875	138.82758620689654	144.1818181818182	135.34375	138.82758620689654
NM_001183363.1	108	97.41924095322153	96.7159595959596	98.63881253435953	93.93329938900204	96.98411335337055	97.49280767181673
NM_001183365.1	207	204.9751552795031	201.96951219512195	196.02491103202848	193.2704081632653	200.8625498007968	202.30078125
NM_001183369.1	579	579.4339622641509	571.9113573407202	581.2721893491124	566.0022026431718	576.7931937172775	563.88
NM_001183370.1	377	379.34328358208955	381.7325581395349	376.5333333333333	365.4588235294118	404.77333333333337	367.12
NM_001183373.1	496	500.4074074074074	495.0574712643678	500.2173913043478	493.72384937238496	498.22222222222223	494.3873517786561
NM_001183374.1	181	174.39071308188528	176.90221229746572	176.84451901565996	179.89627913316068	177.95021165087687	179.5089605734767
NM_001183375.1	139	132.6741293532338	132.65010351966873	135.4004491017964	130.31013615733735	131.59667448305265	139.89243734752716
NM_001183376.1	570	560.0903225806452	561.8469656992085	548.5045871559632	549.9469879518073	551.3398533007335	553.4794520547945
NM_001183377.1	529	526.6067364588074	522.3081042484827	533.2517482517483	521.6671807526218	520.2665075576771	529.8751686909582
NM_001183378.1	428	428.2179836512262	436.60629921259846	441.0199203187251	427.15923566878985	430.4397905759163	427.85826771653547
NM_001183379.2	471	447.0	455.7219512195122	454.7068965517242	461.4712230215828	458.7631578947368	458.61038961038963
NM_001183380.1	372	364.1443298969072	366.92887029288704	363.92957746478874	373.61421319796955	375.68181818181813	366.8837209302325
NM_001183381.1	137	127.14890016920474	127.79560986648562	128.09374704379908	126.42463308211028	126.61200360532314	127.64166150030998
NM_001183382.1	370	361.04347826086956	396.88235294117646	368.5652173913044	356.0289855072464	361.4925373134329	369.06666666666666
NM_001183383.1	179	180.5531453362256	175.2827140549273	180.44072948328267	171.1874105865522	171.66934189406098	178.68055555555554
NM_001183384.1	854	874.1736694677871	866.7115384615385	882.8181818181818	840.7992565055762	847.965367965368	846.4682539682541
NM_001183387.1	116	106.9767441860465	105.35483870967742	110.0	101.85714285714286	103.67692307692307	104.03076923076922
NM_001183389.1	217	207.47500000000002	207.00806451612905	229.60344827586206	200.97520661157026	200.42307692307693	218.98076923076923
NM_001183390.1	392	386.53237410071944	395.8486486486487	404.79999999999995	393.8894472361809	389.86138613861385	410.2988505747127
NM_001183391.1	492	490.3826086956522	481.20376175548586	511.76978417266184	490.3566878980892	493.7952755905512	476.88607594936707
NM_001183392.2	1336	1312.0	1321.8646616541353	1312.0	1312.0	1312.0	1312.0
NM_001183393.1	208	204.11612106238417	201.58109127483027	205.83515392254222	196.08790191996297	196.58587360594794	203.5332999499249
NM_001183394.1	418	431.5238095238095	406.5079365079365	412.3255813953489	414.46753246753246	436.4307692307692	462.52173913043475
NM_001183395.2	690	674.4840764331211	679.32	676.40625	690.485294117647	682.4734982332155	689.6170212765958
NM_001183396.2	235	232.56204379562044	223.31299734748012	226.4390243902439	226.72355769230768	223.2403314917127	227.7128712871287
NM_001183397.1	164	159.51448707909162	159.6694214876033	159.35953420669577	155.81203627370155	157.9686057248384	158.9
NM_001183398.1	479	484.575	467.33898305084745	494.56521739130443	473.31269349845195	495.8988764044944	477.8930817610063
NM_001183399.2	1072	1071.7171145685998	1071.4626865671642	1077.4618473895582	1070.8032638259292	1077.287970838396	1076.0907216494847
NM_001183400.1	189	166.08552631578948	174.92481203007517	181.1413043478261	177.53164556962025	176.3013698630137	174.7058823529412
NM_001183401.1	231	218.1891891891892	227.14054054054054	226.7142857142857	223.53354632587858	224.85882352941178	242.82692307692307
NM_001183402.1	599	600.9677419354839	624.4623655913979	607.9918032786885	592.274678111588	588.9676113360324	594.1666666666667
NM_001183403.1	226	223.3795620437956	219.92899408284023	231.36046511627907	217.13817330210773	220.36363636363637	227.92513368983956
NM_001183405.1	337	336.7490272373541	329.253709198813	337.20103092783506	334.9008746355685	329.9036903690369	338.221928665786
NM_001183406.1	615	610.1675675675676	596.9297658862877	617.8636363636364	608.5702702702703	614.2114803625378	602.8993288590603
NM_001183408.1	962	961.3175141242938	956.5259875259875	947.8117154811716	954.8132075471698	960.5650943396225	948.2871385842473
NM_001183411.1	601	590.4268218003674	596.6283697047497	590.5924617196702	594.3883701188455	595.4753694581281	589.2975277067349
NM_001183412.1	166	152.9230769230769	166.2439024390244	157.35135135135135	168.5066666666667	156.75324675324674	145.08695652173913
NM_001183420.1	728	733.5009523809524	722.238341968912	716.4822695035461	721.8584779706275	723.1488	721.0151057401813
NM_001183421.1	539	530.8461538461538	528.7072243346007	545.5052264808362	526.793893129771	541.695464362851	525.766550522648
NM_001183423.1	249	254.96083550913835	255.13392857142858	269.8207171314741	244.91525423728817	254.72560975609758	258.4710743801653
NM_001183425.1	308	300.7716535433071	309.8181818181818	317.29655172413794	301.9368421052631	314.5498007968127	318.68702290076334
NM_001183426.1	341	345.3748251748252	343.02736842105264	356.7825099375355	335.18328478601836	340.36178269734927	356.4453400503778
NM_001183427.1	373	378.1489841986456	367.6534482758621	363.0536912751678	362.6755485893417	369.96466431095405	361.7838827838828
NM_001183430.1	1389	1388.135593220339	1364.9999999999998	1365.0	1365.0	1365.0	1397.5
NM_001183433.1	752	728.9516339869281	733.6	735.884476534296	729.3632958801498	731.0912951167728	730.9897330595484
NM_001183435.1	202	202.11155378486055	195.52615384615385	191.9217877094972	195.5732484076433	200.45045045045043	186.9559748427673
NM_001183436.1	795	778.7099999999999	787.883211678832	795.8709677419354	806.8604651162792	793.4563106796116	784.7678571428571
NM_001183437.1	832	936.1655172413793	855.2975609756097	880.1428571428571	831.1961722488038	854.7052023121387	861.8666666666667
NM_001183439.1	101	91.70211480362538	92.62033725089422	93.62910798122066	90.75334143377886	91.02023121387283	92.24888492417485
NM_001183440.1	208	198.44907975460126	202.6021978021978	205.64705882352942	197.14285714285717	200.56704980842912	202.9041095890411
NM_001183441.1	710	721.7291666666666	704.0526315789473	728.875	702.3333333333333	686.0	697.4333333333334
NM_001183442.1	561	542.8369565217391	547.74	558.48	551.1782178217821	562.9516728624535	553.957894736842
NM_001183444.1	442	452.32850241545896	446.7175572519084	468.56451612903226	432.3150684931507	437.64957264957263	432.0268456375839
NM_001183445.1	336	318.23999999999995	328.42105263157896	338.5531914893617	329.1428571428571	316.0	338.0
NM_001183446.1	584	580.5034324942792	579.082951229679	573.3010776336046	576.2439716312057	578.1276901004304	572.24043715847
NM_001183447.1	290	286.6888888888889	278.78846153846155	275.6727272727273	274.81767955801104	273.88148148148144	282.8888888888889
NM_001183449.1	614	616.4179104477612	626.3076923076923	605.945945945946	606.1643835616438	598.5507246376812	623.7142857142858
NM_001183452.1	697	678.9557522123895	710.7383177570094	707.2203389830509	723.0578512396694	703.5909090909091	673.0
NM_001183453.1	744	745.0	742.6178010471205	744.5454545454545	744.6153846153845	749.090909090909	763.6363636363637
NM_001183454.1	784	827.3417721518987	786.9291338582677	798.974358974359	768.6037735849058	767.7157360406093	787.3873873873873
NM_001183455.1	283	286.75	282.1626016260163	276.98611111111114	272.0150753768844	273.4895104895105	278.425
NM_001183456.1	361	367.6363636363636	376.6470588235294	361.0714285714286	370.2253521126761	370.7	362.9230769230769
NM_001183457.1	870	852.1527272727272	848.6191950464397	856.1927710843372	873.5325443786982	866.760736196319	868.6203208556149
NM_001183458.1	253	236.15625000000003	239.56923076923076	242.6309523809524	246.9708520179372	240.3957345971564	249.0877192982456
NM_001183459.1	280	297.8909090909091	283.1515151515152	270.7692307692308	271.05882352941177	284.0	269.83783783783787
NM_001183461.1	406	391.4410646387833	391.5781710914454	397.37461300309593	389.8995568685376	395.53543307086613	395.03754266211604
NM_001183462.1	481	484.9795918367347	469.38482384823845	474.1989247311828	477.19302325581396	480.5311653116531	473.6181818181819
NM_001183464.1	56	45.50570342205323	46.24225352112676	41.84615384615385	45.60244648318043	46.1037037037037	42.94736842105263
NM_001183465.1	477	466.08978328173373	467.0045342126958	467.950495049505	468.7617932418869	468.4390537289495	471.765261627907
NM_001183466.1	439	422.32352941176475	431.6	445.57894736842104	427.26600985221677	424.65116279069764	419.51086956521743
NM_001183467.1	1001	1020.8057065217391	1028.8858757062148	1010.895918367347	1053.4426580921759	1037.293450881612	1011.0566448801742
NM_001183470.1	407	390.72360616844605	392.07403751233954	392.713768115942	397.3512880562061	391.9800703399765	401.72444444444443
NM_001183471.1	145	126.32258064516128	129.3448275862069	129.45698924731184	127.38565629228687	128.70700636942675	127.86524822695037
NM_001183473.1	669	654.2805755395683	665.8064516129032	645.0	656.9444444444443	655.75	654.3478260869565
NM_001183475.1	454	454.08	462.81931464174454	455.5807365439093	447.5377643504532	455.20146520146517	456.875
NM_001183476.1	390	384.6588235294118	393.9943342776204	387.96	394.87238979118325	396.1197007481297	410.6760563380282
NM_001183477.1	880	871.0175438596491	870.0905349794239	863.4434782608695	860.1153846153845	875.8148148148149	864.6464646464647
NM_001183478.1	445	456.82978723404256	436.0357142857143	433.0285714285714	438.18367346938777	433.2028985507247	459.27272727272725
NM_001183480.1	334	316.4952380952381	328.20554649265904	329.1152815013405	321.40604467805514	327.9710144927537	322.75064267352184
NM_001183482.1	382	388.63790924481964	386.03142840555034	385.5095323321142	387.56246556308844	386.4499681000383	381.227583707127
NM_001183484.1	304	309.8666666666667	313.40909090909093	300.15999999999997	310.15384615384613	301.47492625368733	293.7704918032787
NM_001183485.1	624	614.7540983606557	616.5644171779142	620.4081632653061	614.2433234421366	613.7254901960785	623.8636363636364
NM_001183486.1	572	562.0236220472441	562.4973544973545	555.6750700280112	568.0063492063492	559.070707070707	554.9148264984227
NM_001183488.1	670	654.4776902887139	653.6299212598425	651.6666666666666	651.7269503546099	656.4193548387098	659.0769230769231
NM_001183489.1	632	618.1899441340782	621.2751091703057	623.1999999999999	617.3538461538462	617.258883248731	614.204081632653
NM_001183490.1	593	605.0126582278481	575.9815950920246	603.4848484848485	605.8796296296297	584.1061946902655	608.9298245614035
NM_001183492.1	585	561.0	578.0	629.0	588.7037037037037	599.9583333333333	613.1860465116279
NM_001183493.1	299	298.877245508982	292.72076372315036	298.65591397849465	301.3501742160278	310.73085846867747	294.56928838951313
NM_001183494.1	341	343.6386554621849	339.3764705882353	349.5128205128205	343.4166666666667	345.8181818181818	350.02083333333337
NM_001183495.1	742	739.4328358208955	727.3652173913044	745.8294573643411	731.3457249070632	728.2085308056871	733.7802197802198
NM_001183496.1	227	209.05970149253733	222.03125	211.28571428571428	220.39999999999998	221.69736842105263	234.71875
NM_001183497.1	209	208.67298578199055	199.0952380952381	208.41772151898735	195.65151515151516	197.78455284552848	206.44927536231884
NM_001183498.1	308	329.64285714285717	329.2229299363057	309.13274336283183	321.36842105263156	318.02083333333337	312.40000000000003
NM_001183499.1	727	724.96875	703.0	702.9999999999999	712.3733333333333	712.7638888888889	728.1071428571429
NM_001183500.1	744	731.8032786885246	742.0087336244542	748.125	729.4736842105264	738.5567010309279	726.605504587156
NM_001183502.1	290	273.25454545454545	278.2769230769231	294.0	268.6078431372549	274.3125	273.82352941176475
NM_001183504.1	345	342.16483516483515	334.9133126934985	333.02247191011236	337.3160220994475	333.6891025641026	328.94554455445547
NM_001183505.1	1181	1184.6743330266788	1170.9309252217997	1175.787550744249	1182.171717171717	1175.5731822474033	1167.5984732824427
NM_001183506.1	670	673.0032154340836	663.5024630541872	658.8557213930349	660.4626865671643	661.140625	675.2307692307692
NM_001183508.1	205	200.72435897435895	198.7535885167464	192.44664031620553	199.49347826086955	197.8372093023256	195.8874458874459
NM_001183509.1	567	549.7037037037036	548.1388012618297	567.9655172413793	554.6238532110092	558.416403785489	558.8926829268293
NM_001183510.1	340	328.81081081081084	332.24299065420564	328.0	327.5775862068965	324.75750577367205	331.72850678733033
NM_001183511.1	608	584.0	596.0412371134021	595.1238095238095	595.5643564356435	599.1688311688312	593.982905982906
NM_001183512.1	1643	1646.9137931034484	1651.7070707070707	1631.358778625954	1656.133027522936	1656.3041474654376	1633.201754385965
NM_001183513.1	178	191.01923076923077	187.36666666666665	180.69333333333333	184.0	179.4896551724138	173.5211267605634
NM_001183514.1	253	237.4814814814815	238.95652173913044	240.58365758754863	239.46617915904937	237.15127919911012	243.27944572748268
NM_001183515.1	185	173.0802614379085	174.22588597842835	174.48455162019593	174.42629642921227	174.66207364999272	173.50089671906318
NM_001183516.1	170	201.24324324324323	227.11111111111111	271.14285714285717	175.2	202.4090909090909	192.45454545454547
NM_001183517.1	1071	1069.6935960591134	1054.3525280898875	1067.45648312611	1060.4530726256983	1072.5365853658536	1060.6328125
NM_001183518.1	388	375.0722433460076	381.26141078838174	376.23174971031284	381.5421686746988	380.64306784660766	373.9942196531792
NM_001183520.1	304	294.2089552238806	294.7967479674797	291.0043668122271	290.7042253521127	290.0398406374502	287.05882352941177
NM_001183522.1	125	113.48727272727272	109.65714285714286	110.57758620689656	111.57478632478633	112.02227171492204	111.97826086956522
NM_001183523.1	277	291.9230769230769	290.20588235294116	271.0714285714286	268.8125	273.8659793814433	271.40000000000003
NM_001183525.1	278	262.6837606837607	270.6861313868613	257.90769230769234	260.14516129032256	259.18367346938777	254.0
NM_001183527.1	599	598.0187908496732	593.2972241029113	596.6689098250337	592.8907380607815	597.5844461901022	593.3305369127517
NM_001183528.3	1102	1093.8708946772367	1103.0232126276694	1095.9966611018365	1095.8502519798415	1098.7473937449881	1089.6092307692309
NM_001183529.1	430	430.6891891891892	453.53170731707314	434.0	421.445652173913	436.83544303797464	421.6153846153846
NM_001183530.3	227	212.36923076923077	221.83505154639172	213.14999999999998	214.27777777777777	218.92156862745097	206.327868852459
NM_001183531.1	756	766.8571428571429	750.0989010989011	765.7846153846153	752.4469273743017	760.2373887240356	764.0
NM_001183532.3	909	888.6122448979592	891.1245674740485	898.3082706766917	893.296875	906.4112903225806	891.1888111888112
NM_001183534.3	263	258.3783783783784	253.55837563451777	256.98924731182797	247.67338709677418	263.9194312796209	262.66336633663366
NM_001183535.1	1455	1441.294964028777	1449.8661832564271	1442.4742268041239	1447.2516437537358	1443.118560338744	1445.886866059818
NM_001183536.3	429	422.0899681528662	427.8029375764994	429.0485829959514	432.10227272727275	425.4347826086957	424.41013824884794
NM_001183537.1	562	545.9703703703705	570.1630434782609	543.7234042553191	555.2435897435897	568.9640287769784	538.0
NM_001183538.3	479	479.375	468.18840579710144	479.375	474.49999999999994	482.2093023255814	493.8693467336683
NM_001183541.3	121	121.3996913580247	116.30236159504452	123.88161434977579	114.0644930132569	115.79874460572775	125.74074074074073
NM_001183542.1	459	445.7186858316222	445.48936170212767	454.234693877551	441.796875	444.3823529411765	454.982332155477
NM_001183543.3	1267	1268.3369304556354	1261.8669642857142	1258.7341772151897	1266.8440366972477	1273.3492569002124	1257.1518026565466
NM_001183544.1	228	226.66666666666666	216.32214765100673	223.29729729729732	218.497461928934	231.10489510489512	226.44
NM_001183545.3	233	235.84403669724773	250.79999999999998	227.57777777777775	231.9390243902439	236.76923076923075	224.83333333333334
NM_001183546.1	1002	994.5762711864406	1015.6153846153846	984.6081081081081	996.6285714285715	1009.9906542056075	985.1911764705882
NM_001183547.3	566	559.1593886462882	562.006711409396	560.0666666666666	563.0610626486915	561.6376811594204	566.7771428571428
NM_001183548.1	888	880.0	879.1578947368421	885.6	864.0	878.6440677966102	962.7428571428572
NM_001183549.4	287	282.3382352941176	283.2307692307692	304.8409090909091	285.75961538461536	289.010989010989	278.78000000000003
NM_001183550.1	213	218.37162162162164	200.17741935483872	195.2479338842975	206.1	208.22033898305085	211.54128440366972
NM_001183551.3	546	556.4554455445544	556.0434782608696	546.5968586387435	547.2226890756302	542.88	550.6027397260275
NM_001183552.1	837	835.4754006184987	837.0168501535909	833.7779516358463	836.192885030092	836.120154980777	830.7244913887299
NM_001183555.1	364	361.43973214285717	360.3445149592022	357.6426982950333	362.0172684458399	361.9221411192214	355.9197324414716
NM_001183557.1	666	668.0270270270271	669.8122743682311	663.4	651.4760147601476	658.0500000000001	659.7103448275863
NM_001183559.4	761	745.5202312138729	752.1958762886597	761.9830508474577	745.4389312977099	740.7222222222223	743.408695652174
NM_001183560.1	876	868.5615550755939	877.5089820359282	889.8020477815699	868.5207756232687	881.0628366247755	877.1327433628318
NM_001183561.3	324	328.66043613707166	323.2988165680473	329.4871794871795	323.20107599193005	321.5529753265602	317.861482381531
NM_001183562.1	314	305.859375	299.00621118012424	301.04761904761904	311.2994350282486	302.9299363057325	314.16666666666663
NM_001183563.3	786	769.8556701030927	762.0	794.6571428571428	772.5103448275862	762.0	762.0
NM_001183564.1	269	260.32795156407667	252.3561301084237	257.16609589041093	255.54430379746836	255.8407079646018	257.8224299065421
NM_001183566.3	617	648.8117647058823	649.7217391304348	635.3571428571429	649.4761904761905	629.2137404580152	617.3698630136986
NM_001183567.1	180	165.17647058823528	169.68421052631578	185.25	163.9322033898305	165.9047619047619	180.0
NM_001183568.4	511	510.56451612903226	516.8163265306123	575.5454545454546	519.4666666666666	525.1130434782608	544.7796610169491
NM_001183569.1	158	142.8877551020408	142.12121212121212	150.12962962962962	139.05660377358492	143.13636363636363	141.68852459016395
NM_001183570.3	1219	1229.4711538461538	1227.6990049751244	1225.1985559566785	1219.1750959190792	1222.902576489533	1222.1590909090908
NM_001183572.3	1506	1501.1002823125075	1498.9300144300146	1504.575820523473	1494.8474702936999	1500.137149792657	1502.5361533652845
NM_001183573.1	582	577.2413793103449	577.578947368421	557.9999999999999	588.0461538461539	592.8749999999999	574.1739130434783
NM_001183574.3	445	454.68000000000006	441.9337016574586	427.90163934426226	451.55645161290323	447.91324200913243	430.08633093525185
NM_001183575.1	721	696.9999999999999	705.8789808917197	715.8378378378379	701.7094594594595	697.0	697.0
NM_001183576.3	256	248.57142857142856	251.49579831932775	244.02728512960437	253.10239651416123	250.2424969987995	244.71878172588833
NM_001183577.1	313	293.22926829268295	299.24822695035465	301.88535031847135	295.991935483871	291.76555023923447	298.8803418803419
NM_001183578.3	89	78.62903225806451	82.10526315789474	78.7878787878788	79.01197604790418	75.63636363636364	78.57142857142857
NM_001183579.1	967	973.0666666666667	978.3625000000001	1003.3891625615764	968.9065934065934	985.5413533834586	989.6831683168317
NM_001183580.3	534	578.5074626865671	545.9471365638767	532.7678571428571	536.3225806451613	563.7890625	539.0506329113924
NM_001183581.3	805	791.6986301369863	799.5952380952381	781.0	810.5833333333334	796.9387755102041	796.0192307692307
NM_001183582.1	183	181.71428571428572	171.4796511627907	168.8813559322034	167.10588235294117	168.39901477832512	172.9125
NM_001183583.3	307	296.20116618075804	291.97463002114165	297.779497098646	296.87254901960785	301.1231527093596	294.4055415617128
NM_001183584.1	771	762.6932773109244	774.9085850556438	763.8010380622839	766.7918243754731	760.3751119068935	769.5559502664298
NM_001183585.3	453	429.00000000000006	453.10112359550567	453.75	435.703125	450.45	498.1935483870968
NM_001183586.1	62	55.88797986154814	54.8075117370892	53.365617433414045	52.483177054605626	53.94724220623502	51.53567508232712
NM_001183587.3	804	796.217399233996	795.6991525423729	799.8726114649681	796.6502463054187	792.4893670252691	791.9056429232193
NM_001183590.1	619	609.2282608695652	606.9397993311037	610.6065573770493	614.1398601398602	608.2222222222223	608.3922829581993
NM_001183591.3	781	816.3725490196078	788.5416666666667	775.4634146341464	773.4565217391304	757.0	756.9999999999999
NM_001183593.3	279	265.3030303030303	271.06299212598424	269.4339622641509	260.7518796992481	269.8543689320388	268.42105263157896
NM_001183594.1	614	615.2529182879377	621.3326653306614	616.0460652591171	611.8280739934712	614.3131868131868	618.5969387755102
NM_001183595.3	388	402.4553734061931	392.0	390.12871287128706	387.3333333333333	393.7236180904523	384.22222222222223
NM_001183598.1	183	165.71830985915494	172.62857142857143	172.70689655172416	175.3076923076923	184.34782608695653	169.14893617021278
NM_001183600.1	628	609.3294117647059	612.8451882845187	617.9653179190751	619.5369774919614	622.9661835748792	622.5846153846154
NM_001183601.3	58	46.30632301131096	45.898989898989896	49.680579510175924	45.405905371753825	46.22812677927501	49.49227013832384
NM_001183603.3	390	378.5223040277176	383.1294851794072	393.4644549763033	375.2490974729242	381.29765625	388.38242894056845
NM_001183604.1	215	234.59782608695653	215.2423076923077	230.79166666666666	205.62612612612614	224.01234567901233	221.3174603174603
NM_001183606.1	432	434.80683311432324	433.0209944751381	433.3441955193483	438.74894017899203	439.3015873015873	423.19148936170217
NM_001183607.3	1132	1122.7733333333333	1129.431334622824	1124.9808429118775	1127.707509881423	1127.4813186813185	1112.9686098654709
NM_001183608.1	111	97.7787610619469	98.41875	107.07692307692307	104.39999999999999	97.3220338983051	96.66666666666667
NM_001183610.1	1614	1590.0	1594.0979381443299	1590.0000000000002	1610.4370179948585	1607.5367647058824	1638.4756097560976
NM_001183613.1	281	272.734693877551	269.01558441558444	260.9742268041237	262.8854961832061	275.4229390681004	272.34328358208955
NM_001183614.3	816	810.2970297029703	804.4235294117648	811.4117647058823	810.635294117647	798.1714285714287	806.0799999999999
NM_001183615.1	409	406.89573459715643	411.1904761904762	408.0163043478261	411.70520231213874	396.2037037037037	407.12643678160924
NM_001183616.3	427	423.834985835694	422.16613823715915	421.8358695652174	417.74390243902434	423.9177250138045	418.3849416755037
NM_001183617.1	465	455.3911488600804	456.42924281984335	462.2019230769231	457.19834710743805	453.9529507750884	459.02388535031844
NM_001183620.3	407	403.62307692307695	413.92546583850935	405.79761904761904	400.29677419354834	398.4228187919463	416.09876543209873
NM_001183621.1	215	219.3168604651163	207.4105011933174	211.46428571428572	220.4753086419753	224.11693548387098	218.93280632411066
NM_001183623.3	599	595.6437843527073	595.9841793652334	604.5627015746537	592.055817216154	596.6054148651431	596.6457528957529
NM_001183624.1	551	602.2857142857142	562.1333333333333	572.1714285714286	542.7313432835821	535.3650793650794	553.35
NM_001183625.3	705	696.489006823351	693.9714285714285	696.1333333333333	691.8960000000001	697.3964686998395	693.4763358778627
NM_001183626.1	1144	1162.3581757508343	1166.3049095607237	1162.608695652174	1164.9530315969257	1168.9928789420142	1164.8000000000002
NM_001183627.3	745	739.025	769.8813559322033	770.7241379310344	751.0416666666667	751.9000000000001	740.4864864864866
NM_001183628.1	424	452.65306122448976	444.2307692307692	442.4929178470255	436.73731535003213	435.44690603514135	445.6981664315938
NM_001183629.3	65	54.863917525773196	50.99836333878887	54.07046979865772	54.366300366300365	54.94672131147541	54.95744680851064
NM_001183630.1	876	882.5376344086021	896.031007751938	860.5628140703517	902.8656716417911	907.2222222222223	894.8140703517587
NM_001183631.3	418	418.4815533980582	410.1917808219178	427.2597402597403	406.34757834757835	412.99642857142857	420.5192307692308
NM_001183632.1	243	237.63829787234044	221.60714285714286	234.3684210526316	232.35365853658539	226.42372881355934	224.76315789473685
NM_001183634.1	180	182.83870967741936	171.93548387096774	182.2921348314607	175.89261744966444	174.0	167.81818181818184
NM_001183635.3	479	487.76	482.7974276527331	478.6363636363636	475.42394014962593	492.5089605734767	505.86956521739125
NM_001183636.1	856	848.9795918367347	845.0339425587468	838.972067039106	847.2086021505377	844.1702127659574	842.1960784313727
NM_001183638.3	926	917.8942731277533	931.0967741935483	915.6666666666667	909.3333333333334	910.843137254902	916.432
NM_001183639.1	260	250.1035856573705	248.0408163265306	254.02777777777777	249.78504672897193	249.98518518518517	240.31050228310502
NM_001183640.3	355	349.0545454545454	342.7614213197969	344.10891089108907	341.54980079681275	335.06967213114757	336.0151515151515
NM_001183641.1	302	294.7758620689655	309.1551724137931	311.9777777777778	300.14159292035396	311.60439560439556	322.67857142857144
NM_001183642.3	287	276.15000000000003	280.2056074766355	270.7352941176471	275.5238095238095	268.8880597014925	266.75714285714287
NM_001183643.1	141	135.40865892291447	138.60707269155208	132.03459637561778	136.28804347826087	135.9878048780488	130.16965742251224
NM_001183645.3	151	141.2980132450331	138.64532871972318	143.0	136.7359454855196	136.84132841328412	139.78523489932886
NM_001183646.1	1241	1230.9885057471265	1244.4099099099099	1266.673469387755	1233.2266666666667	1231.096525096525	1262.074074074074
NM_001183648.1	462	470.2736842105263	453.531914893617	463.4651162790698	448.0689655172414	454.4661654135338	466.0769230769231
NM_001183649.3	432	430.2511457378552	433.88471953578335	445.11768953068594	430.00559328805434	431.57653286281425	436.1605136436597
NM_001183650.1	503	486.3692307692308	494.28723404255317	484.56976744186045	481.1101321585903	489.64444444444445	492.95145631067965
NM_001183651.3	223	220.91934084995663	216.72300140252455	220.49861495844874	213.3997627520759	213.51805453205603	218.6322869955157
NM_001183652.1	795	779.2459893048128	800.6538461538462	778.2056074766355	793.3941908713693	795.2452830188679	783.85
NM_001183653.3	102	92.11340815121088	92.72229869236064	91.74897119341563	91.32574031890661	92.01524830002062	90.75392670157069
NM_001183655.1	206	192.0603015075377	192.42708333333331	198.10619469026548	194.07142857142858	190.38157894736844	188.27586206896552
NM_001183657.1	298	315.41860465116275	310.53333333333336	300.63888888888886	325.2357723577236	337.04424778761063	332.4533333333333
NM_001183658.6	623	614.715892053973	618.1364097363083	620.6401734104046	610.6480311132717	614.3699215965788	610.6878048780487
NM_001183660.1	543	523.6133333333333	521.5650741350906	530.1100917431193	520.5703479576399	522.4485049833887	523.3011049723757
NM_001183662.1	671	672.8096101541252	662.9753086419754	677.2690058479532	663.4135693215339	665.8355167394468	664.3458445040214
NM_001183663.3	440	416.00000000000006	434.19999999999993	433.3333333333333	426.4654088050315	429.0	444.3636363636364
NM_001183664.1	413	399.2368421052632	396.38607594936707	400.78787878787875	404.98630136986304	402.49132947976875	399.9577464788733
NM_001183665.3	325	321.7110091743119	311.6653543307087	328.95	319.60727272727274	314.53979238754323	318.07801418439715
NM_001183666.1	205	206.8210966542751	211.21093176815845	208.11610486891388	215.97476923076923	210.17884130982367	204.2009090909091
NM_001183668.3	680	728.8888888888888	676.2886597938144	694.5882352941177	673.0389610389611	673.0389610389611	715.6363636363636
NM_001183669.1	440	439.6363636363636	426.1960784313726	443.96638655462186	423.66820276497697	437.39428571428573	426.66666666666663
NM_001183670.3	299	289.578313253012	292.7592954990215	289.4230769230769	295.3434610303831	293.0866965620329	285.60606060606057
NM_001183671.1	173	158.68231046931407	162.46105919003114	160.73939393939392	159.4868035190616	159.54461538461538	160.53548387096774
NM_001183672.3	171	169.77464788732397	169.66519823788548	171.5	161.08860759493672	170.9673913043478	167.8197424892704
NM_001183673.1	658	664.3919902912622	657.4472019464721	654.6178861788618	649.8644222020018	653.9789915966387	658.7304964539007
NM_001183675.2	804	823.1155778894473	829.2358803986712	843.2432432432432	826.032786885246	815.6016597510373	839.5419847328245
NM_001183676.3	156	153.21428571428572	156.24489795918367	143.47826086956522	143.5140186915888	149.4794520547945	138.22641509433964
NM_001183678.3	432	426.9508196721311	430.14146341463413	422.36303630363034	423.6038647342995	421.78116079923876	421.94594594594594
NM_001183679.1	573	568.1018041237113	566.2378686964795	566.9346642468239	564.6978361669243	565.0498710232158	575.2208955223881
NM_001183680.3	333	332.47184986595175	321.37678207739305	327.10386151797604	322.0513698630137	325.1606805293006	326.96965865992416
NM_001183681.1	342	335.30612244897964	337.10729613733906	342.12413793103445	347.1394422310757	342.96694214876027	337.875
NM_001183683.3	425	426.1279373368146	413.83199999999994	425.2540322580645	421.2130081300813	425.4223968565815	418.16342412451354
NM_001183684.1	101	101.86956521739131	90.95121951219512	91.8433734939759	89.88571428571429	87.7943925233645	95.58620689655172
NM_001183685.3	418	422.6545454545454	407.1333333333333	405.93939393939394	422.6545454545454	423.7358490566038	422.14285714285717
NM_001183686.1	754	730.0	745.3244274809159	736.3112391930836	735.5619047619048	734.6995708154506	744.2578125
NM_001183689.3	835	827.1783984041037	827.506598076493	828.5716666666666	827.9713531084925	832.4721180880974	827.2810539523211
NM_001183690.1	322	310.25476429287863	313.3007334963325	318.42367601246104	309.4713430282292	309.17150890346767	312.9482200647249
NM_001183691.3	455	454.2721382289417	461.7857142857143	456.1734513274336	461.56494023904384	448.7176050044682	444.3024691358024
NM_001183692.1	654	632.9716981132075	646.1538461538461	637.1590909090909	642.0382165605095	646.5168539325842	669.7894736842105
NM_001183693.3	423	413.0	421.1666666666667	425.0217391304348	481.26804123711344	409.6875	445.03846153846155
NM_001183694.1	656	647.9327731092437	656.4645161290322	651.1515151515151	671.2275862068965	660.7272727272727	678.470588235294
NM_001183695.3	156	146.90671031096562	149.27809607756723	147.02846299810247	155.08833922261482	149.77590741714886	146.90944498539434
NM_001183697.1	270	259.8202247191011	278.36842105263156	273.8490566037736	267.70588235294116	255.24812030075188	276.75
NM_001183698.3	305	296.3972602739726	287.10869565217394	315.40816326530614	302.8961038961039	287.10869565217394	310.57894736842104
NM_001183699.1	261	253.046875	263.4421487603306	266.39534883720927	253.0981132075472	260.60165975103735	260.7
NM_001183700.3	281	269.6175710594315	270.8469827586207	274.36486486486484	269.85	274.05213270142184	281.2017937219731
NM_001183702.1	225	228.43809523809523	220.71531100478467	216.32286995515696	214.03241895261846	222.35967302452315	208.14213197969545
NM_001183704.1	134	120.30139935414424	119.64383561643835	118.17337461300309	127.68342951360263	121.10350727117195	118.91437308868501
NM_001183705.3	144	146.97068403908796	142.46696035242292	142.93333333333334	135.6177924217463	138.46153846153848	144.64646464646464
NM_001183706.1	295	285.01724137931035	288.0708661417323	286.0555555555556	291.5669642857143	287.85645933014354	292.97297297297297
NM_001183707.3	313	313.99459459459456	310.0383141762452	303.8205128205128	308.7794676806084	317.7892720306513	296.22499999999997
NM_001183709.3	1698	1698.1055999999999	1703.3316645807258	1678.7692307692307	1710.7674418604654	1687.3068362480128	1700.9276139410188
NM_001183710.1	1467	1461.3238095238094	1462.0873015873015	1451.3410404624276	1450.5947368421052	1443.0000000000002	1470.05625
NM_001183711.3	304	317.3333333333333	298.06451612903226	293.0232558139535	316.2352941176471	306.8085106382979	308.0
NM_001183712.1	100	86.04756575265809	86.03949570456321	84.90305206463196	86.4043688717885	86.84596577017115	84.88994986870374
NM_001183713.1	198	188.8372093023256	185.57292882147027	185.79661016949154	184.20973782771534	184.60029717682022	192.14438502673798
NM_001183714.3	223	217.09090909090907	214.3076923076923	216.30434782608697	215.31147540983605	219.23728813559322	230.84000000000003
NM_001183715.1	1284	1323.0000000000002	1309.7368421052631	1308.4615384615383	1297.8947368421052	1359.7122302158275	1312.5
NM_001183716.4	187	175.734375	172.10614525139664	177.65168539325845	176.50828729281767	179.0	174.41
NM_001183718.1	741	778.2073170731708	744.4449760765551	754.408695652174	744.3142857142858	774.5133689839572	785.2857142857143
NM_001183720.3	430	419.4691943127962	417.4136546184739	442.01612903225805	433.60799999999995	432.56074766355135	442.0888888888889
NM_001183722.3	406	427.02142857142854	414.5736434108527	408.84324324324325	407.8774193548387	413.50515463917526	411.0862944162437
NM_001183724.1	1115	1113.265306122449	1140.218045112782	1145.323651452282	1117.827868852459	1113.9081364829397	1109.1833333333334
NM_001183726.4	516	507.87096774193554	502.25000000000006	513.0857142857143	517.448275862069	540.5070422535211	492.0
NM_001183727.1	448	446.61333333333334	473.6170212765957	468.2434782608695	449.767955801105	462.54545454545456	451.9560439560439
NM_001183728.3	582	585.3865030674847	575.2577319587629	574.74	562.6890756302521	579.943820224719	582.0
NM_001183730.1	506	497.9571567672834	499.61461794019937	501.7007936507936	500.07377216221727	500.808701502579	497.044183218484
NM_001183731.3	285	282.3545454545455	282.0483870967742	284.02941176470586	272.54423076923075	274.3033980582524	292.009900990099
NM_001183732.1	167	158.2695508505691	156.2020559736363	155.67725093233884	153.16805133787886	157.21556031406138	154.5813831185906
NM_001183735.1	341	333.48699763593385	328.9622641509434	331.51056338028167	331.37641723356006	335.0470297029703	339.1559139784946
NM_001183736.3	434	432.8354430379747	438.2463465553236	431.2987012987013	448.1395348837209	446.56756756756755	430.5
NM_001183737.3	695	684.1667924528302	691.4166179052078	685.3529411764706	687.1096033402923	694.4410480349345	701.2125654450261
NM_001183739.1	208	189.84126984126982	197.5294117647059	206.08	184.0	200.35555555555555	206.43902439024393
NM_001183740.3	486	497.2671755725191	485.8280802292264	491.44117647058823	477.1701492537313	495.1126279863481	478.2105263157895
NM_001183741.1	748	748.0102040816328	765.5296367112811	767.6144578313254	748.2410714285714	748.6818181818182	751.5285171102662
NM_001183742.3	813	792.3291139240506	798.9558359621451	831.9387755102041	801.101226993865	805.9071428571428	808.1272727272726
NM_001183743.1	451	442.1500192826842	444.9694217378141	446.07929515418505	447.8745840798567	449.7667342799188	441.62172284644197
NM_001183744.3	597	573.0	596.1048387096774	581.1857142857142	581.0139860139859	606.3786407766991	593.4642857142858
NM_001183746.1	1569	1593.1172140430351	1582.4077632590315	1609.8714652956298	1586.2232243517474	1589.8999523582659	1583.325581395349
NM_001183747.3	110	117.27272727272728	112.10352941176471	111.33928571428571	107.67827529021558	106.66233766233766	115.91304347826087
NM_001183749.3	867	857.7377622377622	849.9669421487604	860.3219178082193	856.691415313225	852.0160427807486	855.1004784688995
NM_001183750.1	1249	1225.0000000000002	1245.0819672131147	1241.013071895425	1225.0	1229.8418972332015	1235.1239669421486
NM_001183752.3	228	221.69753810082062	221.38582677165354	226.95123128923225	218.85416232005008	219.32370932224126	220.69656073138876
NM_001183755.3	953	948.8987325728771	956.2618510158014	945.0965346534654	948.2175340666557	950.6004996156803	944.0796062856156
NM_001183756.1	1360	1351.2164009111618	1364.0458015267175	1358.1192052980132	1350.2633451957295	1372.5642105263157	1360.8327137546469
NM_001183757.3	754	730.0	730.0	730.0	730.0	730.0000000000001	739.7333333333333
NM_001183760.1	321	309.3889515219842	307.1844300278035	306.4736842105263	308.04990925589834	306.0091001011122	306.6151079136691
NM_001183761.3	1659	1652.8281126090405	1657.1172945205478	1660.6806282722512	1649.7963800904977	1645.7808967596081	1656.2337662337663
NM_001183762.1	314	314.2857142857143	305.14056224899593	310.8496732026143	310.4405286343612	320.72033898305085	302.0833333333333
NM_001183764.3	286	275.5792682926829	276.51889168765746	280.17341040462424	272.86010362694304	280.0689655172414	276.7191011235955
NM_001183766.1	980	1006.0232558139535	968.8754208754209	962.2077922077922	983.0931174089068	971.4193548387096	971.1746031746031
NM_001183767.3	501	487.52205882352945	500.04347826086956	493.16949152542367	504.4380530973451	502.6681614349776	513.3813559322033
NM_001183769.3	1009	985.0000000000001	995.0510204081634	1034.2500000000002	996.0674157303371	1020.1785714285714	1021.4814814814815
NM_001183770.1	658	634.0	645.7407407407408	665.7	641.2045454545455	680.9629629629629	653.2121212121211
NM_001183772.1	338	323.968253968254	328.60465116279073	317.3763440860215	335.40909090909093	327.2409638554217	318.6865671641791
NM_001183773.3	786	765.9481865284974	769.2918660287082	777.089108910891	773.6781609195402	765.1882845188284	774.595041322314
NM_001183774.1	687	683.8818897637794	664.8314917127072	670.1675675675675	673.8688524590164	681.882911392405	666.7457627118645
NM_001183775.3	517	507.9609826589595	512.378034682081	513.4942263279446	513.472502805836	517.1666666666666	511.76903553299496
NM_001183776.1	626	643.4420289855072	622.7586206896551	626.2959641255605	626.0319361277445	620.008547008547	619.0607287449392
NM_001183777.3	157	141.11737089201878	140.36615384615385	147.5090909090909	141.35602094240838	146.41498559077812	148.34615384615384
NM_001183779.3	518	524.3176895306859	508.64690026954173	509.5345911949686	504.77258566978196	518.7885304659499	526.6911764705883
NM_001183780.1	521	503.1106557377049	510.1173020527859	505.05945945945945	514.4150943396227	508.63545150501665	500.10625000000005
NM_001183781.3	758	736.0793201133145	736.7006878899376	736.9716599190283	737.8110072689511	736.4907741251326	736.607460035524
NM_001183782.1	283	277.0450819672131	274.1312594840668	280.58333333333337	271.69124643196955	278.31384120171674	276.2818261633011
NM_001183783.3	991	1020.7222222222223	991.4810126582278	994.6285714285715	1091.3285714285714	989.4883720930234	1028.723404255319
NM_001183787.3	195	186.31343283582086	188.01895734597156	182.74809160305344	180.69850746268656	183.79591836734693	183.0705882352941
NM_001183788.1	396	403.6595744680851	389.7142857142857	392.66666666666663	380.8571428571429	398.2588235294118	388.1739130434783
NM_001183789.3	138	127.93889880543733	128.98661939615735	129.2313349676844	127.1846872082166	129.91698113207548	127.89836305888103
NM_001183790.1	598	599.3857493857494	603.4619469026549	613.6456456456457	587.2581521739131	599.221212121212	611.132075471698
NM_001183791.3	892	881.3538461538462	890.030456852792	875.75	904.1666666666666	899.6458333333333	885.7142857142858
NM_001183792.1	549	529.5258620689655	531.578947368421	541.9354838709678	527.6582278481012	528.3762057877814	539.8305084745763
NM_001183793.3	846	835.0996015936255	835.187165775401	843.6315789473684	838.0278551532033	838.8739002932551	835.1170212765958
NM_001183794.1	514	502.36036036036035	505.39267015706804	500.30030030030025	501.7760844079719	502.16512702078523	508.9644351464435
NM_001183795.3	449	447.8198198198198	447.28179922549896	451.0527718550107	439.6714922048998	444.0392447241762	447.8021978021978
NM_001183797.3	520	510.8376068376068	508.40000000000003	515.578947368421	513.1692307692308	510.7118644067796	505.92
NM_001183802.1	148	138.26071842410195	140.89818041037552	143.10631741140216	135.07640449438202	137.7925608011445	145.86249149081007
NM_001183803.3	199	198.0345443716498	202.74841437632136	206.36698808848553	198.40201850294363	197.31101918014292	204.02843601895734
NM_001183804.1	689	675.390625	665.0	679.4565217391305	678.2119205298013	682.9729729729729	665.0
NM_001183805.3	285	268.7524752475248	283.2804878048781	306.0	269.0721649484536	279.31578947368416	279.0
NM_001183806.1	560	544.5079365079365	536.0	536.0	558.1030927835052	536.0	551.3142857142857
NM_001183810.1	370	362.21875	378.03703703703707	383.51807228915663	387.52	409.1826086956522	393.7241379310345
NM_001183815.1	369	372.8787878787879	368.41628959276017	361.27358490566036	352.0408163265306	364.26395939086296	357.4698795180723
NM_001183816.1	228	215.08695652173913	211.64999999999998	218.57142857142858	208.79999999999998	213.9512195121951	227.72093023255812
NM_001183817.1	457	439.9838709677419	453.6190476190476	443.06976744186045	455.55208333333326	437.75824175824175	432.99999999999994
NM_001183818.1	336	336.47058823529414	336.35880398671094	327.1151736745887	329.12145643693106	335.42429906542054	328.6252220248668
NM_001183820.1	1165	1151.516129032258	1145.1043165467624	1155.722580645161	1145.149090909091	1153.621681415929	1167.8470588235293
NM_001183821.1	583	593.2244897959183	573.3333333333334	566.5540540540541	590.9428571428572	596.0198675496689	575.939393939394
NM_001183822.1	856	832.0000000000001	844.8000000000001	880.9411764705882	867.1549295774648	875.7894736842105	983.2727272727274
NM_001183823.1	1033	1029.9792079207923	1031.5084615384615	1024.6765536723165	1031.392950391645	1037.092807424594	1026.606711409396
NM_001183824.1	184	179.46902654867256	180.85106382978725	184.04293381037567	176.4906303236797	178.59154929577466	174.75587703435806
NM_001183825.1	348	363.4054054054054	364.0	340.61538461538464	385.7142857142857	348.9230769230769	351.9310344827586
NM_001183826.1	1223	1229.3136094674555	1223.4260407440213	1228.2676973148903	1229.1768876285005	1227.6534816646065	1224.890543559196
NM_001183827.1	116	122.10909090909091	119.70454545454545	110.57692307692308	123.46320346320347	130.92307692307693	122.0408163265306
NM_001183828.1	376	359.1111111111111	379.6853932584269	351.99999999999994	357.41538461538465	373.11999999999995	357.96610169491527
NM_001183829.1	352	340.0736196319018	335.1304347826087	344.40000000000003	341.9905213270142	339.9272727272727	338.41269841269843
NM_001183830.2	1309	1284.9999999999998	1288.399470899471	1299.9418604651164	1290.298969072165	1294.7103274559195	1285.0
NM_001183832.1	364	343.50515463917526	340.0	360.0	352.28915662650604	357.0	390.3703703703704
NM_001183833.1	830	824.5315019408779	826.2767295597484	827.1271297509829	818.3053435114504	824.2757982415548	818.8702594810379
NM_001183834.1	616	614.4242424242425	615.68	627.2380952380953	612.7719298245613	615.125	620.8780487804878
NM_001183836.1	1095	1087.734375	1085.6712328767123	1099.1842105263158	1089.2556818181818	1110.4233128834358	1095.067415730337
NM_001183837.1	652	650.9197080291971	659.2127236580517	645.171875	646.4366972477064	647.030303030303	632.2576271186441
NM_001183840.1	497	478.5647058823529	482.4599999999999	473.00000000000006	510.0980392156863	497.2564102564102	513.0847457627119
NM_001183842.1	393	396.6143092105263	395.66252369917845	403.9031377899045	392.8925918872595	395.7022742935906	404.5858343337335
NM_001183843.1	732	785.8021978021978	758.5714285714286	772.3636363636363	759.027027027027	770.9333333333334	757.6842105263158
NM_001183844.1	562	547.9629629629629	559.6436781609195	563.9724137931036	551.0485074626866	547.2162740899358	546.8925619834711
NM_001183845.1	300	293.74285714285713	290.07365439093485	293.9644970414201	288.83720930232556	294.6257668711657	288.83720930232556
NM_001183846.1	820	842.9582733812949	823.721393034826	819.3589164785552	825.6586538461538	819.02893081761	821.7412935323382
NM_001183850.1	942	918.0	918.0	918.0	918.0	918.0	918.0
NM_001183851.1	152	151.44347826086957	149.07061574434917	147.7347114556417	147.77877428998505	150.34601804629267	147.2876712328767
NM_001183852.1	172	163.17948717948718	157.25	180.8888888888889	154.72727272727272	171.94117647058823	168.0
NM_001183853.1	311	297.25	300.8313253012048	308.52500000000003	295.08450704225356	292.85714285714283	287.0
NM_001183854.1	997	995.1136363636364	1017.9076923076923	988.4444444444445	998.6052631578948	995.3678160919541	1008.3818181818182
NM_001183856.1	550	565.9493670886076	546.6274509803922	549.9090909090909	574.5538461538462	566.987012987013	563.5714285714286
NM_001183857.1	680	692.9903083700441	687.4278002699054	708.9631728045326	669.1966255678132	676.0708534621579	690.0081855388812
NM_001183859.1	793	779.2533333333333	778.3212121212122	794.9213483146067	794.0760869565219	812.020979020979	769.0
NM_001183860.1	94	76.51162790697674	81.84615384615384	77.0	79.42307692307692	106.5909090909091	75.67567567567568
NM_001183862.1	410	408.1097852028639	404.99472759226717	414.23905203503347	408.53938077131994	408.1005755831566	405.987648456057
NM_001183863.1	447	444.43859649122805	434.6958525345622	436.9963235294117	431.06995230524643	434.1525423728814	429.24354243542433
NM_001183864.1	390	398.01715265866204	402.75982532751095	394.89473684210526	392.93506493506493	398.6478873239436	400.2456140350877
NM_001183865.1	193	181.07142857142856	179.83333333333331	186.97872340425533	185.73267326732673	184.16666666666666	177.04761904761904
NM_001183867.1	441	452.35660847880297	441.13019891500903	451.75	441.77826086956526	444.4342105263158	444.5702479338843
NM_001183869.1	327	315.36734693877554	315.625	321.44347826086954	315.4691358024691	318.08144796380094	314.11926605504584
NM_001183871.1	377	372.85625	364.1306306306306	370.5041322314049	366.32075471698107	369.944	384.27848101265823
NM_001183872.1	1506	1493.856	1509.8191126279864	1501.3094462540714	1512.1724550898202	1513.6354679802955	1506.90756302521
NM_001183873.1	145	142.82493368700264	138.21739130434784	136.88416988416986	130.0644599303136	132.1591320072333	140.10526315789474
NM_001183875.1	495	495.5718284769054	495.5201448619285	500.293536040825	493.23531029425243	494.0280160658501	491.88089611494473
NM_001183877.1	471	460.41	465.1522842639594	466.7102362204725	459.88084112149534	455.8306679209784	466.6792452830189
NM_001183878.1	296	284.3636363636364	285.0769230769231	297.3023255813954	289.17894736842106	289.43589743589746	296.7272727272727
NM_001183879.1	237	220.8888888888889	248.8141592920354	212.99999999999997	222.18103448275863	225.42499999999998	236.66666666666669
NM_001183880.1	474	456.6176470588235	474.32432432432427	450.0	464.0625	470.7692307692308	518.1818181818182
NM_001183881.1	193	172.18867924528303	175.25925925925927	177.2439024390244	177.2843137254902	173.97058823529412	174.12121212121212
NM_001183882.1	288	282.48	274.07633587786256	277.53846153846155	295.05882352941177	276.57142857142856	264.0
NM_001183883.1	330	322.32	329.7413793103449	338.7857142857143	330.48	319.6607142857143	312.0
NM_001183884.1	607	620.8571428571429	619.6457142857142	612.3949579831932	603.3668122270742	600.231527093596	597.948717948718
NM_001183888.1	749	729.2151162790698	737.9464285714286	742.6829268292684	743.3544303797468	731.2770562770562	739.5
NM_001183889.1	780	756.0	772.6764705882354	756.0	764.0425531914894	765.8181818181819	782.5263157894738
NM_001183892.1	239	232.94200848656294	232.95360824742266	232.43243243243242	229.96023856858847	228.69989722507708	230.2327935222672
NM_001183893.1	155	152.53424657534245	152.34428552152207	148.74255019823508	147.67254465997087	150.6017302146748	147.9721867461331
NM_001183895.1	192	183.8629482071713	182.85982184716363	180.70686650400836	182.66491458607098	181.51390985551004	179.8750684931507
NM_001183896.1	1862	1878.1948310139164	1897.6568778979909	1883.6645962732916	1875.8668779714737	1910.3622047244094	1849.8580645161292
NM_001183897.1	462	462.14173228346453	453.75539568345323	449.3766233766234	470.0487804878049	448.77049180327873	450.6956521739131
NM_001183898.1	839	848.5140186915888	833.2889200561011	856.6066066066066	830.4835924006909	842.9109589041096	828.6974789915967
NM_001183899.1	2190	2183.685878962536	2192.189189189189	2199.2328519855596	2193.9530112508273	2188.6160417655433	2178.9217002237137
NM_001183900.1	552	544.4299858557283	560.2308546059933	543.5599214145383	546.1216848673946	549.3931034482758	540.672
NM_001183901.1	312	317.6470588235294	311.4849785407725	299.5973154362416	320.12749003984067	312.8038277511962	302.7153284671533
NM_001183903.1	671	647.0	699.2828282828283	647.0	672.6746031746031	670.3153153153154	682.9444444444445
NM_001183904.1	231	214.83657124477324	215.54415300251225	220.85885377110475	215.35481186470903	216.38232627926604	220.9428081562672
NM_001183905.1	478	480.43544303797466	477.48669010547457	500.5329768270945	477.92908481073306	490.62749003984067	501.56985294117646
NM_001183906.1	453	476.46382978723403	452.22611464968156	453.375	462.980198019802	460.1485148514852	457.2236842105263
NM_001183907.1	642	633.719476744186	635.2448747152619	642.6933045356371	634.460914881297	633.8461538461539	645.4361820199779
NM_001183908.1	269	249.74193548387095	254.9359658484525	251.26968503937007	252.90322580645164	253.43562874251498	252.18666666666667
NM_001183909.1	451	450.0810810810811	443.4230769230769	440.34375	444.54794520547944	436.5955056179775	427.0
NM_001183910.1	358	362.7931034482758	366.74509803921563	364.71264367816093	360.26966292134836	366.5853658536585	372.0506329113924
NM_001183911.1	487	503.8529411764706	508.9173553719009	509.29999999999995	478.96551724137936	493.8666666666666	507.8064516129032
NM_001183912.1	108	101.60906515580736	103.75247524752476	98.88188976377953	106.99767981438514	112.15258855585832	111.24324324324324
NM_001183913.1	177	176.65979381443302	167.03669724770643	172.47272727272727	162.792	171.88888888888889	163.37288135593218
NM_001183914.1	491	485.4342105263158	482.4806629834254	487.1293103448276	491.79646017699116	483.76410256410253	487.8482142857142
NM_001183915.1	451	443.92378048780495	446.3115577889447	451.10483870967744	448.5294117647059	450.94392523364485	449.4736842105263
NM_001183917.1	463	451.9117647058823	460.4146341463415	447.4423076923077	485.77868852459017	475.2061855670103	463.05479452054794
NM_001183918.1	653	712.25	656.9555555555555	637.5	665.6916666666666	640.3333333333333	680.5573770491803
NM_001183919.1	844	826.3565891472867	835.7227138643068	826.3565891472867	836.205533596838	834.3607705779335	845.1533742331287
NM_001183920.1	688	681.163407507305	681.6127320954907	683.2073223383127	680.1697233718145	680.7678524650286	679.5297092288243
NM_001183921.1	243	276.63157894736844	254.4264705882353	237.25000000000003	270.52941176470586	270.52941176470586	262.8
NM_001183922.1	163	150.4246575342466	154.44444444444443	160.80392156862746	163.61458333333331	155.54761904761904	141.72549019607843
NM_001183924.1	1218	1207.0254545454545	1205.5176848874598	1229.1176470588236	1241.4151624548736	1211.5588235294117	1194.0
NM_001183925.1	328	315.5078864353312	320.95238095238096	321.50561797752806	321.5421686746988	319.98934753661786	318.31763417305586
NM_001183926.1	389	396.35738831615123	392.32620320855614	388.60696517412936	388.9724576271186	384.5853658536585	396.9845360824742
NM_001183929.1	1123	1105.6606060606061	1111.51708428246	1105.2443181818182	1110.056338028169	1117.3779264214047	1104.9728260869565
NM_001183930.1	692	683.607476635514	711.0042918454936	677.5428571428571	698.949806949807	690.3598326359833	691.8571428571429
NM_001183931.1	283	279.17612193056726	280.29270021261516	273.7705570291777	272.6916299559471	278.5635026737968	276.3556701030928
NM_001183932.1	339	331.99640287769785	331.1538461538462	324.30379746835445	320.31894934333957	333.5294117647059	329.93534482758616
NM_001183933.1	612	588.0	603.2727272727273	588.0	593.394495412844	598.9906542056075	618.9473684210526
NM_001183934.1	552	539.8651685393259	550.9565217391305	572.0	559.0588235294117	562.2857142857142	556.2857142857143
NM_001183936.1	508	519.2582781456954	504.16666666666663	517.7674418604652	502.2259414225941	499.90610328638496	492.4173913043478
NM_001183937.1	429	420.77922077922074	416.6826923076923	432.9310344827586	413.265306122449	432.36486486486484	426.8918918918919
NM_001183938.1	248	227.1111111111111	228.57142857142856	235.78947368421055	236.58426966292134	238.93333333333334	235.48717948717947
NM_001183939.1	1027	1015.1428571428572	1008.4216216216216	1006.2147435897435	1013.9191290824261	1009.091093117409	1020.6584507042254
NM_001183940.1	891	877.0061099796334	884.7456140350878	880.4349173553718	882.034682080925	882.6548061603823	887.291489361702
NM_001183941.1	253	236.57593984962406	240.53975363941768	247.98743718592965	238.97935779816513	238.27125506072875	244.48792270531402
NM_001183942.1	557	547.9614035087719	541.2849740932643	544.2804232804233	546.7106109324759	557.3978873239436	548.5847953216374
NM_001183943.1	239	235.06666666666666	240.22510231923602	236.1633109619687	239.63224893917965	235.2013422818792	234.05063291139243
NM_001183945.1	292	288.6191218592509	286.6330742093597	288.44330713458845	283.7588683996149	285.5732563582462	286.43508168529667
NM_001183946.1	295	275.3015873015873	297.2258064516129	278.52777777777777	295.39	287.32530120481925	282.531914893617
NM_001183947.1	441	417.0	431.89285714285717	425.6875	417.0	435.53333333333336	416.99999999999994
NM_001183949.1	160	151.34513274336283	152.9060773480663	157.8850574712644	145.13326337880378	147.08408796895213	148.688995215311
NM_001183951.1	1271	1254.2782101167315	1276.9279999999999	1291.2483870967742	1262.9871794871794	1257.4351464435144	1259.501253132832
NM_001183952.1	348	331.8072289156626	324.0	336.96000000000004	345.19626168224295	326.89285714285717	330.2307692307692
NM_001183953.1	455	449.83009708737865	446.1955128205128	450.93063583815024	459.10869565217394	443.35350318471336	462.3973509933775
NM_001183954.1	501	477.0	503.74766355140184	477.0	486.54	495.52427184466023	493.44827586206895
NM_001183955.1	860	855.2923076923076	853.9784946236559	849.483870967742	857.8848167539267	856.5911330049261	878.2222222222223
NM_001183957.1	102	93.57287251385719	92.15539803707743	93.07735742518351	91.98833755088569	94.44083370685792	93.57934230854116
NM_001183958.1	143	138.83333333333331	133.6818181818182	147.98717948717947	134.98507462686567	133.57142857142856	141.96491228070175
NM_001183959.1	429	429.1830708661417	426.2342981977062	424.45588235294116	418.98012552301253	427.2808022922636	421.10526315789474
NM_001183960.1	450	435.4828767123288	441.05497382198956	433.04132231404964	438.9286798179059	433.94776119402985	438.0
NM_001183964.1	896	933.0399999999998	879.7857142857142	892.7619047619047	916.1518987341773	872.0	903.9024390243901
NM_001183965.1	446	434.29126213592235	438.2307692307692	430.2745098039216	438.10687022900765	448.5826771653543	443.45762711864404
NM_001183966.1	353	351.8019801980198	361.20979020979024	361.90000000000003	337.0736196319018	353.55223880597015	348.93939393939394
NM_001183967.1	816	792.0	809.0322580645161	801.2093023255815	837.9130434782609	806.5766871165645	802.4210526315791
NM_001183968.1	400	397.1081697854861	396.19437340153456	393.7231503579953	389.3954508084406	396.3334329250075	395.02502720348207
NM_001183969.1	701	692.8362573099415	712.0172413793103	692.3863636363637	697.0098522167488	704.8764705882352	707.0888888888888
NM_001183970.1	279	275.4	270.9375	286.2244897959184	281.84210526315786	258.6428571428571	263.5
NM_001183971.1	310	313.5	304.0	310.71604938271605	298.358024691358	299.43624161073825	299.45882352941175
NM_001183972.1	753	754.1379310344828	764.595703125	744.4449152542372	734.4812030075188	757.558762886598	761.3346774193549
NM_001183973.1	248	233.81021897810217	238.93333333333334	247.40298507462686	241.47517730496455	249.9710144927536	239.44827586206895
NM_001183974.1	1085	1080.6778089281863	1079.7851549199866	1082.951724137931	1075.4528664549557	1079.4743626743627	1075.668202764977
NM_001183975.1	628	637.03125	653.2148148148148	627.5324675324675	641.1692307692308	636.5508982035927	640.2399999999999
NM_001183976.1	268	260.05263157894734	258.3529411764706	261.6811594202899	256.2	266.1818181818182	271.11111111111114
NM_001183977.1	255	263.46774193548384	261.5960264900662	260.74414715719064	253.2603550295858	269.3850746268657	254.0660792951542
NM_001183982.1	425	401.0	422.67567567567573	461.7575757575758	413.1515151515152	419.50769230769225	411.83783783783787
NM_001183983.1	594	586.764705882353	583.6452665941241	605.2857142857143	585.4916067146283	597.1159563924678	607.6415094339623
NM_001183984.1	147	140.9246231155779	134.81125827814571	134.2671755725191	142.25978647686833	137.33458646616543	135.86274509803923
NM_001183986.1	457	467.8390804597701	452.5045045045045	439.5606060606061	487.12499999999994	487.12500000000006	457.0555555555556
NM_001183987.1	292	283.22727272727275	284.5559845559846	276.7581699346405	279.873417721519	284.08	285.65269461077844
NM_001183989.1	447	433.57500000000005	443.7352941176471	484.52727272727276	429.40909090909093	441.716814159292	423.0
NM_001183990.1	778	780.7548387096774	782.5297297297298	760.7927927927927	765.8340807174887	775.8024096385542	763.5443037974683
NM_001183991.1	301	287.1341463414634	290.26063829787233	286.6347826086956	293.25995807127885	298.76428571428573	286.9372197309417
NM_001183992.1	203	196.3498817966903	193.75964912280702	197.20338983050846	194.56521739130434	198.06018518518516	200.15454545454546
NM_001183993.1	544	679.5767195767196	600.0	610.2994011976048	573.2013201320132	583.948220064725	614.5454545454545
NM_001183994.1	794	780.5	793.0538922155689	786.8613138686131	776.3461538461539	781.7557251908397	789.6178343949043
NM_001183995.1	501	481.8344594594594	486.1229508196721	493.33561643835617	483.34589800443456	481.6012861736334	479.5783783783784
NM_001183997.1	1008	998.0974212034384	997.8947368421053	1000.9655172413793	1005.7458563535912	995.1256281407035	1002.5660377358491
NM_001183998.1	607	588.83	584.6578199052133	587.2867647058823	586.4945054945055	589.5505617977528	585.4393305439331
NM_001184002.1	409	397.28723404255317	415.19607843137254	409.83870967741933	418.88	424.40058479532166	412.5
NM_001184004.1	797	800.4023083264633	795.9513064133016	806.4922010398614	788.1646876613319	805.2830626450116	796.5730622617535
NM_001184005.1	355	366.9782608695652	358.58333333333337	362.5238095238095	387.10169491525426	388.5652173913043	375.72972972972974
NM_001184007.1	376	371.027027027027	354.3466666666667	361.2631578947369	357.25373134328356	362.15384615384613	369.6
NM_001184008.1	607	623.6744186046512	583.0000000000001	583.0	617.2941176470588	606.32	583.0
NM_001184009.1	927	919.2118491921007	935.207397622193	922.9191176470589	922.5736994219654	934.2513661202186	925.2276923076923
NM_001184010.1	268	255.1926605504587	266.94017094017096	272.94915254237293	255.32489451476795	264.0941176470588	282.3820224719101
NM_001184012.1	239	216.7094358672332	216.95656828806966	217.0833630210189	216.5064436751887	216.52314088151698	216.69262365223344
NM_001184013.1	235	226.42067736185382	227.39424460431653	230.00900900900902	226.8610478359909	228.3640897755611	234.20999999999998
NM_001184016.1	411	403.3809523809524	404.8117154811715	409.27338129496405	407.2048192771084	400.57894736842104	440.3793103448276
NM_001184017.1	375	357.10434782608695	363.3700440528634	367.40186915887847	358.34309623430966	374.76562499999994	357.9504950495049
NM_001184018.1	489	488.8672566371681	487.0076335877862	485.7242339832869	490.50382653061223	488.99581589958154	490.9018567639257
NM_001184020.1	316	308.7923322683706	320.4415584415584	308.5466666666666	314.01005025125625	315.313373253493	312.03921568627453
NM_001184021.1	805	809.5580286168522	825.858615611193	811.910290237467	809.1672131147542	835.3026584867075	807.4248120300751
NM_001184022.1	578	569.5327102803739	582.4102564102564	570.2941176470588	577.2447552447552	582.1694915254237	587.6891891891892
NM_001184023.1	362	343.54098360655735	338.0	346.66666666666663	337.99999999999994	338.0	338.0
NM_001184024.1	635	635.315306122449	627.7254063301967	619.4861111111111	626.0789733464954	633.7785087719298	618.5277207392197
NM_001184025.1	176	175.6401028277635	168.140206185567	166.73764258555133	166.24232633279482	169.68461538461537	168.7626168224299
NM_001184026.1	539	528.918918918919	533.4661354581673	528.4766355140187	531.6823406478578	526.7938931297709	528.8255033557048
NM_001184027.1	233	234.26373626373626	225.45669291338584	217.83098591549296	225.0769230769231	251.78740157480317	229.44565217391306
NM_001184028.1	535	564.2291666666667	556.8589743589744	542.9375	547.2411347517731	541.969696969697	549.7121212121212
NM_001184029.1	330	360.2278481012658	321.24555160142353	340.42499999999995	322.4910179640719	333.55900621118013	324.3233532934132
NM_001184031.1	1178	1173.3786733837112	1175.0743073047859	1186.6727066817668	1167.447033898305	1170.9140572951367	1178.3351831298557
NM_001184032.1	185	189.49817518248176	186.5569214323891	185.85714285714286	186.728431372549	181.31076923076924	182.1122641509434
NM_001184033.1	487	472.7473684210526	475.74311926605503	474.2926829268293	466.6746031746032	467.45192307692315	479.8363636363636
NM_001184034.1	212	207.04687682655964	204.44095089584064	211.35788894997253	202.76721963152664	206.31188765512738	205.6747363730878
NM_001184035.1	788	784.989010989011	796.9784172661871	795.440329218107	799.906005221932	803.0215053763441	790.4752475247525
NM_001184038.2	479	489.125	476.0927152317881	490.7865168539326	485.0	466.741935483871	498.0405405405405
NM_001184039.1	141	136.305	132.34708916728076	134.67757009345794	132.82099162910495	135.8539156626506	139.1
NM_001184040.1	1191	1193.4217096910706	1190.7587991718426	1185.0675580577058	1181.8930503537244	1187.5549032053316	1191.480172413793
NM_001184041.1	329	322.59615384615387	322.8246753246753	322.63005780346816	322.1830985915493	318.47389558232936	322.81021897810217
NM_001184042.1	544	532.3222748815166	535.5069582504971	538.5714285714286	536.0650406504064	534.0833333333333	530.0
NM_001184043.1	201	191.95774647887322	198.11009174311928	186.83333333333331	195.74117647058824	196.19277108433732	198.45454545454544
NM_001184045.1	1882	1894.049424739601	1898.1175248715424	1881.9313778547462	1890.9370380661294	1904.5812146892656	1874.5728444003964
NM_001184046.1	285	271.1301369863014	270.0745033112583	276.4095940959409	266.6175496688742	273.7202166064982	274.93238434163703
NM_001184047.1	211	221.3469387755102	202.80281690140845	196.12195121951223	207.453125	208.5769230769231	196.5897435897436
NM_001184048.1	159	166.5737704918033	159.0381558028617	153.44720496894408	158.17164179104478	163.34885690093142	154.2260061919505
NM_001184049.1	466	469.4282807731434	465.60351133869784	465.0608695652174	464.38888888888886	466.78504672897196	462.79999999999995
NM_001184051.1	280	273.9	273.4841168996188	270.3785103785104	270.68291233283804	269.6198809940497	271.9896973599485
NM_001184053.1	195	185.25000000000003	182.74600638977634	185.70382165605096	180.8946587537092	189.09662576687117	184.6988950276243
NM_001184054.1	704	692.8538497003228	692.6414233576642	694.2015636714148	694.8126028865663	695.6847195357834	690.3923496291001
NM_001184055.1	263	248.95833333333331	259.2542372881356	242.62121212121212	250.472	250.20312500000003	249.39130434782612
NM_001184056.1	1490	1490.0327868852457	1480.372549019608	1502.4676616915424	1478.8822495606325	1476.6489104116222	1478.1157024793388
NM_001184057.1	594	599.5555555555555	595.986124876115	588.1528662420382	591.8086956521739	589.6551724137931	587.5047984644914
NM_001184058.1	334	315.43859649122805	328.6746987951807	324.5882352941177	326.42384105960264	326.43939393939394	357.69230769230774
NM_001184059.1	449	435.85106382978717	460.4166666666667	434.65909090909093	444.94134897360703	432.94392523364485	441.1137440758294
NM_001184060.1	257	250.3799533799534	253.04780114722755	258.32608695652175	248.368085106383	249.49086757990867	249.9454545454545
NM_001184061.1	518	504.6236559139785	508.5294117647059	493.99999999999994	515.2931034482759	524.4	494.00000000000006
NM_001184063.1	889	884.54802259887	882.1968190854872	917.6013513513514	888.980198019802	887.3948220064725	888.1283422459893
NM_001184064.1	131	125.88235294117648	123.82389937106917	126.33734939759037	120.60169491525426	121.3731343283582	123.09734513274337
NM_001184066.1	167	158.05263157894737	154.75342465753425	155.9308510638298	154.60714285714286	162.66914498141264	156.28415300546447
NM_001184067.1	642	640.8888888888889	630.875	637.6190476190477	634.9315068493152	629.8846153846154	618.0000000000001
NM_001184068.1	483	485.7142857142858	479.8636363636364	469.8425196850394	477.29347826086956	477.43373493975906	477.0708661417323
NM_001184069.1	380	371.1489361702128	392.8275862068965	377.57575757575756	366.6268656716418	368.49122807017545	409.40000000000003
NM_001184070.1	540	559.6056338028169	542.4	564.9430894308942	535.3621013133207	548.131868131868	563.4063604240283
NM_001184073.1	470	495.3271889400921	495.02836879432624	472.5476190476191	485.3130699088146	485.9402985074627	462.4171779141105
NM_001184074.1	546	537.2408759124088	543.8199356913183	538.0425531914893	536.1319796954315	537.9470468431772	531.6270491803278
NM_001184076.1	483	471.0597133757962	472.02529302899444	471.73584905660374	475.1899752475248	472.0256756756757	463.7319587628866
NM_001184077.1	646	653.4213547646383	652.3984962406015	645.1114701130856	640.9304347826087	641.1289682539683	661.1115618661258
NM_001184079.1	603	606.1865482233502	600.7778335005015	606.5435222672065	596.1480836236934	596.2835820895523	603.6532846715329
NM_001184080.1	313	311.2657232704403	307.9393203883495	312.96585365853656	305.19670329670333	304.15613825983314	303.16666666666663
NM_001184081.1	204	188.78048780487805	187.44827586206898	182.27848101265823	186.1764705882353	188.72727272727275	190.1123595505618
NM_001184084.1	768	785.5107296137339	771.302752293578	759.8297872340426	772.9580838323354	775.6595744680851	763.578947368421
NM_001184085.1	57	49.714285714285715	49.18867924528302	49.5	45.0528967254408	45.7875	47.0625
NM_001184087.1	320	322.6622185154295	320.1056493030081	318.9113607990013	315.86339125224686	315.9406674907293	320.008537886873
NM_001184088.1	582	580.0356687898089	573.4584450402144	589.418918918919	580.8745341614907	581.5027173913044	578.4302059496567
NM_001184093.1	370	366.969696969697	375.7177914110429	380.2197802197802	387.1904761904762	404.6440677966102	387.0508474576271
NM_001184100.1	749	808.3333333333334	743.4713375796179	725.0	730.0	742.2619047619048	734.1772151898733
NM_001184101.1	339	324.3782837127846	327.196261682243	323.5597826086956	319.1777188328913	322.70503597122297	323.7257617728532
NM_001184103.1	570	546.0	552.5	546.0	563.6129032258065	554.4	546.0
NM_001184105.1	689	684.8931623931624	688.4154929577466	674.047619047619	684.3064516129033	691.3656387665199	675.99173553719
NM_001184107.1	1198	1196.5428263214671	1194.8859633517168	1195.5266553480476	1193.4574665990192	1199.3656746840604	1192.1892893230045
NM_001184108.1	321	352.6875	310.6551724137931	314.4705882352941	333.0	310.921875	327.46153846153845
NM_001184113.1	240	238.30609212481426	239.07577639751554	235.15742793791577	232.91299897645857	237.3320099255583	235.4969574036511
NM_001184114.1	138	121.125	128.36974789915968	130.52173913043478	123.57251908396947	123.02970297029704	128.70967741935482
NM_001184115.1	601	580.2971428571428	599.4805194805195	614.0550458715596	594.0541871921183	601.5531914893618	601.8172043010752
NM_001184116.1	928	913.003984063745	909.5121951219511	912.0	911.4505494505495	915.9537190082646	917.2551319648094
NM_001184117.1	110	103.74603174603175	104.90517241379311	108.25174825174825	102.48562300319489	107.18840579710145	99.66887417218544
NM_001184118.1	897	918.0	910.9565217391305	914.5714285714287	895.1949152542373	919.7678571428572	888.051724137931
NM_001184119.1	1128	1107.4392523364486	1132.8	1124.4444444444443	1113.1239669421486	1114.7532467532467	1110.2727272727275
NM_001184120.1	396	388.7567567567567	389.90809628008753	383.1282051282051	378.5840707964602	388.399071925754	381.8325991189427
NM_001184121.1	742	743.9518072289156	753.3797101449276	741.2864864864865	730.149879129734	738.4777183600713	740.6988352745425
NM_001184122.1	388	390.962962962963	381.2421052631579	385.7777777777777	376.6486486486486	381.79555555555555	382.9583333333333
NM_001184123.1	1206	1272.923076923077	1319.8999999999999	1249.5428571428572	1243.5625000000002	1336.1739130434783	1182.0
NM_001184125.1	175	165.6931137724551	164.4810916179337	163.08	163.3092059030218	165.3671032357473	165.1022026431718
NM_001184126.1	827	809.2980392156862	811.7282608695652	817.6380208333333	813.5797101449275	813.8840361445783	828.382183908046
NM_001184128.1	743	719.0	726.6489361702128	767.7457627118645	736.3951612903227	725.2521739130434	792.3673469387755
NM_001184129.1	1028	1024.9895470383274	1024.0354767184035	1028.2903225806451	1054.6218487394958	1022.825	1029.5796178343949
NM_001184130.1	541	523.9152866242039	522.3725019984013	522.2342383801196	521.2717186024552	523.3163504029114	523.4991889699919
NM_001184131.1	472	474.4884318766067	481.67653758542144	468.61924686192464	469.5099337748344	470.06060606060606	460.7479674796748
NM_001184132.2	365	352.75580560210676	353.0714438961596	354.6632566069906	356.1274038461538	352.3362338241856	351.9141295862607
NM_001184133.1	473	469.57731618859214	469.31557846506297	471.0936507936508	463.2710644677661	469.5065671641791	469.3052572074618
NM_001184134.1	191	193.045871559633	200.4	185.76404494382024	189.77272727272728	197.23275862068962	182.35632183908046
NM_001184137.1	351	335.0740740740741	339.37297297297295	364.86315789473684	339.30645161290323	328.8901734104046	358.4423076923077
NM_001184138.1	400	389.68130489335005	394.060296371998	399.05755782678864	391.89478628464065	394.141188420518	392.5294685990338
NM_001184139.1	1070	1060.5953488372093	1067.709433962264	1069.141592920354	1052.7375201288246	1069.6748971193415	1063.6094276094277
NM_001184140.1	87	89.1972877819794	86.77818302387267	91.60477941176471	79.76193795747648	83.25462518843361	85.38329875518671
NM_001184142.1	465	447.5576208178439	453.3435114503817	448.875	459.0175097276264	447.25531914893617	448.98190045248873
NM_001184143.1	176	206.8888888888889	170.6122448979592	178.05714285714285	174.02898550724638	160.8372093023256	174.3529411764706
NM_001184144.1	464	462.85714285714283	451.0	459.5555555555555	456.9230769230769	440.0	470.344827586207
NM_001184145.1	618	607.2490706319703	622.05	623.5656108597285	602.1743119266055	614.5299539170506	629.5852534562212
NM_001184146.1	1173	1192.0875	1237.3846153846152	1207.1772151898733	1177.0243902439024	1204.8541666666667	1199.6911764705883
NM_001184148.1	171	155.5631067961165	160.475	169.96875	161.75086505190313	161.5065789473684	164.5
NM_001184149.1	88	84.55211267605634	83.42588235294117	84.61261261261261	81.13842173350582	83.2566371681416	81.42723004694835
NM_001184152.1	1060	1064.2545454545455	1059.4692556634304	1078.9430051813472	1088.4166666666665	1079.6210526315788	1077.7181208053692
NM_001184153.1	333	318.7169811320755	341.96	342.10714285714283	361.85526315789474	352.858064516129	315.37113402061857
NM_001184154.1	336	342.19354838709677	321.55102040816325	318.5	321.95744680851067	315.67058823529413	317.88679245283015
NM_001184155.1	302	302.80297397769516	297.2673267326732	287.4237288135593	292.99585062240664	290.8307692307692	281.41803278688525
NM_001184157.1	251	240.320293398533	252.80539499036612	248.06185567010309	257.79179810725554	252.81270903010034	244.24050632911394
NM_001184159.1	153	142.4483805668016	146.397247706422	145.77472527472526	144.048349961627	140.83170080142477	143.9894366197183
NM_001184160.1	135	127.12102874432678	128.21245421245422	128.74940334128877	129.65005793742756	126.95209580838323	124.87500000000001
NM_001184162.1	363	362.2962085308057	352.5364583333333	365.9659090909091	352.8707037643208	355.77031802120143	361.6
NM_001184164.1	180	172.2985074626866	178.8292682926829	199.14893617021278	177.66666666666666	189.28	183.67741935483872
NM_001184166.1	288	281.91988130563794	284.0147329650092	280.5893824485374	282.6359814118168	279.99034749034746	281.8910851149657
NM_001184167.1	561	550.7692307692308	561.5485714285714	566.1847826086956	555.0	563.8499999999999	551.1315789473684
NM_001184169.1	555	543.8032994923858	541.9430814524043	541.2418397626113	540.9385026737967	540.9718309859155	534.9626865671642
NM_001184170.1	156	168.03243243243242	161.70000000000002	164.26666666666668	157.23076923076923	158.2478386167147	162.1304347826087
NM_001184171.1	675	675.0131737841696	676.8014582164891	674.7389755766621	668.5640778570053	669.2814594192107	672.9705735660848
NM_001184172.1	355	344.5353159851301	338.27472527472526	352.0828025477707	344.3288590604027	345.7111111111111	337.3349282296651
NM_001184176.1	376	373.69863013698625	374.1732283464567	370.92473118279565	370.8571428571429	394.74285714285713	365.6699029126214
NM_001184177.1	453	446.04996528383714	445.6653098919141	447.7806965798557	440.2059057674984	444.0045937639473	443.7732406602954
NM_001184178.1	613	623.6470588235294	608.8539325842696	617.7317073170732	630.3333333333334	616.0804597701149	599.9074074074074
NM_001184179.1	138	155.45454545454544	146.57142857142858	148.0	151.5529411764706	137.0886075949367	133.0
NM_001184181.1	451	438.09090909090907	449.0862068965517	460.7105263157895	432.27160493827165	453.358024691358	444.7916666666667
NM_001184183.1	340	326.2973523421589	328.6841186736475	329.07586206896553	326.3394683026585	329.6145124716553	334.96
NM_001184185.1	536	524.6553672316385	521.1534025374856	524.8558951965065	525.0279898218829	526.0630722278738	521.4564643799472
NM_001184186.1	883	861.3469945355192	876.530612244898	872.421875	874.6751824817518	876.6748971193416	871.7732342007436
NM_001184188.1	765	786.7407407407408	785.732283464567	791.171875	775.9734513274336	768.8571428571429	780.0
NM_001184191.1	102	101.1111111111111	95.25	100.0	90.4468085106383	96.9090909090909	104.41935483870968
NM_001184192.1	1221	1239.4468085106382	1209.2769230769231	1208.735294117647	1218.0	1219.030674846626	1222.741935483871
NM_001184194.2	1068	1079.3498871331828	1067.0536277602523	1084.392857142857	1079.540425531915	1082.9288135593222	1070.7692307692307
NM_001184195.1	156	149.96449704142012	153.89268292682928	150.48000000000002	143.44897959183672	145.2	143.31428571428572
NM_001184197.1	135	138.3478260869565	140.71212121212122	132.05172413793102	133.83732057416267	127.25757575757576	129.6637168141593
NM_001184198.1	170	166.3291139240506	161.4848484848485	165.79661016949152	167.29166666666666	154.58823529411765	170.33333333333334
NM_001184199.1	169	156.03866474543707	156.78924658198392	153.88114008489995	160.01418439716312	156.7764794354139	155.94640695499064
NM_001184200.1	282	281.6366459627329	285.6719242902208	283.6252821670429	278.9058999253174	279.9496197718631	279.5
NM_001184201.1	931	924.8543307086615	907.0000000000001	929.3032786885246	927.2681564245811	926.380341880342	912.8141025641025
NM_001184202.1	856	852.8870292887029	875.943661971831	841.2444444444444	862.2046204620461	845.8091286307053	838.1176470588234
NM_001184203.1	438	433.44966442953023	428.1538461538462	432.4821428571429	421.36	440.5668449197861	424.34999999999997
NM_001184204.1	203	192.6641221374046	190.84558823529412	200.8292682926829	184.81168831168833	188.8661417322835	188.42105263157896
NM_001184205.1	424	421.28673550436855	422.92682926829275	426.57176749703444	424.20242024202423	417.0603674540682	425.24271844660194
NM_001184206.1	289	280.82089552238807	286.72131147540983	273.28125	287.7142857142857	281.1585365853659	278.5897435897436
NM_001184207.1	330	330.0652173913044	325.7857847976308	320.9467140319716	323.2008146639511	329.7751371115174	320.8470394736842
NM_001184208.1	559	569.6759259259259	540.8152173913044	542.6428571428572	542.3287671232877	558.2608695652175	548.7179487179487
NM_001184209.1	882	875.3479359730413	877.4309978768578	877.1999999999999	870.2790697674419	872.5853658536586	885.9296875
NM_001184210.1	215	201.85953177257525	202.56574394463667	204.620232172471	201.75335120643433	202.4290060851927	207.156015037594
NM_001184211.1	310	300.0777202072539	300.0912408759124	296.4634146341463	305.7241379310345	306.8	291.5533980582524
NM_001184212.1	1078	1054.0	1109.4736842105262	1085.4626865671642	1070.864	1063.2456140350878	1071.864406779661
NM_001184213.1	272	253.27659574468083	262.37681159420293	253.7674418604651	265.22222222222223	265.1034482758621	271.06976744186045
NM_001184215.1	406	404.6706231454006	399.78847671665346	401.1	403.0955223880597	402.00805801772765	403.6325966850829
NM_001184216.1	486	476.1166666666666	469.71428571428567	481.25	469.7810526315789	469.37234042553195	477.8529411764706
NM_001184217.1	430	419.8095238095238	422.79999999999995	423.4	423.7625	427.36842105263156	415.9024390243902
NM_001184219.1	1203	1191.2812499999998	1221.6787330316743	1206.2076923076922	1179.0	1193.5555555555554	1179.0
NM_001184221.1	401	390.6754901960784	388.2238988580751	394.60416666666663	381.97033618984835	386.86910994764395	388.38113207547167
NM_001184222.1	449	464.79400749063666	456.43491124260356	469.86111111111114	445.4204204204204	436.92982456140356	454.6511627906977
NM_001184224.1	340	330.92913385826773	370.41059602649005	350.72527472527474	335.83856502242156	352.8934010152284	347.08196721311475
NM_001184225.1	323	316.04145077720204	307.05387205387206	311.63380281690144	306.86842105263156	313.61777777777775	308.06060606060606
NM_001184226.1	344	344.04848484848486	341.0632911392405	346.06060606060606	339.3229643183898	346.5267576075551	338.55887521968367
NM_001184228.1	190	183.23497267759564	189.05555555555557	202.88888888888889	183.13167259786476	177.85714285714286	179.13669064748203
NM_001184229.1	140	122.30540224117746	122.9993511910279	123.82679978980556	124.52749370883974	123.05239661654136	123.94101426687446
NM_001184230.1	405	391.53941908713693	390.7217496962333	397.05337078651684	389.40827586206893	392.7978142076503	393.85582822085894
NM_001184232.1	922	928.7383863080685	914.3603238866397	912.197628458498	932.8430335097001	911.3744680851064	949.3142857142858
NM_001184234.1	568	564.763358778626	569.9410939691445	550.0782122905027	566.4090909090909	564.6783625730994	554.6966292134831
NM_001184235.1	484	473.52941176470586	494.71698113207543	526.9902912621359	497.9381443298969	549.6103896103896	512.0754716981132
NM_001184236.1	295	315.42622950819674	293.05813953488376	289.0666666666666	299.41947565543074	298.7302325581395	285.1391304347826
NM_001184237.1	376	429.0	386.1747572815534	389.3333333333333	395.54639175257734	406.4761904761905	388.7761194029851
NM_001184238.1	724	704.8275862068965	721.2121212121212	746.6666666666667	750.7246376811594	709.6551724137931	732.9411764705883
NM_001184240.1	245	233.81159420289856	230.56907216494844	235.67219917012451	232.93304535637148	231.61299435028246	230.0409090909091
NM_001184241.1	547	554.5376884422111	540.5307262569833	538.0865384615385	545.0985915492957	531.8945578231293	541.8006535947712
NM_001184242.1	567	559.4071942446044	563.9864915572233	558.079059223576	558.5142857142857	561.0065696855936	556.4815634218289
NM_001184244.1	299	294.6428571428571	315.5952380952381	313.7037037037037	313.9380530973451	320.8333333333333	310.8695652173913
NM_001184245.1	430	417.746835443038	425.7582417582418	417.69109947643983	416.83516483516485	421.89041095890417	421.09293680297395
NM_001184246.1	168	166.97084048027446	171.5776397515528	163.3072625698324	168.355091383812	166.67850799289522	161.11713791113678
NM_001184249.1	460	452.98701298701303	439.51612903225805	446.13953488372096	447.7837837837838	444.80808080808083	442.7076923076923
NM_001184251.1	210	198.91002570694087	210.50823529411764	199.90654205607476	201.80392156862746	201.65816326530614	193.07608695652175
NM_001184252.1	611	597.7706422018349	617.8947368421052	615.8688524590164	623.4802259887006	593.4153005464481	587.0
NM_001184253.1	617	602.6684782608696	610.9018867924528	597.3817733990148	602.2545018007203	606.9432918395574	604.0325581395349
NM_001184255.1	247	244.62424242424242	234.08839779005524	241.77894736842103	240.49019607843138	247.01538461538462	237.4805194805195
NM_001184256.1	715	710.5608953258724	711.9393939393939	701.9220231822973	699.9267942583732	714.85500575374	706.9568273092369
NM_001184257.1	897	890.46	873.0	923.3653846153848	883.3928571428571	879.3260869565217	900.5684210526315
NM_001184258.1	652	634.6572438162543	638.1290322580645	628.0	644.5263157894736	641.9555555555556	635.4761904761905
NM_001184259.1	524	522.8571428571429	532.0197044334975	533.0188679245283	530.4878048780488	520.5479452054796	512.3456790123456
NM_001184260.1	431	426.65068728522334	426.12041884816756	427.4934541792548	420.5534759358288	422.77248677248673	428.59867330016584
NM_001184261.1	1402	1414.0261437908496	1399.9601593625498	1397.5460992907801	1444.7753303964757	1436.1434599156119	1441.114503816794
NM_001184262.1	204	191.61290322580646	190.29972752043597	187.10059171597632	190.77257889009795	188.20197044334975	191.17096018735364
NM_001184263.1	110	104.69565217391305	109.42127659574469	101.3375796178344	98.66257668711656	101.52346570397113	108.93333333333334
NM_001184265.1	152	136.53333333333333	146.28571428571428	145.6551724137931	134.48101265822785	133.64705882352942	174.08
NM_001184266.1	487	482.2027649769586	488.928	486.94827586206895	471.40429042904293	490.9020715630885	483.9096774193548
NM_001184268.1	571	573.2751091703057	569.1526479750779	554.4931506849315	550.7724137931035	566.3818897637796	561.5221238938053
NM_001184269.1	195	187.38323353293413	183.31199999999998	191.44565217391306	184.0764705882353	194.7814569536424	201.33870967741933
NM_001184270.1	432	419.27638190954775	416.40449438202245	423.1672862453532	420.5969125214408	419.4392523364486	420.4390243902439
NM_001184271.1	216	222.6086956521739	221.53846153846155	204.19047619047618	234.66666666666669	210.78260869565216	215.57894736842104
NM_001184272.1	684	678.2488479262672	683.4782608695652	674.3478260869565	680.625	673.5802469135803	676.5
NM_001184273.1	320	316.8941176470588	309.85531914893613	315.1654676258993	318.66028708133973	317.81052631578945	311.41666666666663
NM_001184275.1	460	440.44897959183675	442.14084507042253	448.45714285714286	462.0652173913043	448.7485380116959	461.6470588235294
NM_001184276.1	650	701.8787878787879	656.048	674.1538461538462	650.2635658914728	676.7567567567568	647.2203389830509
NM_001184277.1	342	355.97014925373134	336.5018181818182	335.18918918918916	333.6907894736842	346.17721518987344	357.0526315789474
NM_001184278.1	763	755.2604269293926	756.3739748496447	751.3666328600406	749.2982162764772	752.8629148629149	754.3412658227849
NM_001184279.1	81	90.0	78.12587412587413	89.84745762711863	78.63503649635037	77.976	90.57534246575342
NM_001184280.1	262	246.86170212765958	252.51512096774192	251.8662846227316	250.66282051282053	250.6358525921299	246.89932885906038
NM_001184281.1	1531	1507.0000000000002	1506.9999999999998	1507.0000000000002	1582.35	1535.9807692307693	1507.0
NM_001184282.1	733	746.9821428571428	734.1418439716313	709.0	726.2926829268292	738.7899159663866	729.5507246376811
NM_001184283.1	424	399.99999999999994	418.018018018018	412.1212121212121	426.66666666666663	421.62162162162156	414.5454545454545
NM_001184284.1	150	139.98534031413612	141.58536585365854	140.28426395939084	136.39071257005605	139.61149653121902	141.3755942947702
NM_001184285.1	158	152.9560975609756	153.60975609756096	149.8684210526316	156.0705882352941	153.21912350597609	153.14285714285714
NM_001184286.1	1427	1420.7034700315457	1424.6021069692058	1444.188990825688	1426.9076233183857	1436.404761904762	1420.0750507099392
NM_001184287.1	649	687.9194630872483	650.5847953216374	658.1632653061224	650.9067357512953	660.6359649122807	648.4082397003745
NM_001184288.1	363	362.92941176470595	364.7019607843137	362.06804733727813	361.52364864864865	361.0761589403973	361.91608391608395
NM_001184295.1	538	535.5801526717557	544.1419753086419	533.1382978723404	541.3557422969187	562.245487364621	530.474358974359
NM_001184296.1	289	290.23809523809524	274.6951219512195	274.4642857142857	270.1456310679611	271.7088607594937	271.30952380952385
NM_001184303.1	233	229.09967845659165	231.0680256527714	232.94685519258897	232.6269204310938	228.43862375138733	223.4671310404876
NM_001184304.1	90	84.33333333333334	78.76243093922652	74.01869158878506	82.18867924528303	78.41935483870968	84.08219178082193
NM_001184306.2	176	188.68965517241378	165.6629213483146	155.30434782608697	159.8961038961039	165.8181818181818	179.28205128205127
NM_001184307.1	45	28.354838709677416	31.292490118577074	29.2551724137931	29.369565217391305	28.853658536585368	31.43046357615894
NM_001184308.3	84	80.76923076923077	84.09836065573771	90.29702970297029	78.42696629213482	81.13043478260869	87.1875
NM_001184309.3	199	187.09349593495935	186.96581196581195	187.5690607734807	185.77712609970675	187.22426470588235	181.9078947368421
NM_001184310.1	117	106.11147540983606	105.4	105.60162601626016	102.97854077253218	103.56347438752783	105.9043062200957
NM_001184311.3	54	47.64621284755513	44.82352941176471	48.74298540965208	42.002532179784765	44.6943029180176	48.19865983445014
NM_001184312.1	95	84.28387096774193	84.34437859195403	84.92617079889808	83.8922821969697	85.87949392458975	85.00987708516243
NM_001184313.1	73	57.4	63.583333333333336	62.36363636363636	58.70297029702971	61.682352941176475	55.53333333333333
NM_001184315.1	130	126.1745531019979	123.48366533864542	128.46234676007006	122.94670846394985	122.03947368421052	130.61804222648752
NM_001184316.1	148	141.82500000000002	141.6627906976744	149.2087912087912	138.72032193158955	142.9248291571754	150.87452471482888
NM_001184317.1	88	94.28571428571428	100.63157894736841	89.43589743589743	104.72727272727272	101.60451977401131	87.61904761904762
NM_001184320.1	435	412.0675324675325	411.4358430540827	412.96650717703346	412.06660899653974	411.7280779450842	414.5068259385666
NM_001184321.1	170	168.0377358490566	178.20588235294116	154.93877551020407	159.03571428571428	155.60526315789474	161.20833333333334
NM_001184325.1	81	73.72826086956522	72.74285714285713	76.29230769230769	69.85714285714285	72.90697674418604	64.8923076923077
NM_001184328.3	84	72.96	74.45454545454545	79.03083700440529	73.82400000000001	70.44534412955467	77.07317073170732
NM_001184329.1	74	63.57615894039735	64.77987421383648	70.71428571428572	66.53543307086613	62.1301775147929	69.6078431372549
NM_001184330.1	89	80.80275229357798	89.47368421052632	76.41891891891892	85.10309278350515	78.57142857142857	78.49056603773585
NM_001184335.3	231	227.50654205607478	223.5363766048502	229.87894736842105	215.26997578692493	220.7617728531856	229.43902439024393
NM_001184336.1	81	104.28409090909092	90.44628099173553	92.49056603773585	90.7007299270073	80.94957983193278	93.64285714285714
NM_001184338.1	93	85.171875	79.61538461538463	115.0	78.40909090909092	78.19999999999999	75.08823529411764
NM_001184339.1	59	47.02936096718479	48.34905660377359	48.46813725490196	47.55172413793103	45.969560315670805	50.78723404255319
NM_001184340.1	54	40.36866359447005	42.54355400696864	44.175824175824175	43.311258278145694	42.21854304635762	44.0
NM_001184344.1	68	79.46268656716418	57.79661016949153	68.0	64.1917808219178	60.458015267175576	69.14285714285714
NM_001184346.3	146	140.3094867807154	137.1072183630323	143.6347621843805	136.54410480349344	135.2355600200904	143.21480759863616
NM_001184348.1	91	85.87323943661973	86.04901960784314	80.88288288288288	83.2057761732852	86.14285714285715	83.75
NM_001184349.1	82	67.17721518987342	69.60000000000001	65.01612903225806	68.01190476190476	65.9219512195122	71.55844155844154
NM_001184377.1	63	49.43661971830986	49.37614678899083	54.096774193548384	50.647058823529406	50.299065420560744	52.650000000000006
NM_001184382.1	82	80.73863636363637	72.21192052980133	70.26923076923077	71.40566037735849	70.99453551912568	80.86857142857143
NM_001184383.1	435	1849.5	2084.3571428571427	1972.8000000000002	1835.8000000000002	2363.25	1996.2857142857142
NM_001184384.2	1750	7767.0	8753.285714285716	8284.8	7709.466666666666	9924.5	8383.428571428572
NM_001184386.2	1750	1726.0	1726.0	1726.0	1726.0	1725.9999999999998	1726.0
NM_001184395.1	435	427.012987012987	444.55102040816325	438.0	431.4042553191489	451.72972972972974	420.67058823529413
NM_001184396.2	1750	1757.962962962963	1793.5538160469666	1778.6576271186439	1759.5611111111111	1796.0590405904059	1744.967032967033
NM_001184408.2	1750	1726.0	1725.9999999999998	1726.0	1726.0	1726.0	1726.0
NM_001184414.1	435	414.95192307692304	412.25304878048775	413.38953488372096	414.30563002680964	413.24590163934425	413.56874999999997
NM_001184415.2	1750	1726.0	1726.0	1726.0	1726.0000000000002	1726.0	1726.0
NM_001184432.2	1750	1725.9999999999998	1725.9999999999998	1726.0	1726.0	1726.0	1725.9999999999998
NM_001184437.3	473	448.99999999999994	449.0	449.0	449.0	449.0	449.0
NM_001184438.1	53	40.691699604743086	43.02905982905983	44.773648648648646	40.16453674121406	39.746192893401016	42.93798449612403
NM_001184440.1	104	115.55555555555556	106.15384615384615	95.43859649122807	87.94701986754967	101.33333333333333	99.6923076923077
NM_001184441.1	126	116.15028901734105	115.74093264248705	117.45454545454545	110.40860215053763	120.49740932642487	116.89887640449437
NM_001184442.3	75	68.0	69.95723684210526	65.98305084745762	61.82142857142857	67.39285714285714	65.43835616438356
NM_001184443.1	80	88.39669421487604	74.41095890410959	91.36842105263158	74.86792452830188	76.21660649819495	79.08108108108108
NM_001184445.1	79	64.23280423280424	65.08369868473496	66.73510466988728	65.3953712632594	64.57578435704816	67.11161387631975
NM_001184448.1	92	81.46964856230032	80.88584474885845	90.37974683544303	82.1729490022173	84.69250645994832	89.7864077669903
NM_001184449.1	188	190.65	189.23076923076923	179.18518518518516	196.8	190.59459459459458	178.05714285714288
NM_001184453.1	105	89.26530612244898	99.0	97.37234042553192	94.1029411764706	95.77358490566037	102.08219178082192
NM_001184454.1	77	77.0909090909091	75.01538461538462	78.56470588235294	70.03571428571428	73.70697674418605	72.73404255319149
NM_001184455.1	63	46.3125	46.42857142857143	46.59740259740259	50.530434782608694	47.00892857142857	50.55555555555556
NM_001184461.1	89	87.03389830508475	92.73333333333333	79.85714285714286	81.71428571428572	83.2	91.76470588235294
NM_001184469.3	67	51.0625	51.28915662650602	60.2	58.215384615384615	50.81818181818181	56.138888888888886
NM_001184470.3	67	67.02941176470588	72.67605633802816	57.333333333333336	64.03260869565219	61.10526315789474	53.75
NM_001184474.3	228	211.55555555555557	211.2	221.73913043478262	212.20100502512562	215.46745562130175	214.61271676300578
NM_001184477.3	80	73.64383561643835	73.18181818181819	73.87234042553192	68.28571428571429	70.07329842931938	71.66101694915254
NM_001184481.1	94	105.74468085106383	80.5813953488372	86.47058823529413	88.11764705882354	94.70588235294119	85.75
NM_001184484.1	82	74.0722891566265	71.75257731958763	78.64406779661017	66.47191011235955	72.68354430379748	71.57446808510639
NM_001184486.1	80	63.73983739837398	63.21472392638037	62.720000000000006	59.87234042553192	59.847328244274806	62.89230769230769
NM_001184510.3	115	104.3170731707317	114.43939393939395	100.57894736842105	104.42622950819673	101.11111111111111	103.99999999999999
NM_001184512.1	80	76.04938271604938	74.94117647058823	88.26086956521739	74.85910652920963	75.82879377431907	79.29599999999999
NM_001184513.1	64	56.666666666666664	59.00990099009901	53.84615384615384	53.92857142857143	57.931034482758626	45.1063829787234
NM_001184516.1	62	69.64630225080386	66.65273311897106	72.0	65.8316032295271	71.62139917695472	65.20537428023032
NM_001184518.1	68	64.0506329113924	62.264150943396224	64.12618296529969	58.17777777777778	63.416666666666664	60.95541401273885
NM_001184519.1	80	62.75862068965517	69.78461538461538	60.94117647058824	63.25925925925926	67.55555555555556	63.0
NM_001184520.1	91	86.95744680851064	76.2871287128713	72.87719298245614	75.15652173913043	77.8875	73.09090909090908
NM_001184521.1	68	61.93630573248407	64.04733727810651	62.0	57.84269662921348	56.415841584158414	58.97872340425532
NM_001184522.3	83	70.14444444444445	79.40601503759397	64.48837209302326	75.64102564102564	72.8469387755102	65.55555555555556
NM_001184525.1	80	69.49784791965567	69.32988357050452	69.91650099403579	72.97913769123784	69.85185185185185	71.83964365256125
NM_001184528.1	108	99.3658536585366	93.61832061068702	93.48387096774192	97.46153846153845	97.5	101.91999999999999
NM_001184529.1	70	60.666666666666664	61.721518987341774	64.61904761904762	66.24000000000001	54.050000000000004	65.36842105263158
NM_001184530.1	75	73.44	65.06896551724138	74.67857142857142	64.95283018867924	64.3875	64.78378378378379
NM_001184531.3	87	77.72282608695653	81.38626609442059	81.18556701030927	74.6590909090909	72.98780487804878	77.0625
NM_001184534.1	73	67.2	61.67241379310345	59.97014925373134	59.15	62.486238532110086	63.41176470588235
NM_001184536.1	85	82.0344827586207	74.26086956521739	79.63888888888889	72.0909090909091	73.05813953488372	78.08
NM_001184537.1	63	46.184210526315795	54.765957446808514	43.875	54.765957446808514	49.868852459016395	51.535714285714285
NM_001184619.3	67	77.4	71.26573426573427	76.5	63.48823529411764	70.42028985507247	64.5
NM_001184631.1	61	49.36102576223115	50.63478350303404	47.17222638680659	48.64164376717462	51.10542251582714	48.29054054054054
NM_001184636.1	69	53.75	54.73880597014925	54.0	55.75221238938053	54.130434782608695	61.875
NM_001184647.4	149	157.0	142.53048780487805	149.99999999999997	134.04605263157896	141.16379310344826	143.93939393939394
NM_001184653.1	64	63.225806451612904	56.75392670157068	62.857142857142854	54.3778801843318	57.34104046242774	68.35443037974683
NM_001184659.3	93	88.27941176470588	84.86206896551724	76.5	85.72727272727273	83.48148148148147	86.6923076923077
NM_001184672.1	129	130.84615384615384	154.3181818181818	136.5	136.3793103448276	158.28358208955225	126.875
NM_001184679.1	75	79.21276595744682	68.22077922077922	78.09375	76.83999999999999	76.8695652173913	64.35714285714286
NM_001184683.1	70	55.40909090909091	61.62264150943396	51.35922330097087	51.92079207920792	51.11111111111111	52.48717948717949
NM_001184685.1	57	47.85	42.72631578947368	45.375	49.779661016949156	42.333333333333336	57.483870967741936
NM_001184689.1	67	64.22077922077922	63.5	60.64102564102565	57.24203821656051	64.82575757575758	70.43103448275862
NM_001270740.1	63	56.990322580645156	54.702631578947376	53.625	59.26370757180156	58.21238938053098	57.771028037383175
NM_001270743.1	105	96.28301886792453	86.8695652173913	95.46428571428572	85.76470588235294	85.67307692307692	89.67857142857144
NM_001270746.1	96	88.0	88.22535211267605	91.19999999999999	82.90909090909092	85.76470588235294	78.85714285714285
NM_001348887.1	146	126.95759717314488	126.22222222222221	125.06276150627615	130.3293172690763	127.14285714285714	127.10994764397905
NM_001431138.1	91	76.7258064516129	86.95744680851064	85.27272727272727	90.86301369863014	83.75	94.21875
NM_001431142.1	69	54.41860465116279	58.84615384615384	49.5	49.19491525423729	51.92307692307693	60.0
YIR043C	373	384.90909090909093	368.47058823529414	377.0	424.125	388.4651162790698	406.0
