name	SRR1944912_cds_rpkm	SRR1944913_cds_rpkm	SRR1944914_cds_rpkm	SRR1944915_cds_rpkm	SRR1944916_cds_rpkm	SRR1944917_cds_rpkm
AI1	0.44	0.67	0.59	0.33	0.1	0.5
AI2	0.22	0.34	0.35	0.15	0.21	0.17
AI3	0.04	0.52	0.39	0.2	0.11	0.07
AI4	0.15	0.83	0.58	0.38	0.23	0.16
AI5_ALPHA	0.22	0.81	0.52	0.45	0.25	0.09
AI5_BETA	0.33	0.0	0.15	0.0	0.13	0.0
ATP6	0.89	2.04	0.6	1.26	1.24	0.65
ATP8	1.04	1.31	0.41	2.56	0.96	0.44
BI2	0.4	0.54	0.19	0.6	0.33	0.14
BI3	0.33	0.64	0.05	0.52	0.34	0.23
BI4	0.27	0.64	0.13	0.69	0.35	0.14
CCW22	265.09	272.78	259.52	303.41	353.26	315.16
COB	0.75	1.26	0.28	1.19	0.57	0.37
COX1	0.35	1.11	0.76	0.93	0.54	0.33
COX2	1.38	1.88	0.41	3.35	1.46	1.12
COX3	0.68	1.61	0.48	2.08	1.02	1.36
CRS5	0.0	0.0	0.0	0.0	0.0	0.0
FLO8	1.98	1.89	1.51	2.71	3.3	2.55
NM_001178148.1	6.16	6.56	6.68	7.59	6.99	7.45
NM_001178149.1	2.21	2.56	2.86	2.7	2.12	2.63
NM_001178150.1	2898.93	2899.05	2387.52	2787.64	2540.62	2489.62
NM_001178151.1	3597.87	3731.21	3980.62	4587.51	4286.96	4296.09
NM_001178152.1	99.98	110.37	110.1	98.03	104.14	93.64
NM_001178153.1	27.0	26.66	29.34	35.57	35.65	35.62
NM_001178154.1	7.34	7.2	5.51	8.5	8.37	8.89
NM_001178155.2	4.8	5.01	4.37	5.52	5.97	5.32
NM_001178156.1	3.95	4.17	4.73	4.66	3.88	4.32
NM_001178157.1	621.08	603.98	575.62	563.33	589.06	645.9
NM_001178158.2	13.84	15.3	13.31	18.94	15.15	18.88
NM_001178159.1	13.46	15.87	15.76	18.53	18.12	16.94
NM_001178160.1	5.32	5.52	5.88	6.44	6.37	6.79
NM_001178161.1	88.41	95.4	88.25	110.95	105.38	98.52
NM_001178162.2	7.83	7.37	8.42	8.75	7.73	8.53
NM_001178163.1	0.1	0.04	0.08	0.13	0.0	0.0
NM_001178164.1	18.79	20.18	18.71	22.07	20.81	21.61
NM_001178165.2	7.72	7.61	7.29	7.6	8.44	12.18
NM_001178166.1	34.77	37.29	32.7	34.43	33.67	36.76
NM_001178167.1	23.77	25.98	23.94	26.58	26.26	26.29
NM_001178168.1	116.84	119.4	119.73	107.5	100.22	112.08
NM_001178169.1	2.69	2.96	2.6	3.23	3.05	3.04
NM_001178170.2	64.84	64.61	77.4	70.88	73.19	70.27
NM_001178171.2	13.33	13.37	13.87	14.91	12.82	14.14
NM_001178172.1	4.62	5.6	5.87	6.2	6.38	6.14
NM_001178173.1	1.53	1.29	1.07	1.31	1.14	1.55
NM_001178174.1	9.65	10.48	10.16	9.88	10.26	10.52
NM_001178175.1	40.51	55.5	48.19	70.08	64.23	75.45
NM_001178176.1	4.19	4.6	5.03	6.12	5.94	5.91
NM_001178177.1	9.02	8.84	7.58	9.15	8.54	10.32
NM_001178178.1	27.81	24.59	23.43	25.61	28.59	30.51
NM_001178179.1	5.82	6.02	6.61	6.12	5.86	4.31
NM_001178180.1	232.78	239.0	228.19	278.93	267.28	275.11
NM_001178181.1	100.12	101.63	99.22	152.06	158.84	155.83
NM_001178182.1	0.56	0.47	1.27	0.41	0.57	0.21
NM_001178183.1	7427.08	7013.27	6940.51	6823.16	6905.6	7143.99
NM_001178184.1	17.31	15.77	18.87	19.36	17.25	24.81
NM_001178185.1	8.26	8.81	8.17	6.53	5.9	6.52
NM_001178186.1	13.58	16.27	14.43	15.57	15.24	16.27
NM_001178187.1	78.99	76.1	84.12	90.78	90.03	101.72
NM_001178188.1	17.29	18.13	16.71	18.18	16.77	20.45
NM_001178189.1	194.71	177.11	172.04	243.94	257.36	259.38
NM_001178191.1	37.65	39.3	39.16	37.85	39.43	44.99
NM_001178192.2	4.92	5.9	4.54	5.58	5.31	5.0
NM_001178193.1	4.97	4.85	5.83	6.33	6.02	5.51
NM_001178194.1	44.42	49.99	47.4	55.71	58.3	51.28
NM_001178195.2	6.67	7.31	8.09	8.95	8.96	7.84
NM_001178196.2	25.95	26.56	26.66	27.49	26.71	28.85
NM_001178197.1	0.54	0.96	0.69	0.58	0.63	0.5
NM_001178198.1	6.75	7.41	10.61	6.51	6.32	7.25
NM_001178199.2	3.29	3.52	4.17	4.19	3.96	4.04
NM_001178200.1	8.95	8.17	9.44	9.47	9.25	10.22
NM_001178201.2	52.82	54.12	58.89	50.65	52.64	46.77
NM_001178202.2	42.82	40.7	40.04	50.69	47.92	50.09
NM_001178203.1	4.28	2.54	5.77	5.94	4.3	9.43
NM_001178204.1	2.13	2.24	3.11	2.71	2.28	1.65
NM_001178205.1	0.33	0.18	0.38	0.22	0.18	0.25
NM_001178206.2	0.0	0.0	0.0	0.0	0.0	0.0
NM_001178208.1	0.09	0.12	0.05	0.12	0.11	0.1
NM_001178209.1	45.55	45.41	42.59	46.53	42.65	42.23
NM_001178210.1	8.99	9.66	9.86	10.03	10.86	8.69
NM_001178211.1	49.02	51.07	51.27	59.94	57.0	54.14
NM_001178212.1	10.74	9.71	12.13	11.17	10.71	11.08
NM_001178213.1	0.19	0.17	0.23	0.12	0.15	0.27
NM_001178214.1	0.04	0.03	0.12	0.1	0.07	0.13
NM_001178215.2	20.02	21.87	18.07	23.86	19.56	19.05
NM_001178216.1	144.81	125.95	96.63	89.85	98.23	72.97
NM_001178217.1	7.36	8.65	7.63	10.12	9.92	10.58
NM_001178218.2	2.62	2.84	2.74	3.47	2.82	3.29
NM_001178219.1	0.0	0.2	0.0	0.39	0.22	0.4
NM_001178220.2	0.27	0.45	0.56	0.22	0.41	0.46
NM_001178221.1	27.7	29.39	28.06	29.51	28.37	25.61
NM_001178222.1	16.74	17.94	17.61	17.81	17.74	15.12
NM_001178223.1	0.19	0.32	0.0	0.0	0.0	0.0
NM_001178224.1	7.17	8.96	10.12	8.43	8.59	8.56
NM_001178225.1	11.42	11.27	10.67	10.78	10.16	11.9
NM_001178226.1	0.76	0.68	0.95	1.06	1.26	1.11
NM_001178227.1	9.8	8.99	11.47	8.05	8.62	9.47
NM_001178230.1	0.16	0.08	0.16	0.16	0.1	0.14
NM_001178235.1	0.0	0.0	0.0	0.0	0.0	0.0
NM_001178236.1	0.29	0.99	0.0	1.13	1.18	1.17
NM_001178239.1	187.81	188.47	206.09	52.47	45.73	19.22
NM_001178241.1	123.46	130.73	134.02	165.67	156.48	146.68
NM_001178242.1	854.32	884.75	819.3	846.86	864.85	723.56
NM_001178243.1	812.78	813.56	808.08	797.71	826.83	726.96
NM_001178244.1	22.92	25.25	22.87	24.76	22.19	23.09
NM_001178245.1	3.08	2.93	4.76	3.45	2.5	4.63
NM_001178246.1	33.86	37.36	38.11	32.61	35.39	33.07
NM_001178247.1	79.2	83.87	67.79	81.06	68.79	74.89
NM_001178248.2	5.93	6.92	8.08	7.31	7.32	7.58
NM_001178249.1	16.32	17.34	18.64	15.46	14.04	14.07
NM_001178250.1	9.26	11.05	10.07	9.96	12.39	8.87
NM_001178251.1	16.63	17.98	16.87	13.62	12.38	12.92
NM_001178253.1	3.6	4.14	4.19	3.62	2.54	2.3
NM_001178254.2	1.7	2.8	3.04	3.36	3.28	3.75
NM_001178255.1	13.94	14.58	14.16	13.6	12.16	12.71
NM_001178256.1	21.92	22.53	23.18	21.54	24.63	24.76
NM_001178257.1	36.81	38.84	39.76	39.43	40.15	36.35
NM_001178258.1	26.1	26.77	33.89	30.45	26.69	26.41
NM_001178259.1	2.44	2.5	3.32	3.1	3.05	2.36
NM_001178260.1	13.3	14.21	15.19	11.76	11.96	10.56
NM_001178261.1	11.58	16.96	13.78	22.18	22.51	20.61
NM_001178262.1	41.37	43.34	42.63	67.52	59.85	68.18
NM_001178263.1	16.01	18.94	18.97	17.59	15.52	18.03
NM_001178264.1	101.07	103.99	112.24	98.92	100.28	103.43
NM_001178265.1	11.84	14.32	11.83	15.49	12.93	14.08
NM_001178266.1	84.38	82.5	106.68	67.15	79.69	68.56
NM_001178267.1	2841.68	2806.34	2567.7	2903.14	2900.9	2562.8
NM_001178268.1	114.06	115.41	118.21	128.69	116.2	108.52
NM_001178269.1	2.25	2.39	1.98	2.22	2.04	1.15
NM_001178270.1	284.79	307.21	286.82	371.69	355.4	326.94
NM_001178271.1	6.82	6.33	6.8	8.31	7.59	6.17
NM_001178272.1	95.75	98.71	92.42	84.82	79.7	76.57
NM_001178273.1	21.13	21.91	24.92	23.37	23.23	25.38
NM_001178274.1	6.56	7.11	7.28	7.53	7.33	7.06
NM_001178275.1	17.86	18.12	16.58	20.53	19.28	17.6
NM_001178276.1	58.15	68.64	63.49	86.39	81.4	77.2
NM_001178277.1	9.46	9.03	10.27	11.23	9.41	11.61
NM_001178278.1	23.65	23.91	27.28	34.8	31.32	28.56
NM_001178279.1	206.87	209.72	198.44	188.57	186.52	175.26
NM_001178280.1	73.01	77.5	72.49	81.2	87.83	79.94
NM_001178281.1	174.53	183.16	182.18	167.06	163.99	161.17
NM_001178282.1	32.1	34.06	31.12	25.79	23.93	27.69
NM_001178283.1	0.19	0.16	0.3	0.16	0.65	0.44
NM_001178284.1	0.0	0.0	0.0	0.21	0.0	0.42
NM_001178285.1	58.93	66.08	58.29	94.43	95.07	85.86
NM_001178286.1	8.97	10.42	10.51	13.43	13.11	12.81
NM_001178287.1	66.63	68.81	59.96	87.12	74.59	79.7
NM_001178289.1	0.56	0.95	0.88	0.74	0.73	1.15
NM_001178290.1	72.87	76.49	66.07	79.36	79.63	70.99
NM_001178291.1	44.33	49.12	42.64	63.46	55.37	61.64
NM_001178292.1	2.49	2.21	3.03	2.71	2.58	2.78
NM_001178294.1	21.62	22.19	23.8	18.82	19.29	21.24
NM_001178295.1	15.14	13.75	15.15	12.25	13.16	13.97
NM_001178296.2	59.1	57.54	63.35	63.57	59.51	62.45
NM_001178297.2	33.46	32.33	34.8	35.11	34.53	35.79
NM_001178298.1	108.3	113.26	94.61	165.85	154.8	154.04
NM_001178299.1	7.43	8.72	8.79	11.88	11.72	11.35
NM_001178300.1	4.01	4.14	4.76	5.31	4.78	4.59
NM_001178301.1	16.89	18.99	16.48	19.86	17.63	18.16
NM_001178303.1	4.34	5.01	4.81	5.14	4.39	4.83
NM_001178304.1	46.3	44.93	45.08	69.27	69.83	65.56
NM_001178306.1	2.49	2.36	2.64	2.83	2.95	2.86
NM_001178307.2	9.56	11.72	10.96	9.59	8.58	9.8
NM_001178308.2	57.6	55.16	55.8	61.04	60.65	59.23
NM_001178309.1	26.87	27.19	25.01	27.5	24.91	24.96
NM_001178312.1	5279.65	5090.91	4624.71	4751.74	4809.06	4375.43
NM_001178314.1	5.89	7.72	8.06	7.39	7.16	7.59
NM_001178315.1	0.56	1.1	0.42	2.61	2.32	1.27
NM_001178316.1	281.17	284.31	293.39	333.38	308.17	318.78
NM_001178318.1	12.3	14.94	12.4	24.5	23.68	21.12
NM_001178319.1	15.54	16.55	16.8	18.81	18.07	19.47
NM_001178320.2	3.75	2.84	3.0	3.58	3.58	3.4
NM_001178321.1	20.16	20.54	20.27	18.59	20.54	22.24
NM_001178322.1	18.42	18.16	18.22	17.52	17.26	19.39
NM_001178324.2	4.43	4.6	4.68	4.17	4.58	4.72
NM_001178325.1	14.83	16.12	14.75	16.97	15.93	14.62
NM_001178326.1	10.6	9.3	9.05	13.4	14.07	12.97
NM_001178327.1	2349.09	2364.97	2307.74	2309.58	2261.81	2303.82
NM_001178328.2	0.85	0.65	0.99	0.88	0.76	0.75
NM_001178329.1	8.11	7.59	9.3	8.79	9.56	9.36
NM_001178330.1	25.62	27.74	26.93	35.7	31.1	27.75
NM_001178331.2	95.61	100.02	98.34	85.13	84.44	86.54
NM_001178332.1	4302.98	4305.95	3584.73	4097.73	4392.8	3321.71
NM_001178333.1	35.21	33.22	39.47	39.64	39.52	43.96
NM_001178335.1	4.42	4.19	4.34	2.93	3.23	2.4
NM_001178337.2	5.97	6.12	5.87	6.26	6.35	6.62
NM_001178338.1	14.15	15.45	14.29	16.9	18.46	15.9
NM_001178339.2	261.59	282.0	241.44	297.41	298.2	280.02
NM_001178341.1	8.04	8.17	7.52	9.83	9.33	10.3
NM_001178342.1	48.06	47.18	55.65	64.83	64.28	66.37
NM_001178343.1	12.01	11.49	10.52	10.7	10.48	10.96
NM_001178344.1	5.89	5.83	5.54	6.07	6.13	7.19
NM_001178345.2	10.5	13.01	13.31	14.23	13.87	13.16
NM_001178346.2	3.6	3.77	5.36	2.77	3.03	2.62
NM_001178347.1	17.2	17.75	19.27	21.74	21.91	21.4
NM_001178349.1	9.21	10.07	9.14	12.07	10.63	10.95
NM_001178350.1	16.29	18.28	15.9	16.28	16.67	17.4
NM_001178351.1	13.31	16.05	14.71	13.92	14.84	14.99
NM_001178352.2	15.07	13.76	14.03	16.7	15.45	13.51
NM_001178353.1	6.95	8.36	7.91	9.04	9.73	9.21
NM_001178354.1	6.03	7.15	8.67	8.2	7.62	8.03
NM_001178355.2	7.1	6.72	7.23	7.79	7.06	6.58
NM_001178356.1	1.57	3.31	5.23	3.54	3.95	2.99
NM_001178357.1	1441.93	1403.33	1375.66	1590.07	1520.73	1356.98
NM_001178358.1	1491.2	1430.3	1420.02	1418.28	1449.63	1320.02
NM_001178359.1	1209.57	1163.51	1221.19	1102.56	1193.83	1173.84
NM_001178361.1	7.38	8.23	8.23	13.82	11.66	11.54
NM_001178362.1	43.46	47.56	47.1	45.41	43.85	40.93
NM_001178363.1	42.55	45.29	45.27	44.54	43.99	49.02
NM_001178364.1	105.73	104.73	94.35	131.1	124.08	108.18
NM_001178365.1	37.72	39.13	40.79	44.55	43.23	44.94
NM_001178366.1	0.09	0.08	0.22	0.3	0.26	0.31
NM_001178367.1	0.12	0.19	0.27	0.12	0.25	0.17
NM_001178368.1	0.0	0.0	0.0	0.0	0.0	0.0
NM_001178369.1	6.42	7.22	6.52	4.67	5.12	5.43
NM_001178370.1	14.89	14.97	16.86	21.01	19.84	20.7
NM_001178371.1	19.28	21.09	20.58	23.48	22.74	23.06
NM_001178372.1	9.93	9.35	10.81	8.99	8.66	9.52
NM_001178373.1	560.35	568.33	577.99	593.47	572.91	545.98
NM_001178374.1	42.9	49.76	40.38	64.66	63.64	61.39
NM_001178376.1	12.53	12.26	12.44	11.49	12.79	14.46
NM_001178377.1	36.88	42.31	39.57	43.45	38.64	43.38
NM_001178378.1	6.8	6.88	6.91	8.67	9.28	9.85
NM_001178379.1	4074.6	3938.86	3372.5	3440.91	3443.74	3247.42
NM_001178381.1	0.13	0.16	0.18	0.11	0.04	0.03
NM_001178382.1	77.45	78.58	79.85	71.58	71.08	73.55
NM_001178383.1	98.92	102.8	97.82	99.34	95.92	93.87
NM_001178384.1	56.82	54.22	58.86	65.75	60.97	70.15
NM_001178385.1	19.11	18.43	14.65	22.28	21.36	21.23
NM_001178386.1	34.02	35.59	34.73	38.66	37.69	38.5
NM_001178387.1	118.31	134.07	121.71	171.15	174.81	139.16
NM_001178388.1	0.17	0.52	0.26	0.41	0.21	0.76
NM_001178389.1	19.52	21.81	21.8	22.03	22.46	24.51
NM_001178390.1	19.19	22.75	22.56	20.29	18.88	20.99
NM_001178391.2	2.47	2.52	2.96	2.65	2.77	3.55
NM_001178392.2	3.46	2.97	2.98	2.83	3.15	2.66
NM_001178393.2	0.54	0.75	0.72	0.58	0.53	0.46
NM_001178394.1	27.12	28.32	28.14	30.55	29.2	27.88
NM_001178395.1	9.75	9.67	11.17	11.02	11.03	10.53
NM_001178396.1	2734.51	2661.5	2394.05	2328.63	2403.51	2252.89
NM_001178397.1	39.68	43.5	32.18	44.55	36.35	39.49
NM_001178398.1	0.6	0.84	0.16	0.45	0.46	0.42
NM_001178400.1	62.63	63.38	73.98	82.08	86.53	86.6
NM_001178401.1	30.54	32.95	34.43	18.54	18.55	19.06
NM_001178402.1	26.13	31.95	34.36	15.34	11.03	12.48
NM_001178403.1	6.78	9.76	7.87	8.91	7.86	8.61
NM_001178404.1	20.87	23.44	23.38	26.78	25.68	27.27
NM_001178405.1	15.65	17.15	15.08	18.57	18.55	16.55
NM_001178406.1	25.66	27.68	25.58	28.7	29.99	29.83
NM_001178407.1	16.9	18.1	17.67	23.42	19.24	22.88
NM_001178408.1	10.28	11.6	10.16	10.8	9.24	10.61
NM_001178409.3	34.43	34.78	34.33	31.75	33.36	31.55
NM_001178410.1	25.15	25.08	28.9	29.4	32.19	29.15
NM_001178411.1	0.0	0.04	0.07	0.35	0.16	0.14
NM_001178413.3	9.56	9.85	11.66	11.53	11.7	10.8
NM_001178414.1	16.9	21.29	19.33	16.1	15.68	14.99
NM_001178415.1	318.89	288.25	349.85	229.12	248.95	329.45
NM_001178416.4	85.45	95.18	86.63	129.11	122.07	116.46
NM_001178417.1	0.53	0.85	1.01	0.9	0.46	1.28
NM_001178418.1	15.92	16.8	18.27	15.1	15.1	14.0
NM_001178419.3	29.64	36.58	33.62	44.35	44.82	43.96
NM_001178420.1	17.86	15.05	20.42	26.58	22.13	16.66
NM_001178421.4	17.39	18.74	20.61	23.83	23.1	24.28
NM_001178422.2	22.82	25.13	24.12	22.51	22.04	21.25
NM_001178424.2	0.1	0.12	0.15	0.2	0.0	0.08
NM_001178425.3	28.7	32.23	31.43	36.7	41.04	32.35
NM_001178426.2	1304.09	1329.02	1230.12	1149.46	1134.36	1185.25
NM_001178427.1	151.04	146.63	144.55	144.25	125.92	145.4
NM_001178428.3	62.0	65.73	64.33	70.55	69.8	64.34
NM_001178429.1	6.98	7.13	6.72	7.61	7.45	7.2
NM_001178430.1	516.31	504.41	541.79	494.76	547.55	549.11
NM_001178431.3	21.77	28.55	22.8	21.92	23.41	26.82
NM_001178432.1	94.82	97.67	93.62	91.36	96.2	88.39
NM_001178433.3	9.48	9.59	11.63	9.95	7.4	7.31
NM_001178434.1	49.19	56.58	52.06	47.54	45.47	45.17
NM_001178435.3	26.34	28.25	30.38	27.24	27.25	26.31
NM_001178436.1	108.13	106.79	116.57	106.78	112.05	116.86
NM_001178438.4	75.94	73.87	61.81	67.01	64.87	57.1
NM_001178439.1	30.09	24.42	26.55	26.79	31.62	28.96
NM_001178440.1	135.5	135.49	152.38	142.34	151.97	169.01
NM_001178441.3	65.45	62.07	67.39	29.18	33.25	32.53
NM_001178442.2	14.47	16.21	15.37	16.88	14.48	14.55
NM_001178443.1	11.01	12.81	11.7	15.28	13.83	12.52
NM_001178444.3	54.16	63.73	61.49	71.38	65.7	66.4
NM_001178445.2	3.49	3.38	3.86	3.31	3.28	3.68
NM_001178446.1	2.18	2.68	2.72	3.22	2.69	3.28
NM_001178449.3	77.25	77.95	73.9	110.87	105.14	86.87
NM_001178450.1	12.16	15.46	14.65	18.42	16.91	16.28
NM_001178451.1	7.9	8.61	9.69	11.05	10.63	10.48
NM_001178452.3	20.21	23.6	27.18	18.98	19.48	17.26
NM_001178453.1	8.16	8.45	8.5	9.44	8.84	11.65
NM_001178454.1	517.14	498.16	492.47	442.83	464.31	463.91
NM_001178455.3	3.29	1.98	2.32	3.65	2.73	2.74
NM_001178456.2	9.67	11.78	8.41	11.08	9.74	10.47
NM_001178457.1	379.46	359.44	361.12	377.33	381.61	320.37
NM_001178458.3	17.33	19.34	19.16	22.2	21.25	21.44
NM_001178459.1	111.57	117.4	112.13	126.56	117.58	122.63
NM_001178460.3	32.88	31.19	29.85	31.18	26.21	31.71
NM_001178462.1	2.86	3.27	4.01	4.04	3.99	4.38
NM_001178463.1	68.22	66.99	62.66	124.1	108.71	113.22
NM_001178465.3	0.25	0.19	0.16	0.31	0.24	0.39
NM_001178466.1	20524.62	19856.23	18625.54	19163.16	19527.45	18718.46
NM_001178467.1	10.19	10.24	10.64	9.77	8.74	8.85
NM_001178468.3	9.47	14.31	13.34	18.47	12.72	13.93
NM_001178469.2	275.33	275.23	303.0	274.39	263.53	282.08
NM_001178470.1	39.96	36.33	37.84	56.04	49.1	56.11
NM_001178471.3	10.66	12.76	13.95	15.18	12.93	12.78
NM_001178473.1	11.05	11.45	14.57	15.12	16.19	18.11
NM_001178474.1	94.57	96.99	97.07	137.09	135.51	129.43
NM_001178475.3	510.3	499.21	504.31	539.55	534.41	514.14
NM_001178476.1	0.73	1.2	1.31	1.05	0.95	0.67
NM_001178477.1	13.46	13.58	12.94	16.05	15.7	13.31
NM_001178478.3	28.4	32.12	27.87	35.13	30.76	28.79
NM_001178479.3	3.7	3.57	3.6	4.42	3.8	3.89
NM_001178480.1	8.48	8.29	9.55	10.12	9.63	11.07
NM_001178481.1	9.44	9.8	10.06	8.35	9.3	8.02
NM_001178483.3	55.15	57.11	56.29	49.51	51.26	49.88
NM_001178484.3	2.04	1.78	2.27	1.92	1.73	1.69
NM_001178485.2	36.8	42.21	39.57	47.55	46.55	42.8
NM_001178486.2	6.42	6.65	7.26	7.96	6.94	6.8
NM_001178487.3	30.05	35.81	38.46	37.29	37.23	43.73
NM_001178488.3	4.95	5.0	5.71	4.98	4.37	5.3
NM_001178489.2	9.88	9.71	11.68	15.35	15.03	14.67
NM_001178490.1	28.26	29.26	30.36	30.01	30.91	31.73
NM_001178491.3	258.26	278.12	261.86	302.39	286.27	272.48
NM_001178493.3	5.47	5.22	5.81	8.18	6.48	5.88
NM_001178494.1	30.35	30.7	32.85	28.56	26.33	28.33
NM_001178495.1	0.39	0.76	0.0	0.42	0.57	0.19
NM_001178496.3	0.34	0.91	0.67	0.58	0.71	0.58
NM_001178497.3	97.24	103.69	95.48	119.15	105.55	107.54
NM_001178498.1	3.08	3.81	3.15	3.44	3.18	3.35
NM_001178499.1	65.51	79.61	69.86	72.44	71.32	64.32
NM_001178500.3	6.3	7.33	6.93	7.16	5.34	8.56
NM_001178501.3	6.94	6.3	9.95	8.76	9.84	8.94
NM_001178502.1	144.49	163.04	168.6	160.24	152.75	144.71
NM_001178503.1	41.0	43.48	42.09	43.69	40.62	41.05
NM_001178504.3	4.82	5.57	5.42	6.32	5.69	5.74
NM_001178505.3	10.42	12.7	10.78	9.75	9.87	8.36
NM_001178506.1	34.19	36.19	35.64	36.9	37.36	33.66
NM_001178507.1	86.01	96.58	103.25	86.11	80.83	91.48
NM_001178508.3	35.95	38.02	39.41	41.37	37.26	37.49
NM_001178509.3	9.09	10.99	8.98	8.74	8.44	9.56
NM_001178510.1	341.44	339.24	363.02	257.95	265.98	265.04
NM_001178511.3	2.83	2.76	2.41	2.6	2.7	2.0
NM_001178512.3	80.64	86.97	89.41	103.68	112.39	111.01
NM_001178513.1	9.95	13.18	15.35	13.07	12.35	14.97
NM_001178514.1	25.57	29.3	29.9	28.46	26.59	30.48
NM_001178515.3	11.65	11.12	15.69	13.78	12.92	10.75
NM_001178516.3	3.46	3.02	4.59	3.49	3.58	4.13
NM_001178517.1	11.58	11.89	12.85	7.45	7.79	7.1
NM_001178518.1	25.44	24.86	28.01	32.23	31.26	32.73
NM_001178519.3	70.74	82.6	75.41	104.5	93.8	93.74
NM_001178520.3	22.42	23.87	21.72	27.7	22.67	25.97
NM_001178521.1	119.64	114.86	112.24	118.36	118.77	121.25
NM_001178523.1	10.15	10.84	12.11	17.28	15.38	15.54
NM_001178524.3	17.06	17.89	17.36	18.63	17.89	17.05
NM_001178525.3	40.95	44.6	44.17	69.07	69.03	63.74
NM_001178527.1	7.65	8.66	9.13	8.15	7.35	8.04
NM_001178528.1	0.21	0.1	0.05	0.05	0.06	0.05
NM_001178529.3	4283.9	4154.24	3829.92	4214.86	4162.91	3841.55
NM_001178530.3	1.06	0.95	0.83	0.99	0.66	0.64
NM_001178531.1	3.13	3.44	3.66	5.15	5.98	5.4
NM_001178532.3	1.54	2.02	1.7	1.19	1.61	1.0
NM_001178533.3	17.03	15.6	13.98	18.73	18.99	18.68
NM_001178534.1	0.15	0.15	0.1	0.05	0.08	0.0
NM_001178535.1	81.48	85.24	87.07	97.71	95.31	103.07
NM_001178536.3	18.31	17.38	14.64	17.25	16.1	17.72
NM_001178537.3	3168.7	3176.19	2950.8	3185.45	3171.0	2786.88
NM_001178539.1	3488.13	3304.27	3196.45	3051.35	3142.16	2910.18
NM_001178540.1	12.84	15.05	15.16	14.18	13.64	14.42
NM_001178541.3	14.49	15.17	18.4	14.04	14.0	15.92
NM_001178542.3	6.45	10.45	9.55	13.27	12.84	12.86
NM_001178543.1	8.43	8.56	10.26	10.78	10.06	10.48
NM_001178544.1	1263.64	1219.34	1315.49	1267.12	1218.41	1336.52
NM_001178545.1	14.03	14.61	11.67	13.59	13.94	16.33
NM_001178546.1	24.08	24.73	21.35	34.89	30.11	33.62
NM_001178547.3	33.07	36.27	39.52	39.67	34.85	34.3
NM_001178548.3	16.33	18.26	20.56	18.17	18.12	17.46
NM_001178549.1	7.85	7.78	9.92	9.57	9.11	7.72
NM_001178550.4	20.54	21.22	22.36	22.62	22.19	23.73
NM_001178551.2	0.53	0.67	0.86	0.36	0.51	0.48
NM_001178552.2	9.74	10.68	11.34	10.02	10.25	11.58
NM_001178553.3	69.98	69.68	83.39	65.36	64.43	74.64
NM_001178555.4	25.14	25.58	23.67	28.16	26.49	26.17
NM_001178556.1	3.73	3.56	4.63	5.84	4.58	6.05
NM_001178558.1	23.45	19.57	24.27	21.46	21.67	25.7
NM_001178559.3	9.84	10.69	10.57	10.74	11.82	10.47
NM_001178560.3	27.81	28.29	25.91	32.51	33.42	33.07
NM_001178561.1	7.87	8.21	10.65	7.02	8.0	9.57
NM_001178562.1	14.18	13.04	11.67	18.18	15.66	16.84
NM_001178563.3	12.3	14.88	11.03	14.83	12.85	13.72
NM_001178564.3	10.61	10.0	10.98	11.1	10.09	10.22
NM_001178565.1	5.0	4.29	4.34	5.04	3.03	3.37
NM_001178566.1	54.31	53.01	58.53	58.2	59.53	61.29
NM_001178567.3	5.67	8.95	6.45	6.26	5.02	5.54
NM_001178568.3	13.37	15.07	15.36	12.88	11.96	14.37
NM_001178569.1	256.81	259.39	270.6	229.81	231.3	257.21
NM_001178570.3	44.12	46.26	46.92	43.21	45.07	47.9
NM_001178571.3	1.87	2.29	2.48	2.73	2.89	2.31
NM_001178573.1	4.38	4.62	4.14	4.74	4.36	3.86
NM_001178575.1	14.07	13.21	14.58	13.28	13.0	12.96
NM_001178576.3	4.89	4.72	5.35	6.6	6.25	5.42
NM_001178577.3	24.27	25.51	25.41	27.39	27.54	28.11
NM_001178578.1	59.58	61.74	59.92	70.45	76.14	76.97
NM_001178579.3	10.81	10.77	10.05	16.74	14.62	15.37
NM_001178581.3	13.5	14.25	14.22	12.12	10.61	11.61
NM_001178582.1	90.9	92.55	95.2	99.47	97.53	97.96
NM_001178583.3	6.95	6.54	7.08	7.1	6.41	5.96
NM_001178584.3	21.18	22.03	20.2	24.64	24.27	21.06
NM_001178585.1	3.51	4.25	4.26	4.76	4.42	4.12
NM_001178586.1	14.09	13.51	14.22	12.49	12.91	12.76
NM_001178587.3	4.32	3.26	4.49	3.5	3.51	3.42
NM_001178588.3	0.64	0.64	1.13	0.56	0.6	0.32
NM_001178589.1	5.26	6.03	6.73	7.16	7.46	8.95
NM_001178590.1	27.24	29.46	26.87	27.92	30.59	25.2
NM_001178591.3	23.57	24.38	24.71	26.57	23.37	25.83
NM_001178592.3	113.13	123.42	106.88	116.7	115.09	92.56
NM_001178593.1	36.42	39.46	36.5	44.73	42.53	43.69
NM_001178594.1	15.19	15.12	18.5	19.89	18.12	20.76
NM_001178595.3	50.15	51.14	52.84	52.46	54.86	58.18
NM_001178596.3	48.57	47.32	47.89	53.92	51.88	49.96
NM_001178597.1	331.34	297.61	290.23	283.5	278.12	278.64
NM_001178598.1	0.26	0.41	0.46	0.32	0.21	0.39
NM_001178599.3	21.73	19.18	22.84	22.18	23.75	23.14
NM_001178600.3	118.44	116.08	113.75	104.46	95.21	102.99
NM_001178601.1	16.48	14.62	18.58	17.08	15.93	14.11
NM_001178602.1	20.87	25.41	22.91	34.19	35.79	36.55
NM_001178603.3	3.12	3.37	4.12	5.1	4.27	5.05
NM_001178604.1	33.1	38.93	38.68	57.09	57.8	53.45
NM_001178605.1	10.6	12.34	11.79	13.67	10.84	10.22
NM_001178606.3	9.2	9.05	9.64	11.54	12.46	10.99
NM_001178607.3	1.99	1.59	1.78	1.87	1.98	2.23
NM_001178608.1	10.58	11.04	10.05	13.09	11.36	14.49
NM_001178609.1	52.81	55.02	58.89	43.8	47.17	50.39
NM_001178610.3	20.39	17.89	21.43	17.71	22.49	25.58
NM_001178611.3	171.25	164.73	165.51	158.11	161.38	177.33
NM_001178612.1	14.86	20.31	18.88	22.25	22.06	21.53
NM_001178613.2	26.77	29.48	32.18	34.01	36.11	33.29
NM_001178615.4	40.9	41.18	42.9	46.54	47.05	46.12
NM_001178616.3	42.81	43.95	36.08	55.06	49.78	63.84
NM_001178617.1	41.23	42.78	36.88	47.33	47.96	50.21
NM_001178618.2	0.63	0.72	0.5	0.55	0.87	1.02
NM_001178619.3	16.56	13.37	14.48	18.17	17.56	15.66
NM_001178620.3	12.19	14.06	13.95	14.55	14.5	12.72
NM_001178621.1	28.77	27.0	25.79	26.4	26.26	26.37
NM_001178622.1	7.11	7.0	6.3	7.89	7.41	8.42
NM_001178623.4	4.56	5.76	5.39	5.17	5.07	4.7
NM_001178624.3	3.32	3.56	4.03	3.75	3.67	3.74
NM_001178626.1	9.49	12.47	10.62	16.95	16.06	13.81
NM_001178627.1	28.98	32.1	29.27	36.52	33.79	36.02
NM_001178628.3	3.31	4.12	4.61	5.45	4.64	5.67
NM_001178629.3	15.1	16.5	17.45	17.1	15.92	15.5
NM_001178630.1	32.62	31.18	31.09	41.72	33.9	37.45
NM_001178631.1	161.53	172.33	173.69	199.3	196.95	190.51
NM_001178632.3	0.59	0.44	0.31	0.93	0.48	0.93
NM_001178633.4	1.08	0.73	1.19	1.07	0.7	1.1
NM_001178634.1	349.65	366.22	345.73	416.2	405.39	399.42
NM_001178635.1	25.72	27.31	25.12	23.42	22.88	21.41
NM_001178636.4	21.34	21.77	24.27	28.46	28.79	28.01
NM_001178637.4	10.15	11.16	10.97	11.75	10.41	11.41
NM_001178638.1	19.64	22.04	21.58	27.38	25.58	24.76
NM_001178639.1	12.5	10.3	10.96	15.71	13.72	13.85
NM_001178641.3	2.56	2.46	2.72	3.59	3.63	3.37
NM_001178642.3	0.02	0.07	0.06	0.12	0.15	0.03
NM_001178643.2	1.6	1.18	1.75	2.41	1.81	2.11
NM_001178644.1	5.55	5.49	4.34	2.37	2.19	0.87
NM_001178645.3	2.05	3.6	3.16	3.04	3.0	3.66
NM_001178646.1	0.03	0.0	0.04	0.0	0.0	0.0
NM_001178647.3	0.56	0.95	0.7	0.46	0.52	0.35
NM_001178649.3	0.13	0.43	0.6	0.1	0.35	0.65
NM_001178650.1	13.49	12.6	12.63	15.1	13.33	14.42
NM_001178651.1	75.64	84.6	89.96	103.31	90.43	94.26
NM_001178652.2	7.48	9.11	9.09	6.62	6.97	6.95
NM_001178653.1	1.85	1.47	2.43	2.66	2.86	3.53
NM_001178654.1	7.54	8.2	8.81	7.96	9.24	10.41
NM_001178657.1	12.1	12.82	13.75	13.97	13.46	15.63
NM_001178658.1	216.78	216.37	224.49	247.54	262.85	290.96
NM_001178659.1	16.71	16.34	18.64	17.79	17.51	20.71
NM_001178660.1	69.41	69.36	80.93	93.11	95.28	92.09
NM_001178662.1	9.65	11.31	9.35	11.91	10.59	11.69
NM_001178663.1	8.46	6.83	7.7	7.62	8.6	8.63
NM_001178664.1	72.48	73.79	71.61	84.95	89.64	85.74
NM_001178665.1	0.0	0.0	0.0	0.04	0.0	0.0
NM_001178666.2	0.95	0.87	0.92	0.43	0.36	0.41
NM_001178667.1	3.07	2.98	2.75	1.34	1.15	1.39
NM_001178670.1	4.88	5.62	5.22	5.24	4.42	5.08
NM_001178671.1	13.52	13.25	13.34	14.94	13.68	14.25
NM_001178672.1	4.52	5.42	5.21	7.25	7.25	7.57
NM_001178673.1	129.56	130.03	123.7	131.97	128.02	125.2
NM_001178674.1	13.33	14.62	14.18	11.03	12.17	12.12
NM_001178675.1	120.66	112.03	88.53	128.75	118.59	94.25
NM_001178676.1	47.8	46.89	45.89	53.01	51.23	53.74
NM_001178677.1	7.84	8.94	8.33	6.77	7.15	6.53
NM_001178678.1	34.12	40.13	43.35	48.53	49.0	59.43
NM_001178679.1	30.68	34.51	35.09	48.17	45.51	48.65
NM_001178680.1	133.76	135.54	145.02	177.16	173.76	155.72
NM_001178681.1	5.23	5.74	5.93	7.91	8.46	9.98
NM_001178682.1	296.51	295.47	289.92	263.62	271.87	284.48
NM_001178683.1	8.0	8.77	7.41	9.4	9.2	8.9
NM_001178684.1	5.53	5.48	6.15	6.18	6.03	6.14
NM_001178685.1	66.58	74.66	73.46	106.86	103.35	116.94
NM_001178687.1	64.81	58.69	47.9	88.19	98.92	57.03
NM_001178688.1	593.69	605.07	539.31	752.67	779.57	721.06
NM_001178689.1	19.94	16.73	17.49	20.17	21.48	21.97
NM_001178690.1	73.48	82.87	77.57	88.83	94.41	87.34
NM_001178692.1	12.48	14.56	17.0	14.54	15.44	15.99
NM_001178693.1	0.07	0.19	0.0	0.18	0.24	0.44
NM_001178694.1	7.24	8.31	9.44	11.03	11.0	9.48
NM_001178695.1	238.94	253.66	235.07	265.55	267.58	259.72
NM_001178696.1	6.57	7.65	6.04	9.34	7.84	9.1
NM_001178697.1	9.81	11.5	11.62	12.14	12.16	13.27
NM_001178698.1	48.9	55.09	52.87	67.95	62.43	61.28
NM_001178699.1	18.51	20.67	20.49	30.51	31.39	33.68
NM_001178700.1	3.9	4.38	4.76	4.01	4.3	3.68
NM_001178701.1	54.88	57.62	57.16	87.22	83.23	82.08
NM_001178702.1	0.0	0.0	0.16	0.08	0.0	0.0
NM_001178703.1	95.78	96.23	90.01	77.76	74.74	66.39
NM_001178704.1	6.72	9.05	6.98	8.24	6.56	7.04
NM_001178705.1	10.18	9.76	10.87	10.66	11.3	12.03
NM_001178706.1	283.5	286.26	306.98	277.67	268.18	262.45
NM_001178707.1	0.0	0.38	0.14	0.37	0.08	0.0
NM_001178708.1	9.36	10.1	11.05	7.7	9.22	12.09
NM_001178709.1	0.76	1.45	3.1	1.94	1.82	1.62
NM_001178710.1	0.11	0.09	0.12	0.06	0.14	0.19
NM_001178711.1	0.17	0.35	0.31	0.86	0.39	1.05
NM_001178713.1	0.67	0.84	0.66	1.3	1.08	1.42
NM_001178715.1	65.51	71.55	69.54	77.99	73.92	70.89
NM_001178716.1	17.42	18.74	20.63	18.88	21.36	21.73
NM_001178717.1	151.03	153.45	155.17	189.81	183.42	178.29
NM_001178718.1	39.88	42.48	39.44	28.63	30.27	27.9
NM_001178720.1	2.4	1.74	2.05	2.49	2.54	2.69
NM_001178721.1	16.43	16.57	16.19	17.55	16.53	19.41
NM_001178722.1	78.13	80.97	76.92	82.84	79.53	70.16
NM_001178723.1	0.59	0.4	0.55	0.29	0.27	0.6
NM_001178724.1	29.98	30.39	31.47	32.38	31.25	28.43
NM_001178725.1	6730.44	6409.93	6822.64	5373.09	5291.07	5467.82
NM_001178727.1	0.0	0.12	0.05	0.1	0.14	0.1
NM_001178728.1	5.18	6.23	7.55	6.61	5.27	7.1
NM_001178729.1	40.66	45.97	48.18	36.67	34.5	32.8
NM_001178730.1	32.48	34.02	38.66	35.48	31.01	34.44
NM_001178731.1	12.99	12.13	13.1	8.44	8.39	7.9
NM_001178732.1	4.7	5.02	5.99	6.55	6.45	5.85
NM_001178733.1	0.68	0.51	0.71	0.93	0.7	1.03
NM_001178734.1	29.5	34.51	42.48	37.08	36.04	42.33
NM_001178735.1	1.97	2.47	1.91	5.54	5.8	4.64
NM_001178737.1	6.98	6.31	7.1	7.21	6.56	6.77
NM_001178738.1	2.89	3.46	4.1	2.84	2.86	2.84
NM_001178739.1	730.59	799.01	759.02	808.37	831.82	669.33
NM_001178741.1	10.0	12.52	10.81	14.02	13.48	13.89
NM_001178742.1	9.71	10.08	11.71	13.61	12.99	13.73
NM_001178743.1	11.49	13.47	14.06	15.66	14.46	17.48
NM_001178744.1	17.74	20.91	19.05	21.53	19.84	19.39
NM_001178745.1	3721.53	3553.94	3155.6	3121.21	3105.83	2901.34
NM_001178746.1	1.34	1.43	1.69	1.59	1.58	1.5
NM_001178747.1	8.57	9.48	8.39	10.64	9.05	9.2
NM_001178748.1	156.1	168.55	167.14	147.86	140.04	136.93
NM_001178749.1	31.59	33.43	32.05	38.04	34.05	37.09
NM_001178750.1	32.85	36.13	37.49	48.62	51.48	48.45
NM_001178751.1	10.97	11.57	10.79	12.42	12.62	14.86
NM_001178752.1	1.29	1.66	2.88	2.08	2.44	2.15
NM_001178753.1	9.36	10.1	11.05	7.7	9.22	12.09
NM_001178754.1	0.0	0.38	0.14	0.37	0.08	0.0
NM_001178756.1	10.59	11.18	11.95	14.15	13.39	13.8
NM_001178757.1	67.59	72.19	78.49	81.43	75.95	75.07
NM_001178758.1	19.19	22.57	25.09	25.66	26.2	26.42
NM_001178759.1	0.07	0.09	0.05	0.0	0.06	0.06
NM_001178760.1	35.25	41.74	39.58	39.3	38.05	42.66
NM_001178761.1	30.29	32.99	31.57	41.71	40.88	44.1
NM_001178762.1	23.58	22.68	23.04	26.86	25.3	28.1
NM_001178764.1	0.0	0.0	0.0	0.0	0.0	0.0
NM_001178765.1	75.71	76.35	75.18	71.67	71.73	77.2
NM_001178766.1	33.07	31.38	32.29	36.8	33.37	38.67
NM_001178767.1	348.23	351.72	342.76	379.67	388.78	392.08
NM_001178768.1	8.5	10.64	12.25	11.83	12.1	12.68
NM_001178769.1	32.85	35.95	41.91	39.38	39.15	41.68
NM_001178770.1	24.33	21.14	22.13	22.6	24.26	27.09
NM_001178771.1	24.22	27.59	26.79	43.54	41.64	48.06
NM_001178772.1	19.92	19.76	23.84	25.54	22.08	30.08
NM_001178774.1	8.63	9.21	10.88	11.97	9.27	12.62
NM_001178776.1	22.41	24.23	20.77	22.34	22.32	19.82
NM_001178777.1	3.73	4.03	3.98	4.66	4.42	4.24
NM_001178778.1	20.74	22.25	20.13	30.34	25.5	28.04
NM_001178779.1	6.14	5.79	7.62	5.32	5.49	6.45
NM_001178780.1	41.84	42.21	44.2	41.88	45.43	53.28
NM_001178781.1	23.42	25.59	26.21	30.54	30.05	31.27
NM_001178782.1	38.66	39.08	39.21	44.64	42.68	44.63
NM_001178783.1	0.82	0.99	0.85	1.11	1.03	1.48
NM_001178784.1	6.87	10.23	10.49	10.67	11.45	11.45
NM_001178785.1	13.58	15.27	13.88	14.75	15.59	16.58
NM_001178786.2	60.04	62.75	55.4	58.34	52.67	56.29
NM_001178787.1	3.8	4.59	4.73	4.29	4.25	3.77
NM_001178788.1	60.66	64.23	61.39	94.3	87.85	81.7
NM_001178789.1	34.88	35.89	44.18	41.61	44.72	50.66
NM_001178790.1	48.91	52.5	50.43	49.54	46.71	53.85
NM_001178792.1	15.58	14.69	14.36	20.2	17.99	19.85
NM_001178794.1	184.94	193.22	145.71	195.98	172.34	160.94
NM_001178795.1	0.88	1.04	0.79	2.71	2.52	3.22
NM_001178796.1	41.88	41.81	42.71	40.26	38.46	36.19
NM_001178797.2	1.52	1.83	1.29	2.36	1.94	1.56
NM_001178798.1	6.29	6.73	7.4	7.41	7.42	6.87
NM_001178799.1	30.93	34.7	33.87	37.76	33.99	37.11
NM_001178800.1	22.8	25.09	24.72	25.29	26.0	25.71
NM_001178801.1	7.51	9.23	10.26	10.67	9.96	8.72
NM_001178802.1	3.32	3.12	2.81	3.46	3.07	4.34
NM_001178804.1	30.62	33.99	37.03	41.29	40.2	36.55
NM_001178805.1	0.53	0.56	0.42	0.52	0.67	0.56
NM_001178806.1	0.0	0.0	0.0	0.0	0.0	0.0
NM_001178807.1	0.0	0.0	0.0	0.0	0.0	0.0
NM_001178808.1	1.32	1.93	1.24	2.68	3.25	1.94
NM_001178809.1	3.4	3.29	4.47	4.16	5.35	4.6
NM_001178811.1	0.25	0.0	0.0	0.0	0.0	0.21
NM_001178812.1	1.26	1.3	0.81	1.85	1.3	2.15
NM_001178813.1	1.95	2.35	2.66	2.69	2.5	3.1
NM_001178814.1	0.19	0.0	0.07	0.27	0.17	0.24
NM_001178815.1	33.6	36.14	32.4	47.16	53.01	47.88
NM_001178816.1	127.29	137.57	148.17	142.32	134.6	145.98
NM_001178817.3	131.61	147.41	140.43	155.55	161.95	143.17
NM_001178818.1	74.43	80.48	83.33	66.7	53.02	49.67
NM_001178819.1	6.0	8.21	6.8	5.79	6.18	6.44
NM_001178820.3	2.53	3.33	3.24	3.35	3.27	2.1
NM_001178821.1	9.43	9.0	7.57	9.33	7.56	8.78
NM_001178822.1	29.56	29.39	27.28	25.89	26.93	23.02
NM_001178824.3	18.99	19.33	20.72	53.78	52.2	53.98
NM_001178826.1	3.65	3.13	3.41	6.85	5.76	5.78
NM_001178827.1	12.71	14.73	14.68	20.54	19.41	17.4
NM_001178828.3	49.11	53.13	57.57	61.59	60.27	63.45
NM_001178830.1	29.6	31.31	28.11	35.1	30.94	29.67
NM_001178831.1	3.27	3.86	4.42	3.66	3.31	4.08
NM_001178832.3	30.24	29.38	30.18	30.96	31.95	31.46
NM_001178833.1	12.8	11.64	11.04	11.95	12.38	9.61
NM_001178834.3	3.35	5.43	4.97	6.28	5.5	4.32
NM_001178835.1	3.04	3.34	3.28	2.45	3.04	3.03
NM_001178836.3	0.0	0.0	0.0	0.0	0.0	0.0
NM_001178837.1	17.51	19.62	18.73	20.69	18.8	18.38
NM_001178838.1	0.0	0.0	0.04	0.04	0.16	0.09
NM_001178839.3	33.23	40.49	32.58	45.59	48.33	39.1
NM_001178840.1	2.17	2.22	2.69	2.25	2.33	2.46
NM_001178841.1	669.52	662.72	673.84	620.3	611.75	591.85
NM_001178842.3	1064.82	1070.14	1101.66	1113.53	1105.48	1123.52
NM_001178844.1	10.35	12.47	13.99	17.39	15.71	14.86
NM_001178845.1	0.59	0.59	0.38	0.91	0.55	0.73
NM_001178846.3	113.27	120.52	122.64	148.23	138.96	152.0
NM_001178847.1	21.07	19.83	19.94	26.45	25.01	24.51
NM_001178848.1	0.56	0.28	0.35	0.28	0.21	0.0
NM_001178849.3	3124.35	3036.6	2674.45	2810.31	2873.15	2530.32
NM_001178850.1	0.0	0.0	0.0	0.08	0.0	0.0
NM_001178851.1	24.0	23.8	22.73	25.84	26.39	29.54
NM_001178852.3	146.78	144.19	120.35	162.13	148.6	145.62
NM_001178853.1	40.05	39.62	39.49	48.83	45.73	46.88
NM_001178854.1	3.07	4.27	3.56	8.67	6.65	5.66
NM_001178855.3	216.91	231.91	231.33	260.67	263.09	258.4
NM_001178856.1	1.63	1.11	1.96	1.99	1.6	1.47
NM_001178857.1	92.36	97.27	101.94	86.39	87.19	88.31
NM_001178858.3	8.41	8.99	7.64	7.34	6.84	8.42
NM_001178859.1	42.31	42.17	38.11	50.07	48.02	50.0
NM_001178861.1	308.3	291.99	309.29	276.52	282.84	313.16
NM_001178862.3	69.37	69.54	73.15	71.9	69.62	72.27
NM_001178863.1	21.06	20.96	19.63	23.7	26.62	23.16
NM_001178864.1	0.0	0.0	0.0	0.0	0.23	0.0
NM_001178865.3	21.66	26.35	20.27	24.11	24.84	23.9
NM_001178866.1	191.45	198.28	221.95	226.35	199.69	225.21
NM_001178867.1	12.91	12.83	14.45	12.29	14.2	13.0
NM_001178868.3	7.7	7.26	9.3	7.5	7.05	7.01
NM_001178869.1	2425.01	2426.73	2165.81	2413.9	2293.16	2205.4
NM_001178870.1	41.84	41.82	45.52	41.78	40.59	41.62
NM_001178871.3	17.02	15.8	15.63	22.57	21.0	23.67
NM_001178872.1	0.28	0.59	1.1	0.81	0.84	0.6
NM_001178873.1	44.16	46.6	52.72	58.33	59.6	66.49
NM_001178875.1	46.89	46.11	50.05	69.88	71.28	83.25
NM_001178876.1	6.35	7.5	7.06	7.24	7.61	7.17
NM_001178877.3	3.88	4.45	5.16	5.78	5.48	6.35
NM_001178878.1	36.92	39.87	40.32	51.41	47.79	49.88
NM_001178879.1	4.74	4.33	4.98	4.58	5.11	5.51
NM_001178880.3	120.88	113.43	111.08	135.4	116.21	123.02
NM_001178881.2	35.23	38.86	38.55	41.99	35.64	35.69
NM_001178882.1	0.25	0.14	0.39	0.2	0.46	0.84
NM_001178884.1	0.0	0.03	0.0	0.0	0.0	0.05
NM_001178885.1	0.61	0.52	0.91	0.84	0.63	1.28
NM_001178886.1	249.03	247.81	250.76	227.0	218.32	213.38
NM_001178887.1	0.92	0.9	1.11	1.05	1.05	0.48
NM_001178888.1	0.56	0.47	0.66	0.69	0.39	0.24
NM_001178890.1	0.0	0.21	0.2	0.21	0.12	0.0
NM_001178891.1	0.0	0.0	0.0	0.0	0.0	0.0
NM_001178892.1	24.43	28.23	27.67	37.73	33.35	35.16
NM_001178893.3	79.74	87.36	75.83	91.1	83.25	73.12
NM_001178894.1	200.61	212.68	209.77	250.02	245.36	245.01
NM_001178895.1	63.3	65.45	74.72	99.03	90.72	98.9
NM_001178896.3	6.45	6.84	7.54	7.9	8.29	9.47
NM_001178897.1	125.0	127.03	125.63	125.0	127.69	117.33
NM_001178898.1	4.04	4.08	4.22	3.98	3.64	3.6
NM_001178899.1	12.74	12.02	10.96	10.41	9.94	9.13
NM_001178900.1	667.75	664.47	751.68	628.48	658.79	637.69
NM_001178901.3	16.67	18.0	20.47	22.94	24.73	24.88
NM_001178902.1	132.57	122.3	157.45	31.43	24.79	34.77
NM_001178903.1	124.38	139.14	143.12	178.32	168.61	167.17
NM_001178904.3	5.88	5.79	6.16	8.63	7.01	7.19
NM_001178905.1	9.35	10.78	11.32	9.71	8.96	10.08
NM_001178906.3	1.05	1.02	1.1	2.06	1.32	1.71
NM_001178907.1	24.13	25.64	29.68	32.66	32.24	31.02
NM_001178908.1	12.43	12.93	13.35	16.52	16.68	15.02
NM_001178909.3	11.74	9.33	8.35	8.68	8.66	9.16
NM_001178910.1	16.97	16.17	19.61	23.2	24.13	21.88
NM_001178911.3	11.93	11.3	11.76	13.67	13.24	15.57
NM_001178912.1	98.27	101.79	112.14	147.14	146.95	145.42
NM_001178913.1	13.09	14.71	12.33	17.87	16.09	14.62
NM_001178914.3	239.48	238.07	237.47	258.38	259.1	254.12
NM_001178915.1	0.61	0.51	0.71	0.87	0.82	0.77
NM_001178916.1	299.94	315.92	274.98	310.69	280.61	294.81
NM_001178917.3	127.86	131.07	129.06	206.56	192.58	211.27
NM_001178918.1	54.16	56.76	49.46	72.65	67.38	62.38
NM_001178919.1	5.9	5.26	4.6	4.43	5.57	4.54
NM_001178920.3	26.83	25.24	23.79	31.56	27.38	28.68
NM_001178921.1	77.5	79.65	81.44	94.1	88.51	86.53
NM_001178922.1	102.49	103.79	109.48	111.5	109.32	112.22
NM_001178923.3	10.65	10.23	8.32	10.57	10.34	11.27
NM_001178924.1	1.99	2.81	2.51	2.48	2.09	3.24
NM_001178925.1	25.06	18.77	20.98	23.19	22.12	22.4
NM_001178926.3	26.58	23.84	25.19	27.45	25.16	29.99
NM_001178927.1	256.04	259.63	269.98	268.17	275.98	264.98
NM_001178928.1	3.34	3.48	4.1	3.4	2.12	2.31
NM_001178929.3	2.61	3.23	3.3	3.39	3.34	2.57
NM_001178930.1	0.0	0.0	0.0	0.22	0.06	0.0
NM_001178931.3	6.85	8.24	7.29	9.53	8.4	8.25
NM_001178932.2	0.82	1.16	1.58	1.13	1.06	0.9
NM_001178933.1	77.63	79.57	88.15	105.82	113.77	109.58
NM_001178934.3	852.21	825.48	755.25	745.48	749.99	683.02
NM_001178935.1	50.94	49.15	46.99	33.13	34.48	22.99
NM_001178936.3	4.59	4.69	3.41	5.13	3.66	4.46
NM_001178937.1	5.45	3.58	3.94	5.83	5.74	3.52
NM_001178938.1	5.49	6.64	5.65	5.83	5.99	5.89
NM_001178939.3	79.08	87.99	83.98	79.91	72.08	69.85
NM_001178940.1	64.3	64.49	72.75	71.63	71.46	73.54
NM_001178941.3	39.32	42.49	50.47	61.47	58.24	59.57
NM_001178942.1	4.84	4.34	3.83	5.1	5.41	4.2
NM_001178943.1	76.21	77.16	76.96	112.59	108.74	109.07
NM_001178944.3	4.34	5.72	5.86	7.05	5.71	5.67
NM_001178945.1	0.25	0.48	0.64	0.67	0.52	0.43
NM_001178946.3	218.95	217.67	215.49	289.89	288.14	250.39
NM_001178947.1	145.31	154.31	155.65	167.25	161.25	171.78
NM_001178948.3	159.57	171.75	176.22	150.5	155.49	134.58
NM_001178949.1	5.44	8.35	8.55	9.3	6.19	7.11
NM_001178950.1	13.16	15.49	14.38	15.16	14.22	17.83
NM_001178951.3	6.41	7.32	8.08	5.84	5.74	5.03
NM_001178952.2	7.29	7.7	7.39	7.08	7.09	5.38
NM_001178953.3	48.38	44.48	54.05	62.1	59.45	55.11
NM_001178954.1	65.77	73.73	62.93	69.98	57.74	59.7
NM_001178955.1	49.41	57.02	45.67	67.06	63.8	51.77
NM_001178956.3	0.49	0.39	0.49	0.74	0.77	0.37
NM_001178957.1	2.95	3.07	3.81	3.07	2.32	4.13
NM_001178958.1	10.6	11.16	7.55	13.16	12.06	8.84
NM_001178959.3	29.23	30.57	32.4	27.36	25.95	24.71
NM_001178960.1	9.78	9.48	10.13	10.14	11.05	9.58
NM_001178961.1	111.24	110.38	131.85	127.74	126.86	130.24
NM_001178962.3	18.83	26.31	21.19	27.0	24.14	24.57
NM_001178963.1	657.92	627.29	630.81	602.21	556.05	351.93
NM_001178964.2	69.76	70.96	69.71	121.58	122.01	125.91
NM_001178965.3	3657.48	3496.1	3053.23	3529.04	3413.88	3249.49
NM_001178966.2	8.15	8.17	7.21	7.2	6.84	7.45
NM_001178967.3	2.1	2.33	2.69	2.41	2.4	2.82
NM_001178968.1	4.89	6.64	7.16	5.62	5.98	5.31
NM_001178969.1	10.34	10.69	10.65	12.18	12.81	11.18
NM_001178970.1	13.3	17.33	13.0	14.38	13.79	12.62
NM_001178971.1	47.0	53.04	50.02	57.11	54.82	57.15
NM_001178972.3	10.46	9.0	7.96	28.44	28.2	25.71
NM_001178973.1	35.16	35.8	39.29	29.19	29.42	30.51
NM_001178974.1	63.57	61.86	62.27	71.86	76.44	73.41
NM_001178976.3	0.0	0.23	0.29	0.0	0.26	0.16
NM_001178977.1	103.4	104.07	113.94	104.16	106.53	114.61
NM_001178978.1	5.8	6.73	7.99	5.66	5.7	6.56
NM_001178979.3	32.36	30.47	27.05	42.01	41.13	38.53
NM_001178980.1	47.18	44.86	51.55	35.21	36.55	43.38
NM_001178981.1	137.96	142.07	135.57	215.26	207.86	189.32
NM_001178982.3	215.07	212.56	175.59	163.3	160.48	138.45
NM_001178983.3	45.88	38.24	42.48	50.13	48.05	55.93
NM_001178984.1	2.7	2.78	3.58	3.76	3.55	3.16
NM_001178985.3	122.9	121.38	126.27	181.18	180.91	191.14
NM_001178986.3	23.25	24.27	25.33	30.16	24.94	30.07
NM_001178987.1	0.74	1.19	0.84	1.19	1.24	0.97
NM_001178989.1	1.11	1.75	1.67	1.65	1.34	1.06
NM_001178990.3	34.46	37.2	38.24	49.86	48.55	40.65
NM_001178991.3	78.63	82.68	74.86	97.24	101.41	87.6
NM_001178992.1	8.48	8.64	8.46	10.85	10.5	10.23
NM_001178993.1	5168.76	4986.66	4542.43	4759.78	4801.3	4368.84
NM_001178994.3	11.56	11.71	11.64	25.49	19.62	16.57
NM_001178995.3	9.75	9.46	9.56	10.59	10.38	9.68
NM_001178996.1	20.56	20.5	21.84	21.91	21.5	21.89
NM_001178997.1	0.17	0.05	0.0	0.18	0.15	0.28
NM_001178998.3	35.63	35.63	34.24	38.34	35.02	37.28
NM_001179000.1	257.8	262.35	251.29	236.16	224.12	233.05
NM_001179001.1	9.96	10.7	9.17	10.13	8.95	9.78
NM_001179002.3	56.25	62.51	72.31	58.44	55.79	55.6
NM_001179003.3	11.55	10.83	13.01	9.89	10.19	10.52
NM_001179004.1	24.68	26.76	20.1	30.27	26.04	26.78
NM_001179005.1	2.7	3.27	3.71	2.63	4.13	2.43
NM_001179006.3	7.14	7.55	9.23	7.27	6.94	8.23
NM_001179007.3	2989.29	2969.27	2932.36	2872.37	2846.64	2837.17
NM_001179008.1	32.59	32.93	31.68	32.24	31.78	32.86
NM_001179009.1	14.97	15.4	14.6	18.43	17.25	18.84
NM_001179010.3	355.56	350.98	349.12	416.08	415.28	409.98
NM_001179011.3	0.93	1.23	1.04	1.42	1.47	1.12
NM_001179012.1	103.66	104.87	98.1	139.08	126.5	121.6
NM_001179013.1	17.3	17.37	18.69	15.13	19.23	17.55
NM_001179014.3	88.05	87.96	98.02	106.82	112.63	105.99
NM_001179015.3	76.98	80.08	80.9	88.77	87.17	89.17
NM_001179016.1	113.89	118.73	106.47	133.79	129.94	121.75
NM_001179017.1	39.08	40.33	40.09	46.39	42.05	39.75
NM_001179018.3	7.81	9.4	10.77	6.1	4.64	6.5
NM_001179019.3	4.93	5.63	5.69	5.66	5.62	5.43
NM_001179020.1	9.74	9.18	9.62	12.01	11.17	10.86
NM_001179021.1	1606.82	1595.06	1468.58	1373.18	1396.1	1278.87
NM_001179022.3	2.84	2.99	3.31	3.4	3.03	3.82
NM_001179023.3	177.6	189.38	218.0	200.96	200.01	191.71
NM_001179024.1	29.35	31.68	30.6	27.48	31.35	29.75
NM_001179026.1	96.12	102.11	114.98	113.75	103.97	111.14
NM_001179027.3	5.07	5.34	6.97	7.04	5.76	7.18
NM_001179028.4	0.0	0.0	0.02	0.01	0.0	0.0
NM_001179029.3	10.2	9.02	10.34	12.38	13.5	12.78
NM_001179030.3	5.6	6.18	6.08	5.91	4.83	6.63
NM_001179031.1	31.92	36.95	36.31	41.43	41.05	39.1
NM_001179032.1	6.82	8.26	10.62	14.65	11.2	12.26
NM_001179033.3	28.48	28.79	26.31	41.47	41.87	38.6
NM_001179034.3	5.69	5.57	6.05	5.41	6.49	5.55
NM_001179035.1	145.88	143.29	157.87	173.26	161.22	181.71
NM_001179036.1	110.46	110.61	110.52	122.35	123.36	113.97
NM_001179037.3	4.1	3.83	4.35	5.15	4.53	4.99
NM_001179038.3	88.08	94.38	93.32	101.31	92.78	101.65
NM_001179039.1	11.62	12.66	12.98	14.56	15.16	15.49
NM_001179040.1	5.92	6.32	5.31	6.96	6.74	7.54
NM_001179041.3	29.2	30.6	26.92	32.33	29.19	29.74
NM_001179042.3	13.44	15.24	16.15	18.28	19.46	21.07
NM_001179043.1	2.79	3.17	3.88	2.35	2.94	4.08
NM_001179044.1	24.03	23.19	24.54	22.2	20.84	24.76
NM_001179045.3	21.85	23.4	23.01	22.58	20.62	23.7
NM_001179046.3	90.95	87.6	94.11	103.25	108.14	110.26
NM_001179047.1	10.71	9.96	10.28	10.05	9.46	9.31
NM_001179048.1	3.34	3.19	2.88	2.4	2.06	2.56
NM_001179049.3	32.66	33.14	33.4	38.14	37.27	38.36
NM_001179050.4	0.66	0.46	0.43	0.37	0.36	0.31
NM_001179051.1	16.5	19.98	18.95	20.84	18.46	20.24
NM_001179052.4	3.27	3.81	3.98	4.59	3.64	4.43
NM_001179053.3	16.38	17.25	19.08	18.65	19.31	22.32
NM_001179054.1	22.59	23.41	22.46	19.06	18.57	17.17
NM_001179055.1	865.65	868.06	787.44	839.05	832.5	801.8
NM_001179056.3	15.86	16.89	17.49	17.21	16.33	16.82
NM_001179057.3	10.2	11.2	9.72	9.84	9.41	10.27
NM_001179058.1	22.43	23.65	27.07	24.68	22.77	22.11
NM_001179059.1	8.09	8.53	9.03	8.55	8.28	7.99
NM_001179060.3	13.8	11.74	12.89	14.82	13.15	17.4
NM_001179061.3	11.74	14.46	12.47	14.29	13.53	13.15
NM_001179062.1	9.53	10.8	9.08	11.55	9.78	9.92
NM_001179063.1	1.81	2.3	2.6	2.55	2.79	2.23
NM_001179064.3	21.37	26.86	22.24	19.63	21.68	22.11
NM_001179065.3	7.14	7.19	7.02	4.36	5.06	5.88
NM_001179066.1	14.48	14.56	14.57	21.21	20.28	19.88
NM_001179067.3	714.23	751.34	696.16	841.39	813.52	835.75
NM_001179068.3	416.66	414.99	433.89	428.07	428.08	482.12
NM_001179069.1	0.6	0.64	0.95	0.66	1.07	0.94
NM_001179070.1	0.0	0.26	0.0	0.05	0.11	0.21
NM_001179072.3	10.11	12.09	9.21	12.26	10.03	13.63
NM_001179073.1	29.41	26.79	28.42	28.32	32.73	33.76
NM_001179074.1	0.66	0.68	0.72	0.49	0.2	0.22
NM_001179075.3	0.17	0.05	0.17	0.5	0.56	0.19
NM_001179076.3	0.11	0.09	0.0	0.09	0.15	0.09
NM_001179077.1	0.0	0.0	0.0	0.09	0.0	0.0
NM_001179079.3	0.0	0.21	0.2	0.21	0.12	0.0
NM_001179080.3	0.0	0.0	0.0	0.0	0.0	0.0
NM_001179081.1	2790.19	2746.93	2561.12	2886.66	2803.4	2540.39
NM_001179082.1	24.32	23.1	24.2	31.63	28.02	26.38
NM_001179083.1	64.83	69.35	63.92	86.01	84.06	76.17
NM_001179084.1	25.74	25.93	24.48	29.4	28.84	33.43
NM_001179086.1	3.03	3.7	3.77	3.18	3.38	3.37
NM_001179087.1	23.83	27.57	23.76	24.7	21.11	22.07
NM_001179088.1	5.32	5.02	4.89	5.31	4.3	5.06
NM_001179089.1	13.13	17.15	15.43	16.21	13.03	15.91
NM_001179090.1	3.3	4.25	4.35	3.83	3.46	2.71
NM_001179091.1	126.82	133.18	134.54	164.86	174.89	168.7
NM_001179092.1	0.14	0.09	0.33	0.03	0.06	0.0
NM_001179093.1	32.73	33.31	36.1	33.47	31.86	31.93
NM_001179094.1	4.36	4.06	5.47	4.62	4.57	4.06
NM_001179095.1	3101.58	3019.94	2497.22	3019.23	3092.06	2624.75
NM_001179096.1	0.47	0.54	0.74	0.56	0.48	0.84
NM_001179097.1	22.06	22.88	25.42	25.22	26.18	25.47
NM_001179098.1	7.22	6.72	6.77	5.63	8.08	7.32
NM_001179099.1	3.4	4.47	4.71	5.45	5.62	5.29
NM_001179100.1	13.07	12.0	11.69	13.07	12.27	12.93
NM_001179101.1	16.5	17.31	15.82	22.95	23.16	23.74
NM_001179102.1	0.47	0.47	0.67	0.7	0.91	0.87
NM_001179103.1	4.55	4.67	4.71	5.62	5.19	5.1
NM_001179104.1	1.24	0.94	0.61	0.82	0.61	0.62
NM_001179105.1	17.36	14.88	15.58	17.82	18.1	18.57
NM_001179106.1	2.87	2.51	3.93	1.66	1.42	2.17
NM_001179107.1	25.85	25.18	22.63	30.08	27.95	30.5
NM_001179108.1	2.71	3.37	2.64	2.32	2.74	2.42
NM_001179109.1	7.5	7.37	8.74	6.61	8.23	9.19
NM_001179110.1	21.26	22.24	25.1	31.36	27.04	31.77
NM_001179111.1	34.85	33.12	32.89	52.65	49.72	52.63
NM_001179112.1	0.69	1.17	1.27	1.37	1.4	1.5
NM_001179113.1	1989.14	1913.13	1770.77	1571.27	1621.75	1514.97
NM_001179114.1	328.55	356.66	325.06	368.14	337.73	308.67
NM_001179115.1	2.44	2.43	2.77	2.97	1.83	1.96
NM_001179116.1	1.83	1.65	1.09	1.22	1.46	1.23
NM_001179118.1	4.17	4.95	6.64	6.14	4.94	5.6
NM_001179119.1	24.97	26.52	25.1	35.53	34.57	34.96
NM_001179120.1	38.87	33.88	37.54	41.14	32.71	41.18
NM_001179122.1	2.92	1.06	0.98	2.23	2.32	2.13
NM_001179123.1	0.09	0.08	0.0	0.15	0.0	0.0
NM_001179124.1	2.44	2.41	2.74	3.1	3.55	3.44
NM_001179126.1	0.0	0.0	0.0	0.0	0.0	0.0
NM_001179127.2	44.59	26.15	24.65	28.36	19.29	23.3
NM_001179128.1	16.57	15.95	10.68	20.8	20.49	21.6
NM_001179129.1	0.0	0.0	0.0	0.0	0.0	0.0
NM_001179130.1	0.0	0.02	0.0	0.0	0.0	0.0
NM_001179131.1	25.78	29.6	31.31	37.0	36.87	35.13
NM_001179132.1	3.97	3.58	4.01	3.23	3.84	3.53
NM_001179133.1	19.61	19.16	23.57	22.6	23.84	23.54
NM_001179134.1	4.05	3.74	4.45	3.4	4.38	2.54
NM_001179135.1	31.12	31.07	34.49	33.72	33.18	35.53
NM_001179136.1	15.8	15.82	15.18	18.59	17.27	16.53
NM_001179137.1	245.5	234.1	255.45	238.36	232.41	227.76
NM_001179138.1	115.12	116.35	114.12	118.51	130.36	134.81
NM_001179139.1	24.82	24.42	26.77	25.13	25.31	26.51
NM_001179140.1	2920.5	2962.4	2602.69	2852.57	3001.24	2711.19
NM_001179141.1	2.91	4.06	4.51	3.3	3.0	3.58
NM_001179142.1	28.59	30.59	37.41	45.16	42.76	47.19
NM_001179143.1	68.48	74.95	76.17	81.15	83.42	83.22
NM_001179144.1	0.0	0.19	0.0	0.05	0.05	0.1
NM_001179145.1	0.66	1.31	1.44	0.82	0.9	0.4
NM_001179146.1	19.98	21.82	21.58	28.34	28.89	30.42
NM_001179147.1	8.14	7.86	9.33	9.27	11.42	10.77
NM_001179148.1	34.84	39.48	40.0	103.58	101.63	99.22
NM_001179149.1	419.31	426.55	417.15	377.16	372.3	366.97
NM_001179150.1	274.63	263.66	251.95	240.26	232.44	240.62
NM_001179151.1	3175.98	2996.99	2559.26	2907.71	3119.89	2490.1
NM_001179152.1	0.39	0.71	0.51	0.64	0.72	0.44
NM_001179153.1	9.44	10.45	9.46	13.81	10.24	11.17
NM_001179154.1	21.7	23.48	27.0	28.66	26.38	29.63
NM_001179155.1	181.64	176.99	180.84	174.23	176.99	207.44
NM_001179156.1	195.11	202.12	190.43	223.04	210.92	203.93
NM_001179157.1	125.23	130.38	125.75	198.24	181.33	182.62
NM_001179158.1	19.29	23.32	23.48	25.24	23.39	24.53
NM_001179159.1	24.89	26.8	31.71	46.66	46.53	45.97
NM_001179160.1	21.33	22.65	21.67	28.52	27.19	28.25
NM_001179161.1	5.38	6.17	4.98	5.79	6.37	5.35
NM_001179162.1	24.54	24.65	26.9	22.9	25.01	27.89
NM_001179163.1	0.44	0.07	0.06	0.3	0.37	0.48
NM_001179164.1	12.92	13.85	12.76	15.5	16.05	16.72
NM_001179165.1	1.37	1.53	1.38	1.51	1.5	1.35
NM_001179166.1	9.98	10.61	6.96	11.14	9.86	10.06
NM_001179167.1	30.24	34.29	36.44	43.01	43.95	44.46
NM_001179168.1	9.89	12.35	16.66	12.12	9.67	9.92
NM_001179169.1	31.64	33.49	38.31	32.98	31.67	34.05
NM_001179170.1	10.98	10.42	10.22	14.74	14.2	15.45
NM_001179171.1	22.04	23.0	21.74	20.87	22.44	25.49
NM_001179172.1	94.55	86.76	105.5	92.89	93.96	109.1
NM_001179173.1	28.03	28.69	28.27	26.75	29.24	29.11
NM_001179174.1	10.7	10.6	11.67	12.22	12.3	13.53
NM_001179175.1	12.42	12.35	13.09	10.8	10.2	10.76
NM_001179176.1	18.77	20.0	21.76	22.28	21.68	20.37
NM_001179177.1	64.89	74.5	74.97	89.86	83.21	85.95
NM_001179178.1	1.37	1.46	2.41	1.43	1.33	2.33
NM_001179179.1	82.14	79.17	86.41	72.43	75.09	71.52
NM_001179180.1	19.12	19.54	19.89	19.73	20.21	21.41
NM_001179181.1	70.39	83.79	71.4	99.75	103.14	89.45
NM_001179182.1	89.72	104.88	105.6	113.47	106.27	100.86
NM_001179183.1	0.0	0.0	0.0	0.0	0.0	0.0
NM_001179184.1	19.86	26.76	21.7	13.17	11.93	10.77
NM_001179185.1	0.0	0.0	0.0	0.0	0.0	0.0
NM_001179186.2	17.62	21.99	19.52	15.46	14.86	15.55
NM_001179187.1	32.17	31.69	32.28	28.61	27.24	32.77
NM_001179188.1	15.15	17.48	17.4	18.33	18.8	18.44
NM_001179189.1	21.17	20.33	21.74	24.92	25.47	22.11
NM_001179190.1	27.06	26.3	34.73	25.61	26.07	30.81
NM_001179191.1	9.38	11.86	10.97	11.19	11.18	9.24
NM_001179192.1	20.42	22.04	26.9	20.74	21.97	25.81
NM_001179193.1	49.66	51.99	60.4	58.75	61.12	55.93
NM_001179194.1	528.1	551.3	536.92	534.14	524.9	550.92
NM_001179195.1	53.38	53.99	50.58	71.43	70.77	66.59
NM_001179196.1	42.21	42.7	45.64	37.43	37.82	40.86
NM_001179197.1	2.91	3.4	3.36	4.35	3.95	2.42
NM_001179198.1	222.14	221.84	218.85	238.55	225.91	226.93
NM_001179199.1	31.54	33.5	34.78	31.83	32.67	31.39
NM_001179200.1	29.61	28.85	30.54	32.67	33.77	38.3
NM_001179201.1	8.57	8.37	9.32	8.17	8.32	7.04
NM_001179202.2	18.08	18.27	20.6	16.71	16.51	16.27
NM_001179203.1	10.49	10.98	11.7	12.18	12.32	11.67
NM_001179204.1	40.46	39.62	43.71	49.89	47.52	53.48
NM_001179205.1	4.45	3.86	4.47	2.62	3.49	4.33
NM_001179206.1	23.65	26.62	25.67	32.63	30.25	30.61
NM_001179207.1	7.95	9.02	8.39	9.04	7.79	8.1
NM_001179208.1	4.64	4.78	5.44	6.75	6.63	6.3
NM_001179209.1	4.37	4.34	4.72	4.37	3.5	3.79
NM_001179210.1	1.56	1.33	1.23	1.34	0.97	1.31
NM_001179211.1	31.8	38.24	38.87	29.9	31.08	25.77
NM_001179212.1	16.62	16.62	17.64	18.52	18.47	18.01
NM_001179213.1	21.54	20.42	22.37	23.56	25.23	27.41
NM_001179214.1	19.5	21.44	18.09	19.9	19.44	18.15
NM_001179215.1	20.98	19.29	22.61	18.67	19.85	19.5
NM_001179216.1	12.9	13.69	13.0	13.7	12.99	11.22
NM_001179217.1	7.98	7.52	6.8	10.47	10.75	9.89
NM_001179218.1	50.93	55.67	60.3	47.91	45.24	42.08
NM_001179219.1	264.85	280.25	286.94	294.08	292.44	293.89
NM_001179220.1	10.49	10.98	12.13	10.96	12.42	10.22
NM_001179221.1	2.47	2.97	3.21	2.66	2.66	2.93
NM_001179222.2	30.76	33.5	31.4	23.41	22.92	22.53
NM_001179224.1	139.18	134.72	145.15	100.72	96.58	107.25
NM_001179226.1	7.63	6.51	6.45	5.59	5.2	6.44
NM_001179227.1	12.05	11.12	10.73	13.79	12.88	12.32
NM_001179228.1	47.81	50.01	52.34	51.61	51.12	52.24
NM_001179229.1	12.12	13.61	12.44	12.18	11.04	11.63
NM_001179230.1	15.95	12.64	19.07	18.76	20.11	19.3
NM_001179231.1	11.14	11.33	9.93	10.78	13.12	10.83
NM_001179232.1	7.82	9.12	8.64	10.95	9.71	9.35
NM_001179233.1	14.45	16.63	13.66	12.98	11.02	11.3
NM_001179234.1	53.07	65.25	65.72	63.86	60.57	61.93
NM_001179235.1	6.46	7.36	5.13	7.88	5.69	7.36
NM_001179236.1	5.95	6.47	5.26	4.66	4.91	4.77
NM_001179237.1	61.81	63.25	61.04	48.76	45.89	45.25
NM_001179238.1	92.94	100.52	99.65	95.0	100.02	88.31
NM_001179239.1	3.63	3.87	4.26	4.78	4.6	5.61
NM_001179240.1	18.63	22.15	22.28	22.14	25.93	22.28
NM_001179241.1	25.84	26.28	26.11	33.09	32.83	35.3
NM_001179242.1	13.07	14.67	14.28	11.79	13.53	14.07
NM_001179243.1	28.59	32.98	34.54	26.84	25.39	30.53
NM_001179244.1	13.27	13.21	13.3	16.88	14.36	14.2
NM_001179245.1	25.18	27.38	24.79	26.94	26.97	30.84
NM_001179246.1	13.19	14.79	16.8	13.42	14.11	22.59
NM_001179247.1	22.81	21.86	24.87	22.43	23.06	24.1
NM_001179248.1	9.21	9.93	11.69	10.7	12.24	11.45
NM_001179249.1	8.47	8.0	9.1	8.62	9.07	7.91
NM_001179250.1	4.57	4.82	4.87	4.35	3.99	3.96
NM_001179251.1	53.76	52.67	58.42	46.78	42.85	44.66
NM_001179252.1	31.4	34.57	34.19	50.45	46.77	48.43
NM_001179253.1	32.47	34.0	38.14	39.6	37.54	42.37
NM_001179254.1	0.55	0.65	0.48	0.5	0.46	0.66
NM_001179256.1	0.0	0.0	0.0	0.24	0.09	0.17
NM_001179257.1	31.33	31.69	32.42	30.01	25.32	24.38
NM_001179258.1	208.84	209.34	214.54	201.43	210.48	198.15
NM_001179259.1	3.97	4.72	4.43	4.94	4.32	4.35
NM_001179261.1	2.6	2.9	3.06	2.87	2.75	3.35
NM_001179262.1	56.75	61.26	64.65	54.03	56.33	56.61
NM_001179263.1	80.15	84.06	82.11	102.18	103.64	102.94
NM_001179264.1	2.96	5.03	4.06	4.66	5.86	4.5
NM_001179265.1	49.3	50.98	53.56	37.97	39.33	40.84
NM_001179266.1	62.25	52.71	68.41	23.48	24.32	8.26
NM_001179267.1	26.46	31.14	27.43	80.67	82.53	70.95
NM_001179268.1	18.13	14.71	21.62	20.14	19.69	25.86
NM_001179269.1	0.0	0.0	0.0	0.0	0.0	0.0
NM_001179270.1	2.61	2.43	2.7	2.32	2.1	2.1
NM_001179271.1	3222.2	3304.35	2793.05	3561.93	3493.4	2711.75
NM_001179272.1	26.55	29.56	33.22	40.47	36.49	40.72
NM_001179273.1	139.95	143.37	152.02	144.72	136.04	147.11
NM_001179274.1	255.33	261.2	235.11	234.7	246.6	245.04
NM_001179275.1	16.04	18.17	17.53	13.55	14.57	15.5
NM_001179277.1	115.48	120.88	116.4	134.52	117.79	122.8
NM_001179278.1	27.14	27.79	31.28	38.4	39.55	43.66
NM_001179279.1	51.66	52.59	52.68	65.85	57.85	59.52
NM_001179280.1	13.23	13.59	13.27	13.1	11.08	13.95
NM_001179281.1	2.35	2.93	2.9	2.47	2.15	2.28
NM_001179282.1	5.98	6.55	5.34	6.77	6.43	5.94
NM_001179283.1	51.56	52.59	48.74	40.08	43.48	34.89
NM_001179284.1	2.77	3.02	2.82	2.89	3.54	3.47
NM_001179285.1	12.56	13.65	14.15	16.13	15.27	13.49
NM_001179286.1	4.16	4.37	4.76	4.97	4.36	4.84
NM_001179287.1	3.86	5.21	3.73	4.56	4.16	3.78
NM_001179288.1	0.44	0.59	0.41	0.43	0.33	0.0
NM_001179289.1	17.36	18.13	17.9	20.56	18.76	19.32
NM_001179290.1	4.8	4.33	2.78	4.42	3.8	3.24
NM_001179291.1	0.18	0.05	0.18	0.15	0.33	0.3
NM_001179292.1	10.64	10.22	11.68	10.65	10.41	9.92
NM_001179293.1	212.2	230.93	230.1	283.27	270.49	236.78
NM_001179294.1	76.15	78.19	88.24	94.83	93.66	98.83
NM_001179295.1	3.07	3.31	3.2	5.18	4.0	4.17
NM_001179296.1	7.5	7.1	7.79	7.04	6.46	6.49
NM_001179297.1	4.47	4.26	5.03	6.25	5.97	6.05
NM_001179298.1	8.68	11.58	15.62	14.23	13.52	13.89
NM_001179299.2	3.38	3.99	3.59	3.16	3.64	3.27
NM_001179300.1	21.97	23.54	23.84	30.47	33.16	36.0
NM_001179301.1	76.09	74.82	84.6	79.65	81.25	80.14
NM_001179302.1	3.62	4.46	4.57	3.5	3.37	2.94
NM_001179303.1	4.95	5.87	6.78	5.43	4.46	5.11
NM_001179305.1	14078.54	13452.96	13117.52	13806.25	13655.62	13820.75
NM_001179306.3	60.05	47.87	58.13	53.12	61.0	58.69
NM_001179307.3	1.73	1.56	2.17	1.27	2.04	1.74
NM_001179308.1	2.3	2.03	0.89	0.62	0.45	0.19
NM_001179309.3	2.24	2.8	3.05	2.42	1.69	1.91
NM_001179310.1	683.43	634.44	756.38	837.17	851.44	906.22
NM_001179312.3	34.86	41.58	37.98	48.99	49.78	51.93
NM_001179313.1	3.35	2.63	2.89	2.86	2.87	2.79
NM_001179314.3	662.23	615.96	622.46	652.0	637.7	691.29
NM_001179315.1	1.51	1.8	1.47	1.69	1.31	1.13
NM_001179316.3	0.21	0.12	0.44	0.4	0.45	0.35
NM_001179317.1	5.84	6.49	6.9	7.0	6.57	7.79
NM_001179318.3	17.97	18.56	19.64	25.97	29.76	30.82
NM_001179319.1	32.13	32.77	35.53	31.84	33.48	33.15
NM_001179320.3	1.95	1.71	2.26	2.65	2.82	2.73
NM_001179321.1	120.96	125.69	119.18	161.07	159.78	144.4
NM_001179322.3	16.59	15.83	16.76	23.57	21.54	21.09
NM_001179323.1	20.19	18.52	20.55	20.65	15.68	17.56
NM_001179324.3	1088.39	1129.89	1002.56	993.26	1023.15	959.1
NM_001179325.1	1.4	1.25	1.82	1.84	1.57	1.72
NM_001179326.3	6.74	6.91	6.97	7.05	5.94	7.1
NM_001179327.1	35.51	38.23	37.1	44.91	42.07	39.68
NM_001179328.4	22.65	23.13	23.59	21.63	21.26	22.34
NM_001179329.1	9.3	12.28	11.49	12.29	12.55	9.85
NM_001179330.3	21.32	21.14	25.35	22.91	23.64	26.6
NM_001179331.3	118.98	115.7	119.43	124.75	133.37	144.01
NM_001179332.1	45.89	48.28	44.64	36.74	35.42	32.17
NM_001179333.3	3.87	3.31	3.6	1.96	2.62	2.53
NM_001179334.1	3371.49	3223.26	3499.54	2795.95	3034.62	3021.96
NM_001179335.3	5.23	5.88	5.63	4.68	5.31	5.02
NM_001179336.1	36.1	38.7	37.13	35.76	34.75	38.51
NM_001179337.3	18.08	18.42	16.85	18.54	19.33	18.65
NM_001179338.1	19.49	20.16	20.88	19.59	17.92	18.76
NM_001179339.3	315.39	301.68	311.92	357.75	370.48	399.91
NM_001179340.1	4.81	3.28	3.96	6.03	4.97	5.06
NM_001179341.3	0.59	0.33	0.08	1.46	0.73	0.75
NM_001179342.1	0.13	0.14	0.2	0.09	0.18	0.17
NM_001179344.1	0.0	0.14	0.0	0.0	0.0	0.0
NM_001179345.3	8.21	5.58	7.64	3.41	2.8	5.42
NM_001179346.1	200.14	198.21	216.84	56.83	49.59	20.84
NM_001179347.3	55.95	57.07	71.13	118.66	110.36	132.98
NM_001179349.1	0.0	0.02	0.04	0.07	0.0	0.0
NM_001179350.3	0.0	0.0	0.0	0.0	0.0	0.0
NM_001179351.3	5.65	5.02	5.89	4.32	4.98	5.12
NM_001179352.3	4.14	4.36	5.11	3.85	3.65	3.89
NM_001179353.1	13.08	15.0	13.32	15.63	16.61	16.05
NM_001179354.3	41.64	36.65	38.05	33.63	30.79	32.22
NM_001179355.1	27.46	29.72	26.89	22.58	21.79	19.21
NM_001179356.1	1.45	2.06	1.99	1.87	1.72	2.31
NM_001179357.3	10.45	10.43	11.53	12.44	13.01	13.73
NM_001179358.3	94.37	92.92	84.65	101.17	98.08	77.41
NM_001179359.1	20.24	18.73	22.45	12.46	10.71	10.87
NM_001179360.3	39.36	47.12	39.48	56.92	54.35	52.09
NM_001179361.1	14.72	15.46	18.09	6.44	7.97	7.64
NM_001179363.1	0.52	0.62	0.67	0.65	0.67	0.81
NM_001179364.3	8.81	9.13	9.78	7.88	7.61	7.32
NM_001179365.1	86.11	98.55	93.83	89.83	86.41	91.87
NM_001179366.1	42.87	40.55	37.1	43.36	39.71	39.29
NM_001179367.3	1.99	2.0	2.68	2.96	2.52	2.42
NM_001179368.1	4283.97	4213.15	4156.37	4046.08	4087.91	4179.24
NM_001179369.1	28.08	28.17	27.6	32.16	29.06	31.85
NM_001179370.3	35.15	34.79	34.43	40.97	38.28	37.35
NM_001179371.3	64.18	64.94	71.77	62.09	57.65	64.03
NM_001179372.1	42.05	38.39	41.72	31.31	29.03	29.01
NM_001179373.1	13.73	13.57	14.6	14.42	17.59	19.19
NM_001179374.3	1.02	1.22	0.53	0.35	0.94	0.29
NM_001179376.1	9.79	10.85	11.09	10.52	10.29	10.14
NM_001179377.1	43.99	53.6	53.18	56.43	56.24	53.4
NM_001179379.3	0.11	0.18	0.17	0.18	0.2	0.0
NM_001179380.3	30.37	32.38	30.09	40.3	35.49	35.68
NM_001179381.1	3.34	3.28	4.65	4.21	3.96	4.03
NM_001179383.1	50.85	52.79	43.02	60.71	53.11	54.88
NM_001179384.3	55.33	58.97	62.41	64.04	69.4	66.13
NM_001179385.1	30.45	34.08	38.84	47.61	44.69	44.57
NM_001179386.1	21.65	22.74	16.98	24.97	22.34	24.12
NM_001179387.3	0.03	0.11	0.17	0.52	0.49	0.45
NM_001179388.3	34.66	32.62	48.1	36.38	37.67	30.46
NM_001179389.1	40.61	39.9	42.03	42.66	42.2	43.88
NM_001179390.1	41.9	44.95	48.0	45.2	47.03	41.05
NM_001179391.3	149.95	141.24	145.08	177.22	171.2	168.93
NM_001179392.1	3.49	2.72	3.25	3.47	2.82	3.95
NM_001179393.1	156.31	152.8	146.47	160.71	166.26	172.09
NM_001179394.3	49.44	46.23	47.41	53.72	53.04	52.72
NM_001179395.3	4.31	4.82	3.92	5.5	5.23	4.45
NM_001179396.1	5.46	6.08	6.37	7.2	6.44	7.35
NM_001179397.3	15.17	15.23	17.63	17.96	18.22	20.92
NM_001179398.1	10.36	11.59	12.12	14.06	12.07	13.57
NM_001179399.1	8.02	10.27	8.3	9.33	8.31	9.97
NM_001179400.3	16.34	17.01	18.71	19.16	21.58	19.64
NM_001179401.3	1072.91	1085.61	988.89	1140.4	1132.48	1011.82
NM_001179402.1	2646.73	2534.28	2352.76	2616.5	2596.52	2494.78
NM_001179403.1	1151.87	1046.85	1145.73	900.9	911.27	958.63
NM_001179405.1	3.09	2.65	2.86	2.47	2.7	2.3
NM_001179406.1	7.4	6.42	7.47	7.2	7.47	6.43
NM_001179407.3	0.0	0.16	0.0	0.24	0.09	0.16
NM_001179410.3	0.0	0.0	0.0	0.0	0.0	0.0
NM_001179411.1	11.85	11.49	9.35	9.84	11.26	10.5
NM_001179412.1	135.65	128.29	129.08	155.88	153.75	167.22
NM_001179413.1	42.09	43.15	36.69	34.63	30.45	30.71
NM_001179414.2	35.72	39.49	39.73	46.5	45.23	45.9
NM_001179415.3	29.63	28.73	31.09	31.9	35.92	37.6
NM_001179416.3	1.57	1.81	2.08	1.37	1.47	1.74
NM_001179417.1	6.41	6.37	6.34	6.27	7.41	7.77
NM_001179418.1	8.41	10.11	9.48	11.67	10.41	10.07
NM_001179419.1	3156.55	2987.56	2623.51	3055.61	2950.53	2790.25
NM_001179420.1	55.52	53.06	53.87	50.49	48.66	55.11
NM_001179421.3	2.04	2.72	1.99	3.13	2.45	3.46
NM_001179422.3	0.26	0.43	0.58	0.16	0.37	0.15
NM_001179423.1	0.23	0.48	0.31	0.49	0.48	0.67
NM_001179424.1	61.02	61.73	65.46	64.58	60.64	56.07
NM_001179425.1	80.14	87.45	85.81	138.18	129.61	134.91
NM_001179426.1	97.93	93.23	93.12	95.65	101.02	94.13
NM_001179427.3	6.44	6.13	4.86	8.53	7.79	6.77
NM_001179428.3	482.7	504.49	493.72	533.89	506.8	505.81
NM_001179429.1	23.02	22.31	24.89	26.46	25.91	25.97
NM_001179431.2	31.74	29.98	29.01	30.8	32.46	29.57
NM_001179432.1	10.88	9.77	12.34	13.05	11.91	12.3
NM_001179433.3	14.01	14.96	15.8	12.1	12.0	12.58
NM_001179435.3	14.45	12.0	11.82	19.65	15.21	19.1
NM_001179436.1	19.64	20.23	20.48	21.08	20.64	20.44
NM_001179437.1	2.53	2.93	2.86	2.34	2.85	1.88
NM_001179438.1	13.08	14.99	16.17	14.07	14.31	13.64
NM_001179439.1	23.69	25.07	24.66	29.18	29.7	28.6
NM_001179440.3	2.16	2.6	2.62	1.73	2.02	2.23
NM_001179441.3	20.68	20.33	22.05	20.63	21.2	22.69
NM_001179442.1	124.53	116.93	128.13	149.38	132.39	151.55
NM_001179443.1	8.21	7.91	7.06	9.23	8.58	8.37
NM_001179444.1	16.71	16.57	17.76	15.52	15.35	14.54
NM_001179445.1	2.39	3.22	2.51	3.31	3.35	3.84
NM_001179446.3	13.09	14.62	15.31	16.2	17.44	15.87
NM_001179447.3	0.06	0.24	0.15	0.28	0.32	0.05
NM_001179449.1	1.28	0.92	1.13	1.52	1.28	2.04
NM_001179450.1	0.0	0.0	0.0	0.12	0.0	0.0
NM_001179451.1	20.27	22.13	25.54	30.02	30.05	30.08
NM_001179452.3	12.55	13.05	15.15	16.23	17.01	15.35
NM_001179453.1	16.02	14.79	13.77	16.07	17.02	15.33
NM_001179454.1	25.17	29.56	25.21	36.15	32.18	35.07
NM_001179455.1	4.99	5.48	4.3	5.49	4.89	6.23
NM_001179456.1	16.39	15.7	17.96	21.73	21.55	24.77
NM_001179457.3	106.7	111.82	97.84	125.71	119.82	126.84
NM_001179458.1	23.65	23.37	25.45	27.11	25.3	25.47
NM_001179459.1	18.07	23.71	18.76	24.87	23.99	19.77
NM_001179460.1	9.0	9.35	7.32	11.65	8.96	10.64
NM_001179461.1	2.72	2.22	1.59	2.62	2.44	2.24
NM_001179462.3	14.73	15.35	15.8	21.17	19.62	23.02
NM_001179463.1	36.41	40.12	29.54	41.61	34.17	36.08
NM_001179464.1	58.95	52.7	45.89	55.21	60.37	43.52
NM_001179465.1	21.55	25.26	22.1	37.42	35.79	37.43
NM_001179466.1	55.43	60.91	62.13	68.71	68.19	60.71
NM_001179467.3	11.89	15.54	12.13	13.67	14.73	10.0
NM_001179468.1	0.98	1.16	1.44	1.21	0.88	1.35
NM_001179469.1	21.99	21.92	18.54	19.06	17.33	21.3
NM_001179470.1	3.03	3.68	3.55	4.03	3.64	3.92
NM_001179471.2	357.53	395.42	308.22	288.93	268.19	266.0
NM_001179472.3	68.19	69.13	63.36	86.98	81.65	84.77
NM_001179473.1	39.24	47.03	42.7	43.47	44.38	43.41
NM_001179474.1	20.85	22.87	22.35	28.11	23.74	26.79
NM_001179475.1	48.16	43.35	51.18	55.55	50.76	48.54
NM_001179476.1	13.06	13.38	13.3	15.91	15.88	15.45
NM_001179477.3	6.83	8.12	7.26	10.41	9.13	8.9
NM_001179478.1	11.24	11.6	12.11	13.28	12.47	12.3
NM_001179479.1	21.54	23.39	22.34	20.61	21.44	22.72
NM_001179480.1	2.6	2.89	1.68	2.76	2.75	3.11
NM_001179481.1	1506.26	1458.4	1512.35	1409.24	1447.92	1346.17
NM_001179482.3	3.82	4.08	3.38	4.38	3.88	5.12
NM_001179483.1	21.89	24.07	21.31	27.47	27.7	25.44
NM_001179484.1	4.62	5.45	5.76	10.05	8.33	7.77
NM_001179485.1	37.65	39.11	40.31	39.49	38.27	39.96
NM_001179486.3	104.03	115.83	102.38	123.23	116.54	94.57
NM_001179487.1	4.1	4.24	3.59	5.41	4.65	4.45
NM_001179488.1	22.05	26.37	21.11	25.79	26.34	23.85
NM_001179490.1	137.09	143.61	130.17	150.28	138.38	144.47
NM_001179491.1	14.16	14.44	14.45	15.11	14.6	16.3
NM_001179492.3	6.65	9.4	8.79	9.78	8.95	8.19
NM_001179493.1	36.1	35.11	45.66	38.7	40.12	42.59
NM_001179494.1	1.75	1.92	1.99	1.18	0.81	1.1
NM_001179495.1	6.97	6.72	6.58	7.09	6.86	7.02
NM_001179496.1	4422.84	4313.46	3523.61	4122.65	4337.11	3157.06
NM_001179497.3	4.35	4.41	5.55	4.82	4.18	4.25
NM_001179498.1	6.49	6.81	7.06	9.56	7.44	9.69
NM_001179499.1	2.96	3.21	2.91	3.6	3.09	3.78
NM_001179500.1	3.63	4.64	5.15	4.42	4.58	4.98
NM_001179501.1	11.56	11.16	14.1	12.25	13.44	14.3
NM_001179502.3	17.28	18.57	17.2	28.19	27.66	29.45
NM_001179503.1	6.74	6.31	6.28	10.09	10.79	12.78
NM_001179504.1	5.17	5.25	5.14	5.02	5.62	6.09
NM_001179505.1	33.43	35.13	36.04	43.69	40.81	43.72
NM_001179506.3	15.32	15.45	19.08	15.61	13.06	16.59
NM_001179507.1	2.32	2.98	2.47	3.32	2.77	3.17
NM_001179508.1	0.04	0.03	0.13	0.27	0.19	0.14
NM_001179509.1	9.42	10.29	9.65	11.08	11.35	8.54
NM_001179510.1	27.33	27.65	30.9	23.5	27.22	26.4
NM_001179512.1	0.41	0.21	0.26	0.8	0.75	0.69
NM_001179513.1	0.0	0.0	0.0	0.0	0.0	0.0
NM_001179514.1	0.98	0.69	0.55	0.47	0.44	0.75
NM_001179517.1	11.88	6.28	4.31	15.36	15.26	8.19
NM_001179518.1	1.05	1.13	1.56	0.94	1.0	1.54
NM_001179519.1	4.35	4.7	4.33	5.73	5.89	4.74
NM_001179521.1	0.0	0.11	0.0	0.1	0.0	0.22
NM_001179522.1	0.2	0.21	0.28	0.27	0.4	0.31
NM_001179523.1	24.52	29.15	23.92	24.03	23.27	22.52
NM_001179524.1	3.86	4.14	4.62	4.83	5.11	4.64
NM_001179525.3	19.72	23.07	17.36	23.35	18.18	20.82
NM_001179526.1	30.24	30.86	28.43	33.16	28.86	26.2
NM_001179527.1	11.63	10.6	10.96	11.57	10.16	8.44
NM_001179528.3	69.37	77.9	55.26	91.17	74.06	83.99
NM_001179529.3	6.17	6.11	5.97	7.88	8.52	6.96
NM_001179530.1	15.58	17.5	18.14	18.56	18.77	18.71
NM_001179531.1	16.51	18.35	14.24	21.6	18.63	18.86
NM_001179532.3	8.11	8.57	8.88	8.52	8.35	9.56
NM_001179533.1	21.49	24.47	23.85	33.2	29.32	32.95
NM_001179534.1	84.37	84.16	81.39	107.24	100.97	107.46
NM_001179535.3	0.0	0.11	0.2	0.21	0.23	0.21
NM_001179536.3	3.67	2.86	1.6	4.19	3.08	2.89
NM_001179537.1	7.9	7.02	7.14	7.57	8.5	9.57
NM_001179538.1	0.25	0.32	0.2	0.26	0.46	0.32
NM_001179539.3	5.41	3.4	4.18	4.03	4.44	2.34
NM_001179540.1	13.5	11.09	12.76	13.87	12.29	13.69
NM_001179541.3	0.0	0.01	0.0	0.02	0.01	0.02
NM_001179543.3	5.58	6.07	8.55	6.7	7.65	6.32
NM_001179544.1	54.44	55.79	56.72	59.81	57.77	62.65
NM_001179545.3	6.43	6.74	8.04	7.15	6.81	7.72
NM_001179546.1	6.78	7.3	8.52	9.36	8.22	9.86
NM_001179547.1	3.81	4.26	5.12	4.91	5.39	5.46
NM_001179548.3	35.63	35.61	36.37	35.31	37.6	34.77
NM_001179549.3	0.45	0.59	0.47	0.49	0.62	0.95
NM_001179550.3	0.6	0.37	0.81	0.4	0.43	0.32
NM_001179551.1	0.79	1.16	0.93	0.61	0.86	0.75
NM_001179552.1	4.25	6.02	6.88	6.43	7.23	6.64
NM_001179553.3	0.47	0.47	0.44	1.3	1.15	1.85
NM_001179554.1	0.66	1.39	1.17	1.22	1.76	1.83
NM_001179555.1	19.17	20.73	18.29	14.97	15.28	15.18
NM_001179556.3	46.06	43.42	45.87	109.41	107.54	102.55
NM_001179557.3	23.25	20.46	25.1	20.74	21.91	20.2
NM_001179558.3	21.82	25.01	25.79	27.69	29.58	31.85
NM_001179559.1	160.37	157.59	166.23	167.83	165.15	158.22
NM_001179560.1	26.48	25.61	33.34	28.65	34.83	35.71
NM_001179561.3	0.67	0.86	1.11	2.32	1.83	2.23
NM_001179563.1	0.0	0.0	0.0	0.1	0.11	0.21
NM_001179564.1	0.21	1.0	0.44	1.6	0.58	0.94
NM_001179567.3	16.42	17.41	21.52	16.61	18.28	17.42
NM_001179568.1	30.29	31.94	36.82	45.2	39.73	41.4
NM_001179569.3	29.14	32.57	36.0	42.35	45.94	34.35
NM_001179570.1	45.88	46.43	48.81	45.03	47.21	48.7
NM_001179571.3	9.67	10.86	7.57	10.11	9.8	9.82
NM_001179572.1	3422.44	3350.26	3092.69	3532.62	3445.6	3085.46
NM_001179573.1	62.98	75.03	68.16	100.04	92.93	87.18
NM_001179574.3	59.73	59.57	69.61	52.83	50.99	55.18
NM_001179575.1	140.81	147.49	151.11	141.54	145.22	137.61
NM_001179576.3	12.35	14.01	13.99	15.43	14.14	14.45
NM_001179577.1	4.63	5.15	5.33	4.32	4.85	4.63
NM_001179578.3	8.16	8.87	7.76	10.03	8.55	8.24
NM_001179579.1	93.4	93.42	101.72	99.52	92.25	91.23
NM_001179580.3	20.95	21.46	22.83	23.11	22.67	22.23
NM_001179581.1	3.77	3.84	4.46	4.81	5.08	4.77
NM_001179582.3	100.94	120.77	104.62	138.61	133.91	114.11
NM_001179583.1	4.01	4.53	4.82	4.51	3.94	4.44
NM_001179584.3	20.31	24.64	24.85	22.8	24.95	20.38
NM_001179585.3	21.89	19.11	24.4	23.51	25.42	25.76
NM_001179586.1	10.12	10.78	9.9	12.03	12.14	11.26
NM_001179587.3	42.48	44.71	46.02	48.87	50.67	47.24
NM_001179588.1	9.56	8.95	8.86	11.51	10.01	11.18
NM_001179589.4	12.17	14.8	11.96	13.81	12.68	13.45
NM_001179590.3	117.73	119.51	121.1	111.44	115.47	108.2
NM_001179591.1	23.71	23.99	21.85	32.59	31.81	34.69
NM_001179592.3	0.19	0.32	0.75	0.78	0.61	0.81
NM_001179593.1	14.62	17.33	15.05	19.57	18.13	18.42
NM_001179594.3	17.33	16.72	17.96	20.42	19.59	23.84
NM_001179595.1	79.65	67.28	69.34	66.31	69.66	74.66
NM_001179598.3	42.37	43.78	37.91	40.26	38.3	37.63
NM_001179599.1	4.52	4.04	4.35	5.66	4.74	5.62
NM_001179600.1	11.1	11.2	12.75	11.57	11.72	11.5
NM_001179601.3	170.14	184.68	157.57	184.68	181.0	157.21
NM_001179603.1	0.0	0.11	0.0	0.11	0.0	0.0
NM_001179604.3	3.69	4.78	4.45	4.59	4.39	3.98
NM_001179605.1	57.17	57.98	60.15	60.98	57.71	59.54
NM_001179606.3	52.75	54.49	54.6	73.65	71.57	65.53
NM_001179607.1	26.1	26.23	29.78	33.83	30.79	27.88
NM_001179608.3	13.91	15.36	15.56	13.51	13.8	14.78
NM_001179609.1	14.45	15.51	13.92	10.44	10.88	13.1
NM_001179611.1	15.03	16.36	15.13	14.59	15.18	13.33
NM_001179612.1	55.52	54.72	61.08	60.82	59.53	65.49
NM_001179613.1	13.07	14.82	15.36	19.49	18.54	18.37
NM_001179614.1	4.32	3.92	4.16	4.8	4.02	4.09
NM_001179615.1	19.22	20.59	20.2	19.4	18.62	19.06
NM_001179616.1	0.0	0.08	0.06	0.14	0.12	0.13
NM_001179617.1	16.14	17.38	16.58	18.43	18.67	21.27
NM_001179618.1	11.07	12.4	12.1	15.07	15.4	18.72
NM_001179620.1	230.98	241.36	210.62	236.15	229.68	226.45
NM_001179621.2	2.93	4.33	4.22	4.62	5.3	5.08
NM_001179622.1	2560.73	2377.31	2466.82	2054.0	2128.37	2161.11
NM_001179623.1	21.9	23.11	25.51	22.78	21.62	21.52
NM_001179624.1	44.22	50.19	60.05	54.99	51.25	50.74
NM_001179625.1	13.61	15.24	15.43	16.77	14.72	16.95
NM_001179626.1	9183.49	8761.04	8947.86	7812.9	8038.18	8442.98
NM_001179627.1	7.6	8.65	11.73	8.56	8.62	8.16
NM_001179628.1	11.19	13.41	10.22	21.2	22.85	21.68
NM_001179629.1	41.33	42.9	45.23	43.31	43.99	40.21
NM_001179630.1	12.29	11.46	11.99	11.57	10.34	10.67
NM_001179631.2	57.52	67.75	64.77	54.71	52.5	54.43
NM_001179633.1	157.47	162.07	160.95	171.9	168.76	172.19
NM_001179634.1	29.93	31.58	26.69	29.4	25.48	27.29
NM_001179635.1	34.75	31.89	35.32	31.15	29.73	30.51
NM_001179636.1	0.0	0.0	0.0	0.0	0.0	0.0
NM_001179637.1	1.48	0.65	3.24	0.58	0.72	1.53
NM_001179638.1	5.22	5.95	6.45	7.32	6.59	7.1
NM_001179639.1	32.1	34.32	30.99	33.22	31.31	28.0
NM_001179640.1	13.76	13.59	11.73	17.94	19.16	15.79
NM_001179641.1	7.96	8.63	8.46	10.14	7.78	8.96
NM_001179643.1	106.09	106.76	114.76	122.17	125.94	126.42
NM_001179644.1	11.46	12.36	13.4	13.03	12.71	14.86
NM_001179645.1	8.81	9.34	10.65	11.57	11.12	11.61
NM_001179646.1	184.76	196.93	197.85	207.62	213.59	201.62
NM_001179647.1	1458.01	1416.78	1331.11	1448.31	1452.84	1425.49
NM_001179648.1	48.52	53.74	47.67	47.68	38.6	43.1
NM_001179650.1	47.85	38.77	47.72	31.65	40.97	37.67
NM_001179651.1	85.84	88.34	77.31	88.43	91.23	91.92
NM_001179652.1	4.59	5.69	3.79	6.16	5.8	6.97
NM_001179653.1	22.53	21.37	21.19	24.0	23.92	26.52
NM_001179654.1	16.84	19.09	15.59	20.48	18.68	19.23
NM_001179655.1	7.9	8.92	6.84	7.97	7.53	7.62
NM_001179656.1	4.77	5.42	4.48	4.4	4.09	4.65
NM_001179657.1	11.22	12.59	10.6	16.34	14.46	15.32
NM_001179658.1	5.75	6.57	6.49	6.7	6.32	6.66
NM_001179659.1	0.84	1.21	1.09	0.53	0.32	0.42
NM_001179660.1	33.32	38.66	41.42	45.5	44.28	43.72
NM_001179661.1	7.11	8.76	9.76	9.0	7.95	6.9
NM_001179662.1	148.74	171.54	153.04	278.92	300.1	280.1
NM_001179664.1	4.02	4.5	4.6	5.91	5.9	5.94
NM_001179665.1	46.6	47.14	47.22	49.41	49.7	44.13
NM_001179666.1	28.44	27.82	30.97	37.9	36.68	40.84
NM_001179667.2	13.67	14.32	15.33	14.33	12.9	14.32
NM_001179669.1	31.25	30.52	36.56	49.56	48.81	50.22
NM_001179670.1	75.37	78.95	96.01	76.3	78.84	85.52
NM_001179671.1	6.99	7.01	5.5	6.07	4.72	5.98
NM_001179672.1	21.87	21.97	21.11	26.97	25.11	23.35
NM_001179673.1	0.65	0.23	0.17	0.58	0.6	0.83
NM_001179674.1	7.31	7.27	6.04	5.95	6.06	5.19
NM_001179675.1	6.55	9.4	7.56	9.1	8.78	7.71
NM_001179676.1	30.59	28.2	32.43	24.91	25.9	25.81
NM_001179678.1	29.45	33.58	26.31	28.97	25.55	24.22
NM_001179679.1	26.68	26.59	30.29	27.75	27.44	28.85
NM_001179680.1	30.11	33.97	35.15	44.55	40.03	40.45
NM_001179682.1	10.74	12.12	9.32	10.01	8.91	9.57
NM_001179683.1	412.71	426.42	445.78	590.82	576.19	552.18
NM_001179685.1	21.72	28.76	23.42	22.3	22.1	19.94
NM_001179686.1	76.26	73.84	70.03	55.34	49.95	54.82
NM_001179687.1	2.43	2.12	2.48	2.24	2.72	2.57
NM_001179688.1	77.05	76.04	76.87	55.74	52.94	54.42
NM_001179690.1	3.72	3.99	5.05	5.24	5.42	4.35
NM_001179691.1	15.05	14.93	14.98	16.69	17.17	16.21
NM_001179692.1	38.88	43.15	41.07	58.04	56.75	59.37
NM_001179693.1	94.84	100.29	92.92	110.87	109.21	101.14
NM_001179694.1	50.31	47.81	48.66	58.05	54.95	54.95
NM_001179695.2	9.56	10.95	12.2	10.46	10.02	9.81
NM_001179696.1	28.16	30.49	29.32	35.45	34.56	37.29
NM_001179698.1	0.36	0.53	0.37	0.52	0.77	1.01
NM_001179699.2	0.85	1.34	0.87	1.46	1.06	2.07
NM_001179700.2	6.1	7.61	5.91	8.14	6.79	6.43
NM_001179701.1	15.83	17.1	18.41	21.62	20.84	21.74
NM_001179703.1	34.78	39.44	43.37	44.32	39.27	49.21
NM_001179704.1	31.49	37.62	36.55	42.35	40.4	33.95
NM_001179705.1	9.83	10.94	11.19	11.08	10.64	9.79
NM_001179706.1	14.03	15.52	17.01	12.04	12.56	12.0
NM_001179707.1	70.63	79.36	78.67	92.08	97.0	90.1
NM_001179708.1	102.71	102.95	100.9	167.86	151.72	155.07
NM_001179709.1	41.3	46.01	47.25	42.57	38.06	39.64
NM_001179710.1	25.68	32.55	39.02	33.56	34.29	34.13
NM_001179711.1	147.54	151.43	142.66	253.56	218.58	251.87
NM_001179712.1	20.79	20.79	19.01	24.34	23.87	24.14
NM_001179714.1	12.35	13.52	13.37	13.67	14.31	14.33
NM_001179715.1	7.09	6.43	6.72	8.18	8.1	9.12
NM_001179716.1	29.09	30.14	31.8	50.1	52.94	46.8
NM_001179717.1	12.27	14.21	16.07	15.35	14.11	14.58
NM_001179718.1	5962.13	5697.54	5815.5	5982.34	5887.4	5767.59
NM_001179720.1	29.86	28.9	33.25	29.01	27.72	28.52
NM_001179721.1	7.57	6.65	7.13	8.95	9.51	9.17
NM_001179722.1	989.18	923.9	897.13	832.77	938.63	859.7
NM_001179723.2	75.52	79.35	78.18	55.07	57.05	55.88
NM_001179725.1	8.16	11.74	9.92	9.88	10.53	11.51
NM_001179726.1	69.3	64.0	66.77	89.07	84.82	77.72
NM_001179727.1	0.35	0.1	0.37	1.78	2.07	1.27
NM_001179728.1	2.2	2.67	2.39	2.5	2.69	3.8
NM_001179729.1	99.79	102.38	88.97	83.51	70.27	88.79
NM_001179730.1	696.72	748.15	608.81	656.73	605.45	644.36
NM_001179731.1	22.12	27.57	25.34	25.94	23.83	23.51
NM_001179732.1	20.72	21.05	24.31	25.4	22.69	23.26
NM_001179733.1	33.12	32.38	33.21	39.91	43.04	38.62
NM_001179734.1	5.37	5.23	5.76	6.41	6.25	7.17
NM_001179736.1	35.16	31.99	32.47	34.39	29.9	37.99
NM_001179737.1	1.81	1.93	2.4	2.57	2.16	1.82
NM_001179738.1	106.57	115.08	110.36	113.97	113.19	101.23
NM_001179739.1	9.74	11.35	10.44	11.56	11.04	10.89
NM_001179740.1	13.61	15.28	16.38	16.17	14.41	16.44
NM_001179741.1	40.56	38.31	40.06	41.99	42.81	48.78
NM_001179742.1	4.57	3.83	4.46	4.09	4.45	4.25
NM_001179744.1	1.09	1.53	1.37	0.9	0.87	1.55
NM_001179745.1	16.23	18.1	15.83	19.11	17.4	15.87
NM_001179746.1	2746.57	2816.94	2542.72	2750.69	2711.73	2508.32
NM_001179747.1	130.06	126.13	140.05	133.0	133.64	136.06
NM_001179748.1	342.14	346.07	337.33	330.96	298.93	340.66
NM_001179749.1	18.41	19.05	17.68	20.95	23.57	22.84
NM_001179750.1	78.6	82.25	76.86	100.65	96.06	93.13
NM_001179751.1	35.17	36.87	31.47	37.46	35.67	37.28
NM_001179752.1	39.12	37.0	40.79	51.48	54.83	49.31
NM_001179753.1	0.49	0.18	0.22	0.31	0.17	0.12
NM_001179754.1	0.22	0.41	0.58	0.55	0.43	0.49
NM_001179755.1	7.87	7.24	8.62	9.31	11.24	9.54
NM_001179756.1	60.24	57.04	66.57	74.76	72.93	70.62
NM_001179757.1	36.11	34.84	33.47	40.99	41.16	43.7
NM_001179758.1	283.22	267.25	255.24	306.03	322.89	286.51
NM_001179759.1	21.74	25.4	23.68	26.24	26.71	25.62
NM_001179760.1	5.44	5.76	6.33	5.48	5.64	7.04
NM_001179761.1	40.19	45.0	47.85	50.33	45.86	58.56
NM_001179762.1	120.18	132.57	130.91	167.86	157.0	155.22
NM_001179763.1	5.83	5.56	6.41	7.4	6.39	6.62
NM_001179764.2	5.75	5.49	5.59	4.56	4.5	5.29
NM_001179766.1	1.31	1.82	1.54	1.67	1.4	1.97
NM_001179768.1	4.97	5.16	5.36	5.64	5.35	5.6
NM_001179769.1	39.31	42.4	37.64	45.02	42.19	43.09
NM_001179770.1	16.64	18.27	18.57	20.65	19.22	19.85
NM_001179771.1	23.44	22.94	28.65	36.74	34.33	34.36
NM_001179772.1	71.25	68.92	76.5	85.5	77.89	85.86
NM_001179773.1	7.16	7.01	7.98	8.61	8.93	7.17
NM_001179774.1	30.51	33.77	36.19	34.91	32.11	34.96
NM_001179775.1	222.93	236.2	228.86	358.12	338.47	344.58
NM_001179776.1	56.03	59.36	57.62	57.04	58.67	60.11
NM_001179777.1	115.35	120.08	116.95	108.75	111.37	106.06
NM_001179778.1	22.69	25.33	24.25	29.26	27.09	29.2
NM_001179779.1	40.83	45.14	40.96	46.85	48.78	48.65
NM_001179780.1	16.66	16.84	18.12	17.06	14.47	15.58
NM_001179781.1	438.98	401.8	388.24	264.51	271.69	256.81
NM_001179782.1	0.28	0.61	0.44	0.48	0.49	0.48
NM_001179783.1	6.49	5.98	8.09	7.58	6.75	7.0
NM_001179784.1	10.73	11.11	12.13	13.29	13.69	14.4
NM_001179785.1	3.98	2.41	1.76	2.97	1.69	1.45
NM_001179786.2	0.04	0.06	0.0	0.24	0.07	0.12
NM_001179787.1	0.89	0.52	0.85	0.45	0.5	0.54
NM_001179789.1	0.0	0.1	0.0	0.1	0.11	0.21
NM_001179791.1	135.7	143.61	135.35	136.6	120.46	124.15
NM_001179792.3	17.62	20.08	19.2	22.41	23.26	22.73
NM_001179793.1	24.49	25.86	26.39	21.4	21.96	23.5
NM_001179794.3	3.86	4.69	4.72	3.1	4.06	3.97
NM_001179795.1	0.39	0.33	0.57	0.16	0.21	0.17
NM_001179796.3	34.16	35.48	32.49	42.44	39.15	41.97
NM_001179797.1	13.42	16.3	17.93	16.92	17.88	18.07
NM_001179798.4	27.62	30.19	29.58	32.92	31.4	28.19
NM_001179799.1	0.81	1.44	1.4	1.74	1.15	1.55
NM_001179800.3	7.17	7.33	6.91	7.68	6.69	7.24
NM_001179801.1	22.83	23.42	23.18	28.41	28.33	21.92
NM_001179803.3	148.82	163.16	131.81	164.11	172.47	156.99
NM_001179804.1	60.45	63.55	74.28	60.81	62.98	56.55
NM_001179805.3	0.0	0.03	0.0	0.0	0.03	0.0
NM_001179806.1	15.03	17.03	14.11	11.58	11.68	11.69
NM_001179807.3	2.0	2.58	3.48	2.83	2.86	2.87
NM_001179808.1	39.94	38.75	40.14	62.89	55.96	65.43
NM_001179809.3	4.75	4.99	4.54	5.11	5.94	5.25
NM_001179810.1	16.41	18.14	18.2	20.82	20.25	21.17
NM_001179811.4	4.62	4.79	3.51	5.15	4.3	5.51
NM_001179812.1	6.77	6.36	5.97	6.9	7.27	6.46
NM_001179813.3	9.53	10.24	9.93	10.83	9.41	10.3
NM_001179814.1	18.4	20.87	21.7	22.65	23.21	23.59
NM_001179815.3	45.39	46.78	42.42	56.12	56.38	50.49
NM_001179816.1	45.42	46.9	50.7	44.68	44.76	46.37
NM_001179817.3	5.39	5.19	7.07	7.07	7.06	6.33
NM_001179818.2	14.51	14.05	13.52	16.51	15.69	15.61
NM_001179819.3	12.26	13.12	10.61	13.97	12.02	12.78
NM_001179820.1	20.72	22.78	25.01	30.55	30.21	31.18
NM_001179821.3	5.14	5.04	5.8	5.72	5.93	5.81
NM_001179824.1	0.0	0.05	0.1	0.1	0.11	0.1
NM_001179826.2	4.71	4.8	5.07	5.91	6.02	5.99
NM_001179827.3	10.8	9.33	10.57	9.44	9.72	10.76
NM_001179828.1	29.05	30.39	29.1	34.23	34.51	32.52
NM_001179829.3	5.16	3.99	4.68	5.03	5.11	5.8
NM_001179831.1	1.45	1.11	1.76	1.95	1.95	1.23
NM_001179832.3	858.91	860.26	724.42	765.61	756.35	797.76
NM_001179833.1	169.26	161.81	163.94	186.19	195.19	183.39
NM_001179834.3	4.5	4.7	3.93	3.61	4.13	4.58
NM_001179835.1	15.85	16.52	11.55	12.61	11.41	11.76
NM_001179836.3	14.16	10.64	12.37	15.86	16.67	17.87
NM_001179838.1	111.94	114.95	104.75	165.3	157.87	155.8
NM_001179839.3	14.38	11.14	15.31	17.18	17.36	18.33
NM_001179840.1	0.29	0.21	0.4	0.24	0.25	0.37
NM_001179841.3	2.81	3.63	4.28	4.65	4.51	4.49
NM_001179842.1	21.87	22.46	20.55	34.87	33.11	34.75
NM_001179843.3	0.63	0.6	0.59	0.24	0.62	0.43
NM_001179844.1	1.77	1.74	2.01	2.02	1.75	1.96
NM_001179845.3	12.65	12.73	14.21	12.53	10.95	13.62
NM_001179846.1	42.19	40.83	44.3	51.4	52.65	51.1
NM_001179847.3	1984.18	1688.97	1430.32	1531.69	1596.09	1405.67
NM_001179848.1	0.7	0.66	0.35	0.78	0.8	0.57
NM_001179849.3	1921.89	1863.93	1819.03	1846.18	1844.36	1833.86
NM_001179850.1	26.94	29.23	27.59	25.26	28.7	22.84
NM_001179851.3	0.96	1.65	1.45	1.12	1.52	1.63
NM_001179852.1	36.65	39.97	39.8	49.19	42.52	41.58
NM_001179853.3	6.08	6.93	6.22	6.58	6.98	6.33
NM_001179854.1	3.66	3.27	4.25	4.07	4.41	3.37
NM_001179855.3	83.74	85.11	79.68	70.18	69.13	69.62
NM_001179856.1	48.82	54.79	50.47	65.22	65.2	74.54
NM_001179857.3	13.79	14.5	15.17	17.7	16.85	17.44
NM_001179858.1	34.64	36.71	41.04	55.77	42.73	49.79
NM_001179859.3	1.16	1.23	1.05	1.8	1.29	1.53
NM_001179860.1	30.55	33.44	38.52	39.52	38.63	44.35
NM_001179861.3	83.79	89.76	85.4	110.09	104.9	98.72
NM_001179862.1	25.98	29.42	25.94	32.85	28.17	33.84
NM_001179864.3	79.06	74.38	72.22	69.31	83.94	68.47
NM_001179865.1	5.55	5.64	5.73	7.44	8.05	9.07
NM_001179866.3	3.93	4.23	5.67	6.47	5.99	8.46
NM_001179867.1	16.47	16.97	13.67	17.26	17.97	18.81
NM_001179868.3	4.51	4.64	3.66	4.9	4.11	4.51
NM_001179869.1	9.05	9.18	9.64	10.3	9.38	9.72
NM_001179870.3	50.97	48.81	42.3	68.96	73.29	57.42
NM_001179871.1	105.41	103.6	118.85	111.7	110.71	113.19
NM_001179872.3	21.5	22.44	25.04	26.03	28.02	27.6
NM_001179873.1	13.34	14.75	12.94	16.7	17.79	13.8
NM_001179874.3	36.69	35.93	43.6	48.28	50.12	45.58
NM_001179875.1	35.56	38.04	38.45	43.75	40.81	52.7
NM_001179876.3	4.87	4.62	4.14	5.49	6.08	6.56
NM_001179877.1	14.89	16.08	15.79	19.56	18.76	15.26
NM_001179878.3	28.04	31.02	30.96	29.07	31.63	34.6
NM_001179879.1	7.41	8.61	10.31	9.72	10.09	9.0
NM_001179880.4	14.89	16.46	12.58	15.73	13.85	14.99
NM_001179881.1	4.95	5.47	3.36	7.82	5.63	5.46
NM_001179882.3	193.93	199.99	152.4	223.6	205.85	202.26
NM_001179883.1	100.97	125.54	106.78	128.43	127.51	129.19
NM_001179884.3	3863.84	3689.93	3043.0	3607.14	3826.62	2810.71
NM_001179885.1	12.14	12.9	14.68	9.06	7.61	6.63
NM_001179886.1	5.89	6.22	5.98	6.06	5.42	5.49
NM_001179887.3	0.41	0.34	0.84	0.54	0.61	0.53
NM_001179888.1	1.09	1.43	1.44	0.92	1.07	1.4
NM_001179889.3	8.14	7.54	8.2	6.7	6.27	7.08
NM_001179890.1	13.63	14.73	13.73	15.36	15.85	15.9
NM_001179891.3	2.86	3.28	3.66	3.09	3.2	3.19
NM_001179892.1	0.06	0.0	0.02	0.01	0.01	0.05
NM_001179893.3	0.09	0.0	0.09	0.04	0.03	0.12
NM_001179894.1	0.0	0.0	0.0	0.0	0.0	0.0
NM_001179895.3	0.09	0.07	0.09	0.1	0.14	0.2
NM_001179896.1	0.25	0.4	0.31	0.92	0.6	1.24
NM_001179897.1	0.6	0.3	0.38	0.2	0.0	0.2
NM_001179899.1	0.0	0.0	0.0	0.0	0.0	0.0
NM_001179900.1	0.0	0.0	0.0	0.0	0.0	0.0
NM_001179901.1	0.0	0.0	0.0	0.0	0.0	0.0
NM_001179902.1	0.0	0.0	0.0	0.0	0.0	0.0
NM_001179903.1	0.18	0.31	0.14	0.15	0.0	0.31
NM_001179905.1	15.9	17.79	15.43	18.78	18.57	16.92
NM_001179906.1	0.07	0.18	0.11	0.54	0.54	0.12
NM_001179907.1	3.82	2.48	1.15	2.84	2.58	1.75
NM_001179908.1	3.58	4.76	4.66	5.53	6.11	7.8
NM_001179909.1	0.4	0.29	0.86	0.69	1.37	1.01
NM_001179912.1	0.28	0.57	0.73	0.48	0.48	0.58
NM_001179913.1	1.55	1.78	1.6	1.54	1.34	1.59
NM_001179914.1	0.06	0.05	0.0	0.1	0.05	0.2
NM_001179915.1	0.18	0.09	0.23	0.42	0.27	0.12
NM_001179916.1	0.0	0.0	0.0	0.0	0.0	0.0
NM_001179917.1	0.43	0.15	0.16	0.25	0.32	0.17
NM_001179918.1	10.54	11.71	10.24	13.81	13.2	13.2
NM_001179919.1	61.75	67.39	57.57	81.31	80.41	75.17
NM_001179920.1	8.51	10.44	12.6	12.24	11.66	12.68
NM_001179921.1	15.28	15.38	18.58	16.63	18.17	13.58
NM_001179922.1	559.05	566.94	530.71	453.7	450.12	397.5
NM_001179923.1	21.97	21.45	26.41	34.74	33.01	34.13
NM_001179924.1	9.3	7.88	8.6	9.9	9.14	11.84
NM_001179925.1	35.75	36.88	32.03	46.38	46.39	50.42
NM_001179926.1	0.03	0.0	0.0	0.0	0.0	0.0
NM_001179927.1	1757.11	1712.52	1731.13	1561.4	1605.8	1646.14
NM_001179928.1	264.7	250.11	264.04	277.64	287.37	294.74
NM_001179929.1	194.91	187.5	202.53	176.62	176.01	189.82
NM_001179930.1	9.91	11.7	10.8	12.32	12.58	13.43
NM_001179931.1	21.63	23.74	23.78	32.83	31.62	29.08
NM_001179932.2	7.77	8.18	6.9	9.34	8.0	8.44
NM_001179933.1	4.3	4.75	3.65	5.55	5.54	6.76
NM_001179935.1	5.86	5.93	6.39	4.37	4.78	4.69
NM_001179936.1	0.92	0.67	0.76	0.72	0.69	0.9
NM_001179937.1	9.51	8.01	10.89	12.17	12.6	12.02
NM_001179938.1	21.49	20.78	23.81	30.15	28.81	31.14
NM_001179939.1	4.17	4.74	5.31	6.72	5.9	6.74
NM_001179940.2	149.1	168.09	166.07	210.22	208.19	216.93
NM_001179941.1	5.78	6.71	6.28	6.02	5.64	5.29
NM_001179942.1	6.18	7.22	7.43	8.43	7.01	6.87
NM_001179943.1	14.69	16.5	14.87	21.08	17.36	19.17
NM_001179944.2	224.71	226.75	224.59	197.04	193.29	195.35
NM_001179945.1	8.85	9.13	9.14	10.35	10.69	11.78
NM_001179946.1	0.12	0.21	0.98	0.62	0.92	0.64
NM_001179948.1	111.29	119.34	124.22	156.73	149.07	142.03
NM_001179949.1	33.94	38.87	41.47	39.68	34.39	43.0
NM_001179950.1	27.13	29.11	32.91	39.62	41.45	37.89
NM_001179952.1	17.86	8.68	8.63	36.97	38.73	40.86
NM_001179953.1	15.61	16.29	14.25	19.71	16.58	17.63
NM_001179954.1	0.21	0.62	0.66	0.61	0.78	0.36
NM_001179955.1	0.09	0.03	0.25	0.13	0.15	0.05
NM_001179956.1	240.44	233.24	249.4	180.93	185.98	200.46
NM_001179957.1	18.71	22.21	17.96	23.0	19.48	23.37
NM_001179958.1	11.74	14.15	12.27	13.8	11.42	11.23
NM_001179959.1	15.86	17.13	18.84	17.84	18.0	18.81
NM_001179961.1	136.46	151.5	146.49	191.69	187.17	180.34
NM_001179962.1	84.91	91.12	91.59	86.35	78.86	69.76
NM_001179963.1	0.38	0.25	0.31	0.18	0.51	0.37
NM_001179964.1	16.47	15.96	17.72	17.14	16.37	17.14
NM_001179965.1	14.16	14.76	15.64	15.27	16.9	15.28
NM_001179966.1	53.9	61.93	64.6	51.61	49.15	42.63
NM_001179967.1	25.65	28.08	26.23	33.99	32.86	33.0
NM_001179968.1	35.01	30.87	38.42	46.68	46.52	53.3
NM_001179969.1	92.53	99.77	106.67	161.36	162.49	161.71
NM_001179970.1	15.23	15.18	13.58	17.33	18.27	17.73
NM_001179971.1	52.59	64.93	60.51	87.58	84.05	84.3
NM_001179972.1	6.11	6.76	7.8	9.04	8.52	9.9
NM_001179973.1	8.49	10.26	7.31	11.36	9.89	9.91
NM_001179974.1	79.67	77.61	86.94	105.05	102.84	107.72
NM_001179975.1	74.13	80.13	79.87	113.51	108.21	107.82
NM_001179976.1	27.78	33.17	38.79	51.94	48.22	44.02
NM_001179977.1	0.48	0.34	0.5	0.4	0.52	0.54
NM_001179978.1	12.84	13.71	14.48	13.5	12.97	14.54
NM_001179979.2	9.64	12.5	11.48	15.11	16.75	14.17
NM_001179980.1	3.36	4.15	3.19	4.35	4.1	3.87
NM_001179981.1	12.88	15.65	10.92	15.06	11.64	12.61
NM_001179982.1	3.39	2.51	1.43	3.67	3.44	2.95
NM_001179983.1	13.26	13.75	14.69	13.47	14.74	15.73
NM_001179984.2	3.92	4.58	4.0	4.51	4.12	4.98
NM_001179986.1	11.49	11.76	11.9	13.99	13.24	13.4
NM_001179987.3	0.83	0.84	0.93	0.74	0.85	0.68
NM_001179988.1	0.23	0.24	0.13	0.16	0.26	0.24
NM_001179990.1	15.05	15.89	19.15	18.04	18.78	19.7
NM_001179991.3	0.09	0.0	0.3	0.15	0.35	0.0
NM_001179992.1	5.44	6.33	8.27	7.84	8.09	8.04
NM_001179993.3	22.3	25.91	29.48	25.13	26.61	26.59
NM_001179994.1	4.8	4.39	4.42	4.6	5.38	6.25
NM_001179995.3	8.64	9.25	9.51	8.45	7.41	9.52
NM_001179996.2	3.46	4.38	4.24	4.58	3.85	3.59
NM_001179997.1	0.17	0.19	0.18	0.9	0.91	1.08
NM_001179998.3	18.29	26.24	21.71	26.42	29.18	25.66
NM_001179999.1	39.1	38.95	33.79	34.56	32.22	36.01
NM_001180000.3	0.26	0.33	0.42	0.22	0.24	0.22
NM_001180001.1	18.72	19.2	19.74	19.06	16.73	19.68
NM_001180002.3	60.11	63.55	58.16	63.77	59.31	60.56
NM_001180003.1	9.52	10.9	9.34	11.18	10.9	10.59
NM_001180004.3	12.28	12.07	11.89	11.24	10.57	12.92
NM_001180005.2	10.6	10.58	13.39	12.69	11.88	13.23
NM_001180006.3	19.16	22.48	30.64	17.58	17.03	20.37
NM_001180007.1	17.78	18.18	22.73	23.14	26.07	24.72
NM_001180008.3	11.01	9.51	7.18	9.74	9.85	8.59
NM_001180009.1	201.25	202.85	216.55	274.57	256.97	284.88
NM_001180010.3	5.14	6.84	6.55	7.08	5.65	6.07
NM_001180011.1	3.79	5.0	4.41	5.16	4.02	4.29
NM_001180012.3	38.78	42.57	45.11	44.84	48.16	47.55
NM_001180013.1	7.69	9.32	8.34	9.3	9.04	9.07
NM_001180014.3	51.85	52.98	49.69	51.85	49.75	44.9
NM_001180015.1	143.27	145.97	156.24	190.92	195.49	188.8
NM_001180016.3	74.16	74.76	72.75	72.17	76.91	79.67
NM_001180017.1	112.56	116.61	123.66	156.34	169.49	154.35
NM_001180018.3	28.17	35.09	29.95	43.6	43.78	44.75
NM_001180021.1	68.38	74.07	63.82	90.51	87.52	88.63
NM_001180022.3	0.0	0.0	0.0	0.0	0.0	0.0
NM_001180023.1	0.17	0.18	0.39	0.17	0.15	0.14
NM_001180024.1	0.0	0.0	0.0	0.0	0.0	0.0
NM_001180025.1	2205.41	2343.86	2613.63	2293.36	2556.02	3091.51
NM_001180026.1	0.16	0.0	0.0	0.0	0.0	0.0
NM_001180027.1	445.63	464.25	432.14	558.29	494.09	435.33
NM_001180028.3	36.94	31.63	28.3	42.97	39.59	23.15
NM_001180029.1	704.43	804.82	670.83	755.55	773.23	568.23
NM_001180030.3	3357.22	3323.64	3261.79	3065.19	3118.89	3255.08
NM_001180031.1	239.91	236.62	231.44	251.88	252.14	249.53
NM_001180032.3	199.6	198.1	203.24	200.06	183.01	190.68
NM_001180033.1	147.21	158.0	171.99	162.59	163.48	176.7
NM_001180034.1	2.01	1.89	2.0	1.84	1.6	2.69
NM_001180035.1	0.37	0.31	0.52	1.08	0.95	0.63
NM_001180036.1	2127.85	2087.19	1997.26	1939.37	1940.91	1876.32
NM_001180041.1	0.0	0.0	0.0	0.0	0.0	0.0
NM_001180042.1	0.0	0.0	0.19	0.1	0.0	0.0
NM_001180043.1	0.0	0.0	0.2	0.0	0.23	0.0
NM_001180045.1	8.05	5.37	7.64	3.35	2.65	5.42
NM_001180047.1	93.69	101.29	83.27	109.9	122.28	110.96
NM_001180048.2	24.93	26.64	22.04	28.77	31.99	29.21
NM_001180049.1	0.12	0.2	0.18	0.13	0.07	0.07
NM_001180050.2	0.13	0.23	0.25	0.13	0.17	0.2
NM_001180052.1	0.0	0.02	0.04	0.06	0.0	0.0
NM_001180053.1	0.0	0.0	0.0	0.0	0.0	0.0
NM_001180054.1	0.04	0.04	0.03	0.02	0.04	0.07
NM_001180055.1	4.46	3.36	4.14	2.33	1.97	2.24
NM_001180056.2	1.81	1.41	1.72	1.05	0.96	1.04
NM_001180057.1	2431.11	2404.56	2171.78	2598.34	2609.44	2273.26
NM_001180058.2	98.24	96.68	80.21	88.92	92.3	78.17
NM_001180059.1	151.0	153.98	158.58	218.07	199.61	187.43
NM_001180060.3	10.69	11.91	10.58	11.67	12.11	12.12
NM_001180061.3	22.49	25.66	24.93	25.0	22.77	21.41
NM_001180062.1	16.58	19.02	19.6	26.27	23.85	26.22
NM_001180063.1	140.03	155.3	139.84	139.26	146.55	123.77
NM_001180064.3	16.24	15.75	18.5	16.03	14.21	15.72
NM_001180065.3	14.67	16.89	18.77	24.53	22.63	22.01
NM_001180066.1	103.9	120.58	120.21	197.97	181.75	184.33
NM_001180067.3	18.44	17.23	17.65	20.94	22.81	26.28
NM_001180069.1	18.64	25.8	21.05	16.91	16.05	15.42
NM_001180071.1	91.82	83.23	82.65	87.38	89.88	83.24
NM_001180072.3	6.11	6.21	6.27	8.24	6.94	8.06
NM_001180073.1	628.35	613.02	614.19	620.13	614.91	608.35
NM_001180074.1	164.48	178.62	189.3	193.16	191.05	180.85
NM_001180076.3	4.33	5.67	6.16	6.63	6.69	6.09
NM_001180077.1	23.74	22.51	25.1	22.17	21.07	19.13
NM_001180078.1	14.96	15.29	13.38	15.09	14.09	14.36
NM_001180079.3	30.48	30.42	29.38	40.26	40.22	40.42
NM_001180080.1	4.2	4.22	4.56	2.35	2.93	2.56
NM_001180081.1	142.51	152.89	130.22	190.53	183.13	163.2
NM_001180083.1	0.33	0.4	0.69	0.45	0.54	0.37
NM_001180084.1	8.44	7.91	6.52	7.29	7.47	7.44
NM_001180086.1	4.25	4.85	6.3	5.7	5.65	5.02
NM_001180087.2	6.46	6.79	5.83	8.28	7.32	6.42
NM_001180088.1	97.42	102.7	103.73	120.93	113.26	115.83
NM_001180089.1	7.2	8.19	9.01	9.79	8.63	10.3
NM_001180090.2	40.65	44.61	43.39	43.62	43.09	42.67
NM_001180092.1	2.49	2.65	2.82	2.95	2.79	3.33
NM_001180094.1	6.44	7.32	6.52	6.48	6.32	6.86
NM_001180095.1	10.21	9.6	9.99	10.47	9.3	8.8
NM_001180096.1	0.0	0.0	0.08	0.04	0.14	0.0
NM_001180098.1	0.02	0.06	0.0	0.22	0.51	0.17
NM_001180099.1	64.3	65.85	67.92	62.3	62.78	59.91
NM_001180101.1	14.83	15.07	13.43	9.61	9.77	9.32
NM_001180102.1	19.67	22.55	23.17	20.23	17.6	15.34
NM_001180103.1	6.28	6.76	6.57	6.19	6.16	6.19
NM_001180104.1	14.64	13.9	15.02	16.23	14.64	16.06
NM_001180105.1	82.87	87.03	90.11	109.55	104.57	104.06
NM_001180106.1	39.71	41.52	43.7	40.95	41.27	38.59
NM_001180107.1	1.82	3.03	2.25	1.84	1.74	1.9
NM_001180108.1	3.28	1.82	1.75	1.73	1.88	1.89
NM_001180110.1	177.59	184.13	181.54	169.57	163.73	165.52
NM_001180111.1	62.63	60.79	63.83	51.67	47.79	56.68
NM_001180112.1	51.68	47.85	48.08	45.45	45.67	40.38
NM_001180113.1	11.8	12.5	13.67	15.63	13.87	14.25
NM_001180114.1	1200.31	1180.78	1150.86	1109.4	1155.41	1113.25
NM_001180115.1	9.29	8.42	9.5	8.95	8.41	8.82
NM_001180116.1	6.5	6.68	6.67	7.5	7.71	6.52
NM_001180117.1	16.72	18.54	18.35	22.57	17.29	18.66
NM_001180118.1	4.14	3.54	4.66	3.01	2.87	3.75
NM_001180119.1	32.1	32.81	38.64	39.02	40.17	38.42
NM_001180120.1	1785.51	1746.52	1417.25	1544.97	1686.45	1332.13
NM_001180122.1	26.36	27.68	30.73	27.31	29.25	29.41
NM_001180123.1	98.74	100.01	98.69	96.53	97.93	81.18
NM_001180124.1	26.57	30.47	32.24	42.39	38.24	35.29
NM_001180125.1	174.05	165.19	170.86	199.91	202.2	187.68
NM_001180126.1	64.75	76.37	87.34	81.94	82.95	93.73
NM_001180128.1	3.22	3.79	4.15	4.23	4.75	2.91
NM_001180129.1	37.19	41.15	33.17	56.2	50.55	51.5
NM_001180131.1	94.25	100.23	100.34	109.84	119.89	121.15
NM_001180132.1	4.23	4.49	4.94	5.05	4.5	5.68
NM_001180133.1	25.17	23.81	22.69	20.18	17.86	20.21
NM_001180134.1	2839.93	2821.23	2677.72	2734.53	2611.84	2720.29
NM_001180135.1	16.9	15.81	17.37	18.57	18.39	15.23
NM_001180136.1	5.58	5.46	6.71	6.57	6.14	6.1
NM_001180137.1	79.89	82.35	82.26	91.62	96.41	87.9
NM_001180138.1	0.24	0.03	0.05	0.14	0.09	0.12
NM_001180139.1	3.37	3.58	3.07	3.62	3.8	4.14
NM_001180140.1	1903.5	2002.66	1767.39	1950.05	1908.77	1670.55
NM_001180141.1	2227.89	2156.14	1812.6	2056.94	2016.87	1718.58
NM_001180142.1	2444.92	2346.44	2226.05	2088.77	2145.84	2007.96
NM_001180143.1	488.89	519.36	474.99	508.78	494.06	478.49
NM_001180144.1	0.25	0.13	0.2	0.23	0.23	0.21
NM_001180145.1	56.14	53.03	55.45	65.94	68.5	68.97
NM_001180146.1	9.94	8.11	7.16	10.16	9.01	8.29
NM_001180147.1	19.46	21.19	19.78	28.0	26.88	24.0
NM_001180148.1	7.22	8.08	7.89	9.46	9.77	8.66
NM_001180149.1	11.42	10.12	10.62	10.8	10.92	9.94
NM_001180150.1	5.18	5.56	6.48	5.96	5.44	5.74
NM_001180151.1	76.48	74.7	82.0	84.05	81.54	68.71
NM_001180152.1	14.61	15.89	16.97	15.52	14.65	13.03
NM_001180154.1	125.35	128.89	125.44	118.7	107.76	115.23
NM_001180156.1	127.08	126.24	130.37	208.58	205.66	200.95
NM_001180157.1	12.3	13.16	14.62	13.26	13.9	13.7
NM_001180158.1	38.44	40.74	37.21	35.4	31.33	33.54
NM_001180159.1	208.2	220.98	231.6	262.17	259.88	261.39
NM_001180160.1	13.21	13.47	12.66	13.84	12.89	13.64
NM_001180161.2	20.53	21.6	20.28	24.12	23.05	22.54
NM_001180162.1	55.34	59.25	54.94	62.21	61.52	55.9
NM_001180163.1	2.04	2.25	2.88	2.61	2.31	2.84
NM_001180164.1	4.64	4.98	6.83	4.73	4.6	4.59
NM_001180165.1	11.95	13.21	13.21	14.75	14.4	15.54
NM_001180166.1	4.13	4.0	5.28	5.14	4.93	4.81
NM_001180167.1	17.59	14.63	14.07	15.96	16.1	15.6
NM_001180168.1	0.59	0.59	0.38	0.37	0.44	0.68
NM_001180169.1	19.85	15.49	18.54	20.03	22.39	19.88
NM_001180170.1	41.84	40.93	46.31	50.88	54.77	55.19
NM_001180171.1	21.47	22.5	23.34	22.82	22.83	23.23
NM_001180172.1	7.62	8.45	6.96	9.01	8.12	7.21
NM_001180173.1	0.22	0.0	0.0	0.04	0.15	0.0
NM_001180174.1	12.23	12.07	10.58	17.92	13.68	16.31
NM_001180175.1	16.98	19.64	20.02	20.11	18.76	17.84
NM_001180176.1	10.29	11.09	11.49	12.62	12.57	13.1
NM_001180178.1	6.7	6.01	6.59	9.19	8.0	7.22
NM_001180179.1	42.59	47.07	57.13	63.24	69.07	68.96
NM_001180180.1	58.73	64.79	66.85	59.48	61.85	66.25
NM_001180181.1	20.1	22.21	26.44	22.67	20.78	23.77
NM_001180182.1	18.31	17.85	17.6	18.9	20.09	26.02
NM_001180183.1	106.96	116.81	127.75	169.44	163.73	178.67
NM_001180184.1	313.93	301.54	350.37	359.23	372.46	380.39
NM_001180185.1	391.75	407.98	429.01	543.76	519.32	544.82
NM_001180186.1	11.78	13.72	15.01	12.6	12.64	12.36
NM_001180187.1	53.88	59.81	53.91	54.13	49.4	57.41
NM_001180188.1	6.81	7.67	5.67	5.18	5.24	5.55
NM_001180189.1	2187.47	2046.85	2167.98	1919.38	1942.83	2190.92
NM_001180190.1	259.91	253.79	239.4	410.48	388.1	394.24
NM_001180191.1	23.57	28.15	28.73	39.05	37.67	39.03
NM_001180192.1	8.35	8.61	8.58	7.89	8.43	8.42
NM_001180193.1	56.01	59.15	53.68	62.9	59.68	65.23
NM_001180194.1	1622.34	1619.6	1382.3	1906.86	1529.0	1513.2
NM_001180195.1	82.18	87.99	78.77	100.77	88.9	83.99
NM_001180196.2	3231.64	3229.4	2669.16	3433.94	3351.4	2773.62
NM_001180197.1	201.79	206.94	226.99	208.02	219.24	217.75
NM_001180198.1	1.48	1.4	1.54	1.35	1.49	1.28
NM_001180199.1	3.81	5.37	7.02	5.96	7.31	7.96
NM_001180200.1	72.69	70.37	79.19	80.59	75.31	81.74
NM_001180201.1	19.6	22.05	23.76	22.76	23.63	23.31
NM_001180202.1	8.17	9.01	9.14	9.62	10.43	10.68
NM_001180203.1	140.52	135.76	143.63	169.97	162.39	184.02
NM_001180204.1	16.16	18.68	21.44	23.63	23.69	27.54
NM_001180205.1	96.31	96.87	115.21	107.72	112.14	115.14
NM_001180206.1	4.33	5.0	4.33	4.91	4.42	4.21
NM_001180207.1	113.46	125.77	131.27	106.67	102.4	95.17
NM_001180208.1	41.25	47.08	44.98	52.48	48.37	46.69
NM_001180209.1	1.91	2.16	2.21	2.74	2.35	2.56
NM_001180210.1	32.46	31.28	26.48	33.74	28.88	29.19
NM_001180213.1	44.22	51.73	44.69	45.61	39.03	40.8
NM_001180214.1	0.15	0.16	0.09	0.13	0.11	0.13
NM_001180215.1	14.11	14.44	15.41	15.65	14.77	16.8
NM_001180216.1	5.66	6.57	7.29	7.31	7.48	5.76
NM_001180217.1	93.17	99.49	98.11	130.06	128.73	126.23
NM_001180219.1	8.73	10.19	8.48	10.75	10.56	9.46
NM_001180220.1	184.21	192.08	184.18	206.86	210.32	196.48
NM_001180221.1	36.81	39.22	35.74	36.45	37.25	34.51
NM_001180224.1	17.59	17.63	17.94	19.53	19.36	19.01
NM_001180225.1	47.69	40.39	49.11	57.82	57.77	55.84
NM_001180226.1	50.96	51.42	53.55	53.67	58.83	51.52
NM_001180227.1	21.31	22.57	22.68	21.67	20.99	20.35
NM_001180228.1	110.86	124.45	127.27	173.05	164.82	165.43
NM_001180229.1	0.88	0.8	0.69	1.08	1.08	0.75
NM_001180230.1	4.59	4.52	3.88	6.4	6.22	5.81
NM_001180231.1	54.14	56.43	60.03	58.72	56.42	59.31
NM_001180233.1	49.52	49.33	50.26	58.28	54.74	54.85
NM_001180234.1	12.63	12.6	15.55	17.67	19.28	19.37
NM_001180235.1	14.24	14.31	15.3	19.33	17.18	15.97
NM_001180236.1	3.01	3.14	3.73	3.1	3.24	3.37
NM_001180237.1	5.7	6.3	6.02	7.77	6.74	8.74
NM_001180238.1	28.82	28.43	31.52	25.71	26.72	22.59
NM_001180239.1	14.62	15.19	19.08	17.41	16.0	17.19
NM_001180240.1	5.6	7.05	7.46	7.48	6.22	7.91
NM_001180241.1	17.69	25.13	16.94	28.42	27.87	21.19
NM_001180242.1	335.24	312.69	308.67	542.57	519.94	519.78
NM_001180243.1	2.67	3.75	1.97	2.37	3.0	3.56
NM_001180244.1	1622.34	1619.6	1382.3	1906.86	1529.0	1513.2
NM_001180245.1	536.81	545.11	560.47	547.21	512.11	559.87
NM_001180246.1	0.0	0.0	0.0	0.05	0.06	0.1
NM_001180248.1	53.5	52.74	51.05	59.23	54.95	60.26
NM_001180249.1	17.45	19.42	19.55	24.66	26.62	25.72
NM_001180250.2	23.72	24.96	24.83	28.69	27.75	28.63
NM_001180251.2	3123.2	3131.22	2567.07	3341.37	3223.33	2684.06
NM_001180252.1	614.74	655.25	682.21	679.0	680.61	698.05
NM_001180253.1	34.24	33.71	30.54	26.43	27.3	25.07
NM_001180254.1	0.95	1.0	1.24	1.14	1.22	1.11
NM_001180255.2	101.83	107.86	93.66	142.31	125.64	138.22
NM_001180257.1	2.0	2.84	2.67	2.23	1.93	2.34
NM_001180258.1	38.56	42.1	37.85	50.14	47.31	45.68
NM_001180259.1	1.97	2.1	2.02	1.89	2.01	1.67
NM_001180260.1	8.46	9.5	9.13	11.11	8.37	7.41
NM_001180261.1	63.54	62.84	60.97	39.98	37.31	41.73
NM_001180262.1	19.52	24.02	25.25	24.28	24.45	23.61
NM_001180263.1	8.49	10.56	10.15	9.01	9.51	9.71
NM_001180264.1	0.99	0.62	0.41	1.31	0.92	1.39
NM_001180265.1	39.11	37.66	36.61	31.21	34.86	33.76
NM_001180266.1	1.35	1.61	1.61	0.98	0.93	0.81
NM_001180267.1	10.9	10.07	9.24	11.12	9.54	9.12
NM_001180268.1	276.61	275.11	270.46	239.07	231.18	228.27
NM_001180269.1	7.05	7.57	8.81	7.92	8.21	11.38
NM_001180270.1	0.33	0.64	0.71	0.5	0.64	0.46
NM_001180271.1	2.5	2.83	2.5	2.32	2.56	3.24
NM_001180272.1	113.74	132.63	127.43	135.52	129.69	138.77
NM_001180273.1	73.05	75.48	74.94	51.32	50.66	46.89
NM_001180274.1	0.05	0.17	0.12	0.1	0.07	0.17
NM_001180275.1	7.32	7.65	7.99	10.55	10.08	9.14
NM_001180276.1	3.64	3.69	3.41	3.25	3.51	3.95
NM_001180277.1	24.29	23.76	25.97	29.46	30.62	31.16
NM_001180278.1	0.16	0.13	0.08	0.0	0.1	0.09
NM_001180279.1	49.83	48.22	53.99	70.14	57.63	47.93
NM_001180280.1	2.46	2.61	2.82	3.34	3.14	3.15
NM_001180282.1	0.54	0.59	0.43	0.49	0.6	0.37
NM_001180283.1	0.94	1.11	1.16	1.46	1.47	1.71
NM_001180284.1	18.53	18.71	16.46	21.87	19.27	20.12
NM_001180285.1	38.1	39.43	35.42	38.34	35.99	29.19
NM_001180286.1	117.95	123.04	118.56	149.7	145.86	135.59
NM_001180287.1	36.75	38.52	39.99	32.81	30.7	29.86
NM_001180289.1	3368.91	3307.68	2938.02	3078.14	2919.75	3028.69
NM_001180290.1	10.14	10.74	10.72	13.38	13.86	14.75
NM_001180291.1	0.41	0.7	0.51	0.6	0.43	0.69
NM_001180292.1	79.6	57.82	45.78	52.09	53.86	39.94
NM_001180293.1	8.99	9.2	8.61	11.32	10.2	9.19
NM_001180294.1	6.57	7.22	6.33	7.86	8.2	6.57
NM_001180295.1	49.88	57.15	55.08	75.21	72.44	60.39
NM_001180296.1	84.8	81.7	80.56	106.68	109.84	109.48
NM_001180297.2	30.73	35.15	35.23	32.54	31.77	34.79
NM_001180298.1	1.96	2.09	1.21	2.25	1.88	1.55
NM_001180299.2	0.18	0.06	0.07	0.11	0.08	0.04
NM_001180300.2	5.99	5.64	5.54	5.35	5.96	6.11
NM_001180301.1	25.18	23.51	20.07	20.72	15.7	14.33
NM_001180303.1	0.31	0.21	0.4	0.8	0.75	0.87
NM_001180304.1	0.35	0.25	0.54	0.45	0.46	0.84
NM_001180305.1	0.0	0.05	0.0	0.02	0.0	0.0
NM_001180306.1	1.09	1.51	1.41	1.36	2.1	1.53
NM_001180307.1	0.28	0.1	0.31	0.16	0.1	0.05
NM_001180308.1	7.6	7.56	7.64	8.95	7.84	8.04
NM_001180309.1	19.37	21.75	22.5	33.34	33.74	33.86
NM_001180310.1	508.02	531.01	491.06	590.69	520.03	557.49
NM_001180311.3	12.29	13.74	14.58	14.82	17.79	16.16
NM_001180312.1	4.23	3.16	6.24	4.4	4.02	4.92
NM_001180313.1	11.76	10.85	10.59	12.4	12.06	11.75
NM_001180314.3	10.62	12.62	10.71	13.47	12.64	13.14
NM_001180315.3	20.2	22.79	24.85	25.68	25.53	25.52
NM_001180317.1	0.56	0.58	0.62	0.3	0.55	0.34
NM_001180319.1	85.51	100.05	102.55	116.5	105.24	110.5
NM_001180320.3	3777.33	3668.31	3104.72	3213.11	3201.87	2974.84
NM_001180321.3	11.31	14.39	14.34	15.47	14.27	14.05
NM_001180322.1	2.7	3.51	3.53	4.38	2.99	3.27
NM_001180324.3	22.83	24.99	29.28	26.33	28.99	20.85
NM_001180325.3	12.89	13.24	10.95	13.89	11.51	11.99
NM_001180326.1	0.39	0.43	0.0	0.11	0.0	0.22
NM_001180327.1	30.84	29.45	24.99	37.91	44.7	34.18
NM_001180328.3	10.87	10.35	15.31	15.28	14.16	15.48
NM_001180329.3	10.16	12.0	11.42	14.38	13.76	13.3
NM_001180330.1	5.35	5.2	6.47	6.1	5.55	6.85
NM_001180331.1	465.97	500.78	459.61	456.42	423.63	397.59
NM_001180333.3	3081.76	2968.74	2774.54	2575.5	2651.02	2577.54
NM_001180334.3	6.65	8.12	6.55	9.92	7.62	8.63
NM_001180335.1	6.48	7.24	6.63	7.99	8.13	6.61
NM_001180336.1	26.58	30.08	22.58	38.2	30.73	36.46
NM_001180338.3	1.56	1.6	2.29	1.81	2.41	2.36
NM_001180339.3	16.1	14.73	14.82	16.56	16.04	9.62
NM_001180340.1	154.15	160.65	172.85	194.09	205.99	214.02
NM_001180341.1	771.58	826.74	792.45	452.96	467.26	402.91
NM_001180342.3	10.07	9.59	9.55	11.53	10.69	11.12
NM_001180343.3	88.99	91.25	101.26	126.08	119.09	134.39
NM_001180344.1	24.58	24.78	28.06	27.39	27.53	28.61
NM_001180345.1	524.07	525.39	515.32	605.2	610.61	574.64
NM_001180346.3	36.67	41.06	41.13	43.17	38.86	42.09
NM_001180347.3	38.02	42.22	42.24	44.13	40.09	43.38
NM_001180348.1	32.48	36.94	36.51	38.77	35.2	38.55
NM_001180349.1	27.27	27.14	25.81	27.95	27.93	31.3
NM_001180350.3	0.73	1.09	1.14	0.4	0.9	0.55
NM_001180351.3	9.99	8.48	6.46	9.04	7.6	5.78
NM_001180352.1	54.71	48.51	55.32	52.85	55.43	56.19
NM_001180353.1	57.27	56.74	60.19	61.37	62.12	60.94
NM_001180354.3	45.04	50.1	46.65	44.63	41.6	46.77
NM_001180355.3	30.17	30.88	32.24	32.27	30.17	35.51
NM_001180357.1	14.06	14.1	14.09	14.16	15.04	12.88
NM_001180358.1	4071.09	3879.08	4087.29	4247.19	4319.24	4638.65
NM_001180359.3	20.63	22.85	24.19	26.08	22.55	20.78
NM_001180360.3	8.75	10.34	11.69	9.85	9.38	11.18
NM_001180362.1	53.76	51.43	56.48	52.09	54.69	53.8
NM_001180363.1	74.67	83.2	73.08	109.43	108.55	101.64
NM_001180364.3	63.47	68.98	69.41	96.64	94.51	90.53
NM_001180365.3	10.41	11.71	12.61	14.33	14.28	13.53
NM_001180366.1	3.35	2.99	2.51	4.57	4.42	3.5
NM_001180367.1	18.5	15.4	17.93	21.74	24.12	17.96
NM_001180368.3	58.56	62.75	61.94	63.82	61.29	59.67
NM_001180369.3	10.69	13.78	13.38	11.76	13.12	13.06
NM_001180370.1	64.76	72.29	67.93	74.73	70.79	70.57
NM_001180371.1	51.17	52.05	51.66	55.25	54.47	54.64
NM_001180372.3	3857.48	3750.39	3528.16	3601.78	3734.59	3170.47
NM_001180373.3	3.42	3.98	3.56	3.62	3.81	3.77
NM_001180374.1	3.7	5.06	6.59	4.88	4.11	5.18
NM_001180375.1	9.26	10.75	11.57	10.44	10.85	9.17
NM_001180376.3	18.35	20.96	20.01	21.09	20.1	20.45
NM_001180377.3	5.34	5.35	5.63	6.13	5.47	5.45
NM_001180378.1	1.25	0.66	1.23	2.97	2.32	2.93
NM_001180379.1	165.9	175.82	189.41	234.19	222.14	202.76
NM_001180380.3	22.2	20.29	23.04	28.16	25.66	29.36
NM_001180381.3	10.81	11.88	16.1	13.61	12.16	11.5
NM_001180382.1	24.56	29.03	25.92	39.83	35.68	35.12
NM_001180383.1	14.82	14.27	13.65	15.41	16.66	14.39
NM_001180384.3	1.51	2.04	3.09	1.89	1.97	2.13
NM_001180385.3	977.74	1139.19	883.96	1266.09	1344.11	1434.95
NM_001180386.1	3.15	3.39	1.61	2.29	1.83	2.11
NM_001180387.1	17.73	17.9	20.83	18.04	21.76	19.32
NM_001180388.3	8.25	9.69	8.67	11.62	10.22	10.16
NM_001180389.1	8.72	8.56	8.42	10.86	9.84	10.4
NM_001180390.1	0.38	0.5	0.6	0.74	0.61	0.65
NM_001180391.3	34.04	42.16	41.38	38.54	37.45	37.93
NM_001180392.3	40.84	46.17	47.58	45.56	46.22	42.77
NM_001180393.1	1.37	1.9	1.09	1.58	1.47	1.56
NM_001180394.1	419.85	422.53	412.02	395.24	403.84	330.61
NM_001180395.3	56.63	59.49	65.88	72.46	71.44	70.87
NM_001180396.3	8.73	9.56	8.22	12.29	10.73	12.65
NM_001180397.1	14.33	15.22	14.98	12.27	13.19	10.98
NM_001180398.1	12.3	14.09	13.9	13.45	13.66	13.85
NM_001180399.3	105.61	114.02	111.08	96.34	97.67	96.96
NM_001180400.3	105.53	90.98	106.76	110.82	102.74	119.33
NM_001180401.1	12.46	13.79	14.33	10.51	8.91	10.86
NM_001180404.1	6.89	7.88	6.41	8.19	7.38	6.0
NM_001180405.3	17.04	19.62	19.2	21.26	21.45	19.88
NM_001180406.4	141.78	143.7	135.02	140.25	133.64	105.74
NM_001180407.3	381.91	400.81	386.36	444.33	422.77	402.69
NM_001180408.3	54.24	58.17	55.1	65.24	72.87	58.68
NM_001180409.1	69.09	68.52	73.85	61.35	61.91	66.3
NM_001180411.1	10.61	11.04	11.28	13.1	13.29	12.1
NM_001180412.3	1.21	1.46	1.77	1.38	1.75	1.27
NM_001180413.3	15.58	17.58	19.31	21.03	21.08	22.43
NM_001180414.1	1.05	1.04	1.1	1.54	1.52	0.8
NM_001180415.1	10.65	11.14	12.47	12.09	13.05	12.48
NM_001180416.3	5.42	6.24	6.71	6.58	6.77	7.26
NM_001180417.3	4.66	3.58	4.5	5.45	5.23	5.03
NM_001180418.1	11.78	11.31	15.15	12.89	12.79	13.96
NM_001180419.1	11.98	11.2	11.64	8.77	7.57	8.91
NM_001180421.3	16.05	18.06	16.81	14.7	12.53	11.48
NM_001180422.3	0.0	0.0	0.0	0.0	0.14	0.0
NM_001180423.1	47.21	38.69	42.54	39.43	41.92	41.2
NM_001180424.1	22.18	22.97	24.48	23.92	21.47	24.6
NM_001180425.3	24.57	25.99	27.15	27.26	26.53	25.18
NM_001180426.3	4.14	4.23	3.84	4.8	4.51	5.73
NM_001180427.1	49.51	53.04	49.86	63.37	60.46	54.6
NM_001180428.3	46.82	48.48	57.97	54.94	52.34	54.29
NM_001180429.3	29.63	26.56	28.58	32.24	30.05	30.36
NM_001180430.1	12.08	14.37	11.59	13.1	11.39	12.0
NM_001180431.1	7.53	6.34	6.65	5.61	5.99	7.1
NM_001180432.3	0.21	0.22	0.49	0.13	0.29	0.09
NM_001180433.3	2.0	1.02	1.72	1.15	1.46	1.92
NM_001180434.1	2.25	2.95	3.38	1.81	2.68	3.06
NM_001180435.1	77.68	77.57	81.39	79.8	75.69	80.54
NM_001180436.3	4.81	4.49	5.47	5.34	4.8	5.38
NM_001180437.3	172.02	180.94	171.37	278.32	250.01	262.63
NM_001180438.1	10.59	11.24	14.57	14.18	11.64	10.51
NM_001180439.1	3.62	2.69	2.33	3.41	3.6	3.89
NM_001180440.3	4.26	4.49	5.55	4.53	4.03	4.41
NM_001180442.3	34.53	38.12	41.65	49.77	45.12	51.92
NM_001180444.1	7.36	6.47	6.56	8.01	6.4	5.81
NM_001180445.1	8.76	9.6	10.31	10.93	10.25	10.6
NM_001180446.3	50.49	52.97	57.84	72.59	73.27	56.38
NM_001180447.3	15.35	17.53	19.48	20.29	17.73	20.07
NM_001180448.1	11.22	12.66	11.98	13.3	12.35	13.03
NM_001180449.1	4.15	4.14	5.39	5.08	5.09	5.37
NM_001180450.3	16.73	16.67	15.7	18.28	17.45	19.68
NM_001180451.3	47.19	48.34	47.16	37.26	34.51	37.83
NM_001180452.1	31.0	34.53	29.31	31.6	29.51	30.79
NM_001180453.1	23.02	25.66	22.95	26.92	23.43	25.28
NM_001180454.3	9.27	10.71	11.12	11.44	11.09	10.39
NM_001180455.3	68.83	76.67	58.5	85.51	85.16	79.9
NM_001180457.1	13.64	14.47	16.65	13.04	11.65	10.62
NM_001180458.1	28.14	29.05	24.49	35.89	30.68	28.43
NM_001180459.3	53.09	58.35	57.5	48.77	48.6	49.14
NM_001180460.3	36.14	34.76	35.92	28.41	26.4	28.88
NM_001180462.1	2185.91	2102.66	2305.9	2206.42	2355.02	2307.91
NM_001180463.1	83.54	84.38	87.73	75.72	85.67	83.77
NM_001180465.3	379.78	372.26	388.34	437.05	445.2	463.05
NM_001180466.3	5.2	5.41	5.14	6.28	5.64	5.37
NM_001180467.1	1.37	1.55	1.48	1.33	1.53	1.74
NM_001180468.1	58.27	64.8	61.62	70.25	67.32	63.76
NM_001180469.3	18.35	18.85	21.84	24.53	21.84	24.8
NM_001180470.3	13.76	14.74	15.03	16.42	12.63	15.02
NM_001180471.1	11.39	10.79	10.7	11.5	10.9	11.04
NM_001180472.1	56.24	59.48	62.28	59.17	62.37	55.56
NM_001180473.3	9.11	10.38	10.01	10.48	10.15	10.07
NM_001180474.3	34.62	37.52	32.02	48.43	52.79	48.54
NM_001180475.1	87.55	89.97	82.05	125.14	113.32	108.93
NM_001180476.1	14.48	14.85	13.08	16.68	15.39	16.66
NM_001180477.3	45.58	50.97	40.13	41.0	35.11	38.48
NM_001180478.1	12.99	13.53	13.61	21.19	19.88	14.95
NM_001180479.3	240.68	244.73	217.85	287.0	280.03	278.28
NM_001180480.3	9.6	8.12	7.84	9.69	9.44	8.56
NM_001180481.1	124.97	124.72	133.16	126.0	128.03	138.02
NM_001180482.1	22.7	24.61	25.5	29.05	26.12	27.77
NM_001180483.3	8.99	9.89	9.12	12.83	10.23	10.16
NM_001180484.3	112.77	102.85	118.55	119.76	128.21	129.91
NM_001180485.1	32.98	39.26	36.26	37.18	35.95	36.67
NM_001180486.1	9.96	9.21	9.81	11.4	11.0	9.46
NM_001180487.3	3.1	4.07	3.25	4.37	4.09	4.7
NM_001180488.3	5.03	6.45	5.21	6.68	5.6	5.98
NM_001180489.1	5.91	5.7	5.2	6.24	5.72	6.05
NM_001180490.1	26.58	28.01	33.16	33.1	31.43	37.83
NM_001180491.3	11.67	13.43	13.86	13.94	12.76	13.91
NM_001180492.1	22.29	21.97	25.3	24.4	21.07	23.61
NM_001180493.1	3.84	4.44	3.37	4.34	3.3	3.04
NM_001180494.3	12.83	13.89	13.62	14.03	14.72	14.23
NM_001180496.3	134.36	133.73	134.27	180.23	170.68	188.99
NM_001180497.1	36.17	35.33	31.53	29.05	27.39	25.32
NM_001180498.1	89.68	96.32	94.04	107.59	96.31	106.56
NM_001180499.3	4.02	5.54	5.74	4.62	6.42	5.43
NM_001180500.3	19.72	21.02	18.29	24.51	23.13	23.15
NM_001180502.1	37.45	39.19	46.04	48.58	50.03	54.38
NM_001180503.3	14.09	15.35	15.25	17.01	15.11	14.08
NM_001180504.3	18.13	21.88	22.17	23.0	23.5	19.81
NM_001180505.1	5.88	7.12	7.19	7.21	6.24	7.63
NM_001180506.1	5.86	5.72	7.02	6.44	5.55	5.46
NM_001180508.3	7.17	8.11	6.47	6.73	5.57	5.0
NM_001180509.3	18.73	20.31	21.12	18.41	18.55	16.32
NM_001180510.1	9.75	9.47	11.39	10.47	11.8	11.18
NM_001180512.1	13.4	15.13	15.61	16.27	17.2	18.84
NM_001180513.3	9.06	10.04	10.36	10.63	10.26	9.62
NM_001180514.3	7.42	7.75	9.33	8.2	7.92	8.92
NM_001180515.1	10.32	11.34	9.27	10.19	9.26	10.31
NM_001180516.1	17.66	20.69	16.35	22.32	19.29	21.55
NM_001180518.3	159.83	164.9	173.92	203.01	193.95	173.6
NM_001180519.3	54.76	53.95	61.33	79.04	81.02	75.29
NM_001180520.1	136.8	151.67	148.09	187.78	175.37	193.7
NM_001180521.1	7.27	8.64	6.61	7.0	6.82	6.31
NM_001180522.3	118.05	128.98	140.0	151.93	136.99	131.08
NM_001180524.3	3.22	3.31	2.71	6.03	6.79	6.6
NM_001180525.1	7.32	8.5	6.14	9.54	7.57	7.4
NM_001180526.1	0.0	0.14	0.13	0.43	0.33	0.21
NM_001180527.3	10.88	11.73	13.4	14.76	12.94	12.62
NM_001180529.3	14.85	16.32	16.77	15.73	14.15	14.49
NM_001180530.1	12.33	17.02	18.41	16.01	15.98	12.95
NM_001180531.1	0.4	0.34	0.23	0.33	0.2	0.5
NM_001180532.3	834.93	838.42	795.86	914.93	942.39	775.48
NM_001180533.3	904.89	911.03	879.06	1031.72	1039.26	943.23
NM_001180534.1	854.44	861.75	741.24	888.63	866.15	783.39
NM_001180535.1	5.56	6.71	5.19	6.85	5.36	6.03
NM_001180536.3	10.99	12.84	13.27	11.84	11.91	10.6
NM_001180537.3	13.19	13.59	12.91	13.15	12.85	11.34
NM_001180539.1	12.41	15.71	12.17	16.97	17.53	19.48
NM_001180540.1	71.73	71.17	70.47	61.06	62.6	66.31
NM_001180541.3	358.2	366.86	355.64	286.6	290.9	280.8
NM_001180542.3	41.08	39.66	37.96	56.69	53.89	59.39
NM_001180543.1	7.11	6.71	7.55	7.8	7.51	6.72
NM_001180544.1	17.04	15.93	18.55	15.62	13.26	14.1
NM_001180545.3	22.54	25.0	23.04	24.56	25.21	19.78
NM_001180546.3	94.07	101.32	97.68	96.08	90.25	88.32
NM_001180547.1	9.06	10.41	9.38	10.77	8.97	11.31
NM_001180548.1	9.47	8.07	9.74	8.28	8.49	8.52
NM_001180550.3	0.5	0.5	0.2	0.26	0.26	0.32
NM_001180551.3	9.0	8.52	9.95	11.87	12.55	11.56
NM_001180552.1	13.35	14.83	12.59	15.88	12.31	14.82
NM_001180553.1	43.75	44.23	41.62	48.6	46.41	45.68
NM_001180554.3	18.68	17.68	20.34	21.19	25.24	25.8
NM_001180555.1	3.89	4.18	5.94	4.76	4.9	4.22
NM_001180556.1	15.27	19.2	22.16	13.26	14.27	14.33
NM_001180557.3	4.13	2.41	4.7	3.13	3.02	3.47
NM_001180559.3	13.81	15.19	14.87	12.02	12.14	12.52
NM_001180560.1	12.4	13.37	13.21	13.83	14.95	11.25
NM_001180561.1	0.76	1.28	1.06	1.04	0.7	0.72
NM_001180562.3	3.24	4.02	4.92	3.71	4.2	4.31
NM_001180563.3	3.03	3.68	3.81	4.29	3.47	2.68
NM_001180564.1	0.0	0.03	0.16	0.11	0.06	0.23
NM_001180565.1	17.24	15.81	17.6	18.55	17.31	16.98
NM_001180566.3	35.34	36.06	38.62	72.57	66.4	54.22
NM_001180567.3	1.55	1.56	1.53	0.87	1.18	1.35
NM_001180568.1	15.06	16.62	19.54	21.08	20.65	16.69
NM_001180569.1	27.02	27.93	27.44	33.15	31.31	29.26
NM_001180570.3	20.48	21.83	22.79	24.28	21.97	27.14
NM_001180571.3	0.51	0.33	0.44	0.29	0.18	0.34
NM_001180572.1	55.86	51.3	49.94	52.74	47.8	52.28
NM_001180573.1	3.19	3.91	4.7	4.93	5.99	5.77
NM_001180574.3	30.53	31.92	31.72	29.19	31.04	26.45
NM_001180575.3	15.78	15.86	16.15	20.77	18.39	21.02
NM_001180576.1	9.69	10.65	11.22	7.68	7.92	6.75
NM_001180578.1	10.53	9.37	9.58	11.72	11.34	10.54
NM_001180580.3	58.67	63.15	60.12	62.28	60.09	60.61
NM_001180581.3	0.65	0.97	0.87	0.72	0.77	1.18
NM_001180583.1	2.37	2.17	3.07	2.35	2.13	1.9
NM_001180584.1	493.09	500.93	483.68	502.82	521.04	440.57
NM_001180585.3	2.24	4.74	3.77	3.14	3.27	3.88
NM_001180587.3	14.11	15.66	15.88	12.0	10.63	11.46
NM_001180588.1	32.55	37.02	34.69	41.66	41.27	42.93
NM_001180589.1	11.29	9.99	11.67	6.47	4.49	2.67
NM_001180590.3	4.39	4.12	3.93	3.24	4.63	3.7
NM_001180591.3	6.23	6.96	6.6	7.89	6.71	6.41
NM_001180592.1	36.88	35.92	37.93	45.33	50.16	44.26
NM_001180593.1	0.82	0.97	0.78	0.87	0.79	0.88
NM_001180594.3	13.63	14.71	19.12	19.27	19.44	22.49
NM_001180595.3	11.01	13.27	13.0	11.18	12.13	10.57
NM_001180596.1	6.4	7.2	7.79	7.53	7.08	7.68
NM_001180597.1	16.16	15.33	16.84	14.01	13.93	13.98
NM_001180599.3	4.13	4.44	4.83	5.15	5.31	5.92
NM_001180600.3	27.32	28.29	29.94	27.24	25.4	24.78
NM_001180601.1	34.81	36.06	36.74	45.18	43.73	44.69
NM_001180602.1	29.63	29.92	28.43	38.74	39.07	40.21
NM_001180603.3	7.38	7.1	9.45	8.48	7.1	9.48
NM_001180604.3	25.09	25.04	27.72	26.0	24.73	28.76
NM_001180605.1	49.72	52.42	53.32	46.64	44.21	45.21
NM_001180606.1	101.5	111.34	110.92	130.26	123.41	102.4
NM_001180607.3	34.5	40.24	34.63	46.21	40.12	40.15
NM_001180608.3	47.98	49.27	51.37	54.08	53.34	53.07
NM_001180609.1	9.75	11.12	11.36	13.47	12.66	13.09
NM_001180610.1	32.9	34.74	41.16	34.85	37.21	33.77
NM_001180611.3	18.32	20.51	19.2	19.5	18.57	17.02
NM_001180612.3	167.87	176.54	192.43	185.27	183.38	203.86
NM_001180613.1	18.24	17.7	18.63	12.04	13.94	13.14
NM_001180614.1	6.8	6.09	6.69	9.93	8.01	7.97
NM_001180615.3	15.06	15.36	16.6	17.11	16.17	14.62
NM_001180616.3	23.08	30.28	32.42	28.76	29.83	26.02
NM_001180617.1	56.37	59.11	55.77	64.87	63.08	61.76
NM_001180618.1	8.59	9.78	8.78	9.93	8.28	9.31
NM_001180619.3	12.26	13.75	12.02	15.92	14.86	14.33
NM_001180620.3	29.81	27.02	30.13	25.09	25.18	24.85
NM_001180621.1	4.42	7.65	5.58	8.57	9.52	6.82
NM_001180622.1	1.15	0.82	1.3	0.95	1.09	0.89
NM_001180623.3	2.9	3.49	3.62	3.41	3.28	3.12
NM_001180624.3	5.48	5.2	7.24	6.12	5.8	5.37
NM_001180625.3	1.27	1.63	1.81	1.08	1.14	1.47
NM_001180626.3	3.21	4.18	5.34	4.01	3.48	3.04
NM_001180627.1	7.21	8.37	9.13	8.77	9.18	5.87
NM_001180628.1	16.2	20.2	17.96	22.48	17.87	18.81
NM_001180629.3	213.99	210.78	203.89	208.4	193.56	202.15
NM_001180630.1	17.86	20.28	23.22	24.05	23.19	23.71
NM_001180631.3	2.47	2.92	2.93	2.93	3.45	2.78
NM_001180632.3	44.46	45.84	53.62	54.49	53.58	55.38
NM_001180633.1	5.01	5.39	6.11	7.08	6.16	6.47
NM_001180634.1	11.2	12.53	13.69	12.37	12.42	11.65
NM_001180636.3	125.87	121.29	108.98	117.65	117.93	106.6
NM_001180637.3	11.52	11.2	11.9	14.35	14.61	13.67
NM_001180638.1	16.87	15.19	13.52	19.52	16.03	18.53
NM_001180639.1	27.5	29.43	33.32	31.33	35.42	34.08
NM_001180640.3	1.01	1.48	1.98	1.45	1.74	1.92
NM_001180641.3	19.06	18.38	19.54	21.61	22.72	18.2
NM_001180642.1	3.29	3.73	4.42	4.73	4.36	4.13
NM_001180643.1	18.13	19.06	19.5	24.56	22.98	25.26
NM_001180644.3	4.64	4.49	5.28	5.31	6.6	5.35
NM_001180645.3	20.48	21.47	26.05	24.9	22.21	24.52
NM_001180646.1	6.54	5.57	5.21	5.87	5.63	5.47
NM_001180647.1	53.67	50.95	61.33	62.29	64.93	63.17
NM_001180649.3	224.16	228.5	224.17	205.88	210.33	210.85
NM_001180650.3	77.13	82.39	72.93	93.48	86.89	97.59
NM_001180651.1	75.98	81.02	72.41	92.19	85.44	96.1
NM_001180653.1	270.18	256.17	293.97	239.36	212.73	278.83
NM_001180654.3	89.88	87.92	96.93	98.87	91.18	92.64
NM_001180655.3	17.44	20.15	22.56	23.42	21.62	23.52
NM_001180656.1	34.52	36.38	32.0	35.39	32.89	34.09
NM_001180657.1	15.08	17.0	17.05	14.91	16.05	16.09
NM_001180658.4	1.98	2.18	2.11	1.98	2.69	2.41
NM_001180659.3	11.46	12.11	11.86	13.12	12.93	12.59
NM_001180660.1	19.13	20.66	18.18	20.44	21.0	21.38
NM_001180661.1	388.18	395.98	375.93	392.77	373.48	417.31
NM_001180662.3	32.7	30.88	31.63	40.98	40.71	41.86
NM_001180664.3	10.11	11.7	9.48	12.52	9.65	9.22
NM_001180665.1	14.24	19.47	19.82	17.78	17.08	18.89
NM_001180666.1	12.45	11.74	11.99	10.86	10.62	8.77
NM_001180667.3	4.86	5.1	5.04	5.76	5.23	5.45
NM_001180669.3	72.15	76.67	78.64	98.05	96.81	92.67
NM_001180670.1	7.17	6.38	7.49	8.31	7.84	8.76
NM_001180671.1	5.58	5.24	4.65	6.56	5.92	5.41
NM_001180672.3	6.64	7.52	7.72	8.83	9.36	8.48
NM_001180673.1	44.28	48.71	46.83	64.47	58.19	56.92
NM_001180674.3	0.12	0.1	0.0	0.29	0.54	0.6
NM_001180675.1	29.89	32.46	35.71	31.1	32.88	30.36
NM_001180676.1	112.75	120.74	130.19	148.04	142.06	139.66
NM_001180677.3	3.25	3.68	4.3	4.6	4.51	4.34
NM_001180678.3	5.29	5.98	7.15	7.36	6.49	8.06
NM_001180679.1	5.2	6.59	10.02	9.37	8.19	8.96
NM_001180680.1	61.05	58.83	67.85	71.44	74.55	65.44
NM_001180681.3	44.44	48.57	56.92	53.15	56.25	64.31
NM_001180682.3	0.05	0.14	0.34	0.4	0.56	0.46
NM_001180683.1	7.41	7.57	8.35	6.25	6.51	6.3
NM_001180684.3	11.26	11.94	13.38	12.21	11.08	12.82
NM_001180685.3	114.49	125.32	105.57	134.09	153.16	121.43
NM_001180686.1	118.02	121.93	129.03	128.98	125.42	135.61
NM_001180687.1	5.39	6.53	3.98	6.21	4.95	6.13
NM_001180688.3	14.19	19.38	16.38	47.34	45.27	42.94
NM_001180689.1	317.54	331.23	316.05	343.1	331.8	321.14
NM_001180690.3	2143.86	2136.21	1984.18	1760.13	1789.38	1738.65
NM_001180691.3	4.41	3.89	4.88	5.16	3.95	5.16
NM_001180692.1	122.08	127.86	119.07	143.2	135.57	148.71
NM_001180693.1	3236.18	3120.73	2849.91	2760.11	2721.81	2718.11
NM_001180694.3	3.17	3.13	3.35	3.2	4.37	4.23
NM_001180695.3	2.76	3.06	2.48	2.25	2.38	2.11
NM_001180696.1	93.36	93.61	97.57	98.5	93.99	96.98
NM_001180697.1	14.9	16.12	16.71	13.48	14.53	14.3
NM_001180698.3	17.07	18.21	19.26	24.97	26.18	26.15
NM_001180699.3	10.17	11.0	13.86	14.7	15.4	16.32
NM_001180700.1	9.78	11.52	12.54	8.62	9.31	9.67
NM_001180701.1	3.37	3.94	5.71	5.15	5.61	4.65
NM_001180702.3	85.17	88.51	87.87	144.85	144.88	132.24
NM_001180703.3	60.84	65.93	60.22	68.29	65.19	67.04
NM_001180705.1	47.92	48.39	48.22	42.16	43.98	41.99
NM_001180706.1	43.39	42.81	42.68	46.7	42.98	48.64
NM_001180707.3	161.13	164.41	145.64	123.59	133.48	103.61
NM_001180708.3	24.1	24.22	28.45	21.33	23.18	26.07
NM_001180710.1	0.0	0.03	0.0	0.09	0.0	0.18
NM_001180711.1	0.48	0.51	0.6	0.47	0.71	0.65
NM_001180712.3	47.45	54.23	57.73	52.44	46.77	53.44
NM_001180713.3	14.59	16.53	16.11	19.36	17.84	21.27
NM_001180714.1	4.45	2.53	7.02	4.88	3.21	7.95
NM_001180715.1	6.84	7.28	7.41	8.3	7.35	8.11
NM_001180716.3	64.23	61.79	59.47	48.85	55.49	46.12
NM_001180717.3	4.56	5.47	4.55	4.99	5.91	4.99
NM_001180718.1	24.32	27.43	23.1	25.16	23.43	28.37
NM_001180719.1	25.46	25.11	29.61	32.16	30.05	35.39
NM_001180720.3	42.84	48.79	47.35	53.28	51.07	41.38
NM_001180722.4	8.63	11.39	12.82	9.09	10.34	9.35
NM_001180723.1	17.09	18.63	19.75	21.47	19.6	19.9
NM_001180724.1	5.52	6.46	6.51	7.52	5.46	6.49
NM_001180726.3	2672.2	2748.24	2543.43	2647.08	2593.47	2572.29
NM_001180727.3	3.75	4.91	4.77	4.48	3.08	4.7
NM_001180728.1	2.73	3.24	2.15	3.28	2.81	2.66
NM_001180729.1	1.93	3.01	2.89	2.86	3.88	3.85
NM_001180730.3	11.13	11.75	12.59	10.95	11.16	11.87
NM_001180731.3	14.37	14.31	11.81	16.58	15.93	16.66
NM_001180732.1	53.27	59.26	53.14	46.82	43.09	47.01
NM_001180733.1	5.61	7.06	6.73	6.67	7.31	5.97
NM_001180735.3	86.25	98.1	97.81	116.02	114.91	105.29
NM_001180736.3	20.46	19.26	23.78	19.39	18.67	19.27
NM_001180737.1	237.9	264.79	231.91	238.4	200.76	212.39
NM_001180738.1	12.59	13.1	15.67	17.29	16.39	18.94
NM_001180740.3	428.98	426.84	346.54	438.23	387.09	430.78
NM_001180742.3	31.51	31.56	35.24	32.55	31.97	38.78
NM_001180743.1	10.49	11.9	12.62	12.84	14.28	14.96
NM_001180744.1	4.79	4.71	5.91	5.17	5.28	6.89
NM_001180745.3	7.21	4.3	7.67	5.75	6.56	9.8
NM_001180746.3	0.09	0.0	0.07	0.08	0.13	0.08
NM_001180747.1	6.12	6.62	5.8	5.75	4.98	5.36
NM_001180748.1	7.2	7.74	8.1	8.87	8.08	9.41
NM_001180749.3	19.37	23.24	25.14	16.37	17.08	17.73
NM_001180751.3	3.24	3.35	3.23	3.6	3.33	3.9
NM_001180752.1	3.63	3.21	3.37	4.09	4.13	4.97
NM_001180754.1	0.06	0.19	0.26	0.05	0.05	0.09
NM_001180755.3	2414.45	2427.96	2120.47	2475.01	2444.64	1959.82
NM_001180756.3	14.21	11.71	11.29	11.56	12.91	11.94
NM_001180757.1	25.03	28.89	33.36	38.35	37.88	35.95
NM_001180758.1	2897.08	2808.89	2597.56	2637.57	2698.56	2347.25
NM_001180759.3	34.2	35.0	28.59	38.83	36.68	30.76
NM_001180760.3	20.82	24.18	24.99	22.21	21.59	23.8
NM_001180761.1	8.64	7.21	6.98	4.27	5.48	6.85
NM_001180762.1	363.68	372.36	361.69	377.83	371.16	357.12
NM_001180764.3	20.62	20.36	22.7	22.47	19.61	22.51
NM_001180765.3	17.21	17.25	21.24	17.33	16.41	18.97
NM_001180766.1	12.69	12.85	13.74	13.04	11.25	10.3
NM_001180767.1	1.49	2.02	2.56	2.42	2.47	2.77
NM_001180768.3	14.15	16.54	13.21	18.22	17.42	16.78
NM_001180769.3	115.95	170.54	137.35	243.41	236.3	219.95
NM_001180770.1	37.32	40.13	35.91	34.64	33.31	36.32
NM_001180771.3	33.21	36.14	37.99	40.04	39.31	38.0
NM_001180772.3	6.96	7.86	6.73	8.26	6.61	7.74
NM_001180773.1	39.4	39.41	44.0	47.15	45.9	45.92
NM_001180774.1	5.83	6.16	6.29	6.57	7.72	6.77
NM_001180776.3	31.06	30.22	31.38	35.15	30.45	29.74
NM_001180777.3	23.51	25.34	20.33	24.52	22.82	19.21
NM_001180778.2	10.01	9.64	10.73	12.06	11.52	11.43
NM_001180779.1	1158.99	1151.49	1022.52	900.12	936.35	837.99
NM_001180780.3	19.86	21.63	24.83	35.44	36.38	29.96
NM_001180781.3	7.44	7.25	8.19	7.65	7.21	6.81
NM_001180783.1	3.33	3.49	2.97	3.28	3.13	3.65
NM_001180784.1	46.59	43.06	43.87	45.59	47.5	54.27
NM_001180785.3	39.3	38.63	43.76	44.68	45.56	39.73
NM_001180786.3	9.95	10.17	12.56	11.34	14.62	11.09
NM_001180787.1	5.72	5.31	5.56	5.83	4.51	5.12
NM_001180788.1	10.18	11.07	11.5	16.02	14.59	12.18
NM_001180789.3	58.61	53.32	61.91	44.54	43.05	44.01
NM_001180790.3	11.22	15.34	13.67	13.66	15.66	13.43
NM_001180791.1	117.82	121.65	112.55	118.03	116.26	108.12
NM_001180792.1	5.94	7.55	7.84	7.53	6.86	6.97
NM_001180793.3	6.85	7.12	6.64	9.1	8.11	8.71
NM_001180794.3	32.44	35.81	34.46	36.45	35.85	37.03
NM_001180795.1	107.41	109.61	115.31	154.49	159.59	164.24
NM_001180796.1	4.13	4.13	4.0	4.67	4.08	3.84
NM_001180797.3	12.42	12.42	10.51	12.27	12.73	12.05
NM_001180798.3	8.08	8.41	7.49	10.38	8.07	8.91
NM_001180800.1	30.58	35.45	30.23	33.93	35.61	35.4
NM_001180801.1	19.23	23.09	21.63	24.09	26.02	22.56
NM_001180802.3	17.96	16.86	20.27	17.12	17.11	17.24
NM_001180803.3	4.34	4.9	4.87	5.88	4.93	5.03
NM_001180804.1	70.63	74.64	73.78	79.22	76.92	75.11
NM_001180805.1	67.73	65.96	68.55	74.19	72.9	80.23
NM_001180806.3	11.19	11.77	11.81	10.04	8.87	8.27
NM_001180807.3	3.07	3.25	2.78	3.44	2.92	3.28
NM_001180808.1	2380.24	2265.86	1853.04	2153.14	2166.59	1645.09
NM_001180809.1	5.8	6.11	4.87	4.75	4.45	5.71
NM_001180810.3	167.11	171.54	164.69	137.8	126.67	129.6
NM_001180811.3	13.81	12.4	13.79	13.1	13.26	12.25
NM_001180812.1	0.24	0.71	0.95	0.3	0.33	0.62
NM_001180813.2	18.53	19.34	17.38	17.49	17.16	15.64
NM_001180814.3	4.52	4.76	4.95	4.6	4.12	4.63
NM_001180815.3	27.0	30.88	29.87	29.96	26.2	25.27
NM_001180816.1	119.45	122.85	120.28	112.08	107.63	112.68
NM_001180818.1	383.01	367.81	371.0	386.96	362.87	358.8
NM_001180819.3	20.99	21.89	18.4	19.18	21.22	26.02
NM_001180820.3	28.94	33.5	34.27	43.88	45.31	39.4
NM_001180821.1	165.88	157.63	172.64	188.74	196.47	198.61
NM_001180822.1	10.53	10.18	10.86	11.69	11.79	11.14
NM_001180823.3	12.79	13.47	16.49	19.0	20.28	20.17
NM_001180824.3	28.87	30.38	32.85	34.67	35.07	39.04
NM_001180825.1	31.41	31.32	33.92	37.59	38.85	42.87
NM_001180826.1	42.63	42.74	44.44	33.22	34.67	33.18
NM_001180827.3	68.24	74.47	70.33	72.83	68.04	65.38
NM_001180828.3	4.82	4.9	5.41	5.04	5.54	5.01
NM_001180830.1	0.1	0.09	0.05	0.06	0.06	0.06
NM_001180831.1	0.0	0.12	0.11	0.14	0.0	0.06
NM_001180832.3	7.42	8.59	9.37	10.02	8.43	10.14
NM_001180835.4	23.14	24.83	23.0	29.3	25.87	25.01
NM_001180836.3	8.89	11.08	10.24	12.28	12.38	11.62
NM_001180837.1	71.33	76.76	73.94	80.64	97.37	86.15
NM_001180838.1	9.14	8.13	7.95	6.07	5.3	5.35
NM_001180839.3	33.05	31.96	33.99	42.99	43.73	43.5
NM_001180840.3	4.31	4.86	5.11	5.65	4.11	4.71
NM_001180841.1	32.68	29.16	34.8	30.76	32.44	26.59
NM_001180842.1	66.63	22.97	13.75	28.08	13.74	23.44
NM_001180844.3	0.03	0.03	0.0	0.05	0.11	0.05
NM_001180846.3	8.35	9.67	10.03	4.69	4.33	4.27
NM_001180847.1	17.83	18.81	19.17	12.76	12.95	13.67
NM_001180848.1	2.77	2.48	2.39	1.91	2.15	2.12
NM_001180849.4	4.11	3.17	3.08	6.0	4.84	5.49
NM_001180850.3	0.0	0.0	0.0	0.1	0.0	0.0
NM_001180853.1	0.15	0.23	0.29	0.23	0.28	0.35
NM_001180854.3	7.33	6.97	3.25	10.68	10.6	6.39
NM_001180855.1	0.0	0.0	0.0	0.0	0.0	0.0
NM_001180857.3	136.44	140.87	146.56	140.36	141.78	141.26
NM_001180858.1	16.27	16.52	15.79	17.87	16.36	19.83
NM_001180860.1	6.78	6.95	7.46	9.4	7.84	8.45
NM_001180862.2	0.97	1.29	0.99	0.54	0.49	0.37
NM_001180864.1	58.33	57.27	58.41	70.19	59.96	67.84
NM_001180865.3	85.96	87.56	90.91	124.59	117.64	117.88
NM_001180866.1	66.72	63.65	74.93	77.18	73.7	76.3
NM_001180867.1	17.11	16.0	17.4	17.3	16.79	17.93
NM_001180868.1	6.36	7.1	5.02	6.54	6.47	6.62
NM_001180869.3	7.67	8.86	8.65	8.89	8.22	8.25
NM_001180870.1	10.96	11.44	12.25	10.63	9.9	8.3
NM_001180871.1	6.94	6.77	7.17	8.03	6.86	7.81
NM_001180873.1	2609.02	2703.74	2671.28	2698.69	2495.68	2737.08
NM_001180874.1	250.81	274.88	251.81	329.87	312.92	322.23
NM_001180875.1	12.09	10.88	11.8	17.71	18.11	16.66
NM_001180876.3	132.3	144.41	148.42	225.04	220.69	203.6
NM_001180877.1	156.89	167.84	175.52	154.47	147.56	152.58
NM_001180878.1	8.74	10.49	10.23	11.2	11.22	11.82
NM_001180879.1	34.21	37.68	29.91	31.64	28.09	32.29
NM_001180880.3	0.0	0.0	0.0	0.0	0.0	0.0
NM_001180881.1	19.84	23.08	21.8	25.01	25.88	24.02
NM_001180882.1	7.81	8.53	10.82	11.33	10.58	11.53
NM_001180883.1	12.2	12.99	17.79	12.19	11.35	12.29
NM_001180884.3	48.51	46.75	46.55	46.5	50.18	44.87
NM_001180885.1	47.24	48.55	47.79	50.87	51.0	56.8
NM_001180886.1	15.53	14.6	17.53	16.43	16.3	14.69
NM_001180887.1	78.46	79.31	84.03	79.85	76.68	85.89
NM_001180888.3	14.62	14.73	11.42	16.6	13.61	13.93
NM_001180890.1	12.14	11.77	11.61	15.23	14.3	14.6
NM_001180891.1	223.62	223.98	224.22	347.07	329.7	350.97
NM_001180892.1	35.85	39.45	40.65	44.3	42.99	44.47
NM_001180893.3	92.58	103.92	83.34	106.7	105.4	97.81
NM_001180894.1	35.98	43.01	42.79	45.34	43.67	41.98
NM_001180895.1	2997.42	3004.78	2649.74	2869.78	2765.49	2377.43
NM_001180896.1	2474.0	2480.66	2335.59	2660.03	2636.72	2506.47
NM_001180897.3	34.9	47.37	50.93	62.74	61.29	73.64
NM_001180898.2	0.99	1.02	0.96	0.69	1.05	0.78
NM_001180900.1	28.17	30.75	26.94	32.39	33.14	30.18
NM_001180901.1	6.53	7.17	7.72	6.56	6.11	7.15
NM_001180902.3	109.73	122.29	124.56	139.29	144.59	148.2
NM_001180903.1	19.97	20.06	20.33	20.36	23.79	20.42
NM_001180904.1	55.52	48.04	47.98	52.3	54.8	51.09
NM_001180905.1	82.27	84.32	92.14	96.08	93.86	103.36
NM_001180908.1	70.15	79.25	80.61	79.95	78.78	76.81
NM_001180909.1	27.38	28.1	29.83	35.28	33.64	29.78
NM_001180910.3	2.09	2.57	3.14	3.21	2.17	2.64
NM_001180912.1	13.86	14.51	20.64	13.64	17.54	14.16
NM_001180913.1	123.65	127.23	115.93	147.08	121.82	128.91
NM_001180914.1	36.91	44.81	37.42	41.89	33.47	36.88
NM_001180915.3	17.44	20.73	21.19	24.85	23.02	20.44
NM_001180916.1	8.27	8.38	7.48	8.3	7.25	9.17
NM_001180918.1	9.69	12.54	11.09	11.96	13.18	11.18
NM_001180919.1	175.81	197.14	204.01	190.61	197.97	176.03
NM_001180920.3	257.03	258.73	213.02	222.29	225.78	210.15
NM_001180921.2	25.88	27.27	29.6	31.54	29.31	31.41
NM_001180922.1	8.47	9.38	10.2	10.16	11.31	12.71
NM_001180923.1	75.98	72.35	88.69	92.68	98.95	104.75
NM_001180924.4	1.71	2.23	2.03	2.53	2.71	3.08
NM_001180925.1	11.63	10.39	13.39	14.9	14.66	15.91
NM_001180926.1	12.53	16.34	17.17	13.44	14.47	13.59
NM_001180927.1	39.2	43.19	47.25	47.48	49.13	58.08
NM_001180928.4	1.42	1.69	1.44	1.95	1.35	2.02
NM_001180929.1	5.62	7.37	7.38	6.31	7.12	7.09
NM_001180930.1	21.85	22.26	22.01	23.93	23.78	20.28
NM_001180931.1	12.12	14.05	13.12	14.09	14.44	15.13
NM_001180932.3	25.49	25.86	24.53	32.19	27.63	25.93
NM_001180933.1	84.41	85.88	82.49	90.44	90.21	99.4
NM_001180935.1	68.2	77.97	67.5	91.17	89.0	75.36
NM_001180936.1	14.24	13.52	13.18	14.86	14.32	15.07
NM_001180938.3	8.41	10.68	9.04	13.91	12.14	13.93
NM_001180940.1	5.6	5.2	6.05	5.22	5.99	5.06
NM_001180941.1	4023.01	3907.88	3620.7	3624.83	3800.42	3256.38
NM_001180942.1	52.67	56.51	52.09	53.1	51.87	53.59
NM_001180943.3	87.21	94.71	94.03	103.53	102.62	100.11
NM_001180944.1	12.78	12.34	9.98	10.15	10.57	8.51
NM_001180945.1	50.51	53.91	62.07	46.62	51.38	47.04
NM_001180946.1	1.52	1.85	1.89	0.69	0.58	0.62
NM_001180947.3	25.02	24.63	28.62	24.9	25.5	25.75
NM_001180948.1	8.18	9.9	9.59	10.48	9.92	9.9
NM_001180949.1	27.52	29.37	27.58	29.29	28.55	28.95
NM_001180950.1	3.69	4.28	3.33	3.24	3.3	4.63
NM_001180951.3	10.58	9.77	10.06	10.75	8.66	8.4
NM_001180952.1	60.37	57.81	63.05	67.07	73.55	66.48
NM_001180954.1	0.0	0.21	0.2	0.42	0.0	0.0
NM_001180955.1	1.25	1.6	0.95	1.7	1.42	1.51
NM_001180956.3	23.65	20.48	21.95	33.23	30.46	32.18
NM_001180957.1	33.33	36.18	32.15	37.26	32.14	33.53
NM_001180958.1	7.69	9.29	6.88	10.8	8.38	9.58
NM_001180959.1	4.95	5.85	6.3	5.96	5.77	5.85
NM_001180960.3	8.81	11.63	10.7	10.15	10.46	10.51
NM_001180961.1	1.5	1.72	1.04	0.99	1.22	0.82
NM_001180962.1	69.71	69.52	81.45	74.34	77.68	83.4
NM_001180963.1	12.96	14.76	15.51	11.05	12.29	11.41
NM_001180964.3	62.31	66.18	61.43	69.35	67.37	58.0
NM_001180965.1	44.85	40.38	50.43	51.8	49.74	55.46
NM_001180966.1	37.62	41.76	35.91	32.76	31.19	28.43
NM_001180968.1	4100.6	4045.9	3889.73	3806.18	3964.08	3573.66
NM_001180969.3	3.84	4.36	3.71	4.03	3.97	4.55
NM_001180970.1	488.21	499.8	453.78	627.26	601.8	594.89
NM_001180971.1	210.04	206.95	190.98	255.39	262.26	236.24
NM_001180972.1	11.81	12.84	14.22	13.79	13.22	13.97
NM_001180973.3	11.32	11.87	12.55	14.15	13.64	13.58
NM_001180975.1	8.61	8.91	10.18	9.55	8.09	9.79
NM_001180976.1	39.19	43.12	42.67	32.4	28.68	29.73
NM_001180977.1	27.34	28.75	29.73	34.92	34.43	35.16
NM_001180978.3	1.79	1.79	1.83	1.49	1.99	1.59
NM_001180979.1	9.82	9.64	11.55	12.04	11.4	12.33
NM_001180980.1	42.86	43.43	49.0	41.99	39.85	44.52
NM_001180981.1	11.89	15.24	12.41	17.17	14.49	15.39
NM_001180982.3	1.94	2.89	3.73	5.76	6.52	5.31
NM_001180984.1	10.44	12.19	12.58	12.9	11.26	12.04
NM_001180985.1	86.88	89.9	89.99	124.18	122.25	128.86
NM_001180986.1	1.46	0.51	1.72	0.9	1.24	1.03
NM_001180987.3	67.23	70.99	58.33	71.82	64.7	63.99
NM_001180988.1	3365.47	3329.66	3119.34	3106.39	3222.37	2915.53
NM_001180989.2	4.22	4.87	5.7	5.72	5.68	5.48
NM_001180990.1	7.19	5.94	7.95	6.6	6.59	5.82
NM_001180991.3	10.78	10.77	12.81	12.94	12.68	15.14
NM_001180992.1	30.05	32.33	26.54	25.52	27.66	27.9
NM_001180993.1	5.99	7.72	7.29	7.64	8.58	6.29
NM_001180994.2	17.26	18.05	18.77	15.79	18.4	18.5
NM_001180995.3	24.6	26.18	25.96	30.22	30.74	28.65
NM_001180996.1	1.52	1.54	2.03	1.56	1.8	1.66
NM_001180998.1	6.13	6.29	5.31	7.63	6.65	6.4
NM_001180999.1	3.27	2.82	4.08	4.53	2.65	4.15
NM_001181000.3	4163.06	4093.18	3613.6	3590.93	3627.47	3295.7
NM_001181001.1	2.72	2.34	4.03	2.11	2.71	2.31
NM_001181002.1	143.58	148.69	163.65	201.21	198.86	199.52
NM_001181003.1	0.05	0.0	0.08	0.08	0.05	0.17
NM_001181004.3	16.0	18.8	17.93	17.66	17.39	18.59
NM_001181005.1	11.11	12.07	13.44	12.03	12.17	12.34
NM_001181006.1	6.39	6.56	8.08	7.15	6.61	7.43
NM_001181007.1	8.83	8.53	8.46	8.21	8.32	8.53
NM_001181008.3	5.43	5.1	5.11	5.66	4.34	5.32
NM_001181009.1	1.9	1.98	3.14	2.64	3.2	2.49
NM_001181010.2	10.44	12.46	12.32	13.54	11.8	11.94
NM_001181011.1	0.75	0.95	1.27	1.28	1.24	1.1
NM_001181012.3	3392.95	3240.66	3119.52	2839.42	2987.91	2771.59
NM_001181013.1	260.19	253.2	239.19	238.86	248.76	258.83
NM_001181015.1	9.19	9.06	10.43	10.36	8.65	9.67
NM_001181016.1	9.91	11.21	11.51	13.02	12.34	12.32
NM_001181018.3	14.11	15.92	17.29	12.75	14.5	13.08
NM_001181019.1	2.5	2.82	3.06	4.67	3.44	4.04
NM_001181020.1	11.11	12.32	14.42	11.81	13.35	13.46
NM_001181021.1	1.42	1.42	3.2	1.3	1.21	1.87
NM_001181022.3	39.02	42.04	52.84	43.05	41.04	51.31
NM_001181023.1	0.07	0.03	0.0	0.08	0.22	0.17
NM_001181024.1	11.47	11.85	12.13	12.1	11.61	11.18
NM_001181025.1	10.64	11.74	11.44	10.64	10.59	10.79
NM_001181026.3	37.88	40.82	41.2	59.19	52.76	54.2
NM_001181027.1	8.37	7.76	8.24	8.04	7.84	9.11
NM_001181028.1	4.92	4.36	5.5	5.92	5.07	5.78
NM_001181029.1	8.25	8.62	7.67	11.38	9.95	10.87
NM_001181031.3	12.92	16.03	13.35	13.44	14.16	13.82
NM_001181032.1	40.38	43.3	40.14	43.91	41.58	42.61
NM_001181033.1	0.0	0.0	0.21	0.0	0.0	0.0
NM_001181034.1	20.78	19.63	20.21	24.33	22.45	24.38
NM_001181035.3	0.08	0.1	0.06	0.17	0.04	0.28
NM_001181036.1	37.1	40.49	37.75	46.68	42.07	42.19
NM_001181037.1	49.82	49.66	40.92	60.91	56.18	56.03
NM_001181038.1	96.72	105.91	105.43	92.92	85.68	91.85
NM_001181039.3	10.14	10.75	9.09	7.32	7.53	7.62
NM_001181040.1	1.46	1.85	2.07	2.17	2.16	2.24
NM_001181041.1	2.02	1.88	2.64	1.97	2.15	2.01
NM_001181043.1	12.1	12.0	13.17	13.11	12.38	14.35
NM_001181044.3	4.21	3.99	3.72	5.08	4.2	3.71
NM_001181045.1	4.09	4.44	5.1	6.39	5.66	6.61
NM_001181046.1	37.09	40.81	43.0	43.78	44.45	46.88
NM_001181048.1	0.0	0.06	0.23	0.0	0.34	0.0
NM_001181049.3	0.96	1.24	1.5	1.36	1.43	1.81
NM_001181050.1	7.86	9.33	8.56	14.04	13.25	11.91
NM_001181051.1	35.81	36.39	33.02	44.44	39.56	44.17
NM_001181052.1	58.05	80.37	53.41	81.84	86.19	59.16
NM_001181054.1	3237.63	3193.46	3019.55	2719.59	2856.68	2613.03
NM_001181055.1	19.14	20.58	22.16	24.1	22.27	22.03
NM_001181056.1	118.48	121.69	104.39	170.88	164.07	143.48
NM_001181057.3	0.0	0.0	0.0	0.0	0.0	0.0
NM_001181058.1	0.0	0.0	0.0	0.0	0.0	0.0
NM_001181059.1	13.1	12.98	13.59	15.1	14.45	13.61
NM_001181060.3	76.32	81.01	75.99	99.51	91.21	91.25
NM_001181061.1	16.55	18.13	16.0	15.68	15.55	15.62
NM_001181062.2	6.7	7.0	8.35	8.3	7.48	8.21
NM_001181063.1	45.91	48.14	39.13	53.97	53.78	53.6
NM_001181065.3	188.43	189.84	190.79	196.71	207.95	198.67
NM_001181066.1	18.4	21.21	22.28	26.14	24.73	26.99
NM_001181067.1	223.67	227.25	227.77	255.47	262.55	252.81
NM_001181068.1	29.1	31.34	27.76	32.65	32.75	33.07
NM_001181070.1	0.0	0.18	0.07	0.08	0.17	0.16
NM_001181071.1	148.7	175.13	140.05	159.42	137.13	142.52
NM_001181072.1	93.64	101.32	97.76	121.1	113.67	112.83
NM_001181073.2	7.87	7.21	6.63	10.11	8.93	9.75
NM_001181074.1	16.89	16.13	20.82	19.07	19.41	22.15
NM_001181075.1	18.01	20.74	19.86	18.99	18.0	18.61
NM_001181076.1	16.12	14.61	13.88	18.29	20.55	21.17
NM_001181077.1	12.19	13.17	12.32	16.57	14.16	12.7
NM_001181078.1	39.14	41.44	40.55	46.77	46.6	44.08
NM_001181080.1	16.2	17.34	18.45	14.76	16.79	14.76
NM_001181081.1	7.14	7.58	7.2	6.94	7.95	7.42
NM_001181084.1	10.83	12.92	12.69	12.8	11.73	12.96
NM_001181085.1	93.87	94.98	97.52	113.41	127.14	111.31
NM_001181086.1	74.69	69.78	68.56	72.97	80.72	75.65
NM_001181087.1	29.16	35.62	27.92	50.77	48.51	46.31
NM_001181088.1	11.3	15.22	14.22	17.72	17.56	17.33
NM_001181089.1	15.73	15.5	15.01	16.06	15.19	16.14
NM_001181090.1	240.99	253.71	254.27	231.67	229.38	226.57
NM_001181091.1	133.72	139.37	137.94	149.59	157.51	149.51
NM_001181092.1	16.25	14.42	12.08	23.88	20.86	25.3
NM_001181093.1	4.11	4.1	4.82	5.25	4.37	4.65
NM_001181094.1	41.94	46.0	45.14	42.4	40.0	38.68
NM_001181095.1	1.75	1.36	1.64	1.49	1.5	1.45
NM_001181096.1	1.28	0.99	0.33	1.49	1.67	0.9
NM_001181097.1	79.91	91.64	83.52	106.85	111.4	101.0
NM_001181098.1	52.03	52.28	53.5	45.09	41.43	39.07
NM_001181099.1	9.63	11.2	11.54	12.05	11.08	11.05
NM_001181100.1	280.06	258.83	204.71	299.51	294.47	256.54
NM_001181101.1	0.0	0.0	0.0	0.0	0.08	0.46
NM_001181102.1	3.73	3.4	4.76	3.54	3.85	5.02
NM_001181103.1	11.05	13.21	14.52	13.05	12.64	13.37
NM_001181104.1	42.66	45.43	45.68	56.36	51.08	54.25
NM_001181106.1	4.61	5.39	4.66	7.05	6.27	5.82
NM_001181107.1	11.5	12.27	12.81	10.68	10.69	9.83
NM_001181108.1	68.53	74.12	75.57	93.13	88.82	83.25
NM_001181109.1	4.71	5.72	5.07	5.45	4.86	5.26
NM_001181110.1	46.74	54.24	46.82	56.71	51.09	47.87
NM_001181111.1	511.41	506.09	501.52	629.34	617.4	602.09
NM_001181112.1	15.54	18.92	22.08	22.48	20.75	20.91
NM_001181113.1	6.96	6.28	8.5	7.55	7.04	5.99
NM_001181114.1	7.24	8.41	9.64	8.55	9.1	8.95
NM_001181115.1	0.0	0.02	0.0	0.02	0.09	0.13
NM_001181116.1	5.11	5.8	5.36	6.4	5.48	6.26
NM_001181117.1	0.49	0.6	0.63	0.28	0.23	0.23
NM_001181118.1	22.0	23.23	24.33	23.99	22.06	22.18
NM_001181119.1	955.18	907.5	950.86	746.71	753.89	823.87
NM_001181120.1	11.78	11.29	11.49	13.27	14.91	12.43
NM_001181121.1	33.79	27.25	19.79	11.29	9.94	9.79
NM_001181122.1	6.43	7.95	6.61	7.04	7.21	6.7
NM_001181123.1	6.66	7.43	7.75	7.69	6.7	5.92
NM_001181124.1	0.16	0.27	0.62	0.19	0.07	0.4
NM_001181125.1	0.48	0.49	0.91	1.19	0.53	1.47
NM_001181126.1	0.0	0.0	0.0	0.0	0.0	0.0
NM_001181127.1	0.0	0.0	0.0	0.21	0.0	0.43
NM_001181128.1	0.0	0.0	0.0	0.0	0.0	0.0
NM_001181129.1	0.31	0.26	0.14	1.72	1.73	1.89
NM_001181130.3	89.04	84.69	82.93	112.28	107.02	103.48
NM_001181131.1	11.64	13.47	14.0	12.27	11.96	11.97
NM_001181132.1	6.58	6.47	8.14	9.2	8.44	7.42
NM_001181133.1	10.54	11.18	10.34	9.92	10.94	11.69
NM_001181134.3	32.88	34.46	35.66	38.05	36.58	34.18
NM_001181135.1	8.67	8.35	7.53	10.43	8.8	9.49
NM_001181136.1	26.95	29.35	32.96	32.22	31.62	35.83
NM_001181137.1	29.94	30.81	25.92	47.31	45.12	44.52
NM_001181138.3	27.48	29.24	28.23	25.41	22.21	22.41
NM_001181139.1	11.81	13.49	12.48	15.3	14.64	14.89
NM_001181141.1	16.57	18.83	15.93	18.25	21.01	18.92
NM_001181142.1	7.94	8.62	9.19	9.93	10.02	9.52
NM_001181143.3	46.14	57.81	40.6	39.36	35.0	35.82
NM_001181144.1	4.86	3.79	6.59	4.13	5.01	5.48
NM_001181145.1	6.43	6.63	8.51	8.15	7.9	6.33
NM_001181146.1	25.56	28.11	28.06	29.44	28.6	29.59
NM_001181148.3	19.82	20.12	22.02	23.42	23.45	24.49
NM_001181149.1	230.41	232.32	213.99	213.38	243.44	220.79
NM_001181150.1	7.52	7.64	9.65	7.33	6.53	8.49
NM_001181152.1	2.84	2.39	2.6	2.29	2.51	2.71
NM_001181153.3	16.82	19.66	20.12	20.57	21.5	19.88
NM_001181155.3	78.14	88.58	95.16	104.56	101.14	106.81
NM_001181156.1	3063.83	2976.31	2905.71	2917.77	2930.22	2841.49
NM_001181157.3	9.37	8.49	8.5	8.21	8.79	10.94
NM_001181158.3	25.69	28.59	30.73	35.13	33.96	33.39
NM_001181159.1	15.97	19.59	20.54	21.43	19.83	19.16
NM_001181160.1	12.06	15.17	14.15	14.54	13.96	14.22
NM_001181161.3	4.68	5.5	6.94	6.16	5.6	7.1
NM_001181162.3	29.33	32.87	32.59	33.97	34.54	34.44
NM_001181163.1	2772.36	2746.22	2391.24	2551.83	2595.31	2172.53
NM_001181164.1	23.86	22.41	28.27	19.63	19.76	24.82
NM_001181165.3	15.8	15.51	17.7	15.15	15.94	17.28
NM_001181166.3	565.3	603.44	525.36	685.48	701.37	611.62
NM_001181167.1	54.47	54.93	56.81	68.04	71.6	63.96
NM_001181169.3	6.75	9.44	10.17	8.39	7.77	7.41
NM_001181170.3	11.38	12.72	11.17	11.75	10.37	10.42
NM_001181171.1	4.89	4.59	4.61	5.79	6.39	8.42
NM_001181172.1	2.12	1.53	2.54	5.77	4.9	6.95
NM_001181173.1	26.15	27.28	28.41	29.4	31.88	34.52
NM_001181175.3	7.52	6.89	7.53	6.44	6.14	6.8
NM_001181176.3	9.26	8.82	9.23	8.95	8.25	8.79
NM_001181177.1	20.43	22.61	26.3	33.28	32.8	29.56
NM_001181178.1	21.98	25.54	28.2	18.37	18.89	12.26
NM_001181181.1	1.74	1.2	1.15	0.83	1.86	2.41
NM_001181182.3	0.71	0.89	1.29	0.73	1.03	1.3
NM_001181183.4	106.85	106.02	110.64	115.25	117.16	112.91
NM_001181184.1	95.19	109.58	100.69	100.02	97.49	95.35
NM_001181185.1	11.9	13.68	14.02	14.33	13.83	13.72
NM_001181186.3	5.77	5.44	6.19	4.41	4.9	6.23
NM_001181187.2	12.89	13.53	12.53	13.54	15.16	13.56
NM_001181188.3	0.0	0.11	0.0	0.14	0.06	0.23
NM_001181189.3	401.03	401.0	425.59	408.6	406.66	364.83
NM_001181190.1	163.05	152.86	136.11	141.34	138.77	123.01
NM_001181191.1	2.86	2.86	4.33	2.79	2.94	3.87
NM_001181192.3	78.13	64.96	68.9	82.21	84.41	88.85
NM_001181194.1	12.83	14.75	14.62	19.15	19.81	20.12
NM_001181195.3	0.06	0.1	0.0	0.28	0.05	0.29
NM_001181196.4	0.32	0.66	0.44	0.37	0.7	0.48
NM_001181197.1	5.77	5.23	5.69	5.45	5.57	4.4
NM_001181199.2	0.77	0.54	0.57	0.77	0.67	0.85
NM_001181200.3	4.97	5.12	5.77	5.0	5.38	5.31
NM_001181201.1	11.56	13.87	14.44	17.65	17.64	15.77
NM_001181203.3	42.36	45.95	43.86	48.58	51.1	51.26
NM_001181204.3	5.57	5.55	7.04	5.64	5.4	5.77
NM_001181205.1	18.36	16.15	18.29	20.81	18.55	22.17
NM_001181206.1	5.24	5.28	5.93	4.26	4.68	4.78
NM_001181207.3	75.35	70.45	70.92	89.12	81.48	85.69
NM_001181208.1	30.33	35.37	29.14	30.9	30.02	32.61
NM_001181209.3	36.08	39.18	36.96	40.22	42.69	39.39
NM_001181210.3	41.21	45.92	44.82	35.5	37.44	35.61
NM_001181211.1	89.75	84.75	94.77	72.55	70.31	72.02
NM_001181212.1	60.68	62.14	56.25	58.53	55.66	56.65
NM_001181213.3	19.05	19.27	21.51	22.66	21.0	20.32
NM_001181214.1	3003.3	3023.67	2658.15	2900.72	2824.3	2577.95
NM_001181215.3	368.36	385.72	390.36	524.18	523.26	484.18
NM_001181216.3	21.81	17.44	13.98	23.25	19.9	12.42
NM_001181217.1	1.81	0.88	1.16	2.07	1.84	1.98
NM_001181218.1	7.41	8.07	7.86	8.77	8.3	8.53
NM_001181219.3	34.52	32.5	34.75	35.66	34.82	35.11
NM_001181220.1	6.59	7.71	7.14	7.79	8.01	7.96
NM_001181221.3	17.05	18.45	18.41	16.43	16.37	15.82
NM_001181222.3	14.34	15.13	18.18	16.45	17.88	16.96
NM_001181223.1	263.14	263.1	263.55	308.95	293.08	297.03
NM_001181224.1	33.02	35.34	31.05	43.07	42.42	44.66
NM_001181225.3	2.29	2.11	2.26	1.89	1.53	1.45
NM_001181226.1	7.12	6.45	6.44	8.1	7.4	10.12
NM_001181227.3	3.01	3.12	3.31	3.03	2.44	2.39
NM_001181228.3	3.98	4.69	6.13	5.22	4.91	5.31
NM_001181229.1	7.58	6.71	7.95	8.95	8.98	9.07
NM_001181230.1	14.8	14.68	14.07	16.14	18.71	17.78
NM_001181231.3	11.03	15.27	15.96	13.76	13.43	13.09
NM_001181232.1	122.87	126.13	145.28	116.17	120.13	122.49
NM_001181233.3	11.49	12.16	14.8	14.7	17.06	16.94
NM_001181234.3	101.16	105.64	101.08	110.53	121.61	93.55
NM_001181235.1	224.34	241.13	255.79	246.57	246.33	245.29
NM_001181237.1	13.03	14.16	13.06	11.98	11.04	9.93
NM_001181238.3	9.8	11.63	10.64	12.5	11.9	10.3
NM_001181239.3	0.65	0.84	1.02	0.73	0.92	0.91
NM_001181240.1	22.95	26.7	24.59	26.92	25.09	21.85
NM_001181241.1	4.57	4.4	5.48	5.38	4.87	4.0
NM_001181242.3	13.0	12.32	13.03	14.5	13.97	11.43
NM_001181245.1	59.65	65.41	54.88	71.55	60.59	63.1
NM_001181246.3	14.48	14.84	15.92	17.77	17.87	19.0
NM_001181247.3	3440.81	3404.87	2916.81	3127.77	2990.76	2669.35
NM_001181248.1	45.96	50.47	42.19	46.89	39.65	42.29
NM_001181249.1	10.16	12.44	14.87	10.59	10.38	11.69
NM_001181250.3	2.09	2.43	2.84	1.69	1.58	1.36
NM_001181251.3	5.83	7.72	8.16	6.85	8.0	7.39
NM_001181252.3	76.26	81.97	75.72	72.28	70.04	68.27
NM_001181253.1	402.18	388.37	447.08	509.34	529.15	572.16
NM_001181254.1	11.96	12.98	13.57	13.42	12.38	12.41
NM_001181255.3	7.33	7.31	8.38	9.9	8.75	10.4
NM_001181256.1	3.38	3.07	2.53	3.27	4.06	3.19
NM_001181257.3	46.5	48.96	47.37	53.98	51.48	49.67
NM_001181258.3	8.33	10.14	10.82	11.15	10.21	9.65
NM_001181259.1	35.11	36.62	28.03	45.8	37.0	35.36
NM_001181260.1	1.56	1.54	0.86	1.43	1.78	1.25
NM_001181261.3	63.39	66.44	74.62	84.99	87.52	97.38
NM_001181262.1	10.94	8.78	13.21	10.59	11.17	9.97
NM_001181263.3	4.69	4.38	4.25	4.32	4.59	4.7
NM_001181264.3	119.72	122.7	139.0	143.45	139.27	148.95
NM_001181265.1	113.04	118.03	99.71	137.38	122.22	117.25
NM_001181267.1	18.14	19.41	17.23	19.93	20.38	18.84
NM_001181269.3	6.78	6.25	7.44	8.18	7.32	8.36
NM_001181270.1	12.37	16.77	15.64	16.47	15.83	15.74
NM_001181271.3	13.72	14.17	14.78	24.93	20.37	14.3
NM_001181272.3	9.29	9.67	9.96	11.0	11.28	8.78
NM_001181273.1	0.82	0.52	0.65	0.85	0.71	0.52
NM_001181274.2	40.39	41.71	43.9	49.44	44.46	43.45
NM_001181275.3	23.94	25.04	27.09	18.31	17.93	14.39
NM_001181276.3	22.08	22.69	23.61	19.31	20.99	20.73
NM_001181277.3	2006.74	2032.47	1843.88	2091.16	2032.83	1850.7
NM_001181278.1	6.86	8.47	8.42	9.18	9.44	8.38
NM_001181279.1	3.27	3.79	3.84	4.12	3.73	3.22
NM_001181281.3	32.49	35.9	32.37	28.99	28.06	26.11
NM_001181282.2	2.1	2.72	3.42	3.46	2.91	2.04
NM_001181283.3	0.33	0.28	0.0	0.12	0.35	0.08
NM_001181284.3	511.34	525.82	519.76	479.79	461.28	484.26
NM_001181285.1	16.78	18.69	15.79	13.41	12.14	11.37
NM_001181286.1	57.04	68.58	67.91	66.8	60.87	63.99
NM_001181287.3	39.09	38.65	36.45	48.16	53.05	46.6
NM_001181288.1	394.57	383.49	357.11	342.68	333.62	366.02
NM_001181290.3	15.66	18.17	22.82	25.41	23.02	28.0
NM_001181291.3	192.1	207.84	152.99	211.98	176.06	196.58
NM_001181292.3	19.64	21.03	21.24	24.89	27.22	22.64
NM_001181294.1	23.77	22.41	22.39	23.73	23.68	24.63
NM_001181295.1	6.86	6.73	8.5	7.46	7.07	8.52
NM_001181296.3	172.57	185.55	163.73	216.99	183.52	197.08
NM_001181297.1	1.03	1.78	1.77	1.89	2.7	1.3
NM_001181298.3	4.58	5.42	5.28	3.42	4.82	4.71
NM_001181299.1	3.51	4.32	4.43	4.73	4.98	4.53
NM_001181300.1	4.44	3.61	4.1	4.41	4.13	3.82
NM_001181301.3	74.3	84.47	84.08	105.07	104.93	101.34
NM_001181302.1	74.07	82.05	81.01	113.54	107.78	108.24
NM_001181303.3	12.72	13.08	14.25	13.31	11.84	13.51
NM_001181304.1	280.61	268.27	289.89	243.35	235.82	220.07
NM_001181306.1	19.56	19.43	24.28	11.0	10.75	9.39
NM_001181307.3	68.92	74.65	70.28	84.55	76.51	79.51
NM_001181308.1	7.4	6.52	6.57	8.05	7.54	7.61
NM_001181309.3	395.11	366.9	444.6	373.91	385.92	410.64
NM_001181310.3	85.48	90.76	86.19	94.49	101.53	94.92
NM_001181312.1	56.26	74.55	60.96	82.61	90.31	85.49
NM_001181313.1	13.67	14.63	16.84	17.87	17.54	18.85
NM_001181314.3	238.79	243.96	231.32	236.3	232.05	222.95
NM_001181315.1	38.75	41.1	38.05	44.56	38.34	42.48
NM_001181316.3	68.61	66.1	74.85	67.64	67.97	62.83
NM_001181317.3	1.44	1.86	1.97	1.83	1.58	1.37
NM_001181318.1	159.07	181.11	158.91	213.34	228.03	207.21
NM_001181320.1	62.4	64.77	60.12	53.4	49.65	48.6
NM_001181321.3	19116.45	17523.61	18868.89	16466.39	17183.86	17774.54
NM_001181322.1	49.32	56.07	47.98	50.85	47.53	48.67
NM_001181323.3	5.15	5.79	6.91	6.11	7.02	8.16
NM_001181324.3	38.87	41.65	39.31	39.69	39.44	40.7
NM_001181325.1	10.96	12.23	9.04	18.28	13.22	13.11
NM_001181326.1	39.18	54.07	39.42	30.12	29.55	22.5
NM_001181327.3	12.3	13.38	15.17	12.86	12.67	11.56
NM_001181328.1	18.43	19.89	18.96	19.94	18.45	20.47
NM_001181329.3	39.21	41.83	43.36	53.3	49.64	51.71
NM_001181330.3	1.89	1.96	2.17	3.29	2.62	3.58
NM_001181331.1	24.97	23.74	23.08	23.65	23.44	22.03
NM_001181332.1	16.59	19.68	17.1	20.61	22.66	19.04
NM_001181333.3	210.43	202.13	183.4	187.6	187.9	191.87
NM_001181334.3	16.08	18.39	17.87	19.8	23.25	20.89
NM_001181335.3	18.3	18.25	20.24	18.67	19.08	20.9
NM_001181336.1	60.62	63.02	50.65	84.38	79.25	77.72
NM_001181337.1	67.28	60.37	56.46	49.48	55.77	44.71
NM_001181338.3	767.35	722.89	800.97	937.12	965.83	979.9
NM_001181339.1	40.98	44.34	43.65	40.15	41.53	43.15
NM_001181340.3	116.68	128.6	110.2	146.89	142.86	133.22
NM_001181341.3	2.56	3.05	3.39	2.52	2.7	2.42
NM_001181342.1	0.48	0.18	0.5	0.26	0.44	0.27
NM_001181343.1	1843.46	1770.01	1748.82	1656.75	1695.69	1709.63
NM_001181344.3	39.0	38.37	40.48	44.99	47.13	49.13
NM_001181345.1	5.73	6.23	5.97	5.83	6.03	6.94
NM_001181346.3	3.78	4.4	3.58	4.15	3.8	3.82
NM_001181347.3	70.07	77.2	75.29	70.48	66.94	60.71
NM_001181349.1	29.26	29.58	29.42	34.21	36.71	38.52
NM_001181350.2	1.72	1.94	1.96	1.33	1.8	1.65
NM_001181351.3	5.4	8.34	7.33	8.1	8.36	8.02
NM_001181352.1	6.06	6.19	7.48	9.12	8.73	10.42
NM_001181353.3	0.68	1.35	0.93	0.65	0.78	0.67
NM_001181354.3	0.47	0.17	0.32	0.22	0.35	0.4
NM_001181356.2	16.29	20.04	19.58	21.32	20.65	20.52
NM_001181358.1	43.09	43.14	48.71	37.25	34.8	37.22
NM_001181359.3	9.72	13.05	8.35	17.02	13.79	10.95
NM_001181360.1	66.81	67.74	79.6	104.88	100.58	107.12
NM_001181361.3	50.29	51.19	53.87	70.48	65.36	69.25
NM_001181362.3	11.9	11.89	15.03	7.44	7.32	5.27
NM_001181363.1	551.81	536.88	581.13	676.58	634.36	600.91
NM_001181364.1	32.0	35.9	37.23	45.6	44.58	40.87
NM_001181365.3	0.0	0.0	0.0	0.25	0.0	0.26
NM_001181366.1	8.27	8.85	7.69	8.79	7.95	7.83
NM_001181367.3	2.27	2.63	2.64	2.38	1.86	1.82
NM_001181368.3	9.94	9.89	9.26	11.51	12.02	10.71
NM_001181369.1	529.59	522.95	540.87	511.21	490.92	526.9
NM_001181370.3	18.62	21.0	20.68	15.65	17.01	16.44
NM_001181372.1	2.35	5.23	2.86	5.02	2.87	2.73
NM_001181373.3	40.27	41.82	40.27	54.26	53.94	54.07
NM_001181374.3	37.06	39.53	44.66	43.65	40.37	44.15
NM_001181375.1	13.81	14.15	16.15	12.93	12.07	12.25
NM_001181376.1	12.98	11.34	12.74	14.42	15.11	14.71
NM_001181377.3	2.46	2.02	1.22	4.05	3.89	2.64
NM_001181378.1	0.49	0.16	0.29	0.15	0.31	0.19
NM_001181379.3	11.87	12.81	14.03	13.67	14.1	11.43
NM_001181380.3	20.5	20.66	21.72	24.25	25.18	24.48
NM_001181381.1	10.52	13.61	12.57	17.06	13.21	16.7
NM_001181382.1	123.25	136.66	143.7	189.66	177.87	183.33
NM_001181383.3	5824.51	5558.83	5191.74	5641.82	5569.39	5466.26
NM_001181384.1	12.15	12.79	13.19	14.49	13.54	13.42
NM_001181385.3	1.32	1.03	1.04	1.66	2.06	1.89
NM_001181386.3	5.91	6.77	8.05	8.01	6.4	8.16
NM_001181387.1	2.95	2.88	2.75	3.93	3.77	4.85
NM_001181389.1	75.21	80.04	64.21	75.5	75.87	71.49
NM_001181390.3	23.44	26.0	26.13	28.6	28.14	30.9
NM_001181391.1	23.75	24.49	28.56	31.01	32.02	31.0
NM_001181392.3	7.18	8.12	6.56	4.89	6.42	7.37
NM_001181393.3	184.59	188.92	190.86	191.91	192.6	187.53
NM_001181395.1	19.02	19.92	21.38	23.68	21.99	22.24
NM_001181396.1	55.14	60.99	62.18	57.9	61.59	56.23
NM_001181397.3	11.91	13.74	11.53	17.78	18.32	16.36
NM_001181399.1	12.35	12.27	11.44	17.01	15.52	17.24
NM_001181400.4	6.17	6.64	7.03	6.62	5.77	6.0
NM_001181402.1	0.0	0.0	0.14	0.08	0.08	0.16
NM_001181403.2	6.85	8.38	7.9	9.46	8.15	8.96
NM_001181404.3	52.18	58.25	50.13	58.54	52.77	39.74
NM_001181405.1	19.92	20.03	22.78	22.3	22.23	20.2
NM_001181406.3	21.37	21.83	21.43	28.72	29.47	28.87
NM_001181407.3	6.03	6.34	6.01	6.73	6.27	6.6
NM_001181408.1	692.67	720.11	599.83	537.35	517.42	508.97
NM_001181409.1	44.29	54.68	49.88	53.56	52.12	44.81
NM_001181410.3	12.56	13.95	14.69	14.99	12.47	15.0
NM_001181411.1	713.15	689.04	710.68	730.35	772.59	777.99
NM_001181412.3	18.55	20.7	22.63	21.44	23.44	23.56
NM_001181413.3	117.48	123.7	124.03	133.12	121.53	108.95
NM_001181414.1	650.27	647.58	530.87	702.61	642.81	625.18
NM_001181415.1	17.64	19.76	18.35	30.95	29.43	28.98
NM_001181416.3	1.2	1.06	1.29	1.37	1.68	1.44
NM_001181417.1	2.02	2.1	2.9	2.23	2.24	1.78
NM_001181418.3	0.0	0.09	0.09	0.02	0.13	0.0
NM_001181421.3	0.56	0.82	0.6	0.41	0.38	0.3
NM_001181423.1	0.13	0.11	0.0	0.0	0.12	0.43
NM_001181424.1	37.81	41.62	38.11	41.79	42.21	42.21
NM_001181425.3	0.03	0.06	0.06	0.09	0.05	0.06
NM_001181426.1	48.3	55.89	56.41	59.24	60.13	60.4
NM_001181427.1	209.64	213.97	240.73	280.42	260.63	259.09
NM_001181428.1	1.25	1.4	0.33	0.94	0.96	1.76
NM_001181431.2	1.91	2.36	2.65	1.37	1.31	2.36
NM_001181433.3	6.57	6.62	13.47	7.88	8.98	8.74
NM_001181434.4	0.65	0.57	0.81	0.76	0.85	1.24
NM_001181435.1	130.56	138.87	152.79	260.63	237.74	280.54
NM_001181436.3	101.28	109.94	110.38	120.45	118.87	118.62
NM_001181437.1	18.5	19.49	21.2	22.63	20.78	23.15
NM_001181438.1	25.92	28.15	30.94	32.22	30.65	28.73
NM_001181439.3	8.11	8.52	7.66	7.37	6.97	7.12
NM_001181440.1	8.62	11.42	12.48	11.75	12.24	11.56
NM_001181442.2	107.54	117.67	126.73	147.15	129.53	151.21
NM_001181444.3	36.37	39.4	42.07	35.51	36.64	35.0
NM_001181445.2	34.64	30.26	37.16	30.69	31.02	28.35
NM_001181446.1	151.35	153.36	182.55	110.63	106.94	70.04
NM_001181447.3	5.63	5.14	4.92	5.24	4.87	5.15
NM_001181448.1	119.79	123.45	126.6	160.67	150.88	164.31
NM_001181450.1	3.01	3.28	2.7	2.3	2.98	3.08
NM_001181453.3	8.84	11.17	9.5	8.99	9.49	8.29
NM_001181454.1	42.91	52.0	37.21	57.37	44.0	50.77
NM_001181457.1	2.57	3.27	3.2	4.63	4.35	2.8
NM_001181458.3	28.25	25.76	30.8	35.55	34.7	34.87
NM_001181459.1	1.84	2.17	2.57	1.21	1.85	2.61
NM_001181460.1	241.14	233.24	239.39	228.37	219.97	221.89
NM_001181461.3	0.0	0.0	0.0	0.0	0.0	0.0
NM_001181462.1	0.0	0.0	0.0	0.0	0.0	0.0
NM_001181463.1	7.97	9.16	8.75	8.04	8.03	6.81
NM_001181464.3	17.12	17.13	16.81	16.93	15.14	16.51
NM_001181465.1	16.68	18.98	18.87	28.97	28.41	24.51
NM_001181467.1	40.71	43.32	44.31	38.76	40.69	38.45
NM_001181468.3	320.83	345.71	388.74	441.47	418.06	440.84
NM_001181469.1	6.13	6.66	8.28	8.03	8.34	9.63
NM_001181470.1	15.77	15.42	17.63	18.44	17.4	16.41
NM_001181471.3	0.66	0.68	0.11	0.78	1.01	0.62
NM_001181472.1	0.07	0.19	0.58	1.29	0.76	0.89
NM_001181473.1	21.49	23.36	25.59	25.39	23.32	23.85
NM_001181474.3	87.7	94.85	69.52	120.79	97.79	111.28
NM_001181475.1	13.05	13.01	10.98	13.88	12.42	12.15
NM_001181476.1	0.45	0.05	0.1	0.26	0.06	0.33
NM_001181477.3	11.3	13.01	13.06	12.89	14.23	13.37
NM_001181478.1	0.44	0.51	0.39	0.29	0.4	0.42
NM_001181479.1	5.07	5.35	5.74	5.91	6.18	5.93
NM_001181480.3	3.56	4.29	4.1	5.09	4.28	5.21
NM_001181481.1	5.23	5.49	5.18	5.11	5.03	4.95
NM_001181482.3	6.6	7.0	7.92	8.05	8.94	8.96
NM_001181483.1	72.56	77.95	67.64	71.34	65.15	66.4
NM_001181484.1	6.21	5.11	5.43	5.53	5.23	5.58
NM_001181485.3	3476.47	3188.89	3393.53	3115.28	3061.56	3164.71
NM_001181486.1	22.33	21.59	23.57	17.67	18.12	19.58
NM_001181487.3	17.33	15.98	19.34	17.61	16.64	16.73
NM_001181488.1	57.95	61.49	74.58	60.28	62.68	60.83
NM_001181489.1	3.69	3.36	3.05	2.46	2.4	1.92
NM_001181490.3	3.27	3.43	3.63	3.5	3.14	4.37
NM_001181491.1	3.48	4.0	4.28	4.98	5.39	4.63
NM_001181492.1	4.87	6.1	7.59	7.26	7.5	7.5
NM_001181493.3	32.46	33.78	34.1	37.3	39.86	38.12
NM_001181494.1	19.98	20.91	22.06	22.37	21.59	22.75
NM_001181495.1	19.69	21.47	19.52	19.57	18.16	19.05
NM_001181496.1	26.21	25.51	31.31	30.25	27.72	39.73
NM_001181498.1	24.61	22.73	21.79	25.1	24.15	31.49
NM_001181499.3	15.18	13.01	14.29	12.76	14.75	18.68
NM_001181501.1	43.04	44.96	52.0	45.47	50.96	53.69
NM_001181502.1	30.67	34.26	34.68	44.07	41.39	46.99
NM_001181503.3	3.42	3.06	3.61	3.75	2.81	2.94
NM_001181504.1	4.53	3.72	4.67	3.85	3.13	3.72
NM_001181505.1	15.57	15.43	16.19	21.61	19.89	18.29
NM_001181506.3	9.47	11.39	11.17	12.69	12.74	10.67
NM_001181507.1	12.51	15.49	12.83	15.07	12.43	12.55
NM_001181509.1	34.81	38.5	30.38	43.73	36.79	40.04
NM_001181510.1	0.47	0.4	0.37	0.48	0.65	0.2
NM_001181511.1	51.88	49.0	39.66	64.27	61.69	55.23
NM_001181512.1	48.34	54.08	43.76	46.99	45.29	40.22
NM_001181513.1	289.46	304.62	254.42	272.74	254.65	242.85
NM_001181514.1	20.28	19.41	20.3	20.66	17.51	19.05
NM_001181515.1	10.05	8.42	9.78	9.24	9.24	11.18
NM_001181516.1	3.69	4.36	4.09	3.74	3.41	5.25
NM_001181517.1	7.82	7.76	8.26	8.29	7.56	8.42
NM_001181518.1	7.57	8.18	7.93	10.16	8.82	10.94
NM_001181520.1	14.03	16.88	18.46	17.89	16.55	15.72
NM_001181521.1	2.99	2.6	2.34	3.11	2.39	3.81
NM_001181522.1	0.11	0.07	0.23	0.17	0.14	0.21
NM_001181523.1	2.41	2.28	2.86	3.03	2.42	3.21
NM_001181524.1	18.77	20.32	20.7	19.1	18.64	17.47
NM_001181525.1	3.33	3.78	3.45	3.58	3.59	3.56
NM_001181526.1	3.46	3.91	3.94	3.86	2.94	3.75
NM_001181527.1	7.29	7.34	8.07	8.98	8.33	8.73
NM_001181528.1	4.91	4.92	4.44	4.32	4.23	4.96
NM_001181529.1	30.13	32.41	37.0	33.19	34.37	38.7
NM_001181530.1	89.76	95.34	103.99	99.05	99.39	100.38
NM_001181531.1	13.14	14.46	14.43	14.19	12.88	14.43
NM_001181532.1	5.96	5.83	5.63	7.05	6.82	6.57
NM_001181533.1	2.47	2.59	2.1	2.83	3.02	3.53
NM_001181534.1	17.73	18.71	19.47	16.74	17.92	17.63
NM_001181535.1	2.47	3.01	2.67	4.01	4.21	3.11
NM_001181536.1	0.39	0.64	0.4	0.85	0.98	0.33
NM_001181537.1	51.69	47.98	65.7	53.17	47.87	62.5
NM_001181538.1	0.06	0.0	0.1	0.05	0.0	0.05
NM_001181539.1	0.03	0.0	0.0	0.0	0.05	0.05
NM_001181540.1	3.85	3.69	3.3	5.76	5.1	3.79
NM_001181541.1	0.0	0.04	0.07	0.04	0.12	0.08
NM_001181542.1	33.47	33.92	36.56	44.43	42.44	40.41
NM_001181543.1	13.99	15.42	14.28	17.58	15.44	15.82
NM_001181544.1	111.11	122.91	117.31	118.35	105.51	116.75
NM_001181545.2	5.2	4.48	5.96	6.28	5.64	6.07
NM_001181546.3	0.27	0.25	0.2	0.28	0.33	0.35
NM_001181547.2	1.74	1.77	1.7	1.43	1.14	2.09
NM_001181548.1	28.58	29.89	33.02	32.04	30.21	35.21
NM_001181549.1	2.0	2.02	1.33	2.87	2.49	3.31
NM_001181550.1	106.31	102.03	111.65	85.75	85.66	76.44
NM_001181551.1	4.69	4.14	4.09	4.9	4.68	4.3
NM_001181554.1	201.86	198.82	197.4	178.07	192.09	196.55
NM_001181555.1	74.36	77.47	76.31	66.06	63.16	58.7
NM_001181556.1	47.07	54.61	50.1	59.41	50.94	59.44
NM_001181557.1	91.72	93.87	94.94	81.03	84.07	75.5
NM_001181558.1	26.09	27.04	31.46	32.05	32.2	32.54
NM_001181559.1	8.55	8.81	8.64	9.32	8.45	8.14
NM_001181560.1	5.08	5.33	6.11	5.78	4.84	5.42
NM_001181561.2	23.67	25.6	23.13	27.73	26.71	28.64
NM_001181562.1	3.97	3.73	3.8	3.22	3.47	3.55
NM_001181563.2	204.45	205.54	186.98	197.18	190.2	183.74
NM_001181564.1	5.31	6.75	7.0	6.78	8.32	7.65
NM_001181565.1	2.39	2.24	2.18	2.14	1.8	1.46
NM_001181566.1	13.65	13.34	12.98	11.49	11.92	11.69
NM_001181567.1	27.0	28.21	28.19	32.23	31.21	35.86
NM_001181569.1	2317.11	2140.68	1943.99	2108.98	2183.75	2085.59
NM_001181570.1	8.33	7.92	9.59	9.46	8.48	7.8
NM_001181571.1	1920.17	1862.41	1810.73	1848.02	1851.35	1832.03
NM_001181572.1	6.84	6.9	8.12	6.22	5.99	5.21
NM_001181573.1	61.34	66.28	62.27	76.65	69.03	67.36
NM_001181574.1	7.05	7.98	6.44	10.53	10.75	11.04
NM_001181576.1	110.27	112.14	124.16	140.98	135.65	158.23
NM_001181577.1	5.14	3.25	4.94	7.17	4.62	5.59
NM_001181578.1	65.04	70.22	73.58	83.94	78.65	79.41
NM_001181579.1	8.13	9.86	8.3	10.32	9.5	10.35
NM_001181580.1	2.17	3.14	4.11	2.95	3.24	2.71
NM_001181581.1	114.63	119.37	113.35	126.26	120.09	110.55
NM_001181582.1	7.6	7.48	8.12	9.07	8.28	7.5
NM_001181584.1	139.88	125.07	139.76	171.03	192.61	188.05
NM_001181586.1	0.48	0.38	0.25	0.58	0.8	0.55
NM_001181587.1	20.66	21.63	24.02	20.85	20.44	21.45
NM_001181588.1	6.87	5.63	7.83	6.87	6.91	8.73
NM_001181589.1	8.31	9.95	9.67	9.96	9.74	9.49
NM_001181590.1	21.7	22.72	24.14	21.55	20.13	21.26
NM_001181591.1	1177.96	1155.83	1130.69	897.09	880.7	1060.02
NM_001181592.1	1671.87	1697.97	1439.51	1777.88	1591.51	1918.19
NM_001181593.1	0.35	0.54	0.91	1.53	1.39	0.99
NM_001181594.1	1.24	1.35	1.68	0.8	1.31	0.6
NM_001181595.1	4.38	4.26	5.85	6.13	6.8	5.08
NM_001181596.1	1.49	1.96	2.44	1.76	1.38	1.9
NM_001181597.2	12.22	13.79	12.62	13.78	12.28	13.22
NM_001181598.1	14.23	16.04	12.72	18.99	15.75	16.49
NM_001181599.1	104.38	123.92	109.8	131.51	134.49	103.21
NM_001181600.1	242.22	242.82	253.45	234.49	245.47	241.79
NM_001181601.2	15.78	18.64	17.38	18.97	17.91	17.84
NM_001181603.1	6.06	9.03	7.44	6.45	5.45	8.18
NM_001181604.2	88.37	86.97	86.13	102.67	105.45	108.61
NM_001181605.1	104.69	108.31	120.28	109.75	111.54	136.78
NM_001181606.1	96.68	98.18	92.62	121.9	112.66	97.44
NM_001181607.1	104.89	106.4	103.17	101.99	115.05	102.41
NM_001181609.1	18.14	21.33	14.63	19.18	15.71	17.69
NM_001181610.1	1541.89	1608.5	1406.6	1615.45	1594.04	1412.53
NM_001181611.1	61.05	63.08	62.66	63.82	65.35	63.73
NM_001181612.2	60.04	61.12	54.61	78.24	69.58	61.18
NM_001181613.1	11.31	11.05	12.81	11.17	9.64	11.49
NM_001181614.1	4.3	4.38	4.26	4.63	3.94	4.03
NM_001181616.2	44.03	46.5	48.58	49.63	51.16	54.27
NM_001181617.1	39.2	40.23	40.14	41.64	46.31	45.11
NM_001181618.1	2.45	1.77	4.56	2.95	2.52	3.96
NM_001181619.2	63.36	69.09	67.08	61.58	58.11	60.61
NM_001181620.1	5.59	6.14	4.94	6.56	5.03	5.75
NM_001181622.1	2611.58	2525.52	2597.58	2230.58	2381.29	2269.14
NM_001181623.1	3014.78	3033.57	2540.53	3005.24	2982.21	2342.46
NM_001181624.1	1254.61	1180.92	987.42	1346.08	1296.23	1176.83
NM_001181625.1	84.83	89.93	88.8	86.69	92.7	90.12
NM_001181626.1	9.5	8.68	9.09	8.1	7.92	8.32
NM_001181627.1	12.34	12.26	12.82	13.76	14.19	14.78
NM_001181629.1	94.06	106.7	110.72	127.26	126.67	152.88
NM_001181630.1	9.71	12.59	11.4	12.95	11.6	11.9
NM_001181631.1	21.37	22.44	23.55	22.42	23.33	21.84
NM_001181633.1	47.61	46.02	50.82	85.85	83.2	89.76
NM_001181634.1	11.03	11.84	13.03	14.15	13.02	12.39
NM_001181636.1	13.53	12.85	14.64	18.8	16.95	17.95
NM_001181637.1	9.07	10.89	8.86	10.89	9.95	9.34
NM_001181638.1	1.72	1.8	1.98	2.72	2.29	2.57
NM_001181639.1	22.45	22.16	20.48	20.06	20.52	16.0
NM_001181640.1	7.91	8.63	9.8	9.74	9.17	9.38
NM_001181641.1	18.98	20.46	20.85	18.98	21.88	20.56
NM_001181642.1	2.83	2.99	3.53	2.72	2.57	3.33
NM_001181643.1	5.81	7.52	7.5	7.05	7.97	7.9
NM_001181645.1	37.12	40.43	38.6	45.26	42.49	49.75
NM_001181646.1	0.0	0.04	0.08	0.04	0.0	0.17
NM_001181647.1	0.33	0.51	0.62	0.47	0.39	0.98
NM_001181649.1	0.12	0.0	0.05	0.1	0.0	0.0
NM_001181650.1	196.89	199.67	189.51	247.31	241.19	181.58
NM_001181651.1	11.36	12.07	12.41	10.77	9.05	9.65
NM_001181652.1	0.3	0.2	0.48	0.45	0.39	0.62
NM_001181654.1	1.05	1.13	1.56	0.94	1.0	1.54
NM_001181655.1	4.31	4.69	4.33	5.74	5.9	4.78
NM_001181656.1	0.0	0.11	0.0	0.1	0.0	0.22
NM_001181657.1	0.2	0.21	0.28	0.27	0.4	0.31
NM_001181658.1	35.47	39.15	35.72	44.23	43.21	41.95
NM_001181659.3	31.85	36.08	35.97	40.17	34.41	38.17
NM_001181660.1	11.87	12.82	15.23	11.65	12.17	11.64
NM_001181661.1	0.48	0.43	0.08	0.28	0.34	0.23
NM_001181662.3	9.22	9.96	12.3	11.13	11.38	11.2
NM_001181663.1	10.79	11.2	12.48	16.29	15.34	16.79
NM_001181664.3	192.25	213.08	223.71	177.73	168.82	164.11
NM_001181665.1	2.19	1.34	1.56	2.37	2.34	2.37
NM_001181666.1	9085.41	8258.24	9009.36	7536.95	7592.52	8060.08
NM_001181667.1	50.48	63.59	64.17	59.69	57.27	54.38
NM_001181668.3	4.06	5.01	6.44	8.54	8.07	8.9
NM_001181669.1	7.03	7.15	7.86	8.34	7.78	7.0
NM_001181670.4	9.22	12.29	13.21	11.82	12.95	12.5
NM_001181671.1	15.76	16.01	15.95	16.19	15.03	18.04
NM_001181672.1	132.37	142.44	135.56	120.2	123.53	102.85
NM_001181673.3	74.17	81.3	75.04	76.84	74.23	76.83
NM_001181674.1	285.38	282.43	294.59	333.87	346.58	374.5
NM_001181675.1	55.55	62.24	59.06	58.18	63.09	60.39
NM_001181677.3	7.39	7.08	7.28	7.87	9.55	10.5
NM_001181679.1	3.79	3.91	3.27	3.64	3.6	3.44
NM_001181680.1	14.98	9.84	13.38	15.15	12.82	14.71
NM_001181682.3	39.43	40.43	43.94	40.49	45.1	45.71
NM_001181683.1	41.32	52.06	43.65	43.13	45.68	37.26
NM_001181684.3	0.0	0.0	0.0	0.0	0.04	0.0
NM_001181685.2	0.76	0.54	0.9	0.19	0.3	0.56
NM_001181686.1	0.0	0.03	0.0	0.0	0.0	0.0
NM_001181687.2	0.85	1.41	1.31	0.76	0.78	0.79
NM_001181688.3	4.97	6.07	6.52	5.85	5.71	4.83
NM_001181689.1	8.69	9.89	9.25	10.54	9.84	10.62
NM_001181690.1	30.98	30.97	36.6	36.99	35.25	34.9
NM_001181691.3	5.68	6.2	6.01	7.73	7.65	8.08
NM_001181692.1	22.99	21.0	22.62	25.18	24.44	30.12
NM_001181693.1	2.81	3.24	3.07	3.6	3.4	3.43
NM_001181694.3	0.59	0.51	0.55	0.66	0.61	0.57
NM_001181697.1	1.39	1.15	1.55	1.12	1.04	1.65
NM_001181698.1	14.36	15.61	16.31	16.04	15.66	15.6
NM_001181699.3	16.31	17.91	18.17	17.48	16.51	16.79
NM_001181700.1	21.11	23.9	24.61	32.09	29.67	31.82
NM_001181701.1	14.49	15.25	12.63	14.74	13.84	12.93
NM_001181702.3	52.25	50.38	59.78	55.78	58.64	59.58
NM_001181703.1	651.71	663.46	674.87	786.38	725.33	806.8
NM_001181704.1	13.15	14.54	14.37	18.11	16.22	17.87
NM_001181705.3	357.24	347.96	237.1	315.42	310.28	193.39
NM_001181706.1	61.69	67.48	62.81	85.7	90.28	75.89
NM_001181707.1	17.73	18.41	17.67	17.18	16.48	17.96
NM_001181708.3	12.42	13.46	10.52	10.74	12.32	11.03
NM_001181709.1	20.39	20.21	24.62	21.34	19.13	23.9
NM_001181710.1	5.85	6.88	7.28	9.1	9.44	8.65
NM_001181711.3	5.22	6.55	4.39	6.57	4.99	6.38
NM_001181712.1	3.48	4.07	3.9	3.46	4.05	2.87
NM_001181713.1	13.52	12.93	15.32	20.18	17.84	21.0
NM_001181714.3	11.19	14.81	15.5	14.7	13.81	13.82
NM_001181715.1	20.35	23.37	19.54	22.51	21.52	19.34
NM_001181716.1	18.29	18.54	22.05	23.8	24.96	23.67
NM_001181717.3	19.14	20.43	20.1	22.21	20.46	18.31
NM_001181718.1	51.76	54.97	45.56	47.93	40.07	38.76
NM_001181719.1	1.06	0.96	1.09	0.42	0.36	0.38
NM_001181720.3	8.33	9.54	11.39	10.55	11.02	12.64
NM_001181721.1	105.7	103.89	112.05	88.49	87.62	100.01
NM_001181722.1	143.45	152.13	139.68	171.86	162.15	165.74
NM_001181723.3	109.87	106.9	107.88	135.34	130.82	141.58
NM_001181724.1	5.12	6.07	5.33	5.69	4.96	5.51
NM_001181725.1	20.07	19.23	23.04	25.68	23.64	23.61
NM_001181726.3	35.96	37.06	38.64	40.67	40.12	39.61
NM_001181727.1	104.8	106.65	111.34	90.41	94.19	83.27
NM_001181728.1	274.44	263.21	264.47	274.67	269.88	288.56
NM_001181730.3	60.98	59.82	66.77	59.88	61.11	73.35
NM_001181731.1	25.1	26.52	30.04	27.52	28.07	37.31
NM_001181732.1	21.08	25.69	24.89	33.27	32.6	34.42
NM_001181733.3	54.49	58.86	58.48	53.86	56.68	56.27
NM_001181734.1	47.93	51.08	59.98	61.89	65.0	62.04
NM_001181735.1	145.64	167.7	162.11	170.79	183.96	179.03
NM_001181736.3	1.36	1.71	1.6	1.98	2.75	2.11
NM_001181737.1	0.14	0.0	0.0	0.0	0.0	0.0
NM_001181738.1	14.94	17.01	18.39	18.66	18.26	18.87
NM_001181739.3	16.13	16.4	18.22	16.45	19.34	16.99
NM_001181740.1	12.12	11.99	9.95	12.29	12.4	10.95
NM_001181741.1	7.84	7.39	7.02	10.46	11.3	10.05
NM_001181742.3	154.66	137.58	147.88	155.96	154.45	166.72
NM_001181743.1	54.68	62.03	62.98	73.6	69.93	53.3
NM_001181745.1	57.3	64.42	66.25	74.43	70.93	69.15
NM_001181746.3	4.23	4.77	4.26	4.97	4.71	5.04
NM_001181747.1	7.42	8.72	7.83	10.07	8.38	9.48
NM_001181748.1	16.99	16.83	14.86	18.98	15.85	17.66
NM_001181749.3	21.66	24.02	20.34	26.43	21.72	23.49
NM_001181750.1	18.68	23.61	18.95	23.02	22.39	23.73
NM_001181751.1	6.89	6.32	6.92	6.06	5.81	5.02
NM_001181752.3	1562.38	1587.21	1338.73	1534.28	1514.8	1266.91
NM_001181753.1	0.21	0.26	0.08	0.21	0.38	0.09
NM_001181754.1	13.32	13.96	12.87	18.29	18.09	20.14
NM_001181755.3	14.16	15.52	18.03	16.83	18.47	15.26
NM_001181756.2	3.01	3.16	3.27	3.23	2.51	3.68
NM_001181757.1	18.35	22.02	22.38	28.65	26.14	24.1
NM_001181758.3	8.78	8.86	10.16	12.88	13.95	14.13
NM_001181759.1	24.58	22.49	25.81	31.9	30.25	30.25
NM_001181760.1	8.97	10.93	8.93	15.29	13.32	13.61
NM_001181761.4	19.41	18.29	19.53	30.87	31.28	33.85
NM_001181762.1	1657.19	1506.58	1483.54	2002.16	2049.45	2310.72
NM_001181763.1	423.79	412.92	394.79	386.86	388.43	424.23
NM_001181764.4	3.45	3.65	3.8	2.92	2.72	3.13
NM_001181765.2	0.05	0.0	0.0	0.0	0.0	0.0
NM_001181766.1	2.85	2.61	2.92	2.55	3.44	2.74
NM_001181767.3	44.15	40.55	42.35	133.58	128.01	126.81
NM_001181768.1	3.6	3.27	3.56	3.79	3.35	2.91
NM_001181769.1	10.52	10.49	12.09	12.81	14.01	15.08
NM_001181770.3	9.33	10.03	10.24	11.25	10.93	13.95
NM_001181771.1	16.66	19.54	19.58	19.58	21.93	23.67
NM_001181773.3	1.22	1.66	1.33	0.54	1.22	0.96
NM_001181774.1	16.37	14.9	15.43	11.95	14.75	14.57
NM_001181775.1	79.51	86.89	88.56	73.33	76.82	78.32
NM_001181776.3	44.73	48.64	53.12	54.53	56.15	55.16
NM_001181777.1	1.74	2.39	2.02	1.75	1.79	1.74
NM_001181778.1	5.61	7.91	11.88	7.08	8.55	8.64
NM_001181779.3	250.91	269.13	260.35	305.53	312.16	313.38
NM_001181780.1	5.48	4.01	4.01	4.4	4.97	5.04
NM_001181781.1	4046.7	3959.03	3666.16	3605.95	3671.62	3558.97
NM_001181782.3	20.6	20.76	23.87	25.29	21.75	24.14
NM_001181783.1	57.79	61.77	61.22	79.66	76.72	75.5
NM_001181784.1	11.49	13.2	14.57	13.53	14.62	15.4
NM_001181785.3	4.82	4.33	4.11	6.27	6.14	5.89
NM_001181787.2	6.15	5.52	5.69	4.53	4.91	4.55
NM_001181788.1	3.6	4.1	4.46	5.26	5.45	5.66
NM_001181789.3	17.3	17.08	19.2	17.97	17.69	17.73
NM_001181790.2	17.76	20.23	19.66	17.42	16.44	16.67
NM_001181791.1	35.8	32.45	36.6	34.19	36.03	34.98
NM_001181792.3	9.25	8.89	9.67	8.94	7.14	7.26
NM_001181793.1	3.44	4.86	3.78	3.56	3.94	2.45
NM_001181794.3	5.05	4.8	4.89	5.45	5.45	5.29
NM_001181795.1	8.09	9.53	7.98	9.18	8.96	9.21
NM_001181796.2	3.27	3.76	3.76	4.61	3.95	4.29
NM_001181797.3	395.5	415.56	421.95	427.55	408.36	418.6
NM_001181798.1	4.71	5.03	4.98	5.13	4.77	4.8
NM_001181799.1	3.25	3.68	4.19	3.24	3.36	3.63
NM_001181800.3	22.59	24.62	27.91	21.46	22.28	21.41
NM_001181801.1	89.68	93.27	94.07	88.37	83.99	87.85
NM_001181802.1	49.64	47.79	43.74	52.3	50.54	50.66
NM_001181803.3	3473.03	3314.67	3551.88	2856.2	3071.14	3017.76
NM_001181805.1	6.41	6.83	8.59	7.91	8.19	7.37
NM_001181806.1	216.59	226.7	204.13	192.51	176.08	199.42
NM_001181807.4	0.13	0.21	0.46	0.24	0.04	0.14
NM_001181808.4	0.45	0.38	1.41	0.18	0.31	1.24
NM_001181809.2	0.02	0.03	0.02	0.0	0.0	0.0
NM_001181810.3	0.1	0.05	0.2	0.03	0.03	0.0
NM_001181811.3	0.28	0.04	0.66	0.12	0.04	0.0
NM_001181812.1	0.05	0.37	0.46	0.2	0.27	0.33
NM_001181813.1	0.0	0.15	0.0	0.43	0.0	0.29
NM_001181814.3	0.49	0.46	0.93	0.73	1.1	1.6
NM_001181816.3	0.0	0.05	0.0	0.02	0.0	0.0
NM_001181817.1	1.13	1.51	1.41	1.36	2.1	1.53
NM_001181818.1	0.29	0.1	0.32	0.17	0.11	0.05
NM_001181819.3	5.44	5.21	5.35	6.44	4.9	5.86
NM_001181821.1	23.6	26.85	23.52	37.67	35.73	35.47
NM_001181822.1	5.71	5.0	7.06	4.6	4.41	4.78
NM_001181823.1	1.24	1.87	1.97	1.78	1.78	1.26
NM_001181824.1	7.99	7.75	8.24	9.0	10.26	10.1
NM_001181825.1	0.0	0.0	0.0	0.03	0.02	0.07
NM_001181826.1	10.79	11.85	12.49	12.43	11.56	12.22
NM_001181827.1	4.14	5.46	4.83	4.93	5.97	4.6
NM_001181828.1	55.6	59.28	52.64	68.45	60.28	68.49
NM_001181829.1	51.8	50.49	50.2	72.84	61.07	72.86
NM_001181830.1	21.53	20.22	21.92	24.05	26.38	24.53
NM_001181831.1	33.55	34.08	36.26	35.56	33.27	37.02
NM_001181832.1	8.42	10.01	10.11	7.62	6.56	7.15
NM_001181833.1	22.41	24.31	25.13	20.17	19.28	23.88
NM_001181834.1	89.17	96.12	92.67	84.65	86.37	81.66
NM_001181835.1	9.03	9.95	10.5	11.67	10.08	11.72
NM_001181838.1	350.72	336.88	346.0	400.93	391.1	398.31
NM_001181839.1	2.73	2.9	3.29	5.16	4.92	4.93
NM_001181841.1	26.08	29.07	23.17	34.1	28.87	29.81
NM_001181842.1	21.65	23.16	25.78	22.84	25.17	24.9
NM_001181843.1	39.12	41.43	41.72	41.94	39.56	43.41
NM_001181844.1	4682.65	4799.69	5071.87	5764.63	5473.15	5522.74
NM_001181845.1	2.22	0.62	1.16	1.22	1.37	1.26
NM_001181846.1	117.79	135.07	145.5	236.71	200.37	188.64
NM_001181847.1	23.07	25.88	23.5	31.35	29.18	27.22
NM_001181848.1	23.95	22.19	25.24	25.33	22.49	29.26
NM_001181849.1	31.29	30.96	32.69	33.82	33.4	34.46
NM_001181851.1	20.65	23.09	22.84	21.71	21.66	20.76
NM_001181852.1	7.22	7.42	8.29	6.57	6.15	6.78
NM_001181853.1	4.77	4.86	3.8	5.09	6.51	6.77
NM_001181854.1	28.35	26.2	33.62	31.31	31.94	32.41
NM_001181855.1	8.4	8.04	8.98	7.92	9.05	8.6
NM_001181856.1	13.53	15.94	16.01	15.01	17.04	15.24
NM_001181858.1	13.6	12.46	10.26	13.49	11.89	9.63
NM_001181859.1	129.88	133.86	163.34	349.23	337.36	307.34
NM_001181860.1	14.99	17.77	16.22	18.61	15.92	16.63
NM_001181861.1	19.11	21.86	22.78	31.09	35.95	31.94
NM_001181862.1	1.14	1.04	1.49	0.55	1.23	0.97
NM_001181863.1	25.78	23.38	24.4	29.78	28.08	30.49
NM_001181865.1	3026.88	2888.84	2590.82	2690.1	2744.31	2470.48
NM_001181866.1	0.2	0.61	0.52	0.11	0.24	0.56
NM_001181868.1	31.21	34.26	34.85	33.69	29.72	30.09
NM_001181869.1	5.98	8.2	15.85	10.14	9.99	9.11
NM_001181870.1	870.34	863.59	851.24	981.79	971.37	900.32
NM_001181871.1	10.92	9.67	11.41	11.17	10.22	10.48
NM_001181872.1	5.46	2.21	2.48	1.38	1.17	0.54
NM_001181873.1	0.0	0.17	0.0	0.08	0.0	0.18
NM_001181874.2	2.32	2.77	2.7	3.13	2.6	2.81
NM_001181875.1	0.52	0.65	0.46	0.61	0.36	0.33
NM_001181876.1	1.68	2.74	2.11	0.92	1.35	0.67
NM_001181877.1	0.12	0.63	0.39	0.54	0.23	0.07
NM_001181878.1	9.8	10.88	10.36	9.94	8.75	8.81
NM_001181880.1	2.53	1.72	2.21	3.65	4.29	8.49
NM_001181881.1	13.22	12.58	11.43	12.39	10.9	15.68
NM_001181882.1	6.78	7.72	8.38	7.16	5.36	5.1
NM_001181883.1	2.63	2.46	2.89	2.73	3.0	2.82
NM_001181884.1	0.0	0.0	0.0	0.1	0.0	0.0
NM_001181886.1	0.04	0.01	0.0	0.02	0.03	0.0
NM_001181887.1	0.04	0.01	0.0	0.02	0.03	0.02
NM_001181888.1	8.33	8.9	8.45	7.59	8.08	7.49
NM_001181889.1	34.39	38.43	35.24	30.15	30.12	28.85
NM_001181890.1	40.13	45.1	46.68	29.02	28.09	28.41
NM_001181891.1	0.49	0.89	1.03	1.11	0.79	0.84
NM_001181892.1	16.27	17.3	17.29	19.55	18.29	18.77
NM_001181893.1	5.53	5.95	6.09	7.74	6.78	7.29
NM_001181894.1	6.05	7.59	7.23	7.49	7.21	6.97
NM_001181895.1	53.49	55.33	62.95	64.31	58.52	58.79
NM_001181896.1	116.35	126.4	122.96	126.93	125.07	119.36
NM_001181897.1	2.07	1.75	2.48	2.6	2.74	2.35
NM_001181898.1	7.41	8.94	10.85	4.92	7.86	6.73
NM_001181899.1	0.15	0.13	0.0	0.0	0.0	0.0
NM_001181900.1	0.0	0.09	0.0	0.0	0.1	0.0
NM_001181901.1	1.89	2.16	2.31	2.27	2.09	2.43
NM_001181902.1	7.06	8.3	8.8	9.84	7.94	10.91
NM_001181903.1	9.21	11.04	8.36	10.84	14.09	11.33
NM_001181904.1	89.01	89.24	102.52	104.57	115.08	132.53
NM_001181905.1	23.78	24.83	26.48	23.93	27.34	25.42
NM_001181906.1	20.51	20.34	19.47	30.27	29.38	25.64
NM_001181907.1	11.12	11.93	12.7	12.15	12.37	13.3
NM_001181908.1	17.86	16.55	17.54	25.28	25.01	24.13
NM_001181909.1	48.64	48.25	51.57	58.03	51.65	51.64
NM_001181910.1	9.66	12.11	11.0	12.67	13.11	11.52
NM_001181911.2	2.87	3.04	3.59	3.69	4.01	4.28
NM_001181912.1	49.07	54.02	53.33	63.52	60.46	59.55
NM_001181913.1	30.73	32.6	32.72	31.43	34.66	36.16
NM_001181914.1	263.5	254.68	268.72	339.35	331.75	353.42
NM_001181915.1	77.87	79.0	81.52	84.39	79.94	88.54
NM_001181916.1	4268.16	4104.43	3766.76	3908.21	3928.1	3452.66
NM_001181917.1	0.75	0.53	0.49	1.14	0.52	0.96
NM_001181918.1	0.09	0.07	0.14	0.28	0.0	0.15
NM_001181919.1	6.9	7.37	7.05	8.53	8.2	7.78
NM_001181920.1	19.16	19.31	22.75	16.64	15.72	15.79
NM_001181921.2	66.13	61.07	63.73	56.44	56.27	60.47
NM_001181922.1	1.8	1.51	1.96	1.74	1.94	1.82
NM_001181923.1	10.45	13.23	13.65	10.96	14.22	14.23
NM_001181924.1	1.11	0.52	0.97	1.32	0.68	1.67
NM_001181925.1	78.66	76.54	64.22	113.2	107.77	79.69
NM_001181926.1	8.14	8.01	8.81	9.01	9.4	8.93
NM_001181927.1	10.72	14.0	12.6	5.58	6.13	7.68
NM_001181929.1	18.25	19.35	18.66	13.49	17.23	15.68
NM_001181930.1	571.87	548.64	575.25	575.22	604.22	602.23
NM_001181931.1	12571.19	12082.61	12911.3	11022.78	11273.82	12231.58
NM_001181932.1	11.75	12.81	11.92	13.5	12.11	12.99
NM_001181933.1	0.25	0.16	0.19	0.3	0.06	0.1
NM_001181934.1	4.72	3.92	4.05	4.59	4.06	4.21
NM_001181935.1	2267.76	2192.89	2255.35	2035.39	2050.61	2196.55
NM_001181936.1	22.08	25.27	24.81	27.86	27.61	25.35
NM_001181937.1	26.99	26.21	26.06	21.88	24.31	22.52
NM_001181938.1	43.45	47.04	41.97	60.89	53.82	49.23
NM_001181939.1	23.6	21.71	20.61	27.77	26.13	23.08
NM_001181940.1	0.0	0.0	0.0	0.11	0.0	0.0
NM_001181941.1	0.34	0.34	0.41	0.57	0.44	0.57
NM_001181942.1	14.39	15.36	14.37	17.36	15.13	19.25
NM_001181943.1	257.38	256.67	285.84	266.58	263.8	245.13
NM_001181944.1	7.31	7.85	7.74	6.77	6.68	8.06
NM_001181945.1	514.21	451.62	343.95	511.6	546.8	421.52
NM_001181946.1	32.89	33.31	36.19	23.72	30.57	32.35
NM_001181947.1	240.47	240.18	242.94	274.2	265.36	270.35
NM_001181948.1	3332.53	3113.62	2947.77	2704.37	2846.67	2665.8
NM_001181950.1	14.11	14.27	18.68	14.09	14.67	14.55
NM_001181951.1	30.74	35.11	36.27	38.49	35.43	35.11
NM_001181952.1	50.84	53.26	49.87	41.84	44.62	41.48
NM_001181953.1	44.87	52.19	57.9	63.59	57.25	51.53
NM_001181954.1	2.07	2.01	3.13	2.58	2.18	2.16
NM_001181955.1	20.77	25.02	21.7	34.18	30.04	30.0
NM_001181956.1	15.97	15.74	17.69	15.22	14.48	15.14
NM_001181957.1	1.9	1.08	1.34	2.18	1.49	2.25
NM_001181958.1	12.19	12.48	12.06	14.44	14.17	13.76
NM_001181959.1	8.56	9.38	8.84	10.37	10.84	10.42
NM_001181960.1	22.71	20.02	23.62	21.35	23.23	22.66
NM_001181961.1	77.66	77.01	77.28	102.49	97.01	102.11
NM_001181962.1	4962.7	4833.81	4700.19	4964.53	5246.74	4862.28
NM_001181964.1	8.81	8.94	9.2	8.91	8.47	8.19
NM_001181965.1	28.58	34.3	31.87	40.38	38.74	33.56
NM_001181966.1	34.49	35.03	33.86	44.33	39.24	39.91
NM_001181967.1	2.0	2.94	3.32	2.75	2.52	2.15
NM_001181968.1	1.35	0.99	1.27	0.91	0.89	1.07
NM_001181969.1	6.1	8.09	8.29	8.97	10.47	10.0
NM_001181970.1	78.12	84.97	83.08	79.58	78.93	80.44
NM_001181971.1	15.53	19.57	15.42	16.89	14.7	15.07
NM_001181972.1	8.79	8.82	10.88	8.39	9.21	8.47
NM_001181973.1	8.2	8.43	7.57	9.31	7.52	7.97
NM_001181974.1	1.3	1.53	1.75	1.76	1.47	1.42
NM_001181975.1	24.56	28.46	27.8	28.91	28.33	28.4
NM_001181976.1	46.04	45.73	48.48	54.74	55.01	55.17
NM_001181977.1	10.98	10.97	12.57	16.63	16.03	17.96
NM_001181978.1	4.44	4.36	5.09	3.65	3.68	4.45
NM_001181979.1	1.25	0.56	0.58	0.63	0.52	0.8
NM_001181980.1	42.31	47.01	44.96	51.55	56.81	45.42
NM_001181981.1	20.32	22.3	21.03	21.19	22.22	21.88
NM_001181982.1	11.88	13.17	15.02	12.85	12.27	13.37
NM_001181983.1	12.4	12.83	11.96	12.31	12.51	13.25
NM_001181984.1	5.38	6.56	6.07	7.45	6.47	8.9
NM_001181985.1	3.68	3.85	3.94	3.62	3.65	4.04
NM_001181986.1	7.23	6.74	8.11	6.91	6.64	8.19
NM_001181987.1	93.44	97.2	107.9	95.65	95.81	95.28
NM_001181989.1	8.62	10.26	9.22	10.64	10.04	9.55
NM_001181990.1	4.1	5.92	5.31	6.05	5.85	5.34
NM_001181991.1	29.26	29.5	33.97	32.39	29.54	38.15
NM_001181992.1	4.62	6.28	6.13	4.54	4.73	4.81
NM_001181993.1	14.69	14.52	16.76	15.57	14.01	14.23
NM_001181994.1	8.53	8.71	10.56	12.35	12.43	11.5
NM_001181995.1	14.4	13.71	13.09	15.48	15.76	16.32
NM_001181996.1	4251.35	4353.62	4531.47	4472.57	4285.49	4586.58
NM_001181997.1	11454.56	10847.58	11891.42	8965.68	10249.24	12034.52
NM_001182000.1	47.55	50.85	49.11	57.05	54.7	60.31
NM_001182001.1	14.9	15.26	15.62	17.26	15.56	16.59
NM_001182002.1	8.26	9.25	8.26	8.65	9.1	8.55
NM_001182003.1	13.01	14.44	14.74	13.04	12.92	14.9
NM_001182004.1	7.11	8.4	8.68	9.32	9.56	10.03
NM_001182005.1	40.05	42.59	47.97	42.85	39.74	44.19
NM_001182006.1	13.51	12.99	16.55	14.26	15.8	14.14
NM_001182007.1	33.33	33.39	30.49	37.84	36.34	36.58
NM_001182008.1	6.31	6.46	5.36	6.0	7.24	8.49
NM_001182012.1	0.46	0.29	0.54	0.84	0.42	0.97
NM_001182013.1	25.35	22.41	28.47	17.99	18.39	20.65
NM_001182014.1	2.8	2.77	2.92	2.91	2.02	2.54
NM_001182015.1	6.47	6.8	7.26	6.89	7.91	5.34
NM_001182016.1	35.45	35.87	40.55	40.3	38.9	42.54
NM_001182017.1	12.86	16.13	12.99	12.74	13.79	12.88
NM_001182018.1	10.55	10.84	9.4	10.46	9.2	10.44
NM_001182019.1	4.37	6.0	5.32	5.43	4.62	5.08
NM_001182020.1	16.14	17.84	18.66	20.67	21.49	21.09
NM_001182021.1	539.01	474.6	529.98	429.63	448.08	483.1
NM_001182022.1	2.07	2.92	2.23	3.67	2.94	3.04
NM_001182023.1	66.08	55.22	54.29	73.44	58.15	55.85
NM_001182024.1	5.75	5.43	6.0	5.64	6.64	7.12
NM_001182025.1	11.27	12.24	12.52	11.38	9.55	11.23
NM_001182026.1	5.51	6.21	6.76	5.49	5.77	5.94
NM_001182028.1	3.95	3.88	3.51	4.1	3.48	3.48
NM_001182029.1	1.4	1.57	2.09	1.89	2.46	2.93
NM_001182030.1	10.47	10.83	13.39	14.47	13.44	13.97
NM_001182031.1	12.01	12.92	11.5	14.42	13.35	14.91
NM_001182032.1	7.56	8.41	7.2	10.0	8.85	7.93
NM_001182033.1	15.86	19.55	22.9	20.74	21.8	21.28
NM_001182034.1	27.09	30.71	28.75	38.79	38.97	42.8
NM_001182035.1	11.03	11.39	12.22	13.6	11.69	11.74
NM_001182036.1	0.86	1.04	0.82	1.68	1.52	1.05
NM_001182037.1	2176.74	2066.46	1820.8	2015.03	2100.37	1812.6
NM_001182038.1	3.56	3.83	4.43	4.76	4.89	4.46
NM_001182039.1	1.08	1.54	1.5	1.75	1.19	1.68
NM_001182040.1	221.04	227.08	224.05	195.96	189.4	190.93
NM_001182041.1	33.41	33.66	29.56	30.74	29.99	25.49
NM_001182042.1	0.0	0.0	0.0	0.0	0.0	0.0
NM_001182043.1	0.0	0.0	0.0	0.0	0.0	0.0
NM_001182044.1	0.0	0.0	0.0	0.0	0.0	0.0
NM_001182045.1	0.0	0.0	0.0	0.0	0.0	0.0
NM_001182046.1	0.0	0.0	0.0	0.0	0.0	0.0
NM_001182047.1	0.0	0.0	0.0	0.0	0.0	0.0
NM_001182048.1	0.0	0.0	0.0	0.0	0.0	0.0
NM_001182049.1	0.13	0.32	0.4	0.11	0.12	1.09
NM_001182050.1	26.59	29.75	32.48	29.12	26.42	28.97
NM_001182051.1	0.95	0.32	0.89	1.17	1.05	0.32
NM_001182052.1	1.62	3.01	3.37	3.26	2.22	2.98
NM_001182053.1	10.37	11.47	11.51	12.26	10.09	10.62
NM_001182054.1	5888.39	5560.1	5038.3	5155.48	5313.37	4574.33
NM_001182055.1	5.62	7.67	7.15	6.03	8.61	6.29
NM_001182057.1	35.52	36.13	41.22	47.41	43.83	42.36
NM_001182059.1	107.56	106.83	115.22	117.44	118.12	128.05
NM_001182060.1	4.63	4.64	4.33	3.88	3.96	4.3
NM_001182061.1	0.04	0.0	0.06	0.1	0.08	0.07
NM_001182062.1	280.19	289.07	300.99	254.21	244.16	259.35
NM_001182063.1	5.54	6.22	5.94	5.6	6.03	5.55
NM_001182064.1	1.98	1.99	2.12	3.6	2.82	3.18
NM_001182065.1	10.72	10.78	9.24	15.07	14.99	15.3
NM_001182066.1	334.55	355.93	342.04	245.82	254.07	269.79
NM_001182067.1	520.75	498.14	428.57	415.77	422.41	413.99
NM_001182068.1	16.9	17.45	19.99	18.05	18.53	18.94
NM_001182069.1	13.79	14.85	12.77	14.41	12.74	13.89
NM_001182070.1	23.36	27.06	22.89	28.3	27.54	26.07
NM_001182072.1	3097.67	2994.5	2566.15	2797.95	2873.19	2353.31
NM_001182073.1	82.05	83.51	81.2	79.14	82.47	91.18
NM_001182074.1	12.18	13.93	13.67	16.33	14.33	15.74
NM_001182075.1	11.77	12.06	13.29	13.34	12.93	13.36
NM_001182076.1	4.91	4.94	4.42	5.33	5.57	5.23
NM_001182077.1	27.56	26.3	22.8	26.07	23.34	26.32
NM_001182078.1	10.45	10.13	12.07	12.49	11.52	11.86
NM_001182079.1	241.64	252.66	216.05	260.34	227.63	226.72
NM_001182080.1	19.68	22.34	21.33	23.17	25.43	22.92
NM_001182081.1	35.33	38.69	32.24	53.45	53.48	57.62
NM_001182082.1	48.45	52.95	53.59	70.86	67.2	72.96
NM_001182083.1	87.19	88.02	85.22	89.79	78.22	83.8
NM_001182084.1	356.29	374.33	367.09	345.35	355.66	334.15
NM_001182086.1	29.53	33.49	32.41	39.64	40.9	40.48
NM_001182087.1	61.26	71.23	63.6	96.79	88.03	75.55
NM_001182088.1	21.74	23.24	24.07	29.24	29.02	25.39
NM_001182090.1	27.44	28.32	31.5	24.12	25.07	29.43
NM_001182091.1	34.24	31.12	45.07	38.97	29.76	40.48
NM_001182092.1	8.35	7.39	6.89	14.13	12.89	11.5
NM_001182093.1	32.48	35.27	34.66	27.49	27.39	32.7
NM_001182094.1	12.21	13.25	14.16	14.53	14.3	14.93
NM_001182095.1	170.03	162.78	176.04	196.89	189.05	197.98
NM_001182096.1	31.69	31.14	33.3	38.96	37.29	42.24
NM_001182097.1	9.14	8.17	8.58	9.59	9.4	9.15
NM_001182098.1	4.63	4.75	3.07	5.71	5.35	4.79
NM_001182099.1	15.4	14.47	16.64	17.97	17.61	21.08
NM_001182100.1	1.94	1.97	1.52	2.29	2.5	2.54
NM_001182101.1	184.33	183.98	179.99	201.46	183.98	159.42
NM_001182102.1	8.53	9.36	11.56	10.45	11.87	12.67
NM_001182103.1	262.87	283.07	313.47	359.87	352.15	314.71
NM_001182105.1	11.28	10.74	12.31	11.69	10.62	15.44
NM_001182106.1	11.45	12.3	11.99	12.28	14.46	13.42
NM_001182107.1	29.16	31.1	28.31	38.44	39.41	39.91
NM_001182108.1	60.18	62.69	61.24	86.36	78.83	73.06
NM_001182109.1	40.12	39.88	43.87	48.48	47.81	49.7
NM_001182110.1	8.27	10.0	10.83	11.3	9.42	11.17
NM_001182111.1	5.4	4.63	6.76	7.39	6.22	7.08
NM_001182112.1	22.33	22.43	27.01	43.06	39.95	40.07
NM_001182113.1	9.96	10.56	12.48	11.16	9.44	11.16
NM_001182114.1	0.7	1.02	0.71	0.71	0.58	0.94
NM_001182115.1	6.85	6.58	5.85	6.21	6.86	6.76
NM_001182116.1	131.86	134.44	139.91	111.62	106.2	110.97
NM_001182118.1	29.58	33.68	31.97	36.09	35.21	31.25
NM_001182120.1	0.67	0.69	0.74	0.69	0.92	0.67
NM_001182121.1	2.14	2.29	2.61	2.43	2.73	2.87
NM_001182124.1	8.89	11.33	9.93	9.02	8.72	11.18
NM_001182125.1	5.76	6.3	6.75	6.45	6.22	6.51
NM_001182126.1	8.34	9.05	9.41	11.29	10.17	8.79
NM_001182127.1	5.4	5.59	5.26	6.79	6.15	7.18
NM_001182128.1	13.41	13.21	13.21	13.14	12.64	12.44
NM_001182129.1	4.28	4.93	5.5	5.07	5.02	3.28
NM_001182130.1	25.48	28.61	29.5	28.29	31.72	32.22
NM_001182131.1	260.18	255.63	236.59	357.28	355.54	326.48
NM_001182132.1	16.55	15.42	19.11	17.67	13.77	19.37
NM_001182133.1	2.63	1.58	1.48	2.4	2.52	2.32
NM_001182134.1	4.51	5.1	5.37	7.14	6.55	6.28
NM_001182135.1	42.77	49.51	41.49	42.46	33.43	37.28
NM_001182136.1	2941.62	2921.26	2717.66	2835.71	2738.71	2811.11
NM_001182137.1	77.4	86.51	83.96	73.66	73.02	67.86
NM_001182138.1	2.05	1.79	2.7	2.49	2.57	2.78
NM_001182140.1	5.48	7.14	6.37	6.73	8.17	8.03
NM_001182141.1	7.4	9.03	7.08	9.87	8.88	8.38
NM_001182143.1	22.65	22.43	21.87	16.82	16.4	15.99
NM_001182144.1	85.6	86.33	70.4	132.06	120.47	116.28
NM_001182145.1	10.33	10.99	11.98	18.06	18.46	16.52
NM_001182146.1	510.41	533.4	639.01	721.77	585.21	706.64
NM_001182147.1	8.22	8.31	9.16	9.8	10.61	10.46
NM_001182148.1	31.71	25.43	24.8	33.5	36.98	31.53
NM_001182149.1	49.95	46.1	48.87	58.35	55.67	49.91
NM_001182150.1	0.0	0.05	0.0	0.07	0.04	0.07
NM_001182151.1	1330.52	1307.62	1179.83	1214.4	1221.86	1080.75
NM_001182152.1	6.25	7.21	7.88	7.05	6.59	6.02
NM_001182153.1	2.18	2.19	2.29	2.87	2.88	2.4
NM_001182154.1	0.91	1.12	1.09	1.24	1.93	1.59
NM_001182155.1	59.29	66.08	65.32	62.17	68.41	65.36
NM_001182157.1	31.39	32.65	32.3	37.44	35.64	34.77
NM_001182158.1	2.42	3.57	2.85	3.24	3.02	3.4
NM_001182159.1	5.66	6.01	5.67	6.42	5.9	6.01
NM_001182160.1	0.59	0.92	1.3	0.94	1.09	1.59
NM_001182161.1	19.3	19.43	20.2	25.28	24.97	24.14
NM_001182162.1	25.63	27.45	26.99	41.4	33.01	34.76
NM_001182163.1	44.64	47.05	50.97	45.96	46.25	46.15
NM_001182164.1	7.64	8.18	11.08	12.97	13.33	12.33
NM_001182165.1	4.21	4.46	4.35	4.96	4.47	4.7
NM_001182168.1	2.54	2.39	2.07	3.42	3.0	2.76
NM_001182170.1	5.76	5.26	4.77	5.62	6.11	5.17
NM_001182171.1	4.69	3.25	4.94	4.0	3.95	3.83
NM_001182172.1	59.1	58.0	61.5	67.96	72.41	67.82
NM_001182173.1	494.99	497.76	466.54	530.81	541.26	513.3
NM_001182174.1	31.12	34.7	36.64	30.06	29.24	28.42
NM_001182175.1	2519.4	2565.11	2264.24	2105.62	2181.21	1853.54
NM_001182176.1	2.45	3.16	3.06	3.65	3.67	4.6
NM_001182177.1	2.66	2.1	2.57	2.34	2.7	2.28
NM_001182178.1	11.09	10.96	12.52	7.99	7.53	8.35
NM_001182179.1	55.81	57.08	62.26	54.92	48.41	53.09
NM_001182180.1	71.2	76.15	71.86	70.26	66.8	69.37
NM_001182181.1	1105.07	1143.13	1088.76	1185.31	1213.64	1164.92
NM_001182183.1	76.25	89.25	79.34	85.85	89.7	73.69
NM_001182185.1	4.29	4.92	6.36	5.49	4.84	5.87
NM_001182186.1	14.18	13.67	14.7	14.99	14.8	12.53
NM_001182187.1	10.26	10.52	10.01	13.96	12.77	14.84
NM_001182188.1	235.41	240.09	284.14	322.35	346.14	345.96
NM_001182189.1	215.83	201.36	228.4	230.56	234.64	240.22
NM_001182191.1	0.0	0.0	0.0	0.0	0.0	0.0
NM_001182192.1	166.95	176.15	222.31	260.53	259.5	255.54
NM_001182193.1	13.57	12.8	13.94	12.98	12.94	12.39
NM_001182194.1	8.46	11.38	9.26	12.38	11.29	8.28
NM_001182195.1	0.28	0.33	0.35	0.87	0.82	0.75
NM_001182196.1	0.0	0.0	0.08	0.04	0.05	0.18
NM_001182197.2	10.71	11.79	10.24	11.94	8.34	9.05
NM_001182198.1	9.04	8.57	9.41	10.12	9.48	9.03
NM_001182200.1	0.43	0.29	0.27	0.49	0.63	0.72
NM_001182201.1	20.34	20.27	22.02	25.64	24.88	25.59
NM_001182202.2	1.46	1.69	1.58	2.24	1.92	1.87
NM_001182203.2	85.32	92.93	86.41	125.08	113.96	118.56
NM_001182204.1	6.36	6.75	6.61	6.34	6.74	7.33
NM_001182205.1	8.64	10.13	9.49	13.63	11.12	11.68
NM_001182207.2	0.79	0.57	0.96	0.75	0.71	1.41
NM_001182208.1	9.25	11.29	10.48	10.83	9.59	10.96
NM_001182209.1	0.67	0.64	0.68	0.88	0.79	0.97
NM_001182210.1	35.88	37.3	35.78	32.62	33.2	30.56
NM_001182212.1	11.8	10.21	9.52	13.54	12.5	12.47
NM_001182213.1	12.28	14.41	13.57	17.18	15.29	15.51
NM_001182214.1	2918.19	2985.84	2556.94	2857.29	2835.11	2468.98
NM_001182215.1	8.69	10.84	11.93	12.5	12.08	11.86
NM_001182216.1	12.52	14.91	11.28	31.87	25.61	18.44
NM_001182217.1	38.05	41.93	38.9	45.59	43.69	40.0
NM_001182218.1	0.44	0.37	0.1	0.31	0.35	0.32
NM_001182219.1	31.26	35.21	29.52	39.4	34.42	34.09
NM_001182221.1	32.3	33.58	32.23	37.73	31.85	33.26
NM_001182222.1	1353.5	1406.79	1245.12	1337.37	1324.87	1211.9
NM_001182224.1	53.39	56.33	46.12	56.95	48.43	51.29
NM_001182225.1	18.62	20.4	19.31	22.25	20.51	20.95
NM_001182226.1	32.21	38.14	27.32	43.44	36.11	45.57
NM_001182229.1	3208.36	3135.31	3115.51	2654.01	2741.51	2801.17
NM_001182230.1	0.14	0.09	0.11	0.18	0.13	0.06
NM_001182231.1	162.81	173.78	182.98	199.51	189.12	200.04
NM_001182232.1	0.0	0.05	0.05	0.08	0.0	0.11
NM_001182233.1	1669.14	1697.86	1468.07	1535.21	1520.49	1288.5
NM_001182234.1	7.38	6.33	6.72	7.35	6.01	6.99
NM_001182235.1	8.93	8.51	19.09	9.04	4.19	13.19
NM_001182236.1	71.87	76.96	72.6	80.82	78.27	77.92
NM_001182237.1	32.76	31.32	31.58	44.23	40.31	46.06
NM_001182239.1	47.86	49.71	50.68	57.8	60.87	63.4
NM_001182240.1	49.41	54.69	59.9	63.17	65.44	65.87
NM_001182241.1	4.38	4.27	4.71	4.19	3.93	4.8
NM_001182242.1	3.69	4.36	3.82	3.18	3.2	2.72
NM_001182243.1	494.17	528.32	525.27	413.27	401.95	438.63
NM_001182244.1	1761.65	1609.68	1525.81	1453.16	1498.28	1442.66
NM_001182245.1	17.37	20.78	21.24	15.37	17.49	16.99
NM_001182246.1	19.53	21.55	20.75	24.45	23.2	23.35
NM_001182248.1	182.99	171.6	138.07	172.19	176.32	141.16
NM_001182249.3	6.21	5.36	6.04	4.95	6.32	6.53
NM_001182250.1	8.65	9.72	10.4	8.88	7.85	8.26
NM_001182251.1	6.95	7.4	9.01	9.6	10.51	10.04
NM_001182252.3	21.23	25.25	27.47	25.28	25.28	21.34
NM_001182253.3	14.84	13.31	14.68	23.52	24.51	24.75
NM_001182256.1	562.71	551.68	512.16	523.47	527.66	415.54
NM_001182257.3	2.71	2.99	3.81	4.3	3.92	3.87
NM_001182258.1	11.86	12.85	11.3	13.16	11.93	12.09
NM_001182259.3	103.49	103.14	114.78	112.63	124.5	128.59
NM_001182260.1	6.62	7.67	6.4	7.04	6.07	6.28
NM_001182261.3	224.25	237.76	242.81	201.03	190.91	202.71
NM_001182262.1	8.6	8.91	9.86	9.82	9.85	10.87
NM_001182264.3	17.76	15.59	13.03	14.54	15.74	14.26
NM_001182265.1	2.31	2.17	2.88	3.52	3.08	2.42
NM_001182266.3	0.0	0.04	0.08	0.08	0.45	0.16
NM_001182267.1	161.47	160.06	168.42	153.52	151.06	157.17
NM_001182269.3	43.43	36.87	47.49	32.44	35.74	37.5
NM_001182270.1	2.2	1.8	1.67	1.68	1.95	2.29
NM_001182271.3	4.33	4.16	4.78	4.27	5.07	5.01
NM_001182272.1	2.64	3.21	4.13	3.43	2.92	3.61
NM_001182273.3	54.66	58.28	60.94	66.55	67.4	68.4
NM_001182274.1	10.16	7.67	10.64	8.74	8.52	8.93
NM_001182275.3	11.86	12.84	11.77	12.23	11.23	11.59
NM_001182276.1	45.58	44.98	46.02	73.78	65.63	64.13
NM_001182277.3	1520.13	1520.02	1137.01	1457.55	1532.75	1049.46
NM_001182278.1	24.95	25.04	24.29	22.78	23.41	24.27
NM_001182279.3	28.47	25.8	27.22	29.28	31.77	31.5
NM_001182280.3	3.55	3.07	3.12	3.95	4.29	4.17
NM_001182281.1	9.65	9.08	9.17	10.97	8.47	7.69
NM_001182282.3	0.21	0.18	0.17	0.18	0.1	0.12
NM_001182283.1	80.11	94.69	85.32	117.28	123.55	85.86
NM_001182284.3	7.12	7.99	8.39	8.81	9.78	9.93
NM_001182285.1	24.53	24.61	28.62	27.51	27.92	26.11
NM_001182286.3	23.3	23.45	22.46	29.87	26.69	27.73
NM_001182287.1	45.7	52.76	38.02	60.89	50.52	55.26
NM_001182289.3	27.84	27.69	25.21	36.95	33.16	32.52
NM_001182291.1	18.32	20.75	18.22	19.92	19.23	21.47
NM_001182292.3	5.95	7.23	7.24	6.0	4.64	5.46
NM_001182293.1	11.69	13.11	12.51	14.21	13.57	11.89
NM_001182294.3	790.2	813.59	835.33	821.64	797.24	841.6
NM_001182295.4	19.73	20.55	21.19	22.84	19.69	14.63
NM_001182296.1	11.49	9.26	7.46	11.82	11.54	10.61
NM_001182297.3	35.33	36.24	41.39	47.29	46.48	45.34
NM_001182298.1	42.0	47.75	38.69	48.32	40.01	37.07
NM_001182299.3	1.84	2.58	2.25	2.19	2.46	2.43
NM_001182300.1	10.05	10.0	10.27	10.11	10.18	10.91
NM_001182301.1	226.59	230.45	188.32	249.44	242.62	255.94
NM_001182302.3	32.77	36.4	33.2	37.93	42.25	38.16
NM_001182303.1	0.0	0.11	0.0	0.11	0.25	0.23
NM_001182305.3	6.06	5.77	5.55	6.86	6.44	5.59
NM_001182306.1	43.36	47.25	38.5	40.01	34.33	35.93
NM_001182307.3	9.85	10.75	11.79	8.81	9.24	8.71
NM_001182308.1	125.96	114.25	108.45	88.15	93.85	83.42
NM_001182309.3	115.14	113.16	114.3	139.75	136.06	122.28
NM_001182310.1	3.05	3.06	4.04	4.29	3.79	4.07
NM_001182311.3	2.24	3.33	2.43	2.75	3.62	2.56
NM_001182312.1	3.85	3.59	4.08	5.04	4.26	4.91
NM_001182313.3	4.02	2.48	3.02	3.17	2.85	3.77
NM_001182314.1	7.93	7.85	8.65	9.32	8.42	9.97
NM_001182315.3	10.57	12.48	12.75	13.91	13.35	13.44
NM_001182317.1	90.0	90.85	85.18	105.03	98.72	100.06
NM_001182318.3	9.92	10.06	9.87	11.93	10.66	11.01
NM_001182319.1	0.98	2.0	2.13	1.92	1.67	1.92
NM_001182320.3	282.71	284.28	334.51	359.53	367.42	396.98
NM_001182321.1	20.82	23.17	22.78	26.07	22.17	20.84
NM_001182323.3	59.91	63.32	61.83	59.44	56.53	58.16
NM_001182324.1	5.52	5.55	5.4	5.46	5.75	5.32
NM_001182325.3	37.93	36.25	35.35	43.62	41.69	40.8
NM_001182326.1	97.82	107.19	95.6	93.67	97.85	102.87
NM_001182327.1	17.39	17.13	19.23	17.77	21.65	22.86
NM_001182328.3	14.63	14.16	13.95	12.87	12.75	14.01
NM_001182329.1	2258.32	2342.65	2044.17	2308.12	2307.5	1926.09
NM_001182330.3	6.4	7.34	7.98	8.86	8.03	7.48
NM_001182331.1	5.14	4.4	5.21	4.58	3.31	3.5
NM_001182333.3	0.09	0.07	0.13	0.0	0.08	0.0
NM_001182334.1	3.03	2.82	2.66	1.75	2.36	1.67
NM_001182335.3	220.69	223.54	230.93	266.37	269.06	258.94
NM_001182336.1	2026.12	1955.9	1880.08	1804.68	1853.92	1665.13
NM_001182337.3	145.36	149.31	144.58	100.68	97.96	104.23
NM_001182338.1	19.64	19.88	19.53	16.71	15.92	16.92
NM_001182339.3	5.55	6.16	6.03	6.68	5.79	5.62
NM_001182340.1	22.23	27.5	31.81	34.73	36.48	39.69
NM_001182341.3	1.16	1.56	1.69	0.95	1.23	0.95
NM_001182342.1	3.74	4.4	4.78	3.8	3.76	3.66
NM_001182343.3	16.49	20.88	21.41	21.35	19.76	17.65
NM_001182344.1	5.4	5.35	4.24	3.72	5.65	4.32
NM_001182345.3	2.63	3.01	2.72	3.67	3.59	3.66
NM_001182347.1	25.22	26.47	25.56	22.31	23.23	23.55
NM_001182348.3	7.47	8.11	10.04	9.63	11.6	10.78
NM_001182349.1	0.0	0.0	0.0	0.0	0.0	0.22
NM_001182350.3	0.0	0.0	0.13	0.0	0.0	0.0
NM_001182352.1	0.0	0.0	0.0	0.0	0.0	0.0
NM_001182354.3	0.0	0.01	0.0	0.03	0.0	0.0
NM_001182355.3	0.15	0.23	0.29	0.23	0.28	0.35
NM_001182356.1	128.31	125.77	147.04	159.24	154.18	164.77
NM_001182357.1	0.12	0.2	0.11	0.12	0.22	0.2
NM_001182358.1	2.01	2.81	2.89	2.55	2.81	2.15
NM_001182359.1	96.57	103.25	96.8	166.88	157.41	165.17
NM_001182360.1	8.14	8.22	9.76	9.04	10.56	9.11
NM_001182361.1	4.25	4.39	5.15	4.99	4.59	5.65
NM_001182362.1	27.42	30.95	25.38	42.19	36.16	40.49
NM_001182363.1	255.46	269.15	265.12	320.0	290.54	268.02
NM_001182364.1	64.97	64.16	55.81	52.49	49.34	56.04
NM_001182366.1	90.13	98.34	73.34	128.9	98.66	113.67
NM_001182368.1	8.66	10.72	11.62	12.92	12.25	10.43
NM_001182369.1	170.23	180.05	194.49	174.22	178.87	182.27
NM_001182371.1	16.95	16.54	18.46	17.61	18.53	19.92
NM_001182372.1	27.27	31.5	28.53	29.79	37.91	33.9
NM_001182373.1	10.56	10.54	9.86	11.69	12.59	9.76
NM_001182374.1	13.1	13.72	16.65	14.86	14.75	13.16
NM_001182375.1	46.92	54.43	49.95	46.32	43.61	42.02
NM_001182376.1	21.57	20.21	21.35	17.57	17.82	21.41
NM_001182377.1	30.31	32.01	34.18	34.1	33.48	37.32
NM_001182378.1	3.94	3.71	3.03	4.29	4.51	4.3
NM_001182379.1	20.64	21.42	22.67	28.43	26.11	28.76
NM_001182380.1	209.62	223.11	194.94	217.71	237.52	225.63
NM_001182381.1	2.14	2.92	2.92	3.31	2.8	3.63
NM_001182382.1	3092.87	3146.13	2771.23	3353.88	3356.39	2759.53
NM_001182383.1	26.24	23.58	25.14	25.09	24.79	25.91
NM_001182384.1	2588.39	2543.61	2404.16	2325.22	2355.78	2128.22
NM_001182385.1	19.8	22.76	16.73	22.77	20.41	20.86
NM_001182386.1	2693.05	2413.61	2341.33	2548.59	2866.5	2741.44
NM_001182387.1	10.36	11.79	10.0	13.41	12.2	12.86
NM_001182388.1	22.13	26.58	23.54	25.39	22.83	28.84
NM_001182389.1	20.29	20.28	22.42	20.37	19.75	19.17
NM_001182390.1	9.04	9.24	9.7	12.49	10.06	13.39
NM_001182391.1	13.66	16.7	12.5	18.58	15.04	15.8
NM_001182392.1	40.04	40.47	35.66	40.34	38.81	42.67
NM_001182394.1	19.63	19.29	20.28	23.14	21.0	21.34
NM_001182395.1	3.96	4.38	4.97	4.4	5.08	5.21
NM_001182396.1	13.35	15.34	14.24	15.84	13.16	17.18
NM_001182397.2	0.0	0.0	0.0	0.01	0.0	0.0
NM_001182398.1	0.0	0.0	0.0	0.03	0.0	0.0
NM_001182399.1	11.63	11.9	13.98	14.06	13.33	13.61
NM_001182400.1	0.54	0.54	0.61	0.45	0.76	0.53
NM_001182401.1	2.2	3.76	3.77	2.84	3.31	4.02
NM_001182402.2	0.9	1.2	1.5	0.7	0.75	1.25
NM_001182403.1	9.76	9.86	8.55	11.01	8.51	9.01
NM_001182404.1	0.0	0.0	0.0	0.04	0.04	0.16
NM_001182405.1	96.26	97.67	102.18	101.46	103.24	110.97
NM_001182407.1	9.82	10.74	13.2	14.06	15.26	15.64
NM_001182408.1	2.74	3.44	3.47	3.59	3.78	5.39
NM_001182409.1	3.76	4.12	3.26	3.8	4.13	6.06
NM_001182410.1	91.69	95.55	96.26	96.19	95.56	104.79
NM_001182411.1	19.63	22.22	23.12	22.58	24.72	19.93
NM_001182412.1	0.35	0.37	0.46	0.77	0.7	0.69
NM_001182413.1	38.24	36.37	33.14	38.78	39.98	32.03
NM_001182414.1	255.9	257.16	277.26	298.27	302.02	319.38
NM_001182415.1	21.55	23.43	23.12	25.75	24.46	23.65
NM_001182417.1	525.43	525.59	566.38	524.41	514.87	535.24
NM_001182418.1	9.19	9.11	9.47	8.83	9.16	8.86
NM_001182419.1	13.77	12.7	15.62	14.73	14.43	14.6
NM_001182420.1	6.29	7.59	6.76	9.1	8.33	7.59
NM_001182421.1	11.98	11.66	14.0	12.78	10.91	11.47
NM_001182422.1	2824.73	2892.66	2536.66	2741.75	2752.04	2297.51
NM_001182423.1	15.04	15.56	16.46	21.22	16.94	17.12
NM_001182424.1	10.53	12.5	11.25	12.78	10.59	11.53
NM_001182425.1	0.05	0.0	0.0	0.11	0.0	0.0
NM_001182426.1	38.5	42.44	40.62	43.58	44.92	41.51
NM_001182427.1	1.77	1.77	2.37	2.18	2.08	2.19
NM_001182428.1	74.25	79.47	71.25	102.09	93.94	89.0
NM_001182429.1	80.28	84.49	82.28	94.38	90.88	86.6
NM_001182430.1	10.3	11.19	11.22	9.67	9.57	9.57
NM_001182431.1	72.46	79.69	71.96	75.83	66.11	75.39
NM_001182432.1	2552.01	2460.42	2341.44	2257.92	2351.63	2062.38
NM_001182433.1	184.57	194.82	196.56	143.71	134.12	149.46
NM_001182434.1	23.18	24.36	26.78	20.36	19.3	19.26
NM_001182435.1	4.13	4.12	4.16	4.01	3.99	3.4
NM_001182436.1	24.01	24.24	26.5	33.07	36.5	39.29
NM_001182437.1	216.63	218.9	232.23	295.18	291.1	279.04
NM_001182438.1	60.83	61.07	62.95	58.72	57.77	54.7
NM_001182439.1	15.37	17.69	18.77	18.9	19.78	17.64
NM_001182440.1	6.87	7.36	7.26	7.89	7.79	8.57
NM_001182441.1	8.74	9.5	9.51	9.59	9.78	9.7
NM_001182442.1	0.12	0.0	0.0	0.1	0.15	0.07
NM_001182444.1	125.26	126.56	143.36	130.39	131.24	143.09
NM_001182445.1	84.38	83.44	83.82	89.88	92.64	94.57
NM_001182446.1	0.59	0.68	1.18	1.59	0.64	0.73
NM_001182447.1	9.72	10.18	12.06	17.64	17.01	16.61
NM_001182450.1	4.48	6.26	5.62	6.86	7.83	5.78
NM_001182451.1	135.32	141.98	137.51	195.52	180.72	199.72
NM_001182452.1	42.38	48.25	38.77	51.11	43.76	45.01
NM_001182453.1	57.37	67.39	68.63	58.79	53.92	52.46
NM_001182454.1	6.11	7.62	6.07	9.03	9.36	6.31
NM_001182456.1	8.28	8.54	11.92	9.26	10.04	9.51
NM_001182457.1	12.15	13.39	12.6	15.23	16.82	15.11
NM_001182458.1	17.1	15.21	16.27	17.36	16.51	18.08
NM_001182459.1	3.87	4.04	3.68	3.62	3.77	4.18
NM_001182460.1	13.52	13.97	11.71	22.16	20.58	21.7
NM_001182462.1	16.7	19.85	19.72	17.68	17.58	22.66
NM_001182464.1	12.71	10.74	13.08	15.15	14.65	15.89
NM_001182465.1	22.27	24.66	24.68	29.99	27.68	27.55
NM_001182466.1	1.94	2.75	2.64	2.37	2.73	2.56
NM_001182467.1	66.95	70.73	62.04	100.18	90.22	85.29
NM_001182468.1	227.29	227.85	229.37	198.45	200.42	184.47
NM_001182469.1	6.04	6.36	7.43	7.04	8.56	7.18
NM_001182470.1	35.87	39.53	36.08	54.94	48.6	47.7
NM_001182471.1	7.23	8.08	7.61	8.76	7.78	8.1
NM_001182472.1	63.88	71.25	74.17	72.28	68.19	74.13
NM_001182473.1	11.94	13.26	12.52	11.75	11.12	10.94
NM_001182474.1	10.93	10.4	12.22	12.01	13.59	14.65
NM_001182475.1	26.16	26.18	29.0	25.84	24.48	25.84
NM_001182476.1	8.95	8.9	9.83	9.52	8.98	9.15
NM_001182477.1	34.47	37.19	38.66	34.34	35.68	34.78
NM_001182478.1	9.3	9.84	11.91	31.12	32.16	30.73
NM_001182479.1	16.83	18.53	17.54	18.53	17.28	17.58
NM_001182481.1	0.37	0.6	0.53	0.67	0.75	0.98
NM_001182482.1	11.53	12.42	11.8	14.7	11.48	13.49
NM_001182483.1	12.54	14.2	11.4	17.84	17.9	14.44
NM_001182484.1	15.06	17.87	18.14	20.03	22.29	18.34
NM_001182486.1	0.0	0.0	0.0	0.0	0.0	0.0
NM_001182487.1	68.73	68.75	77.62	87.62	86.32	95.82
NM_001182488.1	101.38	96.03	104.07	128.75	134.23	135.46
NM_001182489.1	359.33	363.82	365.72	414.43	402.22	364.16
NM_001182490.1	27.86	26.25	26.48	30.54	31.59	32.37
NM_001182491.1	3.58	2.85	2.89	7.13	6.43	6.2
NM_001182492.1	63.99	67.3	64.45	76.72	64.76	71.72
NM_001182493.1	44.78	49.01	50.5	74.65	65.83	61.13
NM_001182494.1	36.23	33.06	48.05	69.45	74.96	77.62
NM_001182495.1	13.49	12.6	12.63	15.1	13.33	14.42
NM_001182496.1	0.04	0.01	0.0	0.02	0.02	0.0
NM_001182497.1	21.06	21.76	22.19	23.34	20.94	22.58
NM_001182498.1	255.22	255.3	220.21	355.57	378.06	339.41
NM_001182499.1	8.89	10.93	10.12	10.27	10.4	10.53
NM_001182500.1	19.88	20.03	20.1	22.05	19.7	21.63
NM_001182501.1	27.86	31.05	28.13	32.13	30.35	31.84
NM_001182502.1	63.51	56.26	57.86	32.1	30.56	35.28
NM_001182504.1	62.14	77.61	64.97	41.37	39.76	38.07
NM_001182505.1	25.1	26.11	27.08	30.79	28.64	25.2
NM_001182506.1	21.13	22.04	19.17	18.6	18.37	17.46
NM_001182507.1	210.09	216.37	210.16	215.71	205.24	207.47
NM_001182508.1	142.95	148.8	148.26	144.97	136.67	141.4
NM_001182509.1	6.02	8.42	7.9	8.27	7.37	7.53
NM_001182510.1	22.96	26.31	24.42	27.08	25.0	25.07
NM_001182511.1	69.72	75.91	70.83	81.32	79.37	67.83
NM_001182512.1	17.29	18.97	14.17	14.33	13.31	15.22
NM_001182513.1	0.34	0.22	0.6	0.21	0.39	0.29
NM_001182514.1	0.0	0.0	0.0	0.03	0.03	0.0
NM_001182515.1	4.44	4.03	5.09	5.55	5.53	5.85
NM_001182516.1	3.78	4.98	5.89	5.08	4.93	5.28
NM_001182517.1	9.34	8.83	10.7	10.7	11.8	11.44
NM_001182518.1	67.99	72.89	84.48	79.89	78.27	79.81
NM_001182519.1	1.89	1.35	1.95	1.24	1.69	1.94
NM_001182520.1	23.47	27.68	25.94	28.5	27.47	26.37
NM_001182521.1	3.34	3.29	5.51	2.7	2.77	3.75
NM_001182522.1	5.44	5.91	6.08	5.81	6.56	6.65
NM_001182523.1	63.08	69.45	65.89	74.48	70.83	67.88
NM_001182524.1	11.63	11.74	12.62	10.29	12.28	12.08
NM_001182525.1	9.92	11.89	9.49	12.94	9.89	13.11
NM_001182526.1	3.6	3.71	4.45	4.7	4.24	4.59
NM_001182527.1	32.81	36.75	27.67	41.01	36.28	33.45
NM_001182529.1	7.58	7.72	7.08	8.18	7.06	8.18
NM_001182530.1	30.53	29.17	29.9	38.16	38.9	35.15
NM_001182531.1	1.26	2.05	2.34	0.9	1.16	1.6
NM_001182532.1	8.03	9.96	11.9	10.54	9.17	10.73
NM_001182533.1	4.63	5.42	5.03	6.42	5.6	5.54
NM_001182534.1	18.43	21.71	15.87	22.2	19.63	20.18
NM_001182535.1	150.24	166.75	179.28	181.6	178.7	193.38
NM_001182536.1	33.78	36.01	32.36	44.89	42.4	38.99
NM_001182537.1	0.99	1.08	1.24	0.65	1.0	0.67
NM_001182538.1	5.72	6.59	5.91	5.28	6.58	6.57
NM_001182539.1	8.39	6.99	6.94	7.42	8.17	10.12
NM_001182540.1	37.3	33.33	37.38	29.87	29.25	31.84
NM_001182541.1	19.19	21.45	19.57	27.85	25.76	25.7
NM_001182542.2	25.27	27.04	22.64	28.92	32.14	29.59
NM_001182543.1	96.01	103.21	86.37	110.73	123.53	112.73
NM_001182544.1	37.82	37.54	31.62	39.04	35.69	36.27
NM_001182545.1	8.19	9.44	8.72	12.09	11.28	11.23
NM_001182546.1	83.31	89.47	79.17	86.07	83.47	81.68
NM_001182547.2	0.45	0.49	0.28	0.31	0.38	0.12
NM_001182548.1	1.2	0.75	0.37	0.77	0.72	0.4
NM_001182550.1	6.35	5.48	5.74	6.66	8.0	6.21
NM_001182551.1	0.43	0.55	1.1	0.54	0.64	0.7
NM_001182552.1	18.16	17.36	17.62	21.34	19.22	21.73
NM_001182553.1	3.61	4.88	5.23	6.07	6.76	6.59
NM_001182554.1	0.6	0.73	0.77	0.67	0.85	1.66
NM_001182556.1	508.92	469.53	441.03	578.58	573.03	554.32
NM_001182557.1	8.27	9.8	9.42	11.74	11.52	9.58
NM_001182558.1	11.55	10.85	15.56	10.85	10.1	11.17
NM_001182559.1	16.22	18.17	17.97	19.08	19.42	18.57
NM_001182560.1	33.48	33.39	31.52	69.83	64.99	61.9
NM_001182561.1	3.64	3.53	3.13	3.5	3.81	4.09
NM_001182562.1	6.1	6.34	6.35	4.91	5.45	6.48
NM_001182563.1	0.85	0.75	1.18	1.15	1.45	0.93
NM_001182564.1	2.55	2.73	2.72	3.02	3.16	3.24
NM_001182565.1	23.87	26.45	21.7	37.7	31.88	34.59
NM_001182566.1	1.52	2.09	1.51	1.48	1.44	1.43
NM_001182567.1	2.69	2.02	1.74	1.87	1.73	2.58
NM_001182568.1	16.78	18.43	16.31	17.66	16.51	17.88
NM_001182569.1	70.69	68.12	66.87	88.26	79.81	68.79
NM_001182570.1	184.49	204.47	193.12	190.35	175.91	149.25
NM_001182571.1	17.06	16.47	23.0	19.46	20.22	23.38
NM_001182572.1	107.5	111.59	106.33	119.26	113.95	113.56
NM_001182574.1	7.58	9.2	10.03	8.44	8.85	7.02
NM_001182575.1	12.99	13.75	13.73	12.53	11.27	12.18
NM_001182576.1	5.9	7.46	9.28	7.41	6.75	5.77
NM_001182577.1	5.49	5.94	8.1	6.42	6.11	6.49
NM_001182578.1	270.84	282.99	287.08	287.89	278.83	275.17
NM_001182579.1	32.16	32.04	32.53	37.19	37.44	36.17
NM_001182580.1	0.5	0.25	0.47	0.25	0.37	0.34
NM_001182582.1	295.63	297.99	290.53	292.84	274.11	272.52
NM_001182583.1	0.06	0.0	0.0	0.16	0.06	0.0
NM_001182584.1	0.0	0.03	0.0	0.0	0.04	0.13
NM_001182586.1	20.9	20.54	14.96	19.6	20.38	17.48
NM_001182587.1	5.15	5.62	5.61	6.36	5.25	5.97
NM_001182588.1	14.74	15.77	16.99	14.29	13.99	16.19
NM_001182589.1	15.69	16.19	17.84	19.67	18.16	17.44
NM_001182590.1	5.55	5.58	6.34	8.77	10.32	9.91
NM_001182591.1	53.82	56.79	49.41	81.8	78.19	74.43
NM_001182592.1	73.84	76.19	78.93	88.42	88.48	86.39
NM_001182593.1	37.26	39.82	38.83	47.34	45.81	45.53
NM_001182594.1	2.54	2.32	2.76	3.0	3.01	3.35
NM_001182595.1	0.07	0.18	0.0	0.12	0.07	0.25
NM_001182596.1	0.45	0.33	0.53	0.14	0.36	0.29
NM_001182597.1	5.71	7.02	7.59	7.24	6.93	7.51
NM_001182598.1	4.68	6.25	6.16	5.74	6.21	6.28
NM_001182599.1	162.33	166.61	157.25	151.41	149.96	132.5
NM_001182600.1	5.94	6.78	7.62	8.09	7.85	7.44
NM_001182601.1	0.59	0.37	0.23	0.36	0.36	0.25
NM_001182602.1	10.4	8.91	10.31	12.21	10.33	12.18
NM_001182604.1	2.76	3.58	4.3	3.75	4.09	4.35
NM_001182605.1	7.87	5.71	8.8	10.16	9.6	10.91
NM_001182606.1	5.41	3.89	4.62	3.64	3.83	3.41
NM_001182607.1	0.39	0.33	0.21	1.19	0.73	0.67
NM_001182608.1	220.1	231.67	226.63	270.37	256.48	266.13
NM_001182609.1	28.94	29.5	29.35	30.62	28.21	30.04
NM_001182610.1	19.86	20.54	21.62	29.1	27.7	27.12
NM_001182611.1	4.07	3.8	3.72	3.29	3.25	3.96
NM_001182612.1	28.56	31.38	37.66	29.01	28.23	28.56
NM_001182613.1	11.44	11.89	12.34	15.55	15.36	17.48
NM_001182614.1	3.58	3.48	3.68	3.89	4.07	3.67
NM_001182615.1	11.5	13.55	14.73	12.78	13.22	11.86
NM_001182616.1	3023.89	2867.26	2669.49	2524.28	2586.96	2453.06
NM_001182617.1	7.86	11.13	10.31	11.05	9.17	8.3
NM_001182618.1	0.33	0.0	0.26	0.14	0.23	0.0
NM_001182619.1	8.34	9.01	8.09	8.91	9.11	8.57
NM_001182621.1	169.35	140.95	91.6	135.52	142.96	90.23
NM_001182622.1	1340.29	1275.98	1189.78	1248.52	1211.8	1152.87
NM_001182624.1	97.93	101.44	109.89	95.38	99.96	115.91
NM_001182625.1	10.78	12.47	8.97	11.79	9.67	10.23
NM_001182626.1	43.8	47.72	49.0	50.73	49.28	52.11
NM_001182627.1	3.2	3.19	3.25	3.12	2.82	2.84
NM_001182628.1	4.23	4.86	6.17	4.59	6.12	3.72
NM_001182629.1	30.16	31.4	31.94	23.52	21.4	22.48
NM_001182630.1	20.91	21.47	21.8	26.67	24.36	21.79
NM_001182631.1	16.76	19.99	20.68	22.75	22.54	20.86
NM_001182632.1	105.16	109.29	101.01	95.29	91.96	99.29
NM_001182633.1	5.77	8.02	8.33	9.18	5.69	8.35
NM_001182634.1	0.04	0.17	0.19	0.07	0.11	0.07
NM_001182635.1	19.52	20.12	24.58	30.82	27.0	29.06
NM_001182636.1	5.82	5.75	5.19	8.24	8.5	7.78
NM_001182638.1	8.73	11.55	7.53	10.6	11.08	9.61
NM_001182639.1	3.33	2.6	3.13	3.36	3.29	2.63
NM_001182640.1	6.15	7.67	8.47	7.9	8.64	8.45
NM_001182641.1	14.39	14.12	14.57	16.77	16.3	18.24
NM_001182642.1	9.74	10.95	12.76	11.3	11.23	11.49
NM_001182644.1	3299.37	3195.26	2698.94	3141.56	3144.19	2667.08
NM_001182645.1	2217.07	2206.52	2095.32	2069.77	2063.21	1862.29
NM_001182646.1	10.68	10.65	12.99	10.93	10.78	10.54
NM_001182647.1	65.08	73.24	64.19	104.07	112.05	84.49
NM_001182648.1	280.31	275.64	297.46	260.68	264.1	285.58
NM_001182649.2	12.66	14.25	13.93	11.98	12.05	13.46
NM_001182650.1	7.93	11.49	9.8	8.78	8.3	9.34
NM_001182651.1	114.74	116.41	110.78	116.19	122.27	117.17
NM_001182652.1	9.23	13.55	15.56	9.06	9.0	11.22
NM_001182654.1	29.94	32.51	31.91	56.7	55.16	54.89
NM_001182656.1	33.38	36.86	29.02	36.03	32.31	33.78
NM_001182657.1	1.55	1.53	1.8	2.06	1.79	2.39
NM_001182658.1	6.04	7.18	9.14	7.17	5.84	7.0
NM_001182659.1	6.07	6.04	7.26	5.11	4.4	6.68
NM_001182660.1	16.18	15.92	16.67	20.13	18.84	22.33
NM_001182661.1	33.59	35.4	38.26	30.65	33.11	32.6
NM_001182663.1	4.18	3.34	5.58	4.21	5.12	6.21
NM_001182664.1	3.41	3.94	3.69	4.27	3.65	3.48
NM_001182665.1	46.51	48.4	44.55	54.89	56.46	50.55
NM_001182666.1	4.32	4.59	4.43	5.2	5.63	4.78
NM_001182667.1	2.02	2.72	2.51	2.61	2.91	2.63
NM_001182668.1	6.63	6.51	8.03	8.02	6.1	6.98
NM_001182669.1	8.35	8.04	7.79	9.74	8.9	8.32
NM_001182670.1	5.74	6.42	6.64	5.18	4.41	6.01
NM_001182671.1	4.34	5.16	5.19	5.36	5.41	4.69
NM_001182672.1	3.78	2.66	3.26	4.11	3.91	4.15
NM_001182673.1	6.47	7.77	7.03	8.48	7.86	8.24
NM_001182674.1	10.78	12.65	11.71	13.3	13.25	14.29
NM_001182675.1	8.01	8.7	9.39	10.84	9.25	10.74
NM_001182677.1	3.91	4.84	5.12	5.28	4.91	4.8
NM_001182678.1	448.21	422.61	426.7	244.06	227.83	280.54
NM_001182680.1	4.21	3.38	4.41	5.61	5.19	3.75
NM_001182681.1	0.0	0.15	1.12	0.73	0.33	0.61
NM_001182682.1	2.44	2.53	2.76	2.5	2.59	2.37
NM_001182683.1	9.02	9.72	9.88	8.75	7.96	7.77
NM_001182684.1	35.36	38.1	37.29	50.17	49.13	46.61
NM_001182685.1	5.59	6.47	6.63	6.91	5.45	6.78
NM_001182686.1	3.04	4.24	3.29	3.62	4.36	4.27
NM_001182687.1	7.35	7.82	6.73	4.54	5.38	5.03
NM_001182688.1	1.08	1.23	2.3	0.32	0.28	0.65
NM_001182689.1	117.4	115.33	119.61	120.84	116.22	116.33
NM_001182690.1	29.85	30.85	32.29	32.28	29.7	29.66
NM_001182691.1	5.92	5.69	6.16	5.43	6.28	7.57
NM_001182692.1	2020.6	2165.34	2031.2	2929.07	2625.3	2424.91
NM_001182693.1	3.2	3.46	4.53	4.23	4.09	5.44
NM_001182694.1	25.55	27.7	27.63	38.0	33.91	35.06
NM_001182695.1	19.08	18.01	17.45	25.88	24.77	24.26
NM_001182696.1	2.88	2.75	2.05	3.42	2.74	2.58
NM_001182697.1	10.88	11.76	15.31	16.19	14.75	17.34
NM_001182698.1	11.59	12.33	10.79	12.63	11.67	11.35
NM_001182700.1	17.61	22.98	21.72	23.28	19.58	19.37
NM_001182701.1	1977.23	1923.63	1639.12	1888.59	1881.74	1644.01
NM_001182702.1	22.33	24.0	22.18	31.58	26.1	24.0
NM_001182703.1	3.17	2.86	3.57	5.31	5.11	5.2
NM_001182704.1	41.05	43.82	41.03	53.36	45.22	41.96
NM_001182705.1	4.1	5.6	4.93	5.28	4.54	5.03
NM_001182706.1	14.55	14.23	15.89	14.93	14.67	14.24
NM_001182707.1	63.58	60.03	67.47	66.7	71.98	71.34
NM_001182708.1	6.7	7.37	8.59	11.02	9.64	9.68
NM_001182709.1	205.01	190.67	218.71	203.59	219.0	212.99
NM_001182710.1	182.87	186.22	188.38	187.11	185.66	198.73
NM_001182711.1	4.17	4.81	4.33	5.67	4.98	5.44
NM_001182712.1	507.37	504.32	518.55	423.4	404.24	448.22
NM_001182713.1	0.21	0.09	0.0	0.0	0.0	0.09
NM_001182714.1	1.41	1.53	1.51	1.66	1.46	1.02
NM_001182715.1	43.85	45.05	45.9	47.99	47.88	51.55
NM_001182716.1	10.13	10.55	11.21	8.21	10.12	10.22
NM_001182717.1	7.68	9.0	9.19	10.66	9.24	8.85
NM_001182718.1	5.51	5.92	7.02	6.07	6.66	6.61
NM_001182719.1	19.04	20.76	20.79	24.47	23.52	25.93
NM_001182720.1	6.26	7.76	6.06	7.34	7.83	6.71
NM_001182721.1	46.27	49.11	50.2	57.65	60.01	53.31
NM_001182722.1	87.11	91.14	91.03	73.16	75.05	74.64
NM_001182723.1	21.21	20.12	19.27	24.0	21.57	23.59
NM_001182724.1	426.66	423.24	429.08	435.87	442.71	449.9
NM_001182725.1	6.24	6.35	6.42	7.34	7.22	7.16
NM_001182726.1	8.48	9.31	7.67	9.37	7.87	8.95
NM_001182727.1	34.82	37.27	38.23	35.09	34.94	35.05
NM_001182728.1	28.44	28.66	30.84	31.5	29.77	30.24
NM_001182729.1	31.55	31.45	33.93	30.78	34.91	33.09
NM_001182730.1	11.11	13.52	12.66	14.07	13.65	11.41
NM_001182731.1	4.36	4.39	4.64	5.03	4.56	4.3
NM_001182732.1	40.08	40.72	40.09	34.09	34.54	34.95
NM_001182733.1	166.09	178.54	167.29	256.9	257.23	251.7
NM_001182734.1	11.05	11.28	11.21	13.06	11.0	10.23
NM_001182735.1	9.33	9.56	11.78	12.14	12.31	11.99
NM_001182736.1	133.04	133.2	131.53	158.88	160.96	147.01
NM_001182737.1	1532.88	1616.92	1491.23	1735.14	1739.99	1510.59
NM_001182738.1	10.1	10.98	11.81	11.44	11.19	10.87
NM_001182739.1	0.08	0.06	0.24	0.25	0.24	0.26
NM_001182740.1	10.27	9.99	10.22	10.41	8.09	7.74
NM_001182741.1	8.96	8.65	8.37	7.13	6.93	5.76
NM_001182742.1	133.05	138.73	133.42	104.6	103.59	107.59
NM_001182743.1	60.01	69.41	62.27	81.08	81.33	85.27
NM_001182744.1	38.36	40.58	40.64	50.58	51.54	52.32
NM_001182745.1	27.0	30.85	34.86	29.89	28.6	30.86
NM_001182746.1	10.75	11.62	13.75	13.29	11.68	12.59
NM_001182747.1	9.62	9.12	8.47	9.2	8.81	9.7
NM_001182748.1	131.59	123.89	134.36	132.67	128.6	129.49
NM_001182749.1	3287.36	3297.25	2922.69	3008.61	3058.75	2619.3
NM_001182750.1	93.05	99.55	98.49	92.15	89.95	95.86
NM_001182751.1	23.58	20.34	19.31	27.4	24.17	24.29
NM_001182752.1	0.05	0.04	0.22	0.04	0.22	0.08
NM_001182754.1	175.62	171.02	172.01	179.74	180.51	194.75
NM_001182755.1	14.38	15.36	17.44	14.6	14.0	14.63
NM_001182756.1	6.48	7.85	6.95	15.43	15.47	17.23
NM_001182757.1	0.69	0.51	0.29	0.46	0.47	0.86
NM_001182758.1	223.05	264.46	251.14	319.86	353.65	311.53
NM_001182759.1	3.57	4.08	5.79	5.59	5.54	7.25
NM_001182760.1	13.39	10.69	10.77	13.14	11.8	13.54
NM_001182762.1	23.25	25.49	28.2	29.82	24.4	23.97
NM_001182763.1	90.41	87.13	69.63	96.35	115.75	70.83
NM_001182764.1	0.98	1.23	1.67	1.11	1.05	1.48
NM_001182765.1	9.86	9.31	9.44	10.22	10.01	10.89
NM_001182766.1	12.15	13.86	13.51	10.49	10.57	9.67
NM_001182767.1	494.9	521.22	525.74	545.17	503.45	486.22
NM_001182768.1	30.76	34.73	30.31	49.3	43.06	43.74
NM_001182769.2	5.62	5.59	6.13	7.39	8.2	7.63
NM_001182770.1	23.57	22.91	21.74	27.08	27.96	31.86
NM_001182771.1	34.05	32.18	34.57	25.52	26.6	27.37
NM_001182772.1	5.04	4.5	4.66	3.69	3.97	3.97
NM_001182773.1	38.47	41.84	39.87	24.58	20.61	23.16
NM_001182774.1	13.54	13.64	17.72	17.76	16.96	16.78
NM_001182775.1	6.57	6.31	7.06	7.14	8.16	7.51
NM_001182776.1	17.94	18.36	23.59	22.17	15.8	17.01
NM_001182777.1	6.11	5.15	6.4	5.18	5.39	5.82
NM_001182778.1	0.86	0.3	0.34	0.36	0.8	1.47
NM_001182779.1	63.16	64.54	70.6	73.34	72.42	82.15
NM_001182780.1	7.31	8.46	5.46	8.5	7.78	7.17
NM_001182781.1	7.81	9.76	6.76	7.52	8.5	8.76
NM_001182782.1	10.68	11.26	12.69	11.31	12.68	12.06
NM_001182783.1	229.44	221.59	224.63	299.51	302.77	308.88
NM_001182784.1	13.92	15.55	14.38	17.7	16.18	17.29
NM_001182785.1	17.03	17.86	18.29	14.4	13.02	12.51
NM_001182786.1	0.16	0.16	0.2	0.13	0.18	0.32
NM_001182787.1	0.42	0.39	0.44	0.42	0.48	0.35
NM_001182788.1	15.5	14.82	16.4	15.2	14.58	14.85
NM_001182789.1	5.41	4.93	5.46	5.65	5.82	5.81
NM_001182790.1	5.62	5.02	4.62	5.7	6.24	5.51
NM_001182791.1	4.76	4.23	4.59	3.7	3.6	4.0
NM_001182792.1	17.46	17.74	19.11	26.68	23.4	23.33
NM_001182793.1	24.54	32.63	33.31	46.15	36.72	41.14
NM_001182794.1	3.41	3.24	2.95	3.58	3.33	3.22
NM_001182795.1	8.14	8.74	8.8	10.27	8.87	9.36
NM_001182796.1	10.94	14.44	15.49	16.0	16.3	16.6
NM_001182797.1	149.89	151.62	143.18	165.73	166.6	154.96
NM_001182799.1	15.01	16.14	14.79	17.89	15.69	17.6
NM_001182800.1	58.98	80.73	93.54	72.01	69.66	75.8
NM_001182801.1	3.76	3.41	4.17	3.12	2.99	2.57
NM_001182802.1	3.45	4.77	4.13	5.0	4.27	3.93
NM_001182804.1	165.59	158.97	161.41	185.54	182.56	187.71
NM_001182805.1	50.38	50.65	53.75	41.99	44.42	49.81
NM_001182806.1	134.34	132.08	148.27	156.6	154.11	172.15
NM_001182807.1	109.89	109.65	119.46	153.94	150.3	147.52
NM_001182808.2	4.77	3.98	5.81	5.56	5.75	4.56
NM_001182809.1	77.7	75.47	74.67	70.25	79.02	67.12
NM_001182810.1	12.91	14.56	14.37	12.63	13.33	12.47
NM_001182811.1	8.18	9.42	10.05	12.44	12.43	11.64
NM_001182812.1	1899.33	1818.66	1729.96	1986.06	1783.06	1860.29
NM_001182814.1	13.19	16.38	15.95	19.8	18.92	19.49
NM_001182815.1	234.3	252.51	218.12	215.41	213.7	213.23
NM_001182817.1	0.03	0.02	0.05	0.08	0.02	0.05
NM_001182818.1	841.46	871.84	836.84	677.82	699.45	702.28
NM_001182819.1	59.4	63.34	55.09	68.21	65.54	66.15
NM_001182820.1	138.41	147.24	147.41	134.31	136.57	131.92
NM_001182821.1	25.31	23.46	28.48	23.74	28.52	32.33
NM_001182822.1	57.59	53.27	49.5	63.61	60.55	55.25
NM_001182823.1	24.91	25.95	30.54	22.25	21.39	26.43
NM_001182824.1	7.33	8.22	8.59	9.55	9.29	9.02
NM_001182825.1	106.4	115.19	124.57	137.7	131.66	132.97
NM_001182826.1	96.94	106.31	91.61	115.48	115.28	113.71
NM_001182829.1	3.2	4.43	3.93	5.06	5.13	5.7
NM_001182830.2	0.75	0.56	0.89	0.33	0.23	0.42
NM_001182831.3	252.13	257.91	283.26	474.68	476.39	517.09
NM_001182832.1	33.39	29.62	24.53	55.64	47.68	45.35
NM_001182834.3	68.47	61.74	67.03	66.49	75.72	91.07
NM_001182835.1	0.0	0.06	0.22	0.06	0.0	0.0
NM_001182836.3	0.2	0.13	0.25	0.16	0.04	0.33
NM_001182838.1	0.25	0.0	0.0	0.0	0.0	0.0
NM_001182840.1	36.78	34.83	37.85	47.34	42.71	42.96
NM_001182841.3	129.04	134.86	138.91	131.98	125.41	118.5
NM_001182842.3	7.79	12.09	11.41	8.91	8.93	9.85
NM_001182843.1	29.63	32.76	35.21	29.8	28.81	27.86
NM_001182844.1	25.15	28.37	31.57	32.92	31.71	33.69
NM_001182845.3	17.7	18.3	19.83	19.1	19.1	19.39
NM_001182846.1	302.94	335.21	309.8	339.54	307.3	257.01
NM_001182847.2	8.53	9.78	10.59	9.59	9.05	9.93
NM_001182848.3	1.13	1.26	1.72	1.83	1.5	1.86
NM_001182849.3	265.61	266.49	248.8	260.58	253.96	220.84
NM_001182850.1	4.8	5.95	5.73	6.32	5.82	5.48
NM_001182851.1	0.88	0.53	0.6	0.38	0.43	0.33
NM_001182853.3	10.63	12.24	10.67	13.58	12.4	12.11
NM_001182854.1	56.38	60.35	58.75	54.35	59.32	59.45
NM_001182855.1	357.28	370.83	321.52	369.4	353.36	363.7
NM_001182857.3	0.37	0.12	0.22	0.14	0.08	0.1
NM_001182858.3	0.53	0.99	0.92	1.06	1.19	0.8
NM_001182859.1	3.74	4.98	5.02	5.44	5.11	5.48
NM_001182860.1	15.04	14.65	17.33	16.36	14.89	15.74
NM_001182861.3	19.47	20.53	20.81	22.61	23.61	23.41
NM_001182862.1	10.43	9.52	12.12	11.27	10.86	11.36
NM_001182863.1	2.41	3.27	2.42	4.18	3.28	3.3
NM_001182864.3	5.71	6.08	5.79	5.21	5.52	4.77
NM_001182865.1	14.93	16.42	17.0	19.65	17.32	19.3
NM_001182866.1	15.46	16.21	13.53	16.8	15.14	14.55
NM_001182868.3	3.59	3.41	3.62	2.95	3.68	3.47
NM_001182869.1	1509.06	1485.72	1422.96	1581.78	1483.59	1290.88
NM_001182870.1	1573.34	1559.79	1508.31	1566.0	1545.83	1403.16
NM_001182871.3	13.66	14.35	14.77	15.96	14.65	13.47
NM_001182872.3	0.53	0.99	0.92	1.11	1.19	0.7
NM_001182873.1	0.2	0.02	0.13	0.14	0.1	0.1
NM_001182874.1	25.4	24.88	24.98	35.42	31.08	33.02
NM_001182875.3	56.46	63.36	45.45	66.08	70.25	84.8
NM_001182876.1	89.73	92.62	117.62	134.63	135.39	124.13
NM_001182877.1	8.07	10.35	12.57	10.17	9.44	10.32
NM_001182878.3	16.12	16.1	16.47	19.96	16.59	15.4
NM_001182879.3	12.13	14.92	15.94	5.79	5.68	6.24
NM_001182880.1	12.46	14.23	11.45	14.27	12.82	12.25
NM_001182881.1	3.34	3.36	3.84	2.47	3.21	3.79
NM_001182883.1	99.19	102.28	80.62	118.03	124.76	87.99
NM_001182884.1	46.05	45.32	44.28	55.48	57.44	58.56
NM_001182885.3	12.4	13.8	9.74	15.0	14.97	17.3
NM_001182886.3	5.25	6.16	5.6	6.47	7.73	5.78
NM_001182887.1	13.91	16.69	16.47	16.12	16.97	14.88
NM_001182888.1	18.34	19.48	18.74	21.35	21.7	20.88
NM_001182889.3	20.01	24.1	18.71	27.58	22.58	26.91
NM_001182890.1	12.43	14.09	13.83	13.21	12.96	11.67
NM_001182891.1	87.87	81.47	68.22	101.53	107.1	84.27
NM_001182892.3	8.86	10.36	9.96	8.67	9.97	10.3
NM_001182893.3	8.18	10.33	7.88	11.61	9.34	11.77
NM_001182894.1	594.5	610.62	563.16	629.97	680.57	635.39
NM_001182895.3	19.66	17.6	19.69	20.56	20.6	22.56
NM_001182897.1	28.83	32.64	33.22	39.56	33.6	38.73
NM_001182898.1	18.3	17.8	18.12	20.17	18.42	19.95
NM_001182899.3	65.52	67.44	73.03	68.27	65.54	69.55
NM_001182900.3	37.98	42.43	42.18	46.27	43.47	47.15
NM_001182901.1	5.28	4.13	4.44	6.98	6.41	6.16
NM_001182902.1	499.72	552.29	565.59	744.25	686.94	674.69
NM_001182903.3	8.65	8.26	7.91	8.4	7.37	10.15
NM_001182904.1	245.9	233.46	210.49	186.07	182.69	187.64
NM_001182905.1	1783.17	1672.36	1562.67	1473.16	1527.32	1331.81
NM_001182906.3	12.36	12.05	12.81	10.45	10.19	9.28
NM_001182907.1	2905.48	2892.12	2621.19	2814.44	2889.84	2538.71
NM_001182908.1	184.35	193.76	179.8	175.65	162.82	152.91
NM_001182909.3	243.18	247.97	237.32	235.63	228.27	242.13
NM_001182910.1	16.34	15.64	16.08	20.43	17.71	20.55
NM_001182911.1	6.04	6.1	6.11	7.02	6.91	7.42
NM_001182912.3	37.27	38.94	32.21	40.92	38.25	40.69
NM_001182913.3	52.49	56.95	52.42	70.61	72.02	62.76
NM_001182914.1	7.62	7.96	8.21	9.26	8.4	8.63
NM_001182915.1	7.22	7.48	8.23	6.8	6.19	6.8
NM_001182916.3	20.41	20.85	18.82	21.33	20.98	22.84
NM_001182917.1	283.93	311.28	261.99	339.45	298.39	287.56
NM_001182918.1	7.89	9.8	9.06	8.62	9.51	9.33
NM_001182919.3	35.29	40.74	40.38	42.84	47.91	43.13
NM_001182920.3	8.09	8.16	8.95	8.57	7.39	8.66
NM_001182921.1	5.17	5.03	4.47	5.82	5.58	6.07
NM_001182922.1	58.99	66.17	62.64	91.24	81.73	77.45
NM_001182923.3	59.67	62.31	69.9	75.06	74.17	79.69
NM_001182924.1	11.62	8.2	9.58	13.74	13.96	16.29
NM_001182925.1	32.85	34.32	35.2	30.33	27.37	28.28
NM_001182926.3	25.31	28.74	29.9	21.29	20.07	21.16
NM_001182928.3	29.94	30.45	29.91	30.91	32.47	30.36
NM_001182929.1	11.36	12.43	14.11	13.15	11.18	12.21
NM_001182930.1	1.53	1.82	1.2	0.94	1.37	2.02
NM_001182931.3	0.37	0.25	0.23	0.3	0.14	0.38
NM_001182932.1	4.26	4.06	4.94	5.2	4.56	5.04
NM_001182933.1	6.71	8.06	7.66	8.18	7.34	8.47
NM_001182934.3	1634.76	1563.83	1289.87	1482.86	1455.93	1321.58
NM_001182935.3	8.6	8.75	10.15	8.92	7.85	7.26
NM_001182936.1	94.62	99.54	93.92	127.01	125.27	125.85
NM_001182937.3	32.28	34.28	34.89	29.68	34.35	34.46
NM_001182938.1	15.62	18.94	23.66	28.3	26.99	27.26
NM_001182939.1	9.56	8.88	9.52	11.57	11.04	12.08
NM_001182940.3	17.27	19.87	16.51	21.02	17.91	18.55
NM_001182941.3	12.42	14.68	13.24	14.42	14.05	13.84
NM_001182942.1	123.28	121.91	127.81	186.89	194.42	194.42
NM_001182944.1	4.44	4.3	4.92	4.75	4.54	4.77
NM_001182945.3	16.49	17.12	17.84	16.01	15.37	15.98
NM_001182946.1	57.58	53.73	59.3	57.98	64.15	54.66
NM_001182948.1	102.13	114.51	106.54	103.68	93.77	91.07
NM_001182949.3	109.2	96.16	110.85	102.36	98.8	74.71
NM_001182950.3	254.89	242.62	242.55	249.89	259.24	259.66
NM_001182951.1	133.69	138.01	137.72	135.71	140.15	120.31
NM_001182953.1	11.04	12.83	11.9	17.0	16.01	15.2
NM_001182954.3	19.61	19.12	15.71	22.36	22.37	22.36
NM_001182955.1	0.47	0.13	0.15	0.08	0.03	0.0
NM_001182956.1	29.0	30.85	26.08	38.01	34.68	36.39
NM_001182957.3	11.26	12.62	12.45	0.09	0.06	0.0
NM_001182959.3	81.86	81.77	102.44	103.18	89.39	101.77
NM_001182960.1	39.66	42.16	37.96	47.01	49.28	47.99
NM_001182961.1	48.09	48.53	47.05	61.66	57.92	59.16
NM_001182962.3	20.16	17.1	19.69	23.78	22.43	24.26
NM_001182963.1	6.25	5.94	5.26	6.4	6.45	6.3
NM_001182964.1	4.64	5.78	7.25	5.93	6.11	6.02
NM_001182965.3	6.16	5.69	5.7	7.26	6.97	6.7
NM_001182966.4	0.51	0.5	0.43	0.19	0.47	0.47
NM_001182967.1	19.09	20.18	24.41	21.74	19.42	19.42
NM_001182968.3	56.69	61.46	66.97	64.65	65.67	63.5
NM_001182969.1	248.0	259.12	237.46	299.73	283.19	302.86
NM_001182970.1	63.21	64.38	67.12	69.07	69.23	68.41
NM_001182971.3	9.12	10.39	8.24	9.39	8.76	6.42
NM_001182972.3	143.75	163.71	203.0	242.27	270.88	276.11
NM_001182973.1	807.63	761.31	674.92	779.85	736.43	676.83
NM_001182974.1	6.57	5.2	7.49	6.95	5.85	6.47
NM_001182975.3	24.49	25.7	25.57	26.29	26.76	27.24
NM_001182976.1	149.85	165.91	163.65	158.48	146.14	147.51
NM_001182977.3	12.67	13.63	12.26	15.02	14.49	13.79
NM_001182979.1	97.08	97.52	96.54	65.9	65.26	65.0
NM_001182980.1	1.51	1.36	1.89	1.1	1.24	1.46
NM_001182982.1	1.08	0.91	1.11	0.7	0.76	1.04
NM_001182983.1	240.99	297.38	260.63	319.11	289.28	243.88
NM_001182984.3	2.95	3.11	5.33	2.55	3.82	3.76
NM_001182985.1	95.88	111.97	102.34	101.8	95.4	95.09
NM_001182986.1	7.08	7.82	9.39	7.7	8.52	7.51
NM_001182987.1	86.21	90.29	99.15	136.2	137.88	145.1
NM_001182989.3	42.62	48.08	46.84	48.42	49.52	45.76
NM_001182990.1	10.88	10.43	11.29	11.89	12.13	11.72
NM_001182991.1	70.14	76.14	74.27	86.32	89.91	72.65
NM_001182992.1	65.97	72.0	67.21	68.38	63.2	65.0
NM_001182993.1	41.72	43.2	45.18	67.06	60.77	59.17
NM_001182994.3	21.66	23.37	22.54	26.46	25.79	23.05
NM_001182995.1	37.99	40.21	35.93	38.88	40.61	37.1
NM_001182996.1	19.98	20.34	19.35	19.13	19.37	17.05
NM_001182997.1	12.1	13.25	14.85	16.45	16.13	13.12
NM_001182998.1	46.01	48.27	68.32	22.69	17.3	39.1
NM_001182999.3	19.13	20.53	17.95	18.73	16.53	17.46
NM_001183000.1	3128.39	3190.6	2737.15	3360.21	3259.58	2580.77
NM_001183001.1	18.65	18.35	21.93	22.39	20.64	23.67
NM_001183002.1	8.4	11.65	10.64	12.05	10.52	12.08
NM_001183003.3	7.24	6.2	7.56	6.09	7.0	7.75
NM_001183004.1	38.66	40.49	29.8	49.26	42.27	42.4
NM_001183005.1	11.07	12.64	8.44	11.68	9.79	11.04
NM_001183006.1	38.85	39.55	47.3	30.13	31.6	28.62
NM_001183007.1	15.74	17.07	17.56	18.76	17.71	18.12
NM_001183010.4	2.59	2.36	2.82	2.62	2.7	2.59
NM_001183011.1	22.11	24.92	19.87	36.5	33.27	31.85
NM_001183013.2	109.78	112.43	102.98	86.42	86.62	84.12
NM_001183014.2	8.92	9.18	8.58	9.37	10.5	8.83
NM_001183015.2	30.96	34.38	33.5	34.12	30.81	33.58
NM_001183016.3	3622.85	3534.9	3263.23	3375.34	3457.57	3257.67
NM_001183018.1	21.16	19.62	21.84	23.05	22.93	22.25
NM_001183019.2	22.91	25.45	25.64	27.51	23.45	28.94
NM_001183020.1	30.58	30.51	33.57	30.29	32.1	33.15
NM_001183021.1	11.23	13.04	11.83	11.92	11.26	12.09
NM_001183023.1	28.34	30.1	24.3	26.11	24.44	29.34
NM_001183024.2	20.43	24.12	18.26	21.06	18.72	20.5
NM_001183025.1	0.61	0.64	0.97	0.66	0.57	0.88
NM_001183026.1	4.37	5.6	4.94	5.57	5.02	6.08
NM_001183027.1	161.14	166.25	164.08	182.61	177.94	177.55
NM_001183028.1	570.39	566.6	495.49	447.85	493.14	426.2
NM_001183029.1	12.66	14.25	16.63	13.34	18.56	15.66
NM_001183030.2	20.06	22.99	19.85	25.82	22.22	24.43
NM_001183031.2	9.19	9.93	11.39	8.94	9.21	10.85
NM_001183032.1	0.33	0.14	0.09	0.23	0.1	0.09
NM_001183033.1	1.84	1.76	2.19	3.34	3.16	3.23
NM_001183034.1	0.0	0.0	0.09	0.05	0.1	0.1
NM_001183035.1	29.05	30.8	28.8	29.18	28.2	27.73
NM_001183037.1	16.12	15.24	16.18	18.03	16.3	17.28
NM_001183038.1	8.83	8.57	9.25	9.52	9.34	12.51
NM_001183039.1	10.95	11.66	12.0	11.72	11.53	11.71
NM_001183040.1	2.0	2.45	1.34	2.39	2.85	2.52
NM_001183042.1	0.0	0.14	0.0	0.23	0.05	0.0
NM_001183044.1	12.12	15.62	14.44	16.21	15.08	15.62
NM_001183045.1	42.85	41.97	45.87	49.5	48.15	48.26
NM_001183046.1	258.59	243.57	266.58	271.24	246.77	275.0
NM_001183047.1	3047.34	3013.75	2666.18	2751.97	2598.26	2707.94
NM_001183048.1	0.0	0.1	0.0	0.05	0.0	0.1
NM_001183049.1	1.5	3.09	3.41	3.43	1.54	1.7
NM_001183050.1	21.04	25.07	25.54	27.0	26.13	27.86
NM_001183051.1	4.56	4.1	4.3	5.44	5.69	6.07
NM_001183052.1	7.79	8.89	11.22	12.09	11.03	10.76
NM_001183053.1	22.37	22.24	21.4	30.95	28.75	28.22
NM_001183054.1	40.63	49.24	33.85	47.33	37.61	39.34
NM_001183055.1	31.09	27.15	34.21	27.79	27.83	29.48
NM_001183056.1	5.55	7.0	5.12	8.05	7.17	6.14
NM_001183057.1	32.53	34.28	37.51	32.3	32.47	31.99
NM_001183058.1	191.05	180.21	149.39	207.03	208.37	158.2
NM_001183059.1	12.1	12.21	13.91	12.86	13.43	13.25
NM_001183060.1	25.42	28.17	26.82	25.9	20.36	21.93
NM_001183061.1	3.43	3.01	3.76	3.74	3.78	3.18
NM_001183062.1	11.99	11.65	11.15	12.35	11.58	11.67
NM_001183063.1	5.67	8.02	5.27	7.72	6.61	7.26
NM_001183065.1	9.15	10.54	11.8	9.6	10.13	9.69
NM_001183067.1	34.58	39.16	44.67	38.33	36.49	33.19
NM_001183068.1	2.55	3.69	1.96	2.35	2.48	2.58
NM_001183069.1	82.92	80.98	90.44	70.8	65.94	76.79
NM_001183070.1	37.89	39.66	46.53	48.74	47.52	51.11
NM_001183071.1	11.43	14.08	9.9	12.78	11.01	10.84
NM_001183072.1	3.12	3.77	3.08	2.99	2.66	3.12
NM_001183074.1	8.81	9.77	9.7	9.97	10.2	11.47
NM_001183075.1	2.53	2.35	3.45	2.82	1.99	2.78
NM_001183076.1	15.25	16.07	16.37	15.82	16.49	15.81
NM_001183077.1	57.35	61.08	59.49	56.04	53.9	52.85
NM_001183078.1	10.92	12.81	12.93	17.28	19.02	20.51
NM_001183079.1	91.01	94.12	101.25	142.23	142.41	165.75
NM_001183080.1	3.21	3.67	3.44	3.62	3.63	3.86
NM_001183081.2	52.92	52.4	51.01	61.79	58.67	65.1
NM_001183082.1	417.2	435.57	433.75	414.73	402.3	360.04
NM_001183083.1	14.38	15.27	13.33	18.08	17.08	17.61
NM_001183084.1	21.06	21.54	24.02	29.45	25.77	25.14
NM_001183085.1	114.45	116.58	117.09	121.89	119.73	122.47
NM_001183086.1	120.28	124.08	114.95	130.05	126.49	123.1
NM_001183087.1	3.05	2.65	3.24	3.71	3.4	2.91
NM_001183088.1	3.39	3.18	2.65	3.35	3.38	3.39
NM_001183089.1	49.57	50.12	47.18	48.56	48.38	46.35
NM_001183090.1	18.63	17.89	18.77	22.83	23.56	24.83
NM_001183091.1	9.8	9.71	10.7	12.14	12.56	13.16
NM_001183092.1	5.16	5.17	4.59	5.47	5.55	6.91
NM_001183093.1	503.01	481.79	447.68	471.85	500.6	430.22
NM_001183094.1	15.18	15.76	15.97	18.32	18.64	22.78
NM_001183095.1	3.6	3.77	4.36	4.43	3.78	4.27
NM_001183096.1	12.15	13.01	15.42	13.43	12.06	12.61
NM_001183097.1	66.7	66.27	72.24	63.17	54.09	48.76
NM_001183098.2	20.89	21.71	20.7	24.58	26.43	21.23
NM_001183099.1	8.29	9.03	9.82	9.02	10.07	8.86
NM_001183100.1	8.89	9.49	11.12	9.44	9.18	9.0
NM_001183101.1	57.91	57.54	52.77	66.42	68.54	64.7
NM_001183102.1	26.48	27.58	30.33	34.43	34.39	34.77
NM_001183103.1	14.56	18.92	20.94	17.78	20.7	20.65
NM_001183105.1	9.04	9.93	10.25	10.24	10.58	9.61
NM_001183106.1	86.77	85.95	86.58	100.65	92.01	95.97
NM_001183107.1	0.0	0.0	0.0	0.0	0.0	0.0
NM_001183108.1	2.1	1.85	2.36	2.08	2.25	3.42
NM_001183109.2	8.7	9.6	9.14	10.73	8.93	9.57
NM_001183110.1	8.68	9.92	10.86	11.29	9.44	9.34
NM_001183111.1	4.64	5.34	5.35	5.21	5.23	5.16
NM_001183112.1	10.98	10.1	8.77	14.38	14.42	12.93
NM_001183113.1	5.3	6.45	5.17	6.84	6.61	6.92
NM_001183115.1	3.66	4.1	3.49	1.3	1.76	1.5
NM_001183116.1	7.63	8.57	7.84	7.14	6.63	6.94
NM_001183117.1	0.26	0.66	0.53	1.79	1.23	1.56
NM_001183118.1	43.7	47.08	48.11	48.13	46.07	46.3
NM_001183119.1	176.88	177.55	176.43	181.86	169.43	157.19
NM_001183120.1	15.13	10.73	12.08	11.7	11.16	13.07
NM_001183121.1	14.93	14.33	12.75	11.89	13.48	10.08
NM_001183122.1	28.8	37.29	33.3	34.45	35.37	30.0
NM_001183124.1	7.12	9.88	10.36	11.82	7.71	8.04
NM_001183125.1	92.56	103.32	95.6	126.82	121.57	121.17
NM_001183126.1	28.47	29.06	29.63	25.44	26.6	27.35
NM_001183127.1	23.99	20.82	26.38	26.55	27.62	30.26
NM_001183128.1	35.48	35.01	36.92	43.81	43.76	50.37
NM_001183129.1	10.27	11.05	11.05	8.99	8.82	8.11
NM_001183130.1	32.99	32.72	30.44	25.93	25.27	26.49
NM_001183131.1	6.96	6.63	6.65	6.56	6.41	6.22
NM_001183132.1	2.32	2.5	3.19	3.29	2.68	3.07
NM_001183133.1	5.38	6.71	7.05	7.52	8.42	6.35
NM_001183135.1	10.47	11.31	10.55	12.72	12.04	12.6
NM_001183136.1	11.03	12.21	11.71	14.66	13.94	13.86
NM_001183137.1	7.49	7.63	10.24	7.6	9.49	10.85
NM_001183138.1	179.93	178.86	209.43	149.96	178.35	203.12
NM_001183139.1	1245.34	1148.86	1201.6	966.43	967.5	959.38
NM_001183140.1	2743.61	2726.29	2575.47	2702.86	2713.47	2426.12
NM_001183142.1	7.14	8.35	7.3	6.95	8.29	7.07
NM_001183143.1	25.11	24.28	27.97	33.56	35.87	39.81
NM_001183144.1	46.91	52.16	55.3	61.38	58.4	62.63
NM_001183145.1	70.05	72.27	72.7	79.02	74.78	70.98
NM_001183146.1	61.06	65.45	60.11	61.46	56.13	57.89
NM_001183147.1	14.78	13.82	12.66	12.76	12.09	13.01
NM_001183148.1	28.4	35.11	32.52	29.4	29.63	27.09
NM_001183149.1	5.95	4.64	5.58	5.38	5.6	5.5
NM_001183150.1	66.89	71.91	63.85	91.99	85.79	77.13
NM_001183151.1	25.16	25.77	27.36	29.63	27.93	29.44
NM_001183152.1	5.37	6.32	5.39	5.59	6.94	5.5
NM_001183153.1	28.35	24.46	31.95	27.7	28.58	31.25
NM_001183154.1	13.64	12.8	10.28	14.74	15.34	13.34
NM_001183155.1	10.66	10.47	10.05	11.34	10.63	11.12
NM_001183156.1	0.03	0.03	0.0	0.0	0.06	0.05
NM_001183158.1	14.29	15.64	16.01	14.89	16.18	17.02
NM_001183159.1	12.48	13.49	12.66	11.68	11.09	12.61
NM_001183160.1	124.02	133.22	118.88	129.99	130.92	127.79
NM_001183161.1	38.39	39.78	36.06	50.78	49.67	48.43
NM_001183163.1	3.57	3.41	4.05	4.38	4.31	4.62
NM_001183164.1	6.95	6.7	6.92	7.29	6.29	6.29
NM_001183165.2	131.21	156.9	125.01	147.5	138.78	138.98
NM_001183166.1	4.39	3.24	3.53	3.78	3.56	2.91
NM_001183167.1	3.67	3.58	4.81	4.29	4.46	4.74
NM_001183168.1	26.4	28.9	29.67	33.9	34.61	36.11
NM_001183169.1	0.63	0.45	0.42	1.3	1.46	2.37
NM_001183170.1	0.35	0.38	0.62	0.77	1.14	1.09
NM_001183171.1	3.3	5.0	4.66	5.48	6.05	8.56
NM_001183172.1	3.9	2.6	1.15	2.9	2.65	1.75
NM_001183173.1	0.07	0.18	0.11	0.54	0.4	0.12
NM_001183174.1	9.46	12.73	9.98	14.51	13.43	11.33
NM_001183177.1	0.03	0.06	0.06	0.09	0.05	0.06
NM_001183178.1	53.51	61.39	52.42	105.26	105.05	91.62
NM_001183179.3	0.24	0.5	0.0	0.19	0.6	0.5
NM_001183180.1	39.05	41.14	38.02	27.4	27.98	25.42
NM_001183181.1	4.6	7.12	6.39	5.1	5.63	4.0
NM_001183183.3	18.81	18.58	15.75	21.76	20.41	17.14
NM_001183184.3	5.67	6.32	6.78	7.99	7.63	7.52
NM_001183185.1	21.21	22.44	24.07	21.74	22.75	24.7
NM_001183186.1	19.25	21.01	21.1	18.51	18.1	18.44
NM_001183187.3	17.76	19.21	17.0	19.63	23.01	15.89
NM_001183188.1	7.73	8.69	9.04	10.65	7.88	8.9
NM_001183189.1	18.61	18.51	18.55	20.33	20.36	17.56
NM_001183190.3	34.05	32.02	36.07	29.41	31.77	30.62
NM_001183191.3	3.3	4.78	2.65	5.42	5.31	4.82
NM_001183192.1	18.3	20.62	19.95	20.25	23.88	22.19
NM_001183193.1	223.16	242.77	207.97	223.45	203.28	224.56
NM_001183194.3	95.26	84.59	81.99	90.12	91.63	89.57
NM_001183195.1	82.82	92.74	93.0	98.26	92.03	102.22
NM_001183196.1	32.81	35.38	33.99	49.97	45.44	47.48
NM_001183197.3	11.54	10.39	10.8	12.58	12.2	14.19
NM_001183198.3	118.86	126.01	126.57	127.51	120.24	117.21
NM_001183199.1	35.17	35.93	39.81	40.14	41.99	41.74
NM_001183200.1	8.09	9.07	8.84	10.19	9.76	10.55
NM_001183201.3	15.45	17.01	18.84	18.6	17.22	19.36
NM_001183203.1	27.12	28.32	26.52	24.35	25.7	24.49
NM_001183204.1	9.99	10.06	10.21	11.0	10.01	13.2
NM_001183205.3	20.63	26.39	26.61	17.6	18.51	18.92
NM_001183206.3	15.28	18.22	19.52	22.37	21.97	21.45
NM_001183207.1	30.32	31.73	37.33	28.8	29.58	32.27
NM_001183208.1	6.31	6.66	6.82	7.4	7.2	6.93
NM_001183209.3	7.26	7.58	9.23	9.63	10.48	9.68
NM_001183210.1	14.3	16.11	18.55	20.81	19.53	23.78
NM_001183211.3	17.34	17.56	16.66	22.69	22.64	19.97
NM_001183212.1	91.77	91.12	91.84	118.03	118.77	122.26
NM_001183213.1	72.47	74.63	70.15	93.34	85.57	110.96
NM_001183214.3	37.96	41.25	43.85	35.43	42.89	50.68
NM_001183215.1	26.71	28.73	24.31	40.36	35.93	39.74
NM_001183216.1	10.1	11.8	10.53	12.68	10.42	10.72
NM_001183217.3	11.54	10.92	13.07	12.63	12.22	12.82
NM_001183218.3	14.95	16.85	17.49	20.94	20.24	22.79
NM_001183220.1	161.96	160.69	159.68	214.4	207.22	195.97
NM_001183221.1	20.4	26.04	23.74	30.16	34.78	43.83
NM_001183222.3	3.26	3.16	3.14	2.77	3.62	2.98
NM_001183223.1	123.32	112.86	111.34	121.82	134.17	133.68
NM_001183224.1	12.53	13.76	11.11	12.64	12.71	12.72
NM_001183225.3	6.47	5.85	7.86	6.92	7.14	8.95
NM_001183226.3	20.49	19.22	17.86	22.59	20.51	18.27
NM_001183227.1	138.5	134.3	127.99	152.99	140.0	159.0
NM_001183228.1	24.86	24.71	24.66	25.69	22.27	25.6
NM_001183229.3	34.39	35.23	35.17	40.43	35.19	43.19
NM_001183230.1	68.17	67.94	77.32	85.32	84.1	85.62
NM_001183231.1	38.64	41.53	39.22	38.21	33.7	29.91
NM_001183232.3	13.83	15.92	15.21	14.14	13.46	11.8
NM_001183233.3	0.06	0.0	0.05	0.0	0.0	0.05
NM_001183234.1	1.8	1.92	2.18	2.05	3.33	2.59
NM_001183235.1	0.04	0.18	0.28	0.38	0.53	0.42
NM_001183236.3	1.1	1.6	1.17	1.35	1.62	1.62
NM_001183237.1	6.08	4.19	5.38	1.95	1.83	1.6
NM_001183238.1	48.08	53.48	49.22	59.59	58.32	55.78
NM_001183239.3	0.0	0.39	0.32	0.3	0.43	0.61
NM_001183240.3	1.74	3.57	2.86	3.09	3.44	2.66
NM_001183241.1	0.69	0.39	0.45	0.85	0.96	1.37
NM_001183242.1	1.21	1.24	1.09	1.69	1.41	1.31
NM_001183243.3	1.33	1.48	1.11	1.99	2.2	1.39
NM_001183244.1	73.88	80.16	75.08	83.54	74.87	77.17
NM_001183245.1	0.12	0.0	0.1	0.0	0.0	0.0
NM_001183246.3	0.18	0.03	0.39	0.26	0.36	0.12
NM_001183247.4	0.08	0.16	0.08	0.14	0.11	0.09
NM_001183248.1	0.25	0.08	0.15	0.32	0.09	0.17
NM_001183249.1	0.0	0.03	0.0	0.0	0.0	0.0
NM_001183250.3	0.79	0.55	1.13	1.07	1.17	1.39
NM_001183251.1	12.71	12.97	15.61	24.31	23.37	23.97
NM_001183252.1	4.57	4.91	5.83	3.87	3.84	4.07
NM_001183253.3	0.0	0.0	0.0	0.1	0.0	0.0
NM_001183255.1	3.36	3.59	3.04	2.95	3.05	2.8
NM_001183256.1	28.64	32.32	32.71	42.01	45.47	44.46
NM_001183257.1	10.83	12.56	12.24	11.71	12.12	11.87
NM_001183258.1	34.35	37.85	30.71	41.33	35.02	37.59
NM_001183259.1	107.68	107.58	108.26	110.08	110.16	108.51
NM_001183260.1	26.18	29.92	29.38	24.35	20.66	22.02
NM_001183261.1	28.47	33.05	35.27	31.18	31.14	28.18
NM_001183262.1	18.02	18.15	19.32	19.73	18.75	21.3
NM_001183263.1	3.06	3.71	4.61	4.18	4.24	3.22
NM_001183264.1	28.54	30.52	35.65	33.41	37.44	35.99
NM_001183265.1	10.26	12.05	9.92	12.99	13.4	14.6
NM_001183266.1	91.27	93.88	91.24	68.46	74.12	70.7
NM_001183267.1	7.53	8.66	8.54	8.25	7.91	8.76
NM_001183268.1	1.48	0.1	0.77	0.2	1.25	0.42
NM_001183269.1	0.06	0.12	0.0	0.02	0.11	0.1
NM_001183270.1	13.78	16.08	16.43	20.35	19.15	18.94
NM_001183271.1	4.81	5.06	5.84	6.26	6.06	6.4
NM_001183272.1	14.74	15.41	17.05	16.07	16.23	16.41
NM_001183273.1	15.43	17.86	19.82	17.19	16.3	17.09
NM_001183274.1	20.75	21.55	22.57	18.39	18.39	20.06
NM_001183275.1	37.31	38.37	41.57	45.19	44.12	45.3
NM_001183276.2	48.13	47.32	45.92	44.95	48.13	45.22
NM_001183277.1	2.92	2.81	3.46	2.95	2.58	3.01
NM_001183278.1	0.0	0.08	0.0	0.15	0.0	0.0
NM_001183279.1	4.3	4.31	4.29	4.58	4.85	4.15
NM_001183280.1	50.52	48.18	58.01	50.89	55.92	65.92
NM_001183281.1	34.88	40.33	36.8	47.88	47.02	50.8
NM_001183282.1	14.17	14.14	13.19	17.24	13.47	15.63
NM_001183283.1	0.08	0.0	0.13	0.13	0.07	0.0
NM_001183284.1	122.95	132.03	126.36	145.41	145.26	144.09
NM_001183285.1	19.8	22.61	22.79	17.56	17.85	14.77
NM_001183286.1	16.39	18.54	16.92	21.63	19.97	19.1
NM_001183287.1	3.4	4.27	4.48	4.06	4.92	4.14
NM_001183288.1	2.81	2.92	3.07	3.48	2.52	2.64
NM_001183290.1	11.92	13.91	9.87	13.59	11.02	12.07
NM_001183292.1	117.24	119.51	123.06	152.48	144.96	151.34
NM_001183293.1	2470.45	2460.37	2208.85	2416.32	2428.66	2313.06
NM_001183294.1	3711.03	3720.86	3222.0	3315.18	3190.61	2955.18
NM_001183295.1	75.5	84.8	72.9	99.42	85.32	79.5
NM_001183296.1	8.05	9.05	10.74	8.84	8.43	9.88
NM_001183297.1	1.51	1.91	1.26	2.35	2.1	2.57
NM_001183298.1	9.11	9.16	9.31	8.55	8.42	8.04
NM_001183299.1	8.68	9.19	9.3	10.7	9.72	11.2
NM_001183301.1	0.47	0.16	0.22	0.43	0.35	0.72
NM_001183302.1	4.63	3.81	4.25	6.52	7.05	6.69
NM_001183303.1	42.49	44.29	45.65	49.2	49.33	47.85
NM_001183305.1	19.61	22.09	20.07	20.55	17.97	20.69
NM_001183306.1	40.26	38.9	41.05	39.44	41.52	41.42
NM_001183307.1	9.15	5.69	2.05	6.63	6.04	4.81
NM_001183308.1	6.18	5.57	6.48	6.92	7.22	8.03
NM_001183309.1	7.24	7.79	7.62	9.36	10.09	11.52
NM_001183310.1	4.31	4.92	4.12	5.58	5.57	6.74
NM_001183311.1	12.51	14.63	18.1	14.92	14.21	15.93
NM_001183312.1	31.21	33.26	33.16	31.32	30.44	32.06
NM_001183313.2	20.41	15.56	19.22	23.73	25.0	29.25
NM_001183314.1	109.26	105.27	104.82	96.7	99.9	95.42
NM_001183315.1	13.14	15.01	14.32	13.91	14.6	15.87
NM_001183316.1	90.87	95.93	92.92	107.01	106.99	115.32
NM_001183317.1	10.54	9.4	11.73	12.29	11.7	12.04
NM_001183318.1	3.07	3.03	3.27	3.74	3.36	3.23
NM_001183319.1	55.24	52.03	52.04	58.56	57.95	54.37
NM_001183320.1	10.1	10.77	12.06	13.32	12.19	14.17
NM_001183321.1	9.49	11.21	10.73	10.52	10.09	11.31
NM_001183322.1	14.98	18.62	16.58	17.59	18.84	22.69
NM_001183323.1	8.35	9.39	7.93	10.1	9.61	9.04
NM_001183324.1	5.94	6.41	7.02	6.45	5.95	6.88
NM_001183325.1	37.16	39.2	33.81	49.13	45.54	47.63
NM_001183326.1	17.96	18.58	20.24	22.81	20.84	20.57
NM_001183327.1	5.97	5.75	5.72	5.68	4.92	6.19
NM_001183328.1	10.68	11.45	11.54	12.17	11.89	12.12
NM_001183329.2	2.23	3.0	3.07	3.14	3.09	2.98
NM_001183330.1	22.19	25.73	27.82	31.03	31.48	31.51
NM_001183331.2	138.32	141.46	152.27	155.36	167.02	150.03
NM_001183332.1	3.91	4.74	3.35	5.69	5.01	5.22
NM_001183334.1	20.45	22.38	24.53	22.62	24.76	23.7
NM_001183335.1	3.91	4.0	4.43	3.53	3.3	3.83
NM_001183336.1	9.09	9.08	9.59	7.92	8.06	8.08
NM_001183337.1	1.73	2.15	1.94	1.83	1.94	1.68
NM_001183338.1	0.09	0.09	0.11	0.04	0.15	0.06
NM_001183340.1	8478.62	7937.51	8345.55	8089.81	7807.84	8715.23
NM_001183341.1	5.59	6.35	6.44	6.22	5.76	6.59
NM_001183342.1	39.02	37.27	41.34	33.88	37.0	33.82
NM_001183343.1	6.48	6.94	5.95	6.18	6.3	5.66
NM_001183344.1	24.83	25.99	28.43	27.2	25.39	24.19
NM_001183345.1	0.06	0.17	0.09	0.14	0.13	0.05
NM_001183346.1	83.45	87.59	84.69	92.83	91.71	88.85
NM_001183347.1	27.93	26.88	29.4	29.02	28.07	30.16
NM_001183348.1	31.36	32.85	34.02	28.58	30.57	28.15
NM_001183349.1	2.58	2.88	2.62	2.77	2.57	2.88
NM_001183350.1	8.48	11.16	10.36	12.05	12.44	12.67
NM_001183351.1	164.7	171.57	154.3	188.38	190.32	176.38
NM_001183352.1	39.89	42.5	46.63	52.18	49.97	52.28
NM_001183354.1	3.53	3.59	3.82	3.28	3.28	3.8
NM_001183355.1	11.16	14.28	8.51	14.04	13.93	12.49
NM_001183356.1	29.18	31.23	29.85	26.0	25.65	24.55
NM_001183357.1	10.21	11.7	11.67	14.09	14.46	14.46
NM_001183358.1	0.1	0.04	0.0	0.0	0.09	0.0
NM_001183359.1	1.83	2.27	1.46	2.09	2.15	1.74
NM_001183361.1	13.24	16.25	15.85	17.57	17.42	17.65
NM_001183362.1	10.38	11.2	12.24	13.93	14.01	9.71
NM_001183363.1	1783.67	1874.01	1630.88	2064.47	2066.64	1788.76
NM_001183364.1	4.08	6.77	3.48	4.61	5.18	7.06
NM_001183365.1	81.18	86.99	77.08	75.25	73.82	71.92
NM_001183366.1	3.55	3.11	2.63	3.72	3.28	3.61
NM_001183367.1	1.19	1.6	1.25	1.59	1.44	1.53
NM_001183368.1	3.36	2.7	3.15	2.64	2.96	3.4
NM_001183369.1	17.68	17.14	15.17	21.21	19.75	22.13
NM_001183370.1	5.41	6.68	6.61	6.6	6.64	7.46
NM_001183371.1	2.01	2.78	3.45	2.78	2.6	2.78
NM_001183373.1	14.17	18.33	18.12	26.72	28.4	29.37
NM_001183374.1	3124.82	2866.27	2968.62	2378.54	2514.97	2462.82
NM_001183375.1	2188.7	2174.9	2049.29	2069.16	2071.41	1848.79
NM_001183376.1	17.23	18.61	18.5	21.7	21.69	21.34
NM_001183377.1	133.05	143.94	117.65	167.69	141.39	155.5
NM_001183378.1	27.19	30.76	31.89	30.17	27.89	33.37
NM_001183379.2	10.6	11.23	11.8	15.08	12.65	10.57
NM_001183380.1	38.55	35.39	41.25	31.02	31.52	36.92
NM_001183381.1	4555.59	4356.56	3886.0	4225.9	4214.12	3724.15
NM_001183382.1	5.28	5.32	5.88	5.34	5.92	4.6
NM_001183383.1	77.11	85.15	94.31	97.15	96.78	100.25
NM_001183384.1	15.2	16.77	14.7	16.87	15.61	16.35
NM_001183385.1	0.14	0.0	0.0	0.0	0.0	0.24
NM_001183386.1	0.11	0.15	0.29	0.18	0.17	0.06
NM_001183387.1	44.78	53.3	56.91	64.79	60.45	60.93
NM_001183389.1	11.69	13.69	13.74	14.03	16.23	14.37
NM_001183390.1	11.54	14.44	17.32	14.84	15.64	14.82
NM_001183391.1	14.31	16.12	15.33	16.77	16.22	17.52
NM_001183392.2	2.96	2.83	3.32	3.23	2.98	3.21
NM_001183393.1	537.01	522.49	549.46	531.88	571.03	543.69
NM_001183394.1	4.59	4.78	5.5	5.4	5.87	5.13
NM_001183395.2	8.06	8.49	10.82	11.54	12.45	11.28
NM_001183396.2	40.24	43.18	44.3	49.05	48.63	54.2
NM_001183397.1	260.41	245.67	227.0	213.66	207.72	207.06
NM_001183398.1	15.1	15.79	17.84	18.74	17.29	18.63
NM_001183399.2	23.49	25.02	25.38	27.88	25.44	26.13
NM_001183400.1	21.35	19.32	24.67	21.06	20.65	20.33
NM_001183401.1	24.4	21.14	26.86	37.97	34.88	40.28
NM_001183402.1	9.03	8.84	9.83	10.63	10.91	10.83
NM_001183403.1	38.13	39.95	36.75	46.02	46.05	43.85
NM_001183405.1	54.18	56.05	92.38	99.16	106.77	128.53
NM_001183406.1	10.59	12.28	12.21	16.05	16.94	13.78
NM_001183407.1	0.93	1.67	1.25	1.14	1.22	1.12
NM_001183408.1	33.9	29.61	25.25	66.09	69.3	54.51
NM_001183409.1	0.15	0.28	0.48	0.42	0.45	0.88
NM_001183410.1	1.2	0.99	1.56	1.01	1.19	1.69
NM_001183411.1	83.81	68.66	73.53	108.28	98.01	105.06
NM_001183412.1	10.79	14.03	12.86	12.02	12.38	13.12
NM_001183414.1	0.0	0.0	0.0	0.1	0.12	0.22
NM_001183415.1	0.0	0.0	0.0	0.0	0.0	0.0
NM_001183416.1	0.0	0.08	0.0	0.0	0.09	0.0
NM_001183417.1	0.96	0.81	1.09	1.1	0.77	1.14
NM_001183418.1	0.22	0.0	0.0	0.0	0.1	0.0
NM_001183420.1	23.9	23.51	21.32	27.54	25.81	25.32
NM_001183421.1	24.28	26.39	31.19	25.34	25.88	29.17
NM_001183422.1	1.47	1.75	2.14	1.5	1.32	1.16
NM_001183423.1	48.58	49.52	55.51	53.07	56.78	53.32
NM_001183424.1	1.65	1.4	1.89	1.57	1.57	1.86
NM_001183425.1	25.51	24.51	26.63	23.85	25.3	22.72
NM_001183426.1	218.09	234.78	284.66	356.23	312.5	328.63
NM_001183427.1	38.32	42.62	40.79	45.35	44.51	37.74
NM_001183428.1	0.42	0.41	1.44	0.46	0.45	0.48
NM_001183429.1	3.81	3.54	5.16	2.27	2.12	2.34
NM_001183430.1	1.53	2.06	2.18	1.94	1.97	2.06
NM_001183431.1	3.62	4.67	4.08	4.28	4.07	3.46
NM_001183433.1	34.23	37.45	37.8	38.33	37.04	35.86
NM_001183435.1	36.04	39.67	45.17	44.42	48.51	41.41
NM_001183436.1	3.92	4.56	4.41	4.21	4.12	3.96
NM_001183437.1	6.58	7.17	7.33	6.89	6.77	7.32
NM_001183438.1	0.52	0.58	0.64	0.65	0.75	0.81
NM_001183439.1	487.06	489.11	532.27	602.84	577.99	581.79
NM_001183440.1	124.88	122.44	139.7	145.53	149.19	151.13
NM_001183441.1	4.05	4.31	4.16	4.97	4.73	4.83
NM_001183442.1	11.72	11.51	13.48	15.5	14.73	17.58
NM_001183444.1	15.23	15.92	16.13	19.0	17.56	18.1
NM_001183445.1	7.01	7.77	8.53	9.05	8.94	9.64
NM_001183446.1	408.57	463.82	417.92	675.85	596.94	541.19
NM_001183447.1	9.27	9.48	8.88	16.33	13.58	13.16
NM_001183449.1	3.29	3.13	3.33	3.28	3.53	3.89
NM_001183451.1	0.12	0.03	0.12	0.06	0.04	0.13
NM_001183452.1	4.99	3.87	4.54	4.98	3.52	4.53
NM_001183453.1	7.31	6.84	6.71	4.18	4.31	5.13
NM_001183454.1	8.07	9.01	7.34	9.04	8.29	7.87
NM_001183455.1	8.38	11.15	11.71	18.84	16.08	15.52
NM_001183456.1	4.94	5.95	8.34	5.35	5.67	6.43
NM_001183457.1	10.59	10.09	10.65	11.15	11.13	11.25
NM_001183458.1	47.57	49.84	50.79	48.68	48.93	45.48
NM_001183459.1	7.88	6.39	9.63	6.34	7.28	7.74
NM_001183461.1	42.96	46.54	39.1	43.55	35.96	38.65
NM_001183462.1	20.75	19.83	19.26	22.58	21.98	19.7
NM_001183463.1	6.72	6.26	5.68	4.05	6.49	4.09
NM_001183464.1	162.72	175.25	170.08	152.53	157.21	136.6
NM_001183465.1	132.24	142.46	131.6	176.08	159.06	163.13
NM_001183466.1	11.33	12.78	11.71	13.18	11.86	11.49
NM_001183467.1	24.99	24.92	26.86	27.06	25.6	27.19
NM_001183468.1	1.24	0.68	3.14	1.96	1.36	4.61
NM_001183470.1	64.64	64.78	68.89	57.57	61.11	61.55
NM_001183471.1	69.78	70.84	54.48	127.72	115.26	94.44
NM_001183473.1	7.56	7.82	5.65	6.43	5.58	6.25
NM_001183475.1	37.88	39.22	39.46	39.84	36.25	38.58
NM_001183476.1	21.51	24.05	25.23	33.32	33.29	30.87
NM_001183477.1	6.82	8.01	7.22	6.85	7.56	7.07
NM_001183478.1	4.32	4.7	3.69	7.11	5.5	6.32
NM_001183479.1	3.47	2.49	3.73	3.07	3.09	2.51
NM_001183480.1	49.32	51.79	58.3	66.18	64.51	69.4
NM_001183481.1	3.52	3.33	2.52	3.97	3.03	3.99
NM_001183482.1	3874.93	3865.95	3597.36	3397.83	3376.99	3261.67
NM_001183483.1	3.72	4.45	3.74	5.08	5.5	3.29
NM_001183484.1	28.04	33.83	23.81	25.16	31.31	20.7
NM_001183485.1	11.71	13.98	11.79	14.61	15.14	15.74
NM_001183486.1	27.81	28.51	30.64	31.12	32.27	29.04
NM_001183487.1	0.0	0.0	0.0	0.0	0.0	0.0
NM_001183488.1	18.55	21.66	17.9	23.06	19.28	20.41
NM_001183489.1	9.28	9.28	9.42	9.63	9.46	8.3
NM_001183490.1	6.12	7.2	8.79	6.41	5.63	5.49
NM_001183492.1	3.54	3.72	3.95	3.68	3.84	4.27
NM_001183493.1	36.44	35.61	35.49	52.19	44.29	49.13
NM_001183494.1	11.44	13.86	13.15	9.25	8.19	9.35
NM_001183495.1	8.91	8.97	9.32	9.61	8.77	8.97
NM_001183496.1	8.54	10.23	10.43	10.98	9.13	8.88
NM_001183497.1	32.61	39.44	40.12	39.97	34.35	40.43
NM_001183498.1	12.67	12.12	17.05	19.1	19.62	19.45
NM_001183499.1	1.71	2.16	2.53	2.64	3.05	2.38
NM_001183500.1	8.72	9.26	10.53	7.71	8.51	8.83
NM_001183502.1	10.4	10.86	8.7	9.21	9.56	8.07
NM_001183503.1	0.22	0.07	0.28	0.18	0.36	0.37
NM_001183504.1	75.83	76.86	77.75	76.54	85.56	94.75
NM_001183505.1	30.0	37.14	33.87	31.11	28.02	31.49
NM_001183506.1	14.96	16.6	14.55	17.17	16.32	17.23
NM_001183508.1	52.66	53.61	55.03	65.03	62.88	58.48
NM_001183509.1	14.25	15.05	16.85	16.48	17.43	18.89
NM_001183510.1	86.67	82.89	96.14	75.3	78.25	74.73
NM_001183511.1	9.58	8.81	8.98	9.27	7.6	10.05
NM_001183512.1	3.61	3.59	3.78	4.46	4.41	4.02
NM_001183513.1	18.56	20.36	22.15	26.44	24.11	20.98
NM_001183514.1	96.8	99.94	105.91	114.68	101.94	93.46
NM_001183515.1	3234.98	3211.52	2558.59	3321.95	3336.34	2680.57
NM_001183516.1	9.39	9.14	9.02	8.77	9.18	7.12
NM_001183517.1	30.2	36.57	28.09	43.52	37.24	39.49
NM_001183518.1	110.54	116.86	118.07	107.57	106.69	101.19
NM_001183519.1	0.21	0.39	0.32	0.34	0.28	0.09
NM_001183520.1	38.86	43.41	39.71	46.23	47.47	42.87
NM_001183522.1	72.16	86.9	88.46	98.31	100.68	96.3
NM_001183523.1	8.43	11.12	10.93	11.4	9.48	8.62
NM_001183525.1	14.34	13.86	11.63	11.17	11.29	9.59
NM_001183526.3	0.54	0.46	0.51	0.4	0.6	0.64
NM_001183527.1	65.96	66.52	65.28	62.04	63.94	56.54
NM_001183528.3	26.59	28.04	29.68	34.42	33.95	32.89
NM_001183529.1	10.89	13.0	11.32	12.6	11.8	13.65
NM_001183530.3	9.67	12.49	12.98	16.09	12.4	15.48
NM_001183531.1	12.88	12.99	13.49	13.87	13.89	13.74
NM_001183532.3	8.0	9.0	7.23	9.89	7.63	8.47
NM_001183533.1	4.88	4.2	4.19	3.36	3.83	3.08
NM_001183534.3	17.49	19.11	19.9	25.43	23.99	19.22
NM_001183535.1	29.44	29.14	32.7	31.97	30.0	31.63
NM_001183536.3	101.83	104.28	97.94	157.35	133.54	140.51
NM_001183537.1	7.23	9.11	8.49	7.25	6.57	8.21
NM_001183538.3	21.29	21.16	24.78	19.85	20.07	21.28
NM_001183539.1	3.22	1.45	1.43	3.31	2.38	2.28
NM_001183541.3	532.46	561.78	512.35	643.1	630.5	567.89
NM_001183542.1	37.9	42.01	36.8	40.24	35.84	34.99
NM_001183543.3	22.16	25.32	23.11	25.94	23.48	23.67
NM_001183544.1	16.46	16.83	18.12	21.24	19.17	22.47
NM_001183545.3	15.93	15.63	20.91	18.78	20.9	16.53
NM_001183546.1	7.49	8.36	6.96	8.08	7.23	8.03
NM_001183547.3	56.72	57.19	46.07	62.64	68.84	52.35
NM_001183548.1	1.97	2.03	2.52	2.25	1.82	2.76
NM_001183549.4	8.1	8.22	8.25	10.1	10.81	8.92
NM_001183550.1	21.23	22.1	27.94	27.24	25.48	32.9
NM_001183551.3	19.55	20.44	18.99	23.23	20.14	22.55
NM_001183552.1	3197.99	3084.84	2803.61	2728.52	2688.86	2679.98
NM_001183553.3	0.12	0.07	0.2	0.17	0.19	0.14
NM_001183555.1	155.67	159.24	189.16	198.42	202.18	181.28
NM_001183556.3	1.0	0.63	0.74	0.89	0.87	1.13
NM_001183557.1	10.89	12.03	10.91	11.64	11.59	11.71
NM_001183559.4	7.26	7.38	7.63	8.55	7.53	7.41
NM_001183560.1	17.74	21.1	16.86	22.75	20.62	22.14
NM_001183561.3	99.42	116.73	109.36	129.34	134.69	134.0
NM_001183562.1	12.87	14.3	16.26	14.65	16.41	15.62
NM_001183563.3	4.88	5.11	5.91	5.61	4.88	5.79
NM_001183564.1	115.59	119.57	109.77	118.83	113.87	106.4
NM_001183566.3	4.64	5.55	6.2	5.78	6.98	6.94
NM_001183567.1	8.5	9.42	8.72	9.2	8.89	8.4
NM_001183568.4	5.36	5.04	6.01	6.27	6.33	6.11
NM_001183569.1	35.43	32.71	32.48	32.19	36.6	37.78
NM_001183570.3	55.25	54.2	61.78	64.88	62.53	61.93
NM_001183571.1	3.87	5.32	5.17	5.52	6.44	6.25
NM_001183572.3	182.79	155.58	261.32	248.57	202.57	361.32
NM_001183573.1	4.96	5.47	4.66	6.38	5.32	5.69
NM_001183574.3	10.58	11.37	13.64	14.98	15.14	16.89
NM_001183575.1	5.81	5.86	5.82	5.76	6.43	5.85
NM_001183576.3	143.4	158.54	149.76	212.49	205.51	207.33
NM_001183577.1	23.66	26.23	24.67	21.85	22.01	23.1
NM_001183578.3	40.07	41.48	36.6	46.9	48.66	46.99
NM_001183579.1	12.12	13.02	11.98	15.54	13.58	12.47
NM_001183580.3	9.35	11.77	10.57	16.82	15.36	17.08
NM_001183581.3	5.83	6.84	6.82	4.42	5.3	3.43
NM_001183582.1	42.13	49.9	45.38	32.77	30.56	22.95
NM_001183583.3	75.9	82.56	87.81	82.54	79.16	71.83
NM_001183584.1	39.51	43.65	40.7	46.32	42.89	41.33
NM_001183585.3	5.37	6.03	5.86	4.57	5.44	4.37
NM_001183586.1	1715.57	1726.22	1574.28	1681.55	1655.53	1484.7
NM_001183587.3	222.33	222.78	215.36	312.67	296.98	294.9
NM_001183590.1	25.81	26.2	26.02	30.72	30.79	29.04
NM_001183591.3	2.15	2.8	3.06	2.95	2.39	2.67
NM_001183592.1	1.34	0.97	1.73	1.89	1.54	2.19
NM_001183593.3	9.96	11.64	10.12	12.96	11.69	13.14
NM_001183594.1	39.55	43.97	43.67	39.52	38.07	39.23
NM_001183595.3	45.86	51.72	54.97	63.44	64.87	64.67
NM_001183596.1	0.74	0.71	0.64	0.52	0.78	1.13
NM_001183597.3	0.07	0.07	0.1	0.2	0.14	0.22
NM_001183598.1	14.96	15.98	16.38	11.88	11.93	13.22
NM_001183599.3	0.24	0.57	0.48	0.4	0.4	0.1
NM_001183600.1	19.17	20.92	15.36	26.27	20.29	23.39
NM_001183601.3	2689.94	2734.21	2373.48	2540.25	2522.15	2085.91
NM_001183602.1	0.48	0.9	0.75	0.78	0.44	0.61
NM_001183603.3	208.33	227.24	181.45	215.34	206.37	172.65
NM_001183604.1	29.57	31.84	36.44	31.59	34.25	32.62
NM_001183605.3	0.0	0.18	0.17	0.0	0.1	0.18
NM_001183606.1	117.7	121.33	124.19	143.03	139.55	144.16
NM_001183607.3	11.32	12.31	13.04	12.27	12.43	11.4
NM_001183608.1	34.42	38.22	38.1	32.51	26.87	29.03
NM_001183609.3	0.27	0.23	0.48	0.25	0.46	0.39
NM_001183610.1	5.32	6.42	4.59	6.69	5.58	6.31
NM_001183611.3	0.66	1.07	0.63	0.52	0.64	0.64
NM_001183612.3	2.56	2.96	2.19	3.07	2.2	1.84
NM_001183613.1	32.7	37.99	36.56	37.82	30.81	36.88
NM_001183614.3	13.98	17.76	13.86	19.18	14.7	15.29
NM_001183615.1	18.81	20.55	23.03	24.33	25.69	21.77
NM_001183616.3	109.5	100.48	108.28	128.06	123.53	126.72
NM_001183617.1	318.9	341.9	311.36	269.2	245.04	227.77
NM_001183620.3	10.89	11.19	11.54	11.95	11.25	10.73
NM_001183621.1	65.07	63.25	52.05	83.25	84.31	77.09
NM_001183623.3	494.22	491.57	486.6	499.04	516.56	498.82
NM_001183624.1	3.06	3.42	3.36	3.24	3.2	4.05
NM_001183625.3	66.27	69.29	70.21	55.84	54.65	52.2
NM_001183626.1	27.8	27.7	34.18	29.31	27.12	29.24
NM_001183627.3	2.02	2.38	2.44	3.47	3.1	2.95
NM_001183628.1	76.45	83.23	88.8	103.18	97.72	96.8
NM_001183629.3	187.65	191.49	201.05	195.43	181.39	172.13
NM_001183630.1	10.95	11.73	11.42	14.67	14.46	12.72
NM_001183631.3	41.56	44.91	40.95	45.52	41.75	39.93
NM_001183632.1	7.37	8.39	11.06	10.33	8.22	9.71
NM_001183633.3	0.0	0.0	0.11	0.0	0.06	0.0
NM_001183634.1	20.29	28.56	25.47	21.48	22.44	21.51
NM_001183635.3	18.07	18.59	17.17	22.67	18.6	19.06
NM_001183636.1	25.76	25.59	23.38	27.88	25.85	26.88
NM_001183638.3	6.96	7.43	7.78	6.7	6.52	8.0
NM_001183639.1	28.42	29.78	27.28	39.72	41.09	40.44
NM_001183640.3	15.8	16.0	15.39	21.6	22.18	21.43
NM_001183641.1	12.96	11.38	16.17	22.09	19.22	20.45
NM_001183642.3	11.81	9.57	11.12	15.78	13.87	11.93
NM_001183643.1	216.06	206.43	215.92	210.7	215.57	222.86
NM_001183645.3	100.41	99.47	86.72	113.43	112.65	99.82
NM_001183646.1	4.51	4.95	4.43	6.53	6.15	6.21
NM_001183647.3	4.09	3.96	3.13	4.41	4.8	5.45
NM_001183648.1	8.53	9.53	9.89	11.05	9.54	9.64
NM_001183649.3	167.51	165.62	177.43	166.52	163.05	161.06
NM_001183650.1	9.18	10.58	9.12	11.78	10.02	10.73
NM_001183651.3	171.45	171.45	166.67	197.62	180.11	167.02
NM_001183652.1	6.98	6.91	8.17	8.38	6.31	8.36
NM_001183653.3	1534.18	1446.58	1389.01	1319.69	1351.08	1228.96
NM_001183655.1	26.41	25.62	28.3	22.62	19.49	21.98
NM_001183656.3	1.1	0.4	0.43	0.45	0.4	0.4
NM_001183657.1	9.37	12.45	12.47	11.66	12.63	13.68
NM_001183658.6	76.84	90.05	59.8	89.86	71.95	72.45
NM_001183660.1	27.78	30.33	30.97	33.22	33.48	34.3
NM_001183661.3	0.14	0.04	0.07	0.11	0.04	0.0
NM_001183662.1	52.87	55.7	54.55	68.85	61.19	62.63
NM_001183663.3	7.78	9.91	11.38	10.98	12.75	11.33
NM_001183664.1	11.19	10.83	8.95	9.41	11.32	11.69
NM_001183665.3	22.19	19.72	23.34	25.38	26.71	25.25
NM_001183666.1	389.49	392.02	408.89	235.99	260.39	294.23
NM_001183668.3	4.53	3.37	4.61	3.66	3.23	4.13
NM_001183669.1	12.5	12.66	13.61	13.78	12.86	14.4
NM_001183670.3	46.66	48.43	50.94	68.56	66.38	62.49
NM_001183671.1	45.78	50.97	43.29	56.8	52.59	49.88
NM_001183672.3	70.18	71.11	75.78	79.08	82.87	72.12
NM_001183673.1	84.27	85.69	90.62	92.23	88.81	93.69
NM_001183674.3	0.0	0.0	0.0	0.0	0.0	0.0
NM_001183675.2	8.35	10.01	10.35	10.36	9.25	9.66
NM_001183676.3	32.78	33.73	38.85	51.6	41.45	36.03
NM_001183677.1	3.68	4.49	3.65	4.2	4.72	3.83
NM_001183678.3	109.67	105.3	110.04	159.04	150.11	155.43
NM_001183679.1	45.51	51.55	48.63	60.93	61.92	63.25
NM_001183680.3	110.46	119.84	122.56	143.41	140.88	133.01
NM_001183681.1	14.32	18.32	20.74	20.21	20.77	18.07
NM_001183683.3	31.05	34.97	31.73	40.28	37.51	36.21
NM_001183684.1	56.54	71.68	81.75	59.95	60.7	55.69
NM_001183685.3	3.98	3.59	4.61	3.77	3.12	5.06
NM_001183686.1	18.69	19.47	23.64	18.43	18.16	19.11
NM_001183687.3	0.12	0.0	0.0	0.0	0.0	0.0
NM_001183688.1	3.4	3.07	3.16	3.82	3.33	3.3
NM_001183689.3	142.03	148.49	151.65	167.94	162.5	160.84
NM_001183690.1	107.58	108.14	105.31	102.42	104.11	106.6
NM_001183691.3	64.17	67.32	67.61	74.8	77.32	78.19
NM_001183692.1	10.17	10.89	7.51	13.49	13.35	9.29
NM_001183693.3	8.12	10.02	11.44	7.3	7.83	7.1
NM_001183694.1	5.74	6.75	5.55	6.51	7.02	5.83
NM_001183695.3	358.81	369.17	334.88	375.36	349.99	338.42
NM_001183697.1	12.91	11.49	11.19	13.51	14.0	15.08
NM_001183698.3	7.93	7.05	8.05	8.3	8.38	8.53
NM_001183699.1	21.29	25.95	27.08	26.12	24.44	23.9
NM_001183700.3	42.53	43.77	42.96	49.36	44.04	45.88
NM_001183702.1	44.98	48.92	52.66	48.6	48.14	45.35
NM_001183703.3	5.01	5.64	5.42	5.73	5.63	6.44
NM_001183704.1	204.74	199.57	228.7	238.19	243.68	240.57
NM_001183705.3	79.75	84.62	81.71	103.75	105.25	108.57
NM_001183706.1	19.87	23.35	22.12	21.34	21.8	20.71
NM_001183707.3	19.07	20.82	19.12	23.93	24.64	25.61
NM_001183708.1	3.81	3.76	4.54	4.43	4.31	4.58
NM_001183709.3	11.89	12.9	11.8	12.48	11.27	12.61
NM_001183710.1	7.18	7.11	6.99	7.22	6.9	6.87
NM_001183711.3	6.12	6.93	7.23	7.84	8.4	7.18
NM_001183712.1	2307.47	2352.11	2156.01	2267.41	2319.69	2078.93
NM_001183713.1	104.06	112.46	104.48	108.72	101.1	93.78
NM_001183714.3	6.89	8.64	9.58	7.38	7.09	6.34
NM_001183715.1	2.7	3.22	3.21	3.22	3.73	3.22
NM_001183716.4	25.16	24.09	22.53	25.95	25.42	25.08
NM_001183717.1	0.29	0.09	0.06	0.09	0.03	0.06
NM_001183718.1	8.5	9.3	8.49	8.03	8.54	8.87
NM_001183720.3	16.18	15.11	15.63	15.05	15.38	18.37
NM_001183721.1	19.8	19.63	37.21	17.89	20.81	23.1
NM_001183722.3	22.37	18.43	25.4	21.67	22.28	27.12
NM_001183723.3	12.89	15.98	14.75	16.06	13.95	13.77
NM_001183724.1	10.97	9.89	11.39	12.31	11.21	12.26
NM_001183725.1	4.07	4.92	6.94	5.31	5.08	4.16
NM_001183726.4	7.71	7.08	7.14	6.43	4.17	5.71
NM_001183727.1	11.68	11.84	14.27	11.41	11.14	11.46
NM_001183728.3	10.05	9.53	8.17	11.7	9.75	8.59
NM_001183730.1	278.71	298.07	278.6	275.5	273.82	264.71
NM_001183731.3	39.06	39.87	39.34	46.6	45.54	41.39
NM_001183732.1	3246.54	3248.91	2765.66	2854.7	2910.87	2384.0
NM_001183733.3	0.65	0.71	0.39	1.11	0.55	1.01
NM_001183735.1	40.74	43.01	41.98	33.44	34.63	31.1
NM_001183736.3	31.69	31.7	29.04	28.76	26.91	28.11
NM_001183737.3	65.35	71.48	71.69	81.44	74.63	77.51
NM_001183739.1	9.39	9.71	11.27	11.12	12.49	10.38
NM_001183740.3	17.3	21.13	22.74	20.07	19.21	21.29
NM_001183741.1	17.03	19.38	17.66	17.87	17.94	19.3
NM_001183742.3	9.6	10.1	10.1	10.95	9.99	11.87
NM_001183743.1	196.41	198.9	184.78	253.8	245.49	238.08
NM_001183744.3	5.76	6.14	6.67	5.92	5.51	5.36
NM_001183746.1	37.94	45.22	38.99	48.21	42.3	46.27
NM_001183747.3	91.67	105.0	105.43	136.93	125.38	112.05
NM_001183748.1	0.26	0.34	0.21	0.42	0.31	0.31
NM_001183749.3	10.72	11.75	9.24	13.28	12.03	12.44
NM_001183750.1	5.3	5.46	5.77	5.83	6.15	5.33
NM_001183752.3	516.8	527.92	488.19	654.51	603.07	571.03
NM_001183754.1	3.09	3.56	3.03	3.62	3.09	3.34
NM_001183755.3	291.83	307.76	284.85	372.89	345.86	348.34
NM_001183756.1	11.04	11.56	12.31	11.48	10.4	11.04
NM_001183757.3	5.73	5.32	6.62	5.9	5.8	5.72
NM_001183758.1	0.65	0.82	0.66	0.42	0.69	0.32
NM_001183759.3	0.5	0.68	1.11	0.83	0.56	0.86
NM_001183760.1	90.39	90.29	102.3	93.9	91.86	92.64
NM_001183761.3	102.79	99.52	107.48	98.71	97.52	98.69
NM_001183762.1	22.96	22.04	26.16	21.53	24.32	25.36
NM_001183764.3	35.95	36.85	34.09	17.85	14.87	14.4
NM_001183766.1	6.13	8.29	7.95	6.79	6.09	6.79
NM_001183767.3	10.2	11.16	11.34	13.41	14.82	13.31
NM_001183768.1	0.11	0.07	0.35	0.23	0.13	0.05
NM_001183769.3	2.54	2.43	2.6	2.7	2.74	3.02
NM_001183770.1	2.87	2.46	3.2	3.52	2.82	2.97
NM_001183771.3	0.03	0.0	0.0	0.0	0.0	0.06
NM_001183772.1	12.71	12.9	12.49	14.5	13.79	11.93
NM_001183773.3	7.28	7.73	6.6	8.65	9.05	8.79
NM_001183774.1	12.05	13.8	13.54	14.16	12.69	14.86
NM_001183775.3	43.88	46.11	43.98	45.83	42.89	41.71
NM_001183776.1	16.08	18.81	18.42	23.92	23.49	20.58
NM_001183777.3	43.34	50.08	53.05	60.48	64.13	60.05
NM_001183778.1	5.37	5.32	4.48	6.31	5.65	7.5
NM_001183779.3	17.67	18.75	15.27	15.62	15.75	15.74
NM_001183780.1	15.18	17.44	18.11	17.47	17.92	17.31
NM_001183781.3	223.12	225.64	209.81	219.85	199.36	204.13
NM_001183782.1	117.75	126.47	127.59	209.29	199.57	212.59
NM_001183783.3	2.09	2.2	2.12	2.28	2.81	2.78
NM_001183785.1	0.25	0.04	0.23	0.18	0.21	0.29
NM_001183787.3	29.1	30.3	31.87	43.56	43.25	44.37
NM_001183788.1	4.06	4.96	6.38	5.5	6.3	5.97
NM_001183789.3	3272.57	3202.15	3140.59	3239.85	3133.21	3085.43
NM_001183790.1	22.56	26.55	29.19	34.84	31.8	34.49
NM_001183791.3	5.49	6.0	6.72	6.0	6.46	6.85
NM_001183792.1	15.1	18.45	16.98	18.33	16.62	16.95
NM_001183793.3	10.16	12.17	9.43	12.41	11.83	13.3
NM_001183794.1	37.74	44.03	35.23	100.82	108.82	102.93
NM_001183795.3	205.81	205.12	223.66	182.07	188.1	194.92
NM_001183797.3	14.43	15.98	15.42	12.06	12.79	11.9
NM_001183798.1	1.0	1.54	1.83	1.7	1.63	1.98
NM_001183800.3	1.39	1.54	1.68	1.3	1.16	1.45
NM_001183801.1	0.93	0.6	0.58	0.6	0.61	0.37
NM_001183802.1	744.56	476.25	443.49	641.38	547.47	521.12
NM_001183803.3	879.37	554.49	435.88	514.16	414.28	436.59
NM_001183804.1	5.7	3.75	3.73	5.78	4.96	4.12
NM_001183805.3	8.79	8.37	9.83	8.79	11.84	11.42
NM_001183806.1	3.9	4.13	5.6	4.51	4.59	4.35
NM_001183807.3	0.08	0.2	0.12	0.19	0.22	0.13
NM_001183808.1	0.13	0.23	0.14	0.44	0.17	0.54
NM_001183809.3	1.86	2.24	3.13	1.64	1.13	2.31
NM_001183810.1	11.01	13.45	12.19	11.17	11.59	9.89
NM_001183811.3	0.07	0.06	0.22	0.06	0.13	0.0
NM_001183813.1	0.27	0.13	0.31	0.16	0.07	0.46
NM_001183814.3	0.0	0.0	0.0	0.0	0.09	0.16
NM_001183815.1	17.73	16.76	16.84	15.93	15.63	13.68
NM_001183816.1	9.92	9.78	9.72	9.37	9.68	11.35
NM_001183817.1	3.99	4.92	4.94	6.15	5.57	5.66
NM_001183818.1	180.69	198.86	177.2	315.23	305.19	287.55
NM_001183819.1	1.37	1.51	1.48	2.65	1.76	1.84
NM_001183820.1	11.8	12.77	14.25	13.34	11.92	12.34
NM_001183821.1	5.63	7.29	6.36	6.85	6.99	7.08
NM_001183822.1	2.09	1.91	2.2	2.12	2.49	2.03
NM_001183823.1	31.66	34.73	36.14	40.68	38.06	39.76
NM_001183824.1	148.6	160.01	162.08	174.76	182.51	156.99
NM_001183825.1	6.5	7.16	10.2	9.35	8.21	9.66
NM_001183826.1	50.13	51.84	52.82	63.85	60.44	62.05
NM_001183827.1	30.82	34.65	37.35	51.86	41.15	43.4
NM_001183828.1	7.69	6.81	6.07	7.39	7.72	8.31
NM_001183829.1	15.83	13.65	13.21	17.11	17.9	17.75
NM_001183830.2	12.94	16.75	13.68	10.99	9.41	10.19
NM_001183831.1	0.41	0.72	0.59	0.96	0.95	0.76
NM_001183832.1	7.79	6.68	8.06	6.9	5.93	4.59
NM_001183833.1	136.66	145.15	148.5	92.96	77.85	33.44
NM_001183834.1	6.73	6.19	8.65	7.33	6.97	7.33
NM_001183835.1	0.0	0.0	0.0	0.0	0.0	0.0
NM_001183836.1	3.51	3.93	3.63	4.76	4.61	5.09
NM_001183837.1	21.16	21.2	19.78	23.89	23.13	24.09
NM_001183838.1	4.91	4.71	6.21	5.33	5.48	5.45
NM_001183840.1	6.08	5.84	6.38	5.68	5.55	6.04
NM_001183841.1	0.07	0.06	0.11	0.06	0.19	0.34
NM_001183842.1	309.88	332.09	302.31	373.97	338.25	355.65
NM_001183843.1	4.08	3.63	3.81	4.63	4.31	5.09
NM_001183844.1	21.72	25.72	27.3	27.42	25.52	23.95
NM_001183845.1	29.15	32.17	32.71	32.33	33.16	37.15
NM_001183846.1	30.17	33.37	29.62	28.72	29.31	28.92
NM_001183847.1	0.0	0.05	0.19	0.05	0.11	0.0
NM_001183848.1	0.96	1.62	1.96	1.5	1.24	1.63
NM_001183850.1	106.64	118.39	100.36	135.51	110.96	99.5
NM_001183851.1	1222.75	1129.17	1165.16	1027.93	1042.23	1092.32
NM_001183852.1	12.9	14.06	16.44	11.58	12.76	13.03
NM_001183853.1	6.41	6.12	6.41	5.67	4.7	5.67
NM_001183854.1	2.97	3.38	3.68	3.0	3.08	3.0
NM_001183855.1	7.05	6.6	5.42	6.9	6.95	4.66
NM_001183856.1	4.4	4.86	4.68	4.16	4.47	4.69
NM_001183857.1	54.55	61.11	55.8	62.79	58.92	61.7
NM_001183859.1	5.67	5.68	5.82	6.71	5.91	6.49
NM_001183860.1	15.48	16.05	15.43	11.64	15.27	16.44
NM_001183861.1	13.4	10.66	11.93	12.86	12.1	11.89
NM_001183862.1	288.74	280.28	257.12	291.59	265.54	298.13
NM_001183863.1	36.71	37.89	33.64	39.0	36.01	35.68
NM_001183864.1	49.29	47.6	51.13	51.48	53.92	51.52
NM_001183865.1	8.81	10.79	11.92	13.76	11.53	12.34
NM_001183866.4	3.82	4.13	3.5	6.01	5.91	5.14
NM_001183867.1	29.8	35.25	35.69	44.66	42.77	45.24
NM_001183868.1	0.83	1.17	0.87	0.41	0.41	0.85
NM_001183869.1	18.37	22.08	19.0	20.49	22.07	19.43
NM_001183870.1	0.0	0.0	0.0	0.0	0.0	0.0
NM_001183871.1	13.74	15.65	17.55	11.85	9.63	12.81
NM_001183872.1	12.08	11.12	11.19	16.03	13.09	18.03
NM_001183873.1	77.72	84.39	84.02	102.8	106.95	111.84
NM_001183874.1	3.09	2.74	3.17	2.1	2.7	2.1
NM_001183875.1	1084.55	1129.97	1042.29	1321.44	1301.6	1222.0
NM_001183877.1	74.07	81.32	79.89	76.3	68.82	75.19
NM_001183878.1	8.21	8.83	8.89	8.81	8.77	7.92
NM_001183879.1	14.6	15.56	16.43	14.31	15.5	14.08
NM_001183880.1	5.32	5.06	4.6	4.62	4.29	4.49
NM_001183881.1	16.07	18.14	18.45	15.03	12.44	17.74
NM_001183882.1	10.64	11.31	11.98	9.92	10.99	12.28
NM_001183883.1	9.83	9.64	10.01	9.87	10.71	8.53
NM_001183884.1	9.45	8.11	10.02	11.12	10.25	9.78
NM_001183885.1	5.65	8.16	7.13	9.47	8.21	7.72
NM_001183886.1	1.79	2.14	2.27	1.61	1.43	2.04
NM_001183888.1	7.28	7.84	6.23	8.61	9.03	7.56
NM_001183889.1	3.46	5.13	3.73	3.77	3.38	3.65
NM_001183890.1	4.93	5.35	5.31	5.22	4.17	3.83
NM_001183891.1	5.95	5.48	5.81	6.53	6.51	6.51
NM_001183892.1	98.34	111.07	100.49	117.58	123.83	115.35
NM_001183893.1	2750.76	2577.74	2593.38	2424.22	2538.53	2445.45
NM_001183895.1	826.82	848.89	744.64	748.1	698.27	519.26
NM_001183896.1	9.32	9.64	9.68	9.28	8.47	9.63
NM_001183897.1	9.22	9.19	9.43	7.71	8.12	9.14
NM_001183898.1	20.77	22.81	22.94	18.69	16.41	16.88
NM_001183899.1	33.69	37.02	28.21	37.57	30.09	34.9
NM_001183900.1	43.08	45.2	49.28	64.23	62.17	66.38
NM_001183901.1	23.62	20.39	22.58	22.31	21.19	25.15
NM_001183902.1	1.72	1.58	1.86	2.79	1.46	2.17
NM_001183903.1	4.54	4.84	5.15	5.1	4.74	5.49
NM_001183904.1	4349.1	4207.64	3856.56	4294.52	4247.18	3883.6
NM_001183905.1	115.08	118.32	129.34	129.19	134.77	134.56
NM_001183906.1	17.15	18.1	19.39	19.94	19.68	18.57
NM_001183907.1	72.62	74.74	79.77	75.01	74.65	78.07
NM_001183908.1	89.67	95.39	90.56	75.43	73.69	72.86
NM_001183909.1	2.88	5.02	5.35	5.36	6.64	6.94
NM_001183910.1	10.23	11.56	13.15	12.29	11.78	13.6
NM_001183911.1	6.79	6.63	5.85	6.7	6.31	7.16
NM_001183912.1	86.78	84.78	99.26	99.48	107.05	115.31
NM_001183913.1	16.45	15.57	16.31	16.0	12.77	15.1
NM_001183914.1	11.23	10.59	12.27	12.54	12.77	11.98
NM_001183915.1	23.29	24.95	28.18	30.2	29.03	29.91
NM_001183917.1	5.11	7.6	6.08	7.21	6.78	8.38
NM_001183918.1	4.08	5.32	6.24	5.35	5.08	5.5
NM_001183919.1	20.55	23.26	16.84	25.19	20.32	20.8
NM_001183920.1	895.25	920.23	922.31	988.55	918.28	919.24
NM_001183921.1	5.44	6.66	6.68	7.05	7.55	5.53
NM_001183922.1	13.61	15.37	17.82	16.8	15.2	14.94
NM_001183923.1	2.37	2.18	2.15	2.17	2.53	1.48
NM_001183924.1	7.11	7.02	7.94	6.45	6.58	5.39
NM_001183925.1	129.98	134.32	121.04	144.65	142.54	153.93
NM_001183926.1	27.85	26.47	27.59	35.49	32.06	29.41
NM_001183927.1	2.14	2.74	2.42	3.42	3.05	2.55
NM_001183929.1	9.75	10.36	8.67	10.95	8.2	9.85
NM_001183930.1	9.48	8.91	11.14	9.95	10.14	9.34
NM_001183931.1	131.22	136.89	135.67	170.43	158.81	149.13
NM_001183932.1	29.02	31.95	33.06	41.88	39.75	36.76
NM_001183933.1	2.72	3.28	3.43	4.49	4.4	3.81
NM_001183934.1	5.53	6.77	6.31	6.87	4.51	5.78
NM_001183935.1	0.15	0.06	0.0	0.0	0.0	0.0
NM_001183936.1	9.6	11.19	10.25	13.46	12.98	13.13
NM_001183937.1	5.38	6.22	6.41	6.17	5.55	4.8
NM_001183938.1	8.67	10.32	10.96	9.44	7.77	7.87
NM_001183939.1	13.43	14.42	15.56	17.04	15.36	15.16
NM_001183940.1	56.99	55.05	59.21	61.15	65.09	59.36
NM_001183941.1	90.01	97.89	85.39	93.24	89.34	85.08
NM_001183942.1	15.9	17.86	17.38	16.08	15.54	16.61
NM_001183943.1	89.71	87.22	101.23	82.97	82.84	87.06
NM_001183944.1	0.07	0.0	0.0	0.0	0.0	0.12
NM_001183945.1	3202.98	3050.29	3115.37	2715.83	2834.39	2884.81
NM_001183946.1	6.29	6.52	6.99	8.79	8.43	8.13
NM_001183947.1	4.9	4.9	5.29	5.7	5.05	4.88
NM_001183948.1	2.81	4.41	4.66	1.55	1.75	2.48
NM_001183949.1	96.13	118.52	102.44	155.83	146.43	130.24
NM_001183951.1	13.58	16.35	12.96	18.77	17.75	17.65
NM_001183952.1	7.74	7.52	8.25	8.61	9.67	7.63
NM_001183953.1	17.34	18.11	18.79	22.4	21.0	18.55
NM_001183954.1	5.49	5.71	5.11	5.8	5.95	5.41
NM_001183955.1	5.42	6.39	6.84	6.17	6.86	6.44
NM_001183957.1	3018.41	2860.49	2631.14	2602.29	2720.22	2437.05
NM_001183958.1	25.47	26.18	30.05	24.79	25.0	23.89
NM_001183959.1	114.95	116.48	125.44	118.87	126.94	115.02
NM_001183960.1	41.24	47.61	42.15	39.83	35.27	35.97
NM_001183961.1	0.76	0.74	0.85	0.48	0.57	0.61
NM_001183962.1	0.46	1.94	1.16	1.06	1.28	1.56
NM_001183963.1	3.8	3.39	3.3	3.08	3.51	3.66
NM_001183964.1	3.56	3.79	5.08	4.54	4.05	5.1
NM_001183965.1	7.11	6.47	6.06	7.97	8.36	7.72
NM_001183966.1	9.43	10.84	9.25	12.84	13.11	11.61
NM_001183967.1	4.71	5.7	6.2	5.45	5.76	5.12
NM_001183968.1	186.88	191.42	220.53	248.2	253.37	251.4
NM_001183969.1	7.59	7.68	6.95	8.01	7.52	7.43
NM_001183970.1	7.38	7.1	8.65	8.58	8.23	7.07
NM_001183971.1	12.12	12.58	16.45	15.09	14.39	14.91
NM_001183972.1	16.44	17.87	17.33	18.45	18.9	19.41
NM_001183973.1	17.99	16.59	14.75	16.58	17.89	13.85
NM_001183974.1	289.22	301.47	291.17	314.55	300.3	304.49
NM_001183975.1	7.16	6.51	6.26	8.79	8.2	9.14
NM_001183976.1	9.6	11.41	11.93	10.3	11.4	12.49
NM_001183977.1	116.71	121.56	125.33	128.57	128.41	146.81
NM_001183978.1	1.41	1.33	1.07	1.54	1.97	1.53
NM_001183979.1	0.05	0.08	0.07	0.0	0.0	0.0
NM_001183980.1	6.34	5.53	4.92	7.6	5.85	5.19
NM_001183981.1	0.33	0.25	0.31	0.36	0.29	0.28
NM_001183982.1	3.6	4.37	4.17	4.33	4.14	4.85
NM_001183983.1	38.03	40.6	38.43	57.04	51.84	52.39
NM_001183984.1	44.4	56.19	44.44	56.67	54.19	47.73
NM_001183985.1	2.67	1.61	1.4	1.99	1.37	1.01
NM_001183986.1	6.95	5.98	6.56	5.63	5.3	5.41
NM_001183987.1	22.41	23.9	25.59	29.21	26.68	28.92
NM_001183988.1	0.72	1.03	0.82	1.14	1.04	1.3
NM_001183989.1	6.34	6.14	6.82	7.43	7.15	7.51
NM_001183990.1	13.46	13.31	13.93	17.4	16.57	17.25
NM_001183991.1	43.26	48.59	39.04	43.46	42.96	39.18
NM_001183992.1	65.44	71.23	73.64	63.35	62.71	59.25
NM_001183993.1	16.64	17.29	19.25	18.59	19.98	21.14
NM_001183994.1	9.8	11.01	9.68	12.19	10.41	10.48
NM_001183995.1	19.01	20.16	15.87	24.93	19.45	20.39
NM_001183997.1	22.82	22.46	27.6	25.0	24.78	23.1
NM_001183998.1	42.98	47.38	46.86	43.23	40.21	42.92
NM_001184000.1	0.93	0.6	0.43	0.72	0.56	0.75
NM_001184001.1	0.0	0.08	0.15	0.0	0.09	0.0
NM_001184002.1	21.39	26.01	23.09	27.33	25.8	26.38
NM_001184003.1	0.26	0.36	0.62	0.47	0.13	0.1
NM_001184004.1	49.85	57.06	40.23	65.56	49.5	56.1
NM_001184005.1	4.5	4.9	5.97	5.17	5.81	5.66
NM_001184006.1	0.0	0.1	0.0	0.29	0.64	0.59
NM_001184007.1	9.86	10.71	9.63	10.35	8.46	12.84
NM_001184008.1	2.82	3.07	3.28	3.25	2.89	2.93
NM_001184009.1	19.94	23.42	23.97	20.28	18.31	19.94
NM_001184010.1	13.06	12.95	12.89	22.95	20.16	19.72
NM_001184012.1	3146.08	3011.09	2872.79	2779.8	2854.81	2524.39
NM_001184013.1	76.99	78.12	70.74	47.42	50.66	45.94
NM_001184014.1	0.0	0.0	0.0	0.0	0.0	0.0
NM_001184015.1	0.0	0.03	0.06	0.03	0.0	0.06
NM_001184016.1	14.67	15.46	18.3	15.2	17.11	17.3
NM_001184017.1	16.17	15.84	14.91	16.75	15.56	14.84
NM_001184018.1	35.65	35.56	40.81	43.64	44.26	42.56
NM_001184020.1	34.73	38.9	43.24	50.97	49.47	51.75
NM_001184021.1	24.12	22.54	24.82	21.86	17.98	20.46
NM_001184022.1	11.27	12.68	12.03	13.24	13.2	13.97
NM_001184023.1	5.2	5.12	6.65	5.87	6.21	4.69
NM_001184024.1	48.83	52.29	53.23	44.29	43.78	42.53
NM_001184025.1	139.8	141.76	147.11	171.86	173.97	163.8
NM_001184026.1	48.09	50.15	49.27	47.14	42.51	43.68
NM_001184027.1	13.1	14.35	15.17	19.12	18.35	18.87
NM_001184028.1	5.09	4.1	5.3	7.39	6.83	6.82
NM_001184029.1	18.92	23.12	25.77	27.58	28.61	27.12
NM_001184030.1	0.84	1.38	1.05	1.31	1.32	1.57
NM_001184031.1	36.64	37.61	40.09	43.73	40.53	44.02
NM_001184032.1	283.76	267.86	302.42	297.99	305.57	298.24
NM_001184033.1	5.5	7.1	4.87	7.13	6.53	5.98
NM_001184034.1	4054.76	4007.76	3536.25	3608.28	3609.44	3311.77
NM_001184035.1	15.1	15.34	16.03	15.42	15.03	15.33
NM_001184036.1	2.67	2.08	3.01	2.24	2.24	2.91
NM_001184037.1	0.76	0.48	1.34	0.54	1.22	1.28
NM_001184038.2	10.75	9.06	10.28	9.63	10.39	9.86
NM_001184039.1	224.08	252.21	225.16	305.31	286.05	234.31
NM_001184040.1	134.88	136.79	134.49	169.27	163.83	163.03
NM_001184041.1	22.24	25.18	28.69	23.39	23.85	23.0
NM_001184042.1	25.13	25.66	20.82	30.32	26.03	25.3
NM_001184043.1	10.31	12.33	10.14	12.17	11.05	8.69
NM_001184044.1	1.17	1.21	1.43	1.43	1.44	0.81
NM_001184045.1	268.36	274.36	264.08	282.7	239.67	278.27
NM_001184046.1	51.52	54.24	52.78	57.61	58.01	58.57
NM_001184047.1	8.52	9.08	10.3	8.56	8.64	9.61
NM_001184048.1	198.7	203.59	201.28	228.65	232.96	212.0
NM_001184049.1	70.29	78.39	77.05	74.53	68.07	71.88
NM_001184050.1	3.25	4.46	4.52	4.28	3.99	4.18
NM_001184051.1	301.96	311.58	297.02	319.46	302.51	291.96
NM_001184053.1	83.57	84.7	82.15	92.11	98.81	100.13
NM_001184054.1	652.63	706.85	715.24	1095.12	946.88	899.38
NM_001184055.1	8.84	13.38	13.11	12.26	12.97	12.92
NM_001184056.1	7.29	7.62	7.53	10.59	8.58	8.79
NM_001184057.1	47.39	46.67	59.02	52.25	50.24	51.95
NM_001184058.1	10.57	13.63	11.93	13.11	12.33	14.08
NM_001184059.1	15.94	15.27	14.83	23.11	22.76	23.97
NM_001184060.1	52.64	53.6	53.64	48.51	54.65	55.13
NM_001184061.1	5.81	6.39	6.65	6.13	7.25	6.7
NM_001184062.1	0.0	0.0	0.0	0.0	0.0	0.0
NM_001184063.1	12.77	15.13	9.94	15.26	11.04	11.84
NM_001184064.1	33.9	31.15	34.5	48.21	46.89	45.24
NM_001184066.1	54.42	56.06	57.87	55.59	51.83	55.68
NM_001184067.1	5.11	6.44	5.04	6.01	5.46	6.0
NM_001184068.1	13.26	14.43	14.94	15.25	15.57	14.07
NM_001184069.1	5.5	4.78	5.39	4.81	5.33	5.31
NM_001184070.1	30.33	33.26	37.18	29.4	31.29	30.2
NM_001184071.1	3.76	4.08	3.54	3.71	5.17	5.25
NM_001184072.1	0.12	0.13	0.05	0.21	0.09	0.11
NM_001184073.1	15.99	15.29	17.76	18.64	17.94	20.75
NM_001184074.1	42.25	46.27	40.67	58.92	54.48	50.89
NM_001184076.1	93.63	96.64	100.06	97.74	97.06	100.61
NM_001184077.1	45.88	48.19	52.82	49.52	47.75	45.17
NM_001184078.1	1.62	1.93	1.58	1.34	1.81	1.38
NM_001184079.1	89.88	92.61	86.73	85.76	78.81	75.58
NM_001184080.1	68.71	73.2	70.69	79.86	80.0	72.71
NM_001184081.1	18.1	18.78	18.79	25.24	24.69	24.42
NM_001184082.1	1.67	2.0	1.99	2.18	2.04	1.84
NM_001184083.1	1.29	1.61	1.43	1.06	1.17	1.64
NM_001184084.1	10.35	10.9	9.82	11.62	11.06	10.97
NM_001184085.1	126.54	133.25	146.73	147.69	171.23	167.87
NM_001184086.1	0.2	0.03	0.05	0.03	0.03	0.06
NM_001184087.1	121.11	120.34	130.09	147.83	153.81	156.34
NM_001184088.1	43.54	50.22	42.78	39.48	38.12	41.04
NM_001184091.1	0.91	1.78	2.49	1.07	1.14	1.31
NM_001184092.1	0.74	1.37	2.09	0.61	0.68	3.01
NM_001184093.1	11.14	13.26	12.33	11.02	11.63	10.2
NM_001184094.1	0.07	0.06	0.22	0.06	0.13	0.0
NM_001184095.1	0.27	0.13	0.31	0.16	0.07	0.46
NM_001184096.1	0.0	0.0	0.0	0.0	0.09	0.16
NM_001184097.1	0.03	0.06	0.06	0.09	0.05	0.06
NM_001184098.1	0.32	0.65	0.39	0.43	0.49	0.54
NM_001184099.1	1.73	1.49	1.83	1.78	1.75	1.58
NM_001184100.1	4.13	5.55	5.25	5.48	5.13	5.64
NM_001184101.1	54.66	58.95	54.66	61.93	61.1	56.97
NM_001184102.1	0.68	1.29	1.87	1.07	1.31	1.83
NM_001184103.1	4.41	4.47	4.76	3.63	4.07	3.77
NM_001184104.1	0.05	0.04	0.04	0.02	0.02	0.0
NM_001184105.1	11.09	12.46	11.73	11.26	10.94	9.85
NM_001184106.1	7.05	8.17	6.89	4.48	3.66	4.2
NM_001184107.1	125.25	126.92	129.76	138.31	127.55	137.65
NM_001184108.1	4.07	6.55	5.26	5.59	5.19	7.17
NM_001184110.1	4.86	2.8	3.07	1.52	1.27	1.26
NM_001184112.1	0.53	1.18	0.94	1.37	0.55	0.79
NM_001184113.1	186.41	179.27	189.36	230.25	243.01	224.13
NM_001184114.1	21.24	22.76	23.44	24.38	20.43	22.21
NM_001184115.1	9.77	11.21	8.95	9.12	7.16	9.39
NM_001184116.1	18.48	19.5	19.41	21.12	20.09	22.46
NM_001184117.1	49.51	52.34	59.01	78.24	67.6	71.65
NM_001184118.1	3.6	3.93	3.74	3.31	3.76	3.65
NM_001184119.1	8.05	8.65	7.44	8.8	7.91	9.26
NM_001184120.1	29.84	30.63	30.52	36.19	32.39	32.59
NM_001184121.1	37.63	37.48	40.23	45.91	44.64	44.51
NM_001184122.1	13.12	13.23	13.56	18.18	17.94	14.74
NM_001184123.1	1.49	1.72	1.64	1.9	1.59	1.63
NM_001184124.1	0.06	0.15	0.19	0.15	0.28	0.1
NM_001184125.1	349.95	377.92	342.59	417.24	423.26	350.38
NM_001184126.1	21.02	21.63	24.44	25.33	24.6	25.09
NM_001184127.1	0.34	0.32	0.27	0.39	0.61	0.69
NM_001184128.1	3.53	3.78	4.38	4.53	4.4	3.95
NM_001184129.1	9.98	11.58	12.22	10.11	10.34	8.99
NM_001184130.1	189.36	192.46	206.27	211.91	209.4	242.69
NM_001184131.1	27.65	25.93	26.76	35.0	35.1	31.33
NM_001184132.2	386.75	350.18	356.61	372.78	381.8	388.81
NM_001184133.1	220.18	210.37	215.32	209.89	224.81	214.08
NM_001184134.1	18.85	18.51	22.24	20.66	20.92	23.78
NM_001184137.1	15.3	14.13	13.92	15.75	16.07	16.43
NM_001184138.1	266.55	268.42	249.52	307.86	303.08	282.11
NM_001184139.1	13.43	13.22	12.11	15.66	13.92	15.76
NM_001184140.1	2763.09	2629.1	2433.1	2473.11	2363.93	2179.48
NM_001184142.1	19.24	22.56	20.17	28.95	26.96	26.09
NM_001184143.1	8.93	7.37	9.31	9.53	11.69	11.12
NM_001184144.1	4.88	4.39	4.35	3.78	4.18	4.03
NM_001184145.1	15.01	16.68	18.74	19.4	22.17	23.57
NM_001184146.1	2.34	3.8	3.58	3.84	3.57	3.47
NM_001184148.1	39.99	36.21	38.46	52.23	48.68	42.07
NM_001184149.1	263.39	259.24	263.87	235.55	236.16	230.6
NM_001184151.1	0.0	0.0	0.0	0.0	0.0	0.0
NM_001184152.1	7.34	8.56	9.59	8.8	8.62	8.89
NM_001184153.1	14.53	14.67	16.96	14.21	14.71	16.49
NM_001184154.1	6.17	8.15	7.13	7.11	7.75	8.05
NM_001184155.1	29.41	26.47	29.43	39.88	42.78	45.26
NM_001184157.1	50.04	52.91	59.97	34.75	36.47	34.63
NM_001184158.1	1.44	2.66	2.27	1.96	2.0	1.89
NM_001184159.1	199.68	190.41	187.33	219.23	213.48	203.68
NM_001184160.1	153.88	156.55	147.28	184.13	188.75	177.8
NM_001184162.1	41.46	40.42	37.8	43.26	46.68	38.32
NM_001184163.1	2.23	3.24	3.42	3.26	3.77	4.74
NM_001184164.1	11.97	11.76	14.44	13.98	12.74	18.71
NM_001184165.1	1.93	2.7	2.69	2.19	2.39	2.78
NM_001184166.1	316.28	321.51	352.55	437.89	439.89	461.05
NM_001184167.1	7.24	8.25	8.22	8.56	7.93	6.98
NM_001184168.1	7.47	6.55	8.35	5.96	6.76	8.51
NM_001184169.1	47.81	49.05	66.94	34.66	35.77	27.43
NM_001184170.1	75.08	84.25	83.72	68.64	71.92	64.38
NM_001184171.1	469.54	452.51	476.27	452.44	442.78	499.56
NM_001184172.1	24.57	25.04	23.05	31.79	29.98	29.88
NM_001184175.1	0.0	0.08	0.07	0.19	0.13	0.23
NM_001184176.1	12.26	9.96	13.61	13.6	12.2	14.42
NM_001184177.1	20609.19	19926.98	18701.64	19269.75	19614.77	18816.43
NM_001184178.1	3.61	4.29	6.15	5.08	4.47	4.99
NM_001184179.1	14.59	16.97	19.51	18.28	18.52	21.47
NM_001184180.1	2.35	2.43	1.68	3.23	3.55	2.73
NM_001184181.1	5.02	4.04	4.71	4.59	5.05	5.85
NM_001184182.1	2.27	2.85	3.21	1.87	2.28	2.03
NM_001184183.1	45.73	44.57	46.15	77.42	76.85	71.66
NM_001184185.1	87.63	89.46	90.52	123.33	117.78	117.37
NM_001184186.1	14.05	15.11	15.44	17.24	16.52	17.77
NM_001184188.1	11.52	13.39	13.13	12.0	10.68	12.55
NM_001184190.1	3.93	3.41	4.09	4.99	5.34	6.19
NM_001184191.1	23.16	26.69	22.36	36.51	32.76	35.57
NM_001184192.1	3.9	4.16	4.1	4.25	3.93	4.16
NM_001184193.1	0.15	0.0	0.0	0.24	0.0	0.0
NM_001184194.2	14.47	16.53	17.03	18.97	17.35	18.4
NM_001184195.1	30.42	35.64	32.22	32.95	36.19	35.53
NM_001184197.1	42.16	37.39	40.09	43.27	39.06	42.8
NM_001184198.1	15.67	22.11	18.61	23.7	19.45	17.66
NM_001184199.1	3283.32	3299.47	2859.9	3220.98	3121.33	2813.96
NM_001184200.1	146.55	150.77	157.61	247.95	231.09	247.58
NM_001184201.1	7.78	8.96	7.1	10.35	7.54	9.42
NM_001184202.1	8.95	9.06	11.14	9.38	8.37	8.47
NM_001184203.1	10.74	13.82	13.61	13.24	14.23	16.03
NM_001184204.1	17.63	15.38	18.5	18.61	17.37	16.3
NM_001184205.1	102.49	107.27	107.13	121.4	110.78	106.45
NM_001184206.1	6.75	6.16	6.68	7.42	8.02	8.29
NM_001184207.1	165.02	172.16	174.59	208.7	204.24	200.04
NM_001184208.1	5.43	5.2	6.62	7.39	7.62	7.58
NM_001184209.1	44.06	46.29	44.66	52.4	48.1	47.64
NM_001184210.1	132.96	134.06	137.16	145.21	139.59	140.32
NM_001184211.1	40.35	48.5	42.26	32.76	33.55	34.42
NM_001184212.1	2.99	3.72	3.25	3.08	3.12	3.05
NM_001184213.1	6.53	6.46	6.78	7.35	6.98	8.15
NM_001184214.1	0.2	0.26	0.3	0.16	0.18	0.16
NM_001184215.1	81.99	84.3	88.86	96.79	96.21	96.06
NM_001184216.1	23.48	27.89	22.74	24.2	22.79	22.17
NM_001184217.1	11.16	9.6	9.85	12.12	12.02	11.78
NM_001184218.2	0.0	0.0	0.05	0.0	0.0	0.0
NM_001184219.1	4.94	5.41	5.69	4.95	4.49	4.4
NM_001184221.1	167.7	167.5	174.67	207.52	185.51	177.23
NM_001184222.1	20.08	20.69	21.62	20.08	17.86	17.83
NM_001184224.1	11.91	13.16	15.41	17.95	17.81	20.07
NM_001184225.1	21.04	23.71	24.52	19.58	20.38	20.7
NM_001184226.1	84.34	90.86	80.69	85.25	85.43	88.77
NM_001184228.1	31.42	31.35	36.63	38.38	40.35	39.49
NM_001184229.1	3881.02	3827.3	3266.72	3670.88	3491.92	3084.28
NM_001184230.1	57.32	56.84	48.37	49.79	40.56	42.68
NM_001184231.1	4.2	4.95	4.95	6.36	6.45	6.09
NM_001184232.1	15.11	15.59	15.98	17.18	14.75	15.79
NM_001184234.1	31.06	33.49	31.75	33.45	34.51	33.83
NM_001184235.1	9.07	9.26	11.11	5.99	5.5	6.73
NM_001184236.1	21.26	22.36	22.29	22.62	21.49	19.95
NM_001184237.1	6.22	7.82	8.73	7.17	6.73	9.14
NM_001184238.1	6.67	7.2	6.58	7.47	6.1	7.04
NM_001184240.1	44.42	52.97	55.29	50.38	47.63	51.53
NM_001184241.1	27.28	28.34	29.73	31.88	33.82	29.77
NM_001184242.1	296.88	270.66	337.49	359.61	369.52	406.61
NM_001184244.1	25.23	21.16	25.04	19.67	19.76	21.3
NM_001184245.1	39.95	40.89	42.34	38.03	35.4	36.08
NM_001184246.1	444.62	465.32	437.26	566.16	591.17	544.38
NM_001184248.1	0.08	0.4	0.12	0.06	0.29	0.27
NM_001184249.1	5.26	7.18	5.66	7.02	6.39	7.62
NM_001184250.1	3.66	3.55	3.49	2.92	4.0	3.77
NM_001184251.1	52.45	54.58	53.86	54.12	53.58	51.19
NM_001184252.1	5.89	5.65	5.46	8.51	8.47	7.1
NM_001184253.1	38.31	37.65	33.6	36.71	37.48	37.3
NM_001184254.1	0.62	1.08	1.61	0.48	0.51	0.87
NM_001184255.1	19.82	18.47	20.04	23.42	22.01	17.12
NM_001184256.1	70.05	74.08	70.1	78.25	74.13	75.21
NM_001184257.1	3.06	2.85	3.13	5.03	3.95	5.92
NM_001184258.1	14.65	16.05	16.02	22.87	19.94	23.37
NM_001184259.1	10.55	10.48	10.77	9.51	8.79	9.66
NM_001184260.1	440.61	439.97	375.66	517.6	496.03	461.46
NM_001184261.1	3.7	4.76	4.97	4.74	5.55	4.85
NM_001184262.1	218.23	229.31	252.43	236.12	233.67	224.5
NM_001184263.1	53.85	60.41	60.87	72.3	67.12	60.04
NM_001184264.1	2.79	2.88	3.58	3.18	3.86	3.23
NM_001184265.1	11.64	8.96	9.93	12.8	12.98	12.45
NM_001184266.1	29.0	28.78	31.12	31.34	35.3	36.33
NM_001184268.1	13.28	15.1	12.27	13.66	13.22	11.24
NM_001184269.1	54.23	49.36	50.41	49.08	49.44	49.04
NM_001184270.1	29.56	33.28	31.49	36.62	36.87	42.15
NM_001184271.1	10.04	10.76	13.33	12.69	12.07	14.05
NM_001184272.1	9.89	10.11	10.0	10.33	10.88	10.99
NM_001184273.1	19.0	19.22	22.55	18.01	17.03	16.06
NM_001184275.1	7.02	7.68	8.14	11.1	10.36	9.18
NM_001184276.1	6.95	5.97	6.85	5.98	6.32	5.48
NM_001184277.1	20.34	20.94	22.72	24.72	22.07	21.36
NM_001184278.1	137.76	136.48	139.77	137.49	146.8	150.47
NM_001184279.1	46.57	48.8	45.63	44.37	52.3	55.04
NM_001184280.1	219.93	209.31	206.75	188.47	196.87	212.6
NM_001184281.1	1.1	1.2	1.51	1.23	1.18	1.79
NM_001184282.1	4.87	5.99	5.77	4.78	4.98	5.28
NM_001184283.1	7.74	6.89	7.73	8.98	8.0	7.42
NM_001184284.1	201.86	198.53	199.14	217.79	211.11	212.32
NM_001184285.1	41.94	41.3	44.53	48.41	47.64	39.93
NM_001184286.1	22.24	24.31	21.8	22.06	19.94	19.74
NM_001184287.1	18.21	21.8	19.54	25.3	22.08	23.03
NM_001184288.1	49.22	57.14	50.28	70.81	78.76	66.25
NM_001184289.1	0.27	0.23	0.34	0.18	0.15	0.28
NM_001184290.1	0.61	0.34	0.0	0.17	0.0	0.17
NM_001184291.1	0.12	0.35	0.03	0.11	0.13	0.0
NM_001184293.1	0.98	1.32	1.54	1.47	1.34	0.8
NM_001184295.1	16.03	16.17	17.61	18.79	15.66	16.15
NM_001184296.1	7.71	7.5	9.62	9.89	10.06	7.71
NM_001184297.1	1.54	1.2	1.12	0.29	0.44	0.6
NM_001184298.1	1.01	1.56	1.19	0.62	1.13	0.93
NM_001184299.1	0.14	0.35	0.11	0.28	0.13	0.12
NM_001184300.1	0.0	0.0	0.0	0.0	0.0	0.0
NM_001184301.1	0.0	0.0	0.0	0.0	0.0	0.03
NM_001184302.1	0.19	0.2	0.26	0.33	0.46	0.28
NM_001184303.1	499.24	535.27	449.19	544.67	590.35	523.68
NM_001184304.1	52.2	52.28	51.28	59.68	57.77	46.84
NM_001184305.1	0.0	0.0	0.0	0.0	0.0	0.0
NM_001184306.2	12.73	12.81	12.36	12.37	11.69	11.42
NM_001184307.1	133.84	133.73	135.17	144.08	146.23	145.8
NM_001184308.3	88.34	79.21	67.86	101.15	95.89	92.45
NM_001184309.3	37.63	48.49	45.9	44.48	39.32	38.99
NM_001184310.1	174.12	182.36	163.85	100.31	107.0	85.55
NM_001184311.3	2631.08	2569.78	2677.35	2255.91	2424.6	2557.9
NM_001184312.1	3223.73	3059.92	2852.47	2764.13	2745.4	2616.67
NM_001184313.1	27.06	27.21	23.53	33.4	29.18	23.0
NM_001184314.1	0.0	0.0	0.0	0.0	0.09	0.17
NM_001184315.1	240.11	257.26	223.95	260.13	249.18	216.19
NM_001184316.1	74.01	66.16	65.8	92.66	95.81	91.42
NM_001184317.1	38.7	43.69	35.45	51.18	55.46	53.52
NM_001184318.1	0.38	0.26	0.33	0.12	0.21	0.13
NM_001184319.1	3.27	2.91	3.62	1.26	1.6	0.98
NM_001184320.1	56.41	58.07	49.49	66.19	74.66	66.38
NM_001184321.1	11.21	12.51	13.46	9.67	12.46	13.32
NM_001184325.1	26.38	29.11	37.5	38.32	28.54	36.31
NM_001184326.1	0.23	1.14	1.78	0.93	1.25	0.38
NM_001184327.3	2.48	2.51	1.56	2.86	2.29	0.84
NM_001184328.3	138.19	138.03	150.0	186.39	168.97	162.82
NM_001184329.1	59.84	53.27	45.18	50.71	59.59	37.03
NM_001184330.1	71.76	69.09	74.18	79.11	76.36	58.07
NM_001184332.1	0.0	0.0	0.0	0.0	0.0	0.0
NM_001184335.3	73.19	79.34	89.53	92.36	86.9	86.82
NM_001184336.1	39.9	41.06	39.86	49.04	47.36	54.75
NM_001184338.1	18.76	18.46	16.27	11.36	13.18	18.37
NM_001184339.1	322.99	314.06	314.28	429.0	423.34	406.77
NM_001184340.1	110.97	117.56	85.94	123.28	137.0	113.84
NM_001184342.1	0.0	0.0	0.0	0.45	0.25	0.0
NM_001184344.1	37.81	42.1	37.91	53.32	49.87	48.44
NM_001184346.3	580.52	604.54	611.63	875.45	822.25	770.91
NM_001184348.1	48.4	56.72	58.52	76.88	71.1	69.27
NM_001184349.1	55.9	55.18	62.88	51.85	63.43	52.0
NM_001184377.1	63.22	78.96	68.73	92.81	92.73	70.95
NM_001184378.1	0.58	0.36	0.37	0.19	0.11	0.53
NM_001184379.4	0.22	0.24	0.22	0.1	0.15	0.25
NM_001184380.3	0.75	0.73	0.81	1.37	1.33	1.46
NM_001184381.2	0.67	0.56	0.81	0.69	0.88	1.08
NM_001184382.1	76.24	95.3	94.84	129.15	123.03	118.9
NM_001184383.1	1.51	1.89	1.34	0.92	1.07	0.86
NM_001184384.2	0.39	0.49	0.35	0.25	0.28	0.26
NM_001184385.3	4.8	3.56	4.87	2.45	2.29	2.3
NM_001184386.2	1.61	1.18	1.69	0.84	0.75	0.82
NM_001184387.1	2.69	2.79	2.69	1.31	1.04	1.06
NM_001184388.4	1.12	1.08	1.24	0.55	0.48	0.47
NM_001184389.1	1.67	0.85	1.71	0.83	0.4	0.4
NM_001184390.4	0.64	0.44	0.77	0.37	0.29	0.2
NM_001184391.1	0.04	0.0	0.0	0.0	0.0	0.0
NM_001184392.2	0.01	0.0	0.0	0.0	0.0	0.0
NM_001184393.1	0.12	0.0	0.3	0.03	0.11	0.13
NM_001184394.2	0.17	0.12	0.25	0.21	0.11	0.29
NM_001184395.1	16.7	15.31	14.55	7.11	7.09	8.63
NM_001184396.2	8.93	8.08	8.63	4.97	4.45	5.88
NM_001184397.1	3.84	3.2	4.02	2.23	1.83	1.98
NM_001184398.2	1.0	0.86	1.06	0.6	0.49	0.51
NM_001184399.1	0.0	0.0	0.0	0.0	0.04	0.0
NM_001184400.4	0.38	0.24	0.44	0.26	0.2	0.26
NM_001184401.1	3.46	4.52	3.18	2.02	1.73	1.32
NM_001184402.2	0.97	1.29	0.99	0.54	0.49	0.37
NM_001184403.1	1.23	1.18	1.49	1.49	0.87	1.54
NM_001184404.2	0.5	0.5	0.52	0.57	0.5	0.65
NM_001184405.1	0.0	0.0	0.0	0.0	0.0	0.0
NM_001184406.2	0.0	0.0	0.0	0.0	0.0	0.0
NM_001184407.1	0.0	0.03	0.0	0.0	0.0	0.0
NM_001184408.2	4.82	4.26	5.01	3.45	2.86	4.1
NM_001184409.1	0.0	0.0	0.0	0.03	0.0	0.0
NM_001184410.1	0.0	0.03	0.0	0.0	0.07	0.0
NM_001184411.4	0.0	0.03	0.06	0.07	0.06	0.03
NM_001184412.1	3.45	4.64	5.78	2.68	2.9	4.81
NM_001184413.3	2.05	2.48	2.25	3.09	3.47	2.37
NM_001184414.1	18.09	20.43	19.36	22.99	24.24	20.35
NM_001184415.2	5.64	6.63	6.57	6.83	7.06	6.43
NM_001184416.1	0.27	0.07	0.06	0.13	0.0	0.2
NM_001184417.2	0.08	0.02	0.11	0.07	0.05	0.1
NM_001184418.1	0.93	0.43	0.98	0.48	0.22	0.33
NM_001184419.4	0.31	0.2	0.36	0.18	0.15	0.15
NM_001184420.1	0.0	0.0	0.0	0.0	0.0	0.07
NM_001184421.2	0.08	0.29	0.22	0.21	0.2	0.19
NM_001184422.3	0.31	0.39	0.43	0.22	0.14	0.13
NM_001184423.4	0.22	0.3	0.31	0.16	0.16	0.08
NM_001184424.1	0.0	0.0	0.0	0.0	0.0	0.0
NM_001184425.2	0.0	0.0	0.0	0.0	0.0	0.0
NM_001184426.3	0.0	0.0	0.0	0.0	0.0	0.0
NM_001184427.2	0.22	0.27	0.22	0.25	0.16	0.29
NM_001184428.1	0.0	0.0	0.06	0.03	0.04	0.0
NM_001184429.1	1.2	0.75	0.43	0.73	0.68	0.4
NM_001184430.1	3.46	4.52	3.18	2.02	1.73	1.32
NM_001184431.1	0.43	0.07	0.0	0.06	0.04	0.07
NM_001184432.2	2.3	2.48	2.43	1.85	1.67	1.88
NM_001184433.1	0.27	0.07	0.0	0.13	0.04	0.2
NM_001184434.2	0.19	0.13	0.24	0.22	0.12	0.24
NM_001184435.3	1.59	2.25	2.07	1.47	2.36	2.57
NM_001184436.2	0.73	0.87	0.87	0.6	0.82	0.89
NM_001184437.3	5.44	7.33	8.21	4.18	3.97	7.12
NM_001184438.1	265.44	266.1	253.97	280.37	285.0	236.7
NM_001184439.1	8.43	7.61	10.4	5.95	6.68	10.23
NM_001184440.1	26.93	31.48	28.49	38.55	34.03	32.22
NM_001184441.1	36.08	36.93	35.26	50.67	47.67	39.14
NM_001184442.3	99.21	110.25	114.47	143.78	149.87	147.87
NM_001184443.1	61.0	69.42	69.89	132.14	110.56	103.96
NM_001184444.1	2.46	4.67	3.39	6.59	5.69	2.62
NM_001184445.1	822.51	834.22	754.7	703.25	841.04	837.84
NM_001184446.3	3.15	1.77	2.83	2.96	3.19	2.3
NM_001184447.3	0.15	0.23	0.29	0.23	0.28	0.35
NM_001184448.1	110.05	119.36	91.55	124.31	123.1	112.68
NM_001184449.1	13.61	13.29	12.98	7.62	6.25	9.79
NM_001184450.1	0.0	0.1	0.19	0.2	0.11	0.21
NM_001184453.1	42.68	48.36	44.13	39.38	42.09	40.78
NM_001184454.1	67.98	73.05	63.2	79.34	90.06	61.89
NM_001184455.1	50.58	53.09	53.6	48.22	49.52	45.71
NM_001184456.1	0.0	0.0	0.0	0.0	0.0	0.0
NM_001184457.1	13.51	15.18	10.98	11.89	12.92	5.54
NM_001184458.1	0.0	0.0	0.0	0.0	0.0	0.0
NM_001184461.1	22.21	26.04	21.72	24.28	24.54	21.91
NM_001184462.1	0.0	0.0	0.0	0.0	0.0	0.29
NM_001184465.1	0.0	0.0	0.0	0.0	0.0	0.0
NM_001184469.3	24.2	26.21	25.04	26.71	26.45	24.15
NM_001184470.3	34.0	36.24	38.02	40.3	38.69	39.17
NM_001184471.3	5.0	6.02	7.86	9.11	7.59	6.68
NM_001184472.1	0.0	0.0	0.0	0.0	0.0	0.0
NM_001184473.1	0.0	0.0	0.0	0.0	0.0	0.0
NM_001184474.3	33.61	40.58	44.08	43.51	42.24	39.08
NM_001184476.1	0.0	0.0	0.0	0.0	0.0	0.0
NM_001184477.3	62.52	57.78	55.86	62.26	61.35	72.74
NM_001184481.1	14.74	20.57	18.71	23.27	22.7	24.29
NM_001184482.1	0.0	0.0	0.0	0.24	0.0	0.0
NM_001184484.1	31.26	28.14	34.3	28.71	28.12	31.76
NM_001184486.1	41.79	47.84	37.59	50.89	45.47	43.24
NM_001184487.1	0.31	1.32	0.98	0.52	1.16	0.53
NM_001184490.1	10.56	14.89	10.56	15.96	17.39	13.71
NM_001184492.1	12.87	13.42	11.63	12.31	10.86	9.57
NM_001184493.1	9.01	9.35	6.57	13.77	13.98	8.48
NM_001184510.3	12.03	13.34	11.34	13.03	14.63	13.56
NM_001184511.1	4.9	7.47	7.69	9.15	8.56	6.3
NM_001184512.1	71.45	71.12	75.18	106.63	99.35	99.37
NM_001184513.1	31.95	42.97	39.29	43.44	41.08	33.05
NM_001184514.1	0.0	0.0	0.0	0.0	0.0	0.0
NM_001184515.1	17.86	13.02	17.03	8.59	13.91	13.3
NM_001184516.1	378.55	338.75	406.88	435.59	452.05	551.24
NM_001184517.3	11.8	11.5	12.71	17.47	15.42	10.88
NM_001184518.1	232.97	225.24	224.79	255.96	245.14	239.62
NM_001184519.1	19.04	21.15	20.65	17.05	18.38	16.04
NM_001184520.1	32.98	31.77	30.46	30.4	26.95	29.06
NM_001184521.1	70.5	60.51	67.47	77.55	80.95	68.79
NM_001184522.3	33.92	45.83	46.08	34.25	34.38	37.6
NM_001184523.1	3.44	3.94	6.26	4.07	3.94	4.9
NM_001184524.1	5.7	3.84	5.67	4.69	4.92	0.65
NM_001184525.1	263.38	240.05	287.23	252.08	256.63	284.38
NM_001184526.1	0.0	0.0	0.0	0.0	0.0	0.0
NM_001184527.1	4.24	4.7	5.26	2.2	3.92	7.97
NM_001184528.1	26.79	28.3	26.8	37.62	32.4	34.66
NM_001184529.1	31.63	30.57	25.43	30.01	32.33	23.4
NM_001184530.1	20.16	25.03	20.28	27.07	24.84	20.74
NM_001184531.3	55.32	61.92	58.6	78.17	69.53	69.58
NM_001184532.1	15.9	10.1	17.3	10.67	14.25	8.73
NM_001184533.1	0.94	0.66	0.98	0.52	1.01	1.33
NM_001184534.1	39.87	39.06	43.93	43.05	40.85	38.33
NM_001184535.1	0.0	0.14	0.0	0.27	0.31	0.28
NM_001184536.1	20.44	20.88	21.99	24.36	24.54	16.96
NM_001184537.1	14.65	19.11	18.6	17.84	22.63	19.78
NM_001184539.1	0.0	0.45	0.28	0.59	1.16	0.91
NM_001184540.1	0.48	0.61	0.0	0.4	0.22	0.41
NM_001184541.3	0.0	0.0	0.0	0.0	0.0	0.0
NM_001184542.1	0.0	0.0	0.0	0.0	0.0	0.0
NM_001184543.1	0.0	0.0	0.0	0.0	0.2	0.0
NM_001184544.3	0.0	0.0	0.0	0.0	0.0	0.0
NM_001184545.3	0.0	0.0	0.0	0.17	0.0	0.0
NM_001184546.1	0.0	0.0	0.0	0.0	0.0	0.0
NM_001184547.3	1.23	0.35	0.32	0.68	0.38	0.0
NM_001184548.3	0.0	0.6	0.37	0.0	0.88	0.4
NM_001184549.1	0.0	0.0	0.0	0.0	0.0	0.0
NM_001184550.1	0.0	0.0	0.0	0.0	0.0	0.0
NM_001184551.1	0.0	0.16	0.31	0.16	0.0	0.0
NM_001184552.1	0.0	0.0	0.0	0.0	0.0	0.0
NM_001184553.1	0.0	0.0	0.0	0.0	0.0	0.0
NM_001184554.1	0.0	0.0	0.0	0.0	0.0	0.0
NM_001184555.1	0.0	0.0	0.0	0.17	0.0	0.0
NM_001184556.1						
NM_001184557.1	0.0	0.0	0.0	0.0	0.0	0.0
NM_001184559.1	0.0	0.0	0.0	0.0	0.0	0.0
NM_001184560.1	0.0	0.0	0.0	0.0	0.0	0.0
NM_001184561.1	0.0	0.0	0.0	0.0	0.0	0.0
NM_001184563.1	0.0	0.0	0.0	0.0	0.0	0.0
NM_001184564.1	0.0	0.0	0.0	0.0	0.0	0.0
NM_001184565.1	0.0	0.0	0.0	0.0	0.0	0.0
NM_001184566.1	0.0	0.0	0.0	0.0	0.0	0.0
NM_001184567.1	0.23	0.59	0.0	0.19	0.64	0.79
NM_001184569.1	0.0	0.0	0.0	0.0	0.0	0.0
NM_001184570.3	0.2	0.17	0.0	0.0	0.19	0.68
NM_001184571.1	0.0	0.0	0.0	0.0	0.0	0.0
NM_001184572.1	0.0	0.0	0.0	0.0	0.0	0.0
NM_001184573.1	0.0	0.0	0.0	0.0	0.0	0.0
NM_001184574.1	0.0	0.0	0.0	0.0	0.0	0.0
NM_001184575.1	0.0	0.19	0.0	0.0	0.0	0.0
NM_001184576.1	0.0	0.17	0.0	0.0	0.0	0.0
NM_001184577.1	0.0	0.67	0.0	0.49	0.92	0.34
NM_001184578.1	0.0	0.0	0.0	0.0	0.0	0.42
NM_001184579.3	0.0	0.0	0.0	0.0	0.0	0.0
NM_001184580.1	0.0	0.0	0.33	0.0	0.2	0.0
NM_001184582.1	0.0	0.0	0.0	0.0	0.0	0.0
NM_001184583.1	0.0	0.0	0.0	0.0	0.0	0.0
NM_001184584.1	0.34	0.28	0.0	0.0	0.62	0.0
NM_001184585.1	0.0	0.0	0.0	0.0	0.0	0.0
NM_001184586.1	0.42	0.53	0.0	0.52	0.39	0.36
NM_001184587.3	0.0	0.0	0.0	0.0	0.0	0.0
NM_001184588.1	0.0	0.0	0.0	0.0	0.0	0.0
NM_001184589.1	0.0	0.0	0.0	0.0	0.22	0.0
NM_001184590.1	0.0	0.0	0.0	0.0	0.0	0.0
NM_001184591.1	5.95	4.32	6.76	3.4	3.97	6.46
NM_001184592.3	0.0	0.31	0.0	0.0	0.67	0.0
NM_001184593.3	5.87	5.61	4.61	11.19	11.33	6.8
NM_001184594.1	0.24	0.41	0.0	0.2	0.89	0.0
NM_001184595.3	0.0	0.0	0.0	0.0	0.0	0.0
NM_001184596.1	0.0	0.0	0.0	0.25	0.0	0.0
NM_001184597.1	0.0	0.0	0.0	0.0	0.0	0.0
NM_001184598.3	0.0	0.0	0.0	0.0	0.0	0.0
NM_001184599.3	0.0	0.0	0.0	0.0	0.0	0.0
NM_001184600.1	0.0	0.0	0.0	0.0	0.0	0.0
NM_001184601.1	0.0	0.0	0.24	0.0	0.0	0.0
NM_001184602.3	0.0	0.0	0.23	0.12	0.14	0.0
NM_001184603.1	0.0	0.0	0.0	0.0	0.0	0.0
NM_001184604.1	0.0	0.0	0.4	0.21	0.47	0.0
NM_001184605.1	0.0	0.0	0.0	0.0	0.0	0.0
NM_001184608.1	0.0	0.0	0.0	0.0	0.0	0.0
NM_001184609.1	0.0	0.0	0.0	0.0	0.0	0.0
NM_001184610.1	0.0	0.21	0.0	0.0	0.0	0.0
NM_001184612.1	0.0	0.39	0.0	0.0	0.21	0.0
NM_001184613.1	1.66	3.1	2.89	1.67	3.74	4.38
NM_001184614.1	0.0	0.0	0.0	0.0	0.19	0.0
NM_001184615.1	0.0	0.0	0.0	0.0	0.0	0.0
NM_001184616.1	0.0	0.0	0.0	0.0	0.0	0.0
NM_001184617.1	0.0	0.0	0.0	0.0	0.0	0.0
NM_001184618.1	0.0	0.0	0.0	0.0	0.0	0.0
NM_001184619.3	61.84	59.71	73.32	63.53	64.25	63.0
NM_001184620.1	0.29	0.49	0.46	0.0	0.81	0.0
NM_001184621.3	0.0	0.0	0.0	0.0	0.0	0.0
NM_001184622.1	0.0	0.0	0.0	0.0	0.0	0.0
NM_001184623.1	0.0	0.0	0.0	0.0	0.0	0.0
NM_001184624.1	0.0	0.0	0.0	0.0	0.0	0.0
NM_001184625.1	0.0	0.0	0.0	0.21	0.0	0.0
NM_001184626.1	0.0	0.0	0.0	0.0	0.0	0.0
NM_001184627.1	0.34	0.0	0.0	0.0	0.93	0.57
NM_001184628.1	0.0	0.0	0.0	0.0	0.0	0.0
NM_001184629.1	0.0	0.0	0.0	0.0	0.0	0.0
NM_001184631.1	4162.47	3979.18	4193.64	3338.4	3680.38	4271.17
NM_001184632.3	0.0	0.0	0.0	0.29	0.0	0.0
NM_001184633.1	0.0	0.0	0.0	0.0	0.0	0.0
NM_001184634.1	4.07	0.53	0.49	1.03	1.45	0.53
NM_001184635.1	0.0	0.0	0.0	0.0	0.0	0.0
NM_001184636.1	48.13	48.15	54.05	43.78	36.84	50.49
NM_001184637.1	0.0	0.0	0.0	0.0	0.0	0.0
NM_001184638.1	0.0	0.0	0.0	0.0	0.0	0.0
NM_001184639.3	0.0	0.0	0.0	0.0	0.0	0.0
NM_001184641.1	0.0	0.29	0.0	0.28	0.32	0.58
NM_001184642.1	0.0	0.0	0.0	0.0	0.0	0.26
NM_001184643.3	0.0	0.0	0.0	0.0	0.0	0.0
NM_001184644.1	0.0	0.0	0.0	0.0	0.0	0.0
NM_001184645.1	1.31	1.93	1.03	1.48	0.91	1.39
NM_001184646.3	0.0	0.25	0.0	0.0	0.0	0.0
NM_001184647.4	21.84	27.09	26.78	28.05	24.81	24.98
NM_001184648.1	0.0	0.0	0.0	0.0	0.0	0.0
NM_001184649.1	0.0	0.0	0.0	0.0	0.0	0.0
NM_001184650.1	0.0	0.0	0.0	0.0	0.0	0.0
NM_001184651.1	0.0	0.0	0.0	0.0	0.0	0.0
NM_001184652.1	11.83	14.27	5.1	11.26	11.36	5.13
NM_001184653.1	76.41	75.74	75.45	88.19	83.45	78.93
NM_001184654.1	0.0	0.0	0.0	0.0	0.22	0.0
NM_001184655.1	0.0	0.0	0.0	0.0	0.0	0.0
NM_001184656.1	0.59	0.0	0.31	0.48	0.0	0.0
NM_001184658.1	0.0	0.08	0.0	0.08	0.0	0.16
NM_001184659.3	21.31	24.66	22.87	27.54	26.49	27.04
NM_001184660.1	0.21	0.53	0.0	0.0	0.39	0.36
NM_001184661.1	0.0	0.0	0.0	0.0	0.0	0.0
NM_001184662.3	0.0	0.0	0.0	0.28	0.16	0.0
NM_001184663.1	0.63	0.0	0.99	0.69	0.39	0.0
NM_001184664.1	0.0	0.0	0.0	0.18	0.4	0.37
NM_001184665.1	0.0	0.0	0.0	0.0	0.0	0.0
NM_001184666.1	0.0	0.0	0.43	0.0	0.0	0.0
NM_001184667.1	0.0	0.0	0.0	0.0	0.0	0.0
NM_001184668.1	0.18	0.3	0.28	0.15	0.33	0.0
NM_001184669.3	0.0	0.21	0.4	0.42	0.94	1.3
NM_001184670.1	0.0	0.0	0.0	0.0	0.0	0.0
NM_001184671.1	5.51	7.04	3.58	9.07	6.67	8.72
NM_001184672.1	17.63	14.66	15.39	16.31	16.51	17.43
NM_001184673.1	9.03	10.9	6.45	9.8	7.97	14.65
NM_001184674.1	0.0	0.0	0.0	0.4	0.0	0.0
NM_001184675.3	5.37	9.06	8.44	9.89	8.18	10.75
NM_001184676.3	4.67	4.79	3.83	3.84	5.63	4.83
NM_001184677.1	10.08	11.32	14.17	10.77	9.32	10.82
NM_001184678.1	0.0	0.0	0.0	0.29	0.17	0.0
NM_001184679.1	18.92	21.45	18.06	20.37	24.35	28.55
NM_001184680.1	12.5	14.91	12.24	12.83	11.25	10.21
NM_001184681.1	1.85	1.38	1.94	2.7	2.85	2.44
NM_001184682.1	0.0	0.0	0.0	0.0	0.0	0.0
NM_001184683.1	45.21	47.18	68.4	45.16	43.33	59.45
NM_001184684.1	0.19	0.8	0.3	0.47	0.18	0.97
NM_001184685.1	33.14	41.15	33.47	39.13	46.34	39.13
NM_001184686.1	5.95	8.46	7.89	6.43	6.19	10.12
NM_001184687.1	1.8	1.67	4.25	2.52	2.83	3.37
NM_001184688.1	0.98	0.16	1.23	0.96	0.72	1.33
NM_001184689.1	35.34	41.1	39.53	53.73	60.35	50.92
NM_001267862.1	0.0	0.0	0.0	0.0	0.0	0.0
NM_001270738.1	0.0	0.0	0.0	0.11	0.0	0.46
NM_001270739.1	3.7	3.29	2.9	5.74	3.98	5.93
NM_001270740.1	169.79	177.53	163.95	191.9	185.47	179.41
NM_001270741.1	0.17	0.0	0.0	0.29	0.0	0.29
NM_001270742.1	0.0	0.0	0.0	0.11	0.0	0.0
NM_001270743.1	14.32	14.7	17.56	12.68	14.11	13.44
NM_001270744.1	1.44	0.81	0.75	1.48	1.11	0.61
NM_001270745.1	3.81	2.97	2.77	2.79	2.74	2.76
NM_001270746.1	11.86	18.01	19.09	17.35	17.86	18.66
NM_001270747.1	0.96	0.35	0.86	0.0	0.25	0.0
NM_001270748.1	3.21	6.93	5.25	5.71	5.58	4.37
NM_001270749.1	2.2	1.2	1.22	1.17	1.44	2.2
NM_001270750.1	0.0	0.0	0.0	0.0	0.0	0.0
NM_001270751.1	0.0	0.0	0.0	0.0	0.0	0.0
NM_001270752.1	0.0	0.0	0.0	0.0	0.0	0.0
NM_001270753.1	1.09	2.46	2.86	0.9	0.67	3.72
NM_001270754.1	2.2	0.76	1.22	2.24	1.44	3.3
NM_001270755.1	2.11	1.9	3.54	2.2	2.08	2.15
NM_001270756.1	0.0	0.0	0.0	0.0	0.0	0.0
NM_001270757.1	0.0	0.0	0.45	0.0	0.0	0.0
NM_001270758.1	20.63	17.73	20.45	12.65	12.28	15.06
NM_001270759.1	2.96	2.29	2.04	2.82	2.51	1.81
NM_001270760.1	8.51	8.24	7.88	9.52	7.86	8.38
NM_001270761.1	2.49	4.55	5.87	4.56	3.07	5.18
NM_001281536.2	0.71	0.86	0.89	1.01	1.18	1.01
NM_001301348.1	0.24	0.41	0.57	0.3	0.45	0.62
NM_001305014.1	3.28	1.84	2.86	2.7	2.36	1.86
NM_001305015.2	0.49	0.5	0.52	0.58	0.5	0.65
NM_001310667.1	1.5	0.8	1.07	0.79	1.26	1.16
NM_001346794.1	0.29	0.12	0.46	0.48	0.13	0.0
NM_001346795.1	0.14	0.46	0.86	0.67	0.5	0.46
NM_001346796.1	0.0	0.0	0.0	0.24	0.0	0.0
NM_001348807.1	0.0	0.0	0.0	0.0	0.0	0.0
NM_001348808.1	0.0	0.0	0.0	0.0	0.0	0.0
NM_001348809.1	0.0	0.0	0.0	0.0	0.0	0.24
NM_001348810.1	0.27	0.57	0.86	0.11	0.5	0.0
NM_001348811.1	0.0	0.0	0.0	0.1	0.21	0.0
NM_001348812.1	0.0	0.1	0.0	0.0	0.0	0.2
NM_001348813.1	0.0	0.0	0.0	0.0	0.0	0.0
NM_001348814.1	0.0	0.0	0.0	0.0	0.0	0.0
NM_001348815.1	0.0	0.0	0.0	0.0	0.0	0.0
NM_001348817.1	0.21	0.09	0.17	0.0	0.1	0.36
NM_001348818.1	0.0	0.0	0.0	0.0	0.0	0.0
NM_001348819.1	0.14	0.0	0.22	0.45	0.25	0.93
NM_001348820.1	0.21	0.09	0.0	0.0	0.19	0.0
NM_001348821.1	0.0	0.0	0.0	0.0	0.0	0.0
NM_001348822.1	0.0	0.39	0.0	0.09	0.32	0.58
NM_001348823.1	0.0	0.0	0.0	0.0	0.0	0.21
NM_001348824.1	0.29	0.0	0.0	0.0	0.0	0.0
NM_001348825.1	0.14	0.0	0.0	0.0	0.0	0.23
NM_001348826.1	0.12	0.0	0.37	0.1	0.11	0.6
NM_001348827.1	0.0	0.0	0.0	0.0	0.1	0.18
NM_001348828.1	0.0	0.0	0.0	0.0	0.0	0.0
NM_001348829.1	1.44	0.69	0.86	0.68	1.46	1.28
NM_001348830.1	0.14	0.12	0.91	0.12	0.13	0.0
NM_001348831.1	0.0	0.22	0.2	0.11	0.0	0.0
NM_001348832.1	0.0	0.0	0.0	0.0	0.0	0.0
NM_001348833.1	0.25	0.0	0.0	0.07	0.0	0.0
NM_001348834.1	0.0	0.0	0.0	0.0	0.0	0.0
NM_001348835.1	0.0	0.0	0.0	0.0	0.1	0.18
NM_001348836.1	0.25	0.11	0.99	0.0	0.0	0.43
NM_001348837.1	0.0	0.0	0.0	0.0	0.0	0.0
NM_001348838.1	0.0	0.1	0.0	0.1	0.23	0.0
NM_001348839.1	3.69	5.72	7.88	6.07	8.59	5.52
NM_001348840.1	2.16	3.52	2.04	1.78	3.33	0.73
NM_001348841.1	0.76	0.21	0.4	0.52	0.23	0.22
NM_001348842.1	0.58	0.16	1.07	1.04	1.53	1.48
NM_001348843.1	0.0	0.0	0.0	0.0	0.0	0.0
NM_001348844.1	0.15	0.12	0.23	0.48	0.4	0.49
NM_001348845.1	0.0	0.0	0.21	0.0	0.0	0.0
NM_001348846.1	3.6	4.08	1.96	2.96	2.18	2.59
NM_001348847.1	0.0	0.0	0.0	0.0	0.0	0.0
NM_001348848.1	0.0	0.0	0.0	0.0	0.12	0.0
NM_001348849.1	0.73	0.62	0.92	0.36	0.68	0.25
NM_001348850.1	0.0	0.0	0.0	0.09	0.11	0.19
NM_001348851.1	0.0	0.0	0.0	0.0	0.0	0.0
NM_001348852.1	0.42	0.36	1.1	0.23	0.0	0.48
NM_001348853.1	0.0	0.0	0.0	0.0	0.0	0.0
NM_001348854.1	0.0	0.0	0.21	0.0	0.0	0.23
NM_001348855.1	2.57	2.63	3.16	2.85	2.48	3.79
NM_001348856.1	0.0	0.0	0.0	0.0	0.11	0.0
NM_001348857.1	0.0	0.0	0.0	0.0	0.13	0.0
NM_001348858.1	0.0	0.0	0.0	0.11	0.24	0.0
NM_001348859.1	0.0	0.23	0.0	0.46	0.13	0.0
NM_001348860.1	0.0	0.0	0.0	0.0	0.0	0.0
NM_001348861.1	0.0	0.0	0.0	0.0	0.0	0.0
NM_001348862.1	0.27	0.11	0.0	0.0	0.13	0.0
NM_001348863.1	0.0	0.0	0.0	0.0	0.0	0.0
NM_001348864.1	0.24	0.2	0.19	0.1	0.11	0.21
NM_001348865.1	0.0	0.0	0.0	0.0	0.0	0.0
NM_001348866.1	0.25	0.85	0.6	0.83	0.47	0.65
NM_001348867.1	0.0	0.21	0.19	0.2	0.23	1.05
NM_001348868.1	0.0	0.0	0.0	0.0	0.27	0.0
NM_001348869.1	0.0	0.12	0.0	0.12	0.27	0.0
NM_001348870.1	0.0	0.0	0.0	0.12	0.0	0.25
NM_001348871.1	0.0	0.0	0.0	0.0	0.0	0.0
NM_001348872.1	0.12	0.0	0.0	0.0	0.0	0.0
NM_001348873.1	0.0	0.11	0.0	0.11	0.0	0.0
NM_001348874.1	0.29	0.24	0.0	0.0	0.13	0.0
NM_001348875.1	0.0	0.0	0.0	0.0	0.0	0.0
NM_001348876.1	0.13	0.21	0.2	0.0	0.12	0.0
NM_001348877.1	0.0	0.0	0.0	0.0	0.13	0.0
NM_001348878.1	0.0	0.0	0.0	0.0	0.0	0.0
NM_001348879.1	0.0	0.0	0.0	0.0	0.0	0.0
NM_001348880.1	0.0	0.35	0.65	0.68	0.13	0.7
NM_001348881.1	0.0	0.0	0.0	0.0	0.0	0.0
NM_001348882.1	0.0	0.0	0.0	0.0	0.0	0.0
NM_001348883.1	0.0	0.0	0.0	0.0	0.0	0.0
NM_001348884.1	0.0	0.0	0.0	0.11	0.26	0.0
NM_001348885.1	0.0	0.0	0.0	0.0	0.0	0.0
NM_001348886.1	0.0	0.0	0.0	0.0	0.0	0.0
NM_001348887.1	247.37	218.63	240.47	193.55	200.76	232.26
NM_001348888.1	0.0	0.0	0.0	0.0	0.0	0.0
NM_001348889.1	0.14	0.0	0.0	0.0	0.25	0.23
NM_001348890.1	0.0	0.0	0.45	0.12	0.0	0.0
NM_001348891.1	0.0	0.0	0.0	0.0	0.0	0.0
NM_001348892.1	0.25	0.0	0.0	0.0	0.0	0.0
NM_001348893.1	0.0	0.12	0.0	0.0	0.13	0.0
NM_001348894.1	0.0	0.0	0.0	0.25	0.09	0.0
NM_001348895.1	1.19	0.67	0.0	0.44	0.49	0.45
NM_001348896.1	0.11	0.0	0.0	0.0	0.21	0.0
NM_001348897.1	0.26	0.22	0.0	0.32	0.36	0.22
NM_001348898.1	0.0	0.11	0.41	0.11	0.12	0.22
NM_001387383.1	0.26	0.11	0.4	0.21	0.36	0.0
NM_001395031.1	0.0	0.0	0.0	0.0	0.0	0.0
NM_001395032.1	0.0	0.0	0.0	0.0	0.0	0.0
NM_001395033.1	0.0	0.0	0.0	0.0	0.0	0.0
NM_001395034.1	2.72	1.89	1.67	3.5	2.51	4.02
NM_001395035.1	0.0	0.0	0.0	0.0	0.0	0.0
NM_001395036.1	10.1	10.64	15.31	16.48	16.84	13.8
NM_001395037.1	0.0	0.0	0.0	0.0	0.0	0.0
NM_001395038.1	0.0	0.0	0.0	0.0	0.0	0.0
NM_001395039.1	0.91	0.6	1.43	1.17	0.38	0.52
NM_001395040.1	0.0	0.11	0.0	0.0	0.0	0.0
NM_001395041.1	0.0	0.0	0.2	0.21	0.12	0.0
NM_001395042.1	0.0	0.0	0.0	0.0	0.0	0.0
NM_001395731.1	0.0	0.0	0.0	0.0	0.0	0.0
NM_001416099.1	0.0	0.0	0.0	0.0	0.0	0.0
NM_001431137.1	7.3	6.15	5.14	9.73	12.09	10.69
NM_001431138.1	18.17	17.49	17.03	25.5	20.46	19.98
NM_001431139.1	0.32	1.07	1.5	0.26	1.18	0.54
NM_001431140.1	0.5	0.42	0.59	0.62	0.7	0.86
NM_001431141.1	9.76	10.45	16.37	17.01	16.66	17.15
NM_001431142.1	28.2	21.86	34.56	39.14	34.58	37.39
NM_001431143.1	0.0	0.32	0.0	0.0	0.0	0.0
OLI1	7.18	10.08	4.92	8.64	3.4	5.32
Q0255	0.0	0.09	0.06	0.0	0.07	0.0
SCEI	0.0	0.06	0.11	0.11	0.0	0.0
SDL1	1.24	1.13	1.17	1.39	1.66	1.52
VAR1	0.3	0.18	0.13	0.28	0.2	0.51
YIR043C	5.77	6.34	3.45	7.55	6.99	7.0
YOL153C	0.24	0.15	0.19	0.15	0.22	0.35
