name	SRR1944912_cds_tpm	SRR1944913_cds_tpm	SRR1944914_cds_tpm	SRR1944915_cds_tpm	SRR1944916_cds_tpm	SRR1944917_cds_tpm
AI1	0.5	0.77	0.71	0.38	0.11	0.6
AI2	0.26	0.4	0.42	0.17	0.24	0.21
AI3	0.05	0.6	0.46	0.23	0.13	0.08
AI4	0.18	0.96	0.7	0.44	0.27	0.19
AI5_ALPHA	0.25	0.93	0.62	0.52	0.29	0.11
AI5_BETA	0.38	0.0	0.18	0.0	0.15	0.0
ATP6	1.01	2.35	0.72	1.46	1.43	0.78
ATP8	1.18	1.5	0.49	2.96	1.11	0.53
BI2	0.46	0.62	0.23	0.69	0.39	0.16
BI3	0.38	0.74	0.06	0.6	0.39	0.27
BI4	0.31	0.74	0.15	0.8	0.41	0.17
CCW22	301.07	313.64	311.38	350.87	409.2	379.55
COB	0.85	1.45	0.33	1.38	0.66	0.45
COX1	0.4	1.28	0.91	1.07	0.62	0.4
COX2	1.57	2.16	0.5	3.87	1.69	1.34
COX3	0.77	1.85	0.58	2.4	1.19	1.64
CRS5	0.0	0.0	0.0	0.0	0.0	0.0
FLO8	2.25	2.17	1.81	3.13	3.82	3.08
NM_001178148.1	6.99	7.54	8.01	8.78	8.09	8.98
NM_001178149.1	2.51	2.94	3.43	3.12	2.45	3.16
NM_001178150.1	3292.39	3333.29	2864.63	3223.74	2942.93	2998.2
NM_001178151.1	4086.21	4290.1	4776.08	5305.2	4965.8	5173.69
NM_001178152.1	113.55	126.9	132.11	113.36	120.64	112.77
NM_001178153.1	30.66	30.65	35.21	41.13	41.3	42.9
NM_001178154.1	8.33	8.28	6.61	9.83	9.7	10.71
NM_001178155.2	5.45	5.76	5.24	6.38	6.92	6.4
NM_001178156.1	4.49	4.79	5.68	5.39	4.5	5.21
NM_001178157.1	705.38	694.45	690.65	651.46	682.34	777.84
NM_001178158.2	15.71	17.59	15.96	21.9	17.55	22.74
NM_001178159.1	15.29	18.24	18.91	21.43	20.99	20.4
NM_001178160.1	6.04	6.34	7.05	7.45	7.37	8.18
NM_001178161.1	100.41	109.69	105.88	128.31	122.07	118.64
NM_001178162.2	8.9	8.47	10.1	10.12	8.96	10.27
NM_001178163.1	0.12	0.05	0.1	0.15	0.0	0.0
NM_001178164.1	21.34	23.2	22.45	25.53	24.1	26.02
NM_001178165.2	8.77	8.75	8.75	8.79	9.78	14.66
NM_001178166.1	39.49	42.87	39.24	39.82	39.0	44.27
NM_001178167.1	27.0	29.88	28.72	30.74	30.42	31.67
NM_001178168.1	132.69	137.28	143.65	124.32	116.09	134.98
NM_001178169.1	3.05	3.4	3.12	3.74	3.53	3.67
NM_001178170.2	73.64	74.29	92.87	81.97	84.78	84.63
NM_001178171.2	15.14	15.38	16.64	17.24	14.85	17.03
NM_001178172.1	5.25	6.44	7.04	7.17	7.39	7.39
NM_001178173.1	1.74	1.48	1.29	1.52	1.32	1.86
NM_001178174.1	10.96	12.05	12.19	11.43	11.88	12.67
NM_001178175.1	46.01	63.82	57.82	81.04	74.4	90.86
NM_001178176.1	4.75	5.29	6.04	7.07	6.88	7.11
NM_001178177.1	10.24	10.16	9.09	10.58	9.89	12.43
NM_001178178.1	31.58	28.27	28.11	29.61	33.12	36.75
NM_001178179.1	6.61	6.92	7.93	7.07	6.78	5.19
NM_001178180.1	264.38	274.8	273.79	322.56	309.61	331.3
NM_001178181.1	113.71	116.85	119.05	175.85	184.0	187.66
NM_001178182.1	0.63	0.54	1.52	0.47	0.66	0.25
NM_001178183.1	8435.16	8063.77	8327.46	7890.59	7999.12	8603.37
NM_001178184.1	19.66	18.14	22.64	22.39	19.98	29.88
NM_001178185.1	9.38	10.13	9.8	7.55	6.84	7.85
NM_001178186.1	15.42	18.71	17.32	18.01	17.66	19.59
NM_001178187.1	89.71	87.5	100.93	104.98	104.28	122.5
NM_001178188.1	19.63	20.84	20.05	21.02	19.43	24.63
NM_001178189.1	221.13	203.64	206.42	282.1	298.12	312.37
NM_001178191.1	42.76	45.18	46.99	43.78	45.67	54.18
NM_001178192.2	5.58	6.78	5.45	6.45	6.16	6.03
NM_001178193.1	5.64	5.57	7.0	7.32	6.97	6.64
NM_001178194.1	50.45	57.48	56.87	64.42	67.53	61.75
NM_001178195.2	7.58	8.41	9.71	10.34	10.38	9.45
NM_001178196.2	29.47	30.54	31.99	31.8	30.94	34.74
NM_001178197.1	0.61	1.11	0.83	0.67	0.73	0.6
NM_001178198.1	7.67	8.52	12.73	7.53	7.32	8.73
NM_001178199.2	3.74	4.05	5.01	4.85	4.58	4.87
NM_001178200.1	10.16	9.4	11.33	10.95	10.71	12.3
NM_001178201.2	59.99	62.23	70.66	58.58	60.97	56.33
NM_001178202.2	48.63	46.8	48.04	58.62	55.51	60.32
NM_001178203.1	4.86	2.92	6.92	6.87	4.98	11.35
NM_001178204.1	2.42	2.57	3.73	3.13	2.64	1.99
NM_001178205.1	0.38	0.21	0.45	0.25	0.21	0.3
NM_001178206.2	0.0	0.0	0.0	0.0	0.0	0.0
NM_001178208.1	0.1	0.14	0.05	0.14	0.12	0.12
NM_001178209.1	51.73	52.21	51.1	53.81	49.41	50.85
NM_001178210.1	10.21	11.11	11.83	11.6	12.58	10.47
NM_001178211.1	55.68	58.72	61.52	69.31	66.03	65.2
NM_001178212.1	12.2	11.16	14.56	12.92	12.4	13.34
NM_001178213.1	0.22	0.2	0.28	0.14	0.17	0.33
NM_001178214.1	0.04	0.04	0.15	0.11	0.08	0.16
NM_001178215.2	22.73	25.15	21.68	27.59	22.66	22.94
NM_001178216.1	164.46	144.82	115.93	103.91	113.79	87.87
NM_001178217.1	8.36	9.94	9.16	11.7	11.49	12.75
NM_001178218.2	2.98	3.27	3.28	4.01	3.27	3.97
NM_001178219.1	0.0	0.23	0.0	0.45	0.25	0.48
NM_001178220.2	0.3	0.52	0.67	0.25	0.48	0.55
NM_001178221.1	31.46	33.79	33.67	34.13	32.86	30.85
NM_001178222.1	19.01	20.63	21.13	20.6	20.54	18.21
NM_001178223.1	0.21	0.36	0.0	0.0	0.0	0.0
NM_001178224.1	8.14	10.31	12.14	9.75	9.95	10.31
NM_001178225.1	12.97	12.96	12.81	12.46	11.77	14.34
NM_001178226.1	0.86	0.78	1.14	1.22	1.46	1.34
NM_001178227.1	11.12	10.33	13.76	9.31	9.98	11.4
NM_001178230.1	0.18	0.09	0.19	0.19	0.11	0.16
NM_001178235.1	0.0	0.0	0.0	0.0	0.0	0.0
NM_001178236.1	0.33	1.14	0.0	1.31	1.37	1.41
NM_001178239.1	213.3	216.7	247.27	60.67	52.97	23.15
NM_001178241.1	140.22	150.32	160.8	191.59	181.26	176.65
NM_001178242.1	970.28	1017.27	983.03	979.34	1001.8	871.37
NM_001178243.1	923.1	935.42	969.56	922.5	957.77	875.47
NM_001178244.1	26.03	29.03	27.44	28.63	25.71	27.8
NM_001178245.1	3.5	3.37	5.71	3.99	2.9	5.57
NM_001178246.1	38.45	42.95	45.73	37.71	41.0	39.83
NM_001178247.1	89.95	96.44	81.34	93.75	79.69	90.19
NM_001178248.2	6.74	7.96	9.7	8.45	8.48	9.13
NM_001178249.1	18.54	19.93	22.37	17.87	16.27	16.94
NM_001178250.1	10.51	12.7	12.08	11.52	14.36	10.69
NM_001178251.1	18.88	20.67	20.24	15.75	14.34	15.56
NM_001178253.1	4.09	4.76	5.03	4.19	2.95	2.77
NM_001178254.2	1.93	3.21	3.64	3.88	3.8	4.51
NM_001178255.1	15.84	16.76	16.99	15.72	14.09	15.3
NM_001178256.1	24.9	25.91	27.82	24.9	28.53	29.81
NM_001178257.1	41.8	44.66	47.7	45.59	46.51	43.78
NM_001178258.1	29.64	30.78	40.66	35.21	30.92	31.81
NM_001178259.1	2.77	2.88	3.98	3.58	3.53	2.84
NM_001178260.1	15.1	16.34	18.22	13.6	13.85	12.72
NM_001178261.1	13.16	19.5	16.53	25.65	26.07	24.81
NM_001178262.1	46.99	49.84	51.14	78.08	69.32	82.11
NM_001178263.1	18.19	21.78	22.76	20.34	17.98	21.71
NM_001178264.1	114.78	119.57	134.67	114.4	116.16	124.55
NM_001178265.1	13.44	16.47	14.2	17.92	14.97	16.96
NM_001178266.1	95.84	94.86	128.0	77.66	92.31	82.57
NM_001178267.1	3227.38	3226.69	3080.81	3357.31	3360.26	3086.33
NM_001178268.1	129.55	132.69	141.83	148.82	134.6	130.69
NM_001178269.1	2.55	2.75	2.37	2.57	2.36	1.38
NM_001178270.1	323.45	353.23	344.13	429.84	411.68	393.72
NM_001178271.1	7.74	7.28	8.16	9.61	8.79	7.43
NM_001178272.1	108.75	113.49	110.89	98.09	92.32	92.21
NM_001178273.1	24.0	25.2	29.9	27.03	26.9	30.56
NM_001178274.1	7.45	8.18	8.74	8.71	8.49	8.51
NM_001178275.1	20.29	20.83	19.89	23.74	22.33	21.2
NM_001178276.1	66.04	78.92	76.18	99.9	94.29	92.97
NM_001178277.1	10.74	10.39	12.33	12.98	10.89	13.98
NM_001178278.1	26.86	27.49	32.74	40.24	36.28	34.39
NM_001178279.1	234.95	241.13	238.09	218.07	216.06	211.06
NM_001178280.1	82.92	89.1	86.98	93.91	101.74	96.27
NM_001178281.1	198.22	210.59	218.59	193.2	189.96	194.09
NM_001178282.1	36.45	39.16	37.34	29.82	27.72	33.34
NM_001178283.1	0.22	0.19	0.36	0.18	0.76	0.53
NM_001178284.1	0.0	0.0	0.0	0.24	0.0	0.51
NM_001178285.1	66.93	75.98	69.94	109.2	110.12	103.4
NM_001178286.1	10.19	11.98	12.61	15.53	15.19	15.43
NM_001178287.1	75.68	79.12	71.95	100.75	86.4	95.98
NM_001178289.1	0.64	1.09	1.06	0.86	0.84	1.38
NM_001178290.1	82.77	87.95	79.28	91.77	92.24	85.5
NM_001178291.1	50.35	56.48	51.16	73.39	64.13	74.23
NM_001178292.1	2.83	2.54	3.64	3.13	2.98	3.35
NM_001178294.1	24.56	25.51	28.55	21.76	22.34	25.58
NM_001178295.1	17.19	15.8	18.18	14.17	15.24	16.82
NM_001178296.2	67.12	66.16	76.01	73.51	68.93	75.21
NM_001178297.2	38.0	37.17	41.75	40.6	39.99	43.1
NM_001178298.1	123.0	130.23	113.52	191.79	179.32	185.5
NM_001178299.1	8.44	10.03	10.54	13.74	13.58	13.67
NM_001178300.1	4.56	4.77	5.71	6.15	5.54	5.52
NM_001178301.1	19.18	21.84	19.77	22.97	20.43	21.87
NM_001178303.1	4.93	5.76	5.77	5.95	5.08	5.81
NM_001178304.1	52.59	51.66	54.08	80.1	80.89	78.95
NM_001178306.1	2.83	2.71	3.17	3.27	3.42	3.44
NM_001178307.2	10.86	13.47	13.15	11.09	9.93	11.81
NM_001178308.2	65.42	63.42	66.95	70.58	70.25	71.32
NM_001178309.1	30.52	31.26	30.0	31.8	28.85	30.06
NM_001178312.1	5996.26	5853.47	5548.88	5495.11	5570.59	5269.25
NM_001178314.1	6.69	8.88	9.67	8.54	8.29	9.14
NM_001178315.1	0.64	1.27	0.5	3.02	2.68	1.53
NM_001178316.1	319.33	326.9	352.02	385.54	356.97	383.9
NM_001178318.1	13.97	17.18	14.88	28.33	27.43	25.43
NM_001178319.1	17.65	19.03	20.16	21.75	20.93	23.45
NM_001178320.2	4.26	3.26	3.59	4.14	4.15	4.1
NM_001178321.1	22.89	23.62	24.32	21.5	23.79	26.78
NM_001178322.1	20.92	20.88	21.86	20.26	20.0	23.35
NM_001178324.2	5.03	5.29	5.62	4.82	5.3	5.68
NM_001178325.1	16.84	18.53	17.69	19.63	18.45	17.6
NM_001178326.1	12.04	10.69	10.85	15.5	16.29	15.61
NM_001178327.1	2667.93	2719.22	2768.9	2670.9	2619.97	2774.44
NM_001178328.2	0.96	0.75	1.19	1.02	0.89	0.9
NM_001178329.1	9.21	8.72	11.15	10.16	11.07	11.27
NM_001178330.1	29.1	31.89	32.31	41.29	36.02	33.42
NM_001178331.2	108.59	115.01	117.99	98.44	97.81	104.21
NM_001178332.1	4887.02	4950.93	4301.08	4738.79	5088.41	4000.27
NM_001178333.1	39.98	38.19	47.36	45.84	45.78	52.94
NM_001178335.1	5.02	4.82	5.21	3.39	3.75	2.89
NM_001178337.2	6.78	7.03	7.04	7.24	7.35	7.97
NM_001178338.1	16.07	17.77	17.15	19.54	21.39	19.15
NM_001178339.2	297.09	324.24	289.69	343.93	345.42	337.22
NM_001178341.1	9.13	9.4	9.02	11.37	10.8	12.4
NM_001178342.1	54.58	54.25	66.77	74.97	74.46	79.93
NM_001178343.1	13.64	13.21	12.62	12.37	12.14	13.2
NM_001178344.1	6.69	6.7	6.64	7.01	7.1	8.66
NM_001178345.2	11.93	14.95	15.97	16.46	16.07	15.85
NM_001178346.2	4.09	4.33	6.43	3.2	3.51	3.16
NM_001178347.1	19.54	20.41	23.12	25.14	25.38	25.78
NM_001178349.1	10.46	11.58	10.97	13.96	12.32	13.19
NM_001178350.1	18.5	21.02	19.08	18.82	19.31	20.96
NM_001178351.1	15.11	18.46	17.65	16.1	17.19	18.06
NM_001178352.2	17.11	15.82	16.83	19.32	17.9	16.27
NM_001178353.1	7.89	9.61	9.5	10.46	11.28	11.09
NM_001178354.1	6.85	8.22	10.4	9.48	8.82	9.67
NM_001178355.2	8.07	7.73	8.67	9.0	8.18	7.92
NM_001178356.1	1.78	3.8	6.27	4.09	4.57	3.6
NM_001178357.1	1637.64	1613.53	1650.56	1838.83	1761.54	1634.18
NM_001178358.1	1693.6	1644.55	1703.79	1640.16	1679.18	1589.67
NM_001178359.1	1373.75	1337.8	1465.23	1275.05	1382.87	1413.64
NM_001178361.1	8.39	9.46	9.88	15.98	13.51	13.89
NM_001178362.1	49.36	54.69	56.51	52.51	50.79	49.29
NM_001178363.1	48.32	52.07	54.32	51.51	50.96	59.04
NM_001178364.1	120.08	120.42	113.21	151.6	143.72	130.28
NM_001178365.1	42.84	45.0	48.94	51.52	50.07	54.12
NM_001178366.1	0.1	0.09	0.26	0.35	0.3	0.38
NM_001178367.1	0.14	0.22	0.33	0.14	0.29	0.2
NM_001178368.1	0.0	0.0	0.0	0.0	0.0	0.0
NM_001178369.1	7.29	8.31	7.83	5.41	5.93	6.54
NM_001178370.1	16.91	17.21	20.24	24.29	22.98	24.93
NM_001178371.1	21.89	24.25	24.7	27.16	26.34	27.77
NM_001178372.1	11.28	10.75	12.97	10.4	10.04	11.47
NM_001178373.1	636.41	653.46	693.49	686.31	663.64	657.51
NM_001178374.1	48.72	57.21	48.45	74.77	73.72	73.94
NM_001178376.1	14.23	14.1	14.92	13.29	14.81	17.41
NM_001178377.1	41.89	48.65	47.47	50.24	44.76	52.24
NM_001178378.1	7.72	7.91	8.28	10.03	10.74	11.87
NM_001178379.1	4627.64	4528.85	4046.44	3979.21	3989.06	3910.8
NM_001178381.1	0.15	0.18	0.21	0.13	0.04	0.04
NM_001178382.1	87.96	90.35	95.8	82.77	82.34	88.57
NM_001178383.1	112.35	118.19	117.37	114.88	111.11	113.05
NM_001178384.1	64.53	62.34	70.62	76.03	70.63	84.48
NM_001178385.1	21.7	21.19	17.58	25.76	24.75	25.57
NM_001178386.1	38.63	40.92	41.67	44.7	43.66	46.37
NM_001178387.1	134.37	154.15	146.03	197.92	202.49	167.59
NM_001178388.1	0.19	0.6	0.32	0.48	0.24	0.92
NM_001178389.1	22.17	25.07	26.15	25.47	26.02	29.51
NM_001178390.1	21.79	26.16	27.06	23.46	21.86	25.28
NM_001178391.2	2.8	2.9	3.56	3.06	3.2	4.27
NM_001178392.2	3.93	3.41	3.58	3.27	3.64	3.21
NM_001178393.2	0.61	0.87	0.87	0.67	0.61	0.55
NM_001178394.1	30.8	32.56	33.76	35.33	33.82	33.57
NM_001178395.1	11.07	11.12	13.4	12.75	12.78	12.68
NM_001178396.1	3105.66	3060.16	2872.46	2692.92	2784.11	2713.11
NM_001178397.1	45.06	50.01	38.61	51.52	42.11	47.56
NM_001178398.1	0.68	0.96	0.19	0.52	0.53	0.51
NM_001178400.1	71.13	72.88	88.76	94.92	100.24	104.29
NM_001178401.1	34.69	37.89	41.31	21.44	21.49	22.96
NM_001178402.1	29.68	36.74	41.23	17.74	12.78	15.02
NM_001178403.1	7.7	11.23	9.44	10.31	9.1	10.37
NM_001178404.1	23.71	26.95	28.06	30.97	29.74	32.85
NM_001178405.1	17.77	19.72	18.1	21.48	21.49	19.93
NM_001178406.1	29.14	31.82	30.69	33.19	34.74	35.92
NM_001178407.1	19.19	20.81	21.2	27.08	22.29	27.56
NM_001178408.1	11.68	13.33	12.19	12.49	10.71	12.78
NM_001178409.3	39.1	39.99	41.2	36.72	38.65	37.99
NM_001178410.1	28.56	28.84	34.67	33.99	37.29	35.1
NM_001178411.1	0.0	0.04	0.08	0.4	0.18	0.17
NM_001178413.3	10.85	11.32	13.99	13.33	13.56	13.01
NM_001178414.1	19.19	24.48	23.19	18.62	18.17	18.05
NM_001178415.1	362.17	331.43	419.76	264.96	288.38	396.75
NM_001178416.4	97.05	109.44	103.94	149.3	141.4	140.25
NM_001178417.1	0.6	0.97	1.21	1.04	0.54	1.54
NM_001178418.1	18.08	19.31	21.92	17.46	17.49	16.86
NM_001178419.3	33.67	42.06	40.34	51.28	51.92	52.95
NM_001178420.1	20.29	17.3	24.5	30.74	25.63	20.07
NM_001178421.4	19.75	21.54	24.73	27.55	26.76	29.24
NM_001178422.2	25.92	28.89	28.94	26.03	25.53	25.59
NM_001178424.2	0.11	0.14	0.18	0.23	0.0	0.1
NM_001178425.3	32.59	37.06	37.72	42.45	47.54	38.95
NM_001178426.2	1481.09	1528.09	1475.95	1329.28	1313.99	1427.37
NM_001178427.1	171.54	168.59	173.43	166.81	145.86	175.11
NM_001178428.3	70.42	75.58	77.19	81.58	80.85	77.48
NM_001178429.1	7.93	8.2	8.06	8.81	8.63	8.67
NM_001178430.1	586.39	579.97	650.06	572.17	634.25	661.28
NM_001178431.3	24.73	32.83	27.36	25.34	27.12	32.3
NM_001178432.1	107.69	112.3	112.33	105.65	111.44	106.44
NM_001178433.3	10.76	11.02	13.96	11.5	8.57	8.81
NM_001178434.1	55.87	65.06	62.46	54.98	52.67	54.4
NM_001178435.3	29.92	32.48	36.45	31.5	31.56	31.68
NM_001178436.1	122.81	122.79	139.86	123.49	129.8	140.73
NM_001178438.4	86.25	84.94	74.16	77.5	75.14	68.77
NM_001178439.1	34.17	28.08	31.86	30.99	36.62	34.87
NM_001178440.1	153.89	155.79	182.83	164.61	176.04	203.54
NM_001178441.3	74.33	71.37	80.86	33.75	38.51	39.18
NM_001178442.2	16.43	18.64	18.44	19.52	16.77	17.52
NM_001178443.1	12.5	14.73	14.03	17.68	16.03	15.08
NM_001178444.3	61.51	73.27	73.78	82.55	76.1	79.96
NM_001178445.2	3.96	3.88	4.63	3.83	3.8	4.44
NM_001178446.1	2.48	3.09	3.26	3.72	3.12	3.95
NM_001178449.3	87.73	89.62	88.66	128.22	121.79	104.62
NM_001178450.1	13.81	17.77	17.57	21.3	19.59	19.6
NM_001178451.1	8.98	9.9	11.63	12.78	12.31	12.62
NM_001178452.3	22.95	27.14	32.61	21.95	22.56	20.79
NM_001178453.1	9.27	9.71	10.2	10.92	10.23	14.03
NM_001178454.1	587.34	572.78	590.89	512.11	537.84	558.68
NM_001178455.3	3.74	2.28	2.78	4.22	3.16	3.3
NM_001178456.2	10.98	13.55	10.09	12.82	11.28	12.61
NM_001178457.1	430.97	413.29	433.28	436.36	442.04	385.81
NM_001178458.3	19.68	22.23	22.99	25.68	24.61	25.82
NM_001178459.1	126.71	134.98	134.54	146.36	136.19	147.68
NM_001178460.3	37.35	35.87	35.82	36.06	30.36	38.19
NM_001178462.1	3.25	3.75	4.82	4.67	4.62	5.27
NM_001178463.1	77.48	77.02	75.18	143.52	125.93	136.35
NM_001178465.3	0.29	0.22	0.19	0.36	0.27	0.47
NM_001178466.1	23310.42	22830.46	22347.56	22161.09	22619.66	22542.26
NM_001178467.1	11.57	11.77	12.77	11.3	10.13	10.66
NM_001178468.3	10.75	16.45	16.01	21.36	14.73	16.78
NM_001178469.2	312.7	316.46	363.55	317.31	305.26	339.7
NM_001178470.1	45.39	41.77	45.4	64.81	56.88	67.58
NM_001178471.3	12.11	14.67	16.73	17.56	14.98	15.39
NM_001178473.1	12.54	13.16	17.48	17.49	18.75	21.81
NM_001178474.1	107.41	111.52	116.47	158.54	156.96	155.87
NM_001178475.3	579.56	573.98	605.09	623.96	619.03	619.17
NM_001178476.1	0.83	1.37	1.57	1.21	1.1	0.8
NM_001178477.1	15.29	15.62	15.53	18.56	18.19	16.03
NM_001178478.3	32.25	36.93	33.44	40.63	35.63	34.67
NM_001178479.3	4.2	4.1	4.32	5.11	4.4	4.69
NM_001178480.1	9.63	9.53	11.46	11.71	11.16	13.33
NM_001178481.1	10.72	11.26	12.07	9.66	10.78	9.66
NM_001178483.3	62.64	65.67	67.53	57.25	59.37	60.07
NM_001178484.3	2.32	2.04	2.72	2.22	2.01	2.04
NM_001178485.2	41.79	48.53	47.47	54.99	53.92	51.55
NM_001178486.2	7.3	7.65	8.71	9.2	8.03	8.18
NM_001178487.3	34.13	41.18	46.14	43.12	43.12	52.66
NM_001178488.3	5.62	5.75	6.85	5.75	5.07	6.38
NM_001178489.2	11.22	11.16	14.01	17.76	17.41	17.67
NM_001178490.1	32.09	33.64	36.42	34.7	35.81	38.22
NM_001178491.3	293.31	319.78	314.19	349.7	331.6	328.14
NM_001178493.3	6.22	6.0	6.97	9.46	7.5	7.08
NM_001178494.1	34.47	35.3	39.41	33.03	30.5	34.11
NM_001178495.1	0.45	0.87	0.0	0.48	0.66	0.23
NM_001178496.3	0.39	1.04	0.8	0.67	0.82	0.7
NM_001178497.3	110.44	119.22	114.56	137.79	122.27	129.5
NM_001178498.1	3.49	4.38	3.77	3.98	3.69	4.03
NM_001178499.1	74.4	91.54	83.82	83.77	82.61	77.45
NM_001178500.3	7.15	8.43	8.31	8.28	6.19	10.31
NM_001178501.3	7.88	7.25	11.94	10.13	11.4	10.76
NM_001178502.1	164.1	187.46	202.3	185.31	176.94	174.27
NM_001178503.1	46.57	49.99	50.5	50.53	47.05	49.43
NM_001178504.3	5.47	6.4	6.51	7.3	6.6	6.91
NM_001178505.3	11.83	14.61	12.93	11.27	11.43	10.07
NM_001178506.1	38.83	41.62	42.76	42.67	43.27	40.53
NM_001178507.1	97.68	111.05	123.88	99.58	93.63	110.17
NM_001178508.3	40.83	43.72	47.28	47.85	43.16	45.15
NM_001178509.3	10.32	12.64	10.77	10.1	9.78	11.51
NM_001178510.1	387.79	390.05	435.57	298.3	308.09	319.19
NM_001178511.3	3.21	3.17	2.89	3.0	3.12	2.41
NM_001178512.3	91.59	99.99	107.28	119.9	130.19	133.69
NM_001178513.1	11.3	15.15	18.42	15.11	14.31	18.03
NM_001178514.1	29.04	33.69	35.87	32.92	30.8	36.71
NM_001178515.3	13.23	12.79	18.82	15.94	14.96	12.94
NM_001178516.3	3.93	3.47	5.51	4.03	4.14	4.97
NM_001178517.1	13.15	13.67	15.42	8.62	9.02	8.55
NM_001178518.1	28.89	28.59	33.61	37.27	36.2	39.42
NM_001178519.3	80.34	94.97	90.47	120.85	108.66	112.89
NM_001178520.3	25.46	27.44	26.06	32.03	26.26	31.27
NM_001178521.1	135.88	132.07	134.67	136.88	137.58	146.01
NM_001178523.1	11.53	12.46	14.53	19.98	17.81	18.71
NM_001178524.3	19.37	20.58	20.83	21.54	20.73	20.53
NM_001178525.3	46.5	51.28	53.0	79.87	79.97	76.76
NM_001178527.1	8.68	9.95	10.95	9.43	8.51	9.68
NM_001178528.1	0.24	0.12	0.06	0.06	0.06	0.06
NM_001178529.3	4865.36	4776.49	4595.27	4874.24	4822.12	4626.31
NM_001178530.3	1.2	1.1	1.0	1.15	0.77	0.77
NM_001178531.1	3.55	3.95	4.4	5.95	6.92	6.51
NM_001178532.3	1.75	2.32	2.04	1.37	1.86	1.21
NM_001178533.3	19.34	17.94	16.78	21.66	22.0	22.5
NM_001178534.1	0.17	0.18	0.12	0.06	0.1	0.0
NM_001178535.1	92.54	98.0	104.47	112.99	110.4	124.13
NM_001178536.3	20.79	19.99	17.57	19.95	18.65	21.34
NM_001178537.3	3598.78	3651.95	3540.48	3683.79	3673.14	3356.18
NM_001178539.1	3961.58	3799.21	3835.22	3528.71	3639.73	3504.68
NM_001178540.1	14.58	17.3	18.19	16.4	15.81	17.36
NM_001178541.3	16.46	17.44	22.08	16.23	16.22	19.18
NM_001178542.3	7.33	12.02	11.46	15.34	14.87	15.49
NM_001178543.1	9.57	9.84	12.31	12.47	11.65	12.63
NM_001178544.1	1435.15	1401.98	1578.37	1465.35	1411.35	1609.55
NM_001178545.1	15.94	16.79	14.0	15.71	16.15	19.66
NM_001178546.1	27.35	28.43	25.61	40.34	34.88	40.49
NM_001178547.3	37.56	41.7	47.41	45.87	40.37	41.31
NM_001178548.3	18.55	20.99	24.66	21.01	20.99	21.03
NM_001178549.1	8.92	8.95	11.9	11.06	10.55	9.3
NM_001178550.4	23.33	24.39	26.83	26.16	25.7	28.58
NM_001178551.2	0.6	0.77	1.03	0.41	0.59	0.58
NM_001178552.2	11.07	12.28	13.6	11.59	11.88	13.94
NM_001178553.3	79.48	80.12	100.05	75.59	74.64	89.89
NM_001178555.4	28.55	29.41	28.4	32.56	30.69	31.52
NM_001178556.1	4.24	4.09	5.55	6.76	5.31	7.29
NM_001178558.1	26.63	22.5	29.12	24.82	25.1	30.95
NM_001178559.3	11.17	12.29	12.69	12.42	13.69	12.61
NM_001178560.3	31.59	32.53	31.09	37.6	38.71	39.83
NM_001178561.1	8.94	9.44	12.78	8.12	9.27	11.52
NM_001178562.1	16.1	15.0	14.01	21.03	18.14	20.28
NM_001178563.3	13.97	17.11	13.24	17.15	14.89	16.52
NM_001178564.3	12.06	11.5	13.18	12.84	11.69	12.31
NM_001178565.1	5.68	4.93	5.2	5.83	3.51	4.06
NM_001178566.1	61.69	60.95	70.22	67.31	68.95	73.82
NM_001178567.3	6.44	10.29	7.73	7.24	5.81	6.67
NM_001178568.3	15.19	17.33	18.43	14.89	13.85	17.3
NM_001178569.1	291.66	298.24	324.68	265.76	267.93	309.75
NM_001178570.3	50.1	53.19	56.29	49.97	52.21	57.69
NM_001178571.3	2.12	2.63	2.98	3.16	3.35	2.78
NM_001178573.1	4.98	5.32	4.97	5.48	5.04	4.64
NM_001178575.1	15.97	15.19	17.49	15.36	15.06	15.61
NM_001178576.3	5.56	5.43	6.42	7.64	7.24	6.52
NM_001178577.3	27.57	29.33	30.49	31.68	31.91	33.86
NM_001178578.1	67.67	70.99	71.9	81.48	88.2	92.69
NM_001178579.3	12.27	12.39	12.05	19.36	16.94	18.5
NM_001178581.3	15.33	16.38	17.07	14.02	12.29	13.98
NM_001178582.1	103.24	106.42	114.22	115.03	112.98	117.98
NM_001178583.3	7.89	7.52	8.5	8.21	7.42	7.18
NM_001178584.3	24.06	25.33	24.24	28.49	28.12	25.36
NM_001178585.1	3.99	4.89	5.11	5.51	5.12	4.96
NM_001178586.1	16.0	15.53	17.06	14.44	14.95	15.36
NM_001178587.3	4.91	3.74	5.39	4.05	4.07	4.12
NM_001178588.3	0.73	0.73	1.36	0.65	0.69	0.39
NM_001178589.1	5.98	6.93	8.07	8.28	8.64	10.77
NM_001178590.1	30.94	33.87	32.24	32.29	35.44	30.35
NM_001178591.3	26.77	28.04	29.65	30.73	27.07	31.1
NM_001178592.3	128.48	141.91	128.23	134.95	133.32	111.47
NM_001178593.1	41.37	45.38	43.8	51.73	49.26	52.61
NM_001178594.1	17.25	17.39	22.2	23.0	20.99	25.0
NM_001178595.3	56.96	58.81	63.4	60.67	63.54	70.07
NM_001178596.3	55.16	54.41	57.47	62.35	60.1	60.16
NM_001178597.1	376.31	342.19	348.22	327.86	322.16	335.56
NM_001178598.1	0.3	0.48	0.56	0.37	0.25	0.47
NM_001178599.3	24.68	22.05	27.41	25.65	27.51	27.86
NM_001178600.3	134.52	133.47	136.48	120.8	110.28	124.03
NM_001178601.1	18.71	16.81	22.29	19.75	18.45	16.99
NM_001178602.1	23.7	29.22	27.48	39.54	41.46	44.02
NM_001178603.3	3.55	3.87	4.94	5.9	4.95	6.08
NM_001178604.1	37.6	44.76	46.41	66.02	66.96	64.36
NM_001178605.1	12.04	14.19	14.14	15.81	12.56	12.31
NM_001178606.3	10.45	10.4	11.57	13.35	14.43	13.23
NM_001178607.3	2.26	1.83	2.14	2.16	2.29	2.68
NM_001178608.1	12.02	12.69	12.06	15.14	13.16	17.45
NM_001178609.1	59.98	63.26	70.66	50.66	54.64	60.69
NM_001178610.3	23.16	20.57	25.72	20.48	26.05	30.8
NM_001178611.3	194.49	189.4	198.58	182.84	186.94	213.55
NM_001178612.1	16.87	23.36	22.65	25.73	25.55	25.92
NM_001178613.2	30.4	33.89	38.61	39.33	41.83	40.1
NM_001178615.4	46.45	47.35	51.48	53.82	54.5	55.54
NM_001178616.3	48.62	50.53	43.29	63.67	57.66	76.89
NM_001178617.1	46.82	49.18	44.26	54.73	55.56	60.47
NM_001178618.2	0.72	0.83	0.59	0.63	1.01	1.23
NM_001178619.3	18.81	15.37	17.37	21.01	20.34	18.86
NM_001178620.3	13.85	16.16	16.73	16.83	16.79	15.32
NM_001178621.1	32.67	31.04	30.94	30.54	30.42	31.76
NM_001178622.1	8.07	8.05	7.56	9.12	8.58	10.14
NM_001178623.4	5.18	6.63	6.47	5.98	5.87	5.66
NM_001178624.3	3.77	4.1	4.84	4.33	4.25	4.5
NM_001178626.1	10.78	14.34	12.74	19.6	18.6	16.63
NM_001178627.1	32.91	36.91	35.11	42.24	39.14	43.38
NM_001178628.3	3.76	4.73	5.53	6.3	5.38	6.83
NM_001178629.3	17.15	18.98	20.94	19.78	18.44	18.67
NM_001178630.1	37.05	35.85	37.3	48.24	39.27	45.09
NM_001178631.1	183.45	198.14	208.4	230.47	228.13	229.43
NM_001178632.3	0.67	0.51	0.37	1.08	0.56	1.12
NM_001178633.4	1.23	0.84	1.43	1.24	0.81	1.33
NM_001178634.1	397.11	421.07	414.82	481.31	469.58	481.01
NM_001178635.1	29.21	31.4	30.14	27.09	26.5	25.79
NM_001178636.4	24.23	25.03	29.13	32.91	33.35	33.73
NM_001178637.4	11.52	12.84	13.16	13.58	12.06	13.74
NM_001178638.1	22.3	25.35	25.89	31.66	29.63	29.82
NM_001178639.1	14.2	11.84	13.15	18.17	15.89	16.68
NM_001178641.3	2.91	2.83	3.26	4.15	4.21	4.06
NM_001178642.3	0.02	0.08	0.08	0.14	0.17	0.04
NM_001178643.2	1.82	1.36	2.1	2.79	2.1	2.54
NM_001178644.1	6.31	6.31	5.21	2.74	2.54	1.04
NM_001178645.3	2.32	4.14	3.79	3.51	3.48	4.41
NM_001178646.1	0.03	0.0	0.05	0.0	0.0	0.0
NM_001178647.3	0.64	1.09	0.83	0.53	0.6	0.42
NM_001178649.3	0.14	0.49	0.72	0.12	0.41	0.78
NM_001178650.1	15.32	14.49	15.15	17.46	15.44	17.36
NM_001178651.1	85.9	97.27	107.93	119.47	104.75	113.52
NM_001178652.2	8.5	10.48	10.91	7.66	8.08	8.37
NM_001178653.1	2.1	1.69	2.92	3.07	3.32	4.25
NM_001178654.1	8.57	9.43	10.57	9.2	10.7	12.54
NM_001178657.1	13.74	14.74	16.5	16.16	15.59	18.82
NM_001178658.1	246.2	248.78	269.35	286.27	304.48	350.4
NM_001178659.1	18.98	18.78	22.37	20.58	20.28	24.94
NM_001178660.1	78.84	79.75	97.1	107.67	110.37	110.9
NM_001178662.1	10.96	13.0	11.22	13.78	12.27	14.08
NM_001178663.1	9.61	7.85	9.24	8.82	9.97	10.39
NM_001178664.1	82.32	84.84	85.93	98.24	103.83	103.25
NM_001178665.1	0.0	0.0	0.0	0.04	0.0	0.0
NM_001178666.2	1.08	1.0	1.11	0.49	0.42	0.49
NM_001178667.1	3.49	3.43	3.3	1.56	1.33	1.67
NM_001178670.1	5.54	6.46	6.27	6.06	5.11	6.12
NM_001178671.1	15.35	15.24	16.01	17.28	15.85	17.16
NM_001178672.1	5.14	6.23	6.25	8.39	8.39	9.12
NM_001178673.1	147.15	149.5	148.43	152.61	148.29	150.78
NM_001178674.1	15.14	16.81	17.02	12.76	14.1	14.59
NM_001178675.1	137.03	128.81	106.22	148.89	137.36	113.51
NM_001178676.1	54.29	53.92	55.06	61.31	59.35	64.72
NM_001178677.1	8.9	10.28	10.0	7.83	8.28	7.87
NM_001178678.1	38.75	46.14	52.02	56.12	56.75	71.57
NM_001178679.1	34.84	39.68	42.11	55.7	52.72	58.59
NM_001178680.1	151.92	155.85	174.0	204.87	201.27	187.53
NM_001178681.1	5.94	6.6	7.11	9.15	9.8	12.02
NM_001178682.1	336.76	339.72	347.86	304.86	314.92	342.6
NM_001178683.1	9.09	10.08	8.89	10.87	10.66	10.72
NM_001178684.1	6.28	6.3	7.38	7.14	6.99	7.4
NM_001178685.1	75.62	85.84	88.15	123.58	119.71	140.83
NM_001178687.1	73.61	67.48	57.48	101.98	114.59	68.68
NM_001178688.1	674.27	695.7	647.08	870.42	903.02	868.36
NM_001178689.1	22.65	19.24	20.99	23.32	24.88	26.46
NM_001178690.1	83.46	95.28	93.07	102.72	109.36	105.18
NM_001178692.1	14.18	16.74	20.39	16.81	17.89	19.26
NM_001178693.1	0.08	0.21	0.0	0.21	0.28	0.53
NM_001178694.1	8.22	9.56	11.32	12.76	12.75	11.42
NM_001178695.1	271.38	291.65	282.05	307.09	309.95	312.77
NM_001178696.1	7.46	8.79	7.25	10.81	9.09	10.96
NM_001178697.1	11.14	13.22	13.95	14.04	14.09	15.98
NM_001178698.1	55.54	63.35	63.43	78.58	72.31	73.79
NM_001178699.1	21.03	23.77	24.59	35.28	36.36	40.56
NM_001178700.1	4.43	5.03	5.71	4.64	4.98	4.43
NM_001178701.1	62.33	66.26	68.58	100.87	96.41	98.85
NM_001178702.1	0.0	0.0	0.19	0.1	0.0	0.0
NM_001178703.1	108.78	110.64	108.0	89.93	86.58	79.95
NM_001178704.1	7.63	10.41	8.38	9.53	7.6	8.48
NM_001178705.1	11.56	11.22	13.04	12.33	13.09	14.49
NM_001178706.1	321.97	329.14	368.32	321.11	310.64	316.06
NM_001178707.1	0.0	0.44	0.17	0.43	0.1	0.0
NM_001178708.1	10.63	11.61	13.26	8.9	10.68	14.56
NM_001178709.1	0.87	1.66	3.71	2.24	2.11	1.95
NM_001178710.1	0.13	0.11	0.14	0.07	0.16	0.23
NM_001178711.1	0.19	0.41	0.37	0.99	0.45	1.26
NM_001178713.1	0.76	0.97	0.79	1.51	1.25	1.71
NM_001178715.1	74.4	82.27	83.43	90.19	85.62	85.37
NM_001178716.1	19.79	21.54	24.76	21.83	24.74	26.16
NM_001178717.1	171.53	176.44	186.18	219.5	212.46	214.71
NM_001178718.1	45.3	48.85	47.32	33.11	35.06	33.59
NM_001178720.1	2.73	2.0	2.46	2.88	2.94	3.23
NM_001178721.1	18.66	19.05	19.42	20.29	19.15	23.38
NM_001178722.1	88.74	93.1	92.29	95.8	92.13	84.49
NM_001178723.1	0.67	0.46	0.66	0.34	0.31	0.72
NM_001178724.1	34.05	34.94	37.76	37.44	36.2	34.23
NM_001178725.1	7643.96	7370.07	8186.03	6213.67	6128.92	6584.79
NM_001178727.1	0.0	0.14	0.06	0.11	0.16	0.12
NM_001178728.1	5.88	7.17	9.06	7.64	6.11	8.54
NM_001178729.1	46.18	52.85	57.81	42.41	39.96	39.5
NM_001178730.1	36.89	39.12	46.39	41.03	35.92	41.47
NM_001178731.1	14.75	13.94	15.72	9.76	9.72	9.52
NM_001178732.1	5.34	5.77	7.19	7.57	7.47	7.04
NM_001178733.1	0.77	0.59	0.86	1.08	0.81	1.24
NM_001178734.1	33.5	39.68	50.97	42.88	41.75	50.98
NM_001178735.1	2.24	2.84	2.29	6.4	6.72	5.59
NM_001178737.1	7.93	7.25	8.52	8.34	7.59	8.16
NM_001178738.1	3.28	3.98	4.92	3.28	3.32	3.42
NM_001178739.1	829.75	918.69	910.7	934.84	963.54	806.06
NM_001178741.1	11.35	14.4	12.97	16.22	15.61	16.72
NM_001178742.1	11.03	11.58	14.05	15.74	15.05	16.53
NM_001178743.1	13.05	15.48	16.87	18.11	16.75	21.06
NM_001178744.1	20.15	24.04	22.86	24.89	22.98	23.35
NM_001178745.1	4226.65	4086.28	3786.2	3609.5	3597.65	3494.02
NM_001178746.1	1.52	1.64	2.03	1.83	1.83	1.8
NM_001178747.1	9.73	10.91	10.07	12.31	10.49	11.08
NM_001178748.1	177.29	193.8	200.55	170.99	162.21	164.91
NM_001178749.1	35.88	38.44	38.45	43.99	39.44	44.66
NM_001178750.1	37.31	41.54	44.99	56.22	59.63	58.35
NM_001178751.1	12.46	13.31	12.95	14.37	14.62	17.89
NM_001178752.1	1.47	1.91	3.45	2.41	2.83	2.59
NM_001178753.1	10.63	11.61	13.26	8.9	10.68	14.56
NM_001178754.1	0.0	0.44	0.17	0.43	0.1	0.0
NM_001178756.1	12.03	12.86	14.33	16.37	15.51	16.61
NM_001178757.1	76.76	83.0	94.18	94.17	87.98	90.41
NM_001178758.1	21.79	25.95	30.11	29.68	30.35	31.82
NM_001178759.1	0.08	0.1	0.07	0.0	0.07	0.07
NM_001178760.1	40.04	47.99	47.49	45.44	44.08	51.37
NM_001178761.1	34.4	37.94	37.88	48.23	47.35	53.11
NM_001178762.1	26.78	26.08	27.64	31.06	29.3	33.83
NM_001178764.1	0.0	0.0	0.0	0.0	0.0	0.0
NM_001178765.1	85.99	87.79	90.2	82.89	83.09	92.97
NM_001178766.1	37.55	36.08	38.75	42.56	38.66	46.57
NM_001178767.1	395.49	404.41	411.26	439.06	450.35	472.17
NM_001178768.1	9.66	12.24	14.7	13.68	14.01	15.27
NM_001178769.1	37.31	41.33	50.29	45.54	45.35	50.19
NM_001178770.1	27.63	24.31	26.55	26.14	28.1	32.63
NM_001178771.1	27.51	31.72	32.14	50.35	48.24	57.88
NM_001178772.1	22.62	22.72	28.61	29.54	25.57	36.22
NM_001178774.1	9.8	10.59	13.05	13.85	10.74	15.2
NM_001178776.1	25.45	27.86	24.92	25.83	25.85	23.87
NM_001178777.1	4.23	4.63	4.77	5.39	5.12	5.11
NM_001178778.1	23.56	25.59	24.15	35.09	29.54	33.76
NM_001178779.1	6.97	6.65	9.15	6.16	6.36	7.77
NM_001178780.1	47.51	48.54	53.04	48.43	52.62	64.16
NM_001178781.1	26.6	29.42	31.45	35.32	34.81	37.65
NM_001178782.1	43.9	44.93	47.05	51.63	49.44	53.75
NM_001178783.1	0.93	1.14	1.02	1.28	1.19	1.78
NM_001178784.1	7.8	11.76	12.58	12.34	13.27	13.79
NM_001178785.1	15.42	17.56	16.65	17.06	18.06	19.96
NM_001178786.2	68.18	72.15	66.47	67.47	61.01	67.79
NM_001178787.1	4.32	5.28	5.67	4.97	4.93	4.54
NM_001178788.1	68.89	73.85	73.66	109.05	101.76	98.39
NM_001178789.1	39.61	41.27	53.0	48.12	51.81	61.01
NM_001178790.1	55.55	60.37	60.5	57.29	54.1	64.85
NM_001178792.1	17.69	16.89	17.23	23.36	20.84	23.91
NM_001178794.1	210.05	222.16	174.82	226.65	199.62	193.82
NM_001178795.1	1.0	1.2	0.95	3.13	2.92	3.88
NM_001178796.1	47.57	48.07	51.25	46.55	44.55	43.58
NM_001178797.2	1.72	2.1	1.54	2.73	2.24	1.87
NM_001178798.1	7.15	7.74	8.88	8.57	8.59	8.27
NM_001178799.1	35.12	39.9	40.64	43.66	39.37	44.7
NM_001178800.1	25.9	28.85	29.66	29.25	30.12	30.97
NM_001178801.1	8.53	10.62	12.31	12.34	11.53	10.5
NM_001178802.1	3.77	3.58	3.37	4.01	3.55	5.22
NM_001178804.1	34.78	39.08	44.43	47.75	46.57	44.02
NM_001178805.1	0.6	0.64	0.5	0.6	0.78	0.68
NM_001178806.1	0.0	0.0	0.0	0.0	0.0	0.0
NM_001178807.1	0.0	0.0	0.0	0.0	0.0	0.0
NM_001178808.1	1.5	2.22	1.49	3.1	3.77	2.34
NM_001178809.1	3.86	3.78	5.37	4.81	6.19	5.54
NM_001178811.1	0.28	0.0	0.0	0.0	0.0	0.25
NM_001178812.1	1.43	1.49	0.97	2.14	1.5	2.58
NM_001178813.1	2.21	2.7	3.2	3.11	2.89	3.73
NM_001178814.1	0.21	0.0	0.09	0.31	0.2	0.29
NM_001178815.1	38.16	41.56	38.88	54.53	61.4	57.67
NM_001178816.1	144.56	158.18	177.79	164.58	155.92	175.8
NM_001178817.3	149.47	169.49	168.49	179.88	187.6	172.41
NM_001178818.1	84.53	92.54	99.98	77.13	61.42	59.82
NM_001178819.1	6.82	9.44	8.16	6.7	7.16	7.75
NM_001178820.3	2.88	3.83	3.89	3.87	3.79	2.53
NM_001178821.1	10.71	10.35	9.08	10.79	8.75	10.58
NM_001178822.1	33.57	33.8	32.74	29.94	31.2	27.72
NM_001178824.3	21.56	22.23	24.86	62.19	60.46	65.0
NM_001178826.1	4.14	3.6	4.09	7.92	6.67	6.96
NM_001178827.1	14.43	16.94	17.61	23.75	22.48	20.96
NM_001178828.3	55.78	61.09	69.08	71.22	69.81	76.41
NM_001178830.1	33.62	35.99	33.73	40.59	35.83	35.73
NM_001178831.1	3.71	4.44	5.31	4.23	3.83	4.91
NM_001178832.3	34.34	33.78	36.21	35.8	37.01	37.89
NM_001178833.1	14.54	13.38	13.24	13.82	14.34	11.58
NM_001178834.3	3.8	6.25	5.96	7.26	6.37	5.2
NM_001178835.1	3.46	3.84	3.94	2.84	3.52	3.65
NM_001178836.3	0.0	0.0	0.0	0.0	0.0	0.0
NM_001178837.1	19.89	22.56	22.48	23.92	21.78	22.13
NM_001178838.1	0.0	0.0	0.05	0.05	0.19	0.1
NM_001178839.3	37.74	46.55	39.09	52.72	55.98	47.09
NM_001178840.1	2.47	2.55	3.23	2.6	2.7	2.96
NM_001178841.1	760.4	761.98	808.5	717.34	708.62	712.75
NM_001178842.3	1209.34	1230.43	1321.81	1287.73	1280.53	1353.03
NM_001178844.1	11.76	14.34	16.78	20.11	18.2	17.89
NM_001178845.1	0.67	0.68	0.46	1.05	0.63	0.88
NM_001178846.3	128.65	138.57	147.15	171.41	160.96	183.05
NM_001178847.1	23.93	22.8	23.93	30.58	28.97	29.52
NM_001178848.1	0.63	0.32	0.42	0.32	0.24	0.0
NM_001178849.3	3548.42	3491.45	3208.9	3249.96	3328.12	3047.21
NM_001178850.1	0.0	0.0	0.0	0.09	0.0	0.0
NM_001178851.1	27.26	27.36	27.27	29.88	30.57	35.58
NM_001178852.3	166.7	165.79	144.4	187.49	172.13	175.37
NM_001178853.1	45.48	45.56	47.38	56.47	52.97	56.46
NM_001178854.1	3.48	4.91	4.27	10.02	7.71	6.82
NM_001178855.3	246.35	266.65	277.56	301.45	304.75	311.19
NM_001178856.1	1.85	1.27	2.35	2.31	1.85	1.77
NM_001178857.1	104.89	111.84	122.31	99.9	100.99	106.35
NM_001178858.3	9.55	10.34	9.17	8.49	7.93	10.14
NM_001178859.1	48.06	48.48	45.73	57.9	55.62	60.21
NM_001178861.1	350.14	335.73	371.09	319.78	327.62	377.13
NM_001178862.3	78.79	79.95	87.77	83.15	80.65	87.04
NM_001178863.1	23.92	24.1	23.55	27.41	30.84	27.89
NM_001178864.1	0.0	0.0	0.0	0.0	0.27	0.0
NM_001178865.3	24.6	30.3	24.32	27.88	28.77	28.79
NM_001178866.1	217.44	227.98	266.31	261.77	231.31	271.21
NM_001178867.1	14.66	14.76	17.34	14.21	16.45	15.66
NM_001178868.3	8.74	8.35	11.16	8.68	8.17	8.44
NM_001178869.1	2754.16	2790.23	2598.62	2791.53	2656.29	2655.92
NM_001178870.1	47.52	48.09	54.62	48.32	47.02	50.12
NM_001178871.3	19.33	18.16	18.75	26.1	24.33	28.5
NM_001178872.1	0.32	0.68	1.33	0.94	0.98	0.72
NM_001178873.1	50.15	53.58	63.26	67.46	69.04	80.07
NM_001178875.1	53.25	53.01	60.05	80.81	82.57	100.25
NM_001178876.1	7.21	8.63	8.47	8.37	8.82	8.63
NM_001178877.3	4.4	5.11	6.19	6.68	6.34	7.64
NM_001178878.1	41.93	45.85	48.38	59.45	55.36	60.07
NM_001178879.1	5.39	4.97	5.98	5.29	5.92	6.64
NM_001178880.3	137.29	130.42	133.27	156.59	134.61	148.15
NM_001178881.2	40.02	44.68	46.25	48.56	41.29	42.99
NM_001178882.1	0.28	0.16	0.47	0.24	0.53	1.02
NM_001178884.1	0.0	0.03	0.0	0.0	0.0	0.06
NM_001178885.1	0.7	0.6	1.09	0.97	0.73	1.54
NM_001178886.1	282.83	284.93	300.87	262.52	252.89	256.96
NM_001178887.1	1.05	1.03	1.34	1.21	1.21	0.58
NM_001178888.1	0.63	0.54	0.79	0.8	0.45	0.29
NM_001178890.1	0.0	0.24	0.24	0.24	0.13	0.0
NM_001178891.1	0.0	0.0	0.0	0.0	0.0	0.0
NM_001178892.1	27.75	32.46	33.2	43.63	38.63	42.35
NM_001178893.3	90.56	100.45	90.98	105.35	96.44	88.06
NM_001178894.1	227.84	244.53	251.69	289.14	284.21	295.06
NM_001178895.1	71.89	75.25	89.65	114.53	105.09	119.1
NM_001178896.3	7.32	7.87	9.05	9.14	9.6	11.4
NM_001178897.1	141.97	146.06	150.73	144.55	147.91	141.3
NM_001178898.1	4.59	4.69	5.06	4.6	4.22	4.34
NM_001178899.1	14.47	13.82	13.15	12.04	11.51	10.99
NM_001178900.1	758.38	764.0	901.9	726.8	763.11	767.96
NM_001178901.3	18.93	20.69	24.56	26.53	28.64	29.96
NM_001178902.1	150.56	140.62	188.91	36.34	28.72	41.87
NM_001178903.1	141.26	159.98	171.72	206.21	195.31	201.32
NM_001178904.3	6.68	6.66	7.39	9.99	8.12	8.65
NM_001178905.1	10.61	12.39	13.59	11.23	10.38	12.14
NM_001178906.3	1.19	1.18	1.32	2.38	1.52	2.05
NM_001178907.1	27.4	29.48	35.61	37.77	37.35	37.36
NM_001178908.1	14.11	14.87	16.02	19.11	19.32	18.09
NM_001178909.3	13.33	10.72	10.02	10.04	10.03	11.03
NM_001178910.1	19.27	18.59	23.53	26.83	27.95	26.35
NM_001178911.3	13.55	12.99	14.11	15.8	15.34	18.75
NM_001178912.1	111.61	117.04	134.55	170.16	170.22	175.13
NM_001178913.1	14.87	16.91	14.79	20.67	18.63	17.61
NM_001178914.3	271.98	273.73	284.92	298.8	300.13	306.04
NM_001178915.1	0.69	0.59	0.86	1.01	0.95	0.93
NM_001178916.1	340.65	363.24	329.93	359.29	325.05	355.04
NM_001178917.3	145.22	150.71	154.85	238.87	223.07	254.43
NM_001178918.1	61.51	65.26	59.34	84.01	78.05	75.12
NM_001178919.1	6.7	6.05	5.52	5.12	6.45	5.46
NM_001178920.3	30.48	29.02	28.55	36.5	31.72	34.54
NM_001178921.1	88.02	91.58	97.72	108.82	102.52	104.21
NM_001178922.1	116.4	119.34	131.36	128.94	126.63	135.14
NM_001178923.3	12.1	11.77	9.98	12.22	11.98	13.57
NM_001178924.1	2.26	3.23	3.01	2.87	2.42	3.9
NM_001178925.1	28.46	21.59	25.17	26.82	25.62	26.97
NM_001178926.3	30.19	27.41	30.22	31.74	29.14	36.12
NM_001178927.1	290.79	298.52	323.93	310.12	319.68	319.11
NM_001178928.1	3.8	4.0	4.92	3.93	2.46	2.78
NM_001178929.3	2.97	3.71	3.96	3.93	3.86	3.09
NM_001178930.1	0.0	0.0	0.0	0.25	0.07	0.0
NM_001178931.3	7.78	9.47	8.74	11.02	9.73	9.93
NM_001178932.2	0.94	1.33	1.9	1.31	1.23	1.08
NM_001178933.1	88.17	91.49	105.77	122.38	131.79	131.96
NM_001178934.3	967.88	949.13	906.18	862.11	868.75	822.54
NM_001178935.1	57.86	56.51	56.38	38.32	39.94	27.69
NM_001178936.3	5.21	5.39	4.09	5.93	4.24	5.38
NM_001178937.1	6.18	4.11	4.72	6.74	6.65	4.24
NM_001178938.1	6.23	7.63	6.79	6.74	6.94	7.09
NM_001178939.3	89.81	101.16	100.76	92.41	83.49	84.12
NM_001178940.1	73.03	74.15	87.28	82.84	82.78	88.56
NM_001178941.3	44.66	48.86	60.56	71.09	67.46	71.74
NM_001178942.1	5.5	4.99	4.59	5.9	6.26	5.06
NM_001178943.1	86.55	88.72	92.34	130.21	125.96	131.35
NM_001178944.3	4.93	6.58	7.03	8.15	6.61	6.83
NM_001178945.1	0.29	0.55	0.77	0.78	0.6	0.51
NM_001178946.3	248.67	250.28	258.55	335.24	333.76	301.54
NM_001178947.1	165.04	177.42	186.76	193.41	186.79	206.87
NM_001178948.3	181.23	197.47	211.44	174.05	180.11	162.07
NM_001178949.1	6.18	9.6	10.26	10.76	7.17	8.57
NM_001178950.1	14.95	17.81	17.25	17.54	16.48	21.47
NM_001178951.3	7.28	8.41	9.69	6.75	6.65	6.06
NM_001178952.2	8.28	8.86	8.87	8.19	8.22	6.47
NM_001178953.3	54.95	51.14	64.85	71.81	68.86	66.37
NM_001178954.1	74.69	84.77	75.51	80.93	66.88	71.89
NM_001178955.1	56.12	65.56	54.79	77.55	73.9	62.34
NM_001178956.3	0.56	0.45	0.58	0.85	0.89	0.44
NM_001178957.1	3.35	3.53	4.58	3.55	2.69	4.97
NM_001178958.1	12.04	12.83	9.06	15.22	13.97	10.65
NM_001178959.3	33.2	35.14	38.87	31.65	30.06	29.76
NM_001178960.1	11.11	10.9	12.15	11.73	12.8	11.54
NM_001178961.1	126.34	126.92	158.19	147.72	146.95	156.85
NM_001178962.3	21.39	30.25	25.42	31.22	27.97	29.59
NM_001178963.1	747.22	721.25	756.86	696.42	644.1	423.82
NM_001178964.2	79.23	81.58	83.64	140.59	141.33	151.64
NM_001178965.3	4153.91	4019.77	3663.38	4081.13	3954.48	3913.3
NM_001178966.2	9.26	9.39	8.66	8.33	7.92	8.98
NM_001178967.3	2.39	2.68	3.23	2.79	2.78	3.4
NM_001178968.1	5.55	7.64	8.6	6.5	6.93	6.39
NM_001178969.1	11.74	12.29	12.78	14.09	14.84	13.47
NM_001178970.1	15.11	19.92	15.6	16.63	15.97	15.19
NM_001178971.1	53.38	60.98	60.01	66.05	63.5	68.83
NM_001178972.3	11.88	10.35	9.55	32.88	32.66	30.96
NM_001178973.1	39.94	41.16	47.14	33.76	34.08	36.75
NM_001178974.1	72.2	71.13	74.71	83.1	88.54	88.41
NM_001178976.3	0.0	0.27	0.35	0.0	0.3	0.19
NM_001178977.1	117.44	119.66	136.7	120.46	123.4	138.02
NM_001178978.1	6.59	7.74	9.59	6.55	6.6	7.9
NM_001178979.3	36.76	35.03	32.45	48.58	47.65	46.4
NM_001178980.1	53.58	51.58	61.85	40.72	42.34	52.24
NM_001178981.1	156.68	163.35	162.67	248.94	240.78	228.0
NM_001178982.3	244.26	244.4	210.68	188.84	185.89	166.74
NM_001178983.3	52.11	43.97	50.96	57.98	55.66	67.36
NM_001178984.1	3.06	3.2	4.29	4.35	4.11	3.8
NM_001178985.3	139.58	139.56	151.51	209.53	209.56	230.18
NM_001178986.3	26.41	27.9	30.39	34.88	28.88	36.21
NM_001178987.1	0.84	1.36	1.01	1.37	1.43	1.17
NM_001178989.1	1.26	2.01	2.0	1.91	1.55	1.27
NM_001178990.3	39.14	42.77	45.88	57.66	56.23	48.96
NM_001178991.3	89.31	95.06	89.82	112.46	117.47	105.49
NM_001178992.1	9.63	9.94	10.15	12.55	12.17	12.32
NM_001178993.1	5870.31	5733.61	5450.16	5504.42	5561.59	5261.31
NM_001178994.3	13.13	13.47	13.97	29.48	22.73	19.96
NM_001178995.3	11.07	10.88	11.47	12.25	12.02	11.65
NM_001178996.1	23.35	23.58	26.21	25.34	24.9	26.36
NM_001178997.1	0.19	0.05	0.0	0.21	0.18	0.34
NM_001178998.3	40.47	40.97	41.08	44.34	40.57	44.89
NM_001179000.1	292.79	301.65	301.5	273.11	259.61	280.66
NM_001179001.1	11.31	12.3	11.0	11.72	10.37	11.78
NM_001179002.3	63.88	71.87	86.76	67.58	64.62	66.96
NM_001179003.3	13.12	12.45	15.61	11.43	11.81	12.67
NM_001179004.1	28.03	30.77	24.12	35.0	30.17	32.25
NM_001179005.1	3.06	3.75	4.45	3.05	4.78	2.93
NM_001179006.3	8.11	8.68	11.07	8.41	8.04	9.91
NM_001179007.3	3395.03	3414.03	3518.34	3321.73	3297.41	3416.74
NM_001179008.1	37.02	37.86	38.01	37.28	36.81	39.57
NM_001179009.1	17.0	17.71	17.52	21.31	19.98	22.68
NM_001179010.3	403.82	403.55	418.89	481.18	481.04	493.73
NM_001179011.3	1.05	1.41	1.25	1.64	1.7	1.35
NM_001179012.1	117.73	120.57	117.71	160.84	146.53	146.44
NM_001179013.1	19.65	19.97	22.42	17.5	22.28	21.13
NM_001179014.3	100.0	101.13	117.61	123.53	130.46	127.64
NM_001179015.3	87.43	92.07	97.07	102.66	100.97	107.38
NM_001179016.1	129.34	136.51	127.75	154.72	150.52	146.62
NM_001179017.1	44.38	46.37	48.1	53.64	48.71	47.87
NM_001179018.3	8.88	10.81	12.93	7.06	5.38	7.83
NM_001179019.3	5.6	6.47	6.83	6.55	6.51	6.54
NM_001179020.1	11.06	10.55	11.54	13.88	12.94	13.08
NM_001179021.1	1824.91	1833.98	1762.06	1588.01	1617.17	1540.12
NM_001179022.3	3.22	3.43	3.97	3.93	3.51	4.6
NM_001179023.3	201.71	217.75	261.56	232.39	231.68	230.87
NM_001179024.1	33.34	36.43	36.71	31.77	36.32	35.82
NM_001179026.1	109.17	117.41	137.95	131.55	120.43	133.84
NM_001179027.3	5.76	6.14	8.37	8.15	6.68	8.65
NM_001179028.4	0.0	0.0	0.02	0.01	0.0	0.0
NM_001179029.3	11.58	10.37	12.4	14.31	15.64	15.39
NM_001179030.3	6.36	7.11	7.29	6.83	5.6	7.98
NM_001179031.1	36.25	42.49	43.56	47.91	47.56	47.08
NM_001179032.1	7.74	9.5	12.75	16.94	12.97	14.76
NM_001179033.3	32.35	33.1	31.57	47.96	48.5	46.49
NM_001179034.3	6.46	6.41	7.26	6.26	7.52	6.68
NM_001179035.1	165.68	164.75	189.41	200.36	186.75	218.83
NM_001179036.1	125.46	127.18	132.61	141.49	142.9	137.25
NM_001179037.3	4.65	4.4	5.22	5.96	5.25	6.01
NM_001179038.3	100.03	108.52	111.97	117.16	107.47	122.42
NM_001179039.1	13.2	14.56	15.57	16.84	17.56	18.65
NM_001179040.1	6.72	7.27	6.38	8.05	7.81	9.09
NM_001179041.3	33.16	35.18	32.3	37.38	33.81	35.81
NM_001179042.3	15.26	17.53	19.37	21.14	22.54	25.37
NM_001179043.1	3.17	3.65	4.65	2.72	3.41	4.92
NM_001179044.1	27.29	26.67	29.45	25.68	24.14	29.82
NM_001179045.3	24.81	26.9	27.61	26.11	23.88	28.54
NM_001179046.3	103.3	100.73	112.92	119.41	125.27	132.79
NM_001179047.1	12.17	11.45	12.33	11.62	10.96	11.21
NM_001179048.1	3.79	3.67	3.46	2.78	2.38	3.08
NM_001179049.3	37.09	38.11	40.07	44.11	43.17	46.2
NM_001179050.4	0.75	0.53	0.51	0.43	0.42	0.37
NM_001179051.1	18.74	22.97	22.73	24.1	21.39	24.37
NM_001179052.4	3.72	4.38	4.78	5.31	4.22	5.33
NM_001179053.3	18.6	19.83	22.89	21.57	22.37	26.88
NM_001179054.1	25.65	26.91	26.95	22.04	21.51	20.67
NM_001179055.1	983.15	998.09	944.8	970.31	964.33	965.6
NM_001179056.3	18.02	19.42	20.98	19.9	18.92	20.25
NM_001179057.3	11.59	12.88	11.66	11.38	10.9	12.37
NM_001179058.1	25.47	27.19	32.48	28.54	26.37	26.63
NM_001179059.1	9.19	9.81	10.84	9.88	9.6	9.62
NM_001179060.3	15.67	13.5	15.47	17.14	15.23	20.95
NM_001179061.3	13.33	16.63	14.96	16.53	15.67	15.83
NM_001179062.1	10.82	12.42	10.9	13.36	11.33	11.95
NM_001179063.1	2.06	2.65	3.12	2.95	3.23	2.69
NM_001179064.3	24.27	30.88	26.68	22.71	25.11	26.62
NM_001179065.3	8.11	8.27	8.42	5.05	5.86	7.08
NM_001179066.1	16.45	16.74	17.48	24.53	23.49	23.94
NM_001179067.3	811.18	863.89	835.28	973.02	942.34	1006.47
NM_001179068.3	473.21	477.15	520.6	495.03	495.87	580.61
NM_001179069.1	0.69	0.73	1.14	0.77	1.24	1.13
NM_001179070.1	0.0	0.3	0.0	0.06	0.13	0.25
NM_001179072.3	11.48	13.91	11.05	14.17	11.62	16.42
NM_001179073.1	33.4	30.8	34.1	32.75	37.91	40.65
NM_001179074.1	0.75	0.79	0.87	0.56	0.23	0.27
NM_001179075.3	0.19	0.05	0.21	0.58	0.65	0.23
NM_001179076.3	0.12	0.11	0.0	0.1	0.18	0.11
NM_001179077.1	0.0	0.0	0.0	0.1	0.0	0.0
NM_001179079.3	0.0	0.24	0.24	0.24	0.13	0.0
NM_001179080.3	0.0	0.0	0.0	0.0	0.0	0.0
NM_001179081.1	3168.9	3158.38	3072.93	3338.26	3247.33	3059.34
NM_001179082.1	27.62	26.56	29.04	36.58	32.46	31.77
NM_001179083.1	73.63	79.74	76.69	99.46	97.37	91.73
NM_001179084.1	29.23	29.81	29.37	33.99	33.4	40.26
NM_001179086.1	3.44	4.25	4.53	3.68	3.91	4.06
NM_001179087.1	27.07	31.7	28.51	28.56	24.46	26.58
NM_001179088.1	6.04	5.77	5.87	6.14	4.99	6.09
NM_001179089.1	14.91	19.72	18.51	18.74	15.09	19.16
NM_001179090.1	3.75	4.88	5.22	4.43	4.01	3.26
NM_001179091.1	144.03	153.13	161.43	190.66	202.59	203.16
NM_001179092.1	0.16	0.1	0.39	0.03	0.07	0.0
NM_001179093.1	37.17	38.3	43.32	38.71	36.9	38.45
NM_001179094.1	4.95	4.67	6.56	5.35	5.3	4.89
NM_001179095.1	3522.56	3472.29	2996.25	3491.57	3581.69	3160.94
NM_001179096.1	0.54	0.62	0.89	0.65	0.56	1.02
NM_001179097.1	25.06	26.31	30.5	29.17	30.32	30.67
NM_001179098.1	8.2	7.73	8.12	6.51	9.36	8.82
NM_001179099.1	3.86	5.14	5.65	6.3	6.51	6.37
NM_001179100.1	14.84	13.8	14.02	15.12	14.22	15.57
NM_001179101.1	18.74	19.9	18.98	26.54	26.83	28.58
NM_001179102.1	0.53	0.54	0.8	0.81	1.05	1.05
NM_001179103.1	5.16	5.37	5.65	6.5	6.01	6.14
NM_001179104.1	1.41	1.08	0.73	0.95	0.7	0.75
NM_001179105.1	19.71	17.11	18.69	20.61	20.96	22.37
NM_001179106.1	3.26	2.88	4.71	1.92	1.65	2.61
NM_001179107.1	29.36	28.95	27.15	34.78	32.38	36.73
NM_001179108.1	3.08	3.87	3.17	2.69	3.18	2.92
NM_001179109.1	8.52	8.48	10.49	7.65	9.53	11.07
NM_001179110.1	24.14	25.57	30.12	36.27	31.32	38.26
NM_001179111.1	39.58	38.08	39.46	60.88	57.6	63.38
NM_001179112.1	0.78	1.35	1.52	1.58	1.62	1.8
NM_001179113.1	2259.12	2199.69	2124.63	1817.08	1878.55	1824.45
NM_001179114.1	373.14	410.08	390.02	425.73	391.21	371.73
NM_001179115.1	2.77	2.8	3.32	3.44	2.12	2.36
NM_001179116.1	2.08	1.89	1.31	1.41	1.69	1.48
NM_001179118.1	4.74	5.69	7.96	7.1	5.73	6.74
NM_001179119.1	28.35	30.49	30.11	41.09	40.04	42.11
NM_001179120.1	44.14	38.96	45.05	47.58	37.89	49.59
NM_001179122.1	3.32	1.21	1.18	2.58	2.68	2.57
NM_001179123.1	0.11	0.09	0.0	0.18	0.0	0.0
NM_001179124.1	2.77	2.77	3.29	3.59	4.11	4.14
NM_001179126.1	0.0	0.0	0.0	0.0	0.0	0.0
NM_001179127.2	50.64	30.07	29.57	32.8	22.34	28.06
NM_001179128.1	18.82	18.33	12.81	24.06	23.73	26.01
NM_001179129.1	0.0	0.0	0.0	0.0	0.0	0.0
NM_001179130.1	0.0	0.02	0.0	0.0	0.0	0.0
NM_001179131.1	29.28	34.04	37.56	42.79	42.71	42.3
NM_001179132.1	4.51	4.12	4.81	3.73	4.45	4.26
NM_001179133.1	22.27	22.03	28.28	26.14	27.62	28.35
NM_001179134.1	4.6	4.3	5.34	3.93	5.08	3.05
NM_001179135.1	35.35	35.73	41.39	38.99	38.43	42.79
NM_001179136.1	17.94	18.19	18.21	21.5	20.0	19.9
NM_001179137.1	278.82	269.17	306.5	275.65	269.21	274.28
NM_001179138.1	130.74	133.78	136.93	137.05	151.01	162.35
NM_001179139.1	28.19	28.08	32.12	29.06	29.31	31.92
NM_001179140.1	3316.9	3406.13	3122.79	3298.83	3476.49	3265.03
NM_001179141.1	3.3	4.67	5.41	3.82	3.48	4.31
NM_001179142.1	32.47	35.17	44.89	52.23	49.54	56.83
NM_001179143.1	77.78	86.17	91.39	93.84	96.64	100.22
NM_001179144.1	0.0	0.22	0.0	0.05	0.06	0.12
NM_001179145.1	0.75	1.5	1.73	0.95	1.04	0.48
NM_001179146.1	22.69	25.09	25.89	32.78	33.47	36.63
NM_001179147.1	9.24	9.03	11.2	10.72	13.23	12.97
NM_001179148.1	39.57	45.4	48.0	119.79	117.72	119.49
NM_001179149.1	476.22	490.44	500.52	436.16	431.25	441.93
NM_001179150.1	311.91	303.16	302.3	277.85	269.25	289.78
NM_001179151.1	3607.05	3445.9	3070.68	3362.6	3613.93	2998.78
NM_001179152.1	0.44	0.81	0.61	0.74	0.83	0.53
NM_001179153.1	10.72	12.01	11.35	15.97	11.86	13.45
NM_001179154.1	24.64	27.0	32.4	33.15	30.56	35.69
NM_001179155.1	206.3	203.5	216.97	201.49	205.01	249.81
NM_001179156.1	221.59	232.39	228.48	257.93	244.32	245.59
NM_001179157.1	142.23	149.91	150.88	229.26	210.04	219.92
NM_001179158.1	21.91	26.81	28.17	29.19	27.1	29.54
NM_001179159.1	28.27	30.81	38.05	53.96	53.9	55.36
NM_001179160.1	24.22	26.04	26.0	32.98	31.5	34.02
NM_001179161.1	6.11	7.09	5.97	6.69	7.38	6.44
NM_001179162.1	27.87	28.34	32.27	26.48	28.97	33.58
NM_001179163.1	0.5	0.08	0.08	0.34	0.43	0.58
NM_001179164.1	14.67	15.93	15.31	17.93	18.6	20.13
NM_001179165.1	1.56	1.75	1.65	1.75	1.73	1.63
NM_001179166.1	11.34	12.2	8.35	12.89	11.43	12.11
NM_001179167.1	34.34	39.42	43.72	49.74	50.91	53.55
NM_001179168.1	11.23	14.2	19.99	14.02	11.2	11.94
NM_001179169.1	35.94	38.51	45.97	38.13	36.69	41.01
NM_001179170.1	12.48	11.98	12.27	17.04	16.45	18.61
NM_001179171.1	25.03	26.44	26.09	24.13	25.99	30.7
NM_001179172.1	107.39	99.75	126.59	107.42	108.84	131.39
NM_001179173.1	31.84	32.98	33.92	30.94	33.87	35.05
NM_001179174.1	12.16	12.18	14.0	14.13	14.25	16.29
NM_001179175.1	14.11	14.2	15.7	12.49	11.81	12.96
NM_001179176.1	21.31	23.0	26.1	25.76	25.11	24.53
NM_001179177.1	73.7	85.66	89.95	103.92	96.39	103.5
NM_001179178.1	1.55	1.68	2.89	1.65	1.54	2.8
NM_001179179.1	93.29	91.03	103.68	83.76	86.98	86.13
NM_001179180.1	21.71	22.46	23.86	22.81	23.41	25.78
NM_001179181.1	79.95	96.34	85.67	115.36	119.47	107.73
NM_001179182.1	101.89	120.59	126.7	131.22	123.1	121.46
NM_001179183.1	0.0	0.0	0.0	0.0	0.0	0.0
NM_001179184.1	22.56	30.77	26.04	15.23	13.82	12.97
NM_001179185.1	0.0	0.0	0.0	0.0	0.0	0.0
NM_001179186.2	20.02	25.28	23.43	17.88	17.22	18.72
NM_001179187.1	36.53	36.44	38.73	33.09	31.56	39.47
NM_001179188.1	17.2	20.09	20.88	21.19	21.78	22.21
NM_001179189.1	24.05	23.37	26.09	28.82	29.5	26.63
NM_001179190.1	30.73	30.24	41.67	29.62	30.19	37.1
NM_001179191.1	10.66	13.63	13.17	12.94	12.96	11.13
NM_001179192.1	23.19	25.35	32.27	23.98	25.45	31.09
NM_001179193.1	56.4	59.78	72.47	67.95	70.79	67.36
NM_001179194.1	599.78	633.88	644.22	617.7	608.02	663.46
NM_001179195.1	60.63	62.08	60.69	82.61	81.98	80.19
NM_001179196.1	47.93	49.09	54.76	43.28	43.81	49.21
NM_001179197.1	3.3	3.91	4.03	5.03	4.57	2.91
NM_001179198.1	252.29	255.07	262.58	275.87	261.69	273.29
NM_001179199.1	35.82	38.52	41.73	36.81	37.84	37.81
NM_001179200.1	33.63	33.17	36.65	37.79	39.12	46.12
NM_001179201.1	9.74	9.62	11.18	9.45	9.64	8.48
NM_001179202.2	20.53	21.01	24.71	19.33	19.12	19.59
NM_001179203.1	11.91	12.62	14.04	14.09	14.27	14.06
NM_001179204.1	45.96	45.55	52.45	57.7	55.05	64.41
NM_001179205.1	5.06	4.44	5.36	3.03	4.04	5.21
NM_001179206.1	26.86	30.61	30.8	37.73	35.04	36.86
NM_001179207.1	9.03	10.37	10.07	10.46	9.03	9.75
NM_001179208.1	5.28	5.5	6.52	7.8	7.67	7.59
NM_001179209.1	4.96	5.0	5.66	5.06	4.06	4.57
NM_001179210.1	1.77	1.53	1.48	1.56	1.12	1.58
NM_001179211.1	36.12	43.97	46.64	34.57	36.0	31.03
NM_001179212.1	18.88	19.11	21.16	21.42	21.4	21.69
NM_001179213.1	24.46	23.48	26.84	27.24	29.23	33.01
NM_001179214.1	22.15	24.65	21.7	23.01	22.52	21.86
NM_001179215.1	23.83	22.18	27.12	21.59	23.0	23.48
NM_001179216.1	14.66	15.74	15.6	15.84	15.04	13.51
NM_001179217.1	9.07	8.65	8.16	12.1	12.46	11.91
NM_001179218.1	57.84	64.01	72.34	55.4	52.4	50.67
NM_001179219.1	300.8	322.23	344.28	340.09	338.75	353.93
NM_001179220.1	11.92	12.62	14.56	12.68	14.39	12.31
NM_001179221.1	2.81	3.41	3.85	3.07	3.08	3.52
NM_001179222.2	34.93	38.52	37.67	27.08	26.55	27.13
NM_001179224.1	158.07	154.9	174.15	116.48	111.87	129.16
NM_001179226.1	8.67	7.48	7.74	6.46	6.02	7.75
NM_001179227.1	13.68	12.79	12.88	15.94	14.92	14.83
NM_001179228.1	54.3	57.5	62.8	59.69	59.21	62.92
NM_001179229.1	13.77	15.65	14.92	14.08	12.79	14.01
NM_001179230.1	18.12	14.53	22.88	21.7	23.3	23.25
NM_001179231.1	12.65	13.02	11.92	12.46	15.2	13.04
NM_001179232.1	8.88	10.48	10.37	12.66	11.25	11.26
NM_001179233.1	16.41	19.13	16.39	15.01	12.77	13.61
NM_001179234.1	60.28	75.02	78.85	73.85	70.16	74.59
NM_001179235.1	7.34	8.47	6.16	9.11	6.59	8.87
NM_001179236.1	6.76	7.44	6.31	5.38	5.69	5.74
NM_001179237.1	70.2	72.72	73.24	56.39	53.16	54.49
NM_001179238.1	105.55	115.57	119.56	109.86	115.86	106.35
NM_001179239.1	4.12	4.45	5.11	5.53	5.33	6.76
NM_001179240.1	21.16	25.47	26.73	25.6	30.03	26.83
NM_001179241.1	29.35	30.21	31.33	38.27	38.03	42.51
NM_001179242.1	14.85	16.87	17.13	13.63	15.67	16.95
NM_001179243.1	32.47	37.92	41.44	31.03	29.41	36.77
NM_001179244.1	15.08	15.19	15.96	19.52	16.64	17.1
NM_001179245.1	28.6	31.48	29.74	31.15	31.24	37.14
NM_001179246.1	14.98	17.0	20.16	15.51	16.34	27.21
NM_001179247.1	25.91	25.14	29.84	25.93	26.71	29.02
NM_001179248.1	10.45	11.42	14.03	12.38	14.17	13.79
NM_001179249.1	9.62	9.19	10.92	9.97	10.51	9.53
NM_001179250.1	5.2	5.54	5.84	5.03	4.62	4.77
NM_001179251.1	61.05	60.56	70.09	54.1	49.64	53.78
NM_001179252.1	35.66	39.75	41.02	58.34	54.17	58.32
NM_001179253.1	36.88	39.1	45.76	45.79	43.48	51.02
NM_001179254.1	0.63	0.75	0.57	0.58	0.53	0.79
NM_001179256.1	0.0	0.0	0.0	0.28	0.11	0.2
NM_001179257.1	35.58	36.44	38.9	34.7	29.33	29.36
NM_001179258.1	237.19	240.69	257.41	232.94	243.8	238.63
NM_001179259.1	4.51	5.43	5.32	5.71	5.0	5.24
NM_001179261.1	2.96	3.34	3.67	3.32	3.18	4.03
NM_001179262.1	64.46	70.43	77.56	62.49	65.25	68.17
NM_001179263.1	91.03	96.66	98.52	118.16	120.05	123.97
NM_001179264.1	3.36	5.79	4.88	5.39	6.79	5.42
NM_001179265.1	56.0	58.62	64.26	43.91	45.56	49.18
NM_001179266.1	70.7	60.61	82.08	27.15	28.17	9.95
NM_001179267.1	30.05	35.8	32.91	93.29	95.6	85.44
NM_001179268.1	20.59	16.92	25.94	23.29	22.8	31.14
NM_001179269.1	0.0	0.0	0.0	0.0	0.0	0.0
NM_001179270.1	2.96	2.79	3.24	2.68	2.43	2.53
NM_001179271.1	3659.55	3799.3	3351.19	4119.17	4046.58	3265.71
NM_001179272.1	30.16	33.99	39.86	46.8	42.27	49.03
NM_001179273.1	158.95	164.84	182.4	167.36	157.59	177.16
NM_001179274.1	289.99	300.33	282.09	271.41	285.64	295.1
NM_001179275.1	18.22	20.89	21.03	15.67	16.88	18.66
NM_001179277.1	131.15	138.98	139.66	155.56	136.44	147.88
NM_001179278.1	30.82	31.95	37.54	44.41	45.81	52.58
NM_001179279.1	58.67	60.47	63.21	76.15	67.01	71.68
NM_001179280.1	15.02	15.63	15.92	15.15	12.84	16.8
NM_001179281.1	2.67	3.37	3.48	2.86	2.49	2.74
NM_001179282.1	6.79	7.53	6.4	7.83	7.45	7.15
NM_001179283.1	58.56	60.47	58.49	46.35	50.36	42.02
NM_001179284.1	3.15	3.48	3.38	3.34	4.1	4.17
NM_001179285.1	14.26	15.7	16.97	18.65	17.68	16.25
NM_001179286.1	4.73	5.03	5.71	5.74	5.05	5.82
NM_001179287.1	4.38	5.99	4.48	5.27	4.82	4.56
NM_001179288.1	0.5	0.68	0.5	0.5	0.38	0.0
NM_001179289.1	19.72	20.85	21.48	23.78	21.73	23.26
NM_001179290.1	5.45	4.98	3.33	5.12	4.41	3.9
NM_001179291.1	0.2	0.06	0.22	0.17	0.38	0.36
NM_001179292.1	12.09	11.75	14.02	12.32	12.06	11.95
NM_001179293.1	241.0	265.52	276.08	327.59	313.32	285.15
NM_001179294.1	86.48	89.9	105.87	109.66	108.49	119.02
NM_001179295.1	3.48	3.8	3.84	5.99	4.63	5.02
NM_001179296.1	8.52	8.16	9.35	8.14	7.48	7.81
NM_001179297.1	5.08	4.89	6.04	7.22	6.92	7.29
NM_001179298.1	9.86	13.31	18.74	16.45	15.66	16.72
NM_001179299.2	3.84	4.59	4.31	3.66	4.22	3.93
NM_001179300.1	24.95	27.06	28.6	35.23	38.41	43.35
NM_001179301.1	86.42	86.03	101.5	92.11	94.11	96.51
NM_001179302.1	4.11	5.13	5.48	4.05	3.91	3.54
NM_001179303.1	5.62	6.74	8.14	6.28	5.17	6.15
NM_001179305.1	15989.41	15468.06	15738.85	15966.13	15818.02	16644.05
NM_001179306.3	68.2	55.04	69.74	61.43	70.65	70.68
NM_001179307.3	1.97	1.8	2.6	1.46	2.36	2.1
NM_001179308.1	2.61	2.34	1.07	0.72	0.52	0.23
NM_001179309.3	2.55	3.22	3.66	2.8	1.95	2.3
NM_001179310.1	776.19	729.47	907.53	968.14	986.26	1091.34
NM_001179312.3	39.6	47.81	45.57	56.66	57.67	62.54
NM_001179313.1	3.8	3.03	3.47	3.31	3.32	3.36
NM_001179314.3	752.11	708.22	746.84	754.0	738.68	832.51
NM_001179315.1	1.71	2.08	1.76	1.95	1.52	1.36
NM_001179316.3	0.24	0.13	0.52	0.46	0.52	0.43
NM_001179317.1	6.63	7.47	8.28	8.1	7.61	9.38
NM_001179318.3	20.41	21.34	23.57	30.03	34.47	37.11
NM_001179319.1	36.49	37.67	42.63	36.82	38.79	39.92
NM_001179320.3	2.21	1.97	2.71	3.06	3.26	3.29
NM_001179321.1	137.38	144.52	143.0	186.27	185.08	173.9
NM_001179322.3	18.84	18.2	20.11	27.26	24.96	25.4
NM_001179323.1	22.93	21.29	24.66	23.88	18.16	21.15
NM_001179324.3	1236.12	1299.14	1202.91	1148.65	1185.17	1155.03
NM_001179325.1	1.59	1.44	2.19	2.12	1.82	2.07
NM_001179326.3	7.65	7.94	8.37	8.15	6.88	8.55
NM_001179327.1	40.33	43.95	44.51	51.93	48.73	47.78
NM_001179328.4	25.72	26.59	28.3	25.02	24.63	26.91
NM_001179329.1	10.56	14.11	13.78	14.21	14.54	11.87
NM_001179330.3	24.21	24.31	30.41	26.5	27.38	32.03
NM_001179331.3	135.13	133.03	143.29	144.27	154.48	173.43
NM_001179332.1	52.12	55.51	53.56	42.49	41.03	38.74
NM_001179333.3	4.4	3.8	4.32	2.26	3.04	3.05
NM_001179334.1	3829.11	3706.07	4198.87	3233.35	3515.16	3639.29
NM_001179335.3	5.93	6.76	6.76	5.41	6.16	6.04
NM_001179336.1	41.01	44.49	44.55	41.36	40.25	46.38
NM_001179337.3	20.54	21.18	20.21	21.44	22.39	22.46
NM_001179338.1	22.14	23.18	25.05	22.65	20.76	22.59
NM_001179339.3	358.2	346.87	374.26	413.72	429.15	481.61
NM_001179340.1	5.46	3.77	4.75	6.97	5.76	6.09
NM_001179341.3	0.67	0.38	0.09	1.69	0.85	0.91
NM_001179342.1	0.15	0.16	0.25	0.11	0.21	0.2
NM_001179344.1	0.0	0.16	0.0	0.0	0.0	0.0
NM_001179345.3	9.33	6.41	9.17	3.95	3.24	6.53
NM_001179346.1	227.31	227.9	260.17	65.72	57.44	25.1
NM_001179347.3	63.54	65.61	85.35	137.23	127.83	160.14
NM_001179349.1	0.0	0.03	0.05	0.08	0.0	0.0
NM_001179350.3	0.0	0.0	0.0	0.0	0.0	0.0
NM_001179351.3	6.42	5.77	7.06	5.0	5.76	6.16
NM_001179352.3	4.7	5.01	6.13	4.45	4.23	4.69
NM_001179353.1	14.86	17.25	15.98	18.08	19.24	19.33
NM_001179354.3	47.29	42.14	45.65	38.89	35.66	38.8
NM_001179355.1	31.19	34.17	32.27	26.11	25.24	23.14
NM_001179356.1	1.65	2.37	2.39	2.16	1.99	2.78
NM_001179357.3	11.87	11.99	13.83	14.39	15.07	16.53
NM_001179358.3	107.18	106.84	101.57	117.0	113.61	93.22
NM_001179359.1	22.98	21.54	26.93	14.41	12.41	13.09
NM_001179360.3	44.7	54.18	47.36	65.83	62.95	62.74
NM_001179361.1	16.72	17.78	21.71	7.44	9.23	9.2
NM_001179363.1	0.59	0.71	0.8	0.75	0.77	0.97
NM_001179364.3	10.0	10.5	11.74	9.11	8.81	8.82
NM_001179365.1	97.8	113.32	112.58	103.88	100.1	110.63
NM_001179366.1	48.69	46.62	44.52	50.14	46.0	47.32
NM_001179367.3	2.26	2.3	3.22	3.43	2.92	2.91
NM_001179368.1	4865.43	4844.24	4986.96	4679.06	4735.24	5032.98
NM_001179369.1	31.89	32.39	33.12	37.19	33.66	38.35
NM_001179370.3	39.93	40.0	41.31	47.37	44.34	44.98
NM_001179371.3	72.89	74.67	86.11	71.8	66.78	77.11
NM_001179372.1	47.75	44.13	50.06	36.21	33.63	34.94
NM_001179373.1	15.59	15.6	17.52	16.67	20.37	23.11
NM_001179374.3	1.16	1.4	0.64	0.4	1.09	0.35
NM_001179376.1	11.12	12.47	13.31	12.16	11.92	12.21
NM_001179377.1	49.96	61.62	63.8	65.26	65.15	64.31
NM_001179379.3	0.12	0.21	0.21	0.21	0.23	0.0
NM_001179380.3	34.49	37.22	36.11	46.6	41.11	42.97
NM_001179381.1	3.79	3.77	5.58	4.87	4.59	4.85
NM_001179383.1	57.75	60.69	51.62	70.21	61.52	66.09
NM_001179384.3	62.84	67.8	74.88	74.06	80.39	79.64
NM_001179385.1	34.59	39.18	46.6	55.06	51.77	53.67
NM_001179386.1	24.59	26.15	20.38	28.88	25.88	29.04
NM_001179387.3	0.03	0.13	0.2	0.6	0.56	0.54
NM_001179388.3	39.37	37.51	57.71	42.07	43.64	36.69
NM_001179389.1	46.12	45.88	50.43	49.34	48.88	52.84
NM_001179390.1	47.59	51.69	57.6	52.27	54.47	49.43
NM_001179391.3	170.3	162.4	174.07	204.94	198.31	203.44
NM_001179392.1	3.96	3.13	3.89	4.01	3.27	4.76
NM_001179393.1	177.52	175.68	175.74	185.85	192.58	207.24
NM_001179394.3	56.15	53.15	56.89	62.13	61.44	63.49
NM_001179395.3	4.9	5.54	4.7	6.35	6.05	5.36
NM_001179396.1	6.2	6.99	7.64	8.33	7.46	8.85
NM_001179397.3	17.23	17.51	21.16	20.77	21.11	25.19
NM_001179398.1	11.77	13.33	14.54	16.26	13.98	16.34
NM_001179399.1	9.11	11.81	9.95	10.79	9.63	12.01
NM_001179400.3	18.56	19.56	22.45	22.16	24.99	23.65
NM_001179401.3	1218.53	1248.23	1186.51	1318.8	1311.82	1218.51
NM_001179402.1	3005.97	2913.88	2822.93	3025.83	3007.68	3004.41
NM_001179403.1	1308.21	1203.65	1374.69	1041.84	1055.57	1154.46
NM_001179405.1	3.51	3.04	3.43	2.86	3.13	2.76
NM_001179406.1	8.41	7.38	8.96	8.33	8.65	7.74
NM_001179407.3	0.0	0.19	0.0	0.28	0.1	0.2
NM_001179410.3	0.0	0.0	0.0	0.0	0.0	0.0
NM_001179411.1	13.46	13.21	11.22	11.38	13.04	12.64
NM_001179412.1	154.06	147.51	154.87	180.27	178.09	201.38
NM_001179413.1	47.8	49.62	44.02	40.05	35.27	36.98
NM_001179414.2	40.57	45.4	47.67	53.78	52.39	55.27
NM_001179415.3	33.66	33.03	37.3	36.89	41.61	45.28
NM_001179416.3	1.78	2.08	2.5	1.59	1.7	2.09
NM_001179417.1	7.28	7.33	7.61	7.25	8.59	9.36
NM_001179418.1	9.55	11.63	11.37	13.5	12.06	12.13
NM_001179419.1	3584.98	3435.06	3147.77	3533.63	3417.76	3360.25
NM_001179420.1	63.05	61.01	64.64	58.39	56.36	66.36
NM_001179421.3	2.31	3.13	2.39	3.62	2.84	4.17
NM_001179422.3	0.29	0.5	0.7	0.19	0.43	0.18
NM_001179423.1	0.26	0.56	0.37	0.56	0.56	0.81
NM_001179424.1	69.31	70.97	78.54	74.68	70.24	67.52
NM_001179425.1	91.02	100.55	102.96	159.8	150.13	162.47
NM_001179426.1	111.22	107.19	111.73	110.61	117.01	113.36
NM_001179427.3	7.32	7.05	5.83	9.87	9.03	8.15
NM_001179428.3	548.22	580.06	592.38	617.41	587.06	609.13
NM_001179429.1	26.14	25.66	29.87	30.6	30.01	31.28
NM_001179431.2	36.05	34.47	34.8	35.62	37.6	35.61
NM_001179432.1	12.36	11.24	14.8	15.09	13.79	14.81
NM_001179433.3	15.91	17.21	18.96	14.0	13.9	15.15
NM_001179435.3	16.41	13.8	14.19	22.73	17.62	23.0
NM_001179436.1	22.31	23.26	24.58	24.38	23.91	24.61
NM_001179437.1	2.87	3.37	3.43	2.71	3.3	2.26
NM_001179438.1	14.86	17.23	19.4	16.27	16.58	16.42
NM_001179439.1	26.9	28.82	29.58	33.74	34.4	34.44
NM_001179440.3	2.45	2.99	3.14	2.0	2.34	2.68
NM_001179441.3	23.49	23.37	26.46	23.86	24.55	27.32
NM_001179442.1	141.44	134.44	153.74	172.75	153.35	182.51
NM_001179443.1	9.33	9.1	8.47	10.68	9.94	10.07
NM_001179444.1	18.98	19.05	21.31	17.95	17.78	17.51
NM_001179445.1	2.72	3.71	3.01	3.83	3.88	4.63
NM_001179446.3	14.87	16.81	18.36	18.74	20.21	19.11
NM_001179447.3	0.07	0.27	0.18	0.33	0.37	0.06
NM_001179449.1	1.46	1.06	1.36	1.76	1.49	2.46
NM_001179450.1	0.0	0.0	0.0	0.14	0.0	0.0
NM_001179451.1	23.02	25.45	30.65	34.72	34.81	36.23
NM_001179452.3	14.25	15.01	18.17	18.77	19.7	18.49
NM_001179453.1	18.19	17.01	16.52	18.58	19.72	18.46
NM_001179454.1	28.58	33.98	30.25	41.81	37.27	42.23
NM_001179455.1	5.67	6.3	5.16	6.35	5.66	7.5
NM_001179456.1	18.62	18.05	21.55	25.13	24.96	29.83
NM_001179457.3	121.18	128.57	117.39	145.38	138.79	152.75
NM_001179458.1	26.86	26.87	30.54	31.35	29.31	30.68
NM_001179459.1	20.52	27.26	22.51	28.76	27.79	23.8
NM_001179460.1	10.22	10.75	8.78	13.47	10.37	12.82
NM_001179461.1	3.09	2.56	1.9	3.03	2.83	2.7
NM_001179462.3	16.73	17.65	18.95	24.48	22.73	27.72
NM_001179463.1	41.35	46.13	35.44	48.12	39.58	43.44
NM_001179464.1	66.96	60.6	55.06	63.84	69.94	52.41
NM_001179465.1	24.48	29.04	26.52	43.27	41.46	45.08
NM_001179466.1	62.95	70.03	74.55	79.45	78.99	73.12
NM_001179467.3	13.51	17.87	14.55	15.81	17.07	12.04
NM_001179468.1	1.11	1.33	1.73	1.4	1.01	1.63
NM_001179469.1	24.97	25.2	22.25	22.04	20.07	25.65
NM_001179470.1	3.44	4.23	4.25	4.66	4.21	4.72
NM_001179471.2	406.06	454.65	369.81	334.13	310.66	320.34
NM_001179472.3	77.45	79.49	76.02	100.59	94.58	102.09
NM_001179473.1	44.57	54.08	51.23	50.27	51.41	52.28
NM_001179474.1	23.68	26.29	26.81	32.5	27.5	32.27
NM_001179475.1	54.69	49.85	61.4	64.24	58.79	58.46
NM_001179476.1	14.83	15.38	15.95	18.4	18.39	18.61
NM_001179477.3	7.76	9.34	8.71	12.03	10.58	10.72
NM_001179478.1	12.77	13.33	14.53	15.36	14.44	14.81
NM_001179479.1	24.46	26.89	26.8	23.83	24.84	27.36
NM_001179480.1	2.95	3.33	2.01	3.2	3.19	3.75
NM_001179481.1	1710.7	1676.85	1814.57	1629.7	1677.2	1621.16
NM_001179482.3	4.34	4.69	4.06	5.07	4.49	6.17
NM_001179483.1	24.86	27.68	25.56	31.76	32.09	30.64
NM_001179484.1	5.24	6.27	6.91	11.62	9.65	9.36
NM_001179485.1	42.75	44.96	48.36	45.67	44.33	48.13
NM_001179486.3	118.15	133.19	122.83	142.51	135.0	113.89
NM_001179487.1	4.65	4.88	4.3	6.26	5.39	5.36
NM_001179488.1	25.05	30.32	25.33	29.83	30.52	28.72
NM_001179490.1	155.7	165.12	156.18	173.79	160.29	173.98
NM_001179491.1	16.08	16.6	17.34	17.47	16.91	19.63
NM_001179492.3	7.55	10.81	10.55	11.32	10.37	9.86
NM_001179493.1	41.0	40.37	54.79	44.76	46.47	51.29
NM_001179494.1	1.99	2.2	2.39	1.36	0.94	1.33
NM_001179495.1	7.91	7.72	7.89	8.2	7.95	8.45
NM_001179496.1	5023.15	4959.56	4227.75	4767.6	5023.9	3801.98
NM_001179497.3	4.94	5.07	6.65	5.58	4.84	5.12
NM_001179498.1	7.37	7.83	8.47	11.05	8.62	11.67
NM_001179499.1	3.37	3.69	3.49	4.16	3.58	4.56
NM_001179500.1	4.12	5.34	6.18	5.11	5.3	6.0
NM_001179501.1	13.13	12.83	16.92	14.16	15.56	17.22
NM_001179502.3	19.62	21.36	20.64	32.6	32.04	35.46
NM_001179503.1	7.66	7.26	7.54	11.67	12.5	15.39
NM_001179504.1	5.87	6.04	6.17	5.81	6.51	7.33
NM_001179505.1	37.97	40.4	43.24	50.52	47.27	52.66
NM_001179506.3	17.4	17.76	22.89	18.05	15.13	19.98
NM_001179507.1	2.63	3.42	2.97	3.84	3.2	3.82
NM_001179508.1	0.05	0.04	0.15	0.31	0.22	0.17
NM_001179509.1	10.7	11.83	11.57	12.81	13.15	10.28
NM_001179510.1	31.03	31.79	37.08	27.17	31.53	31.8
NM_001179512.1	0.46	0.24	0.31	0.93	0.87	0.83
NM_001179513.1	0.0	0.0	0.0	0.0	0.0	0.0
NM_001179514.1	1.12	0.8	0.66	0.54	0.51	0.91
NM_001179517.1	13.5	7.22	5.17	17.77	17.67	9.86
NM_001179518.1	1.2	1.3	1.88	1.09	1.16	1.86
NM_001179519.1	4.94	5.4	5.19	6.63	6.82	5.7
NM_001179521.1	0.0	0.12	0.0	0.12	0.0	0.26
NM_001179522.1	0.23	0.24	0.34	0.32	0.46	0.37
NM_001179523.1	27.85	33.52	28.7	27.78	26.95	27.11
NM_001179524.1	4.38	4.76	5.54	5.58	5.92	5.59
NM_001179525.3	22.4	26.52	20.83	27.0	21.06	25.07
NM_001179526.1	34.35	35.48	34.11	38.35	33.43	31.55
NM_001179527.1	13.2	12.18	13.15	13.38	11.77	10.17
NM_001179528.3	78.78	89.56	66.3	105.44	85.79	101.15
NM_001179529.3	7.0	7.03	7.16	9.12	9.86	8.38
NM_001179530.1	17.69	20.12	21.77	21.46	21.74	22.53
NM_001179531.1	18.75	21.1	17.09	24.98	21.58	22.71
NM_001179532.3	9.21	9.85	10.66	9.85	9.67	11.51
NM_001179533.1	24.4	28.14	28.62	38.39	33.97	39.68
NM_001179534.1	95.82	96.77	97.65	124.02	116.96	129.41
NM_001179535.3	0.0	0.12	0.24	0.24	0.27	0.26
NM_001179536.3	4.17	3.29	1.92	4.85	3.56	3.48
NM_001179537.1	8.98	8.07	8.57	8.76	9.85	11.52
NM_001179538.1	0.28	0.36	0.24	0.3	0.53	0.38
NM_001179539.3	6.14	3.91	5.02	4.66	5.15	2.81
NM_001179540.1	15.33	12.75	15.32	16.04	14.23	16.49
NM_001179541.3	0.0	0.01	0.0	0.02	0.01	0.03
NM_001179543.3	6.34	6.98	10.26	7.75	8.86	7.62
NM_001179544.1	61.83	64.15	68.05	69.16	66.92	75.45
NM_001179545.3	7.31	7.75	9.65	8.27	7.89	9.3
NM_001179546.1	7.7	8.4	10.23	10.83	9.52	11.88
NM_001179547.1	4.33	4.89	6.15	5.68	6.24	6.58
NM_001179548.3	40.47	40.94	43.64	40.84	43.55	41.87
NM_001179549.3	0.51	0.68	0.56	0.57	0.72	1.14
NM_001179550.3	0.68	0.42	0.98	0.47	0.5	0.39
NM_001179551.1	0.89	1.33	1.11	0.7	1.0	0.9
NM_001179552.1	4.82	6.92	8.26	7.44	8.37	8.0
NM_001179553.3	0.53	0.54	0.53	1.51	1.33	2.23
NM_001179554.1	0.75	1.6	1.4	1.42	2.04	2.2
NM_001179555.1	21.77	23.83	21.94	17.31	17.7	18.28
NM_001179556.3	52.31	49.93	55.03	126.53	124.57	123.5
NM_001179557.3	26.41	23.53	30.12	23.98	25.38	24.33
NM_001179558.3	24.79	28.76	30.94	32.02	34.27	38.36
NM_001179559.1	182.14	181.2	199.45	194.08	191.31	190.54
NM_001179560.1	30.07	29.45	40.01	33.13	40.34	43.01
NM_001179561.3	0.76	0.99	1.33	2.68	2.12	2.69
NM_001179563.1	0.0	0.0	0.0	0.12	0.13	0.25
NM_001179564.1	0.24	1.14	0.52	1.85	0.67	1.14
NM_001179567.3	18.65	20.02	25.82	19.21	21.18	20.98
NM_001179568.1	34.4	36.72	44.18	52.27	46.02	49.85
NM_001179569.3	33.1	37.45	43.19	48.98	53.21	41.37
NM_001179570.1	52.11	53.38	58.56	52.08	54.69	58.65
NM_001179571.3	10.98	12.49	9.09	11.69	11.35	11.83
NM_001179572.1	3886.96	3852.09	3710.72	4085.27	3991.22	3715.76
NM_001179573.1	71.53	86.27	81.78	115.69	107.64	104.99
NM_001179574.3	67.84	68.5	83.52	61.1	59.06	66.45
NM_001179575.1	159.92	169.58	181.31	163.69	168.21	165.72
NM_001179576.3	14.03	16.11	16.79	17.84	16.37	17.4
NM_001179577.1	5.26	5.92	6.39	5.0	5.62	5.57
NM_001179578.3	9.27	10.2	9.31	11.59	9.91	9.93
NM_001179579.1	106.08	107.41	122.05	115.08	106.85	109.86
NM_001179580.3	23.8	24.68	27.39	26.73	26.27	26.77
NM_001179581.1	4.28	4.41	5.35	5.56	5.89	5.74
NM_001179582.3	114.64	138.86	125.52	160.29	155.12	137.42
NM_001179583.1	4.55	5.21	5.79	5.21	4.56	5.35
NM_001179584.3	23.07	28.33	29.82	26.37	28.9	24.55
NM_001179585.3	24.86	21.97	29.27	27.19	29.45	31.03
NM_001179586.1	11.5	12.39	11.87	13.92	14.06	13.56
NM_001179587.3	48.25	51.41	55.22	56.52	58.69	56.89
NM_001179588.1	10.86	10.29	10.64	13.31	11.59	13.46
NM_001179589.4	13.82	17.01	14.35	15.97	14.69	16.19
NM_001179590.3	133.71	137.41	145.3	128.88	133.76	130.31
NM_001179591.1	26.92	27.58	26.21	37.68	36.85	41.78
NM_001179592.3	0.22	0.37	0.9	0.9	0.71	0.97
NM_001179593.1	16.6	19.93	18.06	22.63	21.0	22.18
NM_001179594.3	19.68	19.23	21.55	23.62	22.69	28.71
NM_001179595.1	90.47	77.36	83.19	76.68	80.69	89.91
NM_001179598.3	48.12	50.34	45.49	46.56	44.37	45.31
NM_001179599.1	5.13	4.64	5.21	6.55	5.49	6.77
NM_001179600.1	12.6	12.88	15.3	13.38	13.57	13.84
NM_001179601.3	193.23	212.35	189.06	213.57	209.66	189.33
NM_001179603.1	0.0	0.12	0.0	0.12	0.0	0.0
NM_001179604.3	4.19	5.49	5.34	5.31	5.09	4.79
NM_001179605.1	64.92	66.66	72.16	70.52	66.85	71.7
NM_001179606.3	59.91	62.65	65.51	85.17	82.9	78.92
NM_001179607.1	29.64	30.15	35.73	39.13	35.67	33.57
NM_001179608.3	15.8	17.66	18.68	15.62	15.98	17.8
NM_001179609.1	16.41	17.84	16.7	12.08	12.6	15.78
NM_001179611.1	17.07	18.81	18.15	16.87	17.59	16.05
NM_001179612.1	63.06	62.91	73.28	70.34	68.96	78.87
NM_001179613.1	14.85	17.04	18.43	22.54	21.47	22.13
NM_001179614.1	4.91	4.5	4.99	5.55	4.66	4.92
NM_001179615.1	21.83	23.67	24.24	22.44	21.57	22.96
NM_001179616.1	0.0	0.09	0.07	0.16	0.14	0.16
NM_001179617.1	18.33	19.98	19.89	21.31	21.63	25.61
NM_001179618.1	12.57	14.26	14.52	17.43	17.84	22.54
NM_001179620.1	262.33	277.51	252.71	273.09	266.05	272.71
NM_001179621.2	3.32	4.98	5.07	5.34	6.14	6.11
NM_001179622.1	2908.3	2733.4	2959.77	2375.33	2465.4	2602.59
NM_001179623.1	24.87	26.57	30.61	26.35	25.05	25.92
NM_001179624.1	50.22	57.71	72.05	63.59	59.37	61.1
NM_001179625.1	15.46	17.53	18.51	19.39	17.05	20.42
NM_001179626.1	10429.96	10073.35	10735.95	9035.16	9311.04	10167.71
NM_001179627.1	8.63	9.94	14.07	9.89	9.99	9.82
NM_001179628.1	12.71	15.41	12.26	24.52	26.46	26.11
NM_001179629.1	46.94	49.33	54.26	50.09	50.95	48.42
NM_001179630.1	13.95	13.18	14.39	13.37	11.97	12.85
NM_001179631.2	65.33	77.9	77.72	63.27	60.81	65.55
NM_001179633.1	178.85	186.34	193.11	198.79	195.49	207.37
NM_001179634.1	33.99	36.32	32.02	33.99	29.52	32.86
NM_001179635.1	39.46	36.67	42.38	36.02	34.44	36.74
NM_001179636.1	0.0	0.0	0.0	0.0	0.0	0.0
NM_001179637.1	1.68	0.75	3.89	0.67	0.83	1.85
NM_001179638.1	5.93	6.84	7.74	8.47	7.63	8.55
NM_001179639.1	36.46	39.46	37.18	38.42	36.27	33.72
NM_001179640.1	15.62	15.63	14.07	20.75	22.19	19.01
NM_001179641.1	9.04	9.92	10.15	11.73	9.01	10.79
NM_001179643.1	120.49	122.75	137.69	141.29	145.88	152.25
NM_001179644.1	13.01	14.21	16.08	15.06	14.72	17.89
NM_001179645.1	10.01	10.73	12.78	13.38	12.88	13.99
NM_001179646.1	209.84	226.43	237.39	240.1	247.41	242.8
NM_001179647.1	1655.9	1629.0	1597.11	1674.89	1682.9	1716.68
NM_001179648.1	55.11	61.79	57.2	55.14	44.71	51.9
NM_001179650.1	54.34	44.58	57.26	36.6	47.45	45.36
NM_001179651.1	97.49	101.57	92.75	102.27	105.67	110.7
NM_001179652.1	5.21	6.55	4.55	7.12	6.72	8.4
NM_001179653.1	25.59	24.58	25.42	27.75	27.7	31.93
NM_001179654.1	19.12	21.95	18.71	23.69	21.64	23.16
NM_001179655.1	8.97	10.26	8.21	9.21	8.72	9.17
NM_001179656.1	5.42	6.23	5.37	5.09	4.74	5.59
NM_001179657.1	12.75	14.48	12.71	18.9	16.75	18.44
NM_001179658.1	6.53	7.55	7.78	7.75	7.33	8.03
NM_001179659.1	0.96	1.39	1.31	0.61	0.37	0.51
NM_001179660.1	37.84	44.45	49.7	52.62	51.29	52.65
NM_001179661.1	8.07	10.07	11.71	10.4	9.21	8.31
NM_001179662.1	168.92	197.24	183.62	322.55	347.62	337.31
NM_001179664.1	4.56	5.17	5.52	6.83	6.83	7.16
NM_001179665.1	52.92	54.2	56.65	57.14	57.57	53.15
NM_001179666.1	32.3	31.99	37.16	43.83	42.49	49.18
NM_001179667.2	15.53	16.47	18.4	16.57	14.95	17.25
NM_001179669.1	35.49	35.09	43.86	57.31	56.54	60.47
NM_001179670.1	85.6	90.78	115.19	88.23	91.33	102.99
NM_001179671.1	7.94	8.06	6.6	7.02	5.47	7.2
NM_001179672.1	24.84	25.26	25.32	31.19	29.09	28.12
NM_001179673.1	0.74	0.26	0.2	0.67	0.7	1.0
NM_001179674.1	8.3	8.36	7.25	6.88	7.02	6.25
NM_001179675.1	7.44	10.8	9.08	10.52	10.18	9.28
NM_001179676.1	34.74	32.43	38.91	28.8	30.0	31.08
NM_001179678.1	33.45	38.61	31.56	33.5	29.6	29.17
NM_001179679.1	30.3	30.57	36.34	32.1	31.79	34.74
NM_001179680.1	34.19	39.06	42.17	51.52	46.37	48.71
NM_001179682.1	12.19	13.93	11.18	11.57	10.32	11.53
NM_001179683.1	468.73	490.29	534.86	683.25	667.44	664.98
NM_001179685.1	24.67	33.06	28.1	25.78	25.6	24.01
NM_001179686.1	86.61	84.9	84.02	64.0	57.86	66.02
NM_001179687.1	2.77	2.44	2.97	2.59	3.15	3.1
NM_001179688.1	87.51	87.43	92.23	64.46	61.33	65.53
NM_001179690.1	4.23	4.58	6.06	6.06	6.28	5.24
NM_001179691.1	17.09	17.17	17.98	19.31	19.89	19.52
NM_001179692.1	44.16	49.61	49.28	67.12	65.73	71.5
NM_001179693.1	107.71	115.32	111.49	128.21	126.5	121.8
NM_001179694.1	57.14	54.97	58.39	67.13	63.65	66.17
NM_001179695.2	10.86	12.59	14.63	12.09	11.61	11.82
NM_001179696.1	31.99	35.06	35.18	41.0	40.03	44.91
NM_001179698.1	0.4	0.61	0.45	0.6	0.89	1.22
NM_001179699.2	0.96	1.54	1.04	1.69	1.22	2.49
NM_001179700.2	6.93	8.75	7.09	9.41	7.86	7.74
NM_001179701.1	17.98	19.66	22.08	25.01	24.14	26.18
NM_001179703.1	39.5	45.35	52.03	51.25	45.48	59.27
NM_001179704.1	35.77	43.25	43.86	48.98	46.79	40.89
NM_001179705.1	11.16	12.57	13.43	12.82	12.33	11.79
NM_001179706.1	15.94	17.85	20.41	13.92	14.55	14.46
NM_001179707.1	80.22	91.25	94.39	106.48	112.36	108.5
NM_001179708.1	116.65	118.37	121.07	194.12	175.75	186.75
NM_001179709.1	46.9	52.91	56.69	49.24	44.09	47.74
NM_001179710.1	29.17	37.43	46.82	38.81	39.72	41.11
NM_001179711.1	167.57	174.12	171.17	293.23	253.19	303.32
NM_001179712.1	23.62	23.9	22.81	28.15	27.65	29.07
NM_001179714.1	14.03	15.55	16.04	15.81	16.57	17.26
NM_001179715.1	8.05	7.39	8.06	9.46	9.38	10.98
NM_001179716.1	33.04	34.66	38.15	57.94	61.33	56.36
NM_001179717.1	13.94	16.34	19.28	17.76	16.34	17.56
NM_001179718.1	6771.36	6550.97	6977.64	6918.23	6819.68	6945.79
NM_001179720.1	33.91	33.23	39.89	33.55	32.11	34.35
NM_001179721.1	8.6	7.65	8.56	10.34	11.02	11.04
NM_001179722.1	1123.44	1062.29	1076.41	963.05	1087.26	1035.32
NM_001179723.2	85.77	91.24	93.81	63.69	66.09	67.29
NM_001179725.1	9.27	13.5	11.9	11.43	12.2	13.87
NM_001179726.1	78.7	73.58	80.11	103.01	98.25	93.6
NM_001179727.1	0.4	0.11	0.44	2.06	2.4	1.53
NM_001179728.1	2.49	3.07	2.87	2.89	3.12	4.58
NM_001179729.1	113.33	117.71	106.75	96.58	81.4	106.93
NM_001179730.1	791.28	860.21	730.47	759.47	701.33	775.99
NM_001179731.1	25.12	31.7	30.41	30.0	27.6	28.31
NM_001179732.1	23.53	24.2	29.17	29.37	26.28	28.01
NM_001179733.1	37.62	37.23	39.85	46.15	49.86	46.51
NM_001179734.1	6.1	6.01	6.91	7.41	7.24	8.64
NM_001179736.1	39.93	36.78	38.96	39.77	34.63	45.75
NM_001179737.1	2.05	2.22	2.87	2.97	2.5	2.2
NM_001179738.1	121.04	132.31	132.42	131.8	131.11	121.91
NM_001179739.1	11.06	13.05	12.53	13.36	12.78	13.11
NM_001179740.1	15.46	17.57	19.65	18.7	16.7	19.79
NM_001179741.1	46.07	44.05	48.06	48.56	49.59	58.74
NM_001179742.1	5.19	4.4	5.35	4.72	5.16	5.12
NM_001179744.1	1.24	1.76	1.65	1.04	1.01	1.86
NM_001179745.1	18.43	20.81	19.0	22.1	20.16	19.11
NM_001179746.1	3119.37	3238.89	3050.85	3181.01	3141.14	3020.72
NM_001179747.1	147.71	145.02	168.04	153.81	154.8	163.86
NM_001179748.1	388.58	397.91	404.74	382.74	346.26	410.25
NM_001179749.1	20.91	21.9	21.21	24.22	27.31	27.5
NM_001179750.1	89.27	94.57	92.23	116.4	111.27	112.15
NM_001179751.1	39.94	42.39	37.76	43.32	41.32	44.9
NM_001179752.1	44.43	42.54	48.94	59.53	63.52	59.38
NM_001179753.1	0.55	0.2	0.26	0.35	0.2	0.14
NM_001179754.1	0.26	0.48	0.69	0.64	0.5	0.59
NM_001179755.1	8.94	8.32	10.34	10.76	13.02	11.49
NM_001179756.1	68.42	65.59	79.88	86.46	84.48	85.05
NM_001179757.1	41.01	40.06	40.16	47.41	47.68	52.63
NM_001179758.1	321.67	307.28	306.24	353.91	374.02	345.04
NM_001179759.1	24.69	29.21	28.42	30.35	30.94	30.85
NM_001179760.1	6.17	6.63	7.6	6.33	6.53	8.48
NM_001179761.1	45.64	51.74	57.41	58.21	53.12	70.53
NM_001179762.1	136.5	152.43	157.07	194.12	181.86	186.92
NM_001179763.1	6.62	6.39	7.69	8.56	7.4	7.97
NM_001179764.2	6.53	6.31	6.7	5.28	5.21	6.37
NM_001179766.1	1.49	2.09	1.85	1.93	1.63	2.38
NM_001179768.1	5.64	5.93	6.44	6.53	6.19	6.74
NM_001179769.1	44.64	48.75	45.17	52.06	48.87	51.9
NM_001179770.1	18.89	21.01	22.29	23.88	22.26	23.9
NM_001179771.1	26.63	26.37	34.37	42.49	39.77	41.38
NM_001179772.1	80.92	79.25	91.79	98.88	90.23	103.4
NM_001179773.1	8.13	8.06	9.57	9.95	10.35	8.64
NM_001179774.1	34.65	38.83	43.43	40.37	37.19	42.11
NM_001179775.1	253.18	271.58	274.6	414.14	392.07	414.97
NM_001179776.1	63.63	68.25	69.14	65.97	67.96	72.39
NM_001179777.1	131.01	138.06	140.32	125.76	129.0	127.72
NM_001179778.1	25.77	29.13	29.09	33.83	31.38	35.17
NM_001179779.1	46.37	51.91	49.15	54.18	56.51	58.59
NM_001179780.1	18.92	19.37	21.74	19.73	16.77	18.77
NM_001179781.1	498.56	461.98	465.83	305.9	314.71	309.27
NM_001179782.1	0.32	0.71	0.53	0.56	0.57	0.57
NM_001179783.1	7.37	6.88	9.7	8.77	7.82	8.43
NM_001179784.1	12.18	12.77	14.55	15.37	15.86	17.34
NM_001179785.1	4.52	2.77	2.12	3.44	1.96	1.75
NM_001179786.2	0.04	0.07	0.0	0.28	0.08	0.15
NM_001179787.1	1.01	0.6	1.02	0.52	0.58	0.65
NM_001179789.1	0.0	0.12	0.0	0.12	0.13	0.25
NM_001179791.1	154.12	165.12	162.4	157.97	139.54	149.51
NM_001179792.3	20.01	23.09	23.04	25.91	26.94	27.37
NM_001179793.1	27.81	29.73	31.66	24.75	25.44	28.3
NM_001179794.3	4.38	5.39	5.67	3.59	4.71	4.78
NM_001179795.1	0.45	0.38	0.68	0.19	0.25	0.2
NM_001179796.3	38.79	40.8	38.98	49.08	45.35	50.54
NM_001179797.1	15.24	18.74	21.51	19.57	20.71	21.76
NM_001179798.4	31.37	34.71	35.49	38.07	36.38	33.95
NM_001179799.1	0.93	1.65	1.68	2.01	1.33	1.87
NM_001179800.3	8.15	8.43	8.29	8.88	7.75	8.72
NM_001179801.1	25.93	26.92	27.82	32.86	32.82	26.39
NM_001179803.3	169.02	187.6	158.15	189.78	199.78	189.05
NM_001179804.1	68.66	73.07	89.12	70.32	72.96	68.1
NM_001179805.3	0.0	0.03	0.0	0.0	0.03	0.0
NM_001179806.1	17.07	19.58	16.92	13.39	13.53	14.08
NM_001179807.3	2.27	2.96	4.18	3.27	3.31	3.45
NM_001179808.1	45.36	44.55	48.16	72.73	64.82	78.8
NM_001179809.3	5.39	5.74	5.45	5.91	6.88	6.32
NM_001179810.1	18.64	20.86	21.84	24.07	23.46	25.49
NM_001179811.4	5.25	5.51	4.21	5.96	4.98	6.64
NM_001179812.1	7.69	7.31	7.17	7.98	8.42	7.78
NM_001179813.3	10.82	11.78	11.92	12.52	10.9	12.41
NM_001179814.1	20.9	23.99	26.03	26.2	26.89	28.41
NM_001179815.3	51.55	53.79	50.89	64.9	65.31	60.81
NM_001179816.1	51.59	53.92	60.83	51.67	51.85	55.85
NM_001179817.3	6.12	5.97	8.48	8.17	8.17	7.63
NM_001179818.2	16.48	16.15	16.23	19.09	18.18	18.8
NM_001179819.3	13.93	15.08	12.73	16.16	13.92	15.39
NM_001179820.1	23.53	26.19	30.0	35.32	34.99	37.55
NM_001179821.3	5.83	5.8	6.95	6.61	6.87	6.99
NM_001179824.1	0.0	0.06	0.12	0.12	0.13	0.13
NM_001179826.2	5.35	5.52	6.08	6.83	6.97	7.21
NM_001179827.3	12.26	10.73	12.68	10.92	11.25	12.96
NM_001179828.1	33.0	34.94	34.91	39.59	39.98	39.16
NM_001179829.3	5.86	4.58	5.62	5.81	5.92	6.98
NM_001179831.1	1.65	1.28	2.11	2.26	2.26	1.48
NM_001179832.3	975.48	989.11	869.18	885.39	876.12	960.72
NM_001179833.1	192.24	186.05	196.71	215.31	226.1	220.85
NM_001179834.3	5.12	5.41	4.72	4.18	4.78	5.52
NM_001179835.1	18.0	19.0	13.86	14.58	13.22	14.16
NM_001179836.3	16.08	12.24	14.84	18.34	19.31	21.53
NM_001179838.1	127.14	132.17	125.68	191.16	182.87	187.63
NM_001179839.3	16.33	12.81	18.36	19.87	20.11	22.08
NM_001179840.1	0.33	0.25	0.48	0.28	0.29	0.44
NM_001179841.3	3.19	4.18	5.14	5.38	5.23	5.41
NM_001179842.1	24.84	25.82	24.66	40.32	38.36	41.84
NM_001179843.3	0.72	0.69	0.71	0.28	0.72	0.52
NM_001179844.1	2.01	2.0	2.41	2.33	2.02	2.36
NM_001179845.3	14.37	14.64	17.05	14.49	12.69	16.4
NM_001179846.1	47.92	46.95	53.16	59.44	60.98	61.54
NM_001179847.3	2253.49	1941.96	1716.15	1771.31	1848.83	1692.82
NM_001179848.1	0.8	0.76	0.42	0.91	0.93	0.69
NM_001179849.3	2182.75	2143.13	2182.53	2135.0	2136.42	2208.48
NM_001179850.1	30.6	33.61	33.1	29.21	33.25	27.51
NM_001179851.3	1.09	1.9	1.74	1.3	1.76	1.97
NM_001179852.1	41.62	45.96	47.75	56.88	49.25	50.07
NM_001179853.3	6.9	7.97	7.47	7.6	8.08	7.62
NM_001179854.1	4.15	3.76	5.1	4.71	5.1	4.05
NM_001179855.3	95.1	97.86	95.6	81.16	80.08	83.85
NM_001179856.1	55.44	63.0	60.55	75.42	75.53	89.77
NM_001179857.3	15.67	16.67	18.2	20.47	19.52	21.01
NM_001179858.1	39.34	42.2	49.24	64.49	49.5	59.96
NM_001179859.3	1.32	1.41	1.26	2.08	1.49	1.85
NM_001179860.1	34.7	38.45	46.21	45.71	44.75	53.42
NM_001179861.3	95.16	103.2	102.46	127.32	121.51	118.89
NM_001179862.1	29.51	33.83	31.13	37.99	32.63	40.76
NM_001179864.3	89.79	85.53	86.66	80.16	97.23	82.46
NM_001179865.1	6.31	6.49	6.88	8.6	9.33	10.92
NM_001179866.3	4.46	4.87	6.8	7.48	6.94	10.19
NM_001179867.1	18.7	19.51	16.4	19.96	20.81	22.66
NM_001179868.3	5.12	5.34	4.39	5.67	4.76	5.43
NM_001179869.1	10.27	10.55	11.56	11.91	10.86	11.7
NM_001179870.3	57.88	56.12	50.75	79.75	84.89	69.15
NM_001179871.1	119.72	119.12	142.61	129.18	128.24	136.31
NM_001179872.3	24.42	25.81	30.04	30.1	32.46	33.24
NM_001179873.1	15.15	16.96	15.52	19.31	20.61	16.62
NM_001179874.3	41.66	41.31	52.31	55.83	58.06	54.89
NM_001179875.1	40.39	43.73	46.14	50.6	47.27	63.47
NM_001179876.3	5.54	5.31	4.96	6.35	7.04	7.9
NM_001179877.1	16.91	18.48	18.95	22.62	21.73	18.38
NM_001179878.3	31.85	35.67	37.15	33.61	36.64	41.66
NM_001179879.1	8.41	9.91	12.37	11.25	11.69	10.84
NM_001179880.4	16.91	18.92	15.1	18.19	16.04	18.05
NM_001179881.1	5.62	6.29	4.04	9.04	6.52	6.57
NM_001179882.3	220.25	229.95	182.85	258.58	238.44	243.57
NM_001179883.1	114.67	144.34	128.12	148.52	147.71	155.58
NM_001179884.3	4388.27	4242.64	3651.1	4171.45	4432.58	3384.88
NM_001179885.1	13.79	14.83	17.62	10.48	8.81	7.98
NM_001179886.1	6.69	7.16	7.17	7.0	6.27	6.61
NM_001179887.3	0.46	0.39	1.0	0.63	0.7	0.64
NM_001179888.1	1.24	1.64	1.73	1.06	1.24	1.68
NM_001179889.3	9.24	8.67	9.83	7.74	7.26	8.52
NM_001179890.1	15.48	16.93	16.48	17.77	18.36	19.15
NM_001179891.3	3.25	3.77	4.39	3.58	3.71	3.85
NM_001179892.1	0.07	0.0	0.03	0.01	0.02	0.06
NM_001179893.3	0.1	0.0	0.11	0.04	0.03	0.15
NM_001179894.1	0.0	0.0	0.0	0.0	0.0	0.0
NM_001179895.3	0.1	0.09	0.11	0.11	0.16	0.24
NM_001179896.1	0.29	0.46	0.37	1.07	0.69	1.49
NM_001179897.1	0.68	0.35	0.45	0.23	0.0	0.25
NM_001179899.1	0.0	0.0	0.0	0.0	0.0	0.0
NM_001179900.1	0.0	0.0	0.0	0.0	0.0	0.0
NM_001179901.1	0.0	0.0	0.0	0.0	0.0	0.0
NM_001179902.1	0.0	0.0	0.0	0.0	0.0	0.0
NM_001179903.1	0.21	0.35	0.17	0.17	0.0	0.37
NM_001179905.1	18.05	20.46	18.52	21.71	21.51	20.38
NM_001179906.1	0.08	0.21	0.14	0.62	0.62	0.15
NM_001179907.1	4.34	2.85	1.39	3.29	2.99	2.11
NM_001179908.1	4.07	5.48	5.59	6.39	7.07	9.4
NM_001179909.1	0.45	0.34	1.03	0.8	1.59	1.22
NM_001179912.1	0.32	0.66	0.87	0.56	0.56	0.69
NM_001179913.1	1.76	2.05	1.92	1.78	1.55	1.92
NM_001179914.1	0.07	0.06	0.0	0.11	0.06	0.24
NM_001179915.1	0.21	0.11	0.28	0.49	0.31	0.15
NM_001179916.1	0.0	0.0	0.0	0.0	0.0	0.0
NM_001179917.1	0.48	0.18	0.19	0.29	0.37	0.21
NM_001179918.1	11.97	13.46	12.29	15.97	15.29	15.89
NM_001179919.1	70.13	77.49	69.07	94.03	93.14	90.53
NM_001179920.1	9.66	12.01	15.12	14.15	13.5	15.27
NM_001179921.1	17.35	17.68	22.3	19.23	21.05	16.35
NM_001179922.1	634.93	651.87	636.76	524.68	521.39	478.7
NM_001179923.1	24.95	24.66	31.68	40.17	38.24	41.1
NM_001179924.1	10.57	9.06	10.32	11.45	10.59	14.25
NM_001179925.1	40.6	42.41	38.43	53.63	53.73	60.72
NM_001179926.1	0.04	0.0	0.0	0.0	0.0	0.0
NM_001179927.1	1995.6	1969.03	2077.07	1805.67	1860.08	1982.42
NM_001179928.1	300.63	287.57	316.81	321.07	332.88	354.95
NM_001179929.1	221.37	215.58	243.0	204.25	203.88	228.6
NM_001179930.1	11.25	13.46	12.96	14.25	14.58	16.17
NM_001179931.1	24.57	27.3	28.53	37.97	36.63	35.01
NM_001179932.2	8.83	9.41	8.28	10.8	9.26	10.16
NM_001179933.1	4.88	5.46	4.38	6.42	6.42	8.14
NM_001179935.1	6.66	6.81	7.67	5.05	5.54	5.65
NM_001179936.1	1.05	0.77	0.91	0.84	0.8	1.08
NM_001179937.1	10.8	9.21	13.07	14.07	14.6	14.47
NM_001179938.1	24.41	23.89	28.56	34.87	33.37	37.5
NM_001179939.1	4.74	5.44	6.37	7.78	6.83	8.12
NM_001179940.2	169.34	193.27	199.25	243.11	241.16	261.24
NM_001179941.1	6.57	7.71	7.54	6.96	6.54	6.37
NM_001179942.1	7.02	8.3	8.92	9.74	8.11	8.27
NM_001179943.1	16.69	18.97	17.84	24.38	20.1	23.09
NM_001179944.2	255.21	260.71	269.48	227.87	223.9	235.25
NM_001179945.1	10.05	10.49	10.97	11.97	12.39	14.18
NM_001179946.1	0.14	0.24	1.18	0.71	1.07	0.77
NM_001179948.1	126.4	137.22	149.05	181.25	172.67	171.05
NM_001179949.1	38.54	44.7	49.75	45.89	39.83	51.79
NM_001179950.1	30.81	33.47	39.49	45.82	48.02	45.63
NM_001179952.1	20.29	9.98	10.36	42.75	44.86	49.21
NM_001179953.1	17.73	18.73	17.09	22.79	19.2	21.23
NM_001179954.1	0.24	0.72	0.8	0.7	0.91	0.43
NM_001179955.1	0.11	0.03	0.3	0.15	0.17	0.06
NM_001179956.1	273.08	268.18	299.24	209.24	215.43	241.41
NM_001179957.1	21.25	25.54	21.55	26.6	22.56	28.15
NM_001179958.1	13.33	16.27	14.73	15.96	13.23	13.53
NM_001179959.1	18.02	19.7	22.61	20.63	20.85	22.65
NM_001179961.1	154.99	174.19	175.76	221.68	216.81	217.18
NM_001179962.1	96.44	104.77	109.89	99.86	91.35	84.01
NM_001179963.1	0.43	0.29	0.37	0.21	0.6	0.45
NM_001179964.1	18.7	18.35	21.26	19.82	18.97	20.64
NM_001179965.1	16.08	16.97	18.76	17.66	19.57	18.4
NM_001179966.1	61.22	71.21	77.51	59.68	56.94	51.34
NM_001179967.1	29.13	32.29	31.48	39.31	38.06	39.75
NM_001179968.1	39.77	35.49	46.1	53.98	53.88	64.18
NM_001179969.1	105.09	114.71	127.98	186.6	188.22	194.75
NM_001179970.1	17.3	17.45	16.3	20.04	21.16	21.36
NM_001179971.1	59.73	74.65	72.6	101.28	97.36	101.52
NM_001179972.1	6.94	7.77	9.36	10.45	9.87	11.93
NM_001179973.1	9.64	11.8	8.76	13.13	11.46	11.93
NM_001179974.1	90.49	89.24	104.32	121.49	119.12	129.72
NM_001179975.1	84.19	92.13	95.83	131.27	125.35	129.85
NM_001179976.1	31.54	38.14	46.54	60.07	55.86	53.02
NM_001179977.1	0.55	0.39	0.6	0.46	0.6	0.66
NM_001179978.1	14.59	15.76	17.38	15.61	15.03	17.51
NM_001179979.2	10.95	14.37	13.77	17.47	19.41	17.07
NM_001179980.1	3.81	4.77	3.83	5.04	4.75	4.66
NM_001179981.1	14.62	17.99	13.1	17.42	13.48	15.19
NM_001179982.1	3.85	2.88	1.71	4.25	3.98	3.55
NM_001179983.1	15.06	15.81	17.62	15.58	17.08	18.95
NM_001179984.2	4.45	5.27	4.8	5.21	4.77	5.99
NM_001179986.1	13.04	13.52	14.28	16.18	15.34	16.14
NM_001179987.3	0.94	0.96	1.12	0.86	0.99	0.82
NM_001179988.1	0.26	0.27	0.16	0.19	0.3	0.29
NM_001179990.1	17.1	18.27	22.98	20.86	21.75	23.72
NM_001179991.3	0.11	0.0	0.35	0.18	0.4	0.0
NM_001179992.1	6.18	7.28	9.92	9.06	9.37	9.68
NM_001179993.3	25.32	29.79	35.38	29.06	30.82	32.02
NM_001179994.1	5.46	5.05	5.3	5.33	6.24	7.53
NM_001179995.3	9.82	10.63	11.41	9.77	8.58	11.46
NM_001179996.2	3.93	5.04	5.09	5.29	4.46	4.33
NM_001179997.1	0.2	0.22	0.22	1.04	1.05	1.3
NM_001179998.3	20.77	30.18	26.05	30.55	33.8	30.9
NM_001179999.1	44.41	44.79	40.54	39.97	37.32	43.36
NM_001180000.3	0.3	0.38	0.5	0.25	0.28	0.27
NM_001180001.1	21.27	22.07	23.68	22.04	19.38	23.7
NM_001180002.3	68.26	73.07	69.78	73.75	68.71	72.93
NM_001180003.1	10.82	12.53	11.21	12.93	12.62	12.76
NM_001180004.3	13.94	13.88	14.27	13.0	12.24	15.56
NM_001180005.2	12.04	12.16	16.06	14.67	13.76	15.94
NM_001180006.3	21.76	25.84	36.76	20.33	19.73	24.53
NM_001180007.1	20.19	20.9	27.27	26.76	30.19	29.78
NM_001180008.3	12.5	10.93	8.61	11.27	11.41	10.34
NM_001180009.1	228.57	233.23	259.82	317.53	297.66	343.07
NM_001180010.3	5.84	7.86	7.86	8.19	6.55	7.31
NM_001180011.1	4.3	5.75	5.29	5.96	4.65	5.17
NM_001180012.3	44.04	48.95	54.13	51.85	55.79	57.27
NM_001180013.1	8.73	10.72	10.01	10.75	10.47	10.92
NM_001180014.3	58.89	60.92	59.62	59.96	57.63	54.07
NM_001180015.1	162.72	167.83	187.46	220.78	226.45	227.37
NM_001180016.3	84.22	85.96	87.29	83.46	89.09	95.94
NM_001180017.1	127.84	134.07	148.37	180.8	196.32	185.89
NM_001180018.3	31.99	40.35	35.93	50.42	50.71	53.9
NM_001180021.1	77.66	85.17	76.57	104.67	101.37	106.74
NM_001180022.3	0.0	0.0	0.0	0.0	0.0	0.0
NM_001180023.1	0.19	0.2	0.47	0.2	0.18	0.17
NM_001180024.1	0.0	0.0	0.0	0.0	0.0	0.0
NM_001180025.1	2504.75	2694.94	3135.92	2652.14	2960.77	3723.04
NM_001180026.1	0.18	0.0	0.0	0.0	0.0	0.0
NM_001180027.1	506.11	533.79	518.49	645.63	572.34	524.26
NM_001180028.3	41.95	36.36	33.95	49.69	45.86	27.88
NM_001180029.1	800.05	925.37	804.88	873.75	895.67	684.31
NM_001180030.3	3812.9	3821.48	3913.61	3544.71	3612.77	3920.03
NM_001180031.1	272.47	272.07	277.69	291.29	292.07	300.51
NM_001180032.3	226.7	227.78	243.85	231.36	211.99	229.64
NM_001180033.1	167.19	181.67	206.36	188.03	189.37	212.8
NM_001180034.1	2.28	2.17	2.4	2.13	1.86	3.24
NM_001180035.1	0.42	0.36	0.62	1.25	1.1	0.76
NM_001180036.1	2416.66	2399.82	2396.38	2242.77	2248.25	2259.62
NM_001180041.1	0.0	0.0	0.0	0.0	0.0	0.0
NM_001180042.1	0.0	0.0	0.23	0.12	0.0	0.0
NM_001180043.1	0.0	0.0	0.24	0.0	0.27	0.0
NM_001180045.1	9.15	6.18	9.17	3.87	3.07	6.53
NM_001180047.1	106.4	116.46	99.91	127.09	141.64	133.62
NM_001180048.2	28.32	30.63	26.45	33.28	37.06	35.18
NM_001180049.1	0.13	0.23	0.22	0.15	0.08	0.08
NM_001180050.2	0.15	0.26	0.3	0.15	0.19	0.24
NM_001180052.1	0.0	0.03	0.05	0.07	0.0	0.0
NM_001180053.1	0.0	0.0	0.0	0.0	0.0	0.0
NM_001180054.1	0.05	0.04	0.04	0.02	0.05	0.09
NM_001180055.1	5.06	3.87	4.97	2.69	2.28	2.7
NM_001180056.2	2.05	1.63	2.07	1.21	1.11	1.25
NM_001180057.1	2761.08	2764.74	2605.77	3004.83	3022.65	2737.64
NM_001180058.2	111.58	111.16	96.24	102.83	106.91	94.14
NM_001180059.1	171.49	177.04	190.27	252.19	231.22	225.72
NM_001180060.3	12.14	13.7	12.69	13.49	14.03	14.59
NM_001180061.3	25.54	29.51	29.91	28.91	26.38	25.79
NM_001180062.1	18.83	21.87	23.52	30.37	27.62	31.58
NM_001180063.1	159.04	178.56	167.78	161.05	169.76	149.06
NM_001180064.3	18.45	18.11	22.2	18.54	16.46	18.93
NM_001180065.3	16.66	19.42	22.52	28.37	26.21	26.51
NM_001180066.1	118.0	138.64	144.23	228.94	210.53	221.98
NM_001180067.3	20.94	19.81	21.18	24.22	26.42	31.64
NM_001180069.1	21.17	29.66	25.25	19.56	18.59	18.57
NM_001180071.1	104.29	95.7	99.16	101.05	104.12	100.25
NM_001180072.3	6.94	7.14	7.52	9.53	8.04	9.71
NM_001180073.1	713.64	704.85	736.93	717.15	712.29	732.62
NM_001180074.1	186.81	205.37	227.13	223.37	221.3	217.8
NM_001180076.3	4.92	6.52	7.4	7.66	7.75	7.34
NM_001180077.1	26.97	25.88	30.11	25.63	24.41	23.03
NM_001180078.1	16.99	17.58	16.06	17.45	16.32	17.3
NM_001180079.3	34.62	34.98	35.25	46.56	46.59	48.68
NM_001180080.1	4.77	4.85	5.48	2.71	3.4	3.08
NM_001180081.1	161.85	175.79	156.25	220.34	212.13	196.54
NM_001180083.1	0.37	0.46	0.83	0.52	0.63	0.45
NM_001180084.1	9.59	9.1	7.83	8.43	8.65	8.95
NM_001180086.1	4.83	5.57	7.56	6.59	6.55	6.05
NM_001180087.2	7.34	7.8	6.99	9.57	8.48	7.73
NM_001180088.1	110.64	118.09	124.46	139.85	131.2	139.49
NM_001180089.1	8.17	9.42	10.82	11.32	9.99	12.41
NM_001180090.2	46.16	51.29	52.06	50.44	49.91	51.38
NM_001180092.1	2.83	3.04	3.38	3.41	3.23	4.01
NM_001180094.1	7.31	8.42	7.82	7.49	7.32	8.26
NM_001180095.1	11.59	11.03	11.99	12.11	10.77	10.6
NM_001180096.1	0.0	0.0	0.1	0.05	0.16	0.0
NM_001180098.1	0.03	0.07	0.0	0.26	0.59	0.2
NM_001180099.1	73.03	75.71	81.5	72.05	72.72	72.15
NM_001180101.1	16.84	17.33	16.11	11.11	11.31	11.22
NM_001180102.1	22.34	25.92	27.8	23.39	20.39	18.47
NM_001180103.1	7.13	7.77	7.89	7.15	7.13	7.45
NM_001180104.1	16.63	15.98	18.02	18.76	16.96	19.34
NM_001180105.1	94.11	100.06	108.12	126.69	121.13	125.31
NM_001180106.1	45.09	47.74	52.43	47.36	47.8	46.47
NM_001180107.1	2.06	3.49	2.7	2.13	2.02	2.29
NM_001180108.1	3.72	2.1	2.1	2.0	2.18	2.28
NM_001180110.1	201.7	211.71	217.82	196.1	189.65	199.34
NM_001180111.1	71.13	69.9	76.59	59.75	55.35	68.26
NM_001180112.1	58.69	55.01	57.69	52.56	52.91	48.63
NM_001180113.1	13.4	14.37	16.4	18.07	16.07	17.16
NM_001180114.1	1363.23	1357.64	1380.84	1282.96	1338.37	1340.67
NM_001180115.1	10.55	9.68	11.39	10.35	9.74	10.62
NM_001180116.1	7.38	7.68	8.01	8.67	8.93	7.86
NM_001180117.1	18.99	21.31	22.01	26.1	20.03	22.47
NM_001180118.1	4.7	4.07	5.59	3.48	3.32	4.52
NM_001180119.1	36.46	37.73	46.36	45.13	46.54	46.27
NM_001180120.1	2027.86	2008.13	1700.47	1786.67	1953.5	1604.26
NM_001180122.1	29.94	31.82	36.87	31.58	33.89	35.42
NM_001180123.1	112.15	114.99	118.41	111.63	113.43	97.76
NM_001180124.1	30.18	35.03	38.68	49.02	44.3	42.5
NM_001180125.1	197.67	189.93	205.01	231.18	234.21	226.02
NM_001180126.1	73.54	87.81	104.79	94.76	96.08	112.87
NM_001180128.1	3.65	4.36	4.98	4.9	5.51	3.51
NM_001180129.1	42.24	47.31	39.8	65.0	58.55	62.02
NM_001180131.1	107.05	115.24	120.39	127.02	138.88	145.9
NM_001180132.1	4.8	5.16	5.93	5.83	5.21	6.84
NM_001180133.1	28.59	27.38	27.22	23.34	20.68	24.34
NM_001180134.1	3225.4	3243.82	3212.81	3162.33	3025.43	3275.99
NM_001180135.1	19.19	18.18	20.84	21.48	21.31	18.34
NM_001180136.1	6.33	6.27	8.06	7.59	7.11	7.35
NM_001180137.1	90.73	94.68	98.69	105.95	111.68	105.86
NM_001180138.1	0.27	0.03	0.06	0.16	0.11	0.14
NM_001180139.1	3.83	4.12	3.69	4.18	4.4	4.99
NM_001180140.1	2161.87	2302.63	2120.58	2255.12	2211.03	2011.82
NM_001180141.1	2530.28	2479.1	2174.82	2378.73	2336.24	2069.65
NM_001180142.1	2776.77	2697.91	2670.89	2415.54	2485.64	2418.15
NM_001180143.1	555.25	597.15	569.91	588.38	572.3	576.23
NM_001180144.1	0.29	0.15	0.24	0.27	0.27	0.26
NM_001180145.1	63.76	60.97	66.54	76.26	79.34	83.06
NM_001180146.1	11.29	9.33	8.6	11.75	10.44	9.98
NM_001180147.1	22.1	24.36	23.73	32.38	31.14	28.9
NM_001180148.1	8.19	9.28	9.47	10.94	11.32	10.42
NM_001180149.1	12.97	11.64	12.74	12.48	12.65	11.97
NM_001180150.1	5.88	6.4	7.78	6.89	6.31	6.91
NM_001180151.1	86.86	85.89	98.38	97.2	94.46	82.75
NM_001180152.1	16.6	18.28	20.36	17.95	16.97	15.69
NM_001180154.1	142.37	148.2	150.5	137.27	124.83	138.77
NM_001180156.1	144.32	145.14	156.43	241.21	238.23	242.0
NM_001180157.1	13.96	15.13	17.54	15.34	16.1	16.49
NM_001180158.1	43.66	46.84	44.64	40.94	36.29	40.4
NM_001180159.1	236.46	254.08	277.88	303.18	301.03	314.78
NM_001180160.1	15.01	15.49	15.19	16.01	14.93	16.43
NM_001180161.2	23.32	24.84	24.33	27.9	26.7	27.14
NM_001180162.1	62.86	68.13	65.92	71.95	71.26	67.32
NM_001180163.1	2.32	2.59	3.46	3.02	2.68	3.42
NM_001180164.1	5.28	5.73	8.2	5.46	5.33	5.53
NM_001180165.1	13.57	15.18	15.85	17.06	16.68	18.72
NM_001180166.1	4.69	4.6	6.34	5.94	5.71	5.8
NM_001180167.1	19.98	16.83	16.89	18.45	18.65	18.78
NM_001180168.1	0.67	0.67	0.45	0.43	0.52	0.82
NM_001180169.1	22.54	17.81	22.25	23.16	25.94	23.94
NM_001180170.1	47.52	47.07	55.56	58.84	63.44	66.47
NM_001180171.1	24.38	25.88	28.01	26.39	26.44	27.98
NM_001180172.1	8.65	9.71	8.35	10.41	9.4	8.68
NM_001180173.1	0.25	0.0	0.0	0.05	0.17	0.0
NM_001180174.1	13.89	13.88	12.69	20.72	15.85	19.65
NM_001180175.1	19.28	22.58	24.02	23.25	21.73	21.48
NM_001180176.1	11.69	12.76	13.79	14.6	14.56	15.78
NM_001180178.1	7.61	6.91	7.9	10.62	9.27	8.69
NM_001180179.1	48.38	54.12	68.55	73.13	80.01	83.05
NM_001180180.1	66.71	74.5	80.21	68.79	71.64	79.78
NM_001180181.1	22.83	25.54	31.72	26.21	24.07	28.63
NM_001180182.1	20.79	20.53	21.12	21.85	23.28	31.34
NM_001180183.1	121.48	134.31	153.28	195.95	189.65	215.17
NM_001180184.1	356.54	346.71	420.38	415.43	431.44	458.09
NM_001180185.1	444.93	469.09	514.74	628.83	601.55	656.11
NM_001180186.1	13.38	15.78	18.01	14.57	14.65	14.89
NM_001180187.1	61.19	68.77	64.69	62.6	57.23	69.14
NM_001180188.1	7.74	8.82	6.8	5.99	6.07	6.68
NM_001180189.1	2484.37	2353.45	2601.21	2219.65	2250.48	2638.48
NM_001180190.1	295.19	291.8	287.24	474.7	449.56	474.77
NM_001180191.1	26.77	32.37	34.47	45.16	43.64	47.01
NM_001180192.1	9.48	9.9	10.29	9.13	9.77	10.14
NM_001180193.1	63.62	68.01	64.4	72.74	69.13	78.55
NM_001180194.1	1842.54	1862.19	1658.53	2205.18	1771.12	1822.31
NM_001180195.1	93.34	101.17	94.51	116.54	102.98	101.15
NM_001180196.2	3670.27	3713.13	3202.55	3971.15	3882.1	3340.22
NM_001180197.1	229.18	237.94	272.35	240.57	253.96	262.24
NM_001180198.1	1.68	1.61	1.85	1.56	1.73	1.54
NM_001180199.1	4.32	6.17	8.42	6.9	8.46	9.59
NM_001180200.1	82.56	80.91	95.02	93.2	87.24	98.44
NM_001180201.1	22.26	25.36	28.51	26.32	27.38	28.07
NM_001180202.1	9.28	10.36	10.96	11.13	12.08	12.87
NM_001180203.1	159.59	156.09	172.33	196.56	188.1	221.61
NM_001180204.1	18.35	21.48	25.72	27.32	27.44	33.16
NM_001180205.1	109.38	111.39	138.23	124.57	129.9	138.66
NM_001180206.1	4.91	5.74	5.19	5.68	5.12	5.07
NM_001180207.1	128.86	144.61	157.5	123.36	118.62	114.61
NM_001180208.1	46.85	54.13	53.97	60.69	56.03	56.22
NM_001180209.1	2.17	2.48	2.65	3.17	2.72	3.09
NM_001180210.1	36.86	35.97	31.77	39.02	33.45	35.15
NM_001180213.1	50.22	59.47	53.62	52.74	45.21	49.13
NM_001180214.1	0.18	0.19	0.11	0.15	0.12	0.16
NM_001180215.1	16.03	16.61	18.49	18.1	17.11	20.24
NM_001180216.1	6.43	7.55	8.74	8.45	8.66	6.93
NM_001180217.1	105.81	114.39	117.72	150.41	149.11	152.02
NM_001180219.1	9.92	11.72	10.18	12.43	12.24	11.39
NM_001180220.1	209.22	220.85	220.98	239.22	243.63	236.62
NM_001180221.1	41.81	45.09	42.88	42.15	43.15	41.56
NM_001180224.1	19.97	20.27	21.52	22.58	22.42	22.9
NM_001180225.1	54.16	46.44	58.92	66.87	66.92	67.25
NM_001180226.1	57.88	59.13	64.25	62.06	68.15	62.05
NM_001180227.1	24.21	25.95	27.21	25.06	24.31	24.5
NM_001180228.1	125.91	143.09	152.71	200.12	190.92	199.23
NM_001180229.1	1.0	0.92	0.83	1.25	1.25	0.9
NM_001180230.1	5.21	5.2	4.66	7.4	7.21	6.99
NM_001180231.1	61.49	64.89	72.03	67.9	65.36	71.43
NM_001180233.1	56.24	56.72	60.3	67.4	63.41	66.06
NM_001180234.1	14.35	14.48	18.66	20.44	22.33	23.33
NM_001180235.1	16.17	16.45	18.36	22.35	19.91	19.23
NM_001180236.1	3.42	3.61	4.48	3.59	3.75	4.06
NM_001180237.1	6.48	7.25	7.23	8.99	7.81	10.53
NM_001180238.1	32.73	32.69	37.82	29.74	30.95	27.2
NM_001180239.1	16.6	17.46	22.89	20.13	18.53	20.7
NM_001180240.1	6.36	8.1	8.95	8.65	7.2	9.53
NM_001180241.1	20.1	28.89	20.33	32.87	32.29	25.52
NM_001180242.1	380.74	359.52	370.35	627.45	602.27	625.96
NM_001180243.1	3.03	4.31	2.37	2.74	3.48	4.29
NM_001180244.1	1842.54	1862.19	1658.53	2205.18	1771.12	1822.31
NM_001180245.1	609.67	626.76	672.47	632.81	593.2	674.24
NM_001180246.1	0.0	0.0	0.0	0.06	0.06	0.12
NM_001180248.1	60.76	60.64	61.25	68.5	63.65	72.56
NM_001180249.1	19.82	22.33	23.46	28.52	30.84	30.97
NM_001180250.2	26.94	28.7	29.79	33.18	32.15	34.47
NM_001180251.2	3547.11	3600.23	3080.06	3864.11	3733.75	3232.36
NM_001180252.1	698.18	753.4	818.54	785.23	788.38	840.64
NM_001180253.1	38.88	38.75	36.64	30.56	31.63	30.19
NM_001180254.1	1.08	1.15	1.49	1.31	1.42	1.33
NM_001180255.2	115.65	124.01	112.38	164.57	145.53	166.46
NM_001180257.1	2.27	3.26	3.21	2.58	2.24	2.81
NM_001180258.1	43.8	48.4	45.42	57.98	54.8	55.01
NM_001180259.1	2.23	2.42	2.43	2.18	2.32	2.01
NM_001180260.1	9.61	10.93	10.95	12.85	9.7	8.92
NM_001180261.1	72.16	72.25	73.15	46.23	43.22	50.25
NM_001180262.1	22.16	27.62	30.3	28.08	28.33	28.43
NM_001180263.1	9.64	12.14	12.18	10.43	11.01	11.69
NM_001180264.1	1.13	0.71	0.49	1.52	1.06	1.68
NM_001180265.1	44.42	43.3	43.92	36.09	40.38	40.65
NM_001180266.1	1.53	1.86	1.93	1.13	1.07	0.98
NM_001180267.1	12.38	11.58	11.08	12.86	11.05	10.99
NM_001180268.1	314.15	316.32	324.51	276.47	267.79	274.9
NM_001180269.1	8.0	8.7	10.57	9.16	9.51	13.71
NM_001180270.1	0.38	0.73	0.85	0.57	0.74	0.56
NM_001180271.1	2.84	3.26	3.0	2.68	2.97	3.91
NM_001180272.1	129.18	152.49	152.89	156.73	150.23	167.12
NM_001180273.1	82.96	86.79	89.92	59.35	58.68	56.47
NM_001180274.1	0.06	0.19	0.14	0.12	0.08	0.2
NM_001180275.1	8.31	8.8	9.59	12.2	11.68	11.0
NM_001180276.1	4.14	4.24	4.09	3.76	4.06	4.76
NM_001180277.1	27.58	27.32	31.16	34.07	35.47	37.52
NM_001180278.1	0.18	0.15	0.1	0.0	0.11	0.11
NM_001180279.1	56.59	55.45	64.78	81.11	66.75	57.72
NM_001180280.1	2.79	3.0	3.38	3.87	3.64	3.79
NM_001180282.1	0.61	0.68	0.51	0.57	0.7	0.44
NM_001180283.1	1.06	1.28	1.39	1.69	1.7	2.06
NM_001180284.1	21.04	21.51	19.75	25.29	22.32	24.23
NM_001180285.1	43.27	45.34	42.5	44.33	41.68	35.15
NM_001180286.1	133.96	141.48	142.26	173.11	168.96	163.28
NM_001180287.1	41.74	44.29	47.98	37.94	35.56	35.96
NM_001180289.1	3826.17	3803.14	3525.14	3559.69	3382.1	3647.39
NM_001180290.1	11.51	12.34	12.86	15.47	16.06	17.77
NM_001180291.1	0.46	0.8	0.62	0.7	0.5	0.83
NM_001180292.1	90.4	66.48	54.93	60.24	62.39	48.1
NM_001180293.1	10.21	10.58	10.33	13.09	11.82	11.07
NM_001180294.1	7.46	8.3	7.59	9.09	9.5	7.91
NM_001180295.1	56.65	65.71	66.08	86.97	83.91	72.73
NM_001180296.1	96.32	93.94	96.66	123.37	127.24	131.85
NM_001180297.2	34.9	40.41	42.27	37.63	36.8	41.89
NM_001180298.1	2.23	2.41	1.45	2.6	2.17	1.86
NM_001180299.2	0.2	0.06	0.08	0.13	0.09	0.05
NM_001180300.2	6.8	6.48	6.65	6.19	6.91	7.36
NM_001180301.1	28.6	27.03	24.08	23.96	18.19	17.26
NM_001180303.1	0.35	0.25	0.48	0.92	0.87	1.04
NM_001180304.1	0.39	0.29	0.65	0.52	0.53	1.01
NM_001180305.1	0.0	0.06	0.0	0.03	0.0	0.0
NM_001180306.1	1.23	1.74	1.69	1.57	2.43	1.84
NM_001180307.1	0.32	0.11	0.37	0.19	0.12	0.06
NM_001180308.1	8.64	8.69	9.17	10.35	9.09	9.68
NM_001180309.1	21.99	25.01	27.0	38.55	39.08	40.77
NM_001180310.1	576.98	610.55	589.2	683.1	602.38	671.37
NM_001180311.3	13.96	15.8	17.49	17.14	20.61	19.47
NM_001180312.1	4.81	3.63	7.49	5.09	4.65	5.93
NM_001180313.1	13.36	12.48	12.71	14.34	13.97	14.15
NM_001180314.3	12.06	14.51	12.85	15.58	14.64	15.82
NM_001180315.3	22.94	26.2	29.82	29.69	29.58	30.74
NM_001180317.1	0.64	0.67	0.75	0.35	0.64	0.41
NM_001180319.1	97.11	115.04	123.04	134.73	121.91	133.07
NM_001180320.3	4290.03	4217.78	3725.14	3715.78	3708.89	3582.54
NM_001180321.3	12.85	16.55	17.2	17.89	16.53	16.92
NM_001180322.1	3.07	4.04	4.23	5.06	3.46	3.94
NM_001180324.3	25.93	28.74	35.13	30.45	33.59	25.11
NM_001180325.3	14.64	15.22	13.14	16.06	13.34	14.44
NM_001180326.1	0.44	0.5	0.0	0.12	0.0	0.26
NM_001180327.1	35.03	33.86	29.99	43.85	51.77	41.16
NM_001180328.3	12.35	11.9	18.36	17.67	16.4	18.64
NM_001180329.3	11.54	13.8	13.71	16.63	15.93	16.02
NM_001180330.1	6.08	5.98	7.76	7.05	6.43	8.25
NM_001180331.1	529.21	575.79	551.45	527.82	490.72	478.81
NM_001180333.3	3500.05	3413.43	3328.98	2978.41	3070.81	3104.09
NM_001180334.3	7.55	9.34	7.86	11.48	8.83	10.39
NM_001180335.1	7.36	8.33	7.95	9.25	9.41	7.95
NM_001180336.1	30.18	34.59	27.1	44.18	35.6	43.9
NM_001180338.3	1.77	1.84	2.75	2.1	2.79	2.84
NM_001180339.3	18.29	16.94	17.78	19.15	18.58	11.59
NM_001180340.1	175.07	184.71	207.39	224.45	238.61	257.74
NM_001180341.1	876.3	950.58	950.81	523.82	541.26	485.22
NM_001180342.3	11.43	11.03	11.46	13.33	12.38	13.39
NM_001180343.3	101.07	104.92	121.5	145.8	137.95	161.84
NM_001180344.1	27.92	28.49	33.67	31.68	31.89	34.45
NM_001180345.1	595.2	604.09	618.3	699.88	707.3	692.02
NM_001180346.3	41.65	47.21	49.35	49.92	45.02	50.69
NM_001180347.3	43.18	48.54	50.68	51.04	46.44	52.24
NM_001180348.1	36.89	42.48	43.81	44.83	40.77	46.42
NM_001180349.1	30.97	31.2	30.96	32.32	32.35	37.7
NM_001180350.3	0.83	1.25	1.37	0.46	1.04	0.66
NM_001180351.3	11.35	9.75	7.75	10.45	8.8	6.96
NM_001180352.1	62.14	55.77	66.37	61.12	64.21	67.67
NM_001180353.1	65.04	65.24	72.22	70.97	71.96	73.39
NM_001180354.3	51.15	57.61	55.97	51.62	48.18	56.33
NM_001180355.3	34.27	35.51	38.68	37.32	34.95	42.76
NM_001180357.1	15.97	16.22	16.91	16.37	17.42	15.51
NM_001180358.1	4623.65	4460.12	4904.06	4911.63	5003.2	5586.24
NM_001180359.3	23.43	26.27	29.02	30.16	26.12	25.02
NM_001180360.3	9.93	11.88	14.02	11.39	10.87	13.46
NM_001180362.1	61.05	59.13	67.76	60.24	63.35	64.79
NM_001180363.1	84.81	95.66	87.68	126.55	125.74	122.41
NM_001180364.3	72.08	79.31	83.28	111.76	109.48	109.03
NM_001180365.3	11.82	13.46	15.13	16.57	16.54	16.3
NM_001180366.1	3.8	3.44	3.01	5.29	5.12	4.21
NM_001180367.1	21.01	17.71	21.52	25.14	27.95	21.63
NM_001180368.3	66.5	72.15	74.32	73.81	71.0	71.86
NM_001180369.3	12.14	15.85	16.05	13.6	15.19	15.73
NM_001180370.1	73.55	83.12	81.51	86.42	82.0	84.99
NM_001180371.1	58.11	59.84	61.99	63.89	63.1	65.8
NM_001180372.3	4381.05	4312.16	4233.21	4165.26	4325.97	3818.14
NM_001180373.3	3.89	4.57	4.27	4.18	4.41	4.55
NM_001180374.1	4.21	5.82	7.91	5.64	4.76	6.23
NM_001180375.1	10.52	12.36	13.88	12.07	12.56	11.04
NM_001180376.3	20.84	24.1	24.01	24.39	23.28	24.63
NM_001180377.3	6.06	6.16	6.76	7.09	6.34	6.56
NM_001180378.1	1.42	0.76	1.48	3.43	2.68	3.53
NM_001180379.1	188.42	202.15	227.26	270.83	257.31	244.18
NM_001180380.3	25.21	23.33	27.65	32.57	29.73	35.36
NM_001180381.3	12.28	13.66	19.32	15.74	14.09	13.85
NM_001180382.1	27.9	33.38	31.1	46.06	41.33	42.3
NM_001180383.1	16.83	16.41	16.37	17.82	19.29	17.33
NM_001180384.3	1.71	2.35	3.71	2.19	2.28	2.57
NM_001180385.3	1110.44	1309.82	1060.6	1464.16	1556.95	1728.08
NM_001180386.1	3.58	3.9	1.93	2.65	2.12	2.55
NM_001180387.1	20.13	20.58	25.0	20.86	25.2	23.26
NM_001180388.3	9.37	11.14	10.4	13.44	11.83	12.23
NM_001180389.1	9.91	9.84	10.11	12.56	11.4	12.52
NM_001180390.1	0.43	0.57	0.72	0.86	0.71	0.78
NM_001180391.3	38.66	48.47	49.65	44.57	43.38	45.67
NM_001180392.3	46.38	53.08	57.08	52.69	53.54	51.51
NM_001180393.1	1.55	2.19	1.31	1.83	1.7	1.88
NM_001180394.1	476.83	485.82	494.36	457.07	467.79	398.15
NM_001180395.3	64.32	68.4	79.05	83.79	82.75	85.34
NM_001180396.3	9.92	10.99	9.86	14.21	12.43	15.24
NM_001180397.1	16.27	17.5	17.97	14.19	15.27	13.23
NM_001180398.1	13.97	16.2	16.68	15.56	15.83	16.68
NM_001180399.3	119.94	131.1	133.28	111.41	113.14	116.76
NM_001180400.3	119.85	104.61	128.09	128.16	119.01	143.71
NM_001180401.1	14.15	15.85	17.19	12.16	10.32	13.07
NM_001180404.1	7.83	9.06	7.69	9.47	8.55	7.23
NM_001180405.3	19.35	22.56	23.03	24.59	24.84	23.94
NM_001180406.4	161.02	165.23	162.01	162.19	154.8	127.34
NM_001180407.3	433.74	460.85	463.57	513.84	489.71	484.95
NM_001180408.3	61.6	66.89	66.1	75.45	84.41	70.66
NM_001180409.1	78.47	78.79	88.61	70.95	71.72	79.84
NM_001180411.1	12.05	12.69	13.53	15.15	15.39	14.58
NM_001180412.3	1.38	1.68	2.13	1.6	2.02	1.53
NM_001180413.3	17.7	20.21	23.17	24.33	24.42	27.01
NM_001180414.1	1.2	1.19	1.32	1.78	1.76	0.96
NM_001180415.1	12.09	12.81	14.96	13.98	15.12	15.03
NM_001180416.3	6.15	7.17	8.05	7.61	7.84	8.75
NM_001180417.3	5.29	4.11	5.4	6.3	6.05	6.06
NM_001180418.1	13.37	13.0	18.18	14.91	14.82	16.82
NM_001180419.1	13.6	12.88	13.96	10.14	8.76	10.73
NM_001180421.3	18.23	20.77	20.17	17.0	14.51	13.83
NM_001180422.3	0.0	0.0	0.0	0.0	0.16	0.0
NM_001180423.1	53.61	44.49	51.04	45.6	48.56	49.61
NM_001180424.1	25.19	26.4	29.38	27.66	24.87	29.63
NM_001180425.3	27.9	29.88	32.58	31.53	30.74	30.32
NM_001180426.3	4.7	4.86	4.6	5.56	5.23	6.9
NM_001180427.1	56.23	60.98	59.83	73.29	70.04	65.75
NM_001180428.3	53.17	55.74	69.56	63.53	60.63	65.38
NM_001180429.3	33.65	30.54	34.29	37.28	34.8	36.56
NM_001180430.1	13.72	16.52	13.9	15.15	13.2	14.45
NM_001180431.1	8.55	7.29	7.98	6.49	6.94	8.55
NM_001180432.3	0.24	0.25	0.59	0.15	0.33	0.11
NM_001180433.3	2.27	1.17	2.06	1.33	1.69	2.31
NM_001180434.1	2.56	3.39	4.06	2.09	3.11	3.69
NM_001180435.1	88.22	89.19	97.66	92.28	87.68	96.99
NM_001180436.3	5.47	5.17	6.57	6.18	5.56	6.47
NM_001180437.3	195.37	208.04	205.62	321.87	289.6	316.28
NM_001180438.1	12.03	12.92	17.48	16.4	13.48	12.65
NM_001180439.1	4.11	3.09	2.8	3.95	4.18	4.69
NM_001180440.3	4.84	5.16	6.66	5.24	4.67	5.31
NM_001180442.3	39.21	43.83	49.98	57.55	52.27	62.52
NM_001180444.1	8.36	7.44	7.88	9.27	7.41	7.0
NM_001180445.1	9.95	11.03	12.37	12.64	11.87	12.77
NM_001180446.3	57.34	60.91	69.4	83.94	84.87	67.89
NM_001180447.3	17.44	20.16	23.37	23.46	20.54	24.17
NM_001180448.1	12.75	14.55	14.38	15.39	14.3	15.69
NM_001180449.1	4.71	4.76	6.46	5.88	5.89	6.46
NM_001180450.3	19.0	19.17	18.84	21.15	20.21	23.7
NM_001180451.3	53.59	55.58	56.59	43.08	39.98	45.56
NM_001180452.1	35.21	39.7	35.17	36.54	34.18	37.08
NM_001180453.1	26.15	29.51	27.53	31.13	27.14	30.45
NM_001180454.3	10.53	12.31	13.35	13.23	12.85	12.52
NM_001180455.3	78.17	88.15	70.19	98.89	98.64	96.23
NM_001180457.1	15.49	16.64	19.98	15.08	13.49	12.79
NM_001180458.1	31.95	33.4	29.39	41.51	35.53	34.23
NM_001180459.3	60.29	67.09	68.98	56.4	56.29	59.18
NM_001180460.3	41.04	39.97	43.1	32.85	30.58	34.78
NM_001180462.1	2482.6	2417.61	2766.69	2551.59	2727.94	2779.37
NM_001180463.1	94.88	97.02	105.27	87.57	99.23	100.88
NM_001180465.3	431.32	428.02	465.95	505.42	515.7	557.64
NM_001180466.3	5.91	6.22	6.16	7.26	6.54	6.47
NM_001180467.1	1.56	1.78	1.77	1.54	1.77	2.09
NM_001180468.1	66.18	74.51	73.94	81.24	77.98	76.79
NM_001180469.3	20.84	21.68	26.2	28.37	25.3	29.87
NM_001180470.3	15.63	16.95	18.04	18.99	14.63	18.09
NM_001180471.1	12.93	12.4	12.83	13.3	12.63	13.3
NM_001180472.1	63.87	68.39	74.72	68.43	72.25	66.9
NM_001180473.3	10.35	11.93	12.01	12.11	11.76	12.12
NM_001180474.3	39.32	43.14	38.41	56.01	61.15	58.46
NM_001180475.1	99.43	103.45	98.45	144.72	131.27	131.18
NM_001180476.1	16.45	17.07	15.7	19.29	17.83	20.06
NM_001180477.3	51.77	58.6	48.15	47.42	40.67	46.34
NM_001180478.1	14.75	15.55	16.32	24.51	23.03	18.0
NM_001180479.3	273.35	281.39	261.38	331.9	324.37	335.13
NM_001180480.3	10.9	9.34	9.4	11.21	10.93	10.31
NM_001180481.1	141.93	143.4	159.77	145.72	148.31	166.22
NM_001180482.1	25.78	28.29	30.6	33.59	30.26	33.44
NM_001180483.3	10.21	11.37	10.94	14.83	11.85	12.24
NM_001180484.3	128.08	118.25	142.23	138.5	148.51	156.45
NM_001180485.1	37.46	45.14	43.5	43.0	41.65	44.16
NM_001180486.1	11.31	10.59	11.77	13.19	12.75	11.39
NM_001180487.3	3.52	4.68	3.9	5.06	4.74	5.66
NM_001180488.3	5.71	7.42	6.25	7.72	6.49	7.2
NM_001180489.1	6.71	6.55	6.24	7.21	6.63	7.28
NM_001180490.1	30.19	32.2	39.78	38.28	36.41	45.55
NM_001180491.3	13.25	15.44	16.63	16.12	14.78	16.75
NM_001180492.1	25.31	25.27	30.35	28.22	24.4	28.43
NM_001180493.1	4.36	5.1	4.04	5.01	3.82	3.66
NM_001180494.3	14.57	15.97	16.35	16.22	17.05	17.14
NM_001180496.3	152.6	153.76	161.1	208.43	197.71	227.6
NM_001180497.1	41.07	40.62	37.83	33.6	31.73	30.49
NM_001180498.1	101.85	110.75	112.83	124.42	111.56	128.33
NM_001180499.3	4.57	6.37	6.89	5.35	7.43	6.54
NM_001180500.3	22.4	24.17	21.95	28.34	26.79	27.88
NM_001180502.1	42.53	45.06	55.25	56.18	57.95	65.48
NM_001180503.3	16.0	17.65	18.29	19.67	17.5	16.96
NM_001180504.3	20.6	25.16	26.6	26.6	27.22	23.86
NM_001180505.1	6.68	8.19	8.62	8.33	7.23	9.18
NM_001180506.1	6.65	6.57	8.42	7.44	6.42	6.58
NM_001180508.3	8.15	9.33	7.76	7.78	6.46	6.02
NM_001180509.3	21.27	23.35	25.34	21.29	21.48	19.65
NM_001180510.1	11.07	10.88	13.67	12.11	13.67	13.46
NM_001180512.1	15.21	17.4	18.73	18.81	19.93	22.69
NM_001180513.3	10.29	11.54	12.43	12.3	11.88	11.58
NM_001180514.3	8.43	8.91	11.2	9.48	9.17	10.75
NM_001180515.1	11.72	13.04	11.12	11.78	10.73	12.41
NM_001180516.1	20.06	23.79	19.61	25.81	22.35	25.96
NM_001180518.3	181.52	189.6	208.67	234.77	224.66	209.06
NM_001180519.3	62.19	62.03	73.58	91.41	93.85	90.67
NM_001180520.1	155.37	174.39	177.69	217.15	203.14	233.27
NM_001180521.1	8.25	9.93	7.93	8.1	7.9	7.59
NM_001180522.3	134.08	148.3	167.98	175.7	158.68	157.86
NM_001180524.3	3.65	3.81	3.26	6.97	7.87	7.94
NM_001180525.1	8.31	9.77	7.37	11.03	8.77	8.91
NM_001180526.1	0.0	0.16	0.15	0.5	0.39	0.25
NM_001180527.3	12.36	13.49	16.07	17.07	14.99	15.19
NM_001180529.3	16.86	18.76	20.12	18.2	16.4	17.44
NM_001180530.1	14.01	19.56	22.09	18.52	18.51	15.6
NM_001180531.1	0.46	0.39	0.28	0.38	0.24	0.6
NM_001180532.3	948.26	964.0	954.9	1058.06	1091.62	933.9
NM_001180533.3	1027.71	1047.49	1054.72	1193.12	1203.83	1135.91
NM_001180534.1	970.41	990.83	889.37	1027.65	1003.31	943.43
NM_001180535.1	6.31	7.72	6.23	7.93	6.21	7.26
NM_001180536.3	12.48	14.76	15.92	13.69	13.8	12.77
NM_001180537.3	14.98	15.62	15.48	15.2	14.88	13.65
NM_001180539.1	14.09	18.07	14.6	19.63	20.3	23.46
NM_001180540.1	81.47	81.83	84.56	70.62	72.52	79.86
NM_001180541.3	406.82	421.81	426.71	331.44	336.97	338.16
NM_001180542.3	46.65	45.6	45.55	65.56	62.42	71.53
NM_001180543.1	8.08	7.72	9.06	9.02	8.7	8.09
NM_001180544.1	19.35	18.32	22.26	18.06	15.36	16.98
NM_001180545.3	25.6	28.74	27.64	28.4	29.2	23.83
NM_001180546.3	106.84	116.5	117.2	111.11	104.55	106.36
NM_001180547.1	10.29	11.97	11.25	12.45	10.39	13.62
NM_001180548.1	10.76	9.27	11.68	9.58	9.84	10.26
NM_001180550.3	0.57	0.58	0.24	0.3	0.3	0.38
NM_001180551.3	10.23	9.8	11.94	13.73	14.54	13.93
NM_001180552.1	15.16	17.06	15.11	18.37	14.26	17.85
NM_001180553.1	49.69	50.86	49.93	56.21	53.76	55.01
NM_001180554.3	21.22	20.33	24.41	24.5	29.24	31.07
NM_001180555.1	4.42	4.81	7.12	5.5	5.67	5.08
NM_001180556.1	17.35	22.07	26.59	15.33	16.53	17.25
NM_001180557.3	4.69	2.77	5.64	3.62	3.49	4.18
NM_001180559.3	15.69	17.46	17.84	13.9	14.07	15.08
NM_001180560.1	14.08	15.37	15.84	16.0	17.32	13.55
NM_001180561.1	0.86	1.47	1.27	1.2	0.81	0.86
NM_001180562.3	3.68	4.62	5.9	4.29	4.87	5.19
NM_001180563.3	3.44	4.23	4.57	4.96	4.02	3.23
NM_001180564.1	0.0	0.03	0.19	0.13	0.07	0.27
NM_001180565.1	19.58	18.18	21.12	21.45	20.05	20.44
NM_001180566.3	40.13	41.47	46.33	83.92	76.92	65.29
NM_001180567.3	1.76	1.8	1.83	1.01	1.37	1.63
NM_001180568.1	17.1	19.11	23.44	24.38	23.93	20.1
NM_001180569.1	30.69	32.11	32.92	38.34	36.27	35.24
NM_001180570.3	23.26	25.1	27.35	28.08	25.45	32.69
NM_001180571.3	0.58	0.38	0.52	0.34	0.21	0.41
NM_001180572.1	63.44	58.98	59.92	60.99	55.36	62.96
NM_001180573.1	3.63	4.49	5.64	5.7	6.94	6.94
NM_001180574.3	34.67	36.7	38.06	33.76	35.95	31.85
NM_001180575.3	17.92	18.24	19.38	24.02	21.3	25.31
NM_001180576.1	11.01	12.24	13.47	8.88	9.18	8.13
NM_001180578.1	11.95	10.77	11.5	13.55	13.13	12.7
NM_001180580.3	66.64	72.61	72.13	72.02	69.61	72.99
NM_001180581.3	0.74	1.12	1.05	0.84	0.89	1.42
NM_001180583.1	2.69	2.5	3.68	2.72	2.46	2.28
NM_001180584.1	560.01	575.97	580.34	581.48	603.55	530.57
NM_001180585.3	2.55	5.45	4.52	3.63	3.79	4.67
NM_001180587.3	16.02	18.0	19.06	13.88	12.32	13.8
NM_001180588.1	36.96	42.56	41.62	48.18	47.8	51.7
NM_001180589.1	12.82	11.49	14.01	7.48	5.2	3.22
NM_001180590.3	4.99	4.73	4.72	3.75	5.36	4.45
NM_001180591.3	7.08	8.0	7.92	9.13	7.77	7.72
NM_001180592.1	41.88	41.3	45.51	52.42	58.1	53.3
NM_001180593.1	0.93	1.12	0.94	1.01	0.92	1.06
NM_001180594.3	15.48	16.92	22.94	22.28	22.52	27.08
NM_001180595.3	12.51	15.26	15.6	12.92	14.05	12.73
NM_001180596.1	7.26	8.28	9.35	8.71	8.2	9.25
NM_001180597.1	18.35	17.62	20.2	16.21	16.14	16.83
NM_001180599.3	4.69	5.11	5.8	5.96	6.15	7.13
NM_001180600.3	31.03	32.53	35.92	31.51	29.43	29.84
NM_001180601.1	39.54	41.46	44.08	52.25	50.65	53.82
NM_001180602.1	33.66	34.4	34.11	44.81	45.26	48.42
NM_001180603.3	8.38	8.17	11.34	9.81	8.23	11.41
NM_001180604.3	28.5	28.79	33.26	30.07	28.64	34.63
NM_001180605.1	56.47	60.28	63.97	53.93	51.21	54.44
NM_001180606.1	115.28	128.02	133.08	150.64	142.95	123.32
NM_001180607.3	39.18	46.26	41.55	53.44	46.47	48.35
NM_001180608.3	54.49	56.64	61.64	62.54	61.79	63.91
NM_001180609.1	11.07	12.78	13.63	15.58	14.67	15.76
NM_001180610.1	37.36	39.94	49.38	40.3	43.1	40.67
NM_001180611.3	20.8	23.58	23.04	22.55	21.51	20.5
NM_001180612.3	190.66	202.98	230.89	214.26	212.42	245.5
NM_001180613.1	20.71	20.35	22.35	13.93	16.15	15.82
NM_001180614.1	7.72	7.0	8.03	11.48	9.27	9.6
NM_001180615.3	17.11	17.66	19.92	19.78	18.73	17.61
NM_001180616.3	26.21	34.82	38.9	33.26	34.56	31.34
NM_001180617.1	64.02	67.97	66.92	75.01	73.07	74.38
NM_001180618.1	9.76	11.25	10.54	11.49	9.59	11.21
NM_001180619.3	13.92	15.81	14.42	18.41	17.22	17.26
NM_001180620.3	33.85	31.06	36.15	29.01	29.16	29.92
NM_001180621.1	5.02	8.79	6.69	9.91	11.02	8.22
NM_001180622.1	1.31	0.95	1.56	1.1	1.26	1.08
NM_001180623.3	3.29	4.01	4.35	3.94	3.8	3.75
NM_001180624.3	6.23	5.98	8.69	7.08	6.72	6.46
NM_001180625.3	1.45	1.87	2.17	1.25	1.32	1.76
NM_001180626.3	3.65	4.8	6.4	4.63	4.03	3.67
NM_001180627.1	8.18	9.62	10.96	10.14	10.63	7.06
NM_001180628.1	18.4	23.23	21.55	26.0	20.7	22.66
NM_001180629.3	243.03	242.35	244.64	241.0	224.21	243.44
NM_001180630.1	20.29	23.32	27.85	27.82	26.86	28.55
NM_001180631.3	2.8	3.36	3.52	3.39	4.0	3.34
NM_001180632.3	50.5	52.71	64.34	63.02	62.06	66.69
NM_001180633.1	5.69	6.19	7.33	8.19	7.13	7.79
NM_001180634.1	12.72	14.41	16.43	14.31	14.39	14.03
NM_001180636.3	142.95	139.46	130.76	136.06	136.6	128.38
NM_001180637.3	13.09	12.88	14.28	16.59	16.93	16.46
NM_001180638.1	19.16	17.47	16.22	22.58	18.57	22.31
NM_001180639.1	31.23	33.84	39.98	36.24	41.03	41.04
NM_001180640.3	1.14	1.71	2.37	1.68	2.02	2.32
NM_001180641.3	21.65	21.14	23.44	24.99	26.32	21.91
NM_001180642.1	3.74	4.29	5.31	5.47	5.04	4.98
NM_001180643.1	20.6	21.92	23.39	28.4	26.61	30.42
NM_001180644.3	5.27	5.16	6.33	6.14	7.65	6.44
NM_001180645.3	23.26	24.68	31.26	28.79	25.72	29.53
NM_001180646.1	7.42	6.4	6.25	6.79	6.52	6.59
NM_001180647.1	60.96	58.58	73.59	72.03	75.21	76.07
NM_001180649.3	254.58	262.72	268.97	238.09	243.63	253.92
NM_001180650.3	87.6	94.74	87.5	108.11	100.65	117.53
NM_001180651.1	86.29	93.15	86.88	106.61	98.97	115.73
NM_001180653.1	306.85	294.54	352.72	276.81	246.42	335.79
NM_001180654.3	102.08	101.09	116.3	114.34	105.62	111.57
NM_001180655.3	19.81	23.17	27.07	27.09	25.05	28.33
NM_001180656.1	39.21	41.82	38.39	40.92	38.09	41.06
NM_001180657.1	17.13	19.55	20.46	17.24	18.59	19.37
NM_001180658.4	2.24	2.5	2.53	2.29	3.12	2.9
NM_001180659.3	13.02	13.92	14.23	15.17	14.97	15.16
NM_001180660.1	21.73	23.75	21.81	23.63	24.32	25.74
NM_001180661.1	440.87	455.29	451.06	454.22	432.63	502.56
NM_001180662.3	37.13	35.51	37.95	47.39	47.16	50.41
NM_001180664.3	11.48	13.45	11.37	14.48	11.17	11.1
NM_001180665.1	16.17	22.38	23.78	20.56	19.79	22.75
NM_001180666.1	14.14	13.5	14.39	12.56	12.31	10.56
NM_001180667.3	5.52	5.86	6.04	6.66	6.06	6.56
NM_001180669.3	81.95	88.16	94.36	113.39	112.14	111.6
NM_001180670.1	8.14	7.34	8.99	9.61	9.08	10.55
NM_001180671.1	6.34	6.02	5.58	7.59	6.85	6.51
NM_001180672.3	7.54	8.65	9.27	10.21	10.85	10.21
NM_001180673.1	50.29	56.01	56.18	74.56	67.41	68.55
NM_001180674.3	0.13	0.11	0.0	0.33	0.62	0.72
NM_001180675.1	33.95	37.32	42.85	35.96	38.08	36.56
NM_001180676.1	128.05	138.83	156.21	171.2	164.56	168.19
NM_001180677.3	3.69	4.23	5.16	5.32	5.22	5.22
NM_001180678.3	6.0	6.88	8.58	8.52	7.52	9.71
NM_001180679.1	5.91	7.58	12.02	10.83	9.49	10.79
NM_001180680.1	69.34	67.65	81.41	82.62	86.35	78.81
NM_001180681.3	50.48	55.84	68.29	61.46	65.15	77.45
NM_001180682.3	0.06	0.16	0.41	0.47	0.64	0.56
NM_001180683.1	8.42	8.71	10.02	7.23	7.54	7.59
NM_001180684.3	12.79	13.73	16.05	14.12	12.83	15.43
NM_001180685.3	130.03	144.09	126.67	155.06	177.41	146.23
NM_001180686.1	134.04	140.19	154.81	149.16	145.28	163.31
NM_001180687.1	6.13	7.51	4.77	7.18	5.74	7.38
NM_001180688.3	16.11	22.29	19.66	54.75	52.44	51.72
NM_001180689.1	360.64	380.85	379.21	396.78	384.34	386.74
NM_001180690.3	2434.84	2456.19	2380.69	2035.49	2072.73	2093.83
NM_001180691.3	5.01	4.48	5.85	5.97	4.58	6.21
NM_001180692.1	138.65	147.01	142.86	165.61	157.03	179.08
NM_001180693.1	3675.42	3588.18	3419.42	3191.91	3152.82	3273.36
NM_001180694.3	3.6	3.6	4.02	3.7	5.07	5.09
NM_001180695.3	3.13	3.51	2.98	2.6	2.76	2.54
NM_001180696.1	106.03	107.63	117.07	113.91	108.87	116.8
NM_001180697.1	16.92	18.53	20.05	15.59	16.83	17.22
NM_001180698.3	19.39	20.94	23.11	28.87	30.32	31.49
NM_001180699.3	11.55	12.65	16.63	17.0	17.84	19.65
NM_001180700.1	11.11	13.24	15.05	9.97	10.79	11.64
NM_001180701.1	3.83	4.53	6.85	5.95	6.49	5.59
NM_001180702.3	96.73	101.77	105.43	167.51	167.82	159.26
NM_001180703.3	69.1	75.8	72.26	78.98	75.51	80.73
NM_001180705.1	54.42	55.63	57.86	48.75	50.95	50.57
NM_001180706.1	49.28	49.22	51.21	54.01	49.79	58.58
NM_001180707.3	183.0	189.03	174.74	142.93	154.62	124.78
NM_001180708.3	27.37	27.85	34.13	24.67	26.85	31.39
NM_001180710.1	0.0	0.03	0.0	0.1	0.0	0.22
NM_001180711.1	0.55	0.59	0.73	0.55	0.82	0.79
NM_001180712.3	53.89	62.36	69.27	60.64	54.17	64.36
NM_001180713.3	16.57	19.01	19.32	22.38	20.67	25.62
NM_001180714.1	5.05	2.91	8.43	5.65	3.71	9.58
NM_001180715.1	7.77	8.37	8.89	9.6	8.51	9.77
NM_001180716.3	72.94	71.05	71.35	56.49	64.28	55.54
NM_001180717.3	5.18	6.28	5.46	5.77	6.84	6.01
NM_001180718.1	27.62	31.54	27.71	29.09	27.14	34.17
NM_001180719.1	28.92	28.87	35.53	37.19	34.81	42.62
NM_001180720.3	48.66	56.1	56.82	61.61	59.15	49.84
NM_001180722.4	9.8	13.1	15.38	10.52	11.98	11.26
NM_001180723.1	19.41	21.42	23.7	24.83	22.7	23.97
NM_001180724.1	6.27	7.43	7.8	8.69	6.32	7.81
NM_001180726.3	3034.9	3159.89	3051.69	3061.2	3004.15	3097.76
NM_001180727.3	4.26	5.64	5.72	5.18	3.57	5.65
NM_001180728.1	3.1	3.73	2.59	3.79	3.25	3.21
NM_001180729.1	2.19	3.46	3.47	3.31	4.49	4.63
NM_001180730.3	12.64	13.51	15.1	12.67	12.92	14.3
NM_001180731.3	16.32	16.46	14.17	19.17	18.45	20.06
NM_001180732.1	60.5	68.14	63.76	54.15	49.92	56.62
NM_001180733.1	6.37	8.12	8.08	7.71	8.47	7.19
NM_001180735.3	97.95	112.8	117.35	134.17	133.1	126.8
NM_001180736.3	23.24	22.15	28.53	22.42	21.63	23.2
NM_001180737.1	270.19	304.45	278.25	275.7	232.55	255.78
NM_001180738.1	14.3	15.06	18.8	19.99	18.99	22.8
NM_001180740.3	487.2	490.77	415.78	506.78	448.38	518.78
NM_001180742.3	35.78	36.29	42.28	37.64	37.03	46.7
NM_001180743.1	11.92	13.68	15.15	14.85	16.55	18.02
NM_001180744.1	5.44	5.42	7.09	5.98	6.12	8.3
NM_001180745.3	8.19	4.94	9.2	6.65	7.6	11.81
NM_001180746.3	0.1	0.0	0.09	0.09	0.15	0.09
NM_001180747.1	6.95	7.62	6.95	6.65	5.77	6.46
NM_001180748.1	8.18	8.89	9.72	10.26	9.35	11.34
NM_001180749.3	21.99	26.72	30.17	18.93	19.78	21.36
NM_001180751.3	3.67	3.85	3.88	4.16	3.86	4.69
NM_001180752.1	4.13	3.69	4.04	4.73	4.78	5.99
NM_001180754.1	0.06	0.21	0.31	0.05	0.06	0.11
NM_001180755.3	2742.16	2791.64	2544.21	2862.21	2831.76	2360.17
NM_001180756.3	16.14	13.46	13.54	13.37	14.96	14.38
NM_001180757.1	28.43	33.21	40.02	44.35	43.88	43.3
NM_001180758.1	3290.29	3229.62	3116.64	3050.2	3125.89	2826.75
NM_001180759.3	38.84	40.25	34.3	44.9	42.48	37.05
NM_001180760.3	23.64	27.81	29.99	25.68	25.01	28.67
NM_001180761.1	9.82	8.29	8.38	4.93	6.34	8.25
NM_001180762.1	413.04	428.13	433.97	436.94	429.93	430.08
NM_001180764.3	23.42	23.41	27.23	25.99	22.72	27.11
NM_001180765.3	19.55	19.84	25.48	20.04	19.01	22.84
NM_001180766.1	14.41	14.77	16.49	15.08	13.03	12.4
NM_001180767.1	1.69	2.32	3.07	2.8	2.86	3.33
NM_001180768.3	16.07	19.02	15.85	21.07	20.18	20.2
NM_001180769.3	131.68	196.09	164.8	281.49	273.72	264.88
NM_001180770.1	42.38	46.14	43.09	40.06	38.58	43.74
NM_001180771.3	37.72	41.56	45.58	46.3	45.53	45.76
NM_001180772.3	7.9	9.04	8.07	9.55	7.66	9.32
NM_001180773.1	44.74	45.31	52.8	54.52	53.17	55.3
NM_001180774.1	6.62	7.08	7.55	7.6	8.95	8.15
NM_001180776.3	35.27	34.74	37.65	40.65	35.28	35.81
NM_001180777.3	26.7	29.13	24.39	28.36	26.44	23.13
NM_001180778.2	11.37	11.08	12.88	13.94	13.34	13.77
NM_001180779.1	1316.29	1323.97	1226.86	1040.93	1084.62	1009.17
NM_001180780.3	22.56	24.87	29.79	40.98	42.14	36.08
NM_001180781.3	8.45	8.33	9.83	8.85	8.35	8.21
NM_001180783.1	3.78	4.01	3.57	3.79	3.62	4.4
NM_001180784.1	52.91	49.5	52.63	52.73	55.02	65.36
NM_001180785.3	44.64	44.42	52.51	51.67	52.77	47.85
NM_001180786.3	11.3	11.69	15.07	13.12	16.94	13.35
NM_001180787.1	6.49	6.11	6.68	6.74	5.22	6.17
NM_001180788.1	11.56	12.72	13.8	18.53	16.9	14.67
NM_001180789.3	66.56	61.31	74.28	51.51	49.87	53.0
NM_001180790.3	12.74	17.63	16.4	15.8	18.14	16.17
NM_001180791.1	133.81	139.87	135.04	136.49	134.67	130.2
NM_001180792.1	6.74	8.68	9.41	8.7	7.94	8.39
NM_001180793.3	7.78	8.18	7.96	10.52	9.4	10.48
NM_001180794.3	36.84	41.18	41.34	42.15	41.53	44.6
NM_001180795.1	121.98	126.02	138.35	178.65	184.86	197.79
NM_001180796.1	4.69	4.75	4.8	5.4	4.73	4.62
NM_001180797.3	14.1	14.28	12.61	14.19	14.75	14.51
NM_001180798.3	9.18	9.67	8.98	12.01	9.35	10.73
NM_001180800.1	34.73	40.76	36.27	39.24	41.25	42.63
NM_001180801.1	21.84	26.55	25.95	27.86	30.14	27.16
NM_001180802.3	20.39	19.39	24.33	19.8	19.82	20.77
NM_001180803.3	4.93	5.63	5.84	6.8	5.71	6.06
NM_001180804.1	80.22	85.82	88.52	91.61	89.11	90.45
NM_001180805.1	76.92	75.84	82.25	85.8	84.45	96.62
NM_001180806.3	12.7	13.53	14.17	11.61	10.27	9.95
NM_001180807.3	3.49	3.74	3.33	3.98	3.39	3.95
NM_001180808.1	2703.31	2605.26	2223.35	2489.98	2509.67	1981.15
NM_001180809.1	6.59	7.02	5.84	5.49	5.15	6.88
NM_001180810.3	189.79	197.24	197.6	159.35	146.73	156.07
NM_001180811.3	15.68	14.25	16.55	15.15	15.36	14.75
NM_001180812.1	0.27	0.82	1.14	0.34	0.39	0.74
NM_001180813.2	21.04	22.24	20.86	20.23	19.87	18.83
NM_001180814.3	5.13	5.47	5.94	5.32	4.77	5.58
NM_001180815.3	30.67	35.51	35.84	34.65	30.35	30.43
NM_001180816.1	135.66	141.25	144.32	129.61	124.67	135.7
NM_001180818.1	434.99	422.9	445.14	447.5	420.33	432.1
NM_001180819.3	23.84	25.17	22.08	22.18	24.58	31.34
NM_001180820.3	32.87	38.51	41.11	50.75	52.49	47.45
NM_001180821.1	188.39	181.25	207.14	218.27	227.58	239.18
NM_001180822.1	11.95	11.71	13.03	13.52	13.66	13.42
NM_001180823.3	14.52	15.49	19.78	21.97	23.49	24.29
NM_001180824.3	32.79	34.94	39.42	40.09	40.63	47.01
NM_001180825.1	35.67	36.01	40.69	43.47	45.0	51.63
NM_001180826.1	48.42	49.14	53.32	38.42	40.16	39.96
NM_001180827.3	77.5	85.62	84.39	84.22	78.81	78.74
NM_001180828.3	5.47	5.63	6.5	5.83	6.41	6.04
NM_001180830.1	0.12	0.1	0.06	0.06	0.07	0.07
NM_001180831.1	0.0	0.14	0.13	0.17	0.0	0.07
NM_001180832.3	8.43	9.87	11.25	11.59	9.77	12.21
NM_001180835.4	26.28	28.55	27.59	33.88	29.97	30.12
NM_001180836.3	10.1	12.74	12.28	14.2	14.34	14.0
NM_001180837.1	81.01	88.26	88.72	93.25	112.78	103.74
NM_001180838.1	10.38	9.35	9.54	7.02	6.13	6.45
NM_001180839.3	37.54	36.74	40.78	49.72	50.66	52.39
NM_001180840.3	4.9	5.58	6.14	6.53	4.76	5.67
NM_001180841.1	37.11	33.53	41.76	35.58	37.57	32.02
NM_001180842.1	75.68	26.41	16.5	32.48	15.92	28.23
NM_001180844.3	0.03	0.03	0.0	0.06	0.13	0.06
NM_001180846.3	9.49	11.12	12.03	5.43	5.02	5.14
NM_001180847.1	20.25	21.63	23.0	14.76	15.0	16.46
NM_001180848.1	3.14	2.85	2.86	2.21	2.49	2.56
NM_001180849.4	4.67	3.65	3.69	6.94	5.61	6.61
NM_001180850.3	0.0	0.0	0.0	0.12	0.0	0.0
NM_001180853.1	0.17	0.27	0.35	0.27	0.33	0.42
NM_001180854.3	8.33	8.01	3.9	12.35	12.28	7.7
NM_001180855.1	0.0	0.0	0.0	0.0	0.0	0.0
NM_001180857.3	154.96	161.97	175.84	162.31	164.23	170.12
NM_001180858.1	18.48	19.0	18.94	20.67	18.95	23.89
NM_001180860.1	7.7	7.99	8.95	10.87	9.08	10.18
NM_001180862.2	1.1	1.49	1.18	0.63	0.57	0.45
NM_001180864.1	66.24	65.85	70.09	81.17	69.46	81.69
NM_001180865.3	97.63	100.67	109.07	144.09	136.27	141.97
NM_001180866.1	75.77	73.18	89.9	89.26	85.37	91.89
NM_001180867.1	19.43	18.4	20.88	20.01	19.44	21.6
NM_001180868.1	7.22	8.16	6.02	7.56	7.49	7.97
NM_001180869.3	8.71	10.19	10.38	10.28	9.52	9.93
NM_001180870.1	12.44	13.15	14.7	12.29	11.47	9.99
NM_001180871.1	7.88	7.78	8.6	9.28	7.94	9.4
NM_001180873.1	2963.14	3108.73	3205.09	3120.88	2890.87	3296.21
NM_001180874.1	284.85	316.06	302.13	381.48	362.47	388.06
NM_001180875.1	13.73	12.51	14.16	20.48	20.98	20.06
NM_001180876.3	150.25	166.05	178.08	260.25	255.64	245.19
NM_001180877.1	178.18	192.98	210.6	178.64	170.92	183.75
NM_001180878.1	9.93	12.06	12.27	12.95	12.99	14.23
NM_001180879.1	38.85	43.32	35.89	36.59	32.54	38.89
NM_001180880.3	0.0	0.0	0.0	0.0	0.0	0.0
NM_001180881.1	22.53	26.53	26.15	28.92	29.98	28.93
NM_001180882.1	8.87	9.81	12.98	13.1	12.26	13.88
NM_001180883.1	13.85	14.94	21.35	14.1	13.15	14.8
NM_001180884.3	55.09	53.76	55.85	53.78	58.13	54.04
NM_001180885.1	53.65	55.83	57.34	58.83	59.08	68.4
NM_001180886.1	17.64	16.79	21.04	19.0	18.88	17.69
NM_001180887.1	89.11	91.19	100.82	92.35	88.82	103.44
NM_001180888.3	16.61	16.93	13.7	19.2	15.77	16.77
NM_001180890.1	13.78	13.54	13.93	17.61	16.56	17.58
NM_001180891.1	253.97	257.53	269.02	401.37	381.91	422.67
NM_001180892.1	40.72	45.36	48.77	51.23	49.79	53.55
NM_001180893.3	105.14	119.48	99.99	123.39	122.09	117.79
NM_001180894.1	40.86	49.45	51.34	52.44	50.58	50.56
NM_001180895.1	3404.26	3454.86	3179.25	3318.73	3203.41	2863.09
NM_001180896.1	2809.79	2852.23	2802.32	3076.17	3054.25	3018.49
NM_001180897.3	39.63	54.47	61.1	72.55	70.99	88.69
NM_001180898.2	1.12	1.18	1.15	0.8	1.22	0.93
NM_001180900.1	31.99	35.36	32.32	37.46	38.39	36.35
NM_001180901.1	7.42	8.24	9.27	7.58	7.07	8.61
NM_001180902.3	124.63	140.6	149.45	161.08	167.48	178.47
NM_001180903.1	22.68	23.07	24.39	23.54	27.55	24.59
NM_001180904.1	63.06	55.23	57.57	60.48	63.48	61.52
NM_001180905.1	93.44	96.95	110.56	111.11	108.72	124.48
NM_001180908.1	79.67	91.12	96.72	92.45	91.26	92.5
NM_001180909.1	31.1	32.31	35.79	40.8	38.96	35.87
NM_001180910.3	2.38	2.95	3.77	3.71	2.51	3.18
NM_001180912.1	15.74	16.68	24.76	15.78	20.32	17.05
NM_001180913.1	140.43	146.29	139.1	170.09	141.11	155.24
NM_001180914.1	41.92	51.52	44.9	48.45	38.77	44.42
NM_001180915.3	19.8	23.83	25.42	28.73	26.66	24.62
NM_001180916.1	9.39	9.63	8.98	9.6	8.4	11.04
NM_001180918.1	11.01	14.42	13.31	13.83	15.27	13.46
NM_001180919.1	199.67	226.66	244.78	220.43	229.32	211.99
NM_001180920.3	291.92	297.49	255.59	257.07	261.53	253.08
NM_001180921.2	29.39	31.35	35.51	36.48	33.95	37.83
NM_001180922.1	9.62	10.79	12.24	11.75	13.1	15.31
NM_001180923.1	86.3	83.19	106.41	107.18	114.62	126.15
NM_001180924.4	1.94	2.57	2.43	2.92	3.14	3.71
NM_001180925.1	13.21	11.94	16.07	17.23	16.98	19.16
NM_001180926.1	14.23	18.79	20.6	15.54	16.77	16.37
NM_001180927.1	44.52	49.65	56.69	54.9	56.91	69.94
NM_001180928.4	1.61	1.95	1.72	2.26	1.56	2.43
NM_001180929.1	6.38	8.47	8.85	7.3	8.25	8.54
NM_001180930.1	24.82	25.59	26.41	27.67	27.55	24.42
NM_001180931.1	13.76	16.15	15.74	16.3	16.72	18.22
NM_001180932.3	28.95	29.73	29.43	37.23	32.01	31.23
NM_001180933.1	95.87	98.74	98.97	104.59	104.49	119.7
NM_001180935.1	77.46	89.65	80.99	105.43	103.09	90.75
NM_001180936.1	16.18	15.55	15.82	17.19	16.59	18.15
NM_001180938.3	9.55	12.28	10.84	16.08	14.06	16.78
NM_001180940.1	6.36	5.98	7.26	6.04	6.94	6.09
NM_001180941.1	4569.05	4493.23	4344.23	4191.91	4402.22	3921.59
NM_001180942.1	59.82	64.97	62.49	61.41	60.08	64.54
NM_001180943.3	99.05	108.9	112.83	119.73	118.87	120.56
NM_001180944.1	14.51	14.19	11.97	11.73	12.24	10.25
NM_001180945.1	57.37	61.99	74.47	53.92	59.51	56.65
NM_001180946.1	1.73	2.13	2.27	0.8	0.67	0.75
NM_001180947.3	28.41	28.32	34.34	28.79	29.54	31.01
NM_001180948.1	9.29	11.39	11.51	12.11	11.5	11.92
NM_001180949.1	31.25	33.77	33.09	33.88	33.07	34.86
NM_001180950.1	4.19	4.93	3.99	3.75	3.82	5.58
NM_001180951.3	12.01	11.23	12.07	12.43	10.03	10.11
NM_001180952.1	68.56	66.47	75.65	77.56	85.19	80.06
NM_001180954.1	0.0	0.25	0.24	0.48	0.0	0.0
NM_001180955.1	1.42	1.84	1.14	1.96	1.64	1.82
NM_001180956.3	26.85	23.55	26.34	38.43	35.28	38.76
NM_001180957.1	37.86	41.6	38.58	43.09	37.23	40.38
NM_001180958.1	8.74	10.68	8.26	12.49	9.7	11.54
NM_001180959.1	5.63	6.73	7.56	6.9	6.68	7.05
NM_001180960.3	10.01	13.37	12.84	11.74	12.12	12.65
NM_001180961.1	1.71	1.98	1.25	1.14	1.42	0.98
NM_001180962.1	79.17	79.94	97.73	85.96	89.98	100.44
NM_001180963.1	14.72	16.98	18.61	12.78	14.23	13.74
NM_001180964.3	70.77	76.09	73.7	80.2	78.04	69.85
NM_001180965.1	50.94	46.43	60.51	59.9	57.62	66.79
NM_001180966.1	42.72	48.02	43.08	37.88	36.13	34.23
NM_001180968.1	4657.17	4651.93	4667.03	4401.63	4591.8	4303.68
NM_001180969.3	4.36	5.02	4.45	4.66	4.6	5.48
NM_001180970.1	554.48	574.66	544.46	725.39	697.1	716.42
NM_001180971.1	238.54	237.95	229.14	295.35	303.79	284.5
NM_001180972.1	13.41	14.76	17.06	15.95	15.31	16.83
NM_001180973.3	12.85	13.65	15.06	16.36	15.8	16.35
NM_001180975.1	9.78	10.25	12.21	11.04	9.37	11.79
NM_001180976.1	44.51	49.58	51.2	37.47	33.22	35.8
NM_001180977.1	31.05	33.06	35.67	40.39	39.88	42.34
NM_001180978.3	2.03	2.06	2.2	1.73	2.3	1.91
NM_001180979.1	11.15	11.09	13.86	13.92	13.2	14.85
NM_001180980.1	48.68	49.94	58.8	48.56	46.16	53.61
NM_001180981.1	13.5	17.52	14.89	19.85	16.79	18.54
NM_001180982.3	2.2	3.33	4.47	6.66	7.55	6.39
NM_001180984.1	11.85	14.02	15.09	14.91	13.04	14.5
NM_001180985.1	98.68	103.37	107.97	143.61	141.61	155.18
NM_001180986.1	1.66	0.59	2.06	1.04	1.43	1.24
NM_001180987.3	76.35	81.63	69.99	83.05	74.94	77.07
NM_001180988.1	3822.26	3828.4	3742.7	3592.36	3732.63	3511.12
NM_001180989.2	4.79	5.59	6.83	6.62	6.58	6.6
NM_001180990.1	8.17	6.83	9.54	7.64	7.64	7.01
NM_001180991.3	12.24	12.38	15.36	14.96	14.69	18.23
NM_001180992.1	34.13	37.18	31.85	29.52	32.04	33.59
NM_001180993.1	6.81	8.88	8.75	8.83	9.94	7.58
NM_001180994.2	19.6	20.75	22.52	18.26	21.31	22.28
NM_001180995.3	27.94	30.1	31.14	34.95	35.61	34.5
NM_001180996.1	1.72	1.77	2.44	1.8	2.08	2.0
NM_001180998.1	6.96	7.23	6.37	8.82	7.71	7.71
NM_001180999.1	3.71	3.24	4.89	5.24	3.07	4.99
NM_001181000.3	4728.11	4706.29	4335.72	4152.7	4201.89	3968.95
NM_001181001.1	3.09	2.69	4.84	2.44	3.14	2.79
NM_001181002.1	163.07	170.96	196.35	232.69	230.35	240.28
NM_001181003.1	0.06	0.0	0.09	0.09	0.05	0.2
NM_001181004.3	18.17	21.61	21.52	20.43	20.14	22.39
NM_001181005.1	12.61	13.88	16.13	13.91	14.09	14.86
NM_001181006.1	7.26	7.55	9.69	8.27	7.66	8.95
NM_001181007.1	10.03	9.81	10.15	9.5	9.64	10.27
NM_001181008.3	6.17	5.86	6.13	6.54	5.02	6.4
NM_001181009.1	2.16	2.28	3.77	3.06	3.71	3.0
NM_001181010.2	11.86	14.33	14.78	15.66	13.66	14.38
NM_001181011.1	0.86	1.09	1.52	1.48	1.44	1.32
NM_001181012.3	3853.47	3726.08	3742.9	3283.63	3461.05	3337.77
NM_001181013.1	295.51	291.12	286.99	276.23	288.15	311.71
NM_001181015.1	10.44	10.42	12.51	11.98	10.02	11.65
NM_001181016.1	11.26	12.89	13.81	15.05	14.29	14.84
NM_001181018.3	16.03	18.31	20.74	14.74	16.8	15.75
NM_001181019.1	2.84	3.25	3.68	5.39	3.98	4.87
NM_001181020.1	12.62	14.16	17.3	13.66	15.46	16.21
NM_001181021.1	1.62	1.63	3.84	1.51	1.4	2.25
NM_001181022.3	44.32	48.33	63.4	49.79	47.54	61.79
NM_001181023.1	0.08	0.03	0.0	0.1	0.25	0.21
NM_001181024.1	13.02	13.63	14.55	14.0	13.45	13.46
NM_001181025.1	12.08	13.5	13.73	12.31	12.26	12.99
NM_001181026.3	43.02	46.94	49.43	68.45	61.12	65.27
NM_001181027.1	9.51	8.92	9.89	9.3	9.08	10.97
NM_001181028.1	5.58	5.01	6.59	6.84	5.87	6.96
NM_001181029.1	9.37	9.91	9.2	13.16	11.53	13.08
NM_001181031.3	14.68	18.43	16.01	15.55	16.4	16.64
NM_001181032.1	45.86	49.78	48.16	50.78	48.17	51.32
NM_001181033.1	0.0	0.0	0.26	0.0	0.0	0.0
NM_001181034.1	23.6	22.57	24.25	28.14	26.01	29.36
NM_001181035.3	0.09	0.12	0.08	0.2	0.04	0.34
NM_001181036.1	42.13	46.55	45.29	53.98	48.73	50.81
NM_001181037.1	56.58	57.1	49.1	70.44	65.08	67.48
NM_001181038.1	109.85	121.77	126.5	107.46	99.24	110.62
NM_001181039.3	11.52	12.36	10.91	8.47	8.73	9.17
NM_001181040.1	1.66	2.13	2.48	2.51	2.51	2.7
NM_001181041.1	2.29	2.17	3.16	2.28	2.49	2.42
NM_001181043.1	13.74	13.8	15.8	15.16	14.34	17.28
NM_001181044.3	4.78	4.59	4.46	5.88	4.87	4.47
NM_001181045.1	4.64	5.11	6.12	7.39	6.56	7.96
NM_001181046.1	42.13	46.93	51.59	50.62	51.49	56.46
NM_001181048.1	0.0	0.07	0.28	0.0	0.4	0.0
NM_001181049.3	1.09	1.42	1.8	1.57	1.65	2.18
NM_001181050.1	8.93	10.73	10.27	16.23	15.34	14.35
NM_001181051.1	40.67	41.84	39.62	51.39	45.83	53.19
NM_001181052.1	65.93	92.41	64.08	94.64	99.84	71.25
NM_001181054.1	3677.07	3671.8	3622.95	3145.05	3309.05	3146.82
NM_001181055.1	21.73	23.66	26.59	27.87	25.8	26.53
NM_001181056.1	134.57	139.91	125.25	197.62	190.06	172.8
NM_001181057.3	0.0	0.0	0.0	0.0	0.0	0.0
NM_001181058.1	0.0	0.0	0.0	0.0	0.0	0.0
NM_001181059.1	14.88	14.92	16.3	17.46	16.74	16.39
NM_001181060.3	86.68	93.15	91.18	115.08	105.66	109.89
NM_001181061.1	18.8	20.85	19.2	18.13	18.01	18.81
NM_001181062.2	7.61	8.04	10.02	9.6	8.66	9.89
NM_001181063.1	52.14	55.35	46.95	62.41	62.29	64.55
NM_001181065.3	214.0	218.28	228.91	227.49	240.88	239.26
NM_001181066.1	20.89	24.39	26.73	30.23	28.64	32.51
NM_001181067.1	254.03	261.29	273.29	295.44	304.13	304.46
NM_001181068.1	33.05	36.03	33.31	37.76	37.93	39.82
NM_001181070.1	0.0	0.2	0.09	0.09	0.2	0.19
NM_001181071.1	168.88	201.36	168.04	184.36	158.84	171.63
NM_001181072.1	106.35	116.49	117.3	140.05	131.67	135.88
NM_001181073.2	8.93	8.29	7.95	11.7	10.35	11.74
NM_001181074.1	19.18	18.55	24.98	22.06	22.49	26.67
NM_001181075.1	20.45	23.85	23.83	21.96	20.85	22.42
NM_001181076.1	18.31	16.8	16.66	21.16	23.8	25.49
NM_001181077.1	13.85	15.15	14.79	19.17	16.4	15.3
NM_001181078.1	44.46	47.64	48.65	54.08	53.98	53.09
NM_001181080.1	18.4	19.94	22.14	17.07	19.44	17.78
NM_001181081.1	8.1	8.71	8.64	8.03	9.21	8.94
NM_001181084.1	12.3	14.85	15.22	14.8	13.58	15.61
NM_001181085.1	106.61	109.21	117.0	131.15	147.27	134.04
NM_001181086.1	84.82	80.24	82.26	84.38	93.5	91.1
NM_001181087.1	33.12	40.96	33.5	58.71	56.19	55.77
NM_001181088.1	12.83	17.5	17.06	20.49	20.34	20.87
NM_001181089.1	17.86	17.82	18.01	18.58	17.6	19.43
NM_001181090.1	273.7	291.71	305.08	267.92	265.71	272.85
NM_001181091.1	151.86	160.24	165.51	172.99	182.45	180.05
NM_001181092.1	18.46	16.58	14.5	27.62	24.17	30.46
NM_001181093.1	4.66	4.72	5.78	6.08	5.06	5.6
NM_001181094.1	47.63	52.89	54.16	49.03	46.33	46.58
NM_001181095.1	1.98	1.57	1.97	1.72	1.73	1.74
NM_001181096.1	1.45	1.13	0.4	1.72	1.93	1.09
NM_001181097.1	90.76	105.37	100.21	123.57	129.04	121.63
NM_001181098.1	59.09	60.11	64.19	52.14	47.99	47.05
NM_001181099.1	10.94	12.88	13.85	13.93	12.84	13.31
NM_001181100.1	318.08	297.6	245.62	346.36	341.1	308.94
NM_001181101.1	0.0	0.0	0.0	0.0	0.1	0.55
NM_001181102.1	4.23	3.91	5.71	4.09	4.46	6.04
NM_001181103.1	12.55	15.18	17.42	15.1	14.64	16.11
NM_001181104.1	48.45	52.24	54.81	65.18	59.17	65.33
NM_001181106.1	5.24	6.19	5.59	8.15	7.27	7.01
NM_001181107.1	13.06	14.11	15.37	12.35	12.39	11.84
NM_001181108.1	77.83	85.22	90.67	107.7	102.89	100.26
NM_001181109.1	5.35	6.58	6.08	6.3	5.63	6.34
NM_001181110.1	53.08	62.36	56.17	65.58	59.18	57.65
NM_001181111.1	580.82	581.9	601.74	727.79	715.16	725.08
NM_001181112.1	17.65	21.75	26.49	26.0	24.04	25.18
NM_001181113.1	7.91	7.22	10.19	8.73	8.16	7.21
NM_001181114.1	8.22	9.67	11.57	9.89	10.54	10.78
NM_001181115.1	0.0	0.02	0.0	0.02	0.11	0.15
NM_001181116.1	5.81	6.67	6.43	7.4	6.35	7.53
NM_001181117.1	0.55	0.69	0.75	0.32	0.27	0.27
NM_001181118.1	24.98	26.71	29.19	27.74	25.56	26.71
NM_001181119.1	1084.83	1043.43	1140.87	863.53	873.27	992.17
NM_001181120.1	13.38	12.98	13.78	15.35	17.27	14.97
NM_001181121.1	38.38	31.33	23.75	13.06	11.51	11.79
NM_001181122.1	7.3	9.14	7.94	8.14	8.35	8.07
NM_001181123.1	7.57	8.55	9.3	8.89	7.76	7.13
NM_001181124.1	0.18	0.3	0.74	0.22	0.08	0.48
NM_001181125.1	0.55	0.56	1.09	1.37	0.62	1.77
NM_001181126.1	0.0	0.0	0.0	0.0	0.0	0.0
NM_001181127.1	0.0	0.0	0.0	0.24	0.0	0.52
NM_001181128.1	0.0	0.0	0.0	0.0	0.0	0.0
NM_001181129.1	0.35	0.3	0.17	1.99	2.0	2.28
NM_001181130.3	101.13	97.38	99.5	129.85	123.96	124.62
NM_001181131.1	13.22	15.49	16.8	14.19	13.85	14.42
NM_001181132.1	7.48	7.44	9.77	10.64	9.77	8.94
NM_001181133.1	11.97	12.86	12.41	11.47	12.67	14.08
NM_001181134.3	37.34	39.62	42.79	44.01	42.37	41.16
NM_001181135.1	9.84	9.61	9.04	12.06	10.19	11.42
NM_001181136.1	30.61	33.75	39.54	37.26	36.63	43.15
NM_001181137.1	34.0	35.43	31.1	54.71	52.26	53.62
NM_001181138.3	31.21	33.63	33.87	29.39	25.72	26.98
NM_001181139.1	13.41	15.51	14.97	17.69	16.96	17.93
NM_001181141.1	18.82	21.65	19.11	21.1	24.34	22.78
NM_001181142.1	9.02	9.91	11.03	11.48	11.6	11.46
NM_001181143.3	52.41	66.47	48.71	45.52	40.55	43.14
NM_001181144.1	5.52	4.36	7.91	4.77	5.81	6.6
NM_001181145.1	7.31	7.63	10.21	9.42	9.15	7.62
NM_001181146.1	29.03	32.32	33.67	34.05	33.13	35.64
NM_001181148.3	22.51	23.14	26.41	27.08	27.16	29.5
NM_001181149.1	261.68	267.12	256.75	246.76	281.99	265.9
NM_001181150.1	8.55	8.79	11.58	8.47	7.56	10.23
NM_001181152.1	3.23	2.75	3.12	2.64	2.91	3.26
NM_001181153.3	19.11	22.6	24.14	23.78	24.9	23.95
NM_001181155.3	88.74	101.84	114.18	120.91	117.15	128.62
NM_001181156.1	3479.68	3422.12	3486.37	3374.24	3394.23	3421.96
NM_001181157.3	10.65	9.76	10.2	9.5	10.18	13.17
NM_001181158.3	29.17	32.87	36.87	40.63	39.33	40.21
NM_001181159.1	18.13	22.52	24.64	24.78	22.97	23.08
NM_001181160.1	13.69	17.44	16.97	16.81	16.17	17.12
NM_001181161.3	5.32	6.32	8.33	7.12	6.49	8.55
NM_001181162.3	33.32	37.8	39.11	39.29	40.01	41.48
NM_001181163.1	3148.65	3157.57	2869.09	2951.05	3006.28	2616.33
NM_001181164.1	27.1	25.76	33.91	22.7	22.89	29.89
NM_001181165.3	17.95	17.83	21.24	17.52	18.46	20.81
NM_001181166.3	642.03	693.83	630.35	792.72	812.44	736.57
NM_001181167.1	61.86	63.15	68.17	78.69	82.93	77.03
NM_001181169.3	7.67	10.85	12.2	9.7	8.99	8.93
NM_001181170.3	12.93	14.62	13.4	13.59	12.02	12.55
NM_001181171.1	5.56	5.27	5.53	6.69	7.4	10.14
NM_001181172.1	2.41	1.76	3.04	6.67	5.67	8.36
NM_001181173.1	29.7	31.37	34.09	33.99	36.93	41.57
NM_001181175.3	8.54	7.93	9.04	7.45	7.11	8.19
NM_001181176.3	10.51	10.14	11.07	10.35	9.56	10.59
NM_001181177.1	23.21	26.0	31.55	38.49	37.99	35.6
NM_001181178.1	24.97	29.36	33.83	21.25	21.88	14.76
NM_001181181.1	1.98	1.38	1.38	0.96	2.16	2.91
NM_001181182.3	0.8	1.02	1.55	0.84	1.2	1.56
NM_001181183.4	121.35	121.9	132.74	133.28	135.72	135.97
NM_001181184.1	108.11	126.0	120.81	115.67	112.92	114.83
NM_001181185.1	13.51	15.73	16.82	16.57	16.02	16.53
NM_001181186.3	6.56	6.25	7.42	5.11	5.67	7.51
NM_001181187.2	14.65	15.55	15.04	15.66	17.56	16.33
NM_001181188.3	0.0	0.13	0.0	0.16	0.07	0.27
NM_001181189.3	455.46	461.07	510.64	472.52	471.06	439.36
NM_001181190.1	185.18	175.75	163.31	163.45	160.74	148.14
NM_001181191.1	3.25	3.29	5.2	3.23	3.4	4.66
NM_001181192.3	88.73	74.69	82.67	95.07	97.78	107.0
NM_001181194.1	14.57	16.96	17.55	22.15	22.95	24.23
NM_001181195.3	0.06	0.11	0.0	0.33	0.06	0.35
NM_001181196.4	0.37	0.75	0.53	0.43	0.81	0.58
NM_001181197.1	6.55	6.01	6.82	6.3	6.46	5.3
NM_001181199.2	0.88	0.62	0.69	0.9	0.78	1.03
NM_001181200.3	5.64	5.89	6.92	5.79	6.23	6.39
NM_001181201.1	13.13	15.94	17.33	20.41	20.43	19.0
NM_001181203.3	48.1	52.84	52.62	56.18	59.19	61.73
NM_001181204.3	6.33	6.38	8.45	6.53	6.25	6.95
NM_001181205.1	20.86	18.57	21.94	24.06	21.48	26.7
NM_001181206.1	5.95	6.07	7.12	4.93	5.42	5.75
NM_001181207.3	85.57	81.0	85.09	103.06	94.38	103.19
NM_001181208.1	34.45	40.67	34.96	35.73	34.77	39.27
NM_001181209.3	40.98	45.04	44.35	46.51	49.45	47.43
NM_001181210.3	46.81	52.8	53.78	41.06	43.37	42.89
NM_001181211.1	101.93	97.45	113.71	83.9	81.45	86.73
NM_001181212.1	68.92	71.45	67.49	67.68	64.47	68.22
NM_001181213.3	21.64	22.16	25.81	26.2	24.33	24.47
NM_001181214.1	3410.93	3476.59	3189.34	3354.51	3271.54	3104.58
NM_001181215.3	418.35	443.5	468.36	606.18	606.11	583.09
NM_001181216.3	24.77	20.06	16.78	26.89	23.05	14.96
NM_001181217.1	2.05	1.01	1.39	2.39	2.13	2.38
NM_001181218.1	8.42	9.27	9.43	10.14	9.61	10.28
NM_001181219.3	39.2	37.37	41.7	41.24	40.34	42.28
NM_001181220.1	7.48	8.87	8.56	9.01	9.28	9.58
NM_001181221.3	19.36	21.21	22.09	19.0	18.96	19.05
NM_001181222.3	16.29	17.4	21.81	19.03	20.71	20.43
NM_001181223.1	298.85	302.51	316.21	357.28	339.49	357.71
NM_001181224.1	37.5	40.63	37.26	49.81	49.13	53.79
NM_001181225.3	2.6	2.43	2.71	2.18	1.77	1.75
NM_001181226.1	8.08	7.41	7.73	9.37	8.57	12.19
NM_001181227.3	3.42	3.58	3.98	3.5	2.83	2.88
NM_001181228.3	4.52	5.39	7.36	6.04	5.69	6.39
NM_001181229.1	8.61	7.72	9.54	10.35	10.4	10.92
NM_001181230.1	16.8	16.88	16.88	18.66	21.67	21.42
NM_001181231.3	12.53	17.56	19.14	15.91	15.56	15.77
NM_001181232.1	139.54	145.02	174.31	134.35	139.16	147.51
NM_001181233.3	13.05	13.98	17.76	17.0	19.76	20.4
NM_001181234.3	114.89	121.47	121.27	127.82	140.87	112.66
NM_001181235.1	254.79	277.25	306.9	285.15	285.33	295.4
NM_001181237.1	14.8	16.28	15.67	13.85	12.79	11.96
NM_001181238.3	11.13	13.38	12.76	14.45	13.78	12.4
NM_001181239.3	0.74	0.97	1.23	0.84	1.07	1.1
NM_001181240.1	26.07	30.7	29.51	31.13	29.07	26.31
NM_001181241.1	5.2	5.06	6.57	6.22	5.64	4.81
NM_001181242.3	14.77	14.16	15.63	16.76	16.18	13.76
NM_001181245.1	67.75	75.21	65.85	82.74	70.18	76.0
NM_001181246.3	16.45	17.06	19.1	20.55	20.7	22.88
NM_001181247.3	3907.83	3914.88	3499.68	3617.09	3464.35	3214.64
NM_001181248.1	52.2	58.03	50.62	54.23	45.93	50.93
NM_001181249.1	11.54	14.31	17.85	12.25	12.03	14.08
NM_001181250.3	2.37	2.8	3.41	1.95	1.83	1.64
NM_001181251.3	6.62	8.88	9.79	7.92	9.27	8.9
NM_001181252.3	86.62	94.25	90.85	83.58	81.14	82.22
NM_001181253.1	456.77	446.55	536.42	589.02	612.95	689.04
NM_001181254.1	13.59	14.93	16.28	15.52	14.34	14.94
NM_001181255.3	8.32	8.41	10.06	11.44	10.13	12.53
NM_001181256.1	3.84	3.53	3.03	3.78	4.71	3.84
NM_001181257.3	52.82	56.29	56.83	62.43	59.63	59.82
NM_001181258.3	9.46	11.66	12.98	12.89	11.83	11.62
NM_001181259.1	39.87	42.11	33.63	52.96	42.86	42.58
NM_001181260.1	1.77	1.77	1.04	1.66	2.06	1.5
NM_001181261.3	71.99	76.4	89.53	98.28	101.37	117.27
NM_001181262.1	12.43	10.09	15.84	12.25	12.93	12.01
NM_001181263.3	5.32	5.04	5.1	5.0	5.32	5.66
NM_001181264.3	135.97	141.08	166.77	165.89	161.32	179.38
NM_001181265.1	128.38	135.71	119.64	158.88	141.58	141.21
NM_001181267.1	20.61	22.32	20.68	23.05	23.61	22.68
NM_001181269.3	7.7	7.19	8.93	9.46	8.47	10.07
NM_001181270.1	14.05	19.29	18.77	19.05	18.34	18.95
NM_001181271.3	15.58	16.3	17.73	28.83	23.6	17.22
NM_001181272.3	10.55	11.12	11.95	12.73	13.06	10.57
NM_001181273.1	0.94	0.6	0.78	0.98	0.83	0.63
NM_001181274.2	45.87	47.96	52.68	57.18	51.5	52.33
NM_001181275.3	27.19	28.79	32.51	21.17	20.77	17.33
NM_001181276.3	25.08	26.09	28.33	22.33	24.32	24.96
NM_001181277.3	2279.11	2336.91	2212.35	2418.31	2354.73	2228.76
NM_001181278.1	7.79	9.74	10.11	10.62	10.93	10.09
NM_001181279.1	3.71	4.36	4.6	4.76	4.32	3.88
NM_001181281.3	36.9	41.28	38.84	33.53	32.5	31.44
NM_001181282.2	2.39	3.13	4.1	4.0	3.37	2.46
NM_001181283.3	0.38	0.32	0.0	0.14	0.41	0.1
NM_001181284.3	580.74	604.58	623.63	554.85	534.32	583.19
NM_001181285.1	19.06	21.49	18.95	15.51	14.06	13.69
NM_001181286.1	64.78	78.85	81.48	77.25	70.51	77.06
NM_001181287.3	44.39	44.44	43.73	55.7	61.45	56.12
NM_001181288.1	448.12	440.94	428.48	396.28	386.45	440.79
NM_001181290.3	17.79	20.9	27.39	29.39	26.66	33.73
NM_001181291.3	218.17	238.97	183.57	245.14	203.94	236.74
NM_001181292.3	22.3	24.18	25.48	28.78	31.53	27.27
NM_001181294.1	26.99	25.76	26.86	27.45	27.43	29.67
NM_001181295.1	7.79	7.74	10.2	8.63	8.19	10.26
NM_001181296.3	196.0	213.34	196.44	250.94	212.58	237.34
NM_001181297.1	1.18	2.05	2.12	2.18	3.13	1.57
NM_001181298.3	5.2	6.23	6.34	3.96	5.58	5.68
NM_001181299.1	3.99	4.97	5.32	5.47	5.77	5.46
NM_001181300.1	5.04	4.15	4.91	5.1	4.78	4.6
NM_001181301.3	84.39	97.12	100.88	121.51	121.55	122.04
NM_001181302.1	84.12	94.34	97.2	131.3	124.85	130.35
NM_001181303.3	14.44	15.04	17.1	15.4	13.71	16.27
NM_001181304.1	318.7	308.45	347.82	281.42	273.16	265.02
NM_001181306.1	22.22	22.34	29.13	12.72	12.45	11.31
NM_001181307.3	78.28	85.83	84.33	97.77	88.63	95.75
NM_001181308.1	8.41	7.5	7.88	9.31	8.73	9.16
NM_001181309.3	448.74	421.86	533.45	432.4	447.03	494.53
NM_001181310.3	97.09	104.36	103.41	109.27	117.61	114.31
NM_001181312.1	63.89	85.71	73.14	95.53	104.61	102.95
NM_001181313.1	15.52	16.82	20.21	20.67	20.32	22.7
NM_001181314.3	271.2	280.5	277.54	273.26	268.79	268.5
NM_001181315.1	44.01	47.26	45.65	51.53	44.41	51.16
NM_001181316.3	77.92	76.0	89.81	78.23	78.74	75.67
NM_001181317.3	1.64	2.14	2.36	2.12	1.83	1.65
NM_001181318.1	180.66	208.24	190.66	246.71	264.14	249.53
NM_001181320.1	70.87	74.48	72.14	61.75	57.51	58.53
NM_001181321.3	21711.11	20148.44	22639.53	19042.43	19904.96	21405.52
NM_001181322.1	56.01	64.47	57.57	58.8	55.05	58.61
NM_001181323.3	5.85	6.66	8.3	7.06	8.13	9.83
NM_001181324.3	44.14	47.89	47.16	45.9	45.69	49.02
NM_001181325.1	12.44	14.06	10.85	21.13	15.31	15.79
NM_001181326.1	44.5	62.17	47.3	34.83	34.23	27.1
NM_001181327.3	13.97	15.38	18.2	14.87	14.67	13.92
NM_001181328.1	20.94	22.87	22.75	23.05	21.38	24.65
NM_001181329.3	44.53	48.1	52.02	61.64	57.5	62.27
NM_001181330.3	2.14	2.25	2.6	3.8	3.03	4.31
NM_001181331.1	28.36	27.29	27.69	27.35	27.16	26.54
NM_001181332.1	18.85	22.63	20.52	23.84	26.25	22.93
NM_001181333.3	238.99	232.4	220.05	216.95	217.66	231.06
NM_001181334.3	18.26	21.14	21.44	22.9	26.93	25.16
NM_001181335.3	20.79	20.99	24.29	21.59	22.1	25.17
NM_001181336.1	68.84	72.46	60.77	97.58	91.8	93.6
NM_001181337.1	76.41	69.42	67.74	57.22	64.6	53.84
NM_001181338.3	871.51	831.18	961.03	1083.73	1118.77	1180.08
NM_001181339.1	46.54	50.98	52.37	46.43	48.11	51.96
NM_001181340.3	132.52	147.87	132.22	169.87	165.48	160.43
NM_001181341.3	2.9	3.5	4.06	2.92	3.13	2.92
NM_001181342.1	0.54	0.2	0.6	0.3	0.51	0.32
NM_001181343.1	2093.67	2035.14	2098.29	1915.93	1964.21	2058.87
NM_001181344.3	44.29	44.11	48.57	52.03	54.59	59.16
NM_001181345.1	6.5	7.17	7.16	6.74	6.98	8.36
NM_001181346.3	4.29	5.06	4.3	4.79	4.4	4.6
NM_001181347.3	79.59	88.76	90.34	81.51	77.54	73.12
NM_001181349.1	33.23	34.01	35.29	39.56	42.53	46.39
NM_001181350.2	1.96	2.23	2.36	1.53	2.08	1.99
NM_001181351.3	6.14	9.59	8.79	9.36	9.68	9.66
NM_001181352.1	6.88	7.12	8.97	10.55	10.11	12.55
NM_001181353.3	0.77	1.56	1.12	0.75	0.9	0.81
NM_001181354.3	0.53	0.2	0.38	0.25	0.4	0.48
NM_001181356.2	18.5	23.04	23.49	24.66	23.92	24.71
NM_001181358.1	48.94	49.6	58.44	43.07	40.31	44.83
NM_001181359.3	11.04	15.0	10.02	19.69	15.97	13.19
NM_001181360.1	75.88	77.88	95.51	121.29	116.51	129.0
NM_001181361.3	57.11	58.85	64.63	81.5	75.71	83.39
NM_001181362.3	13.52	13.67	18.03	8.6	8.48	6.34
NM_001181363.1	626.71	617.3	697.26	782.43	734.81	723.67
NM_001181364.1	36.34	41.28	44.67	52.73	51.64	49.22
NM_001181365.3	0.0	0.0	0.0	0.29	0.0	0.32
NM_001181366.1	9.39	10.17	9.23	10.16	9.2	9.43
NM_001181367.3	2.58	3.03	3.17	2.75	2.16	2.19
NM_001181368.3	11.29	11.37	11.11	13.31	13.92	12.9
NM_001181369.1	601.47	601.29	648.95	591.19	568.66	634.53
NM_001181370.3	21.15	24.15	24.81	18.09	19.7	19.8
NM_001181372.1	2.67	6.01	3.43	5.8	3.32	3.28
NM_001181373.3	45.74	48.08	48.32	62.75	62.48	65.12
NM_001181374.3	42.09	45.45	53.58	50.47	46.76	53.17
NM_001181375.1	15.68	16.26	19.37	14.96	13.98	14.75
NM_001181376.1	14.75	13.04	15.28	16.67	17.5	17.72
NM_001181377.3	2.79	2.32	1.46	4.68	4.5	3.18
NM_001181378.1	0.55	0.18	0.35	0.18	0.36	0.23
NM_001181379.3	13.48	14.73	16.83	15.81	16.33	13.77
NM_001181380.3	23.28	23.76	26.07	28.04	29.17	29.48
NM_001181381.1	11.95	15.65	15.08	19.73	15.3	20.11
NM_001181382.1	139.98	157.13	172.42	219.33	206.04	220.78
NM_001181383.3	6615.07	6391.48	6229.23	6524.44	6451.31	6582.91
NM_001181384.1	13.79	14.71	15.82	16.76	15.68	16.16
NM_001181385.3	1.5	1.18	1.25	1.92	2.39	2.28
NM_001181386.3	6.71	7.78	9.66	9.27	7.41	9.82
NM_001181387.1	3.36	3.31	3.3	4.54	4.36	5.84
NM_001181389.1	85.42	92.03	77.04	87.31	87.88	86.09
NM_001181390.3	26.62	29.89	31.36	33.07	32.6	37.22
NM_001181391.1	26.98	28.16	34.27	35.86	37.09	37.34
NM_001181392.3	8.16	9.33	7.87	5.65	7.43	8.87
NM_001181393.3	209.64	217.21	229.01	221.93	223.1	225.83
NM_001181395.1	21.61	22.91	25.65	27.38	25.48	26.79
NM_001181396.1	62.63	70.12	74.61	66.96	71.34	67.71
NM_001181397.3	13.52	15.8	13.84	20.57	21.22	19.7
NM_001181399.1	14.03	14.11	13.73	19.67	17.97	20.76
NM_001181400.4	7.01	7.63	8.43	7.66	6.68	7.23
NM_001181402.1	0.0	0.0	0.17	0.09	0.1	0.19
NM_001181403.2	7.78	9.63	9.48	10.95	9.45	10.8
NM_001181404.3	59.26	66.97	60.15	67.7	61.12	47.85
NM_001181405.1	22.62	23.03	27.33	25.79	25.75	24.33
NM_001181406.3	24.27	25.1	25.72	33.21	34.14	34.76
NM_001181407.3	6.85	7.29	7.21	7.79	7.26	7.95
NM_001181408.1	786.69	827.98	719.69	621.41	599.35	612.94
NM_001181409.1	50.3	62.87	59.84	61.93	60.37	53.96
NM_001181410.3	14.26	16.04	17.62	17.34	14.45	18.06
NM_001181411.1	809.94	792.25	852.7	844.61	894.93	936.92
NM_001181412.3	21.07	23.8	27.16	24.79	27.15	28.38
NM_001181413.3	133.42	142.23	148.81	153.95	140.77	131.21
NM_001181414.1	738.53	744.58	636.95	812.52	744.6	752.89
NM_001181415.1	20.03	22.72	22.02	35.8	34.09	34.9
NM_001181416.3	1.36	1.22	1.55	1.59	1.94	1.74
NM_001181417.1	2.3	2.42	3.48	2.58	2.59	2.15
NM_001181418.3	0.0	0.11	0.11	0.03	0.15	0.0
NM_001181421.3	0.64	0.94	0.72	0.48	0.44	0.36
NM_001181423.1	0.14	0.12	0.0	0.0	0.14	0.52
NM_001181424.1	42.94	47.86	45.73	48.33	48.89	50.83
NM_001181425.3	0.03	0.06	0.07	0.1	0.06	0.08
NM_001181426.1	54.86	64.26	67.68	68.51	69.65	72.74
NM_001181427.1	238.1	246.02	288.84	324.29	301.9	312.02
NM_001181428.1	1.42	1.61	0.39	1.09	1.11	2.13
NM_001181431.2	2.17	2.72	3.17	1.58	1.52	2.84
NM_001181433.3	7.47	7.61	16.16	9.11	10.4	10.53
NM_001181434.4	0.73	0.66	0.98	0.88	0.98	1.49
NM_001181435.1	148.28	159.67	183.32	301.41	275.38	337.85
NM_001181436.3	115.02	126.4	132.44	139.29	137.69	142.85
NM_001181437.1	21.02	22.41	25.43	26.17	24.07	27.88
NM_001181438.1	29.43	32.36	37.13	37.26	35.51	34.6
NM_001181439.3	9.21	9.8	9.19	8.53	8.07	8.57
NM_001181440.1	9.79	13.13	14.97	13.59	14.17	13.92
NM_001181442.2	122.13	135.3	152.05	170.17	150.04	182.1
NM_001181444.3	41.31	45.31	50.48	41.07	42.44	42.14
NM_001181445.2	39.35	34.79	44.58	35.49	35.93	34.15
NM_001181446.1	171.89	176.33	219.03	127.94	123.87	84.35
NM_001181447.3	6.4	5.91	5.9	6.06	5.64	6.21
NM_001181448.1	136.05	141.94	151.9	185.8	174.77	197.87
NM_001181450.1	3.42	3.78	3.24	2.66	3.45	3.71
NM_001181453.3	10.04	12.85	11.4	10.4	10.99	9.98
NM_001181454.1	48.74	59.79	44.64	66.34	50.97	61.14
NM_001181457.1	2.92	3.76	3.84	5.36	5.04	3.38
NM_001181458.3	32.08	29.61	36.96	41.11	40.2	42.0
NM_001181459.1	2.09	2.49	3.08	1.4	2.14	3.14
NM_001181460.1	273.87	268.18	287.22	264.1	254.8	267.22
NM_001181461.3	0.0	0.0	0.0	0.0	0.0	0.0
NM_001181462.1	0.0	0.0	0.0	0.0	0.0	0.0
NM_001181463.1	9.05	10.53	10.5	9.29	9.3	8.2
NM_001181464.3	19.45	19.69	20.17	19.58	17.53	19.88
NM_001181465.1	18.95	21.83	22.64	33.51	32.91	29.52
NM_001181467.1	46.24	49.81	53.16	44.82	47.14	46.31
NM_001181468.3	364.38	397.5	466.42	510.54	484.26	530.89
NM_001181469.1	6.96	7.66	9.94	9.28	9.67	11.6
NM_001181470.1	17.91	17.73	21.16	21.32	20.15	19.76
NM_001181471.3	0.75	0.78	0.14	0.9	1.17	0.75
NM_001181472.1	0.08	0.22	0.7	1.49	0.88	1.07
NM_001181473.1	24.41	26.86	30.7	29.37	27.01	28.73
NM_001181474.3	99.61	109.06	83.41	139.68	113.27	134.02
NM_001181475.1	14.83	14.96	13.17	16.05	14.39	14.63
NM_001181476.1	0.51	0.06	0.12	0.31	0.07	0.39
NM_001181477.3	12.83	14.95	15.67	14.9	16.49	16.1
NM_001181478.1	0.5	0.58	0.46	0.34	0.47	0.5
NM_001181479.1	5.76	6.16	6.89	6.84	7.16	7.14
NM_001181480.3	4.04	4.93	4.92	5.89	4.96	6.27
NM_001181481.1	5.94	6.31	6.22	5.91	5.82	5.96
NM_001181482.3	7.49	8.04	9.51	9.31	10.35	10.79
NM_001181483.1	82.41	89.62	81.15	82.5	75.47	79.97
NM_001181484.1	7.05	5.87	6.51	6.39	6.06	6.72
NM_001181485.3	3948.33	3666.55	4071.68	3602.64	3546.36	3811.2
NM_001181486.1	25.36	24.83	28.28	20.44	20.98	23.58
NM_001181487.3	19.68	18.38	23.21	20.37	19.27	20.15
NM_001181488.1	65.82	70.7	89.49	69.71	72.6	73.25
NM_001181489.1	4.19	3.86	3.66	2.85	2.78	2.31
NM_001181490.3	3.72	3.95	4.36	4.05	3.64	5.26
NM_001181491.1	3.96	4.6	5.13	5.76	6.24	5.57
NM_001181492.1	5.53	7.02	9.1	8.4	8.69	9.03
NM_001181493.3	36.86	38.85	40.91	43.13	46.18	45.91
NM_001181494.1	22.69	24.04	26.47	25.87	25.01	27.39
NM_001181495.1	22.36	24.68	23.42	22.63	21.03	22.94
NM_001181496.1	29.76	29.33	37.57	34.98	32.11	47.85
NM_001181498.1	27.95	26.14	26.15	29.02	27.97	37.92
NM_001181499.3	17.24	14.96	17.14	14.76	17.09	22.5
NM_001181501.1	48.88	51.69	62.39	52.58	59.03	64.66
NM_001181502.1	34.83	39.39	41.61	50.96	47.94	56.59
NM_001181503.3	3.88	3.52	4.33	4.34	3.26	3.54
NM_001181504.1	5.15	4.27	5.6	4.46	3.63	4.49
NM_001181505.1	17.69	17.75	19.42	24.99	23.04	22.03
NM_001181506.3	10.75	13.09	13.4	14.67	14.76	12.84
NM_001181507.1	14.21	17.81	15.39	17.43	14.4	15.11
NM_001181509.1	39.53	44.27	36.45	50.57	42.62	48.22
NM_001181510.1	0.53	0.46	0.44	0.56	0.75	0.24
NM_001181511.1	58.93	56.34	47.59	74.32	71.46	66.51
NM_001181512.1	54.9	62.18	52.5	54.34	52.46	48.44
NM_001181513.1	328.75	350.25	305.26	315.41	294.97	292.46
NM_001181514.1	23.03	22.32	24.36	23.9	20.28	22.94
NM_001181515.1	11.41	9.69	11.73	10.69	10.7	13.47
NM_001181516.1	4.19	5.01	4.9	4.32	3.95	6.32
NM_001181517.1	8.88	8.92	9.91	9.59	8.76	10.14
NM_001181518.1	8.6	9.4	9.51	11.74	10.21	13.17
NM_001181520.1	15.93	19.4	22.15	20.69	19.17	18.93
NM_001181521.1	3.39	2.99	2.81	3.6	2.77	4.58
NM_001181522.1	0.12	0.08	0.28	0.2	0.16	0.26
NM_001181523.1	2.74	2.62	3.43	3.51	2.8	3.87
NM_001181524.1	21.32	23.36	24.84	22.09	21.59	21.03
NM_001181525.1	3.79	4.34	4.14	4.14	4.16	4.28
NM_001181526.1	3.93	4.5	4.73	4.46	3.41	4.52
NM_001181527.1	8.28	8.44	9.68	10.38	9.65	10.51
NM_001181528.1	5.58	5.66	5.32	5.0	4.9	5.98
NM_001181529.1	34.22	37.27	44.4	38.38	39.82	46.6
NM_001181530.1	101.94	109.63	124.77	114.55	115.12	120.89
NM_001181531.1	14.93	16.63	17.32	16.41	14.92	17.38
NM_001181532.1	6.77	6.7	6.76	8.16	7.9	7.91
NM_001181533.1	2.81	2.98	2.52	3.27	3.5	4.25
NM_001181534.1	20.14	21.51	23.36	19.36	20.76	21.23
NM_001181535.1	2.8	3.46	3.21	4.63	4.87	3.74
NM_001181536.1	0.44	0.73	0.47	0.98	1.14	0.4
NM_001181537.1	58.71	55.16	78.82	61.49	55.45	75.27
NM_001181538.1	0.07	0.0	0.12	0.06	0.0	0.06
NM_001181539.1	0.03	0.0	0.0	0.0	0.06	0.05
NM_001181540.1	4.38	4.24	3.96	6.67	5.9	4.57
NM_001181541.1	0.0	0.04	0.08	0.04	0.14	0.09
NM_001181542.1	38.01	39.0	43.86	51.38	49.16	48.67
NM_001181543.1	15.89	17.73	17.13	20.33	17.88	19.05
NM_001181544.1	126.2	141.32	140.75	136.87	122.22	140.6
NM_001181545.2	5.91	5.16	7.15	7.26	6.53	7.31
NM_001181546.3	0.31	0.29	0.24	0.32	0.38	0.42
NM_001181547.2	1.97	2.03	2.04	1.65	1.32	2.52
NM_001181548.1	32.46	34.37	39.62	37.05	34.99	42.41
NM_001181549.1	2.27	2.32	1.6	3.32	2.88	3.98
NM_001181550.1	120.74	117.31	133.96	99.17	99.23	92.05
NM_001181551.1	5.33	4.76	4.91	5.67	5.42	5.18
NM_001181554.1	229.26	228.6	236.85	205.93	222.5	236.71
NM_001181555.1	84.46	89.07	91.56	76.4	73.16	70.69
NM_001181556.1	53.46	62.79	60.12	68.7	59.01	71.58
NM_001181557.1	104.17	107.93	113.91	93.7	97.38	90.92
NM_001181558.1	29.63	31.09	37.75	37.07	37.29	39.18
NM_001181559.1	9.71	10.13	10.37	10.78	9.79	9.81
NM_001181560.1	5.77	6.12	7.33	6.69	5.61	6.53
NM_001181561.2	26.88	29.43	27.76	32.07	30.94	34.49
NM_001181562.1	4.51	4.28	4.56	3.72	4.02	4.28
NM_001181563.2	232.2	236.33	224.35	228.03	220.32	221.28
NM_001181564.1	6.03	7.76	8.39	7.84	9.64	9.21
NM_001181565.1	2.71	2.58	2.62	2.47	2.08	1.75
NM_001181566.1	15.5	15.34	15.58	13.29	13.81	14.08
NM_001181567.1	30.67	32.43	33.82	37.27	36.15	43.19
NM_001181569.1	2631.6	2461.33	2332.47	2438.91	2529.55	2511.64
NM_001181570.1	9.46	9.1	11.5	10.94	9.82	9.39
NM_001181571.1	2180.79	2141.38	2172.58	2137.13	2144.51	2206.28
NM_001181572.1	7.77	7.94	9.75	7.19	6.94	6.27
NM_001181573.1	69.66	76.21	74.71	88.64	79.96	81.12
NM_001181574.1	8.01	9.17	7.73	12.17	12.45	13.29
NM_001181576.1	125.23	128.94	148.97	163.04	157.13	190.55
NM_001181577.1	5.84	3.74	5.93	8.29	5.35	6.73
NM_001181578.1	73.87	80.74	88.29	97.07	91.11	95.63
NM_001181579.1	9.23	11.33	9.96	11.93	11.0	12.46
NM_001181580.1	2.47	3.61	4.93	3.42	3.75	3.27
NM_001181581.1	130.18	137.26	136.0	146.01	139.11	133.13
NM_001181582.1	8.63	8.6	9.75	10.49	9.59	9.03
NM_001181584.1	158.87	143.81	167.69	197.78	223.11	226.47
NM_001181586.1	0.55	0.44	0.3	0.67	0.93	0.66
NM_001181587.1	23.46	24.87	28.82	24.11	23.68	25.84
NM_001181588.1	7.81	6.47	9.4	7.94	8.0	10.51
NM_001181589.1	9.44	11.44	11.6	11.52	11.29	11.42
NM_001181590.1	24.65	26.13	28.96	24.93	23.32	25.6
NM_001181591.1	1337.84	1328.96	1356.64	1037.43	1020.16	1276.57
NM_001181592.1	1898.79	1952.31	1727.17	2056.01	1843.53	2310.03
NM_001181593.1	0.4	0.62	1.09	1.77	1.61	1.19
NM_001181594.1	1.41	1.55	2.01	0.93	1.52	0.73
NM_001181595.1	4.97	4.9	7.02	7.09	7.88	6.11
NM_001181596.1	1.69	2.25	2.92	2.04	1.59	2.28
NM_001181597.2	13.88	15.85	15.14	15.94	14.23	15.92
NM_001181598.1	16.16	18.45	15.26	21.96	18.25	19.86
NM_001181599.1	118.54	142.48	131.75	152.09	155.79	124.3
NM_001181600.1	275.09	279.19	304.1	271.18	284.34	291.19
NM_001181601.2	17.92	21.43	20.85	21.93	20.74	21.48
NM_001181603.1	6.88	10.38	8.93	7.46	6.32	9.85
NM_001181604.2	100.36	99.99	103.35	118.73	122.15	130.8
NM_001181605.1	118.9	124.53	144.32	126.92	129.2	164.72
NM_001181606.1	109.8	112.88	111.13	140.97	130.5	117.34
NM_001181607.1	119.12	122.34	123.79	117.95	133.26	123.34
NM_001181609.1	20.6	24.52	17.55	22.18	18.19	21.3
NM_001181610.1	1751.17	1849.43	1687.69	1868.18	1846.46	1701.08
NM_001181611.1	69.34	72.53	75.18	73.81	75.7	76.75
NM_001181612.2	68.19	70.27	65.52	90.48	80.6	73.68
NM_001181613.1	12.84	12.7	15.37	12.92	11.16	13.84
NM_001181614.1	4.88	5.04	5.11	5.35	4.57	4.86
NM_001181616.2	50.01	53.47	58.29	57.4	59.26	65.36
NM_001181617.1	44.52	46.26	48.16	48.16	53.64	54.33
NM_001181618.1	2.78	2.04	5.47	3.41	2.92	4.77
NM_001181619.2	71.96	79.44	80.48	71.21	67.31	72.99
NM_001181620.1	6.35	7.06	5.93	7.59	5.83	6.92
NM_001181622.1	2966.05	2903.81	3116.66	2579.53	2758.37	2732.68
NM_001181623.1	3423.98	3487.96	3048.21	3475.38	3454.45	2820.98
NM_001181624.1	1424.9	1357.81	1184.74	1556.67	1501.49	1417.24
NM_001181625.1	96.34	103.4	106.55	100.25	107.37	108.53
NM_001181626.1	10.79	9.98	10.9	9.36	9.18	10.03
NM_001181627.1	14.02	14.09	15.38	15.91	16.43	17.8
NM_001181629.1	106.83	122.68	132.84	147.17	146.72	184.11
NM_001181630.1	11.03	14.48	13.68	14.97	13.44	14.34
NM_001181631.1	24.27	25.8	28.26	25.93	27.03	26.3
NM_001181633.1	54.07	52.91	60.98	99.28	96.38	108.09
NM_001181634.1	12.53	13.62	15.64	16.37	15.08	14.92
NM_001181636.1	15.37	14.77	17.56	21.74	19.63	21.62
NM_001181637.1	10.3	12.52	10.64	12.59	11.53	11.25
NM_001181638.1	1.95	2.07	2.38	3.14	2.65	3.1
NM_001181639.1	25.5	25.48	24.57	23.2	23.77	19.27
NM_001181640.1	8.98	9.92	11.76	11.26	10.62	11.3
NM_001181641.1	21.56	23.53	25.01	21.95	25.35	24.75
NM_001181642.1	3.22	3.43	4.24	3.15	2.97	4.01
NM_001181643.1	6.6	8.65	8.99	8.15	9.23	9.51
NM_001181645.1	42.16	46.48	46.31	52.34	49.22	59.92
NM_001181646.1	0.0	0.05	0.1	0.05	0.0	0.21
NM_001181647.1	0.38	0.59	0.74	0.55	0.45	1.18
NM_001181649.1	0.13	0.0	0.06	0.11	0.0	0.0
NM_001181650.1	223.61	229.58	227.38	286.0	279.38	218.68
NM_001181651.1	12.9	13.87	14.89	12.45	10.49	11.62
NM_001181652.1	0.35	0.24	0.57	0.52	0.46	0.75
NM_001181654.1	1.2	1.3	1.88	1.09	1.16	1.86
NM_001181655.1	4.9	5.39	5.19	6.64	6.83	5.75
NM_001181656.1	0.0	0.12	0.0	0.12	0.0	0.26
NM_001181657.1	0.23	0.24	0.34	0.32	0.46	0.37
NM_001181658.1	40.28	45.02	42.86	51.15	50.06	50.52
NM_001181659.3	36.18	41.48	43.15	46.45	39.86	45.96
NM_001181660.1	13.49	14.74	18.27	13.47	14.09	14.01
NM_001181661.1	0.54	0.49	0.1	0.33	0.4	0.27
NM_001181662.3	10.47	11.45	14.76	12.87	13.18	13.49
NM_001181663.1	12.26	12.87	14.98	18.84	17.77	20.22
NM_001181664.3	218.34	244.99	268.41	205.53	195.56	197.64
NM_001181665.1	2.49	1.54	1.88	2.75	2.72	2.85
NM_001181666.1	10318.57	9495.22	10809.73	8716.05	8794.81	9706.59
NM_001181667.1	57.33	73.12	77.0	69.02	66.34	65.49
NM_001181668.3	4.61	5.76	7.72	9.87	9.34	10.72
NM_001181669.1	7.99	8.22	9.43	9.64	9.02	8.43
NM_001181670.4	10.47	14.14	15.84	13.66	15.0	15.05
NM_001181671.1	17.89	18.4	19.14	18.72	17.41	21.73
NM_001181672.1	150.34	163.77	162.65	139.0	143.1	123.86
NM_001181673.3	84.24	93.48	90.04	88.86	85.99	92.53
NM_001181674.1	324.11	324.74	353.46	386.11	401.46	451.0
NM_001181675.1	63.09	71.56	70.86	67.28	73.08	72.73
NM_001181677.3	8.39	8.14	8.74	9.1	11.06	12.65
NM_001181679.1	4.3	4.49	3.92	4.21	4.17	4.15
NM_001181680.1	17.01	11.31	16.06	17.52	14.86	17.72
NM_001181682.3	44.78	46.49	52.73	46.82	52.24	55.04
NM_001181683.1	46.93	59.86	52.37	49.88	52.92	44.87
NM_001181684.3	0.0	0.0	0.0	0.0	0.04	0.0
NM_001181685.2	0.87	0.62	1.08	0.22	0.34	0.68
NM_001181686.1	0.0	0.04	0.0	0.0	0.0	0.0
NM_001181687.2	0.97	1.63	1.57	0.88	0.9	0.95
NM_001181688.3	5.64	6.98	7.82	6.77	6.61	5.82
NM_001181689.1	9.87	11.37	11.1	12.19	11.4	12.79
NM_001181690.1	35.18	35.61	43.92	42.78	40.83	42.03
NM_001181691.3	6.45	7.13	7.21	8.94	8.87	9.74
NM_001181692.1	26.11	24.14	27.14	29.12	28.31	36.27
NM_001181693.1	3.19	3.72	3.68	4.16	3.94	4.13
NM_001181694.3	0.67	0.59	0.66	0.76	0.71	0.68
NM_001181697.1	1.58	1.32	1.86	1.29	1.21	1.98
NM_001181698.1	16.31	17.95	19.57	18.55	18.14	18.78
NM_001181699.3	18.52	20.59	21.81	20.21	19.12	20.22
NM_001181700.1	23.97	27.48	29.53	37.1	34.37	38.33
NM_001181701.1	16.46	17.53	15.16	17.04	16.03	15.57
NM_001181702.3	59.35	57.92	71.73	64.5	67.93	71.75
NM_001181703.1	740.17	762.84	809.74	909.4	840.19	971.62
NM_001181704.1	14.93	16.72	17.24	20.94	18.78	21.53
NM_001181705.3	405.73	400.08	284.48	364.77	359.42	232.9
NM_001181706.1	70.07	77.59	75.37	99.11	104.57	91.39
NM_001181707.1	20.14	21.16	21.2	19.87	19.09	21.63
NM_001181708.3	14.11	15.48	12.63	12.42	14.27	13.28
NM_001181709.1	23.16	23.23	29.54	24.68	22.16	28.78
NM_001181710.1	6.65	7.91	8.73	10.53	10.93	10.42
NM_001181711.3	5.93	7.53	5.26	7.6	5.78	7.68
NM_001181712.1	3.96	4.68	4.68	4.0	4.69	3.46
NM_001181713.1	15.35	14.87	18.38	23.34	20.67	25.29
NM_001181714.3	12.71	17.03	18.6	17.0	16.0	16.64
NM_001181715.1	23.11	26.87	23.44	26.03	24.93	23.29
NM_001181716.1	20.77	21.32	26.45	27.52	28.91	28.51
NM_001181717.3	21.74	23.49	24.12	25.69	23.7	22.05
NM_001181718.1	58.79	63.21	54.67	55.42	46.41	46.68
NM_001181719.1	1.21	1.1	1.3	0.48	0.42	0.46
NM_001181720.3	9.46	10.97	13.66	12.2	12.76	15.22
NM_001181721.1	120.05	119.45	134.44	102.33	101.49	120.44
NM_001181722.1	162.92	174.92	167.59	198.75	187.83	199.59
NM_001181723.3	124.78	122.92	129.44	156.52	151.54	170.5
NM_001181724.1	5.81	6.97	6.39	6.58	5.75	6.63
NM_001181725.1	22.79	22.11	27.64	29.69	27.38	28.43
NM_001181726.3	40.84	42.61	46.36	47.04	46.47	47.7
NM_001181727.1	119.02	122.62	133.59	104.56	109.11	100.28
NM_001181728.1	311.68	302.63	317.32	317.64	312.61	347.51
NM_001181730.3	69.25	68.78	80.11	69.24	70.78	88.33
NM_001181731.1	28.51	30.49	36.04	31.82	32.51	44.93
NM_001181732.1	23.94	29.54	29.86	38.47	37.76	41.45
NM_001181733.3	61.88	67.67	70.16	62.28	65.66	67.77
NM_001181734.1	54.44	58.73	71.97	71.57	75.3	74.71
NM_001181735.1	165.41	192.82	194.51	197.51	213.09	215.6
NM_001181736.3	1.54	1.97	1.92	2.29	3.19	2.55
NM_001181737.1	0.16	0.0	0.0	0.0	0.0	0.0
NM_001181738.1	16.96	19.55	22.07	21.58	21.15	22.73
NM_001181739.3	18.32	18.85	21.86	19.03	22.4	20.46
NM_001181740.1	13.77	13.79	11.94	14.22	14.37	13.18
NM_001181741.1	8.91	8.49	8.42	12.1	13.09	12.1
NM_001181742.3	175.65	158.19	177.43	180.36	178.91	200.78
NM_001181743.1	62.1	71.32	75.56	85.11	81.01	64.18
NM_001181745.1	65.07	74.07	79.49	86.07	82.16	83.28
NM_001181746.3	4.81	5.48	5.11	5.75	5.45	6.07
NM_001181747.1	8.43	10.02	9.39	11.65	9.71	11.42
NM_001181748.1	19.3	19.36	17.83	21.95	18.36	21.27
NM_001181749.3	24.6	27.61	24.4	30.57	25.16	28.29
NM_001181750.1	21.22	27.15	22.74	26.62	25.93	28.57
NM_001181751.1	7.83	7.27	8.31	7.0	6.72	6.04
NM_001181752.3	1774.44	1824.95	1606.25	1774.31	1754.67	1525.71
NM_001181753.1	0.24	0.3	0.1	0.25	0.45	0.11
NM_001181754.1	15.13	16.05	15.45	21.15	20.95	24.25
NM_001181755.3	16.08	17.84	21.63	19.46	21.4	18.37
NM_001181756.2	3.42	3.63	3.93	3.74	2.91	4.43
NM_001181757.1	20.84	25.31	26.86	33.13	30.28	29.02
NM_001181758.3	9.97	10.19	12.19	14.9	16.15	17.02
NM_001181759.1	27.92	25.86	30.97	36.9	35.04	36.43
NM_001181760.1	10.19	12.57	10.72	17.68	15.43	16.39
NM_001181761.4	22.05	21.03	23.44	35.7	36.23	40.77
NM_001181762.1	1882.12	1732.25	1780.0	2315.38	2373.98	2782.76
NM_001181763.1	481.31	474.77	473.69	447.38	449.94	510.89
NM_001181764.4	3.92	4.2	4.56	3.37	3.15	3.77
NM_001181765.2	0.06	0.0	0.0	0.0	0.0	0.0
NM_001181766.1	3.24	3.0	3.51	2.95	3.98	3.3
NM_001181767.3	50.14	46.62	50.81	154.48	148.28	152.71
NM_001181768.1	4.09	3.76	4.27	4.39	3.88	3.51
NM_001181769.1	11.94	12.07	14.51	14.82	16.23	18.16
NM_001181770.3	10.6	11.53	12.28	13.02	12.66	16.8
NM_001181771.1	18.92	22.47	23.49	22.64	25.4	28.51
NM_001181773.3	1.39	1.91	1.59	0.63	1.41	1.15
NM_001181774.1	18.6	17.13	18.52	13.82	17.08	17.55
NM_001181775.1	90.3	99.9	106.26	84.81	88.99	94.32
NM_001181776.3	50.81	55.92	63.73	63.06	65.04	66.42
NM_001181777.1	1.98	2.75	2.43	2.02	2.07	2.1
NM_001181778.1	6.37	9.09	14.25	8.19	9.91	10.41
NM_001181779.3	284.96	309.45	312.38	353.33	361.6	377.39
NM_001181780.1	6.23	4.61	4.81	5.09	5.76	6.07
NM_001181781.1	4595.96	4552.05	4398.78	4170.07	4253.03	4286.0
NM_001181782.3	23.4	23.87	28.64	29.25	25.19	29.07
NM_001181783.1	65.64	71.02	73.46	92.12	88.87	90.93
NM_001181784.1	13.04	15.18	17.48	15.65	16.94	18.54
NM_001181785.3	5.47	4.98	4.93	7.25	7.11	7.1
NM_001181787.2	6.99	6.34	6.83	5.24	5.68	5.48
NM_001181788.1	4.09	4.72	5.36	6.08	6.32	6.81
NM_001181789.3	19.65	19.64	23.04	20.78	20.5	21.36
NM_001181790.2	20.17	23.26	23.59	20.15	19.05	20.07
NM_001181791.1	40.66	37.31	43.92	39.54	41.73	42.12
NM_001181792.3	10.51	10.22	11.61	10.34	8.27	8.74
NM_001181793.1	3.9	5.59	4.53	4.12	4.56	2.95
NM_001181794.3	5.74	5.52	5.87	6.31	6.32	6.37
NM_001181795.1	9.19	10.96	9.57	10.62	10.38	11.09
NM_001181796.2	3.72	4.32	4.51	5.33	4.57	5.17
NM_001181797.3	449.18	477.8	506.27	494.43	473.03	504.11
NM_001181798.1	5.35	5.78	5.97	5.93	5.52	5.78
NM_001181799.1	3.69	4.23	5.03	3.74	3.9	4.37
NM_001181800.3	25.65	28.31	33.48	24.82	25.81	25.78
NM_001181801.1	101.85	107.24	112.87	102.2	97.29	105.8
NM_001181802.1	56.38	54.95	52.48	60.49	58.55	61.01
NM_001181803.3	3944.42	3811.17	4261.67	3303.03	3557.47	3634.23
NM_001181805.1	7.28	7.85	10.3	9.15	9.48	8.87
NM_001181806.1	245.99	260.66	244.92	222.63	203.97	240.16
NM_001181807.4	0.14	0.24	0.55	0.28	0.04	0.17
NM_001181808.4	0.51	0.43	1.69	0.21	0.36	1.49
NM_001181809.2	0.02	0.03	0.03	0.0	0.0	0.0
NM_001181810.3	0.11	0.06	0.24	0.03	0.03	0.0
NM_001181811.3	0.32	0.05	0.79	0.13	0.05	0.0
NM_001181812.1	0.06	0.42	0.55	0.23	0.31	0.4
NM_001181813.1	0.0	0.17	0.0	0.5	0.0	0.35
NM_001181814.3	0.56	0.53	1.12	0.85	1.27	1.92
NM_001181816.3	0.0	0.06	0.0	0.03	0.0	0.0
NM_001181817.1	1.29	1.74	1.69	1.57	2.43	1.84
NM_001181818.1	0.33	0.11	0.38	0.19	0.12	0.06
NM_001181819.3	6.18	6.0	6.42	7.45	5.68	7.06
NM_001181821.1	26.81	30.87	28.22	43.56	41.39	42.71
NM_001181822.1	6.48	5.75	8.47	5.32	5.1	5.76
NM_001181823.1	1.41	2.15	2.37	2.06	2.06	1.51
NM_001181824.1	9.08	8.91	9.88	10.41	11.89	12.17
NM_001181825.1	0.0	0.0	0.0	0.04	0.02	0.08
NM_001181826.1	12.25	13.62	14.99	14.37	13.39	14.72
NM_001181827.1	4.7	6.28	5.79	5.7	6.91	5.54
NM_001181828.1	63.14	68.15	63.16	79.16	69.83	82.48
NM_001181829.1	58.83	58.06	60.23	84.23	70.75	87.74
NM_001181830.1	24.45	23.25	26.3	27.81	30.56	29.54
NM_001181831.1	38.11	39.18	43.5	41.13	38.54	44.59
NM_001181832.1	9.56	11.51	12.13	8.81	7.6	8.62
NM_001181833.1	25.45	27.95	30.15	23.32	22.33	28.76
NM_001181834.1	101.28	110.52	111.18	97.9	100.05	98.34
NM_001181835.1	10.26	11.44	12.59	13.49	11.68	14.11
NM_001181838.1	398.32	387.34	415.15	463.65	453.03	479.68
NM_001181839.1	3.1	3.33	3.95	5.96	5.7	5.93
NM_001181841.1	29.62	33.43	27.8	39.43	33.44	35.89
NM_001181842.1	24.58	26.63	30.93	26.42	29.15	29.98
NM_001181843.1	44.43	47.64	50.05	48.5	45.83	52.28
NM_001181844.1	5318.22	5518.63	6085.4	6666.46	6339.84	6650.92
NM_001181845.1	2.52	0.72	1.39	1.41	1.58	1.51
NM_001181846.1	133.77	155.31	174.58	273.75	232.1	227.18
NM_001181847.1	26.2	29.75	28.2	36.25	33.8	32.78
NM_001181848.1	27.2	25.51	30.28	29.29	26.05	35.23
NM_001181849.1	35.54	35.59	39.22	39.12	38.69	41.5
NM_001181851.1	23.45	26.55	27.41	25.1	25.09	25.01
NM_001181852.1	8.2	8.53	9.95	7.59	7.12	8.17
NM_001181853.1	5.42	5.58	4.56	5.89	7.54	8.16
NM_001181854.1	32.2	30.13	40.34	36.21	36.99	39.03
NM_001181855.1	9.54	9.25	10.78	9.16	10.48	10.36
NM_001181856.1	15.37	18.33	19.21	17.35	19.74	18.35
NM_001181858.1	15.44	14.33	12.31	15.6	13.77	11.59
NM_001181859.1	147.51	153.91	195.98	403.87	390.78	370.12
NM_001181860.1	17.02	20.43	19.46	21.52	18.44	20.03
NM_001181861.1	21.7	25.14	27.33	35.95	41.64	38.47
NM_001181862.1	1.29	1.2	1.79	0.63	1.42	1.17
NM_001181863.1	29.28	26.88	29.28	34.44	32.53	36.72
NM_001181865.1	3437.71	3321.56	3108.55	3110.94	3178.87	2975.15
NM_001181866.1	0.23	0.7	0.62	0.13	0.28	0.68
NM_001181868.1	35.45	39.4	41.82	38.96	34.42	36.23
NM_001181869.1	6.8	9.43	19.02	11.73	11.57	10.97
NM_001181870.1	988.47	992.95	1021.34	1135.38	1125.18	1084.24
NM_001181871.1	12.4	11.12	13.69	12.92	11.84	12.62
NM_001181872.1	6.21	2.54	2.97	1.6	1.35	0.65
NM_001181873.1	0.0	0.2	0.0	0.1	0.0	0.21
NM_001181874.2	2.63	3.18	3.23	3.62	3.01	3.38
NM_001181875.1	0.59	0.75	0.55	0.71	0.42	0.4
NM_001181876.1	1.91	3.15	2.53	1.07	1.56	0.8
NM_001181877.1	0.14	0.72	0.47	0.63	0.26	0.08
NM_001181878.1	11.13	12.51	12.43	11.49	10.14	10.61
NM_001181880.1	2.88	1.98	2.65	4.22	4.97	10.22
NM_001181881.1	15.01	14.47	13.71	14.32	12.63	18.88
NM_001181882.1	7.7	8.88	10.05	8.28	6.21	6.15
NM_001181883.1	2.99	2.83	3.47	3.16	3.48	3.4
NM_001181884.1	0.0	0.0	0.0	0.12	0.0	0.0
NM_001181886.1	0.05	0.01	0.0	0.03	0.03	0.0
NM_001181887.1	0.05	0.01	0.0	0.03	0.03	0.03
NM_001181888.1	9.47	10.23	10.14	8.78	9.35	9.03
NM_001181889.1	39.06	44.19	42.28	34.86	34.89	34.74
NM_001181890.1	45.58	51.85	56.01	33.56	32.54	34.21
NM_001181891.1	0.56	1.02	1.24	1.28	0.91	1.01
NM_001181892.1	18.48	19.89	20.75	22.6	21.18	22.6
NM_001181893.1	6.28	6.85	7.3	8.95	7.85	8.78
NM_001181894.1	6.88	8.72	8.68	8.67	8.36	8.4
NM_001181895.1	60.75	63.62	75.53	74.37	67.78	70.79
NM_001181896.1	132.14	145.33	147.53	146.79	144.88	143.74
NM_001181897.1	2.35	2.01	2.98	3.0	3.17	2.83
NM_001181898.1	8.42	10.28	13.02	5.69	9.11	8.1
NM_001181899.1	0.17	0.14	0.0	0.0	0.0	0.0
NM_001181900.1	0.0	0.11	0.0	0.0	0.12	0.0
NM_001181901.1	2.15	2.49	2.77	2.63	2.42	2.92
NM_001181902.1	8.02	9.54	10.56	11.37	9.2	13.14
NM_001181903.1	10.46	12.69	10.03	12.54	16.32	13.65
NM_001181904.1	101.09	102.6	123.01	120.93	133.31	159.61
NM_001181905.1	27.01	28.55	31.77	27.67	31.67	30.62
NM_001181906.1	23.3	23.39	23.36	35.01	34.03	30.87
NM_001181907.1	12.63	13.71	15.24	14.05	14.33	16.02
NM_001181908.1	20.29	19.03	21.04	29.23	28.97	29.06
NM_001181909.1	55.25	55.48	61.87	67.11	59.83	62.19
NM_001181910.1	10.97	13.93	13.19	14.65	15.19	13.87
NM_001181911.2	3.26	3.49	4.3	4.26	4.65	5.16
NM_001181912.1	55.73	62.11	63.98	73.46	70.03	71.71
NM_001181913.1	34.9	37.48	39.26	36.35	40.15	43.54
NM_001181914.1	299.26	292.83	322.42	392.44	384.28	425.62
NM_001181915.1	88.44	90.83	97.81	97.59	92.6	106.63
NM_001181916.1	4847.47	4719.22	4519.49	4519.62	4550.13	4157.97
NM_001181917.1	0.86	0.61	0.59	1.32	0.61	1.16
NM_001181918.1	0.1	0.08	0.16	0.33	0.0	0.18
NM_001181919.1	7.84	8.48	8.46	9.87	9.5	9.37
NM_001181920.1	21.76	22.2	27.3	19.24	18.21	19.01
NM_001181921.2	75.11	70.22	76.47	65.27	65.18	72.82
NM_001181922.1	2.04	1.74	2.35	2.02	2.24	2.2
NM_001181923.1	11.86	15.22	16.38	12.67	16.47	17.14
NM_001181924.1	1.26	0.6	1.16	1.52	0.79	2.02
NM_001181925.1	89.34	88.01	77.05	130.91	124.83	95.96
NM_001181926.1	9.25	9.21	10.57	10.42	10.88	10.76
NM_001181927.1	12.17	16.1	15.12	6.45	7.1	9.25
NM_001181929.1	20.73	22.25	22.38	15.6	19.96	18.88
NM_001181930.1	649.49	630.82	690.2	665.21	699.9	725.25
NM_001181931.1	14277.47	13892.44	15491.42	12747.2	13059.05	14730.24
NM_001181932.1	13.35	14.73	14.3	15.61	14.03	15.64
NM_001181933.1	0.28	0.18	0.23	0.35	0.07	0.13
NM_001181934.1	5.37	4.5	4.86	5.31	4.71	5.07
NM_001181935.1	2575.56	2521.36	2706.05	2353.81	2375.33	2645.27
NM_001181936.1	25.08	29.05	29.77	32.21	31.98	30.53
NM_001181937.1	30.65	30.14	31.26	25.31	28.16	27.12
NM_001181938.1	49.35	54.09	50.36	70.42	62.34	59.29
NM_001181939.1	26.8	24.96	24.72	32.11	30.27	27.79
NM_001181940.1	0.0	0.0	0.0	0.13	0.0	0.0
NM_001181941.1	0.38	0.39	0.5	0.66	0.51	0.69
NM_001181942.1	16.35	17.66	17.24	20.08	17.52	23.18
NM_001181943.1	292.31	295.12	342.96	308.28	305.58	295.21
NM_001181944.1	8.3	9.03	9.29	7.83	7.74	9.71
NM_001181945.1	584.0	519.26	412.68	591.63	633.39	507.63
NM_001181946.1	37.36	38.3	43.42	27.43	35.41	38.95
NM_001181947.1	273.11	276.15	291.48	317.09	307.38	325.58
NM_001181948.1	3784.85	3580.0	3536.84	3127.45	3297.45	3210.37
NM_001181950.1	16.03	16.41	22.42	16.29	16.99	17.52
NM_001181951.1	34.91	40.37	43.52	44.52	41.04	42.28
NM_001181952.1	57.75	61.24	59.84	48.38	51.68	49.95
NM_001181953.1	50.96	60.01	69.47	73.54	66.31	62.06
NM_001181954.1	2.35	2.32	3.76	2.98	2.52	2.6
NM_001181955.1	23.59	28.77	26.03	39.53	34.79	36.13
NM_001181956.1	18.13	18.1	21.23	17.61	16.77	18.23
NM_001181957.1	2.15	1.24	1.61	2.52	1.72	2.72
NM_001181958.1	13.85	14.35	14.47	16.7	16.42	16.57
NM_001181959.1	9.72	10.78	10.61	12.0	12.56	12.54
NM_001181960.1	25.79	23.02	28.34	24.69	26.91	27.29
NM_001181961.1	88.2	88.54	92.72	118.52	112.37	122.97
NM_001181962.1	5636.28	5557.86	5639.45	5741.2	6077.58	5855.55
NM_001181964.1	10.01	10.28	11.04	10.3	9.81	9.87
NM_001181965.1	32.46	39.43	38.24	46.69	44.88	40.42
NM_001181966.1	39.18	40.28	40.62	51.27	45.45	48.06
NM_001181967.1	2.27	3.39	3.98	3.18	2.92	2.59
NM_001181968.1	1.53	1.13	1.53	1.06	1.03	1.29
NM_001181969.1	6.93	9.3	9.95	10.37	12.13	12.04
NM_001181970.1	88.72	97.7	99.68	92.03	91.43	96.87
NM_001181971.1	17.64	22.5	18.5	19.53	17.02	18.15
NM_001181972.1	9.99	10.14	13.06	9.7	10.66	10.19
NM_001181973.1	9.32	9.69	9.08	10.77	8.72	9.6
NM_001181974.1	1.47	1.76	2.1	2.04	1.7	1.71
NM_001181975.1	27.89	32.72	33.35	33.43	32.82	34.2
NM_001181976.1	52.29	52.58	58.16	63.3	63.72	66.44
NM_001181977.1	12.47	12.62	15.08	19.23	18.56	21.63
NM_001181978.1	5.04	5.01	6.11	4.22	4.26	5.36
NM_001181979.1	1.42	0.64	0.7	0.73	0.61	0.96
NM_001181980.1	48.05	54.05	53.94	59.61	65.8	54.7
NM_001181981.1	23.08	25.64	25.24	24.5	25.74	26.35
NM_001181982.1	13.49	15.14	18.03	14.85	14.21	16.11
NM_001181983.1	14.09	14.75	14.36	14.23	14.49	15.96
NM_001181984.1	6.11	7.54	7.29	8.61	7.49	10.72
NM_001181985.1	4.18	4.42	4.73	4.19	4.23	4.86
NM_001181986.1	8.21	7.75	9.74	7.99	7.69	9.87
NM_001181987.1	106.12	111.76	129.46	110.62	110.98	114.74
NM_001181989.1	9.79	11.8	11.07	12.3	11.63	11.5
NM_001181990.1	4.66	6.81	6.37	6.99	6.78	6.43
NM_001181991.1	33.23	33.92	40.76	37.46	34.22	45.94
NM_001181992.1	5.25	7.22	7.36	5.25	5.48	5.79
NM_001181993.1	16.69	16.7	20.11	18.01	16.23	17.13
NM_001181994.1	9.69	10.01	12.68	14.28	14.4	13.85
NM_001181995.1	16.36	15.76	15.7	17.9	18.25	19.65
NM_001181996.1	4828.38	5005.74	5437.01	5172.27	4964.1	5523.53
NM_001181997.1	13009.29	12472.42	14267.73	10368.29	11872.23	14492.93
NM_001182000.1	54.01	58.47	58.92	65.98	63.36	72.63
NM_001182001.1	16.93	17.54	18.74	19.96	18.02	19.98
NM_001182002.1	9.38	10.64	9.91	10.01	10.54	10.3
NM_001182003.1	14.78	16.61	17.68	15.08	14.97	17.95
NM_001182004.1	8.08	9.65	10.41	10.78	11.07	12.08
NM_001182005.1	45.48	48.98	57.56	49.55	46.03	53.21
NM_001182006.1	15.34	14.94	19.86	16.49	18.3	17.03
NM_001182007.1	37.86	38.39	36.58	43.76	42.1	44.05
NM_001182008.1	7.17	7.42	6.43	6.94	8.39	10.23
NM_001182012.1	0.52	0.33	0.64	0.97	0.49	1.16
NM_001182013.1	28.79	25.76	34.16	20.81	21.3	24.86
NM_001182014.1	3.18	3.19	3.51	3.36	2.34	3.05
NM_001182015.1	7.35	7.82	8.71	7.97	9.16	6.43
NM_001182016.1	40.26	41.24	48.65	46.6	45.06	51.23
NM_001182017.1	14.61	18.55	15.58	14.73	15.97	15.51
NM_001182018.1	11.98	12.47	11.28	12.1	10.66	12.57
NM_001182019.1	4.96	6.9	6.39	6.29	5.35	6.11
NM_001182020.1	18.34	20.52	22.39	23.9	24.89	25.4
NM_001182021.1	612.17	545.69	635.89	496.84	519.03	581.79
NM_001182022.1	2.35	3.35	2.67	4.24	3.41	3.66
NM_001182023.1	75.05	63.5	65.14	84.93	67.36	67.26
NM_001182024.1	6.54	6.24	7.2	6.53	7.69	8.57
NM_001182025.1	12.81	14.07	15.03	13.16	11.06	13.52
NM_001182026.1	6.26	7.14	8.11	6.35	6.68	7.16
NM_001182028.1	4.49	4.46	4.21	4.74	4.03	4.19
NM_001182029.1	1.59	1.81	2.51	2.19	2.85	3.53
NM_001182030.1	11.9	12.45	16.07	16.73	15.57	16.83
NM_001182031.1	13.64	14.86	13.8	16.68	15.46	17.96
NM_001182032.1	8.59	9.66	8.64	11.56	10.25	9.55
NM_001182033.1	18.01	22.48	27.48	23.99	25.26	25.62
NM_001182034.1	30.76	35.31	34.5	44.86	45.14	51.54
NM_001182035.1	12.53	13.1	14.66	15.73	13.54	14.13
NM_001182036.1	0.97	1.2	0.99	1.95	1.76	1.27
NM_001182037.1	2472.19	2375.99	2184.66	2330.27	2432.96	2182.88
NM_001182038.1	4.05	4.41	5.32	5.51	5.67	5.37
NM_001182039.1	1.22	1.77	1.8	2.02	1.38	2.02
NM_001182040.1	251.04	261.1	268.82	226.61	219.39	229.94
NM_001182041.1	37.94	38.7	35.47	35.55	34.74	30.7
NM_001182042.1	0.0	0.0	0.0	0.0	0.0	0.0
NM_001182043.1	0.0	0.0	0.0	0.0	0.0	0.0
NM_001182044.1	0.0	0.0	0.0	0.0	0.0	0.0
NM_001182045.1	0.0	0.0	0.0	0.0	0.0	0.0
NM_001182046.1	0.0	0.0	0.0	0.0	0.0	0.0
NM_001182047.1	0.0	0.0	0.0	0.0	0.0	0.0
NM_001182048.1	0.0	0.0	0.0	0.0	0.0	0.0
NM_001182049.1	0.15	0.37	0.48	0.12	0.14	1.32
NM_001182050.1	30.2	34.21	38.97	33.68	30.6	34.89
NM_001182051.1	1.07	0.37	1.07	1.35	1.21	0.39
NM_001182052.1	1.84	3.46	4.04	3.77	2.57	3.59
NM_001182053.1	11.78	13.19	13.81	14.18	11.68	12.79
NM_001182054.1	6687.61	6392.94	6045.12	5962.02	6154.75	5508.78
NM_001182055.1	6.38	8.82	8.58	6.97	9.98	7.57
NM_001182057.1	40.34	41.54	49.46	54.83	50.77	51.02
NM_001182059.1	122.16	122.84	138.24	135.82	136.82	154.2
NM_001182060.1	5.26	5.34	5.19	4.49	4.59	5.17
NM_001182061.1	0.05	0.0	0.08	0.12	0.09	0.08
NM_001182062.1	318.22	332.37	361.13	293.97	282.82	312.33
NM_001182063.1	6.29	7.15	7.12	6.48	6.99	6.68
NM_001182064.1	2.25	2.29	2.54	4.16	3.27	3.83
NM_001182065.1	12.17	12.4	11.08	17.42	17.37	18.43
NM_001182066.1	379.96	409.24	410.39	284.28	294.3	324.9
NM_001182067.1	591.43	572.76	514.22	480.81	489.3	498.56
NM_001182068.1	19.19	20.06	23.98	20.87	21.46	22.81
NM_001182069.1	15.66	17.07	15.32	16.67	14.76	16.73
NM_001182070.1	26.53	31.11	27.46	32.73	31.9	31.4
NM_001182072.1	3518.12	3443.05	3078.96	3235.67	3328.16	2834.05
NM_001182073.1	93.18	96.02	97.43	91.52	95.53	109.81
NM_001182074.1	13.83	16.01	16.4	18.88	16.6	18.96
NM_001182075.1	13.37	13.87	15.94	15.43	14.98	16.08
NM_001182076.1	5.58	5.68	5.3	6.16	6.45	6.3
NM_001182077.1	31.3	30.24	27.36	30.14	27.04	31.7
NM_001182078.1	11.86	11.65	14.48	14.45	13.34	14.28
NM_001182079.1	274.43	290.5	259.22	301.07	263.67	273.03
NM_001182080.1	22.36	25.69	25.59	26.8	29.46	27.6
NM_001182081.1	40.13	44.48	38.69	61.81	61.95	69.39
NM_001182082.1	55.02	60.88	64.3	81.95	77.85	87.86
NM_001182083.1	99.02	101.2	102.25	103.83	90.61	100.92
NM_001182084.1	404.65	430.4	440.45	399.38	411.98	402.41
NM_001182086.1	33.54	38.51	38.88	45.84	47.38	48.74
NM_001182087.1	69.58	81.89	76.31	111.93	101.98	90.99
NM_001182088.1	24.69	26.72	28.88	33.81	33.61	30.57
NM_001182090.1	31.16	32.56	37.79	27.89	29.04	35.44
NM_001182091.1	38.88	35.78	54.07	45.07	34.47	48.74
NM_001182092.1	9.48	8.5	8.27	16.34	14.93	13.84
NM_001182093.1	36.89	40.55	41.58	31.8	31.73	39.38
NM_001182094.1	13.87	15.24	16.99	16.8	16.57	17.98
NM_001182095.1	193.1	187.16	211.22	227.7	218.98	238.43
NM_001182096.1	35.99	35.8	39.96	45.05	43.19	50.87
NM_001182097.1	10.38	9.39	10.29	11.1	10.89	11.02
NM_001182098.1	5.26	5.46	3.68	6.61	6.19	5.77
NM_001182099.1	17.49	16.64	19.97	20.78	20.4	25.38
NM_001182100.1	2.2	2.27	1.82	2.65	2.89	3.05
NM_001182101.1	209.35	211.54	215.96	232.98	213.11	191.99
NM_001182102.1	9.69	10.76	13.87	12.09	13.75	15.26
NM_001182103.1	298.55	325.47	376.11	416.17	407.92	379.0
NM_001182105.1	12.81	12.34	14.77	13.52	12.3	18.6
NM_001182106.1	13.0	14.14	14.38	14.21	16.75	16.16
NM_001182107.1	33.12	35.76	33.96	44.45	45.65	48.07
NM_001182108.1	68.35	72.08	73.48	99.87	91.32	87.98
NM_001182109.1	45.56	45.86	52.63	56.06	55.38	59.85
NM_001182110.1	9.39	11.5	13.0	13.06	10.91	13.45
NM_001182111.1	6.14	5.32	8.11	8.54	7.21	8.53
NM_001182112.1	25.36	25.79	32.41	49.8	46.28	48.26
NM_001182113.1	11.31	12.14	14.97	12.91	10.94	13.45
NM_001182114.1	0.79	1.18	0.85	0.83	0.67	1.14
NM_001182115.1	7.77	7.56	7.02	7.19	7.95	8.14
NM_001182116.1	149.76	154.57	167.87	129.08	123.02	133.64
NM_001182118.1	33.6	38.73	38.36	41.74	40.78	37.64
NM_001182120.1	0.76	0.79	0.89	0.8	1.06	0.81
NM_001182121.1	2.43	2.63	3.13	2.81	3.16	3.46
NM_001182124.1	10.09	13.03	11.91	10.43	10.1	13.47
NM_001182125.1	6.55	7.25	8.1	7.46	7.2	7.84
NM_001182126.1	9.47	10.41	11.29	13.05	11.78	10.58
NM_001182127.1	6.14	6.43	6.31	7.85	7.13	8.65
NM_001182128.1	15.23	15.19	15.85	15.2	14.64	14.98
NM_001182129.1	4.86	5.67	6.6	5.86	5.81	3.96
NM_001182130.1	28.94	32.89	35.39	32.72	36.74	38.8
NM_001182131.1	295.5	293.92	283.87	413.18	411.84	393.17
NM_001182132.1	18.79	17.73	22.93	20.44	15.95	23.33
NM_001182133.1	2.99	1.82	1.77	2.77	2.92	2.79
NM_001182134.1	5.12	5.87	6.45	8.26	7.59	7.56
NM_001182135.1	48.58	56.92	49.78	49.11	38.73	44.9
NM_001182136.1	3340.89	3358.83	3260.74	3279.34	3172.39	3385.36
NM_001182137.1	87.91	99.47	100.74	85.19	84.58	81.72
NM_001182138.1	2.33	2.06	3.24	2.88	2.98	3.35
NM_001182140.1	6.22	8.21	7.65	7.78	9.46	9.67
NM_001182141.1	8.4	10.38	8.5	11.41	10.29	10.1
NM_001182143.1	25.72	25.79	26.24	19.45	18.99	19.25
NM_001182144.1	97.22	99.26	84.47	152.72	139.54	140.03
NM_001182145.1	11.74	12.63	14.38	20.88	21.39	19.89
NM_001182146.1	579.69	613.29	766.71	834.69	677.88	851.0
NM_001182147.1	9.34	9.56	10.99	11.33	12.29	12.6
NM_001182148.1	36.01	29.24	29.75	38.74	42.84	37.97
NM_001182149.1	56.73	53.0	58.63	67.48	64.49	60.1
NM_001182150.1	0.0	0.06	0.0	0.08	0.05	0.09
NM_001182151.1	1511.11	1503.48	1415.6	1404.38	1415.34	1301.53
NM_001182152.1	7.1	8.29	9.46	8.15	7.64	7.25
NM_001182153.1	2.47	2.52	2.75	3.32	3.34	2.89
NM_001182154.1	1.03	1.29	1.31	1.44	2.23	1.92
NM_001182155.1	67.33	75.98	78.37	71.89	79.25	78.72
NM_001182157.1	35.65	37.54	38.75	43.29	41.28	41.88
NM_001182158.1	2.75	4.11	3.42	3.75	3.5	4.09
NM_001182159.1	6.42	6.91	6.81	7.43	6.84	7.24
NM_001182160.1	0.67	1.06	1.56	1.09	1.26	1.91
NM_001182161.1	21.92	22.34	24.24	29.23	28.92	29.07
NM_001182162.1	29.11	31.57	32.38	47.88	38.24	41.86
NM_001182163.1	50.7	54.1	61.15	53.15	53.57	55.58
NM_001182164.1	8.67	9.41	13.3	15.0	15.44	14.85
NM_001182165.1	4.78	5.13	5.22	5.74	5.18	5.66
NM_001182168.1	2.88	2.75	2.49	3.96	3.48	3.32
NM_001182170.1	6.54	6.04	5.73	6.49	7.08	6.22
NM_001182171.1	5.32	3.74	5.93	4.63	4.57	4.62
NM_001182172.1	67.12	66.69	73.78	78.6	83.87	81.67
NM_001182173.1	562.18	572.32	559.77	613.85	626.97	618.15
NM_001182174.1	35.34	39.9	43.97	34.76	33.87	34.22
NM_001182175.1	2861.36	2949.33	2716.72	2435.02	2526.61	2232.19
NM_001182176.1	2.79	3.64	3.67	4.22	4.25	5.54
NM_001182177.1	3.02	2.42	3.08	2.71	3.13	2.74
NM_001182178.1	12.59	12.6	15.03	9.24	8.73	10.06
NM_001182179.1	63.38	65.63	74.71	63.51	56.08	63.93
NM_001182180.1	80.86	87.56	86.22	81.25	77.37	83.54
NM_001182181.1	1255.06	1314.36	1306.33	1370.74	1405.82	1402.9
NM_001182183.1	86.6	102.62	95.2	99.29	103.91	88.75
NM_001182185.1	4.87	5.65	7.63	6.35	5.61	7.07
NM_001182186.1	16.1	15.72	17.64	17.33	17.15	15.09
NM_001182187.1	11.65	12.09	12.01	16.15	14.8	17.88
NM_001182188.1	267.36	276.05	340.92	372.77	400.96	416.63
NM_001182189.1	245.12	231.52	274.05	266.63	271.8	289.29
NM_001182191.1	0.0	0.0	0.0	0.0	0.0	0.0
NM_001182192.1	189.61	202.53	266.73	301.29	300.59	307.74
NM_001182193.1	15.41	14.72	16.72	15.02	14.99	14.92
NM_001182194.1	9.61	13.08	11.12	14.31	13.08	9.97
NM_001182195.1	0.32	0.38	0.42	1.0	0.95	0.91
NM_001182196.1	0.0	0.0	0.1	0.05	0.06	0.22
NM_001182197.2	12.17	13.55	12.28	13.81	9.66	10.9
NM_001182198.1	10.27	9.85	11.29	11.71	10.99	10.88
NM_001182200.1	0.48	0.33	0.32	0.57	0.73	0.87
NM_001182201.1	23.1	23.3	26.42	29.65	28.82	30.82
NM_001182202.2	1.66	1.95	1.89	2.59	2.22	2.26
NM_001182203.2	96.9	106.85	103.68	144.65	132.0	142.78
NM_001182204.1	7.23	7.76	7.93	7.33	7.8	8.82
NM_001182205.1	9.82	11.65	11.39	15.76	12.88	14.07
NM_001182207.2	0.9	0.65	1.15	0.86	0.82	1.7
NM_001182208.1	10.51	12.98	12.57	12.52	11.11	13.2
NM_001182209.1	0.76	0.74	0.82	1.01	0.92	1.16
NM_001182210.1	40.75	42.89	42.93	37.72	38.45	36.8
NM_001182212.1	13.4	11.74	11.42	15.66	14.48	15.01
NM_001182213.1	13.95	16.57	16.28	19.87	17.71	18.68
NM_001182214.1	3314.28	3433.08	3067.9	3304.29	3284.06	2973.35
NM_001182215.1	9.87	12.46	14.32	14.46	13.99	14.29
NM_001182216.1	14.22	17.14	13.53	36.85	29.66	22.21
NM_001182217.1	43.22	48.22	46.67	52.72	50.61	48.17
NM_001182218.1	0.5	0.42	0.12	0.36	0.4	0.38
NM_001182219.1	35.5	40.48	35.42	45.56	39.87	41.05
NM_001182221.1	36.69	38.61	38.67	43.63	36.89	40.06
NM_001182222.1	1537.21	1617.51	1493.94	1546.6	1534.67	1459.47
NM_001182224.1	60.64	64.77	55.34	65.85	56.1	61.77
NM_001182225.1	21.15	23.45	23.17	25.74	23.75	25.23
NM_001182226.1	36.58	43.85	32.78	50.24	41.82	54.88
NM_001182229.1	3643.83	3604.94	3738.1	3069.21	3175.64	3373.39
NM_001182230.1	0.16	0.1	0.14	0.2	0.15	0.07
NM_001182231.1	184.91	199.81	219.55	230.73	219.07	240.91
NM_001182232.1	0.0	0.06	0.06	0.09	0.0	0.13
NM_001182233.1	1895.69	1952.17	1761.45	1775.38	1761.27	1551.72
NM_001182234.1	8.38	7.28	8.07	8.5	6.96	8.42
NM_001182235.1	10.14	9.79	22.91	10.45	4.86	15.88
NM_001182236.1	81.63	88.49	87.11	93.46	90.66	93.84
NM_001182237.1	37.2	36.01	37.89	51.15	46.69	55.47
NM_001182239.1	54.35	57.16	60.8	66.84	70.51	76.35
NM_001182240.1	56.11	62.89	71.87	73.05	75.81	79.33
NM_001182241.1	4.97	4.91	5.65	4.84	4.55	5.78
NM_001182242.1	4.19	5.02	4.59	3.68	3.71	3.28
NM_001182243.1	561.24	607.46	630.24	477.92	465.6	528.24
NM_001182244.1	2000.75	1850.79	1830.72	1680.5	1735.54	1737.36
NM_001182245.1	19.73	23.89	25.48	17.78	20.26	20.46
NM_001182246.1	22.18	24.77	24.9	28.28	26.87	28.12
NM_001182248.1	207.83	197.3	165.66	199.13	204.24	170.0
NM_001182249.3	7.06	6.17	7.25	5.73	7.32	7.87
NM_001182250.1	9.82	11.18	12.48	10.27	9.1	9.95
NM_001182251.1	7.89	8.51	10.81	11.1	12.18	12.09
NM_001182252.3	24.11	29.03	32.96	29.23	29.28	25.7
NM_001182253.3	16.85	15.31	17.61	27.2	28.39	29.81
NM_001182256.1	639.09	634.32	614.5	605.36	611.22	500.43
NM_001182257.3	3.08	3.44	4.57	4.97	4.54	4.67
NM_001182258.1	13.46	14.78	13.56	15.22	13.82	14.56
NM_001182259.3	117.54	118.59	137.72	130.25	144.22	154.86
NM_001182260.1	7.51	8.82	7.68	8.15	7.03	7.57
NM_001182261.3	254.69	273.38	291.33	232.48	221.14	244.12
NM_001182262.1	9.77	10.25	11.83	11.36	11.41	13.08
NM_001182264.3	20.17	17.92	15.63	16.81	18.23	17.17
NM_001182265.1	2.62	2.5	3.46	4.07	3.56	2.92
NM_001182266.3	0.0	0.05	0.09	0.09	0.52	0.2
NM_001182267.1	183.39	184.03	202.08	177.54	174.98	189.28
NM_001182269.3	49.32	42.39	56.98	37.52	41.41	45.16
NM_001182270.1	2.5	2.07	2.01	1.94	2.26	2.76
NM_001182271.3	4.92	4.78	5.74	4.94	5.87	6.03
NM_001182272.1	3.0	3.69	4.95	3.97	3.39	4.35
NM_001182273.3	62.07	67.01	73.11	76.96	78.07	82.37
NM_001182274.1	11.54	8.82	12.76	10.11	9.87	10.75
NM_001182275.3	13.46	14.77	14.13	14.15	13.01	13.96
NM_001182276.1	51.77	51.71	55.22	85.32	76.02	77.23
NM_001182277.3	1726.46	1747.7	1364.22	1685.57	1775.46	1263.85
NM_001182278.1	28.34	28.79	29.14	26.34	27.11	29.23
NM_001182279.3	32.34	29.66	32.66	33.87	36.8	37.93
NM_001182280.3	4.03	3.53	3.75	4.57	4.97	5.02
NM_001182281.1	10.95	10.44	11.0	12.69	9.82	9.26
NM_001182282.3	0.24	0.21	0.2	0.2	0.11	0.15
NM_001182283.1	90.98	108.88	102.37	135.63	143.11	103.4
NM_001182284.3	8.09	9.19	10.07	10.19	11.33	11.96
NM_001182285.1	27.86	28.3	34.34	31.81	32.34	31.45
NM_001182286.3	26.46	26.96	26.95	34.54	30.92	33.4
NM_001182287.1	51.91	60.67	45.62	70.42	58.52	66.55
NM_001182289.3	31.62	31.84	30.25	42.73	38.41	39.16
NM_001182291.1	20.81	23.86	21.86	23.03	22.27	25.86
NM_001182292.3	6.76	8.31	8.69	6.94	5.37	6.57
NM_001182293.1	13.28	15.07	15.01	16.43	15.72	14.32
NM_001182294.3	897.45	935.46	1002.26	950.18	923.48	1013.52
NM_001182295.4	22.4	23.62	25.42	26.42	22.81	17.62
NM_001182296.1	13.05	10.65	8.95	13.67	13.37	12.78
NM_001182297.3	40.13	41.67	49.66	54.69	53.84	54.61
NM_001182298.1	47.7	54.9	46.42	55.88	46.35	44.64
NM_001182299.3	2.09	2.97	2.7	2.53	2.85	2.93
NM_001182300.1	11.42	11.5	12.33	11.7	11.8	13.14
NM_001182301.1	257.34	264.97	225.96	288.46	281.04	308.22
NM_001182302.3	37.22	41.85	39.83	43.87	48.95	45.95
NM_001182303.1	0.0	0.13	0.0	0.13	0.29	0.27
NM_001182305.3	6.88	6.63	6.65	7.93	7.46	6.73
NM_001182306.1	49.25	54.33	46.19	46.27	39.76	43.27
NM_001182307.3	11.19	12.36	14.15	10.19	10.7	10.5
NM_001182308.1	143.06	131.36	130.13	101.94	108.71	100.46
NM_001182309.3	130.77	130.11	137.15	161.62	157.61	147.26
NM_001182310.1	3.46	3.52	4.84	4.96	4.4	4.9
NM_001182311.3	2.55	3.83	2.92	3.18	4.19	3.09
NM_001182312.1	4.37	4.13	4.9	5.83	4.93	5.92
NM_001182313.3	4.57	2.85	3.63	3.66	3.3	4.54
NM_001182314.1	9.0	9.02	10.38	10.78	9.75	12.01
NM_001182315.3	12.01	14.35	15.3	16.09	15.47	16.19
NM_001182317.1	102.22	104.45	102.21	121.46	114.35	120.5
NM_001182318.3	11.27	11.56	11.84	13.8	12.35	13.26
NM_001182319.1	1.11	2.3	2.56	2.22	1.94	2.31
NM_001182320.3	321.08	326.86	401.36	415.77	425.6	478.07
NM_001182321.1	23.64	26.65	27.33	30.14	25.68	25.09
NM_001182323.3	68.04	72.81	74.19	68.74	65.48	70.04
NM_001182324.1	6.27	6.39	6.47	6.31	6.66	6.41
NM_001182325.3	43.08	41.68	42.41	50.44	48.3	49.14
NM_001182326.1	111.1	123.25	114.7	108.32	113.35	123.88
NM_001182327.1	19.75	19.69	23.07	20.55	25.08	27.53
NM_001182328.3	16.62	16.28	16.74	14.88	14.77	16.88
NM_001182329.1	2564.84	2693.55	2452.67	2669.21	2672.9	2319.55
NM_001182330.3	7.27	8.43	9.57	10.24	9.3	9.0
NM_001182331.1	5.84	5.05	6.25	5.29	3.83	4.21
NM_001182333.3	0.1	0.08	0.16	0.0	0.09	0.0
NM_001182334.1	3.44	3.24	3.19	2.02	2.74	2.01
NM_001182335.3	250.64	257.02	277.07	308.04	311.67	311.84
NM_001182336.1	2301.12	2248.87	2255.78	2087.01	2147.49	2005.28
NM_001182337.3	165.09	171.68	173.48	116.43	113.47	125.52
NM_001182338.1	22.3	22.85	23.44	19.32	18.44	20.37
NM_001182339.3	6.31	7.08	7.24	7.72	6.7	6.77
NM_001182340.1	25.25	31.62	38.16	40.16	42.26	47.79
NM_001182341.3	1.32	1.79	2.02	1.1	1.42	1.14
NM_001182342.1	4.25	5.06	5.73	4.4	4.35	4.4
NM_001182343.3	18.73	24.01	25.69	24.68	22.89	21.26
NM_001182344.1	6.13	6.15	5.09	4.31	6.54	5.2
NM_001182345.3	2.98	3.46	3.27	4.25	4.16	4.41
NM_001182347.1	28.65	30.43	30.67	25.8	26.91	28.37
NM_001182348.3	8.48	9.33	12.04	11.13	13.44	12.98
NM_001182349.1	0.0	0.0	0.0	0.0	0.0	0.26
NM_001182350.3	0.0	0.0	0.15	0.0	0.0	0.0
NM_001182352.1	0.0	0.0	0.0	0.0	0.0	0.0
NM_001182354.3	0.0	0.01	0.0	0.04	0.0	0.0
NM_001182355.3	0.17	0.27	0.35	0.27	0.33	0.42
NM_001182356.1	145.73	144.61	176.43	184.15	178.6	198.43
NM_001182357.1	0.13	0.23	0.13	0.13	0.25	0.24
NM_001182358.1	2.28	3.23	3.46	2.95	3.26	2.59
NM_001182359.1	109.68	118.72	116.14	192.99	182.33	198.91
NM_001182360.1	9.24	9.46	11.71	10.45	12.23	10.97
NM_001182361.1	4.82	5.05	6.18	5.77	5.32	6.81
NM_001182362.1	31.14	35.58	30.46	48.79	41.89	48.76
NM_001182363.1	290.14	309.46	318.1	370.06	336.55	322.77
NM_001182364.1	73.79	73.77	66.97	60.7	57.15	67.49
NM_001182366.1	102.37	113.07	87.99	149.07	114.28	136.89
NM_001182368.1	9.84	12.32	13.94	14.94	14.2	12.56
NM_001182369.1	193.33	207.02	233.36	201.47	207.19	219.5
NM_001182371.1	19.25	19.02	22.15	20.37	21.46	23.99
NM_001182372.1	30.97	36.22	34.23	34.45	43.91	40.82
NM_001182373.1	11.99	12.12	11.83	13.52	14.59	11.75
NM_001182374.1	14.88	15.77	19.97	17.19	17.08	15.84
NM_001182375.1	53.29	62.58	59.93	53.57	50.51	50.61
NM_001182376.1	24.5	23.24	25.62	20.32	20.64	25.78
NM_001182377.1	34.42	36.81	41.01	39.43	38.78	44.95
NM_001182378.1	4.47	4.27	3.64	4.96	5.22	5.18
NM_001182379.1	23.44	24.63	27.2	32.88	30.24	34.63
NM_001182380.1	238.07	256.53	233.9	251.77	275.13	271.72
NM_001182381.1	2.43	3.36	3.5	3.83	3.25	4.37
NM_001182382.1	3512.66	3617.39	3325.02	3878.57	3887.88	3323.24
NM_001182383.1	29.8	27.11	30.16	29.01	28.71	31.2
NM_001182384.1	2939.71	2924.62	2884.59	2688.99	2728.83	2562.97
NM_001182385.1	22.48	26.17	20.07	26.33	23.64	25.12
NM_001182386.1	3058.58	2775.14	2809.21	2947.3	3320.42	3301.47
NM_001182387.1	11.76	13.56	11.99	15.51	14.13	15.49
NM_001182388.1	25.13	30.57	28.24	29.37	26.45	34.73
NM_001182389.1	23.05	23.32	26.89	23.56	22.88	23.09
NM_001182390.1	10.27	10.62	11.63	14.44	11.66	16.12
NM_001182391.1	15.52	19.2	15.0	21.49	17.42	19.03
NM_001182392.1	45.48	46.53	42.78	46.65	44.96	51.38
NM_001182394.1	22.3	22.18	24.33	26.76	24.33	25.7
NM_001182395.1	4.5	5.03	5.97	5.08	5.88	6.28
NM_001182396.1	15.16	17.64	17.09	18.32	15.24	20.69
NM_001182397.2	0.0	0.0	0.0	0.01	0.0	0.0
NM_001182398.1	0.0	0.0	0.0	0.04	0.0	0.0
NM_001182399.1	13.21	13.68	16.78	16.26	15.44	16.4
NM_001182400.1	0.62	0.63	0.73	0.52	0.89	0.63
NM_001182401.1	2.5	4.33	4.53	3.28	3.84	4.85
NM_001182402.2	1.02	1.38	1.8	0.8	0.87	1.5
NM_001182403.1	11.08	11.34	10.26	12.73	9.85	10.85
NM_001182404.1	0.0	0.0	0.0	0.05	0.05	0.2
NM_001182405.1	109.33	112.3	122.6	117.34	119.59	133.64
NM_001182407.1	11.16	12.34	15.84	16.26	17.68	18.83
NM_001182408.1	3.12	3.96	4.16	4.15	4.38	6.5
NM_001182409.1	4.27	4.74	3.91	4.4	4.78	7.3
NM_001182410.1	104.13	109.86	115.49	111.24	110.7	126.2
NM_001182411.1	22.29	25.54	27.74	26.12	28.64	24.01
NM_001182412.1	0.4	0.42	0.55	0.89	0.81	0.84
NM_001182413.1	43.43	41.82	39.76	44.84	46.31	38.58
NM_001182414.1	290.64	295.69	332.67	344.93	349.85	384.63
NM_001182415.1	24.47	26.94	27.74	29.78	28.33	28.49
NM_001182417.1	596.75	604.32	679.56	606.45	596.4	644.58
NM_001182418.1	10.44	10.47	11.37	10.21	10.61	10.67
NM_001182419.1	15.64	14.6	18.74	17.04	16.71	17.59
NM_001182420.1	7.15	8.73	8.11	10.53	9.65	9.14
NM_001182421.1	13.61	13.41	16.79	14.77	12.64	13.81
NM_001182422.1	3208.13	3325.95	3043.57	3170.68	3187.83	2766.85
NM_001182423.1	17.08	17.89	19.75	24.54	19.62	20.62
NM_001182424.1	11.95	14.38	13.5	14.78	12.27	13.88
NM_001182425.1	0.05	0.0	0.0	0.13	0.0	0.0
NM_001182426.1	43.73	48.8	48.74	50.4	52.03	49.98
NM_001182427.1	2.01	2.03	2.85	2.52	2.4	2.64
NM_001182428.1	84.33	91.37	85.49	118.06	108.82	107.18
NM_001182429.1	91.17	97.15	98.72	109.15	105.27	104.29
NM_001182430.1	11.69	12.87	13.46	11.18	11.08	11.53
NM_001182431.1	82.3	91.62	86.34	87.7	76.58	90.79
NM_001182432.1	2898.39	2828.97	2809.34	2611.15	2724.02	2483.69
NM_001182433.1	209.63	224.0	235.83	166.19	155.35	180.0
NM_001182434.1	26.33	28.0	32.13	23.54	22.36	23.19
NM_001182435.1	4.69	4.73	4.99	4.63	4.62	4.09
NM_001182436.1	27.27	27.88	31.8	38.24	42.28	47.32
NM_001182437.1	246.04	251.68	278.63	341.36	337.2	336.04
NM_001182438.1	69.08	70.22	75.53	67.91	66.92	65.87
NM_001182439.1	17.45	20.34	22.52	21.86	22.91	21.24
NM_001182440.1	7.8	8.46	8.71	9.13	9.02	10.32
NM_001182441.1	9.93	10.92	11.41	11.09	11.33	11.68
NM_001182442.1	0.14	0.0	0.0	0.12	0.17	0.08
NM_001182444.1	142.27	145.51	172.01	150.79	152.02	172.32
NM_001182445.1	95.83	95.93	100.57	103.94	107.31	113.88
NM_001182446.1	0.67	0.78	1.42	1.84	0.75	0.88
NM_001182447.1	11.04	11.7	14.46	20.4	19.7	20.0
NM_001182450.1	5.09	7.2	6.74	7.94	9.07	6.96
NM_001182451.1	153.68	163.25	164.99	226.1	209.34	240.52
NM_001182452.1	48.14	55.48	46.51	59.1	50.69	54.2
NM_001182453.1	65.16	77.48	82.34	67.99	62.45	63.18
NM_001182454.1	6.94	8.76	7.29	10.45	10.84	7.6
NM_001182456.1	9.4	9.82	14.31	10.71	11.63	11.45
NM_001182457.1	13.8	15.4	15.12	17.61	19.48	18.2
NM_001182458.1	19.42	17.49	19.52	20.07	19.12	21.78
NM_001182459.1	4.39	4.65	4.41	4.19	4.37	5.03
NM_001182460.1	15.36	16.06	14.05	25.62	23.84	26.14
NM_001182462.1	18.96	22.82	23.67	20.45	20.37	27.29
NM_001182464.1	14.44	12.35	15.7	17.52	16.97	19.14
NM_001182465.1	25.3	28.36	29.61	34.68	32.07	33.18
NM_001182466.1	2.21	3.16	3.17	2.74	3.16	3.09
NM_001182467.1	76.04	81.33	74.44	115.86	104.51	102.71
NM_001182468.1	258.14	261.98	275.21	229.49	232.15	222.16
NM_001182469.1	6.86	7.31	8.91	8.14	9.91	8.65
NM_001182470.1	40.73	45.45	43.29	63.54	56.3	57.45
NM_001182471.1	8.22	9.29	9.13	10.13	9.01	9.76
NM_001182472.1	72.55	81.92	89.0	83.59	78.99	89.28
NM_001182473.1	13.56	15.24	15.03	13.58	12.88	13.17
NM_001182474.1	12.42	11.95	14.66	13.89	15.74	17.64
NM_001182475.1	29.71	30.1	34.79	29.89	28.36	31.12
NM_001182476.1	10.16	10.23	11.79	11.01	10.41	11.02
NM_001182477.1	39.15	42.76	46.38	39.71	41.34	41.88
NM_001182478.1	10.56	11.31	14.29	35.99	37.26	37.01
NM_001182479.1	19.11	21.3	21.05	21.43	20.01	21.17
NM_001182481.1	0.42	0.69	0.64	0.78	0.87	1.18
NM_001182482.1	13.09	14.28	14.16	17.0	13.3	16.25
NM_001182483.1	14.25	16.33	13.68	20.63	20.73	17.39
NM_001182484.1	17.1	20.54	21.77	23.16	25.82	22.09
NM_001182486.1	0.0	0.0	0.0	0.0	0.0	0.0
NM_001182487.1	78.05	79.05	93.13	101.33	99.99	115.4
NM_001182488.1	115.14	110.41	124.87	148.89	155.49	163.14
NM_001182489.1	408.11	418.32	438.81	479.27	465.91	438.55
NM_001182490.1	31.64	30.18	31.77	35.32	36.59	38.99
NM_001182491.1	4.06	3.27	3.47	8.24	7.45	7.46
NM_001182492.1	72.67	77.38	77.33	88.72	75.01	86.37
NM_001182493.1	50.86	56.35	60.59	86.32	76.25	73.62
NM_001182494.1	41.15	38.01	57.65	80.32	86.83	93.48
NM_001182495.1	15.32	14.49	15.15	17.46	15.44	17.36
NM_001182496.1	0.04	0.01	0.0	0.02	0.03	0.0
NM_001182497.1	23.92	25.02	26.62	26.99	24.26	27.19
NM_001182498.1	289.86	293.54	264.21	411.19	437.93	408.74
NM_001182499.1	10.1	12.56	12.15	11.87	12.05	12.69
NM_001182500.1	22.57	23.03	24.11	25.5	22.82	26.04
NM_001182501.1	31.64	35.7	33.75	37.15	35.16	38.35
NM_001182502.1	72.13	64.69	69.42	37.13	35.4	42.49
NM_001182504.1	70.57	89.24	77.95	47.84	46.06	45.84
NM_001182505.1	28.5	30.02	32.49	35.61	33.17	30.34
NM_001182506.1	24.0	25.34	23.0	21.51	21.27	21.02
NM_001182507.1	238.6	248.78	252.15	249.45	237.75	249.85
NM_001182508.1	162.35	171.08	177.89	167.65	158.31	170.28
NM_001182509.1	6.84	9.68	9.48	9.57	8.53	9.07
NM_001182510.1	26.07	30.25	29.3	31.32	28.96	30.19
NM_001182511.1	79.19	87.28	84.98	94.05	91.94	81.68
NM_001182512.1	19.63	21.81	17.0	16.58	15.42	18.32
NM_001182513.1	0.39	0.25	0.72	0.24	0.46	0.35
NM_001182514.1	0.0	0.0	0.0	0.03	0.04	0.0
NM_001182515.1	5.04	4.64	6.11	6.41	6.41	7.05
NM_001182516.1	4.3	5.72	7.06	5.88	5.71	6.36
NM_001182517.1	10.61	10.15	12.84	12.38	13.66	13.77
NM_001182518.1	77.22	83.81	101.37	92.39	90.67	96.11
NM_001182519.1	2.15	1.55	2.34	1.43	1.96	2.34
NM_001182520.1	26.65	31.83	31.13	32.96	31.82	31.75
NM_001182521.1	3.79	3.78	6.61	3.12	3.21	4.51
NM_001182522.1	6.18	6.8	7.29	6.72	7.6	8.01
NM_001182523.1	71.64	79.85	79.06	86.13	82.05	81.75
NM_001182524.1	13.21	13.5	15.14	11.9	14.23	14.55
NM_001182525.1	11.26	13.68	11.39	14.97	11.46	15.79
NM_001182526.1	4.09	4.27	5.34	5.44	4.91	5.53
NM_001182527.1	37.26	42.25	33.2	47.43	42.02	40.28
NM_001182529.1	8.61	8.88	8.49	9.46	8.17	9.85
NM_001182530.1	34.67	33.54	35.88	44.13	45.06	42.33
NM_001182531.1	1.43	2.36	2.81	1.05	1.34	1.93
NM_001182532.1	9.12	11.45	14.28	12.19	10.62	12.92
NM_001182533.1	5.26	6.23	6.03	7.42	6.48	6.68
NM_001182534.1	20.93	24.96	19.04	25.67	22.73	24.3
NM_001182535.1	170.63	191.73	215.1	210.01	207.0	232.89
NM_001182536.1	38.37	41.4	38.83	51.91	49.11	46.95
NM_001182537.1	1.12	1.24	1.49	0.75	1.16	0.81
NM_001182538.1	6.5	7.58	7.09	6.11	7.63	7.91
NM_001182539.1	9.53	8.04	8.33	8.58	9.46	12.19
NM_001182540.1	42.36	38.32	44.85	34.55	33.88	38.34
NM_001182541.1	21.8	24.66	23.49	32.21	29.84	30.96
NM_001182542.2	28.7	31.09	27.17	33.45	37.23	35.63
NM_001182543.1	109.05	118.67	103.63	128.05	143.09	135.76
NM_001182544.1	42.95	43.16	37.94	45.15	41.34	43.68
NM_001182545.1	9.3	10.85	10.46	13.98	13.07	13.52
NM_001182546.1	94.62	102.87	94.99	99.54	96.69	98.37
NM_001182547.2	0.51	0.57	0.34	0.35	0.44	0.14
NM_001182548.1	1.36	0.86	0.44	0.88	0.83	0.48
NM_001182550.1	7.21	6.31	6.88	7.71	9.26	7.47
NM_001182551.1	0.49	0.64	1.31	0.62	0.75	0.84
NM_001182552.1	20.62	19.96	21.14	24.68	22.27	26.16
NM_001182553.1	4.09	5.61	6.28	7.02	7.84	7.94
NM_001182554.1	0.68	0.84	0.92	0.77	0.98	1.99
NM_001182556.1	577.99	539.86	529.16	669.09	663.77	667.55
NM_001182557.1	9.39	11.26	11.3	13.57	13.35	11.53
NM_001182558.1	13.12	12.48	18.67	12.55	11.7	13.45
NM_001182559.1	18.43	20.9	21.56	22.06	22.49	22.36
NM_001182560.1	38.03	38.39	37.82	80.75	75.28	74.54
NM_001182561.1	4.14	4.06	3.76	4.05	4.41	4.92
NM_001182562.1	6.93	7.29	7.62	5.68	6.31	7.8
NM_001182563.1	0.97	0.86	1.41	1.33	1.68	1.11
NM_001182564.1	2.89	3.14	3.26	3.5	3.66	3.9
NM_001182565.1	27.11	30.41	26.04	43.6	36.93	41.66
NM_001182566.1	1.72	2.4	1.81	1.71	1.67	1.72
NM_001182567.1	3.05	2.32	2.09	2.17	2.0	3.11
NM_001182568.1	19.06	21.2	19.57	20.42	19.12	21.53
NM_001182569.1	80.28	78.32	80.23	102.07	92.45	82.84
NM_001182570.1	209.53	235.1	231.72	220.13	203.76	179.74
NM_001182571.1	19.37	18.94	27.6	22.51	23.43	28.16
NM_001182572.1	122.09	128.3	127.57	137.92	132.0	136.76
NM_001182574.1	8.6	10.58	12.03	9.76	10.25	8.45
NM_001182575.1	14.75	15.81	16.47	14.5	13.05	14.67
NM_001182576.1	6.71	8.58	11.13	8.57	7.82	6.95
NM_001182577.1	6.23	6.83	9.72	7.43	7.08	7.82
NM_001182578.1	307.61	325.38	344.45	332.93	322.99	331.38
NM_001182579.1	36.52	36.84	39.03	43.01	43.37	43.56
NM_001182580.1	0.57	0.29	0.56	0.28	0.43	0.41
NM_001182582.1	335.75	342.63	348.59	338.65	317.51	328.19
NM_001182583.1	0.07	0.0	0.0	0.18	0.07	0.0
NM_001182584.1	0.0	0.04	0.0	0.0	0.04	0.16
NM_001182586.1	23.74	23.62	17.95	22.66	23.6	21.06
NM_001182587.1	5.85	6.47	6.73	7.36	6.08	7.19
NM_001182588.1	16.74	18.13	20.39	16.53	16.2	19.5
NM_001182589.1	17.82	18.61	21.41	22.74	21.04	21.0
NM_001182590.1	6.3	6.42	7.6	10.14	11.95	11.94
NM_001182591.1	61.13	65.3	59.29	94.6	90.57	89.63
NM_001182592.1	83.86	87.6	94.71	102.25	102.49	104.04
NM_001182593.1	42.32	45.78	46.59	54.75	53.06	54.84
NM_001182594.1	2.89	2.67	3.31	3.47	3.49	4.03
NM_001182595.1	0.08	0.21	0.0	0.14	0.08	0.3
NM_001182596.1	0.51	0.38	0.64	0.16	0.42	0.34
NM_001182597.1	6.48	8.07	9.11	8.37	8.03	9.05
NM_001182598.1	5.32	7.19	7.39	6.63	7.19	7.57
NM_001182599.1	184.36	191.57	188.67	175.1	173.71	159.57
NM_001182600.1	6.74	7.8	9.14	9.36	9.1	8.95
NM_001182601.1	0.67	0.43	0.28	0.42	0.42	0.3
NM_001182602.1	11.82	10.24	12.36	14.11	11.96	14.67
NM_001182604.1	3.14	4.11	5.16	4.33	4.74	5.24
NM_001182605.1	8.94	6.57	10.56	11.75	11.12	13.14
NM_001182606.1	6.15	4.47	5.54	4.21	4.44	4.11
NM_001182607.1	0.45	0.38	0.25	1.37	0.84	0.81
NM_001182608.1	249.97	266.37	271.91	312.67	297.09	320.5
NM_001182609.1	32.87	33.92	35.22	35.41	32.67	36.17
NM_001182610.1	22.56	23.62	25.94	33.66	32.09	32.66
NM_001182611.1	4.62	4.37	4.46	3.8	3.76	4.77
NM_001182612.1	32.43	36.08	45.19	33.55	32.71	34.39
NM_001182613.1	13.0	13.67	14.81	17.98	17.8	21.05
NM_001182614.1	4.07	4.0	4.41	4.5	4.72	4.42
NM_001182615.1	13.06	15.58	17.67	14.78	15.31	14.29
NM_001182616.1	3434.32	3296.74	3202.95	2919.19	2996.6	2954.17
NM_001182617.1	8.93	12.79	12.37	12.78	10.62	10.0
NM_001182618.1	0.37	0.0	0.31	0.16	0.26	0.0
NM_001182619.1	9.47	10.35	9.71	10.3	10.55	10.32
NM_001182621.1	192.34	162.07	109.9	156.72	165.6	108.66
NM_001182622.1	1522.21	1467.11	1427.54	1443.84	1403.69	1388.37
NM_001182624.1	111.22	116.64	131.85	110.3	115.79	139.58
NM_001182625.1	12.25	14.34	10.76	13.63	11.21	12.32
NM_001182626.1	49.75	54.87	58.79	58.66	57.08	62.75
NM_001182627.1	3.63	3.67	3.9	3.61	3.27	3.42
NM_001182628.1	4.8	5.59	7.41	5.3	7.08	4.48
NM_001182629.1	34.26	36.11	38.32	27.2	24.79	27.08
NM_001182630.1	23.75	24.69	26.16	30.84	28.22	26.25
NM_001182631.1	19.03	22.98	24.81	26.31	26.11	25.13
NM_001182632.1	119.43	125.67	121.19	110.19	106.53	119.57
NM_001182633.1	6.56	9.22	10.0	10.61	6.6	10.06
NM_001182634.1	0.05	0.19	0.22	0.08	0.13	0.08
NM_001182635.1	22.17	23.14	29.49	35.64	31.27	35.0
NM_001182636.1	6.61	6.62	6.22	9.53	9.84	9.37
NM_001182638.1	9.92	13.28	9.04	12.26	12.83	11.58
NM_001182639.1	3.78	2.99	3.75	3.89	3.81	3.16
NM_001182640.1	6.99	8.81	10.16	9.14	10.01	10.17
NM_001182641.1	16.34	16.24	17.48	19.39	18.88	21.97
NM_001182642.1	11.06	12.59	15.32	13.06	13.01	13.83
NM_001182644.1	3747.19	3673.87	3238.28	3633.03	3642.07	3211.91
NM_001182645.1	2518.0	2537.03	2514.04	2393.57	2389.92	2242.72
NM_001182646.1	12.13	12.25	15.58	12.64	12.48	12.69
NM_001182647.1	73.92	84.22	77.01	120.35	129.79	101.74
NM_001182648.1	318.35	316.93	356.9	301.47	305.93	343.92
NM_001182649.2	14.38	16.38	16.72	13.86	13.95	16.21
NM_001182650.1	9.0	13.21	11.75	10.16	9.62	11.25
NM_001182651.1	130.31	133.85	132.92	134.37	141.63	141.11
NM_001182652.1	10.48	15.58	18.67	10.47	10.42	13.51
NM_001182654.1	34.0	37.38	38.29	65.57	63.9	66.11
NM_001182656.1	37.91	42.38	34.82	41.67	37.43	40.68
NM_001182657.1	1.76	1.76	2.16	2.39	2.07	2.88
NM_001182658.1	6.86	8.25	10.97	8.29	6.77	8.43
NM_001182659.1	6.89	6.95	8.71	5.91	5.09	8.05
NM_001182660.1	18.38	18.3	20.01	23.28	21.82	26.89
NM_001182661.1	38.15	40.7	45.91	35.44	38.35	39.26
NM_001182663.1	4.75	3.84	6.69	4.87	5.93	7.48
NM_001182664.1	3.88	4.53	4.42	4.93	4.23	4.19
NM_001182665.1	52.83	55.65	53.46	63.48	65.4	60.88
NM_001182666.1	4.91	5.27	5.32	6.01	6.52	5.76
NM_001182667.1	2.29	3.12	3.01	3.02	3.37	3.17
NM_001182668.1	7.53	7.48	9.64	9.27	7.07	8.4
NM_001182669.1	9.49	9.25	9.34	11.26	10.31	10.02
NM_001182670.1	6.52	7.38	7.96	5.99	5.11	7.24
NM_001182671.1	4.93	5.94	6.22	6.2	6.27	5.65
NM_001182672.1	4.29	3.05	3.91	4.76	4.53	5.0
NM_001182673.1	7.35	8.93	8.43	9.8	9.11	9.92
NM_001182674.1	12.24	14.54	14.06	15.38	15.35	17.2
NM_001182675.1	9.1	10.0	11.26	12.53	10.72	12.93
NM_001182677.1	4.44	5.56	6.14	6.11	5.68	5.78
NM_001182678.1	509.05	485.91	511.97	282.24	263.91	337.85
NM_001182680.1	4.79	3.89	5.3	6.49	6.02	4.52
NM_001182681.1	0.0	0.17	1.35	0.85	0.38	0.73
NM_001182682.1	2.78	2.91	3.32	2.9	3.0	2.86
NM_001182683.1	10.24	11.18	11.86	10.11	9.22	9.36
NM_001182684.1	40.16	43.81	44.74	58.02	56.91	56.14
NM_001182685.1	6.35	7.44	7.95	7.99	6.31	8.17
NM_001182686.1	3.45	4.87	3.95	4.19	5.05	5.15
NM_001182687.1	8.35	9.0	8.08	5.24	6.23	6.06
NM_001182688.1	1.22	1.42	2.76	0.37	0.33	0.79
NM_001182689.1	133.34	132.61	143.52	139.74	134.63	140.1
NM_001182690.1	33.9	35.47	38.74	37.33	34.4	35.72
NM_001182691.1	6.72	6.54	7.39	6.28	7.27	9.12
NM_001182692.1	2294.86	2489.69	2437.11	3387.3	3041.03	2920.27
NM_001182693.1	3.64	3.98	5.44	4.89	4.74	6.55
NM_001182694.1	29.01	31.85	33.15	43.94	39.28	42.23
NM_001182695.1	21.67	20.71	20.94	29.93	28.69	29.21
NM_001182696.1	3.28	3.16	2.45	3.96	3.18	3.11
NM_001182697.1	12.36	13.53	18.37	18.72	17.08	20.88
NM_001182698.1	13.17	14.17	12.95	14.61	13.52	13.67
NM_001182700.1	20.0	26.42	26.07	26.93	22.68	23.32
NM_001182701.1	2245.59	2211.76	1966.68	2184.05	2179.72	1979.85
NM_001182702.1	25.36	27.59	26.62	36.52	30.23	28.9
NM_001182703.1	3.6	3.29	4.28	6.15	5.91	6.26
NM_001182704.1	46.62	50.38	49.23	61.7	52.38	50.54
NM_001182705.1	4.65	6.44	5.91	6.11	5.25	6.06
NM_001182706.1	16.53	16.36	19.06	17.27	17.0	17.15
NM_001182707.1	72.21	69.02	80.95	77.13	83.38	85.92
NM_001182708.1	7.61	8.47	10.31	12.75	11.17	11.66
NM_001182709.1	232.84	219.23	262.42	235.44	253.68	256.5
NM_001182710.1	207.69	214.11	226.02	216.38	215.06	239.33
NM_001182711.1	4.74	5.53	5.19	6.55	5.77	6.55
NM_001182712.1	576.24	579.86	622.18	489.64	468.25	539.78
NM_001182713.1	0.24	0.1	0.0	0.0	0.0	0.11
NM_001182714.1	1.6	1.76	1.81	1.92	1.69	1.23
NM_001182715.1	49.8	51.79	55.07	55.5	55.47	62.08
NM_001182716.1	11.5	12.13	13.45	9.49	11.72	12.31
NM_001182717.1	8.72	10.34	11.03	12.33	10.7	10.66
NM_001182718.1	6.26	6.8	8.42	7.02	7.71	7.96
NM_001182719.1	21.63	23.87	24.95	28.3	27.24	31.23
NM_001182720.1	7.11	8.92	7.27	8.48	9.08	8.08
NM_001182721.1	52.55	56.47	60.23	66.66	69.52	64.21
NM_001182722.1	98.94	104.79	109.22	84.61	86.94	89.88
NM_001182723.1	24.09	23.13	23.12	27.76	24.98	28.41
NM_001182724.1	484.57	486.64	514.83	504.06	512.82	541.8
NM_001182725.1	7.08	7.3	7.71	8.49	8.36	8.63
NM_001182726.1	9.63	10.71	9.2	10.83	9.12	10.78
NM_001182727.1	39.54	42.85	45.87	40.58	40.47	42.21
NM_001182728.1	32.3	32.96	37.0	36.42	34.49	36.42
NM_001182729.1	35.83	36.16	40.71	35.6	40.43	39.85
NM_001182730.1	12.62	15.54	15.19	16.27	15.82	13.75
NM_001182731.1	4.95	5.05	5.57	5.82	5.28	5.18
NM_001182732.1	45.52	46.82	48.1	39.42	40.01	42.09
NM_001182733.1	188.64	205.28	200.72	297.09	297.96	303.12
NM_001182734.1	12.55	12.97	13.45	15.11	12.74	12.33
NM_001182735.1	10.59	10.99	14.14	14.04	14.26	14.44
NM_001182736.1	151.09	153.16	157.82	183.73	186.45	177.04
NM_001182737.1	1740.93	1859.11	1789.23	2006.59	2015.52	1819.17
NM_001182738.1	11.48	12.62	14.17	13.23	12.97	13.09
NM_001182739.1	0.09	0.07	0.29	0.29	0.27	0.31
NM_001182740.1	11.66	11.49	12.27	12.04	9.37	9.32
NM_001182741.1	10.17	9.94	10.04	8.25	8.03	6.94
NM_001182742.1	151.11	159.52	160.08	120.96	119.99	129.57
NM_001182743.1	68.15	79.8	74.71	93.77	94.21	102.69
NM_001182744.1	43.57	46.66	48.76	58.5	59.7	63.01
NM_001182745.1	30.66	35.47	41.82	34.56	33.13	37.17
NM_001182746.1	12.2	13.36	16.49	15.37	13.52	15.16
NM_001182747.1	10.92	10.49	10.17	10.64	10.21	11.68
NM_001182748.1	149.45	142.44	161.21	153.43	148.97	155.94
NM_001182749.1	3733.55	3791.14	3506.74	3479.28	3543.1	3154.37
NM_001182750.1	105.68	114.46	118.17	106.57	104.19	115.44
NM_001182751.1	26.78	23.39	23.16	31.68	27.99	29.25
NM_001182752.1	0.05	0.05	0.27	0.05	0.25	0.1
NM_001182754.1	199.46	196.63	206.39	207.86	209.09	234.53
NM_001182755.1	16.33	17.66	20.93	16.88	16.22	17.62
NM_001182756.1	7.36	9.02	8.33	17.84	17.92	20.75
NM_001182757.1	0.79	0.58	0.35	0.53	0.54	1.04
NM_001182758.1	253.33	304.08	301.33	369.9	409.65	375.17
NM_001182759.1	4.06	4.69	6.95	6.47	6.41	8.73
NM_001182760.1	15.2	12.29	12.93	15.2	13.67	16.3
NM_001182762.1	26.4	29.31	33.83	34.48	28.27	28.86
NM_001182763.1	102.68	100.18	83.55	111.42	134.08	85.3
NM_001182764.1	1.11	1.41	2.01	1.28	1.21	1.78
NM_001182765.1	11.2	10.7	11.32	11.81	11.59	13.12
NM_001182766.1	13.8	15.93	16.22	12.13	12.25	11.64
NM_001182767.1	562.07	599.3	630.8	630.45	583.17	585.55
NM_001182768.1	34.93	39.93	36.36	57.02	49.87	52.68
NM_001182769.2	6.38	6.42	7.36	8.55	9.5	9.19
NM_001182770.1	26.77	26.34	26.09	31.31	32.38	38.37
NM_001182771.1	38.67	37.0	41.48	29.52	30.81	32.97
NM_001182772.1	5.72	5.17	5.59	4.27	4.6	4.78
NM_001182773.1	43.7	48.1	47.84	28.43	23.87	27.89
NM_001182774.1	15.38	15.68	21.26	20.54	19.64	20.21
NM_001182775.1	7.46	7.26	8.47	8.26	9.46	9.04
NM_001182776.1	20.37	21.11	28.3	25.64	18.3	20.48
NM_001182777.1	6.94	5.92	7.68	5.99	6.24	7.01
NM_001182778.1	0.98	0.35	0.41	0.41	0.93	1.77
NM_001182779.1	71.73	74.21	84.71	84.82	83.89	98.93
NM_001182780.1	8.3	9.72	6.55	9.82	9.01	8.63
NM_001182781.1	8.88	11.23	8.12	8.7	9.84	10.55
NM_001182782.1	12.13	12.95	15.23	13.08	14.69	14.52
NM_001182783.1	260.58	254.78	269.52	346.37	350.72	371.98
NM_001182784.1	15.81	17.88	17.26	20.47	18.74	20.83
NM_001182785.1	19.34	20.53	21.94	16.65	15.08	15.07
NM_001182786.1	0.18	0.19	0.24	0.15	0.2	0.39
NM_001182787.1	0.47	0.45	0.53	0.49	0.55	0.43
NM_001182788.1	17.6	17.04	19.68	17.57	16.88	17.89
NM_001182789.1	6.14	5.67	6.55	6.53	6.74	7.0
NM_001182790.1	6.38	5.77	5.55	6.59	7.23	6.64
NM_001182791.1	5.41	4.86	5.51	4.28	4.17	4.81
NM_001182792.1	19.83	20.4	22.93	30.85	27.11	28.1
NM_001182793.1	27.87	37.51	39.96	53.37	42.53	49.54
NM_001182794.1	3.87	3.72	3.54	4.14	3.86	3.88
NM_001182795.1	9.24	10.05	10.56	11.87	10.27	11.28
NM_001182796.1	12.43	16.6	18.58	18.5	18.88	19.99
NM_001182797.1	170.24	174.33	171.8	191.65	192.98	186.61
NM_001182799.1	17.04	18.56	17.75	20.69	18.18	21.2
NM_001182800.1	66.98	92.82	112.23	83.27	80.69	91.28
NM_001182801.1	4.27	3.92	5.0	3.61	3.47	3.09
NM_001182802.1	3.91	5.49	4.96	5.78	4.95	4.73
NM_001182804.1	188.07	182.78	193.67	214.57	211.46	226.05
NM_001182805.1	57.22	58.24	64.49	48.55	51.45	59.98
NM_001182806.1	152.57	151.87	177.9	181.1	178.51	207.31
NM_001182807.1	124.8	126.07	143.34	178.02	174.1	177.66
NM_001182808.2	5.42	4.57	6.98	6.43	6.66	5.49
NM_001182809.1	88.25	86.77	89.59	81.24	91.53	80.83
NM_001182810.1	14.67	16.74	17.24	14.61	15.44	15.01
NM_001182811.1	9.29	10.83	12.06	14.38	14.4	14.02
NM_001182812.1	2157.13	2091.07	2075.67	2296.76	2065.41	2240.31
NM_001182814.1	14.98	18.84	19.14	22.89	21.92	23.47
NM_001182815.1	266.1	290.33	261.71	249.11	247.54	256.79
NM_001182817.1	0.03	0.03	0.06	0.09	0.02	0.06
NM_001182818.1	955.67	1002.43	1004.07	783.86	810.21	845.74
NM_001182819.1	67.46	72.82	66.09	78.88	75.91	79.67
NM_001182820.1	157.2	169.3	176.87	155.32	158.2	158.87
NM_001182821.1	28.75	26.98	34.17	27.46	33.04	38.94
NM_001182822.1	65.4	61.25	59.39	73.56	70.13	66.53
NM_001182823.1	28.29	29.84	36.65	25.73	24.78	31.83
NM_001182824.1	8.32	9.45	10.31	11.05	10.76	10.86
NM_001182825.1	120.84	132.44	149.46	159.24	152.51	160.14
NM_001182826.1	110.1	122.23	109.92	133.54	133.53	136.94
NM_001182829.1	3.64	5.09	4.72	5.86	5.94	6.86
NM_001182830.2	0.86	0.64	1.07	0.38	0.26	0.5
NM_001182831.3	286.35	296.54	339.86	548.95	551.83	622.73
NM_001182832.1	37.92	34.06	29.44	64.34	55.23	54.61
NM_001182834.3	77.76	70.99	80.43	76.89	87.71	109.67
NM_001182835.1	0.0	0.07	0.26	0.07	0.0	0.0
NM_001182836.3	0.22	0.15	0.29	0.19	0.04	0.4
NM_001182838.1	0.28	0.0	0.0	0.0	0.0	0.0
NM_001182840.1	41.77	40.04	45.42	54.75	49.47	51.74
NM_001182841.3	146.56	155.06	166.67	152.63	145.27	142.71
NM_001182842.3	8.85	13.9	13.69	10.31	10.34	11.87
NM_001182843.1	33.65	37.66	42.24	34.46	33.37	33.56
NM_001182844.1	28.57	32.62	37.88	38.07	36.73	40.57
NM_001182845.3	20.1	21.04	23.8	22.09	22.13	23.36
NM_001182846.1	344.05	385.42	371.71	392.66	355.96	309.51
NM_001182847.2	9.69	11.24	12.7	11.1	10.48	11.96
NM_001182848.3	1.29	1.45	2.06	2.12	1.73	2.24
NM_001182849.3	301.66	306.41	298.52	301.34	294.18	265.95
NM_001182850.1	5.45	6.85	6.88	7.31	6.74	6.6
NM_001182851.1	1.0	0.61	0.72	0.44	0.5	0.39
NM_001182853.3	12.08	14.07	12.8	15.7	14.36	14.59
NM_001182854.1	64.03	69.39	70.49	62.85	68.71	71.59
NM_001182855.1	405.77	426.37	385.77	427.18	409.31	438.0
NM_001182857.3	0.42	0.14	0.27	0.16	0.09	0.12
NM_001182858.3	0.6	1.13	1.1	1.23	1.38	0.96
NM_001182859.1	4.25	5.72	6.03	6.29	5.92	6.6
NM_001182860.1	17.08	16.85	20.79	18.91	17.25	18.96
NM_001182861.3	22.11	23.6	24.97	26.14	27.35	28.19
NM_001182862.1	11.85	10.95	14.55	13.03	12.59	13.68
NM_001182863.1	2.74	3.76	2.9	4.84	3.8	3.97
NM_001182864.3	6.49	6.99	6.95	6.03	6.39	5.74
NM_001182865.1	16.95	18.88	20.4	22.72	20.07	23.24
NM_001182866.1	17.56	18.64	16.23	19.43	17.53	17.52
NM_001182868.3	4.07	3.92	4.34	3.41	4.26	4.17
NM_001182869.1	1713.88	1708.27	1707.31	1829.23	1718.52	1554.58
NM_001182870.1	1786.89	1793.43	1809.73	1810.99	1790.61	1689.8
NM_001182871.3	15.52	16.5	17.73	18.46	16.97	16.22
NM_001182872.3	0.6	1.13	1.1	1.28	1.38	0.84
NM_001182873.1	0.22	0.03	0.16	0.16	0.12	0.12
NM_001182874.1	28.85	28.61	29.97	40.96	36.0	39.77
NM_001182875.3	64.13	72.85	54.54	76.42	81.38	102.12
NM_001182876.1	101.91	106.49	141.12	155.69	156.83	149.49
NM_001182877.1	9.17	11.9	15.08	11.76	10.94	12.43
NM_001182878.3	18.31	18.51	19.76	23.08	19.21	18.55
NM_001182879.3	13.78	17.16	19.13	6.7	6.57	7.51
NM_001182880.1	14.15	16.36	13.74	16.5	14.85	14.75
NM_001182881.1	3.79	3.86	4.6	2.85	3.71	4.56
NM_001182883.1	112.66	117.6	96.73	136.49	144.52	105.96
NM_001182884.1	52.3	52.11	53.13	64.16	66.53	70.53
NM_001182885.3	14.08	15.87	11.69	17.35	17.34	20.84
NM_001182886.3	5.96	7.08	6.71	7.48	8.95	6.97
NM_001182887.1	15.79	19.19	19.76	18.64	19.66	17.93
NM_001182888.1	20.83	22.39	22.48	24.69	25.13	25.15
NM_001182889.3	22.73	27.71	22.45	31.89	26.15	32.41
NM_001182890.1	14.11	16.2	16.6	15.27	15.02	14.05
NM_001182891.1	99.8	93.67	81.85	117.42	124.06	101.48
NM_001182892.3	10.06	11.91	11.95	10.03	11.55	12.4
NM_001182893.3	9.29	11.87	9.45	13.43	10.82	14.18
NM_001182894.1	675.19	702.09	675.69	728.52	788.34	765.18
NM_001182895.3	22.33	20.24	23.63	23.78	23.86	27.17
NM_001182897.1	32.75	37.53	39.86	45.75	38.92	46.65
NM_001182898.1	20.78	20.47	21.74	23.33	21.34	24.03
NM_001182899.3	74.42	77.55	87.62	78.95	75.91	83.76
NM_001182900.3	43.13	48.78	50.6	53.51	50.35	56.78
NM_001182901.1	6.0	4.75	5.33	8.07	7.42	7.42
NM_001182902.1	567.55	635.01	678.61	860.68	795.72	812.51
NM_001182903.3	9.83	9.49	9.48	9.72	8.54	12.23
NM_001182904.1	279.27	268.43	252.55	215.18	211.62	225.98
NM_001182905.1	2025.2	1922.86	1874.95	1703.63	1769.17	1603.88
NM_001182906.3	14.04	13.85	15.37	12.09	11.8	11.18
NM_001182907.1	3299.84	3325.33	3144.99	3254.73	3347.45	3057.31
NM_001182908.1	209.38	222.79	215.73	203.12	188.61	184.14
NM_001182909.3	276.19	285.12	284.74	272.49	264.42	291.59
NM_001182910.1	18.55	17.99	19.3	23.63	20.52	24.74
NM_001182911.1	6.86	7.01	7.33	8.11	8.01	8.94
NM_001182912.3	42.33	44.77	38.65	47.33	44.3	49.0
NM_001182913.3	59.62	65.48	62.9	81.65	83.43	75.58
NM_001182914.1	8.65	9.15	9.85	10.7	9.73	10.39
NM_001182915.1	8.2	8.6	9.87	7.86	7.17	8.19
NM_001182916.3	23.18	23.97	22.58	24.66	24.3	27.5
NM_001182917.1	322.46	357.91	314.34	392.55	345.64	346.3
NM_001182918.1	8.96	11.27	10.87	9.97	11.02	11.24
NM_001182919.3	40.08	46.84	48.45	49.54	55.5	51.94
NM_001182920.3	9.19	9.39	10.73	9.91	8.55	10.43
NM_001182921.1	5.87	5.78	5.36	6.73	6.46	7.31
NM_001182922.1	67.0	76.08	75.16	105.52	94.67	93.27
NM_001182923.3	67.77	71.65	83.87	86.8	85.92	95.97
NM_001182924.1	13.19	9.42	11.5	15.89	16.17	19.62
NM_001182925.1	37.31	39.47	42.23	35.07	31.7	34.06
NM_001182926.3	28.74	33.04	35.88	24.62	23.25	25.48
NM_001182928.3	34.0	35.01	35.88	35.75	37.61	36.56
NM_001182929.1	12.9	14.3	16.93	15.2	12.95	14.7
NM_001182930.1	1.73	2.1	1.44	1.09	1.59	2.43
NM_001182931.3	0.42	0.29	0.28	0.35	0.16	0.46
NM_001182932.1	4.84	4.67	5.93	6.01	5.28	6.07
NM_001182933.1	7.62	9.26	9.19	9.46	8.51	10.2
NM_001182934.3	1856.64	1798.07	1547.63	1714.85	1686.49	1591.55
NM_001182935.3	9.77	10.06	12.18	10.31	9.1	8.75
NM_001182936.1	107.47	114.45	112.69	146.88	145.1	151.56
NM_001182937.3	36.66	39.41	41.86	34.32	39.79	41.5
NM_001182938.1	17.74	21.78	28.39	32.73	31.27	32.83
NM_001182939.1	10.86	10.21	11.42	13.38	12.79	14.54
NM_001182940.3	19.62	22.84	19.81	24.3	20.75	22.34
NM_001182941.3	14.11	16.88	15.89	16.68	16.28	16.67
NM_001182942.1	140.01	140.17	153.35	216.13	225.2	234.14
NM_001182944.1	5.04	4.94	5.9	5.49	5.26	5.74
NM_001182945.3	18.73	19.68	21.4	18.51	17.8	19.24
NM_001182946.1	65.39	61.77	71.15	67.05	74.31	65.83
NM_001182948.1	115.99	131.67	127.83	119.9	108.61	109.67
NM_001182949.3	124.02	110.56	133.0	118.38	114.45	89.97
NM_001182950.3	289.48	278.96	291.02	288.98	300.29	312.71
NM_001182951.1	151.84	158.69	165.24	156.94	162.35	144.88
NM_001182953.1	12.54	14.75	14.28	19.66	18.55	18.31
NM_001182954.3	22.27	21.99	18.85	25.86	25.92	26.93
NM_001182955.1	0.53	0.15	0.18	0.09	0.03	0.0
NM_001182956.1	32.94	35.48	31.29	43.96	40.17	43.82
NM_001182957.3	12.79	14.51	14.93	0.1	0.07	0.0
NM_001182959.3	92.97	94.02	122.91	119.33	103.54	122.57
NM_001182960.1	45.05	48.47	45.55	54.37	57.08	57.79
NM_001182961.1	54.62	55.8	56.46	71.31	67.09	71.25
NM_001182962.3	22.9	19.66	23.63	27.5	25.98	29.22
NM_001182963.1	7.1	6.83	6.31	7.4	7.47	7.59
NM_001182964.1	5.26	6.65	8.7	6.86	7.08	7.25
NM_001182965.3	7.0	6.54	6.84	8.39	8.07	8.07
NM_001182966.4	0.58	0.57	0.52	0.22	0.55	0.56
NM_001182967.1	21.69	23.2	29.28	25.14	22.49	23.39
NM_001182968.3	64.39	70.67	80.35	74.76	76.07	76.47
NM_001182969.1	281.67	297.93	284.92	346.62	328.03	364.73
NM_001182970.1	71.78	74.03	80.53	79.87	80.19	82.38
NM_001182971.3	10.35	11.95	9.89	10.86	10.15	7.73
NM_001182972.3	163.26	188.23	243.57	280.17	313.78	332.52
NM_001182973.1	917.25	875.34	809.79	901.85	853.05	815.1
NM_001182974.1	7.46	5.97	8.98	8.04	6.77	7.79
NM_001182975.3	27.81	29.55	30.68	30.41	31.0	32.81
NM_001182976.1	170.19	190.76	196.35	183.27	169.29	177.64
NM_001182977.3	14.39	15.68	14.71	17.38	16.78	16.61
NM_001182979.1	110.25	112.13	115.83	76.21	75.6	78.28
NM_001182980.1	1.72	1.56	2.27	1.27	1.43	1.76
NM_001182982.1	1.23	1.05	1.33	0.8	0.88	1.25
NM_001182983.1	273.7	341.93	312.72	369.04	335.09	293.7
NM_001182984.3	3.35	3.57	6.4	2.95	4.42	4.53
NM_001182985.1	108.89	128.75	122.79	117.73	110.5	114.51
NM_001182986.1	8.04	9.0	11.26	8.9	9.87	9.04
NM_001182987.1	97.92	103.81	118.96	157.51	159.72	174.75
NM_001182989.3	48.4	55.28	56.2	55.99	57.36	55.11
NM_001182990.1	12.36	11.99	13.55	13.76	14.05	14.11
NM_001182991.1	79.66	87.55	89.11	99.83	104.14	87.49
NM_001182992.1	74.92	82.79	80.64	79.08	73.21	78.27
NM_001182993.1	47.38	49.68	54.21	77.55	70.39	71.26
NM_001182994.3	24.6	26.87	27.04	30.59	29.88	27.76
NM_001182995.1	43.15	46.23	43.11	44.97	47.04	44.68
NM_001182996.1	22.69	23.39	23.21	22.12	22.44	20.53
NM_001182997.1	13.74	15.24	17.81	19.03	18.69	15.8
NM_001182998.1	52.26	55.5	81.97	26.24	20.04	47.09
NM_001182999.3	21.72	23.6	21.54	21.66	19.14	21.03
NM_001183000.1	3553.01	3668.51	3284.12	3885.89	3775.74	3107.97
NM_001183001.1	21.18	21.1	26.32	25.89	23.9	28.51
NM_001183002.1	9.54	13.39	12.76	13.94	12.18	14.54
NM_001183003.3	8.22	7.13	9.07	7.05	8.1	9.33
NM_001183004.1	43.9	46.56	35.75	56.97	48.96	51.06
NM_001183005.1	12.57	14.53	10.13	13.51	11.33	13.3
NM_001183006.1	44.12	45.48	56.76	34.84	36.6	34.47
NM_001183007.1	17.87	19.63	21.07	21.69	20.51	21.82
NM_001183010.4	2.95	2.71	3.39	3.03	3.12	3.12
NM_001183011.1	25.11	28.66	23.84	42.21	38.54	38.35
NM_001183013.2	124.69	129.27	123.56	99.94	100.34	101.31
NM_001183014.2	10.13	10.56	10.3	10.84	12.16	10.63
NM_001183015.2	35.16	39.53	40.2	39.45	35.69	40.43
NM_001183016.3	4114.58	4064.38	3915.33	3903.39	4005.09	3923.14
NM_001183018.1	24.03	22.56	26.21	26.65	26.56	26.8
NM_001183019.2	26.02	29.27	30.76	31.81	27.16	34.85
NM_001183020.1	34.73	35.08	40.27	35.03	37.18	39.92
NM_001183021.1	12.76	15.0	14.2	13.79	13.04	14.56
NM_001183023.1	32.19	34.6	29.15	30.2	28.31	35.33
NM_001183024.2	23.21	27.73	21.91	24.36	21.68	24.69
NM_001183025.1	0.7	0.73	1.16	0.76	0.66	1.06
NM_001183026.1	4.96	6.44	5.93	6.44	5.81	7.33
NM_001183027.1	183.01	191.15	196.87	211.18	206.11	213.83
NM_001183028.1	647.81	651.47	594.51	517.92	571.23	513.27
NM_001183029.1	14.38	16.39	19.95	15.42	21.5	18.86
NM_001183030.2	22.79	26.43	23.82	29.86	25.74	29.42
NM_001183031.2	10.44	11.41	13.67	10.33	10.67	13.07
NM_001183032.1	0.38	0.16	0.1	0.26	0.12	0.11
NM_001183033.1	2.09	2.02	2.63	3.86	3.66	3.89
NM_001183034.1	0.0	0.0	0.11	0.05	0.12	0.11
NM_001183035.1	32.99	35.42	34.56	33.74	32.66	33.39
NM_001183037.1	18.31	17.52	19.41	20.86	18.88	20.81
NM_001183038.1	10.03	9.85	11.1	11.01	10.81	15.06
NM_001183039.1	12.44	13.4	14.4	13.56	13.36	14.1
NM_001183040.1	2.27	2.82	1.61	2.77	3.3	3.04
NM_001183042.1	0.0	0.16	0.0	0.26	0.06	0.0
NM_001183044.1	13.77	17.96	17.33	18.75	17.47	18.82
NM_001183045.1	48.67	48.26	55.03	57.24	55.77	58.12
NM_001183046.1	293.69	280.05	319.85	313.67	285.85	331.18
NM_001183047.1	3460.95	3465.18	3198.97	3182.49	3009.7	3261.12
NM_001183048.1	0.0	0.12	0.0	0.06	0.0	0.13
NM_001183049.1	1.71	3.56	4.09	3.97	1.79	2.05
NM_001183050.1	23.9	28.83	30.65	31.22	30.26	33.55
NM_001183051.1	5.18	4.71	5.16	6.29	6.59	7.31
NM_001183052.1	8.85	10.22	13.47	13.98	12.78	12.96
NM_001183053.1	25.4	25.57	25.67	35.79	33.31	33.98
NM_001183054.1	46.15	56.62	40.62	54.74	43.56	47.38
NM_001183055.1	35.31	31.21	41.04	32.13	32.23	35.5
NM_001183056.1	6.31	8.05	6.15	9.31	8.3	7.4
NM_001183057.1	36.95	39.41	45.01	37.36	37.61	38.53
NM_001183058.1	216.98	207.2	179.24	239.42	241.36	190.52
NM_001183059.1	13.74	14.04	16.68	14.87	15.56	15.95
NM_001183060.1	28.87	32.39	32.19	29.95	23.58	26.41
NM_001183061.1	3.9	3.46	4.51	4.32	4.38	3.83
NM_001183062.1	13.62	13.39	13.37	14.28	13.42	14.06
NM_001183063.1	6.44	9.23	6.32	8.92	7.65	8.74
NM_001183065.1	10.39	12.12	14.16	11.1	11.74	11.67
NM_001183067.1	39.27	45.03	53.6	44.33	42.27	39.97
NM_001183068.1	2.89	4.24	2.36	2.72	2.87	3.11
NM_001183069.1	94.18	93.11	108.52	81.88	76.38	92.47
NM_001183070.1	43.04	45.6	55.83	56.37	55.04	61.55
NM_001183071.1	12.98	16.18	11.87	14.78	12.75	13.05
NM_001183072.1	3.54	4.34	3.69	3.46	3.08	3.76
NM_001183074.1	10.01	11.23	11.64	11.53	11.82	13.81
NM_001183075.1	2.87	2.7	4.14	3.26	2.31	3.35
NM_001183076.1	17.32	18.48	19.64	18.3	19.1	19.04
NM_001183077.1	65.13	70.23	71.38	64.8	62.43	63.65
NM_001183078.1	12.4	14.73	15.52	19.98	22.03	24.7
NM_001183079.1	103.36	108.22	121.49	164.48	164.96	199.61
NM_001183080.1	3.65	4.22	4.13	4.18	4.21	4.65
NM_001183081.2	60.1	60.25	61.21	71.46	67.96	78.4
NM_001183082.1	473.82	500.81	520.42	479.61	466.0	433.59
NM_001183083.1	16.33	17.56	15.99	20.91	19.79	21.2
NM_001183084.1	23.92	24.77	28.82	34.05	29.85	30.27
NM_001183085.1	129.98	134.04	140.48	140.96	138.7	147.48
NM_001183086.1	136.61	142.66	137.92	150.4	146.52	148.24
NM_001183087.1	3.46	3.04	3.89	4.29	3.94	3.51
NM_001183088.1	3.85	3.66	3.18	3.88	3.92	4.09
NM_001183089.1	56.3	57.62	56.6	56.15	56.05	55.82
NM_001183090.1	21.16	20.57	22.52	26.4	27.29	29.9
NM_001183091.1	11.13	11.17	12.84	14.04	14.55	15.84
NM_001183092.1	5.86	5.94	5.51	6.32	6.43	8.32
NM_001183093.1	571.29	553.95	537.15	545.66	579.87	518.11
NM_001183094.1	17.24	18.12	19.17	21.18	21.59	27.43
NM_001183095.1	4.09	4.33	5.23	5.13	4.37	5.15
NM_001183096.1	13.79	14.96	18.51	15.53	13.96	15.19
NM_001183097.1	75.75	76.2	86.68	73.05	62.65	58.73
NM_001183098.2	23.72	24.96	24.84	28.42	30.61	25.57
NM_001183099.1	9.41	10.38	11.78	10.44	11.66	10.67
NM_001183100.1	10.09	10.91	13.34	10.91	10.64	10.84
NM_001183101.1	65.76	66.16	63.32	76.82	79.39	77.92
NM_001183102.1	30.07	31.71	36.39	39.81	39.84	41.88
NM_001183103.1	16.53	21.75	25.12	20.57	23.98	24.87
NM_001183105.1	10.26	11.41	12.3	11.84	12.26	11.57
NM_001183106.1	98.54	98.83	103.88	116.4	106.58	115.57
NM_001183107.1	0.0	0.0	0.0	0.0	0.0	0.0
NM_001183108.1	2.39	2.13	2.83	2.4	2.61	4.12
NM_001183109.2	9.89	11.04	10.97	12.41	10.34	11.52
NM_001183110.1	9.86	11.4	13.04	13.05	10.93	11.25
NM_001183111.1	5.27	6.14	6.42	6.02	6.06	6.21
NM_001183112.1	12.47	11.61	10.53	16.63	16.7	15.57
NM_001183113.1	6.01	7.42	6.2	7.91	7.65	8.33
NM_001183115.1	4.16	4.71	4.18	1.51	2.04	1.8
NM_001183116.1	8.67	9.86	9.41	8.25	7.68	8.35
NM_001183117.1	0.3	0.76	0.64	2.07	1.43	1.88
NM_001183118.1	49.63	54.13	57.73	55.66	53.36	55.75
NM_001183119.1	200.88	204.14	211.68	210.31	196.26	189.3
NM_001183120.1	17.19	12.34	14.5	13.53	12.92	15.74
NM_001183121.1	16.96	16.48	15.29	13.75	15.62	12.14
NM_001183122.1	32.71	42.88	39.95	39.84	40.97	36.13
NM_001183124.1	8.09	11.36	12.43	13.66	8.94	9.68
NM_001183125.1	105.12	118.8	114.7	146.66	140.82	145.92
NM_001183126.1	32.33	33.42	35.55	29.42	30.82	32.94
NM_001183127.1	27.25	23.93	31.65	30.71	31.99	36.44
NM_001183128.1	40.29	40.26	44.3	50.66	50.69	60.66
NM_001183129.1	11.66	12.71	13.25	10.4	10.22	9.77
NM_001183130.1	37.46	37.62	36.53	29.99	29.27	31.9
NM_001183131.1	7.91	7.62	7.98	7.59	7.43	7.49
NM_001183132.1	2.64	2.87	3.83	3.8	3.11	3.7
NM_001183133.1	6.1	7.71	8.46	8.7	9.75	7.65
NM_001183135.1	11.89	13.0	12.66	14.71	13.95	15.18
NM_001183136.1	12.53	14.03	14.04	16.96	16.15	16.69
NM_001183137.1	8.51	8.77	12.29	8.79	10.99	13.07
NM_001183138.1	204.35	205.65	251.28	173.42	206.59	244.61
NM_001183139.1	1414.37	1320.95	1441.72	1117.62	1120.71	1155.36
NM_001183140.1	3116.0	3134.66	3090.14	3125.7	3143.15	2921.72
NM_001183142.1	8.11	9.6	8.76	8.03	9.6	8.51
NM_001183143.1	28.52	27.91	33.56	38.8	41.55	47.94
NM_001183144.1	53.27	59.97	66.35	70.99	67.64	75.42
NM_001183145.1	79.56	83.1	87.23	91.38	86.62	85.49
NM_001183146.1	69.35	75.26	72.12	71.07	65.02	69.71
NM_001183147.1	16.79	15.89	15.19	14.76	14.0	15.67
NM_001183148.1	32.25	40.37	39.02	33.99	34.32	32.62
NM_001183149.1	6.75	5.34	6.7	6.22	6.49	6.62
NM_001183150.1	75.97	82.68	76.61	106.38	99.37	92.89
NM_001183151.1	28.58	29.63	32.83	34.27	32.35	35.45
NM_001183152.1	6.1	7.27	6.47	6.47	8.04	6.62
NM_001183153.1	32.2	28.12	38.34	32.04	33.11	37.64
NM_001183154.1	15.49	14.72	12.33	17.04	17.77	16.06
NM_001183155.1	12.11	12.03	12.05	13.11	12.31	13.39
NM_001183156.1	0.04	0.03	0.0	0.0	0.07	0.07
NM_001183158.1	16.23	17.98	19.21	17.22	18.74	20.5
NM_001183159.1	14.17	15.51	15.19	13.5	12.84	15.19
NM_001183160.1	140.85	153.18	142.64	150.33	151.65	153.89
NM_001183161.1	43.6	45.74	43.27	58.73	57.54	58.32
NM_001183163.1	4.06	3.92	4.86	5.06	4.99	5.56
NM_001183164.1	7.9	7.71	8.3	8.43	7.28	7.58
NM_001183165.2	149.02	180.4	149.99	170.58	160.76	167.37
NM_001183166.1	4.98	3.73	4.23	4.38	4.12	3.5
NM_001183167.1	4.17	4.12	5.77	4.96	5.17	5.7
NM_001183168.1	29.98	33.23	35.6	39.2	40.09	43.48
NM_001183169.1	0.72	0.52	0.51	1.5	1.69	2.85
NM_001183170.1	0.39	0.43	0.75	0.89	1.32	1.32
NM_001183171.1	3.75	5.75	5.59	6.34	7.01	10.31
NM_001183172.1	4.42	2.99	1.39	3.36	3.07	2.11
NM_001183173.1	0.08	0.21	0.14	0.62	0.47	0.15
NM_001183174.1	10.75	14.63	11.98	16.79	15.55	13.64
NM_001183177.1	0.03	0.06	0.07	0.1	0.06	0.08
NM_001183178.1	60.78	70.59	62.89	121.73	121.68	110.33
NM_001183179.3	0.27	0.57	0.0	0.22	0.69	0.6
NM_001183180.1	44.35	47.3	45.62	31.68	32.41	30.61
NM_001183181.1	5.22	8.18	7.66	5.9	6.53	4.82
NM_001183183.3	21.36	21.36	18.9	25.17	23.64	20.64
NM_001183184.3	6.44	7.27	8.14	9.24	8.84	9.06
NM_001183185.1	24.09	25.8	28.88	25.15	26.35	29.75
NM_001183186.1	21.86	24.16	25.31	21.4	20.96	22.21
NM_001183187.3	20.17	22.09	20.4	22.7	26.66	19.14
NM_001183188.1	8.77	9.99	10.85	12.32	9.12	10.72
NM_001183189.1	21.14	21.28	22.25	23.51	23.59	21.15
NM_001183190.3	38.67	36.82	43.27	34.01	36.8	36.88
NM_001183191.3	3.74	5.49	3.18	6.27	6.15	5.81
NM_001183192.1	20.79	23.71	23.94	23.42	27.67	26.72
NM_001183193.1	253.45	279.14	249.53	258.4	235.48	270.43
NM_001183194.3	108.19	97.26	98.37	104.22	106.15	107.87
NM_001183195.1	94.06	106.64	111.59	113.64	106.61	123.1
NM_001183196.1	37.27	40.68	40.78	57.78	52.63	57.18
NM_001183197.3	13.11	11.95	12.96	14.54	14.13	17.09
NM_001183198.3	134.99	144.89	151.86	147.45	139.29	141.16
NM_001183199.1	39.94	41.31	47.77	46.42	48.64	50.27
NM_001183200.1	9.19	10.43	10.61	11.78	11.3	12.7
NM_001183201.3	17.54	19.56	22.61	21.51	19.95	23.31
NM_001183203.1	30.8	32.56	31.82	28.16	29.77	29.5
NM_001183204.1	11.34	11.57	12.25	12.72	11.6	15.9
NM_001183205.3	23.43	30.34	31.93	20.36	21.44	22.78
NM_001183206.3	17.36	20.95	23.42	25.87	25.45	25.83
NM_001183207.1	34.44	36.48	44.79	33.31	34.26	38.86
NM_001183208.1	7.16	7.66	8.19	8.56	8.34	8.34
NM_001183209.3	8.24	8.72	11.08	11.14	12.14	11.65
NM_001183210.1	16.24	18.52	22.25	24.07	22.62	28.64
NM_001183211.3	19.69	20.19	19.98	26.24	26.22	24.05
NM_001183212.1	104.23	104.76	110.19	136.49	137.58	147.24
NM_001183213.1	82.31	85.81	84.17	107.94	99.12	133.62
NM_001183214.3	43.11	47.43	52.61	40.97	49.68	61.04
NM_001183215.1	30.34	33.03	29.16	46.68	41.62	47.86
NM_001183216.1	11.47	13.57	12.64	14.66	12.06	12.91
NM_001183217.3	13.11	12.55	15.68	14.6	14.15	15.44
NM_001183218.3	16.98	19.37	20.99	24.22	23.45	27.44
NM_001183220.1	183.94	184.76	191.59	247.94	240.04	236.0
NM_001183221.1	23.17	29.94	28.48	34.88	40.29	52.78
NM_001183222.3	3.7	3.63	3.76	3.2	4.2	3.58
NM_001183223.1	140.05	129.76	133.59	140.88	155.41	160.99
NM_001183224.1	14.23	15.83	13.33	14.62	14.73	15.32
NM_001183225.3	7.35	6.73	9.43	8.01	8.27	10.77
NM_001183226.3	23.27	22.1	21.43	26.12	23.76	22.0
NM_001183227.1	157.3	154.42	153.56	176.92	162.17	191.48
NM_001183228.1	28.23	28.41	29.59	29.71	25.79	30.83
NM_001183229.3	39.05	40.51	42.2	46.76	40.77	52.02
NM_001183230.1	77.42	78.11	92.77	98.66	97.41	103.11
NM_001183231.1	43.88	47.75	47.06	44.18	39.03	36.02
NM_001183232.3	15.71	18.3	18.25	16.35	15.59	14.21
NM_001183233.3	0.07	0.0	0.06	0.0	0.0	0.06
NM_001183234.1	2.04	2.21	2.61	2.37	3.85	3.12
NM_001183235.1	0.04	0.21	0.34	0.44	0.61	0.51
NM_001183236.3	1.25	1.84	1.4	1.56	1.88	1.95
NM_001183237.1	6.91	4.82	6.46	2.25	2.12	1.93
NM_001183238.1	54.6	61.49	59.06	68.91	67.56	67.17
NM_001183239.3	0.0	0.45	0.39	0.34	0.49	0.74
NM_001183240.3	1.97	4.11	3.43	3.57	3.99	3.2
NM_001183241.1	0.78	0.45	0.54	0.98	1.11	1.65
NM_001183242.1	1.37	1.43	1.3	1.96	1.63	1.58
NM_001183243.3	1.51	1.7	1.33	2.31	2.55	1.68
NM_001183244.1	83.91	92.16	90.09	96.61	86.73	92.94
NM_001183245.1	0.14	0.0	0.11	0.0	0.0	0.0
NM_001183246.3	0.2	0.03	0.46	0.3	0.41	0.14
NM_001183247.4	0.09	0.18	0.1	0.16	0.13	0.11
NM_001183248.1	0.28	0.1	0.19	0.37	0.11	0.2
NM_001183249.1	0.0	0.03	0.0	0.0	0.0	0.0
NM_001183250.3	0.89	0.63	1.35	1.23	1.35	1.68
NM_001183251.1	14.44	14.92	18.73	28.12	27.08	28.86
NM_001183252.1	5.19	5.65	6.99	4.48	4.45	4.91
NM_001183253.3	0.0	0.0	0.0	0.12	0.0	0.0
NM_001183255.1	3.81	4.13	3.65	3.41	3.53	3.38
NM_001183256.1	32.53	37.16	39.25	48.58	52.67	53.54
NM_001183257.1	12.3	14.44	14.68	13.55	14.04	14.29
NM_001183258.1	39.01	43.52	36.85	47.79	40.56	45.27
NM_001183259.1	122.29	123.69	129.9	127.3	127.6	130.67
NM_001183260.1	29.74	34.41	35.25	28.16	23.94	26.52
NM_001183261.1	32.34	38.0	42.32	36.06	36.08	33.93
NM_001183262.1	20.46	20.87	23.18	22.81	21.72	25.65
NM_001183263.1	3.47	4.27	5.53	4.83	4.91	3.88
NM_001183264.1	32.42	35.09	42.78	38.64	43.37	43.34
NM_001183265.1	11.65	13.85	11.91	15.03	15.52	17.58
NM_001183266.1	103.66	107.94	109.48	79.17	85.86	85.14
NM_001183267.1	8.55	9.95	10.24	9.54	9.16	10.55
NM_001183268.1	1.68	0.12	0.93	0.23	1.45	0.5
NM_001183269.1	0.07	0.14	0.0	0.03	0.13	0.12
NM_001183270.1	15.65	18.48	19.71	23.53	22.18	22.81
NM_001183271.1	5.46	5.81	7.01	7.24	7.02	7.71
NM_001183272.1	16.74	17.72	20.46	18.58	18.8	19.77
NM_001183273.1	17.52	20.54	23.78	19.88	18.89	20.58
NM_001183274.1	23.56	24.78	27.08	21.27	21.3	24.15
NM_001183275.1	42.38	44.12	49.88	52.25	51.11	54.55
NM_001183276.2	54.66	54.41	55.09	51.98	55.76	54.45
NM_001183277.1	3.32	3.23	4.15	3.41	2.99	3.62
NM_001183278.1	0.0	0.09	0.0	0.18	0.0	0.0
NM_001183279.1	4.89	4.95	5.14	5.29	5.62	4.99
NM_001183280.1	57.38	55.39	69.6	58.86	64.78	79.39
NM_001183281.1	39.62	46.37	44.15	55.37	54.46	61.18
NM_001183282.1	16.09	16.26	15.82	19.94	15.6	18.83
NM_001183283.1	0.09	0.0	0.15	0.15	0.09	0.0
NM_001183284.1	139.64	151.81	151.61	168.15	168.26	173.52
NM_001183285.1	22.49	25.99	27.35	20.3	20.68	17.78
NM_001183286.1	18.61	21.32	20.3	25.02	23.13	23.0
NM_001183287.1	3.86	4.91	5.38	4.7	5.7	4.99
NM_001183288.1	3.19	3.35	3.69	4.03	2.92	3.18
NM_001183290.1	13.54	16.0	11.84	15.71	12.76	14.54
NM_001183292.1	133.15	137.41	147.65	176.34	167.91	182.26
NM_001183293.1	2805.76	2828.9	2650.26	2794.34	2813.25	2785.57
NM_001183294.1	4214.73	4278.2	3865.87	3833.82	3695.85	3558.86
NM_001183295.1	85.75	97.5	87.47	114.98	98.83	95.74
NM_001183296.1	9.14	10.41	12.89	10.22	9.76	11.9
NM_001183297.1	1.72	2.2	1.51	2.71	2.43	3.1
NM_001183298.1	10.34	10.54	11.17	9.89	9.75	9.68
NM_001183299.1	9.85	10.56	11.16	12.38	11.26	13.49
NM_001183301.1	0.54	0.18	0.27	0.5	0.41	0.87
NM_001183302.1	5.25	4.39	5.1	7.54	8.16	8.06
NM_001183303.1	48.26	50.93	54.78	56.9	57.14	57.62
NM_001183305.1	22.27	25.4	24.08	23.77	20.82	24.91
NM_001183306.1	45.73	44.73	49.25	45.61	48.1	49.88
NM_001183307.1	10.39	6.54	2.46	7.67	7.0	5.8
NM_001183308.1	7.02	6.4	7.77	8.01	8.37	9.67
NM_001183309.1	8.22	8.95	9.15	10.83	11.69	13.87
NM_001183310.1	4.89	5.66	4.94	6.45	6.45	8.12
NM_001183311.1	14.21	16.82	21.72	17.26	16.46	19.18
NM_001183312.1	35.45	38.24	39.79	36.22	35.26	38.61
NM_001183313.2	23.18	17.89	23.06	27.44	28.96	35.23
NM_001183314.1	124.1	121.04	125.76	111.83	115.72	114.91
NM_001183315.1	14.93	17.25	17.18	16.09	16.91	19.11
NM_001183316.1	103.2	110.3	111.49	123.75	123.93	138.88
NM_001183317.1	11.97	10.81	14.07	14.21	13.56	14.49
NM_001183318.1	3.48	3.49	3.92	4.33	3.89	3.89
NM_001183319.1	62.74	59.82	62.44	67.72	67.12	65.47
NM_001183320.1	11.47	12.39	14.46	15.4	14.12	17.06
NM_001183321.1	10.77	12.89	12.87	12.16	11.68	13.62
NM_001183322.1	17.01	21.41	19.89	20.34	21.82	27.33
NM_001183323.1	9.49	10.8	9.51	11.68	11.13	10.88
NM_001183324.1	6.75	7.37	8.42	7.45	6.89	8.29
NM_001183325.1	42.21	45.08	40.57	56.82	52.75	57.36
NM_001183326.1	20.4	21.37	24.29	26.38	24.14	24.77
NM_001183327.1	6.78	6.62	6.86	6.57	5.7	7.45
NM_001183328.1	12.12	13.17	13.84	14.07	13.77	14.6
NM_001183329.2	2.53	3.45	3.69	3.63	3.58	3.59
NM_001183330.1	25.2	29.58	33.38	35.89	36.46	37.94
NM_001183331.2	157.09	162.65	182.69	179.67	193.47	180.68
NM_001183332.1	4.44	5.45	4.02	6.57	5.8	6.29
NM_001183334.1	23.23	25.73	29.43	26.15	28.68	28.54
NM_001183335.1	4.44	4.6	5.31	4.08	3.82	4.61
NM_001183336.1	10.33	10.44	11.51	9.16	9.34	9.73
NM_001183337.1	1.97	2.48	2.33	2.12	2.25	2.03
NM_001183338.1	0.1	0.1	0.13	0.05	0.17	0.07
NM_001183340.1	9629.42	9126.46	10013.28	9355.4	9044.22	10495.58
NM_001183341.1	6.35	7.3	7.73	7.19	6.68	7.94
NM_001183342.1	44.32	42.85	49.6	39.18	42.86	40.73
NM_001183343.1	7.35	7.98	7.14	7.15	7.3	6.82
NM_001183344.1	28.2	29.88	34.11	31.46	29.41	29.13
NM_001183345.1	0.06	0.19	0.11	0.16	0.15	0.06
NM_001183346.1	94.77	100.71	101.62	107.35	106.24	107.01
NM_001183347.1	31.72	30.91	35.28	33.56	32.52	36.32
NM_001183348.1	35.62	37.77	40.81	33.06	35.41	33.9
NM_001183349.1	2.93	3.31	3.15	3.2	2.97	3.47
NM_001183350.1	9.63	12.83	12.44	13.93	14.41	15.26
NM_001183351.1	187.06	197.27	185.14	217.85	220.45	212.4
NM_001183352.1	45.31	48.86	55.94	60.34	57.89	62.96
NM_001183354.1	4.01	4.13	4.58	3.79	3.8	4.58
NM_001183355.1	12.67	16.42	10.21	16.23	16.13	15.04
NM_001183356.1	33.14	35.91	35.81	30.07	29.71	29.57
NM_001183357.1	11.59	13.46	14.0	16.3	16.75	17.41
NM_001183358.1	0.11	0.05	0.0	0.0	0.1	0.0
NM_001183359.1	2.07	2.61	1.75	2.42	2.49	2.09
NM_001183361.1	15.03	18.68	19.01	20.32	20.17	21.25
NM_001183362.1	11.79	12.88	14.68	16.11	16.23	11.69
NM_001183363.1	2025.77	2154.71	1956.78	2387.45	2393.89	2154.17
NM_001183364.1	4.64	7.78	4.18	5.34	6.0	8.5
NM_001183365.1	92.2	100.02	92.48	87.03	85.51	86.61
NM_001183366.1	4.03	3.58	3.15	4.31	3.8	4.35
NM_001183367.1	1.35	1.84	1.49	1.84	1.67	1.84
NM_001183368.1	3.82	3.1	3.77	3.05	3.43	4.1
NM_001183369.1	20.09	19.7	18.2	24.53	22.88	26.65
NM_001183370.1	6.14	7.68	7.94	7.63	7.69	8.98
NM_001183371.1	2.28	3.2	4.15	3.22	3.01	3.35
NM_001183373.1	16.09	21.08	21.74	30.9	32.89	35.37
NM_001183374.1	3548.95	3295.61	3561.85	2750.64	2913.22	2965.93
NM_001183375.1	2485.77	2500.68	2458.81	2392.87	2399.43	2226.46
NM_001183376.1	19.57	21.39	22.2	25.1	25.12	25.7
NM_001183377.1	151.11	165.5	141.16	193.92	163.78	187.27
NM_001183378.1	30.88	35.37	38.27	34.89	32.3	40.18
NM_001183379.2	12.04	12.92	14.16	17.44	14.66	12.73
NM_001183380.1	43.78	40.69	49.49	35.87	36.51	44.46
NM_001183381.1	5173.92	5009.12	4662.55	4887.01	4881.43	4484.91
NM_001183382.1	5.99	6.12	7.06	6.18	6.86	5.54
NM_001183383.1	87.58	97.9	113.16	112.35	112.11	120.73
NM_001183384.1	17.27	19.29	17.64	19.51	18.08	19.69
NM_001183385.1	0.16	0.0	0.0	0.0	0.0	0.28
NM_001183386.1	0.12	0.18	0.34	0.21	0.19	0.07
NM_001183387.1	50.86	61.29	68.29	74.93	70.02	73.37
NM_001183389.1	13.27	15.74	16.49	16.23	18.81	17.3
NM_001183390.1	13.1	16.6	20.78	17.16	18.11	17.84
NM_001183391.1	16.25	18.54	18.39	19.39	18.79	21.1
NM_001183392.2	3.37	3.25	3.98	3.73	3.45	3.87
NM_001183393.1	609.89	600.75	659.27	615.09	661.45	654.75
NM_001183394.1	5.21	5.49	6.6	6.24	6.8	6.18
NM_001183395.2	9.15	9.76	12.98	13.34	14.42	13.58
NM_001183396.2	45.7	49.65	53.15	56.72	56.34	65.27
NM_001183397.1	295.76	282.47	272.36	247.08	240.61	249.36
NM_001183398.1	17.15	18.16	21.4	21.68	20.03	22.44
NM_001183399.2	26.68	28.77	30.45	32.24	29.46	31.46
NM_001183400.1	24.25	22.21	29.6	24.35	23.92	24.49
NM_001183401.1	27.71	24.3	32.23	43.91	40.4	48.51
NM_001183402.1	10.26	10.16	11.8	12.29	12.63	13.04
NM_001183403.1	43.31	45.93	44.09	53.22	53.34	52.81
NM_001183405.1	61.53	64.44	110.84	114.67	123.68	154.79
NM_001183406.1	12.03	14.12	14.65	18.56	19.63	16.6
NM_001183407.1	1.05	1.92	1.5	1.32	1.42	1.35
NM_001183408.1	38.5	34.04	30.29	76.43	80.27	65.64
NM_001183409.1	0.17	0.32	0.57	0.49	0.52	1.06
NM_001183410.1	1.36	1.13	1.88	1.17	1.38	2.04
NM_001183411.1	95.19	78.95	88.23	125.21	113.53	126.52
NM_001183412.1	12.26	16.13	15.43	13.9	14.34	15.8
NM_001183414.1	0.0	0.0	0.0	0.12	0.14	0.26
NM_001183415.1	0.0	0.0	0.0	0.0	0.0	0.0
NM_001183416.1	0.0	0.09	0.0	0.0	0.1	0.0
NM_001183417.1	1.09	0.93	1.31	1.27	0.89	1.37
NM_001183418.1	0.25	0.0	0.0	0.0	0.12	0.0
NM_001183420.1	27.15	27.03	25.59	31.85	29.9	30.5
NM_001183421.1	27.58	30.35	37.42	29.3	29.98	35.13
NM_001183422.1	1.67	2.01	2.56	1.74	1.53	1.39
NM_001183423.1	55.18	56.94	66.6	61.37	65.77	64.21
NM_001183424.1	1.87	1.61	2.27	1.81	1.82	2.24
NM_001183425.1	28.97	28.18	31.95	27.58	29.31	27.36
NM_001183426.1	247.69	269.94	341.55	411.96	361.98	395.76
NM_001183427.1	43.52	49.0	48.94	52.44	51.56	45.44
NM_001183428.1	0.48	0.48	1.72	0.54	0.53	0.58
NM_001183429.1	4.33	4.07	6.19	2.62	2.46	2.82
NM_001183430.1	1.73	2.37	2.62	2.25	2.28	2.48
NM_001183431.1	4.11	5.37	4.9	4.95	4.72	4.16
NM_001183433.1	38.88	43.05	45.35	44.33	42.91	43.18
NM_001183435.1	40.93	45.61	54.19	51.36	56.19	49.87
NM_001183436.1	4.45	5.25	5.29	4.87	4.77	4.76
NM_001183437.1	7.47	8.25	8.79	7.96	7.84	8.82
NM_001183438.1	0.59	0.67	0.76	0.75	0.87	0.97
NM_001183439.1	553.17	562.37	638.64	697.15	669.51	700.64
NM_001183440.1	141.83	140.78	167.62	168.3	172.82	182.01
NM_001183441.1	4.6	4.96	4.99	5.75	5.48	5.81
NM_001183442.1	13.31	13.23	16.17	17.92	17.07	21.17
NM_001183444.1	17.3	18.3	19.35	21.97	20.35	21.79
NM_001183445.1	7.96	8.94	10.23	10.47	10.35	11.61
NM_001183446.1	464.03	533.29	501.44	781.58	691.47	651.74
NM_001183447.1	10.53	10.9	10.65	18.88	15.73	15.85
NM_001183449.1	3.74	3.6	4.0	3.8	4.09	4.68
NM_001183451.1	0.13	0.04	0.15	0.07	0.04	0.16
NM_001183452.1	5.67	4.45	5.45	5.76	4.07	5.46
NM_001183453.1	8.3	7.86	8.05	4.83	4.99	6.17
NM_001183454.1	9.17	10.36	8.81	10.45	9.61	9.48
NM_001183455.1	9.52	12.82	14.06	21.78	18.63	18.69
NM_001183456.1	5.61	6.84	10.0	6.19	6.57	7.75
NM_001183457.1	12.02	11.61	12.78	12.9	12.89	13.55
NM_001183458.1	54.02	57.3	60.94	56.29	56.68	54.77
NM_001183459.1	8.95	7.35	11.55	7.33	8.44	9.32
NM_001183461.1	48.79	53.51	46.92	50.36	41.65	46.54
NM_001183462.1	23.57	22.8	23.11	26.12	25.46	23.72
NM_001183463.1	7.64	7.19	6.81	4.68	7.52	4.93
NM_001183464.1	184.8	201.5	204.06	176.4	182.11	164.51
NM_001183465.1	150.19	163.8	157.9	203.63	184.25	196.45
NM_001183466.1	12.87	14.7	14.05	15.24	13.73	13.84
NM_001183467.1	28.39	28.66	32.23	31.3	29.66	32.75
NM_001183468.1	1.41	0.78	3.77	2.27	1.58	5.56
NM_001183470.1	73.42	74.48	82.65	66.57	70.78	74.13
NM_001183471.1	79.25	81.45	65.37	147.71	133.51	113.73
NM_001183473.1	8.58	8.99	6.78	7.43	6.47	7.52
NM_001183475.1	43.02	45.09	47.35	46.07	41.99	46.46
NM_001183476.1	24.43	27.66	30.27	38.53	38.56	37.17
NM_001183477.1	7.75	9.2	8.66	7.92	8.76	8.51
NM_001183478.1	4.91	5.4	4.43	8.23	6.37	7.61
NM_001183479.1	3.94	2.86	4.48	3.55	3.58	3.02
NM_001183480.1	56.01	59.55	69.96	76.53	74.73	83.57
NM_001183481.1	4.0	3.83	3.03	4.59	3.51	4.81
NM_001183482.1	4400.87	4445.02	4316.23	3929.39	3911.75	3927.96
NM_001183483.1	4.23	5.12	4.49	5.88	6.37	3.96
NM_001183484.1	31.84	38.9	28.57	29.1	36.27	24.93
NM_001183485.1	13.3	16.08	14.14	16.89	17.53	18.95
NM_001183486.1	31.58	32.78	36.76	35.98	37.38	34.97
NM_001183487.1	0.0	0.0	0.0	0.0	0.0	0.0
NM_001183488.1	21.07	24.91	21.48	26.67	22.33	24.58
NM_001183489.1	10.54	10.68	11.31	11.13	10.95	10.0
NM_001183490.1	6.95	8.27	10.55	7.41	6.52	6.61
NM_001183492.1	4.02	4.28	4.74	4.26	4.44	5.15
NM_001183493.1	41.38	40.94	42.58	60.35	51.3	59.17
NM_001183494.1	12.99	15.93	15.78	10.7	9.48	11.26
NM_001183495.1	10.12	10.32	11.18	11.11	10.16	10.81
NM_001183496.1	9.7	11.76	12.51	12.7	10.58	10.69
NM_001183497.1	37.03	45.35	48.14	46.22	39.79	48.69
NM_001183498.1	14.39	13.93	20.46	22.09	22.73	23.42
NM_001183499.1	1.94	2.48	3.04	3.05	3.53	2.86
NM_001183500.1	9.91	10.65	12.64	8.92	9.86	10.63
NM_001183502.1	11.81	12.48	10.44	10.65	11.07	9.72
NM_001183503.1	0.25	0.08	0.33	0.21	0.42	0.45
NM_001183504.1	86.12	88.37	93.29	88.51	99.11	114.11
NM_001183505.1	34.07	42.7	40.64	35.98	32.46	37.92
NM_001183506.1	16.99	19.09	17.46	19.85	18.9	20.75
NM_001183508.1	59.81	61.64	66.02	75.2	72.84	70.42
NM_001183509.1	16.18	17.3	20.21	19.06	20.18	22.75
NM_001183510.1	98.44	95.3	115.36	87.07	90.64	90.0
NM_001183511.1	10.88	10.12	10.78	10.72	8.81	12.11
NM_001183512.1	4.1	4.13	4.54	5.15	5.11	4.84
NM_001183513.1	21.08	23.41	26.57	30.58	27.93	25.27
NM_001183514.1	109.94	114.91	127.07	132.63	118.08	112.56
NM_001183515.1	3674.06	3692.57	3069.88	3841.65	3864.66	3228.15
NM_001183516.1	10.66	10.5	10.82	10.15	10.63	8.58
NM_001183517.1	34.3	42.05	33.7	50.32	43.14	47.55
NM_001183518.1	125.54	134.36	141.67	124.4	123.59	121.86
NM_001183519.1	0.23	0.45	0.39	0.39	0.33	0.11
NM_001183520.1	44.14	49.91	47.65	53.46	54.99	51.62
NM_001183522.1	81.95	99.91	106.13	113.69	116.62	115.97
NM_001183523.1	9.57	12.79	13.11	13.18	10.98	10.38
NM_001183525.1	16.28	15.94	13.95	12.92	13.08	11.54
NM_001183526.3	0.61	0.52	0.61	0.46	0.7	0.78
NM_001183527.1	74.91	76.49	78.33	71.74	74.06	68.08
NM_001183528.3	30.2	32.24	35.61	39.81	39.33	39.6
NM_001183529.1	12.37	14.95	13.59	14.57	13.67	16.43
NM_001183530.3	10.99	14.36	15.57	18.61	14.36	18.64
NM_001183531.1	14.63	14.93	16.19	16.04	16.09	16.55
NM_001183532.3	9.09	10.34	8.68	11.43	8.83	10.2
NM_001183533.1	5.54	4.83	5.02	3.89	4.43	3.71
NM_001183534.3	19.87	21.97	23.88	29.41	27.79	23.15
NM_001183535.1	33.44	33.51	39.24	36.97	34.75	38.09
NM_001183536.3	115.66	119.9	117.51	181.96	154.69	169.21
NM_001183537.1	8.21	10.48	10.19	8.38	7.61	9.89
NM_001183538.3	24.18	24.33	29.73	22.95	23.25	25.63
NM_001183539.1	3.66	1.66	1.72	3.83	2.76	2.74
NM_001183541.3	604.73	645.93	614.73	743.71	730.34	683.9
NM_001183542.1	43.04	48.3	44.15	46.54	41.51	42.14
NM_001183543.3	25.17	29.12	27.73	30.0	27.19	28.5
NM_001183544.1	18.69	19.35	21.74	24.56	22.21	27.06
NM_001183545.3	18.09	17.97	25.09	21.72	24.21	19.9
NM_001183546.1	8.51	9.61	8.35	9.34	8.37	9.67
NM_001183547.3	64.42	65.76	55.28	72.44	79.74	63.05
NM_001183548.1	2.24	2.33	3.02	2.6	2.11	3.32
NM_001183549.4	9.2	9.45	9.9	11.68	12.52	10.75
NM_001183550.1	24.11	25.41	33.53	31.5	29.52	39.62
NM_001183551.3	22.2	23.5	22.78	26.86	23.33	27.16
NM_001183552.1	3632.05	3546.92	3363.87	3155.38	3114.64	3227.44
NM_001183553.3	0.14	0.08	0.23	0.2	0.22	0.17
NM_001183555.1	176.8	183.09	226.96	229.46	234.2	218.31
NM_001183556.3	1.14	0.73	0.89	1.03	1.01	1.36
NM_001183557.1	12.37	13.83	13.09	13.46	13.43	14.11
NM_001183559.4	8.25	8.49	9.16	9.89	8.72	8.92
NM_001183560.1	20.15	24.26	20.23	26.31	23.89	26.67
NM_001183561.3	112.91	134.21	131.21	149.57	156.02	161.38
NM_001183562.1	14.62	16.44	19.51	16.95	19.01	18.82
NM_001183563.3	5.55	5.88	7.09	6.49	5.65	6.98
NM_001183564.1	131.28	137.48	131.71	137.42	131.9	128.14
NM_001183566.3	5.27	6.38	7.44	6.69	8.09	8.36
NM_001183567.1	9.65	10.83	10.46	10.64	10.3	10.12
NM_001183568.4	6.08	5.8	7.21	7.25	7.33	7.35
NM_001183569.1	40.24	37.61	38.97	37.23	42.4	45.5
NM_001183570.3	62.75	62.31	74.12	75.03	72.43	74.58
NM_001183571.1	4.39	6.12	6.2	6.38	7.45	7.52
NM_001183572.3	207.61	178.88	313.54	287.46	234.65	435.13
NM_001183573.1	5.64	6.29	5.59	7.38	6.16	6.85
NM_001183574.3	12.02	13.08	16.37	17.32	17.54	20.34
NM_001183575.1	6.6	6.74	6.99	6.67	7.45	7.05
NM_001183576.3	162.87	182.28	179.68	245.73	238.05	249.68
NM_001183577.1	26.87	30.16	29.6	25.27	25.49	27.82
NM_001183578.3	45.51	47.69	43.92	54.24	56.36	56.58
NM_001183579.1	13.77	14.97	14.38	17.97	15.73	15.02
NM_001183580.3	10.61	13.53	12.69	19.46	17.79	20.56
NM_001183581.3	6.62	7.87	8.18	5.11	6.14	4.14
NM_001183582.1	47.85	57.37	54.45	37.9	35.4	27.64
NM_001183583.3	86.2	94.93	105.35	95.45	91.7	86.51
NM_001183584.1	44.87	50.19	48.83	53.57	49.68	49.77
NM_001183585.3	6.1	6.94	7.03	5.29	6.31	5.27
NM_001183586.1	1948.42	1984.78	1888.87	1944.61	1917.68	1788.0
NM_001183587.3	252.51	256.15	258.39	361.59	344.0	355.14
NM_001183590.1	29.31	30.12	31.21	35.52	35.66	34.97
NM_001183591.3	2.44	3.22	3.67	3.41	2.77	3.22
NM_001183592.1	1.52	1.11	2.07	2.18	1.79	2.64
NM_001183593.3	11.31	13.39	12.14	14.99	13.54	15.82
NM_001183594.1	44.92	50.55	52.4	45.71	44.1	47.24
NM_001183595.3	52.09	59.47	65.95	73.37	75.14	77.88
NM_001183596.1	0.84	0.82	0.76	0.6	0.91	1.36
NM_001183597.3	0.07	0.09	0.12	0.23	0.16	0.27
NM_001183598.1	16.99	18.38	19.65	13.74	13.81	15.92
NM_001183599.3	0.28	0.65	0.58	0.47	0.46	0.13
NM_001183600.1	21.78	24.05	18.43	30.38	23.51	28.17
NM_001183601.3	3055.04	3143.77	2847.78	2937.65	2921.54	2512.02
NM_001183602.1	0.54	1.04	0.9	0.91	0.51	0.73
NM_001183603.3	236.61	261.27	217.71	249.03	239.05	207.92
NM_001183604.1	33.59	36.61	43.73	36.53	39.67	39.29
NM_001183605.3	0.0	0.21	0.2	0.0	0.12	0.22
NM_001183606.1	133.68	139.51	149.01	165.41	161.65	173.61
NM_001183607.3	12.86	14.15	15.64	14.19	14.4	13.73
NM_001183608.1	39.09	43.95	45.71	37.59	31.12	34.96
NM_001183609.3	0.3	0.26	0.58	0.29	0.53	0.47
NM_001183610.1	6.04	7.38	5.5	7.73	6.46	7.6
NM_001183611.3	0.75	1.23	0.76	0.6	0.74	0.77
NM_001183612.3	2.91	3.4	2.63	3.55	2.55	2.21
NM_001183613.1	37.14	43.68	43.87	43.74	35.69	44.42
NM_001183614.3	15.88	20.43	16.63	22.18	17.03	18.41
NM_001183615.1	21.36	23.63	27.63	28.13	29.76	26.22
NM_001183616.3	124.36	115.54	129.92	148.1	143.09	152.61
NM_001183617.1	362.18	393.11	373.57	311.31	283.85	274.29
NM_001183620.3	12.37	12.87	13.84	13.82	13.03	12.92
NM_001183621.1	73.91	72.72	62.45	96.27	97.66	92.83
NM_001183623.3	561.3	565.2	583.84	577.11	598.36	600.71
NM_001183624.1	3.48	3.93	4.03	3.74	3.71	4.88
NM_001183625.3	75.26	79.67	84.24	64.57	63.3	62.86
NM_001183626.1	31.57	31.85	41.01	33.89	31.41	35.21
NM_001183627.3	2.29	2.74	2.93	4.01	3.6	3.56
NM_001183628.1	86.83	95.7	106.54	119.32	113.19	116.58
NM_001183629.3	213.12	220.17	241.23	226.0	210.11	207.29
NM_001183630.1	12.44	13.48	13.7	16.96	16.75	15.32
NM_001183631.3	47.2	51.63	49.14	52.64	48.36	48.08
NM_001183632.1	8.37	9.65	13.27	11.94	9.52	11.69
NM_001183633.3	0.0	0.0	0.13	0.0	0.07	0.0
NM_001183634.1	23.04	32.84	30.56	24.84	25.99	25.91
NM_001183635.3	20.53	21.38	20.6	26.22	21.54	22.95
NM_001183636.1	29.26	29.42	28.06	32.24	29.94	32.37
NM_001183638.3	7.91	8.54	9.34	7.75	7.55	9.64
NM_001183639.1	32.27	34.24	32.73	45.94	47.6	48.7
NM_001183640.3	17.94	18.39	18.47	24.98	25.69	25.81
NM_001183641.1	14.72	13.08	19.4	25.55	22.27	24.63
NM_001183642.3	13.42	11.0	13.34	18.25	16.07	14.37
NM_001183643.1	245.38	237.36	259.06	243.66	249.71	268.38
NM_001183645.3	114.04	114.37	104.05	131.17	130.49	120.21
NM_001183646.1	5.12	5.69	5.31	7.55	7.12	7.47
NM_001183647.3	4.65	4.55	3.75	5.1	5.56	6.56
NM_001183648.1	9.69	10.96	11.87	12.78	11.05	11.61
NM_001183649.3	190.24	190.43	212.89	192.57	188.87	193.96
NM_001183650.1	10.43	12.17	10.95	13.62	11.6	12.92
NM_001183651.3	194.72	197.13	199.98	228.54	208.63	201.14
NM_001183652.1	7.93	7.94	9.8	9.69	7.31	10.06
NM_001183653.3	1742.42	1663.26	1666.58	1526.15	1565.03	1480.01
NM_001183655.1	29.99	29.46	33.96	26.15	22.58	26.47
NM_001183656.3	1.25	0.46	0.52	0.52	0.46	0.48
NM_001183657.1	10.64	14.31	14.96	13.48	14.64	16.47
NM_001183658.6	87.27	103.54	71.75	103.92	83.35	87.25
NM_001183660.1	31.55	34.88	37.16	38.42	38.78	41.31
NM_001183661.3	0.16	0.04	0.09	0.13	0.05	0.0
NM_001183662.1	60.04	64.04	65.45	79.62	70.89	75.42
NM_001183663.3	8.84	11.4	13.66	12.69	14.77	13.65
NM_001183664.1	12.71	12.45	10.74	10.88	13.11	14.07
NM_001183665.3	25.2	22.67	28.01	29.35	30.94	30.41
NM_001183666.1	442.35	450.74	490.6	272.91	301.62	354.34
NM_001183668.3	5.14	3.87	5.53	4.24	3.74	4.97
NM_001183669.1	14.19	14.55	16.33	15.94	14.89	17.34
NM_001183670.3	52.99	55.68	61.12	79.28	76.89	75.25
NM_001183671.1	51.99	58.6	51.94	65.68	60.92	60.07
NM_001183672.3	79.7	81.77	90.92	91.46	95.99	86.85
NM_001183673.1	95.71	98.52	108.73	106.65	102.87	112.83
NM_001183674.3	0.0	0.0	0.0	0.0	0.0	0.0
NM_001183675.2	9.48	11.51	12.41	11.98	10.71	11.63
NM_001183676.3	37.23	38.79	46.62	59.68	48.01	43.39
NM_001183677.1	4.18	5.16	4.39	4.86	5.46	4.61
NM_001183678.3	124.55	121.07	132.03	183.92	173.88	187.18
NM_001183679.1	51.68	59.27	58.34	70.46	71.73	76.17
NM_001183680.3	125.45	137.79	147.05	165.85	163.19	160.18
NM_001183681.1	16.26	21.06	24.89	23.37	24.06	21.76
NM_001183683.3	35.27	40.2	38.07	46.58	43.46	43.61
NM_001183684.1	64.21	82.42	98.09	69.33	70.31	67.07
NM_001183685.3	4.52	4.13	5.54	4.36	3.62	6.09
NM_001183686.1	21.22	22.38	28.36	21.31	21.03	23.01
NM_001183687.3	0.13	0.0	0.0	0.0	0.0	0.0
NM_001183688.1	3.86	3.53	3.79	4.42	3.86	3.98
NM_001183689.3	161.3	170.73	181.95	194.21	188.23	193.7
NM_001183690.1	122.19	124.34	126.35	118.44	120.6	128.37
NM_001183691.3	72.88	77.41	81.13	86.5	89.56	94.17
NM_001183692.1	11.55	12.52	9.01	15.6	15.46	11.18
NM_001183693.3	9.22	11.52	13.72	8.44	9.07	8.55
NM_001183694.1	6.51	7.76	6.66	7.53	8.13	7.02
NM_001183695.3	407.51	424.46	401.8	434.08	405.41	407.56
NM_001183697.1	14.67	13.21	13.42	15.62	16.21	18.16
NM_001183698.3	9.01	8.1	9.66	9.6	9.7	10.27
NM_001183699.1	24.17	29.84	32.5	30.2	28.31	28.79
NM_001183700.3	48.3	50.33	51.54	57.08	51.01	55.25
NM_001183702.1	51.08	56.25	63.18	56.21	55.76	54.62
NM_001183703.3	5.69	6.49	6.5	6.63	6.52	7.75
NM_001183704.1	232.53	229.46	274.4	275.46	282.26	289.72
NM_001183705.3	90.57	97.3	98.03	119.98	121.92	130.75
NM_001183706.1	22.56	26.84	26.54	24.67	25.26	24.94
NM_001183707.3	21.66	23.94	22.94	27.68	28.54	30.84
NM_001183708.1	4.33	4.33	5.45	5.12	4.99	5.51
NM_001183709.3	13.51	14.83	14.16	14.43	13.05	15.18
NM_001183710.1	8.15	8.17	8.39	8.34	7.99	8.28
NM_001183711.3	6.95	7.97	8.67	9.07	9.73	8.64
NM_001183712.1	2620.66	2704.43	2586.85	2622.13	2687.01	2503.61
NM_001183713.1	118.19	129.3	125.35	125.73	117.11	112.94
NM_001183714.3	7.82	9.94	11.49	8.53	8.22	7.63
NM_001183715.1	3.07	3.7	3.86	3.72	4.32	3.88
NM_001183716.4	28.57	27.7	27.03	30.0	29.44	30.21
NM_001183717.1	0.32	0.1	0.07	0.1	0.04	0.07
NM_001183718.1	9.65	10.69	10.18	9.29	9.9	10.68
NM_001183720.3	18.37	17.38	18.75	17.41	17.82	22.13
NM_001183721.1	22.49	22.57	44.65	20.69	24.11	27.82
NM_001183722.3	25.41	21.19	30.47	25.06	25.8	32.66
NM_001183723.3	14.64	18.37	17.7	18.57	16.16	16.58
NM_001183724.1	12.46	11.37	13.66	14.24	12.99	14.77
NM_001183725.1	4.63	5.66	8.32	6.14	5.89	5.0
NM_001183726.4	8.76	8.14	8.57	7.43	4.83	6.88
NM_001183727.1	13.27	13.62	17.12	13.2	12.91	13.81
NM_001183728.3	11.41	10.96	9.8	13.53	11.29	10.34
NM_001183730.1	316.54	342.72	334.28	318.6	317.17	318.78
NM_001183731.3	44.36	45.84	47.2	53.89	52.75	49.84
NM_001183732.1	3687.2	3735.56	3318.34	3301.29	3371.81	2871.0
NM_001183733.3	0.73	0.82	0.47	1.28	0.64	1.22
NM_001183735.1	46.27	49.45	50.36	38.67	40.12	37.45
NM_001183736.3	35.99	36.45	34.84	33.26	31.17	33.86
NM_001183737.3	74.22	82.19	86.02	94.18	86.45	93.35
NM_001183739.1	10.66	11.16	13.52	12.86	14.46	12.5
NM_001183740.3	19.65	24.3	27.29	23.2	22.26	25.63
NM_001183741.1	19.34	22.29	21.18	20.66	20.78	23.24
NM_001183742.3	10.9	11.61	12.12	12.66	11.58	14.29
NM_001183743.1	223.07	228.69	221.7	293.51	284.36	286.71
NM_001183744.3	6.55	7.05	8.0	6.85	6.38	6.45
NM_001183746.1	43.09	51.99	46.78	55.75	48.99	55.72
NM_001183747.3	104.12	120.73	126.5	158.35	145.23	134.94
NM_001183748.1	0.29	0.39	0.25	0.48	0.36	0.37
NM_001183749.3	12.18	13.5	11.08	15.36	13.94	14.98
NM_001183750.1	6.01	6.28	6.92	6.75	7.12	6.42
NM_001183752.3	586.95	606.99	585.75	756.9	698.57	687.68
NM_001183754.1	3.51	4.09	3.63	4.19	3.58	4.02
NM_001183755.3	331.44	353.86	341.77	431.23	400.63	419.5
NM_001183756.1	12.54	13.29	14.77	13.28	12.04	13.29
NM_001183757.3	6.5	6.12	7.94	6.82	6.72	6.89
NM_001183758.1	0.74	0.95	0.79	0.49	0.8	0.38
NM_001183759.3	0.57	0.78	1.33	0.96	0.65	1.03
NM_001183760.1	102.66	103.81	122.74	108.59	106.4	111.57
NM_001183761.3	116.75	114.43	128.96	114.16	112.96	118.85
NM_001183762.1	26.07	25.34	31.39	24.9	28.17	30.54
NM_001183764.3	40.83	42.37	40.9	20.65	17.22	17.34
NM_001183766.1	6.96	9.53	9.54	7.86	7.05	8.18
NM_001183767.3	11.59	12.84	13.61	15.51	17.16	16.02
NM_001183768.1	0.13	0.08	0.42	0.26	0.15	0.06
NM_001183769.3	2.88	2.79	3.12	3.12	3.18	3.64
NM_001183770.1	3.26	2.83	3.84	4.08	3.27	3.58
NM_001183771.3	0.04	0.0	0.0	0.0	0.0	0.07
NM_001183772.1	14.43	14.83	14.98	16.76	15.97	14.36
NM_001183773.3	8.27	8.89	7.92	10.01	10.48	10.58
NM_001183774.1	13.69	15.87	16.24	16.38	14.7	17.89
NM_001183775.3	49.84	53.02	52.77	52.99	49.68	50.22
NM_001183776.1	18.26	21.63	22.1	27.66	27.21	24.78
NM_001183777.3	49.22	57.58	63.66	69.94	74.29	72.32
NM_001183778.1	6.09	6.12	5.38	7.3	6.54	9.04
NM_001183779.3	20.06	21.56	18.32	18.06	18.24	18.95
NM_001183780.1	17.25	20.05	21.73	20.2	20.76	20.85
NM_001183781.3	253.4	259.44	251.74	254.24	230.93	245.83
NM_001183782.1	133.73	145.41	153.09	242.03	231.18	256.02
NM_001183783.3	2.37	2.53	2.55	2.64	3.25	3.34
NM_001183785.1	0.28	0.05	0.28	0.21	0.24	0.35
NM_001183787.3	33.05	34.84	38.24	50.38	50.09	53.43
NM_001183788.1	4.61	5.7	7.66	6.36	7.29	7.19
NM_001183789.3	3716.75	3681.79	3768.19	3746.7	3629.36	3715.72
NM_001183790.1	25.62	30.53	35.02	40.29	36.83	41.54
NM_001183791.3	6.23	6.9	8.07	6.94	7.48	8.24
NM_001183792.1	17.15	21.21	20.38	21.19	19.25	20.41
NM_001183793.3	11.54	13.99	11.31	14.35	13.7	16.01
NM_001183794.1	42.86	50.62	42.27	116.59	126.05	123.96
NM_001183795.3	233.74	235.85	268.35	210.55	217.89	234.74
NM_001183797.3	16.39	18.38	18.5	13.95	14.81	14.33
NM_001183798.1	1.14	1.78	2.2	1.97	1.89	2.39
NM_001183800.3	1.57	1.77	2.02	1.5	1.35	1.74
NM_001183801.1	1.05	0.69	0.69	0.7	0.71	0.45
NM_001183802.1	845.62	547.59	532.11	741.71	634.16	627.57
NM_001183803.3	998.73	637.55	522.98	594.59	479.88	525.78
NM_001183804.1	6.47	4.31	4.47	6.68	5.75	4.96
NM_001183805.3	9.98	9.62	11.8	10.17	13.71	13.75
NM_001183806.1	4.43	4.75	6.72	5.22	5.32	5.24
NM_001183807.3	0.09	0.23	0.15	0.22	0.25	0.16
NM_001183808.1	0.15	0.26	0.17	0.51	0.19	0.64
NM_001183809.3	2.11	2.58	3.76	1.9	1.3	2.78
NM_001183810.1	12.5	15.47	14.62	12.92	13.42	11.91
NM_001183811.3	0.08	0.07	0.26	0.07	0.15	0.0
NM_001183813.1	0.31	0.15	0.37	0.19	0.08	0.56
NM_001183814.3	0.0	0.0	0.0	0.0	0.1	0.2
NM_001183815.1	20.13	19.27	20.2	18.42	18.1	16.47
NM_001183816.1	11.26	11.24	11.66	10.84	11.22	13.67
NM_001183817.1	4.54	5.66	5.93	7.11	6.45	6.81
NM_001183818.1	205.22	228.65	212.61	364.54	353.51	346.29
NM_001183819.1	1.55	1.74	1.77	3.06	2.04	2.22
NM_001183820.1	13.41	14.69	17.1	15.43	13.81	14.86
NM_001183821.1	6.4	8.38	7.63	7.93	8.1	8.52
NM_001183822.1	2.37	2.2	2.63	2.45	2.88	2.45
NM_001183823.1	35.96	39.93	43.37	47.04	44.09	47.88
NM_001183824.1	168.76	183.98	194.47	202.1	211.42	189.05
NM_001183825.1	7.38	8.23	12.24	10.82	9.51	11.63
NM_001183826.1	56.93	59.61	63.37	73.84	70.01	74.72
NM_001183827.1	35.0	39.84	44.81	59.97	47.67	52.26
NM_001183828.1	8.73	7.83	7.29	8.54	8.94	10.0
NM_001183829.1	17.98	15.7	15.85	19.78	20.74	21.37
NM_001183830.2	14.69	19.26	16.42	12.71	10.9	12.27
NM_001183831.1	0.47	0.83	0.71	1.11	1.1	0.91
NM_001183832.1	8.84	7.67	9.67	7.98	6.86	5.53
NM_001183833.1	155.21	166.89	178.17	107.5	90.17	40.27
NM_001183834.1	7.65	7.11	10.38	8.47	8.07	8.83
NM_001183835.1	0.0	0.0	0.0	0.0	0.0	0.0
NM_001183836.1	3.98	4.52	4.35	5.5	5.34	6.13
NM_001183837.1	24.03	24.37	23.74	27.63	26.79	29.01
NM_001183838.1	5.57	5.42	7.45	6.16	6.35	6.56
NM_001183840.1	6.9	6.72	7.66	6.56	6.43	7.27
NM_001183841.1	0.08	0.07	0.13	0.06	0.22	0.41
NM_001183842.1	351.94	381.84	362.72	432.47	391.81	428.31
NM_001183843.1	4.63	4.18	4.57	5.36	4.99	6.13
NM_001183844.1	24.67	29.57	32.75	31.71	29.56	28.85
NM_001183845.1	33.11	36.99	39.25	37.38	38.42	44.74
NM_001183846.1	34.27	38.37	35.54	33.21	33.95	34.83
NM_001183847.1	0.0	0.06	0.22	0.06	0.13	0.0
NM_001183848.1	1.09	1.86	2.35	1.74	1.44	1.97
NM_001183850.1	121.11	136.13	120.41	156.71	128.53	119.83
NM_001183851.1	1388.71	1298.31	1397.99	1188.74	1207.27	1315.46
NM_001183852.1	14.65	16.17	19.72	13.39	14.77	15.69
NM_001183853.1	7.28	7.03	7.69	6.56	5.45	6.83
NM_001183854.1	3.37	3.89	4.41	3.47	3.57	3.61
NM_001183855.1	8.01	7.59	6.5	7.98	8.05	5.61
NM_001183856.1	5.0	5.59	5.61	4.81	5.18	5.65
NM_001183857.1	61.95	70.26	66.96	72.61	68.25	74.31
NM_001183859.1	6.44	6.53	6.99	7.76	6.84	7.81
NM_001183860.1	17.58	18.46	18.52	13.46	17.69	19.8
NM_001183861.1	15.21	12.26	14.31	14.87	14.02	14.32
NM_001183862.1	327.93	322.26	308.5	337.21	307.59	359.04
NM_001183863.1	41.69	43.57	40.36	45.1	41.72	42.97
NM_001183864.1	55.98	54.73	61.35	59.53	62.46	62.04
NM_001183865.1	10.0	12.4	14.3	15.91	13.36	14.86
NM_001183866.4	4.34	4.75	4.2	6.95	6.84	6.19
NM_001183867.1	33.84	40.53	42.82	51.65	49.54	54.48
NM_001183868.1	0.95	1.34	1.05	0.48	0.48	1.02
NM_001183869.1	20.86	25.39	22.8	23.69	25.57	23.41
NM_001183870.1	0.0	0.0	0.0	0.0	0.0	0.0
NM_001183871.1	15.6	17.99	21.05	13.71	11.15	15.42
NM_001183872.1	13.72	12.78	13.43	18.54	15.16	21.71
NM_001183873.1	88.26	97.03	100.81	118.88	123.89	134.69
NM_001183874.1	3.51	3.15	3.8	2.43	3.13	2.53
NM_001183875.1	1231.75	1299.22	1250.58	1528.16	1507.72	1471.63
NM_001183877.1	84.13	93.51	95.86	88.23	79.71	90.55
NM_001183878.1	9.32	10.16	10.67	10.19	10.15	9.54
NM_001183879.1	16.58	17.89	19.71	16.54	17.96	16.96
NM_001183880.1	6.05	5.81	5.52	5.34	4.97	5.41
NM_001183881.1	18.25	20.86	22.14	17.39	14.41	21.37
NM_001183882.1	12.08	13.0	14.37	11.48	12.73	14.79
NM_001183883.1	11.17	11.08	12.01	11.41	12.41	10.27
NM_001183884.1	10.74	9.32	12.02	12.86	11.87	11.78
NM_001183885.1	6.42	9.38	8.56	10.95	9.51	9.29
NM_001183886.1	2.03	2.46	2.72	1.86	1.65	2.46
NM_001183888.1	8.27	9.02	7.47	9.96	10.46	9.1
NM_001183889.1	3.93	5.9	4.47	4.37	3.91	4.4
NM_001183890.1	5.59	6.15	6.38	6.04	4.83	4.62
NM_001183891.1	6.76	6.3	6.97	7.55	7.55	7.84
NM_001183892.1	111.69	127.71	120.57	135.98	143.44	138.92
NM_001183893.1	3124.12	2963.86	3111.63	2803.47	2940.52	2945.0
NM_001183895.1	939.04	976.04	893.45	865.13	808.84	625.34
NM_001183896.1	10.58	11.09	11.61	10.73	9.81	11.6
NM_001183897.1	10.48	10.57	11.31	8.92	9.4	11.01
NM_001183898.1	23.59	26.22	27.52	21.61	19.01	20.33
NM_001183899.1	38.27	42.57	33.85	43.45	34.86	42.03
NM_001183900.1	48.93	51.97	59.12	74.28	72.02	79.95
NM_001183901.1	26.83	23.44	27.09	25.8	24.55	30.28
NM_001183902.1	1.96	1.81	2.23	3.23	1.69	2.62
NM_001183903.1	5.15	5.56	6.18	5.9	5.49	6.61
NM_001183904.1	4939.4	4837.89	4627.24	4966.37	4919.73	4676.95
NM_001183905.1	130.69	136.05	155.18	149.4	156.11	162.04
NM_001183906.1	19.48	20.81	23.27	23.06	22.79	22.36
NM_001183907.1	82.48	85.94	95.71	86.74	86.47	94.02
NM_001183908.1	101.84	109.68	108.65	87.23	85.36	87.74
NM_001183909.1	3.27	5.77	6.42	6.2	7.7	8.35
NM_001183910.1	11.62	13.29	15.78	14.21	13.64	16.37
NM_001183911.1	7.71	7.62	7.02	7.75	7.31	8.62
NM_001183912.1	98.56	97.48	119.1	115.05	124.0	138.86
NM_001183913.1	18.69	17.9	19.57	18.5	14.79	18.19
NM_001183914.1	12.75	12.18	14.72	14.5	14.79	14.43
NM_001183915.1	26.45	28.69	33.81	34.92	33.63	36.02
NM_001183917.1	5.81	8.74	7.3	8.34	7.86	10.09
NM_001183918.1	4.63	6.12	7.49	6.18	5.89	6.62
NM_001183919.1	23.34	26.75	20.2	29.13	23.54	25.04
NM_001183920.1	1016.77	1058.07	1106.62	1143.2	1063.7	1107.02
NM_001183921.1	6.18	7.65	8.01	8.15	8.74	6.66
NM_001183922.1	15.46	17.67	21.38	19.43	17.6	17.99
NM_001183923.1	2.69	2.5	2.58	2.51	2.93	1.78
NM_001183924.1	8.07	8.07	9.53	7.46	7.62	6.49
NM_001183925.1	147.62	154.44	145.23	167.28	165.12	185.37
NM_001183926.1	31.63	30.43	33.1	41.04	37.13	35.41
NM_001183927.1	2.43	3.15	2.91	3.95	3.53	3.07
NM_001183929.1	11.07	11.91	10.4	12.66	9.5	11.87
NM_001183930.1	10.76	10.24	13.36	11.5	11.74	11.25
NM_001183931.1	149.03	157.4	162.78	197.09	183.96	179.59
NM_001183932.1	32.96	36.74	39.66	48.43	46.05	44.27
NM_001183933.1	3.08	3.77	4.12	5.2	5.09	4.58
NM_001183934.1	6.28	7.78	7.57	7.94	5.23	6.96
NM_001183935.1	0.17	0.07	0.0	0.0	0.0	0.0
NM_001183936.1	10.9	12.86	12.29	15.56	15.04	15.81
NM_001183937.1	6.11	7.15	7.7	7.14	6.43	5.78
NM_001183938.1	9.85	11.87	13.15	10.92	9.0	9.47
NM_001183939.1	15.26	16.58	18.67	19.71	17.79	18.26
NM_001183940.1	64.73	63.3	71.04	70.71	75.4	71.48
NM_001183941.1	102.23	112.55	102.45	107.83	103.48	102.47
NM_001183942.1	18.06	20.54	20.85	18.6	18.01	20.0
NM_001183943.1	101.89	100.28	121.46	95.95	95.96	104.84
NM_001183944.1	0.08	0.0	0.0	0.0	0.0	0.15
NM_001183945.1	3637.72	3507.19	3737.93	3140.71	3283.22	3474.12
NM_001183946.1	7.14	7.49	8.39	10.17	9.77	9.79
NM_001183947.1	5.56	5.63	6.34	6.59	5.85	5.87
NM_001183948.1	3.19	5.07	5.59	1.8	2.02	2.98
NM_001183949.1	109.18	136.27	122.91	180.2	169.62	156.84
NM_001183951.1	15.42	18.8	15.55	21.7	20.57	21.25
NM_001183952.1	8.79	8.65	9.9	9.95	11.2	9.19
NM_001183953.1	19.7	20.83	22.54	25.9	24.33	22.34
NM_001183954.1	6.24	6.57	6.13	6.71	6.89	6.52
NM_001183955.1	6.16	7.34	8.21	7.14	7.94	7.76
NM_001183957.1	3428.1	3288.95	3156.93	3009.4	3150.97	2934.88
NM_001183958.1	28.93	30.1	36.06	28.66	28.96	28.77
NM_001183959.1	130.55	133.93	150.51	137.47	147.04	138.52
NM_001183960.1	46.84	54.74	50.57	46.06	40.85	43.32
NM_001183961.1	0.87	0.85	1.02	0.55	0.67	0.74
NM_001183962.1	0.52	2.23	1.39	1.23	1.48	1.88
NM_001183963.1	4.31	3.9	3.95	3.56	4.07	4.41
NM_001183964.1	4.05	4.35	6.1	5.25	4.69	6.15
NM_001183965.1	8.08	7.44	7.28	9.22	9.68	9.29
NM_001183966.1	10.71	12.46	11.1	14.84	15.19	13.99
NM_001183967.1	5.35	6.55	7.44	6.3	6.68	6.17
NM_001183968.1	212.25	220.09	264.6	287.03	293.49	302.76
NM_001183969.1	8.62	8.83	8.34	9.26	8.71	8.95
NM_001183970.1	8.38	8.17	10.38	9.92	9.53	8.51
NM_001183971.1	13.77	14.47	19.74	17.45	16.67	17.95
NM_001183972.1	18.67	20.54	20.79	21.34	21.89	23.37
NM_001183973.1	20.43	19.07	17.69	19.17	20.73	16.68
NM_001183974.1	328.47	346.63	349.35	363.76	347.85	366.69
NM_001183975.1	8.13	7.49	7.52	10.16	9.5	11.01
NM_001183976.1	10.9	13.12	14.31	11.91	13.2	15.05
NM_001183977.1	132.55	139.77	150.37	148.68	148.74	176.8
NM_001183978.1	1.6	1.53	1.28	1.78	2.29	1.84
NM_001183979.1	0.05	0.09	0.09	0.0	0.0	0.0
NM_001183980.1	7.2	6.36	5.9	8.79	6.78	6.25
NM_001183981.1	0.37	0.28	0.38	0.41	0.34	0.34
NM_001183982.1	4.09	5.03	5.0	5.01	4.79	5.84
NM_001183983.1	43.19	46.69	46.1	65.96	60.04	63.09
NM_001183984.1	50.42	64.61	53.32	65.53	62.78	57.48
NM_001183985.1	3.04	1.85	1.68	2.3	1.59	1.22
NM_001183986.1	7.9	6.88	7.88	6.51	6.14	6.51
NM_001183987.1	25.45	27.48	30.7	33.78	30.91	34.83
NM_001183988.1	0.82	1.19	0.98	1.32	1.2	1.56
NM_001183989.1	7.21	7.06	8.19	8.59	8.29	9.04
NM_001183990.1	15.29	15.3	16.71	20.13	19.19	20.78
NM_001183991.1	49.13	55.87	46.85	50.26	49.76	47.18
NM_001183992.1	74.32	81.9	88.36	73.26	72.64	71.36
NM_001183993.1	18.9	19.88	23.1	21.5	23.15	25.46
NM_001183994.1	11.13	12.66	11.62	14.1	12.06	12.62
NM_001183995.1	21.6	23.18	19.04	28.83	22.53	24.56
NM_001183997.1	25.92	25.82	33.11	28.91	28.7	27.82
NM_001183998.1	48.81	54.47	56.22	50.0	46.58	51.69
NM_001184000.1	1.06	0.69	0.52	0.84	0.65	0.9
NM_001184001.1	0.0	0.09	0.18	0.0	0.1	0.0
NM_001184002.1	24.3	29.91	27.71	31.61	29.89	31.77
NM_001184003.1	0.29	0.41	0.75	0.54	0.15	0.12
NM_001184004.1	56.62	65.61	48.27	75.82	57.34	67.56
NM_001184005.1	5.11	5.63	7.16	5.98	6.72	6.81
NM_001184006.1	0.0	0.11	0.0	0.33	0.74	0.71
NM_001184007.1	11.2	12.31	11.56	11.97	9.8	15.46
NM_001184008.1	3.2	3.53	3.94	3.76	3.35	3.52
NM_001184009.1	22.65	26.92	28.76	23.45	21.21	24.01
NM_001184010.1	14.84	14.89	15.46	26.54	23.35	23.75
NM_001184012.1	3573.1	3462.11	3446.88	3214.68	3306.88	3040.07
NM_001184013.1	87.44	89.82	84.88	54.83	58.68	55.33
NM_001184014.1	0.0	0.0	0.0	0.0	0.0	0.0
NM_001184015.1	0.0	0.04	0.07	0.04	0.0	0.08
NM_001184016.1	16.67	17.78	21.96	17.58	19.82	20.83
NM_001184017.1	18.36	18.21	17.88	19.37	18.02	17.87
NM_001184018.1	40.49	40.89	48.97	50.46	51.27	51.25
NM_001184020.1	39.45	44.72	51.88	58.94	57.31	62.32
NM_001184021.1	27.39	25.92	29.78	25.28	20.82	24.64
NM_001184022.1	12.8	14.58	14.44	15.31	15.29	16.83
NM_001184023.1	5.91	5.89	7.98	6.79	7.19	5.65
NM_001184024.1	55.46	60.12	63.87	51.22	50.71	51.21
NM_001184025.1	158.78	163.0	176.51	198.75	201.52	197.27
NM_001184026.1	54.61	57.66	59.11	54.51	49.24	52.6
NM_001184027.1	14.88	16.5	18.2	22.12	21.26	22.72
NM_001184028.1	5.79	4.72	6.36	8.54	7.91	8.21
NM_001184029.1	21.48	26.58	30.93	31.89	33.14	32.66
NM_001184030.1	0.96	1.59	1.26	1.51	1.53	1.89
NM_001184031.1	41.62	43.24	48.1	50.57	46.94	53.01
NM_001184032.1	322.28	307.99	362.85	344.61	353.95	359.16
NM_001184033.1	6.25	8.16	5.84	8.25	7.57	7.2
NM_001184034.1	4605.11	4608.08	4242.92	4172.77	4181.0	3988.3
NM_001184035.1	17.15	17.64	19.23	17.83	17.41	18.46
NM_001184036.1	3.03	2.39	3.61	2.59	2.59	3.51
NM_001184037.1	0.86	0.55	1.6	0.63	1.42	1.55
NM_001184038.2	12.21	10.42	12.33	11.14	12.04	11.87
NM_001184039.1	254.49	289.99	270.15	353.07	331.34	282.17
NM_001184040.1	153.19	157.28	161.37	195.75	189.77	196.34
NM_001184041.1	25.26	28.95	34.43	27.05	27.63	27.7
NM_001184042.1	28.54	29.5	24.99	35.07	30.16	30.46
NM_001184043.1	11.71	14.18	12.16	14.08	12.8	10.47
NM_001184044.1	1.33	1.39	1.72	1.65	1.67	0.98
NM_001184045.1	304.79	315.46	316.85	326.93	277.63	335.11
NM_001184046.1	58.51	62.36	63.33	66.62	67.2	70.53
NM_001184047.1	9.67	10.44	12.36	9.9	10.0	11.57
NM_001184048.1	225.67	234.09	241.5	264.42	269.85	255.31
NM_001184049.1	79.83	90.13	92.45	86.19	78.85	86.56
NM_001184050.1	3.69	5.12	5.42	4.94	4.62	5.03
NM_001184051.1	342.95	358.25	356.38	369.44	350.41	351.6
NM_001184053.1	94.91	97.39	98.57	106.52	114.46	120.59
NM_001184054.1	741.21	812.73	858.17	1266.44	1096.83	1083.1
NM_001184055.1	10.04	15.39	15.73	14.17	15.02	15.56
NM_001184056.1	8.28	8.76	9.04	12.24	9.94	10.59
NM_001184057.1	53.82	53.66	70.81	60.42	58.19	62.56
NM_001184058.1	12.0	15.67	14.31	15.16	14.29	16.96
NM_001184059.1	18.11	17.56	17.79	26.73	26.37	28.86
NM_001184060.1	59.78	61.63	64.36	56.1	63.31	66.4
NM_001184061.1	6.6	7.35	7.98	7.09	8.4	8.06
NM_001184062.1	0.0	0.0	0.0	0.0	0.0	0.0
NM_001184063.1	14.5	17.4	11.92	17.65	12.79	14.26
NM_001184064.1	38.51	35.82	41.39	55.75	54.32	54.49
NM_001184066.1	61.81	64.46	69.43	64.29	60.04	67.05
NM_001184067.1	5.8	7.41	6.05	6.95	6.33	7.22
NM_001184068.1	15.07	16.59	17.93	17.63	18.03	16.95
NM_001184069.1	6.25	5.5	6.47	5.57	6.17	6.39
NM_001184070.1	34.44	38.24	44.61	33.99	36.25	36.36
NM_001184071.1	4.27	4.69	4.25	4.29	5.99	6.32
NM_001184072.1	0.14	0.15	0.06	0.24	0.1	0.13
NM_001184073.1	18.16	17.58	21.31	21.55	20.78	24.99
NM_001184074.1	47.99	53.21	48.8	68.14	63.11	61.29
NM_001184076.1	106.33	111.12	120.06	113.04	112.43	121.16
NM_001184077.1	52.1	55.41	63.38	57.26	55.31	54.4
NM_001184078.1	1.84	2.22	1.89	1.55	2.1	1.66
NM_001184079.1	102.08	106.48	104.06	99.17	91.29	91.02
NM_001184080.1	78.03	84.16	84.82	92.36	92.67	87.57
NM_001184081.1	20.55	21.59	22.54	29.19	28.6	29.4
NM_001184082.1	1.89	2.29	2.38	2.52	2.36	2.22
NM_001184083.1	1.46	1.85	1.72	1.23	1.35	1.98
NM_001184084.1	11.75	12.53	11.79	13.44	12.81	13.21
NM_001184085.1	143.72	153.21	176.05	170.79	198.34	202.17
NM_001184086.1	0.23	0.03	0.06	0.03	0.04	0.07
NM_001184087.1	137.55	138.36	156.08	170.95	178.16	188.28
NM_001184088.1	49.45	57.74	51.33	45.65	44.15	49.42
NM_001184091.1	1.04	2.04	2.98	1.24	1.32	1.58
NM_001184092.1	0.84	1.57	2.5	0.7	0.79	3.63
NM_001184093.1	12.65	15.25	14.79	12.75	13.47	12.28
NM_001184094.1	0.08	0.07	0.26	0.07	0.15	0.0
NM_001184095.1	0.31	0.15	0.37	0.19	0.08	0.56
NM_001184096.1	0.0	0.0	0.0	0.0	0.1	0.2
NM_001184097.1	0.03	0.06	0.07	0.1	0.06	0.08
NM_001184098.1	0.36	0.75	0.46	0.5	0.57	0.65
NM_001184099.1	1.96	1.71	2.19	2.06	2.03	1.91
NM_001184100.1	4.69	6.38	6.3	6.34	5.95	6.79
NM_001184101.1	62.08	67.78	65.58	71.62	70.77	68.61
NM_001184102.1	0.77	1.48	2.24	1.24	1.52	2.21
NM_001184103.1	5.0	5.14	5.71	4.19	4.72	4.54
NM_001184104.1	0.06	0.05	0.05	0.02	0.03	0.0
NM_001184105.1	12.6	14.33	14.08	13.03	12.68	11.86
NM_001184106.1	8.0	9.4	8.27	5.18	4.23	5.06
NM_001184107.1	142.25	145.93	155.69	159.94	147.75	165.76
NM_001184108.1	4.62	7.53	6.31	6.47	6.01	8.64
NM_001184110.1	5.52	3.22	3.69	1.76	1.47	1.51
NM_001184112.1	0.61	1.36	1.13	1.59	0.64	0.95
NM_001184113.1	211.71	206.12	227.2	266.27	281.49	269.92
NM_001184114.1	24.12	26.16	28.13	28.19	23.67	26.75
NM_001184115.1	11.1	12.89	10.74	10.55	8.29	11.31
NM_001184116.1	20.99	22.42	23.29	24.43	23.27	27.05
NM_001184117.1	56.24	60.17	70.8	90.48	78.31	86.29
NM_001184118.1	4.09	4.52	4.49	3.83	4.35	4.4
NM_001184119.1	9.14	9.94	8.93	10.18	9.16	11.15
NM_001184120.1	33.89	35.22	36.62	41.85	37.52	39.24
NM_001184121.1	42.74	43.1	48.27	53.09	51.71	53.6
NM_001184122.1	14.9	15.21	16.26	21.02	20.78	17.75
NM_001184123.1	1.7	1.98	1.97	2.19	1.85	1.96
NM_001184124.1	0.07	0.17	0.23	0.17	0.32	0.12
NM_001184125.1	397.45	434.52	411.06	482.51	490.28	421.96
NM_001184126.1	23.88	24.87	29.33	29.29	28.49	30.21
NM_001184127.1	0.39	0.36	0.32	0.45	0.7	0.83
NM_001184128.1	4.01	4.34	5.25	5.24	5.1	4.75
NM_001184129.1	11.34	13.31	14.66	11.69	11.97	10.82
NM_001184130.1	215.07	221.29	247.5	245.06	242.56	292.27
NM_001184131.1	31.41	29.81	32.11	40.48	40.66	37.73
NM_001184132.2	439.25	402.63	427.87	431.1	442.26	468.24
NM_001184133.1	250.06	241.88	258.35	242.73	260.4	257.81
NM_001184134.1	21.41	21.29	26.69	23.89	24.23	28.64
NM_001184137.1	17.38	16.25	16.7	18.21	18.61	19.78
NM_001184138.1	302.73	308.63	299.38	356.02	351.08	339.74
NM_001184139.1	15.25	15.2	14.53	18.11	16.12	18.98
NM_001184140.1	3138.12	3022.9	2919.31	2860.01	2738.27	2624.7
NM_001184142.1	21.86	25.93	24.21	33.47	31.23	31.42
NM_001184143.1	10.14	8.48	11.17	11.02	13.54	13.39
NM_001184144.1	5.55	5.05	5.22	4.37	4.84	4.85
NM_001184145.1	17.04	19.18	22.48	22.43	25.68	28.38
NM_001184146.1	2.66	4.37	4.3	4.44	4.13	4.18
NM_001184148.1	45.41	41.63	46.14	60.4	56.39	50.66
NM_001184149.1	299.14	298.08	316.6	272.4	273.55	277.71
NM_001184151.1	0.0	0.0	0.0	0.0	0.0	0.0
NM_001184152.1	8.33	9.85	11.5	10.17	9.98	10.7
NM_001184153.1	16.5	16.87	20.35	16.43	17.04	19.86
NM_001184154.1	7.0	9.37	8.56	8.22	8.98	9.69
NM_001184155.1	33.4	30.44	35.31	46.12	49.55	54.5
NM_001184157.1	56.83	60.84	71.96	40.19	42.24	41.7
NM_001184158.1	1.64	3.06	2.72	2.27	2.32	2.27
NM_001184159.1	226.78	218.93	224.77	253.53	247.28	245.28
NM_001184160.1	174.77	180.0	176.71	212.94	218.64	214.12
NM_001184162.1	47.09	46.48	45.35	50.03	54.07	46.14
NM_001184163.1	2.54	3.73	4.1	3.77	4.36	5.71
NM_001184164.1	13.59	13.52	17.32	16.17	14.76	22.54
NM_001184165.1	2.19	3.1	3.22	2.53	2.76	3.35
NM_001184166.1	359.21	369.67	423.0	506.39	509.55	555.23
NM_001184167.1	8.23	9.49	9.87	9.9	9.19	8.41
NM_001184168.1	8.48	7.53	10.01	6.89	7.83	10.24
NM_001184169.1	54.3	56.4	80.32	40.08	41.43	33.03
NM_001184170.1	85.27	96.87	100.45	79.38	83.31	77.53
NM_001184171.1	533.26	520.29	571.45	523.22	512.89	601.61
NM_001184172.1	27.9	28.79	27.66	36.76	34.73	35.98
NM_001184175.1	0.0	0.09	0.09	0.22	0.15	0.28
NM_001184176.1	13.93	11.45	16.33	15.73	14.13	17.37
NM_001184177.1	23406.47	22911.8	22438.86	22284.36	22720.81	22660.25
NM_001184178.1	4.1	4.93	7.38	5.88	5.18	6.01
NM_001184179.1	16.58	19.52	23.4	21.14	21.45	25.86
NM_001184180.1	2.67	2.8	2.02	3.74	4.11	3.29
NM_001184181.1	5.7	4.64	5.65	5.31	5.85	7.05
NM_001184182.1	2.58	3.28	3.85	2.16	2.64	2.44
NM_001184183.1	51.94	51.24	55.38	89.54	89.02	86.3
NM_001184185.1	99.52	102.86	108.61	142.63	136.43	141.35
NM_001184186.1	15.96	17.38	18.52	19.93	19.14	21.4
NM_001184188.1	13.08	15.4	15.75	13.88	12.38	15.11
NM_001184190.1	4.46	3.92	4.9	5.78	6.19	7.45
NM_001184191.1	26.31	30.68	26.83	42.23	37.94	42.84
NM_001184192.1	4.42	4.79	4.91	4.92	4.55	5.01
NM_001184193.1	0.17	0.0	0.0	0.28	0.0	0.0
NM_001184194.2	16.43	19.01	20.43	21.94	20.1	22.16
NM_001184195.1	34.55	40.97	38.66	38.1	41.92	42.78
NM_001184197.1	47.88	42.99	48.1	50.04	45.25	51.54
NM_001184198.1	17.8	25.42	22.33	27.4	22.53	21.26
NM_001184199.1	3728.96	3793.69	3431.41	3724.87	3615.6	3388.79
NM_001184200.1	166.44	173.35	189.11	286.74	267.68	298.16
NM_001184201.1	8.84	10.31	8.51	11.97	8.73	11.35
NM_001184202.1	10.17	10.42	13.36	10.85	9.69	10.2
NM_001184203.1	12.2	15.88	16.33	15.31	16.48	19.3
NM_001184204.1	20.02	17.68	22.2	21.52	20.12	19.64
NM_001184205.1	116.4	123.34	128.54	140.4	128.32	128.2
NM_001184206.1	7.66	7.09	8.02	8.58	9.29	9.98
NM_001184207.1	187.42	197.95	209.48	241.35	236.59	240.91
NM_001184208.1	6.17	5.97	7.94	8.54	8.82	9.12
NM_001184209.1	50.05	53.22	53.58	60.59	55.72	57.37
NM_001184210.1	151.01	154.14	164.57	167.92	161.69	168.98
NM_001184211.1	45.83	55.77	50.7	37.89	38.87	41.45
NM_001184212.1	3.4	4.28	3.9	3.56	3.62	3.68
NM_001184213.1	7.42	7.43	8.13	8.5	8.08	9.81
NM_001184214.1	0.23	0.3	0.36	0.18	0.21	0.19
NM_001184215.1	93.12	96.92	106.62	111.94	111.45	115.68
NM_001184216.1	26.67	32.07	27.29	27.99	26.4	26.7
NM_001184217.1	12.68	11.04	11.81	14.02	13.92	14.19
NM_001184218.2	0.0	0.0	0.06	0.0	0.0	0.0
NM_001184219.1	5.61	6.22	6.82	5.73	5.2	5.29
NM_001184221.1	190.46	192.59	209.58	239.99	214.89	213.44
NM_001184222.1	22.81	23.79	25.94	23.22	20.69	21.47
NM_001184224.1	13.52	15.13	18.49	20.76	20.64	24.17
NM_001184225.1	23.89	27.27	29.42	22.65	23.61	24.93
NM_001184226.1	95.78	104.47	96.82	98.58	98.96	106.91
NM_001184228.1	35.69	36.05	43.96	44.38	46.74	47.56
NM_001184229.1	4407.78	4400.58	3919.52	4245.16	4044.87	3714.33
NM_001184230.1	65.1	65.35	58.04	57.58	46.98	51.4
NM_001184231.1	4.77	5.69	5.94	7.35	7.48	7.34
NM_001184232.1	17.16	17.92	19.18	19.87	17.08	19.01
NM_001184234.1	35.28	38.51	38.09	38.69	39.98	40.74
NM_001184235.1	10.3	10.65	13.34	6.93	6.37	8.1
NM_001184236.1	24.14	25.71	26.75	26.16	24.9	24.03
NM_001184237.1	7.06	9.0	10.47	8.29	7.8	11.0
NM_001184238.1	7.57	8.28	7.9	8.63	7.06	8.48
NM_001184240.1	50.45	60.91	66.34	58.27	55.17	62.05
NM_001184241.1	30.98	32.58	35.67	36.87	39.17	35.86
NM_001184242.1	337.17	311.2	404.93	415.87	428.03	489.67
NM_001184244.1	28.65	24.33	30.04	22.75	22.89	25.65
NM_001184245.1	45.38	47.01	50.8	43.98	41.01	43.45
NM_001184246.1	504.97	535.02	524.64	654.74	684.78	655.59
NM_001184248.1	0.09	0.46	0.15	0.07	0.34	0.32
NM_001184249.1	5.97	8.26	6.79	8.11	7.4	9.18
NM_001184250.1	4.16	4.08	4.18	3.38	4.63	4.54
NM_001184251.1	59.57	62.76	64.63	62.59	62.06	61.65
NM_001184252.1	6.69	6.49	6.55	9.85	9.82	8.55
NM_001184253.1	43.51	43.29	40.32	42.45	43.41	44.92
NM_001184254.1	0.71	1.24	1.93	0.56	0.59	1.05
NM_001184255.1	22.52	21.23	24.05	27.08	25.49	20.62
NM_001184256.1	79.56	85.18	84.1	90.49	85.87	90.58
NM_001184257.1	3.47	3.28	3.76	5.82	4.58	7.13
NM_001184258.1	16.64	18.45	19.22	26.45	23.1	28.15
NM_001184259.1	11.99	12.05	12.92	11.0	10.19	11.63
NM_001184260.1	500.41	505.88	450.73	598.58	574.57	555.72
NM_001184261.1	4.21	5.48	5.97	5.49	6.43	5.84
NM_001184262.1	247.85	263.66	302.87	273.06	270.68	270.37
NM_001184263.1	61.16	69.46	73.03	83.61	77.75	72.31
NM_001184264.1	3.17	3.31	4.3	3.68	4.47	3.89
NM_001184265.1	13.22	10.3	11.92	14.8	15.04	14.99
NM_001184266.1	32.94	33.09	37.34	36.25	40.89	43.76
NM_001184268.1	15.09	17.36	14.72	15.8	15.31	13.53
NM_001184269.1	61.59	56.76	60.48	56.76	57.27	59.05
NM_001184270.1	33.57	38.27	37.79	42.34	42.71	50.77
NM_001184271.1	11.4	12.37	16.0	14.68	13.98	16.92
NM_001184272.1	11.23	11.62	12.0	11.95	12.6	13.23
NM_001184273.1	21.58	22.1	27.05	20.83	19.73	19.34
NM_001184275.1	7.97	8.83	9.77	12.84	12.0	11.06
NM_001184276.1	7.89	6.86	8.22	6.91	7.33	6.6
NM_001184277.1	23.1	24.07	27.26	28.59	25.56	25.73
NM_001184278.1	156.46	156.92	167.7	159.0	170.05	181.21
NM_001184279.1	52.9	56.11	54.75	51.31	60.58	66.28
NM_001184280.1	249.78	240.66	248.07	217.95	228.05	256.03
NM_001184281.1	1.25	1.38	1.82	1.42	1.36	2.16
NM_001184282.1	5.53	6.88	6.92	5.53	5.77	6.36
NM_001184283.1	8.79	7.92	9.28	10.39	9.26	8.94
NM_001184284.1	229.26	228.27	238.93	251.86	244.54	255.7
NM_001184285.1	47.63	47.49	53.43	55.98	55.18	48.08
NM_001184286.1	25.26	27.95	26.16	25.51	23.09	23.78
NM_001184287.1	20.68	25.07	23.44	29.26	25.58	27.73
NM_001184288.1	55.91	65.69	60.33	81.88	91.23	79.79
NM_001184289.1	0.31	0.27	0.41	0.21	0.18	0.34
NM_001184290.1	0.69	0.39	0.0	0.19	0.0	0.21
NM_001184291.1	0.14	0.4	0.04	0.13	0.15	0.0
NM_001184293.1	1.12	1.52	1.85	1.7	1.56	0.97
NM_001184295.1	18.2	18.59	21.13	21.73	18.14	19.45
NM_001184296.1	8.76	8.62	11.54	11.44	11.65	9.28
NM_001184297.1	1.75	1.37	1.34	0.34	0.51	0.73
NM_001184298.1	1.15	1.79	1.43	0.72	1.3	1.12
NM_001184299.1	0.16	0.4	0.13	0.33	0.15	0.14
NM_001184300.1	0.0	0.0	0.0	0.0	0.0	0.0
NM_001184301.1	0.0	0.0	0.0	0.0	0.0	0.03
NM_001184302.1	0.22	0.23	0.31	0.38	0.53	0.34
NM_001184303.1	567.0	615.45	538.95	629.87	683.83	630.65
NM_001184304.1	59.29	60.11	61.53	69.01	66.92	56.41
NM_001184305.1	0.0	0.0	0.0	0.0	0.0	0.0
NM_001184306.2	14.46	14.73	14.83	14.3	13.54	13.75
NM_001184307.1	152.01	153.77	162.18	166.62	169.39	175.58
NM_001184308.3	100.33	91.07	81.42	116.97	111.07	111.33
NM_001184309.3	42.74	55.75	55.07	51.44	45.55	46.96
NM_001184310.1	197.76	209.68	196.59	116.01	123.95	103.03
NM_001184311.3	2988.2	2954.7	3212.38	2608.83	2808.54	3080.43
NM_001184312.1	3661.29	3518.26	3422.49	3196.56	3180.14	3151.2
NM_001184313.1	30.74	31.28	28.23	38.63	33.8	27.7
NM_001184314.1	0.0	0.0	0.0	0.0	0.11	0.21
NM_001184315.1	272.7	295.79	268.7	300.83	288.64	260.36
NM_001184316.1	84.06	76.07	78.95	107.16	110.99	110.09
NM_001184317.1	43.95	50.24	42.53	59.19	64.24	64.46
NM_001184318.1	0.43	0.29	0.4	0.14	0.24	0.16
NM_001184319.1	3.71	3.35	4.34	1.46	1.85	1.18
NM_001184320.1	64.07	66.77	59.38	76.54	86.48	79.93
NM_001184321.1	12.73	14.39	16.15	11.19	14.44	16.04
NM_001184325.1	29.96	33.47	45.0	44.32	33.06	43.73
NM_001184326.1	0.26	1.31	2.13	1.08	1.45	0.46
NM_001184327.3	2.82	2.88	1.87	3.3	2.66	1.02
NM_001184328.3	156.94	158.7	179.97	215.55	195.72	196.08
NM_001184329.1	67.96	61.25	54.21	58.64	69.02	44.6
NM_001184330.1	81.5	79.44	89.0	91.49	88.45	69.94
NM_001184332.1	0.0	0.0	0.0	0.0	0.0	0.0
NM_001184335.3	83.12	91.22	107.42	106.81	100.66	104.55
NM_001184336.1	45.31	47.22	47.83	56.71	54.86	65.94
NM_001184338.1	21.31	21.23	19.52	13.14	15.26	22.12
NM_001184339.1	366.83	361.1	377.09	496.11	490.38	489.87
NM_001184340.1	126.03	135.17	103.11	142.56	158.7	137.09
NM_001184342.1	0.0	0.0	0.0	0.52	0.29	0.0
NM_001184344.1	42.95	48.41	45.49	61.66	57.77	58.34
NM_001184346.3	659.31	695.09	733.85	1012.41	952.46	928.39
NM_001184348.1	54.96	65.21	70.21	88.91	82.36	83.43
NM_001184349.1	63.49	63.44	75.44	59.96	73.47	62.62
NM_001184377.1	71.8	90.79	82.47	107.33	107.42	85.44
NM_001184378.1	0.66	0.41	0.44	0.22	0.12	0.64
NM_001184379.4	0.25	0.28	0.26	0.11	0.17	0.31
NM_001184380.3	0.85	0.83	0.97	1.58	1.54	1.76
NM_001184381.2	0.76	0.64	0.97	0.8	1.02	1.31
NM_001184382.1	86.59	109.58	113.79	149.35	142.52	143.18
NM_001184383.1	1.72	2.18	1.61	1.07	1.24	1.03
NM_001184384.2	0.45	0.57	0.42	0.29	0.32	0.31
NM_001184385.3	5.46	4.09	5.84	2.84	2.65	2.78
NM_001184386.2	1.83	1.35	2.03	0.98	0.87	0.99
NM_001184387.1	3.05	3.2	3.23	1.52	1.21	1.27
NM_001184388.4	1.27	1.25	1.49	0.64	0.56	0.57
NM_001184389.1	1.9	0.98	2.05	0.96	0.46	0.48
NM_001184390.4	0.72	0.5	0.92	0.43	0.34	0.24
NM_001184391.1	0.04	0.0	0.0	0.0	0.0	0.0
NM_001184392.2	0.01	0.0	0.0	0.0	0.0	0.0
NM_001184393.1	0.13	0.0	0.37	0.04	0.12	0.16
NM_001184394.2	0.19	0.14	0.3	0.24	0.13	0.35
NM_001184395.1	18.97	17.6	17.45	8.22	8.21	10.39
NM_001184396.2	10.14	9.29	10.35	5.74	5.16	7.08
NM_001184397.1	4.36	3.68	4.82	2.58	2.12	2.38
NM_001184398.2	1.13	0.98	1.27	0.69	0.57	0.62
NM_001184399.1	0.0	0.0	0.0	0.0	0.04	0.0
NM_001184400.4	0.43	0.27	0.53	0.3	0.23	0.31
NM_001184401.1	3.93	5.2	3.81	2.33	2.0	1.59
NM_001184402.2	1.1	1.49	1.18	0.63	0.57	0.45
NM_001184403.1	1.4	1.36	1.78	1.72	1.01	1.85
NM_001184404.2	0.57	0.57	0.63	0.66	0.58	0.78
NM_001184405.1	0.0	0.0	0.0	0.0	0.0	0.0
NM_001184406.2	0.0	0.0	0.0	0.0	0.0	0.0
NM_001184407.1	0.0	0.04	0.0	0.0	0.0	0.0
NM_001184408.2	5.47	4.9	6.01	3.99	3.32	4.94
NM_001184409.1	0.0	0.0	0.0	0.04	0.0	0.0
NM_001184410.1	0.0	0.04	0.0	0.0	0.08	0.0
NM_001184411.4	0.0	0.03	0.08	0.08	0.06	0.04
NM_001184412.1	3.92	5.33	6.94	3.1	3.36	5.79
NM_001184413.3	2.33	2.85	2.7	3.58	4.02	2.85
NM_001184414.1	20.55	23.49	23.22	26.58	28.08	24.5
NM_001184415.2	6.41	7.62	7.89	7.9	8.18	7.74
NM_001184416.1	0.31	0.08	0.07	0.15	0.0	0.24
NM_001184417.2	0.09	0.02	0.13	0.08	0.05	0.12
NM_001184418.1	1.06	0.49	1.17	0.56	0.25	0.4
NM_001184419.4	0.35	0.23	0.43	0.21	0.17	0.18
NM_001184420.1	0.0	0.0	0.0	0.0	0.0	0.08
NM_001184421.2	0.09	0.33	0.27	0.24	0.24	0.22
NM_001184422.3	0.35	0.45	0.51	0.26	0.17	0.16
NM_001184423.4	0.25	0.35	0.38	0.19	0.18	0.1
NM_001184424.1	0.0	0.0	0.0	0.0	0.0	0.0
NM_001184425.2	0.0	0.0	0.0	0.0	0.0	0.0
NM_001184426.3	0.0	0.0	0.0	0.0	0.0	0.0
NM_001184427.2	0.25	0.31	0.27	0.29	0.18	0.35
NM_001184428.1	0.0	0.0	0.07	0.04	0.04	0.0
NM_001184429.1	1.36	0.86	0.51	0.85	0.79	0.48
NM_001184430.1	3.93	5.2	3.81	2.33	2.0	1.59
NM_001184431.1	0.48	0.08	0.0	0.07	0.04	0.08
NM_001184432.2	2.62	2.85	2.92	2.14	1.94	2.26
NM_001184433.1	0.31	0.08	0.0	0.15	0.04	0.24
NM_001184434.2	0.22	0.15	0.28	0.25	0.14	0.29
NM_001184435.3	1.8	2.59	2.48	1.7	2.74	3.09
NM_001184436.2	0.83	1.0	1.04	0.69	0.95	1.07
NM_001184437.3	6.18	8.43	9.85	4.84	4.6	8.57
NM_001184438.1	301.47	305.96	304.72	324.23	330.13	285.06
NM_001184439.1	9.57	8.75	12.48	6.88	7.73	12.32
NM_001184440.1	30.59	36.2	34.19	44.58	39.42	38.81
NM_001184441.1	40.97	42.46	42.31	58.59	55.22	47.14
NM_001184442.3	112.68	126.77	137.34	166.27	173.6	178.08
NM_001184443.1	69.28	79.82	83.85	152.81	128.07	125.19
NM_001184444.1	2.8	5.37	4.06	7.62	6.59	3.15
NM_001184445.1	934.14	959.18	905.52	813.27	974.23	1008.99
NM_001184446.3	3.58	2.04	3.4	3.43	3.7	2.76
NM_001184447.3	0.17	0.27	0.35	0.27	0.33	0.42
NM_001184448.1	124.99	137.24	109.85	143.75	142.59	135.7
NM_001184449.1	15.45	15.28	15.58	8.82	7.24	11.79
NM_001184450.1	0.0	0.12	0.23	0.23	0.13	0.25
NM_001184453.1	48.47	55.6	52.94	45.54	48.75	49.12
NM_001184454.1	77.21	83.99	75.84	91.75	104.33	74.53
NM_001184455.1	57.44	61.04	64.31	55.77	57.36	55.04
NM_001184456.1	0.0	0.0	0.0	0.0	0.0	0.0
NM_001184457.1	15.35	17.45	13.17	13.75	14.96	6.68
NM_001184458.1	0.0	0.0	0.0	0.0	0.0	0.0
NM_001184461.1	25.23	29.94	26.06	28.08	28.43	26.39
NM_001184462.1	0.0	0.0	0.0	0.0	0.0	0.35
NM_001184465.1	0.0	0.0	0.0	0.0	0.0	0.0
NM_001184469.3	27.48	30.14	30.05	30.89	30.63	29.09
NM_001184470.3	38.61	41.67	45.62	46.6	44.82	47.17
NM_001184471.3	5.68	6.92	9.43	10.54	8.8	8.04
NM_001184472.1	0.0	0.0	0.0	0.0	0.0	0.0
NM_001184473.1	0.0	0.0	0.0	0.0	0.0	0.0
NM_001184474.3	38.18	46.66	52.89	50.32	48.93	47.06
NM_001184476.1	0.0	0.0	0.0	0.0	0.0	0.0
NM_001184477.3	71.0	66.43	67.02	72.0	71.07	87.6
NM_001184481.1	16.74	23.65	22.45	26.91	26.29	29.25
NM_001184482.1	0.0	0.0	0.0	0.28	0.0	0.0
NM_001184484.1	35.5	32.36	41.15	33.21	32.58	38.25
NM_001184486.1	47.46	55.01	45.1	58.85	52.67	52.08
NM_001184487.1	0.36	1.52	1.18	0.6	1.34	0.64
NM_001184490.1	12.0	17.12	12.67	18.46	20.15	16.51
NM_001184492.1	14.62	15.43	13.95	14.24	12.57	11.53
NM_001184493.1	10.23	10.76	7.89	15.93	16.19	10.21
NM_001184510.3	13.67	15.34	13.61	15.07	16.95	16.33
NM_001184511.1	5.56	8.59	9.23	10.58	9.91	7.58
NM_001184512.1	81.15	81.78	90.21	123.31	115.08	119.67
NM_001184513.1	36.29	49.41	47.14	50.24	47.59	39.81
NM_001184514.1	0.0	0.0	0.0	0.0	0.0	0.0
NM_001184515.1	20.29	14.97	20.43	9.93	16.11	16.02
NM_001184516.1	429.93	389.49	488.19	503.73	523.64	663.85
NM_001184517.3	13.4	13.22	15.25	20.2	17.86	13.11
NM_001184518.1	264.59	258.97	269.7	296.0	283.96	288.57
NM_001184519.1	21.63	24.32	24.77	19.72	21.28	19.31
NM_001184520.1	37.45	36.53	36.55	35.16	31.21	35.0
NM_001184521.1	80.07	69.58	80.95	89.69	93.77	82.84
NM_001184522.3	38.53	52.7	55.29	39.61	39.82	45.28
NM_001184523.1	3.9	4.53	7.51	4.71	4.56	5.91
NM_001184524.1	6.47	4.42	6.81	5.42	5.7	0.78
NM_001184525.1	299.13	276.01	344.62	291.51	297.27	342.47
NM_001184526.1	0.0	0.0	0.0	0.0	0.0	0.0
NM_001184527.1	4.82	5.41	6.31	2.55	4.54	9.6
NM_001184528.1	30.43	32.54	32.16	43.51	37.53	41.74
NM_001184529.1	35.92	35.14	30.51	34.7	37.44	28.18
NM_001184530.1	22.9	28.78	24.33	31.3	28.78	24.97
NM_001184531.3	62.83	71.2	70.32	90.4	80.54	83.79
NM_001184532.1	18.06	11.61	20.75	12.34	16.5	10.52
NM_001184533.1	1.07	0.76	1.18	0.6	1.17	1.6
NM_001184534.1	45.29	44.91	52.71	49.79	47.32	46.16
NM_001184535.1	0.0	0.16	0.0	0.31	0.35	0.34
NM_001184536.1	23.21	24.0	26.39	28.18	28.42	20.42
NM_001184537.1	16.64	21.97	22.32	20.63	26.21	23.82
NM_001184539.1	0.0	0.52	0.34	0.68	1.34	1.1
NM_001184540.1	0.55	0.7	0.0	0.46	0.26	0.49
NM_001184541.3	0.0	0.0	0.0	0.0	0.0	0.0
NM_001184542.1	0.0	0.0	0.0	0.0	0.0	0.0
NM_001184543.1	0.0	0.0	0.0	0.0	0.23	0.0
NM_001184544.3	0.0	0.0	0.0	0.0	0.0	0.0
NM_001184545.3	0.0	0.0	0.0	0.19	0.0	0.0
NM_001184546.1	0.0	0.0	0.0	0.0	0.0	0.0
NM_001184547.3	1.4	0.4	0.39	0.78	0.44	0.0
NM_001184548.3	0.0	0.69	0.45	0.0	1.02	0.49
NM_001184549.1	0.0	0.0	0.0	0.0	0.0	0.0
NM_001184550.1	0.0	0.0	0.0	0.0	0.0	0.0
NM_001184551.1	0.0	0.19	0.37	0.18	0.0	0.0
NM_001184552.1	0.0	0.0	0.0	0.0	0.0	0.0
NM_001184553.1	0.0	0.0	0.0	0.0	0.0	0.0
NM_001184554.1	0.0	0.0	0.0	0.0	0.0	0.0
NM_001184555.1	0.0	0.0	0.0	0.19	0.0	0.0
NM_001184557.1	0.0	0.0	0.0	0.0	0.0	0.0
NM_001184559.1	0.0	0.0	0.0	0.0	0.0	0.0
NM_001184560.1	0.0	0.0	0.0	0.0	0.0	0.0
NM_001184561.1	0.0	0.0	0.0	0.0	0.0	0.0
NM_001184563.1	0.0	0.0	0.0	0.0	0.0	0.0
NM_001184564.1	0.0	0.0	0.0	0.0	0.0	0.0
NM_001184565.1	0.0	0.0	0.0	0.0	0.0	0.0
NM_001184566.1	0.0	0.0	0.0	0.0	0.0	0.0
NM_001184567.1	0.26	0.67	0.0	0.22	0.74	0.95
NM_001184569.1	0.0	0.0	0.0	0.0	0.0	0.0
NM_001184570.3	0.23	0.19	0.0	0.0	0.21	0.82
NM_001184571.1	0.0	0.0	0.0	0.0	0.0	0.0
NM_001184572.1	0.0	0.0	0.0	0.0	0.0	0.0
NM_001184573.1	0.0	0.0	0.0	0.0	0.0	0.0
NM_001184574.1	0.0	0.0	0.0	0.0	0.0	0.0
NM_001184575.1	0.0	0.21	0.0	0.0	0.0	0.0
NM_001184576.1	0.0	0.19	0.0	0.0	0.0	0.0
NM_001184577.1	0.0	0.77	0.0	0.57	1.06	0.41
NM_001184578.1	0.0	0.0	0.0	0.0	0.0	0.51
NM_001184579.3	0.0	0.0	0.0	0.0	0.0	0.0
NM_001184580.1	0.0	0.0	0.4	0.0	0.23	0.0
NM_001184582.1	0.0	0.0	0.0	0.0	0.0	0.0
NM_001184583.1	0.0	0.0	0.0	0.0	0.0	0.0
NM_001184584.1	0.38	0.33	0.0	0.0	0.72	0.0
NM_001184585.1	0.0	0.0	0.0	0.0	0.0	0.0
NM_001184586.1	0.48	0.61	0.0	0.6	0.45	0.43
NM_001184587.3	0.0	0.0	0.0	0.0	0.0	0.0
NM_001184588.1	0.0	0.0	0.0	0.0	0.0	0.0
NM_001184589.1	0.0	0.0	0.0	0.0	0.25	0.0
NM_001184590.1	0.0	0.0	0.0	0.0	0.0	0.0
NM_001184591.1	6.76	4.97	8.11	3.93	4.6	7.79
NM_001184592.3	0.0	0.35	0.0	0.0	0.78	0.0
NM_001184593.3	6.66	6.46	5.53	12.94	13.13	8.18
NM_001184594.1	0.27	0.47	0.0	0.23	1.03	0.0
NM_001184595.3	0.0	0.0	0.0	0.0	0.0	0.0
NM_001184596.1	0.0	0.0	0.0	0.29	0.0	0.0
NM_001184597.1	0.0	0.0	0.0	0.0	0.0	0.0
NM_001184598.3	0.0	0.0	0.0	0.0	0.0	0.0
NM_001184599.3	0.0	0.0	0.0	0.0	0.0	0.0
NM_001184600.1	0.0	0.0	0.0	0.0	0.0	0.0
NM_001184601.1	0.0	0.0	0.29	0.0	0.0	0.0
NM_001184602.3	0.0	0.0	0.28	0.14	0.16	0.0
NM_001184603.1	0.0	0.0	0.0	0.0	0.0	0.0
NM_001184604.1	0.0	0.0	0.48	0.24	0.55	0.0
NM_001184605.1	0.0	0.0	0.0	0.0	0.0	0.0
NM_001184608.1	0.0	0.0	0.0	0.0	0.0	0.0
NM_001184609.1	0.0	0.0	0.0	0.0	0.0	0.0
NM_001184610.1	0.0	0.25	0.0	0.0	0.0	0.0
NM_001184612.1	0.0	0.44	0.0	0.0	0.25	0.0
NM_001184613.1	1.88	3.57	3.47	1.93	4.34	5.28
NM_001184614.1	0.0	0.0	0.0	0.0	0.22	0.0
NM_001184615.1	0.0	0.0	0.0	0.0	0.0	0.0
NM_001184616.1	0.0	0.0	0.0	0.0	0.0	0.0
NM_001184617.1	0.0	0.0	0.0	0.0	0.0	0.0
NM_001184618.1	0.0	0.0	0.0	0.0	0.0	0.0
NM_001184619.3	70.24	68.65	87.97	73.47	74.43	75.87
NM_001184620.1	0.33	0.57	0.55	0.0	0.94	0.0
NM_001184621.3	0.0	0.0	0.0	0.0	0.0	0.0
NM_001184622.1	0.0	0.0	0.0	0.0	0.0	0.0
NM_001184623.1	0.0	0.0	0.0	0.0	0.0	0.0
NM_001184624.1	0.0	0.0	0.0	0.0	0.0	0.0
NM_001184625.1	0.0	0.0	0.0	0.25	0.0	0.0
NM_001184626.1	0.0	0.0	0.0	0.0	0.0	0.0
NM_001184627.1	0.38	0.0	0.0	0.0	1.08	0.69
NM_001184628.1	0.0	0.0	0.0	0.0	0.0	0.0
NM_001184629.1	0.0	0.0	0.0	0.0	0.0	0.0
NM_001184631.1	4727.45	4575.22	5031.68	3860.67	4263.17	5143.69
NM_001184632.3	0.0	0.0	0.0	0.34	0.0	0.0
NM_001184633.1	0.0	0.0	0.0	0.0	0.0	0.0
NM_001184634.1	4.63	0.61	0.59	1.19	1.68	0.64
NM_001184635.1	0.0	0.0	0.0	0.0	0.0	0.0
NM_001184636.1	54.67	55.37	64.86	50.63	42.67	60.8
NM_001184637.1	0.0	0.0	0.0	0.0	0.0	0.0
NM_001184638.1	0.0	0.0	0.0	0.0	0.0	0.0
NM_001184639.3	0.0	0.0	0.0	0.0	0.0	0.0
NM_001184641.1	0.0	0.33	0.0	0.33	0.37	0.7
NM_001184642.1	0.0	0.0	0.0	0.0	0.0	0.31
NM_001184643.3	0.0	0.0	0.0	0.0	0.0	0.0
NM_001184644.1	0.0	0.0	0.0	0.0	0.0	0.0
NM_001184645.1	1.49	2.22	1.24	1.72	1.05	1.68
NM_001184646.3	0.0	0.28	0.0	0.0	0.0	0.0
NM_001184647.4	24.81	31.14	32.13	32.44	28.74	30.08
NM_001184648.1	0.0	0.0	0.0	0.0	0.0	0.0
NM_001184649.1	0.0	0.0	0.0	0.0	0.0	0.0
NM_001184650.1	0.0	0.0	0.0	0.0	0.0	0.0
NM_001184651.1	0.0	0.0	0.0	0.0	0.0	0.0
NM_001184652.1	13.44	16.4	6.12	13.02	13.16	6.17
NM_001184653.1	86.78	87.09	90.53	101.98	96.66	95.05
NM_001184654.1	0.0	0.0	0.0	0.0	0.25	0.0
NM_001184655.1	0.0	0.0	0.0	0.0	0.0	0.0
NM_001184656.1	0.67	0.0	0.37	0.56	0.0	0.0
NM_001184658.1	0.0	0.09	0.0	0.09	0.0	0.2
NM_001184659.3	24.21	28.35	27.44	31.85	30.69	32.56
NM_001184660.1	0.24	0.61	0.0	0.0	0.45	0.43
NM_001184661.1	0.0	0.0	0.0	0.0	0.0	0.0
NM_001184662.3	0.0	0.0	0.0	0.32	0.18	0.0
NM_001184663.1	0.72	0.0	1.19	0.8	0.45	0.0
NM_001184664.1	0.0	0.0	0.0	0.2	0.46	0.44
NM_001184665.1	0.0	0.0	0.0	0.0	0.0	0.0
NM_001184666.1	0.0	0.0	0.52	0.0	0.0	0.0
NM_001184667.1	0.0	0.0	0.0	0.0	0.0	0.0
NM_001184668.1	0.2	0.35	0.34	0.17	0.39	0.0
NM_001184669.3	0.0	0.25	0.48	0.49	1.09	1.57
NM_001184670.1	0.0	0.0	0.0	0.0	0.0	0.0
NM_001184671.1	6.26	8.1	4.3	10.49	7.73	10.5
NM_001184672.1	20.02	16.86	18.46	18.86	19.12	20.99
NM_001184673.1	10.26	12.53	7.74	11.33	9.23	17.65
NM_001184674.1	0.0	0.0	0.0	0.47	0.0	0.0
NM_001184675.3	6.1	10.41	10.13	11.43	9.48	12.94
NM_001184676.3	5.3	5.51	4.59	4.44	6.52	5.82
NM_001184677.1	11.45	13.02	17.0	12.45	10.79	13.03
NM_001184678.1	0.0	0.0	0.0	0.34	0.19	0.0
NM_001184679.1	21.49	24.67	21.67	23.56	28.21	34.39
NM_001184680.1	14.2	17.14	14.69	14.83	13.04	12.3
NM_001184681.1	2.1	1.59	2.32	3.13	3.3	2.94
NM_001184682.1	0.0	0.0	0.0	0.0	0.0	0.0
NM_001184683.1	51.35	54.25	82.07	52.23	50.19	71.59
NM_001184684.1	0.22	0.92	0.36	0.54	0.2	1.17
NM_001184685.1	37.64	47.32	40.16	45.26	53.68	47.13
NM_001184686.1	6.76	9.73	9.47	7.44	7.17	12.19
NM_001184687.1	2.05	1.92	5.1	2.92	3.28	4.06
NM_001184688.1	1.11	0.19	1.47	1.11	0.84	1.6
NM_001184689.1	40.14	47.25	47.43	62.14	69.9	61.32
NM_001267862.1	0.0	0.0	0.0	0.0	0.0	0.0
NM_001270738.1	0.0	0.0	0.0	0.13	0.0	0.55
NM_001270739.1	4.2	3.78	3.48	6.64	4.62	7.14
NM_001270740.1	192.84	204.12	196.71	221.92	214.84	216.06
NM_001270741.1	0.2	0.0	0.0	0.33	0.0	0.35
NM_001270742.1	0.0	0.0	0.0	0.13	0.0	0.0
NM_001270743.1	16.26	16.91	21.07	14.66	16.35	16.19
NM_001270744.1	1.63	0.93	0.9	1.71	1.28	0.74
NM_001270745.1	4.33	3.42	3.33	3.22	3.17	3.32
NM_001270746.1	13.47	20.71	22.91	20.06	20.69	22.47
NM_001270747.1	1.09	0.4	1.04	0.0	0.29	0.0
NM_001270748.1	3.65	7.97	6.3	6.6	6.47	5.26
NM_001270749.1	2.5	1.38	1.46	1.35	1.66	2.65
NM_001270750.1	0.0	0.0	0.0	0.0	0.0	0.0
NM_001270751.1	0.0	0.0	0.0	0.0	0.0	0.0
NM_001270752.1	0.0	0.0	0.0	0.0	0.0	0.0
NM_001270753.1	1.24	2.82	3.44	1.04	0.78	4.48
NM_001270754.1	2.5	0.88	1.46	2.59	1.66	3.97
NM_001270755.1	2.4	2.18	4.24	2.54	2.41	2.59
NM_001270756.1	0.0	0.0	0.0	0.0	0.0	0.0
NM_001270757.1	0.0	0.0	0.54	0.0	0.0	0.0
NM_001270758.1	23.43	20.39	24.53	14.63	14.23	18.14
NM_001270759.1	3.36	2.64	2.45	3.26	2.91	2.18
NM_001270760.1	9.66	9.47	9.46	11.01	9.1	10.1
NM_001270761.1	2.83	5.23	7.05	5.27	3.56	6.23
NM_001281536.2	0.8	0.99	1.07	1.17	1.37	1.22
NM_001301348.1	0.28	0.47	0.69	0.35	0.52	0.75
NM_001305014.1	3.73	2.12	3.44	3.12	2.73	2.24
NM_001305015.2	0.56	0.57	0.63	0.67	0.58	0.78
NM_001310667.1	1.7	0.92	1.29	0.91	1.46	1.4
NM_001346794.1	0.33	0.14	0.55	0.55	0.16	0.0
NM_001346795.1	0.15	0.53	1.03	0.78	0.58	0.56
NM_001346796.1	0.0	0.0	0.0	0.28	0.0	0.0
NM_001348807.1	0.0	0.0	0.0	0.0	0.0	0.0
NM_001348808.1	0.0	0.0	0.0	0.0	0.0	0.0
NM_001348809.1	0.0	0.0	0.0	0.0	0.0	0.29
NM_001348810.1	0.31	0.66	1.03	0.13	0.58	0.0
NM_001348811.1	0.0	0.0	0.0	0.11	0.25	0.0
NM_001348812.1	0.0	0.11	0.0	0.0	0.0	0.24
NM_001348813.1	0.0	0.0	0.0	0.0	0.0	0.0
NM_001348814.1	0.0	0.0	0.0	0.0	0.0	0.0
NM_001348815.1	0.0	0.0	0.0	0.0	0.0	0.0
NM_001348817.1	0.24	0.1	0.2	0.0	0.11	0.44
NM_001348818.1	0.0	0.0	0.0	0.0	0.0	0.0
NM_001348819.1	0.16	0.0	0.26	0.52	0.29	1.12
NM_001348820.1	0.23	0.1	0.0	0.0	0.22	0.0
NM_001348821.1	0.0	0.0	0.0	0.0	0.0	0.0
NM_001348822.1	0.0	0.44	0.0	0.11	0.37	0.7
NM_001348823.1	0.0	0.0	0.0	0.0	0.0	0.25
NM_001348824.1	0.33	0.0	0.0	0.0	0.0	0.0
NM_001348825.1	0.15	0.0	0.0	0.0	0.0	0.28
NM_001348826.1	0.13	0.0	0.45	0.11	0.13	0.73
NM_001348827.1	0.0	0.0	0.0	0.0	0.12	0.22
NM_001348828.1	0.0	0.0	0.0	0.0	0.0	0.0
NM_001348829.1	1.64	0.8	1.04	0.78	1.69	1.55
NM_001348830.1	0.16	0.14	1.09	0.14	0.15	0.0
NM_001348831.1	0.0	0.25	0.24	0.12	0.0	0.0
NM_001348832.1	0.0	0.0	0.0	0.0	0.0	0.0
NM_001348833.1	0.29	0.0	0.0	0.08	0.0	0.0
NM_001348834.1	0.0	0.0	0.0	0.0	0.0	0.0
NM_001348835.1	0.0	0.0	0.0	0.0	0.12	0.22
NM_001348836.1	0.29	0.12	1.19	0.0	0.0	0.51
NM_001348837.1	0.0	0.0	0.0	0.0	0.0	0.0
NM_001348838.1	0.0	0.12	0.0	0.12	0.26	0.0
NM_001348839.1	4.19	6.58	9.46	7.02	9.96	6.65
NM_001348840.1	2.45	4.05	2.44	2.06	3.85	0.88
NM_001348841.1	0.86	0.25	0.48	0.6	0.27	0.26
NM_001348842.1	0.66	0.19	1.28	1.2	1.77	1.79
NM_001348843.1	0.0	0.0	0.0	0.0	0.0	0.0
NM_001348844.1	0.16	0.14	0.27	0.55	0.47	0.59
NM_001348845.1	0.0	0.0	0.25	0.0	0.0	0.0
NM_001348846.1	4.09	4.69	2.35	3.43	2.52	3.12
NM_001348847.1	0.0	0.0	0.0	0.0	0.0	0.0
NM_001348848.1	0.0	0.0	0.0	0.0	0.14	0.0
NM_001348849.1	0.83	0.71	1.1	0.42	0.78	0.3
NM_001348850.1	0.0	0.0	0.0	0.11	0.12	0.23
NM_001348851.1	0.0	0.0	0.0	0.0	0.0	0.0
NM_001348852.1	0.48	0.41	1.33	0.27	0.0	0.58
NM_001348853.1	0.0	0.0	0.0	0.0	0.0	0.0
NM_001348854.1	0.0	0.0	0.26	0.0	0.0	0.28
NM_001348855.1	2.92	3.03	3.79	3.29	2.87	4.57
NM_001348856.1	0.0	0.0	0.0	0.0	0.13	0.0
NM_001348857.1	0.0	0.0	0.0	0.0	0.15	0.0
NM_001348858.1	0.0	0.0	0.0	0.12	0.28	0.0
NM_001348859.1	0.0	0.27	0.0	0.53	0.15	0.0
NM_001348860.1	0.0	0.0	0.0	0.0	0.0	0.0
NM_001348861.1	0.0	0.0	0.0	0.0	0.0	0.0
NM_001348862.1	0.31	0.13	0.0	0.0	0.15	0.0
NM_001348863.1	0.0	0.0	0.0	0.0	0.0	0.0
NM_001348864.1	0.28	0.24	0.23	0.12	0.13	0.25
NM_001348865.1	0.0	0.0	0.0	0.0	0.0	0.0
NM_001348866.1	0.29	0.98	0.72	0.96	0.54	0.78
NM_001348867.1	0.0	0.24	0.23	0.23	0.26	1.26
NM_001348868.1	0.0	0.0	0.0	0.0	0.31	0.0
NM_001348869.1	0.0	0.14	0.0	0.14	0.31	0.0
NM_001348870.1	0.0	0.0	0.0	0.14	0.0	0.3
NM_001348871.1	0.0	0.0	0.0	0.0	0.0	0.0
NM_001348872.1	0.13	0.0	0.0	0.0	0.0	0.0
NM_001348873.1	0.0	0.13	0.0	0.13	0.0	0.0
NM_001348874.1	0.33	0.28	0.0	0.0	0.16	0.0
NM_001348875.1	0.0	0.0	0.0	0.0	0.0	0.0
NM_001348876.1	0.14	0.25	0.24	0.0	0.14	0.0
NM_001348877.1	0.0	0.0	0.0	0.0	0.14	0.0
NM_001348878.1	0.0	0.0	0.0	0.0	0.0	0.0
NM_001348879.1	0.0	0.0	0.0	0.0	0.0	0.0
NM_001348880.1	0.0	0.4	0.78	0.78	0.15	0.84
NM_001348881.1	0.0	0.0	0.0	0.0	0.0	0.0
NM_001348882.1	0.0	0.0	0.0	0.0	0.0	0.0
NM_001348883.1	0.0	0.0	0.0	0.0	0.0	0.0
NM_001348884.1	0.0	0.0	0.0	0.13	0.3	0.0
NM_001348885.1	0.0	0.0	0.0	0.0	0.0	0.0
NM_001348886.1	0.0	0.0	0.0	0.0	0.0	0.0
NM_001348887.1	280.94	251.38	288.53	223.83	232.56	279.71
NM_001348888.1	0.0	0.0	0.0	0.0	0.0	0.0
NM_001348889.1	0.16	0.0	0.0	0.0	0.29	0.28
NM_001348890.1	0.0	0.0	0.54	0.14	0.0	0.0
NM_001348891.1	0.0	0.0	0.0	0.0	0.0	0.0
NM_001348892.1	0.28	0.0	0.0	0.0	0.0	0.0
NM_001348893.1	0.0	0.14	0.0	0.0	0.15	0.0
NM_001348894.1	0.0	0.0	0.0	0.29	0.11	0.0
NM_001348895.1	1.35	0.77	0.0	0.5	0.57	0.54
NM_001348896.1	0.13	0.0	0.0	0.0	0.24	0.0
NM_001348897.1	0.29	0.25	0.0	0.37	0.42	0.26
NM_001348898.1	0.0	0.13	0.49	0.12	0.14	0.26
NM_001387383.1	0.29	0.12	0.48	0.24	0.41	0.0
NM_001395031.1	0.0	0.0	0.0	0.0	0.0	0.0
NM_001395032.1	0.0	0.0	0.0	0.0	0.0	0.0
NM_001395033.1	0.0	0.0	0.0	0.0	0.0	0.0
NM_001395034.1	3.09	2.18	2.01	4.05	2.91	4.84
NM_001395035.1	0.0	0.0	0.0	0.0	0.0	0.0
NM_001395036.1	11.48	12.23	18.36	19.06	19.51	16.62
NM_001395037.1	0.0	0.0	0.0	0.0	0.0	0.0
NM_001395038.1	0.0	0.0	0.0	0.0	0.0	0.0
NM_001395039.1	1.04	0.69	1.72	1.35	0.43	0.62
NM_001395040.1	0.0	0.12	0.0	0.0	0.0	0.0
NM_001395041.1	0.0	0.0	0.24	0.24	0.14	0.0
NM_001395042.1	0.0	0.0	0.0	0.0	0.0	0.0
NM_001395731.1	0.0	0.0	0.0	0.0	0.0	0.0
NM_001416099.1	0.0	0.0	0.0	0.0	0.0	0.0
NM_001431137.1	8.29	7.07	6.16	11.25	14.0	12.87
NM_001431138.1	20.63	20.11	20.43	29.49	23.7	24.06
NM_001431139.1	0.36	1.24	1.8	0.3	1.37	0.65
NM_001431140.1	0.57	0.49	0.71	0.72	0.81	1.03
NM_001431141.1	11.08	12.02	19.64	19.67	19.3	20.65
NM_001431142.1	32.03	25.13	41.47	45.27	40.05	45.02
NM_001431143.1	0.0	0.37	0.0	0.0	0.0	0.0
OLI1	8.16	11.59	5.9	9.99	3.94	6.41
Q0255	0.0	0.11	0.07	0.0	0.08	0.0
SCEI	0.0	0.07	0.13	0.13	0.0	0.0
SDL1	1.41	1.3	1.41	1.61	1.92	1.83
VAR1	0.34	0.21	0.16	0.32	0.23	0.61
YIR043C	6.56	7.28	4.13	8.73	8.1	8.43
YOL153C	0.27	0.17	0.22	0.17	0.25	0.43
