name	SRR1944912_cds_rpf	SRR1944913_cds_rpf	SRR1944914_cds_rpf	SRR1944915_cds_rpf	SRR1944916_cds_rpf	SRR1944917_cds_rpf
AI1	21	38	18	19	5	14
AI2	11	20	11	9	11	5
AI3	1	15	6	6	3	1
AI4	5	32	12	15	8	3
AI5_ALPHA	8	35	12	20	10	2
AI5_BETA	7	0	2	0	3	0
ATP6	14	38	6	24	21	6
ATP8	4	6	1	12	4	1
BI2	10	16	3	18	9	2
BI3	10	23	1	19	11	4
BI4	10	28	3	31	14	3
CCW22	2330	2846	1452	3241	3360	1630
COB	17	34	4	33	14	5
COX1	11	41	15	35	18	6
COX2	21	34	4	62	24	10
COX3	11	31	5	41	18	13
CRS5	0	0	0	0	0	0
FLO8	91	103	44	151	164	69
NM_001178148.1	407	515	281	610	500	290
NM_001178149.1	160	220	132	238	166	112
NM_001178150.1	36841	43733	19314	43054	34939	18617
NM_001178151.1	133545	164396	94051	206939	172190	93829
NM_001178152.1	1321	1731	926	1574	1489	728
NM_001178153.1	331	388	229	530	473	257
NM_001178154.1	115	134	55	162	142	82
NM_001178155.2	138	171	80	193	186	90
NM_001178156.1	143	179	109	205	152	92
NM_001178157.1	14430	16657	8513	15906	14810	8830
NM_001178158.2	330	433	202	549	391	265
NM_001178159.1	208	291	155	348	303	154
NM_001178160.1	125	154	88	184	162	94
NM_001178161.1	3247	4159	2063	4952	4188	2129
NM_001178162.2	604	674	413	820	645	387
NM_001178163.1	2	1	1	3	0	0
NM_001178164.1	1212	1545	768	1730	1452	820
NM_001178165.2	153	179	92	183	181	142
NM_001178166.1	1670	2126	1000	2010	1750	1039
NM_001178167.1	716	929	459	973	856	466
NM_001178168.1	5102	6189	3328	5705	4736	2880
NM_001178169.1	219	286	135	320	269	146
NM_001178170.2	1187	1404	902	1577	1450	757
NM_001178171.2	1027	1223	680	1396	1069	641
NM_001178172.1	73	105	59	119	109	57
NM_001178173.1	47	47	21	49	38	28
NM_001178174.1	806	1039	540	1003	927	517
NM_001178175.1	313	509	237	658	537	343
NM_001178176.1	183	239	140	325	281	152
NM_001178177.1	202	235	108	249	207	136
NM_001178178.1	302	317	162	338	336	195
NM_001178179.1	101	124	73	129	110	44
NM_001178180.1	13332	16248	8319	19414	16565	9271
NM_001178181.1	2186	2634	1379	4035	3753	2002
NM_001178182.1	9	9	13	8	10	2
NM_001178183.1	216633	242821	128863	241866	217964	122611
NM_001178184.1	281	304	195	382	303	237
NM_001178185.1	278	352	175	267	215	129
NM_001178186.1	665	946	450	927	808	469
NM_001178187.1	1928	2205	1307	2693	2378	1461
NM_001178188.1	780	971	480	997	819	543
NM_001178189.1	2082	2248	1171	3170	2978	1632
NM_001178191.1	293	363	194	358	332	206
NM_001178192.2	177	252	104	244	207	106
NM_001178193.1	190	220	142	294	249	124
NM_001178194.1	664	887	451	1012	943	451
NM_001178195.2	399	519	308	650	580	276
NM_001178196.2	1168	1419	764	1504	1301	764
NM_001178197.1	22	47	18	29	28	12
NM_001178198.1	76	99	76	89	77	48
NM_001178199.2	166	211	134	257	216	120
NM_001178200.1	262	284	176	337	293	176
NM_001178201.2	689	838	489	803	743	359
NM_001178202.2	966	1090	575	1390	1170	665
NM_001178203.1	105	74	90	177	114	136
NM_001178204.1	57	71	53	88	66	26
NM_001178205.1	25	16	18	20	15	11
NM_001178206.2	0	0	0	0	0	0
NM_001178208.1	3	5	1	5	4	2
NM_001178209.1	1428	1690	850	1773	1447	779
NM_001178210.1	225	287	157	305	294	128
NM_001178211.1	1762	2179	1173	2618	2217	1145
NM_001178212.1	178	191	128	225	192	108
NM_001178213.1	13	14	10	10	11	11
NM_001178214.1	1	1	2	3	2	2
NM_001178215.2	818	1061	470	1185	865	458
NM_001178216.1	2651	2737	1126	1999	1946	786
NM_001178217.1	188	262	124	314	274	159
NM_001178218.2	146	188	97	235	170	108
NM_001178219.1	0	1	0	2	1	1
NM_001178220.2	3	6	4	3	5	3
NM_001178221.1	397	500	256	514	440	216
NM_001178222.1	239	304	160	309	274	127
NM_001178223.1	1	2	0	0	0	0
NM_001178224.1	128	190	115	183	166	90
NM_001178225.1	163	191	97	187	157	100
NM_001178226.1	30	32	24	51	54	26
NM_001178227.1	663	722	494	662	631	377
NM_001178230.1	14	8	9	17	9	7
NM_001178235.1	0	0	0	0	0	0
NM_001178236.1	3	12	0	14	13	7
NM_001178239.1	5131	6112	3584	1742	1352	309
NM_001178241.1	864	1086	597	1409	1185	604
NM_001178242.1	7270	8937	4438	8758	7964	3623
NM_001178243.1	6962	8272	4406	8304	7664	3664
NM_001178244.1	3226	4218	2049	4235	3380	1912
NM_001178245.1	172	194	169	234	151	152
NM_001178246.1	381	499	273	446	431	219
NM_001178247.1	5609	7051	3056	6977	5272	3121
NM_001178248.2	286	396	248	428	382	215
NM_001178249.1	637	803	463	733	593	323
NM_001178250.1	156	221	108	204	226	88
NM_001178251.1	726	932	469	723	585	332
NM_001178253.1	85	116	63	104	65	32
NM_001178254.2	87	170	99	209	182	113
NM_001178255.1	427	530	276	506	403	229
NM_001178256.1	459	560	309	548	558	305
NM_001178257.1	3297	4130	2267	4292	3892	1916
NM_001178258.1	225	274	186	319	249	134
NM_001178259.1	74	90	64	114	100	42
NM_001178260.1	443	562	322	476	431	207
NM_001178261.1	107	186	81	249	225	112
NM_001178262.1	2673	3324	1753	5301	4184	2592
NM_001178263.1	797	1119	601	1064	836	528
NM_001178264.1	3989	4872	2820	4745	4283	2402
NM_001178265.1	110	158	70	175	130	77
NM_001178266.1	548	636	441	530	560	262
NM_001178267.1	33409	39164	19216	41480	36906	17729
NM_001178268.1	811	974	535	1112	894	454
NM_001178269.1	50	63	28	60	49	15
NM_001178270.1	5405	6921	3465	8573	7299	3651
NM_001178271.1	137	151	87	203	165	73
NM_001178272.1	2155	2637	1324	2320	1941	1014
NM_001178273.1	433	533	325	582	515	306
NM_001178274.1	563	725	398	786	681	357
NM_001178275.1	726	874	429	1014	848	421
NM_001178276.1	905	1268	629	1634	1371	707
NM_001178277.1	554	628	383	799	596	400
NM_001178278.1	335	402	246	599	480	238
NM_001178279.1	6949	8362	4243	7698	6780	3464
NM_001178280.1	981	1236	620	1326	1277	632
NM_001178281.1	2560	3189	1701	2978	2603	1391
NM_001178282.1	1186	1494	732	1158	957	602
NM_001178283.1	3	3	3	3	11	4
NM_001178284.1	0	0	0	2	0	2
NM_001178285.1	1577	2099	993	3071	2753	1352
NM_001178286.1	232	320	173	422	367	195
NM_001178287.1	5230	6411	2996	8310	6335	3681
NM_001178289.1	5	10	5	8	7	6
NM_001178290.1	1277	1591	737	1690	1510	732
NM_001178291.1	1710	2249	1047	2975	2311	1399
NM_001178292.1	119	125	92	157	133	78
NM_001178294.1	661	805	463	699	638	382
NM_001178295.1	372	401	237	366	350	202
NM_001178296.2	1618	1870	1104	2115	1763	1006
NM_001178297.2	429	492	284	547	479	270
NM_001178298.1	2692	3342	1497	5010	4164	2253
NM_001178299.1	89	124	67	173	152	80
NM_001178300.1	159	195	120	256	205	107
NM_001178301.1	678	905	421	969	766	429
NM_001178303.1	275	377	194	396	301	180
NM_001178304.1	731	842	453	1329	1193	609
NM_001178306.1	163	183	110	225	209	110
NM_001178307.2	411	598	300	501	399	248
NM_001178308.2	1119	1272	690	1441	1275	677
NM_001178309.1	677	813	401	842	679	370
NM_001178312.1	65323	74768	36423	71449	64387	31854
NM_001178314.1	124	193	108	189	163	94
NM_001178315.1	21	49	10	119	94	28
NM_001178316.1	17205	20651	11428	24792	20406	11478
NM_001178318.1	95	137	61	230	198	96
NM_001178319.1	1325	1675	912	1949	1667	977
NM_001178320.2	118	106	60	137	122	63
NM_001178321.1	439	531	281	492	484	285
NM_001178322.1	494	578	311	571	501	306
NM_001178324.2	193	238	130	221	216	121
NM_001178325.1	831	1072	526	1156	966	482
NM_001178326.1	289	301	157	444	415	208
NM_001178327.1	20779	24832	12994	24828	21650	11991
NM_001178328.2	133	121	99	168	130	69
NM_001178329.1	218	242	159	287	278	148
NM_001178330.1	284	365	190	481	373	181
NM_001178331.2	2366	2938	1549	2560	2261	1260
NM_001178332.1	36376	43209	19290	42099	40185	16523
NM_001178333.1	475	532	339	650	577	349
NM_001178335.1	72	81	45	58	57	23
NM_001178337.2	259	315	162	330	298	169
NM_001178338.1	381	494	245	553	538	252
NM_001178339.2	8289	10607	4870	11453	10225	5221
NM_001178341.1	512	618	305	761	643	386
NM_001178342.1	635	740	468	1041	919	516
NM_001178343.1	341	387	190	369	322	183
NM_001178344.1	349	410	209	437	393	251
NM_001178345.2	689	1013	556	1135	985	508
NM_001178346.2	208	258	197	194	189	89
NM_001178347.1	209	256	149	321	288	153
NM_001178349.1	413	536	261	658	516	289
NM_001178350.1	280	373	174	340	310	176
NM_001178351.1	368	527	259	468	444	244
NM_001178352.2	383	415	227	516	425	202
NM_001178353.1	91	130	66	144	138	71
NM_001178354.1	175	246	160	289	239	137
NM_001178355.2	301	338	195	401	324	164
NM_001178356.1	50	125	106	137	136	56
NM_001178357.1	10010	11564	6079	13415	11424	5543
NM_001178358.1	13107	14923	7945	15150	13788	6827
NM_001178359.1	20857	23815	13404	23105	22276	11910
NM_001178361.1	62	82	44	141	106	57
NM_001178362.1	545	708	376	692	595	302
NM_001178363.1	1472	1860	997	1873	1647	998
NM_001178364.1	882	1037	501	1329	1120	531
NM_001178365.1	1983	2442	1365	2846	2459	1390
NM_001178366.1	2	2	3	8	6	4
NM_001178367.1	5	9	7	6	11	4
NM_001178368.1	0	0	0	0	0	0
NM_001178369.1	235	314	152	208	203	117
NM_001178370.1	165	197	119	283	238	135
NM_001178371.1	1280	1662	870	1895	1634	901
NM_001178372.1	179	200	124	197	169	101
NM_001178373.1	13019	15674	8548	16757	14404	7464
NM_001178374.1	963	1326	577	1764	1546	811
NM_001178376.1	383	445	242	427	423	260
NM_001178377.1	987	1344	674	1413	1119	683
NM_001178378.1	218	262	141	338	322	186
NM_001178379.1	87368	100253	46031	89665	79905	40972
NM_001178381.1	7	10	6	7	2	1
NM_001178382.1	1600	1927	1050	1797	1589	894
NM_001178383.1	1379	1701	868	1683	1447	770
NM_001178384.1	1371	1553	904	1928	1592	996
NM_001178385.1	338	387	165	479	409	221
NM_001178386.1	1874	2327	1218	2588	2247	1248
NM_001178387.1	2199	2958	1440	3866	3516	1522
NM_001178388.1	3	11	3	9	4	8
NM_001178389.1	754	1000	536	1034	939	557
NM_001178390.1	449	632	336	577	478	289
NM_001178391.2	98	119	75	128	119	83
NM_001178392.2	115	117	63	114	113	52
NM_001178393.2	20	33	17	26	21	10
NM_001178394.1	539	668	356	738	628	326
NM_001178395.1	107	126	78	147	131	68
NM_001178396.1	27097	31306	15101	28043	25773	13136
NM_001178397.1	1846	2402	953	2519	1830	1081
NM_001178398.1	12	20	2	11	10	5
NM_001178400.1	810	973	609	1290	1211	659
NM_001178401.1	648	830	465	478	426	238
NM_001178402.1	534	775	447	381	244	150
NM_001178403.1	349	597	258	558	438	261
NM_001178404.1	610	813	435	951	812	469
NM_001178405.1	339	441	208	489	435	211
NM_001178406.1	1152	1475	731	1566	1457	788
NM_001178407.1	1068	1358	711	1799	1316	851
NM_001178408.1	369	494	232	471	359	224
NM_001178409.3	638	765	405	715	669	344
NM_001178410.1	283	335	207	402	392	193
NM_001178411.1	0	1	1	10	4	2
NM_001178413.3	206	252	160	302	273	137
NM_001178414.1	228	341	166	264	229	119
NM_001178415.1	4124	4425	2880	3601	3484	2507
NM_001178416.4	3014	3985	1945	5534	4659	2417
NM_001178417.1	19	36	23	39	18	27
NM_001178418.1	230	288	168	265	236	119
NM_001178419.3	385	564	278	700	630	336
NM_001178420.1	235	235	171	425	315	129
NM_001178421.4	953	1219	719	1587	1370	783
NM_001178422.2	1274	1665	857	1527	1331	698
NM_001178424.2	2	3	2	5	0	1
NM_001178425.3	294	392	205	457	455	195
NM_001178426.2	32854	39744	19727	35193	30925	17570
NM_001178427.1	8329	9598	5074	9667	7514	4718
NM_001178428.3	2704	3403	1786	3739	3294	1651
NM_001178429.1	529	641	324	701	611	321
NM_001178430.1	4885	5665	3263	5689	5606	3057
NM_001178431.3	618	962	412	756	719	448
NM_001178432.1	5287	6465	3323	6191	5805	2900
NM_001178433.3	174	209	136	222	147	79
NM_001178434.1	2663	3636	1794	3128	2664	1439
NM_001178435.3	553	704	406	695	619	325
NM_001178436.1	1689	1980	1159	2027	1894	1074
NM_001178438.4	608	702	315	652	562	269
NM_001178439.1	219	211	123	237	249	124
NM_001178440.1	3702	4394	2650	4726	4493	2717
NM_001178441.3	1788	2013	1172	969	983	523
NM_001178442.2	627	834	424	889	679	371
NM_001178443.1	278	384	188	469	378	186
NM_001178444.3	761	1063	550	1219	999	549
NM_001178445.2	288	331	203	332	293	179
NM_001178446.1	87	127	69	156	116	77
NM_001178449.3	1345	1611	819	2346	1981	890
NM_001178450.1	527	795	404	970	793	415
NM_001178451.1	246	318	192	418	358	192
NM_001178452.3	396	549	339	452	413	199
NM_001178453.1	175	215	116	246	205	147
NM_001178454.1	6051	6919	3668	6297	5879	3194
NM_001178455.3	49	35	22	66	44	24
NM_001178456.2	524	758	290	730	571	334
NM_001178457.1	3569	4013	2162	4313	3884	1773
NM_001178458.3	456	604	321	710	605	332
NM_001178459.1	1574	1966	1007	2170	1795	1018
NM_001178460.3	1817	2046	1050	2094	1567	1031
NM_001178462.1	130	176	116	223	196	117
NM_001178463.1	5397	6290	3155	11931	9306	5270
NM_001178465.3	10	9	4	15	10	9
NM_001178466.1	550401	632063	317939	624531	566665	295363
NM_001178467.1	182	217	121	212	169	93
NM_001178468.3	97	174	87	230	141	84
NM_001178469.2	10605	12584	7429	12844	10984	6393
NM_001178470.1	443	478	267	755	589	366
NM_001178471.3	400	568	333	692	525	282
NM_001178473.1	256	315	215	426	406	247
NM_001178474.1	2732	3326	1785	4813	4236	2200
NM_001178475.3	15370	17848	9669	19750	17418	9112
NM_001178476.1	15	29	17	26	21	8
NM_001178477.1	263	315	161	381	332	153
NM_001178478.3	709	952	443	1066	831	423
NM_001178479.3	150	172	93	218	167	93
NM_001178480.1	293	340	210	425	360	225
NM_001178481.1	448	552	304	482	478	224
NM_001178483.3	528	649	343	576	531	281
NM_001178484.3	273	282	193	312	251	133
NM_001178485.2	412	561	282	647	564	282
NM_001178486.2	196	241	141	295	229	122
NM_001178487.3	890	1259	725	1342	1193	762
NM_001178488.3	863	1034	633	1054	825	543
NM_001178489.2	198	231	149	374	326	173
NM_001178490.1	1256	1544	859	1621	1487	830
NM_001178491.3	6622	8465	4274	9423	7943	4111
NM_001178493.3	114	129	77	207	146	72
NM_001178494.1	508	610	350	581	477	279
NM_001178495.1	7	16	0	9	11	2
NM_001178496.3	12	38	15	25	27	12
NM_001178497.3	1987	2515	1242	2959	2334	1293
NM_001178498.1	192	282	125	261	215	123
NM_001178499.1	1236	1783	839	1661	1456	714
NM_001178500.3	110	152	77	152	101	88
NM_001178501.3	103	111	94	158	158	78
NM_001178502.1	1909	2557	1418	2573	2184	1125
NM_001178503.1	932	1173	609	1207	999	549
NM_001178504.3	194	266	139	309	248	136
NM_001178505.3	161	233	106	183	165	76
NM_001178506.1	1091	1371	724	1431	1290	632
NM_001178507.1	1772	2362	1354	2156	1802	1109
NM_001178508.3	642	806	448	898	720	394
NM_001178509.3	202	290	127	236	203	125
NM_001178510.1	9099	10731	6158	8354	7670	4156
NM_001178511.3	96	111	52	107	99	40
NM_001178512.3	921	1179	650	1439	1389	746
NM_001178513.1	166	261	163	265	223	147
NM_001178514.1	677	921	504	916	762	475
NM_001178515.3	105	119	90	151	126	57
NM_001178516.3	84	87	71	103	94	59
NM_001178517.1	463	564	327	362	337	167
NM_001178518.1	856	993	600	1318	1138	648
NM_001178519.3	899	1246	610	1614	1290	701
NM_001178520.3	955	1207	589	1434	1045	651
NM_001178521.1	1132	1290	676	1361	1216	675
NM_001178523.1	191	242	145	395	313	172
NM_001178524.3	318	396	206	422	361	187
NM_001178525.3	1082	1399	743	2218	1974	991
NM_001178527.1	375	504	285	486	390	232
NM_001178528.1	7	4	1	2	2	1
NM_001178529.3	61637	70950	35077	73700	64815	32523
NM_001178530.3	28	30	14	32	19	10
NM_001178531.1	59	77	44	118	122	60
NM_001178532.3	47	73	33	44	53	18
NM_001178533.3	285	310	149	381	344	184
NM_001178534.1	5	6	2	2	3	0
NM_001178535.1	1373	1705	934	2001	1738	1022
NM_001178536.3	165	186	84	189	157	94
NM_001178537.3	38318	45592	22714	46814	41495	19830
NM_001178539.1	35346	39745	20618	37577	34455	17352
NM_001178540.1	286	398	215	384	329	189
NM_001178541.3	198	246	160	233	207	128
NM_001178542.3	52	100	49	130	112	61
NM_001178543.1	209	252	162	325	270	153
NM_001178544.1	40678	46593	26956	49572	42443	25316
NM_001178545.1	187	231	99	220	201	128
NM_001178546.1	1104	1346	623	1944	1494	907
NM_001178547.3	898	1169	683	1309	1024	548
NM_001178548.3	523	694	419	707	628	329
NM_001178549.1	102	120	82	151	128	59
NM_001178550.4	996	1221	690	1333	1164	677
NM_001178551.2	28	42	29	23	29	15
NM_001178552.2	216	281	160	270	246	151
NM_001178553.3	1665	1968	1263	1890	1659	1045
NM_001178555.4	684	826	410	931	780	419
NM_001178556.1	388	439	306	738	515	370
NM_001178558.1	214	212	141	238	214	138
NM_001178559.3	190	245	130	252	247	119
NM_001178560.3	1079	1303	640	1533	1403	755
NM_001178561.1	130	161	112	141	143	93
NM_001178562.1	435	475	228	678	520	304
NM_001178563.3	445	639	254	652	503	292
NM_001178564.3	413	462	272	525	425	234
NM_001178565.1	58	59	32	71	38	23
NM_001178566.1	3652	4231	2505	4756	4331	2425
NM_001178567.3	47	88	34	63	45	27
NM_001178568.3	435	582	318	509	421	275
NM_001178569.1	5564	6671	3732	6051	5423	3279
NM_001178570.3	1393	1734	943	1658	1540	890
NM_001178571.3	59	86	50	105	99	43
NM_001178573.1	226	283	136	297	243	117
NM_001178575.1	426	475	281	489	426	231
NM_001178576.3	89	102	62	146	123	58
NM_001178577.3	1325	1653	883	1817	1627	903
NM_001178578.1	517	636	331	743	715	393
NM_001178579.3	196	232	116	369	287	164
NM_001178581.3	328	411	220	358	279	166
NM_001178582.1	2061	2491	1374	2741	2393	1307
NM_001178583.3	444	496	288	551	443	224
NM_001178584.3	542	669	329	766	672	317
NM_001178585.1	171	246	132	282	233	118
NM_001178586.1	593	675	381	639	588	316
NM_001178587.3	133	119	88	131	117	62
NM_001178588.3	17	20	19	18	17	5
NM_001178589.1	150	204	122	248	230	150
NM_001178590.1	395	507	248	492	480	215
NM_001178591.3	619	760	413	848	664	399
NM_001178592.3	1159	1501	697	1453	1276	558
NM_001178593.1	2345	3016	1496	3500	2963	1655
NM_001178594.1	347	410	269	552	448	279
NM_001178595.3	1415	1713	949	1799	1675	966
NM_001178596.3	1558	1802	978	2102	1801	943
NM_001178597.1	7253	7733	4044	7542	6588	3589
NM_001178598.1	8	15	9	12	7	7
NM_001178599.3	399	418	267	495	472	250
NM_001178600.3	1114	1296	681	1194	969	570
NM_001178601.1	131	138	94	165	137	66
NM_001178602.1	229	331	160	456	425	236
NM_001178603.3	125	160	105	248	185	119
NM_001178604.1	480	670	357	1006	907	456
NM_001178605.1	178	246	126	279	197	101
NM_001178606.3	84	98	56	128	123	59
NM_001178607.3	79	75	45	90	85	52
NM_001178608.1	407	504	246	612	473	328
NM_001178609.1	748	925	531	754	723	420
NM_001178610.3	145	151	97	153	173	107
NM_001178611.3	4899	5594	3014	5497	4996	2985
NM_001178612.1	183	297	148	333	294	156
NM_001178613.2	511	668	391	789	746	374
NM_001178615.4	948	1133	633	1311	1180	629
NM_001178616.3	302	368	162	472	380	265
NM_001178617.1	367	452	209	512	462	263
NM_001178618.2	20	27	10	21	30	19
NM_001178619.3	408	391	227	544	468	227
NM_001178620.3	342	468	249	496	440	210
NM_001178621.1	736	820	420	821	727	397
NM_001178622.1	218	255	123	294	246	152
NM_001178623.4	495	742	372	682	595	300
NM_001178624.3	154	196	119	211	184	102
NM_001178626.1	118	184	84	256	216	101
NM_001178627.1	756	994	486	1158	954	553
NM_001178628.3	122	180	108	244	185	123
NM_001178629.3	760	986	559	1046	867	459
NM_001178630.1	305	346	185	474	343	206
NM_001178631.1	4621	5852	3163	6929	6097	3207
NM_001178632.3	27	24	9	52	24	25
NM_001178633.4	10	8	7	12	7	6
NM_001178634.1	10923	13580	6875	15801	13704	7342
NM_001178635.1	645	813	401	714	621	316
NM_001178636.4	602	729	436	976	879	465
NM_001178637.4	526	687	362	740	584	348
NM_001178638.1	376	501	263	637	530	279
NM_001178639.1	224	219	125	342	266	146
NM_001178641.3	71	81	48	121	109	55
NM_001178642.3	1	4	2	7	8	1
NM_001178643.2	111	97	77	203	136	86
NM_001178644.1	185	217	92	96	79	17
NM_001178645.3	56	117	55	101	89	59
NM_001178646.1	1	0	1	0	0	0
NM_001178647.3	19	38	15	19	19	7
NM_001178649.3	1	4	3	1	3	3
NM_001178650.1	302	335	180	411	323	190
NM_001178651.1	885	1175	670	1469	1145	649
NM_001178652.2	119	172	92	128	120	65
NM_001178653.1	56	53	47	98	94	63
NM_001178654.1	117	151	87	150	155	95
NM_001178657.1	275	346	199	386	331	209
NM_001178658.1	4005	4745	2640	5558	5255	3163
NM_001178659.1	262	304	186	339	297	191
NM_001178660.1	1741	2065	1292	2838	2586	1359
NM_001178662.1	895	1245	552	1343	1063	638
NM_001178663.1	190	182	110	208	209	114
NM_001178664.1	2102	2540	1322	2994	2813	1463
NM_001178665.1	0	0	0	1	0	0
NM_001178666.2	95	104	59	52	39	24
NM_001178667.1	79	91	45	42	32	21
NM_001178670.1	289	395	197	377	283	177
NM_001178671.1	495	576	311	665	542	307
NM_001178672.1	135	192	99	263	234	133
NM_001178673.1	3090	3681	1878	3825	3304	1757
NM_001178674.1	344	448	233	346	340	184
NM_001178675.1	5539	6105	2587	7183	5891	2546
NM_001178676.1	851	991	520	1147	987	563
NM_001178677.1	161	218	109	169	159	79
NM_001178678.1	361	504	292	624	561	370
NM_001178679.1	644	860	469	1229	1034	601
NM_001178680.1	981	1180	677	1579	1379	672
NM_001178681.1	172	224	124	316	301	193
NM_001178682.1	7553	8934	4701	8161	7494	4264
NM_001178683.1	246	320	145	351	306	161
NM_001178684.1	237	279	168	322	280	155
NM_001178685.1	1942	2585	1364	3788	3262	2007
NM_001178687.1	508	546	239	840	839	263
NM_001178688.1	18048	21834	10436	27807	25645	12898
NM_001178689.1	489	487	273	601	570	317
NM_001178690.1	3213	4301	2159	4720	4467	2247
NM_001178692.1	195	270	169	276	261	147
NM_001178693.1	2	6	0	6	7	7
NM_001178694.1	135	184	112	250	222	104
NM_001178695.1	4575	5765	2865	6179	5544	2926
NM_001178696.1	222	307	130	384	287	181
NM_001178697.1	240	334	181	361	322	191
NM_001178698.1	2360	3156	1624	3985	3260	1740
NM_001178699.1	369	489	260	739	677	395
NM_001178700.1	36	48	28	45	43	20
NM_001178701.1	2252	2807	1493	4350	3696	1982
NM_001178702.1	0	0	1	1	0	0
NM_001178703.1	1807	2155	1081	1783	1526	737
NM_001178704.1	420	672	278	626	444	259
NM_001178705.1	253	288	172	322	304	176
NM_001178706.1	6047	7248	4168	7198	6190	3294
NM_001178707.1	0	5	1	5	1	0
NM_001178708.1	121	155	91	121	129	92
NM_001178709.1	12	27	31	37	31	15
NM_001178710.1	3	3	2	2	4	3
NM_001178711.1	6	15	7	37	15	22
NM_001178713.1	8	12	5	19	14	10
NM_001178715.1	1258	1631	850	1820	1536	801
NM_001178716.1	199	254	150	262	264	146
NM_001178717.1	2266	2733	1482	3461	2978	1574
NM_001178718.1	1074	1358	676	937	882	442
NM_001178720.1	35	30	19	44	40	23
NM_001178721.1	574	687	360	745	625	399
NM_001178722.1	1251	1539	784	1612	1378	661
NM_001178723.1	10	8	6	6	5	6
NM_001178724.1	1796	2161	1200	2357	2026	1002
NM_001178725.1	164662	186150	106251	159756	140078	78713
NM_001178727.1	0	5	1	4	5	2
NM_001178728.1	98	140	91	152	108	79
NM_001178729.1	708	950	534	776	650	336
NM_001178730.1	1771	2202	1342	2351	1830	1105
NM_001178731.1	176	195	113	139	123	63
NM_001178732.1	101	128	82	171	150	74
NM_001178733.1	9	8	6	15	10	8
NM_001178734.1	180	250	165	275	238	152
NM_001178735.1	39	58	24	133	124	54
NM_001178737.1	247	265	160	310	251	141
NM_001178738.1	83	118	75	99	89	48
NM_001178739.1	2495	3239	1650	3355	3074	1345
NM_001178741.1	427	635	294	728	623	349
NM_001178742.1	125	154	96	213	181	104
NM_001178743.1	343	477	267	568	467	307
NM_001178744.1	885	1238	605	1305	1071	569
NM_001178745.1	32919	37316	17768	33553	29729	15101
NM_001178746.1	164	208	132	236	209	108
NM_001178747.1	598	786	373	903	684	378
NM_001178748.1	3216	4122	2192	3702	3122	1660
NM_001178749.1	734	922	474	1074	856	507
NM_001178750.1	651	850	473	1171	1104	565
NM_001178751.1	580	726	363	798	722	462
NM_001178752.1	48	73	68	94	98	47
NM_001178753.1	121	155	91	121	129	92
NM_001178754.1	0	5	1	5	1	0
NM_001178756.1	847	1061	608	1375	1158	649
NM_001178757.1	560	710	414	820	681	366
NM_001178758.1	406	567	338	660	600	329
NM_001178759.1	2	3	1	0	2	1
NM_001178760.1	375	527	268	508	438	267
NM_001178761.1	502	649	333	840	733	430
NM_001178762.1	833	951	518	1153	967	584
NM_001178764.1	0	0	0	0	0	0
NM_001178765.1	1030	1233	651	1185	1056	618
NM_001178766.1	933	1051	580	1262	1019	642
NM_001178767.1	10430	12505	6535	13820	12601	6910
NM_001178768.1	278	413	255	470	428	244
NM_001178769.1	1736	2255	1410	2529	2239	1296
NM_001178770.1	380	392	220	429	410	249
NM_001178771.1	179	242	126	391	333	209
NM_001178772.1	727	856	554	1133	872	646
NM_001178774.1	86	109	69	145	100	74
NM_001178776.1	734	942	433	889	791	382
NM_001178777.1	106	136	72	161	136	71
NM_001178778.1	1261	1606	779	2242	1678	1003
NM_001178779.1	186	208	147	196	180	115
NM_001178780.1	794	951	534	966	933	595
NM_001178781.1	219	284	156	347	304	172
NM_001178782.1	1160	1392	749	1628	1386	788
NM_001178783.1	62	89	41	102	84	66
NM_001178784.1	108	191	105	204	195	106
NM_001178785.1	206	275	134	272	256	148
NM_001178786.2	2746	3407	1613	3243	2607	1515
NM_001178787.1	308	442	244	423	373	180
NM_001178788.1	506	636	326	956	793	401
NM_001178789.1	289	353	233	419	401	247
NM_001178790.1	2010	2561	1319	2474	2077	1302
NM_001178792.1	184	206	108	290	230	138
NM_001178794.1	6347	7871	3183	8174	6400	3250
NM_001178795.1	80	113	46	300	249	173
NM_001178796.1	476	564	309	556	473	242
NM_001178797.2	63	90	34	119	87	38
NM_001178798.1	366	465	274	524	467	235
NM_001178799.1	3686	4910	2570	5469	4384	2603
NM_001178800.1	526	687	363	709	649	349
NM_001178801.1	161	235	140	278	231	110
NM_001178802.1	26	29	14	33	26	20
NM_001178804.1	252	332	194	413	358	177
NM_001178805.1	16	20	8	19	22	10
NM_001178806.1	0	0	0	0	0	0
NM_001178807.1	0	0	0	0	0	0
NM_001178808.1	15	26	9	37	40	13
NM_001178809.1	74	85	62	110	126	59
NM_001178811.1	2	0	0	0	0	1
NM_001178812.1	27	33	11	48	30	27
NM_001178813.1	93	133	81	156	129	87
NM_001178814.1	4	0	1	7	4	3
NM_001178815.1	632	807	388	1078	1079	530
NM_001178816.1	1753	2249	1299	2382	2006	1183
NM_001178817.3	3323	4418	2257	4773	4425	2127
NM_001178818.1	550	706	392	599	424	216
NM_001178819.1	122	198	88	143	136	77
NM_001178820.3	43	67	35	69	60	21
NM_001178821.1	188	213	96	226	163	103
NM_001178822.1	1137	1342	668	1210	1121	521
NM_001178824.3	321	388	223	1105	955	537
NM_001178826.1	148	151	88	338	253	138
NM_001178827.1	170	234	125	334	281	137
NM_001178828.3	1647	2115	1229	2510	2187	1252
NM_001178830.1	948	1190	573	1366	1072	559
NM_001178831.1	94	132	81	128	103	69
NM_001178832.3	606	699	385	754	693	371
NM_001178833.1	215	232	118	244	225	95
NM_001178834.3	54	104	51	123	96	41
NM_001178835.1	99	129	68	97	107	58
NM_001178836.3	0	0	0	0	0	0
NM_001178837.1	1451	1930	988	2083	1686	896
NM_001178838.1	0	0	1	2	7	2
NM_001178839.3	439	635	274	732	691	304
NM_001178840.1	147	178	116	185	171	98
NM_001178841.1	5510	6474	3530	6204	5448	2866
NM_001178842.3	10790	12872	7106	13713	12122	6699
NM_001178844.1	193	276	166	394	317	163
NM_001178845.1	22	26	9	41	22	16
NM_001178846.3	7838	9899	5402	12465	10405	6189
NM_001178847.1	1170	1307	705	1785	1503	801
NM_001178848.1	5	3	2	3	2	0
NM_001178849.3	31135	35920	16965	34035	30983	14837
NM_001178850.1	0	0	0	1	0	0
NM_001178851.1	700	824	422	916	833	507
NM_001178852.3	3443	4015	1797	4622	3772	2010
NM_001178853.1	556	653	349	824	687	383
NM_001178854.1	23	38	17	79	54	25
NM_001178855.3	5926	7521	4023	8655	7778	4154
NM_001178856.1	47	38	36	70	50	25
NM_001178857.1	2787	3484	1958	3168	2847	1568
NM_001178858.3	460	584	266	488	405	271
NM_001178859.1	443	524	254	637	544	308
NM_001178861.1	7042	7917	4497	7676	6991	4209
NM_001178862.3	1907	2269	1280	2402	2071	1169
NM_001178863.1	204	241	121	279	279	132
NM_001178864.1	0	0	0	0	2	0
NM_001178865.3	502	725	299	679	623	326
NM_001178866.1	2969	3650	2191	4266	3351	2055
NM_001178867.1	383	452	273	443	456	227
NM_001178868.3	325	364	250	385	322	174
NM_001178869.1	25252	29996	14356	30548	25840	13513
NM_001178870.1	2443	2899	1692	2965	2565	1430
NM_001178871.3	402	443	235	648	537	329
NM_001178872.1	4	10	10	14	13	5
NM_001178873.1	1429	1790	1086	2294	2087	1266
NM_001178875.1	1722	2010	1170	3119	2833	1799
NM_001178876.1	363	509	257	503	471	241
NM_001178877.3	138	188	117	250	211	133
NM_001178878.1	1263	1619	878	2137	1769	1004
NM_001178879.1	133	144	89	156	155	91
NM_001178880.3	4392	4892	2569	5979	4569	2630
NM_001178881.2	359	470	250	520	393	214
NM_001178882.1	3	2	3	3	6	6
NM_001178884.1	0	1	0	0	0	1
NM_001178885.1	18	18	17	30	20	22
NM_001178886.1	7208	8514	4620	7985	6838	3634
NM_001178887.1	13	15	10	18	16	4
NM_001178888.1	4	4	3	6	3	1
NM_001178890.1	0	2	1	2	1	0
NM_001178891.1	0	0	0	0	0	0
NM_001178892.1	1071	1469	772	2010	1582	907
NM_001178893.3	1125	1463	681	1562	1271	607
NM_001178894.1	5054	6360	3364	7655	6689	3632
NM_001178895.1	893	1096	671	1698	1385	821
NM_001178896.3	235	296	175	350	327	203
NM_001178897.1	3786	4567	2422	4601	4185	2091
NM_001178898.1	122	146	81	146	119	64
NM_001178899.1	968	1084	530	961	817	408
NM_001178900.1	5458	6447	3911	6243	5827	3067
NM_001178901.3	238	305	186	398	382	209
NM_001178902.1	2041	2235	1543	588	413	315
NM_001178903.1	1525	2025	1117	2657	2237	1206
NM_001178904.3	384	449	256	685	495	276
NM_001178905.1	293	401	226	370	304	186
NM_001178906.3	45	52	30	107	61	43
NM_001178907.1	493	622	386	811	713	373
NM_001178908.1	544	672	372	879	790	387
NM_001178909.3	159	150	72	143	127	73
NM_001178910.1	473	535	348	786	728	359
NM_001178911.3	314	353	197	437	377	241
NM_001178912.1	2993	3680	2174	5446	4843	2606
NM_001178913.1	519	692	311	861	690	341
NM_001178914.3	4116	4857	2598	5397	4819	2570
NM_001178915.1	32	32	24	56	47	24
NM_001178916.1	9202	11505	5370	11584	9316	5322
NM_001178917.3	2126	2587	1366	4174	3465	2067
NM_001178918.1	1328	1652	772	2165	1788	900
NM_001178919.1	137	145	68	125	140	62
NM_001178920.3	326	364	184	466	360	205
NM_001178921.1	755	921	505	1114	933	496
NM_001178922.1	1400	1683	952	1851	1616	902
NM_001178923.3	535	610	266	645	562	333
NM_001178924.1	122	205	98	185	139	117
NM_001178925.1	289	257	154	325	276	152
NM_001178926.3	247	263	149	310	253	164
NM_001178927.1	9045	10887	6071	11513	10550	5508
NM_001178928.1	64	79	50	79	44	26
NM_001178929.3	71	104	57	112	98	41
NM_001178930.1	0	0	0	4	1	0
NM_001178931.3	288	411	195	487	382	204
NM_001178932.2	36	60	44	60	50	23
NM_001178933.1	891	1084	644	1476	1413	740
NM_001178934.3	22424	25783	12650	23839	21355	10575
NM_001178935.1	482	552	283	381	353	128
NM_001178936.3	131	159	62	178	113	75
NM_001178937.1	50	39	23	65	57	19
NM_001178938.1	282	405	185	364	333	178
NM_001178939.3	1824	2409	1233	2240	1799	948
NM_001178940.1	2394	2850	1724	3241	2879	1611
NM_001178941.3	350	449	286	665	561	312
NM_001178942.1	139	148	70	178	168	71
NM_001178943.1	2338	2810	1503	4198	3610	1969
NM_001178944.3	78	122	67	154	111	60
NM_001178945.1	8	18	13	26	18	8
NM_001178946.3	3898	4600	2442	6272	5551	2623
NM_001178947.1	4507	5681	3073	6304	5412	3135
NM_001178948.3	1340	1712	942	1536	1413	665
NM_001178949.1	39	71	39	81	48	30
NM_001178950.1	325	454	226	455	380	259
NM_001178951.3	197	267	158	218	191	91
NM_001178952.2	189	237	122	223	199	82
NM_001178953.3	734	801	522	1145	976	492
NM_001178954.1	880	1171	536	1138	836	470
NM_001178955.1	1455	1993	856	2400	2033	897
NM_001178956.3	16	15	10	29	27	7
NM_001178957.1	34	42	28	43	29	28
NM_001178958.1	108	135	49	163	133	53
NM_001178959.3	995	1235	702	1132	956	495
NM_001178960.1	484	557	319	610	592	279
NM_001178961.1	5661	6668	4271	7900	6986	3900
NM_001178962.3	155	257	111	270	215	119
NM_001178963.1	5525	6253	3372	6146	5053	1739
NM_001178964.2	2113	2551	1344	4475	3999	2244
NM_001178965.3	31943	36244	16974	37457	32264	16699
NM_001178966.2	433	515	244	465	393	233
NM_001178967.3	38	50	31	53	47	30
NM_001178968.1	194	313	181	271	257	124
NM_001178969.1	308	378	202	441	413	196
NM_001178970.1	172	266	107	226	193	96
NM_001178971.1	1705	2284	1155	2518	2152	1220
NM_001178972.3	287	293	139	948	837	415
NM_001178973.1	1132	1368	805	1142	1025	578
NM_001178974.1	1089	1258	679	1496	1417	740
NM_001178976.3	0	3	2	0	3	1
NM_001178977.1	3456	4129	2424	4231	3853	2254
NM_001178978.1	194	267	170	230	206	129
NM_001178979.3	1252	1399	666	1975	1722	877
NM_001178980.1	1281	1446	891	1162	1074	693
NM_001178981.1	4078	4985	2551	7733	6649	3293
NM_001178982.3	9488	11131	4931	8755	7661	3594
NM_001178983.3	375	371	221	498	425	269
NM_001178984.1	219	268	185	371	312	151
NM_001178985.3	1555	1823	1017	2786	2477	1423
NM_001178986.3	548	679	380	864	636	417
NM_001178987.1	22	42	16	43	40	17
NM_001178989.1	48	90	46	87	63	27
NM_001178990.3	654	838	462	1150	997	454
NM_001178991.3	1193	1489	723	1793	1665	782
NM_001178992.1	214	259	136	333	287	152
NM_001178993.1	63951	73237	35775	71570	64283	31806
NM_001178994.3	429	516	275	1150	788	362
NM_001178995.3	125	144	78	165	144	73
NM_001178996.1	1625	1924	1099	2105	1839	1018
NM_001178997.1	3	1	0	4	3	3
NM_001178998.3	770	914	471	1007	819	474
NM_001179000.1	16367	19771	10155	18221	15397	8706
NM_001179001.1	621	792	364	768	604	359
NM_001179002.3	655	864	536	827	703	381
NM_001179003.3	470	523	337	489	449	252
NM_001179004.1	1466	1887	760	2185	1674	936
NM_001179005.1	32	46	28	38	53	17
NM_001179006.3	118	148	97	146	124	80
NM_001179007.3	26442	31177	16511	30878	27248	14767
NM_001179008.1	708	849	438	851	747	420
NM_001179009.1	393	480	244	588	490	291
NM_001179010.3	5275	6181	3297	7502	6667	3579
NM_001179011.3	7	11	5	13	12	5
NM_001179012.1	2983	3582	1797	4864	3939	2059
NM_001179013.1	528	629	363	561	635	315
NM_001179014.3	2928	3472	2075	4317	4053	2074
NM_001179015.3	3577	4417	2393	5013	4383	2438
NM_001179016.1	1798	2225	1070	2567	2220	1131
NM_001179017.1	827	1013	540	1193	963	495
NM_001179018.3	98	140	86	93	63	48
NM_001179019.3	321	435	236	448	396	208
NM_001179020.1	253	283	159	379	314	166
NM_001179021.1	12594	14840	7327	13080	11841	5898
NM_001179022.3	282	352	209	410	326	223
NM_001179023.3	3311	4191	2587	4553	4035	2103
NM_001179024.1	327	419	217	372	378	195
NM_001179026.1	2540	3203	1934	3653	2973	1728
NM_001179027.3	48	60	42	81	59	40
NM_001179028.4	0	0	1	1	0	0
NM_001179029.3	141	148	91	208	202	104
NM_001179030.3	181	237	125	232	169	126
NM_001179031.1	906	1245	656	1429	1261	653
NM_001179032.1	121	174	120	316	215	128
NM_001179033.3	716	859	421	1267	1139	571
NM_001179034.3	263	306	178	304	325	151
NM_001179035.1	3471	4047	2391	5010	4151	2544
NM_001179036.1	705	838	449	949	852	428
NM_001179037.3	148	164	100	226	177	106
NM_001179038.3	1287	1637	868	1799	1467	874
NM_001179039.1	287	371	204	437	405	225
NM_001179040.1	56	71	32	80	69	42
NM_001179041.3	1525	1897	895	2052	1650	914
NM_001179042.3	349	470	267	577	547	322
NM_001179043.1	43	58	38	44	49	37
NM_001179044.1	569	652	370	639	534	345
NM_001179045.3	2676	3402	1794	3361	2733	1708
NM_001179046.3	1828	2090	1204	2522	2352	1304
NM_001179047.1	493	544	301	562	471	252
NM_001179048.1	111	126	61	97	74	50
NM_001179049.3	298	359	194	423	368	206
NM_001179050.4	66	54	27	45	39	18
NM_001179051.1	327	470	239	502	396	236
NM_001179052.4	142	196	110	242	171	113
NM_001179053.3	232	290	172	321	296	186
NM_001179054.1	1883	2316	1192	1931	1675	842
NM_001179055.1	28981	34497	16781	34138	30160	15795
NM_001179056.3	1414	1787	992	1864	1575	882
NM_001179057.3	498	649	302	584	497	295
NM_001179058.1	712	891	547	952	782	413
NM_001179059.1	370	463	263	475	410	215
NM_001179060.3	190	192	113	248	196	141
NM_001179061.3	525	768	355	777	655	346
NM_001179062.1	1165	1568	707	1717	1294	714
NM_001179063.1	69	104	63	118	115	50
NM_001179064.3	317	473	210	354	348	193
NM_001179065.3	128	153	80	95	98	62
NM_001179066.1	926	1105	593	1648	1403	748
NM_001179067.3	11516	14380	7145	16487	14194	7929
NM_001179068.3	10287	12162	6819	12844	11437	7004
NM_001179069.1	12	15	12	16	23	11
NM_001179070.1	0	5	0	1	2	2
NM_001179072.3	150	213	87	221	161	119
NM_001179073.1	382	413	235	447	460	258
NM_001179074.1	30	37	21	27	10	6
NM_001179075.3	3	1	2	11	11	2
NM_001179076.3	2	2	0	2	3	1
NM_001179077.1	0	0	0	1	0	0
NM_001179079.3	0	2	1	2	1	0
NM_001179080.3	0	0	0	0	0	0
NM_001179081.1	24837	29025	14512	31228	27004	13306
NM_001179082.1	644	726	408	1018	803	411
NM_001179083.1	1568	1991	984	2528	2200	1084
NM_001179084.1	598	715	362	830	725	457
NM_001179086.1	29	42	23	37	35	19
NM_001179087.1	1281	1759	813	1613	1228	698
NM_001179088.1	193	216	113	234	169	108
NM_001179089.1	258	400	193	387	277	184
NM_001179090.1	112	171	94	158	127	54
NM_001179091.1	2421	3018	1635	3825	3613	1895
NM_001179092.1	4	3	6	1	2	0
NM_001179093.1	601	726	422	747	633	345
NM_001179094.1	104	115	83	134	118	57
NM_001179095.1	24657	28498	12637	29170	26600	12278
NM_001179096.1	20	27	20	29	22	21
NM_001179097.1	683	841	501	949	877	464
NM_001179098.1	57	63	34	54	69	34
NM_001179099.1	119	186	105	232	213	109
NM_001179100.1	311	339	177	378	316	181
NM_001179101.1	449	559	274	759	682	380
NM_001179102.1	11	13	10	20	23	12
NM_001179103.1	297	362	196	446	367	196
NM_001179104.1	51	46	16	41	27	15
NM_001179105.1	343	349	196	428	387	216
NM_001179106.1	54	56	47	38	29	24
NM_001179107.1	935	1081	521	1322	1094	649
NM_001179108.1	95	140	59	99	104	50
NM_001179109.1	294	343	218	315	349	212
NM_001179110.1	2248	2792	1690	4031	3094	1977
NM_001179111.1	476	537	286	874	735	423
NM_001179112.1	28	57	33	68	62	36
NM_001179113.1	30847	35217	17480	29613	27215	13824
NM_001179114.1	5794	7466	3649	7890	6445	3203
NM_001179115.1	220	261	159	326	179	104
NM_001179116.1	58	62	22	47	50	23
NM_001179118.1	152	214	154	272	195	120
NM_001179119.1	847	1068	542	1465	1269	698
NM_001179120.1	1410	1459	867	1814	1284	879
NM_001179122.1	28	12	6	26	24	12
NM_001179123.1	1	1	0	2	0	0
NM_001179124.1	35	41	25	54	55	29
NM_001179126.1	0	0	0	0	0	0
NM_001179127.2	1600	1114	563	1237	749	492
NM_001179128.1	373	426	153	569	499	286
NM_001179129.1	0	0	0	0	0	0
NM_001179130.1	0	1	0	0	0	0
NM_001179131.1	661	901	511	1153	1023	530
NM_001179132.1	84	90	54	83	88	44
NM_001179133.1	494	573	378	692	650	349
NM_001179134.1	106	116	74	108	124	39
NM_001179135.1	859	1018	606	1131	991	577
NM_001179136.1	497	591	304	711	588	306
NM_001179137.1	7573	8572	5016	8936	7758	4134
NM_001179138.1	1637	1964	1033	2048	2006	1128
NM_001179139.1	756	883	519	930	834	475
NM_001179140.1	25670	30908	14562	30471	28546	14022
NM_001179141.1	76	126	75	105	85	55
NM_001179142.1	485	616	404	931	785	471
NM_001179143.1	993	1290	703	1430	1309	710
NM_001179144.1	0	4	0	1	1	1
NM_001179145.1	25	59	35	38	37	9
NM_001179146.1	547	709	376	943	856	490
NM_001179147.1	185	212	135	256	281	144
NM_001179148.1	944	1270	690	3411	2980	1582
NM_001179149.1	13498	16299	8548	14755	12969	6951
NM_001179150.1	10901	12423	6366	11590	9984	5620
NM_001179151.1	18314	20514	9394	20377	19468	8449
NM_001179152.1	6	13	5	12	12	4
NM_001179153.1	1030	1353	657	1831	1209	717
NM_001179154.1	611	785	484	981	804	491
NM_001179155.1	3844	4446	2436	4481	4053	2583
NM_001179156.1	2556	3143	1588	3551	2990	1572
NM_001179157.1	7109	8786	4544	13677	11139	6100
NM_001179158.1	906	1300	702	1441	1189	678
NM_001179159.1	439	561	356	1000	888	477
NM_001179160.1	603	760	390	980	832	470
NM_001179161.1	224	305	132	293	287	131
NM_001179162.1	827	986	577	938	912	553
NM_001179163.1	11	2	1	9	10	7
NM_001179164.1	264	336	166	385	355	201
NM_001179165.1	50	66	32	67	59	29
NM_001179166.1	275	347	122	373	294	163
NM_001179167.1	1009	1358	774	1744	1587	873
NM_001179168.1	139	206	149	207	147	82
NM_001179169.1	1178	1480	908	1492	1276	746
NM_001179170.1	238	268	141	388	333	197
NM_001179171.1	285	353	179	328	314	194
NM_001179172.1	3769	4105	2677	4500	4053	2559
NM_001179173.1	419	509	269	486	473	256
NM_001179174.1	160	188	111	222	199	119
NM_001179175.1	404	477	271	427	359	206
NM_001179176.1	332	420	245	479	415	212
NM_001179177.1	3186	4342	2343	5362	4421	2483
NM_001179178.1	41	52	46	52	43	41
NM_001179179.1	1214	1389	813	1301	1201	622
NM_001179180.1	610	740	404	765	698	402
NM_001179181.1	666	941	430	1147	1056	498
NM_001179182.1	1994	2767	1494	3065	2556	1319
NM_001179183.1	0	0	0	0	0	0
NM_001179184.1	417	667	290	336	271	133
NM_001179185.1	0	0	0	0	0	0
NM_001179186.2	892	1321	629	951	814	463
NM_001179187.1	407	476	260	440	373	244
NM_001179188.1	268	367	196	394	360	192
NM_001179189.1	179	204	117	256	233	110
NM_001179190.1	306	353	250	352	319	205
NM_001179191.1	176	264	131	255	227	102
NM_001179192.1	359	460	301	443	418	267
NM_001179193.1	1112	1382	861	1599	1481	737
NM_001179194.1	16527	20480	10696	20315	17776	10145
NM_001179195.1	1560	1873	941	2537	2238	1145
NM_001179196.1	1120	1345	771	1207	1086	638
NM_001179197.1	49	68	36	89	72	24
NM_001179198.1	5074	6015	3182	6622	5584	3050
NM_001179199.1	671	846	471	823	752	393
NM_001179200.1	862	997	566	1156	1064	656
NM_001179201.1	120	139	83	139	126	58
NM_001179202.2	761	913	552	855	752	403
NM_001179203.1	597	742	424	843	759	391
NM_001179204.1	1665	1935	1145	2495	2116	1295
NM_001179205.1	105	108	67	75	89	60
NM_001179206.1	482	644	333	808	667	367
NM_001179207.1	494	665	332	683	524	296
NM_001179208.1	149	182	111	263	230	119
NM_001179209.1	278	328	191	338	241	142
NM_001179210.1	119	121	60	125	80	59
NM_001179211.1	365	521	284	417	386	174
NM_001179212.1	977	1160	660	1323	1175	623
NM_001179213.1	422	475	279	561	535	316
NM_001179214.1	774	1010	457	960	835	424
NM_001179215.1	417	455	286	451	427	228
NM_001179216.1	393	495	252	507	428	201
NM_001179217.1	59	66	32	94	86	43
NM_001179218.1	901	1169	679	1030	866	438
NM_001179219.1	3351	4209	2311	4522	4004	2188
NM_001179220.1	178	221	131	226	228	102
NM_001179221.1	92	131	76	120	107	64
NM_001179222.2	1028	1329	668	951	829	443
NM_001179224.1	4605	5291	3057	4050	3458	2088
NM_001179226.1	262	265	141	233	193	130
NM_001179227.1	261	286	148	363	302	157
NM_001179228.1	2543	3157	1772	3336	2942	1635
NM_001179229.1	2555	3405	1669	3119	2518	1443
NM_001179230.1	184	173	140	263	251	131
NM_001179231.1	222	268	126	261	283	127
NM_001179232.1	482	667	339	820	648	339
NM_001179233.1	706	965	425	771	583	325
NM_001179234.1	1034	1509	815	1512	1277	710
NM_001179235.1	85	115	43	126	81	57
NM_001179236.1	121	156	68	115	108	57
NM_001179237.1	1481	1799	931	1420	1190	638
NM_001179238.1	3153	4048	2152	3917	3672	1763
NM_001179239.1	123	156	92	197	169	112
NM_001179240.1	243	343	185	351	366	171
NM_001179241.1	667	805	429	1038	917	536
NM_001179242.1	292	389	203	320	327	185
NM_001179243.1	818	1120	629	933	786	514
NM_001179244.1	486	574	310	751	569	306
NM_001179245.1	616	795	386	801	714	444
NM_001179246.1	127	169	103	157	147	128
NM_001179247.1	843	959	585	1007	922	524
NM_001179248.1	235	301	190	332	338	172
NM_001179249.1	522	585	357	646	605	287
NM_001179250.1	251	314	170	290	237	128
NM_001179251.1	626	728	433	662	540	306
NM_001179252.1	443	579	307	865	714	402
NM_001179253.1	749	931	560	1110	937	575
NM_001179254.1	20	28	11	22	18	14
NM_001179256.1	0	0	0	3	1	1
NM_001179257.1	463	556	305	539	405	212
NM_001179258.1	2771	3297	1812	3248	3022	1547
NM_001179259.1	90	127	64	136	106	58
NM_001179261.1	127	168	95	170	145	96
NM_001179262.1	1433	1836	1039	1658	1539	841
NM_001179263.1	1400	1743	913	2169	1959	1058
NM_001179264.1	48	97	42	92	103	43
NM_001179265.1	1543	1894	1067	1444	1332	752
NM_001179266.1	589	592	412	270	249	46
NM_001179267.1	791	1105	522	2931	2670	1248
NM_001179268.1	137	132	104	185	161	115
NM_001179269.1	0	0	0	0	0	0
NM_001179270.1	38	42	25	41	33	18
NM_001179271.1	22910	27888	12641	30778	26878	11345
NM_001179272.1	501	662	399	928	745	452
NM_001179273.1	713	867	493	896	750	441
NM_001179274.1	4946	6006	2899	5525	5169	2793
NM_001179275.1	299	402	208	307	294	170
NM_001179277.1	3142	3904	2016	4448	3468	1966
NM_001179278.1	357	434	262	614	563	338
NM_001179279.1	590	713	383	914	715	400
NM_001179280.1	559	682	357	673	507	347
NM_001179281.1	79	117	62	101	78	45
NM_001179282.1	183	238	104	252	213	107
NM_001179283.1	560	678	337	529	511	223
NM_001179284.1	34	44	22	43	47	25
NM_001179285.1	767	990	550	1197	1009	485
NM_001179286.1	291	363	212	422	330	199
NM_001179287.1	78	125	48	112	91	45
NM_001179288.1	5	8	3	6	4	0
NM_001179289.1	1152	1428	756	1658	1347	754
NM_001179290.1	141	151	52	158	121	56
NM_001179291.1	3	1	2	3	6	3
NM_001179292.1	392	447	274	477	415	215
NM_001179293.1	1782	2302	1230	2891	2458	1170
NM_001179294.1	1151	1403	849	1742	1532	879
NM_001179295.1	265	339	176	544	374	212
NM_001179296.1	1022	1148	676	1166	952	520
NM_001179297.1	162	183	116	275	234	129
NM_001179298.1	137	217	157	273	231	129
NM_001179299.2	102	143	69	116	119	58
NM_001179300.1	556	707	384	937	908	536
NM_001179301.1	2296	2680	1625	2921	2653	1423
NM_001179302.1	132	193	106	155	133	63
NM_001179303.1	234	329	204	312	228	142
NM_001179305.1	360987	409460	214100	430222	378898	208520
NM_001179306.3	706	668	435	759	776	406
NM_001179307.3	44	47	35	39	56	26
NM_001179308.1	61	64	15	20	13	3
NM_001179309.3	96	142	83	126	78	48
NM_001179310.1	16108	17750	11348	23980	21716	12568
NM_001179312.3	486	688	337	830	751	426
NM_001179313.1	151	141	83	157	140	74
NM_001179314.3	18908	20876	11313	22624	19703	11614
NM_001179315.1	50	71	31	68	47	22
NM_001179316.3	3	2	4	7	7	3
NM_001179317.1	516	681	388	752	628	405
NM_001179318.3	332	407	231	583	595	335
NM_001179319.1	1135	1374	799	1367	1280	689
NM_001179320.3	23	24	17	38	36	19
NM_001179321.1	3149	3884	1975	5096	4501	2212
NM_001179322.3	143	162	92	247	201	107
NM_001179323.1	338	368	219	420	284	173
NM_001179324.3	11882	14642	6967	13178	12087	6161
NM_001179325.1	47	50	39	75	57	34
NM_001179326.3	129	157	85	164	123	80
NM_001179327.1	1185	1514	788	1821	1519	779
NM_001179328.4	994	1205	659	1154	1010	577
NM_001179329.1	178	279	140	286	260	111
NM_001179330.3	395	465	299	516	474	290
NM_001179331.3	1925	2222	1230	2453	2335	1371
NM_001179332.1	1074	1341	665	1045	897	443
NM_001179333.3	135	137	80	83	99	52
NM_001179334.1	53228	60405	35169	53645	51844	28073
NM_001179335.3	239	319	164	260	263	135
NM_001179336.1	1708	2173	1118	2056	1779	1072
NM_001179337.3	651	787	386	811	753	395
NM_001179338.1	597	733	407	729	594	338
NM_001179339.3	7310	8300	4602	10077	9292	5454
NM_001179340.1	84	68	44	128	94	52
NM_001179341.3	12	8	1	36	16	9
NM_001179342.1	8	10	8	7	12	6
NM_001179344.1	0	2	0	0	0	0
NM_001179345.3	103	83	61	52	38	40
NM_001179346.1	5468	6428	3771	1887	1466	335
NM_001179347.3	1704	2063	1379	4392	3637	2383
NM_001179349.1	0	1	1	3	0	0
NM_001179350.3	0	0	0	0	0	0
NM_001179351.3	169	178	112	157	161	90
NM_001179352.3	224	280	176	253	214	124
NM_001179353.1	230	313	149	334	316	166
NM_001179354.3	380	397	221	373	304	173
NM_001179355.1	1110	1426	692	1109	953	457
NM_001179356.1	32	54	28	50	41	30
NM_001179357.3	141	167	99	204	190	109
NM_001179358.3	634	741	362	826	713	306
NM_001179359.1	810	890	572	606	464	256
NM_001179360.3	520	739	332	914	777	405
NM_001179361.1	239	298	187	127	140	73
NM_001179363.1	42	59	34	63	58	38
NM_001179364.3	321	395	227	349	300	157
NM_001179365.1	2931	3982	2033	3716	3183	1840
NM_001179366.1	432	485	238	531	433	233
NM_001179367.3	105	125	90	190	144	75
NM_001179368.1	65955	76996	40733	75704	68105	37860
NM_001179369.1	577	687	361	803	646	385
NM_001179370.3	555	652	346	786	654	347
NM_001179371.3	1218	1463	867	1432	1184	715
NM_001179372.1	1064	1153	672	963	795	432
NM_001179373.1	282	331	191	360	391	232
NM_001179374.3	12	17	4	5	12	2
NM_001179376.1	642	844	463	838	730	391
NM_001179377.1	399	577	307	622	552	285
NM_001179379.3	1	2	1	2	2	0
NM_001179380.3	2278	2883	1437	3674	2881	1575
NM_001179381.1	197	230	175	302	253	140
NM_001179383.1	1244	1533	670	1805	1406	790
NM_001179384.3	954	1207	685	1342	1295	671
NM_001179385.1	670	890	544	1273	1064	577
NM_001179386.1	737	919	368	1033	823	483
NM_001179387.3	1	5	4	24	20	10
NM_001179388.3	1663	1858	1469	2121	1956	860
NM_001179389.1	1123	1310	740	1434	1263	714
NM_001179390.1	373	475	272	489	453	215
NM_001179391.3	2913	3257	1794	4184	3599	1931
NM_001179392.1	81	75	48	98	71	54
NM_001179393.1	2669	3097	1592	3335	3072	1729
NM_001179394.3	883	980	539	1166	1025	554
NM_001179395.3	135	179	78	209	177	82
NM_001179396.1	202	267	150	324	258	160
NM_001179397.3	784	934	580	1128	1019	636
NM_001179398.1	680	903	506	1121	857	524
NM_001179399.1	123	187	81	174	138	90
NM_001179400.3	280	346	204	399	400	198
NM_001179401.3	9971	11976	5850	12880	11389	5533
NM_001179402.1	21041	23915	11906	25279	22337	11670
NM_001179403.1	17476	18853	11065	16611	14961	8558
NM_001179405.1	112	114	66	109	106	49
NM_001179406.1	274	282	176	324	299	140
NM_001179407.3	0	2	0	3	1	1
NM_001179410.3	0	0	0	0	0	0
NM_001179411.1	213	245	107	215	219	111
NM_001179412.1	1329	1492	805	1856	1630	964
NM_001179413.1	820	998	455	820	642	352
NM_001179414.2	500	656	354	791	685	378
NM_001179415.3	292	336	195	382	383	218
NM_001179416.3	78	107	66	83	79	51
NM_001179417.1	251	296	158	298	314	179
NM_001179418.1	389	555	279	656	521	274
NM_001179419.1	27568	30972	14585	32432	27885	14339
NM_001179420.1	892	1012	551	986	846	521
NM_001179421.3	53	84	33	99	69	53
NM_001179422.3	9	18	13	7	14	3
NM_001179423.1	13	32	11	33	29	22
NM_001179424.1	1674	2010	1143	2153	1800	905
NM_001179425.1	4334	5614	2954	9082	7585	4293
NM_001179426.1	1738	1964	1052	2063	1940	983
NM_001179427.3	123	139	59	198	161	76
NM_001179428.3	20403	25312	13284	27425	23181	12580
NM_001179429.1	491	565	338	686	598	326
NM_001179431.2	686	769	399	809	759	376
NM_001179432.1	212	226	153	309	251	141
NM_001179433.3	422	535	303	443	391	223
NM_001179435.3	144	142	75	238	164	112
NM_001179436.1	562	687	373	733	639	344
NM_001179437.1	32	44	23	36	39	14
NM_001179438.1	375	510	295	490	444	230
NM_001179439.1	984	1236	652	1473	1335	699
NM_001179440.3	79	113	61	77	80	48
NM_001179441.3	330	385	224	400	366	213
NM_001179442.1	2733	3046	1790	3984	3144	1957
NM_001179443.1	382	437	209	522	432	229
NM_001179444.1	334	393	226	377	332	171
NM_001179445.1	72	115	48	121	109	68
NM_001179446.3	129	171	96	194	186	92
NM_001179447.3	2	9	3	11	11	1
NM_001179449.1	48	41	27	69	52	45
NM_001179450.1	0	0	0	1	0	0
NM_001179451.1	506	656	406	911	812	442
NM_001179452.3	371	458	285	583	544	267
NM_001179453.1	634	695	347	773	729	357
NM_001179454.1	472	658	301	824	653	387
NM_001179455.1	237	309	130	317	251	174
NM_001179456.1	658	748	459	1060	936	585
NM_001179457.3	5657	7037	3302	8100	6874	3957
NM_001179458.1	527	618	361	734	610	334
NM_001179459.1	174	271	115	291	250	112
NM_001179460.1	556	686	288	875	599	387
NM_001179461.1	35	34	13	41	34	17
NM_001179462.3	249	308	170	435	359	229
NM_001179463.1	3019	3949	1559	4193	3066	1760
NM_001179464.1	1340	1422	664	1525	1485	582
NM_001179465.1	409	569	267	863	735	418
NM_001179466.1	782	1020	558	1178	1041	504
NM_001179467.3	285	442	185	398	382	141
NM_001179468.1	32	45	30	48	31	26
NM_001179469.1	693	820	372	730	591	395
NM_001179470.1	63	91	47	102	82	48
NM_001179471.2	9948	13060	5459	9770	8075	4355
NM_001179472.3	1214	1461	718	1882	1573	888
NM_001179473.1	2274	3235	1575	3061	2783	1480
NM_001179474.1	1611	2097	1099	2639	1985	1218
NM_001179475.1	612	654	414	858	698	363
NM_001179476.1	770	936	499	1140	1013	536
NM_001179477.3	917	1294	620	1697	1326	703
NM_001179478.1	620	759	425	890	744	399
NM_001179479.1	609	785	402	708	656	378
NM_001179480.1	34	45	14	44	39	24
NM_001179481.1	18552	21322	11857	21094	19298	9756
NM_001179482.3	71	90	40	99	78	56
NM_001179483.1	560	731	347	854	767	383
NM_001179484.1	107	150	85	283	209	106
NM_001179485.1	2038	2513	1389	2598	2242	1273
NM_001179486.3	1060	1401	664	1526	1285	567
NM_001179487.1	61	75	34	98	75	39
NM_001179488.1	1042	1479	635	1481	1347	663
NM_001179490.1	4206	5230	2542	5603	4594	2608
NM_001179491.1	685	829	445	888	764	464
NM_001179492.3	265	445	223	474	386	192
NM_001179493.1	667	770	537	869	802	463
NM_001179494.1	54	70	39	44	27	20
NM_001179495.1	484	554	291	599	516	287
NM_001179496.1	36894	42711	18710	41794	39150	15496
NM_001179497.3	414	498	336	558	430	238
NM_001179498.1	215	268	149	385	267	189
NM_001179499.1	189	243	118	279	213	142
NM_001179500.1	52	79	47	77	71	42
NM_001179501.1	268	307	208	345	337	195
NM_001179502.3	355	453	225	704	615	356
NM_001179503.1	253	281	150	460	438	282
NM_001179504.1	316	381	200	373	372	219
NM_001179505.1	408	509	280	648	539	314
NM_001179506.3	193	231	153	239	178	123
NM_001179507.1	181	276	123	315	234	146
NM_001179508.1	1	1	2	8	5	2
NM_001179509.1	135	175	88	193	176	72
NM_001179510.1	846	1016	609	884	912	481
NM_001179512.1	5	3	2	12	10	5
NM_001179513.1	0	0	0	0	0	0
NM_001179514.1	31	26	11	18	15	14
NM_001179517.1	676	424	156	1062	939	274
NM_001179518.1	36	46	34	39	37	31
NM_001179519.1	382	490	242	612	560	245
NM_001179521.1	0	1	0	1	0	1
NM_001179522.1	20	25	18	33	43	18
NM_001179523.1	372	525	231	443	382	201
NM_001179524.1	219	279	167	333	314	155
NM_001179525.3	773	1073	433	1112	771	480
NM_001179526.1	767	929	459	1022	792	391
NM_001179527.1	110	119	66	133	104	47
NM_001179528.3	5829	7770	2956	9311	6735	4153
NM_001179529.3	271	319	167	421	405	180
NM_001179530.1	375	500	278	543	489	265
NM_001179531.1	122	161	67	194	149	82
NM_001179532.3	271	340	189	346	302	188
NM_001179533.1	409	553	289	768	604	369
NM_001179534.1	2135	2528	1311	3298	2765	1600
NM_001179535.3	0	1	1	2	2	1
NM_001179536.3	54	50	15	75	49	25
NM_001179537.1	73	77	42	85	85	52
NM_001179538.1	4	6	2	5	8	3
NM_001179539.3	63	47	31	57	56	16
NM_001179540.1	201	196	121	251	198	120
NM_001179541.3	0	1	0	2	1	1
NM_001179543.3	120	155	117	175	178	80
NM_001179544.1	573	697	380	765	658	388
NM_001179545.3	357	444	284	482	409	252
NM_001179546.1	90	115	72	151	118	77
NM_001179547.1	83	110	71	130	127	70
NM_001179548.3	768	911	499	925	877	441
NM_001179549.3	12	19	8	16	18	15
NM_001179550.3	22	16	19	18	17	7
NM_001179551.1	16	28	12	15	19	9
NM_001179552.1	63	106	65	116	116	58
NM_001179553.3	15	18	9	51	40	35
NM_001179554.1	8	20	9	18	23	13
NM_001179555.1	1217	1562	739	1155	1050	567
NM_001179556.3	1016	1137	644	2933	2567	1331
NM_001179557.3	358	374	246	388	365	183
NM_001179558.3	347	472	261	535	509	298
NM_001179559.1	1652	1927	1090	2101	1841	959
NM_001179560.1	378	434	303	497	538	300
NM_001179561.3	21	32	22	88	62	41
NM_001179563.1	0	0	0	1	1	1
NM_001179564.1	3	17	4	28	9	8
NM_001179567.3	205	258	171	252	247	128
NM_001179568.1	429	537	332	778	609	345
NM_001179569.3	248	329	195	438	423	172
NM_001179570.1	1084	1302	734	1293	1207	677
NM_001179571.3	333	444	166	423	365	199
NM_001179572.1	30465	35400	17524	38216	33190	16161
NM_001179573.1	1019	1441	702	1967	1627	830
NM_001179574.3	1468	1738	1089	1578	1356	798
NM_001179575.1	2026	2519	1384	2475	2261	1165
NM_001179576.3	1040	1400	750	1579	1288	716
NM_001179577.1	97	128	71	110	110	57
NM_001179578.3	276	356	167	412	313	164
NM_001179579.1	1004	1192	696	1300	1073	577
NM_001179580.3	2094	2546	1452	2807	2452	1307
NM_001179581.1	211	255	159	327	308	157
NM_001179582.3	1102	1565	727	1839	1582	733
NM_001179583.1	158	212	121	216	168	103
NM_001179584.3	398	573	310	543	529	235
NM_001179585.3	413	428	293	539	519	286
NM_001179586.1	625	790	389	903	811	409
NM_001179587.3	1163	1453	802	1626	1501	761
NM_001179588.1	461	512	272	674	522	317
NM_001179589.4	203	293	127	280	229	132
NM_001179590.3	1483	1787	971	1706	1574	802
NM_001179591.1	929	1116	545	1552	1349	800
NM_001179592.3	2	4	5	10	7	5
NM_001179593.1	383	539	251	623	514	284
NM_001179594.3	488	559	322	699	597	395
NM_001179595.1	3077	3085	1705	3113	2912	1697
NM_001179598.3	1466	1798	835	1693	1434	766
NM_001179599.1	268	284	164	408	304	196
NM_001179600.1	484	580	354	613	553	295
NM_001179601.3	4953	6382	2920	6534	5702	2693
NM_001179603.1	0	1	0	1	0	0
NM_001179604.3	246	378	189	372	317	156
NM_001179605.1	1741	2096	1166	2257	1902	1067
NM_001179606.3	818	1003	539	1388	1201	598
NM_001179607.1	358	427	260	564	457	225
NM_001179608.3	299	392	213	353	321	187
NM_001179609.1	313	399	192	275	255	167
NM_001179611.1	462	597	296	545	505	241
NM_001179612.1	1461	1709	1023	1945	1695	1014
NM_001179613.1	393	529	294	712	603	325
NM_001179614.1	160	172	98	216	161	89
NM_001179615.1	269	342	180	330	282	157
NM_001179616.1	0	5	2	9	7	4
NM_001179617.1	338	432	221	469	423	262
NM_001179618.1	194	258	135	321	292	193
NM_001179620.1	9815	12174	5697	12195	10561	5662
NM_001179621.2	49	86	45	94	96	50
NM_001179622.1	26952	29701	16527	26273	24241	13384
NM_001179623.1	1297	1625	962	1640	1386	750
NM_001179624.1	354	477	306	535	444	239
NM_001179625.1	352	468	254	527	412	258
NM_001179626.1	195371	221242	121172	201998	185049	105689
NM_001179627.1	57	77	56	78	70	36
NM_001179628.1	408	580	237	939	901	465
NM_001179629.1	435	536	303	554	501	249
NM_001179630.1	681	754	423	779	620	348
NM_001179631.2	731	1022	524	845	722	407
NM_001179633.1	1534	1874	998	2035	1779	987
NM_001179634.1	1642	2057	932	1960	1513	881
NM_001179635.1	391	426	253	426	362	202
NM_001179636.1	0	0	0	0	0	0
NM_001179637.1	23	12	32	11	12	14
NM_001179638.1	230	311	181	392	314	184
NM_001179639.1	1621	2057	996	2039	1711	832
NM_001179640.1	422	495	229	669	636	285
NM_001179641.1	210	270	142	325	222	139
NM_001179643.1	2453	2930	1689	3433	3151	1720
NM_001179644.1	485	621	361	670	582	370
NM_001179645.1	334	420	257	533	456	259
NM_001179646.1	4272	5405	2912	5834	5344	2743
NM_001179647.1	35344	40768	20540	42668	38111	20333
NM_001179648.1	1236	1625	773	1476	1064	646
NM_001179650.1	367	353	233	295	340	170
NM_001179651.1	1706	2084	978	2136	1962	1075
NM_001179652.1	38	56	20	62	52	34
NM_001179653.1	309	348	185	400	355	214
NM_001179654.1	558	751	329	825	670	375
NM_001179655.1	252	338	139	309	260	143
NM_001179656.1	124	167	74	139	115	71
NM_001179657.1	208	277	125	368	290	167
NM_001179658.1	362	491	260	513	431	247
NM_001179659.1	17	29	14	13	7	5
NM_001179660.1	623	858	493	1034	896	481
NM_001179661.1	119	174	104	183	144	68
NM_001179662.1	2165	2964	1418	4934	4727	2399
NM_001179664.1	85	113	62	152	135	74
NM_001179665.1	707	849	456	911	816	394
NM_001179666.1	968	1124	671	1568	1351	818
NM_001179667.2	1178	1465	841	1500	1203	726
NM_001179669.1	936	1085	697	1804	1582	885
NM_001179670.1	3114	3872	2525	3831	3525	2079
NM_001179671.1	451	537	226	476	330	227
NM_001179672.1	578	689	355	866	718	363
NM_001179673.1	12	5	2	13	12	9
NM_001179674.1	194	229	102	192	174	81
NM_001179675.1	211	359	155	356	306	146
NM_001179676.1	572	626	386	566	524	284
NM_001179678.1	1240	1678	705	1482	1164	600
NM_001179679.1	602	712	435	761	670	383
NM_001179680.1	654	876	486	1176	941	517
NM_001179682.1	324	434	179	367	291	170
NM_001179683.1	5476	6716	3765	9527	8273	4311
NM_001179685.1	287	451	197	358	316	155
NM_001179686.1	1473	1693	861	1299	1044	623
NM_001179687.1	119	123	77	133	144	74
NM_001179688.1	811	950	515	713	603	337
NM_001179690.1	125	159	108	214	197	86
NM_001179691.1	546	643	346	736	674	346
NM_001179692.1	1526	2010	1026	2768	2410	1371
NM_001179693.1	3138	3939	1957	4458	3910	1969
NM_001179694.1	890	1004	548	1248	1052	572
NM_001179695.2	692	941	562	920	785	418
NM_001179696.1	421	541	279	644	559	328
NM_001179698.1	9	16	6	16	21	15
NM_001179699.2	23	43	15	48	31	33
NM_001179700.2	271	401	167	439	326	168
NM_001179701.1	662	849	490	1099	943	535
NM_001179703.1	257	346	204	398	314	214
NM_001179704.1	268	380	198	438	372	170
NM_001179705.1	302	399	219	414	354	177
NM_001179706.1	447	587	345	466	433	225
NM_001179707.1	866	1155	614	1372	1287	650
NM_001179708.1	1380	1642	863	2741	2206	1226
NM_001179709.1	1119	1480	815	1402	1116	632
NM_001179710.1	335	504	324	532	484	262
NM_001179711.1	4031	4911	2481	8419	6462	4049
NM_001179712.1	830	985	483	1181	1031	567
NM_001179714.1	457	594	315	615	573	312
NM_001179715.1	169	182	102	237	209	128
NM_001179716.1	526	647	366	1101	1036	498
NM_001179717.1	246	338	205	374	306	172
NM_001179718.1	89455	101473	55542	109083	95588	50919
NM_001179720.1	443	509	314	523	445	249
NM_001179721.1	275	287	165	395	374	196
NM_001179722.1	5704	6324	3293	5836	5857	2917
NM_001179723.2	4114	5131	2711	3646	3363	1791
NM_001179725.1	106	181	82	156	148	88
NM_001179726.1	644	706	395	1006	853	425
NM_001179727.1	9	3	6	55	57	19
NM_001179728.1	52	75	36	72	69	53
NM_001179729.1	1933	2354	1097	1966	1473	1012
NM_001179730.1	14120	17998	7854	16175	13278	7684
NM_001179731.1	1164	1722	849	1659	1357	728
NM_001179732.1	486	586	363	724	576	321
NM_001179733.1	293	340	187	429	412	201
NM_001179734.1	224	259	153	325	282	176
NM_001179736.1	313	338	184	372	288	199
NM_001179737.1	96	122	81	166	124	57
NM_001179738.1	2673	3426	1762	3474	3072	1494
NM_001179739.1	561	776	383	809	688	369
NM_001179740.1	487	649	373	703	558	346
NM_001179741.1	1190	1334	748	1497	1359	842
NM_001179742.1	217	216	135	236	229	119
NM_001179744.1	30	50	24	30	26	25
NM_001179745.1	636	842	395	910	738	366
NM_001179746.1	31522	38376	18576	38366	33678	16939
NM_001179747.1	3262	3755	2236	4054	3627	2008
NM_001179748.1	39688	47652	24908	46657	37523	23252
NM_001179749.1	337	414	206	466	467	246
NM_001179750.1	2143	2662	1334	3335	2834	1494
NM_001179751.1	1199	1492	683	1552	1316	748
NM_001179752.1	449	504	298	718	681	333
NM_001179753.1	21	9	6	16	8	3
NM_001179754.1	11	24	18	33	23	14
NM_001179755.1	185	202	129	266	286	132
NM_001179756.1	661	743	465	997	866	456
NM_001179757.1	1122	1285	662	1548	1384	799
NM_001179758.1	2315	2593	1328	3040	2856	1378
NM_001179759.1	437	606	303	641	581	303
NM_001179760.1	147	185	109	180	165	112
NM_001179761.1	954	1268	723	1452	1178	818
NM_001179762.1	1487	1947	1031	2524	2102	1130
NM_001179763.1	347	393	243	536	412	232
NM_001179764.2	220	249	136	212	186	119
NM_001179766.1	88	145	66	136	102	78
NM_001179768.1	694	855	477	958	808	460
NM_001179769.1	1437	1840	876	2000	1669	927
NM_001179770.1	1044	1361	742	1575	1305	733
NM_001179771.1	378	439	294	720	599	326
NM_001179772.1	1093	1255	747	1594	1293	775
NM_001179773.1	117	136	83	171	158	69
NM_001179774.1	2239	2942	1691	3114	2550	1510
NM_001179775.1	13042	16403	8523	25462	21428	11862
NM_001179776.1	1584	1992	1037	1960	1795	1000
NM_001179777.1	4159	5139	2684	4765	4345	2250
NM_001179778.1	935	1239	636	1465	1208	708
NM_001179779.1	512	672	327	714	662	359
NM_001179780.1	1219	1463	844	1517	1146	671
NM_001179781.1	8233	8945	4635	6029	5514	2834
NM_001179782.1	10	26	10	21	19	10
NM_001179783.1	126	138	100	179	142	80
NM_001179784.1	257	316	185	387	355	203
NM_001179785.1	163	117	46	148	75	35
NM_001179786.2	1	2	0	8	2	2
NM_001179787.1	36	25	22	22	22	13
NM_001179789.1	0	1	0	1	1	1
NM_001179791.1	5508	6919	3497	6738	5291	2965
NM_001179792.3	581	786	403	898	830	441
NM_001179793.1	643	806	441	683	624	363
NM_001179794.3	86	124	67	84	98	52
NM_001179795.1	12	12	11	6	7	3
NM_001179796.3	545	672	330	823	676	394
NM_001179797.1	154	222	131	236	222	122
NM_001179798.4	999	1296	681	1447	1229	600
NM_001179799.1	42	88	46	109	64	47
NM_001179800.3	318	386	195	414	321	189
NM_001179801.1	478	582	309	723	642	270
NM_001179803.3	2916	3795	1644	3908	3657	1810
NM_001179804.1	863	1077	675	1055	973	475
NM_001179805.3	0	1	0	0	1	0
NM_001179806.1	472	635	282	442	397	216
NM_001179807.3	64	98	71	110	99	54
NM_001179808.1	1668	1921	1067	3192	2529	1608
NM_001179809.3	169	211	103	221	229	110
NM_001179810.1	170	223	120	262	227	129
NM_001179811.4	242	298	117	328	244	170
NM_001179812.1	130	145	73	161	151	73
NM_001179813.3	294	375	195	406	314	187
NM_001179814.1	786	1058	590	1176	1073	593
NM_001179815.3	770	942	458	1157	1035	504
NM_001179816.1	829	1016	589	991	884	498
NM_001179817.3	237	271	198	378	336	164
NM_001179818.2	856	984	508	1184	1002	542
NM_001179819.3	530	673	292	734	562	325
NM_001179820.1	341	445	262	611	538	302
NM_001179821.3	490	571	352	663	612	326
NM_001179824.1	0	1	1	2	2	1
NM_001179826.2	175	212	120	267	242	131
NM_001179827.3	191	196	119	203	186	112
NM_001179828.1	662	822	422	948	851	436
NM_001179829.3	180	165	104	213	193	119
NM_001179831.1	22	20	17	36	32	11
NM_001179832.3	18561	22067	9965	20107	17687	10144
NM_001179833.1	2767	3140	1706	3699	3453	1764
NM_001179834.3	117	145	65	114	116	70
NM_001179835.1	181	224	84	175	141	79
NM_001179836.3	241	215	134	328	307	179
NM_001179838.1	2745	3346	1635	4926	4189	2248
NM_001179839.3	124	114	84	180	162	93
NM_001179840.1	15	13	13	15	14	11
NM_001179841.3	69	106	67	139	120	65
NM_001179842.1	398	485	238	771	652	372
NM_001179843.3	15	17	9	7	16	6
NM_001179844.1	407	475	295	564	435	265
NM_001179845.3	221	264	158	266	207	140
NM_001179846.1	1559	1791	1042	2308	2105	1111
NM_001179847.3	11997	12122	5505	11255	10443	5001
NM_001179848.1	25	28	8	34	31	12
NM_001179849.3	44760	51529	26967	52254	46482	25131
NM_001179850.1	445	573	290	507	513	222
NM_001179851.3	24	49	23	34	41	24
NM_001179852.1	716	927	495	1168	899	478
NM_001179853.3	178	241	116	234	221	109
NM_001179854.1	181	192	134	245	236	98
NM_001179855.3	1022	1233	619	1041	913	500
NM_001179856.1	1044	1391	687	1695	1509	938
NM_001179857.3	590	736	413	920	780	439
NM_001179858.1	415	522	313	812	554	351
NM_001179859.3	40	50	23	75	48	31
NM_001179860.1	638	829	512	1003	873	545
NM_001179861.3	1731	2201	1123	2764	2345	1200
NM_001179862.1	848	1140	539	1303	995	650
NM_001179864.3	779	870	453	830	895	397
NM_001179865.1	102	123	67	166	160	98
NM_001179866.3	86	110	79	172	142	109
NM_001179867.1	354	433	187	451	418	238
NM_001179868.3	153	187	79	202	151	90
NM_001179869.1	435	524	295	602	488	275
NM_001179870.3	973	1106	514	1600	1514	645
NM_001179871.1	2154	2513	1546	2774	2448	1361
NM_001179872.3	1418	1757	1051	2086	2000	1071
NM_001179873.1	115	151	71	175	166	70
NM_001179874.3	1298	1509	982	2076	1919	949
NM_001179875.1	430	546	296	643	534	375
NM_001179876.3	298	335	161	408	402	236
NM_001179877.1	305	391	206	487	416	184
NM_001179878.3	562	738	395	708	686	408
NM_001179879.1	386	533	342	616	569	276
NM_001179880.4	606	795	326	778	610	359
NM_001179881.1	74	97	32	142	91	48
NM_001179882.3	4636	5675	2319	6496	5325	2845
NM_001179883.1	3516	5189	2367	5435	4805	2647
NM_001179884.3	32231	36537	16158	36568	34542	13796
NM_001179885.1	1289	1625	992	1169	874	414
NM_001179886.1	401	503	259	501	399	220
NM_001179887.3	13	13	17	21	21	10
NM_001179888.1	45	70	38	46	48	34
NM_001179889.3	379	417	243	379	316	194
NM_001179890.1	287	368	184	393	361	197
NM_001179891.3	108	147	88	142	131	71
NM_001179892.1	4	0	1	1	1	2
NM_001179893.3	6	0	4	3	2	5
NM_001179894.1	0	0	0	0	0	0
NM_001179895.3	3	3	2	4	5	4
NM_001179896.1	9	17	7	40	23	26
NM_001179897.1	5	3	2	2	0	1
NM_001179899.1	0	0	0	0	0	0
NM_001179900.1	0	0	0	0	0	0
NM_001179901.1	0	0	0	0	0	0
NM_001179902.1	0	0	0	0	0	0
NM_001179903.1	2	4	1	2	0	2
NM_001179905.1	356	473	220	511	450	223
NM_001179906.1	1	3	1	9	8	1
NM_001179907.1	52	40	10	47	38	14
NM_001179908.1	64	101	53	120	118	82
NM_001179909.1	8	7	11	17	30	12
NM_001179912.1	9	22	15	19	17	11
NM_001179913.1	58	79	38	70	54	35
NM_001179914.1	2	2	0	4	2	4
NM_001179915.1	5	3	4	14	8	2
NM_001179916.1	0	0	0	0	0	0
NM_001179917.1	21	9	5	15	17	5
NM_001179918.1	380	501	235	605	515	280
NM_001179919.1	1611	2087	956	2578	2270	1154
NM_001179920.1	350	510	330	612	519	307
NM_001179921.1	195	233	151	258	251	102
NM_001179922.1	8607	10361	5201	8489	7499	3601
NM_001179923.1	396	459	303	761	644	362
NM_001179924.1	362	364	213	468	385	271
NM_001179925.1	1287	1576	734	2029	1807	1068
NM_001179926.1	1	0	0	0	0	0
NM_001179927.1	38955	45067	24430	42069	38524	21474
NM_001179928.1	3364	3773	2136	4288	3952	2204
NM_001179929.1	5216	5956	3450	5744	5097	2989
NM_001179930.1	761	1067	528	1150	1046	607
NM_001179931.1	373	486	261	688	590	295
NM_001179932.2	476	595	269	695	530	304
NM_001179933.1	431	565	233	676	601	399
NM_001179935.1	85	102	59	77	75	40
NM_001179936.1	21	18	11	20	17	12
NM_001179937.1	207	207	151	322	297	154
NM_001179938.1	373	428	263	636	541	318
NM_001179939.1	121	163	98	237	185	115
NM_001179940.2	3773	5049	2675	6465	5701	3230
NM_001179941.1	340	468	235	430	359	183
NM_001179942.1	295	409	226	489	362	193
NM_001179943.1	672	896	433	1172	859	516
NM_001179944.2	6592	7896	4194	7025	6136	3372
NM_001179945.1	263	322	173	374	344	206
NM_001179946.1	1	2	5	6	8	3
NM_001179948.1	3240	4124	2302	5545	4696	2433
NM_001179949.1	342	465	266	486	375	255
NM_001179950.1	808	1029	624	1434	1336	664
NM_001179952.1	130	75	40	327	305	175
NM_001179953.1	623	772	362	956	716	414
NM_001179954.1	2	7	4	7	8	2
NM_001179955.1	3	1	5	5	5	1
NM_001179956.1	3123	3596	2062	2856	2614	1532
NM_001179957.1	838	1181	512	1252	944	616
NM_001179958.1	819	1172	545	1170	862	461
NM_001179959.1	1922	2464	1453	2626	2360	1341
NM_001179961.1	1803	2376	1232	3078	2676	1402
NM_001179962.1	4036	5141	2771	4988	4056	1951
NM_001179963.1	19	15	10	11	28	11
NM_001179964.1	578	665	396	731	622	354
NM_001179965.1	367	454	258	481	474	233
NM_001179966.1	679	926	518	790	670	316
NM_001179967.1	1235	1605	804	1989	1712	935
NM_001179968.1	345	361	241	559	496	309
NM_001179969.1	1694	2168	1243	3590	3219	1742
NM_001179970.1	400	473	227	553	519	274
NM_001179971.1	1637	2399	1199	3313	2831	1544
NM_001179972.1	128	168	104	230	193	122
NM_001179973.1	115	165	63	187	145	79
NM_001179974.1	3448	3987	2395	5525	4816	2743
NM_001179975.1	2158	2769	1480	4016	3409	1847
NM_001179976.1	297	421	264	675	558	277
NM_001179977.1	6	5	4	6	7	4
NM_001179978.1	581	736	417	742	635	387
NM_001179979.2	252	388	191	480	474	218
NM_001179980.1	137	201	83	216	181	93
NM_001179981.1	904	1304	488	1285	884	521
NM_001179982.1	41	36	11	54	45	21
NM_001179983.1	285	351	201	352	343	199
NM_001179984.2	504	700	328	705	574	377
NM_001179986.1	335	407	221	496	418	230
NM_001179987.3	35	42	25	38	39	17
NM_001179988.1	8	10	3	7	10	5
NM_001179990.1	300	376	243	437	405	231
NM_001179991.3	1	0	2	2	4	0
NM_001179992.1	92	127	89	161	148	80
NM_001179993.3	714	985	601	978	922	501
NM_001179994.1	188	204	110	219	228	144
NM_001179995.3	511	649	358	607	474	331
NM_001179996.2	231	347	180	371	278	141
NM_001179997.1	3	4	2	19	17	11
NM_001179998.3	172	293	130	302	297	142
NM_001179999.1	729	862	401	783	650	395
NM_001180000.3	2	3	2	2	2	1
NM_001180001.1	152	185	102	188	147	94
NM_001180002.3	1945	2441	1198	2508	2077	1153
NM_001180003.1	466	633	291	665	577	305
NM_001180004.3	365	426	225	406	340	226
NM_001180005.2	607	719	488	883	736	446
NM_001180006.3	339	472	345	378	326	212
NM_001180007.1	220	267	179	348	349	180
NM_001180008.3	159	163	66	171	154	73
NM_001180009.1	5656	6767	3874	9378	7815	4711
NM_001180010.3	95	150	77	159	113	66
NM_001180011.1	81	127	60	134	93	54
NM_001180012.3	686	894	508	964	922	495
NM_001180013.1	294	423	203	432	374	204
NM_001180014.3	418	507	255	508	434	213
NM_001180015.1	2302	2784	1598	3728	3399	1785
NM_001180016.3	2354	2817	1470	2784	2642	1488
NM_001180017.1	1859	2286	1300	3138	3029	1500
NM_001180018.3	798	1180	540	1501	1342	746
NM_001180021.1	1382	1777	821	2223	1914	1054
NM_001180022.3	0	0	0	0	0	0
NM_001180023.1	4	5	6	5	4	2
NM_001180024.1	0	0	0	0	0	0
NM_001180025.1	13952	17601	10525	17632	17498	11508
NM_001180026.1	1	0	0	0	0	0
NM_001180027.1	3368	4165	2079	5128	4041	1936
NM_001180028.3	244	248	119	345	283	90
NM_001180029.1	2524	3423	1530	3290	2998	1198
NM_001180030.3	51687	60740	31966	57351	51961	29488
NM_001180031.1	1464	1714	899	1868	1665	896
NM_001180032.3	1151	1356	746	1402	1142	647
NM_001180033.1	1978	2520	1471	2655	2377	1397
NM_001180034.1	52	58	33	58	45	41
NM_001180035.1	9	9	8	32	25	9
NM_001180036.1	16916	19696	10107	18737	16697	8777
NM_001180041.1	0	0	0	0	0	0
NM_001180042.1	0	0	1	1	0	0
NM_001180043.1	0	0	1	0	2	0
NM_001180045.1	101	80	61	51	36	40
NM_001180047.1	2418	3103	1368	3447	3415	1685
NM_001180048.2	2479	3144	1395	3477	3442	1709
NM_001180049.1	3	6	3	4	2	1
NM_001180050.2	13	27	16	16	18	12
NM_001180052.1	0	1	1	3	0	0
NM_001180053.1	0	0	0	0	0	0
NM_001180054.1	2	2	1	1	2	2
NM_001180055.1	115	103	68	73	55	34
NM_001180056.2	180	167	109	127	103	61
NM_001180057.1	28582	33557	16253	37125	33198	15726
NM_001180058.2	660	771	343	726	671	309
NM_001180059.1	727	880	486	1276	1040	531
NM_001180060.3	270	357	170	358	331	180
NM_001180061.3	282	382	199	381	309	158
NM_001180062.1	545	742	410	1049	848	507
NM_001180063.1	1419	1868	902	1715	1607	738
NM_001180064.3	411	473	298	493	389	234
NM_001180065.3	248	339	202	504	414	219
NM_001180066.1	2664	3670	1962	6169	5043	2781
NM_001180067.3	192	213	117	265	257	161
NM_001180069.1	263	432	189	290	245	128
NM_001180071.1	658	708	377	761	697	351
NM_001180072.3	219	264	143	359	269	170
NM_001180073.1	12242	14177	7617	14683	12964	6974
NM_001180074.1	3048	3929	2233	4350	3831	1972
NM_001180076.3	128	199	116	238	214	106
NM_001180077.1	327	368	220	371	314	155
NM_001180078.1	1092	1325	622	1339	1113	617
NM_001180079.3	942	1116	578	1512	1345	735
NM_001180080.1	78	93	54	53	59	28
NM_001180081.1	3287	4186	1912	5341	4571	2215
NM_001180083.1	9	13	12	15	16	6
NM_001180084.1	303	337	149	318	290	157
NM_001180086.1	105	142	99	171	151	73
NM_001180087.2	284	354	163	442	348	166
NM_001180088.1	2247	2812	1523	3390	2827	1572
NM_001180089.1	222	300	177	367	288	187
NM_001180090.2	2312	3012	1571	3015	2652	1428
NM_001180092.1	61	77	44	88	74	48
NM_001180094.1	354	478	228	433	376	222
NM_001180095.1	276	308	172	344	272	140
NM_001180096.1	0	0	1	1	3	0
NM_001180098.1	1	3	0	11	22	4
NM_001180099.1	3150	3829	2118	3709	3328	1727
NM_001180101.1	484	584	279	381	345	179
NM_001180102.1	316	430	237	395	306	145
NM_001180103.1	162	207	108	194	172	94
NM_001180104.1	268	302	175	361	290	173
NM_001180105.1	900	1122	623	1446	1229	665
NM_001180106.1	738	916	517	925	830	422
NM_001180107.1	52	103	41	64	54	32
NM_001180108.1	53	35	18	34	33	18
NM_001180110.1	2943	3622	1915	3415	2936	1614
NM_001180111.1	1136	1309	737	1139	938	605
NM_001180112.1	596	655	353	637	570	274
NM_001180113.1	335	421	247	539	426	238
NM_001180114.1	25670	29975	15667	28834	26739	14009
NM_001180115.1	444	478	289	520	435	248
NM_001180116.1	127	155	83	178	163	75
NM_001180117.1	1695	2231	1184	2781	1897	1113
NM_001180118.1	60	61	43	53	45	32
NM_001180119.1	1454	1764	1114	2148	1969	1024
NM_001180120.1	7697	8937	3889	8094	7867	3379
NM_001180122.1	946	1179	702	1191	1136	621
NM_001180123.1	984	1183	626	1169	1056	476
NM_001180124.1	540	735	417	1047	841	422
NM_001180125.1	4375	4929	2734	6107	5500	2776
NM_001180126.1	290	406	249	446	402	247
NM_001180128.1	45	63	37	72	72	24
NM_001180129.1	1372	1802	779	2520	2018	1118
NM_001180131.1	1182	1492	801	1674	1627	894
NM_001180132.1	238	300	177	345	274	188
NM_001180133.1	1016	1141	583	990	780	480
NM_001180134.1	21305	25123	12787	24931	21203	12008
NM_001180135.1	298	331	195	398	351	158
NM_001180136.1	334	388	256	478	398	215
NM_001180137.1	1628	1992	1067	2269	2126	1054
NM_001180138.1	7	1	1	5	3	2
NM_001180139.1	119	150	69	155	145	86
NM_001180140.1	13534	16902	7999	16850	14686	6989
NM_001180141.1	27440	31523	14211	30789	26881	12455
NM_001180142.1	22448	25573	13010	23307	21320	10848
NM_001180143.1	12782	16118	7905	16166	13978	7361
NM_001180144.1	8	5	4	9	8	4
NM_001180145.1	924	1036	581	1319	1220	668
NM_001180146.1	157	152	72	195	154	77
NM_001180147.1	598	773	387	1046	894	434
NM_001180148.1	204	271	142	325	299	144
NM_001180149.1	289	304	171	332	299	148
NM_001180150.1	138	176	110	193	157	90
NM_001180151.1	715	829	488	955	825	378
NM_001180152.1	625	807	462	807	678	328
NM_001180154.1	5881	7178	3746	6768	5471	3181
NM_001180156.1	3237	3817	2114	6457	5669	3012
NM_001180157.1	148	188	112	194	181	97
NM_001180158.1	779	980	480	872	687	400
NM_001180159.1	4371	5507	3095	6689	5904	3229
NM_001180160.1	395	478	241	503	417	240
NM_001180161.2	1285	1605	808	1835	1561	830
NM_001180162.1	1543	1961	975	2108	1856	917
NM_001180163.1	49	64	44	76	60	40
NM_001180164.1	110	140	103	136	118	64
NM_001180165.1	388	509	273	582	506	297
NM_001180166.1	86	99	70	130	111	59
NM_001180167.1	322	318	164	355	319	168
NM_001180168.1	22	26	9	17	18	15
NM_001180169.1	190	176	113	233	232	112
NM_001180170.1	670	778	472	990	949	520
NM_001180171.1	1751	2179	1212	2262	2015	1115
NM_001180172.1	282	371	164	405	325	157
NM_001180173.1	4	0	0	1	3	0
NM_001180174.1	256	300	141	456	310	201
NM_001180175.1	710	975	533	1022	849	439
NM_001180176.1	522	668	371	778	690	391
NM_001180178.1	123	131	77	205	159	78
NM_001180179.1	465	610	397	839	816	443
NM_001180180.1	559	732	405	688	637	371
NM_001180181.1	934	1225	782	1280	1045	650
NM_001180182.1	165	191	101	207	196	138
NM_001180183.1	1994	2585	1516	3839	3303	1960
NM_001180184.1	3146	3587	2235	4375	4039	2243
NM_001180185.1	18774	23208	13087	31669	26931	15363
NM_001180186.1	217	300	176	282	252	134
NM_001180187.1	1303	1717	830	1591	1293	817
NM_001180188.1	119	159	63	110	99	57
NM_001180189.1	15553	17275	9812	16585	14948	9166
NM_001180190.1	6708	7775	3933	12875	10839	5987
NM_001180191.1	1103	1564	856	2221	1908	1075
NM_001180192.1	214	262	140	246	234	127
NM_001180193.1	1223	1533	746	1669	1410	838
NM_001180194.1	4178	4951	2266	5968	4261	2293
NM_001180195.1	1026	1304	626	1529	1201	617
NM_001180196.2	25510	30260	13412	32943	28628	12883
NM_001180197.1	2282	2778	1634	2859	2683	1449
NM_001180198.1	65	73	43	72	71	33
NM_001180199.1	52	87	61	99	108	64
NM_001180200.1	7138	8202	4950	9618	8003	4723
NM_001180201.1	780	1042	602	1101	1018	546
NM_001180202.1	139	182	99	199	192	107
NM_001180203.1	4319	4953	2810	6349	5401	3328
NM_001180204.1	341	468	288	606	541	342
NM_001180205.1	6589	7867	5017	8956	8302	4635
NM_001180206.1	124	170	79	171	137	71
NM_001180207.1	2960	3895	2180	3382	2891	1461
NM_001180208.1	1919	2600	1332	2967	2435	1278
NM_001180209.1	109	146	80	190	145	86
NM_001180210.1	805	921	418	1017	775	426
NM_001180213.1	1562	2169	1005	1958	1492	848
NM_001180214.1	8	10	3	8	6	4
NM_001180215.1	354	430	246	477	401	248
NM_001180216.1	172	237	141	270	246	103
NM_001180217.1	725	919	486	1230	1084	578
NM_001180219.1	262	363	162	392	343	167
NM_001180220.1	5435	6727	3459	7417	6715	3411
NM_001180221.1	979	1238	605	1178	1072	540
NM_001180224.1	764	909	496	1031	910	486
NM_001180225.1	566	569	371	834	742	390
NM_001180226.1	622	745	416	796	777	370
NM_001180227.1	883	1110	598	1091	941	496
NM_001180228.1	2526	3366	1846	4792	4064	2218
NM_001180229.1	12	13	6	18	16	6
NM_001180230.1	141	165	76	239	207	105
NM_001180231.1	6565	8123	4634	8653	7404	4232
NM_001180233.1	876	1036	566	1253	1048	571
NM_001180234.1	430	509	337	731	710	388
NM_001180235.1	291	347	199	480	380	192
NM_001180236.1	123	152	97	154	143	81
NM_001180237.1	61	80	41	101	78	55
NM_001180238.1	889	1041	619	964	892	410
NM_001180239.1	266	328	221	385	315	184
NM_001180240.1	178	266	151	289	214	148
NM_001180241.1	105	177	64	205	179	74
NM_001180242.1	8427	9330	4939	16575	14143	7688
NM_001180243.1	51	85	24	55	62	40
NM_001180244.1	4178	4951	2266	5968	4261	2293
NM_001180245.1	32818	39558	21811	40656	33879	20140
NM_001180246.1	0	0	0	1	1	1
NM_001180248.1	1192	1395	724	1604	1325	790
NM_001180249.1	467	617	333	802	771	405
NM_001180250.2	1304	1629	869	1917	1651	926
NM_001180251.2	24654	29340	12899	32055	27534	12467
NM_001180252.1	6952	8796	4911	9332	8329	4645
NM_001180253.1	759	887	431	712	655	327
NM_001180254.1	48	60	40	70	67	33
NM_001180255.2	7377	9275	4319	12529	9849	5892
NM_001180257.1	61	103	52	83	64	42
NM_001180258.1	693	898	433	1095	920	483
NM_001180259.1	78	99	51	91	86	39
NM_001180260.1	99	132	68	158	106	51
NM_001180261.1	1092	1282	667	835	694	422
NM_001180262.1	295	431	243	446	400	210
NM_001180263.1	306	452	233	395	371	206
NM_001180264.1	23	17	6	37	23	19
NM_001180265.1	762	871	454	739	735	387
NM_001180266.1	59	84	45	52	44	21
NM_001180267.1	341	374	184	423	323	168
NM_001180268.1	2741	3236	1706	2879	2479	1331
NM_001180269.1	142	181	113	194	179	135
NM_001180270.1	11	25	15	20	23	9
NM_001180271.1	55	74	35	62	61	42
NM_001180272.1	1471	2036	1049	2130	1815	1056
NM_001180273.1	1006	1234	657	859	755	380
NM_001180274.1	2	8	3	5	3	4
NM_001180275.1	456	566	317	799	680	335
NM_001180276.1	94	113	56	102	98	60
NM_001180277.1	310	360	211	457	423	234
NM_001180278.1	3	3	1	0	2	1
NM_001180279.1	477	548	329	816	597	270
NM_001180280.1	130	164	95	215	180	98
NM_001180282.1	10	13	5	11	12	4
NM_001180283.1	56	79	44	106	95	60
NM_001180284.1	695	833	393	997	782	444
NM_001180285.1	1220	1499	722	1492	1247	550
NM_001180286.1	2463	3050	1576	3799	3296	1666
NM_001180287.1	1249	1554	865	1355	1129	597
NM_001180289.1	119577	139361	66381	132779	112145	63255
NM_001180290.1	202	254	136	324	299	173
NM_001180291.1	26	53	21	47	30	26
NM_001180292.1	254	219	93	202	186	75
NM_001180293.1	241	293	147	369	296	145
NM_001180294.1	282	368	173	410	381	166
NM_001180295.1	525	714	369	962	825	374
NM_001180296.1	1581	1808	956	2417	2216	1201
NM_001180297.2	707	960	516	910	791	471
NM_001180298.1	56	71	22	78	58	26
NM_001180299.2	8	3	2	6	4	1
NM_001180300.2	348	389	205	378	375	209
NM_001180301.1	203	225	103	203	137	68
NM_001180303.1	6	5	5	19	16	10
NM_001180304.1	7	6	7	11	10	10
NM_001180305.1	0	2	0	1	0	0
NM_001180306.1	23	38	19	35	48	19
NM_001180307.1	10	4	7	7	4	1
NM_001180308.1	172	203	110	246	192	107
NM_001180309.1	837	1116	619	1751	1578	861
NM_001180310.1	6314	7834	3885	8922	6994	4077
NM_001180311.3	159	211	120	233	249	123
NM_001180312.1	114	101	107	144	117	78
NM_001180313.1	274	300	157	351	304	161
NM_001180314.3	548	773	352	845	706	399
NM_001180315.3	277	371	217	428	379	206
NM_001180317.1	17	21	12	11	18	6
NM_001180319.1	7286	10120	5562	12064	9704	5540
NM_001180320.3	80994	93367	42376	83729	74293	37533
NM_001180321.3	145	219	117	241	198	106
NM_001180322.1	101	156	84	199	121	72
NM_001180324.3	147	191	120	206	202	79
NM_001180325.3	773	942	418	1012	747	423
NM_001180326.1	9	12	0	3	0	3
NM_001180327.1	727	824	375	1086	1140	474
NM_001180328.3	154	174	138	263	217	129
NM_001180329.3	239	335	171	411	350	184
NM_001180330.1	65	75	50	90	73	49
NM_001180331.1	12600	16074	7911	14999	12396	6326
NM_001180333.3	30538	34920	17501	31016	28427	15029
NM_001180334.3	220	319	138	399	273	168
NM_001180335.1	330	438	215	495	448	198
NM_001180336.1	1540	2069	833	2690	1927	1243
NM_001180338.3	46	56	43	65	77	41
NM_001180339.3	128	139	75	160	138	45
NM_001180340.1	1890	2338	1349	2892	2733	1544
NM_001180341.1	14730	18735	9630	10509	9653	4526
NM_001180342.3	457	517	276	636	525	297
NM_001180343.3	1948	2371	1411	3354	2821	1731
NM_001180344.1	717	858	521	971	869	491
NM_001180345.1	17956	21368	11239	25200	22639	11585
NM_001180346.3	2283	3034	1630	3266	2618	1542
NM_001180347.3	2367	3120	1674	3339	2701	1589
NM_001180348.1	2022	2730	1447	2933	2371	1412
NM_001180349.1	342	404	206	426	379	231
NM_001180350.3	9	16	9	6	12	4
NM_001180351.3	141	142	58	155	116	48
NM_001180352.1	1069	1125	688	1255	1172	646
NM_001180353.1	420	494	281	547	493	263
NM_001180354.3	1576	2081	1039	1898	1575	963
NM_001180355.3	647	786	440	841	700	448
NM_001180357.1	514	612	328	629	595	277
NM_001180358.1	61310	69344	39182	77733	70389	41105
NM_001180359.3	410	539	306	630	485	243
NM_001180360.3	355	498	302	486	412	267
NM_001180362.1	951	1080	636	1120	1047	560
NM_001180363.1	1944	2571	1211	3462	3058	1557
NM_001180364.3	803	1036	559	1486	1294	674
NM_001180365.3	328	438	253	549	487	251
NM_001180366.1	65	69	31	108	93	40
NM_001180367.1	175	173	108	250	247	100
NM_001180368.3	3429	4362	2309	4542	3884	2056
NM_001180369.3	335	513	267	448	445	241
NM_001180370.1	2110	2796	1409	2959	2496	1353
NM_001180371.1	487	588	313	639	561	306
NM_001180372.3	37145	42868	21626	42150	38915	17964
NM_001180373.3	74	102	49	95	89	48
NM_001180374.1	45	73	51	72	54	37
NM_001180375.1	127	175	101	174	161	74
NM_001180376.3	340	461	236	475	403	223
NM_001180377.3	283	337	190	395	314	170
NM_001180378.1	8	5	5	23	16	11
NM_001180379.1	1969	2477	1431	3378	2853	1416
NM_001180380.3	681	739	450	1050	852	530
NM_001180381.3	115	150	109	176	140	72
NM_001180382.1	1261	1769	847	2485	1982	1061
NM_001180383.1	273	312	160	345	332	156
NM_001180384.3	36	58	47	55	51	30
NM_001180385.3	19651	27178	11309	30925	29233	16970
NM_001180386.1	43	55	14	38	27	17
NM_001180387.1	131	157	98	162	174	84
NM_001180388.3	468	652	313	801	627	339
NM_001180389.1	462	538	284	699	564	324
NM_001180390.1	11	17	11	26	19	11
NM_001180391.3	787	1157	609	1083	937	516
NM_001180392.3	503	675	373	682	616	310
NM_001180393.1	49	81	25	69	57	33
NM_001180394.1	2374	2836	1483	2716	2471	1100
NM_001180395.3	948	1182	702	1474	1294	698
NM_001180396.3	197	256	118	337	262	168
NM_001180397.1	714	900	475	743	711	322
NM_001180398.1	228	310	164	303	274	151
NM_001180399.3	3719	4766	2490	4123	3722	2009
NM_001180400.3	1028	1052	662	1312	1083	684
NM_001180401.1	1139	1496	834	1168	881	584
NM_001180404.1	353	479	209	510	409	181
NM_001180405.3	1205	1647	864	1827	1641	827
NM_001180406.4	2151	2588	1304	2586	2194	944
NM_001180407.3	6286	7831	4048	8888	7530	3900
NM_001180408.3	498	634	322	728	724	317
NM_001180409.1	2375	2796	1616	2563	2303	1341
NM_001180411.1	557	688	377	836	755	374
NM_001180412.3	86	123	80	119	134	53
NM_001180413.3	431	577	340	707	631	365
NM_001180414.1	18	21	12	32	28	8
NM_001180415.1	413	513	308	570	548	285
NM_001180416.3	218	298	172	322	295	172
NM_001180417.3	192	175	118	273	233	122
NM_001180418.1	387	441	317	515	455	270
NM_001180419.1	354	393	219	315	242	155
NM_001180421.3	354	473	236	394	299	149
NM_001180422.3	0	0	0	0	1	0
NM_001180423.1	333	324	191	338	320	171
NM_001180424.1	380	467	267	498	398	248
NM_001180425.3	806	1012	567	1087	942	486
NM_001180426.3	156	189	92	220	184	127
NM_001180427.1	2187	2781	1402	3402	2890	1419
NM_001180428.3	1549	1904	1221	2209	1874	1057
NM_001180429.3	360	383	221	476	395	217
NM_001180430.1	734	1036	448	967	749	429
NM_001180431.1	137	137	77	124	118	76
NM_001180432.3	4	5	6	3	6	1
NM_001180433.3	53	32	29	37	42	30
NM_001180434.1	45	70	43	44	58	36
NM_001180435.1	6997	8294	4667	8736	7378	4269
NM_001180436.3	315	349	228	425	340	207
NM_001180437.3	6385	7972	4049	12555	10042	5736
NM_001180438.1	185	233	162	301	220	108
NM_001180439.1	117	103	48	134	126	74
NM_001180440.3	123	154	102	159	126	75
NM_001180442.3	2969	3891	2280	5201	4199	2627
NM_001180444.1	282	294	160	373	265	131
NM_001180445.1	379	493	284	575	480	270
NM_001180446.3	277	345	202	484	435	182
NM_001180447.3	208	282	168	334	260	160
NM_001180448.1	1080	1446	734	1556	1286	738
NM_001180449.1	92	109	76	137	122	70
NM_001180450.3	591	699	353	785	667	409
NM_001180451.3	1630	1982	1037	1564	1290	769
NM_001180452.1	972	1285	585	1204	1001	568
NM_001180453.1	941	1245	597	1337	1036	608
NM_001180454.3	288	395	220	432	373	190
NM_001180455.3	1865	2466	1009	2816	2497	1274
NM_001180457.1	2114	2663	1643	2457	1954	969
NM_001180458.1	545	668	302	845	643	324
NM_001180459.3	850	1109	586	949	842	463
NM_001180460.3	874	998	553	835	691	411
NM_001180462.1	22395	25571	15038	27472	26109	13913
NM_001180463.1	739	886	494	814	820	436
NM_001180465.3	8207	9549	5342	11478	10411	5888
NM_001180466.3	385	475	242	565	452	234
NM_001180467.1	67	90	46	79	81	50
NM_001180468.1	1331	1757	896	1950	1664	857
NM_001180469.3	264	322	200	429	340	210
NM_001180470.3	151	192	105	219	150	97
NM_001180471.1	475	534	284	583	492	271
NM_001180472.1	1464	1838	1032	1872	1757	851
NM_001180473.3	506	684	354	707	610	329
NM_001180474.3	440	566	259	748	726	363
NM_001180475.1	2583	3151	1541	4487	3618	1891
NM_001180476.1	433	527	249	606	498	293
NM_001180477.3	5180	6876	2903	5663	4318	2573
NM_001180478.1	288	356	192	571	477	195
NM_001180479.3	9513	11482	5481	13786	11977	6472
NM_001180480.3	202	203	105	248	215	106
NM_001180481.1	1868	2213	1267	2289	2071	1214
NM_001180482.1	432	556	309	672	538	311
NM_001180483.3	364	475	235	631	448	242
NM_001180484.3	1490	1613	997	1923	1833	1010
NM_001180485.1	373	527	261	511	440	244
NM_001180486.1	102	112	64	142	122	57
NM_001180487.3	84	131	56	144	120	75
NM_001180488.3	426	649	281	688	514	298
NM_001180489.1	166	190	93	213	174	100
NM_001180490.1	762	953	605	1153	975	638
NM_001180491.3	164	224	124	238	194	115
NM_001180492.1	393	460	284	523	402	245
NM_001180493.1	43	59	24	59	40	20
NM_001180494.3	645	829	436	857	801	421
NM_001180496.3	4265	5039	2713	6953	5863	3530
NM_001180497.1	1391	1613	772	1358	1140	573
NM_001180498.1	2430	3098	1622	3543	2824	1699
NM_001180499.3	88	144	80	123	152	70
NM_001180500.3	498	630	294	752	632	344
NM_001180502.1	1436	1784	1124	2264	2076	1227
NM_001180503.3	437	565	301	641	507	257
NM_001180504.3	266	381	207	410	373	171
NM_001180505.1	135	194	105	201	155	103
NM_001180506.1	164	190	125	219	168	90
NM_001180508.3	251	337	144	286	211	103
NM_001180509.3	195	251	140	233	209	100
NM_001180510.1	203	234	151	265	266	137
NM_001180512.1	267	358	198	394	371	221
NM_001180513.3	378	497	275	539	463	236
NM_001180514.3	376	466	301	505	434	266
NM_001180515.1	495	646	283	594	481	291
NM_001180516.1	791	1100	466	1215	935	568
NM_001180518.3	859	1052	595	1326	1128	549
NM_001180519.3	2247	2628	1602	3942	3598	1818
NM_001180520.1	4442	5846	3061	7410	6162	3701
NM_001180521.1	380	536	220	445	386	194
NM_001180522.3	2452	3180	1851	3835	3079	1602
NM_001180524.3	242	296	130	551	553	292
NM_001180525.1	545	751	291	863	610	324
NM_001180526.1	0	4	2	13	9	3
NM_001180527.3	296	379	232	488	381	202
NM_001180529.3	601	784	432	774	620	345
NM_001180530.1	301	493	286	475	422	186
NM_001180531.1	11	11	4	11	6	8
NM_001180532.3	7105	8469	4311	9462	8678	3883
NM_001180533.3	7751	9263	4793	10740	9633	4754
NM_001180534.1	11624	13916	6419	14692	12751	6271
NM_001180535.1	429	615	255	643	448	274
NM_001180536.3	398	552	306	521	467	226
NM_001180537.3	350	428	218	424	369	177
NM_001180539.1	157	236	98	261	240	145
NM_001180540.1	2285	2691	1429	2364	2158	1243
NM_001180541.3	6337	7704	4005	6162	5569	2923
NM_001180542.3	1642	1882	966	2754	2331	1397
NM_001180543.1	225	252	152	300	257	125
NM_001180544.1	228	253	158	254	192	111
NM_001180545.3	395	520	257	523	478	204
NM_001180546.3	5235	6693	3460	6498	5435	2892
NM_001180547.1	410	559	270	592	439	301
NM_001180548.1	272	275	178	289	264	144
NM_001180550.3	16	19	4	10	9	6
NM_001180551.3	307	345	216	492	463	232
NM_001180552.1	473	624	284	684	472	309
NM_001180553.1	1014	1217	614	1369	1164	623
NM_001180554.3	251	282	174	346	367	204
NM_001180555.1	105	134	102	156	143	67
NM_001180556.1	183	273	169	193	185	101
NM_001180557.3	91	63	66	84	72	45
NM_001180559.3	658	859	451	696	626	351
NM_001180560.1	118	151	80	160	154	63
NM_001180561.1	9	18	8	15	9	5
NM_001180562.3	87	128	84	121	122	68
NM_001180563.3	75	108	60	129	93	39
NM_001180564.1	0	1	3	4	2	4
NM_001180565.1	497	541	323	650	540	288
NM_001180566.3	1646	1994	1145	4108	3347	1486
NM_001180567.3	35	42	22	24	29	18
NM_001180568.1	161	211	133	274	239	105
NM_001180569.1	882	1082	570	1315	1106	562
NM_001180570.3	336	425	238	484	390	262
NM_001180571.3	13	10	7	9	5	5
NM_001180572.1	2455	2676	1397	2817	2273	1352
NM_001180573.1	64	93	60	120	130	68
NM_001180574.3	1128	1400	746	1311	1241	575
NM_001180575.3	310	370	202	496	391	243
NM_001180576.1	217	283	160	209	192	89
NM_001180578.1	604	638	350	817	704	356
NM_001180580.3	969	1238	632	1250	1074	589
NM_001180581.3	14	25	12	19	18	15
NM_001180583.1	34	37	28	41	33	16
NM_001180584.1	2098	2530	1310	2600	2399	1103
NM_001180585.3	57	143	61	97	90	58
NM_001180587.3	293	386	210	303	239	140
NM_001180588.1	594	802	403	924	815	461
NM_001180589.1	79	83	52	55	34	11
NM_001180590.3	107	119	61	96	122	53
NM_001180591.3	586	777	395	902	683	355
NM_001180592.1	640	740	419	956	942	452
NM_001180593.1	41	58	25	53	43	26
NM_001180594.3	103	132	92	177	159	100
NM_001180595.3	193	276	145	238	230	109
NM_001180596.1	116	155	90	166	139	82
NM_001180597.1	389	438	258	410	363	198
NM_001180599.3	254	324	189	385	353	214
NM_001180600.3	982	1207	685	1190	988	524
NM_001180601.1	2477	3046	1664	3907	3367	1871
NM_001180602.1	1012	1213	618	1608	1444	808
NM_001180603.3	287	328	234	401	299	217
NM_001180604.3	347	411	244	437	370	234
NM_001180605.1	1030	1289	703	1174	991	551
NM_001180606.1	1324	1724	921	2065	1742	786
NM_001180607.3	1072	1484	685	1745	1349	734
NM_001180608.3	1206	1470	822	1652	1451	785
NM_001180609.1	752	1018	558	1263	1057	594
NM_001180610.1	442	554	352	569	541	267
NM_001180611.3	929	1235	620	1202	1019	508
NM_001180612.3	2312	2886	1687	3101	2733	1652
NM_001180613.1	243	280	158	195	201	103
NM_001180614.1	190	202	119	337	242	131
NM_001180615.3	576	697	404	795	669	329
NM_001180616.3	208	324	186	315	291	138
NM_001180617.1	1275	1587	803	1783	1544	822
NM_001180618.1	521	704	339	732	543	332
NM_001180619.3	455	606	284	718	597	313
NM_001180620.3	791	851	509	809	723	388
NM_001180621.1	76	156	61	179	177	69
NM_001180622.1	46	39	33	46	47	21
NM_001180623.3	49	70	39	70	60	31
NM_001180624.3	151	170	127	205	173	87
NM_001180625.3	31	47	28	32	30	21
NM_001180626.3	70	108	74	106	82	39
NM_001180627.1	119	164	96	176	164	57
NM_001180628.1	625	925	441	1054	746	427
NM_001180629.3	4816	5631	2921	5700	4714	2677
NM_001180630.1	388	523	321	635	545	303
NM_001180631.3	74	104	56	107	112	49
NM_001180632.3	1984	2428	1523	2955	2587	1454
NM_001180633.1	296	378	230	509	394	225
NM_001180634.1	915	1215	712	1228	1098	560
NM_001180636.3	1515	1733	835	1721	1536	755
NM_001180637.3	298	344	196	451	409	208
NM_001180638.1	492	526	251	692	506	318
NM_001180639.1	665	845	513	921	927	485
NM_001180640.3	40	70	50	70	75	45
NM_001180641.3	794	909	518	1094	1024	446
NM_001180642.1	283	381	242	494	405	209
NM_001180643.1	1264	1577	865	2080	1733	1036
NM_001180644.3	87	100	63	121	134	59
NM_001180645.3	352	438	285	520	413	248
NM_001180646.1	262	265	133	286	244	129
NM_001180647.1	631	711	459	890	826	437
NM_001180649.3	7881	9536	5017	8797	8002	4362
NM_001180650.3	2552	3236	1536	3759	3111	1900
NM_001180651.1	2514	3182	1525	3707	3059	1871
NM_001180653.1	8894	10010	6160	9576	7578	5401
NM_001180654.3	2526	2933	1734	3377	2773	1532
NM_001180655.3	334	458	275	545	448	265
NM_001180656.1	1005	1257	593	1252	1036	584
NM_001180657.1	521	697	375	626	600	327
NM_001180658.4	78	102	53	95	115	56
NM_001180659.3	568	712	374	790	693	367
NM_001180660.1	362	464	219	470	430	238
NM_001180661.1	7389	8947	4555	9086	7693	4674
NM_001180662.3	734	823	452	1118	989	553
NM_001180664.3	546	750	326	822	564	293
NM_001180665.1	114	185	101	173	148	89
NM_001180666.1	403	451	247	427	372	167
NM_001180667.3	273	340	180	393	318	180
NM_001180669.3	1228	1549	852	2028	1783	928
NM_001180670.1	278	294	185	392	329	200
NM_001180671.1	149	166	79	213	171	85
NM_001180672.3	177	238	131	286	270	133
NM_001180673.1	1609	2101	1083	2847	2288	1217
NM_001180674.3	1	1	0	3	5	3
NM_001180675.1	405	522	308	512	482	242
NM_001180676.1	2102	2672	1545	3354	2866	1532
NM_001180677.3	159	214	134	274	239	125
NM_001180678.3	137	184	118	232	182	123
NM_001180679.1	155	233	190	339	264	157
NM_001180680.1	1251	1431	885	1779	1653	789
NM_001180681.3	525	681	428	763	719	447
NM_001180682.3	1	3	4	9	11	5
NM_001180683.1	198	240	142	203	188	99
NM_001180684.3	324	408	245	427	345	217
NM_001180685.3	782	1016	459	1113	1132	488
NM_001180686.1	707	867	492	939	813	478
NM_001180687.1	311	447	146	435	309	208
NM_001180688.3	521	845	383	2113	1799	928
NM_001180689.1	4391	5437	2782	5766	4965	2613
NM_001180690.3	15723	18597	9263	15688	14201	7503
NM_001180691.3	64	67	45	91	62	44
NM_001180692.1	2023	2515	1256	2884	2431	1450
NM_001180693.1	156355	178976	87648	162065	142303	77273
NM_001180694.3	116	136	78	142	173	91
NM_001180695.3	89	117	51	88	83	40
NM_001180696.1	2629	3129	1749	3371	2864	1607
NM_001180697.1	563	723	402	619	594	318
NM_001180698.3	628	795	451	1116	1042	566
NM_001180699.3	144	185	125	253	236	136
NM_001180700.1	196	274	160	210	202	114
NM_001180701.1	90	125	97	167	162	73
NM_001180702.3	2141	2641	1406	4425	3941	1956
NM_001180703.3	3287	4228	2071	4484	3811	2131
NM_001180705.1	448	537	287	479	445	231
NM_001180706.1	1613	1889	1010	2110	1729	1064
NM_001180707.3	2183	2644	1256	2035	1957	826
NM_001180708.3	487	581	366	524	507	310
NM_001180710.1	0	1	0	3	0	3
NM_001180711.1	15	19	12	18	24	12
NM_001180712.3	510	692	395	685	544	338
NM_001180713.3	232	312	163	374	307	199
NM_001180714.1	386	261	388	515	301	406
NM_001180715.1	502	634	346	740	583	350
NM_001180716.3	845	965	498	781	790	357
NM_001180717.3	236	336	150	314	331	152
NM_001180718.1	354	474	214	445	369	243
NM_001180719.1	516	604	382	792	659	422
NM_001180720.3	614	830	432	928	792	349
NM_001180722.4	185	290	175	237	240	118
NM_001180723.1	378	489	278	577	469	259
NM_001180724.1	272	378	204	450	291	188
NM_001180726.3	27826	33970	16859	33499	29224	15761
NM_001180727.3	137	213	111	199	122	101
NM_001180728.1	279	393	140	407	310	160
NM_001180729.1	105	194	100	189	228	123
NM_001180730.3	521	653	375	623	565	327
NM_001180731.3	346	409	181	485	415	236
NM_001180732.1	337	445	214	360	295	175
NM_001180733.1	203	303	155	293	286	127
NM_001180735.3	1999	2699	1443	3268	2882	1436
NM_001180736.3	323	361	239	372	319	179
NM_001180737.1	3929	5191	2438	4785	3588	2064
NM_001180738.1	712	879	564	1188	1003	630
NM_001180740.3	10447	12339	5372	12970	10201	6173
NM_001180742.3	979	1164	697	1229	1075	709
NM_001180743.1	205	276	157	305	302	172
NM_001180744.1	196	229	154	257	234	166
NM_001180745.3	65	46	44	63	64	52
NM_001180746.3	2	0	1	2	3	1
NM_001180747.1	126	162	76	144	111	65
NM_001180748.1	243	310	174	364	295	187
NM_001180749.3	219	312	181	225	209	118
NM_001180751.3	261	321	166	353	291	185
NM_001180752.1	144	151	85	197	177	116
NM_001180754.1	1	4	3	1	1	1
NM_001180755.3	21222	25332	11864	26438	23252	10136
NM_001180756.3	362	354	183	358	356	179
NM_001180757.1	646	885	548	1203	1058	546
NM_001180758.1	27086	31173	15459	29969	27302	12913
NM_001180759.3	716	870	381	988	831	379
NM_001180760.3	810	1117	619	1050	909	545
NM_001180761.1	105	104	54	63	72	49
NM_001180762.1	4235	5147	2681	5347	4677	2447
NM_001180764.3	755	885	529	1000	777	485
NM_001180765.3	3169	3771	2489	3877	3270	2055
NM_001180766.1	486	584	335	607	466	232
NM_001180767.1	33	53	36	65	59	36
NM_001180768.3	271	376	161	424	361	189
NM_001180769.3	370	646	279	944	816	413
NM_001180770.1	351	448	215	396	339	201
NM_001180771.3	1004	1297	731	1471	1286	676
NM_001180772.3	567	761	349	818	583	371
NM_001180773.1	955	1134	679	1389	1204	655
NM_001180774.1	300	376	206	411	430	205
NM_001180776.3	426	492	274	586	452	240
NM_001180777.3	258	330	142	327	271	124
NM_001180778.2	293	335	200	429	365	197
NM_001180779.1	10187	12014	5721	9615	8906	4334
NM_001180780.3	338	437	269	733	670	300
NM_001180781.3	204	236	143	255	214	110
NM_001180783.1	167	208	95	200	170	108
NM_001180784.1	639	701	383	760	705	438
NM_001180785.3	1439	1679	1020	1988	1805	856
NM_001180786.3	122	148	98	169	194	80
NM_001180787.1	184	203	114	228	157	97
NM_001180788.1	196	253	141	375	304	138
NM_001180789.3	1926	2080	1295	1779	1531	851
NM_001180790.3	98	159	76	145	148	69
NM_001180791.1	3054	3743	1857	3718	3261	1649
NM_001180792.1	220	332	185	339	275	152
NM_001180793.3	313	386	193	505	401	234
NM_001180794.3	454	595	307	620	543	305
NM_001180795.1	1377	1668	941	2407	2214	1239
NM_001180796.1	128	152	79	176	137	70
NM_001180797.3	219	260	118	263	243	125
NM_001180798.3	356	440	210	556	385	231
NM_001180800.1	577	794	363	778	727	393
NM_001180801.1	155	221	111	236	227	107
NM_001180802.3	384	428	276	445	396	217
NM_001180803.3	251	336	179	413	308	171
NM_001180804.1	2677	3358	1780	3649	3155	1675
NM_001180805.1	2294	2652	1478	3054	2672	1599
NM_001180806.3	253	316	170	276	217	110
NM_001180807.3	132	166	76	180	136	83
NM_001180808.1	14525	16413	7198	15968	14307	5907
NM_001180809.1	176	220	94	175	146	102
NM_001180810.3	3789	4617	2377	3797	3108	1729
NM_001180811.3	228	243	145	263	237	119
NM_001180812.1	2	7	5	3	3	3
NM_001180813.2	894	1108	534	1026	896	444
NM_001180814.3	159	199	111	197	157	96
NM_001180815.3	1758	2387	1238	2371	1846	968
NM_001180816.1	4574	5584	2932	5216	4460	2539
NM_001180818.1	2616	2982	1613	3212	2682	1442
NM_001180819.3	181	224	101	201	198	132
NM_001180820.3	337	463	254	621	571	270
NM_001180821.1	1523	1718	1009	2106	1952	1073
NM_001180822.1	297	341	195	401	360	185
NM_001180823.3	335	419	275	605	575	311
NM_001180824.3	842	1052	610	1229	1107	670
NM_001180825.1	691	818	475	1005	925	555
NM_001180826.1	1284	1528	852	1216	1130	588
NM_001180827.3	596	772	391	773	643	336
NM_001180828.3	214	258	153	272	266	131
NM_001180830.1	3	3	1	2	2	1
NM_001180831.1	0	4	2	5	0	1
NM_001180832.3	209	287	168	343	257	168
NM_001180835.4	596	759	377	917	721	379
NM_001180836.3	221	327	162	371	333	170
NM_001180837.1	591	755	390	812	873	420
NM_001180838.1	177	187	98	143	111	61
NM_001180839.3	718	824	470	1135	1028	556
NM_001180840.3	98	131	74	156	101	63
NM_001180841.1	472	500	320	540	507	226
NM_001180842.1	2048	838	269	1049	457	424
NM_001180844.3	1	1	0	2	4	1
NM_001180846.3	123	169	94	84	69	37
NM_001180847.1	523	655	358	455	411	236
NM_001180848.1	31	33	17	26	26	14
NM_001180849.4	84	77	40	149	107	66
NM_001180850.3	0	0	0	1	0	0
NM_001180853.1	15	28	19	29	31	21
NM_001180854.3	39	44	11	69	61	20
NM_001180855.1	0	0	0	0	0	0
NM_001180857.3	1543	1891	1055	1929	1735	940
NM_001180858.1	502	605	310	670	546	360
NM_001180860.1	60	73	42	101	75	44
NM_001180862.2	97	154	63	66	53	22
NM_001180864.1	320	373	204	468	356	219
NM_001180865.3	2310	2793	1555	4069	3421	1864
NM_001180866.1	1382	1565	988	1943	1652	930
NM_001180867.1	227	252	147	279	241	140
NM_001180868.1	209	277	105	261	230	128
NM_001180869.3	188	258	135	265	218	119
NM_001180870.1	184	228	131	217	180	82
NM_001180871.1	464	537	305	652	496	307
NM_001180873.1	137155	168717	89389	172413	141971	84665
NM_001180874.1	11233	14614	7179	17955	15166	8492
NM_001180875.1	132	141	82	235	214	107
NM_001180876.3	2022	2620	1444	4180	3650	1831
NM_001180877.1	4339	5510	3090	5192	4416	2483
NM_001180878.1	533	759	397	830	740	424
NM_001180879.1	1741	2276	969	1957	1547	967
NM_001180880.3	0	0	0	0	0	0
NM_001180881.1	1224	1690	856	1875	1728	872
NM_001180882.1	229	297	202	404	336	199
NM_001180883.1	140	177	130	170	141	83
NM_001180884.3	812	929	496	946	909	442
NM_001180885.1	677	826	436	886	791	479
NM_001180886.1	679	758	488	873	771	378
NM_001180887.1	3246	3895	2213	4015	3433	2091
NM_001180888.3	537	642	267	741	541	301
NM_001180890.1	284	327	173	433	362	201
NM_001180891.1	9114	10836	5817	17191	14541	8417
NM_001180892.1	1714	2239	1237	2574	2224	1251
NM_001180893.3	2918	3888	1672	4087	3595	1814
NM_001180894.1	284	403	215	435	373	195
NM_001180895.1	21144	25160	11898	24602	21110	9868
NM_001180896.1	24377	29014	14649	31853	28114	14532
NM_001180897.3	211	340	196	461	401	262
NM_001180898.2	13	16	8	11	15	6
NM_001180900.1	828	1073	504	1157	1054	522
NM_001180901.1	340	443	256	415	344	219
NM_001180902.3	1456	1926	1052	2246	2076	1157
NM_001180903.1	560	668	363	694	722	337
NM_001180904.1	1147	1178	631	1313	1225	621
NM_001180905.1	1672	2034	1192	2373	2064	1236
NM_001180908.1	1296	1738	948	1795	1575	835
NM_001180909.1	486	592	337	761	646	311
NM_001180910.3	66	96	63	123	74	49
NM_001180912.1	173	215	164	207	237	104
NM_001180913.1	2949	3602	1760	4263	3144	1809
NM_001180914.1	1932	2784	1247	2665	1896	1136
NM_001180915.3	287	405	222	497	410	198
NM_001180916.1	118	142	68	144	112	77
NM_001180918.1	140	215	102	210	206	95
NM_001180919.1	1565	2083	1156	2062	1907	922
NM_001180920.3	7641	9130	4031	8031	7263	3676
NM_001180921.2	794	993	578	1176	973	567
NM_001180922.1	146	192	112	213	211	129
NM_001180923.1	821	928	610	1217	1157	666
NM_001180924.4	49	76	37	88	84	52
NM_001180925.1	431	457	316	671	588	347
NM_001180926.1	188	291	164	245	235	120
NM_001180927.1	2631	3441	2019	3873	3569	2294
NM_001180928.4	31	44	20	52	32	26
NM_001180929.1	183	285	153	250	251	136
NM_001180930.1	641	775	411	853	755	350
NM_001180931.1	460	633	317	650	593	338
NM_001180932.3	578	696	354	887	678	346
NM_001180933.1	1016	1227	632	1323	1175	704
NM_001180935.1	546	741	344	887	771	355
NM_001180936.1	567	639	334	719	617	353
NM_001180938.3	402	606	275	808	628	392
NM_001180940.1	128	141	88	145	148	68
NM_001180941.1	59685	68820	34193	65356	61013	28427
NM_001180942.1	1722	2193	1084	2110	1835	1031
NM_001180943.3	2656	3424	1823	3832	3382	1794
NM_001180944.1	171	196	85	165	153	67
NM_001180945.1	427	541	334	479	470	234
NM_001180946.1	29	42	23	16	12	7
NM_001180947.3	563	658	410	681	621	341
NM_001180948.1	378	543	282	588	496	269
NM_001180949.1	895	1134	571	1158	1005	554
NM_001180950.1	61	84	35	65	59	45
NM_001180951.3	456	500	276	563	404	213
NM_001180952.1	534	607	355	721	704	346
NM_001180954.1	0	2	1	4	0	0
NM_001180955.1	31	47	15	51	38	22
NM_001180956.3	462	475	273	789	644	370
NM_001180957.1	2497	3217	1533	3392	2605	1478
NM_001180958.1	404	579	230	689	476	296
NM_001180959.1	315	442	255	461	397	219
NM_001180960.3	295	462	228	413	379	207
NM_001180961.1	25	34	11	20	22	8
NM_001180962.1	1963	2324	1460	2544	2367	1382
NM_001180963.1	193	261	147	200	198	100
NM_001180964.3	2306	2907	1447	3119	2698	1263
NM_001180965.1	929	993	665	1304	1115	676
NM_001180966.1	497	655	302	526	446	221
NM_001180968.1	39027	45708	23565	44024	40826	20013
NM_001180969.3	109	147	67	139	122	76
NM_001180970.1	10851	13186	6420	16943	14474	7780
NM_001180971.1	1999	2338	1157	2954	2701	1323
NM_001180972.1	441	569	338	626	534	307
NM_001180973.3	102	127	72	155	133	72
NM_001180975.1	311	382	234	419	316	208
NM_001180976.1	1062	1387	736	1067	841	474
NM_001180977.1	822	1026	569	1276	1120	622
NM_001180978.3	69	82	45	70	83	36
NM_001180979.1	410	478	307	611	515	303
NM_001180980.1	823	990	599	980	828	503
NM_001180981.1	420	639	279	737	554	320
NM_001180982.3	31	55	38	112	113	50
NM_001180984.1	305	423	234	458	356	207
NM_001180985.1	3833	4708	2527	6658	5836	3345
NM_001180986.1	12	5	9	9	11	5
NM_001180987.3	2055	2576	1135	2668	2140	1151
NM_001180988.1	51814	60850	30570	58122	53685	26412
NM_001180989.2	157	215	135	259	229	120
NM_001180990.1	250	245	176	279	248	119
NM_001180991.3	242	287	183	353	308	200
NM_001180992.1	249	318	140	257	248	136
NM_001180993.1	102	156	79	158	158	63
NM_001180994.2	455	565	315	506	525	287
NM_001180995.3	661	835	444	987	894	453
NM_001180996.1	121	146	103	151	155	78
NM_001180998.1	441	537	243	667	518	271
NM_001180999.1	83	85	66	140	73	62
NM_001181000.3	55470	64739	30649	58148	52303	25839
NM_001181001.1	52	53	49	49	56	26
NM_001181002.1	7315	8992	5307	12458	10963	5981
NM_001181003.1	1	0	1	2	1	2
NM_001181004.3	737	1028	526	989	867	504
NM_001181005.1	771	995	594	1015	914	504
NM_001181006.1	333	406	268	453	373	228
NM_001181007.1	315	361	192	356	321	179
NM_001181008.3	132	147	79	167	114	76
NM_001181009.1	75	93	79	127	137	58
NM_001181010.2	422	598	317	665	516	284
NM_001181011.1	14	21	15	29	25	12
NM_001181012.3	40270	45656	23568	40956	38375	19356
NM_001181013.1	5783	6680	3384	6452	5983	3385
NM_001181015.1	777	909	561	1064	791	481
NM_001181016.1	640	859	473	1021	862	468
NM_001181018.3	286	383	223	314	318	156
NM_001181019.1	41	55	32	93	61	39
NM_001181020.1	247	325	204	319	321	176
NM_001181021.1	88	104	126	98	81	68
NM_001181022.3	804	1028	693	1078	915	622
NM_001181023.1	2	1	0	3	7	3
NM_001181024.1	251	308	169	322	275	144
NM_001181025.1	352	461	241	428	379	210
NM_001181026.3	702	898	486	1333	1058	591
NM_001181027.1	150	165	94	175	152	96
NM_001181028.1	253	266	180	370	282	175
NM_001181029.1	213	264	126	357	278	165
NM_001181031.3	178	262	117	225	211	112
NM_001181032.1	2195	2794	1389	2901	2446	1363
NM_001181033.1	0	0	1	0	0	0
NM_001181034.1	520	583	322	740	608	359
NM_001181035.3	2	3	1	5	1	4
NM_001181036.1	1215	1574	787	1858	1491	813
NM_001181037.1	1375	1627	719	2043	1678	910
NM_001181038.1	8388	10902	5820	9793	8040	4687
NM_001181039.3	163	205	93	143	131	72
NM_001181040.1	30	45	27	54	48	27
NM_001181041.1	65	72	54	77	75	38
NM_001181043.1	596	702	413	785	660	416
NM_001181044.3	137	154	77	201	148	71
NM_001181045.1	210	271	167	399	315	200
NM_001181046.1	866	1131	639	1242	1123	644
NM_001181048.1	0	1	2	0	5	0
NM_001181049.3	26	40	26	45	42	29
NM_001181050.1	176	248	122	382	321	157
NM_001181051.1	1203	1451	706	1814	1438	873
NM_001181052.1	572	940	335	980	919	343
NM_001181054.1	25376	29711	15065	25905	24229	12051
NM_001181055.1	586	748	432	897	738	397
NM_001181056.1	995	1213	558	1744	1491	709
NM_001181057.3	0	0	0	0	0	0
NM_001181058.1	0	0	0	0	0	0
NM_001181059.1	347	408	229	486	414	212
NM_001181060.3	11506	14498	7293	18233	14881	8095
NM_001181061.1	416	541	256	479	423	231
NM_001181062.2	566	701	449	852	683	408
NM_001181063.1	658	819	357	940	834	452
NM_001181065.3	2363	2826	1523	2998	2822	1466
NM_001181066.1	1069	1463	824	1846	1555	923
NM_001181067.1	6524	7868	4229	9056	8287	4339
NM_001181068.1	1222	1562	742	1666	1488	817
NM_001181070.1	0	9	2	4	8	4
NM_001181071.1	13936	19482	8355	18157	13907	7859
NM_001181072.1	5536	7110	3679	8701	7272	3925
NM_001181073.2	192	209	103	300	236	140
NM_001181074.1	381	432	299	523	474	294
NM_001181075.1	245	335	172	314	265	149
NM_001181076.1	343	369	188	473	473	265
NM_001181077.1	230	295	148	380	289	141
NM_001181078.1	916	1151	604	1330	1180	607
NM_001181080.1	429	545	311	475	481	230
NM_001181081.1	330	416	212	390	398	202
NM_001181084.1	291	412	217	418	341	205
NM_001181085.1	741	890	490	1088	1086	517
NM_001181086.1	1292	1433	755	1534	1511	770
NM_001181087.1	320	464	195	677	576	299
NM_001181088.1	277	443	222	528	466	250
NM_001181089.1	265	310	161	329	277	160
NM_001181090.1	4830	6036	3244	5643	4975	2672
NM_001181091.1	801	991	526	1089	1021	527
NM_001181092.1	131	138	62	234	182	120
NM_001181093.1	225	267	168	350	259	150
NM_001181094.1	1404	1828	962	1725	1449	762
NM_001181095.1	82	76	49	85	76	40
NM_001181096.1	12	11	2	17	17	5
NM_001181097.1	944	1285	628	1534	1424	702
NM_001181098.1	903	1077	591	951	778	399
NM_001181099.1	502	693	383	763	625	339
NM_001181100.1	12904	14156	6004	16771	14682	6955
NM_001181101.1	0	0	0	0	1	3
NM_001181102.1	144	156	117	166	161	114
NM_001181103.1	177	251	148	254	219	126
NM_001181104.1	2343	2962	1597	3762	3036	1753
NM_001181106.1	70	97	45	130	103	52
NM_001181107.1	660	836	468	745	664	332
NM_001181108.1	775	995	544	1280	1087	554
NM_001181109.1	111	160	76	156	124	73
NM_001181110.1	1515	2087	966	2234	1792	913
NM_001181111.1	20872	24518	13029	31215	27267	14459
NM_001181112.1	355	513	321	624	513	281
NM_001181113.1	85	91	66	112	93	43
NM_001181114.1	158	218	134	227	215	115
NM_001181115.1	0	1	0	1	4	3
NM_001181116.1	75	101	50	114	87	54
NM_001181117.1	33	48	27	23	17	9
NM_001181118.1	750	940	528	994	814	445
NM_001181119.1	27112	30576	17180	25758	23156	13760
NM_001181120.1	211	240	131	289	289	131
NM_001181121.1	751	719	280	305	239	128
NM_001181122.1	145	213	95	193	176	89
NM_001181123.1	216	286	160	303	235	113
NM_001181124.1	2	4	5	3	1	3
NM_001181125.1	5	6	6	15	6	9
NM_001181126.1	0	0	0	0	0	0
NM_001181127.1	0	0	0	2	0	2
NM_001181128.1	0	0	0	0	0	0
NM_001181129.1	7	7	2	47	42	25
NM_001181130.3	1341	1514	795	2055	1744	917
NM_001181131.1	324	445	248	415	360	196
NM_001181132.1	282	329	222	479	391	187
NM_001181133.1	285	359	178	326	320	186
NM_001181134.3	775	964	535	1090	933	474
NM_001181135.1	132	151	73	193	145	85
NM_001181136.1	519	671	404	754	659	406
NM_001181137.1	176	215	97	338	287	154
NM_001181138.3	1034	1306	676	1162	904	496
NM_001181139.1	275	373	185	433	369	204
NM_001181141.1	384	518	235	514	527	258
NM_001181142.1	285	367	210	433	389	201
NM_001181143.3	3428	5098	1920	3554	2814	1566
NM_001181144.1	95	88	82	98	106	63
NM_001181145.1	76	93	64	117	101	44
NM_001181146.1	455	594	318	637	551	310
NM_001181148.3	546	658	386	784	699	397
NM_001181149.1	1793	2146	1060	2018	2050	1011
NM_001181150.1	131	158	107	155	123	87
NM_001181152.1	91	91	53	89	87	51
NM_001181153.3	243	337	185	361	336	169
NM_001181155.3	1308	1760	1014	2127	1832	1052
NM_001181156.1	22127	25515	13358	25609	22900	12075
NM_001181157.3	201	216	116	214	204	138
NM_001181158.3	302	399	230	502	432	231
NM_001181159.1	160	233	131	261	215	113
NM_001181160.1	245	366	183	359	307	170
NM_001181161.3	502	700	474	803	650	448
NM_001181162.3	427	568	302	601	544	295
NM_001181163.1	22971	27010	12612	25696	23270	10592
NM_001181164.1	183	204	138	183	164	112
NM_001181165.3	230	268	164	268	251	148
NM_001181166.3	3418	4331	2022	5037	4589	2176
NM_001181167.1	741	887	492	1125	1054	512
NM_001181169.3	147	244	141	222	183	95
NM_001181170.3	362	480	226	454	357	195
NM_001181171.1	80	89	48	115	113	81
NM_001181172.1	42	36	32	139	105	81
NM_001181173.1	470	582	325	642	620	365
NM_001181175.3	171	186	109	178	151	91
NM_001181176.3	542	613	344	637	523	303
NM_001181177.1	437	574	358	865	759	372
NM_001181178.1	256	353	209	260	238	84
NM_001181181.1	38	31	16	22	44	31
NM_001181182.3	12	18	14	15	19	13
NM_001181183.4	3966	4671	2614	5199	4706	2466
NM_001181184.1	3171	4333	2135	4049	3514	1869
NM_001181185.1	632	863	474	925	795	429
NM_001181186.3	85	95	58	79	78	54
NM_001181187.2	257	320	159	328	327	159
NM_001181188.3	0	4	0	5	2	4
NM_001181189.3	7409	8794	5005	9174	8130	3966
NM_001181190.1	12588	14008	6689	13261	11593	5588
NM_001181191.1	54	64	52	64	60	43
NM_001181192.3	538	531	302	688	629	360
NM_001181194.1	441	602	320	800	737	407
NM_001181195.3	1	2	0	6	1	3
NM_001181196.4	15	36	13	21	35	13
NM_001181197.1	196	211	123	225	205	88
NM_001181199.2	51	42	24	62	48	33
NM_001181200.3	245	300	181	300	287	154
NM_001181201.1	264	376	210	490	436	212
NM_001181203.3	396	510	261	552	517	282
NM_001181204.3	82	97	66	101	86	50
NM_001181205.1	183	191	116	252	200	130
NM_001181206.1	179	214	129	177	173	96
NM_001181207.3	928	1030	556	1334	1086	621
NM_001181208.1	664	919	406	822	711	420
NM_001181209.3	713	919	465	966	913	458
NM_001181210.3	533	705	369	558	524	271
NM_001181211.1	1025	1149	689	1007	869	484
NM_001181212.1	2283	2775	1347	2676	2266	1254
NM_001181213.3	384	461	276	555	458	241
NM_001181214.1	32787	39183	18472	38485	33365	16560
NM_001181215.3	7424	9228	5008	12839	11412	5742
NM_001181216.3	713	677	291	924	704	239
NM_001181217.1	59	34	24	82	65	38
NM_001181218.1	397	513	268	571	481	269
NM_001181219.3	2431	2717	1558	3052	2654	1455
NM_001181220.1	190	264	131	273	250	135
NM_001181221.3	566	727	389	663	588	309
NM_001181222.3	424	531	342	591	572	295
NM_001181223.1	16573	19670	10566	23648	19975	11008
NM_001181224.1	451	573	270	715	627	359
NM_001181225.3	43	47	27	43	31	16
NM_001181226.1	465	500	268	643	523	389
NM_001181227.3	278	342	195	340	244	130
NM_001181228.3	158	221	155	252	211	124
NM_001181229.1	412	433	275	591	528	290
NM_001181230.1	304	358	184	403	416	215
NM_001181231.3	126	207	116	191	166	88
NM_001181232.1	4306	5247	3241	4948	4556	2526
NM_001181233.3	211	265	173	328	339	183
NM_001181234.3	555	688	353	737	722	302
NM_001181235.1	3592	4583	2607	4798	4268	2311
NM_001181237.1	359	463	229	401	329	161
NM_001181238.3	220	310	152	341	289	136
NM_001181239.3	17	26	17	23	26	14
NM_001181240.1	541	747	369	771	640	303
NM_001181241.1	105	120	80	150	121	54
NM_001181242.3	265	298	169	359	308	137
NM_001181245.1	4916	6399	2879	7166	5403	3060
NM_001181246.3	403	490	282	601	538	311
NM_001181247.3	31977	37561	17255	35326	30077	14597
NM_001181248.1	1446	1885	845	1793	1350	783
NM_001181249.1	161	234	150	204	178	109
NM_001181250.3	60	83	52	59	49	23
NM_001181251.3	138	217	123	197	205	103
NM_001181252.3	2280	2909	1441	2626	2266	1201
NM_001181253.1	13352	15305	9448	20550	19010	11177
NM_001181254.1	708	912	511	965	793	432
NM_001181255.3	103	122	75	169	133	86
NM_001181256.1	63	68	30	74	82	35
NM_001181257.3	1911	2388	1239	2696	2289	1201
NM_001181258.3	110	159	91	179	146	75
NM_001181259.1	1645	2037	836	2608	1876	975
NM_001181260.1	17	20	6	19	21	8
NM_001181261.3	1093	1360	819	1781	1633	988
NM_001181262.1	125	119	96	147	138	67
NM_001181263.3	300	333	173	336	318	177
NM_001181264.3	1870	2275	1382	2723	2354	1369
NM_001181265.1	1658	2055	931	2449	1940	1012
NM_001181267.1	645	819	390	861	784	394
NM_001181269.3	371	406	259	544	433	269
NM_001181270.1	338	544	272	547	468	253
NM_001181271.3	331	406	227	731	532	203
NM_001181272.3	412	509	281	593	541	229
NM_001181273.1	16	12	8	20	15	6
NM_001181274.2	1646	2018	1139	2449	1961	1042
NM_001181275.3	311	386	224	289	252	110
NM_001181276.3	382	466	260	406	393	211
NM_001181277.3	19773	23772	11565	25041	21675	10730
NM_001181278.1	174	255	136	283	259	125
NM_001181279.1	162	223	121	248	200	94
NM_001181281.3	533	699	338	578	498	252
NM_001181282.2	28	43	29	56	42	16
NM_001181283.3	7	7	0	3	8	1
NM_001181284.3	15115	18450	9780	17236	14755	8423
NM_001181285.1	419	554	251	407	328	167
NM_001181286.1	2842	4056	2154	4045	3282	1876
NM_001181287.3	593	696	352	888	871	416
NM_001181288.1	9609	11086	5536	10142	8792	5245
NM_001181290.3	249	343	231	491	396	262
NM_001181291.3	10464	13439	5305	14033	10378	6301
NM_001181292.3	398	506	274	613	597	270
NM_001181294.1	487	545	292	591	525	297
NM_001181295.1	223	260	176	295	249	163
NM_001181296.3	2454	3132	1482	3750	2824	1649
NM_001181297.1	23	47	25	51	65	17
NM_001181298.3	109	153	80	99	124	66
NM_001181299.1	228	333	183	373	350	173
NM_001181300.1	148	143	87	179	149	75
NM_001181301.3	1119	1510	806	1923	1710	898
NM_001181302.1	1613	2121	1123	3005	2540	1387
NM_001181303.3	136	166	97	173	137	85
NM_001181304.1	8122	9217	5341	8560	7386	3748
NM_001181306.1	609	718	481	416	362	172
NM_001181307.3	2867	3686	1861	4274	3444	1946
NM_001181308.1	177	185	100	234	195	107
NM_001181309.3	8096	8924	5799	9311	8557	4951
NM_001181310.3	603	760	387	810	775	394
NM_001181312.1	274	431	189	489	476	245
NM_001181313.1	1508	1916	1183	2397	2095	1224
NM_001181314.3	5548	6728	3421	6672	5834	3048
NM_001181315.1	1640	2065	1025	2292	1756	1058
NM_001181316.3	1594	1823	1107	1910	1709	859
NM_001181317.3	84	129	73	130	100	47
NM_001181318.1	4702	6355	2990	7664	7294	3604
NM_001181320.1	2180	2686	1337	2267	1877	999
NM_001181321.3	377790	411080	237367	395480	367486	206692
NM_001181322.1	1190	1606	737	1491	1241	691
NM_001181323.3	179	239	153	258	264	167
NM_001181324.3	581	739	374	721	638	358
NM_001181325.1	514	681	270	1042	671	362
NM_001181326.1	1246	2041	798	1164	1017	421
NM_001181327.3	577	745	453	733	643	319
NM_001181328.1	805	1031	527	1058	872	526
NM_001181329.3	1776	2249	1250	2934	2433	1378
NM_001181330.3	26	32	19	55	39	29
NM_001181331.1	622	702	366	716	632	323
NM_001181332.1	157	221	103	237	232	106
NM_001181333.3	11392	12989	6320	12343	11008	6112
NM_001181334.3	280	380	198	419	438	214
NM_001181335.3	125	148	88	155	141	84
NM_001181336.1	957	1181	509	1619	1354	722
NM_001181337.1	1243	1324	664	1111	1115	486
NM_001181338.3	5370	6005	3568	7970	7314	4035
NM_001181339.1	991	1273	672	1180	1087	614
NM_001181340.3	3312	4333	1991	5067	4388	2225
NM_001181341.3	70	99	59	84	80	39
NM_001181342.1	9	4	6	6	9	3
NM_001181343.1	28175	32112	17014	30773	28045	15375
NM_001181344.3	286	334	189	401	374	212
NM_001181345.1	202	261	134	250	230	144
NM_001181346.3	436	602	263	581	474	259
NM_001181347.3	4335	5669	2965	5299	4481	2210
NM_001181349.1	475	570	304	675	645	368
NM_001181350.2	62	83	45	58	70	35
NM_001181351.3	95	174	82	173	159	83
NM_001181352.1	159	193	125	291	248	161
NM_001181353.3	24	57	21	28	30	14
NM_001181354.3	16	7	7	9	13	8
NM_001181356.2	498	727	381	792	683	369
NM_001181358.1	1269	1508	913	1333	1109	645
NM_001181359.3	86	137	47	183	132	57
NM_001181360.1	1238	1490	939	2362	2017	1168
NM_001181361.3	701	847	478	1194	986	568
NM_001181362.3	799	947	642	607	532	208
NM_001181363.1	12975	14985	8698	19334	16141	8314
NM_001181364.1	455	606	337	788	686	342
NM_001181365.3	0	0	0	2	0	1
NM_001181366.1	373	474	221	482	388	208
NM_001181367.3	115	158	85	146	102	54
NM_001181368.3	172	203	102	242	225	109
NM_001181369.1	29886	35031	19429	35060	29979	17496
NM_001181370.3	614	822	434	627	607	319
NM_001181372.1	22	58	17	57	29	15
NM_001181373.3	1010	1245	643	1654	1464	798
NM_001181374.3	1635	2070	1254	2340	1927	1146
NM_001181375.1	477	580	355	543	451	249
NM_001181376.1	189	196	118	255	238	126
NM_001181377.3	38	37	12	76	65	24
NM_001181378.1	13	5	5	5	9	3
NM_001181379.3	533	683	401	746	685	302
NM_001181380.3	249	298	168	358	331	175
NM_001181381.1	271	416	206	534	368	253
NM_001181382.1	1939	2552	1439	3626	3028	1697
NM_001181383.3	149346	169191	84738	175807	154532	82472
NM_001181384.1	340	425	235	493	410	221
NM_001181385.3	38	35	19	58	64	32
NM_001181386.3	128	174	111	211	150	104
NM_001181387.1	174	201	103	281	240	168
NM_001181389.1	2337	2952	1270	2851	2551	1307
NM_001181390.3	1089	1434	773	1615	1415	845
NM_001181391.1	375	459	287	595	547	288
NM_001181392.3	179	240	104	148	173	108
NM_001181393.3	7978	9692	5251	10080	9008	4769
NM_001181395.1	769	956	550	1163	962	529
NM_001181396.1	815	1070	585	1040	985	489
NM_001181397.3	146	200	90	265	243	118
NM_001181399.1	968	1142	571	1620	1316	795
NM_001181400.4	687	877	498	896	695	393
NM_001181402.1	0	0	1	1	1	1
NM_001181403.2	417	605	306	700	537	321
NM_001181404.3	520	689	318	709	569	233
NM_001181405.1	640	764	466	871	773	382
NM_001181406.3	390	473	249	637	582	310
NM_001181407.3	202	252	128	274	227	130
NM_001181408.1	15783	19477	8700	14880	12758	6824
NM_001181409.1	724	1061	519	1064	922	431
NM_001181410.3	1053	1389	784	1528	1132	740
NM_001181411.1	13335	15294	8459	16597	15633	8560
NM_001181412.3	376	498	292	528	514	281
NM_001181413.3	2177	2721	1463	2998	2437	1188
NM_001181414.1	16528	19538	8589	21703	17680	9350
NM_001181415.1	391	520	259	834	706	378
NM_001181416.3	41	43	28	57	62	29
NM_001181417.1	56	69	51	75	67	29
NM_001181418.3	0	4	2	1	5	0
NM_001181421.3	19	33	13	17	14	6
NM_001181423.1	1	1	0	0	1	2
NM_001181424.1	851	1112	546	1143	1028	559
NM_001181425.3	3	7	4	11	6	4
NM_001181426.1	265	364	197	395	357	195
NM_001181427.1	1338	1621	978	2175	1800	973
NM_001181428.1	12	16	2	11	10	10
NM_001181431.2	194	285	171	169	144	141
NM_001181433.3	46	55	60	67	68	36
NM_001181434.4	55	58	44	79	78	62
NM_001181435.1	1725	2178	1285	4185	3399	2181
NM_001181436.3	2818	3631	1955	4073	3579	1942
NM_001181437.1	144	180	105	214	175	106
NM_001181438.1	325	419	247	491	416	212
NM_001181439.3	929	1159	559	1027	864	480
NM_001181440.1	166	261	153	275	255	131
NM_001181442.2	3546	4606	2660	5897	4622	2934
NM_001181444.3	1399	1799	1030	1660	1525	792
NM_001181445.2	353	366	241	380	342	170
NM_001181446.1	6287	7562	4827	5585	4807	1712
NM_001181447.3	169	183	94	191	158	91
NM_001181448.1	3722	4553	2504	6067	5073	3004
NM_001181450.1	98	127	56	91	105	59
NM_001181453.3	348	522	238	430	404	192
NM_001181454.1	2830	4071	1562	4598	3140	1970
NM_001181457.1	53	80	42	116	97	34
NM_001181458.3	340	368	236	520	452	247
NM_001181459.1	55	77	49	44	60	46
NM_001181460.1	5670	6510	3583	6526	5597	3070
NM_001181461.3	0	0	0	0	0	0
NM_001181462.1	0	0	0	0	0	0
NM_001181463.1	376	513	263	461	410	189
NM_001181464.3	208	247	130	250	199	118
NM_001181465.1	325	439	234	686	599	281
NM_001181467.1	1803	2277	1249	2086	1950	1002
NM_001181468.3	12627	16151	9739	21116	17805	10209
NM_001181469.1	93	120	80	148	137	86
NM_001181470.1	392	455	279	557	468	240
NM_001181471.3	9	11	1	13	15	5
NM_001181472.1	1	3	5	21	11	7
NM_001181473.1	2050	2645	1554	2944	2407	1339
NM_001181474.3	4144	5320	2091	6936	5000	3094
NM_001181475.1	1037	1227	555	1340	1068	568
NM_001181476.1	7	1	1	5	1	3
NM_001181477.3	303	414	223	420	413	211
NM_001181478.1	16	22	9	13	16	9
NM_001181479.1	122	153	88	173	161	84
NM_001181480.3	172	246	126	299	224	148
NM_001181481.1	122	152	77	145	127	68
NM_001181482.3	174	219	133	258	255	139
NM_001181483.1	4444	5667	2637	5310	4318	2393
NM_001181484.1	293	286	163	317	267	155
NM_001181485.3	68704	74807	42690	74821	65473	36801
NM_001181486.1	500	574	336	481	439	258
NM_001181487.3	484	530	344	598	503	275
NM_001181488.1	863	1087	707	1091	1010	533
NM_001181489.1	186	201	98	151	131	57
NM_001181490.3	126	157	89	164	131	99
NM_001181491.1	110	150	86	191	184	86
NM_001181492.1	117	174	116	212	195	106
NM_001181493.3	845	1044	565	1180	1123	584
NM_001181494.1	821	1020	577	1117	960	550
NM_001181495.1	938	1214	592	1133	936	534
NM_001181496.1	380	439	289	533	435	339
NM_001181498.1	259	284	146	321	275	195
NM_001181499.3	232	236	139	237	244	168
NM_001181501.1	771	956	593	990	988	566
NM_001181502.1	1056	1400	760	1844	1542	952
NM_001181503.3	174	185	117	232	155	88
NM_001181504.1	151	147	99	156	113	73
NM_001181505.1	204	240	135	344	282	141
NM_001181506.3	353	504	265	575	514	234
NM_001181507.1	876	1288	572	1283	942	517
NM_001181509.1	2358	3096	1310	3600	2697	1596
NM_001181510.1	4	4	2	5	6	1
NM_001181511.1	2620	2937	1275	3944	3371	1641
NM_001181512.1	866	1150	499	1023	878	424
NM_001181513.1	20143	25163	11270	23066	19176	9944
NM_001181514.1	579	658	369	717	541	320
NM_001181515.1	423	421	262	473	421	277
NM_001181516.1	129	181	91	159	129	108
NM_001181517.1	467	550	314	602	489	296
NM_001181518.1	273	350	182	445	344	232
NM_001181520.1	666	951	558	1032	850	439
NM_001181521.1	60	62	30	76	52	45
NM_001181522.1	5	4	7	10	7	6
NM_001181523.1	106	119	80	162	115	83
NM_001181524.1	537	690	377	664	577	294
NM_001181525.1	223	300	147	291	260	140
NM_001181526.1	138	185	100	187	127	88
NM_001181527.1	365	436	257	546	451	257
NM_001181528.1	412	490	237	441	384	245
NM_001181529.1	307	392	240	411	379	232
NM_001181530.1	1196	1508	882	1604	1433	787
NM_001181531.1	794	1037	555	1042	842	513
NM_001181532.1	256	297	154	368	317	166
NM_001181533.1	87	108	47	121	115	73
NM_001181534.1	694	869	485	796	759	406
NM_001181535.1	116	168	80	229	214	86
NM_001181536.1	14	27	9	37	38	7
NM_001181537.1	492	542	398	615	493	350
NM_001181538.1	2	0	2	2	0	1
NM_001181539.1	1	0	0	0	2	1
NM_001181540.1	88	100	48	160	126	51
NM_001181541.1	0	1	1	1	3	1
NM_001181542.1	3354	4035	2332	5411	4602	2383
NM_001181543.1	448	586	291	684	535	298
NM_001181544.1	3552	4664	2387	4598	3650	2196
NM_001181545.2	214	219	156	314	251	147
NM_001181546.3	24	26	11	30	31	18
NM_001181547.2	24	29	15	24	17	17
NM_001181548.1	480	596	353	654	549	348
NM_001181549.1	40	48	17	70	54	39
NM_001181550.1	1976	2251	1321	1937	1723	836
NM_001181551.1	63	66	35	80	68	34
NM_001181554.1	2927	3422	1822	3138	3014	1677
NM_001181555.1	816	1009	533	881	750	379
NM_001181556.1	1315	1811	891	2017	1540	977
NM_001181557.1	991	1204	653	1064	983	480
NM_001181558.1	590	726	453	881	788	433
NM_001181559.1	157	192	101	208	168	88
NM_001181560.1	188	234	144	260	194	118
NM_001181561.2	913	1172	568	1300	1115	650
NM_001181562.1	279	311	170	275	264	147
NM_001181563.2	25582	30528	14893	29984	25753	13528
NM_001181564.1	112	169	94	174	190	95
NM_001181565.1	103	115	60	112	84	37
NM_001181566.1	256	297	155	262	242	129
NM_001181567.1	650	806	432	943	813	508
NM_001181569.1	14010	15364	7482	15497	14288	7420
NM_001181570.1	187	211	137	258	206	103
NM_001181571.1	44720	51487	26844	52306	46658	25106
NM_001181572.1	172	206	130	190	163	77
NM_001181573.1	831	1066	537	1262	1012	537
NM_001181574.1	327	439	190	593	539	301
NM_001181576.1	1105	1334	792	1717	1471	933
NM_001181577.1	36	27	22	61	35	23
NM_001181578.1	1147	1470	826	1799	1501	824
NM_001181579.1	223	321	145	344	282	167
NM_001181580.1	49	84	59	81	79	36
NM_001181581.1	1630	2015	1026	2182	1848	925
NM_001181582.1	291	340	198	422	343	169
NM_001181584.1	1206	1280	767	1792	1797	954
NM_001181586.1	15	14	5	22	27	10
NM_001181587.1	1116	1387	826	1369	1195	682
NM_001181588.1	182	177	132	221	198	136
NM_001181589.1	335	476	248	488	425	225
NM_001181590.1	1034	1285	732	1248	1038	596
NM_001181591.1	16355	19049	9993	15137	13232	8660
NM_001181592.1	40622	48972	22264	52498	41845	27424
NM_001181593.1	6	11	10	32	26	10
NM_001181594.1	14	18	12	11	16	4
NM_001181595.1	148	171	126	252	249	101
NM_001181596.1	48	75	50	69	48	36
NM_001181597.2	286	383	188	392	311	182
NM_001181598.1	698	934	397	1132	836	476
NM_001181599.1	672	947	450	1029	937	391
NM_001181600.1	5058	6019	3369	5951	5547	2971
NM_001181601.2	666	934	467	973	818	443
NM_001181603.1	78	138	61	101	76	62
NM_001181604.2	2063	2410	1280	2913	2664	1492
NM_001181605.1	3499	4297	2559	4458	4034	2690
NM_001181606.1	774	933	472	1186	976	459
NM_001181607.1	1744	2100	1092	2061	2070	1002
NM_001181609.1	859	1199	441	1104	805	493
NM_001181610.1	17696	21913	10276	22532	19797	9539
NM_001181611.1	998	1224	652	1268	1156	613
NM_001181612.2	437	528	253	692	548	262
NM_001181613.1	219	254	158	263	202	131
NM_001181614.1	152	184	96	199	151	84
NM_001181616.2	1092	1369	767	1496	1373	792
NM_001181617.1	316	385	206	408	404	214
NM_001181618.1	43	37	51	63	48	41
NM_001181619.2	2153	2787	1451	2543	2137	1212
NM_001181620.1	263	343	148	375	256	159
NM_001181622.1	10527	12084	6665	10927	10387	5382
NM_001181623.1	25486	30441	13671	30875	27281	11652
NM_001181624.1	11168	12478	5595	14562	12486	6164
NM_001181625.1	1211	1524	807	1504	1432	757
NM_001181626.1	225	244	137	233	203	116
NM_001181627.1	369	435	244	500	459	260
NM_001181629.1	1743	2347	1306	2866	2540	1667
NM_001181630.1	693	1067	518	1123	896	500
NM_001181631.1	1079	1345	757	1376	1275	649
NM_001181633.1	2159	2477	1467	4731	4083	2395
NM_001181634.1	383	488	288	597	489	253
NM_001181636.1	228	257	157	385	309	178
NM_001181637.1	437	623	272	638	519	265
NM_001181638.1	75	93	55	144	108	66
NM_001181639.1	93	109	54	101	92	39
NM_001181640.1	901	1167	711	1348	1130	629
NM_001181641.1	372	476	260	452	464	237
NM_001181642.1	107	134	85	125	105	74
NM_001181643.1	95	146	78	140	141	76
NM_001181645.1	1704	2203	1128	2525	2111	1344
NM_001181646.1	0	1	1	1	0	2
NM_001181647.1	11	20	13	19	14	19
NM_001181649.1	4	0	1	4	0	0
NM_001181650.1	2414	2906	1479	3685	3200	1310
NM_001181651.1	138	174	96	159	119	69
NM_001181652.1	10	8	10	18	14	12
NM_001181654.1	36	46	34	39	37	31
NM_001181655.1	379	489	242	613	561	247
NM_001181656.1	0	1	0	1	0	1
NM_001181657.1	20	25	18	33	43	18
NM_001181658.1	1237	1621	793	1875	1631	861
NM_001181659.3	1095	1472	787	1678	1280	772
NM_001181660.1	359	460	293	428	398	207
NM_001181661.1	18	19	2	13	14	5
NM_001181662.3	372	477	316	546	497	266
NM_001181663.1	307	378	226	563	472	281
NM_001181664.3	3498	4602	2591	3930	3324	1757
NM_001181665.1	44	32	20	58	51	28
NM_001181666.1	179551	193727	113336	181018	162370	93727
NM_001181667.1	325	486	263	467	399	206
NM_001181668.3	121	177	122	309	260	156
NM_001181669.1	111	134	79	160	133	65
NM_001181670.4	79	125	72	123	120	63
NM_001181671.1	374	451	241	467	386	252
NM_001181672.1	1623	2073	1058	1791	1639	742
NM_001181673.3	2205	2869	1420	2776	2388	1344
NM_001181674.1	9682	11374	6362	13766	12724	7476
NM_001181675.1	594	790	402	756	730	380
NM_001181677.3	153	174	96	198	214	128
NM_001181679.1	71	87	39	83	73	38
NM_001181680.1	109	85	62	134	101	63
NM_001181682.3	585	712	415	730	724	399
NM_001181683.1	458	685	308	581	548	243
NM_001181684.3	0	0	0	0	1	0
NM_001181685.2	76	64	57	23	32	33
NM_001181686.1	0	1	0	0	0	0
NM_001181687.2	85	167	83	92	84	46
NM_001181688.3	213	309	178	305	265	122
NM_001181689.1	695	939	471	1025	852	500
NM_001181690.1	718	852	540	1042	884	476
NM_001181691.3	438	568	295	725	639	367
NM_001181692.1	166	180	104	221	191	128
NM_001181693.1	174	238	121	271	228	125
NM_001181694.3	30	31	18	41	34	17
NM_001181697.1	89	87	63	87	72	62
NM_001181698.1	643	830	465	873	759	411
NM_001181699.3	1091	1422	774	1421	1195	661
NM_001181700.1	904	1215	671	1670	1375	802
NM_001181701.1	301	376	167	372	311	158
NM_001181702.3	471	539	343	611	572	316
NM_001181703.1	24628	29761	16234	36115	29661	17940
NM_001181704.1	460	604	320	770	614	368
NM_001181705.3	3560	4116	1504	3820	3346	1134
NM_001181706.1	449	583	291	758	711	325
NM_001181707.1	547	674	347	644	550	326
NM_001181708.3	178	229	96	187	191	93
NM_001181709.1	596	701	458	758	605	411
NM_001181710.1	192	268	152	363	335	167
NM_001181711.3	174	259	93	266	180	125
NM_001181712.1	101	140	72	122	127	49
NM_001181713.1	140	159	101	254	200	128
NM_001181714.3	161	253	142	257	215	117
NM_001181715.1	270	368	165	363	309	151
NM_001181716.1	172	207	132	272	254	131
NM_001181717.3	899	1139	601	1268	1040	506
NM_001181718.1	1078	1359	604	1213	903	475
NM_001181719.1	57	61	37	27	21	12
NM_001181720.3	223	303	194	343	319	199
NM_001181721.1	864	1008	583	879	775	481
NM_001181722.1	4682	5894	2902	6817	5727	3183
NM_001181723.3	2891	3339	1807	4328	3725	2192
NM_001181724.1	714	1004	473	964	749	452
NM_001181725.1	182	207	133	283	232	126
NM_001181726.3	753	921	515	1035	909	488
NM_001181727.1	1279	1545	865	1341	1244	598
NM_001181728.1	5316	6052	3261	6466	5657	3289
NM_001181730.3	1386	1614	966	1654	1503	981
NM_001181731.1	319	400	243	425	386	279
NM_001181732.1	282	408	212	541	472	271
NM_001181733.3	1272	1631	869	1528	1432	773
NM_001181734.1	1170	1480	932	1836	1717	891
NM_001181735.1	2707	3700	1918	3858	3700	1958
NM_001181736.3	36	54	27	64	79	33
NM_001181737.1	1	0	0	0	0	0
NM_001181738.1	347	469	272	527	459	258
NM_001181739.3	121	146	87	150	157	75
NM_001181740.1	224	263	117	276	248	119
NM_001181741.1	195	218	111	316	304	147
NM_001181742.3	1091	1152	664	1337	1179	692
NM_001181743.1	401	540	294	656	555	230
NM_001181745.1	1004	1340	739	1585	1345	713
NM_001181746.3	231	309	148	330	278	162
NM_001181747.1	487	679	327	803	595	366
NM_001181748.1	1058	1244	589	1436	1068	647
NM_001181749.3	1780	2343	1064	2640	1932	1136
NM_001181750.1	364	546	235	545	472	272
NM_001181751.1	147	160	94	157	134	63
NM_001181752.3	9884	11919	5391	11796	10370	4716
NM_001181753.1	4	6	1	5	8	1
NM_001181754.1	226	281	139	377	332	201
NM_001181755.3	153	199	124	221	216	97
NM_001181756.2	114	142	79	149	103	82
NM_001181757.1	264	376	205	501	407	204
NM_001181758.3	171	205	126	305	294	162
NM_001181759.1	395	429	264	623	526	286
NM_001181760.1	112	162	71	232	180	100
NM_001181761.4	651	728	417	1258	1135	668
NM_001181762.1	16236	17521	9252	23839	21728	13321
NM_001181763.1	8565	9906	5079	9502	8495	5045
NM_001181764.4	144	181	101	148	123	77
NM_001181765.2	1	0	0	0	0	0
NM_001181766.1	23	25	15	25	30	13
NM_001181767.3	2815	3069	1719	10352	8833	4758
NM_001181768.1	143	154	90	183	144	68
NM_001181769.1	179	212	131	265	258	151
NM_001181770.3	116	148	81	170	147	102
NM_001181771.1	250	348	187	357	356	209
NM_001181773.3	13	21	9	7	14	6
NM_001181774.1	275	297	165	244	268	144
NM_001181775.1	2110	2737	1496	2365	2206	1223
NM_001181776.3	561	724	424	831	762	407
NM_001181777.1	73	119	54	89	81	43
NM_001181778.1	43	72	58	66	71	39
NM_001181779.3	7473	9515	4936	11059	10061	5492
NM_001181780.1	159	138	74	155	156	86
NM_001181781.1	55732	64722	32140	60354	54719	28841
NM_001181782.3	541	647	399	807	618	373
NM_001181783.1	1388	1761	936	2325	1994	1067
NM_001181784.1	535	730	432	766	737	422
NM_001181785.3	378	403	205	598	521	272
NM_001181787.2	124	132	73	111	107	54
NM_001181788.1	133	180	105	236	218	123
NM_001181789.3	552	647	390	697	611	333
NM_001181790.2	1063	1437	749	1267	1065	587
NM_001181791.1	461	496	300	535	502	265
NM_001181792.3	377	430	251	443	315	174
NM_001181793.1	50	84	35	63	62	21
NM_001181794.3	125	141	77	164	146	77
NM_001181795.1	663	927	416	914	794	444
NM_001181796.2	294	401	215	503	384	227
NM_001181797.3	8414	10494	5714	11054	9401	5240
NM_001181798.1	440	558	296	582	482	264
NM_001181799.1	67	90	55	81	75	44
NM_001181800.3	459	594	361	530	490	256
NM_001181801.1	3931	4853	2625	4708	3984	2266
NM_001181802.1	806	921	452	1032	888	484
NM_001181803.3	54831	62118	35695	54801	52468	28034
NM_001181805.1	136	172	116	204	188	92
NM_001181806.1	4814	5981	2888	5200	4235	2608
NM_001181807.4	3	6	7	7	1	2
NM_001181808.4	8	8	16	4	6	13
NM_001181809.2	1	2	1	0	0	0
NM_001181810.3	3	2	4	1	1	0
NM_001181811.3	6	1	9	3	1	0
NM_001181812.1	1	9	6	5	6	4
NM_001181813.1	0	3	0	9	0	3
NM_001181814.3	10	11	12	18	24	19
NM_001181816.3	0	2	0	1	0	0
NM_001181817.1	24	38	19	35	48	19
NM_001181818.1	10	4	7	7	4	1
NM_001181819.3	123	140	77	177	120	78
NM_001181821.1	1028	1388	652	1994	1684	909
NM_001181822.1	146	152	115	143	122	72
NM_001181823.1	67	120	68	117	104	40
NM_001181824.1	285	328	187	390	396	212
NM_001181825.1	0	0	0	2	1	2
NM_001181826.1	270	352	199	378	313	180
NM_001181827.1	159	249	118	230	248	104
NM_001181828.1	2406	3045	1450	3600	2823	1744
NM_001181829.1	261	302	161	446	333	216
NM_001181830.1	540	602	350	733	716	362
NM_001181831.1	958	1155	659	1234	1028	622
NM_001181832.1	280	395	214	308	236	140
NM_001181833.1	1129	1454	806	1235	1051	708
NM_001181834.1	644	824	426	743	675	347
NM_001181835.1	799	1045	591	1254	965	610
NM_001181838.1	11349	12940	7127	15767	13695	7584
NM_001181839.1	116	146	89	266	226	123
NM_001181841.1	2171	2873	1228	3450	2601	1460
NM_001181842.1	492	625	373	631	619	333
NM_001181843.1	657	826	446	856	719	429
NM_001181844.1	173023	210516	119292	258861	218840	120074
NM_001181845.1	18	6	6	12	12	6
NM_001181846.1	6126	8339	4817	14962	11277	5773
NM_001181847.1	350	466	227	578	479	243
NM_001181848.1	814	895	546	1046	827	585
NM_001181849.1	1349	1584	897	1772	1558	874
NM_001181851.1	1200	1593	845	1533	1362	710
NM_001181852.1	342	417	250	378	315	189
NM_001181853.1	67	81	34	87	99	56
NM_001181854.1	1362	1494	1028	1828	1660	916
NM_001181855.1	307	349	209	352	358	185
NM_001181856.1	397	555	299	535	541	263
NM_001181858.1	204	222	98	246	193	85
NM_001181859.1	2923	3576	2340	9552	8216	4070
NM_001181860.1	2656	3738	1829	4007	3052	1734
NM_001181861.1	307	417	233	607	625	302
NM_001181862.1	12	13	10	7	14	6
NM_001181863.1	996	1072	600	1398	1174	693
NM_001181865.1	46940	53178	25575	50699	46053	22543
NM_001181866.1	3	11	5	2	4	5
NM_001181868.1	2939	3830	2089	3855	3028	1667
NM_001181869.1	67	109	113	138	121	60
NM_001181870.1	7991	9412	4975	10955	9651	4864
NM_001181871.1	448	471	298	557	454	253
NM_001181872.1	52	25	15	16	12	3
NM_001181873.1	0	2	0	1	0	1
NM_001181874.2	112	159	83	184	136	80
NM_001181875.1	16	24	9	23	12	6
NM_001181876.1	30	58	24	20	26	7
NM_001181877.1	3	18	6	16	6	1
NM_001181878.1	327	431	220	403	316	173
NM_001181880.1	36	29	20	63	66	71
NM_001181881.1	447	505	246	509	399	312
NM_001181882.1	131	177	103	168	112	58
NM_001181883.1	73	81	51	92	90	46
NM_001181884.1	0	0	0	1	0	0
NM_001181886.1	3	1	0	2	2	0
NM_001181887.1	3	1	0	2	2	1
NM_001181888.1	412	522	266	456	432	218
NM_001181889.1	1317	1747	859	1403	1248	650
NM_001181890.1	701	935	519	616	531	292
NM_001181891.1	15	32	20	41	26	15
NM_001181892.1	439	554	297	641	534	298
NM_001181893.1	227	290	159	386	301	176
NM_001181894.1	121	180	92	182	156	82
NM_001181895.1	566	695	424	827	670	366
NM_001181896.1	1433	1848	964	1900	1667	865
NM_001181897.1	21	21	16	32	30	14
NM_001181898.1	88	126	82	71	101	47
NM_001181899.1	1	1	0	0	0	0
NM_001181900.1	0	1	0	0	1	0
NM_001181901.1	98	133	76	143	117	74
NM_001181902.1	208	290	165	352	253	189
NM_001181903.1	116	165	67	166	192	84
NM_001181904.1	1784	2123	1308	2547	2496	1563
NM_001181905.1	426	528	302	521	530	268
NM_001181906.1	480	565	290	861	744	353
NM_001181907.1	348	443	253	462	419	245
NM_001181908.1	200	220	125	344	303	159
NM_001181909.1	738	869	498	1070	848	461
NM_001181910.1	305	454	221	486	448	214
NM_001181911.2	304	382	242	475	460	267
NM_001181912.1	717	937	496	1128	956	512
NM_001181913.1	621	782	421	772	758	430
NM_001181914.1	6476	7430	4204	10136	8823	5111
NM_001181915.1	2668	3213	1778	3514	2964	1785
NM_001181916.1	53764	61371	30203	59829	53544	25591
NM_001181917.1	12	10	5	22	9	9
NM_001181918.1	1	1	1	4	0	1
NM_001181919.1	460	583	299	691	591	305
NM_001181920.1	561	671	424	592	498	272
NM_001181921.2	1829	2005	1122	1897	1684	984
NM_001181922.1	72	72	50	85	84	43
NM_001181923.1	131	197	109	167	193	105
NM_001181924.1	9	5	5	13	6	8
NM_001181925.1	458	529	238	801	679	273
NM_001181926.1	491	573	338	660	613	317
NM_001181927.1	147	228	110	93	91	62
NM_001181929.1	186	234	121	167	190	94
NM_001181930.1	3970	4521	2542	4853	4539	2460
NM_001181931.1	411015	468923	268709	437981	398868	235313
NM_001181932.1	598	774	386	835	667	389
NM_001181933.1	4	3	2	6	1	1
NM_001181934.1	187	184	102	221	174	98
NM_001181935.1	34660	39784	21942	37806	33915	19754
NM_001181936.1	555	754	397	851	751	375
NM_001181937.1	275	317	169	271	268	135
NM_001181938.1	579	744	356	986	776	386
NM_001181939.1	358	391	199	512	429	206
NM_001181940.1	0	0	0	1	0	0
NM_001181941.1	14	17	11	29	20	14
NM_001181942.1	502	636	319	736	571	395
NM_001181943.1	5562	6584	3932	7001	6169	3117
NM_001181944.1	356	454	240	401	352	231
NM_001181945.1	14106	14706	6006	17056	16232	6804
NM_001181946.1	534	642	374	468	537	309
NM_001181947.1	8293	9832	5333	11492	9903	5486
NM_001181948.1	26493	29382	14917	26128	24489	12470
NM_001181950.1	305	366	257	370	343	185
NM_001181951.1	506	686	380	770	631	340
NM_001181952.1	575	715	359	575	546	276
NM_001181953.1	515	711	423	887	711	348
NM_001181954.1	114	132	110	173	130	70
NM_001181955.1	200	286	133	400	313	170
NM_001181956.1	699	818	493	810	686	390
NM_001181957.1	40	27	18	56	34	28
NM_001181958.1	753	915	474	1084	947	500
NM_001181959.1	342	445	225	504	469	245
NM_001181960.1	281	294	186	321	311	165
NM_001181961.1	813	957	515	1304	1099	629
NM_001181962.1	67236	77738	40535	81742	76922	38762
NM_001181964.1	298	359	198	366	310	163
NM_001181965.1	424	604	301	728	622	293
NM_001181966.1	589	710	368	920	725	401
NM_001181967.1	52	91	55	87	71	33
NM_001181968.1	45	39	27	37	32	21
NM_001181969.1	141	222	122	252	262	136
NM_001181970.1	3009	3885	2037	3725	3290	1823
NM_001181971.1	1079	1614	682	1426	1105	616
NM_001181972.1	226	269	178	262	256	128
NM_001181973.1	661	806	388	912	656	378
NM_001181974.1	216	303	186	357	265	139
NM_001181975.1	873	1201	629	1249	1090	594
NM_001181976.1	1580	1863	1059	2283	2043	1114
NM_001181977.1	295	350	215	543	466	284
NM_001181978.1	78	91	57	78	70	46
NM_001181979.1	64	34	19	39	29	24
NM_001181980.1	649	856	439	961	943	410
NM_001181981.1	595	775	392	754	704	377
NM_001181982.1	554	729	446	728	619	367
NM_001181983.1	811	996	498	978	885	510
NM_001181984.1	110	159	79	185	143	107
NM_001181985.1	138	171	94	165	148	89
NM_001181986.1	168	186	120	195	167	112
NM_001181987.1	1925	2377	1415	2395	2136	1155
NM_001181989.1	138	195	94	207	174	90
NM_001181990.1	154	264	127	276	238	118
NM_001181991.1	249	298	184	335	272	191
NM_001181992.1	103	166	87	123	114	63
NM_001181993.1	4056	4759	2946	5225	4185	2311
NM_001181994.1	203	246	160	357	320	161
NM_001181995.1	408	461	236	533	483	272
NM_001181996.1	46888	56996	31813	59948	51146	29765
NM_001181997.1	98757	111015	65261	93941	95622	61052
NM_001182000.1	1214	1541	798	1770	1511	906
NM_001182001.1	655	796	437	922	740	429
NM_001182002.1	407	541	259	518	485	248
NM_001182003.1	362	477	261	441	389	244
NM_001182004.1	282	395	219	449	410	234
NM_001182005.1	556	702	424	723	597	361
NM_001182006.1	177	202	138	227	224	109
NM_001182007.1	1101	1309	641	1519	1299	711
NM_001182008.1	187	227	101	216	232	148
NM_001182012.1	4	3	3	9	4	5
NM_001182013.1	386	405	276	333	303	185
NM_001182014.1	137	161	91	173	107	73
NM_001182015.1	105	131	75	136	139	51
NM_001182016.1	1913	2298	1393	2643	2272	1351
NM_001182017.1	319	475	205	384	370	188
NM_001182018.1	467	570	265	563	441	272
NM_001182019.1	76	124	59	115	87	52
NM_001182020.1	545	715	401	848	785	419
NM_001182021.1	17623	18419	11030	17071	15853	9294
NM_001182022.1	89	149	61	192	137	77
NM_001182023.1	1132	1123	592	1529	1078	563
NM_001182024.1	125	140	83	149	156	91
NM_001182025.1	635	818	449	779	582	372
NM_001182026.1	205	274	160	248	232	130
NM_001182028.1	85	99	48	107	81	44
NM_001182029.1	39	52	37	64	74	48
NM_001182030.1	414	508	337	695	575	325
NM_001182031.1	538	687	328	785	647	393
NM_001182032.1	94	124	57	151	119	58
NM_001182033.1	285	417	262	453	424	225
NM_001182034.1	185	249	125	322	288	172
NM_001182035.1	580	711	409	869	665	363
NM_001182036.1	36	52	22	86	69	26
NM_001182037.1	35828	40374	19077	40307	37410	17555
NM_001182038.1	72	92	57	117	107	53
NM_001182039.1	36	61	32	71	43	33
NM_001182040.1	8712	10624	5621	9386	8078	4428
NM_001182041.1	245	293	138	274	238	110
NM_001182042.1	0	0	0	0	0	0
NM_001182043.1	0	0	0	0	0	0
NM_001182044.1	0	0	0	0	0	0
NM_001182045.1	0	0	0	0	0	0
NM_001182046.1	0	0	0	0	0	0
NM_001182047.1	0	0	0	0	0	0
NM_001182048.1	0	0	0	0	0	0
NM_001182049.1	1	3	2	1	1	5
NM_001182050.1	719	955	559	957	773	461
NM_001182051.1	10	4	6	15	12	2
NM_001182052.1	25	55	33	61	37	27
NM_001182053.1	518	680	366	744	545	312
NM_001182054.1	57031	63923	31062	60683	55688	26069
NM_001182055.1	79	128	64	103	131	52
NM_001182057.1	352	425	260	571	470	247
NM_001182059.1	1933	2279	1318	2565	2297	1354
NM_001182060.1	163	194	97	166	151	89
NM_001182061.1	1	0	1	3	2	1
NM_001182062.1	7906	9682	5406	8717	7455	4306
NM_001182063.1	258	344	176	317	304	152
NM_001182064.1	72	86	49	159	111	68
NM_001182065.1	144	172	79	246	218	121
NM_001182066.1	4158	5251	2706	3713	3417	1973
NM_001182067.1	11749	13341	6155	11400	10313	5496
NM_001182068.1	332	407	250	431	394	219
NM_001182069.1	636	813	375	808	636	377
NM_001182070.1	667	917	416	982	851	438
NM_001182072.1	18903	21691	9968	20750	18973	8450
NM_001182073.1	1254	1515	790	1470	1364	820
NM_001182074.1	714	969	510	1163	909	543
NM_001182075.1	472	574	339	650	561	315
NM_001182076.1	335	400	192	442	411	210
NM_001182077.1	790	895	416	908	724	444
NM_001182078.1	238	274	175	346	284	159
NM_001182079.1	3869	4802	2202	5066	3944	2136
NM_001182080.1	216	291	149	309	302	148
NM_001182081.1	544	707	316	1000	891	522
NM_001182082.1	1291	1675	909	2295	1938	1144
NM_001182083.1	2914	3492	1813	3647	2829	1648
NM_001182084.1	10472	13060	6868	12336	11312	5779
NM_001182086.1	491	661	343	801	736	396
NM_001182087.1	463	639	306	889	720	336
NM_001182088.1	342	434	241	559	494	235
NM_001182090.1	702	860	513	750	694	443
NM_001182091.1	253	273	212	350	238	176
NM_001182092.1	158	166	83	325	264	128
NM_001182093.1	1153	1486	783	1186	1052	683
NM_001182094.1	584	752	431	844	740	420
NM_001182095.1	3027	3440	1995	4260	3642	2074
NM_001182096.1	589	687	394	880	750	462
NM_001182097.1	246	261	147	314	274	145
NM_001182098.1	64	78	27	96	80	39
NM_001182099.1	426	475	293	604	527	343
NM_001182100.1	48	58	24	69	67	37
NM_001182101.1	7296	8644	4535	9691	7880	3713
NM_001182102.1	182	237	157	271	274	159
NM_001182103.1	5769	7374	4379	9598	8363	4064
NM_001182105.1	108	122	75	136	110	87
NM_001182106.1	480	612	320	626	656	331
NM_001182107.1	560	709	346	897	819	451
NM_001182108.1	812	1004	526	1416	1151	580
NM_001182109.1	1882	2221	1310	2764	2427	1372
NM_001182110.1	512	735	427	850	631	407
NM_001182111.1	118	120	94	196	147	91
NM_001182112.1	535	638	412	1254	1036	565
NM_001182113.1	232	292	185	316	238	153
NM_001182114.1	20	35	13	25	18	16
NM_001182115.1	320	365	174	353	347	186
NM_001182116.1	1565	1894	1057	1610	1364	775
NM_001182118.1	785	1061	540	1164	1011	488
NM_001182120.1	27	33	19	34	40	16
NM_001182121.1	81	103	63	112	112	64
NM_001182124.1	308	466	219	380	327	228
NM_001182125.1	161	209	120	219	188	107
NM_001182126.1	163	210	117	268	215	101
NM_001182127.1	271	333	168	414	334	212
NM_001182128.1	603	705	378	718	615	329
NM_001182129.1	82	112	67	118	104	37
NM_001182130.1	418	557	308	564	563	311
NM_001182131.1	5943	6931	3440	9918	8788	4388
NM_001182132.1	151	167	111	196	136	104
NM_001182133.1	56	40	20	62	58	29
NM_001182134.1	398	535	302	766	626	326
NM_001182135.1	1511	2076	933	1823	1278	775
NM_001182136.1	175390	206751	103144	205477	176702	98623
NM_001182137.1	1105	1466	763	1278	1128	570
NM_001182138.1	25	26	21	37	34	20
NM_001182140.1	181	280	134	270	292	156
NM_001182141.1	87	126	53	141	113	58
NM_001182143.1	1931	2270	1187	1743	1513	802
NM_001182144.1	1639	1962	858	3073	2496	1310
NM_001182145.1	420	530	310	892	812	395
NM_001182146.1	16945	21020	13504	29121	21024	13804
NM_001182147.1	326	391	231	472	455	244
NM_001182148.1	229	218	114	294	289	134
NM_001182149.1	660	723	411	937	796	388
NM_001182150.1	0	3	0	4	2	2
NM_001182151.1	6555	7647	3700	7271	6514	3133
NM_001182152.1	127	174	102	174	145	72
NM_001182153.1	88	105	59	141	126	57
NM_001182154.1	30	44	23	50	69	31
NM_001182155.1	780	1032	547	994	974	506
NM_001182157.1	652	805	427	945	801	425
NM_001182158.1	40	70	30	65	54	33
NM_001182159.1	379	478	242	523	428	237
NM_001182160.1	22	41	31	43	44	35
NM_001182161.1	860	1028	573	1369	1204	633
NM_001182162.1	188	239	126	369	262	150
NM_001182163.1	1537	1923	1117	1923	1723	935
NM_001182164.1	342	435	316	706	646	325
NM_001182165.1	321	404	211	460	369	211
NM_001182168.1	25	28	13	41	32	16
NM_001182170.1	108	117	57	128	124	57
NM_001182171.1	79	65	53	82	72	38
NM_001182172.1	933	1087	618	1304	1237	630
NM_001182173.1	16156	19285	9693	21055	19117	9858
NM_001182174.1	655	867	491	769	666	352
NM_001182175.1	11848	14319	6778	12034	11100	5129
NM_001182176.1	68	104	54	123	110	75
NM_001182177.1	99	93	61	106	109	50
NM_001182178.1	185	217	133	162	136	82
NM_001182179.1	1256	1525	892	1502	1179	703
NM_001182180.1	853	1083	548	1023	866	489
NM_001182181.1	14848	18232	9312	19355	17646	9210
NM_001182183.1	619	860	410	847	788	352
NM_001182185.1	36	49	34	56	44	29
NM_001182186.1	200	229	132	257	226	104
NM_001182187.1	391	476	243	647	527	333
NM_001182188.1	6181	7483	4749	10286	9835	5345
NM_001182189.1	3202	3546	2157	4157	3767	2097
NM_001182191.1	0	0	0	0	0	0
NM_001182192.1	7468	9353	6330	14163	12561	6726
NM_001182193.1	1459	1634	954	1697	1506	784
NM_001182194.1	99	158	69	176	143	57
NM_001182195.1	5	7	4	19	16	8
NM_001182196.1	0	0	1	1	1	2
NM_001182197.2	559	730	340	757	471	278
NM_001182198.1	815	917	540	1109	925	479
NM_001182200.1	10	8	4	14	16	10
NM_001182201.1	312	369	215	478	413	231
NM_001182202.2	45	62	31	84	64	34
NM_001182203.2	2584	3341	1666	4604	3735	2113
NM_001182204.1	62	78	41	75	71	42
NM_001182205.1	166	231	116	318	231	132
NM_001182207.2	40	34	31	46	39	42
NM_001182208.1	419	607	302	596	470	292
NM_001182209.1	55	63	36	88	71	47
NM_001182210.1	898	1108	570	992	899	450
NM_001182212.1	185	190	95	258	212	115
NM_001182213.1	374	521	263	636	504	278
NM_001182214.1	16174	19644	9021	19246	17004	8052
NM_001182215.1	127	188	111	222	191	102
NM_001182216.1	75	106	43	232	166	65
NM_001182217.1	899	1176	585	1309	1117	556
NM_001182218.1	7	7	1	6	6	3
NM_001182219.1	1211	1619	728	1855	1443	777
NM_001182221.1	718	886	456	1019	766	435
NM_001182222.1	9775	12060	5724	11738	10354	5150
NM_001182224.1	2215	2774	1218	2871	2174	1252
NM_001182225.1	959	1247	633	1393	1143	635
NM_001182226.1	1511	2124	816	2477	1833	1258
NM_001182229.1	59813	69383	36972	60131	55307	30728
NM_001182230.1	4	3	2	6	4	1
NM_001182231.1	17291	21908	12370	25751	21735	12501
NM_001182232.1	0	2	1	3	0	2
NM_001182233.1	13830	16699	7743	15459	13633	6282
NM_001182234.1	219	223	127	265	193	122
NM_001182235.1	61	69	83	75	31	53
NM_001182236.1	3549	4511	2282	4850	4182	2264
NM_001182237.1	585	664	359	960	779	484
NM_001182239.1	635	783	428	932	874	495
NM_001182240.1	863	1134	666	1341	1237	677
NM_001182241.1	203	235	139	236	197	131
NM_001182242.1	129	181	85	135	121	56
NM_001182243.1	9849	12499	6664	10010	8669	5144
NM_001182244.1	41028	44500	22620	41130	37760	19770
NM_001182245.1	212	301	165	228	231	122
NM_001182246.1	995	1303	673	1514	1279	700
NM_001182248.1	5153	5736	2475	5893	5373	2339
NM_001182249.3	160	164	99	155	176	99
NM_001182250.1	290	387	222	362	285	163
NM_001182251.1	287	363	237	482	470	244
NM_001182252.3	284	401	234	411	366	168
NM_001182253.3	108	115	68	208	193	106
NM_001182256.1	4757	5536	2756	5378	4827	2067
NM_001182257.3	94	123	84	181	147	79
NM_001182258.1	450	579	273	607	490	270
NM_001182259.3	1153	1364	814	1525	1501	843
NM_001182260.1	510	702	314	660	506	285
NM_001182261.3	4595	5783	3167	5006	4233	2444
NM_001182262.1	444	546	324	616	550	330
NM_001182264.3	362	377	169	360	347	171
NM_001182265.1	34	38	27	63	49	21
NM_001182266.3	0	1	1	2	10	2
NM_001182267.1	4529	5329	3007	5233	4585	2594
NM_001182269.3	1043	1051	726	947	929	530
NM_001182270.1	93	90	45	86	89	57
NM_001182271.3	222	253	156	266	281	151
NM_001182272.1	168	242	167	265	201	135
NM_001182273.3	4192	5306	2975	6203	5594	3087
NM_001182274.1	87	78	58	91	79	45
NM_001182275.3	598	769	378	750	613	344
NM_001182276.1	1156	1354	743	2274	1801	957
NM_001182277.3	6553	7778	3120	7636	7150	2662
NM_001182278.1	1464	1744	907	1624	1486	838
NM_001182279.3	212	228	129	265	256	138
NM_001182280.3	107	110	60	145	140	74
NM_001182281.1	162	181	98	224	154	76
NM_001182282.3	6	6	3	6	3	2
NM_001182283.1	444	623	301	790	741	280
NM_001182284.3	284	378	213	427	422	233
NM_001182285.1	1100	1310	817	1499	1355	689
NM_001182286.3	1706	2038	1047	2658	2115	1195
NM_001182287.1	1809	2479	958	2929	2164	1287
NM_001182289.3	1074	1268	619	1732	1384	738
NM_001182291.1	722	971	457	954	820	498
NM_001182292.3	102	147	79	125	86	55
NM_001182293.1	254	338	173	375	319	152
NM_001182294.3	5928	7245	3989	7491	6472	3715
NM_001182295.4	275	340	188	387	297	120
NM_001182296.1	92	88	38	115	100	50
NM_001182297.3	1899	2312	1416	3089	2703	1434
NM_001182298.1	2744	3703	1609	3837	2829	1425
NM_001182299.3	27	45	21	39	39	21
NM_001182300.1	166	196	108	203	182	106
NM_001182301.1	8829	10659	4671	11812	10230	5868
NM_001182302.3	521	687	336	733	727	357
NM_001182303.1	0	1	0	1	2	1
NM_001182305.3	199	225	116	274	229	108
NM_001182306.1	1005	1300	568	1127	861	490
NM_001182307.3	803	1040	612	873	815	418
NM_001182308.1	2715	2923	1488	2309	2189	1058
NM_001182309.3	1141	1331	721	1683	1459	713
NM_001182310.1	333	397	281	570	449	262
NM_001182311.3	55	97	38	82	96	37
NM_001182312.1	157	174	106	250	188	118
NM_001182313.3	299	219	143	286	229	165
NM_001182314.1	154	181	107	220	177	114
NM_001182315.3	409	573	314	654	559	306
NM_001182317.1	3386	4057	2040	4802	4019	2215
NM_001182318.3	1251	1505	792	1828	1454	817
NM_001182319.1	26	63	36	62	48	30
NM_001182320.3	8610	10277	6485	13307	12109	7114
NM_001182321.1	669	884	466	1018	771	394
NM_001182323.3	758	951	498	914	774	433
NM_001182324.1	400	478	249	481	451	227
NM_001182325.3	327	371	194	457	389	207
NM_001182326.1	2437	3170	1516	2836	2638	1508
NM_001182327.1	331	387	233	411	446	256
NM_001182328.3	598	687	363	639	564	337
NM_001182329.1	34895	42968	20106	43343	38583	17512
NM_001182330.3	358	487	284	602	486	246
NM_001182331.1	135	137	87	146	94	54
NM_001182333.3	1	1	1	0	1	0
NM_001182334.1	77	85	43	54	65	25
NM_001182335.3	4522	5437	3012	6633	5966	3122
NM_001182336.1	22346	25606	13199	24189	22126	10806
NM_001182337.3	3361	4098	2128	2829	2451	1418
NM_001182338.1	1172	1408	742	1212	1028	594
NM_001182339.3	282	371	195	412	318	168
NM_001182340.1	895	1314	815	1699	1589	940
NM_001182341.3	27	43	25	27	31	13
NM_001182342.1	555	775	451	685	603	319
NM_001182343.3	300	451	248	472	389	189
NM_001182344.1	68	80	34	57	77	32
NM_001182345.3	50	68	33	85	74	41
NM_001182347.1	586	730	378	630	584	322
NM_001182348.3	166	214	142	260	279	141
NM_001182349.1	0	0	0	0	0	1
NM_001182350.3	0	0	1	0	0	0
NM_001182352.1	0	0	0	0	0	0
NM_001182354.3	0	1	0	3	0	0
NM_001182355.3	15	28	19	29	31	21
NM_001182356.1	1645	1914	1200	2481	2139	1243
NM_001182357.1	5	10	3	6	10	5
NM_001182358.1	35	58	32	54	53	22
NM_001182359.1	1876	2381	1197	3940	3309	1888
NM_001182360.1	220	264	168	297	309	145
NM_001182361.1	189	232	146	270	221	148
NM_001182362.1	1030	1380	607	1926	1470	895
NM_001182363.1	5778	7226	3817	8796	7111	3567
NM_001182364.1	331	388	181	325	272	168
NM_001182366.1	5470	7084	2833	9507	6479	4059
NM_001182368.1	96	141	82	174	147	68
NM_001182369.1	2211	2776	1608	2750	2514	1393
NM_001182371.1	574	665	398	725	679	397
NM_001182372.1	458	628	305	608	689	335
NM_001182373.1	217	257	129	292	280	118
NM_001182374.1	523	650	423	721	637	309
NM_001182375.1	1613	2221	1093	1935	1622	850
NM_001182376.1	500	556	315	495	447	292
NM_001182377.1	599	751	430	819	716	434
NM_001182378.1	151	169	74	200	187	97
NM_001182379.1	439	541	307	735	601	360
NM_001182380.1	2441	3084	1445	3081	2993	1546
NM_001182381.1	69	112	60	130	98	69
NM_001182382.1	27185	32825	15505	35826	31924	14272
NM_001182383.1	451	481	275	524	461	262
NM_001182384.1	24200	28229	14308	26420	23834	11708
NM_001182385.1	450	614	242	629	502	279
NM_001182386.1	32717	34806	18106	37628	37684	19597
NM_001182387.1	498	673	306	784	635	364
NM_001182388.1	223	318	151	311	249	171
NM_001182389.1	768	911	540	937	809	427
NM_001182390.1	249	302	170	418	300	217
NM_001182391.1	654	949	381	1081	779	445
NM_001182392.1	1863	2235	1056	2281	1954	1168
NM_001182394.1	222	259	146	318	257	142
NM_001182395.1	80	105	64	108	111	62
NM_001182396.1	346	472	235	499	369	262
NM_001182397.2	0	0	0	1	0	0
NM_001182398.1	0	0	0	1	0	0
NM_001182399.1	196	238	150	288	243	135
NM_001182400.1	21	25	15	21	32	12
NM_001182401.1	65	132	71	102	106	70
NM_001182402.2	89	142	95	84	81	73
NM_001182403.1	355	426	198	487	335	193
NM_001182404.1	0	0	0	1	1	2
NM_001182405.1	2285	2752	1544	2927	2652	1550
NM_001182407.1	760	986	650	1322	1278	712
NM_001182408.1	51	76	41	81	76	59
NM_001182409.1	96	125	53	118	114	91
NM_001182410.1	1658	2051	1108	2114	1870	1115
NM_001182411.1	256	344	192	358	349	153
NM_001182412.1	12	15	10	32	26	14
NM_001182413.1	426	481	235	525	482	210
NM_001182414.1	7808	9314	5385	11060	9972	5734
NM_001182415.1	754	973	515	1095	926	487
NM_001182417.1	3677	4366	2523	4460	3899	2204
NM_001182418.1	875	1029	574	1021	943	496
NM_001182419.1	306	335	221	398	347	191
NM_001182420.1	310	444	212	545	444	220
NM_001182421.1	277	320	206	359	273	156
NM_001182422.1	43647	53056	24950	51486	46016	20889
NM_001182423.1	224	275	156	384	273	150
NM_001182424.1	551	777	375	813	600	355
NM_001182425.1	1	0	0	3	0	0
NM_001182426.1	804	1052	540	1106	1015	510
NM_001182427.1	48	57	41	72	61	35
NM_001182428.1	2382	3026	1455	3980	3261	1680
NM_001182429.1	2719	3397	1774	3885	3331	1726
NM_001182430.1	362	467	251	413	364	198
NM_001182431.1	6353	8293	4016	8080	6272	3889
NM_001182432.1	28146	32211	16438	30264	28066	13384
NM_001182433.1	4464	5593	3026	4224	3510	2127
NM_001182434.1	1395	1740	1026	1489	1257	682
NM_001182435.1	223	264	143	263	233	108
NM_001182436.1	242	290	170	405	398	233
NM_001182437.1	2462	2953	1680	4077	3580	1866
NM_001182438.1	756	901	498	887	777	400
NM_001182439.1	382	522	297	571	532	258
NM_001182440.1	489	622	329	683	600	359
NM_001182441.1	328	423	227	437	397	214
NM_001182442.1	3	0	0	3	4	1
NM_001182444.1	3282	3936	2391	4152	3721	2206
NM_001182445.1	2584	3033	1634	3345	3070	1704
NM_001182446.1	11	15	14	36	13	8
NM_001182447.1	375	466	296	827	710	377
NM_001182450.1	307	509	245	571	580	233
NM_001182451.1	2053	2557	1328	3605	2967	1783
NM_001182452.1	2183	2950	1271	3199	2439	1364
NM_001182453.1	591	824	450	736	601	318
NM_001182454.1	79	117	50	142	131	48
NM_001182456.1	253	310	232	344	332	171
NM_001182457.1	321	420	212	489	481	235
NM_001182458.1	180	190	109	222	188	112
NM_001182459.1	195	242	118	222	206	124
NM_001182460.1	847	1039	467	1687	1395	800
NM_001182462.1	129	182	97	166	147	103
NM_001182464.1	348	349	228	504	434	256
NM_001182465.1	2090	2747	1474	3420	2811	1521
NM_001182466.1	125	210	108	185	190	97
NM_001182467.1	1102	1382	650	2004	1607	826
NM_001182468.1	3143	3740	2019	3335	2999	1501
NM_001182469.1	120	150	94	170	184	84
NM_001182470.1	253	331	162	471	371	198
NM_001182471.1	390	517	261	574	454	257
NM_001182472.1	1173	1553	867	1613	1355	801
NM_001182473.1	629	829	420	752	634	339
NM_001182474.1	194	219	138	259	261	153
NM_001182475.1	394	468	278	473	399	229
NM_001182476.1	266	314	186	344	289	160
NM_001182477.1	1073	1374	766	1299	1202	637
NM_001182478.1	293	368	239	1192	1097	570
NM_001182479.1	1088	1422	722	1456	1209	669
NM_001182481.1	11	21	10	24	24	17
NM_001182482.1	244	312	159	378	263	168
NM_001182483.1	375	504	217	648	579	254
NM_001182484.1	279	393	214	451	447	200
NM_001182486.1	0	0	0	0	0	0
NM_001182487.1	1793	2129	1289	2778	2437	1471
NM_001182488.1	1890	2125	1235	2917	2708	1486
NM_001182489.1	10300	12379	6673	14437	12476	6142
NM_001182490.1	939	1050	568	1251	1152	642
NM_001182491.1	107	101	55	259	208	109
NM_001182492.1	326	407	209	475	357	215
NM_001182493.1	1464	1902	1051	2966	2329	1176
NM_001182494.1	783	848	661	1824	1753	987
NM_001182495.1	302	335	180	411	323	190
NM_001182496.1	3	1	0	2	2	0
NM_001182497.1	856	1050	574	1153	921	540
NM_001182498.1	2529	3003	1389	4282	4054	1979
NM_001182499.1	109	159	79	153	138	76
NM_001182500.1	592	708	381	798	635	379
NM_001182501.1	638	844	410	894	752	429
NM_001182502.1	2585	2718	1499	1588	1346	845
NM_001182504.1	2383	3533	1586	1928	1650	859
NM_001182505.1	281	347	193	419	347	166
NM_001182506.1	504	624	291	539	474	245
NM_001182507.1	6610	8081	4209	8248	6988	3841
NM_001182508.1	10388	12835	6858	12803	10747	6046
NM_001182509.1	182	302	152	304	241	134
NM_001182510.1	694	944	470	995	818	446
NM_001182511.1	2182	2820	1411	3093	2688	1249
NM_001182512.1	780	1016	407	786	650	404
NM_001182513.1	8	6	9	6	10	4
NM_001182514.1	0	0	0	1	1	0
NM_001182515.1	241	260	176	366	325	187
NM_001182516.1	112	175	111	183	158	92
NM_001182517.1	229	257	167	319	313	165
NM_001182518.1	708	901	560	1011	882	489
NM_001182519.1	58	49	38	46	56	35
NM_001182520.1	540	756	380	797	684	357
NM_001182521.1	59	69	62	58	53	39
NM_001182522.1	128	165	91	166	167	92
NM_001182523.1	1734	2266	1153	2488	2107	1098
NM_001182524.1	252	302	174	271	288	154
NM_001182525.1	302	430	184	479	326	235
NM_001182526.1	80	98	63	127	102	60
NM_001182527.1	1587	2110	852	2411	1899	952
NM_001182529.1	293	354	174	384	295	186
NM_001182530.1	834	946	520	1267	1150	565
NM_001182531.1	32	62	38	28	32	24
NM_001182532.1	89	131	84	142	110	70
NM_001182533.1	149	207	103	251	195	105
NM_001182534.1	748	1046	410	1095	862	482
NM_001182535.1	2271	2992	1725	3336	2923	1720
NM_001182536.1	592	749	361	956	804	402
NM_001182537.1	10	13	8	8	11	4
NM_001182538.1	114	156	75	128	142	77
NM_001182539.1	93	92	49	100	98	66
NM_001182540.1	641	680	409	624	544	322
NM_001182541.1	533	707	346	940	774	420
NM_001182542.2	2513	3191	1433	3495	3458	1731
NM_001182543.1	2478	3162	1419	3473	3450	1712
NM_001182544.1	2401	2829	1278	3012	2452	1355
NM_001182545.1	155	212	105	278	231	125
NM_001182546.1	3862	4923	2336	4849	4187	2228
NM_001182547.2	45	58	18	37	41	7
NM_001182548.1	31	23	6	24	20	6
NM_001182550.1	80	82	46	102	109	46
NM_001182551.1	21	32	34	32	34	20
NM_001182552.1	926	1051	572	1323	1061	652
NM_001182553.1	66	106	61	135	134	71
NM_001182554.1	11	16	9	15	17	18
NM_001182556.1	18719	20500	10326	25863	22808	11997
NM_001182557.1	69	97	50	119	104	47
NM_001182558.1	225	251	193	257	213	128
NM_001182559.1	634	843	447	906	821	427
NM_001182560.1	866	1025	519	2195	1819	942
NM_001182561.1	53	61	29	62	60	35
NM_001182562.1	184	227	122	180	178	115
NM_001182563.1	25	26	22	41	46	16
NM_001182564.1	131	167	89	189	176	98
NM_001182565.1	584	768	338	1121	844	498
NM_001182566.1	38	62	24	45	39	21
NM_001182567.1	46	41	19	39	32	26
NM_001182568.1	480	626	297	614	511	301
NM_001182569.1	744	851	448	1129	909	426
NM_001182570.1	2107	2772	1404	2642	2174	1003
NM_001182571.1	212	243	182	294	272	171
NM_001182572.1	999	1231	629	1347	1146	621
NM_001182574.1	299	431	252	405	378	163
NM_001182575.1	944	1186	635	1107	886	521
NM_001182576.1	80	120	80	122	99	46
NM_001182577.1	234	301	220	333	282	163
NM_001182578.1	4928	6112	3325	6366	5490	2946
NM_001182579.1	1786	2112	1150	2510	2250	1182
NM_001182580.1	10	6	6	6	8	4
NM_001182582.1	6554	7842	4100	7890	6576	3555
NM_001182583.1	1	0	0	3	1	0
NM_001182584.1	0	1	0	0	1	2
NM_001182586.1	1148	1339	523	1308	1211	565
NM_001182587.1	88	114	61	132	97	60
NM_001182588.1	481	611	353	567	494	311
NM_001182589.1	743	910	538	1132	931	486
NM_001182590.1	77	92	56	148	155	81
NM_001182591.1	1374	1721	803	2538	2160	1118
NM_001182592.1	2629	3220	1789	3826	3409	1810
NM_001182593.1	1114	1413	739	1720	1482	801
NM_001182594.1	71	77	49	102	91	55
NM_001182595.1	1	3	0	2	1	2
NM_001182596.1	8	7	6	3	7	3
NM_001182597.1	124	181	105	191	163	96
NM_001182598.1	166	263	139	247	238	131
NM_001182599.1	2890	3521	1782	3276	2889	1388
NM_001182600.1	213	289	174	353	305	157
NM_001182601.1	12	9	3	9	8	3
NM_001182602.1	498	506	314	710	535	343
NM_001182604.1	108	166	107	178	173	100
NM_001182605.1	260	224	185	408	343	212
NM_001182606.1	197	168	107	161	151	73
NM_001182607.1	3	3	1	11	6	3
NM_001182608.1	8724	10900	5718	13024	11001	6207
NM_001182609.1	2009	2431	1297	2583	2119	1227
NM_001182610.1	615	755	426	1095	928	494
NM_001182611.1	110	122	64	108	95	63
NM_001182612.1	243	317	204	300	260	143
NM_001182613.1	287	354	197	474	417	258
NM_001182614.1	78	90	51	103	96	47
NM_001182615.1	336	470	274	454	418	204
NM_001182616.1	57559	64785	32345	58394	53286	27475
NM_001182617.1	103	173	86	176	130	64
NM_001182618.1	4	0	2	2	3	0
NM_001182619.1	301	386	186	391	356	182
NM_001182621.1	5812	5742	2001	5652	5309	1822
NM_001182622.1	16883	19079	9540	19113	16518	8545
NM_001182624.1	784	964	560	928	866	546
NM_001182625.1	582	799	308	773	565	325
NM_001182626.1	2163	2797	1540	3044	2633	1514
NM_001182627.1	65	77	42	77	62	34
NM_001182628.1	85	116	79	112	133	44
NM_001182629.1	2175	2688	1466	2061	1670	954
NM_001182630.1	1590	1938	1055	2464	2004	975
NM_001182631.1	303	429	238	500	441	222
NM_001182632.1	3132	3864	1915	3449	2964	1740
NM_001182633.1	74	122	68	143	79	63
NM_001182634.1	1	5	3	2	3	1
NM_001182635.1	282	345	226	541	422	247
NM_001182636.1	155	182	88	267	245	122
NM_001182638.1	284	446	156	419	390	184
NM_001182639.1	127	118	76	156	136	59
NM_001182640.1	73	108	64	114	111	59
NM_001182641.1	315	367	203	446	386	235
NM_001182642.1	278	371	232	392	347	193
NM_001182644.1	40637	46715	21160	47024	41906	19329
NM_001182645.1	20356	24048	12246	23095	20499	10061
NM_001182646.1	217	257	168	270	237	126
NM_001182647.1	2117	2828	1329	4114	3944	1617
NM_001182648.1	5775	6741	3901	6527	5888	3462
NM_001182649.2	307	410	215	353	316	192
NM_001182650.1	75	129	59	101	85	52
NM_001182651.1	1972	2375	1212	2427	2274	1185
NM_001182652.1	109	190	117	130	115	78
NM_001182654.1	647	834	439	1489	1290	698
NM_001182656.1	927	1215	513	1216	971	552
NM_001182657.1	65	76	48	105	81	59
NM_001182658.1	192	271	185	277	201	131
NM_001182659.1	88	104	67	90	69	57
NM_001182660.1	250	292	164	378	315	203
NM_001182661.1	331	414	240	367	353	189
NM_001182663.1	40	38	34	49	53	35
NM_001182664.1	160	219	110	243	185	96
NM_001182665.1	638	788	389	915	838	408
NM_001182666.1	406	511	265	593	572	264
NM_001182667.1	82	131	65	129	128	63
NM_001182668.1	289	337	223	425	288	179
NM_001182669.1	413	472	245	585	476	242
NM_001182670.1	125	166	92	137	104	77
NM_001182671.1	192	271	146	288	259	122
NM_001182672.1	133	111	73	176	149	86
NM_001182673.1	191	272	132	304	251	143
NM_001182674.1	318	443	220	477	423	248
NM_001182675.1	256	330	191	421	320	202
NM_001182677.1	162	238	135	266	220	117
NM_001182678.1	11317	12666	6858	7489	6225	4168
NM_001182680.1	21	20	14	34	28	11
NM_001182681.1	0	1	4	5	2	2
NM_001182682.1	196	241	141	244	225	112
NM_001182683.1	268	343	187	316	256	136
NM_001182684.1	584	747	392	1007	878	453
NM_001182685.1	244	335	184	366	257	174
NM_001182686.1	58	96	40	84	90	48
NM_001182687.1	72	91	42	54	57	29
NM_001182688.1	14	19	19	5	4	5
NM_001182689.1	2077	2422	1347	2598	2225	1211
NM_001182690.1	366	449	252	481	394	214
NM_001182691.1	332	379	220	370	381	250
NM_001182692.1	82127	104470	52552	144683	115468	57994
NM_001182693.1	81	104	73	130	112	81
NM_001182694.1	369	475	254	667	530	298
NM_001182695.1	1127	1263	656	1858	1583	843
NM_001182696.1	237	268	107	342	244	125
NM_001182697.1	240	308	215	434	352	225
NM_001182698.1	481	607	285	637	524	277
NM_001182700.1	275	426	216	442	331	178
NM_001182701.1	13394	15468	7068	15548	13794	6553
NM_001182702.1	185	236	117	318	234	117
NM_001182703.1	197	211	141	401	343	190
NM_001182704.1	547	693	348	864	652	329
NM_001182705.1	141	229	108	221	169	102
NM_001182706.1	462	536	321	576	504	266
NM_001182707.1	986	1105	666	1257	1208	651
NM_001182708.1	147	192	120	294	229	125
NM_001182709.1	2789	3079	1894	3366	3224	1705
NM_001182710.1	4177	5049	2739	5194	4589	2671
NM_001182711.1	103	141	68	170	133	79
NM_001182712.1	27837	32844	18110	28231	24000	14470
NM_001182713.1	4	2	0	0	0	1
NM_001182714.1	169	218	115	242	189	72
NM_001182715.1	1139	1389	759	1515	1346	788
NM_001182716.1	271	335	191	267	293	161
NM_001182717.1	202	281	154	341	263	137
NM_001182718.1	153	195	124	205	200	108
NM_001182719.1	856	1108	595	1337	1144	686
NM_001182720.1	214	315	132	305	290	135
NM_001182721.1	1031	1299	712	1561	1447	699
NM_001182722.1	2658	3301	1768	2713	2478	1340
NM_001182723.1	906	1020	524	1246	997	593
NM_001182724.1	13042	15357	8349	16192	14644	8092
NM_001182725.1	392	474	257	561	491	265
NM_001182726.1	797	1039	459	1070	801	495
NM_001182727.1	920	1169	643	1127	999	545
NM_001182728.1	836	1000	577	1125	947	523
NM_001182729.1	431	510	295	511	516	266
NM_001182730.1	306	442	222	471	407	185
NM_001182731.1	174	208	118	244	197	101
NM_001182732.1	267	322	170	276	249	137
NM_001182733.1	2678	3417	1717	5034	4488	2388
NM_001182734.1	378	458	244	543	407	206
NM_001182735.1	189	230	152	299	270	143
NM_001182736.1	13034	15491	8203	18917	17065	8475
NM_001182737.1	10813	13539	6696	14875	13282	6270
NM_001182738.1	594	766	442	817	712	376
NM_001182739.1	3	3	6	12	10	6
NM_001182740.1	142	164	90	175	121	63
NM_001182741.1	185	212	110	179	155	70
NM_001182742.1	3188	3946	2035	3046	2686	1517
NM_001182743.1	598	821	395	982	877	500
NM_001182744.1	1600	2009	1079	2564	2326	1284
NM_001182745.1	724	982	595	974	830	487
NM_001182746.1	296	380	241	445	348	204
NM_001182747.1	246	277	138	286	244	146
NM_001182748.1	2468	2758	1604	3024	2610	1429
NM_001182749.1	35520	42290	20102	39507	35764	16653
NM_001182750.1	2412	3063	1625	2903	2523	1462
NM_001182751.1	165	169	86	233	183	100
NM_001182752.1	1	1	3	1	5	1
NM_001182754.1	7030	8126	4383	8744	7819	4587
NM_001182755.1	1274	1616	984	1572	1343	763
NM_001182756.1	220	316	150	636	568	344
NM_001182757.1	15	13	4	12	11	11
NM_001182758.1	999	1406	716	1741	1714	821
NM_001182759.1	31	42	32	59	52	37
NM_001182760.1	326	309	167	389	311	194
NM_001182762.1	272	354	210	424	309	165
NM_001182763.1	410	469	201	531	568	189
NM_001182764.1	45	67	49	62	52	40
NM_001182765.1	317	355	193	399	348	206
NM_001182766.1	980	1327	694	1028	923	459
NM_001182767.1	4821	6027	3260	6454	5307	2787
NM_001182768.1	1851	2481	1161	3606	2804	1549
NM_001182769.2	105	124	73	168	166	84
NM_001182770.1	293	338	172	409	376	233
NM_001182771.1	427	479	276	389	361	202
NM_001182772.1	136	144	80	121	116	63
NM_001182773.1	2098	2708	1384	1629	1216	743
NM_001182774.1	251	300	209	400	340	183
NM_001182775.1	171	195	117	226	230	115
NM_001182776.1	233	283	195	350	222	130
NM_001182777.1	132	132	88	136	126	74
NM_001182778.1	12	5	3	6	12	12
NM_001182779.1	1432	1737	1019	2021	1777	1096
NM_001182780.1	383	526	182	541	441	221
NM_001182781.1	147	218	81	172	173	97
NM_001182782.1	596	746	451	767	766	396
NM_001182783.1	5061	5802	3154	8029	7227	4009
NM_001182784.1	587	778	386	907	738	429
NM_001182785.1	613	763	419	630	507	265
NM_001182786.1	5	6	4	5	6	6
NM_001182787.1	34	38	23	42	42	17
NM_001182788.1	282	320	190	336	287	159
NM_001182789.1	182	197	117	231	212	115
NM_001182790.1	168	178	88	207	202	97
NM_001182791.1	166	175	102	157	136	82
NM_001182792.1	524	632	365	973	760	412
NM_001182793.1	147	232	127	336	238	145
NM_001182794.1	189	213	104	241	200	105
NM_001182795.1	452	576	311	693	533	306
NM_001182796.1	242	379	218	430	390	216
NM_001182797.1	4414	5300	2684	5931	5309	2685
NM_001182799.1	510	651	320	739	577	352
NM_001182800.1	525	853	530	779	671	397
NM_001182801.1	102	110	72	103	88	41
NM_001182802.1	76	125	58	134	102	51
NM_001182804.1	2021	2303	1254	2752	2411	1348
NM_001182805.1	1633	1949	1109	1654	1558	950
NM_001182806.1	4159	4854	2922	5892	5163	3136
NM_001182807.1	1052	1246	728	1791	1557	831
NM_001182808.2	89	88	69	126	116	50
NM_001182809.1	2310	2663	1413	2538	2542	1174
NM_001182810.1	514	688	364	611	574	292
NM_001182811.1	399	545	312	737	656	334
NM_001182812.1	39237	44597	22749	49862	39860	22613
NM_001182814.1	924	1362	711	1685	1434	803
NM_001182815.1	5378	6880	3187	6009	5308	2880
NM_001182817.1	3	3	3	10	2	3
NM_001182818.1	27323	33604	17297	26748	24577	13418
NM_001182819.1	3691	4672	2179	5151	4407	2419
NM_001182820.1	6455	8151	4376	7612	6892	3620
NM_001182821.1	479	527	343	546	584	360
NM_001182822.1	806	885	441	1082	917	455
NM_001182823.1	410	507	320	445	381	256
NM_001182824.1	272	362	203	431	373	197
NM_001182825.1	1519	1952	1132	2389	2034	1117
NM_001182826.1	2008	2614	1208	2907	2584	1386
NM_001182829.1	64	105	50	123	111	67
NM_001182830.2	49	43	37	26	16	16
NM_001182831.3	5378	6530	3846	12305	10996	6490
NM_001182832.1	1071	1128	501	2169	1655	856
NM_001182834.3	483	517	301	570	578	378
NM_001182835.1	0	1	2	1	0	0
NM_001182836.3	5	4	4	5	1	5
NM_001182838.1	2	0	0	0	0	0
NM_001182840.1	838	942	549	1311	1053	576
NM_001182841.3	2478	3074	1698	3080	2606	1339
NM_001182842.3	133	245	124	185	165	99
NM_001182843.1	788	1034	596	963	829	436
NM_001182844.1	552	739	441	878	753	435
NM_001182845.3	321	394	229	421	375	207
NM_001182846.1	6326	8309	4118	8617	6944	3158
NM_001182847.2	333	453	263	455	382	228
NM_001182848.3	28	37	27	55	40	27
NM_001182849.3	3896	4640	2323	4645	4031	1906
NM_001182850.1	125	184	95	200	164	84
NM_001182851.1	32	23	14	17	17	7
NM_001182853.3	634	866	405	984	800	425
NM_001182854.1	303	385	201	355	345	188
NM_001182855.1	9481	11681	5431	11913	10147	5679
NM_001182857.3	13	5	5	6	3	2
NM_001182858.3	9	20	10	22	22	8
NM_001182859.1	138	218	118	244	204	119
NM_001182860.1	612	708	449	809	656	377
NM_001182861.3	557	697	379	786	731	394
NM_001182862.1	576	624	426	756	649	369
NM_001182863.1	36	58	23	76	53	29
NM_001182864.3	110	139	71	122	115	54
NM_001182865.1	422	551	306	675	530	321
NM_001182866.1	605	753	337	799	641	335
NM_001182868.3	109	123	70	109	121	62
NM_001182869.1	10476	12243	6288	13345	11145	5273
NM_001182870.1	13829	16274	8439	16728	14703	7257
NM_001182871.3	231	288	159	328	268	134
NM_001182872.3	9	20	10	23	22	7
NM_001182873.1	7	1	3	6	4	2
NM_001182874.1	583	678	365	988	772	446
NM_001182875.3	765	1019	392	1088	1030	676
NM_001182876.1	1914	2345	1597	3490	3125	1558
NM_001182877.1	113	172	112	173	143	85
NM_001182878.3	555	658	361	835	618	312
NM_001182879.3	324	473	271	188	164	98
NM_001182880.1	600	813	351	835	668	347
NM_001182881.1	78	93	57	70	81	52
NM_001182883.1	1094	1339	566	1582	1489	571
NM_001182884.1	1784	2084	1092	2612	2408	1335
NM_001182885.3	134	177	67	197	175	110
NM_001182886.3	199	277	135	298	317	129
NM_001182887.1	443	631	334	624	585	279
NM_001182888.1	921	1161	599	1303	1179	617
NM_001182889.3	326	466	194	546	398	258
NM_001182890.1	295	397	209	381	333	163
NM_001182891.1	856	942	423	1202	1129	483
NM_001182892.3	253	351	181	301	308	173
NM_001182893.3	543	814	333	937	671	460
NM_001182894.1	10118	12336	6101	13030	12534	6363
NM_001182895.3	240	255	153	305	272	162
NM_001182897.1	544	731	399	907	686	430
NM_001182898.1	795	918	501	1065	866	510
NM_001182899.3	2344	2864	1663	2968	2537	1464
NM_001182900.3	1061	1407	750	1571	1314	775
NM_001182901.1	99	92	53	159	130	68
NM_001182902.1	12030	15782	8667	21774	17895	9557
NM_001182903.3	294	333	171	347	271	203
NM_001182904.1	6071	6842	3308	5583	4881	2726
NM_001182905.1	21164	23561	11806	21249	19616	9301
NM_001182906.3	611	707	403	628	545	270
NM_001182907.1	35623	42091	20457	41936	38341	18315
NM_001182908.1	836	1043	519	968	799	408
NM_001182909.3	6848	8289	4254	8064	6956	4012
NM_001182910.1	300	341	188	456	352	222
NM_001182911.1	202	242	130	285	250	146
NM_001182912.3	987	1224	543	1317	1096	634
NM_001182913.3	914	1177	581	1494	1357	643
NM_001182914.1	258	320	177	381	308	172
NM_001182915.1	222	273	161	254	206	123
NM_001182916.3	489	593	287	621	544	322
NM_001182917.1	3497	4551	2054	5081	3977	2084
NM_001182918.1	171	252	125	227	223	119
NM_001182919.3	324	444	236	478	476	233
NM_001182920.3	405	485	285	521	400	255
NM_001182921.1	149	172	82	204	174	103
NM_001182922.1	1222	1627	826	2297	1832	944
NM_001182923.3	2843	3524	2120	4346	3824	2234
NM_001182924.1	80	67	42	115	104	66
NM_001182925.1	2205	2735	1504	2474	1988	1117
NM_001182926.3	2053	2767	1544	2099	1762	1010
NM_001182928.3	357	431	227	448	419	213
NM_001182929.1	802	1042	634	1128	854	507
NM_001182930.1	36	51	18	27	35	28
NM_001182931.3	5	4	2	5	2	3
NM_001182932.1	145	164	107	215	168	101
NM_001182933.1	249	355	181	369	295	185
NM_001182934.3	19311	21928	9699	21288	18611	9186
NM_001182935.3	169	204	127	213	167	84
NM_001182936.1	1817	2269	1148	2964	2603	1422
NM_001182937.3	468	590	322	523	539	294
NM_001182938.1	223	321	215	491	417	229
NM_001182939.1	393	433	249	578	491	292
NM_001182940.3	1440	1966	876	2129	1616	910
NM_001182941.3	482	676	327	680	590	316
NM_001182942.1	4417	5185	2915	8138	7538	4099
NM_001182944.1	299	344	211	389	331	189
NM_001182945.3	228	281	157	269	230	130
NM_001182946.1	938	1039	615	1148	1131	524
NM_001182948.1	1378	1834	915	1700	1369	723
NM_001182949.3	862	901	557	982	844	347
NM_001182950.3	8091	9142	4901	9640	8905	4850
NM_001182951.1	1220	1495	800	1505	1384	646
NM_001182953.1	411	567	282	769	645	333
NM_001182954.3	596	690	304	826	736	400
NM_001182955.1	15	5	3	3	1	0
NM_001182956.1	1609	2032	921	2563	2082	1188
NM_001182957.3	324	431	228	3	2	0
NM_001182959.3	2924	3467	2329	4479	3455	2139
NM_001182960.1	302	381	184	435	406	215
NM_001182961.1	2741	3283	1707	4271	3572	1984
NM_001182962.3	579	583	360	830	697	410
NM_001182963.1	243	274	130	302	271	144
NM_001182964.1	225	333	224	350	321	172
NM_001182965.3	336	368	198	481	411	215
NM_001182966.4	13	15	7	6	13	7
NM_001182967.1	279	350	227	386	307	167
NM_001182968.3	1314	1691	988	1821	1647	866
NM_001182969.1	2402	2979	1464	3528	2968	1726
NM_001182970.1	3811	4608	2576	5061	4517	2427
NM_001182971.3	99	134	57	124	103	41
NM_001182972.3	3195	4319	2872	6544	6515	3611
NM_001182973.1	6104	6830	3247	7163	6023	3010
NM_001182974.1	164	154	119	211	158	95
NM_001182975.3	695	866	462	907	822	455
NM_001182976.1	4589	6031	3190	5898	4843	2658
NM_001182977.3	1148	1466	707	1654	1420	735
NM_001182979.1	2000	2385	1266	1650	1455	788
NM_001182980.1	44	47	35	39	39	25
NM_001182982.1	46	46	30	36	35	26
NM_001182983.1	796	1166	548	1281	1034	474
NM_001182984.3	20	25	23	21	28	15
NM_001182985.1	730	1012	496	942	786	426
NM_001182986.1	109	143	92	144	142	68
NM_001182987.1	724	900	530	1390	1253	717
NM_001182989.3	649	869	454	896	816	410
NM_001182990.1	262	298	173	348	316	166
NM_001182991.1	589	759	397	881	817	359
NM_001182992.1	2094	2713	1358	2638	2171	1214
NM_001182993.1	689	847	475	1346	1086	575
NM_001182994.3	388	497	257	576	500	243
NM_001182995.1	402	505	242	500	465	231
NM_001182996.1	245	296	151	285	257	123
NM_001182997.1	210	273	164	347	303	134
NM_001182998.1	966	1203	913	579	393	483
NM_001182999.3	832	1060	497	990	778	447
NM_001183000.1	22243	26928	12388	29035	25079	10797
NM_001183001.1	1181	1379	884	1723	1414	882
NM_001183002.1	175	288	141	305	237	148
NM_001183003.3	173	176	115	177	181	109
NM_001183004.1	1015	1262	498	1572	1201	655
NM_001183005.1	414	561	201	531	396	243
NM_001183006.1	609	736	472	574	536	264
NM_001183007.1	459	591	326	665	559	311
NM_001183010.4	257	277	178	315	289	151
NM_001183011.1	479	641	274	961	780	406
NM_001183013.2	2606	3168	1556	2493	2225	1175
NM_001183014.2	328	401	201	419	418	191
NM_001183015.2	572	754	394	766	616	365
NM_001183016.3	52937	61312	30352	59939	54671	28009
NM_001183018.1	417	459	274	552	489	258
NM_001183019.2	549	724	391	801	608	408
NM_001183020.1	986	1168	689	1187	1120	629
NM_001183021.1	510	703	342	658	553	323
NM_001183023.1	284	358	155	318	265	173
NM_001183024.2	930	1303	529	1165	922	549
NM_001183025.1	13	16	13	17	13	11
NM_001183026.1	111	169	80	172	138	91
NM_001183027.1	5079	6220	3292	6995	6069	3293
NM_001183028.1	7185	8472	3973	6856	6722	3159
NM_001183029.1	268	358	224	343	425	195
NM_001183030.2	1294	1760	815	2024	1551	927
NM_001183031.2	298	382	235	352	323	207
NM_001183032.1	6	3	1	5	2	1
NM_001183033.1	29	33	22	64	54	30
NM_001183034.1	0	0	1	1	2	1
NM_001183035.1	1109	1396	700	1354	1165	623
NM_001183037.1	501	562	320	681	548	316
NM_001183038.1	132	152	88	173	151	110
NM_001183039.1	539	681	376	701	614	339
NM_001183040.1	35	51	15	51	54	26
NM_001183042.1	0	3	0	5	1	0
NM_001183044.1	323	494	245	525	435	245
NM_001183045.1	1070	1244	729	1502	1301	709
NM_001183046.1	3185	3561	2090	4060	3289	1993
NM_001183047.1	108163	126977	60239	118709	99797	56556
NM_001183048.1	0	2	0	1	0	1
NM_001183049.1	9	22	13	25	10	6
NM_001183050.1	946	1338	731	1475	1271	737
NM_001183051.1	60	64	36	87	81	47
NM_001183052.1	96	130	88	181	147	78
NM_001183053.1	427	504	260	718	594	317
NM_001183054.1	1929	2775	1023	2731	1932	1099
NM_001183055.1	604	626	423	656	585	337
NM_001183056.1	189	283	111	333	264	123
NM_001183057.1	1049	1312	770	1266	1133	607
NM_001183058.1	4856	5437	2417	6395	5731	2366
NM_001183059.1	607	727	444	784	729	391
NM_001183060.1	323	425	217	400	280	164
NM_001183061.1	99	103	69	131	118	54
NM_001183062.1	529	610	313	662	553	303
NM_001183063.1	191	321	113	316	241	144
NM_001183065.1	313	428	257	399	375	195
NM_001183067.1	726	976	597	978	829	410
NM_001183068.1	57	98	28	64	60	34
NM_001183069.1	1727	2002	1199	1792	1486	941
NM_001183070.1	664	825	519	1038	901	527
NM_001183071.1	584	854	322	794	609	326
NM_001183072.1	78	112	49	91	72	46
NM_001183074.1	491	646	344	675	615	376
NM_001183075.1	68	75	59	92	58	44
NM_001183076.1	713	892	487	899	834	435
NM_001183077.1	1525	1928	1007	1811	1551	827
NM_001183078.1	313	436	236	602	590	346
NM_001183079.1	2680	3290	1898	5090	4538	2872
NM_001183080.1	290	393	198	397	355	205
NM_001183081.2	2930	3444	1798	4158	3515	2121
NM_001183082.1	3013	3734	1994	3640	3144	1530
NM_001183083.1	161	203	95	246	207	116
NM_001183084.1	336	408	244	571	445	236
NM_001183085.1	5049	6105	3288	6535	5716	3179
NM_001183086.1	2936	3595	1786	3858	3341	1768
NM_001183087.1	96	99	65	142	116	54
NM_001183088.1	253	282	126	304	273	149
NM_001183089.1	1654	1985	1002	1969	1747	910
NM_001183090.1	315	359	202	469	431	247
NM_001183091.1	243	286	169	366	337	192
NM_001183092.1	122	145	69	157	142	96
NM_001183093.1	4900	5571	2776	5586	5277	2466
NM_001183094.1	718	885	481	1053	954	634
NM_001183095.1	252	313	194	377	286	176
NM_001183096.1	527	670	426	708	566	322
NM_001183097.1	351	414	242	404	308	151
NM_001183098.2	214	264	135	306	293	128
NM_001183099.1	232	300	175	307	305	146
NM_001183100.1	1116	1414	889	1440	1248	665
NM_001183101.1	1086	1281	630	1514	1391	714
NM_001183102.1	550	680	401	869	773	425
NM_001183103.1	260	401	238	386	400	217
NM_001183105.1	550	717	397	757	697	344
NM_001183106.1	3070	3610	1950	4328	3523	1998
NM_001183107.1	0	0	0	0	0	0
NM_001183108.1	70	73	50	84	81	67
NM_001183109.2	962	1260	643	1441	1068	622
NM_001183110.1	379	514	302	599	446	240
NM_001183111.1	327	447	240	446	399	214
NM_001183112.1	228	249	116	363	324	158
NM_001183113.1	177	256	110	278	239	136
NM_001183115.1	104	138	63	45	54	25
NM_001183116.1	462	616	302	525	434	247
NM_001183117.1	10	30	13	83	51	35
NM_001183118.1	1123	1436	787	1503	1281	700
NM_001183119.1	1723	2053	1094	2153	1786	901
NM_001183120.1	183	154	93	172	146	93
NM_001183121.1	438	499	238	424	428	174
NM_001183122.1	553	850	407	804	735	339
NM_001183124.1	122	201	113	246	143	81
NM_001183125.1	4954	6564	3257	8249	7041	3816
NM_001183126.1	628	761	416	682	635	355
NM_001183127.1	403	415	282	542	502	299
NM_001183128.1	717	840	475	1076	957	599
NM_001183129.1	327	418	224	348	304	152
NM_001183130.1	783	922	460	748	649	370
NM_001183131.1	255	288	155	292	254	134
NM_001183132.1	72	92	63	124	90	56
NM_001183133.1	164	243	137	279	278	114
NM_001183135.1	971	1245	623	1434	1209	688
NM_001183136.1	533	700	360	861	729	394
NM_001183137.1	278	336	242	343	381	237
NM_001183138.1	1239	1462	918	1255	1329	823
NM_001183139.1	14432	15804	8864	13611	12133	6542
NM_001183140.1	25344	29894	15144	30343	27124	13187
NM_001183142.1	175	243	114	207	220	102
NM_001183143.1	447	513	317	726	691	417
NM_001183144.1	625	825	469	994	842	491
NM_001183145.1	1553	1902	1026	2129	1794	926
NM_001183146.1	2092	2662	1311	2559	2081	1167
NM_001183147.1	365	405	199	383	323	189
NM_001183148.1	310	455	226	390	350	174
NM_001183149.1	261	242	156	287	266	142
NM_001183150.1	1101	1405	669	1840	1528	747
NM_001183151.1	1303	1584	902	1865	1565	897
NM_001183152.1	83	116	53	105	116	50
NM_001183153.1	538	551	386	639	587	349
NM_001183154.1	271	302	130	356	330	156
NM_001183155.1	290	338	174	375	313	178
NM_001183156.1	1	1	0	0	2	1
NM_001183158.1	244	317	174	309	299	171
NM_001183159.1	649	833	419	738	624	386
NM_001183160.1	2319	2957	1415	2954	2649	1406
NM_001183161.1	935	1150	559	1503	1309	694
NM_001183163.1	180	204	130	268	235	137
NM_001183164.1	139	159	88	177	136	74
NM_001183165.2	7801	11073	4731	10658	8929	4862
NM_001183166.1	41	36	21	43	36	16
NM_001183167.1	216	250	180	307	284	164
NM_001183168.1	671	872	480	1047	952	540
NM_001183169.1	14	12	6	35	35	31
NM_001183170.1	7	9	8	19	25	13
NM_001183171.1	59	106	53	119	117	90
NM_001183172.1	53	42	10	48	39	14
NM_001183173.1	1	3	1	9	6	1
NM_001183174.1	213	340	143	397	327	150
NM_001183177.1	3	7	4	11	6	4
NM_001183178.1	1498	2040	934	3581	3182	1509
NM_001183179.3	4	10	0	4	11	5
NM_001183180.1	739	924	458	630	573	283
NM_001183181.1	43	79	38	58	57	22
NM_001183183.3	677	794	361	952	795	363
NM_001183184.3	105	139	80	180	153	82
NM_001183185.1	810	1017	585	1009	940	555
NM_001183186.1	291	377	203	340	296	164
NM_001183187.3	169	217	103	227	237	89
NM_001183188.1	388	518	289	650	428	263
NM_001183189.1	544	642	345	722	644	302
NM_001183190.3	1744	1947	1176	1831	1761	923
NM_001183191.3	43	74	22	86	75	37
NM_001183192.1	415	555	288	558	586	296
NM_001183193.1	28161	36365	16705	34267	27759	16674
NM_001183194.3	1296	1366	710	1490	1349	717
NM_001183195.1	1136	1510	812	1638	1366	825
NM_001183196.1	1218	1559	803	2254	1825	1037
NM_001183197.3	188	201	112	249	215	136
NM_001183198.3	2828	3559	1917	3687	3096	1641
NM_001183199.1	315	382	227	437	407	220
NM_001183200.1	266	354	185	407	347	204
NM_001183201.3	179	234	139	262	216	132
NM_001183203.1	747	926	465	815	766	397
NM_001183204.1	189	226	123	253	205	147
NM_001183205.3	380	577	312	394	369	205
NM_001183206.3	385	545	313	685	599	318
NM_001183207.1	971	1206	761	1121	1025	608
NM_001183208.1	565	708	389	806	698	365
NM_001183209.3	158	196	128	255	247	124
NM_001183210.1	647	865	534	1144	956	633
NM_001183211.3	332	399	203	528	469	225
NM_001183212.1	1865	2198	1188	2915	2612	1462
NM_001183213.1	706	863	435	1105	902	636
NM_001183214.3	238	307	175	270	291	187
NM_001183215.1	972	1241	563	1785	1415	851
NM_001183216.1	354	491	235	540	395	221
NM_001183217.3	179	201	129	238	205	117
NM_001183218.3	329	440	245	560	482	295
NM_001183220.1	3781	4453	2373	6083	5235	2692
NM_001183221.1	852	1291	631	1531	1572	1077
NM_001183222.3	93	107	57	96	112	50
NM_001183223.1	1077	1170	619	1293	1268	687
NM_001183224.1	641	836	362	786	704	383
NM_001183225.3	150	161	116	195	179	122
NM_001183226.3	265	295	147	355	287	139
NM_001183227.1	3621	4168	2130	4861	3961	2446
NM_001183228.1	746	880	471	937	723	452
NM_001183229.3	874	1063	569	1249	968	646
NM_001183230.1	1935	2289	1397	2943	2583	1430
NM_001183231.1	729	930	471	876	688	332
NM_001183232.3	470	642	329	584	495	236
NM_001183233.3	2	0	1	0	0	1
NM_001183234.1	26	33	20	36	52	22
NM_001183235.1	1	6	5	13	16	7
NM_001183236.3	37	64	25	55	59	32
NM_001183237.1	252	206	142	98	82	39
NM_001183238.1	646	853	421	973	848	441
NM_001183239.3	0	9	4	7	9	7
NM_001183240.3	61	149	64	132	131	55
NM_001183241.1	12	8	5	18	18	14
NM_001183242.1	77	94	44	131	97	49
NM_001183243.3	34	45	18	62	61	21
NM_001183244.1	4707	6062	3045	6468	5162	2893
NM_001183245.1	2	0	1	0	0	0
NM_001183246.3	5	1	7	9	11	2
NM_001183247.4	6	14	4	13	9	4
NM_001183248.1	5	2	2	8	2	2
NM_001183249.1	0	1	0	0	0	0
NM_001183250.3	23	19	21	38	37	24
NM_001183251.1	284	344	222	660	565	315
NM_001183252.1	101	129	82	104	92	53
NM_001183253.3	0	0	0	1	0	0
NM_001183255.1	59	75	34	63	58	29
NM_001183256.1	542	726	394	966	931	495
NM_001183257.1	242	333	174	318	293	156
NM_001183258.1	2994	3916	1704	4378	3303	1928
NM_001183259.1	850	1008	544	1056	941	504
NM_001183260.1	1158	1571	827	1309	989	573
NM_001183261.1	577	795	455	768	683	336
NM_001183262.1	230	275	157	306	259	160
NM_001183263.1	50	72	48	83	75	31
NM_001183264.1	620	787	493	882	880	460
NM_001183265.1	406	566	250	625	574	340
NM_001183266.1	792	967	504	722	696	361
NM_001183267.1	241	329	174	321	274	165
NM_001183268.1	12	1	4	2	11	2
NM_001183269.1	2	5	0	1	4	2
NM_001183270.1	361	500	274	648	543	292
NM_001183271.1	198	247	153	313	270	155
NM_001183272.1	345	428	254	457	411	226
NM_001183273.1	494	679	404	669	565	322
NM_001183274.1	712	878	493	767	683	405
NM_001183275.1	2135	2606	1514	3142	2732	1525
NM_001183276.2	1156	1349	702	1312	1251	639
NM_001183277.1	114	130	86	140	109	69
NM_001183278.1	0	1	0	2	0	0
NM_001183279.1	164	195	104	212	200	93
NM_001183280.1	379	429	277	464	454	291
NM_001183281.1	1160	1592	779	1935	1692	994
NM_001183282.1	211	250	125	312	217	137
NM_001183283.1	1	0	1	2	1	0
NM_001183284.1	3476	4431	2274	4996	4444	2397
NM_001183285.1	490	664	359	528	478	215
NM_001183286.1	245	329	161	393	323	168
NM_001183287.1	106	158	89	154	166	76
NM_001183288.1	175	216	122	264	170	97
NM_001183290.1	522	723	275	723	522	311
NM_001183292.1	1805	2184	1206	2853	2415	1371
NM_001183293.1	17565	20765	9997	20879	18686	9677
NM_001183294.1	33865	40305	18716	36766	31507	15868
NM_001183295.1	2029	2705	1247	3247	2481	1257
NM_001183296.1	173	231	147	231	196	125
NM_001183297.1	34	51	18	64	51	34
NM_001183298.1	206	246	134	235	206	107
NM_001183299.1	545	685	372	817	661	414
NM_001183301.1	10	4	3	11	8	9
NM_001183302.1	94	92	55	161	155	80
NM_001183303.1	1218	1507	833	1714	1530	807
NM_001183305.1	1210	1618	788	1541	1200	751
NM_001183306.1	940	1078	610	1119	1049	569
NM_001183307.1	42	31	6	37	30	13
NM_001183308.1	144	154	96	196	182	110
NM_001183309.1	173	221	116	272	261	162
NM_001183310.1	138	187	84	217	193	127
NM_001183311.1	227	315	209	329	279	170
NM_001183312.1	1279	1618	865	1560	1350	773
NM_001183313.2	504	456	302	712	668	425
NM_001183314.1	2820	3225	1722	3033	2790	1449
NM_001183315.1	535	725	371	688	643	380
NM_001183316.1	2630	3296	1712	3764	3351	1964
NM_001183317.1	302	320	214	428	363	203
NM_001183318.1	168	197	114	249	199	104
NM_001183319.1	1169	1307	701	1506	1327	677
NM_001183320.1	229	290	174	367	299	189
NM_001183321.1	325	456	234	438	374	228
NM_001183322.1	166	245	117	237	226	148
NM_001183323.1	245	327	148	360	305	156
NM_001183324.1	157	201	118	207	170	107
NM_001183325.1	1086	1360	629	1745	1440	819
NM_001183326.1	184	226	132	284	231	124
NM_001183327.1	159	182	97	184	142	97
NM_001183328.1	205	261	141	284	247	137
NM_001183329.2	164	262	144	281	246	129
NM_001183330.1	1015	1397	810	1725	1558	848
NM_001183331.2	2416	2933	1693	3298	3157	1542
NM_001183332.1	262	377	143	463	363	206
NM_001183334.1	355	461	271	477	465	242
NM_001183335.1	678	825	489	745	620	391
NM_001183336.1	222	263	149	235	213	116
NM_001183337.1	42	62	30	54	51	24
NM_001183338.1	5	6	4	3	9	2
NM_001183340.1	175154	194643	109744	203103	174543	105939
NM_001183341.1	356	480	261	481	397	247
NM_001183342.1	651	738	439	687	668	332
NM_001183343.1	381	485	223	442	401	196
NM_001183344.1	1369	1701	998	1823	1515	785
NM_001183345.1	2	7	2	6	5	1
NM_001183346.1	1537	1915	993	2078	1828	963
NM_001183347.1	491	561	329	620	534	312
NM_001183348.1	604	751	417	669	637	319
NM_001183349.1	105	139	68	137	113	69
NM_001183350.1	158	247	123	273	251	139
NM_001183351.1	4177	5165	2491	5806	5223	2632
NM_001183352.1	2363	2988	1758	3756	3203	1822
NM_001183354.1	218	263	150	246	219	138
NM_001183355.1	208	316	101	318	281	137
NM_001183356.1	410	521	267	444	390	203
NM_001183357.1	360	490	262	604	552	300
NM_001183358.1	2	1	0	0	2	0
NM_001183359.1	59	87	30	82	75	33
NM_001183361.1	269	392	205	434	383	211
NM_001183362.1	100	128	75	163	146	55
NM_001183363.1	13381	16688	7788	18822	16777	7896
NM_001183364.1	59	116	32	81	81	60
NM_001183365.1	1059	1347	640	1193	1042	552
NM_001183366.1	102	106	48	130	102	61
NM_001183367.1	45	72	30	73	59	34
NM_001183368.1	42	40	25	40	40	25
NM_001183369.1	599	689	327	873	724	441
NM_001183370.1	122	179	95	181	162	99
NM_001183371.1	75	123	82	126	105	61
NM_001183373.1	414	636	337	949	898	505
NM_001183374.1	36213	39429	21899	33499	31539	16794
NM_001183375.1	20218	23848	12050	23229	20706	10049
NM_001183376.1	575	737	393	880	783	419
NM_001183377.1	4134	5309	2327	6332	4754	2843
NM_001183378.1	691	928	516	932	767	499
NM_001183379.2	295	371	209	510	381	173
NM_001183380.1	859	936	585	840	760	484
NM_001183381.1	41572	47191	22573	46866	41614	19997
NM_001183382.1	117	140	83	144	142	60
NM_001183383.1	885	1160	689	1355	1202	677
NM_001183384.1	749	981	461	1010	832	474
NM_001183385.1	1	0	0	0	0	1
NM_001183386.1	3	5	5	6	5	1
NM_001183387.1	356	503	288	626	520	285
NM_001183389.1	159	221	119	232	239	115
NM_001183390.1	270	401	258	422	396	204
NM_001183391.1	415	555	283	591	509	299
NM_001183392.2	226	256	161	299	246	144
NM_001183393.1	7035	8125	4582	8468	8095	4191
NM_001183394.1	114	141	87	163	158	75
NM_001183395.2	323	404	276	562	540	266
NM_001183396.2	588	749	412	871	769	466
NM_001183397.1	2770	3102	1537	2762	2391	1296
NM_001183398.1	427	530	321	644	529	310
NM_001183399.2	1444	1826	993	2083	1692	945
NM_001183400.1	257	276	189	308	269	144
NM_001183401.1	351	361	246	664	543	341
NM_001183402.1	316	367	219	452	413	223
NM_001183403.1	538	669	330	789	703	364
NM_001183405.1	1101	1352	1195	2449	2348	1537
NM_001183406.1	380	523	279	700	658	291
NM_001183407.1	14	30	12	21	20	10
NM_001183408.1	1875	1944	889	4443	4148	1774
NM_001183409.1	5	11	10	17	16	17
NM_001183410.1	41	40	34	42	44	34
NM_001183411.1	2942	2861	1643	4619	3723	2170
NM_001183412.1	116	179	88	157	144	83
NM_001183414.1	0	0	0	1	1	1
NM_001183415.1	0	0	0	0	0	0
NM_001183416.1	0	1	0	0	1	0
NM_001183417.1	36	36	26	50	31	25
NM_001183418.1	2	0	0	0	1	0
NM_001183420.1	1009	1178	573	1413	1179	629
NM_001183421.1	768	991	628	974	886	543
NM_001183422.1	41	58	38	51	40	19
NM_001183423.1	748	905	544	993	946	483
NM_001183424.1	89	90	65	103	92	59
NM_001183425.1	477	544	317	542	512	250
NM_001183426.1	4481	5726	3723	8895	6948	3973
NM_001183427.1	856	1130	580	1231	1076	496
NM_001183428.1	12	14	26	16	14	8
NM_001183429.1	58	64	50	42	35	21
NM_001183430.1	121	194	110	187	169	96
NM_001183431.1	32	49	23	46	39	18
NM_001183433.1	1491	1936	1048	2029	1746	919
NM_001183435.1	460	601	367	689	670	311
NM_001183436.1	180	249	129	235	205	107
NM_001183437.1	316	409	224	402	352	207
NM_001183438.1	22	29	17	33	34	20
NM_001183439.1	3463	4128	2409	5209	4447	2434
NM_001183440.1	1636	1904	1165	2317	2115	1165
NM_001183441.1	167	211	109	249	211	117
NM_001183442.1	385	449	282	619	524	340
NM_001183444.1	399	495	269	605	498	279
NM_001183445.1	142	187	110	223	196	115
NM_001183446.1	13953	18802	9085	28050	22060	10875
NM_001183447.1	164	199	100	351	260	137
NM_001183449.1	118	133	76	143	137	82
NM_001183451.1	3	1	2	2	1	2
NM_001183452.1	202	186	117	245	154	108
NM_001183453.1	315	350	184	219	201	130
NM_001183454.1	366	485	212	498	407	210
NM_001183455.1	145	229	129	396	301	158
NM_001183456.1	107	153	115	141	133	82
NM_001183457.1	531	601	340	680	604	332
NM_001183458.1	743	924	505	924	827	418
NM_001183459.1	135	130	105	132	135	78
NM_001183461.1	1039	1336	602	1280	941	550
NM_001183462.1	589	668	348	779	675	329
NM_001183463.1	67	74	36	49	70	24
NM_001183464.1	747	955	497	851	781	369
NM_001183465.1	3724	4762	2359	6026	4847	2703
NM_001183466.1	295	395	194	417	334	176
NM_001183467.1	1437	1701	983	1891	1593	920
NM_001183468.1	26	17	42	50	31	57
NM_001183470.1	1567	1864	1063	1696	1603	878
NM_001183471.1	668	805	332	1486	1194	532
NM_001183473.1	294	361	140	304	235	143
NM_001183475.1	1018	1251	675	1301	1054	610
NM_001183476.1	501	665	374	943	839	423
NM_001183477.1	346	482	233	422	415	211
NM_001183478.1	114	147	62	228	157	98
NM_001183479.1	54	46	37	58	52	23
NM_001183480.1	994	1239	748	1621	1407	823
NM_001183481.1	57	64	26	78	53	38
NM_001183482.1	88510	104820	52305	94322	83471	43838
NM_001183483.1	50	71	32	83	80	26
NM_001183484.1	518	742	280	565	626	225
NM_001183485.1	426	604	273	646	596	337
NM_001183486.1	931	1133	653	1266	1169	572
NM_001183487.1	0	0	0	0	0	0
NM_001183488.1	723	1002	444	1092	813	468
NM_001183489.1	342	406	221	431	377	180
NM_001183490.1	212	296	194	270	211	112
NM_001183492.1	121	151	86	153	142	86
NM_001183493.1	663	769	411	1154	872	526
NM_001183494.1	235	338	172	231	182	113
NM_001183495.1	383	458	255	502	408	227
NM_001183496.1	121	172	94	189	140	74
NM_001183497.1	429	616	336	639	489	313
NM_001183498.1	237	269	203	434	397	214
NM_001183499.1	72	108	68	135	139	59
NM_001183500.1	376	474	289	404	397	224
NM_001183502.1	184	228	98	198	183	84
NM_001183503.1	5	2	4	5	9	5
NM_001183504.1	1575	1895	1028	1932	1923	1158
NM_001183505.1	2027	2979	1457	2555	2049	1252
NM_001183506.1	583	768	361	813	688	395
NM_001183508.1	681	823	453	1022	880	445
NM_001183509.1	473	593	356	665	626	369
NM_001183510.1	1776	2016	1254	1875	1735	901
NM_001183511.1	340	371	203	400	292	210
NM_001183512.1	337	398	225	506	446	221
NM_001183513.1	212	276	161	367	298	141
NM_001183514.1	1512	1853	1053	2177	1723	859
NM_001183515.1	38214	45032	19239	47690	42648	18632
NM_001183516.1	103	119	63	117	109	46
NM_001183517.1	1855	2666	1098	3248	2475	1427
NM_001183518.1	2562	3215	1742	3030	2676	1380
NM_001183519.1	4	9	4	8	6	1
NM_001183520.1	718	952	467	1038	949	466
NM_001183522.1	610	872	476	1010	921	479
NM_001183523.1	143	224	118	235	174	86
NM_001183525.1	244	280	126	231	208	96
NM_001183526.3	10	10	6	9	12	7
NM_001183527.1	2308	2763	1454	2638	2421	1164
NM_001183528.3	1679	2102	1193	2642	2320	1222
NM_001183529.1	278	394	184	391	326	205
NM_001183530.3	137	210	117	277	190	129
NM_001183531.1	564	675	376	738	658	354
NM_001183532.3	419	559	241	629	432	261
NM_001183533.1	86	88	47	72	73	32
NM_001183534.3	283	367	205	500	420	183
NM_001183535.1	2441	2868	1726	3221	2692	1543
NM_001183536.3	2594	3153	1588	4871	3681	2106
NM_001183537.1	238	356	178	290	234	159
NM_001183538.3	602	710	446	682	614	354
NM_001183539.1	60	32	17	75	48	25
NM_001183541.3	4382	5488	2684	6432	5615	2750
NM_001183542.1	1029	1354	636	1328	1053	559
NM_001183543.3	1604	2176	1065	2282	1839	1008
NM_001183544.1	234	284	164	367	295	188
NM_001183545.3	231	269	193	331	328	141
NM_001183546.1	431	571	255	565	450	272
NM_001183547.3	1880	2250	972	2523	2469	1021
NM_001183548.1	101	123	82	140	101	83
NM_001183549.4	142	171	92	215	205	92
NM_001183550.1	284	351	238	443	369	259
NM_001183551.3	626	777	387	904	698	425
NM_001183552.1	154510	176918	86224	160210	140580	76189
NM_001183553.3	3	2	3	5	5	2
NM_001183555.1	3399	4127	2629	5265	4777	2329
NM_001183556.3	36	27	17	39	34	24
NM_001183557.1	422	553	269	548	486	267
NM_001183559.4	320	386	214	458	359	192
NM_001183560.1	896	1265	542	1396	1127	658
NM_001183561.3	1948	2715	1364	3080	2856	1545
NM_001183562.1	245	323	197	339	338	175
NM_001183563.3	222	276	171	310	240	155
NM_001183564.1	1909	2344	1154	2385	2035	1034
NM_001183566.3	167	237	142	253	272	147
NM_001183567.1	98	129	64	129	111	57
NM_001183568.4	161	180	115	229	206	108
NM_001183569.1	365	400	213	403	408	229
NM_001183570.3	3851	4484	2741	5496	4716	2540
NM_001183571.1	60	98	51	104	108	57
NM_001183572.3	15678	15839	14267	25910	18801	18235
NM_001183573.1	169	221	101	264	196	114
NM_001183574.3	279	356	229	480	432	262
NM_001183575.1	243	291	155	293	291	144
NM_001183576.3	2264	2971	1505	4077	3511	1926
NM_001183577.1	449	591	298	504	452	258
NM_001183578.3	258	317	150	367	339	178
NM_001183579.1	674	859	424	1050	817	408
NM_001183580.3	293	438	211	641	521	315
NM_001183581.3	271	378	202	250	267	94
NM_001183582.1	493	693	338	466	387	158
NM_001183583.3	1415	1827	1042	1870	1597	788
NM_001183584.1	1763	2312	1156	2512	2071	1085
NM_001183585.3	144	192	100	149	158	69
NM_001183586.1	8452	10095	4937	10068	8826	4304
NM_001183587.3	10331	12288	6370	17657	14933	8063
NM_001183590.1	932	1123	598	1348	1203	617
NM_001183591.3	97	150	88	162	117	71
NM_001183592.1	28	24	23	48	35	27
NM_001183593.3	170	236	110	269	216	132
NM_001183594.1	1417	1870	996	1721	1476	827
NM_001183595.3	1063	1423	811	1787	1627	882
NM_001183596.1	20	23	11	17	23	18
NM_001183597.3	3	4	3	11	7	6
NM_001183598.1	175	222	122	169	151	91
NM_001183599.3	4	11	5	8	7	1
NM_001183600.1	702	909	358	1169	804	504
NM_001183601.3	12650	15263	7105	14518	12835	5772
NM_001183602.1	4	9	4	8	4	3
NM_001183603.3	4852	6282	2690	6095	5201	2366
NM_001183604.1	399	510	313	518	500	259
NM_001183605.3	0	2	1	0	1	1
NM_001183606.1	3018	3693	2027	4457	3872	2175
NM_001183607.3	734	947	538	967	872	435
NM_001183608.1	264	348	186	303	223	131
NM_001183609.3	7	7	8	8	13	6
NM_001183610.1	488	700	268	746	554	341
NM_001183611.3	23	44	14	22	24	13
NM_001183612.3	57	78	31	83	53	24
NM_001183613.1	562	775	400	790	573	373
NM_001183614.3	659	994	416	1099	750	424
NM_001183615.1	458	594	357	720	677	312
NM_001183616.3	2777	3025	1748	3947	3390	1891
NM_001183617.1	8766	11156	5448	8993	7289	3684
NM_001183620.3	264	322	178	352	295	153
NM_001183621.1	878	1013	447	1365	1231	612
NM_001183623.3	17293	20417	10838	21221	19559	10270
NM_001183624.1	99	131	69	127	112	77
NM_001183625.3	2712	3366	1829	2777	2420	1257
NM_001183626.1	1821	2154	1425	2333	1922	1127
NM_001183627.3	87	122	67	182	145	75
NM_001183628.1	1926	2489	1424	3159	2664	1435
NM_001183629.3	956	1158	652	1210	1000	516
NM_001183630.1	553	703	367	900	790	378
NM_001183631.3	1033	1325	648	1375	1123	584
NM_001183632.1	111	150	106	189	134	86
NM_001183633.3	0	0	1	0	1	0
NM_001183634.1	234	391	187	301	280	146
NM_001183635.3	511	624	309	779	569	317
NM_001183636.1	1272	1500	735	1673	1381	781
NM_001183638.3	371	470	264	434	376	251
NM_001183639.1	455	566	278	773	712	381
NM_001183640.3	337	405	209	560	512	269
NM_001183641.1	238	248	189	493	382	221
NM_001183642.3	207	199	124	336	263	123
NM_001183643.1	2020	2291	1285	2394	2181	1226
NM_001183645.3	995	1170	547	1366	1208	582
NM_001183646.1	320	417	200	563	472	259
NM_001183647.3	74	85	36	97	94	58
NM_001183648.1	233	309	172	367	282	155
NM_001183649.3	4295	5041	2896	5189	4524	2430
NM_001183650.1	272	372	172	424	321	187
NM_001183651.3	2390	2837	1479	3348	2717	1370
NM_001183652.1	321	377	239	468	314	226
NM_001183653.3	10994	12305	6336	11493	10477	5182
NM_001183655.1	343	395	234	357	274	168
NM_001183656.3	28	12	7	14	11	6
NM_001183657.1	170	268	144	257	248	146
NM_001183658.6	2792	3884	1383	3968	2829	1549
NM_001183660.1	885	1147	628	1286	1154	643
NM_001183661.3	3	1	1	3	1	0
NM_001183662.1	2063	2580	1355	3265	2584	1438
NM_001183663.3	203	307	189	348	360	174
NM_001183664.1	275	316	140	281	301	169
NM_001183665.3	436	460	292	606	568	292
NM_001183666.1	5037	6018	3366	3709	3644	2239
NM_001183668.3	179	158	116	176	138	96
NM_001183669.1	326	392	226	437	363	221
NM_001183670.3	849	1046	590	1516	1307	669
NM_001183671.1	510	674	307	769	634	327
NM_001183672.3	774	931	532	1060	989	468
NM_001183673.1	3227	3895	2209	4292	3680	2111
NM_001183674.3	0	0	0	0	0	0
NM_001183675.2	388	552	306	585	465	264
NM_001183676.3	334	408	252	639	457	216
NM_001183677.1	49	71	31	68	68	30
NM_001183678.3	2812	3205	1796	4956	4165	2345
NM_001183679.1	1526	2052	1038	2483	2247	1248
NM_001183680.3	2220	2859	1568	3503	3064	1573
NM_001183681.1	295	448	272	506	463	219
NM_001183683.3	784	1048	510	1236	1025	538
NM_001183684.1	402	605	370	518	467	233
NM_001183685.3	99	106	73	114	84	74
NM_001183686.1	816	1009	657	978	858	491
NM_001183687.3	1	0	0	0	0	0
NM_001183688.1	98	105	58	134	104	56
NM_001183689.3	6846	8496	4653	9838	8476	4562
NM_001183690.1	2096	2501	1306	2425	2195	1222
NM_001183691.3	1728	2152	1159	2448	2253	1239
NM_001183692.1	387	492	182	624	550	208
NM_001183693.3	204	299	183	223	213	105
NM_001183694.1	219	306	135	302	290	131
NM_001183695.3	3656	4465	2172	4648	3859	2029
NM_001183697.1	214	226	118	272	251	147
NM_001183698.3	147	155	95	187	168	93
NM_001183699.1	342	495	277	510	425	226
NM_001183700.3	731	893	470	1031	819	464
NM_001183702.1	632	816	471	830	732	375
NM_001183703.3	74	99	51	103	90	56
NM_001183704.1	1834	2122	1304	2593	2362	1268
NM_001183705.3	759	956	495	1200	1084	608
NM_001183706.1	357	498	253	466	424	219
NM_001183707.3	362	469	231	552	506	286
NM_001183708.1	58	68	44	82	71	41
NM_001183709.3	1148	1478	725	1464	1177	716
NM_001183710.1	600	705	372	733	624	338
NM_001183711.3	113	152	85	176	168	78
NM_001183712.1	16277	19695	9681	19438	17707	8629
NM_001183713.1	1305	1674	834	1657	1372	692
NM_001183714.3	96	143	85	125	107	52
NM_001183715.1	198	280	150	287	296	139
NM_001183716.4	300	341	171	376	328	176
NM_001183717.1	8	3	1	3	1	1
NM_001183718.1	365	474	232	419	397	224
NM_001183720.3	413	458	254	467	425	276
NM_001183721.1	51	60	61	56	58	35
NM_001183722.3	541	529	391	637	583	386
NM_001183723.3	70	103	51	106	82	44
NM_001183724.1	701	750	463	956	775	461
NM_001183725.1	60	86	65	95	81	36
NM_001183726.4	234	255	138	237	137	102
NM_001183727.1	310	373	241	368	320	179
NM_001183728.3	342	385	177	484	359	172
NM_001183730.1	8301	10538	5282	9972	8825	4639
NM_001183731.3	680	824	436	986	858	424
NM_001183732.1	35079	41670	19022	37486	34035	15157
NM_001183733.3	13	17	5	27	12	12
NM_001183735.1	837	1049	549	835	770	376
NM_001183736.3	816	969	476	900	750	426
NM_001183737.3	2638	3425	1842	3995	3260	1841
NM_001183739.1	123	151	94	177	177	80
NM_001183740.3	496	719	415	699	596	359
NM_001183741.1	738	997	487	941	841	492
NM_001183742.3	451	563	302	625	508	328
NM_001183743.1	5245	6305	3141	8237	7094	3741
NM_001183744.3	201	254	148	251	208	110
NM_001183746.1	3388	4793	2216	5232	4087	2431
NM_001183747.3	698	949	511	1267	1033	502
NM_001183748.1	23	36	12	45	30	16
NM_001183749.3	536	697	294	807	651	366
NM_001183750.1	378	463	262	506	475	224
NM_001183752.3	7349	8911	4419	11311	9280	4778
NM_001183754.1	85	116	53	121	92	54
NM_001183755.3	15995	20023	9938	24838	20513	11234
NM_001183756.1	857	1065	608	1083	873	504
NM_001183757.3	250	276	184	313	274	147
NM_001183758.1	14	21	9	11	16	4
NM_001183759.3	5	8	7	10	6	5
NM_001183760.1	1756	2082	1265	2217	1931	1059
NM_001183761.3	9697	11144	6454	11317	9955	5478
NM_001183762.1	437	498	317	498	501	284
NM_001183764.3	628	764	379	379	281	148
NM_001183766.1	345	554	285	465	371	225
NM_001183767.3	301	391	213	481	473	231
NM_001183768.1	4	3	8	10	5	1
NM_001183769.3	147	167	96	190	172	103
NM_001183770.1	110	112	78	164	117	67
NM_001183771.3	1	0	0	0	0	1
NM_001183772.1	259	312	162	359	304	143
NM_001183773.3	331	417	191	478	445	235
NM_001183774.1	481	654	344	687	548	349
NM_001183775.3	1334	1664	851	1693	1411	746
NM_001183776.1	587	815	428	1061	928	442
NM_001183777.3	444	609	346	753	711	362
NM_001183778.1	79	93	42	113	90	65
NM_001183779.3	538	678	296	578	519	282
NM_001183780.1	465	634	353	650	594	312
NM_001183781.3	9793	11756	5862	11727	9469	5272
NM_001183782.1	2037	2597	1405	4400	3736	2164
NM_001183783.3	119	149	77	158	173	93
NM_001183785.1	10	2	6	9	9	7
NM_001183787.3	360	445	251	655	579	323
NM_001183788.1	96	139	96	158	161	83
NM_001183789.3	30047	34899	18355	36151	31130	16669
NM_001183790.1	788	1101	649	1479	1202	709
NM_001183791.3	282	366	220	375	359	207
NM_001183792.1	486	705	348	717	579	321
NM_001183793.3	496	705	293	736	625	382
NM_001183794.1	1141	1580	678	3704	3560	1831
NM_001183795.3	5473	6475	3786	5884	5413	3050
NM_001183797.3	441	580	300	448	423	214
NM_001183798.1	30	55	35	62	53	35
NM_001183800.3	44	58	34	50	40	27
NM_001183801.1	38	29	15	30	27	9
NM_001183802.1	7253	5507	2750	7593	5771	2987
NM_001183803.3	11077	8291	3495	7871	5647	3236
NM_001183804.1	228	178	95	281	215	97
NM_001183805.3	153	173	109	186	223	117
NM_001183806.1	128	161	117	180	163	84
NM_001183807.3	1	3	1	3	3	1
NM_001183808.1	3	6	2	12	4	7
NM_001183809.3	67	96	72	72	44	49
NM_001183810.1	244	354	172	301	278	129
NM_001183811.3	1	1	2	1	2	0
NM_001183813.1	7	4	5	5	2	7
NM_001183814.3	0	0	0	0	1	1
NM_001183815.1	392	440	237	428	374	178
NM_001183816.1	141	165	88	162	149	95
NM_001183817.1	108	158	85	202	163	90
NM_001183818.1	3662	4784	2286	7764	6693	3429
NM_001183819.1	48	63	33	113	67	38
NM_001183820.1	787	1011	605	1081	860	484
NM_001183821.1	192	295	138	284	258	142
NM_001183822.1	103	112	69	127	133	59
NM_001183823.1	1877	2444	1364	2931	2442	1387
NM_001183824.1	1747	2233	1213	2497	2322	1086
NM_001183825.1	136	178	136	238	186	119
NM_001183826.1	3505	4303	2351	5426	4573	2553
NM_001183827.1	245	327	189	501	354	203
NM_001183828.1	173	182	87	202	188	110
NM_001183829.1	335	343	178	440	410	221
NM_001183830.2	967	1486	651	998	761	448
NM_001183831.1	12	25	11	34	30	13
NM_001183832.1	170	173	112	183	140	59
NM_001183833.1	6549	8257	4530	5414	4037	943
NM_001183834.1	242	264	198	320	271	155
NM_001183835.1	0	0	0	0	0	0
NM_001183836.1	220	293	145	363	313	188
NM_001183837.1	803	955	478	1102	950	538
NM_001183838.1	72	82	58	95	87	47
NM_001183840.1	178	203	119	202	176	104
NM_001183841.1	1	1	1	1	3	3
NM_001183842.1	7269	9247	4514	10661	8586	4909
NM_001183843.1	173	183	103	239	198	127
NM_001183844.1	715	1005	572	1097	909	464
NM_001183845.1	532	697	380	717	655	399
NM_001183846.1	1429	1876	893	1653	1502	806
NM_001183847.1	0	1	2	1	2	0
NM_001183848.1	10	20	13	19	14	10
NM_001183850.1	5779	7616	3462	8925	6507	3173
NM_001183851.1	12185	13357	7391	12449	11239	6405
NM_001183852.1	143	185	116	156	153	85
NM_001183853.1	121	137	77	130	96	63
NM_001183854.1	170	230	134	209	191	101
NM_001183855.1	90	100	44	107	96	35
NM_001183856.1	142	186	96	163	156	89
NM_001183857.1	2156	2867	1404	3016	2520	1435
NM_001183859.1	260	309	170	374	293	175
NM_001183860.1	104	128	66	95	111	65
NM_001183861.1	90	85	51	105	88	47
NM_001183862.1	7048	8121	3995	8650	7014	4282
NM_001183863.1	972	1191	567	1255	1032	556
NM_001183864.1	1148	1316	758	1457	1359	706
NM_001183865.1	108	157	93	205	153	89
NM_001183866.4	67	86	39	128	112	53
NM_001183867.1	779	1094	594	1419	1210	696
NM_001183868.1	15	25	10	9	8	9
NM_001183869.1	363	518	239	492	472	226
NM_001183870.1	0	0	0	0	0	0
NM_001183871.1	310	419	252	325	235	170
NM_001183872.1	1036	1132	611	1671	1215	910
NM_001183873.1	744	959	512	1196	1108	630
NM_001183874.1	75	79	49	62	71	30
NM_001183875.1	31634	39123	19352	46842	41083	20973
NM_001183877.1	2061	2686	1415	2580	2072	1231
NM_001183878.1	148	189	102	193	171	84
NM_001183879.1	215	272	154	256	247	122
NM_001183880.1	149	168	82	157	130	74
NM_001183881.1	197	264	144	224	165	128
NM_001183882.1	187	236	134	212	209	127
NM_001183883.1	196	228	127	239	231	100
NM_001183884.1	335	341	226	479	393	204
NM_001183885.1	56	96	45	114	88	45
NM_001183886.1	52	74	42	57	45	35
NM_001183888.1	316	404	172	454	424	193
NM_001183889.1	156	275	107	207	165	97
NM_001183890.1	83	107	57	107	76	38
NM_001183891.1	87	95	54	116	103	56
NM_001183892.1	1459	1956	949	2120	1988	1007
NM_001183893.1	27874	31006	16728	29854	27836	14581
NM_001183895.1	10091	12298	5785	11096	9222	3729
NM_001183896.1	985	1210	651	1192	969	599
NM_001183897.1	252	298	164	256	240	147
NM_001183898.1	1006	1311	707	1100	860	481
NM_001183899.1	4180	5452	2228	5665	4040	2548
NM_001183900.1	1394	1736	1015	2526	2177	1264
NM_001183901.1	447	458	272	513	434	280
NM_001183902.1	35	38	24	69	32	26
NM_001183903.1	177	224	128	242	200	126
NM_001183904.1	62575	71862	35321	75093	66127	32879
NM_001183905.1	3247	3963	2323	4430	4115	2234
NM_001183906.1	460	576	331	650	571	293
NM_001183907.1	2716	3318	1899	3409	3021	1718
NM_001183908.1	1481	1870	952	1514	1317	708
NM_001183909.1	77	159	91	174	192	109
NM_001183910.1	220	295	180	321	274	172
NM_001183911.1	195	226	107	234	196	121
NM_001183912.1	651	755	474	907	869	509
NM_001183913.1	187	210	118	221	157	101
NM_001183914.1	325	364	226	441	400	204
NM_001183915.1	622	791	479	980	839	470
NM_001183917.1	140	247	106	240	201	135
NM_001183918.1	155	240	151	247	209	123
NM_001183919.1	1001	1345	522	1491	1071	596
NM_001183920.1	35786	43664	23468	48023	39721	21621
NM_001183921.1	82	119	64	129	123	49
NM_001183922.1	144	193	120	216	174	93
NM_001183923.1	90	98	52	100	104	33
NM_001183924.1	495	580	352	546	496	221
NM_001183925.1	2576	3160	1527	3484	3057	1795
NM_001183926.1	647	730	408	1002	806	402
NM_001183927.1	50	76	36	97	77	35
NM_001183929.1	627	791	355	856	571	373
NM_001183930.1	381	425	285	486	441	221
NM_001183931.1	2270	2811	1494	3583	2973	1518
NM_001183932.1	593	775	430	1040	879	442
NM_001183933.1	97	139	78	195	170	80
NM_001183934.1	179	260	130	270	158	110
NM_001183935.1	2	1	0	0	0	0
NM_001183936.1	287	397	195	489	420	231
NM_001183937.1	137	188	104	191	153	72
NM_001183938.1	133	188	107	176	129	71
NM_001183939.1	792	1009	584	1221	980	526
NM_001183940.1	2926	3355	1935	3815	3616	1793
NM_001183941.1	1406	1815	849	1770	1510	782
NM_001183942.1	519	692	361	638	549	319
NM_001183943.1	1331	1536	956	1496	1330	760
NM_001183944.1	1	0	0	0	0	1
NM_001183945.1	57023	64461	35305	58760	54605	30220
NM_001183946.1	113	139	80	192	164	86
NM_001183947.1	128	152	88	181	143	75
NM_001183948.1	52	97	55	35	35	27
NM_001183949.1	1001	1465	679	1972	1650	798
NM_001183951.1	986	1409	599	1656	1395	754
NM_001183952.1	162	187	110	219	219	94
NM_001183953.1	467	579	322	733	612	294
NM_001183954.1	162	200	96	208	190	94
NM_001183955.1	269	376	216	372	368	188
NM_001183957.1	21630	24332	12002	22663	21094	10276
NM_001183958.1	241	294	181	285	256	133
NM_001183959.1	2928	3522	2034	3680	3499	1724
NM_001183960.1	1099	1506	715	1290	1017	564
NM_001183961.1	38	44	27	29	31	18
NM_001183962.1	5	25	8	14	15	10
NM_001183963.1	67	71	37	66	67	38
NM_001183964.1	184	232	167	285	226	155
NM_001183965.1	188	203	102	256	239	120
NM_001183966.1	200	273	125	331	301	145
NM_001183967.1	222	319	186	312	294	142
NM_001183968.1	4457	5419	3348	7194	6539	3528
NM_001183969.1	309	371	180	396	331	178
NM_001183970.1	126	144	94	178	152	71
NM_001183971.1	228	281	197	345	293	165
NM_001183972.1	717	925	481	978	892	498
NM_001183973.1	276	302	144	309	297	125
NM_001183974.1	17989	22258	11528	23777	20212	11144
NM_001183975.1	262	283	146	391	325	197
NM_001183976.1	158	223	125	206	203	121
NM_001183977.1	1836	2270	1255	2458	2186	1359
NM_001183978.1	58	65	28	77	88	37
NM_001183979.1	1	2	1	0	0	0
NM_001183980.1	83	86	41	121	83	40
NM_001183981.1	28	25	17	37	27	14
NM_001183982.1	91	131	67	133	113	72
NM_001183983.1	1320	1673	849	2406	1947	1070
NM_001183984.1	430	646	274	667	568	272
NM_001183985.1	63	45	21	57	35	14
NM_001183986.1	188	192	113	185	155	86
NM_001183987.1	399	505	290	632	514	303
NM_001183988.1	36	61	26	69	56	38
NM_001183989.1	168	193	115	239	205	117
NM_001183990.1	606	711	399	952	807	457
NM_001183991.1	792	1056	455	967	851	422
NM_001183992.1	839	1084	601	987	870	447
NM_001183993.1	531	655	391	721	690	397
NM_001183994.1	450	600	283	680	517	283
NM_001183995.1	561	706	298	894	621	354
NM_001183997.1	1321	1543	1017	1759	1552	787
NM_001183998.1	1523	1993	1057	1862	1542	895
NM_001184000.1	17	13	5	16	11	8
NM_001184001.1	0	1	1	0	1	0
NM_001184002.1	521	752	358	809	680	378
NM_001184003.1	9	15	14	20	5	2
NM_001184004.1	2297	3121	1180	3671	2468	1521
NM_001184005.1	96	124	81	134	134	71
NM_001184006.1	0	1	0	3	6	3
NM_001184007.1	222	286	138	283	206	170
NM_001184008.1	100	129	74	140	111	61
NM_001184009.1	1064	1483	814	1315	1057	626
NM_001184010.1	215	253	135	459	359	191
NM_001184012.1	46675	53027	27130	50120	45832	22037
NM_001184013.1	1125	1355	658	842	801	395
NM_001184014.1	0	0	0	0	0	0
NM_001184015.1	0	1	1	1	0	1
NM_001184016.1	359	449	285	452	453	249
NM_001184017.1	363	422	213	457	378	196
NM_001184018.1	1028	1217	749	1529	1381	722
NM_001184020.1	665	884	527	1186	1025	583
NM_001184021.1	1122	1245	735	1236	905	560
NM_001184022.1	381	509	259	544	483	278
NM_001184023.1	113	132	92	155	146	60
NM_001184024.1	1807	2297	1254	1992	1753	926
NM_001184025.1	1581	1903	1059	2362	2129	1090
NM_001184026.1	1521	1883	992	1812	1455	813
NM_001184027.1	190	247	140	337	288	161
NM_001184028.1	160	153	106	282	232	126
NM_001184029.1	377	547	327	668	617	318
NM_001184030.1	53	103	42	100	90	58
NM_001184031.1	2470	3009	1720	3582	2956	1746
NM_001184032.1	3352	3756	2274	4278	3906	2073
NM_001184033.1	158	242	89	249	203	101
NM_001184034.1	54027	63388	29993	58429	52043	25965
NM_001184035.1	688	830	465	854	741	411
NM_001184036.1	106	98	76	108	96	68
NM_001184037.1	8	6	9	7	14	8
NM_001184038.2	304	304	185	331	318	164
NM_001184039.1	2095	2799	1340	3469	2894	1289
NM_001184040.1	9190	11063	5833	14016	12079	6536
NM_001184041.1	442	594	363	565	513	269
NM_001184042.1	802	972	423	1176	899	475
NM_001184043.1	131	186	82	188	152	65
NM_001184044.1	27	33	21	40	36	11
NM_001184045.1	28666	34788	17956	36699	27704	17490
NM_001184046.1	897	1121	585	1219	1093	600
NM_001184047.1	113	143	87	138	124	75
NM_001184048.1	2058	2503	1327	2878	2611	1292
NM_001184049.1	1936	2563	1351	2495	2029	1165
NM_001184050.1	70	114	62	112	93	53
NM_001184051.1	5173	6336	3239	6651	5608	2943
NM_001184053.1	1034	1244	647	1385	1323	729
NM_001184054.1	26672	34291	18607	54392	41876	21628
NM_001184055.1	143	257	135	241	227	123
NM_001184056.1	619	768	407	1092	788	439
NM_001184057.1	1645	1923	1304	2204	1887	1061
NM_001184058.1	213	326	153	321	269	167
NM_001184059.1	424	482	251	747	655	375
NM_001184060.1	834	1008	541	934	937	514
NM_001184061.1	177	231	129	227	239	120
NM_001184062.1	0	0	0	0	0	0
NM_001184063.1	654	920	324	950	612	357
NM_001184064.1	298	325	193	515	446	234
NM_001184066.1	588	719	398	730	606	354
NM_001184067.1	191	286	120	273	221	132
NM_001184068.1	378	488	271	528	480	236
NM_001184069.1	125	129	78	133	131	71
NM_001184070.1	961	1251	750	1132	1073	563
NM_001184071.1	45	58	27	54	67	37
NM_001184072.1	4	5	1	8	3	2
NM_001184073.1	444	504	314	629	539	339
NM_001184074.1	1353	1759	829	2293	1888	959
NM_001184076.1	2668	3269	1815	3385	2993	1687
NM_001184077.1	1726	2152	1265	2264	1944	1000
NM_001184078.1	34	48	21	34	41	17
NM_001184079.1	3165	3871	1944	3670	3003	1566
NM_001184080.1	1304	1649	854	1842	1643	812
NM_001184081.1	233	287	154	395	344	185
NM_001184082.1	83	118	63	132	110	54
NM_001184083.1	48	71	34	48	47	36
NM_001184084.1	460	575	278	628	532	287
NM_001184085.1	588	735	434	834	861	459
NM_001184086.1	6	1	1	1	1	1
NM_001184087.1	2346	2767	1604	3480	3224	1782
NM_001184088.1	1482	2029	927	1633	1404	822
NM_001184091.1	26	60	45	37	35	22
NM_001184092.1	5	11	9	5	5	12
NM_001184093.1	247	349	174	297	279	133
NM_001184094.1	1	1	2	1	2	0
NM_001184095.1	7	4	5	5	2	7
NM_001184096.1	0	0	0	0	1	1
NM_001184097.1	3	7	4	11	6	4
NM_001184098.1	9	22	7	15	15	9
NM_001184099.1	52	53	35	65	57	28
NM_001184100.1	179	286	145	289	241	144
NM_001184101.1	1117	1430	711	1538	1351	685
NM_001184102.1	12	27	21	23	25	19
NM_001184103.1	147	177	101	147	147	74
NM_001184104.1	2	2	1	1	1	0
NM_001184105.1	444	592	299	548	474	232
NM_001184106.1	114	157	71	88	64	40
NM_001184107.1	8583	10324	5660	11518	9458	5550
NM_001184108.1	79	151	65	132	109	82
NM_001184110.1	92	63	37	35	26	14
NM_001184112.1	8	21	9	25	9	7
NM_001184113.1	2776	3169	1795	4167	3916	1964
NM_001184114.1	195	248	137	272	203	120
NM_001184115.1	343	467	200	389	272	194
NM_001184116.1	987	1236	660	1371	1161	706
NM_001184117.1	377	473	286	724	557	321
NM_001184118.1	186	241	123	208	210	111
NM_001184119.1	520	663	306	691	553	352
NM_001184120.1	705	859	459	1039	828	453
NM_001184121.1	1618	1913	1101	2399	2077	1126
NM_001184122.1	304	364	200	512	450	201
NM_001184123.1	103	141	72	159	119	66
NM_001184124.1	1	3	2	3	5	1
NM_001184125.1	3938	5048	2454	5706	5154	2320
NM_001184126.1	1004	1226	743	1470	1271	705
NM_001184127.1	22	24	11	30	42	26
NM_001184128.1	152	193	120	237	205	100
NM_001184129.1	589	811	459	725	660	312
NM_001184130.1	6011	7252	4168	8175	7193	4533
NM_001184131.1	771	858	475	1186	1059	514
NM_001184132.2	8466	9099	4969	9917	9044	5008
NM_001184133.1	6151	6976	3829	7126	6796	3519
NM_001184134.1	229	267	172	305	275	170
NM_001184137.1	323	354	187	404	367	204
NM_001184138.1	6357	7599	3788	8923	7822	3959
NM_001184139.1	824	963	473	1168	924	569
NM_001184140.1	17480	19743	9798	19014	16183	8113
NM_001184142.1	529	736	353	967	802	422
NM_001184143.1	101	99	67	131	143	74
NM_001184144.1	134	143	76	126	124	65
NM_001184145.1	541	714	430	850	865	500
NM_001184146.1	157	303	153	313	259	137
NM_001184148.1	441	474	270	700	581	273
NM_001184149.1	1681	1964	1072	1827	1631	866
NM_001184151.1	0	0	0	0	0	0
NM_001184152.1	446	618	371	650	567	318
NM_001184153.1	292	350	217	347	320	195
NM_001184154.1	125	196	92	175	170	96
NM_001184155.1	540	577	344	890	850	489
NM_001184157.1	776	974	592	655	612	316
NM_001184158.1	26	57	26	43	39	20
NM_001184159.1	2001	2265	1195	2670	2315	1201
NM_001184160.1	1387	1675	845	2017	1841	943
NM_001184162.1	903	1045	524	1145	1100	491
NM_001184163.1	40	69	39	71	73	50
NM_001184164.1	138	161	106	196	159	127
NM_001184165.1	53	88	47	73	71	45
NM_001184166.1	5560	6709	3945	9355	8368	4769
NM_001184167.1	238	322	172	342	282	135
NM_001184168.1	97	101	69	94	95	65
NM_001184169.1	1555	1894	1386	1370	1259	525
NM_001184170.1	765	1019	543	850	793	386
NM_001184171.1	18427	21080	11898	21579	18804	11536
NM_001184172.1	524	634	313	824	692	375
NM_001184175.1	0	2	1	5	3	3
NM_001184176.1	276	266	195	372	297	191
NM_001184177.1	552669	634315	319238	628005	569199	296909
NM_001184178.1	129	182	140	221	173	105
NM_001184179.1	134	185	114	204	184	116
NM_001184180.1	79	97	36	132	129	54
NM_001184181.1	134	128	80	149	146	92
NM_001184182.1	59	88	53	59	64	31
NM_001184183.1	937	1084	602	1928	1704	864
NM_001184185.1	2757	3341	1813	4716	4010	2173
NM_001184186.1	715	913	500	1066	910	532
NM_001184188.1	510	704	370	646	512	327
NM_001184190.1	68	70	45	105	100	63
NM_001184191.1	166	227	102	318	254	150
NM_001184192.1	272	345	182	361	297	171
NM_001184193.1	1	0	0	2	0	0
NM_001184194.2	886	1202	664	1412	1150	663
NM_001184195.1	310	431	209	408	399	213
NM_001184197.1	380	400	230	474	381	227
NM_001184198.1	172	288	130	316	231	114
NM_001184199.1	35844	42757	19874	42734	36874	18076
NM_001184200.1	2527	3086	1730	5196	4312	2512
NM_001184201.1	417	570	242	674	437	297
NM_001184202.1	442	531	350	563	447	246
NM_001184203.1	279	426	225	418	400	245
NM_001184204.1	226	234	151	290	241	123
NM_001184205.1	2582	3208	1718	3717	3020	1578
NM_001184206.1	119	129	75	159	153	86
NM_001184207.1	3289	4073	2215	5055	4405	2346
NM_001184208.1	178	202	138	294	270	146
NM_001184209.1	2240	2793	1445	3237	2646	1425
NM_001184210.1	1794	2147	1178	2381	2038	1114
NM_001184211.1	759	1083	506	749	683	381
NM_001184212.1	185	273	128	231	209	111
NM_001184213.1	109	128	72	149	126	80
NM_001184214.1	28	44	27	27	27	13
NM_001184215.1	1983	2420	1368	2845	2518	1367
NM_001184216.1	673	949	415	843	707	374
NM_001184217.1	285	291	160	376	332	177
NM_001184218.2	0	0	1	0	0	0
NM_001184219.1	340	442	249	414	334	178
NM_001184221.1	4009	4753	2658	6029	4799	2493
NM_001184222.1	534	653	366	649	514	279
NM_001184224.1	244	320	201	447	395	242
NM_001184225.1	411	550	305	465	431	238
NM_001184226.1	1747	2234	1064	2146	1915	1082
NM_001184228.1	380	450	282	564	528	281
NM_001184229.1	36068	42221	19325	41460	35117	16866
NM_001184230.1	1383	1628	743	1460	1059	606
NM_001184231.1	68	95	51	125	113	58
NM_001184232.1	802	982	540	1108	847	493
NM_001184234.1	1033	1322	672	1352	1242	662
NM_001184235.1	259	314	202	208	170	113
NM_001184236.1	382	477	255	494	418	211
NM_001184237.1	140	209	125	196	164	121
NM_001184238.1	280	359	176	381	277	174
NM_001184240.1	674	954	534	929	782	460
NM_001184241.1	875	1079	607	1243	1174	562
NM_001184242.1	9856	10666	7132	14509	13275	7943
NM_001184244.1	459	457	290	435	389	228
NM_001184245.1	1020	1239	688	1180	978	542
NM_001184246.1	4829	5999	3023	7473	6948	3479
NM_001184248.1	1	6	1	1	4	2
NM_001184249.1	143	232	98	232	188	122
NM_001184250.1	33	38	20	32	39	20
NM_001184251.1	693	856	453	869	766	398
NM_001184252.1	210	239	124	369	327	149
NM_001184253.1	1379	1609	770	1606	1460	790
NM_001184254.1	17	35	28	16	15	14
NM_001184255.1	303	335	195	435	364	154
NM_001184256.1	2906	3648	1851	3945	3328	1836
NM_001184257.1	158	175	103	316	221	180
NM_001184258.1	556	723	387	1055	819	522
NM_001184259.1	325	383	211	356	293	175
NM_001184260.1	11273	13362	6118	16094	13733	6947
NM_001184261.1	296	452	253	461	480	228
NM_001184262.1	2810	3505	2069	3695	3256	1701
NM_001184263.1	410	546	295	669	553	269
NM_001184264.1	44	54	36	61	66	30
NM_001184265.1	116	106	63	155	140	73
NM_001184266.1	833	981	569	1094	1097	614
NM_001184268.1	444	599	261	555	478	221
NM_001184269.1	671	725	397	738	662	357
NM_001184270.1	758	1013	514	1141	1023	636
NM_001184271.1	136	173	115	209	177	112
NM_001184272.1	393	477	253	499	468	257
NM_001184273.1	368	442	278	424	357	183
NM_001184275.1	191	248	141	367	305	147
NM_001184276.1	263	268	165	275	259	122
NM_001184277.1	419	512	298	619	492	259
NM_001184278.1	6085	7156	3930	7381	7017	3911
NM_001184279.1	279	347	174	323	339	194
NM_001184280.1	3546	4006	2122	3693	3435	2017
NM_001184281.1	96	124	84	130	111	92
NM_001184282.1	207	302	156	247	229	132
NM_001184283.1	195	206	124	275	218	110
NM_001184284.1	1989	2322	1249	2608	2251	1231
NM_001184285.1	432	505	292	606	531	242
NM_001184286.1	1809	2347	1129	2181	1755	945
NM_001184287.1	688	978	470	1162	903	512
NM_001184288.1	1072	1477	697	1874	1856	849
NM_001184289.1	5	5	4	4	3	3
NM_001184290.1	6	4	0	2	0	1
NM_001184291.1	6	21	1	7	7	0
NM_001184293.1	27	43	27	49	40	13
NM_001184295.1	506	606	354	721	535	300
NM_001184296.1	136	157	108	212	192	80
NM_001184297.1	13	12	6	3	4	3
NM_001184298.1	24	44	18	18	29	13
NM_001184299.1	2	6	1	5	2	1
NM_001184300.1	0	0	0	0	0	0
NM_001184301.1	0	0	0	0	0	1
NM_001184302.1	14	17	12	29	36	12
NM_001184303.1	7239	9213	4146	9598	9263	4468
NM_001184304.1	339	403	212	471	406	179
NM_001184305.1	0	0	0	0	0	0
NM_001184306.2	144	172	89	170	143	76
NM_001184307.1	532	631	342	696	629	341
NM_001184308.3	544	579	266	757	639	335
NM_001184309.3	474	725	368	681	536	289
NM_001184310.1	1394	1733	835	976	927	403
NM_001184311.3	11784	13662	7633	12279	11751	6741
NM_001184312.1	21838	24605	12300	22756	20125	10430
NM_001184313.1	150	179	83	225	175	75
NM_001184314.1	0	0	0	0	1	1
NM_001184315.1	2097	2667	1245	2761	2355	1111
NM_001184316.1	721	765	408	1097	1010	524
NM_001184317.1	247	331	144	397	383	201
NM_001184318.1	25	20	14	10	15	5
NM_001184319.1	17	18	12	8	9	3
NM_001184320.1	1456	1779	813	2076	2085	1008
NM_001184321.1	123	163	94	129	148	86
NM_001184325.1	158	207	143	279	185	128
NM_001184326.1	1	6	5	5	6	1
NM_001184327.3	10	12	4	14	10	2
NM_001184328.3	851	1009	588	1395	1126	590
NM_001184329.1	335	354	161	345	361	122
NM_001184330.1	462	528	304	619	532	220
NM_001184332.1	0	0	0	0	0	0
NM_001184335.3	1053	1355	820	1615	1353	735
NM_001184336.1	239	292	152	357	307	193
NM_001184338.1	125	146	69	92	95	72
NM_001184339.1	1537	1774	952	2481	2180	1139
NM_001184340.1	497	625	245	671	664	300
NM_001184342.1	0	0	0	2	1	0
NM_001184344.1	199	263	127	341	284	150
NM_001184346.3	5590	6910	3749	10245	8568	4368
NM_001184348.1	317	441	244	612	504	267
NM_001184349.1	338	396	242	381	415	185
NM_001184377.1	315	467	218	562	500	208
NM_001184378.1	15	11	6	6	3	8
NM_001184379.4	22	29	14	12	16	15
NM_001184380.3	13	15	9	29	25	15
NM_001184381.2	59	58	45	74	84	56
NM_001184382.1	461	684	365	949	805	423
NM_001184383.1	39	58	22	29	30	13
NM_001184384.2	39	58	22	30	30	15
NM_001184385.3	124	109	80	77	64	35
NM_001184386.2	160	139	107	102	81	48
NM_001184387.1	69	85	44	41	29	16
NM_001184388.4	112	129	79	67	52	28
NM_001184389.1	43	26	28	26	11	6
NM_001184390.4	64	52	49	45	32	12
NM_001184391.1	1	0	0	0	0	0
NM_001184392.2	1	0	0	0	0	0
NM_001184393.1	3	0	5	1	3	2
NM_001184394.2	17	14	16	25	12	17
NM_001184395.1	431	469	239	223	198	131
NM_001184396.2	888	954	546	600	479	344
NM_001184397.1	99	98	66	70	51	30
NM_001184398.2	99	101	67	72	53	30
NM_001184399.1	0	0	0	0	1	0
NM_001184400.4	38	28	28	31	21	15
NM_001184401.1	89	138	52	63	48	20
NM_001184402.2	97	154	63	66	53	22
NM_001184403.1	30	34	23	44	23	22
NM_001184404.2	51	60	34	71	55	39
NM_001184405.1	0	0	0	0	0	0
NM_001184406.2	0	0	0	0	0	0
NM_001184407.1	0	1	0	0	0	0
NM_001184408.2	479	503	317	417	308	240
NM_001184409.1	0	0	0	1	0	0
NM_001184410.1	0	1	0	0	2	0
NM_001184411.4	0	3	4	8	6	2
NM_001184412.1	89	142	95	84	81	73
NM_001184413.3	53	76	37	97	97	36
NM_001184414.1	467	626	318	721	677	309
NM_001184415.2	561	782	416	825	760	376
NM_001184416.1	7	2	1	4	0	3
NM_001184417.2	8	2	7	8	5	6
NM_001184418.1	24	13	16	15	6	5
NM_001184419.4	31	24	23	22	16	9
NM_001184420.1	0	0	0	0	0	1
NM_001184421.2	7	31	13	23	20	10
NM_001184422.3	8	12	7	7	4	2
NM_001184423.4	22	36	20	20	17	5
NM_001184424.1	0	0	0	0	0	0
NM_001184425.2	0	0	0	0	0	0
NM_001184426.3	0	0	0	0	0	0
NM_001184427.2	22	32	14	30	17	17
NM_001184428.1	0	0	1	1	1	0
NM_001184429.1	31	23	7	23	19	6
NM_001184430.1	89	138	52	63	48	20
NM_001184431.1	11	2	0	2	1	1
NM_001184432.2	229	293	154	224	180	110
NM_001184433.1	7	2	0	4	1	3
NM_001184434.2	19	15	15	26	13	14
NM_001184435.3	41	69	34	46	66	39
NM_001184436.2	73	103	55	72	88	52
NM_001184437.3	152	243	146	142	120	117
NM_001184438.1	1174	1397	715	1507	1364	616
NM_001184439.1	42	45	33	36	36	30
NM_001184440.1	196	272	132	341	268	138
NM_001184441.1	307	373	191	524	439	196
NM_001184442.3	561	740	412	988	917	492
NM_001184443.1	362	489	264	953	710	363
NM_001184444.1	8	18	7	26	20	5
NM_001184445.1	4835	5821	2824	5024	5350	2898
NM_001184446.3	21	14	12	24	23	9
NM_001184447.3	15	28	19	29	31	21
NM_001184448.1	727	936	385	998	880	438
NM_001184449.1	163	189	99	111	81	69
NM_001184450.1	0	1	1	2	1	1
NM_001184453.1	313	421	206	351	334	176
NM_001184454.1	392	500	232	556	562	210
NM_001184455.1	252	314	170	292	267	134
NM_001184456.1	0	0	0	0	0	0
NM_001184457.1	87	116	45	93	90	21
NM_001184458.1	0	0	0	0	0	0
NM_001184461.1	143	199	89	190	171	83
NM_001184462.1	0	0	0	0	0	1
NM_001184465.1	0	0	0	0	0	0
NM_001184469.3	126	162	83	169	149	74
NM_001184470.3	177	224	126	255	218	120
NM_001184471.3	28	40	28	62	46	22
NM_001184472.1	0	0	0	0	0	0
NM_001184473.1	0	0	0	0	0	0
NM_001184474.3	478	685	399	752	650	327
NM_001184476.1	0	0	0	0	0	0
NM_001184477.3	371	407	211	449	394	254
NM_001184481.1	99	164	80	190	165	96
NM_001184482.1	0	0	0	1	0	0
NM_001184484.1	189	202	132	211	184	113
NM_001184486.1	248	337	142	367	292	151
NM_001184487.1	1	5	2	2	4	1
NM_001184490.1	55	92	35	101	98	42
NM_001184492.1	80	99	46	93	73	35
NM_001184493.1	56	69	26	104	94	31
NM_001184510.3	95	125	57	125	125	63
NM_001184511.1	37	67	37	84	70	28
NM_001184512.1	424	501	284	769	638	347
NM_001184513.1	161	257	126	266	224	98
NM_001184514.1	0	0	0	0	0	0
NM_001184515.1	89	77	54	52	75	39
NM_001184516.1	1865	1981	1276	2608	2410	1598
NM_001184517.3	70	81	48	126	99	38
NM_001184518.1	1226	1407	753	1637	1396	742
NM_001184519.1	113	149	78	123	118	56
NM_001184520.1	216	247	127	242	191	112
NM_001184521.1	371	378	226	496	461	213
NM_001184522.3	207	332	179	254	227	135
NM_001184523.1	25	34	29	36	31	21
NM_001184524.1	30	24	19	30	28	2
NM_001184525.1	1563	1691	1085	1818	1648	993
NM_001184526.1	0	0	0	0	0	0
NM_001184527.1	19	25	15	12	19	21
NM_001184528.1	201	252	128	343	263	153
NM_001184529.1	170	195	87	196	188	74
NM_001184530.1	114	168	73	186	152	69
NM_001184531.3	350	465	236	601	476	259
NM_001184532.1	65	49	45	53	63	21
NM_001184533.1	6	5	4	4	7	5
NM_001184534.1	221	257	155	290	245	125
NM_001184535.1	0	1	0	2	2	1
NM_001184536.1	127	154	87	184	165	62
NM_001184537.1	73	113	59	108	122	58
NM_001184539.1	0	3	1	4	7	3
NM_001184540.1	2	3	0	2	1	1
NM_001184541.3	0	0	0	0	0	0
NM_001184542.1	0	0	0	0	0	0
NM_001184543.1	0	0	0	0	1	0
NM_001184544.3	0	0	0	0	0	0
NM_001184545.3	0	0	0	1	0	0
NM_001184546.1	0	0	0	0	0	0
NM_001184547.3	6	2	1	4	2	0
NM_001184548.3	0	3	1	0	4	1
NM_001184549.1	0	0	0	0	0	0
NM_001184550.1	0	0	0	0	0	0
NM_001184551.1	0	1	1	1	0	0
NM_001184552.1	0	0	0	0	0	0
NM_001184553.1	0	0	0	0	0	0
NM_001184554.1	0	0	0	0	0	0
NM_001184555.1	0	0	0	1	0	0
NM_001184557.1	0	0	0	0	0	0
NM_001184559.1	0	0	0	0	0	0
NM_001184560.1	0	0	0	0	0	0
NM_001184561.1	0	0	0	0	0	0
NM_001184563.1	0	0	0	0	0	0
NM_001184564.1	0	0	0	0	0	0
NM_001184565.1	0	0	0	0	0	0
NM_001184566.1	0	0	0	0	0	0
NM_001184567.1	1	3	0	1	3	2
NM_001184569.1	0	0	0	0	0	0
NM_001184570.3	1	1	0	0	1	2
NM_001184571.1	0	0	0	0	0	0
NM_001184572.1	0	0	0	0	0	0
NM_001184573.1	0	0	0	0	0	0
NM_001184574.1	0	0	0	0	0	0
NM_001184575.1	0	1	0	0	0	0
NM_001184576.1	0	1	0	0	0	0
NM_001184577.1	0	4	0	3	5	1
NM_001184578.1	0	0	0	0	0	1
NM_001184579.3	0	0	0	0	0	0
NM_001184580.1	0	0	1	0	1	0
NM_001184582.1	0	0	0	0	0	0
NM_001184583.1	0	0	0	0	0	0
NM_001184584.1	1	1	0	0	2	0
NM_001184585.1	0	0	0	0	0	0
NM_001184586.1	2	3	0	3	2	1
NM_001184587.3	0	0	0	0	0	0
NM_001184588.1	0	0	0	0	0	0
NM_001184589.1	0	0	0	0	1	0
NM_001184590.1	0	0	0	0	0	0
NM_001184591.1	36	31	26	25	26	23
NM_001184592.3	0	1	0	0	2	0
NM_001184593.3	22	25	11	51	46	15
NM_001184594.1	1	2	0	1	4	0
NM_001184595.3	0	0	0	0	0	0
NM_001184596.1	0	0	0	1	0	0
NM_001184597.1	0	0	0	0	0	0
NM_001184598.3	0	0	0	0	0	0
NM_001184599.3	0	0	0	0	0	0
NM_001184600.1	0	0	0	0	0	0
NM_001184601.1	0	0	1	0	0	0
NM_001184602.3	0	0	1	1	1	0
NM_001184603.1	0	0	0	0	0	0
NM_001184604.1	0	0	1	1	2	0
NM_001184605.1	0	0	0	0	0	0
NM_001184608.1	0	0	0	0	0	0
NM_001184609.1	0	0	0	0	0	0
NM_001184610.1	0	1	0	0	0	0
NM_001184612.1	0	2	0	0	1	0
NM_001184613.1	9	20	10	11	22	14
NM_001184614.1	0	0	0	0	1	0
NM_001184615.1	0	0	0	0	0	0
NM_001184616.1	0	0	0	0	0	0
NM_001184617.1	0	0	0	0	0	0
NM_001184618.1	0	0	0	0	0	0
NM_001184619.3	322	369	243	402	362	193
NM_001184620.1	1	2	1	0	3	0
NM_001184621.3	0	0	0	0	0	0
NM_001184622.1	0	0	0	0	0	0
NM_001184623.1	0	0	0	0	0	0
NM_001184624.1	0	0	0	0	0	0
NM_001184625.1	0	0	0	1	0	0
NM_001184626.1	0	0	0	0	0	0
NM_001184627.1	1	0	0	0	3	1
NM_001184628.1	0	0	0	0	0	0
NM_001184629.1	0	0	0	0	0	0
NM_001184631.1	20274	23006	13002	19761	19398	12241
NM_001184632.3	0	0	0	1	0	0
NM_001184633.1	0	0	0	0	0	0
NM_001184634.1	13	2	1	4	5	1
NM_001184635.1	0	0	0	0	0	0
NM_001184636.1	256	304	183	283	212	158
NM_001184637.1	0	0	0	0	0	0
NM_001184638.1	0	0	0	0	0	0
NM_001184639.3	0	0	0	0	0	0
NM_001184641.1	0	1	0	1	1	1
NM_001184642.1	0	0	0	0	0	1
NM_001184643.3	0	0	0	0	0	0
NM_001184644.1	0	0	0	0	0	0
NM_001184645.1	8	14	4	11	6	5
NM_001184646.3	0	1	0	0	0	0
NM_001184647.4	214	315	167	334	263	144
NM_001184648.1	0	0	0	0	0	0
NM_001184649.1	0	0	0	0	0	0
NM_001184650.1	0	0	0	0	0	0
NM_001184651.1	0	0	0	0	0	0
NM_001184652.1	51	73	14	59	53	13
NM_001184653.1	385	453	242	540	455	234
NM_001184654.1	0	0	0	0	1	0
NM_001184655.1	0	0	0	0	0	0
NM_001184656.1	3	0	1	3	0	0
NM_001184658.1	0	1	0	1	0	1
NM_001184659.3	142	195	97	223	191	106
NM_001184660.1	1	3	0	0	2	1
NM_001184661.1	0	0	0	0	0	0
NM_001184662.3	0	0	0	2	1	0
NM_001184663.1	3	0	3	4	2	0
NM_001184664.1	0	0	0	1	2	1
NM_001184665.1	0	0	0	0	0	0
NM_001184666.1	0	0	1	0	0	0
NM_001184667.1	0	0	0	0	0	0
NM_001184668.1	1	2	1	1	2	0
NM_001184669.3	0	1	1	2	4	3
NM_001184670.1	0	0	0	0	0	0
NM_001184671.1	29	44	12	58	38	27
NM_001184672.1	153	151	85	172	155	89
NM_001184673.1	44	63	20	58	42	42
NM_001184674.1	0	0	0	2	0	0
NM_001184675.3	34	68	34	76	56	40
NM_001184676.3	23	28	12	23	30	14
NM_001184677.1	57	76	51	74	57	36
NM_001184678.1	0	0	0	2	1	0
NM_001184679.1	107	144	65	140	149	95
NM_001184680.1	77	109	48	96	75	37
NM_001184681.1	9	8	6	16	15	7
NM_001184682.1	0	0	0	0	0	0
NM_001184683.1	243	301	234	295	252	188
NM_001184684.1	1	5	1	3	1	3
NM_001184685.1	154	227	99	221	233	107
NM_001184686.1	32	54	27	42	36	32
NM_001184687.1	10	11	15	17	17	11
NM_001184688.1	10	2	8	12	8	8
NM_001184689.1	184	254	131	340	340	156
NM_001267862.1	0	0	0	0	0	0
NM_001270738.1	0	0	0	1	0	2
NM_001270739.1	18	19	9	34	21	17
NM_001270740.1	846	1050	520	1162	1000	526
NM_001270741.1	1	0	0	2	0	1
NM_001270742.1	0	0	0	1	0	0
NM_001270743.1	105	128	82	113	112	58
NM_001270744.1	12	8	4	15	10	3
NM_001270745.1	54	50	25	48	42	23
NM_001270746.1	81	146	83	144	132	75
NM_001270747.1	7	3	4	0	2	0
NM_001270748.1	25	64	26	54	47	20
NM_001270749.1	17	11	6	11	12	10
NM_001270750.1	0	0	0	0	0	0
NM_001270751.1	0	0	0	0	0	0
NM_001270752.1	0	0	0	0	0	0
NM_001270753.1	3	8	5	3	2	6
NM_001270754.1	17	7	6	21	12	15
NM_001270755.1	15	16	16	19	16	9
NM_001270756.1	0	0	0	0	0	0
NM_001270757.1	0	0	2	0	0	0
NM_001270758.1	149	152	94	111	96	64
NM_001270759.1	25	23	11	29	23	9
NM_001270760.1	100	115	59	136	100	58
NM_001270761.1	18	39	27	40	24	22
NM_001281536.2	70	101	56	122	127	59
NM_001301348.1	2	4	3	3	4	3
NM_001305014.1	9	6	5	9	7	3
NM_001305015.2	50	60	34	72	55	39
NM_001310667.1	11	7	5	7	10	5
NM_001346794.1	2	1	2	4	1	0
NM_001346795.1	1	4	4	6	4	2
NM_001346796.1	0	0	0	2	0	0
NM_001348807.1	0	0	0	0	0	0
NM_001348808.1	0	0	0	0	0	0
NM_001348809.1	0	0	0	0	0	1
NM_001348810.1	2	5	4	1	4	0
NM_001348811.1	0	0	0	1	2	0
NM_001348812.1	0	1	0	0	0	1
NM_001348813.1	0	0	0	0	0	0
NM_001348814.1	0	0	0	0	0	0
NM_001348815.1	0	0	0	0	0	0
NM_001348817.1	2	1	1	0	1	2
NM_001348818.1	0	0	0	0	0	0
NM_001348819.1	1	0	1	4	2	4
NM_001348820.1	2	1	0	0	2	0
NM_001348821.1	0	0	0	0	0	0
NM_001348822.1	0	4	0	1	3	3
NM_001348823.1	0	0	0	0	0	1
NM_001348824.1	2	0	0	0	0	0
NM_001348825.1	1	0	0	0	0	1
NM_001348826.1	1	0	2	1	1	3
NM_001348827.1	0	0	0	0	1	1
NM_001348828.1	0	0	0	0	0	0
NM_001348829.1	21	12	8	12	23	11
NM_001348830.1	1	1	4	1	1	0
NM_001348831.1	0	2	1	1	0	0
NM_001348832.1	0	0	0	0	0	0
NM_001348833.1	3	0	0	1	0	0
NM_001348834.1	0	0	0	0	0	0
NM_001348835.1	0	0	0	0	1	1
NM_001348836.1	2	1	5	0	0	2
NM_001348837.1	0	0	0	0	0	0
NM_001348838.1	0	1	0	1	2	0
NM_001348839.1	25	46	34	50	63	22
NM_001348840.1	15	29	9	15	25	3
NM_001348841.1	6	2	2	5	2	1
NM_001348842.1	6	2	7	13	17	9
NM_001348843.1	0	0	0	0	0	0
NM_001348844.1	1	1	1	4	3	2
NM_001348845.1	0	0	1	0	0	0
NM_001348846.1	26	35	9	26	17	11
NM_001348847.1	0	0	0	0	0	0
NM_001348848.1	0	0	0	0	1	0
NM_001348849.1	5	5	4	3	5	1
NM_001348850.1	0	0	0	1	1	1
NM_001348851.1	0	0	0	0	0	0
NM_001348852.1	3	3	5	2	0	2
NM_001348853.1	0	0	0	0	0	0
NM_001348854.1	0	0	1	0	0	1
NM_001348855.1	23	28	18	31	24	20
NM_001348856.1	0	0	0	0	1	0
NM_001348857.1	0	0	0	0	1	0
NM_001348858.1	0	0	0	1	2	0
NM_001348859.1	0	2	0	4	1	0
NM_001348860.1	0	0	0	0	0	0
NM_001348861.1	0	0	0	0	0	0
NM_001348862.1	2	1	0	0	1	0
NM_001348863.1	0	0	0	0	0	0
NM_001348864.1	2	2	1	1	1	1
NM_001348865.1	0	0	0	0	0	0
NM_001348866.1	2	8	3	8	4	3
NM_001348867.1	0	2	1	2	2	5
NM_001348868.1	0	0	0	0	2	0
NM_001348869.1	0	1	0	1	2	0
NM_001348870.1	0	0	0	1	0	1
NM_001348871.1	0	0	0	0	0	0
NM_001348872.1	1	0	0	0	0	0
NM_001348873.1	0	1	0	1	0	0
NM_001348874.1	2	2	0	0	1	0
NM_001348875.1	0	0	0	0	0	0
NM_001348876.1	1	2	1	0	1	0
NM_001348877.1	0	0	0	0	1	0
NM_001348878.1	0	0	0	0	0	0
NM_001348879.1	0	0	0	0	0	0
NM_001348880.1	0	3	3	6	1	3
NM_001348881.1	0	0	0	0	0	0
NM_001348882.1	0	0	0	0	0	0
NM_001348883.1	0	0	0	0	0	0
NM_001348884.1	0	0	0	1	2	0
NM_001348885.1	0	0	0	0	0	0
NM_001348886.1	0	0	0	0	0	0
NM_001348887.1	2382	2499	1474	2265	2092	1316
NM_001348888.1	0	0	0	0	0	0
NM_001348889.1	1	0	0	0	2	1
NM_001348890.1	0	0	2	1	0	0
NM_001348891.1	0	0	0	0	0	0
NM_001348892.1	2	0	0	0	0	0
NM_001348893.1	0	1	0	0	1	0
NM_001348894.1	0	0	0	3	1	0
NM_001348895.1	9	6	0	4	4	2
NM_001348896.1	1	0	0	0	2	0
NM_001348897.1	2	2	0	3	3	1
NM_001348898.1	0	1	2	1	1	1
NM_001387383.1	2	1	2	2	3	0
NM_001395031.1	0	0	0	0	0	0
NM_001395032.1	0	0	0	0	0	0
NM_001395033.1	0	0	0	0	0	0
NM_001395034.1	23	19	9	36	23	20
NM_001395035.1	0	0	0	0	0	0
NM_001395036.1	56	70	54	111	101	45
NM_001395037.1	0	0	0	0	0	0
NM_001395038.1	0	0	0	0	0	0
NM_001395039.1	9	7	9	14	4	3
NM_001395040.1	0	1	0	0	0	0
NM_001395041.1	0	0	1	2	1	0
NM_001395042.1	0	0	0	0	0	0
NM_001395731.1	0	0	0	0	0	0
NM_001416099.1	0	0	0	0	0	0
NM_001431137.1	29	29	13	47	52	25
NM_001431138.1	119	136	71	203	145	77
NM_001431139.1	1	4	3	1	4	1
NM_001431140.1	4	4	3	6	6	4
NM_001431141.1	59	75	63	125	109	61
NM_001431142.1	150	138	117	253	199	117
NM_001431143.1	0	1	0	0	0	0
OLI1	39	65	17	57	20	17
Q0255	0	3	1	0	2	0
SCEI	0	1	1	2	0	0
SDL1	25	27	15	34	36	18
VAR1	7	5	2	8	5	7
YIR043C	129	168	49	205	169	92
YOL153C	8	6	4	6	8	7
