	0	1	2	3	4	5	6	7	8	mean
NM_001184674.1	0	0	0	0	0	0	0	0	0	0.0
NM_001178850.1	0	0	0	0	0	0	0	0	0	0.0
NM_001180306.1	0	0	0	0	0	0	0	0	0	0.0
NM_001180305.1	0	0	0	0	0	0	0	0	0	0.0
NM_001184569.1	0	0	0	0	0	0	0	0	0	0.0
NM_001182514.1	0	0	0	0	0	0	0	0	0	0.0
NM_001395040.1	0	0	0	0	0	0	0	0	0	0.0
NM_001184456.1	0	0	0	0	0	0	0	0	0	0.0
NM_001348890.1	0	0	0	0	0	0	0	0	0	0.0
NM_001270756.1	0	0	0	0	0	0	0	0	0	0.0
NM_001395033.1	0	0	0	0	0	0	0	0	0	0.0
NM_001348820.1	0	0	0	0	0	0	0	0	0	0.0
NM_001348821.1	0	0	0	0	0	0	0	0	0	0.0
NM_001178836.3	0	0	0	0	0	0	0	0	0	0.0
NM_001178806.1	0	0	0	0	0	0	0	0	0	0.0
NM_001348865.1	0	0	0	0	0	0	0	0	0	0.0
NM_001182618.1	0	0	0	0	0	0	0	0	0	0.0
NM_001178864.1	0	0	0	0	0	0	0	0	0	0.0
NM_001181418.3	0	0	0	0	0	0	0	0	0	0.0
NM_001178807.1	0	0	0	0	0	0	0	0	0	0.0
NM_001181765.2	0	0	0	0	0	0	0	0	0	0.0
NM_001184649.1	0	0	0	0	0	0	0	0	0	0.0
NM_001181809.2	0	0	0	0	0	0	0	0	0	0.0
NM_001184549.1	0	0	0	0	0	0	0	0	0	0.0
NM_001179926.1	0	0	0	0	0	0	0	0	0	0.0
NM_001348862.1	0	0	0	0	0	0	0	0	0	0.0
NM_001184550.1	0	0	0	0	0	0	0	0	0	0.0
NM_001395037.1	0	0	0	0	0	0	0	0	0	0.0
NM_001183935.1	0	0	0	0	0	0	0	0	0	0.0
NM_001348837.1	0	0	0	0	0	0	0	0	0	0.0
NM_001181899.1	0	0	0	0	0	0	0	0	0	0.0
NM_001181810.3	0	0	0	0	0	0	0	0	0	0.0
NM_001184556.1	0	0	0	0	0	0	0	0	0	0.0
NM_001184609.1	0	0	0	0	0	0	0	0	0	0.0
NM_001181900.1	0	0	0	0	0	0	0	0	0	0.0
NM_001348848.1	0	0	0	0	0	0	0	0	0	0.0
NM_001184622.1	0	0	0	0	0	0	0	0	0	0.0
NM_001348853.1	0	0	0	0	0	0	0	0	0	0.0
NM_001184557.1	0	0	0	0	0	0	0	0	0	0.0
NM_001179906.1	0	0	0	0	0	0	0	0	0	0.0
NM_001184543.1	0	0	0	0	0	0	0	0	0	0.0
NM_001180307.1	0	0	0	0	0	0	0	0	0	0.0
NM_001184670.1	0	0	0	0	0	0	0	0	0	0.0
NM_001181058.1	0	0	0	0	0	0	0	0	0	0.0
NM_001178702.1	0	0	0	0	0	0	0	0	0	0.0
NM_001348874.1	0	0	0	0	0	0	0	0	0	0.0
NM_001184682.1	0	0	0	0	0	0	0	0	0	0.0
NM_001270742.1	0	0	0	0	0	0	0	0	0	0.0
NM_001184406.2	0	0	0	0	0	0	0	0	0	0.0
NM_001180096.1	0	0	0	0	0	0	0	0	0	0.0
NM_001184405.1	0	0	0	0	0	0	0	0	0	0.0
NM_001184404.2	0	0	0	0	0	0	0	0	0	0.0
NM_001184403.1	0	0	0	0	0	0	0	0	0	0.0
NM_001184661.1	0	0	0	0	0	0	0	0	0	0.0
NM_001181425.3	0	0	0	0	0	0	0	0	0	0.0
NM_001181057.3	0	0	0	0	0	0	0	0	0	0.0
NM_001181048.1	0	0	0	0	0	0	0	0	0	0.0
NM_001348858.1	0	0	0	0	0	0	0	0	0	0.0
NM_001184342.1	0	0	0	0	0	0	0	0	0	0.0
NM_001348868.1	0	0	0	0	0	0	0	0	0	0.0
NM_001184615.1	0	0	0	0	0	0	0	0	0	0.0
NM_001184608.1	0	0	0	0	0	0	0	0	0	0.0
NM_001178665.1	0	0	0	0	0	0	0	0	0	0.0
NM_001184651.1	0	0	0	0	0	0	0	0	0	0.0
NM_001184617.1	0	0	0	0	0	0	0	0	0	0.0
NM_001184302.1	0	0	0	0	0	0	0	0	0	0.0
NM_001180024.1	0	0	0	0	0	0	0	0	0	0.0
NM_001180862.2	0	0	0	0	0	0	0	0	0	0.0
NM_001348875.1	0	0	0	0	0	0	0	0	0	0.0
NM_001183278.1	0	0	0	0	0	0	0	0	0	0.0
NM_001183283.1	0	0	0	0	0	0	0	0	0	0.0
NM_001184430.1	0	0	0	0	0	0	0	0	0	0.0
NM_001348861.1	0	0	0	0	0	0	0	0	0	0.0
NM_001178890.1	0	0	0	0	0	0	0	0	0	0.0
NM_001178891.1	0	0	0	0	0	0	0	0	0	0.0
NM_001180855.1	0	0	0	0	0	0	0	0	0	0.0
NM_001179916.1	0	0	0	0	0	0	0	0	0	0.0
NM_001180853.1	0	0	0	0	0	0	0	0	0	0.0
NM_001180850.3	0	0	0	0	0	0	0	0	0	0.0
NM_001178710.1	0	0	0	0	0	0	0	0	0	0.0
NM_001184632.3	0	0	0	0	0	0	0	0	0	0.0
NM_001416099.1	0	0	0	0	0	0	0	0	0	0.0
NM_001179126.1	0	0	0	0	0	0	0	0	0	0.0
NM_001184650.1	0	0	0	0	0	0	0	0	0	0.0
NM_001179129.1	0	0	0	0	0	0	0	0	0	0.0
NM_001179130.1	0	0	0	0	0	0	0	0	0	0.0
NM_001348843.1	0	0	0	0	0	0	0	0	0	0.0
NM_001179079.3	0	0	0	0	0	0	0	0	0	0.0
NM_001182333.3	0	0	0	0	0	0	0	0	0	0.0
NM_001184429.1	0	0	0	0	0	0	0	0	0	0.0
NM_001179050.4	0	0	0	0	0	0	0	0	0	0.0
NM_001180880.3	0	0	0	0	0	0	0	0	0	0.0
NM_001184634.1	0	0	0	0	0	0	0	0	0	0.0
NM_001181887.1	0	0	0	0	0	0	0	0	0	0.0
NM_001184610.1	0	0	0	0	0	0	0	0	0	0.0
NM_001184605.1	0	0	0	0	0	0	0	0	0	0.0
NM_001181886.1	0	0	0	0	0	0	0	0	0	0.0
NM_001179080.3	0	0	0	0	0	0	0	0	0	0.0
NM_001184399.1	0	0	0	0	0	0	0	0	0	0.0
NM_001181884.1	0	0	0	0	0	0	0	0	0	0.0
NM_001184391.1	0	0	0	0	0	0	0	0	0	0.0
NM_001184594.1	0	0	0	0	0	0	0	0	0	0.0
NM_001184001.1	0	0	0	0	0	0	0	0	0	0.0
NM_001184392.2	0	0	0	0	0	0	0	0	0	0.0
NM_001348878.1	0	0	0	0	0	0	0	0	0	0.0
NM_001183487.1	0	0	0	0	0	0	0	0	0	0.0
NM_001184465.1	0	0	0	0	0	0	0	0	0	0.0
NM_001184062.1	0	0	0	0	0	0	0	0	0	0.0
NM_001184626.1	0	0	0	0	0	0	0	0	0	0.0
NM_001348891.1	0	0	0	0	0	0	0	0	0	0.0
NM_001184542.1	0	0	0	0	0	0	0	0	0	0.0
NM_001184643.3	0	0	0	0	0	0	0	0	0	0.0
NM_001184541.3	0	0	0	0	0	0	0	0	0	0.0
NM_001184571.1	0	0	0	0	0	0	0	0	0	0.0
NM_001182425.1	0	0	0	0	0	0	0	0	0	0.0
NM_001184633.1	0	0	0	0	0	0	0	0	0	0.0
NM_001184644.1	0	0	0	0	0	0	0	0	0	0.0
NM_001179894.1	0	0	0	0	0	0	0	0	0	0.0
NM_001183811.3	0	0	0	0	0	0	0	0	0	0.0
NM_001184579.3	0	0	0	0	0	0	0	0	0	0.0
NM_001184094.1	0	0	0	0	0	0	0	0	0	0.0
NM_001179805.3	0	0	0	0	0	0	0	0	0	0.0
NM_001395042.1	0	0	0	0	0	0	0	0	0	0.0
NM_001181940.1	0	0	0	0	0	0	0	0	0	0.0
NM_001179902.1	0	0	0	0	0	0	0	0	0	0.0
NM_001179901.1	0	0	0	0	0	0	0	0	0	0.0
NM_001179900.1	0	0	0	0	0	0	0	0	0	0.0
NM_001179899.1	0	0	0	0	0	0	0	0	0	0.0
NM_001184590.1	0	0	0	0	0	0	0	0	0	0.0
NM_001184625.1	0	0	0	0	0	0	0	0	0	0.0
NM_001184604.1	0	0	0	0	0	0	0	0	0	0.0
NM_001184588.1	0	0	0	0	0	0	0	0	0	0.0
NM_001184576.1	0	0	0	0	0	0	0	0	0	0.0
NM_001184305.1	0	0	0	0	0	0	0	0	0	0.0
NM_001180173.1	0	0	0	0	0	0	0	0	0	0.0
NM_001178649.3	0	0	0	0	0	0	0	0	0	0.0
NM_001178650.1	0	0	0	0	0	0	0	0	0	0.0
NM_001178711.1	0	0	0	0	0	0	0	0	0	0.0
NM_001184482.1	0	0	0	0	0	0	0	0	0	0.0
NM_001179636.1	0	0	0	0	0	0	0	0	0	0.0
NM_001184596.1	0	0	0	0	0	0	0	0	0	0.0
NM_001178930.1	0	0	0	0	0	0	0	0	0	0.0
NM_001184667.1	0	0	0	0	0	0	0	0	0	0.0
NM_001184624.1	0	0	0	0	0	0	0	0	0	0.0
NM_001180278.1	0	0	0	0	0	0	0	0	0	0.0
NM_001348828.1	0	0	0	0	0	0	0	0	0	0.0
NM_001348877.1	0	0	0	0	0	0	0	0	0	0.0
NM_001348892.1	0	0	0	0	0	0	0	0	0	0.0
NM_001179907.1	0	0	0	0	0	0	0	0	0	0.0
NM_001184014.1	0	0	0	0	0	0	0	0	0	0.0
NM_001348863.1	0	0	0	0	0	0	0	0	0	0.0
NM_001184559.1	0	0	0	0	0	0	0	0	0	0.0
NM_001348851.1	0	0	0	0	0	0	0	0	0	0.0
NM_001182350.3	0	0	0	0	0	0	0	0	0	0.0
NM_001182349.1	0	0	0	0	0	0	0	0	0	0.0
NM_001184612.1	0	0	0	0	0	0	0	0	0	0.0
NM_001184428.1	0	0	0	0	0	0	0	0	0	0.0
NM_001179028.4	0	0	0	0	0	0	0	0	0	0.0
NM_001184526.1	0	0	0	0	0	0	0	0	0	0.0
NM_001184648.1	0	0	0	0	0	0	0	0	0	0.0
NM_001348883.1	0	0	0	0	0	0	0	0	0	0.0
NM_001184561.1	0	0	0	0	0	0	0	0	0	0.0
NM_001182486.1	0	0	0	0	0	0	0	0	0	0.0
NM_001182496.1	0	0	0	0	0	0	0	0	0	0.0
NM_001182355.3	0	0	0	0	0	0	0	0	0	0.0
NM_001182354.3	0	0	0	0	0	0	0	0	0	0.0
NM_001182352.1	0	0	0	0	0	0	0	0	0	0.0
NM_001179603.1	0	0	0	0	0	0	0	0	0	0.0
NM_001184552.1	0	0	0	0	0	0	0	0	0	0.0
NM_001184587.3	0	0	0	0	0	0	0	0	0	0.0
NM_001395731.1	0	0	0	0	0	0	0	0	0	0.0
NM_001184458.1	0	0	0	0	0	0	0	0	0	0.0
NM_001179350.3	0	0	0	0	0	0	0	0	0	0.0
NM_001348845.1	0	0	0	0	0	0	0	0	0	0.0
NM_001180045.1	0	0	0	0	0	0	0	0	0	0.0
NM_001184418.1	0	0	0	0	0	0	0	0	0	0.0
NM_001348813.1	0	0	0	0	0	0	0	0	0	0.0
NM_001180054.1	0	0	0	0	0	0	0	0	0	0.0
NM_001180422.3	0	0	0	0	0	0	0	0	0	0.0
NM_001180053.1	0	0	0	0	0	0	0	0	0	0.0
NM_001184555.1	0	0	0	0	0	0	0	0	0	0.0
NM_001180052.1	0	0	0	0	0	0	0	0	0	0.0
NM_001184654.1	0	0	0	0	0	0	0	0	0	0.0
NM_001184544.3	0	0	0	0	0	0	0	0	0	0.0
NM_001184585.1	0	0	0	0	0	0	0	0	0	0.0
NM_001184662.3	0	0	0	0	0	0	0	0	0	0.0
NM_001182955.1	0	0	0	0	0	0	0	0	0	0.0
NM_001182957.3	0	0	0	0	0	0	0	0	0	0.0
NM_001184574.1	0	0	0	0	0	0	0	0	0	0.0
NM_001348814.1	0	0	0	0	0	0	0	0	0	0.0
NM_001181126.1	0	0	0	0	0	0	0	0	0	0.0
NM_001184151.1	0	0	0	0	0	0	0	0	0	0.0
NM_001395041.1	0	0	0	0	0	0	0	0	0	0.0
NM_001184424.1	0	0	0	0	0	0	0	0	0	0.0
NM_001183042.1	0	0	0	0	0	0	0	0	0	0.0
NM_001182045.1	0	0	0	0	0	0	0	0	0	0.0
NM_001182046.1	0	0	0	0	0	0	0	0	0	0.0
NM_001182047.1	0	0	0	0	0	0	0	0	0	0.0
NM_001182048.1	0	0	0	0	0	0	0	0	0	0.0
NM_001184666.1	0	0	0	0	0	0	0	0	0	0.0
NM_001348873.1	0	0	0	0	0	0	0	0	0	0.0
NM_001184566.1	0	0	0	0	0	0	0	0	0	0.0
NM_001183415.1	0	0	0	0	0	0	0	0	0	0.0
NM_001183107.1	0	0	0	0	0	0	0	0	0	0.0
NM_001184638.1	0	0	0	0	0	0	0	0	0	0.0
NM_001184621.3	0	0	0	0	0	0	0	0	0	0.0
NM_001183249.1	0	0	0	0	0	0	0	0	0	0.0
NM_001184473.1	0	0	0	0	0	0	0	0	0	0.0
NM_001183245.1	0	0	0	0	0	0	0	0	0	0.0
NM_001179410.3	0	0	0	0	0	0	0	0	0	0.0
NM_001270751.1	0	0	0	0	0	0	0	0	0	0.0
NM_001181547.2	0	0	0	0	0	0	0	0	0	0.0
NM_001348886.1	0	0	0	0	0	0	0	0	0	0.0
NM_001184104.1	0	0	0	0	0	0	0	0	0	0.0
NM_001270750.1	0	0	0	0	0	0	0	0	0	0.0
NM_001178163.1	0	0	0	0	0	0	0	0	0	0.0
SCEI	0	0	0	0	0	0	0	0	0	0.0
NM_001180022.3	0	0	0	0	0	0	0	0	0	0.0
AI5_BETA	0	0	0	0	0	0	0	0	0	0.0
NM_001181128.1	0	0	0	0	0	0	0	0	0	0.0
NM_001181127.1	0	0	0	0	0	0	0	0	0	0.0
NM_001184655.1	0	0	0	0	0	0	0	0	0	0.0
NM_001184639.3	0	0	0	0	0	0	0	0	0	0.0
NM_001184628.1	0	0	0	0	0	0	0	0	0	0.0
NM_001179450.1	0	0	0	0	0	0	0	0	0	0.0
NM_001348833.1	0	0	0	0	0	0	0	0	0	0.0
NM_001270752.1	0	0	0	0	0	0	0	0	0	0.0
NM_001184629.1	0	0	0	0	0	0	0	0	0	0.0
AI3	0	0	0	0	0	0	0	0	0	0.0
NM_001184291.1	0	0	0	0	0	0	0	0	0	0.0
NM_001184300.1	0	0	0	0	0	0	0	0	0	0.0
NM_001179563.1	0	0	0	0	0	0	0	0	0	0.0
NM_001348888.1	0	0	0	0	0	0	0	0	0	0.0
NM_001184218.2	0	0	0	0	0	0	0	0	0	0.0
NM_001387383.1	0	0	0	0	0	0	0	0	0	0.0
NM_001180043.1	0	0	0	0	0	0	0	0	0	0.0
NM_001179344.1	0	0	0	0	0	0	0	0	0	0.0
NM_001348869.1	0	0	0	0	0	0	0	0	0	0.0
NM_001178219.1	0	0	0	0	0	0	0	0	0	0.0
NM_001184546.1	0	0	0	0	0	0	0	0	0	0.0
NM_001184545.3	0	0	0	0	0	0	0	0	0	0.0
NM_001348815.1	0	0	0	0	0	0	0	0	0	0.0
NM_001179349.1	0	0	0	0	0	0	0	0	0	0.0
NM_001184602.3	0	0	0	0	0	0	0	0	0	0.0
NM_001184601.1	0	0	0	0	0	0	0	0	0	0.0
NM_001184600.1	0	0	0	0	0	0	0	0	0	0.0
NM_001184599.3	0	0	0	0	0	0	0	0	0	0.0
NM_001184565.1	0	0	0	0	0	0	0	0	0	0.0
NM_001181649.1	0	0	0	0	0	0	0	0	0	0.0
NM_001184583.1	0	0	0	0	0	0	0	0	0	0.0
NM_001178206.2	0	0	0	0	0	0	0	0	0	0.0
NM_001180041.1	0	0	0	0	0	0	0	0	0	0.0
NM_001180042.1	0	0	0	0	0	0	0	0	0	0.0
NM_001178235.1	0	0	0	0	0	0	0	0	0	0.0
NM_001348857.1	0	0	0	0	0	0	0	0	0	0.0
NM_001184582.1	0	0	0	0	0	0	0	0	0	0.0
NM_001346794.1	0	0	0	0	0	0	0	0	0	0.0
NM_001395032.1	0	0	0	0	0	0	0	0	0	0.0
NM_001180026.1	0	0	0	0	0	0	0	0	0	0.0
NM_001348847.1	0	0	0	0	0	0	0	0	0	0.0
NM_001348834.1	0	0	0	0	0	0	0	0	0	0.0
NM_001348895.1	0	0	0	0	0	0	0	0	0	0.0
NM_001181461.3	0	0	0	0	0	0	0	0	0	0.0
NM_001181462.1	0	0	0	0	0	0	0	0	0	0.0
NM_001348896.1	0	0	0	0	0	0	0	0	0	0.0
NM_001181686.1	0	0	0	0	0	0	0	0	0	0.0
NM_001181685.2	0	0	0	0	0	0	0	0	0	0.0
NM_001181684.3	0	0	0	0	0	0	0	0	0	0.0
NM_001179183.1	0	0	0	0	0	0	0	0	0	0.0
NM_001184553.1	0	0	0	0	0	0	0	0	0	0.0
NM_001183661.3	0	0	0	0	0	0	0	0	0	0.0
NM_001179185.1	0	0	0	0	0	0	0	0	0	0.0
NM_001395031.1	0	0	0	0	0	0	0	0	0	0.0
NM_001181687.2	0	0	0	0	0	0	0	0	0	0.0
NM_001183674.3	0	0	0	0	0	0	0	0	0	0.0
NM_001183687.3	0	0	0	0	0	0	0	0	0	0.0
NM_001346796.1	0	0	0	0	0	0	0	0	0	0.0
NM_001183835.1	0	0	0	0	0	0	0	0	0	0.0
NM_001183253.3	0	0	0	0	0	0	0	0	0	0.0
NM_001179269.1	0	0	0	0	0	0	0	0	0	0.0
NM_001182044.1	0	0	0	0	0	0	0	0	0	0.0
NM_001184514.1	0	0	0	0	0	0	0	0	0	0.0
NM_001184560.1	0	0	0	0	0	0	0	0	0	0.0
NM_001184564.1	0	0	0	0	0	0	0	0	0	0.0
NM_001348807.1	0	0	0	0	0	0	0	0	0	0.0
NM_001179123.1	0	0	0	0	0	0	0	0	0	0.0
NM_001181816.3	0	0	0	0	0	0	0	0	0	0.0
NM_001182042.1	0	0	0	0	0	0	0	0	0	0.0
NM_001182043.1	0	0	0	0	0	0	0	0	0	0.0
NM_001184563.1	0	0	0	0	0	0	0	0	0	0.0
NM_001183870.1	0	0	0	0	0	0	0	0	0	0.0
NM_001348830.1	0	0	0	0	0	0	0	0	0	0.0
NM_001348856.1	0	0	0	0	0	0	0	0	0	0.0
NM_001180954.1	0	0	0	0	0	0	0	0	0	0.0
NM_001348824.1	0	0	0	0	0	0	0	0	0	0.0
NM_001348882.1	0	0	0	0	0	0	0	0	0	0.0
NM_001184678.1	0	0	0	0	0	0	0	0	0	0.0
NM_001183847.1	0	0	0	0	0	0	0	0	0	0.0
NM_001184580.1	0	0	0	0	0	0	0	0	0	0.0
NM_001184476.1	0	0	0	0	0	0	0	0	0	0.0
NM_001348881.1	0	0	0	0	0	0	0	0	0	0.0
NM_001348818.1	0	0	0	0	0	0	0	0	0	0.0
NM_001184472.1	0	0	0	0	0	0	0	0	0	0.0
NM_001179288.1	0	0	0	0	0	0	0	0	0	0.0
NM_001182835.1	0	0	0	0	0	0	0	0	0	0.0
NM_001182834.3	0	0	0	0	0	0	0	0	0	0.0
NM_001270757.1	0	0	0	0	0	0	0	0	0	0.0
NM_001184618.1	0	0	0	0	0	0	0	0	0	0.0
NM_001348879.1	0	0	0	0	0	0	0	0	0	0.0
NM_001184426.3	0	0	0	0	0	0	0	0	0	0.0
NM_001184668.1	0	0	0	0	0	0	0	0	0	0.0
NM_001178368.1	0	0	0	0	0	0	0	0	0	0.0
NM_001184637.1	0	0	0	0	0	0	0	0	0	0.0
NM_001348871.1	0	0	0	0	0	0	0	0	0	0.0
NM_001183177.1	0	0	0	0	0	0	0	0	0	0.0
NM_001182838.1	0	0	0	0	0	0	0	0	0	0.0
NM_001184425.2	0	0	0	0	0	0	0	0	0	0.0
NM_001182836.3	0	0	0	0	0	0	0	0	0	0.0
NM_001183416.1	0	0	0	0	0	0	0	0	0	0.0
NM_001184575.1	0	0	0	0	0	0	0	0	0	0.0
NM_001183418.1	0	0	0	0	0	0	0	0	0	0.0
NM_001184623.1	0	0	0	0	0	0	0	0	0	0.0
NM_001267862.1	0	0	0	0	0	0	0	0	0	0.0
NM_001348808.1	0	0	0	0	0	0	0	0	0	0.0
NM_001178759.1	0	0	0	0	0	0	0	0	0	0.0
NM_001184603.1	0	0	0	0	0	0	0	0	0	0.0
NM_001184554.1	0	0	0	0	0	0	0	0	0	0.0
NM_001178764.1	0	0	0	0	0	0	0	0	0	0.0
NM_001348860.1	0	0	0	0	0	0	0	0	0	0.0
NM_001395038.1	0	0	0	0	0	0	0	0	0	0.0
NM_001348831.1	0	0	0	0	0	0	0	0	0	0.0
NM_001348832.1	0	0	0	0	0	0	0	0	0	0.0
NM_001184616.1	0	0	0	0	0	0	0	0	0	0.0
NM_001183633.3	0	0	0	0	0	0	0	0	0	0.0
NM_001183358.1	0	0	0	0	0	0	0	0	0	0.0
NM_001184665.1	0	0	0	0	0	0	0	0	0	0.0
NM_001180049.1	0	0	0	0	0	0	0	0	1	0.1111111111111111
NM_001348893.1	0	0	0	0	0	0	1	0	0	0.1111111111111111
NM_001184193.1	0	0	0	1	0	0	0	0	0	0.1111111111111111
NM_001184431.1	0	0	0	0	0	0	0	0	1	0.1111111111111111
NM_001184432.2	0	0	0	0	0	0	0	0	1	0.1111111111111111
NM_001184658.1	0	0	0	0	0	0	1	0	0	0.1111111111111111
NM_001182232.1	0	0	0	0	0	0	0	0	1	0.1111111111111111
NM_001183771.3	0	0	0	0	0	0	0	0	1	0.1111111111111111
NM_001181918.1	0	0	0	0	0	0	0	0	1	0.1111111111111111
NM_001179991.3	0	0	0	0	0	0	1	0	0	0.1111111111111111
NM_001178236.1	0	0	0	0	0	1	0	0	0	0.1111111111111111
NM_001178642.3	0	0	0	0	1	0	0	0	0	0.1111111111111111
NM_001179535.3	0	0	0	0	0	1	0	0	0	0.1111111111111111
NM_001348897.1	0	0	0	0	0	0	0	0	1	0.1111111111111111
NM_001348823.1	0	0	1	0	0	0	0	0	0	0.1111111111111111
NM_001184547.3	0	0	0	0	0	0	0	0	1	0.1111111111111111
NM_001183034.1	0	0	0	0	0	0	0	0	1	0.1111111111111111
NM_001183386.1	0	0	1	0	0	0	0	0	0	0.1111111111111111
NM_001178528.1	0	1	0	0	0	0	0	0	0	0.1111111111111111
NM_001348849.1	0	0	0	0	0	0	0	0	1	0.1111111111111111
NM_001183944.1	0	0	0	0	1	0	0	0	0	0.1111111111111111
NM_001183345.1	0	0	0	0	0	1	0	0	0	0.1111111111111111
NM_001184598.3	0	0	0	0	0	0	0	0	1	0.1111111111111111
NM_001184614.1	0	0	0	0	0	0	0	0	1	0.1111111111111111
NM_001181818.1	0	0	0	0	0	0	0	0	1	0.1111111111111111
NM_001348884.1	0	0	0	0	0	0	1	0	0	0.1111111111111111
NM_001180432.3	0	1	0	0	0	0	0	0	0	0.1111111111111111
NM_001348812.1	0	0	0	0	0	0	0	0	1	0.1111111111111111
AI5_ALPHA	0	0	0	1	0	0	0	0	0	0.1111111111111111
NM_001180754.1	0	0	0	0	0	0	1	0	0	0.1111111111111111
NM_001184584.1	0	0	0	0	0	0	0	1	0	0.1111111111111111
NM_001270741.1	0	0	0	0	1	0	0	0	0	0.1111111111111111
NM_001348827.1	0	0	0	0	0	1	0	0	0	0.1111111111111111
NM_001181737.1	0	0	0	0	1	0	0	1	0	0.2222222222222222
NM_001181546.3	0	1	0	0	0	0	1	0	0	0.2222222222222222
NM_001183269.1	0	0	0	0	0	1	0	0	1	0.2222222222222222
NM_001181811.3	0	0	0	0	1	0	0	0	1	0.2222222222222222
NM_001184450.1	0	0	0	0	1	1	0	0	0	0.2222222222222222
NM_001178727.1	0	0	0	0	0	0	0	1	1	0.2222222222222222
NM_001178381.1	0	0	0	0	0	0	1	0	1	0.2222222222222222
NM_001178534.1	0	0	0	0	0	1	1	0	0	0.2222222222222222
NM_001181753.1	0	0	0	0	1	0	0	1	0	0.2222222222222222
NM_001183048.1	0	0	0	0	0	0	1	0	1	0.2222222222222222
NM_001184015.1	0	0	0	0	0	0	1	0	1	0.2222222222222222
NM_001183156.1	0	0	0	0	0	1	0	0	1	0.2222222222222222
NM_001184573.1	0	0	0	0	0	0	0	1	1	0.2222222222222222
NM_001182713.1	0	0	0	1	0	0	1	0	0	0.2222222222222222
NM_001181541.1	0	0	0	1	0	1	0	0	0	0.2222222222222222
NM_001181510.1	0	0	0	0	0	0	1	0	1	0.2222222222222222
NM_001181933.1	0	0	0	0	0	0	0	1	1	0.2222222222222222
NM_001395035.1	0	0	0	1	0	0	0	0	1	0.2222222222222222
NM_001348854.1	0	0	0	1	0	0	1	0	0	0.2222222222222222
NM_001179256.1	0	0	0	0	0	0	1	0	1	0.2222222222222222
NM_001179909.1	0	0	0	0	0	1	0	0	1	0.2222222222222222
NM_001348825.1	0	0	0	0	0	1	0	0	1	0.2222222222222222
NM_001178888.1	0	0	0	1	1	0	0	0	0	0.2222222222222222
NM_001184462.1	0	0	0	0	0	0	1	1	0	0.2222222222222222
NM_001179955.1	0	0	0	0	0	1	0	0	1	0.2222222222222222
NM_001180830.1	0	0	0	0	0	0	1	1	0	0.2222222222222222
NM_001348870.1	0	0	0	0	1	0	0	0	1	0.2222222222222222
NM_001180746.3	0	0	0	0	0	0	1	0	1	0.2222222222222222
NM_001183717.1	0	0	0	0	0	0	0	1	1	0.2222222222222222
NM_001184589.1	0	0	0	0	0	1	0	1	0	0.2222222222222222
NM_001178223.1	0	0	0	0	0	0	1	1	0	0.2222222222222222
NM_001179897.1	0	0	0	0	0	0	0	1	1	0.2222222222222222
NM_001181877.1	0	1	0	0	0	0	0	1	0	0.2222222222222222
NM_001184400.4	0	0	1	0	0	0	0	0	1	0.2222222222222222
NM_001184407.1	0	0	0	1	0	1	0	0	0	0.2222222222222222
NM_001183807.3	0	0	0	1	0	0	1	0	0	0.2222222222222222
NM_001184380.3	0	0	0	0	0	1	0	0	1	0.2222222222222222
NM_001181825.1	0	0	0	0	1	1	0	0	0	0.2222222222222222
NM_001180246.1	0	0	0	1	0	1	0	0	0	0.2222222222222222
ATP8	0	0	0	0	0	1	0	0	1	0.2222222222222222
BI2	0	0	0	0	0	1	0	0	1	0.2222222222222222
NM_001179824.1	0	0	0	0	0	1	0	0	1	0.2222222222222222
NM_001182442.1	0	0	0	0	1	0	0	0	1	0.2222222222222222
NM_001178976.3	0	0	0	0	1	1	0	0	0	0.2222222222222222
NM_001184434.2	0	0	0	0	0	0	1	0	1	0.2222222222222222
NM_001184096.1	0	0	0	0	0	1	0	0	1	0.2222222222222222
NM_001183385.1	0	0	0	1	1	0	0	0	0	0.2222222222222222
NM_001183414.1	0	0	0	0	0	1	1	0	0	0.2222222222222222
NM_001183233.3	0	0	0	0	1	0	0	0	1	0.2222222222222222
NM_001178646.1	0	0	1	0	0	0	0	0	1	0.2222222222222222
NM_001179407.3	0	0	0	1	0	1	0	0	0	0.2222222222222222
NM_001348850.1	0	0	0	0	0	0	0	1	1	0.2222222222222222
NM_001184420.1	0	0	0	1	0	0	1	0	0	0.2222222222222222
NM_001348898.1	0	0	0	1	1	0	0	0	0	0.2222222222222222
NM_001179379.3	0	0	0	0	0	0	1	0	1	0.2222222222222222
NM_001183814.3	0	0	0	0	0	1	0	0	1	0.2222222222222222
NM_001348864.1	0	0	0	0	0	1	0	0	1	0.2222222222222222
NM_001179521.1	0	0	0	0	1	0	0	0	1	0.2222222222222222
NM_001181656.1	0	0	0	0	1	0	0	0	1	0.2222222222222222
NM_001179076.3	0	1	0	0	1	0	1	0	0	0.3333333333333333
NM_001348894.1	0	0	1	0	0	0	1	1	0	0.3333333333333333
NM_001179144.1	0	0	0	0	0	1	1	1	0	0.3333333333333333
NM_001184248.1	0	0	0	0	0	1	0	1	1	0.3333333333333333
NM_001184299.1	0	0	0	0	0	0	1	1	1	0.3333333333333333
NM_001184290.1	0	0	1	0	0	0	1	1	0	0.3333333333333333
NM_001348889.1	0	0	0	0	1	0	1	1	0	0.3333333333333333
NM_001183841.1	0	0	0	0	1	0	1	0	1	0.3333333333333333
NM_001184301.1	0	0	0	0	1	1	0	0	1	0.3333333333333333
NM_001182752.1	0	0	0	0	0	1	0	1	1	0.3333333333333333
NM_001181124.1	0	0	0	0	0	0	1	2	0	0.3333333333333333
NM_001184646.3	0	0	0	0	0	1	1	0	1	0.3333333333333333
NM_001348810.1	0	1	0	0	0	0	1	1	0	0.3333333333333333
NM_001181646.1	0	0	0	0	0	1	1	1	0	0.3333333333333333
NM_001348859.1	0	1	0	0	0	0	0	1	1	0.3333333333333333
NM_001179092.1	0	0	0	1	1	0	0	1	0	0.3333333333333333
NM_001184642.1	0	0	0	1	0	1	1	0	0	0.3333333333333333
NM_001184663.1	0	0	0	1	0	0	1	0	1	0.3333333333333333
NM_001184635.1	0	0	0	1	0	1	0	0	1	0.3333333333333333
NM_001348836.1	0	0	0	0	1	0	0	2	0	0.3333333333333333
NM_001179513.1	0	1	0	0	0	1	0	0	1	0.3333333333333333
NM_001181539.1	0	0	0	0	1	0	1	1	0	0.3333333333333333
NM_001184540.1	0	0	0	0	1	0	1	1	0	0.3333333333333333
NM_001178424.2	0	0	0	1	0	0	1	0	1	0.3333333333333333
NM_001182150.1	0	0	0	0	0	1	0	1	1	0.3333333333333333
NM_001181402.1	0	1	0	0	0	0	0	1	1	0.3333333333333333
NM_001184551.1	0	0	1	0	1	0	1	0	0	0.3333333333333333
NM_001181283.3	0	0	0	0	0	0	1	1	1	0.3333333333333333
NM_001182303.1	0	0	1	1	0	0	0	0	1	0.3333333333333333
NM_001183979.1	0	0	0	0	0	1	0	1	1	0.3333333333333333
NM_001184578.1	0	0	0	0	0	0	1	1	1	0.3333333333333333
NM_001184381.2	0	0	0	0	0	0	2	0	1	0.3333333333333333
NM_001270747.1	1	0	0	0	0	0	0	1	1	0.3333333333333333
NM_001183519.1	1	0	0	1	0	1	0	0	0	0.3333333333333333
NM_001348835.1	0	0	1	1	0	0	0	0	1	0.3333333333333333
NM_001182596.1	0	0	0	0	1	0	1	0	1	0.3333333333333333
NM_001179786.2	1	1	0	1	0	0	0	0	0	0.3333333333333333
NM_001180831.1	0	0	1	0	1	0	1	0	0	0.3333333333333333
NM_001348838.1	0	0	0	0	1	0	1	0	1	0.3333333333333333
NM_001179903.1	0	0	0	0	1	1	1	0	0	0.3333333333333333
NM_001178647.3	0	0	0	1	0	0	1	1	0	0.3333333333333333
NM_001180299.2	0	0	1	0	0	1	1	0	0	0.3333333333333333
NM_001184660.1	0	0	0	0	0	1	0	1	1	0.3333333333333333
NM_001178884.1	1	1	0	0	1	0	0	0	0	0.3333333333333333
NM_001182230.1	0	0	0	1	0	0	0	1	1	0.3333333333333333
NM_001180844.3	1	0	0	1	0	0	0	1	0	0.3333333333333333
NM_001183451.1	0	0	1	1	0	0	0	1	0	0.3333333333333333
NM_001182397.2	0	1	0	0	0	1	1	1	0	0.4444444444444444
NM_001348876.1	1	0	0	0	0	1	0	1	1	0.4444444444444444
NM_001182196.1	0	0	1	1	0	0	1	1	0	0.4444444444444444
NM_001181115.1	0	0	0	1	0	1	1	1	0	0.4444444444444444
NM_001182266.3	0	0	1	0	2	0	0	0	1	0.4444444444444444
NM_001184586.1	0	0	1	0	0	2	0	1	0	0.4444444444444444
NM_001182398.1	0	1	0	0	0	1	1	1	0	0.4444444444444444
NM_001182051.1	0	0	1	1	0	0	1	1	0	0.4444444444444444
NM_001431143.1	0	0	1	0	1	1	0	1	0	0.4444444444444444
NM_001181365.3	0	1	0	1	0	0	0	1	1	0.4444444444444444
NM_001179070.1	0	0	0	0	1	0	1	1	1	0.4444444444444444
NM_001183173.1	1	1	0	0	0	0	1	0	1	0.4444444444444444
NM_001179917.1	0	0	0	0	0	1	0	2	1	0.4444444444444444
NM_001348885.1	0	0	0	1	1	0	1	0	1	0.4444444444444444
NM_001181033.1	0	1	0	0	1	1	0	0	1	0.4444444444444444
NM_001179789.1	0	0	0	0	0	1	1	1	1	0.4444444444444444
NM_001181873.1	0	0	0	0	1	1	1	1	0	0.4444444444444444
NM_001179892.1	0	1	1	1	0	1	0	0	0	0.4444444444444444
NM_001181195.3	0	0	0	0	0	0	1	2	1	0.4444444444444444
NM_001184314.1	0	1	0	1	0	0	0	1	1	0.4444444444444444
NM_001178885.1	0	0	0	0	0	1	1	0	2	0.4444444444444444
NM_001184086.1	0	1	1	0	0	1	0	0	1	0.4444444444444444
NM_001178214.1	0	0	1	0	1	0	1	0	1	0.4444444444444444
NM_001178811.1	0	0	0	0	1	1	1	1	0	0.4444444444444444
NM_001182583.1	0	0	0	0	1	1	0	1	1	0.4444444444444444
NM_001182191.1	0	0	0	1	0	0	2	0	1	0.4444444444444444
NM_001184577.1	0	0	0	0	1	0	1	1	1	0.4444444444444444
NM_001184570.3	0	0	0	0	0	1	1	0	2	0.4444444444444444
NM_001181538.1	1	0	0	0	0	0	2	1	0	0.4444444444444444
AI4	0	0	0	1	1	0	0	1	1	0.4444444444444444
NM_001180050.2	0	0	0	0	1	0	1	0	2	0.4444444444444444
NM_001180564.1	0	0	0	0	1	1	0	1	2	0.5555555555555556
NM_001348826.1	0	0	0	0	0	0	2	2	1	0.5555555555555556
NM_001184422.3	1	0	0	1	1	0	1	1	0	0.5555555555555556
BI4	0	0	0	0	1	2	1	0	1	0.5555555555555556
NM_001182282.3	0	1	0	0	2	0	2	0	0	0.5555555555555556
NM_001179895.3	0	0	0	0	1	2	1	1	0	0.5555555555555556
NM_001178208.1	0	0	0	1	2	0	0	1	1	0.5555555555555556
NM_001184124.1	0	0	1	1	1	0	0	1	1	0.5555555555555556
NM_001184006.1	0	0	1	0	0	0	2	2	0	0.5555555555555556
NM_001179795.1	0	0	1	0	1	1	1	0	1	0.5555555555555556
NM_001183605.3	0	2	0	1	0	0	1	0	1	0.5555555555555556
NM_001178814.1	0	0	0	0	0	1	1	1	2	0.5555555555555556
NM_001270738.1	0	0	0	1	1	0	1	1	1	0.5555555555555556
NM_001182584.1	0	0	0	1	1	1	1	1	0	0.5555555555555556
NM_001180023.1	0	0	0	1	0	2	1	1	0	0.5555555555555556
NM_001181807.4	0	0	0	0	0	1	2	0	2	0.5555555555555556
NM_001178707.1	0	0	0	1	2	1	0	1	0	0.5555555555555556
NM_001183599.3	0	2	1	0	0	0	0	1	1	0.5555555555555556
NM_001178754.1	0	0	0	1	2	1	0	1	0	0.5555555555555556
NM_001181476.1	0	0	1	0	0	0	1	3	0	0.5555555555555556
NM_001348809.1	0	0	0	1	0	1	1	0	2	0.5555555555555556
NM_001183768.1	0	0	0	0	2	1	1	1	0	0.5555555555555556
NM_001184326.1	0	0	1	1	0	0	1	2	0	0.5555555555555556
CRS5	0	0	1	1	1	1	1	0	0	0.5555555555555556
NM_001179954.1	0	0	0	1	0	1	1	1	1	0.5555555555555556
NM_001181003.1	0	1	0	1	0	0	2	1	1	0.6666666666666666
NM_001182595.1	1	0	1	0	0	1	1	1	1	0.6666666666666666
NM_001182873.1	1	0	1	1	1	0	1	1	0	0.6666666666666666
NM_001183338.1	0	0	0	2	1	1	0	1	1	0.6666666666666666
NM_001182857.3	1	0	1	1	1	0	1	1	0	0.6666666666666666
NM_001179422.3	0	0	0	1	0	0	1	2	2	0.6666666666666666
NM_001179447.3	0	0	0	0	0	1	0	3	2	0.6666666666666666
NM_001181378.1	0	0	2	0	0	2	1	0	1	0.6666666666666666
NM_001179541.3	0	1	1	0	1	0	1	1	1	0.6666666666666666
NM_001181652.1	0	0	1	1	0	0	1	1	2	0.6666666666666666
NM_001181188.3	0	0	0	1	1	2	0	1	1	0.6666666666666666
NM_001182681.1	0	0	1	0	0	1	1	2	1	0.6666666666666666
NM_001181035.3	0	0	1	1	2	1	1	0	0	0.6666666666666666
NM_001181522.1	0	0	2	0	0	1	1	0	2	0.6666666666666666
NM_001180000.3	0	0	1	0	1	1	2	0	1	0.6666666666666666
NM_001182601.1	0	0	0	1	1	2	0	1	1	0.6666666666666666
NM_001184003.1	1	0	0	0	0	1	1	1	2	0.6666666666666666
NM_001179753.1	0	0	0	1	1	0	1	0	3	0.6666666666666666
NM_001179946.1	0	0	0	1	0	0	2	2	1	0.6666666666666666
NM_001181125.1	0	1	0	0	1	0	1	1	2	0.6666666666666666
NM_001180138.1	0	0	0	0	0	3	0	1	2	0.6666666666666666
NM_001181872.1	0	1	1	0	1	1	0	2	0	0.6666666666666666
NM_001182817.1	0	0	1	0	1	1	0	0	3	0.6666666666666666
NM_001184548.3	1	0	1	1	0	0	1	1	1	0.6666666666666666
NM_001184595.3	0	1	0	1	0	1	1	0	2	0.6666666666666666
NM_001179291.1	0	1	0	1	2	0	1	1	0	0.6666666666666666
NM_001179374.3	0	0	0	0	1	1	2	0	2	0.6666666666666666
NM_001183248.1	0	0	1	1	0	1	1	1	1	0.6666666666666666
COB	0	0	0	0	1	3	1	0	2	0.7777777777777778
NM_001183759.3	0	0	0	1	1	2	1	1	1	0.7777777777777778
NM_001348880.1	0	0	0	0	2	1	1	1	2	0.7777777777777778
NM_001182061.1	0	0	0	0	2	0	1	2	2	0.7777777777777778
NM_001183597.3	0	0	1	0	0	0	2	2	2	0.7777777777777778
NM_001178838.1	0	0	0	0	2	1	1	2	1	0.7777777777777778
NM_001181342.1	2	0	0	1	0	0	1	2	1	0.7777777777777778
NM_001182634.1	1	0	1	1	0	2	1	0	1	0.7777777777777778
NM_001182404.1	0	0	0	1	1	1	1	1	2	0.7777777777777778
NM_001184417.2	1	1	0	1	0	1	1	1	1	0.7777777777777778
NM_001348817.1	1	0	1	0	1	1	2	0	1	0.7777777777777778
NM_001179905.1	0	1	1	0	1	0	0	1	3	0.7777777777777778
NM_001180274.1	1	0	1	0	0	2	0	2	1	0.7777777777777778
NM_001179538.1	0	0	1	2	0	1	1	0	2	0.7777777777777778
NM_001184597.1	0	1	0	1	1	2	1	0	1	0.7777777777777778
NM_001184419.4	0	0	1	1	0	1	1	1	2	0.7777777777777778
NM_001184416.1	1	1	0	1	0	1	1	1	1	0.7777777777777778
Q0255	0	1	0	0	2	2	2	0	1	0.8888888888888888
BI3	0	0	0	0	2	3	1	0	2	0.8888888888888888
NM_001179518.1	0	0	1	0	1	1	2	1	2	0.8888888888888888
NM_001179616.1	0	0	1	0	1	1	1	1	3	0.8888888888888888
NM_001183247.4	0	1	1	0	1	2	2	0	1	0.8888888888888888
NM_001184487.1	1	0	0	0	2	1	1	1	2	0.8888888888888888
NM_001180098.1	1	1	0	1	1	0	1	1	2	0.8888888888888888
NM_001180214.1	0	1	1	1	1	2	0	1	1	0.8888888888888888
NM_001184572.1	1	1	1	1	0	1	1	1	1	0.8888888888888888
NM_001180526.1	0	1	1	1	1	0	2	1	1	0.8888888888888888
NM_001395039.1	0	0	2	1	0	0	3	1	1	0.8888888888888888
NM_001184423.4	1	0	0	2	2	0	1	1	1	0.8888888888888888
NM_001180674.3	0	0	1	0	1	1	2	1	2	0.8888888888888888
NM_001181423.1	0	0	1	1	1	0	2	2	1	0.8888888888888888
NM_001183553.3	0	1	1	0	2	2	1	0	1	0.8888888888888888
NM_001179075.3	0	0	0	0	2	2	1	1	2	0.8888888888888888
NM_001181813.1	0	0	1	0	1	2	2	1	1	0.8888888888888888
NM_001184072.1	0	0	0	1	2	0	2	3	0	0.8888888888888888
NM_001348822.1	1	0	0	0	1	3	0	2	1	0.8888888888888888
NM_001348872.1	0	1	0	0	1	1	2	0	3	0.8888888888888888
NM_001182218.1	0	0	1	2	1	1	1	0	2	0.8888888888888888
NM_001184535.1	0	0	0	0	1	2	2	1	2	0.8888888888888888
NM_001179977.1	0	0	1	1	1	1	1	2	1	0.8888888888888888
NM_001178213.1	0	0	1	1	1	1	1	1	2	0.8888888888888888
NM_001181654.1	0	0	1	0	1	1	2	1	2	0.8888888888888888
NM_001348844.1	0	0	0	0	2	1	3	1	1	0.8888888888888888
NM_001178182.1	0	0	1	0	0	1	2	2	2	0.8888888888888888
NM_001180571.3	0	1	0	2	1	1	1	2	1	1.0
NM_001178220.2	0	1	1	1	0	1	1	3	1	1.0
AI2	0	0	0	1	1	2	0	3	2	1.0
NM_001184327.3	0	0	2	0	1	2	1	1	2	1.0
NM_001184627.1	0	0	0	1	2	3	1	1	1	1.0
NM_001178366.1	1	0	1	0	2	2	0	2	1	1.0
NM_001179908.1	0	1	1	1	1	0	0	2	3	1.0
NM_001178411.1	0	0	1	2	1	1	1	1	2	1.0
NM_001180710.1	0	0	0	1	1	1	2	2	2	1.0
NM_001184592.3	0	0	0	1	0	1	3	2	2	1.0
NM_001182580.1	0	0	1	3	0	0	1	1	3	1.0
NM_001348867.1	0	0	0	0	0	1	3	3	2	1.0
NM_001183246.3	0	0	1	0	2	2	0	1	3	1.0
NM_001179915.1	0	0	0	1	1	1	1	3	2	1.0
NM_001180812.1	0	0	0	0	2	0	2	2	3	1.0
NM_001178588.3	1	1	0	1	1	2	1	1	1	1.0
NM_001181023.1	0	0	0	0	1	1	3	2	2	1.0
NM_001179316.3	0	0	1	0	3	1	0	2	2	1.0
NM_001184669.3	1	1	0	1	0	2	1	2	1	1.0
NM_001270744.1	0	1	0	1	1	2	1	1	2	1.0
NM_001179308.1	1	1	1	0	1	1	1	1	2	1.0
NM_001348852.1	1	0	1	0	0	0	2	3	2	1.0
NM_001182931.3	0	0	1	1	1	1	0	3	2	1.0
NM_001181661.1	0	0	0	0	2	1	3	3	1	1.1111111111111112
NM_001181101.1	0	0	0	0	3	2	2	1	2	1.1111111111111112
NM_001182607.1	0	0	0	1	1	2	2	2	2	1.1111111111111112
NM_001184175.1	0	0	0	2	1	3	2	2	0	1.1111111111111112
NM_001178284.1	1	1	2	1	0	1	0	2	2	1.1111111111111112
NM_001184097.1	0	1	0	1	1	2	2	2	1	1.1111111111111112
NM_001182688.1	0	0	0	0	1	3	2	3	1	1.1111111111111112
NM_001182513.1	0	0	0	2	2	2	0	2	2	1.1111111111111112
NM_001183032.1	0	2	0	1	1	1	0	3	2	1.1111111111111112
NM_001182012.1	0	0	0	2	1	2	1	2	2	1.1111111111111112
NM_001180055.1	1	0	1	2	2	1	3	0	0	1.1111111111111112
NM_001184664.1	0	2	2	1	1	1	0	0	3	1.1111111111111112
NM_001179077.1	0	0	3	1	2	1	1	1	1	1.1111111111111112
NM_001179508.1	0	1	1	1	2	2	1	1	1	1.1111111111111112
NM_001179152.1	1	1	2	0	2	2	0	2	1	1.2222222222222223
NM_001183239.3	1	0	0	0	1	1	0	4	4	1.2222222222222223
NM_001178205.1	0	0	0	1	3	1	1	2	3	1.2222222222222223
NM_001179550.3	1	0	2	1	2	0	1	2	2	1.2222222222222223
NM_001179914.1	0	1	1	1	1	0	4	0	3	1.2222222222222223
NM_001181773.3	0	0	0	2	1	0	4	3	1	1.2222222222222223
NM_001348840.1	0	0	0	1	0	2	2	3	3	1.2222222222222223
NM_001181812.1	0	1	1	2	0	2	2	2	1	1.2222222222222223
NM_001178633.4	0	2	1	0	0	2	2	0	5	1.3333333333333333
NM_001184393.1	1	1	1	1	0	2	3	1	2	1.3333333333333333
NM_001178230.1	0	0	0	1	2	1	2	3	3	1.3333333333333333
NM_001301348.1	0	0	0	0	1	4	3	2	2	1.3333333333333333
ATP6	0	1	0	2	2	0	1	3	3	1.3333333333333333
NM_001182357.1	0	1	3	2	2	1	1	1	1	1.3333333333333333
NM_001180682.3	1	0	0	1	1	2	1	3	3	1.3333333333333333
COX1	0	1	0	2	3	1	3	0	2	1.3333333333333333
NM_001310667.1	0	1	0	2	3	1	1	3	1	1.3333333333333333
NM_001184289.1	1	1	0	2	0	1	4	3	0	1.3333333333333333
NM_001180304.1	1	0	0	1	1	2	2	3	2	1.3333333333333333
NM_001182049.1	0	1	2	0	0	3	2	2	2	1.3333333333333333
NM_001179512.1	1	1	2	0	0	2	1	3	2	1.3333333333333333
NM_001184385.3	0	1	2	1	1	3	2	2	1	1.4444444444444444
NM_001183758.1	0	0	2	1	3	1	2	2	2	1.4444444444444444
NM_001181536.1	0	1	0	0	1	1	4	3	3	1.4444444444444444
NM_001184684.1	0	0	1	1	2	2	2	4	1	1.4444444444444444
NM_001184112.1	0	0	0	2	0	3	3	5	0	1.4444444444444444
NM_001178882.1	0	0	0	2	0	1	2	5	3	1.4444444444444444
NM_001178495.1	1	0	0	0	3	1	2	1	5	1.4444444444444444
NM_001178367.1	0	1	1	2	0	1	3	4	1	1.4444444444444444
NM_001179988.1	0	2	1	1	0	2	1	4	2	1.4444444444444444
NM_001182548.1	0	0	0	0	3	2	2	2	4	1.4444444444444444
NM_001182537.1	0	0	2	2	0	0	3	3	4	1.5555555555555556
NM_001183609.3	0	1	3	1	1	1	1	2	4	1.5555555555555556
NM_001180056.2	1	0	1	2	2	3	3	1	1	1.5555555555555556
NM_001181866.1	0	1	1	1	2	2	2	3	2	1.5555555555555556
NM_001180317.1	0	0	0	1	1	2	5	1	4	1.5555555555555556
NM_001181070.1	1	0	2	1	0	2	2	4	2	1.5555555555555556
NM_001182547.2	0	0	0	0	3	2	2	2	5	1.5555555555555556
NM_001180350.3	0	0	0	2	2	0	3	3	4	1.5555555555555556
NM_001179843.3	0	3	0	0	0	1	3	4	3	1.5555555555555556
NM_001348819.1	0	1	2	2	2	2	1	2	3	1.6666666666666667
NM_001183235.1	1	1	2	1	1	2	1	4	2	1.6666666666666667
NM_001178398.1	0	2	1	0	2	2	4	4	0	1.6666666666666667
NM_001181096.1	0	0	0	2	3	1	2	3	4	1.6666666666666667
NM_001431139.1	0	3	0	2	1	1	3	2	3	1.6666666666666667
NM_001179887.3	1	0	1	1	2	2	3	2	3	1.6666666666666667
NM_001183503.1	1	0	0	1	1	2	5	3	2	1.6666666666666667
NM_001182786.1	0	0	0	1	2	4	3	2	3	1.6666666666666667
NM_001181594.1	1	1	0	2	2	3	3	0	3	1.6666666666666667
NM_001179659.1	0	1	2	1	2	2	0	3	4	1.6666666666666667
NM_001180144.1	0	0	1	1	3	2	3	2	3	1.6666666666666667
NM_001181273.1	0	1	1	0	1	2	2	4	4	1.6666666666666667
NM_001178723.1	1	0	1	2	5	0	1	2	3	1.6666666666666667
NM_001178693.1	1	0	2	0	1	1	3	3	4	1.6666666666666667
NM_001178997.1	0	1	1	1	0	3	2	3	4	1.6666666666666667
NM_001181471.3	0	3	1	1	1	1	3	3	3	1.7777777777777777
NM_001183813.1	0	0	1	0	1	2	3	4	5	1.7777777777777777
NM_001348866.1	1	0	1	3	1	1	4	2	3	1.7777777777777777
NM_001180282.1	0	1	0	3	2	3	2	1	4	1.7777777777777777
NM_001181814.3	0	0	3	4	2	1	4	0	2	1.7777777777777777
NM_001184095.1	0	0	1	0	1	2	3	4	5	1.7777777777777777
NM_001180270.1	0	0	0	2	2	0	3	4	5	1.7777777777777777
NM_001184389.1	1	1	1	0	1	1	3	3	5	1.7777777777777777
NM_001184319.1	1	2	0	0	3	0	6	2	2	1.7777777777777777
NM_001183428.1	0	1	0	0	1	3	2	6	3	1.7777777777777777
NM_001182851.1	1	0	3	2	2	2	1	2	3	1.7777777777777777
NM_001180561.1	0	0	0	1	3	2	1	5	4	1.7777777777777777
NM_001181876.1	1	2	1	2	1	4	1	1	3	1.7777777777777777
NM_001178598.1	0	1	1	3	0	1	2	3	5	1.7777777777777777
NM_001182195.1	0	0	3	2	2	2	3	1	3	1.7777777777777777
NM_001181117.1	1	0	1	2	1	3	3	3	3	1.8888888888888888
NM_001183301.1	0	0	1	2	3	1	5	3	2	1.8888888888888888
NM_001178887.1	0	2	2	1	2	1	4	3	2	1.8888888888888888
NM_001178289.1	0	1	0	3	0	3	2	4	4	1.8888888888888888
NM_001180946.1	0	1	2	3	2	3	1	3	2	1.8888888888888888
NM_001178805.1	0	0	2	1	3	2	2	4	3	1.8888888888888888
NM_001183602.1	0	1	1	2	2	2	2	1	6	1.8888888888888888
NM_001179893.3	0	1	1	0	4	2	1	3	5	1.8888888888888888
NM_001178283.1	0	1	4	0	2	3	3	4	0	1.8888888888888888
NM_001180550.3	0	0	0	1	3	2	3	3	5	1.8888888888888888
NM_001184037.1	0	0	1	2	2	3	2	2	5	1.8888888888888888
NM_001178945.1	1	1	0	2	2	3	2	5	1	1.8888888888888888
NM_001180986.1	1	1	1	2	2	2	3	3	3	2.0
NM_001179564.1	0	0	1	4	3	3	3	1	3	2.0
NM_001179342.1	0	1	2	1	4	3	2	3	2	2.0
NM_001182200.1	0	2	0	1	3	0	2	6	4	2.0
NM_001183526.3	2	2	0	0	3	2	3	3	3	2.0
NM_001179592.3	2	1	2	1	1	4	2	3	2	2.0
NM_001184297.1	0	1	1	2	3	3	1	4	3	2.0
NM_001183656.3	1	1	0	2	2	3	3	1	5	2.0
NM_001181845.1	0	1	0	1	2	4	3	3	4	2.0
NM_001179074.1	1	0	0	3	1	2	3	5	3	2.0
NM_001180898.2	1	0	0	1	3	4	1	4	4	2.0
NM_001180303.1	0	1	2	2	0	3	3	3	4	2.0
NM_001180326.1	0	1	2	4	1	2	1	3	4	2.0
NM_001180961.1	0	2	1	0	1	1	2	4	7	2.0
NM_001184318.1	0	2	0	2	1	1	3	4	5	2.0
NM_001183785.1	1	0	1	1	2	2	5	3	3	2.0
NM_001178872.1	1	0	1	2	3	3	3	3	3	2.111111111111111
NM_001182739.1	1	2	1	1	2	3	2	4	3	2.111111111111111
NM_001178848.1	0	1	2	3	1	2	2	5	3	2.111111111111111
NM_001184688.1	1	1	0	1	1	2	3	4	6	2.111111111111111
NM_001184098.1	0	1	1	2	2	4	3	1	5	2.111111111111111
NM_001178956.3	0	0	2	0	2	1	4	5	5	2.111111111111111
NM_001180083.1	0	3	1	0	4	4	3	1	3	2.111111111111111
NM_001184524.1	1	1	2	2	1	1	2	4	5	2.111111111111111
NM_001179551.1	0	1	2	2	2	2	2	2	6	2.111111111111111
NM_001178809.1	0	0	2	0	2	2	5	3	5	2.111111111111111
NM_001178667.1	0	0	1	3	1	1	4	4	5	2.111111111111111
NM_001183179.3	0	0	1	3	3	4	4	1	3	2.111111111111111
NM_001178666.2	0	0	1	3	1	1	4	4	5	2.111111111111111
NM_001182966.4	0	1	1	1	1	5	3	3	4	2.111111111111111
NM_001179673.1	0	1	3	0	1	2	1	4	7	2.111111111111111
VAR1	1	1	1	2	3	4	2	2	3	2.111111111111111
NM_001179122.1	1	2	0	2	3	3	3	1	5	2.2222222222222223
NM_001181421.3	0	1	2	2	3	2	3	3	4	2.2222222222222223
NM_001431140.1	0	1	2	0	1	4	2	5	5	2.2222222222222223
NM_001348841.1	1	0	0	3	3	1	2	4	6	2.2222222222222223
NM_001184681.1	1	0	0	1	4	2	3	4	5	2.2222222222222223
NM_001184446.3	0	0	1	2	1	5	5	3	3	2.2222222222222223
NM_001180229.1	0	0	1	2	3	1	3	5	5	2.2222222222222223
NM_001181875.1	0	1	2	2	2	3	0	5	5	2.2222222222222223
NM_001182872.3	0	0	3	1	3	2	2	4	5	2.2222222222222223
NM_001179997.1	1	1	1	4	1	0	2	3	8	2.3333333333333335
NM_001180035.1	1	1	2	2	2	0	2	6	5	2.3333333333333335
NM_001184433.1	2	1	1	2	3	1	2	4	5	2.3333333333333335
NM_001181354.3	1	2	1	1	1	2	2	4	7	2.3333333333333335
NM_001180308.1	1	3	0	2	2	3	3	5	2	2.3333333333333335
NM_001182858.3	0	1	3	2	2	2	2	4	5	2.3333333333333335
NM_001184645.1	0	1	0	3	2	2	3	4	6	2.3333333333333335
NM_001184567.1	1	1	1	2	0	1	6	5	4	2.3333333333333335
NM_001183025.1	0	0	0	0	2	4	3	7	5	2.3333333333333335
YOL153C	0	2	0	2	3	4	1	7	3	2.4444444444444446
NM_001181917.1	0	2	2	1	3	4	3	5	2	2.4444444444444446
NM_001179163.1	0	1	2	4	2	3	2	5	4	2.5555555555555554
NM_001179387.3	1	2	2	1	2	4	3	3	5	2.5555555555555554
NM_001181216.3	2	1	1	2	4	2	3	6	2	2.5555555555555554
NM_001181472.1	0	0	0	2	3	2	6	5	5	2.5555555555555554
NM_001179782.1	0	2	3	3	1	1	6	2	5	2.5555555555555554
NM_001181862.1	1	1	3	1	4	3	2	1	7	2.5555555555555554
NM_001178388.1	1	2	3	2	2	4	3	1	5	2.5555555555555554
NM_001348842.1	1	1	4	4	2	4	2	3	3	2.6666666666666665
NM_001181478.1	1	0	2	2	2	3	5	4	5	2.6666666666666665
NM_001182757.1	0	2	0	2	1	5	5	5	5	2.7777777777777777
NM_001179912.1	1	1	1	2	4	4	3	4	5	2.7777777777777777
NM_001181586.1	2	2	0	2	2	3	4	4	6	2.7777777777777777
NM_001184092.1	0	3	1	2	2	5	5	5	2	2.7777777777777777
NM_001270749.1	0	1	1	3	3	5	7	3	2	2.7777777777777777
NM_001183801.1	0	3	2	1	2	4	1	6	6	2.7777777777777777
NM_001183808.1	1	1	1	3	2	5	4	5	4	2.888888888888889
NM_001183868.1	1	1	1	0	4	6	2	6	5	2.888888888888889
COX3	0	3	2	3	3	3	5	3	4	2.888888888888889
NM_001178465.3	1	0	1	3	4	3	6	5	3	2.888888888888889
NM_001183268.1	0	2	1	1	2	2	6	6	6	2.888888888888889
NM_001179936.1	0	3	2	1	2	3	5	3	7	2.888888888888889
NM_001184687.1	1	0	0	3	2	3	4	5	8	2.888888888888889
NM_001179963.1	0	1	3	2	1	4	3	6	6	2.888888888888889
NM_001178733.1	0	2	1	0	5	6	5	2	5	2.888888888888889
NM_001180531.1	1	1	1	2	3	4	4	4	6	2.888888888888889
NM_001184641.1	1	0	2	4	4	2	3	3	8	3.0
NM_001181924.1	0	3	1	4	3	3	5	3	5	3.0
NM_001179549.3	1	1	1	2	4	3	4	6	5	3.0
NM_001184298.1	0	3	2	2	5	4	3	4	4	3.0
NM_001181260.1	0	2	1	3	3	4	5	6	3	3.0
NM_001184378.1	0	0	2	3	1	3	6	6	6	3.0
COX2	1	3	0	1	3	6	5	1	7	3.0
NM_001179754.1	0	3	1	3	2	3	3	4	9	3.111111111111111
NM_001178393.2	1	1	1	3	3	4	4	8	3	3.111111111111111
NM_001270754.1	0	2	0	1	5	6	4	5	5	3.111111111111111
NM_001179254.1	1	0	1	2	3	3	8	4	6	3.111111111111111
NM_001179102.1	0	1	5	2	2	4	3	8	3	3.111111111111111
NM_001270759.1	1	2	3	1	4	4	5	2	6	3.111111111111111
NM_001184652.1	0	1	5	3	1	3	3	6	7	3.2222222222222223
NM_001178197.1	1	1	2	1	4	3	8	4	5	3.2222222222222223
NM_001181196.4	1	3	2	1	4	2	4	3	9	3.2222222222222223
NM_001181766.1	1	1	1	2	2	6	4	4	8	3.2222222222222223
NM_001178845.1	0	2	5	1	1	6	5	3	6	3.2222222222222223
NM_001181719.1	0	0	2	4	5	1	6	5	6	3.2222222222222223
AI1	0	4	2	4	3	3	7	3	3	3.2222222222222223
NM_001179011.3	0	2	4	2	5	5	2	5	4	3.2222222222222223
NM_001184410.1	0	3	2	1	5	3	2	7	6	3.2222222222222223
NM_001348829.1	1	1	2	3	4	5	6	4	4	3.3333333333333335
NM_001179840.1	0	0	4	4	3	1	7	4	7	3.3333333333333335
NM_001181593.1	0	1	1	4	3	5	4	5	7	3.3333333333333335
NM_001184044.1	0	3	2	4	2	3	4	4	8	3.3333333333333335
NM_001184421.2	2	0	2	4	3	5	5	4	5	3.3333333333333335
NM_001179698.1	2	2	2	2	2	3	5	6	6	3.3333333333333335
NM_001178476.1	1	1	0	3	5	6	4	5	5	3.3333333333333335
NM_001181941.1	0	0	3	3	2	4	7	4	7	3.3333333333333335
NM_001179341.3	0	1	5	4	3	2	5	5	5	3.3333333333333335
NM_001184000.1	0	0	3	2	6	4	6	5	5	3.4444444444444446
NM_001184214.1	0	0	0	4	6	5	3	5	8	3.4444444444444446
NM_001183407.1	1	2	1	5	2	6	4	6	4	3.4444444444444446
NM_001180583.1	1	1	3	2	2	4	4	6	8	3.4444444444444446
NM_001180414.1	0	3	1	2	4	7	4	4	6	3.4444444444444446
NM_001179145.1	1	2	2	5	3	4	4	7	4	3.5555555555555554
NM_001181428.1	0	4	2	3	5	5	4	4	5	3.5555555555555554
NM_001184254.1	1	2	3	3	2	3	4	8	6	3.5555555555555554
NM_001184533.1	2	1	1	5	1	2	8	5	7	3.5555555555555554
NM_001184620.1	0	1	2	4	3	5	5	6	6	3.5555555555555554
NM_001180581.3	0	3	1	1	3	6	6	7	5	3.5555555555555554
NM_001178239.1	0	2	3	4	4	4	3	6	7	3.6666666666666665
NM_001181011.1	0	4	0	3	3	3	4	6	10	3.6666666666666665
NM_001183172.1	0	2	2	5	3	4	4	7	6	3.6666666666666665
NM_001180711.1	1	3	2	5	4	5	6	3	4	3.6666666666666665
NM_001180168.1	1	1	1	6	6	2	4	6	6	3.6666666666666665
NM_001184613.1	1	2	3	2	4	2	5	6	8	3.6666666666666665
NM_001178530.3	1	1	1	2	3	5	6	7	8	3.7777777777777777
NM_001184411.4	0	3	2	1	6	4	2	9	7	3.7777777777777777
NM_001183961.1	1	1	1	5	7	3	5	4	7	3.7777777777777777
NM_001183831.1	0	4	3	1	3	3	6	4	10	3.7777777777777777
NM_001179069.1	0	2	2	3	4	3	4	9	7	3.7777777777777777
NM_001183985.1	1	1	2	2	5	3	6	7	8	3.888888888888889
NM_001179437.1	1	2	1	0	4	4	5	7	11	3.888888888888889
NM_001181808.4	0	3	3	2	4	8	5	3	7	3.888888888888889
NM_001181891.1	1	3	2	2	2	7	7	5	6	3.888888888888889
NM_001182446.1	0	3	1	2	2	7	3	8	9	3.888888888888889
NM_001183170.1	0	1	1	3	5	5	7	4	9	3.888888888888889
NM_001182412.1	1	4	3	4	4	4	5	3	7	3.888888888888889
NM_001179514.1	1	2	2	3	5	7	4	7	5	4.0
NM_001183748.1	0	2	3	4	3	6	3	5	10	4.0
NM_001178496.3	0	2	1	5	1	3	6	9	9	4.0
NM_001180378.1	1	4	2	4	5	5	3	4	9	4.111111111111111
NM_001184390.4	2	1	2	3	4	4	7	4	10	4.111111111111111
NM_001182778.1	0	2	1	3	8	7	5	6	5	4.111111111111111
NM_001182400.1	1	4	1	2	4	5	5	8	7	4.111111111111111
OLI1	0	2	4	2	8	3	4	9	5	4.111111111111111
NM_001183611.3	3	2	1	1	5	4	5	9	7	4.111111111111111
NM_001179727.1	0	2	3	5	4	3	5	6	10	4.222222222222222
NM_001183596.1	0	1	3	1	5	9	5	7	7	4.222222222222222
NM_001184394.2	2	2	2	3	4	4	8	4	9	4.222222222222222
NM_001270755.1	0	1	6	5	2	7	5	8	4	4.222222222222222
NM_001179831.1	1	4	1	2	3	4	9	7	7	4.222222222222222
NM_001183241.1	2	2	1	4	2	3	6	8	10	4.222222222222222
NM_001178713.1	1	2	1	4	5	5	5	8	8	4.333333333333333
NM_001184379.4	0	0	2	4	4	5	6	7	11	4.333333333333333
NM_001183733.3	1	0	2	2	6	6	8	8	6	4.333333333333333
NM_001181239.3	0	0	5	2	4	5	6	8	9	4.333333333333333
NM_001179522.1	0	4	2	3	4	4	5	8	9	4.333333333333333
NM_001178204.1	1	4	1	6	3	6	5	4	9	4.333333333333333
NM_001182341.3	0	2	3	5	3	3	6	10	7	4.333333333333333
NM_001181657.1	0	4	2	3	4	4	5	8	9	4.333333333333333
NM_001181694.3	1	2	1	4	5	4	6	8	8	4.333333333333333
NM_001179554.1	3	2	3	5	3	6	5	4	8	4.333333333333333
NM_001183848.1	0	1	2	3	3	7	5	8	11	4.444444444444445
NM_001179848.1	0	0	5	2	1	8	7	7	10	4.444444444444445
NM_001180264.1	0	1	2	2	4	8	4	10	9	4.444444444444445
NM_001181282.2	0	3	4	3	2	11	5	9	3	4.444444444444445
NM_001348846.1	0	2	2	5	4	5	6	9	8	4.555555555555555
NM_001182563.1	0	1	2	3	4	8	8	9	6	4.555555555555555
NM_001180108.1	1	1	4	8	5	5	3	7	7	4.555555555555555
NM_001183981.1	0	2	4	1	7	5	3	10	9	4.555555555555555
NM_001181817.1	1	1	3	3	3	7	5	10	8	4.555555555555555
NM_001184293.1	0	0	2	7	3	9	3	7	10	4.555555555555555
NM_001179787.1	1	3	3	4	7	4	7	6	6	4.555555555555555
NM_001181353.3	0	3	6	4	7	1	7	5	9	4.666666666666667
NM_001179637.1	1	4	2	4	2	6	6	7	10	4.666666666666667
NM_001179096.1	1	2	3	6	3	7	8	5	7	4.666666666666667
NM_001180848.1	1	2	2	4	4	4	10	6	9	4.666666666666667
NM_001184110.1	1	1	2	0	8	7	8	7	8	4.666666666666667
NM_001178987.1	0	1	4	5	4	6	8	5	9	4.666666666666667
NM_001182114.1	1	0	2	4	5	8	8	6	8	4.666666666666667
NM_001180386.1	1	4	3	5	5	6	5	5	8	4.666666666666667
NM_001270753.1	1	5	3	3	8	2	5	9	6	4.666666666666667
NM_001180567.3	2	1	3	7	3	3	5	7	11	4.666666666666667
NM_001184539.1	0	2	1	2	5	7	6	11	8	4.666666666666667
NM_001182554.1	1	2	3	4	8	7	6	5	6	4.666666666666667
NM_001184386.2	0	1	3	2	5	5	10	7	9	4.666666666666667
NM_001179104.1	2	2	4	1	6	3	5	8	12	4.777777777777778
NM_001183409.1	2	0	1	2	7	4	8	9	10	4.777777777777778
NM_001182830.2	2	2	3	4	4	3	9	7	9	4.777777777777778
NM_001178808.1	2	2	1	5	5	5	8	5	11	4.888888888888889
NM_001182984.3	2	1	1	1	5	6	11	8	9	4.888888888888889
NM_001184427.2	2	2	2	4	4	7	7	9	7	4.888888888888889
NM_001178269.1	1	1	6	4	5	7	5	6	10	5.0
NM_001181182.3	1	2	3	3	4	8	9	7	8	5.0
NM_001182680.1	2	2	4	2	3	7	4	9	12	5.0
NM_001181968.1	1	2	5	4	4	7	6	8	8	5.0
NM_001180390.1	1	2	4	5	7	8	5	8	6	5.111111111111111
NM_001179315.1	0	1	5	5	7	4	7	10	7	5.111111111111111
NM_001183181.1	2	2	3	4	5	6	7	11	6	5.111111111111111
NM_001182120.1	2	4	6	3	7	5	7	5	7	5.111111111111111
NM_001181897.1	3	1	3	4	3	6	6	10	10	5.111111111111111
NM_001181979.1	2	2	4	7	2	5	7	8	10	5.222222222222222
NM_001179539.3	0	3	2	5	3	9	7	9	9	5.222222222222222
NM_001183049.1	0	2	2	7	7	3	7	8	11	5.222222222222222
NM_001178551.2	3	1	5	5	5	3	5	9	11	5.222222222222222
NM_001180493.1	1	2	5	4	1	7	11	6	11	5.333333333333333
NM_001179423.1	1	2	5	4	6	6	7	8	9	5.333333333333333
NM_001183962.1	2	1	7	3	5	9	4	9	9	5.444444444444445
NM_001179987.3	1	2	4	9	5	6	6	5	11	5.444444444444445
NM_001180622.1	0	2	3	5	5	8	8	11	7	5.444444444444445
NM_001184444.1	1	1	3	5	9	3	8	8	11	5.444444444444445
NM_001180589.1	2	2	4	5	7	4	6	8	11	5.444444444444445
NM_001178532.3	1	3	4	4	3	10	3	8	13	5.444444444444445
NM_001182787.1	1	5	2	4	6	9	7	8	8	5.555555555555555
NM_001182168.1	1	2	5	5	7	5	8	9	8	5.555555555555555
NM_001178618.2	1	2	2	8	5	5	7	10	10	5.555555555555555
NM_001178856.1	2	3	4	6	5	4	7	8	12	5.666666666666667
NM_001179851.3	1	1	2	3	6	6	10	11	11	5.666666666666667
NM_001182481.1	1	1	7	6	5	7	7	10	7	5.666666666666667
NM_001178915.1	1	3	3	3	9	8	10	5	10	5.777777777777778
NM_001179494.1	2	3	4	2	7	5	9	9	11	5.777777777777778
NM_001178720.1	0	4	3	8	3	10	4	10	11	5.888888888888889
NM_001183417.1	1	1	2	6	3	6	11	11	12	5.888888888888889
NM_001179744.1	1	1	2	6	8	8	7	6	14	5.888888888888889
NM_001184078.1	1	3	2	4	6	6	11	8	12	5.888888888888889
NM_001184591.1	0	3	1	3	9	10	7	11	9	5.888888888888889
NM_001184447.3	0	2	4	1	10	8	11	7	10	5.888888888888889
NM_001184332.1	1	4	2	6	8	3	7	11	12	6.0
NM_001178644.1	1	3	3	6	4	4	11	9	13	6.0
NM_001184264.1	0	3	3	5	8	4	7	11	14	6.111111111111111
NM_001184387.1	1	3	3	6	5	4	8	9	16	6.111111111111111
NM_001179468.1	3	2	5	3	9	5	8	9	11	6.111111111111111
NM_001184102.1	2	3	5	1	6	7	9	12	10	6.111111111111111
NM_001180593.1	1	2	2	5	5	10	4	13	14	6.222222222222222
NM_001181647.1	3	3	1	4	9	6	9	9	12	6.222222222222222
NM_001179461.1	0	2	5	8	6	6	7	12	10	6.222222222222222
NM_001183438.1	2	3	6	2	8	7	10	8	10	6.222222222222222
NM_001178709.1	2	1	6	3	5	7	9	8	15	6.222222222222222
NM_001182299.3	1	3	7	4	4	4	11	12	10	6.222222222222222
NM_001178812.1	3	3	1	4	6	7	14	13	6	6.333333333333333
NM_001183429.1	1	4	6	5	6	7	10	6	12	6.333333333333333
NM_001181385.3	1	1	6	6	6	8	7	10	12	6.333333333333333
NM_001182265.1	2	0	5	3	6	11	6	15	9	6.333333333333333
NM_001184398.2	1	1	2	7	4	12	9	11	11	6.444444444444445
NM_001182551.1	0	3	5	6	4	5	9	12	14	6.444444444444445
NM_001184397.1	1	1	2	7	4	12	9	11	11	6.444444444444445
NM_001182982.1	1	0	6	3	11	11	7	8	11	6.444444444444445
NM_001181250.3	2	4	2	5	5	10	9	10	12	6.555555555555555
NM_001180928.4	4	3	1	7	6	5	9	12	12	6.555555555555555
NM_001183250.3	1	3	4	2	8	7	8	12	14	6.555555555555555
NM_001184676.3	2	4	3	0	7	8	12	12	11	6.555555555555555
NM_001182358.1	1	2	3	5	5	14	11	12	7	6.666666666666667
SDL1	2	3	6	5	6	8	7	12	11	6.666666666666667
NM_001184127.1	1	2	3	8	8	7	8	10	13	6.666666666666667
NM_001180625.3	2	2	3	8	6	7	7	13	12	6.666666666666667
NM_001179320.3	3	0	5	4	9	10	8	9	12	6.666666666666667
NM_001183243.3	1	1	4	5	9	9	7	10	14	6.666666666666667
NM_001184091.1	3	2	2	8	7	9	9	13	8	6.777777777777778
NM_001181129.1	1	3	6	4	5	8	7	10	17	6.777777777777778
NM_001348811.1	1	2	3	4	6	13	10	12	10	6.777777777777778
NM_001180291.1	1	1	6	5	7	7	6	13	15	6.777777777777778
NM_001183556.3	0	5	4	5	5	7	13	8	14	6.777777777777778
NM_001181049.3	1	2	5	4	6	8	8	12	15	6.777777777777778
NM_001181001.1	1	1	4	4	2	12	7	15	16	6.888888888888889
NM_001181225.3	3	2	3	6	6	9	11	9	13	6.888888888888889
NM_001182848.3	2	5	4	3	8	4	14	8	14	6.888888888888889
NM_001183234.1	3	3	9	5	8	7	10	10	7	6.888888888888889
NM_001184408.2	3	2	4	7	4	9	11	13	9	6.888888888888889
NM_001183422.1	0	2	5	6	7	11	8	12	12	7.0
NM_001183166.1	0	0	3	9	7	11	8	11	14	7.0
NM_001181736.3	0	2	2	3	8	9	14	11	14	7.0
NM_001181577.1	1	2	2	5	10	12	8	13	10	7.0
NM_001270748.1	3	3	7	3	3	8	13	12	11	7.0
NM_001179896.1	2	4	1	4	7	9	11	10	16	7.111111111111111
NM_001181793.1	2	2	5	4	4	11	10	12	14	7.111111111111111
NM_001180433.3	2	1	5	4	10	7	8	15	12	7.111111111111111
NM_001183592.1	2	4	2	8	7	12	6	9	14	7.111111111111111
NM_001182334.1	1	2	2	3	11	7	8	17	14	7.222222222222222
NM_001180266.1	0	2	5	7	6	7	10	11	17	7.222222222222222
NM_001179270.1	2	1	7	7	5	8	14	10	11	7.222222222222222
NM_001181199.2	1	4	6	2	8	7	13	10	14	7.222222222222222
NM_001181665.1	1	6	7	8	6	8	7	10	12	7.222222222222222
NM_001179116.1	2	1	7	5	10	10	9	11	11	7.333333333333333
NM_001184158.1	4	5	3	6	4	11	8	11	14	7.333333333333333
NM_001181297.1	2	5	4	4	7	8	8	12	16	7.333333333333333
NM_001183115.1	0	1	4	7	6	9	13	13	13	7.333333333333333
NM_001182566.1	2	0	7	5	9	5	11	9	18	7.333333333333333
NM_001178315.1	3	3	7	8	6	9	6	10	14	7.333333333333333
NM_001395034.1	2	2	2	8	4	8	16	13	11	7.333333333333333
NM_001179124.1	3	2	5	5	8	8	10	9	16	7.333333333333333
NM_001179106.1	1	4	7	7	4	6	14	13	11	7.444444444444445
NM_001178854.1	2	3	4	4	11	10	13	9	11	7.444444444444445
NM_001179480.1	4	2	5	7	5	10	12	11	11	7.444444444444445
NM_001178632.3	0	1	7	7	8	6	7	14	17	7.444444444444445
NM_001178335.1	4	2	3	8	5	10	11	13	11	7.444444444444445
NM_001348855.1	0	5	8	5	6	9	13	9	12	7.444444444444445
NM_001179086.1	3	1	2	7	10	7	16	10	11	7.444444444444445
NM_001270739.1	1	1	3	12	10	8	5	14	13	7.444444444444445
NM_001181957.1	3	4	6	7	5	10	8	10	14	7.444444444444445
NM_001183033.1	1	5	4	4	5	6	17	11	15	7.555555555555555
NM_001180128.1	2	0	4	8	4	11	8	12	19	7.555555555555555
NM_001179888.1	2	3	4	5	6	9	12	12	15	7.555555555555555
NM_001182158.1	2	3	4	9	6	8	10	10	16	7.555555555555555
NM_001182930.1	0	4	5	6	6	10	14	12	11	7.555555555555555
NM_001179536.3	2	2	3	4	6	10	12	14	15	7.555555555555555
NM_001183612.3	1	4	5	6	5	7	13	12	16	7.666666666666667
NM_001183902.1	5	4	2	7	7	7	10	13	15	7.777777777777778
NM_001183169.1	2	4	3	9	6	10	9	14	13	7.777777777777778
NM_001182980.1	2	2	5	8	6	11	11	13	12	7.777777777777778
NM_001183539.1	2	1	6	5	9	13	15	7	13	7.888888888888889
NM_001182567.1	0	2	6	7	5	10	13	14	14	7.888888888888889
NM_001178567.3	2	5	6	6	11	10	10	10	12	8.0
NM_001270761.1	1	4	7	4	8	7	13	11	17	8.0
NM_001178957.1	1	3	4	6	11	12	6	12	17	8.0
NM_001182036.1	1	4	6	6	10	10	13	9	13	8.0
NM_001179307.3	2	3	3	4	6	8	14	15	17	8.0
NM_001183236.3	0	3	6	7	11	7	8	14	17	8.11111111111111
NM_001178173.1	2	3	8	6	10	7	9	15	13	8.11111111111111
NM_001179284.1	0	5	5	3	9	9	10	15	18	8.222222222222221
NM_001178932.2	1	6	7	7	6	7	12	11	17	8.222222222222221
NM_001179982.1	1	5	5	6	9	14	9	14	12	8.333333333333334
NM_001178226.1	4	5	5	6	4	10	9	13	19	8.333333333333334
NM_001348839.1	2	3	8	9	6	12	8	14	13	8.333333333333334
NM_001184527.1	1	4	5	7	7	5	13	17	16	8.333333333333334
NM_001180080.1	1	4	2	7	10	9	12	12	18	8.333333333333334
NM_001181372.1	1	5	5	9	8	7	10	17	13	8.333333333333334
NM_001181377.3	3	3	5	5	12	6	12	15	15	8.444444444444445
NM_001182319.1	1	5	5	8	7	12	14	13	11	8.444444444444445
NM_001183040.1	1	1	6	5	13	13	12	17	8	8.444444444444445
NM_001184250.1	1	1	5	6	4	11	13	16	19	8.444444444444445
NM_001270745.1	2	3	4	6	5	11	10	21	14	8.444444444444445
NM_001182138.1	1	3	6	9	8	12	9	11	17	8.444444444444445
NM_001183677.1	3	4	8	8	8	9	13	10	14	8.555555555555555
NM_001179043.1	1	5	6	4	10	6	13	11	21	8.555555555555555
NM_001180198.1	4	2	5	7	7	11	11	14	16	8.555555555555555
NM_001179005.1	1	4	6	4	11	8	19	7	17	8.555555555555555
NM_001183255.1	2	3	4	8	8	12	10	11	20	8.666666666666666
NM_001184182.1	2	4	4	9	6	10	15	15	13	8.666666666666666
NM_001184435.3	2	4	4	8	9	7	12	15	18	8.777777777777779
NM_001182052.1	3	5	2	9	9	8	13	12	18	8.777777777777779
NM_001179913.1	4	2	6	6	6	8	10	17	20	8.777777777777779
NM_001183431.1	0	0	7	7	13	6	18	13	15	8.777777777777779
NM_001183307.1	1	6	4	6	7	6	17	16	16	8.777777777777779
NM_001178820.3	3	3	6	12	13	9	9	10	15	8.88888888888889
NM_001181416.3	2	6	7	8	7	13	10	10	17	8.88888888888889
NM_001179553.3	0	3	3	6	15	14	11	11	17	8.88888888888889
NM_001181551.1	2	2	8	7	4	12	12	17	16	8.88888888888889
NM_001180298.1	1	3	1	3	12	11	16	19	15	9.0
NM_001182561.1	1	2	6	8	8	9	13	17	17	9.0
NM_001178937.1	3	5	4	4	8	11	12	14	21	9.11111111111111
NM_001184523.1	2	5	9	9	4	8	13	17	15	9.11111111111111
NM_001182519.1	2	6	7	4	7	14	13	15	14	9.11111111111111
NM_001180955.1	4	4	6	6	11	8	7	15	21	9.11111111111111
NM_001182344.1	1	9	5	7	13	15	7	12	14	9.222222222222221
NM_001179859.3	3	2	5	5	6	10	14	19	19	9.222222222222221
NM_001181181.1	4	3	6	4	7	14	14	12	19	9.222222222222221
NM_001178989.1	1	1	5	9	9	12	14	12	20	9.222222222222221
NM_001183923.1	1	4	4	8	9	9	13	15	20	9.222222222222221
NM_001182133.1	2	2	7	9	10	9	13	14	18	9.333333333333334
NM_001182531.1	3	3	6	7	9	10	12	20	14	9.333333333333334
NM_001183800.3	1	2	9	6	9	16	10	14	17	9.333333333333334
NM_001183263.1	3	3	4	7	14	7	13	13	20	9.333333333333334
NM_001182663.1	3	4	5	9	10	9	13	10	21	9.333333333333334
NM_001183368.1	2	7	5	8	9	9	13	15	16	9.333333333333334
NM_001179363.1	1	3	6	10	8	13	16	13	15	9.444444444444445
NM_001179112.1	4	3	3	11	11	10	12	15	16	9.444444444444445
NM_001179699.2	0	5	5	7	13	15	11	14	15	9.444444444444445
NM_001183367.1	3	4	5	8	10	13	13	16	14	9.555555555555555
NM_001183410.1	2	3	6	9	9	14	11	13	19	9.555555555555555
NM_001181417.1	1	5	5	4	8	15	14	17	17	9.555555555555555
NM_001178928.1	1	6	4	11	9	12	11	15	17	9.555555555555555
NM_001179325.1	4	4	4	12	8	11	8	18	18	9.666666666666666
NM_001181040.1	1	4	5	7	11	12	15	12	20	9.666666666666666
NM_001184511.1	1	3	5	8	7	11	17	19	16	9.666666666666666
NM_001183337.1	1	8	10	7	7	10	12	16	16	9.666666666666666
NM_001184471.3	2	3	7	7	8	8	13	21	18	9.666666666666666
NM_001181967.1	4	4	3	7	16	12	10	18	14	9.777777777777779
NM_001305015.2	3	1	3	9	13	13	15	16	15	9.777777777777779
NM_001181457.1	4	4	6	10	9	10	11	16	18	9.777777777777779
NM_001178700.1	1	5	4	7	13	14	15	15	14	9.777777777777779
NM_001183798.1	1	4	5	10	13	12	15	15	13	9.777777777777779
NM_001180107.1	0	3	7	7	11	18	10	14	18	9.777777777777779
NM_001178967.3	1	3	5	7	11	9	15	17	20	9.777777777777779
NM_001183533.1	3	5	6	4	8	12	15	16	20	9.88888888888889
NM_001184388.4	2	3	5	11	9	8	14	12	25	9.88888888888889
NM_001182202.2	1	3	3	6	16	10	14	20	16	9.88888888888889
NM_001184656.1	0	5	8	6	14	13	14	10	19	9.88888888888889
NM_001179785.1	2	6	6	7	6	10	14	20	18	9.88888888888889
NM_001180118.1	5	3	8	7	10	3	16	21	17	10.0
NM_001183237.1	2	4	6	11	12	15	10	16	14	10.0
NM_001180384.3	1	2	3	8	10	15	15	17	19	10.0
NM_001183463.1	1	2	4	8	11	12	18	16	18	10.0
NM_001184099.1	3	3	11	7	7	12	17	12	18	10.0
NM_001183359.1	3	3	3	6	11	16	15	17	17	10.11111111111111
NM_001184413.3	2	6	4	9	16	12	12	15	15	10.11111111111111
NM_001182863.1	3	2	3	7	12	12	17	18	18	10.222222222222221
NM_001182154.1	0	4	6	5	13	15	11	19	19	10.222222222222221
NM_001178455.3	4	2	7	6	12	13	11	17	20	10.222222222222221
NM_001181217.1	2	1	8	10	7	12	10	23	19	10.222222222222221
NM_001179487.1	0	7	5	7	12	9	12	19	21	10.222222222222221
NM_001181549.1	4	7	4	8	9	10	16	15	20	10.333333333333334
NM_001179264.1	3	3	2	9	13	14	15	17	17	10.333333333333334
NM_001182207.2	4	5	6	9	8	10	16	16	20	10.444444444444445
NM_001181565.1	1	4	6	5	12	15	15	14	22	10.444444444444445
NM_001182100.1	2	6	6	9	9	18	13	15	16	10.444444444444445
NM_001184593.3	4	2	3	10	16	12	8	20	19	10.444444444444445
NM_001183483.1	3	1	8	12	14	12	9	18	17	10.444444444444445
NM_001181596.1	0	3	9	12	10	11	21	11	17	10.444444444444445
NM_001182687.1	1	8	1	8	13	15	11	21	17	10.555555555555555
NM_001182345.3	5	2	10	9	7	11	19	18	14	10.555555555555555
NM_001180434.1	0	7	3	5	13	10	17	17	23	10.555555555555555
NM_001183927.1	2	4	6	11	14	14	13	14	18	10.666666666666666
NM_001179178.1	3	4	7	7	7	15	15	15	23	10.666666666666666
NM_001183874.1	0	2	7	9	13	15	13	20	17	10.666666666666666
NM_001179356.1	3	5	6	9	14	14	12	18	16	10.777777777777779
NM_001184493.1	2	6	10	8	10	10	19	11	21	10.777777777777779
NM_001183708.1	3	4	5	6	12	17	18	17	15	10.777777777777779
NM_001431137.1	2	4	7	9	14	11	11	21	18	10.777777777777779
NM_001178797.2	4	1	9	12	11	14	19	12	16	10.88888888888889
NM_001180393.1	6	3	2	13	6	16	22	13	17	10.88888888888889
NM_001182171.1	3	4	7	6	11	11	16	18	22	10.88888888888889
NM_001184671.1	1	4	8	12	12	7	20	14	21	11.0
NM_001181330.3	3	4	8	6	13	14	17	15	19	11.0
NM_001181341.3	4	2	8	9	12	15	13	18	18	11.0
NM_001182521.1	2	4	7	7	10	12	15	16	26	11.0
NM_001180254.1	1	4	11	9	8	11	19	23	13	11.0
NM_001183479.1	3	6	7	11	12	14	15	15	16	11.0
NM_001178224.1	7	7	8	8	14	12	11	12	20	11.0
NM_001183819.1	0	10	9	9	9	10	15	22	15	11.0
NM_001183297.1	2	8	2	8	9	15	15	21	20	11.11111111111111
NM_001183948.1	1	4	6	10	9	13	15	18	24	11.11111111111111
NM_001178225.1	0	5	11	10	7	14	17	13	23	11.11111111111111
NM_001182427.1	1	2	6	10	12	17	11	19	22	11.11111111111111
NM_001178565.1	3	3	7	11	9	14	17	18	18	11.11111111111111
NM_001178417.1	5	5	12	13	6	10	17	15	17	11.11111111111111
NM_001179165.1	2	3	8	8	12	18	16	16	18	11.222222222222221
NM_001183886.1	4	4	8	8	15	13	14	19	16	11.222222222222221
NM_001183068.1	2	2	7	8	12	10	16	23	22	11.333333333333334
NM_001181019.1	1	6	7	10	8	15	16	21	19	11.444444444444445
NM_001180563.3	2	2	11	9	9	13	16	19	22	11.444444444444445
NM_001181459.1	3	3	8	8	9	20	16	17	19	11.444444444444445
NM_001178949.1	2	2	7	7	11	15	18	16	26	11.555555555555555
NM_001305014.1	4	4	6	10	7	15	13	19	26	11.555555555555555
NM_001181978.1	4	7	6	7	12	8	20	20	20	11.555555555555555
NM_001182185.1	1	5	3	13	12	12	17	17	24	11.555555555555555
NM_001179500.1	1	4	4	7	13	14	16	23	22	11.555555555555555
NM_001179098.1	2	6	9	7	13	14	18	17	19	11.666666666666666
NM_001180640.3	1	3	8	4	14	15	17	17	26	11.666666666666666
NM_001184686.1	2	5	10	9	14	13	14	17	21	11.666666666666666
NM_001181041.1	2	5	7	12	14	18	12	15	20	11.666666666666666
NM_001180623.3	4	3	9	10	13	17	16	15	18	11.666666666666666
NM_001181191.1	1	8	10	4	11	18	15	18	20	11.666666666666666
NM_001182764.1	5	6	5	11	14	10	15	16	23	11.666666666666666
NM_001180243.1	1	6	8	9	8	12	19	24	19	11.777777777777779
NM_001181883.1	5	7	6	6	10	17	17	20	18	11.777777777777779
NM_001181267.1	0	8	5	11	10	17	15	17	23	11.777777777777779
NM_001178259.1	2	4	4	6	12	17	18	19	25	11.88888888888889
NM_001180467.1	3	6	9	10	7	16	15	20	21	11.88888888888889
NM_001180846.3	2	8	3	14	14	11	14	22	19	11.88888888888889
NM_001179197.1	2	5	5	12	8	10	21	19	25	11.88888888888889
NM_001181256.1	2	3	5	8	13	17	19	16	24	11.88888888888889
NM_001183075.1	2	6	9	9	7	12	15	25	22	11.88888888888889
NM_001178929.3	2	4	10	8	13	11	18	19	22	11.88888888888889
NM_001181618.1	3	6	5	9	17	12	18	19	18	11.88888888888889
NM_001182039.1	4	0	14	6	9	17	16	18	24	12.0
NM_001182209.1	1	6	7	9	12	19	15	21	18	12.0
NM_001181095.1	2	4	7	10	12	12	14	23	24	12.0
NM_001181521.1	1	9	4	6	8	21	19	16	24	12.0
NM_001184071.1	6	3	7	7	10	13	20	18	24	12.0
NM_001180259.1	2	2	3	12	11	16	12	24	26	12.0
NM_001184165.1	2	4	10	14	12	12	13	15	27	12.11111111111111
NM_001183980.1	0	3	7	13	14	10	18	21	23	12.11111111111111
NM_001180034.1	4	2	7	7	19	14	17	20	19	12.11111111111111
NM_001180163.1	2	3	4	12	13	16	22	16	21	12.11111111111111
NM_001183117.1	2	3	8	8	14	13	16	21	25	12.222222222222221
NM_001178511.3	1	4	13	5	13	20	11	21	22	12.222222222222221
NM_001182296.1	5	5	5	6	13	13	19	20	24	12.222222222222221
NM_001179345.3	5	3	5	9	11	17	17	18	25	12.222222222222221
NM_001183978.1	2	8	10	15	11	14	15	17	19	12.333333333333334
NM_001180978.3	1	8	8	11	15	12	16	19	21	12.333333333333334
NM_001183072.1	1	8	5	8	16	18	16	17	22	12.333333333333334
NM_001182029.1	2	4	9	12	12	14	21	16	21	12.333333333333334
NM_001184457.1	2	8	6	11	14	17	18	15	20	12.333333333333334
NM_001180374.1	1	4	8	11	14	12	22	21	18	12.333333333333334
NM_001180257.1	4	3	8	13	10	22	17	17	18	12.444444444444445
NM_001178906.3	1	4	9	6	18	17	15	18	24	12.444444444444445
NM_001184439.1	3	2	4	11	11	18	17	29	17	12.444444444444445
NM_001182550.1	3	4	10	10	11	13	19	16	26	12.444444444444445
NM_001181580.1	3	4	9	9	13	14	16	23	21	12.444444444444445
NM_001181350.2	4	3	10	9	15	10	21	24	16	12.444444444444445
NM_001179561.3	2	6	3	11	15	20	13	20	22	12.444444444444445
NM_001184436.2	4	5	7	8	14	10	20	20	25	12.555555555555555
NM_001179281.1	0	7	8	10	16	15	20	17	20	12.555555555555555
NM_001178802.1	1	6	5	10	16	12	22	24	18	12.666666666666666
NM_001184163.1	3	6	7	8	16	12	16	19	27	12.666666666666666
NM_001180626.3	2	3	13	12	12	12	15	23	22	12.666666666666666
NM_001178571.3	2	8	7	9	14	12	17	19	27	12.777777777777779
NM_001178752.1	3	2	10	6	9	20	21	16	28	12.777777777777779
NM_001179799.1	3	2	10	9	13	11	22	22	23	12.777777777777779
NM_001180338.3	1	6	8	9	16	10	19	25	21	12.777777777777779
NM_001182971.3	2	5	8	9	16	21	14	18	22	12.777777777777779
NM_001182686.1	1	4	3	6	18	15	25	17	26	12.777777777777779
NM_001183988.1	1	8	7	13	17	14	15	21	20	12.88888888888889
NM_001179266.1	1	6	7	7	9	18	22	21	25	12.88888888888889
NM_001182759.1	0	5	12	12	16	12	18	17	24	12.88888888888889
NM_001182614.1	3	8	8	10	9	19	19	19	22	13.0
NM_001183481.1	3	5	8	9	14	17	18	23	20	13.0
NM_001179652.1	1	9	9	11	9	20	19	26	14	13.11111111111111
NM_001184437.3	0	13	7	11	11	14	15	23	24	13.11111111111111
NM_001184083.1	4	7	7	13	14	14	21	17	21	13.11111111111111
NM_001181823.1	8	4	7	13	10	10	21	22	24	13.222222222222221
NM_001179935.1	4	4	5	11	15	18	20	19	24	13.333333333333334
NM_001178253.1	2	6	12	15	15	14	18	16	22	13.333333333333334
NM_001180631.3	3	8	5	6	15	17	18	24	24	13.333333333333334
NM_001180910.3	5	5	8	3	10	12	21	30	27	13.444444444444445
NM_001178834.3	1	6	12	11	12	16	20	22	21	13.444444444444445
NM_001184677.1	2	5	13	10	13	18	18	18	24	13.444444444444445
NM_001180366.1	3	1	5	15	11	18	21	23	25	13.555555555555555
NM_001178607.3	4	4	7	11	15	19	22	19	21	13.555555555555555
NM_001181113.1	4	6	11	11	12	20	20	17	21	13.555555555555555
NM_001182098.1	0	7	8	11	16	20	16	23	21	13.555555555555555
NM_001180695.3	2	3	8	8	12	22	13	27	28	13.666666666666666
NM_001180691.3	3	6	11	12	15	14	20	23	19	13.666666666666666
NM_001178738.1	4	2	10	12	15	12	17	27	25	13.777777777777779
NM_001180557.3	4	3	10	12	13	16	17	26	23	13.777777777777779
NM_001179287.1	3	4	6	11	16	12	22	22	28	13.777777777777779
NM_001181898.1	2	5	4	7	18	17	18	23	30	13.777777777777779
NM_001180767.1	0	7	12	4	16	21	20	22	22	13.777777777777779
NM_001180092.1	2	3	13	12	14	20	17	13	30	13.777777777777779
NM_001183191.3	5	3	12	13	12	18	16	23	22	13.777777777777779
NM_001181317.3	2	3	9	16	13	13	19	20	30	13.88888888888889
NM_001179440.3	2	4	11	8	14	12	24	21	29	13.88888888888889
NM_001179416.3	2	8	6	11	13	14	23	20	28	13.88888888888889
NM_001179794.3	2	4	11	12	16	12	17	21	30	13.88888888888889
NM_001183855.1	5	6	6	15	15	11	15	19	33	13.88888888888889
NM_001178735.1	3	7	6	13	14	12	21	17	32	13.88888888888889
NM_001182129.1	2	9	3	10	13	15	16	28	30	14.0
NM_001183222.3	6	6	10	14	14	12	21	13	30	14.0
NM_001183963.1	1	8	8	10	20	13	23	23	20	14.0
NM_001180271.1	2	9	7	13	10	15	18	25	27	14.0
NM_001179621.2	4	7	8	13	12	20	25	21	17	14.11111111111111
NM_001178641.3	5	6	6	8	8	20	22	25	27	14.11111111111111
NM_001183242.1	3	7	5	14	16	17	22	21	22	14.11111111111111
NM_001183499.1	1	6	7	13	12	16	17	25	30	14.11111111111111
NM_001179309.3	1	4	12	10	12	17	26	17	29	14.222222222222221
NM_001183809.3	2	6	9	12	14	22	22	23	18	14.222222222222221
NM_001182801.1	2	9	8	10	8	19	22	28	23	14.333333333333334
NM_001181777.1	3	6	7	10	13	19	24	20	27	14.333333333333334
NM_001181367.3	4	5	6	14	15	20	16	28	21	14.333333333333334
NM_001181433.3	3	8	13	7	17	16	17	18	30	14.333333333333334
NM_001180585.3	2	4	11	10	15	15	21	22	29	14.333333333333334
NM_001181922.1	5	3	5	14	18	18	18	22	27	14.444444444444445
NM_001179090.1	3	6	12	10	20	14	24	18	23	14.444444444444445
NM_001180373.3	2	6	11	9	11	14	17	31	29	14.444444444444445
NM_001179405.1	6	2	9	11	16	23	21	22	20	14.444444444444445
NM_001184030.1	1	7	11	14	8	17	24	22	26	14.444444444444445
NM_001181106.1	8	5	9	10	11	17	19	17	35	14.555555555555555
NM_001179048.1	4	7	10	12	10	16	22	25	25	14.555555555555555
NM_001179527.1	0	6	10	10	20	17	22	21	25	14.555555555555555
NM_001182881.1	0	6	10	17	12	14	23	22	27	14.555555555555555
NM_001180860.1	0	6	7	14	12	19	22	23	28	14.555555555555555
NM_001182177.1	4	7	7	10	16	15	19	26	28	14.666666666666666
NM_001181145.1	5	4	14	11	15	17	19	17	30	14.666666666666666
NM_001183838.1	3	6	6	14	15	20	19	18	31	14.666666666666666
NM_001181204.3	4	2	12	12	17	19	18	25	24	14.777777777777779
NM_001179881.1	6	11	9	11	21	12	19	23	21	14.777777777777779
NM_001179108.1	3	6	11	9	13	16	23	24	28	14.777777777777779
NM_001178392.2	1	2	9	13	12	18	27	21	31	14.88888888888889
NM_001180283.1	4	5	8	12	15	20	17	24	29	14.88888888888889
NM_001182270.1	2	7	7	13	16	21	20	24	24	14.88888888888889
NM_001179210.1	2	5	9	16	12	17	22	29	22	14.88888888888889
NM_001180590.3	3	7	9	18	10	13	18	32	25	15.0
NM_001184401.1	2	3	11	12	23	14	20	20	30	15.0
NM_001182160.1	4	4	12	20	14	14	19	25	23	15.0
NM_001179728.1	3	8	13	10	18	16	16	24	27	15.0
NM_001180761.1	3	6	8	15	12	17	21	21	32	15.0
NM_001183832.1	1	9	10	14	12	23	14	29	23	15.0
NM_001179141.1	4	8	10	11	10	20	21	27	24	15.0
NM_001179449.1	2	9	8	10	14	17	24	21	31	15.11111111111111
NM_001182015.1	1	4	11	14	17	17	17	30	25	15.11111111111111
NM_001181778.1	1	6	9	14	16	19	17	30	24	15.11111111111111
NM_001184532.1	1	6	7	14	16	17	24	24	27	15.11111111111111
NM_001182576.1	3	4	7	13	14	22	19	26	29	15.222222222222221
NM_001184675.3	6	7	9	17	14	14	17	25	28	15.222222222222221
NM_001180854.3	1	9	5	15	14	23	19	24	27	15.222222222222221
NM_001179537.1	3	4	8	12	18	17	19	23	33	15.222222222222221
NM_001183822.1	4	11	9	5	20	16	15	27	31	15.333333333333334
NM_001181152.1	3	7	10	11	15	11	23	31	27	15.333333333333334
NM_001181799.1	6	9	4	8	14	14	32	27	24	15.333333333333334
NM_001182274.1	2	8	8	8	16	16	21	33	26	15.333333333333334
NM_001183688.1	1	4	9	8	20	26	22	27	21	15.333333333333334
NM_001182868.3	4	10	12	7	15	19	18	31	22	15.333333333333334
NM_001182639.1	2	5	10	13	14	19	19	27	30	15.444444444444445
NM_001183152.1	2	8	7	12	14	18	23	29	26	15.444444444444445
NM_001179470.1	3	4	9	12	12	16	23	31	29	15.444444444444445
NM_001183754.1	4	4	10	12	14	23	24	23	25	15.444444444444445
NM_001178198.1	1	7	8	12	16	18	27	27	24	15.555555555555555
NM_001183382.1	3	7	11	15	15	14	28	20	27	15.555555555555555
NM_001183891.1	6	9	6	13	12	17	26	19	32	15.555555555555555
NM_001181819.3	6	5	12	18	15	12	24	25	23	15.555555555555555
NM_001182028.1	2	8	8	13	17	23	25	17	27	15.555555555555555
NM_001182627.1	9	7	7	12	9	21	21	28	26	15.555555555555555
NM_001180644.3	3	7	10	12	19	13	22	29	25	15.555555555555555
NM_001184402.2	2	4	11	12	23	15	20	22	32	15.666666666666666
NM_001181540.1	4	6	15	6	18	18	16	25	33	15.666666666666666
NM_001182408.1	0	6	14	15	10	20	22	27	27	15.666666666666666
NM_001181359.3	3	7	10	13	14	18	18	29	29	15.666666666666666
NM_001179027.3	4	7	10	13	14	18	25	26	24	15.666666666666666
NM_001179340.1	5	4	6	11	14	25	25	25	27	15.777777777777779
NM_001179018.3	4	4	11	14	18	20	21	22	28	15.777777777777779
NM_001178958.1	1	4	12	18	16	21	25	22	23	15.777777777777779
NM_001179333.3	6	7	7	15	12	24	22	18	31	15.777777777777779
NM_001180838.1	10	8	10	16	14	17	16	22	29	15.777777777777779
NM_001180011.1	2	4	10	14	15	20	16	34	27	15.777777777777779
NM_001182659.1	2	8	13	7	16	24	19	26	27	15.777777777777779
NM_001179421.3	2	7	8	14	17	24	20	23	28	15.88888888888889
NM_001184050.1	0	2	8	15	21	20	22	24	31	15.88888888888889
NM_001184517.3	2	4	8	13	18	20	24	24	30	15.88888888888889
NM_001181009.1	4	15	8	13	16	19	18	23	27	15.88888888888889
NM_001179134.1	4	4	9	11	15	22	20	28	30	15.88888888888889
NM_001179063.1	4	10	8	13	17	17	24	26	25	16.0
NM_001184320.1	2	9	14	12	16	22	21	21	27	16.0
NM_001281536.2	2	11	6	12	20	20	19	27	27	16.0
NM_001183061.1	0	5	11	15	18	13	22	30	30	16.0
NM_001178356.1	4	5	10	10	22	20	22	25	26	16.0
NM_001182311.3	2	8	8	13	16	20	20	28	30	16.11111111111111
NM_001181712.1	2	6	14	9	15	18	20	28	33	16.11111111111111
NM_001183468.1	4	6	9	18	11	15	25	28	29	16.11111111111111
NM_001183937.1	2	4	9	12	12	18	29	27	32	16.11111111111111
NM_001179205.1	3	6	6	13	13	20	24	28	32	16.11111111111111
NM_001183571.1	1	7	8	15	16	21	24	25	28	16.11111111111111
NM_001179302.1	4	5	10	19	14	18	23	23	30	16.22222222222222
NM_001178606.3	4	11	11	13	17	18	20	29	23	16.22222222222222
NM_001182628.1	3	8	15	10	14	26	18	28	25	16.333333333333332
NM_001179807.3	7	8	5	10	19	21	23	24	30	16.333333333333332
NM_001182064.1	2	5	14	10	18	19	25	32	22	16.333333333333332
NM_001179299.2	1	7	8	8	15	18	24	35	31	16.333333333333332
NM_001180745.3	4	7	8	15	16	19	29	23	26	16.333333333333332
NM_001181853.1	7	12	9	12	20	15	24	23	26	16.444444444444443
NM_001181869.1	3	8	10	8	24	19	19	28	29	16.444444444444443
NM_001179482.3	4	6	11	18	19	19	21	27	23	16.444444444444443
NM_001183252.1	3	5	16	11	16	17	26	28	26	16.444444444444443
NM_001179577.1	4	5	7	17	18	11	27	31	28	16.444444444444443
NM_001184106.1	8	8	5	16	13	17	23	30	29	16.555555555555557
NM_001178653.1	5	5	6	10	16	18	25	29	35	16.555555555555557
NM_001181787.2	1	3	11	14	16	22	23	28	31	16.555555555555557
NM_001183982.1	6	7	11	13	19	18	18	25	32	16.555555555555557
NM_001183364.1	4	4	10	16	13	28	28	22	24	16.555555555555557
NM_001183723.3	6	6	5	16	18	14	27	21	36	16.555555555555557
NM_001179040.1	2	8	6	13	17	23	21	30	29	16.555555555555557
NM_001178576.3	5	7	4	15	16	16	24	28	34	16.555555555555557
NM_001180412.3	3	9	10	17	20	14	23	23	30	16.555555555555557
NM_001184680.1	1	5	5	13	21	23	26	28	27	16.555555555555557
NM_001181431.2	1	13	9	14	14	20	20	30	29	16.666666666666668
NM_001181262.1	5	4	9	15	18	20	24	21	34	16.666666666666668
NM_001180276.1	6	8	8	11	17	23	21	25	31	16.666666666666668
NM_001184082.1	7	7	11	11	16	17	18	33	30	16.666666666666668
NM_001180993.1	2	8	10	9	15	16	26	32	33	16.77777777777778
NM_001182667.1	1	9	7	15	19	12	25	29	34	16.77777777777778
NM_001182019.1	4	5	9	17	17	21	20	28	31	16.88888888888889
NM_001182864.3	1	6	12	12	13	29	22	27	30	16.88888888888889
NM_001179737.1	3	5	11	14	16	17	28	29	29	16.88888888888889
NM_001181109.1	4	6	11	14	15	24	21	29	28	16.88888888888889
NM_001180330.1	5	10	11	12	19	17	23	25	30	16.88888888888889
NM_001182395.1	3	4	7	21	22	14	21	29	31	16.88888888888889
NM_001178731.1	5	10	11	14	14	16	25	27	30	16.88888888888889
NM_001182808.2	4	10	9	14	19	20	25	23	29	17.0
NM_001183362.1	1	12	11	15	13	21	22	30	28	17.0
NM_001178328.2	4	6	12	11	15	26	27	26	26	17.0
NM_001182055.1	3	6	9	19	18	17	25	27	29	17.0
NM_001183703.3	7	6	12	12	15	15	26	26	34	17.0
NM_001182454.1	1	9	6	10	20	18	38	24	27	17.0
NM_001180924.4	3	10	13	14	17	19	24	22	31	17.0
NM_001178783.1	5	9	8	15	15	24	22	24	32	17.11111111111111
NM_001180982.3	0	6	14	13	17	15	23	32	34	17.11111111111111
NM_001181697.1	4	5	12	17	17	20	23	27	29	17.11111111111111
NM_001180999.1	3	5	11	16	20	21	27	22	29	17.11111111111111
NM_001184190.1	3	9	7	10	14	23	22	29	37	17.11111111111111
NM_001184492.1	1	10	8	18	17	21	20	28	32	17.22222222222222
NM_001184515.1	2	4	7	20	20	18	24	24	36	17.22222222222222
NM_001184008.1	4	7	13	14	17	21	21	22	36	17.22222222222222
NM_001184409.1	5	5	7	18	15	22	31	24	28	17.22222222222222
NM_001184123.1	3	7	19	11	19	21	24	23	29	17.333333333333332
NM_001182038.1	1	1	10	17	20	22	27	29	29	17.333333333333332
NM_001183240.3	3	6	10	12	17	24	22	30	32	17.333333333333332
NM_001183853.1	2	10	7	16	16	21	30	26	28	17.333333333333332
NM_001178645.3	4	10	15	15	19	21	14	25	33	17.333333333333332
NM_001182204.1	4	10	6	21	15	15	25	29	31	17.333333333333332
NM_001178179.1	4	12	10	18	13	16	21	27	36	17.444444444444443
NM_001182153.1	3	12	7	13	18	24	24	28	28	17.444444444444443
NM_001183087.1	5	6	12	13	18	20	23	26	34	17.444444444444443
NM_001182587.1	5	9	9	14	13	15	26	30	37	17.555555555555557
NM_001182194.1	3	11	6	15	22	16	24	28	33	17.555555555555557
NM_001179392.1	4	7	8	13	14	20	25	33	34	17.555555555555557
NM_001182829.1	2	6	8	13	23	22	22	25	37	17.555555555555557
NM_001183132.1	3	6	9	13	24	21	27	22	34	17.666666666666668
NM_001180166.1	4	6	9	18	20	25	22	29	26	17.666666666666668
NM_001182657.1	0	9	7	20	18	21	22	27	35	17.666666666666668
NM_001182526.1	6	10	12	10	23	16	25	30	28	17.77777777777778
NM_001180312.1	6	7	11	11	19	20	29	29	28	17.77777777777778
NM_001181481.1	4	7	12	12	21	15	25	29	35	17.77777777777778
NM_001181882.1	5	9	8	17	14	19	28	28	32	17.77777777777778
NM_001179132.1	3	5	11	17	14	25	27	26	32	17.77777777777778
NM_001180199.1	1	7	12	10	19	23	24	27	37	17.77777777777778
NM_001183108.1	1	8	14	17	21	17	22	25	35	17.77777777777778
NM_001181603.1	4	7	9	15	21	20	22	31	31	17.77777777777778
NM_001183921.1	2	9	9	20	16	23	20	27	35	17.88888888888889
NM_001179217.1	5	6	12	13	14	25	28	26	32	17.88888888888889
NM_001181434.4	5	9	8	12	13	25	23	32	34	17.88888888888889
NM_001181751.1	4	8	12	16	16	18	30	20	37	17.88888888888889
NM_001182740.1	5	8	7	15	18	16	28	32	32	17.88888888888889
NM_001179841.3	7	5	14	11	18	23	26	27	31	18.0
NM_001179236.1	7	4	7	11	21	21	26	40	25	18.0
NM_001182802.1	2	9	13	11	24	22	24	26	31	18.0
NM_001183371.1	6	7	11	15	18	22	20	32	31	18.0
NM_001180950.1	3	6	10	12	19	22	25	30	35	18.0
NM_001270760.1	4	5	17	15	19	26	26	20	31	18.11111111111111
NM_001178898.1	2	8	11	11	15	22	32	30	32	18.11111111111111
NM_001183714.3	1	9	9	14	15	25	25	27	38	18.11111111111111
NM_001182640.1	3	10	11	12	16	23	27	34	27	18.11111111111111
NM_001180339.3	1	8	10	15	25	23	22	27	32	18.11111111111111
NM_001181116.1	2	8	10	14	19	26	23	28	34	18.22222222222222
NM_001179221.1	3	11	10	12	20	22	29	27	30	18.22222222222222
NM_001182611.1	1	8	9	16	19	19	22	29	42	18.333333333333332
NM_001181638.1	1	7	11	12	14	31	25	34	30	18.333333333333332
NM_001181822.1	5	8	17	13	22	22	21	26	32	18.444444444444443
NM_001179290.1	4	6	13	13	18	18	26	33	35	18.444444444444443
NM_001184168.1	3	8	14	14	14	28	24	28	33	18.444444444444443
NM_001183890.1	3	8	6	16	19	26	26	27	35	18.444444444444443
NM_001181241.1	3	7	13	14	21	21	19	35	33	18.444444444444443
NM_001180555.1	3	5	14	12	14	27	20	35	36	18.444444444444443
NM_001181489.1	2	7	12	19	16	23	22	31	35	18.555555555555557
NM_001183424.1	3	9	13	16	23	22	30	26	25	18.555555555555557
NM_001184673.1	4	4	15	22	24	20	25	26	27	18.555555555555557
NM_001180237.1	4	9	8	16	20	20	22	32	36	18.555555555555557
NM_001182539.1	2	8	13	11	25	22	23	26	38	18.666666666666668
NM_001270758.1	2	12	10	15	19	23	26	23	39	18.77777777777778
NM_001179259.1	3	5	11	12	14	18	32	32	42	18.77777777777778
NM_001180840.3	2	11	9	18	18	23	28	30	30	18.77777777777778
NM_001184144.1	2	7	13	9	18	26	24	33	37	18.77777777777778
NM_001181450.1	5	12	11	17	14	22	27	24	37	18.77777777777778
NM_001346795.1	4	8	12	12	16	21	32	31	34	18.88888888888889
NM_001182650.1	3	10	13	14	20	21	29	25	35	18.88888888888889
NM_001182022.1	2	12	14	12	23	24	22	28	33	18.88888888888889
NM_001182292.3	7	10	11	14	23	18	27	32	29	19.0
NM_001181298.3	1	7	7	18	22	24	19	39	34	19.0
NM_001181021.1	3	4	11	24	20	16	33	29	31	19.0
NM_001180790.3	5	8	5	17	19	21	24	32	40	19.0
NM_001181044.3	0	5	12	17	18	21	31	31	36	19.0
NM_001182772.1	2	10	15	13	13	22	32	26	38	19.0
NM_001184412.1	6	6	11	18	21	20	26	35	28	19.0
NM_001182402.2	6	6	11	18	21	20	26	35	28	19.0
NM_001181992.1	3	8	15	16	13	26	23	35	32	19.0
NM_001178516.3	7	8	15	8	18	24	25	29	37	19.0
NM_001182121.1	5	11	12	14	20	21	30	28	31	19.11111111111111
NM_001184103.1	4	6	14	14	12	24	28	33	37	19.11111111111111
NM_001181880.1	1	8	15	17	16	25	29	25	36	19.11111111111111
NM_001180440.3	5	8	11	19	17	20	26	34	32	19.11111111111111
NM_001179661.1	1	9	13	14	25	18	28	33	31	19.11111111111111
NM_001184036.1	3	10	8	20	23	21	21	25	42	19.22222222222222
NM_001181144.1	3	4	18	14	19	18	31	34	33	19.333333333333332
NM_001180486.1	5	9	5	18	15	25	24	38	36	19.444444444444443
NM_001181954.1	6	7	16	17	18	22	19	26	44	19.444444444444443
NM_001180188.1	3	7	9	17	27	21	21	33	37	19.444444444444443
NM_001183866.4	6	7	8	14	16	22	27	36	39	19.444444444444443
NM_001184023.1	3	5	10	17	14	30	23	39	34	19.444444444444443
NM_001183051.1	4	5	13	14	20	25	31	31	33	19.555555555555557
NM_001184180.1	4	6	13	16	13	20	24	35	45	19.555555555555557
NM_001182235.1	4	11	16	12	14	25	29	32	34	19.666666666666668
NM_001178505.3	4	13	15	16	26	21	21	32	30	19.77777777777778
NM_001179834.3	5	14	7	9	21	21	26	34	41	19.77777777777778
NM_001183591.3	4	8	12	11	22	22	31	29	39	19.77777777777778
NM_001178515.3	5	6	13	18	18	22	30	36	30	19.77777777777778
NM_001178919.1	4	7	14	14	20	19	28	34	39	19.88888888888889
NM_001180916.1	0	5	14	14	11	22	30	43	40	19.88888888888889
NM_001179065.3	6	4	7	15	21	27	28	37	34	19.88888888888889
NM_001183366.1	4	9	18	17	25	20	21	26	40	20.0
NM_001181039.3	2	10	11	22	9	31	29	25	41	20.0
NM_001181756.2	4	6	12	15	22	20	22	41	38	20.0
NM_001182557.1	3	5	11	13	25	21	29	34	39	20.0
NM_001182032.1	3	6	10	13	19	21	34	26	48	20.0
NM_001182986.1	2	13	13	15	20	19	30	32	36	20.0
NM_001183861.1	3	8	8	16	18	22	32	28	46	20.11111111111111
NM_001180322.1	5	9	15	16	20	26	28	23	39	20.11111111111111
NM_001178835.1	4	13	15	21	17	25	29	27	30	20.11111111111111
NM_001178944.3	3	5	8	25	21	28	29	26	36	20.11111111111111
NM_001180047.1	4	12	8	20	16	26	26	25	45	20.22222222222222
NM_001179201.1	3	7	13	11	18	27	28	39	36	20.22222222222222
NM_001182368.1	5	6	19	9	19	26	30	35	33	20.22222222222222
NM_001183880.1	9	8	14	14	17	21	24	34	41	20.22222222222222
NM_001179547.1	3	8	8	17	23	25	25	37	36	20.22222222222222
NM_001180996.1	2	10	14	20	10	19	36	35	37	20.333333333333332
NM_001181639.1	1	7	9	20	17	22	35	34	38	20.333333333333332
NM_001180351.3	5	8	16	14	19	24	30	27	41	20.444444444444443
NM_001181533.1	4	7	12	20	18	21	30	29	43	20.444444444444443
NM_001178320.2	4	10	11	16	25	23	27	34	34	20.444444444444443
NM_001182170.1	4	10	14	12	21	20	31	36	36	20.444444444444443
NM_001181669.1	3	7	12	19	18	29	27	33	36	20.444444444444443
NM_001179094.1	5	5	17	17	16	28	30	32	34	20.444444444444443
NM_001178172.1	5	9	9	12	21	25	30	34	40	20.555555555555557
NM_001178271.1	4	6	8	20	21	24	30	33	39	20.555555555555557
NM_001182280.3	3	8	11	20	18	20	22	38	45	20.555555555555557
NM_001184069.1	3	7	10	16	24	31	29	26	39	20.555555555555557
NM_001179656.1	2	10	23	11	22	25	27	34	31	20.555555555555557
NM_001181874.2	4	7	15	11	25	28	31	29	36	20.666666666666668
NM_001182714.1	4	10	11	18	22	31	23	39	28	20.666666666666668
NM_001180010.3	6	9	8	17	17	26	29	35	39	20.666666666666668
NM_001182711.1	6	16	8	8	21	22	28	35	42	20.666666666666668
NM_001179973.1	4	5	13	23	18	26	27	35	36	20.77777777777778
NM_001183647.3	6	8	12	16	26	17	29	37	36	20.77777777777778
NM_001183567.1	5	5	17	20	22	23	24	35	37	20.88888888888889
NM_001180562.3	4	8	13	18	22	27	27	30	39	20.88888888888889
NM_001179552.1	0	9	15	15	21	25	26	39	38	20.88888888888889
NM_001178299.1	5	9	7	19	30	22	30	30	37	21.0
NM_001179773.1	6	7	13	17	23	24	23	35	41	21.0
NM_001183627.3	5	6	7	10	20	27	35	31	48	21.0
NM_001183394.1	4	9	11	21	26	24	28	25	41	21.0
NM_001182606.1	4	11	14	19	20	25	24	33	39	21.0
NM_001183770.1	3	11	14	16	20	21	25	47	33	21.11111111111111
NM_001179445.1	3	11	10	17	20	22	31	35	41	21.11111111111111
NM_001182242.1	6	12	10	19	15	23	29	36	40	21.11111111111111
NM_001182741.1	3	9	10	13	19	25	23	40	48	21.11111111111111
NM_001179543.3	3	8	13	15	23	26	34	32	36	21.11111111111111
NM_001181504.1	5	13	14	20	20	18	31	35	35	21.22222222222222
NM_001179361.1	4	9	15	16	16	19	36	32	44	21.22222222222222
NM_001179766.1	2	4	15	17	20	27	33	38	36	21.333333333333332
NM_001183302.1	4	11	11	18	19	25	27	34	43	21.333333333333332
NM_001184519.1	4	8	13	15	25	19	23	41	44	21.333333333333332
NM_001181642.1	5	8	12	12	20	24	31	36	44	21.333333333333332
NM_001183124.1	2	5	15	16	28	25	34	34	34	21.444444444444443
NM_001183459.1	6	7	14	18	26	27	26	32	37	21.444444444444443
NM_001181300.1	5	7	8	20	20	22	29	39	43	21.444444444444443
NM_001180747.1	3	6	14	20	20	30	22	36	43	21.555555555555557
NM_001183349.1	7	10	11	17	13	25	28	33	50	21.555555555555557
NM_001178819.1	4	9	19	14	17	30	29	37	35	21.555555555555557
NM_001179235.1	2	5	14	18	22	25	35	33	40	21.555555555555557
NM_001180621.1	5	8	12	19	25	21	29	27	49	21.666666666666668
NM_001184005.1	4	9	7	17	25	33	24	34	42	21.666666666666668
NM_001180560.1	5	11	12	18	19	22	30	38	40	21.666666666666668
NM_001179395.3	7	9	18	21	19	28	25	28	40	21.666666666666668
NM_001180658.4	2	9	8	14	29	36	37	31	29	21.666666666666668
NM_001180146.1	4	6	14	17	20	25	24	37	49	21.77777777777778
NM_001181670.4	6	9	13	15	19	31	33	33	37	21.77777777777778
NM_001181351.3	5	5	17	12	22	30	30	39	36	21.77777777777778
NM_001180573.1	2	12	9	18	24	23	34	35	39	21.77777777777778
NM_001183970.1	2	15	15	17	20	23	29	34	41	21.77777777777778
NM_001180164.1	1	10	10	22	26	25	33	35	35	21.88888888888889
NM_001182633.1	7	13	17	12	19	30	26	30	43	21.88888888888889
NM_001180209.1	6	3	17	15	20	36	19	39	42	21.88888888888889
NM_001178587.3	3	8	15	14	25	29	36	31	36	21.88888888888889
NM_001179313.1	5	14	12	17	20	27	33	36	33	21.88888888888889
NM_001179627.1	7	5	13	24	22	31	26	32	37	21.88888888888889
NM_001181523.1	4	8	15	16	23	29	35	34	34	22.0
NM_001180116.1	3	6	17	21	30	22	29	37	33	22.0
NM_001178652.2	7	11	15	16	24	22	24	36	43	22.0
NM_001178728.1	2	12	12	18	25	31	24	31	43	22.0
NM_001182594.1	2	8	10	18	21	25	28	41	46	22.11111111111111
NM_001179509.1	2	7	13	16	26	29	39	32	35	22.11111111111111
NM_001179367.3	5	6	10	17	20	22	35	38	47	22.22222222222222
NM_001181614.1	3	13	10	14	29	27	30	33	42	22.333333333333332
NM_001178936.3	3	13	9	21	30	24	28	27	46	22.333333333333332
NM_001184449.1	1	11	11	20	20	33	24	32	49	22.333333333333332
NM_001181764.4	1	4	21	20	27	22	26	39	41	22.333333333333332
NM_001182014.1	4	12	20	18	25	22	31	32	38	22.444444444444443
NM_001178346.2	3	6	13	19	23	24	31	37	46	22.444444444444443
NM_001181894.1	6	8	12	18	22	20	35	38	43	22.444444444444443
NM_001183778.1	5	10	19	16	29	26	27	32	38	22.444444444444443
NM_001183287.1	2	9	13	12	23	28	33	42	40	22.444444444444443
NM_001184213.1	5	8	23	12	16	25	32	41	41	22.555555555555557
NM_001184043.1	6	14	14	21	18	27	32	30	41	22.555555555555557
NM_001179812.1	4	12	19	19	27	22	27	34	39	22.555555555555557
NM_001183938.1	4	12	14	16	23	33	28	34	39	22.555555555555557
NM_001183933.1	4	10	11	18	25	22	34	41	38	22.555555555555557
NM_001183885.1	3	12	15	21	19	37	23	34	39	22.555555555555557
NM_001178353.1	6	8	14	19	23	25	34	32	43	22.666666666666668
NM_001180796.1	5	8	17	19	19	27	33	34	42	22.666666666666668
NM_001178292.1	8	8	10	22	17	31	30	31	47	22.666666666666668
NM_001180086.1	4	8	16	14	28	32	30	32	40	22.666666666666668
NM_001180048.2	5	12	10	22	19	30	28	28	51	22.77777777777778
NM_001183277.1	6	10	10	22	24	29	31	34	39	22.77777777777778
NM_001181172.1	4	7	11	14	23	33	35	34	44	22.77777777777778
NM_001183184.3	4	9	11	20	16	33	43	32	38	22.88888888888889
NM_001182331.1	6	7	13	24	16	36	42	36	26	22.88888888888889
NM_001178995.3	3	6	11	20	29	30	31	40	36	22.88888888888889
NM_001182381.1	5	11	9	25	22	20	34	43	37	22.88888888888889
NM_001181303.3	7	9	17	17	18	23	31	35	49	22.88888888888889
NM_001181186.3	7	9	13	20	28	29	30	37	33	22.88888888888889
NM_001181794.3	7	13	10	22	27	22	31	32	42	22.88888888888889
NM_001178395.1	5	13	12	14	25	28	36	34	39	22.88888888888889
NM_001180969.3	4	12	14	17	20	32	32	32	46	23.22222222222222
NM_001180940.1	5	9	18	16	20	30	35	39	37	23.22222222222222
NM_001179687.1	5	9	14	15	21	25	36	40	44	23.22222222222222
NM_001180206.1	5	9	11	19	19	30	38	38	40	23.22222222222222
NM_001183806.1	4	11	14	18	25	37	33	35	32	23.22222222222222
NM_001180627.1	3	10	14	18	30	25	30	42	38	23.333333333333332
NM_001178500.3	3	9	11	19	23	33	33	34	45	23.333333333333332
NM_001184296.1	4	6	11	15	31	23	37	37	46	23.333333333333332
NM_001184231.1	4	12	13	8	30	37	31	35	40	23.333333333333332
NM_001182532.1	6	11	10	17	24	25	31	40	46	23.333333333333332
NM_001178542.3	5	13	14	27	22	21	41	33	34	23.333333333333332
NM_001184206.1	1	6	16	21	26	28	36	37	39	23.333333333333332
NM_001183516.1	8	10	10	16	25	33	28	36	44	23.333333333333332
NM_001178951.3	3	10	10	20	28	24	31	35	49	23.333333333333332
NM_001183449.1	4	1	9	23	25	30	42	38	38	23.333333333333332
NM_001181927.1	3	11	8	25	31	24	32	40	36	23.333333333333332
NM_001395036.1	11	7	15	21	24	30	27	39	36	23.333333333333332
NM_001182553.1	5	5	23	19	23	30	29	32	45	23.444444444444443
NM_001181572.1	6	8	10	18	21	28	35	41	44	23.444444444444443
NM_001180499.3	4	10	15	19	23	25	34	37	44	23.444444444444443
NM_001181651.1	4	9	13	18	29	29	35	31	43	23.444444444444443
NM_001179427.3	3	8	13	19	25	31	33	37	42	23.444444444444443
NM_001182590.1	3	6	14	18	21	26	34	39	51	23.555555555555557
NM_001182670.1	0	5	19	19	24	35	30	36	44	23.555555555555557
NM_001181469.1	9	9	17	17	25	28	26	40	41	23.555555555555557
NM_001178831.1	4	10	15	21	22	33	31	33	43	23.555555555555557
NM_001182257.3	7	12	18	24	21	32	29	34	35	23.555555555555557
NM_001181258.3	4	6	16	18	22	27	35	48	37	23.666666666666668
NM_001178942.1	11	11	13	18	22	28	27	34	49	23.666666666666668
NM_001181901.1	6	8	19	21	24	25	28	33	49	23.666666666666668
NM_001181526.1	4	8	14	18	33	26	35	35	40	23.666666666666668
NM_001180375.1	3	7	14	17	25	28	38	40	41	23.666666666666668
NM_001184108.1	3	9	12	17	24	30	37	41	40	23.666666666666668
NM_001181679.1	1	9	19	16	20	31	34	40	43	23.666666666666668
NM_001178753.1	5	13	14	20	27	23	34	43	35	23.77777777777778
NM_001180449.1	4	10	13	24	22	29	34	37	41	23.77777777777778
NM_001182499.1	6	8	11	14	23	36	34	47	35	23.77777777777778
NM_001178708.1	5	13	14	20	27	23	34	43	35	23.77777777777778
NM_001180301.1	5	15	16	19	26	30	32	32	39	23.77777777777778
NM_001178732.1	8	12	11	16	25	27	36	42	38	23.88888888888889
NM_001178493.3	8	9	17	14	22	29	30	40	46	23.88888888888889
NM_001179992.1	9	8	12	19	19	29	32	39	48	23.88888888888889
NM_001183430.1	2	18	10	20	27	29	29	37	43	23.88888888888889
NM_001183496.1	3	10	14	19	26	24	31	43	46	24.0
NM_001182924.1	1	10	14	19	28	30	31	36	47	24.0
NM_001178446.1	1	12	16	16	27	23	38	36	48	24.11111111111111
NM_001180431.1	5	3	21	18	25	40	30	35	40	24.11111111111111
NM_001182652.1	3	10	12	20	24	30	29	39	51	24.22222222222222
NM_001182469.1	7	13	12	14	29	27	38	35	43	24.22222222222222
NM_001181985.1	8	8	12	17	18	24	38	43	51	24.333333333333332
NM_001179674.1	7	8	18	17	22	30	35	43	39	24.333333333333332
NM_001182790.1	3	10	16	18	25	24	34	40	49	24.333333333333332
NM_001184306.2	5	7	21	19	19	26	33	35	55	24.444444444444443
NM_001181490.3	9	7	17	22	21	26	38	38	42	24.444444444444443
NM_001180596.1	3	12	17	17	30	29	31	37	44	24.444444444444443
NM_001178643.2	3	10	15	19	26	30	40	33	44	24.444444444444443
NM_001182538.1	6	9	16	21	25	25	37	36	45	24.444444444444443
NM_001181503.3	7	7	9	16	23	26	42	36	55	24.555555555555557
NM_001183171.1	5	10	13	22	26	27	36	41	41	24.555555555555557
NM_001184047.1	6	9	18	14	23	29	31	38	53	24.555555555555557
NM_001270743.1	10	7	18	24	29	26	30	35	42	24.555555555555557
NM_001178549.1	3	9	9	22	27	31	37	41	42	24.555555555555557
NM_001180701.1	4	10	13	22	19	32	31	39	51	24.555555555555557
NM_001183889.1	4	12	14	26	23	25	31	41	45	24.555555555555557
NM_001183624.1	5	10	15	23	26	24	31	43	44	24.555555555555557
NM_001182105.1	7	8	10	22	23	33	34	42	42	24.555555555555557
NM_001179351.3	4	8	15	19	22	27	41	44	41	24.555555555555557
NM_001183492.1	6	11	12	14	24	33	32	47	42	24.555555555555557
NM_001179891.3	7	6	16	24	21	31	39	36	42	24.666666666666668
NM_001184490.1	9	14	12	20	21	32	33	38	43	24.666666666666668
NM_001182176.1	4	12	23	24	24	25	34	33	43	24.666666666666668
NM_001182777.1	7	10	14	24	21	21	36	35	54	24.666666666666668
NM_001179006.3	5	11	9	19	34	32	32	37	43	24.666666666666668
NM_001178813.1	4	10	12	20	30	25	38	41	42	24.666666666666668
NM_001181768.1	5	9	7	20	28	24	34	44	51	24.666666666666668
NM_001183725.1	8	9	8	26	24	31	32	36	49	24.77777777777778
NM_001180008.3	4	9	14	17	29	35	27	44	44	24.77777777777778
NM_001183788.1	6	9	18	14	26	28	31	45	46	24.77777777777778
NM_001181491.1	10	9	13	20	28	31	37	37	38	24.77777777777778
NM_001178840.1	6	12	15	17	28	35	28	37	46	24.88888888888889
NM_001182693.1	3	13	16	13	30	29	42	36	43	25.0
NM_001182281.1	7	10	9	22	26	35	39	40	37	25.0
NM_001179690.1	7	12	11	22	24	34	34	34	47	25.0
NM_001180849.4	4	15	15	16	25	27	38	43	42	25.0
NM_001178777.1	7	11	14	17	30	32	28	39	47	25.0
NM_001179546.1	2	9	16	18	25	33	31	42	49	25.0
NM_001183456.1	6	10	15	23	24	38	31	38	40	25.0
NM_001183548.1	6	11	10	21	22	26	37	44	48	25.0
NM_001179835.1	1	8	15	26	23	32	38	39	44	25.11111111111111
NM_001182791.1	10	10	19	28	23	29	37	33	37	25.11111111111111
NM_001182060.1	7	9	16	16	28	29	35	49	37	25.11111111111111
NM_001183164.1	6	13	8	16	25	30	40	34	54	25.11111111111111
NM_001179868.3	2	8	13	22	24	30	43	40	44	25.11111111111111
NM_001178501.3	4	18	13	15	33	24	37	41	42	25.22222222222222
NM_001182901.1	4	9	15	20	27	34	36	38	44	25.22222222222222
NM_001182401.1	8	11	16	14	22	34	37	37	48	25.22222222222222
NM_001179783.1	8	8	15	20	21	33	39	39	44	25.22222222222222
NM_001184181.1	6	15	16	21	22	30	38	37	42	25.22222222222222
NM_001184143.1	7	17	13	23	25	34	34	38	36	25.22222222222222
NM_001179664.1	3	9	18	20	23	33	29	47	46	25.333333333333332
NM_001184338.1	4	12	11	22	32	28	31	47	41	25.333333333333332
NM_001183585.3	5	15	12	17	25	32	37	44	43	25.555555555555557
NM_001182466.1	2	11	11	19	30	27	34	47	49	25.555555555555557
NM_001180139.1	8	10	12	21	24	31	38	38	48	25.555555555555557
NM_001178156.1	4	11	14	22	29	25	35	41	49	25.555555555555557
NM_001183860.1	6	10	12	19	31	31	27	41	54	25.666666666666668
NM_001180236.1	5	7	13	26	28	35	38	33	46	25.666666666666668
NM_001179326.3	1	15	12	24	29	24	42	37	47	25.666666666666668
FLO8	6	14	10	18	28	35	41	39	40	25.666666666666668
NM_001179517.1	5	2	14	12	25	37	48	44	45	25.77777777777778
NM_001181559.1	8	11	15	21	32	22	35	43	45	25.77777777777778
NM_001181447.3	9	12	18	17	25	26	44	39	42	25.77777777777778
NM_001178250.1	8	11	17	18	26	33	38	35	46	25.77777777777778
NM_001180439.1	4	9	21	30	25	30	34	33	47	25.88888888888889
NM_001180487.3	9	11	18	17	18	26	38	44	52	25.88888888888889
NM_001183721.1	3	17	17	23	26	24	43	36	44	25.88888888888889
NM_001178160.1	5	8	15	18	29	30	37	38	53	25.88888888888889
NM_001180883.1	3	13	18	27	22	34	26	44	46	25.88888888888889
NM_001180576.1	5	10	15	25	24	32	32	41	49	25.88888888888889
NM_001183685.3	6	12	16	24	29	27	34	31	54	25.88888888888889
NM_001178531.1	6	7	10	21	28	39	38	38	47	26.0
NM_001183308.1	7	13	18	22	32	28	38	31	45	26.0
NM_001181122.1	10	15	14	18	24	29	38	41	45	26.0
NM_001183922.1	6	16	14	25	26	30	43	30	44	26.0
NM_001181150.1	7	11	16	20	21	34	33	44	48	26.0
NM_001183817.1	5	8	12	28	26	29	38	37	51	26.0
NM_001178433.3	6	8	14	21	31	32	37	45	40	26.0
NM_001180944.1	3	16	11	25	28	34	28	44	45	26.0
NM_001178677.1	5	10	21	22	26	28	42	36	45	26.11111111111111
NM_001180814.3	3	10	13	25	32	34	34	35	49	26.11111111111111
NM_001178879.1	6	11	19	19	27	15	42	47	49	26.11111111111111
NM_001183816.1	7	11	19	23	25	30	32	42	46	26.11111111111111
NM_001178774.1	7	9	16	18	23	29	39	48	47	26.22222222222222
NM_001183865.1	7	8	16	21	27	25	42	42	48	26.22222222222222
NM_001178265.1	8	8	18	19	28	28	38	39	51	26.333333333333332
NM_001183549.4	4	15	14	16	34	29	29	44	52	26.333333333333332
NM_001180694.3	6	8	21	21	29	39	38	38	37	26.333333333333332
NM_001178909.3	7	11	13	24	15	30	36	47	54	26.333333333333332
NM_001182409.1	5	10	18	28	29	32	37	34	44	26.333333333333332
NM_001183412.1	0	10	15	31	19	36	32	40	54	26.333333333333332
NM_001181595.1	8	9	20	23	22	32	35	43	46	26.444444444444443
NM_001183947.1	7	9	12	31	30	29	30	49	41	26.444444444444443
NM_001179725.1	6	12	15	16	23	28	36	44	59	26.555555555555557
NM_001182617.1	6	9	15	18	29	31	32	48	51	26.555555555555557
NM_001178833.1	10	12	14	23	30	28	34	40	49	26.666666666666668
NM_001179980.1	5	12	12	20	24	38	41	41	47	26.666666666666668
NM_001183525.1	4	13	15	18	31	26	37	49	47	26.666666666666668
NM_001183502.1	1	6	17	21	22	33	37	54	49	26.666666666666668
NM_001182006.1	4	9	19	20	15	31	42	46	54	26.666666666666668
NM_001183783.3	4	9	18	19	25	32	35	42	57	26.77777777777778
NM_001184510.3	4	14	20	20	33	27	34	40	49	26.77777777777778
NM_001180260.1	8	10	13	24	28	39	29	42	48	26.77777777777778
NM_001180489.1	6	14	12	21	30	36	33	40	49	26.77777777777778
NM_001180280.1	8	17	14	18	31	37	32	48	37	26.88888888888889
NM_001183698.3	5	11	19	20	25	28	36	45	53	26.88888888888889
NM_001183052.1	5	6	17	18	27	38	40	44	47	26.88888888888889
NM_001178314.1	4	12	14	17	28	28	40	44	55	26.88888888888889
NM_001179583.1	6	9	15	18	27	36	46	42	43	26.88888888888889
NM_001180178.1	5	11	18	17	24	37	31	49	50	26.88888888888889
NM_001183986.1	2	7	23	36	21	36	35	43	41	27.11111111111111
NM_001181171.1	5	11	22	26	30	20	43	40	47	27.11111111111111
NM_001178970.1	9	13	16	16	29	29	46	41	45	27.11111111111111
NM_001183581.3	4	13	9	26	30	36	36	48	42	27.11111111111111
NM_001182672.1	8	12	20	22	25	34	35	42	46	27.11111111111111
NM_001181535.1	2	7	18	29	23	33	37	45	50	27.11111111111111
NM_001178952.2	4	15	16	15	28	33	41	41	51	27.11111111111111
NM_001183693.3	8	10	20	19	30	24	41	42	51	27.22222222222222
NM_001184154.1	5	15	12	27	26	32	37	40	51	27.22222222222222
NM_001181135.1	4	9	7	18	24	30	41	54	58	27.22222222222222
NM_001179168.1	8	15	12	24	23	34	35	42	52	27.22222222222222
NM_001180786.3	7	9	19	22	32	30	32	46	48	27.22222222222222
NM_001183854.1	7	13	24	23	25	26	38	41	49	27.333333333333332
NM_001182564.1	13	10	12	32	25	35	30	41	48	27.333333333333332
NM_001183026.1	5	11	13	25	24	28	36	49	55	27.333333333333332
NM_001181805.1	1	6	14	23	30	30	38	50	55	27.444444444444443
NM_001181858.1	7	11	15	17	27	27	45	51	47	27.444444444444443
NM_001181564.1	3	13	16	22	27	41	41	41	43	27.444444444444443
NM_001180787.1	3	7	19	22	24	29	35	48	60	27.444444444444443
NM_001183120.1	8	8	15	24	35	36	32	39	50	27.444444444444443
NM_001181643.1	6	11	21	27	21	35	41	43	43	27.555555555555557
NM_001183668.3	2	10	16	20	30	35	41	44	50	27.555555555555557
NM_001184321.1	3	13	11	24	24	40	32	43	58	27.555555555555557
NM_001183370.1	4	14	21	23	22	27	42	47	48	27.555555555555557
NM_001178391.2	3	13	15	20	27	31	46	44	49	27.555555555555557
NM_001181335.3	4	11	22	23	26	30	37	42	53	27.555555555555557
NM_001182152.1	3	9	18	15	31	37	43	40	53	27.666666666666668
NM_001179261.1	7	11	16	23	35	23	38	44	52	27.666666666666668
NM_001181516.1	7	19	9	22	32	27	39	52	43	27.77777777777778
NM_001182935.3	5	13	16	29	23	30	37	42	55	27.77777777777778
NM_001183744.3	2	5	17	21	22	31	52	46	54	27.77777777777778
NM_001182178.1	3	9	11	24	33	33	38	53	46	27.77777777777778
NM_001181279.1	5	9	15	22	26	35	46	44	48	27.77777777777778
NM_001183711.3	4	18	21	20	20	34	41	46	47	27.88888888888889
NM_001180381.3	6	12	12	21	35	37	41	42	45	27.88888888888889
NM_001178154.1	2	12	16	27	33	32	43	42	44	27.88888888888889
NM_001182731.1	7	6	17	22	28	33	39	48	51	27.88888888888889
NM_001183804.1	9	13	17	29	25	28	40	43	47	27.88888888888889
NM_001180727.3	3	17	12	23	28	27	37	48	56	27.88888888888889
NM_001184281.1	2	9	20	22	17	40	49	45	47	27.88888888888889
NM_001182562.1	3	10	21	20	35	31	36	42	53	27.88888888888889
NM_001184265.1	3	13	16	13	30	35	45	42	55	28.0
NM_001180480.3	3	10	14	16	35	38	48	43	45	28.0
NM_001181255.3	2	9	5	34	26	42	42	42	50	28.0
NM_001180321.3	4	12	14	21	27	32	42	41	59	28.0
NM_001182300.1	5	15	17	20	28	32	43	38	54	28.0
NM_001182132.1	5	16	16	23	22	30	40	48	52	28.0
NM_001182378.1	6	13	21	21	32	29	28	48	55	28.11111111111111
NM_001181780.1	1	16	19	31	23	35	36	37	55	28.11111111111111
NM_001182516.1	5	13	13	22	29	28	45	41	57	28.11111111111111
NM_001182885.3	5	12	9	17	36	40	34	49	51	28.11111111111111
NM_001181197.1	4	11	15	21	34	33	39	43	53	28.11111111111111
YIR043C	4	20	14	25	24	34	36	54	43	28.22222222222222
NM_001270746.1	7	8	13	30	36	32	39	46	43	28.22222222222222
NM_001431141.1	2	16	15	24	23	28	38	55	53	28.22222222222222
NM_001184178.1	5	11	23	25	34	32	38	47	40	28.333333333333332
NM_001180671.1	4	10	17	25	23	44	37	51	44	28.333333333333332
NM_001182215.1	4	15	20	27	23	36	36	46	49	28.444444444444443
NM_001179854.1	7	10	17	23	31	29	34	49	56	28.444444444444443
NM_001181178.1	4	9	17	27	30	42	43	41	43	28.444444444444443
NM_001181934.1	7	8	16	24	32	39	44	33	53	28.444444444444443
NM_001181479.1	8	10	18	25	38	34	40	39	44	28.444444444444443
NM_001182921.1	4	12	16	22	33	36	42	43	49	28.555555555555557
NM_001183878.1	7	15	13	21	24	37	35	48	58	28.666666666666668
NM_001180157.1	5	10	13	18	31	39	43	41	58	28.666666666666668
NM_001178254.2	7	7	14	26	27	35	43	44	55	28.666666666666668
NM_001179839.3	7	7	16	24	30	40	40	49	46	28.77777777777778
NM_001178479.3	4	13	21	24	29	30	47	40	51	28.77777777777778
NM_001182024.1	4	14	19	23	37	28	38	42	55	28.88888888888889
NM_001183142.1	3	8	18	28	24	35	38	50	56	28.88888888888889
NM_001183092.1	5	9	25	25	27	43	41	39	46	28.88888888888889
NM_001179399.1	10	7	20	22	24	38	50	42	49	29.11111111111111
NM_001183856.1	7	12	20	19	33	39	47	35	50	29.11111111111111
NM_001180807.3	5	13	15	24	31	42	43	42	47	29.11111111111111
NM_001180870.1	7	15	20	22	33	32	42	41	50	29.11111111111111
NM_001180508.3	4	9	26	18	30	39	35	42	59	29.11111111111111
NM_001179052.4	13	14	10	24	26	38	37	44	56	29.11111111111111
NM_001183954.1	5	9	21	25	36	37	38	45	46	29.11111111111111
NM_001178372.1	5	9	12	30	39	31	34	54	49	29.22222222222222
NM_001182216.1	11	9	16	23	31	43	37	36	57	29.22222222222222
NM_001183909.1	4	6	22	27	25	36	43	50	51	29.333333333333332
NM_001182604.1	7	12	25	18	21	31	45	50	55	29.333333333333332
NM_001182664.1	6	13	18	28	30	39	41	48	41	29.333333333333332
NM_001181929.1	7	13	12	26	28	30	42	44	62	29.333333333333332
NM_001180700.1	4	12	15	18	30	36	37	48	64	29.333333333333332
NM_001178218.2	6	17	12	20	30	42	46	41	50	29.333333333333332
NM_001179411.1	6	14	13	25	38	28	34	43	63	29.333333333333332
NM_001181903.1	7	13	20	24	23	38	42	46	52	29.444444444444443
NM_001183452.1	3	8	17	22	30	43	37	49	56	29.444444444444443
NM_001181739.3	6	19	22	18	31	42	44	41	42	29.444444444444443
NM_001179614.1	4	11	20	28	34	33	38	43	54	29.444444444444443
NM_001179099.1	6	15	24	21	30	23	38	50	58	29.444444444444443
NM_001181206.1	5	11	16	19	25	38	41	53	58	29.555555555555557
NM_001184383.1	6	11	21	21	42	33	42	39	51	29.555555555555557
NM_001182932.1	5	6	22	23	27	32	43	48	60	29.555555555555557
NM_001182705.1	7	13	18	20	29	31	37	52	60	29.666666666666668
NM_001179809.3	3	9	16	21	38	33	46	54	47	29.666666666666668
NM_001178361.1	4	15	19	22	31	36	42	40	58	29.666666666666668
NM_001178155.2	9	13	21	28	22	33	41	44	56	29.666666666666668
NM_001180624.3	3	12	19	21	32	29	41	57	54	29.77777777777778
NM_001178212.1	9	11	11	22	26	41	44	51	53	29.77777777777778
NM_001182879.3	5	12	16	25	26	34	40	56	54	29.77777777777778
NM_001183598.1	7	17	15	25	34	32	47	48	43	29.77777777777778
NM_001183288.1	3	10	19	24	32	35	40	58	47	29.77777777777778
NM_001182435.1	2	10	14	28	35	31	51	49	48	29.77777777777778
NM_001180150.1	8	10	16	25	34	27	51	41	56	29.77777777777778
NM_001183769.3	5	10	20	13	27	35	47	55	56	29.77777777777778
NM_001182842.3	6	7	14	33	32	29	35	63	50	29.88888888888889
NM_001181680.1	6	12	16	21	37	35	46	49	47	29.88888888888889
NM_001181989.1	8	15	15	27	30	32	43	48	51	29.88888888888889
NM_001182850.1	3	15	15	20	31	37	53	42	54	30.0
NM_001179484.1	9	10	29	28	25	34	48	45	42	30.0
NM_001178467.1	7	16	12	32	30	34	39	46	55	30.11111111111111
NM_001180103.1	7	13	19	22	41	31	43	43	52	30.11111111111111
NM_001181102.1	4	11	15	25	28	36	43	46	64	30.22222222222222
NM_001178462.1	6	9	23	28	30	33	44	51	48	30.22222222222222
NM_001183952.1	4	13	24	22	28	27	52	53	49	30.22222222222222
NM_001184384.2	6	12	23	22	42	34	43	39	51	30.22222222222222
NM_001180665.1	5	15	19	23	30	39	43	53	46	30.333333333333332
NM_001179191.1	4	15	18	20	33	37	50	47	49	30.333333333333332
NM_001183336.1	5	13	21	24	35	37	43	41	54	30.333333333333332
NM_001182249.3	8	12	20	23	32	32	39	49	58	30.333333333333332
NM_001180781.3	5	12	14	16	30	39	47	52	58	30.333333333333332
NM_001182718.1	5	9	20	29	28	31	44	50	57	30.333333333333332
NM_001182812.1	10	13	15	28	32	37	36	46	57	30.444444444444443
NM_001182682.1	6	10	20	22	23	35	46	47	65	30.444444444444443
NM_001181392.3	9	13	20	21	27	38	42	50	54	30.444444444444443
NM_001183934.1	4	13	19	24	30	37	40	53	54	30.444444444444443
NM_001180809.1	5	15	18	31	30	38	30	52	55	30.444444444444443
NM_001181492.1	7	10	14	24	34	34	39	61	51	30.444444444444443
NM_001179865.1	3	13	21	26	33	32	45	47	54	30.444444444444443
NM_001182597.1	7	16	21	34	30	38	39	47	43	30.555555555555557
NM_001183441.1	8	8	13	21	33	37	48	57	50	30.555555555555557
NM_001183318.1	6	10	21	23	27	39	45	46	58	30.555555555555557
NM_001179037.3	6	7	15	33	29	39	44	40	62	30.555555555555557
NM_001181708.3	7	18	15	32	33	34	49	36	51	30.555555555555557
NM_001179239.1	3	12	19	20	35	34	42	43	67	30.555555555555557
NM_001179972.1	4	12	17	19	31	43	50	37	63	30.666666666666668
NM_001183327.1	10	18	21	19	26	39	38	52	53	30.666666666666668
NM_001181008.3	6	8	14	28	34	33	48	51	54	30.666666666666668
NM_001178561.1	4	16	17	23	32	32	47	46	59	30.666666666666668
NM_001178746.1	7	13	14	27	38	40	39	46	53	30.77777777777778
NM_001182794.1	12	13	19	21	36	39	40	45	52	30.77777777777778
NM_001180076.3	5	19	13	26	29	35	40	53	57	30.77777777777778
NM_001178601.1	3	14	21	22	33	30	46	48	60	30.77777777777778
NM_001179357.3	3	16	26	31	27	35	42	41	56	30.77777777777778
NM_001184529.1	5	12	15	22	23	38	46	50	67	30.88888888888889
NM_001180752.1	8	11	19	24	29	34	49	46	58	30.88888888888889
NM_001178784.1	3	9	23	22	35	39	43	47	58	31.0
NM_001180230.1	7	12	25	26	29	36	42	43	59	31.0
NM_001180506.1	5	20	20	31	28	37	40	49	50	31.11111111111111
NM_001183445.1	10	14	16	26	35	33	50	48	48	31.11111111111111
NM_001183523.1	5	14	18	19	36	35	46	45	63	31.22222222222222
NM_001178654.1	8	12	19	17	33	37	42	56	57	31.22222222222222
NM_001178626.1	7	12	15	27	35	37	39	47	62	31.22222222222222
NM_001183726.4	5	14	14	29	31	44	41	46	57	31.22222222222222
NM_001180613.1	6	13	21	24	26	36	40	52	63	31.22222222222222
NM_001180783.1	6	14	19	22	32	31	44	52	62	31.333333333333332
NM_001182305.3	5	18	16	21	27	39	50	48	58	31.333333333333332
NM_001181368.3	8	18	16	22	30	39	46	47	57	31.444444444444443
NM_001183913.1	4	10	18	25	26	39	51	56	54	31.444444444444443
NM_001180683.1	6	18	9	30	27	40	47	57	49	31.444444444444443
NM_001184128.1	8	15	13	31	32	38	39	50	57	31.444444444444443
NM_001183324.1	5	12	20	20	29	37	45	61	54	31.444444444444443
NM_001178418.1	4	10	22	24	31	44	43	44	61	31.444444444444443
NM_001182533.1	8	13	21	25	30	42	42	50	52	31.444444444444443
NM_001180973.3	9	12	13	24	30	37	47	56	55	31.444444444444443
NM_001184055.1	4	17	18	29	33	36	47	44	56	31.555555555555557
NM_001182126.1	7	9	25	25	36	30	41	47	64	31.555555555555557
NM_001180990.1	7	7	24	23	29	35	48	57	54	31.555555555555557
NM_001178968.1	7	10	13	21	30	37	47	57	63	31.666666666666668
NM_001182522.1	6	18	19	30	35	29	50	48	50	31.666666666666668
NM_001181251.3	8	11	18	29	35	35	41	57	51	31.666666666666668
NM_001183852.1	5	11	19	23	33	33	49	53	59	31.666666666666668
NM_001179939.1	5	11	15	25	32	35	50	55	57	31.666666666666668
NM_001180556.1	4	11	23	27	35	30	50	53	52	31.666666666666668
NM_001182781.1	11	13	23	27	21	36	48	51	56	31.77777777777778
NM_001183946.1	5	10	19	31	27	40	45	58	51	31.77777777777778
NM_001181123.1	3	16	24	24	34	23	45	51	67	31.88888888888889
NM_001178318.1	8	11	15	21	34	35	54	50	59	31.88888888888889
NM_001179531.1	7	11	13	22	33	35	54	53	59	31.88888888888889
NM_001181984.1	3	12	16	17	39	44	49	53	54	31.88888888888889
NM_001183828.1	5	12	22	24	36	38	45	47	59	32.0
NM_001181386.3	7	14	13	24	37	44	47	46	56	32.0
NM_001180544.1	1	16	13	27	35	40	43	50	63	32.0
NM_001179827.3	5	12	20	27	27	39	42	53	64	32.111111111111114
NM_001181169.3	3	12	18	27	38	42	42	52	56	32.22222222222222
NM_001178924.1	5	9	22	27	21	45	45	58	58	32.22222222222222
NM_001181308.1	4	19	16	23	45	34	51	37	61	32.22222222222222
NM_001180594.3	13	16	20	23	35	37	43	50	54	32.333333333333336
NM_001182491.1	6	13	16	28	34	46	45	45	58	32.333333333333336
NM_001182677.1	5	14	20	24	30	46	43	50	59	32.333333333333336
NM_001178192.2	10	16	21	19	30	38	44	51	63	32.44444444444444
NM_001178306.1	4	10	20	26	35	41	50	54	52	32.44444444444444
NM_001178628.3	5	9	21	28	37	39	48	45	60	32.44444444444444
NM_001178573.1	10	17	25	26	33	32	37	52	60	32.44444444444444
NM_001179829.3	6	12	17	26	31	39	45	54	63	32.55555555555556
NM_001180505.1	5	19	20	28	27	35	49	53	57	32.55555555555556
NM_001179029.3	6	17	16	20	34	42	62	46	50	32.55555555555556
NM_001182459.1	9	9	25	24	36	43	34	51	62	32.55555555555556
NM_001182312.1	7	14	25	19	35	32	52	53	56	32.55555555555556
NM_001182141.1	3	18	26	16	37	47	42	48	56	32.55555555555556
NM_001184283.1	5	11	21	28	30	42	51	53	53	32.666666666666664
NM_001179446.3	3	13	14	25	27	40	48	62	62	32.666666666666664
NM_001180722.4	4	12	17	35	25	40	43	56	62	32.666666666666664
NM_001180875.1	7	15	17	25	28	34	50	52	66	32.666666666666664
NM_001182111.1	7	13	23	20	30	45	46	51	59	32.666666666666664
NM_001184537.1	11	16	26	25	33	34	43	59	47	32.666666666666664
NM_001183298.1	9	14	20	33	28	32	42	52	64	32.666666666666664
NM_001182769.2	3	9	17	25	29	41	51	56	63	32.666666666666664
NM_001178324.2	10	11	19	21	27	44	44	62	57	32.77777777777778
NM_001182877.1	6	16	21	23	34	44	41	48	62	32.77777777777778
NM_001180438.1	10	12	26	28	34	28	46	52	59	32.77777777777778
NM_001182186.1	8	11	17	29	41	33	49	55	53	32.888888888888886
NM_001179866.3	5	21	20	28	37	45	34	51	55	32.888888888888886
NM_001180216.1	4	12	10	25	41	39	51	53	62	33.0
NM_001180797.3	8	6	16	25	33	44	50	47	68	33.0
NM_001181827.1	6	15	17	26	28	41	54	51	59	33.0
NM_001179764.2	7	17	10	26	41	41	49	41	65	33.0
NM_001179329.1	7	14	17	31	29	41	51	49	59	33.111111111111114
NM_001184481.1	6	13	23	24	33	44	44	57	54	33.111111111111114
NM_001183187.3	7	14	14	31	32	42	44	56	59	33.22222222222222
NM_001184212.1	4	11	22	28	42	35	47	53	57	33.22222222222222
NM_001180912.1	5	11	15	35	26	36	56	55	60	33.22222222222222
NM_001179174.1	4	14	29	24	37	33	56	51	52	33.333333333333336
NM_001183296.1	6	14	14	24	34	38	51	60	60	33.44444444444444
NM_001180963.1	7	12	18	22	34	39	54	54	61	33.44444444444444
NM_001182974.1	8	11	20	32	30	37	65	47	52	33.55555555555556
NM_001183739.1	5	17	26	30	34	33	47	51	59	33.55555555555556
NM_001183133.1	3	18	20	22	34	40	47	54	65	33.666666666666664
NM_001181760.1	6	14	19	25	38	40	45	50	66	33.666666666666664
NM_001183840.1	2	15	26	36	24	41	34	67	58	33.666666666666664
NM_001180729.1	4	11	17	33	44	47	46	47	55	33.77777777777778
NM_001178585.1	9	15	13	35	32	42	53	51	54	33.77777777777778
NM_001179088.1	9	15	27	22	21	41	55	60	55	33.888888888888886
NM_001179742.1	4	11	20	26	35	44	47	55	63	33.888888888888886
NM_001178149.1	7	14	24	28	32	39	53	43	66	34.0
NM_001184461.1	8	15	23	26	38	44	38	51	63	34.0
NM_001183568.4	9	12	16	23	28	45	47	52	74	34.0
NM_001180922.1	6	15	10	34	31	39	46	57	69	34.111111111111114
NM_001178193.1	8	12	23	20	40	36	48	65	55	34.111111111111114
NM_001178536.3	8	15	25	32	35	48	36	57	51	34.111111111111114
NM_001183882.1	10	15	19	25	30	41	55	52	61	34.22222222222222
NM_001180417.3	10	17	24	23	34	37	45	53	65	34.22222222222222
NM_001178486.2	7	11	21	21	36	44	56	55	57	34.22222222222222
NM_001181114.1	10	17	31	28	34	34	43	55	56	34.22222222222222
NM_001178498.1	6	15	14	31	40	44	41	61	57	34.333333333333336
NM_001183879.1	4	17	20	33	39	42	42	57	55	34.333333333333336
NM_001182708.1	4	10	20	29	42	34	60	46	64	34.333333333333336
NM_001179208.1	10	13	25	26	42	31	44	53	65	34.333333333333336
NM_001179873.1	7	16	26	29	32	39	52	51	57	34.333333333333336
NM_001178300.1	8	7	19	27	39	41	40	67	62	34.44444444444444
NM_001182314.1	9	10	21	31	42	32	50	51	64	34.44444444444444
NM_001180387.1	6	10	22	24	38	40	54	53	63	34.44444444444444
NM_001184033.1	7	12	20	31	30	43	49	57	61	34.44444444444444
NM_001179220.1	12	18	16	28	27	42	53	50	65	34.55555555555556
NM_001183038.1	4	11	27	28	29	53	55	49	55	34.55555555555556
NM_001183217.3	2	14	22	28	30	43	46	65	61	34.55555555555556
NM_001178663.1	6	13	22	34	38	41	38	53	66	34.55555555555556
NM_001183989.1	11	11	22	21	34	41	57	58	57	34.666666666666664
NM_001180918.1	6	17	23	35	37	42	46	49	57	34.666666666666664
NM_001183003.3	9	9	15	37	35	38	49	54	66	34.666666666666664
NM_001178559.3	3	18	13	32	44	41	41	62	58	34.666666666666664
NM_001183436.1	6	16	19	29	28	41	51	58	64	34.666666666666664
NM_001183843.1	5	12	26	20	49	42	50	55	53	34.666666666666664
NM_001180868.1	6	22	17	28	30	38	46	63	62	34.666666666666664
NM_001180929.1	6	11	17	30	39	39	46	53	71	34.666666666666664
NM_001181755.3	8	15	22	20	31	43	53	62	59	34.77777777777778
NM_001178605.1	11	19	24	32	30	41	39	54	63	34.77777777777778
NM_001179760.1	7	16	19	31	37	36	46	55	66	34.77777777777778
NM_001182915.1	12	10	14	37	29	36	51	59	65	34.77777777777778
NM_001183573.1	3	14	21	34	36	46	46	54	60	34.888888888888886
NM_001183329.2	6	12	21	30	28	38	49	54	76	34.888888888888886
NM_001183632.1	7	17	23	25	33	45	42	60	62	34.888888888888886
NM_001182775.1	6	12	25	18	29	48	52	62	62	34.888888888888886
NM_001183209.3	9	19	27	22	43	41	46	58	49	34.888888888888886
NM_001180509.3	5	17	27	33	31	38	46	51	66	34.888888888888886
NM_001183225.3	6	17	20	24	34	44	53	59	58	35.0
NM_001182918.1	10	13	23	33	30	44	48	57	57	35.0
NM_001183490.1	8	12	16	28	35	42	46	62	66	35.0
NM_001181839.1	10	15	14	24	37	40	60	55	60	35.0
NM_001178624.3	5	22	13	25	35	45	44	62	64	35.0
NM_001180806.3	6	19	16	23	33	51	50	50	67	35.0
NM_001184271.1	5	15	25	29	39	39	48	56	59	35.0
NM_001181027.1	11	17	22	25	41	46	49	49	56	35.111111111111114
NM_001182751.1	6	11	14	36	36	42	56	54	62	35.22222222222222
NM_001179226.1	5	16	23	30	40	33	43	66	61	35.22222222222222
NM_001180241.1	4	14	23	27	32	45	42	66	64	35.22222222222222
NM_001180426.3	9	10	18	31	36	45	49	56	64	35.333333333333336
NM_001182212.1	8	15	22	26	36	43	47	58	63	35.333333333333336
NM_001183694.1	1	11	24	29	36	45	50	66	56	35.333333333333336
NM_001184249.1	8	17	14	27	35	44	46	68	59	35.333333333333336
NM_001184061.1	3	19	19	30	32	32	52	60	72	35.44444444444444
NM_001180801.1	7	14	21	29	27	45	43	65	68	35.44444444444444
NM_001179115.1	7	14	25	35	38	34	52	53	61	35.44444444444444
NM_001183883.1	12	20	18	24	31	45	45	57	67	35.44444444444444
NM_001181407.3	12	16	22	24	43	41	47	57	57	35.44444444444444
NM_001181740.1	6	13	25	22	40	43	39	57	75	35.55555555555556
NM_001181677.3	10	14	23	20	39	42	43	66	63	35.55555555555556
NM_001181031.3	5	11	27	32	39	50	48	51	57	35.55555555555556
NM_001181711.3	9	16	22	34	33	35	47	55	69	35.55555555555556
NM_001181175.3	11	12	26	31	26	53	40	49	72	35.55555555555556
NM_001180470.3	7	8	20	27	39	42	42	58	77	35.55555555555556
NM_001181228.3	8	14	30	28	34	37	53	62	55	35.666666666666664
NM_001179246.1	6	12	21	24	29	47	48	62	72	35.666666666666664
NM_001181249.1	8	17	27	32	36	45	50	47	59	35.666666666666664
NM_001181231.3	8	15	18	31	40	40	56	50	64	35.77777777777778
NM_001182636.1	8	14	33	24	34	38	52	58	61	35.77777777777778
NM_001179184.1	5	14	17	29	36	44	52	53	73	35.888888888888886
NM_001181693.1	4	13	24	29	38	40	49	61	65	35.888888888888886
NM_001183530.3	7	11	26	32	35	48	52	48	64	35.888888888888886
NM_001183056.1	14	16	17	30	39	38	50	53	67	36.0
NM_001184118.1	6	21	23	34	36	41	43	54	66	36.0
NM_001180672.3	7	8	24	32	31	42	48	61	71	36.0
NM_001181714.3	7	14	30	24	35	44	50	54	66	36.0
NM_001179250.1	7	18	26	27	30	38	46	59	73	36.0
NM_001183494.1	11	11	19	33	39	37	48	61	66	36.111111111111114
NM_001181626.1	11	16	22	34	27	43	52	52	68	36.111111111111114
NM_001179826.2	10	14	30	26	28	39	58	53	67	36.111111111111114
NM_001183131.1	7	17	16	31	38	41	49	58	69	36.22222222222222
NM_001178545.1	8	8	20	29	46	38	49	66	62	36.22222222222222
NM_001184237.1	10	13	17	31	42	42	50	56	65	36.22222222222222
NM_001182696.1	7	20	15	31	39	49	43	55	68	36.333333333333336
NM_001181969.1	5	20	20	22	37	47	60	54	62	36.333333333333336
NM_001179755.1	4	15	25	27	40	46	53	53	65	36.44444444444444
NM_001184520.1	7	15	25	31	39	43	56	50	62	36.44444444444444
NM_001183279.1	11	9	21	34	42	38	47	55	71	36.44444444444444
NM_001182295.4	11	14	22	33	43	40	44	63	58	36.44444444444444
NM_001182789.1	10	20	25	30	32	49	49	54	59	36.44444444444444
NM_001182859.1	5	7	26	27	37	50	56	65	56	36.55555555555556
NM_001180677.3	12	14	22	37	37	39	51	48	69	36.55555555555556
NM_001178779.1	9	17	21	37	35	43	50	58	60	36.666666666666664
NM_001179994.1	7	9	21	25	42	45	63	60	58	36.666666666666664
NM_001183903.1	9	8	21	34	36	44	55	63	60	36.666666666666664
NM_001181974.1	10	14	24	27	40	44	56	50	66	36.77777777777778
NM_001182399.1	7	17	19	31	30	37	63	60	67	36.77777777777778
NM_001181464.3	9	14	19	32	46	41	48	55	67	36.77777777777778
NM_001178369.1	7	14	28	31	43	40	53	52	63	36.77777777777778
NM_001178821.1	6	14	22	28	41	38	60	63	59	36.77777777777778
NM_001183163.1	6	11	20	26	37	46	46	59	80	36.77777777777778
NM_001182683.1	8	11	25	30	31	54	41	62	69	36.77777777777778
NM_001178210.1	7	18	27	22	29	41	53	61	74	36.888888888888886
NM_001183965.1	6	19	19	28	35	44	52	62	67	36.888888888888886
NM_001180367.1	4	17	26	23	42	43	59	56	62	36.888888888888886
NM_001182720.1	5	21	26	33	27	58	45	61	57	37.0
NM_001184028.1	9	12	28	31	29	46	49	59	70	37.0
NM_001179655.1	8	17	27	22	24	49	58	61	67	37.0
NM_001182668.1	5	16	23	26	34	43	56	59	72	37.111111111111114
NM_001178801.1	4	15	21	31	36	44	48	68	67	37.111111111111114
NM_001181788.1	9	15	23	39	34	46	50	57	61	37.111111111111114
NM_001179853.3	9	19	32	19	34	47	59	57	58	37.111111111111114
NM_001181092.1	11	20	32	27	48	42	51	47	57	37.22222222222222
NM_001180001.1	6	15	25	34	35	41	51	60	68	37.22222222222222
NM_001181770.3	6	18	26	28	28	48	51	66	64	37.22222222222222
NM_001178509.3	7	20	32	32	32	45	44	53	70	37.22222222222222
NM_001178978.1	9	18	27	28	34	47	57	52	63	37.22222222222222
NM_001179921.1	9	15	17	31	36	37	54	64	73	37.333333333333336
NM_001178504.3	6	15	29	28	39	45	53	55	67	37.44444444444444
NM_001184659.3	10	15	24	28	36	51	52	48	73	37.44444444444444
NM_001181560.1	7	10	16	27	37	46	47	79	68	37.44444444444444
NM_001179030.3	9	14	23	35	30	50	53	61	62	37.44444444444444
NM_001178414.1	6	11	22	30	41	46	50	60	71	37.44444444444444
NM_001180678.3	10	10	19	31	49	43	54	57	64	37.44444444444444
NM_001181103.1	10	15	26	29	34	46	61	58	58	37.44444444444444
NM_001183197.3	10	13	15	28	40	44	55	69	64	37.55555555555556
NM_001178484.3	5	21	23	25	37	45	54	58	71	37.666666666666664
NM_001183918.1	10	14	25	30	32	46	54	54	74	37.666666666666664
NM_001179231.1	6	13	27	34	43	49	45	60	62	37.666666666666664
NM_001178177.1	8	17	24	34	34	50	44	62	66	37.666666666666664
NM_001178603.3	7	15	25	30	32	51	50	64	66	37.77777777777778
NM_001179072.3	6	14	19	24	39	56	53	69	60	37.77777777777778
NM_001179282.1	10	18	29	26	31	44	54	59	69	37.77777777777778
NM_001182092.1	8	17	18	27	41	46	51	65	67	37.77777777777778
NM_001184276.1	11	15	21	24	42	45	49	64	69	37.77777777777778
NM_001184146.1	6	15	18	35	47	36	55	52	77	37.888888888888886
NM_001183310.1	6	21	19	28	34	54	48	64	67	37.888888888888886
NM_001183083.1	8	8	22	39	42	42	57	62	61	37.888888888888886
NM_001181159.1	5	17	30	27	41	43	48	61	69	37.888888888888886
NM_001183392.2	6	14	25	31	35	48	53	60	69	37.888888888888886
NM_001179540.1	6	21	25	30	38	41	45	66	69	37.888888888888886
NM_001181972.1	5	18	24	33	38	49	47	61	67	38.0
NM_001178165.2	6	20	27	30	37	37	58	52	75	38.0
NM_001179118.1	6	14	27	35	42	50	49	53	67	38.111111111111114
NM_001183326.1	9	16	24	29	37	43	57	62	66	38.111111111111114
NM_001180989.2	6	9	18	34	38	46	53	66	73	38.111111111111114
NM_001184067.1	6	17	23	26	39	42	61	61	68	38.111111111111114
NM_001184672.1	8	15	23	30	44	43	58	64	59	38.22222222222222
NM_001431142.1	6	16	29	23	43	38	59	53	77	38.22222222222222
NM_001182065.1	7	17	25	33	46	44	43	61	68	38.22222222222222
NM_001183113.1	7	19	21	37	42	49	46	56	67	38.22222222222222
NM_001183354.1	10	10	28	30	32	47	53	59	76	38.333333333333336
NM_001184469.3	7	17	25	32	45	39	52	60	68	38.333333333333336
NM_001181688.3	10	19	23	24	33	46	63	63	64	38.333333333333336
NM_001183967.1	6	17	32	29	33	45	56	62	65	38.333333333333336
NM_001180811.3	14	12	26	32	39	47	47	56	72	38.333333333333336
NM_001182360.1	6	12	22	29	36	46	50	70	75	38.44444444444444
NM_001181332.1	10	9	27	36	38	50	50	53	73	38.44444444444444
NM_001181570.1	7	12	23	31	43	45	50	59	76	38.44444444444444
NM_001179209.1	12	12	27	37	34	40	53	72	59	38.44444444444444
NM_001182063.1	8	19	22	32	41	49	56	57	62	38.44444444444444
NM_001180568.1	5	17	17	20	42	59	56	64	66	38.44444444444444
NM_001184530.1	3	17	25	42	39	44	52	65	59	38.44444444444444
NM_001182234.1	7	20	16	37	42	48	55	51	70	38.44444444444444
NM_001181120.1	7	15	26	33	37	51	48	59	71	38.55555555555556
NM_001181121.1	8	13	24	36	37	52	54	56	67	38.55555555555556
NM_001179715.1	8	12	22	27	44	50	50	63	71	38.55555555555556
NM_001179268.1	11	15	19	36	34	39	59	67	67	38.55555555555556
NM_001183575.1	6	11	32	34	39	41	56	60	68	38.55555555555556
NM_001180717.3	13	11	24	23	48	51	51	59	68	38.666666666666664
NM_001182658.1	5	16	26	27	42	49	51	63	70	38.77777777777778
NM_001179506.3	6	16	30	28	38	46	57	76	52	38.77777777777778
NM_001178420.1	7	12	21	33	45	53	55	60	63	38.77777777777778
NM_001183088.1	8	11	26	28	28	53	62	59	74	38.77777777777778
NM_001180149.1	12	17	25	20	38	45	59	55	78	38.77777777777778
NM_001182671.1	3	11	21	32	34	57	71	67	54	38.888888888888886
NM_001178962.3	11	16	23	27	39	41	64	57	72	38.888888888888886
NM_001178541.3	10	9	23	37	36	49	56	57	73	38.888888888888886
NM_001182125.1	4	17	17	39	34	50	57	61	71	38.888888888888886
NM_001178785.1	8	15	25	24	33	61	48	59	77	38.888888888888886
NM_001183063.1	7	10	27	29	34	49	62	59	73	38.888888888888886
NM_001178354.1	9	18	21	40	35	51	49	57	70	38.888888888888886
NM_001179230.1	9	18	27	26	47	39	54	66	65	39.0
NM_001181566.1	5	13	24	37	42	46	51	69	64	39.0
NM_001179298.1	11	13	17	36	48	46	48	67	65	39.0
NM_001184114.1	4	16	18	34	48	43	59	64	65	39.0
NM_001181923.1	6	14	17	30	34	51	65	63	72	39.111111111111114
NM_001181588.1	6	18	20	37	41	43	49	67	71	39.111111111111114
NM_001180202.1	12	13	15	30	41	51	62	62	66	39.111111111111114
NM_001180646.1	8	15	23	25	41	53	62	57	68	39.111111111111114
NM_001183389.1	5	18	24	43	39	42	61	56	64	39.111111111111114
NM_001183453.1	8	14	29	37	46	42	54	52	71	39.22222222222222
NM_001182026.1	2	15	22	36	47	50	56	59	66	39.22222222222222
NM_001180069.1	6	14	26	32	44	39	49	66	78	39.333333333333336
NM_001180828.3	6	15	30	33	41	42	58	62	67	39.333333333333336
NM_001183973.1	5	20	28	29	45	42	55	65	65	39.333333333333336
NM_001183642.3	7	15	17	33	39	42	63	63	75	39.333333333333336
NM_001179034.3	6	12	22	32	47	47	55	58	75	39.333333333333336
NM_001183149.1	9	20	27	31	26	50	62	60	69	39.333333333333336
NM_001182717.1	8	20	22	31	38	51	53	63	69	39.44444444444444
NM_001182871.3	6	11	18	32	36	50	58	66	79	39.55555555555556
NM_001181613.1	13	13	30	27	38	53	46	61	75	39.55555555555556
NM_001180869.3	9	17	22	36	41	45	60	56	70	39.55555555555556
NM_001182646.1	6	18	24	29	36	57	59	56	71	39.55555555555556
NM_001183473.1	6	16	16	32	42	48	52	72	72	39.55555555555556
NM_001178453.1	8	13	23	39	50	45	43	64	72	39.666666666666664
NM_001183608.1	4	25	26	39	36	53	48	59	68	39.77777777777778
NM_001183805.3	10	11	36	27	40	48	52	66	68	39.77777777777778
NM_001181713.1	14	15	35	26	35	41	54	63	76	39.888888888888886
NM_001183593.3	9	17	29	31	36	49	57	62	69	39.888888888888886
NM_001181725.1	7	8	19	27	45	51	64	59	79	39.888888888888886
NM_001181278.1	7	16	20	33	36	50	59	57	82	40.0
NM_001182241.1	4	15	27	40	44	47	55	59	69	40.0
NM_001178185.1	4	13	30	38	38	52	47	61	78	40.111111111111114
NM_001178468.3	13	18	18	32	47	49	52	66	66	40.111111111111114
NM_001179352.3	7	20	21	40	47	37	54	65	70	40.111111111111114
NM_001183328.1	6	17	16	37	40	61	52	64	68	40.111111111111114
NM_001180788.1	6	11	24	32	40	50	56	70	72	40.111111111111114
NM_001182458.1	6	12	25	36	43	49	55	63	73	40.22222222222222
NM_001178877.3	9	19	31	31	40	37	54	57	84	40.22222222222222
NM_001180192.1	5	18	21	35	43	42	64	53	82	40.333333333333336
NM_001184685.1	9	13	23	34	36	52	49	73	74	40.333333333333336
NM_001182886.3	7	19	21	30	44	41	63	58	80	40.333333333333336
NM_001184164.1	7	13	29	41	31	42	59	63	78	40.333333333333336
NM_001181710.1	7	12	22	35	45	47	58	62	75	40.333333333333336
NM_001179297.1	10	23	25	36	39	42	44	62	82	40.333333333333336
NM_001183478.1	5	25	18	39	40	47	48	69	72	40.333333333333336
NM_001183174.1	11	14	28	30	36	53	52	60	80	40.44444444444444
NM_001180614.1	6	21	25	29	40	47	56	62	78	40.44444444444444
NM_001181077.1	7	17	23	32	42	54	58	67	64	40.44444444444444
NM_001178984.1	8	19	18	30	39	52	56	63	80	40.55555555555556
NM_001179567.3	8	13	23	32	41	52	56	70	70	40.55555555555556
NM_001184235.1	10	23	23	26	36	51	52	59	85	40.55555555555556
NM_001184275.1	11	18	21	28	46	50	56	68	67	40.55555555555556
NM_001178439.1	6	14	26	31	42	50	53	69	75	40.666666666666664
NM_001180491.3	14	13	29	30	46	43	59	60	72	40.666666666666664
NM_001178402.1	7	12	30	29	40	55	53	68	72	40.666666666666664
NM_001180311.3	9	18	25	31	33	51	61	71	67	40.666666666666664
NM_001184100.1	6	16	18	41	49	46	56	60	75	40.77777777777778
NM_001183447.1	14	18	24	32	35	56	48	61	79	40.77777777777778
NM_001179335.3	9	15	24	30	35	46	63	73	72	40.77777777777778
NM_001180733.1	6	19	10	35	43	48	68	65	74	40.888888888888886
NM_001181073.2	6	18	27	30	40	39	70	58	80	40.888888888888886
NM_001180777.3	5	16	34	35	35	44	65	58	76	40.888888888888886
NM_001180095.1	7	17	19	34	32	50	65	74	70	40.888888888888886
NM_001180595.3	14	20	24	37	31	53	52	58	79	40.888888888888886
NM_001180444.1	5	15	20	25	47	52	63	70	71	40.888888888888886
NM_001178694.1	9	11	37	35	39	53	56	65	64	41.0
NM_001182509.1	8	13	32	33	41	44	61	64	73	41.0
NM_001179060.3	9	18	24	33	31	47	59	70	79	41.111111111111114
NM_001179507.1	9	14	24	36	38	55	60	68	67	41.22222222222222
NM_001183566.3	12	20	20	30	38	55	56	57	83	41.22222222222222
NM_001183098.2	6	11	16	32	40	54	69	70	73	41.22222222222222
NM_001180587.3	8	13	26	32	41	42	60	73	76	41.22222222222222
NM_001182612.1	10	10	33	31	41	56	61	62	68	41.333333333333336
NM_001181525.1	6	15	15	30	41	52	54	75	84	41.333333333333336
NM_001431138.1	4	16	23	28	39	59	56	72	75	41.333333333333336
NM_001178169.1	10	16	23	31	44	43	55	74	76	41.333333333333336
NM_001182963.1	6	12	28	35	37	48	56	69	81	41.333333333333336
NM_001183911.1	12	16	22	32	40	56	62	70	62	41.333333333333336
NM_001183323.1	11	23	23	32	46	44	61	65	68	41.44444444444444
NM_001182735.1	8	17	27	27	45	45	69	69	66	41.44444444444444
NM_001182205.1	8	13	29	38	38	59	54	66	68	41.44444444444444
NM_001182245.1	5	22	23	29	32	48	61	64	89	41.44444444444444
NM_001181480.3	10	18	33	36	32	42	56	65	82	41.55555555555556
NM_001181238.3	6	15	28	30	50	53	48	61	83	41.55555555555556
NM_001179147.1	10	12	26	37	47	44	64	64	71	41.666666666666664
NM_001181275.3	17	16	23	27	49	65	54	62	62	41.666666666666664
NM_001181562.1	15	17	25	26	41	53	61	74	63	41.666666666666664
NM_001180543.1	6	15	29	31	42	52	62	65	73	41.666666666666664
NM_001178826.1	6	18	28	41	38	46	61	62	75	41.666666666666664
NM_001178261.1	13	19	20	27	46	53	48	75	74	41.666666666666664
NM_001181774.1	13	8	27	40	40	46	54	69	79	41.77777777777778
NM_001178199.2	7	17	31	40	44	43	57	62	75	41.77777777777778
NM_001181220.1	8	22	24	26	47	51	58	64	76	41.77777777777778
NM_001179810.1	12	19	22	30	39	52	58	64	80	41.77777777777778
NM_001181937.1	6	17	24	30	44	50	59	69	77	41.77777777777778
NM_001179322.3	7	12	23	27	49	46	71	59	82	41.77777777777778
NM_001184313.1	6	22	25	27	40	45	66	78	68	41.888888888888886
NM_001179303.1	12	21	27	32	41	44	62	64	74	41.888888888888886
NM_001180926.1	7	18	22	28	49	54	70	62	68	42.0
NM_001183821.1	12	19	24	35	34	52	53	73	76	42.0
NM_001179845.3	10	20	35	35	38	49	54	66	71	42.0
NM_001178672.1	14	19	27	29	38	54	58	62	77	42.0
NM_001182293.1	6	22	27	30	38	56	53	67	80	42.111111111111114
NM_001183226.3	10	14	30	32	58	51	58	53	73	42.111111111111114
NM_001182747.1	4	17	18	41	46	48	59	57	90	42.22222222222222
NM_001180819.3	7	15	18	34	35	48	68	75	81	42.333333333333336
NM_001180419.1	7	13	30	34	36	45	64	73	79	42.333333333333336
NM_001182997.1	8	15	25	27	41	55	50	77	83	42.333333333333336
NM_001184679.1	9	19	21	32	42	51	52	76	80	42.44444444444444
NM_001178737.1	6	15	31	39	45	41	57	75	73	42.44444444444444
NM_001180324.3	2	22	29	39	45	47	63	67	68	42.44444444444444
NM_001180510.1	6	14	25	35	41	48	58	69	86	42.44444444444444
NM_001179406.1	6	20	32	36	39	63	59	60	68	42.55555555555556
NM_001180328.3	5	15	32	29	49	48	51	71	83	42.55555555555556
NM_001181093.1	6	12	20	35	49	57	62	79	64	42.666666666666664
NM_001179641.1	7	19	34	31	45	50	68	67	63	42.666666666666664
NM_001182911.1	10	20	20	36	40	43	70	62	83	42.666666666666664
NM_001180679.1	6	16	26	40	42	49	65	59	82	42.77777777777778
NM_001180749.3	8	10	21	29	50	47	69	64	87	42.77777777777778
NM_001183881.1	13	22	28	29	51	45	53	69	75	42.77777777777778
NM_001179161.1	8	15	21	31	43	46	55	84	82	42.77777777777778
NM_001179364.3	11	15	27	23	51	62	61	72	64	42.888888888888886
NM_001180028.3	9	14	23	37	44	55	61	67	76	42.888888888888886
NM_001182279.3	7	20	22	25	45	46	75	67	79	42.888888888888886
NM_001178863.1	10	12	23	45	46	56	55	71	68	42.888888888888886
NM_001179499.1	12	18	27	32	37	56	60	59	85	42.888888888888886
NM_001179937.1	7	21	31	40	29	57	61	61	80	43.0
NM_001179996.2	9	19	20	38	45	49	54	74	79	43.0
NM_001182945.3	5	21	23	39	53	54	59	60	73	43.0
NM_001179685.1	6	9	23	32	43	63	63	69	79	43.0
NM_001183010.4	5	13	28	33	43	64	53	70	78	43.0
NM_001181620.1	9	13	28	36	34	54	68	66	79	43.0
NM_001182361.1	9	15	20	35	37	50	62	84	75	43.0
NM_001183201.3	6	17	28	35	38	45	67	80	72	43.111111111111114
NM_001179435.3	8	20	27	43	42	44	57	69	78	43.111111111111114
NM_001180072.3	7	15	24	37	44	49	67	70	75	43.111111111111114
NM_001181242.3	11	19	31	39	39	50	57	64	78	43.111111111111114
NM_001178203.1	8	13	25	36	38	49	61	78	80	43.111111111111114
NM_001181227.3	8	14	24	29	53	54	51	76	79	43.111111111111114
NM_001181376.1	7	22	27	35	37	47	60	79	74	43.111111111111114
NM_001181482.3	8	17	28	33	40	53	55	80	75	43.22222222222222
NM_001179604.3	10	17	30	41	50	55	50	63	73	43.22222222222222
NM_001182545.1	9	13	25	32	48	52	60	66	84	43.22222222222222
NM_001179032.1	6	23	25	41	45	50	50	78	71	43.22222222222222
NM_001184395.1	7	21	29	37	43	52	60	65	75	43.22222222222222
NM_001178552.2	5	15	28	38	44	60	55	68	76	43.22222222222222
NM_001181692.1	6	20	22	40	38	47	76	64	76	43.22222222222222
NM_001181397.3	10	20	26	40	39	52	57	70	76	43.333333333333336
NM_001182394.1	9	17	32	31	45	47	62	71	76	43.333333333333336
NM_001181832.1	7	11	24	37	45	41	60	78	87	43.333333333333336
NM_001179675.1	9	15	22	27	38	46	66	83	84	43.333333333333336
NM_001179589.4	5	19	19	38	41	45	61	73	90	43.44444444444444
NM_001182788.1	11	16	22	35	41	44	68	77	77	43.44444444444444
NM_001181505.1	8	16	24	27	50	53	64	64	85	43.44444444444444
NM_001182524.1	11	17	31	39	48	43	55	65	82	43.44444444444444
NM_001183810.1	8	16	25	35	38	53	66	76	75	43.55555555555556
NM_001180293.1	5	19	28	41	44	48	46	74	87	43.55555555555556
NM_001183204.1	7	18	25	34	41	51	65	77	74	43.55555555555556
NM_001184513.1	10	24	18	28	49	56	72	55	81	43.666666666666664
NM_001182598.1	7	17	35	34	44	56	57	70	74	43.77777777777778
NM_001180728.1	12	23	17	40	37	51	64	68	82	43.77777777777778
NM_001179459.1	8	21	27	35	38	54	62	71	78	43.77777777777778
NM_001180135.1	10	19	19	32	37	61	68	74	74	43.77777777777778
NM_001178176.1	7	17	35	33	47	59	51	69	77	43.888888888888886
NM_001183099.1	10	22	29	36	40	51	55	74	78	43.888888888888886
NM_001181440.1	15	5	30	28	34	54	78	72	79	43.888888888888886
NM_001184282.1	7	15	29	46	51	56	46	73	72	43.888888888888886
NM_001178355.2	12	15	23	30	48	56	67	69	75	43.888888888888886
NM_001179467.3	8	23	34	24	48	48	61	61	88	43.888888888888886
NM_001183545.3	6	21	32	33	46	46	60	76	76	44.0
NM_001178589.1	13	11	25	29	38	61	63	74	82	44.0
NM_001184167.1	7	22	20	37	37	55	70	73	75	44.0
NM_001178795.1	5	14	38	35	41	48	63	69	83	44.0
NM_001178245.1	15	8	26	43	45	39	63	79	79	44.111111111111114
NM_001179396.1	12	15	18	34	48	61	63	66	80	44.111111111111114
NM_001178370.1	10	17	20	39	41	56	66	79	69	44.111111111111114
NM_001179578.3	7	25	22	28	46	56	58	72	83	44.111111111111114
NM_001183917.1	10	18	32	29	51	42	62	74	79	44.111111111111114
NM_001180992.1	6	11	24	41	43	43	62	72	96	44.22222222222222
NM_001182313.3	7	13	29	37	49	59	54	76	74	44.22222222222222
NM_001183897.1	8	17	24	46	40	51	68	70	75	44.333333333333336
NM_001183257.1	5	19	21	29	50	61	57	76	81	44.333333333333336
NM_001182495.1	4	16	27	40	50	51	65	67	79	44.333333333333336
NM_001178217.1	7	17	23	35	43	54	63	68	90	44.44444444444444
NM_001181165.3	5	22	25	37	37	58	73	72	71	44.44444444444444
NM_001181387.1	12	18	19	47	42	55	60	68	79	44.44444444444444
NM_001181758.3	11	19	21	30	48	56	60	72	83	44.44444444444444
NM_001183757.3	11	20	32	45	38	44	68	64	79	44.55555555555556
NM_001180539.1	8	16	34	37	52	50	58	78	68	44.55555555555556
NM_001178622.1	12	24	30	41	45	47	62	62	79	44.666666666666664
NM_001178639.1	9	20	26	36	38	48	77	72	76	44.666666666666664
NM_001182776.1	13	14	22	37	48	51	52	78	87	44.666666666666664
NM_001184198.1	10	14	27	34	53	55	58	76	75	44.666666666666664
NM_001183697.1	12	17	22	39	52	56	58	65	81	44.666666666666664
NM_001180334.3	5	22	26	36	42	47	63	76	85	44.666666666666664
NM_001180699.3	5	17	25	34	48	55	51	74	93	44.666666666666664
NM_001180792.1	11	14	25	39	37	59	72	68	78	44.77777777777778
NM_001181746.3	9	13	25	36	43	55	66	71	85	44.77777777777778
NM_001178329.1	5	21	32	39	37	58	60	66	85	44.77777777777778
NM_001184093.1	8	17	24	37	40	55	69	76	77	44.77777777777778
NM_001184252.1	10	18	21	28	42	64	73	65	83	44.888888888888886
NM_001183563.3	9	16	20	31	45	67	62	73	81	44.888888888888886
NM_001182373.1	11	11	22	32	37	63	67	75	86	44.888888888888886
NM_001181024.1	6	19	21	44	38	59	67	70	80	44.888888888888886
NM_001180169.1	13	20	25	40	41	53	60	69	83	44.888888888888886
NM_001181323.3	8	14	27	47	41	58	69	63	78	45.0
NM_001181990.1	9	22	25	29	46	54	62	74	84	45.0
NM_001180269.1	6	25	24	35	37	47	66	76	89	45.0
NM_001179432.1	8	18	26	38	33	54	61	80	87	45.0
NM_001182253.3	9	15	33	33	47	51	59	89	70	45.111111111111114
NM_001181164.1	7	23	28	39	45	45	64	78	77	45.111111111111114
NM_001179615.1	13	12	33	33	43	54	57	78	83	45.111111111111114
NM_001183648.1	10	23	21	28	49	56	61	68	91	45.22222222222222
NM_001181579.1	4	20	26	30	43	64	66	73	81	45.22222222222222
NM_001181437.1	11	22	30	35	57	49	52	74	77	45.22222222222222
NM_001184208.1	14	17	21	31	55	50	55	78	86	45.22222222222222
NM_001184179.1	13	21	27	35	47	61	62	68	74	45.333333333333336
NM_001178513.1	12	21	28	35	44	61	54	74	79	45.333333333333336
NM_001182515.1	6	22	24	43	44	57	63	72	77	45.333333333333336
NM_001180548.1	12	21	26	36	35	52	66	81	80	45.44444444444444
NM_001178992.1	9	18	29	32	45	60	76	70	70	45.44444444444444
NM_001182339.3	7	19	25	40	45	59	46	81	87	45.44444444444444
NM_001179227.1	11	17	18	33	54	54	61	75	87	45.55555555555556
NM_001180172.1	11	22	27	37	46	56	66	70	75	45.55555555555556
NM_001181986.1	2	20	34	37	43	59	58	66	91	45.55555555555556
NM_001183167.1	10	19	26	41	52	54	59	70	79	45.55555555555556
NM_001179381.1	9	19	36	39	47	59	66	62	73	45.55555555555556
NM_001182008.1	7	20	35	42	38	50	65	71	83	45.666666666666664
NM_001182462.1	5	18	23	45	52	47	63	77	81	45.666666666666664
NM_001183834.1	5	16	30	27	42	60	64	75	92	45.666666666666664
NM_001178827.1	6	24	31	43	40	62	50	71	84	45.666666666666664
NM_001183976.1	9	18	37	38	41	52	63	66	88	45.77777777777778
NM_001178303.1	6	14	30	39	44	56	58	82	83	45.77777777777778
NM_001181668.3	11	18	29	30	48	56	67	71	83	45.888888888888886
NM_001181715.1	7	15	35	36	46	60	50	75	89	45.888888888888886
NM_001181018.3	12	24	19	34	41	52	76	73	82	45.888888888888886
NM_001178413.3	6	19	28	44	50	58	67	57	85	46.0
NM_001179020.1	9	17	27	30	50	60	71	77	73	46.0
NM_001181205.1	11	18	21	40	54	49	61	73	88	46.111111111111114
NM_001181741.1	7	19	31	30	39	54	67	81	87	46.111111111111114
NM_001182348.3	8	9	29	38	53	53	62	77	86	46.111111111111114
NM_001181893.1	10	21	31	42	31	56	65	85	75	46.22222222222222
NM_001184536.1	5	14	31	36	51	53	70	71	86	46.333333333333336
NM_001182271.3	3	16	36	38	49	50	63	76	86	46.333333333333336
NM_001179700.2	8	16	26	36	35	52	72	73	99	46.333333333333336
NM_001183764.3	10	16	24	46	41	57	59	72	92	46.333333333333336
NM_001178477.1	5	20	28	38	45	56	78	74	73	46.333333333333336
NM_001180748.1	5	18	29	37	53	58	63	58	97	46.44444444444444
NM_001182148.1	6	26	28	38	43	67	57	71	82	46.44444444444444
NM_001180148.1	8	24	30	43	50	53	69	62	79	46.44444444444444
NM_001182517.1	10	16	26	42	48	59	66	62	89	46.44444444444444
NM_001181545.2	2	16	25	43	39	52	62	91	88	46.44444444444444
NM_001183634.1	6	27	27	41	41	54	58	74	91	46.55555555555556
NM_001183155.1	6	18	30	36	45	46	61	78	99	46.55555555555556
NM_001183582.1	7	16	22	47	46	53	64	78	86	46.55555555555556
NM_001180294.1	6	17	32	21	57	58	58	83	87	46.55555555555556
NM_001181345.1	2	13	27	38	52	64	80	72	72	46.666666666666664
NM_001183309.1	8	23	29	38	46	56	64	65	91	46.666666666666664
NM_001183262.1	4	20	31	37	45	58	57	83	85	46.666666666666664
NM_001180087.2	11	20	30	32	41	52	64	74	96	46.666666666666664
NM_001182476.1	6	15	31	39	49	62	65	69	85	46.77777777777778
NM_001181964.1	12	20	30	39	51	60	65	80	64	46.77777777777778
NM_001178684.1	11	20	26	40	47	61	71	73	72	46.77777777777778
NM_001184329.1	8	26	19	31	44	56	72	83	83	46.888888888888886
NM_001182097.1	8	13	35	36	44	59	67	84	76	46.888888888888886
NM_001179734.1	11	18	29	36	43	64	57	82	82	46.888888888888886
NM_001183772.1	4	19	34	40	47	42	67	86	83	46.888888888888886
NM_001181200.3	7	17	33	31	44	57	73	75	86	47.0
NM_001181157.3	5	20	29	40	46	64	60	76	83	47.0
NM_001183379.2	9	19	25	34	54	57	62	68	95	47.0
NM_001181582.1	8	23	27	39	46	61	73	68	78	47.0
NM_001181950.1	11	21	25	37	45	56	58	77	94	47.111111111111114
NM_001179817.3	10	18	18	34	48	66	62	80	88	47.111111111111114
NM_001180822.1	10	12	36	43	43	56	70	71	83	47.111111111111114
NM_001182272.1	8	14	33	40	39	55	56	84	96	47.22222222222222
NM_001178670.1	9	25	29	29	48	55	50	80	100	47.22222222222222
NM_001178489.2	13	17	31	39	43	65	67	70	80	47.22222222222222
NM_001180666.1	10	19	27	42	41	60	67	75	85	47.333333333333336
NM_001184204.1	9	20	21	38	49	58	71	82	78	47.333333333333336
NM_001180396.3	6	19	28	38	43	51	69	76	96	47.333333333333336
NM_001182577.1	8	21	33	40	52	53	61	69	89	47.333333333333336
NM_001180803.3	8	18	30	26	45	53	64	86	96	47.333333333333336
NM_001183958.1	12	17	28	40	39	57	76	76	81	47.333333333333336
NM_001181716.1	12	23	28	42	49	50	64	77	82	47.44444444444444
NM_001182685.1	6	18	28	40	48	57	75	68	87	47.44444444444444
NM_001180219.1	10	13	24	39	54	57	75	73	82	47.44444444444444
NM_001183728.3	11	19	18	34	50	56	66	83	91	47.55555555555556
NM_001182558.1	8	15	29	34	50	57	70	80	85	47.55555555555556
NM_001182996.1	5	26	27	41	45	49	66	83	86	47.55555555555556
NM_001183350.1	11	28	29	44	43	52	75	71	76	47.666666666666664
NM_001183715.1	12	14	35	31	54	57	75	68	84	47.77777777777778
NM_001178612.1	4	24	33	38	46	60	68	67	90	47.77777777777778
NM_001179682.1	5	18	27	42	51	51	70	75	92	47.888888888888886
NM_001182574.1	6	25	29	46	48	63	61	65	88	47.888888888888886
NM_001181187.2	10	18	30	36	36	57	76	77	91	47.888888888888886
NM_001183657.1	8	22	27	40	53	51	69	76	86	48.0
NM_001183910.1	11	19	28	33	49	51	78	71	92	48.0
NM_001181994.1	9	19	36	32	43	62	67	74	90	48.0
NM_001178222.1	11	33	30	39	58	51	76	71	64	48.111111111111114
NM_001179717.1	8	18	35	39	51	49	64	80	89	48.111111111111114
NM_001178610.3	9	22	25	46	36	55	65	84	92	48.22222222222222
NM_001178347.1	16	22	22	41	56	51	75	68	84	48.333333333333336
NM_001183859.1	12	18	30	43	48	62	70	77	75	48.333333333333336
NM_001180084.1	10	23	28	32	46	60	74	73	89	48.333333333333336
NM_001181499.3	9	25	34	45	43	58	56	81	85	48.44444444444444
NM_001178742.1	9	14	27	42	53	51	72	74	95	48.55555555555556
NM_001180167.1	11	25	25	39	45	61	70	68	93	48.55555555555556
NM_001181769.1	13	23	29	39	48	54	77	77	78	48.666666666666664
NM_001182890.1	9	16	22	41	59	56	62	80	93	48.666666666666664
NM_001183112.1	5	17	26	30	50	68	72	82	88	48.666666666666664
NM_001182990.1	9	22	28	30	56	53	64	87	90	48.77777777777778
NM_001178925.1	7	18	37	44	41	63	65	78	86	48.77777777777778
NM_001180067.3	6	12	33	31	48	63	71	75	100	48.77777777777778
NM_001183355.1	11	20	22	32	48	56	72	86	93	48.888888888888886
NM_001183286.1	8	25	30	48	42	58	70	78	81	48.888888888888886
NM_001181237.1	10	20	24	39	49	51	72	81	94	48.888888888888886
NM_001182474.1	10	28	25	41	55	65	71	69	77	49.0
NM_001181050.1	9	24	25	36	54	53	66	85	89	49.0
NM_001178674.1	6	24	24	34	45	61	66	81	100	49.0
NM_001178692.1	7	15	35	50	48	57	66	75	88	49.0
NM_001178705.1	10	26	33	35	45	57	64	88	84	49.111111111111114
NM_001181029.1	9	22	27	44	47	58	67	76	92	49.111111111111114
NM_001183400.1	11	18	34	38	55	55	59	76	96	49.111111111111114
NM_001181285.1	12	21	20	42	45	53	71	85	94	49.22222222222222
NM_001180102.1	10	20	31	30	52	67	72	71	90	49.22222222222222
NM_001181792.3	9	22	30	43	45	54	61	82	97	49.22222222222222
NM_001182892.3	8	17	25	34	51	61	78	80	90	49.333333333333336
NM_001184455.1	10	16	44	38	57	49	60	80	91	49.44444444444444
NM_001178159.1	9	18	32	43	56	57	67	77	86	49.44444444444444
NM_001184217.1	7	18	26	42	51	55	71	86	89	49.44444444444444
NM_001183620.3	11	20	33	47	40	46	86	78	84	49.44444444444444
NM_001180832.3	8	18	33	36	46	66	73	79	87	49.55555555555556
NM_001178523.1	12	25	37	40	51	53	66	78	84	49.55555555555556
NM_001180447.3	13	20	36	48	47	60	66	76	80	49.55555555555556
NM_001183129.1	7	20	31	33	49	58	71	85	92	49.55555555555556
NM_001182673.1	16	18	30	27	40	68	69	87	92	49.666666666666664
NM_001184238.1	11	20	26	43	48	57	72	73	97	49.666666666666664
NM_001181028.1	10	21	28	42	43	61	76	78	88	49.666666666666664
NM_001181153.3	8	27	31	43	59	58	59	86	77	49.77777777777778
NM_001180398.1	11	16	30	44	56	59	75	73	84	49.77777777777778
NM_001179166.1	10	20	37	45	57	58	61	82	78	49.77777777777778
NM_001183562.1	7	19	27	38	44	64	73	84	92	49.77777777777778
NM_001184192.1	12	15	35	42	50	53	65	80	97	49.888888888888886
NM_001181701.1	7	17	31	38	50	59	72	69	106	49.888888888888886
NM_001179941.1	8	15	29	42	42	61	70	92	90	49.888888888888886
NM_001184257.1	9	15	27	34	53	59	78	79	96	50.0
NM_001182421.1	4	21	38	37	47	54	67	94	88	50.0
NM_001184219.1	6	12	34	39	47	64	67	86	95	50.0
NM_001179657.1	7	22	32	36	39	60	77	87	90	50.0
NM_001179189.1	14	19	28	31	58	70	72	76	83	50.111111111111114
NM_001183888.1	11	22	31	37	44	63	70	83	90	50.111111111111114
NM_001182600.1	8	22	32	49	49	52	68	73	98	50.111111111111114
NM_001179455.1	10	23	25	40	55	72	73	66	87	50.111111111111114
NM_001182140.1	9	30	29	38	41	59	67	87	92	50.22222222222222
NM_001178558.1	13	19	31	46	52	61	73	66	91	50.22222222222222
NM_001179836.3	10	16	26	41	50	63	68	82	96	50.22222222222222
NM_001178517.1	10	16	29	45	61	56	68	80	88	50.333333333333336
NM_001180060.3	7	16	22	42	41	68	79	89	89	50.333333333333336
NM_001183455.1	9	21	36	40	53	59	79	71	85	50.333333333333336
NM_001179498.1	7	24	26	44	48	58	72	82	93	50.44444444444444
NM_001180182.1	7	29	29	41	53	64	69	74	88	50.44444444444444
NM_001179275.1	6	19	28	40	51	66	66	85	93	50.44444444444444
NM_001181453.3	15	16	30	45	44	54	78	77	96	50.55555555555556
NM_001180313.1	7	20	27	45	56	63	65	78	95	50.666666666666664
NM_001180751.3	10	24	25	35	43	66	76	85	92	50.666666666666664
NM_001178343.1	15	17	31	39	64	55	60	76	99	50.666666666666664
NM_001179353.1	11	17	38	38	48	47	66	91	100	50.666666666666664
NM_001181380.3	8	22	32	38	55	66	71	76	88	50.666666666666664
NM_001180104.1	9	20	22	38	45	65	81	89	88	50.77777777777778
NM_001182732.1	13	19	29	41	44	56	78	80	98	50.888888888888886
NM_001183271.1	10	16	39	35	53	62	76	77	90	50.888888888888886
NM_001181299.1	7	27	29	40	41	63	73	87	91	50.888888888888886
NM_001183186.1	17	31	23	50	48	61	70	73	85	50.888888888888886
NM_001179800.3	8	18	33	40	44	60	66	88	101	50.888888888888886
NM_001182914.1	8	20	33	48	38	63	62	90	96	50.888888888888886
NM_001181295.1	15	19	29	38	40	65	68	84	100	50.888888888888886
NM_001182041.1	14	22	25	49	48	69	69	83	80	51.0
NM_001178543.1	13	19	31	34	43	68	68	93	90	51.0
NM_001179354.3	10	17	36	39	48	57	64	93	95	51.0
NM_001179889.3	12	26	33	37	53	55	76	74	94	51.111111111111114
NM_001180724.1	10	18	35	39	49	65	70	89	85	51.111111111111114
NM_001180383.1	10	17	38	39	45	59	79	75	99	51.22222222222222
NM_001180240.1	5	19	37	37	54	78	63	78	90	51.22222222222222
NM_001180267.1	10	21	34	39	48	68	73	82	86	51.22222222222222
NM_001180867.1	8	21	39	48	53	50	79	83	80	51.22222222222222
NM_001181160.1	7	17	26	44	51	63	77	82	94	51.22222222222222
NM_001184325.1	10	23	32	53	56	45	71	82	90	51.333333333333336
NM_001179797.1	12	23	29	41	42	62	79	83	91	51.333333333333336
NM_001180421.3	7	20	27	44	43	68	81	77	95	51.333333333333336
NM_001178337.2	8	23	32	37	53	72	65	81	91	51.333333333333336
NM_001179945.1	13	14	29	46	48	62	73	85	93	51.44444444444444
NM_001181484.1	12	27	39	40	52	55	70	76	92	51.44444444444444
NM_001182638.1	13	15	28	47	47	63	72	80	98	51.44444444444444
NM_001180744.1	13	22	32	37	58	67	62	76	97	51.55555555555556
NM_001180089.1	8	17	35	39	50	64	72	79	100	51.55555555555556
NM_001178451.1	9	21	27	46	68	65	65	72	91	51.55555555555556
NM_001183825.1	10	20	31	49	48	76	69	84	77	51.55555555555556
NM_001181089.1	9	22	28	47	59	75	71	77	77	51.666666666666664
NM_001183466.1	12	17	28	38	51	63	67	91	98	51.666666666666664
NM_001183154.1	8	22	36	35	57	55	72	87	93	51.666666666666664
NM_001179532.3	9	21	24	37	55	57	80	89	93	51.666666666666664
NM_001179784.1	10	13	41	42	47	60	75	75	102	51.666666666666664
NM_001181263.3	10	22	37	22	54	60	67	88	106	51.77777777777778
NM_001183320.1	14	19	26	45	44	77	70	75	96	51.77777777777778
NM_001183871.1	12	20	31	37	53	62	70	87	94	51.77777777777778
NM_001178445.2	6	13	30	43	50	65	77	96	87	51.888888888888886
NM_001183489.1	11	17	33	48	45	56	87	77	93	51.888888888888886
NM_001178524.3	3	13	26	44	54	67	74	97	90	52.0
NM_001181306.1	13	28	25	34	60	66	70	84	88	52.0
NM_001181597.2	6	20	34	47	42	63	77	83	97	52.111111111111114
NM_001182703.1	9	16	34	42	46	58	74	91	100	52.22222222222222
NM_001184522.3	12	16	36	41	62	62	75	68	98	52.22222222222222
NM_001181007.1	11	22	28	33	49	67	81	80	99	52.22222222222222
NM_001178581.3	9	17	29	48	53	60	70	91	93	52.22222222222222
NM_001181855.1	10	25	26	37	54	57	74	89	99	52.333333333333336
NM_001180416.3	10	17	36	51	56	70	67	76	88	52.333333333333336
NM_001180329.3	12	26	31	41	54	59	76	70	102	52.333333333333336
NM_001179089.1	7	15	39	48	48	51	83	83	98	52.44444444444444
NM_001182762.1	11	25	30	40	52	66	72	85	91	52.44444444444444
NM_001183664.1	12	19	30	43	51	66	80	81	90	52.44444444444444
NM_001178792.1	9	23	34	41	50	56	78	81	100	52.44444444444444
NM_001178683.1	15	22	29	36	44	65	76	88	97	52.44444444444444
NM_001183655.1	12	21	26	51	50	66	68	91	88	52.55555555555556
NM_001179323.1	6	29	29	49	52	65	68	89	86	52.55555555555556
NM_001179571.3	15	17	35	41	45	71	71	84	94	52.55555555555556
NM_001181075.1	9	20	25	49	47	71	70	86	96	52.55555555555556
NM_001180061.3	12	20	39	37	46	64	86	79	90	52.55555555555556
NM_001182343.3	12	21	30	33	41	60	82	95	100	52.666666666666664
NM_001182824.1	11	22	34	48	53	51	69	84	102	52.666666666666664
NM_001181878.1	11	26	26	46	45	49	73	93	105	52.666666666666664
NM_001183815.1	10	18	39	35	53	62	81	83	93	52.666666666666664
NM_001181826.1	12	19	26	40	51	63	69	90	105	52.77777777777778
NM_001179417.1	9	24	31	42	58	66	69	83	93	52.77777777777778
NM_001180377.3	12	23	34	37	53	72	72	84	88	52.77777777777778
NM_001179188.1	15	18	34	42	45	68	72	89	92	52.77777777777778
NM_001178868.3	8	21	32	37	61	65	81	78	92	52.77777777777778
NM_001180186.1	12	15	31	36	55	66	77	77	107	52.888888888888886
NM_001183267.1	11	19	37	39	63	52	68	93	94	52.888888888888886
NM_001179286.1	13	23	31	41	55	65	65	95	88	52.888888888888886
NM_001178734.1	16	22	27	40	57	58	68	86	102	52.888888888888886
NM_001181532.1	8	23	37	42	45	75	75	77	94	52.888888888888886
NM_001183095.1	13	19	28	45	56	64	73	83	96	53.0
NM_001182760.1	12	21	27	54	49	53	68	81	112	53.0
NM_001183537.1	9	23	28	40	56	60	75	90	97	53.111111111111114
NM_001182482.1	12	20	32	47	49	62	71	85	100	53.111111111111114
NM_001182716.1	3	16	41	46	60	69	75	70	98	53.111111111111114
NM_001180743.1	13	22	35	43	59	66	76	89	76	53.22222222222222
NM_001178295.1	7	22	41	49	41	64	81	83	91	53.22222222222222
NM_001179529.3	13	15	32	41	48	68	75	92	95	53.22222222222222
NM_001183282.1	16	20	29	43	52	71	74	84	90	53.22222222222222
NM_001181852.1	6	20	37	43	55	70	68	86	95	53.333333333333336
NM_001180530.1	13	21	27	52	64	49	81	78	95	53.333333333333336
NM_001182933.1	11	22	33	40	50	63	69	100	92	53.333333333333336
NM_001180537.3	10	19	35	42	59	60	87	82	87	53.44444444444444
NM_001183663.3	13	20	32	45	53	59	77	85	98	53.55555555555556
NM_001181908.1	8	19	38	43	45	62	78	82	107	53.55555555555556
NM_001182250.1	15	23	29	39	48	62	81	88	97	53.55555555555556
NM_001179519.1	10	29	23	39	50	67	71	89	104	53.55555555555556
NM_001183727.1	9	20	30	49	48	66	74	87	100	53.666666666666664
NM_001183559.4	9	20	38	43	54	55	74	86	104	53.666666666666664
NM_001182734.1	6	28	31	40	53	69	78	87	92	53.77777777777778
NM_001184038.2	8	19	38	45	56	71	68	82	97	53.77777777777778
NM_001181142.1	8	18	28	47	62	64	83	80	94	53.77777777777778
NM_001179811.4	11	23	28	49	45	53	72	103	100	53.77777777777778
NM_001184007.1	19	19	30	35	54	64	77	91	95	53.77777777777778
NM_001183060.1	11	24	27	42	54	69	69	86	102	53.77777777777778
NM_001179064.3	14	18	33	54	50	56	78	83	99	53.888888888888886
NM_001179813.3	10	11	29	42	60	64	68	96	105	53.888888888888886
NM_001182091.1	11	20	37	47	54	79	71	64	102	53.888888888888886
NM_001183964.1	16	22	34	45	52	73	83	75	85	53.888888888888886
NM_001183091.1	14	21	33	32	65	62	78	82	99	54.0
NM_001182423.1	6	22	36	41	49	71	82	78	101	54.0
NM_001183121.1	15	20	29	39	55	71	71	83	103	54.0
NM_001180101.1	13	23	29	29	59	66	75	93	99	54.0
NM_001180521.1	12	18	37	40	55	66	88	79	91	54.0
NM_001180951.3	13	19	36	40	50	62	85	81	101	54.111111111111114
NM_001181655.1	10	30	25	39	50	67	71	90	106	54.22222222222222
NM_001178579.3	4	26	30	45	53	67	78	86	99	54.22222222222222
NM_001181045.1	15	22	32	39	59	65	80	81	95	54.22222222222222
NM_001183002.1	13	18	43	32	53	72	73	94	90	54.22222222222222
NM_001184081.1	15	22	35	44	57	65	78	82	90	54.22222222222222
NM_001178938.1	12	21	35	46	62	72	64	86	91	54.333333333333336
NM_001179599.1	15	24	27	42	51	72	68	88	102	54.333333333333336
NM_001182113.1	9	30	30	35	51	60	81	81	112	54.333333333333336
NM_001184255.1	11	21	35	41	61	59	79	88	94	54.333333333333336
NM_001179877.1	15	17	30	53	42	60	77	98	98	54.44444444444444
NM_001182264.3	10	22	34	53	52	59	67	91	102	54.44444444444444
NM_001179557.3	13	23	40	41	51	55	69	91	107	54.44444444444444
NM_001184058.1	19	25	32	51	56	56	77	75	99	54.44444444444444
NM_001178696.1	9	20	41	37	58	54	71	88	113	54.55555555555556
NM_001178787.1	12	17	30	48	65	61	82	86	90	54.55555555555556
NM_001179019.3	11	17	34	52	61	69	86	71	90	54.55555555555556
NM_001179608.3	15	21	33	49	49	53	80	90	102	54.666666666666664
NM_001178378.1	7	27	27	43	65	62	75	82	105	54.77777777777778
NM_001178350.1	12	23	32	41	55	66	78	88	98	54.77777777777778
NM_001182571.1	14	25	38	44	53	73	76	80	90	54.77777777777778
NM_001179524.1	11	17	31	39	53	74	82	84	102	54.77777777777778
NM_001180404.1	16	16	29	56	49	54	79	91	103	54.77777777777778
NM_001179721.1	9	18	34	46	58	61	96	87	84	54.77777777777778
NM_001182102.1	13	21	35	40	49	69	89	82	96	54.888888888888886
NM_001179444.1	5	19	37	55	59	64	77	92	87	55.0
NM_001183884.1	13	21	39	41	61	59	85	90	86	55.0
NM_001179609.1	13	24	28	40	57	72	75	85	101	55.0
NM_001178681.1	13	25	34	51	56	68	74	79	95	55.0
NM_001182078.1	12	30	39	45	56	66	74	85	89	55.111111111111114
NM_001181960.1	13	25	26	51	58	67	87	80	89	55.111111111111114
NM_001180454.3	16	15	25	44	67	66	70	98	96	55.22222222222222
NM_001184273.1	14	31	32	56	56	64	72	81	91	55.22222222222222
NM_001184027.1	7	19	35	46	53	53	87	88	109	55.22222222222222
NM_001179103.1	9	23	36	47	54	68	76	77	107	55.22222222222222
NM_001182505.1	12	22	38	44	48	48	81	98	106	55.22222222222222
NM_001183969.1	10	22	37	47	60	67	75	81	99	55.333333333333336
NM_001182702.1	10	16	26	51	55	65	86	94	95	55.333333333333336
NM_001179216.1	8	20	40	43	61	61	71	80	114	55.333333333333336
NM_001178716.1	11	21	37	33	50	61	89	84	112	55.333333333333336
NM_001182944.1	16	27	25	44	68	60	70	88	100	55.333333333333336
NM_001184259.1	13	14	32	47	61	65	79	86	101	55.333333333333336
NM_001178844.1	7	22	32	45	62	69	75	83	104	55.44444444444444
NM_001183836.1	12	24	26	41	58	71	80	76	111	55.44444444444444
NM_001184115.1	10	25	30	48	67	59	78	92	90	55.44444444444444
NM_001180736.3	10	18	32	39	56	69	78	94	103	55.44444444444444
NM_001179248.1	13	16	24	47	60	59	86	101	94	55.55555555555556
NM_001183147.1	10	25	36	44	49	59	86	91	101	55.666666666666664
NM_001181020.1	12	20	34	44	62	61	71	87	111	55.77777777777778
NM_001180778.2	6	25	36	40	60	65	72	87	111	55.77777777777778
NM_001180756.3	16	17	33	40	51	69	89	88	99	55.77777777777778
NM_001179501.1	12	17	31	42	64	72	77	90	97	55.77777777777778
NM_001183158.1	12	26	43	37	53	62	79	89	102	55.888888888888886
NM_001178200.1	12	26	30	49	67	61	80	89	90	56.0
NM_001183080.1	10	22	46	55	54	65	83	71	98	56.0
NM_001179170.1	10	23	30	43	59	61	84	86	108	56.0
NM_001179942.1	14	18	32	58	59	71	73	90	89	56.0
NM_001183513.1	14	23	34	41	55	57	93	92	95	56.0
NM_001182017.1	8	24	36	52	59	70	75	87	93	56.0
NM_001183454.1	7	15	39	48	65	74	83	93	81	56.111111111111114
NM_001178935.1	14	22	30	53	47	68	70	93	108	56.111111111111114
NM_001180687.1	12	21	34	45	55	75	75	93	96	56.22222222222222
NM_001178326.1	7	32	30	45	43	70	81	92	106	56.22222222222222
NM_001182649.2	5	21	31	45	63	67	86	91	99	56.44444444444444
NM_001184528.1	11	23	30	45	61	60	83	93	102	56.44444444444444
NM_001180975.1	14	20	33	40	64	69	75	96	98	56.55555555555556
NM_001180315.3	11	25	36	45	60	66	83	83	100	56.55555555555556
NM_001179109.1	10	24	46	42	53	61	81	97	95	56.55555555555556
NM_001182700.1	11	23	33	42	54	76	74	99	97	56.55555555555556
NM_001184484.1	17	21	31	47	59	60	88	88	99	56.666666666666664
NM_001184647.4	14	18	27	44	45	83	77	102	101	56.77777777777778
NM_001182456.1	12	19	37	50	59	58	86	90	100	56.77777777777778
NM_001179998.3	16	19	30	36	73	71	76	93	97	56.77777777777778
NM_001181131.1	3	30	36	38	52	79	82	84	108	56.888888888888886
NM_001179581.1	5	21	47	45	57	77	73	88	99	56.888888888888886
NM_001179211.1	9	18	30	41	64	65	82	92	111	56.888888888888886
NM_001183311.1	16	23	30	53	50	66	78	98	98	56.888888888888886
NM_001181132.1	14	28	39	43	52	67	81	91	97	56.888888888888886
NM_001180504.3	10	18	37	41	56	75	78	96	102	57.0
NM_001181352.1	16	22	26	49	56	69	78	92	106	57.111111111111114
NM_001179164.1	15	22	39	44	57	68	81	97	91	57.111111111111114
NM_001180599.3	12	25	33	40	59	69	89	90	98	57.22222222222222
NM_001179638.1	11	22	30	46	52	65	93	98	98	57.22222222222222
NM_001182529.1	8	26	32	40	59	65	85	90	110	57.22222222222222
NM_001184470.3	15	25	39	38	60	71	76	91	100	57.22222222222222
NM_001182964.1	10	20	39	47	58	66	81	89	106	57.333333333333336
NM_001183966.1	10	24	35	45	66	67	80	84	105	57.333333333333336
NM_001182484.1	8	18	35	52	54	72	89	91	97	57.333333333333336
NM_001182420.1	8	22	37	46	60	62	87	76	119	57.44444444444444
NM_001183975.1	9	24	31	42	57	73	84	92	105	57.44444444444444
NM_001178931.3	16	16	32	43	62	61	81	103	103	57.44444444444444
NM_001183332.1	10	20	29	42	61	71	77	95	113	57.55555555555556
NM_001182165.1	16	21	30	40	63	75	82	85	106	57.55555555555556
NM_001183343.1	9	28	33	44	66	84	78	84	93	57.666666666666664
NM_001180263.1	9	38	31	39	61	70	83	92	96	57.666666666666664
NM_001180132.1	10	27	32	35	55	63	88	102	107	57.666666666666664
NM_001182730.1	15	18	40	41	56	68	85	93	103	57.666666666666664
NM_001181636.1	18	27	35	46	57	66	76	90	104	57.666666666666664
NM_001180768.3	12	24	33	47	54	79	77	94	100	57.77777777777778
NM_001182080.1	13	17	38	47	66	69	78	96	97	57.888888888888886
NM_001182960.1	12	26	38	37	65	69	76	96	102	57.888888888888886
NM_001178248.2	10	24	35	50	49	72	76	104	101	57.888888888888886
NM_001182441.1	15	21	34	48	60	64	79	83	117	57.888888888888886
NM_001183148.1	17	23	33	48	58	72	70	90	111	58.0
NM_001181888.1	11	26	33	43	63	79	80	88	99	58.0
NM_001179504.1	11	29	40	64	66	61	72	80	99	58.0
NM_001181133.1	6	19	33	46	65	75	75	97	106	58.0
NM_001180136.1	19	17	33	51	63	64	77	100	98	58.0
NM_001178286.1	9	23	27	42	59	68	86	91	118	58.111111111111114
NM_001182697.1	9	21	41	46	56	61	79	102	108	58.111111111111114
NM_001181081.1	14	19	41	39	53	72	87	91	107	58.111111111111114
NM_001183065.1	12	16	35	44	54	75	86	97	105	58.22222222222222
NM_001183437.1	10	25	42	53	50	62	88	88	106	58.22222222222222
NM_001179053.3	11	26	40	46	58	70	85	91	98	58.333333333333336
NM_001179292.1	10	24	40	50	70	56	88	91	96	58.333333333333336
NM_001183111.1	13	17	37	37	62	76	92	91	100	58.333333333333336
NM_001178443.1	10	32	32	48	68	61	90	88	96	58.333333333333336
NM_001179295.1	10	21	47	46	56	56	72	112	105	58.333333333333336
NM_001182967.1	10	31	34	46	65	62	89	92	97	58.44444444444444
NM_001179492.3	16	18	31	39	75	75	78	99	95	58.44444444444444
NM_001181796.2	8	20	31	48	59	81	69	98	113	58.55555555555556
NM_001182124.1	12	17	38	53	60	63	86	98	100	58.55555555555556
NM_001181902.1	15	31	32	47	57	77	86	91	92	58.666666666666664
NM_001182388.1	9	20	35	63	57	67	77	95	105	58.666666666666664
NM_001179242.1	8	26	41	40	55	56	87	98	118	58.77777777777778
NM_001179618.1	13	27	39	54	54	67	85	93	97	58.77777777777778
NM_001178620.3	11	18	39	55	62	64	77	103	100	58.77777777777778
NM_001182115.1	15	20	43	40	63	67	84	94	103	58.77777777777778
NM_001180077.1	13	25	30	49	57	71	85	99	101	58.888888888888886
NM_001181463.1	12	22	33	45	54	61	90	89	124	58.888888888888886
NM_001183031.2	10	29	33	42	55	55	91	95	120	58.888888888888886
NM_001180901.1	13	21	31	51	64	72	78	96	104	58.888888888888886
NM_001180882.1	13	37	34	44	50	73	81	102	96	58.888888888888886
NM_001181271.3	15	32	35	45	55	58	91	95	105	59.0
NM_001178540.1	20	32	42	32	60	74	82	87	103	59.111111111111114
NM_001178697.1	15	29	35	44	58	63	90	93	105	59.111111111111114
NM_001182013.1	8	30	29	43	41	81	92	102	106	59.111111111111114
NM_001183544.1	13	18	38	50	55	73	76	95	115	59.22222222222222
NM_001179022.3	8	20	36	45	57	64	87	97	119	59.22222222222222
NM_001183971.1	11	20	35	50	61	77	70	96	114	59.333333333333336
NM_001180290.1	10	30	32	53	47	72	88	104	98	59.333333333333336
NM_001184137.1	7	19	35	36	60	69	90	103	115	59.333333333333336
NM_001178352.2	12	21	44	43	57	70	88	97	102	59.333333333333336
NM_001182615.1	12	30	35	48	60	67	78	92	112	59.333333333333336
NM_001180436.3	10	28	36	46	53	78	70	93	120	59.333333333333336
NM_001178330.1	11	26	40	39	57	69	82	105	105	59.333333333333336
NM_001180774.1	12	19	49	48	53	71	80	90	113	59.44444444444444
NM_001182252.3	13	24	33	56	57	66	91	98	97	59.44444444444444
NM_001183511.1	15	22	41	46	55	90	77	96	94	59.55555555555556
NM_001183955.1	12	25	33	58	52	75	98	89	94	59.55555555555556
NM_001180235.1	18	29	28	47	53	66	89	93	113	59.55555555555556
NM_001179890.1	12	17	31	50	71	59	72	110	114	59.55555555555556
NM_001182162.1	5	28	37	47	60	73	94	87	105	59.55555555555556
NM_001183322.1	8	21	27	50	58	68	99	101	104	59.55555555555556
NM_001182076.1	12	22	40	36	67	67	92	89	111	59.55555555555556
NM_001181025.1	16	18	38	49	57	77	91	98	93	59.666666666666664
NM_001184191.1	12	28	32	41	61	77	89	93	104	59.666666666666664
NM_001182457.1	7	20	38	60	56	66	83	92	115	59.666666666666664
NM_001178896.3	11	29	38	58	55	81	75	98	93	59.77777777777778
NM_001179523.1	12	20	38	49	60	70	83	98	109	59.888888888888886
NM_001180094.1	16	25	38	42	50	77	80	92	119	59.888888888888886
NM_001182780.1	17	29	35	49	59	78	76	86	110	59.888888888888886
NM_001178481.1	15	22	29	46	60	71	84	103	109	59.888888888888886
NM_001181445.2	12	28	37	43	59	69	79	102	111	60.0
NM_001184017.1	15	28	39	54	58	76	74	82	114	60.0
NM_001182034.1	14	19	26	60	59	72	90	93	107	60.0
NM_001178926.3	10	27	32	38	66	77	70	110	110	60.0
NM_001183914.1	7	17	40	45	63	78	88	92	110	60.0
NM_001178905.1	9	23	40	45	61	74	82	92	115	60.111111111111114
NM_001178221.1	11	22	34	41	63	65	79	107	119	60.111111111111114
NM_001184176.1	11	26	44	47	50	72	79	102	110	60.111111111111114
NM_001182765.1	9	15	34	49	57	70	88	108	112	60.22222222222222
NM_001181213.3	9	28	36	51	64	71	84	92	107	60.22222222222222
NM_001181137.1	13	19	37	43	64	78	81	105	102	60.22222222222222
NM_001180732.1	11	19	38	54	52	80	82	97	109	60.22222222222222
NM_001183869.1	13	20	45	44	59	70	78	97	117	60.333333333333336
NM_001182605.1	7	24	37	53	62	69	86	98	107	60.333333333333336
NM_001181201.1	6	24	32	44	63	76	94	91	113	60.333333333333336
NM_001181824.1	13	29	38	43	58	68	89	104	101	60.333333333333336
NM_001178260.1	7	21	38	54	56	75	86	100	107	60.44444444444444
NM_001180616.3	11	26	36	48	56	72	80	112	104	60.55555555555556
NM_001182390.1	10	29	41	51	54	66	72	107	115	60.55555555555556
NM_001180670.1	13	27	33	38	58	79	90	100	107	60.55555555555556
NM_001180527.3	10	31	42	49	62	64	76	102	110	60.666666666666664
NM_001179100.1	13	28	47	55	49	67	86	108	93	60.666666666666664
NM_001181660.1	8	26	37	55	66	77	78	96	105	60.888888888888886
NM_001180667.3	16	26	28	47	62	75	84	102	108	60.888888888888886
NM_001182774.1	8	26	45	46	66	50	93	104	110	60.888888888888886
NM_001182403.1	11	24	28	47	58	74	81	104	121	60.888888888888886
NM_001183014.2	17	27	40	45	65	82	83	92	97	60.888888888888886
NM_001180731.3	8	32	32	48	54	69	92	105	109	61.0
NM_001179671.1	16	28	38	45	57	79	82	102	103	61.111111111111114
NM_001179569.3	9	25	42	40	62	76	88	96	112	61.111111111111114
NM_001183924.1	14	23	40	43	54	81	80	108	108	61.22222222222222
NM_001181720.3	14	25	47	51	52	88	75	87	112	61.22222222222222
NM_001183534.3	11	37	30	49	59	74	100	84	107	61.22222222222222
NM_001180536.3	7	30	36	58	62	66	87	103	102	61.22222222222222
NM_001183402.1	12	21	39	47	71	67	96	101	98	61.333333333333336
NM_001179059.1	12	24	36	70	58	73	72	97	110	61.333333333333336
NM_001183200.1	10	17	39	61	63	73	82	99	108	61.333333333333336
NM_001180335.1	13	23	39	45	64	72	87	97	112	61.333333333333336
NM_001180642.1	10	25	42	42	73	68	86	102	105	61.44444444444444
NM_001184268.1	15	19	40	56	55	67	95	94	113	61.55555555555556
NM_001183650.1	6	26	38	52	52	75	83	113	109	61.55555555555556
NM_001181955.1	11	29	27	42	50	95	87	113	100	61.55555555555556
NM_001180554.3	12	28	38	51	57	75	91	93	110	61.666666666666664
NM_001180300.2	15	26	38	49	65	74	87	101	101	61.77777777777778
NM_001182746.1	8	22	29	51	77	78	78	104	109	61.77777777777778
NM_001180603.3	15	19	42	48	55	75	90	102	110	61.77777777777778
NM_001183495.1	10	19	33	44	67	83	85	107	108	61.77777777777778
NM_001181170.3	12	26	45	52	65	78	83	91	104	61.77777777777778
NM_001184689.1	12	35	33	36	63	70	86	104	117	61.77777777777778
NM_001183652.1	21	21	38	53	56	74	84	99	111	61.888888888888886
NM_001184122.1	14	23	43	41	71	65	91	104	105	61.888888888888886
NM_001183272.1	13	30	33	52	62	75	92	86	114	61.888888888888886
NM_001181084.1	13	21	46	54	60	77	94	90	102	61.888888888888886
NM_001184153.1	13	23	37	51	64	66	88	104	111	61.888888888888886
NM_001182965.3	4	32	39	54	64	69	97	107	91	61.888888888888886
NM_001181498.1	7	28	33	62	59	74	77	114	103	61.888888888888886
NM_001178410.1	12	22	41	43	63	78	80	100	119	62.0
NM_001180984.1	15	26	36	37	57	67	103	101	117	62.111111111111114
NM_001183023.1	10	25	35	42	76	67	98	92	114	62.111111111111114
NM_001179705.1	13	16	43	48	52	72	91	105	119	62.111111111111114
NM_001181366.1	16	24	40	40	61	74	90	104	111	62.22222222222222
NM_001182895.3	8	26	35	54	58	84	84	102	109	62.22222222222222
NM_001180551.3	13	22	29	56	58	76	80	118	109	62.333333333333336
NM_001178657.1	12	19	21	59	55	90	113	94	98	62.333333333333336
NM_001180013.1	12	18	40	53	54	74	95	98	117	62.333333333333336
NM_001183773.3	14	25	43	43	65	78	81	93	119	62.333333333333336
NM_001182903.3	9	31	42	63	54	72	75	104	111	62.333333333333336
NM_001178452.3	14	23	41	54	62	85	96	74	113	62.44444444444444
NM_001180802.3	11	24	35	46	74	70	91	100	111	62.44444444444444
NM_001183005.1	6	22	46	54	64	80	80	97	114	62.55555555555556
NM_001180684.3	13	20	32	48	68	72	98	91	121	62.55555555555556
NM_001183750.1	11	31	30	51	61	80	87	105	108	62.666666666666664
NM_001183529.1	15	17	32	55	55	77	89	109	116	62.77777777777778
NM_001179039.1	16	25	39	44	68	72	78	114	109	62.77777777777778
NM_001179441.3	15	27	40	58	55	61	91	106	112	62.77777777777778
NM_001183692.1	12	20	40	49	60	92	83	90	119	62.77777777777778
NM_001178583.3	13	31	54	38	56	70	78	109	117	62.888888888888886
NM_001182411.1	11	27	40	52	68	81	83	104	100	62.888888888888886
NM_001178527.1	9	22	51	48	57	71	96	101	111	62.888888888888886
NM_001179443.1	6	15	44	54	63	71	88	102	123	62.888888888888886
NM_001183321.1	14	26	37	50	68	83	99	84	106	63.0
NM_001182003.1	10	28	36	50	63	72	98	93	117	63.0
NM_001179171.1	18	25	35	49	61	86	86	96	111	63.0
NM_001184010.1	10	27	43	54	61	71	79	103	120	63.111111111111114
NM_001183484.1	13	30	43	49	72	65	81	102	113	63.111111111111114
NM_001180004.3	18	24	35	45	70	74	92	96	114	63.111111111111114
NM_001181139.1	15	30	41	60	58	72	76	107	109	63.111111111111114
NM_001180633.1	16	22	39	52	63	76	87	96	117	63.111111111111114
NM_001182845.3	13	28	33	51	70	65	83	110	116	63.22222222222222
NM_001180991.3	9	25	38	54	59	83	87	106	108	63.22222222222222
NM_001181362.3	15	28	39	49	65	62	86	102	123	63.22222222222222
NM_001182127.1	17	19	38	40	74	71	99	90	122	63.333333333333336
NM_001179876.3	9	28	38	54	54	82	89	97	119	63.333333333333336
NM_001182619.1	13	24	34	64	55	87	70	100	124	63.44444444444444
NM_001180466.3	11	25	35	49	62	62	111	102	114	63.44444444444444
NM_001182675.1	14	23	44	41	54	79	96	110	111	63.55555555555556
NM_001182642.1	16	28	40	50	61	72	82	105	119	63.666666666666664
NM_001181910.1	7	17	28	50	65	74	100	99	133	63.666666666666664
NM_001181006.1	16	21	47	61	63	75	82	101	108	63.77777777777778
NM_001178344.1	13	21	47	56	63	70	96	99	110	63.888888888888886
NM_001183930.1	19	22	44	44	69	64	91	96	127	64.0
NM_001182330.3	17	15	45	54	57	91	95	98	104	64.0
NM_001183766.1	15	21	39	53	58	86	97	83	124	64.0
NM_001179965.1	10	27	38	58	70	81	85	95	112	64.0
NM_001183216.1	10	24	45	49	56	81	95	105	112	64.11111111111111
NM_001182796.1	16	29	42	45	59	78	94	97	118	64.22222222222223
NM_001183110.1	14	33	50	42	58	69	87	106	119	64.22222222222223
NM_001183512.1	9	25	44	42	68	82	84	116	109	64.33333333333333
NM_001178480.1	10	32	39	57	62	68	80	106	125	64.33333333333333
NM_001181233.3	13	27	29	45	71	82	95	101	116	64.33333333333333
NM_001179886.1	16	30	41	52	63	84	72	96	125	64.33333333333333
NM_001180065.3	11	23	44	46	70	79	81	97	128	64.33333333333333
NM_001178405.1	13	24	45	62	59	75	89	102	111	64.44444444444444
NM_001184105.1	19	30	36	34	73	99	81	105	103	64.44444444444444
NM_001179400.3	13	24	37	44	66	72	97	104	124	64.55555555555556
NM_001181671.1	9	23	38	46	66	83	87	98	132	64.66666666666667
NM_001180959.1	11	23	40	55	64	74	100	103	112	64.66666666666667
NM_001179706.1	17	30	37	46	69	72	97	101	113	64.66666666666667
NM_001180513.3	14	28	47	60	58	72	92	90	121	64.66666666666667
NM_001183706.1	16	20	38	49	70	82	92	98	120	65.0
NM_001180376.3	18	25	44	52	65	72	91	107	111	65.0
NM_001179128.1	14	27	28	39	73	65	100	114	125	65.0
NM_001183791.3	26	20	47	54	59	76	92	94	117	65.0
NM_001179373.1	18	35	30	55	73	78	75	103	119	65.11111111111111
NM_001183285.1	16	20	40	49	59	84	92	111	115	65.11111111111111
NM_001178425.3	14	19	28	54	66	78	84	118	125	65.11111111111111
NM_001180365.3	18	26	36	43	55	91	107	100	111	65.22222222222223
NM_001184344.1	10	28	42	54	76	72	91	102	112	65.22222222222223
NM_001180597.1	8	24	47	54	66	83	95	113	98	65.33333333333333
NM_001179215.1	14	33	43	47	69	77	86	100	119	65.33333333333333
NM_001182631.1	11	29	43	50	62	80	93	108	112	65.33333333333333
NM_001178619.3	8	23	43	54	65	61	110	105	119	65.33333333333333
NM_001182251.1	12	28	39	45	75	90	83	99	118	65.44444444444444
NM_001184225.1	11	29	34	43	64	79	102	115	112	65.44444444444444
NM_001184261.1	14	19	43	52	65	77	97	102	121	65.55555555555556
NM_001183205.3	13	21	36	59	69	81	81	108	122	65.55555555555556
NM_001179979.2	11	19	44	44	63	93	101	101	115	65.66666666666667
NM_001181944.1	12	31	31	57	68	82	97	100	114	65.77777777777777
NM_001184453.1	16	29	33	53	71	75	94	101	121	65.88888888888889
NM_001179105.1	11	27	34	45	61	87	103	100	125	65.88888888888889
NM_001181272.3	15	22	37	51	75	90	93	95	116	66.0
NM_001182430.1	14	23	41	61	75	88	93	93	106	66.0
NM_001178798.1	13	23	33	52	65	85	96	117	110	66.0
NM_001180160.1	15	27	38	55	56	85	84	114	121	66.11111111111111
NM_001180836.3	17	23	39	50	59	74	80	127	126	66.11111111111111
NM_001181959.1	17	32	42	58	62	76	98	100	110	66.11111111111111
NM_001181528.1	14	17	42	48	70	74	107	102	122	66.22222222222223
NM_001183356.1	7	20	43	53	68	83	98	106	118	66.22222222222223
NM_001179763.1	16	35	36	49	75	69	90	103	123	66.22222222222223
NM_001178966.2	11	23	40	56	59	84	95	110	118	66.22222222222223
NM_001179003.3	10	22	41	54	60	91	89	118	112	66.33333333333333
NM_001183578.3	8	23	35	54	74	85	89	111	118	66.33333333333333
NM_001183390.1	15	26	43	68	67	75	100	91	112	66.33333333333333
NM_001181732.1	18	22	44	55	62	89	89	104	114	66.33333333333333
NM_001178781.1	10	29	35	50	71	84	86	123	109	66.33333333333333
NM_001182920.3	15	23	36	56	70	69	88	124	116	66.33333333333333
NM_001182450.1	12	29	37	46	73	74	90	110	127	66.44444444444444
NM_001180798.3	11	32	38	47	64	74	99	112	121	66.44444444444444
NM_001182284.3	14	25	35	60	73	74	97	105	115	66.44444444444444
NM_001178533.3	14	27	35	59	68	73	93	114	116	66.55555555555556
NM_001182661.1	14	24	50	53	65	80	96	101	116	66.55555555555556
NM_001178804.1	17	25	30	64	64	90	92	92	126	66.66666666666667
NM_001183936.1	13	14	40	55	61	84	92	126	115	66.66666666666667
NM_001183137.1	10	30	38	58	57	63	94	124	126	66.66666666666667
NM_001178969.1	13	23	35	34	60	91	94	117	134	66.77777777777777
NM_001183361.1	20	28	35	55	70	86	89	102	116	66.77777777777777
NM_001179983.1	13	22	43	50	59	86	91	106	131	66.77777777777777
NM_001179611.1	15	24	47	52	60	80	96	103	125	66.88888888888889
NM_001178590.1	15	26	45	46	66	89	88	109	118	66.88888888888889
NM_001182159.1	15	21	36	62	62	87	99	99	122	67.0
NM_001180793.3	8	23	47	50	81	64	95	120	115	67.0
NM_001178258.1	16	20	42	73	61	78	92	108	114	67.11111111111111
NM_001179990.1	8	22	35	68	66	84	91	114	116	67.11111111111111
NM_001184236.1	15	30	42	44	90	75	97	98	113	67.11111111111111
NM_001180766.1	9	21	36	48	75	81	84	120	131	67.22222222222223
NM_001181269.3	12	25	37	56	59	87	94	105	130	67.22222222222223
NM_001183718.1	8	29	34	64	62	94	92	101	121	67.22222222222223
NM_001180512.1	18	20	42	49	68	76	95	117	120	67.22222222222223
NM_001184440.1	14	20	49	44	64	88	90	120	117	67.33333333333333
NM_001180890.1	10	28	39	55	76	77	82	112	127	67.33333333333333
NM_001181785.3	9	29	39	57	70	76	89	122	116	67.44444444444444
NM_001181939.1	17	24	48	57	72	83	89	109	108	67.44444444444444
NM_001183103.1	15	24	48	43	68	69	98	119	124	67.55555555555556
NM_001179190.1	20	36	44	55	59	70	89	110	125	67.55555555555556
NM_001180115.1	17	24	40	46	67	83	93	117	121	67.55555555555556
NM_001180637.3	16	32	41	56	71	81	89	104	118	67.55555555555556
NM_001180478.1	8	29	47	54	69	70	98	109	124	67.55555555555556
NM_001184134.1	22	30	42	55	60	80	98	103	119	67.66666666666667
NM_001181527.1	12	23	41	44	67	85	88	120	129	67.66666666666667
NM_001182635.1	15	19	47	45	69	87	108	108	112	67.77777777777777
NM_001183716.4	13	27	45	53	67	71	88	119	127	67.77777777777777
NM_001179240.1	16	32	45	54	70	85	94	103	111	67.77777777777777
NM_001182419.1	15	26	33	57	64	92	96	117	110	67.77777777777777
NM_001184441.1	15	24	38	57	56	87	101	119	114	67.88888888888889
NM_001181230.1	16	34	37	58	68	76	88	107	128	68.0
NM_001179257.1	15	34	33	58	79	75	106	100	112	68.0
NM_001180966.1	13	30	27	64	70	81	95	103	130	68.11111111111111
NM_001183500.1	9	28	45	38	66	85	102	110	130	68.11111111111111
NM_001183577.1	10	31	36	63	72	75	99	108	120	68.22222222222223
NM_001183641.1	18	24	46	53	71	72	103	95	133	68.33333333333333
NM_001184202.1	11	24	42	50	61	93	108	107	121	68.55555555555556
NM_001178191.1	14	19	48	53	63	90	88	119	123	68.55555555555556
NM_001180847.1	19	27	46	52	65	83	97	113	115	68.55555555555556
NM_001181080.1	16	34	41	59	59	82	97	109	121	68.66666666666667
NM_001182641.1	15	22	40	55	71	70	98	113	136	68.88888888888889
NM_001183669.1	11	21	39	56	74	83	103	102	131	68.88888888888889
NM_001181589.1	10	33	38	60	63	87	96	102	131	68.88888888888889
NM_001181506.3	17	35	38	61	52	79	108	111	119	68.88888888888889
NM_001181375.1	10	30	37	56	62	90	99	116	120	68.88888888888889
NM_001182669.1	15	28	42	58	66	88	91	102	132	69.11111111111111
NM_001180064.3	18	25	38	51	67	80	107	111	125	69.11111111111111
NM_001180960.3	17	28	41	55	65	92	103	109	112	69.11111111111111
NM_001181518.1	8	22	38	52	65	97	99	116	125	69.11111111111111
NM_001181871.1	19	21	46	54	59	78	103	114	129	69.22222222222223
NM_001180369.3	17	25	35	59	79	75	96	103	134	69.22222222222223
NM_001183477.1	10	23	49	66	62	79	105	99	130	69.22222222222223
NM_001179986.1	8	27	45	55	57	79	90	138	126	69.44444444444444
NM_001182483.1	17	25	44	56	77	86	82	129	109	69.44444444444444
NM_001180174.1	13	30	43	59	78	81	93	107	121	69.44444444444444
NM_001182793.1	17	38	36	63	66	87	92	117	109	69.44444444444444
NM_001179047.1	12	28	42	53	67	88	108	103	125	69.55555555555556
NM_001183029.1	7	22	33	58	66	93	99	129	119	69.55555555555556
NM_001179653.1	8	33	38	61	68	90	109	103	116	69.55555555555556
NM_001178867.1	16	19	48	59	62	80	98	115	131	69.77777777777777
NM_001182995.1	12	32	37	54	69	92	99	105	128	69.77777777777777
NM_001183211.3	14	20	36	51	70	91	103	107	136	69.77777777777777
NM_001183699.1	17	21	39	60	62	96	87	118	128	69.77777777777777
NM_001182018.1	8	20	45	69	64	80	100	109	133	69.77777777777777
NM_001178246.1	20	30	40	59	62	92	88	109	128	69.77777777777777
NM_001181426.1	12	26	52	53	64	88	101	105	128	69.88888888888889
NM_001182691.1	14	31	46	58	60	82	98	112	128	69.88888888888889
NM_001184195.1	19	27	38	43	74	82	105	121	120	69.88888888888889
NM_001181346.3	13	40	37	71	62	94	82	110	120	69.88888888888889
NM_001182068.1	17	28	42	61	53	94	109	105	121	70.0
NM_001178184.1	19	25	51	62	64	80	101	110	118	70.0
NM_001178901.3	15	23	52	50	58	92	110	103	127	70.0
NM_001179497.3	15	33	37	39	75	83	95	120	134	70.11111111111111
NM_001181438.1	15	32	45	49	73	81	100	113	123	70.11111111111111
NM_001181754.1	11	33	42	54	64	84	101	108	135	70.22222222222223
NM_001180545.3	12	27	46	53	75	88	100	111	120	70.22222222222223
NM_001178403.1	14	25	52	53	79	80	91	111	127	70.22222222222223
NM_001183638.3	18	22	43	50	68	89	95	117	130	70.22222222222223
NM_001179359.1	9	28	43	51	62	93	106	124	117	70.33333333333333
NM_001180262.1	19	29	45	64	67	89	102	94	124	70.33333333333333
NM_001180014.3	13	25	36	52	66	86	97	121	137	70.33333333333333
NM_001182475.1	16	29	40	61	57	102	84	114	131	70.44444444444444
NM_001180770.1	18	33	35	49	72	81	109	118	119	70.44444444444444
NM_001181798.1	18	32	50	55	62	90	96	113	119	70.55555555555556
NM_001178911.3	14	20	44	58	67	91	93	114	134	70.55555555555556
NM_001182147.1	17	26	50	63	70	86	107	99	117	70.55555555555556
NM_001183829.1	12	32	40	54	72	83	101	124	118	70.66666666666667
NM_001179704.1	11	30	48	62	78	73	101	111	122	70.66666666666667
NM_001180006.3	12	28	46	58	72	78	94	111	137	70.66666666666667
NM_001179433.3	12	21	47	56	60	95	100	110	135	70.66666666666667
NM_001180007.1	13	25	42	59	82	91	94	109	122	70.77777777777777
NM_001180894.1	18	21	39	64	73	64	96	117	145	70.77777777777777
NM_001181800.3	12	34	34	58	60	97	97	115	130	70.77777777777777
NM_001179645.1	10	32	36	66	69	75	96	114	140	70.88888888888889
NM_001184016.1	7	26	39	52	75	81	104	124	130	70.88888888888889
NM_001181061.1	21	29	43	61	72	81	96	102	133	70.88888888888889
NM_001181218.1	10	31	40	65	71	84	102	108	127	70.88888888888889
NM_001180469.3	10	20	39	62	71	86	92	114	144	70.88888888888889
NM_001183116.1	8	29	46	70	64	82	102	109	129	71.0
NM_001180915.3	17	27	47	53	78	98	81	96	142	71.0
NM_001178659.1	10	29	47	54	60	88	105	124	122	71.0
NM_001182690.1	11	32	46	59	77	89	87	113	126	71.11111111111111
NM_001182470.1	12	26	45	60	76	87	97	111	126	71.11111111111111
NM_001179390.1	11	25	43	57	72	81	109	114	128	71.11111111111111
NM_001179051.1	15	12	49	55	81	89	93	121	125	71.11111111111111
NM_001181757.1	8	41	51	60	64	84	93	124	116	71.22222222222223
NM_001183341.1	10	25	50	57	71	90	106	99	133	71.22222222222223
NM_001183090.1	14	23	35	56	74	90	107	121	122	71.33333333333333
NM_001184277.1	14	25	43	51	75	94	98	114	128	71.33333333333333
NM_001178881.2	19	34	43	60	63	104	98	95	126	71.33333333333333
NM_001181907.1	15	25	45	54	55	91	108	119	130	71.33333333333333
NM_001183797.3	14	34	42	64	77	87	95	105	124	71.33333333333333
NM_001181634.1	10	35	38	52	68	94	109	112	124	71.33333333333333
NM_001181847.1	12	30	38	57	72	82	94	122	136	71.44444444444444
NM_001181486.1	15	35	45	59	63	68	91	120	147	71.44444444444444
NM_001182324.1	11	33	47	64	65	75	97	106	147	71.66666666666667
NM_001182002.1	24	27	40	49	65	94	100	113	133	71.66666666666667
NM_001178385.1	12	33	36	54	74	82	109	115	131	71.77777777777777
NM_001179736.1	20	30	31	56	72	92	102	111	132	71.77777777777777
NM_001179625.1	15	27	38	50	78	81	104	111	142	71.77777777777777
NM_001183681.1	14	21	41	56	79	89	100	115	131	71.77777777777777
NM_001178408.1	15	24	51	54	64	82	93	126	138	71.88888888888889
NM_001179850.1	14	20	47	53	75	88	96	120	134	71.88888888888889
NM_001181738.1	16	31	39	60	78	72	106	118	127	71.88888888888889
NM_001183498.1	16	27	40	66	65	82	99	128	125	72.0
NM_001178630.1	18	33	35	56	69	80	103	131	123	72.0
NM_001180820.3	9	28	51	63	74	97	101	103	122	72.0
NM_001179658.1	22	31	37	51	70	95	94	119	130	72.11111111111111
NM_001179607.1	15	24	41	60	79	80	106	100	144	72.11111111111111
NM_001181470.1	10	19	44	63	77	86	104	116	130	72.11111111111111
NM_001178904.3	19	31	35	63	67	83	103	106	143	72.22222222222223
NM_001182033.1	13	26	40	69	80	79	99	96	148	72.22222222222223
NM_001183317.1	15	21	45	62	80	82	109	111	126	72.33333333333333
NM_001178255.1	17	23	50	72	71	83	102	119	114	72.33333333333333
NM_001179283.1	12	35	54	54	72	94	96	112	123	72.44444444444444
NM_001181627.1	11	35	43	52	69	74	105	131	132	72.44444444444444
NM_001179545.3	11	33	49	53	68	84	90	122	142	72.44444444444444
NM_001178575.1	16	22	47	64	60	86	100	127	130	72.44444444444444
NM_001183084.1	9	23	39	57	71	101	97	115	140	72.44444444444444
NM_001180998.1	17	32	39	57	68	87	87	133	133	72.55555555555556
NM_001180713.3	13	32	37	63	91	82	107	96	133	72.66666666666667
NM_001179073.1	13	35	38	53	73	93	104	121	125	72.77777777777777
NM_001181667.1	12	21	49	69	70	99	84	112	139	72.77777777777777
NM_001182889.3	15	22	43	56	81	93	97	125	123	72.77777777777777
NM_001182004.1	11	32	53	60	68	80	107	126	118	72.77777777777777
NM_001183767.3	11	34	35	66	70	84	112	114	129	72.77777777777777
NM_001183188.1	15	30	50	71	73	84	93	116	125	73.0
NM_001183214.3	13	20	43	80	78	94	91	105	134	73.11111111111111
NM_001179438.1	12	32	46	70	65	88	100	115	131	73.22222222222223
NM_001180535.1	15	26	36	60	73	88	99	128	135	73.33333333333333
NM_001182327.1	17	27	37	56	77	91	102	124	130	73.44444444444444
NM_001178351.1	16	26	43	62	81	90	104	103	136	73.44444444444444
NM_001180620.3	17	22	44	58	65	91	102	125	138	73.55555555555556
NM_001182088.1	15	27	35	57	80	86	99	126	137	73.55555555555556
NM_001181683.1	17	26	50	63	78	81	101	114	132	73.55555555555556
NM_001184224.1	14	23	40	60	72	92	105	121	135	73.55555555555556
NM_001179176.1	11	32	47	54	80	91	115	111	121	73.55555555555556
NM_001184068.1	18	29	52	63	69	89	96	124	123	73.66666666666667
NM_001183334.1	14	24	49	56	82	104	91	107	137	73.77777777777777
NM_001182201.1	14	23	55	69	75	93	96	105	134	73.77777777777777
NM_001182666.1	10	29	38	63	70	92	104	135	123	73.77777777777777
NM_001182847.2	11	23	51	65	80	100	98	123	114	73.88888888888889
NM_001183395.2	13	37	41	48	68	91	107	120	140	73.88888888888889
NM_001184203.1	11	27	48	52	78	101	101	116	132	74.0
NM_001179924.1	12	33	44	61	67	102	100	121	126	74.0
NM_001178195.2	17	23	51	62	78	82	100	121	132	74.0
NM_001179844.1	6	42	46	55	86	85	96	115	136	74.11111111111111
NM_001182770.1	10	30	52	58	67	94	111	118	128	74.22222222222223
NM_001179187.1	12	25	56	58	76	94	95	124	128	74.22222222222223
NM_001183199.1	16	34	47	60	64	93	94	121	140	74.33333333333333
NM_001184272.1	14	20	40	71	69	83	112	123	137	74.33333333333333
NM_001181991.1	15	28	57	62	67	88	112	117	123	74.33333333333333
NM_001181158.3	17	30	35	68	82	96	97	123	122	74.44444444444444
NM_001179867.1	10	24	53	71	78	91	86	119	138	74.44444444444444
NM_001182785.1	21	37	43	54	84	90	95	115	131	74.44444444444444
NM_001178818.1	12	28	42	59	81	92	106	125	125	74.44444444444444
NM_001179710.1	13	33	30	60	67	81	117	122	147	74.44444444444444
NM_001180215.1	21	45	50	56	67	81	121	109	120	74.44444444444444
NM_001181637.1	15	31	53	64	67	92	110	107	131	74.44444444444444
NM_001178920.3	14	34	40	66	63	91	104	118	140	74.44444444444444
NM_001183532.3	16	26	43	48	74	106	97	135	126	74.55555555555556
NM_001178401.1	9	29	40	64	66	88	106	126	143	74.55555555555556
NM_001178376.1	14	33	48	58	75	91	105	111	136	74.55555555555556
NM_001178671.1	20	23	48	56	71	91	112	111	140	74.66666666666667
NM_001181270.1	19	33	38	58	74	88	108	120	135	74.77777777777777
NM_001178599.3	20	34	42	55	69	86	100	123	144	74.77777777777777
NM_001180239.1	16	22	53	59	68	85	114	118	139	74.88888888888889
NM_001181059.1	12	30	38	69	71	87	113	126	130	75.11111111111111
NM_001179749.1	19	29	39	60	74	84	111	118	142	75.11111111111111
NM_001178687.1	12	28	50	60	76	82	111	129	129	75.22222222222223
NM_001184244.1	9	28	42	77	77	92	105	121	126	75.22222222222223
NM_001182674.1	20	30	41	48	61	103	100	134	140	75.22222222222223
NM_001180424.1	10	26	30	68	89	98	107	113	137	75.33333333333333
NM_001178770.1	15	37	54	50	72	92	102	117	139	75.33333333333333
NM_001182706.1	21	32	44	58	64	91	108	119	143	75.55555555555556
NM_001182906.3	14	35	42	62	72	84	116	114	141	75.55555555555556
NM_001182396.1	17	37	49	65	69	89	102	106	146	75.55555555555556
NM_001182939.1	19	27	52	56	72	93	104	133	125	75.66666666666667
NM_001183425.1	12	31	60	53	73	83	110	116	143	75.66666666666667
NM_001180645.3	12	32	55	52	80	84	123	120	124	75.77777777777777
NM_001178338.1	12	31	53	56	67	102	112	117	132	75.77777777777777
NM_001180503.3	15	22	42	67	74	93	101	138	130	75.77777777777777
NM_001182310.1	12	33	40	56	87	84	102	138	131	75.88888888888889
NM_001183232.3	14	41	41	61	74	92	100	114	146	75.88888888888889
NM_001183097.1	13	26	44	63	77	102	119	120	119	75.88888888888889
NM_001181281.3	15	35	36	58	74	98	110	122	136	76.0
NM_001180841.1	20	28	45	71	71	84	100	121	144	76.0
NM_001181771.1	20	30	50	67	76	90	104	114	133	76.0
NM_001178704.1	13	34	46	67	72	90	103	120	139	76.0
NM_001179175.1	8	25	47	62	80	93	106	122	142	76.11111111111111
NM_001179635.1	13	21	55	56	71	88	118	123	140	76.11111111111111
NM_001182471.1	17	28	43	50	84	100	104	119	140	76.11111111111111
NM_001182660.1	13	36	38	62	74	100	113	123	127	76.22222222222223
NM_001181381.1	15	31	66	71	72	92	95	121	124	76.33333333333333
NM_001178278.1	12	21	56	67	83	97	98	106	147	76.33333333333333
NM_001181334.3	11	27	48	61	71	106	107	129	128	76.44444444444444
NM_001180483.3	18	36	48	61	77	82	83	122	162	76.55555555555556
NM_001182436.1	15	30	47	75	85	78	105	114	141	76.66666666666667
NM_001179650.1	14	28	45	61	69	108	105	122	139	76.77777777777777
NM_001180514.3	18	36	49	72	71	84	113	119	129	76.77777777777777
NM_001183557.1	14	36	57	54	65	98	128	111	128	76.77777777777777
NM_001183646.1	19	33	59	58	69	102	91	121	139	76.77777777777777
NM_001181920.1	16	20	46	70	80	86	100	130	144	76.88888888888889
NM_001181529.1	15	22	54	68	76	83	99	140	135	76.88888888888889
NM_001179801.1	8	30	56	52	81	90	113	122	140	76.88888888888889
NM_001180524.3	7	29	37	59	85	95	100	136	144	76.88888888888889
NM_001181487.3	12	33	57	64	72	93	97	124	141	77.0
NM_001181076.1	18	28	58	58	72	95	111	125	128	77.0
NM_001180349.1	18	32	50	61	62	104	116	121	129	77.0
NM_001178438.4	12	31	50	60	88	93	97	116	147	77.11111111111111
NM_001181141.1	20	20	48	57	87	91	103	127	142	77.22222222222223
NM_001178768.1	16	32	52	57	82	99	103	123	131	77.22222222222223
NM_001179173.1	12	26	56	54	78	89	119	127	134	77.22222222222223
NM_001181856.1	19	26	46	58	74	92	107	131	143	77.33333333333333
NM_001181995.1	16	29	47	62	81	89	109	134	129	77.33333333333333
NM_001179970.1	18	26	47	67	70	88	110	124	147	77.44444444444444
NM_001181663.1	10	35	56	56	85	90	109	117	140	77.55555555555556
NM_001183827.1	10	34	50	69	74	97	100	130	135	77.66666666666667
NM_001180945.1	15	29	43	57	77	106	112	117	143	77.66666666666667
NM_001182887.1	15	21	50	58	75	94	122	126	139	77.77777777777777
NM_001184022.1	19	38	47	55	90	92	113	117	129	77.77777777777777
NM_001178950.1	10	39	54	45	85	97	112	124	135	77.88888888888889
NM_001178178.1	15	29	40	68	82	94	114	120	139	77.88888888888889
NM_001178638.1	18	34	54	62	70	94	117	112	140	77.88888888888889
NM_001180292.1	18	27	52	72	76	97	101	118	141	78.0
NM_001183994.1	14	26	47	67	85	96	95	134	138	78.0
NM_001179024.1	15	35	44	60	82	90	105	127	144	78.0
NM_001181926.1	17	37	56	63	73	107	99	115	135	78.0
NM_001179952.1	17	25	54	66	76	95	107	125	139	78.22222222222223
NM_001179733.1	15	24	46	61	81	95	115	122	145	78.22222222222223
NM_001179869.1	15	34	51	68	80	88	107	125	137	78.33333333333333
NM_001180958.1	14	44	48	60	76	99	108	121	135	78.33333333333333
NM_001180664.3	8	34	47	51	89	98	108	126	144	78.33333333333333
NM_001181641.1	18	33	55	46	86	93	108	120	146	78.33333333333333
NM_001182698.1	10	33	47	59	80	92	112	136	136	78.33333333333333
NM_001181384.1	16	33	52	66	85	83	101	119	151	78.44444444444444
NM_001180718.1	16	21	63	62	89	88	106	121	140	78.44444444444444
NM_001178349.1	17	28	60	60	84	84	110	137	126	78.44444444444444
NM_001184197.1	12	40	52	52	84	99	104	126	137	78.44444444444444
NM_001179640.1	15	25	47	60	69	110	104	135	141	78.44444444444444
NM_001181477.3	11	34	47	59	67	102	111	128	147	78.44444444444444
NM_001179249.1	20	30	56	65	73	91	98	126	148	78.55555555555556
NM_001183044.1	19	33	47	63	78	99	99	137	133	78.66666666666667
NM_001180823.3	20	34	45	59	74	101	109	122	144	78.66666666666667
NM_001180357.1	14	24	46	68	78	95	114	127	143	78.77777777777777
NM_001183640.3	12	27	45	63	82	89	114	129	148	78.77777777777777
NM_001179415.3	25	29	43	63	84	95	116	131	123	78.77777777777777
NM_001179057.3	15	31	37	64	93	92	118	115	145	78.88888888888889
NM_001179629.1	20	50	48	61	76	86	100	125	144	78.88888888888889
NM_001182413.1	15	33	48	51	82	94	131	111	145	78.88888888888889
NM_001178876.1	14	29	43	65	73	86	123	133	144	78.88888888888889
NM_001181088.1	13	36	49	53	77	91	118	130	143	78.88888888888889
NM_001178960.1	18	33	40	64	92	98	103	126	137	79.0
NM_001180418.1	17	31	56	59	73	91	118	138	128	79.0
NM_001178563.3	13	30	45	76	66	98	117	123	143	79.0
NM_001180723.1	18	41	32	50	85	88	119	118	161	79.11111111111111
NM_001178568.3	17	35	42	60	78	100	119	126	135	79.11111111111111
NM_001184486.1	14	34	44	69	80	92	118	131	131	79.22222222222223
NM_001180471.1	15	27	40	78	72	101	111	123	146	79.22222222222223
NM_001182383.1	17	30	45	58	85	105	121	123	129	79.22222222222223
NM_001183574.3	14	43	59	56	77	86	108	132	139	79.33333333333333
NM_001180445.1	22	36	46	69	76	84	119	130	132	79.33333333333333
NM_001180476.1	18	34	45	76	74	94	106	122	145	79.33333333333333
NM_001181911.2	11	29	54	70	81	90	112	119	149	79.44444444444444
NM_001183720.3	14	32	52	60	83	96	120	129	129	79.44444444444444
NM_001178307.2	15	27	44	69	97	88	110	128	137	79.44444444444444
NM_001184414.1	10	43	40	68	78	100	119	113	145	79.55555555555556
NM_001178390.1	18	27	50	65	71	103	107	135	140	79.55555555555556
NM_001180871.1	21	27	56	58	73	83	123	134	141	79.55555555555556
NM_001182439.1	11	38	46	61	79	111	100	120	151	79.66666666666667
NM_001181662.3	21	28	57	55	75	91	115	138	137	79.66666666666667
NM_001180610.1	11	33	51	69	69	89	103	121	172	79.77777777777777
NM_001180429.3	9	30	51	58	92	81	125	134	139	79.88888888888889
NM_001180948.1	12	30	46	74	89	97	98	129	145	80.0
NM_001182258.1	22	32	48	60	74	107	118	132	127	80.0
NM_001179584.3	22	32	59	74	85	78	104	131	135	80.0
NM_001184084.1	26	37	43	62	89	80	110	126	148	80.11111111111111
NM_001181977.1	17	41	51	60	85	82	110	129	147	80.22222222222223
NM_001182260.1	13	28	42	63	88	104	99	136	150	80.33333333333333
NM_001181517.1	21	34	44	76	78	81	115	122	152	80.33333333333333
NM_001178760.1	14	32	68	76	78	101	106	114	136	80.55555555555556
NM_001181312.1	21	37	53	55	76	94	124	121	145	80.66666666666667
NM_001180423.1	13	33	47	67	83	85	121	138	139	80.66666666666667
NM_001182342.1	22	33	56	69	93	94	109	129	121	80.66666666666667
NM_001181515.1	16	32	53	58	75	100	101	153	138	80.66666666666667
NM_001178483.3	24	21	61	47	88	104	99	136	146	80.66666666666667
NM_001178473.1	20	32	49	70	72	94	105	136	148	80.66666666666667
NM_001180565.1	15	23	43	60	95	97	115	128	151	80.77777777777777
NM_001179806.1	15	29	48	67	77	107	125	122	137	80.77777777777777
NM_001179879.1	17	37	48	66	86	94	108	117	154	80.77777777777777
NM_001178564.3	20	37	50	61	89	96	122	116	137	80.88888888888889
NM_001183546.1	19	32	41	66	80	110	113	113	154	80.88888888888889
NM_001182613.1	16	25	52	73	76	103	112	136	136	81.0
NM_001179920.1	13	36	42	71	77	101	110	138	141	81.0
NM_001181210.3	18	30	54	67	87	93	115	124	141	81.0
NM_001181946.1	7	36	61	69	83	96	109	126	142	81.0
NM_001178771.1	16	27	50	67	85	85	113	137	149	81.0
NM_001180776.3	15	31	39	54	84	106	111	130	159	81.0
NM_001179207.1	11	28	49	64	83	97	117	137	144	81.11111111111111
NM_001180488.3	21	37	47	70	81	88	116	142	130	81.33333333333333
NM_001179918.1	14	31	45	67	86	95	117	127	150	81.33333333333333
NM_001182725.1	15	26	56	69	71	100	113	127	156	81.44444444444444
NM_001183062.1	17	25	56	67	88	93	109	140	139	81.55555555555556
NM_001182325.3	18	33	39	56	92	114	108	128	148	81.77777777777777
NM_001180415.1	15	31	51	69	77	98	104	141	150	81.77777777777777
NM_001180515.1	13	39	47	59	76	101	124	129	148	81.77777777777777
NM_001182919.3	15	33	48	67	76	111	108	134	145	81.88888888888889
NM_001180660.1	20	33	48	62	78	90	126	132	148	81.88888888888889
NM_001183675.2	9	37	45	66	78	98	126	131	147	81.88888888888889
NM_001180994.2	17	36	33	75	85	101	117	126	148	82.0
NM_001179503.1	13	29	56	67	73	109	105	131	156	82.11111111111111
NM_001182994.3	15	41	45	61	72	93	117	137	158	82.11111111111111
NM_001181574.1	14	34	54	70	75	96	126	131	139	82.11111111111111
NM_001183550.1	21	37	56	83	82	84	106	128	142	82.11111111111111
NM_001180360.3	17	30	51	59	87	95	123	135	142	82.11111111111111
NM_001179588.1	19	33	47	64	77	98	130	143	128	82.11111111111111
NM_001184304.1	15	36	49	64	91	89	117	132	146	82.11111111111111
NM_001182385.1	15	30	49	76	69	98	121	135	147	82.22222222222223
NM_001182525.1	13	42	53	67	82	109	104	129	141	82.22222222222223
NM_001183707.3	23	36	46	68	89	108	104	139	128	82.33333333333333
NM_001182823.1	16	34	48	69	92	106	105	124	147	82.33333333333333
NM_001181465.1	13	31	45	57	94	92	116	142	151	82.33333333333333
NM_001179452.3	17	30	42	82	80	85	133	133	139	82.33333333333333
NM_001182197.2	23	32	50	59	89	108	106	119	155	82.33333333333333
NM_001184201.1	9	29	44	76	91	85	117	129	162	82.44444444444444
NM_001178158.2	14	37	50	70	93	93	122	126	137	82.44444444444444
NM_001181331.1	18	39	49	72	94	84	119	117	150	82.44444444444444
NM_001183406.1	19	37	46	65	91	96	117	125	146	82.44444444444444
NM_001182795.1	13	24	42	70	88	103	114	135	153	82.44444444444444
NM_001182910.1	16	28	56	63	82	104	116	135	143	82.55555555555556
NM_001178471.3	16	43	54	79	84	96	105	116	150	82.55555555555556
NM_001180570.3	16	34	68	66	69	103	113	129	146	82.66666666666667
NM_001180888.3	17	31	60	80	83	89	111	136	137	82.66666666666667
NM_001180113.1	18	30	47	72	76	105	115	139	142	82.66666666666667
NM_001179049.3	15	35	59	59	67	97	105	154	153	82.66666666666667
NM_001184534.1	16	31	39	75	73	115	106	140	152	83.0
NM_001181290.3	15	37	41	62	97	105	117	136	138	83.11111111111111
NM_001181292.3	23	35	56	56	90	95	103	142	148	83.11111111111111
NM_001181412.3	20	37	48	80	98	85	120	125	135	83.11111111111111
NM_001178789.1	21	28	50	79	77	94	111	147	141	83.11111111111111
NM_001179617.1	16	42	58	49	86	115	118	115	150	83.22222222222223
NM_001182464.1	21	28	49	68	102	93	105	141	142	83.22222222222223
NM_001179819.3	12	46	55	65	87	91	112	113	169	83.33333333333333
NM_001179600.1	19	30	50	72	84	106	107	128	154	83.33333333333333
NM_001181229.1	24	42	45	66	88	99	106	128	152	83.33333333333333
NM_001183901.1	20	39	46	75	92	100	107	130	142	83.44444444444444
NM_001178902.1	21	43	37	76	80	108	116	118	153	83.55555555555556
NM_001181276.3	23	31	49	60	104	91	118	130	147	83.66666666666667
NM_001184336.1	12	38	49	67	84	95	119	142	147	83.66666666666667
NM_001184064.1	15	35	48	61	80	115	117	136	146	83.66666666666667
NM_001179495.1	24	30	55	58	82	100	112	139	153	83.66666666666667
NM_001179462.3	14	36	48	67	67	110	123	132	156	83.66666666666667
NM_001178983.3	13	36	52	60	98	98	113	132	152	83.77777777777777
NM_001178148.1	18	33	49	58	88	101	118	144	145	83.77777777777777
NM_001182506.1	17	41	51	57	69	108	106	137	170	84.0
NM_001180547.1	18	30	40	75	86	97	123	138	149	84.0
NM_001184285.1	24	41	42	72	78	99	111	148	141	84.0
NM_001183580.3	16	30	48	61	82	105	121	153	141	84.11111111111111
NM_001183398.1	15	25	51	74	81	113	123	129	147	84.22222222222223
NM_001179244.1	21	28	41	75	87	97	122	139	148	84.22222222222223
NM_001178623.4	19	33	47	62	88	96	114	148	151	84.22222222222223
NM_001183604.1	20	37	53	73	73	93	120	139	151	84.33333333333333
NM_001181842.1	19	42	58	69	72	102	99	134	164	84.33333333333333
NM_001178494.1	15	41	55	58	92	88	129	118	164	84.44444444444444
NM_001182315.3	14	32	57	61	80	110	109	139	158	84.44444444444444
NM_001181074.1	18	28	52	78	73	104	114	139	154	84.44444444444444
NM_001181379.3	20	35	53	59	86	96	111	148	153	84.55555555555556
NM_001180525.1	22	34	50	71	92	93	123	125	151	84.55555555555556
NM_001179418.1	21	34	46	71	98	81	115	145	150	84.55555555555556
NM_001184521.1	18	32	36	74	86	100	116	142	157	84.55555555555556
NM_001182625.1	17	29	48	60	92	107	116	130	162	84.55555555555556
NM_001184222.1	15	36	50	69	80	107	128	130	146	84.55555555555556
NM_001180638.1	18	38	49	66	79	113	113	131	154	84.55555555555556
NM_001182213.1	20	39	58	75	84	103	115	140	128	84.66666666666667
NM_001182208.1	19	32	57	68	94	95	116	121	160	84.66666666666667
NM_001181514.1	24	31	43	73	81	101	117	146	147	84.77777777777777
NM_001181176.3	17	32	59	74	88	95	111	147	140	84.77777777777777
NM_001179593.1	17	34	51	70	74	103	126	143	146	84.88888888888889
NM_001181919.1	25	37	39	77	75	122	97	143	149	84.88888888888889
NM_001181222.3	9	39	49	64	94	94	130	143	142	84.88888888888889
NM_001181391.1	17	40	55	60	93	97	129	122	152	85.0
NM_001181221.3	18	43	51	71	74	95	123	143	147	85.0
NM_001184636.1	20	38	52	78	95	95	112	130	146	85.11111111111111
NM_001179136.1	15	45	49	66	83	98	108	139	163	85.11111111111111
NM_001179366.1	21	26	54	65	74	97	121	137	171	85.11111111111111
NM_001179192.1	16	28	47	74	79	100	121	142	159	85.11111111111111
NM_001182854.1	18	35	53	70	79	108	110	137	157	85.22222222222223
NM_001182928.3	17	35	67	65	92	89	118	134	151	85.33333333333333
NM_001178858.3	14	45	63	67	92	96	114	124	153	85.33333333333333
NM_001183676.3	21	32	59	66	80	93	132	145	142	85.55555555555556
NM_001183569.1	19	25	46	81	101	94	106	151	147	85.55555555555556
NM_001179530.1	19	31	59	58	87	99	112	146	160	85.66666666666667
NM_001180003.1	10	41	52	64	88	90	132	135	159	85.66666666666667
NM_001182938.1	17	39	51	79	89	113	116	117	150	85.66666666666667
NM_001180492.1	17	30	45	68	94	92	138	143	145	85.77777777777777
NM_001179732.1	16	23	47	75	94	86	122	154	155	85.77777777777777
NM_001180619.3	18	39	46	64	81	94	125	149	156	85.77777777777777
NM_001180359.3	13	35	54	69	86	103	131	138	145	86.0
NM_001183270.1	15	28	49	66	91	100	123	143	160	86.11111111111111
NM_001179932.2	17	33	53	54	88	113	107	155	155	86.11111111111111
NM_001179703.1	13	33	59	68	92	97	114	142	157	86.11111111111111
NM_001179013.1	15	33	53	64	93	98	133	142	145	86.22222222222223
NM_001181240.1	15	42	58	66	78	97	124	136	160	86.22222222222223
NM_001180342.3	19	44	50	79	80	114	121	121	149	86.33333333333333
NM_001181112.1	12	28	55	75	84	102	122	134	165	86.33333333333333
NM_001180473.3	19	20	50	74	87	115	131	125	156	86.33333333333333
NM_001182810.1	13	31	52	68	92	117	120	138	146	86.33333333333333
NM_001182602.1	21	39	51	66	83	114	111	150	142	86.33333333333333
NM_001183610.1	18	26	61	67	92	93	127	136	158	86.44444444444444
NM_001178485.2	14	34	59	67	85	104	128	143	144	86.44444444444444
NM_001179585.3	14	23	51	65	94	102	129	143	159	86.66666666666667
NM_001181965.1	18	40	57	65	90	115	114	145	138	86.88888888888889
NM_001183122.1	16	34	56	74	83	102	131	122	164	86.88888888888889
NM_001181707.1	19	39	57	70	86	105	104	132	170	86.88888888888889
NM_001182878.3	16	32	53	74	83	110	138	136	140	86.88888888888889
NM_001184619.3	29	28	61	81	83	97	111	122	171	87.0
NM_001183953.1	17	34	52	81	87	104	125	130	155	87.22222222222223
NM_001180165.1	18	40	55	70	99	119	107	123	155	87.33333333333333
NM_001181524.1	13	37	55	62	88	90	136	143	162	87.33333333333333
NM_001183007.1	18	32	58	76	77	110	119	134	163	87.44444444444444
NM_001181750.1	18	37	57	80	91	103	119	122	161	87.55555555555556
NM_001178637.4	23	36	55	56	98	108	132	124	156	87.55555555555556
NM_001179232.1	17	34	47	69	87	111	126	134	163	87.55555555555556
NM_001178251.1	17	30	62	65	86	85	130	144	169	87.55555555555556
NM_001184279.1	18	37	52	76	87	105	113	139	161	87.55555555555556
NM_001182694.1	27	41	50	69	80	108	123	140	150	87.55555555555556
NM_001181370.3	16	30	51	74	68	116	131	146	158	87.77777777777777
NM_001183987.1	23	35	60	63	89	104	123	134	159	87.77777777777777
NM_001181246.3	27	50	53	72	72	111	115	132	158	87.77777777777777
NM_001183779.3	11	28	51	70	86	98	134	152	160	87.77777777777777
NM_001183096.1	18	32	59	71	65	115	139	129	162	87.77777777777777
NM_001184228.1	28	38	48	73	87	93	128	136	160	87.88888888888889
NM_001181404.3	19	38	51	69	82	100	112	150	170	87.88888888888889
NM_001178548.3	15	37	49	69	84	121	124	134	158	87.88888888888889
NM_001181403.2	19	37	60	73	88	115	118	136	146	88.0
NM_001180397.1	15	35	47	79	95	111	132	132	146	88.0
NM_001180552.1	19	43	49	75	90	108	116	137	156	88.11111111111111
NM_001181731.1	15	40	53	64	74	128	124	148	148	88.22222222222223
NM_001183071.1	25	42	52	76	90	96	124	141	148	88.22222222222223
NM_001182057.1	19	33	54	74	93	106	117	150	150	88.44444444444444
NM_001180604.3	13	45	45	60	95	115	118	135	171	88.55555555555556
NM_001179964.1	19	34	59	73	84	114	117	140	157	88.55555555555556
NM_001180112.1	18	39	62	77	80	115	122	118	167	88.66666666666667
NM_001178322.1	15	40	48	69	86	113	121	150	156	88.66666666666667
NM_001183206.3	18	36	41	59	92	105	127	157	164	88.77777777777777
NM_001183457.1	16	43	60	75	88	107	121	132	157	88.77777777777777
NM_001179949.1	18	33	37	76	83	107	131	156	159	88.88888888888889
NM_001184129.1	24	33	61	75	93	93	116	147	158	88.88888888888889
NM_001178562.1	18	41	52	78	87	103	123	152	146	88.88888888888889
NM_001178743.1	19	44	41	74	86	101	137	133	165	88.88888888888889
NM_001178859.1	17	39	54	75	80	103	120	165	148	89.0
NM_001184041.1	22	34	48	64	95	106	143	135	154	89.0
NM_001181759.1	15	40	51	77	76	127	124	141	151	89.11111111111111
NM_001180277.1	13	30	48	87	95	127	119	129	154	89.11111111111111
NM_001182941.3	13	43	42	62	89	104	130	158	161	89.11111111111111
NM_001181881.1	19	32	49	71	84	109	127	154	158	89.22222222222223
NM_001182473.1	19	43	49	67	89	104	122	143	167	89.22222222222223
NM_001183037.1	24	31	59	65	88	89	135	143	169	89.22222222222223
NM_001178249.1	29	44	53	70	92	109	126	124	157	89.33333333333333
NM_001183180.1	19	38	49	74	99	99	124	133	169	89.33333333333333
NM_001180780.3	17	30	59	78	90	115	118	147	151	89.44444444444444
NM_001181203.3	21	32	49	80	93	100	111	150	171	89.66666666666667
NM_001182053.1	23	38	48	74	90	97	131	146	160	89.66666666666667
NM_001182916.3	10	44	67	81	83	87	130	134	172	89.77777777777777
NM_001179009.1	14	34	61	69	92	111	128	140	159	89.77777777777777
NM_001182128.1	16	33	57	73	82	113	137	142	156	89.88888888888889
NM_001178201.2	19	34	49	72	92	104	119	145	176	90.0
NM_001182164.1	18	36	52	67	97	103	127	152	158	90.0
NM_001178635.1	17	41	49	69	83	104	139	135	173	90.0
NM_001184148.1	28	37	56	74	95	93	139	138	151	90.11111111111111
NM_001181543.1	17	34	59	88	101	106	122	129	155	90.11111111111111
NM_001180618.1	18	38	53	76	87	123	104	157	156	90.22222222222223
NM_001181107.1	15	41	55	83	85	106	131	139	157	90.22222222222223
NM_001181743.1	21	36	56	68	84	113	134	153	147	90.22222222222223
NM_001179453.1	13	34	55	72	95	117	114	148	166	90.44444444444444
NM_001178923.3	27	25	48	82	76	114	123	156	163	90.44444444444444
NM_001184317.1	17	44	49	65	90	128	123	144	154	90.44444444444444
NM_001178617.1	15	46	46	76	105	108	114	136	169	90.55555555555556
NM_001180575.3	19	37	53	71	94	113	124	146	158	90.55555555555556
NM_001182453.1	22	34	50	60	81	120	132	148	168	90.55555555555556
NM_001184295.1	22	26	62	73	102	115	106	151	158	90.55555555555556
NM_001178456.2	20	31	47	100	96	102	122	137	160	90.55555555555556
NM_001179714.1	15	46	63	64	70	126	121	135	176	90.66666666666667
NM_001180529.3	17	31	46	95	100	97	109	153	168	90.66666666666667
NM_001180925.1	14	29	57	78	92	93	129	158	166	90.66666666666667
NM_001180697.1	18	36	49	76	90	119	122	136	171	90.77777777777777
NM_001181458.3	17	38	54	69	95	107	130	150	158	90.88888888888889
NM_001180972.1	16	38	55	72	98	117	116	142	164	90.88888888888889
NM_001178941.3	23	30	56	70	84	118	138	141	158	90.88888888888889
NM_001180858.1	14	36	60	78	95	86	128	153	169	91.0
NM_001183742.3	24	32	46	71	90	115	121	164	156	91.0
NM_001183615.1	16	38	60	75	91	109	127	150	154	91.11111111111111
NM_001178608.1	12	32	67	74	106	112	116	140	161	91.11111111111111
NM_001180909.1	20	32	54	82	93	96	139	137	168	91.22222222222223
NM_001179233.1	14	36	59	61	97	116	133	151	155	91.33333333333333
NM_001182588.1	17	38	61	53	84	118	125	146	180	91.33333333333333
NM_001182030.1	15	39	53	61	90	118	140	135	172	91.44444444444444
NM_001181617.1	19	42	41	72	103	110	140	141	155	91.44444444444444
NM_001179613.1	14	37	35	77	93	111	127	153	176	91.44444444444444
NM_001182374.1	14	40	70	63	97	121	118	139	162	91.55555555555556
NM_001181791.1	15	34	70	74	88	111	116	152	164	91.55555555555556
NM_001181861.1	17	32	52	65	85	114	131	157	171	91.55555555555556
NM_001182106.1	19	34	53	87	97	104	125	150	156	91.66666666666667
NM_001181294.1	27	36	54	59	93	123	131	150	154	91.88888888888889
NM_001183774.1	21	39	44	63	95	109	125	156	175	91.88888888888889
NM_001183290.1	19	34	47	77	108	112	121	147	162	91.88888888888889
NM_001178586.1	20	35	53	70	98	122	121	145	163	91.88888888888889
NM_001182880.1	14	29	54	72	112	102	138	136	173	92.22222222222223
NM_001184119.1	21	30	62	69	76	110	134	153	175	92.22222222222223
NM_001183018.1	19	29	64	76	92	115	124	141	170	92.22222222222223
NM_001182729.1	26	31	56	69	79	113	140	154	162	92.22222222222223
NM_001182440.1	18	33	57	75	96	122	131	146	152	92.22222222222223
NM_001178796.1	18	43	63	70	97	102	115	165	158	92.33333333333333
NM_001183231.1	21	38	57	77	86	106	122	155	169	92.33333333333333
NM_001180630.1	18	29	51	89	92	100	138	142	172	92.33333333333333
NM_001182953.1	13	43	57	67	93	120	135	146	158	92.44444444444444
NM_001183357.1	19	43	52	74	99	120	129	146	150	92.44444444444444
NM_001178910.1	22	36	57	76	79	105	137	148	173	92.55555555555556
NM_001182262.1	12	37	55	80	93	117	122	151	166	92.55555555555556
NM_001182134.1	13	37	55	80	93	112	128	144	172	92.66666666666667
NM_001183189.1	15	34	59	92	82	126	134	140	153	92.77777777777777
NM_001178865.3	17	40	53	77	97	112	132	150	157	92.77777777777777
NM_001180657.1	15	34	43	79	88	119	132	155	171	92.88888888888889
NM_001183006.1	20	36	47	83	88	108	127	155	172	92.88888888888889
NM_001182865.1	20	31	63	63	84	105	130	151	189	92.88888888888889
NM_001180979.1	24	44	63	76	83	108	113	157	168	92.88888888888889
NM_001182075.1	17	32	66	76	94	112	123	140	178	93.11111111111111
NM_001183906.1	14	29	48	79	91	128	118	146	186	93.22222222222223
NM_001178153.1	19	31	41	81	90	115	139	149	175	93.33333333333333
NM_001180730.3	16	30	62	74	73	116	137	151	181	93.33333333333333
NM_001180655.3	20	34	47	77	101	119	127	149	166	93.33333333333333
NM_001184349.1	21	34	45	83	87	110	134	156	170	93.33333333333333
NM_001179338.1	23	34	58	78	89	104	140	133	181	93.33333333333333
NM_001181344.3	18	31	63	64	94	115	137	141	178	93.44444444444444
NM_001182866.1	18	33	47	73	88	108	136	166	172	93.44444444444444
NM_001183153.1	18	37	73	71	93	116	133	144	156	93.44444444444444
NM_001183021.1	26	40	55	85	90	104	138	149	155	93.55555555555556
NM_001181892.1	17	32	57	65	95	112	135	148	184	93.88888888888889
NM_001183192.1	22	33	48	70	108	116	117	160	171	93.88888888888889
NM_001179931.1	26	37	55	74	88	103	136	158	169	94.0
NM_001180794.3	18	34	63	83	97	99	129	144	180	94.11111111111111
NM_001181829.1	16	33	59	86	83	115	131	147	177	94.11111111111111
NM_001184073.1	20	37	49	83	91	125	137	136	169	94.11111111111111
NM_001180152.1	14	41	58	82	97	102	131	151	171	94.11111111111111
NM_001181905.1	18	40	60	71	87	109	128	159	176	94.22222222222223
NM_001179968.1	20	36	60	73	87	124	135	136	177	94.22222222222223
NM_001178429.1	24	43	61	86	86	104	118	150	176	94.22222222222223
NM_001183218.3	20	43	55	91	93	103	141	141	161	94.22222222222223
NM_001184152.1	15	29	55	80	101	99	145	145	179	94.22222222222223
NM_001183265.1	19	34	56	75	100	119	117	154	175	94.33333333333333
NM_001183710.1	18	39	55	85	77	100	134	162	179	94.33333333333333
NM_001180715.1	16	38	54	79	103	112	133	139	176	94.44444444444444
NM_001179251.1	19	42	64	72	95	109	139	140	171	94.55555555555556
NM_001182376.1	13	41	62	71	86	109	147	142	180	94.55555555555556
NM_001180389.1	19	41	63	77	96	127	117	147	166	94.77777777777777
NM_001178274.1	12	44	50	89	85	117	123	168	165	94.77777777777777
NM_001179330.3	23	32	53	81	96	125	123	138	182	94.77777777777777
NM_001182347.1	23	27	56	78	98	106	132	163	171	94.88888888888889
NM_001180886.1	16	34	49	72	106	122	131	146	179	95.0
NM_001184531.3	21	41	57	72	101	114	129	146	175	95.11111111111111
NM_001183635.3	21	37	62	72	104	94	132	155	179	95.11111111111111
NM_001178321.1	24	40	51	69	93	127	123	157	174	95.33333333333333
NM_001180591.3	13	42	70	73	101	105	133	147	175	95.44444444444444
NM_001179429.1	14	46	58	88	95	120	128	149	161	95.44444444444444
NM_001181010.2	15	40	51	82	98	115	147	144	167	95.44444444444444
NM_001182187.1	15	37	57	77	97	105	136	159	176	95.44444444444444
NM_001180388.3	19	37	63	78	118	105	132	150	158	95.55555555555556
NM_001183485.1	20	39	53	67	95	122	132	158	174	95.55555555555556
NM_001179984.2	16	32	60	91	96	118	140	139	168	95.55555555555556
NM_001183347.1	23	44	63	83	86	105	137	147	172	95.55555555555556
NM_001182937.3	13	48	74	69	90	99	119	172	177	95.66666666666667
NM_001180615.3	30	36	58	72	99	123	129	152	162	95.66666666666667
NM_001183039.1	16	44	53	61	96	133	128	151	179	95.66666666666667
NM_001180482.1	16	43	56	67	96	120	137	155	171	95.66666666666667
NM_001183348.1	13	46	62	83	105	101	135	147	169	95.66666666666667
NM_001180931.1	19	51	60	84	114	108	134	136	156	95.77777777777777
NM_001182811.1	17	44	52	83	92	109	132	161	172	95.77777777777777
NM_001182328.3	27	49	60	77	87	128	129	138	167	95.77777777777777
NM_001179820.1	15	34	53	81	98	118	129	147	188	95.88888888888889
NM_001181952.1	18	39	55	80	92	114	119	162	184	95.88888888888889
NM_001184415.2	12	53	51	85	95	114	137	141	176	96.0
NM_001183053.1	16	40	72	72	88	122	136	146	173	96.11111111111111
NM_001178273.1	22	36	60	63	104	111	140	158	172	96.22222222222223
NM_001182424.1	19	35	54	84	103	114	132	151	175	96.33333333333333
NM_001178394.1	16	43	59	66	95	97	143	154	194	96.33333333333333
NM_001179630.1	19	39	60	65	91	117	153	152	171	96.33333333333333
NM_001178602.1	18	35	69	69	105	113	129	171	158	96.33333333333333
NM_001178758.1	14	47	60	88	98	115	124	152	169	96.33333333333333
NM_001179280.1	23	34	58	68	111	122	120	150	182	96.44444444444444
NM_001178256.1	22	41	56	78	100	124	112	168	167	96.44444444444444
NM_001178594.1	16	41	76	74	90	118	145	141	168	96.55555555555556
NM_001182492.1	13	44	59	89	91	99	133	162	179	96.55555555555556
NM_001179213.1	27	35	64	73	105	117	142	139	167	96.55555555555556
NM_001181789.3	17	35	50	74	103	127	137	147	181	96.77777777777777
NM_001179558.3	20	34	56	73	89	130	137	154	179	96.88888888888889
NM_001179821.3	13	33	74	70	93	125	134	158	172	96.88888888888889
NM_001179720.1	17	44	62	70	90	125	129	147	189	97.0
NM_001184454.1	17	45	56	84	86	115	133	159	179	97.11111111111111
NM_001183665.3	18	44	39	85	107	129	141	145	166	97.11111111111111
NM_001178409.3	18	35	50	80	104	110	147	156	175	97.22222222222223
NM_001178839.3	22	41	43	101	101	120	119	158	170	97.22222222222223
NM_001179759.1	15	42	44	87	98	122	133	166	169	97.33333333333333
NM_001182860.1	17	48	62	71	90	100	154	150	184	97.33333333333333
NM_001182771.1	16	48	72	64	88	112	144	176	157	97.44444444444444
NM_001179995.3	21	36	60	69	102	125	130	160	177	97.77777777777777
NM_001182364.1	17	46	60	81	93	104	122	184	173	97.77777777777777
NM_001182568.1	17	36	64	83	105	111	135	151	179	97.88888888888889
NM_001183787.3	19	28	57	83	99	123	125	158	189	97.88888888888889
NM_001180578.1	25	44	66	73	100	116	122	152	183	97.88888888888889
NM_001178435.3	17	44	63	80	92	114	128	150	194	98.0
NM_001183391.1	23	36	58	70	100	122	137	166	170	98.0
NM_001180371.1	17	37	64	85	108	118	136	155	164	98.22222222222223
NM_001184396.2	26	42	58	82	100	125	125	155	173	98.44444444444444
NM_001178419.3	23	46	66	68	99	124	119	163	178	98.44444444444444
NM_001181890.1	13	50	52	87	92	118	140	165	170	98.55555555555556
NM_001183684.1	15	31	60	79	104	104	138	165	191	98.55555555555556
NM_001178584.3	18	43	61	77	92	118	149	159	172	98.77777777777777
NM_001183208.1	22	46	56	76	98	119	141	155	176	98.77777777777777
NM_001183127.1	22	49	62	80	99	121	135	151	170	98.77777777777777
NM_001180353.1	21	48	55	72	98	122	144	149	181	98.88888888888889
NM_001180981.1	15	38	62	96	89	118	148	148	176	98.88888888888889
NM_001183740.3	27	36	60	74	98	125	143	164	163	98.88888888888889
NM_001180936.1	20	33	50	93	99	110	135	174	177	99.0
NM_001180275.1	13	48	68	66	98	126	138	156	179	99.11111111111111
NM_001183055.1	17	35	46	78	98	114	141	180	184	99.22222222222223
NM_001184063.1	21	46	68	66	105	122	145	163	158	99.33333333333333
NM_001179880.4	17	44	53	81	94	110	154	160	182	99.44444444444444
NM_001179093.1	25	40	63	78	99	107	137	161	186	99.55555555555556
NM_001179696.1	17	39	46	90	93	129	136	161	185	99.55555555555556
NM_001183251.1	22	35	53	83	95	127	143	163	175	99.55555555555556
NM_001180708.3	24	43	65	72	105	126	129	155	177	99.55555555555556
NM_001178994.3	18	35	53	90	91	118	155	146	190	99.55555555555556
NM_001180947.3	12	39	48	76	111	121	149	154	187	99.66666666666667
NM_001179061.3	23	40	63	89	94	118	133	160	177	99.66666666666667
NM_001178616.3	24	39	70	80	98	138	119	162	167	99.66666666666667
NM_001182756.1	18	45	69	83	109	111	138	149	175	99.66666666666667
NM_001180705.1	25	40	56	80	91	117	147	171	171	99.77777777777777
NM_001178913.1	31	34	54	76	101	126	140	161	175	99.77777777777777
NM_001179624.1	21	40	51	93	108	122	145	145	173	99.77777777777777
NM_001179001.1	22	29	61	81	107	123	144	163	168	99.77777777777777
NM_001183462.1	25	41	56	86	90	108	144	155	194	99.88888888888889
NM_001179436.1	15	48	57	78	94	148	128	153	178	99.88888888888889
NM_001183792.1	23	33	60	80	102	122	147	162	170	99.88888888888889
NM_001181704.1	19	43	61	89	89	117	143	154	186	100.11111111111111
NM_001179460.1	18	41	66	82	103	119	151	138	184	100.22222222222223
NM_001182035.1	23	40	58	82	102	113	143	159	183	100.33333333333333
NM_001182069.1	22	51	53	76	115	133	136	148	170	100.44444444444444
NM_001179676.1	21	34	45	76	86	130	160	165	187	100.44444444444444
NM_001181691.3	17	37	57	79	99	126	146	174	170	100.55555555555556
NM_001183444.1	17	42	46	74	110	121	149	164	183	100.66666666666667
NM_001179505.1	21	44	41	72	114	118	148	168	181	100.77777777777777
NM_001183793.3	19	45	66	62	93	118	143	164	197	100.77777777777777
NM_001184002.1	20	32	53	76	110	113	150	166	187	100.77777777777777
NM_001179568.1	14	42	72	77	108	125	123	160	186	100.77777777777777
NM_001178972.3	18	30	53	85	95	119	155	172	181	100.88888888888889
NM_001184117.1	20	51	56	91	103	115	139	149	184	100.88888888888889
NM_001183078.1	18	39	64	92	91	135	125	162	183	101.0
NM_001182738.1	22	36	67	70	94	140	140	159	181	101.0
NM_001181099.1	21	38	59	91	91	116	139	182	173	101.11111111111111
NM_001179044.1	25	45	55	81	86	129	144	161	186	101.33333333333333
NM_001183942.1	17	38	58	92	111	118	154	159	165	101.33333333333333
NM_001180835.4	20	41	51	78	98	120	158	142	204	101.33333333333333
NM_001183630.1	18	43	50	88	106	125	145	152	185	101.33333333333333
NM_001183780.1	26	49	60	90	105	117	126	153	187	101.44444444444444
NM_001180772.3	18	37	64	80	107	118	138	164	188	101.55555555555556
NM_001182275.3	16	46	59	95	100	126	142	156	174	101.55555555555556
NM_001181087.1	26	43	56	79	92	129	153	154	182	101.55555555555556
NM_001183984.1	15	46	58	88	93	133	137	170	175	101.66666666666667
NM_001179739.1	21	43	62	84	111	106	141	167	180	101.66666666666667
NM_001180500.3	29	38	54	91	107	131	145	149	172	101.77777777777777
NM_001179644.1	15	36	66	74	98	101	156	171	199	101.77777777777777
NM_001183762.1	18	45	65	85	105	115	136	152	196	101.88888888888889
NM_001183442.1	20	31	69	87	95	116	141	165	194	102.0
NM_001179938.1	19	41	60	76	101	121	137	180	183	102.0
NM_001179745.1	28	31	67	83	99	127	147	158	179	102.11111111111111
NM_001178689.1	17	35	64	69	110	129	141	165	189	102.11111111111111
NM_001181325.1	13	47	63	104	90	135	113	187	167	102.11111111111111
NM_001180903.1	17	32	69	76	88	136	149	169	185	102.33333333333333
NM_001180279.1	20	40	62	96	89	114	147	168	186	102.44444444444444
NM_001183105.1	13	45	67	80	105	119	146	164	184	102.55555555555556
NM_001180930.1	25	36	58	82	100	133	137	168	184	102.55555555555556
NM_001182447.1	20	41	62	80	86	120	161	167	186	102.55555555555556
NM_001181612.2	21	37	70	80	106	122	136	166	186	102.66666666666667
NM_001179042.3	20	41	59	89	97	131	156	152	180	102.77777777777777
NM_001181973.1	11	42	71	78	98	127	134	174	190	102.77777777777777
NM_001182763.1	18	36	56	79	109	108	149	162	208	102.77777777777777
NM_001182174.1	22	46	64	83	107	116	142	158	189	103.0
NM_001178741.1	15	51	66	88	101	110	139	179	179	103.11111111111111
NM_001184474.3	17	35	76	85	105	120	145	152	194	103.22222222222223
NM_001183074.1	24	46	69	77	108	133	148	159	166	103.33333333333333
NM_001179933.1	20	50	63	77	116	123	152	156	173	103.33333333333333
NM_001178458.3	24	38	49	82	104	114	151	181	188	103.44444444444444
NM_001179133.1	29	34	61	88	114	117	155	153	180	103.44444444444444
NM_001181224.1	16	37	60	95	111	133	130	172	177	103.44444444444444
NM_001179560.1	17	41	53	80	105	128	153	171	184	103.55555555555556
NM_001180559.3	24	41	60	82	107	129	134	171	184	103.55555555555556
NM_001184188.1	22	41	59	81	103	129	143	164	191	103.66666666666667
NM_001179376.1	25	38	58	94	93	125	152	168	181	103.77777777777777
NM_001178871.3	19	39	76	90	106	118	142	157	187	103.77777777777777
NM_001179377.1	23	39	55	85	113	135	139	163	182	103.77777777777777
NM_001180759.3	24	30	56	78	103	145	141	171	187	103.88888888888889
NM_001182540.1	20	43	61	81	90	130	155	177	178	103.88888888888889
NM_001181034.1	23	39	61	81	116	114	146	180	175	103.88888888888889
NM_001179458.1	17	42	53	78	103	122	165	165	191	104.0
NM_001178556.1	23	41	57	95	109	137	137	155	182	104.0
NM_001180446.3	26	40	56	85	105	129	136	161	198	104.0
NM_001184348.1	22	46	66	75	105	124	149	158	192	104.11111111111111
NM_001180204.1	19	37	71	97	97	116	144	170	187	104.22222222222223
NM_001180485.1	17	38	67	82	103	140	145	146	201	104.33333333333333
NM_001182387.1	25	36	70	87	109	122	150	168	172	104.33333333333333
NM_001183749.3	31	33	60	80	100	132	163	166	175	104.44444444444444
NM_001181982.1	18	31	68	81	106	145	152	150	189	104.44444444444444
NM_001179346.1	19	43	67	78	104	136	156	170	168	104.55555555555556
NM_001178362.1	21	37	58	78	99	132	147	165	205	104.66666666666667
NM_001183342.1	16	34	59	82	112	138	143	156	202	104.66666666666667
NM_001184157.1	24	41	50	86	97	123	155	173	193	104.66666666666667
NM_001183531.1	21	40	68	94	94	119	156	168	183	104.77777777777777
NM_001183224.1	16	41	80	86	97	117	143	189	174	104.77777777777777
NM_001184263.1	19	39	59	88	119	135	133	162	189	104.77777777777777
NM_001182031.1	20	39	76	91	101	130	148	147	193	105.0
NM_001183159.1	9	46	75	95	92	126	149	169	184	105.0
NM_001183387.1	21	38	57	84	96	121	136	191	201	105.0
NM_001184653.1	20	43	60	91	108	128	161	164	171	105.11111111111111
NM_001178800.1	26	36	57	93	122	118	140	157	198	105.22222222222223
NM_001182099.1	24	46	65	91	100	126	141	159	195	105.22222222222223
NM_001178341.1	21	36	75	69	105	132	145	169	195	105.22222222222223
NM_001180458.1	21	41	55	80	98	140	137	182	193	105.22222222222223
NM_001183538.3	19	40	68	80	103	110	166	172	190	105.33333333333333
NM_001184377.1	13	38	66	85	101	114	139	175	217	105.33333333333333
NM_001179101.1	22	50	65	92	106	121	133	162	198	105.44444444444444
NM_001182379.1	23	52	66	88	101	129	147	166	177	105.44444444444444
NM_001178297.2	31	43	64	72	101	121	147	176	195	105.55555555555556
NM_001180253.1	25	32	60	82	110	116	152	164	210	105.66666666666667
NM_001182862.1	18	47	59	74	116	129	137	178	193	105.66666666666667
NM_001179752.1	27	39	65	98	101	127	147	155	192	105.66666666666667
NM_001184309.3	21	46	66	76	105	123	154	179	181	105.66666666666667
NM_001180675.1	26	47	68	104	117	117	146	149	178	105.77777777777777
NM_001180842.1	20	34	57	79	114	131	149	165	203	105.77777777777777
NM_001178309.1	24	48	59	80	95	130	143	180	194	105.88888888888889
NM_001183995.1	20	35	54	103	125	105	141	168	203	106.0
NM_001181932.1	20	27	66	82	110	107	163	187	192	106.0
NM_001183509.1	23	45	80	84	111	118	129	165	200	106.11111111111111
NM_001184683.1	22	37	60	87	113	124	149	187	176	106.11111111111111
NM_001182704.1	12	50	62	90	109	136	137	167	192	106.11111111111111
NM_001181747.1	18	54	66	74	107	140	157	162	177	106.11111111111111
NM_001183315.1	30	28	56	97	105	135	170	154	180	106.11111111111111
NM_001178227.1	14	46	58	80	115	137	154	163	189	106.22222222222223
NM_001179370.3	24	28	73	79	118	114	157	162	201	106.22222222222223
NM_001183671.1	25	39	56	80	102	141	142	178	194	106.33333333333333
NM_001178294.1	26	38	68	85	111	125	150	162	192	106.33333333333333
NM_001179654.1	15	48	61	84	97	146	154	161	191	106.33333333333333
NM_001178699.1	19	38	67	78	118	127	150	176	184	106.33333333333333
NM_001178907.1	21	39	59	92	111	135	151	160	189	106.33333333333333
NM_001179203.1	13	48	59	77	111	135	147	181	186	106.33333333333333
NM_001179222.2	29	43	69	70	121	114	154	166	191	106.33333333333333
NM_001179469.1	18	40	72	84	105	133	148	160	198	106.44444444444444
NM_001178678.1	15	38	50	80	98	136	137	195	209	106.44444444444444
NM_001181406.3	19	45	74	94	107	120	147	173	182	106.77777777777777
NM_001178747.1	24	43	66	80	108	134	137	175	194	106.77777777777777
NM_001183335.1	21	49	69	85	100	139	131	179	189	106.88888888888889
NM_001184029.1	28	44	67	79	114	126	141	183	180	106.88888888888889
NM_001181951.1	20	47	68	72	108	131	139	185	192	106.88888888888889
NM_001183929.1	20	30	60	88	114	124	141	177	209	107.0
NM_001179318.3	19	40	54	94	108	135	157	177	180	107.11111111111111
NM_001182520.1	20	37	57	88	112	134	137	177	202	107.11111111111111
NM_001179679.1	18	46	61	76	95	137	167	171	194	107.22222222222223
NM_001180714.1	16	46	65	78	110	139	152	180	180	107.33333333333333
NM_001181938.1	13	40	60	101	110	124	141	182	196	107.44444444444444
NM_001180234.1	18	51	75	87	98	117	160	172	190	107.55555555555556
NM_001181043.1	22	43	70	76	94	135	155	170	203	107.55555555555556
NM_001183126.1	18	53	59	93	88	123	161	181	193	107.66666666666667
NM_001179740.1	19	46	65	77	125	110	154	166	207	107.66666666666667
NM_001183280.1	30	45	62	80	105	122	152	175	200	107.88888888888889
NM_001182500.1	21	37	75	89	105	135	143	172	195	108.0
NM_001179082.1	29	54	63	76	103	145	138	165	199	108.0
NM_001179454.1	16	38	52	92	102	126	160	174	213	108.11111111111111
NM_001182321.1	18	52	75	94	90	123	156	174	193	108.33333333333333
NM_001179695.2	18	38	65	96	115	123	159	167	195	108.44444444444444
NM_001181956.1	22	42	71	86	101	134	142	175	204	108.55555555555556
NM_001179413.1	16	42	63	82	102	144	164	175	190	108.66666666666667
NM_001182302.3	26	43	58	96	104	144	128	179	200	108.66666666666667
NM_001180864.1	35	43	61	87	100	114	152	186	200	108.66666666666667
NM_001178333.1	31	41	62	87	122	143	141	153	198	108.66666666666667
NM_001183130.1	24	40	62	89	110	133	150	175	197	108.88888888888889
NM_001183183.3	15	40	57	91	111	131	154	185	196	108.88888888888889
NM_001181349.1	21	49	48	87	94	141	160	171	209	108.88888888888889
NM_001182372.1	18	47	60	92	110	126	142	190	196	109.0
NM_001183497.1	18	44	76	80	110	119	158	172	204	109.0
NM_001184066.1	25	43	54	87	100	125	158	183	207	109.11111111111111
NM_001180460.3	19	43	68	92	115	126	149	181	190	109.22222222222223
NM_001181784.1	18	49	65	94	115	136	152	164	190	109.22222222222223
NM_001179306.3	26	35	71	89	120	126	152	170	195	109.33333333333333
NM_001179793.1	24	43	78	95	92	131	172	167	182	109.33333333333333
NM_001181400.4	18	42	60	93	108	117	156	174	217	109.44444444444444
NM_001180659.3	15	46	68	98	97	130	153	178	200	109.44444444444444
NM_001182853.3	27	45	78	98	109	133	156	153	186	109.44444444444444
NM_001179479.1	20	38	57	85	120	127	171	166	202	109.55555555555556
NM_001181906.1	25	45	50	89	108	122	172	169	207	109.66666666666667
NM_001179771.1	27	44	55	90	121	121	141	185	203	109.66666666666667
NM_001183435.1	15	38	65	88	106	123	146	187	219	109.66666666666667
NM_001182954.3	20	43	73	83	105	131	154	174	206	109.88888888888889
NM_001181364.1	23	50	78	80	111	113	173	170	191	109.88888888888889
NM_001183735.1	27	35	66	103	95	126	158	170	209	109.88888888888889
NM_001181709.1	29	35	65	76	111	154	161	175	184	110.0
NM_001180450.3	25	43	66	88	120	117	151	176	205	110.11111111111111
NM_001182799.1	24	40	66	92	107	129	163	176	194	110.11111111111111
NM_001183019.2	24	47	75	85	116	125	161	163	195	110.11111111111111
NM_001181424.1	21	36	66	75	105	132	151	194	212	110.22222222222223
NM_001181208.1	31	31	66	78	118	138	144	179	208	110.33333333333333
NM_001179206.1	23	47	56	83	107	136	152	176	215	110.55555555555556
NM_001183136.1	28	50	81	72	108	150	130	179	197	110.55555555555556
NM_001179526.1	24	38	64	89	106	144	167	173	190	110.55555555555556
NM_001181782.3	13	47	79	81	115	128	157	182	194	110.66666666666667
NM_001179533.1	16	38	72	108	98	124	167	178	195	110.66666666666667
NM_001183299.1	29	55	63	79	109	146	152	187	177	110.77777777777777
NM_001178275.1	27	39	60	92	91	134	151	182	222	110.88888888888889
NM_001184269.1	17	43	62	93	102	134	181	177	189	110.88888888888889
NM_001180392.3	17	45	57	92	115	139	146	194	196	111.22222222222223
NM_001183102.1	20	44	63	109	97	138	157	173	200	111.22222222222223
NM_001181356.2	19	40	66	86	118	137	152	179	204	111.22222222222223
NM_001182005.1	22	42	73	88	100	124	163	181	208	111.22222222222223
NM_001179478.1	23	48	62	93	114	113	146	193	209	111.22222222222223
NM_001183273.1	22	49	73	95	112	120	169	170	192	111.33333333333333
NM_001182371.1	24	42	71	93	101	136	149	186	201	111.44444444444444
NM_001180411.1	23	42	71	81	115	131	157	170	215	111.66666666666667
NM_001181548.1	23	40	64	88	126	140	154	172	198	111.66666666666667
NM_001180238.1	23	49	57	91	115	141	151	186	193	111.77777777777777
NM_001178832.3	23	44	61	100	100	125	164	186	203	111.77777777777777
NM_001181830.1	24	38	76	102	121	143	129	178	196	111.88888888888889
NM_001178450.1	21	45	55	104	106	128	165	183	200	111.88888888888889
NM_001181981.1	20	44	58	92	118	142	162	186	185	111.88888888888889
NM_001179586.1	27	44	63	84	117	128	163	188	194	112.0
NM_001180952.1	20	48	62	99	109	116	166	175	213	112.0
NM_001181327.3	26	36	65	79	114	136	170	176	206	112.0
NM_001181936.1	25	51	67	91	107	133	149	182	204	112.11111111111111
NM_001183059.1	24	46	66	86	113	138	141	181	215	112.22222222222223
NM_001181194.1	16	29	68	100	119	138	166	188	187	112.33333333333333
NM_001183401.1	24	41	65	89	111	136	158	194	194	112.44444444444444
NM_001183506.1	25	49	91	74	124	139	142	171	198	112.55555555555556
NM_001184216.1	21	46	73	89	134	134	134	177	206	112.66666666666667
NM_001183639.1	21	52	71	105	113	121	152	183	196	112.66666666666667
NM_001182792.1	13	39	72	93	111	135	159	189	204	112.77777777777777
NM_001181162.3	19	45	64	79	115	134	167	182	211	112.88888888888889
NM_001181148.3	21	51	74	97	113	140	166	172	183	113.0
NM_001182782.1	27	39	59	83	116	136	153	191	215	113.22222222222223
NM_001179483.1	27	30	83	96	118	123	141	183	219	113.33333333333333
NM_001182025.1	20	40	62	96	121	149	161	168	204	113.44444444444444
NM_001183722.3	21	50	63	95	129	127	156	177	203	113.44444444444444
NM_001179691.1	14	36	62	84	123	155	152	189	206	113.44444444444444
NM_001178591.3	22	44	69	96	114	130	184	167	196	113.55555555555556
NM_001181942.1	25	44	57	100	104	128	152	194	220	113.77777777777777
NM_001180147.1	24	39	59	95	117	124	178	179	209	113.77777777777777
NM_001178908.1	20	31	68	103	126	155	153	166	205	114.11111111111111
NM_001178729.1	26	44	73	82	113	140	162	187	200	114.11111111111111
NM_001179779.1	23	54	68	101	118	126	158	188	191	114.11111111111111
NM_001180720.3	25	47	68	97	113	136	152	184	205	114.11111111111111
NM_001179976.1	16	44	72	89	125	147	157	175	203	114.22222222222223
NM_001179058.1	27	41	68	89	113	130	161	184	215	114.22222222222223
NM_001183403.1	30	53	72	92	117	140	142	178	204	114.22222222222223
NM_001181496.1	35	36	73	98	121	114	157	179	215	114.22222222222223
NM_001179317.1	20	45	65	90	121	133	152	186	217	114.33333333333333
NM_001179199.1	22	51	65	91	118	125	175	189	195	114.55555555555556
NM_001180800.1	16	48	56	97	108	140	161	205	202	114.77777777777777
NM_001179923.1	26	48	63	83	114	151	163	184	203	115.0
NM_001183015.2	21	52	57	95	125	135	173	185	192	115.0
NM_001179885.1	28	48	62	91	108	154	168	167	210	115.11111111111111
NM_001183830.2	22	49	77	79	116	135	170	177	211	115.11111111111111
NM_001178508.3	27	49	62	84	117	151	148	193	205	115.11111111111111
NM_001181062.2	15	51	67	99	122	133	145	193	212	115.22222222222223
NM_001181925.1	17	41	71	87	109	146	159	198	211	115.44444444444444
NM_001183579.1	23	46	69	86	118	139	157	189	213	115.55555555555556
NM_001181052.1	15	39	66	86	123	141	178	191	202	115.66666666666667
NM_001179953.1	23	39	78	97	127	123	167	192	196	115.77777777777777
NM_001179688.1	22	41	65	89	115	147	159	182	222	115.77777777777777
NM_001180176.1	22	39	55	93	108	158	163	186	218	115.77777777777777
NM_001182307.3	30	50	75	103	118	127	150	185	205	115.88888888888889
NM_001180716.3	21	44	66	105	123	136	151	199	199	116.0
NM_001180408.3	24	44	72	96	115	139	156	196	203	116.11111111111111
NM_001178277.1	22	39	86	102	115	136	160	173	213	116.22222222222223
NM_001179796.3	24	43	89	96	106	135	165	191	198	116.33333333333333
NM_001184172.1	20	58	75	92	113	134	164	179	212	116.33333333333333
NM_001181055.1	20	44	68	85	106	156	160	188	221	116.44444444444444
NM_001184477.3	26	39	71	89	101	145	159	202	216	116.44444444444444
NM_001182145.1	29	41	77	107	111	143	156	187	198	116.55555555555556
NM_001181161.3	23	42	80	103	113	163	153	180	192	116.55555555555556
NM_001178853.1	19	49	81	98	113	126	175	198	190	116.55555555555556
NM_001178621.1	28	43	64	95	132	139	153	190	206	116.66666666666667
NM_001182861.3	19	41	70	97	114	144	156	194	215	116.66666666666667
NM_001182149.1	21	59	80	82	108	145	152	191	213	116.77777777777777
NM_001179978.1	22	45	81	92	119	142	164	173	213	116.77777777777777
NM_001184013.1	18	42	68	94	120	138	162	198	211	116.77777777777777
NM_001181226.1	36	43	62	103	112	145	153	187	210	116.77777777777777
NM_001182501.1	20	39	63	94	119	151	179	173	213	116.77777777777777
NM_001181966.1	24	43	62	84	133	142	164	190	210	116.88888888888889
NM_001180058.2	16	47	76	100	128	141	152	175	217	116.88888888888889
NM_001179214.1	23	36	78	87	111	140	169	194	214	116.88888888888889
NM_001182001.1	22	46	79	86	112	140	171	170	226	116.88888888888889
NM_001178613.2	35	44	61	98	110	129	163	190	223	117.0
NM_001181724.1	16	38	82	94	114	159	174	183	193	117.0
NM_001182110.1	27	43	64	97	119	145	179	167	213	117.11111111111111
NM_001183203.1	31	42	82	93	106	128	165	183	224	117.11111111111111
NM_001183607.3	22	49	65	99	129	142	165	186	197	117.11111111111111
NM_001178899.1	23	47	59	96	120	154	152	188	215	117.11111111111111
NM_001179431.2	22	53	64	98	114	144	151	202	207	117.22222222222223
NM_001178776.1	27	56	75	96	117	131	168	183	203	117.33333333333333
NM_001181326.1	11	55	79	98	110	156	158	172	217	117.33333333333333
NM_001181405.1	29	45	58	79	119	124	163	202	237	117.33333333333333
NM_001178470.1	19	48	81	103	121	128	152	195	210	117.44444444444444
NM_001182665.1	21	45	74	92	117	148	165	180	217	117.66666666666667
NM_001183261.1	23	49	75	86	107	147	160	201	211	117.66666666666667
NM_001182512.1	25	53	82	95	124	130	166	188	196	117.66666666666667
NM_001183376.1	28	33	61	100	127	135	171	197	207	117.66666666666667
NM_001181324.3	27	44	64	95	117	137	170	186	219	117.66666666666667
NM_001181173.1	19	55	62	90	143	147	159	170	215	117.77777777777777
NM_001181913.1	24	44	71	93	113	141	166	189	221	118.0
NM_001182541.1	28	53	68	114	121	149	154	186	191	118.22222222222223
NM_001182094.1	30	46	57	109	130	137	154	192	210	118.33333333333333
NM_001181520.1	31	51	65	86	121	149	169	178	216	118.44444444444444
NM_001179864.3	33	46	72	98	113	137	161	192	217	118.77777777777777
NM_001183011.1	26	47	60	82	105	166	178	199	207	118.88888888888889
NM_001179672.1	28	43	71	99	111	142	167	194	216	119.0
NM_001181795.1	23	56	65	89	114	151	168	187	220	119.22222222222223
NM_001179875.1	26	37	79	102	111	142	183	188	206	119.33333333333333
NM_001182821.1	18	50	57	100	114	152	175	196	213	119.44444444444444
NM_001178162.2	23	49	74	102	104	149	179	186	210	119.55555555555556
NM_001178442.2	25	45	75	91	123	147	174	198	198	119.55555555555556
NM_001181706.1	16	46	57	98	137	143	169	211	199	119.55555555555556
NM_001181098.1	21	58	71	92	117	148	175	179	215	119.55555555555556
NM_001180956.3	32	51	77	78	107	146	155	213	217	119.55555555555556
NM_001179842.1	22	53	70	117	119	132	185	179	201	119.77777777777777
NM_001180494.3	23	60	81	104	123	147	151	180	209	119.77777777777777
NM_001181415.1	23	47	83	87	122	145	157	181	235	120.0
NM_001182893.3	28	53	55	91	111	136	166	206	235	120.11111111111111
NM_001180325.3	23	50	86	101	102	143	162	198	216	120.11111111111111
NM_001179337.3	23	41	64	111	120	137	165	200	221	120.22222222222223
NM_001182096.1	29	42	71	107	113	141	158	183	238	120.22222222222223
NM_001183845.1	27	47	76	103	114	122	169	195	229	120.22222222222223
NM_001181601.2	23	46	83	80	112	146	168	203	222	120.33333333333333
NM_001181895.1	25	49	80	87	123	153	162	199	205	120.33333333333333
NM_001183551.3	25	51	77	85	106	141	172	206	221	120.44444444444444
NM_001180932.3	28	48	56	107	118	152	174	203	199	120.55555555555556
NM_001182999.3	25	39	71	97	117	159	164	188	225	120.55555555555556
NM_001182536.1	21	46	59	98	120	152	169	192	229	120.66666666666667
NM_001181834.1	23	51	73	85	126	149	170	189	220	120.66666666666667
NM_001181254.1	24	41	55	95	126	166	168	198	213	120.66666666666667
NM_001183076.1	25	52	78	90	126	140	171	193	212	120.77777777777777
NM_001178431.3	22	54	57	108	115	162	154	207	210	121.0
NM_001181177.1	18	51	70	105	114	148	160	206	217	121.0
NM_001178986.3	18	41	74	107	114	141	186	200	209	121.11111111111111
NM_001180430.1	25	59	59	96	117	150	170	187	227	121.11111111111111
NM_001180284.1	25	50	71	104	121	131	166	199	223	121.11111111111111
NM_001179858.1	22	46	73	84	132	131	183	195	225	121.22222222222223
NM_001181136.1	25	41	78	82	115	151	166	203	230	121.22222222222223
NM_001179202.2	20	49	77	99	118	160	157	198	214	121.33333333333333
NM_001180005.2	25	48	65	90	126	142	170	193	234	121.44444444444444
NM_001179857.3	26	51	86	100	118	134	181	170	227	121.44444444444444
NM_001179628.1	25	54	63	85	129	141	161	213	222	121.44444444444444
NM_001182377.1	28	33	83	97	122	138	185	194	215	121.66666666666667
NM_001178215.2	19	58	83	76	120	149	169	204	217	121.66666666666667
NM_001183702.1	21	40	78	102	131	146	169	195	214	121.77777777777777
NM_001183614.3	31	51	67	95	136	146	176	184	212	122.0
NM_001181185.1	28	58	72	96	113	146	169	195	221	122.0
NM_001179828.1	27	50	73	111	122	137	171	184	225	122.22222222222223
NM_001182438.1	18	49	69	113	131	148	161	196	215	122.22222222222223
NM_001184059.1	22	49	61	95	116	160	169	196	233	122.33333333333333
NM_001178301.1	23	43	67	107	120	140	176	204	222	122.44444444444444
NM_001180249.1	24	49	62	98	134	159	178	185	213	122.44444444444444
NM_001182784.1	25	55	85	87	139	149	155	194	215	122.66666666666667
NM_001179491.1	34	42	71	99	132	148	165	194	221	122.88888888888889
NM_001180314.3	25	65	95	86	102	147	172	192	223	123.0
NM_001182897.1	28	45	60	109	126	156	181	196	207	123.11111111111111
NM_001183266.1	28	35	64	97	117	146	177	194	251	123.22222222222223
NM_001181980.1	23	36	71	82	128	152	173	220	224	123.22222222222223
NM_001184330.1	32	61	63	83	123	145	169	204	230	123.33333333333333
NM_001179502.3	29	50	83	92	109	153	167	207	220	123.33333333333333
NM_001179414.2	25	52	75	101	128	143	176	203	209	123.55555555555556
NM_001179768.1	26	61	77	97	120	146	163	177	245	123.55555555555556
NM_001180628.1	20	58	86	100	125	149	161	186	227	123.55555555555556
NM_001179966.1	20	53	90	84	120	134	193	211	208	123.66666666666667
NM_001179665.1	29	53	88	110	111	149	172	189	212	123.66666666666667
NM_001182130.1	18	57	76	103	126	152	165	196	221	123.77777777777777
NM_001182020.1	26	38	89	90	121	151	188	201	210	123.77777777777777
NM_001182989.3	24	42	64	111	129	147	171	203	224	123.88888888888889
NM_001183991.1	26	46	66	109	116	134	179	221	218	123.88888888888889
NM_001183736.3	28	52	73	100	100	159	166	210	228	124.0
NM_001182559.1	20	58	58	120	130	146	172	195	219	124.22222222222223
NM_001181146.1	22	44	70	95	118	157	186	199	227	124.22222222222223
NM_001180273.1	23	47	80	100	137	144	184	186	219	124.44444444444444
NM_001179369.1	28	46	75	96	120	155	169	212	219	124.44444444444444
NM_001179358.3	17	58	78	106	133	168	155	179	227	124.55555555555556
NM_001184056.1	27	54	69	103	140	151	163	198	217	124.66666666666667
NM_001179186.2	25	50	65	90	134	169	167	200	222	124.66666666666667
NM_001178478.3	25	52	76	99	136	138	165	204	228	124.77777777777777
NM_001183458.1	25	40	86	110	140	150	165	199	210	125.0
NM_001178609.1	17	50	78	109	142	157	156	199	217	125.0
NM_001179544.1	20	55	83	87	142	148	173	183	235	125.11111111111111
NM_001180327.1	23	56	79	90	128	143	180	194	235	125.33333333333333
NM_001179878.3	21	61	63	98	135	149	167	225	209	125.33333333333333
NM_001179278.1	24	52	55	115	127	154	167	198	236	125.33333333333333
NM_001179510.1	21	44	71	96	141	159	182	205	209	125.33333333333333
NM_001179999.1	28	47	79	104	127	148	176	209	211	125.44444444444444
NM_001179180.1	21	54	69	110	126	147	178	192	232	125.44444444444444
NM_001179594.3	38	46	56	95	135	155	189	192	223	125.44444444444444
NM_001180897.3	32	58	78	101	127	130	182	184	237	125.44444444444444
NM_001182843.1	26	47	67	103	124	167	178	212	206	125.55555555555556
NM_001180413.3	24	55	89	103	129	145	196	188	201	125.55555555555556
NM_001182391.1	23	48	65	95	128	154	179	196	243	125.66666666666667
NM_001180474.3	28	51	80	89	119	161	185	212	206	125.66666666666667
NM_001180813.2	23	43	67	99	129	159	174	196	241	125.66666666666667
NM_001180938.3	27	56	77	97	120	151	167	208	229	125.77777777777777
NM_001183369.1	30	46	71	99	129	162	189	192	215	125.88888888888889
NM_001180878.1	21	45	76	117	109	173	166	192	234	125.88888888888889
NM_001178761.1	22	42	78	94	124	146	186	212	230	126.0
NM_001179008.1	26	50	70	91	119	150	176	209	243	126.0
NM_001181015.1	27	52	66	104	118	147	184	195	244	126.33333333333333
NM_001179355.1	18	52	90	90	152	148	174	200	214	126.44444444444444
NM_001180297.2	25	48	77	100	123	159	186	177	243	126.44444444444444
NM_001180224.1	23	67	78	92	138	147	172	202	221	126.66666666666667
NM_001183274.1	27	43	79	115	118	152	169	205	233	126.77777777777777
NM_001179475.1	26	52	75	96	134	157	164	193	244	126.77777777777777
NM_001180106.1	25	56	91	89	119	144	178	201	239	126.88888888888889
NM_001180225.1	28	57	89	112	109	149	171	211	216	126.88888888888889
NM_001180158.1	33	44	57	117	135	167	161	214	218	127.33333333333333
NM_001181537.1	25	59	72	111	121	139	178	208	234	127.44444444444444
NM_001178441.3	22	41	70	94	127	175	195	199	224	127.44444444444444
NM_001182221.1	34	52	74	117	127	164	154	206	221	127.66666666666667
NM_001181287.3	24	55	62	107	136	157	189	188	231	127.66666666666667
NM_001181953.1	26	42	81	93	134	174	168	213	219	127.77777777777777
NM_001179360.3	25	46	73	93	139	164	180	190	241	127.88888888888889
NM_001181534.1	25	54	72	90	123	149	167	224	248	128.0
NM_001181682.3	19	53	78	119	135	150	169	207	223	128.11111111111111
NM_001179218.1	22	41	64	95	142	161	177	215	236	128.11111111111111
NM_001183776.1	18	56	87	111	123	171	175	185	227	128.11111111111111
NM_001181689.1	20	54	71	100	134	158	172	199	245	128.11111111111111
NM_001181598.1	23	44	85	101	126	153	202	208	212	128.22222222222223
NM_001179525.3	30	57	90	106	126	144	155	207	239	128.22222222222223
NM_001184251.1	27	50	82	99	129	155	173	195	244	128.22222222222223
NM_001183613.1	19	60	69	96	121	162	183	201	244	128.33333333333334
NM_001178186.1	28	57	83	101	125	147	173	197	246	128.55555555555554
NM_001183488.1	31	45	82	103	133	156	189	195	224	128.66666666666666
NM_001183313.2	21	58	79	107	119	156	169	206	243	128.66666666666666
NM_001182510.1	26	58	81	91	126	146	179	207	244	128.66666666666666
NM_001184211.1	21	52	62	107	135	144	182	218	237	128.66666666666666
NM_001182210.1	20	51	60	92	150	156	191	199	240	128.77777777777777
NM_001183228.1	21	47	78	109	122	157	198	204	223	128.77777777777777
NM_001179958.1	25	54	74	95	139	158	182	197	235	128.77777777777777
NM_001180124.1	29	52	66	94	134	157	186	209	234	129.0
NM_001181085.1	20	39	78	88	124	163	187	213	251	129.22222222222223
NM_001182726.1	38	54	83	105	117	145	171	224	226	129.22222222222223
NM_001180995.3	19	46	77	105	126	170	183	214	224	129.33333333333334
NM_001180210.1	27	54	83	102	147	150	186	208	207	129.33333333333334
NM_001183990.1	21	49	71	121	141	144	182	195	240	129.33333333333334
NM_001184170.1	25	56	84	101	137	148	176	198	240	129.44444444444446
NM_001179451.1	32	58	74	89	137	159	184	204	229	129.55555555555554
NM_001180175.1	29	63	87	104	125	135	196	201	228	129.77777777777777
NM_001184120.1	25	67	83	91	136	155	178	215	219	129.88888888888889
NM_001178578.1	29	63	92	104	135	156	166	203	221	129.88888888888889
NM_001183926.1	27	42	87	106	132	161	156	215	243	129.88888888888889
NM_001181016.1	25	49	75	115	140	148	185	218	216	130.11111111111111
NM_001182991.1	14	62	83	92	128	163	174	209	246	130.11111111111111
NM_001180827.3	18	48	91	98	130	161	186	204	236	130.22222222222223
NM_001179272.1	34	51	70	133	130	164	154	206	231	130.33333333333334
NM_001178555.4	21	43	89	120	123	142	185	219	231	130.33333333333334
NM_001182766.1	26	51	87	104	145	148	184	198	231	130.44444444444446
NM_001183992.1	29	48	76	96	140	163	182	220	221	130.55555555555554
NM_001181555.1	27	46	69	121	137	145	176	207	249	130.77777777777777
NM_001179386.1	29	59	73	110	137	150	188	205	226	130.77777777777777
NM_001181558.1	25	56	68	92	126	164	180	214	252	130.77777777777777
NM_001181439.3	16	48	81	108	135	161	185	196	247	130.77777777777777
NM_001184232.1	28	55	59	102	120	170	174	220	250	130.88888888888889
NM_001182874.1	27	52	80	121	116	166	176	210	231	131.0
NM_001183384.1	18	43	78	117	130	174	184	212	223	131.0
NM_001183756.1	18	59	56	107	139	158	170	213	260	131.11111111111111
NM_001182198.1	25	51	73	107	136	163	179	212	234	131.11111111111111
NM_001183820.1	28	48	83	110	128	169	194	207	214	131.22222222222223
NM_001179332.1	33	54	78	94	127	171	188	192	245	131.33333333333334
NM_001179981.1	25	54	77	112	115	169	182	207	242	131.44444444444446
NM_001184035.1	23	64	76	114	128	158	186	212	222	131.44444444444446
NM_001180226.1	26	49	91	88	145	153	189	214	229	131.55555555555554
NM_001179279.1	29	52	68	114	117	162	183	223	237	131.66666666666666
NM_001180611.3	23	45	85	106	135	167	173	212	240	131.77777777777777
NM_001181675.1	19	49	92	116	131	162	175	206	238	132.0
NM_001179372.1	21	45	88	116	143	142	183	206	245	132.11111111111111
NM_001182070.1	23	45	79	108	139	163	204	199	231	132.33333333333334
NM_001179111.1	25	74	85	107	139	164	159	196	242	132.33333333333334
NM_001181843.1	32	50	76	117	129	153	186	216	233	132.44444444444446
NM_001182050.1	30	52	75	106	127	173	188	211	230	132.44444444444446
NM_001179127.2	18	60	78	103	138	162	180	203	250	132.44444444444446
NM_001183844.1	26	61	79	105	127	154	200	210	231	132.55555555555554
NM_001183777.3	24	45	64	107	133	168	192	223	238	132.66666666666666
NM_001180641.3	25	51	86	101	135	168	192	204	234	132.88888888888889
NM_001180884.3	28	42	86	106	125	153	203	200	254	133.0
NM_001182985.1	30	45	81	87	143	162	186	229	236	133.22222222222223
NM_001178629.3	27	57	69	120	116	151	191	225	244	133.33333333333334
NM_001179146.1	29	36	84	108	136	151	204	211	242	133.44444444444446
NM_001182975.3	21	47	86	105	148	180	176	201	237	133.44444444444446
NM_001182306.1	29	60	89	109	116	154	181	207	257	133.55555555555554
NM_001183724.1	25	55	66	124	122	161	179	228	243	133.66666666666666
NM_001180784.1	23	54	79	94	134	164	186	219	253	134.0
NM_001183238.1	32	50	82	126	119	142	180	220	255	134.0
NM_001179993.3	31	52	91	109	130	164	176	213	240	134.0
NM_001180712.3	28	58	79	107	121	167	193	224	229	134.0
NM_001182077.1	34	52	75	117	148	156	182	200	244	134.22222222222223
NM_001182086.1	23	54	78	111	135	177	181	218	232	134.33333333333334
NM_001179160.1	30	58	85	110	129	156	195	218	229	134.44444444444446
NM_001179465.1	31	55	84	85	133	183	177	226	237	134.55555555555554
NM_001179631.2	24	55	93	96	144	176	172	209	243	134.66666666666666
NM_001178266.1	23	55	64	114	133	173	190	202	258	134.66666666666666
NM_001181776.3	29	64	95	116	124	168	199	188	229	134.66666666666666
NM_001180588.1	20	67	83	119	131	144	172	221	256	134.77777777777777
NM_001180719.1	35	46	80	106	135	159	181	229	243	134.88888888888889
NM_001180151.1	26	55	83	118	132	151	207	207	235	134.88888888888889
NM_001183898.1	30	56	79	118	138	157	191	202	244	135.0
NM_001183476.1	24	53	80	119	138	152	210	198	243	135.22222222222223
NM_001181138.3	24	53	62	115	140	162	196	221	244	135.22222222222223
NM_001182415.1	17	66	78	96	136	151	187	227	259	135.22222222222223
NM_001178345.2	24	42	98	104	137	153	195	217	251	135.66666666666666
NM_001182389.1	35	47	88	99	132	154	191	216	260	135.77777777777777
NM_001179245.1	32	64	83	122	121	172	194	208	226	135.77777777777777
NM_001183373.1	26	49	87	132	135	161	170	219	244	135.88888888888889
NM_001182107.1	33	49	78	118	140	161	189	206	249	135.88888888888889
NM_001178325.1	20	48	81	107	159	153	196	219	242	136.11111111111111
NM_001179852.1	27	59	70	107	143	158	193	218	251	136.22222222222223
NM_001182610.1	28	50	71	104	153	166	195	226	233	136.22222222222223
NM_001180355.3	27	46	90	119	130	162	175	212	266	136.33333333333334
NM_001179002.3	27	61	88	105	134	153	208	219	232	136.33333333333334
NM_001180261.1	22	60	87	101	145	159	207	207	240	136.44444444444446
NM_001179084.1	24	47	89	102	146	168	198	207	247	136.44444444444446
NM_001181512.1	40	55	74	117	145	153	188	225	231	136.44444444444446
NM_001178721.1	31	55	63	115	149	158	186	229	244	136.66666666666666
NM_001184142.1	26	52	97	112	149	151	205	212	226	136.66666666666666
NM_001179252.1	18	52	97	109	147	155	182	220	252	136.88888888888889
NM_001181134.3	25	65	90	108	134	155	188	217	250	136.88888888888889
NM_001184042.1	31	56	64	121	135	159	201	215	250	136.88888888888889
NM_001181702.3	21	44	81	119	149	172	195	201	251	137.0
NM_001183264.1	25	66	73	114	142	173	202	197	241	137.0
NM_001182962.3	26	55	87	102	129	156	207	219	252	137.0
NM_001178514.1	27	47	75	126	139	158	180	209	272	137.0
NM_001184145.1	19	57	87	106	150	162	190	213	250	137.11111111111111
NM_001181909.1	19	63	88	108	133	157	189	223	254	137.11111111111111
NM_001181063.1	29	56	66	109	132	170	185	241	247	137.22222222222223
NM_001182534.1	27	67	85	101	132	173	181	224	246	137.33333333333334
NM_001181609.1	24	57	67	109	126	172	191	225	265	137.33333333333334
NM_001183067.1	41	53	85	110	137	163	175	220	253	137.44444444444446
NM_001179097.1	31	52	70	108	137	158	196	229	259	137.77777777777777
NM_001179792.3	31	45	85	126	144	167	179	224	239	137.77777777777777
NM_001183741.1	19	46	73	123	141	179	182	231	246	137.77777777777777
NM_001182844.1	31	50	99	100	127	175	185	225	248	137.77777777777777
NM_001180592.1	26	50	92	104	138	168	201	211	251	137.88888888888889
NM_001181726.3	26	62	84	107	148	153	177	234	250	137.88888888888889
NM_001179943.1	35	68	84	112	136	164	193	204	246	138.0
NM_001184512.1	19	47	76	92	169	168	191	227	253	138.0
NM_001179285.1	16	67	89	113	145	142	210	219	242	138.11111111111111
NM_001180265.1	37	56	78	118	132	166	191	212	253	138.11111111111111
NM_001183932.1	25	57	76	122	156	166	205	212	224	138.11111111111111
NM_001181690.1	20	50	83	105	138	167	200	223	257	138.11111111111111
NM_001181192.3	24	53	71	110	138	159	209	215	264	138.11111111111111
NM_001180133.1	31	54	79	119	145	154	180	235	248	138.33333333333334
NM_001182946.1	27	51	73	113	148	170	194	220	250	138.44444444444446
NM_001180885.1	26	56	81	121	122	157	200	246	238	138.55555555555554
NM_001182929.1	28	57	84	108	118	155	197	238	262	138.55555555555554
NM_001184169.1	27	50	96	105	141	163	193	223	251	138.77777777777777
NM_001183915.1	21	44	93	109	152	182	190	222	237	138.88888888888889
NM_001179548.3	30	49	85	118	133	167	196	230	242	138.88888888888889
NM_001181717.3	31	49	89	105	144	157	193	227	257	139.11111111111111
NM_001180764.3	28	53	84	128	140	161	191	205	264	139.33333333333334
NM_001178175.1	28	50	81	106	152	171	189	230	247	139.33333333333334
NM_001178404.1	30	40	89	119	132	177	178	230	259	139.33333333333334
NM_001180459.3	20	66	87	122	123	170	213	209	245	139.44444444444446
NM_001179398.1	27	58	84	127	128	165	205	219	242	139.44444444444446
NM_001180126.1	16	66	90	110	133	179	194	223	245	139.55555555555554
NM_001178604.1	29	47	92	111	127	172	193	235	250	139.55555555555554
NM_001178636.4	25	41	78	109	148	164	214	222	256	139.66666666666666
NM_001182291.1	35	56	80	112	142	158	214	209	251	139.66666666666666
NM_001180179.1	23	53	81	111	140	158	202	226	263	139.66666666666666
NM_001181507.1	26	51	88	116	142	169	196	226	244	139.77777777777777
NM_001180639.1	35	69	79	98	144	165	187	215	268	140.0
NM_001180425.3	27	64	96	119	131	168	182	228	245	140.0
NM_001181409.1	29	62	82	110	117	166	198	244	253	140.11111111111111
NM_001180227.1	20	48	81	110	136	171	194	235	266	140.11111111111111
NM_001180071.1	31	60	96	107	135	168	184	231	249	140.11111111111111
NM_001182949.3	25	55	90	107	152	167	201	236	234	140.77777777777777
NM_001179493.1	26	47	82	124	143	179	211	223	233	140.88888888888889
NM_001178488.3	19	61	76	115	130	167	216	222	263	141.0
NM_001183520.1	28	64	67	119	147	187	191	220	246	141.0
NM_001181209.3	45	69	66	103	143	163	193	219	269	141.11111111111111
NM_001183427.1	24	46	99	112	149	145	203	226	269	141.44444444444446
NM_001183256.1	25	68	73	111	157	171	182	230	256	141.44444444444446
NM_001178167.1	28	53	93	108	142	176	176	244	255	141.66666666666666
NM_001182118.1	22	58	62	116	152	166	196	225	280	141.88888888888889
NM_001181698.1	33	46	94	136	127	166	207	221	247	141.88888888888889
NM_001180976.1	26	57	86	115	151	168	203	227	246	142.11111111111111
NM_001183731.3	32	54	88	107	149	172	201	224	254	142.33333333333334
NM_001180935.1	37	42	88	110	137	197	200	225	245	142.33333333333334
NM_001178263.1	24	55	73	102	165	177	182	238	265	142.33333333333334
NM_001181983.1	28	63	85	128	116	179	210	229	246	142.66666666666666
NM_001183143.1	27	59	89	97	136	193	208	228	247	142.66666666666666
NM_001178990.3	34	58	82	112	139	174	188	230	268	142.77777777777777
NM_001183837.1	27	59	80	105	159	167	187	244	258	142.88888888888889
NM_001184186.1	18	57	84	111	135	174	221	221	265	142.88888888888889
NM_001182728.1	36	58	80	108	138	176	191	223	278	143.11111111111111
NM_001181958.1	34	48	85	117	150	177	210	214	256	143.44444444444446
NM_001182183.1	27	58	93	117	136	179	220	226	236	143.55555555555554
NM_001181630.1	21	50	70	151	137	174	209	225	255	143.55555555555554
NM_001183600.1	26	55	99	119	168	161	200	218	247	143.66666666666666
NM_001184287.1	27	57	96	119	142	171	222	219	242	143.88888888888889
NM_001180012.3	30	58	87	120	148	193	192	213	254	143.88888888888889
NM_001182323.3	25	52	72	110	153	173	208	231	271	143.88888888888889
NM_001181718.1	24	53	69	125	144	174	215	233	259	144.0
NM_001182418.1	25	58	88	109	166	154	202	244	250	144.0
NM_001182074.1	25	62	83	111	143	173	187	252	261	144.11111111111111
NM_001179296.1	31	43	73	124	153	177	188	232	278	144.33333333333334
NM_001180647.1	31	61	76	109	160	167	202	228	267	144.55555555555554
NM_001178718.1	32	57	98	126	138	170	190	227	264	144.66666666666666
NM_001178194.1	33	63	105	112	148	166	202	220	253	144.66666666666666
NM_001180201.1	27	55	91	117	134	176	202	238	262	144.66666666666666
NM_001184443.1	28	58	92	101	139	178	221	234	252	144.77777777777777
NM_001183972.1	28	62	87	124	142	192	203	224	241	144.77777777777777
NM_001182898.1	34	58	91	118	137	173	197	220	276	144.88888888888889
NM_001178959.3	29	66	84	115	129	179	218	225	260	145.0
NM_001178749.1	45	47	67	113	142	182	212	229	270	145.22222222222223
NM_001182575.1	22	58	81	115	149	184	215	246	239	145.44444444444446
NM_001181328.1	35	62	90	124	140	165	218	221	258	145.88888888888889
NM_001181567.1	37	58	76	119	148	168	202	250	257	146.11111111111111
NM_001181118.1	28	47	95	129	157	168	212	231	248	146.11111111111111
NM_001179660.1	28	47	88	127	151	185	203	227	260	146.22222222222223
NM_001181005.1	37	57	83	135	137	165	188	238	276	146.22222222222223
NM_001182090.1	24	61	84	116	148	180	205	228	271	146.33333333333334
NM_001182589.1	33	53	75	127	157	178	196	218	283	146.66666666666666
NM_001183939.1	31	57	86	118	130	178	202	237	282	146.77777777777777
NM_001182565.1	28	70	88	112	155	162	206	231	269	146.77777777777777
NM_001182822.1	44	63	84	112	170	169	196	242	241	146.77777777777777
NM_001179241.1	33	57	88	114	134	164	218	241	273	146.88888888888889
NM_001180295.1	29	64	85	119	140	159	215	238	273	146.88888888888889
NM_001183380.1	33	53	88	118	152	185	196	235	262	146.88888888888889
NM_001183686.1	22	55	81	115	145	162	221	245	280	147.33333333333334
NM_001179312.3	33	46	89	123	157	197	197	225	261	147.55555555555554
NM_001184240.1	29	52	81	101	120	196	222	239	290	147.77777777777777
NM_001180344.1	33	46	92	128	143	177	198	248	266	147.88888888888889
NM_001182998.1	27	69	77	127	128	188	182	256	277	147.88888888888889
NM_001179243.1	41	54	84	110	157	177	190	249	269	147.88888888888889
NM_001178188.1	25	61	80	130	163	182	186	233	273	148.11111111111111
NM_001181495.1	29	48	84	113	149	183	216	231	284	148.55555555555554
NM_001180600.3	27	71	100	115	153	153	208	233	284	149.33333333333334
NM_001179818.2	29	62	90	114	149	180	198	247	282	150.11111111111111
NM_001178851.1	38	68	77	117	160	192	213	222	265	150.22222222222223
NM_001179555.1	33	64	87	118	157	182	202	244	265	150.22222222222223
NM_001182157.1	23	52	99	132	159	187	198	233	270	150.33333333333334
NM_001178751.1	33	61	79	122	143	173	214	245	284	150.44444444444446
NM_001179017.1	24	72	82	111	162	174	216	237	279	150.77777777777777
NM_001182497.1	26	61	91	140	163	162	216	241	258	150.88888888888889
NM_001180760.3	30	68	76	128	154	190	218	216	280	151.11111111111111
NM_001180258.1	23	54	97	131	153	192	198	239	274	151.22222222222223
NM_001179154.1	36	60	86	115	161	186	211	224	283	151.33333333333334
NM_001178174.1	35	55	96	130	159	179	199	252	257	151.33333333333334
NM_001181802.1	21	60	96	124	159	189	212	219	283	151.44444444444446
NM_001181167.1	25	57	97	102	153	170	224	261	275	151.55555555555554
NM_001182112.1	38	53	94	108	168	182	216	242	263	151.55555555555554
NM_001180180.1	28	48	90	109	161	165	222	273	269	151.66666666666666
NM_001184131.1	28	79	96	137	140	194	194	251	246	151.66666666666666
NM_001178998.3	29	69	104	113	140	200	210	240	260	151.66666666666666
NM_001180221.1	39	56	102	121	146	185	217	228	272	151.77777777777777
NM_001181494.1	42	65	71	120	154	190	221	236	267	151.77777777777777
NM_001180634.1	34	63	103	107	152	197	193	256	262	151.88888888888889
NM_001181396.1	33	51	66	123	141	179	233	266	275	151.88888888888889
NM_001181531.1	35	46	93	129	142	200	195	249	279	152.0
NM_001183423.1	34	54	103	114	164	171	215	245	269	152.11111111111111
NM_001182800.1	45	38	85	131	147	187	209	229	305	152.88888888888889
NM_001183700.3	31	61	96	116	161	174	224	232	282	153.0
NM_001180949.1	40	57	84	140	135	180	217	248	276	153.0
NM_001184155.1	29	59	84	117	156	205	223	235	272	153.33333333333334
NM_001182684.1	32	55	106	129	132	170	212	258	288	153.55555555555554
NM_001182745.1	29	63	97	116	164	184	224	238	269	153.77777777777777
NM_001180062.1	33	67	89	131	165	188	201	237	275	154.0
NM_001183493.1	23	52	92	132	174	185	211	255	264	154.22222222222223
NM_001178171.2	35	68	89	123	150	181	209	260	274	154.33333333333334
NM_001180401.1	32	71	89	110	159	182	231	237	280	154.55555555555554
NM_001182283.1	32	63	98	141	155	164	197	274	269	154.77777777777777
NM_001183396.2	30	51	95	132	146	194	199	265	282	154.88888888888889
NM_001180605.1	29	55	87	113	172	188	234	249	269	155.11111111111111
NM_001180285.1	29	53	93	123	157	194	217	256	275	155.22222222222223
NM_001183070.1	33	70	96	129	162	187	208	253	260	155.33333333333334
NM_001183185.1	26	60	96	129	163	175	219	259	272	155.44444444444446
NM_001182237.1	31	59	100	132	163	187	211	243	275	155.66666666666666
NM_001179815.3	31	60	85	134	154	176	222	255	284	155.66666666666666
NM_001183508.1	34	69	91	129	146	194	208	261	270	155.77777777777777
NM_001179712.1	31	63	99	117	167	177	211	237	301	155.88888888888889
NM_001178921.1	35	68	83	111	157	174	238	255	282	155.88888888888889
NM_001182586.1	25	70	107	145	146	180	200	252	279	156.0
NM_001179253.1	35	59	100	122	148	188	246	242	265	156.11111111111111
NM_001181395.1	36	56	90	120	170	194	223	243	273	156.11111111111111
NM_001181337.1	32	66	89	120	171	179	227	250	272	156.22222222222223
NM_001183683.3	39	62	101	117	151	184	235	241	276	156.22222222222223
NM_001184308.3	36	72	86	129	156	175	224	253	277	156.44444444444446
NM_001181475.1	28	57	86	129	164	195	232	247	270	156.44444444444446
NM_001181912.1	27	63	87	109	169	186	239	265	264	156.55555555555554
NM_001178815.1	35	60	101	142	155	188	212	257	262	156.88888888888889
NM_001178824.3	35	78	72	119	182	202	198	248	278	156.88888888888889
NM_001180497.1	32	72	87	128	142	210	218	240	284	157.0
NM_001184162.1	29	66	99	131	151	174	218	251	298	157.44444444444446
NM_001178389.1	39	57	100	126	140	178	227	238	312	157.44444444444446
NM_001181234.3	31	55	119	118	170	187	214	244	280	157.55555555555554
NM_001181590.1	33	62	96	131	155	186	233	259	263	157.55555555555554
NM_001182727.1	35	71	91	128	153	188	194	248	311	157.66666666666666
NM_001179420.1	35	58	102	124	147	177	249	263	272	158.55555555555554
NM_001180900.1	34	55	104	139	156	192	234	247	267	158.66666666666666
NM_001182081.1	37	59	82	134	174	171	236	252	283	158.66666666666666
NM_001179131.1	26	66	103	110	164	200	212	255	293	158.77777777777777
NM_001182518.1	38	61	74	142	151	198	224	244	298	158.88888888888889
NM_001183260.1	27	63	101	119	147	204	226	248	296	159.0
NM_001179159.1	33	57	95	128	179	178	216	271	275	159.11111111111111
NM_001178757.1	34	64	112	120	140	191	237	263	271	159.11111111111111
NM_001179476.1	27	77	94	133	155	184	205	258	301	159.33333333333334
NM_001183421.1	35	61	83	139	160	188	211	258	301	159.55555555555554
NM_001184139.1	32	76	103	149	150	183	205	250	289	159.66666666666666
NM_001179701.1	33	60	94	115	147	193	251	265	279	159.66666666666666
NM_001181606.1	30	74	83	131	182	185	226	243	286	160.0
NM_001180980.1	34	75	97	145	154	188	221	253	274	160.11111111111111
NM_001183210.1	33	64	89	133	150	189	220	270	293	160.11111111111111
NM_001179162.1	35	62	87	127	167	196	230	261	276	160.11111111111111
NM_001181721.1	36	60	110	109	154	192	209	279	293	160.22222222222223
NM_001179394.3	37	61	98	120	137	207	231	265	286	160.22222222222223
NM_001184258.1	29	64	95	126	172	194	222	248	292	160.22222222222223
NM_001180681.3	33	70	102	129	158	173	230	271	277	160.33333333333334
NM_001183993.1	29	63	118	144	149	180	219	257	285	160.44444444444446
NM_001180391.3	30	66	105	123	161	197	225	261	276	160.44444444444446
NM_001182569.1	31	73	82	142	153	185	225	281	273	160.55555555555554
NM_001182269.3	37	82	99	137	172	192	201	252	275	160.77777777777777
NM_001183306.1	35	70	116	118	170	201	219	221	298	160.88888888888889
NM_001178547.3	39	70	95	129	172	185	228	263	267	160.88888888888889
NM_001181488.1	35	74	111	118	145	184	248	253	281	161.0
NM_001180662.3	32	69	86	130	142	206	223	271	290	161.0
NM_001179860.1	36	74	112	135	164	175	197	277	283	161.44444444444446
NM_001183660.1	49	41	92	139	169	188	234	252	290	161.55555555555554
NM_001179816.1	32	63	97	122	155	193	235	265	293	161.66666666666666
NM_001180569.1	32	77	96	128	158	211	218	264	272	161.77777777777777
NM_001180516.1	38	65	86	130	172	190	222	263	294	162.22222222222223
NM_001180757.1	31	75	91	142	165	185	210	255	308	162.44444444444446
NM_001182180.1	25	65	108	119	164	205	206	256	314	162.44444444444446
NM_001179328.4	41	66	91	135	153	188	241	265	282	162.44444444444446
NM_001180609.1	40	66	88	139	151	204	227	260	288	162.55555555555554
NM_001179033.3	40	54	115	134	165	184	227	239	307	162.77777777777777
NM_001183024.2	33	72	99	136	151	182	226	267	301	163.0
NM_001180656.1	29	68	80	136	158	199	258	278	261	163.0
NM_001183168.1	36	76	102	141	173	199	216	246	283	163.55555555555554
NM_001183672.3	27	72	93	110	165	215	239	267	284	163.55555555555554
NM_001178822.1	29	73	95	154	149	201	230	256	288	163.88888888888889
NM_001183365.1	23	72	99	121	174	201	232	259	294	163.88888888888889
NM_001179680.1	38	64	92	139	170	217	214	247	294	163.88888888888889
NM_001180698.3	29	63	106	149	161	201	229	256	281	163.88888888888889
NM_001179300.1	35	70	82	131	167	183	232	285	291	164.0
NM_001178744.1	35	66	98	125	175	206	220	259	293	164.11111111111111
NM_001179139.1	39	65	106	145	164	195	223	244	297	164.22222222222223
NM_001178953.3	26	60	106	116	172	204	239	263	292	164.22222222222223
NM_001182656.1	26	66	105	129	154	207	222	261	309	164.33333333333334
NM_001182840.1	31	69	99	138	143	203	225	280	291	164.33333333333334
NM_001178342.1	37	64	94	134	168	209	225	261	288	164.44444444444446
NM_001180839.3	30	58	102	134	155	189	240	276	298	164.66666666666666
NM_001179456.1	24	75	99	128	171	189	235	255	307	164.77777777777777
NM_001183896.1	31	72	95	140	166	182	230	274	293	164.77777777777777
NM_001183863.1	47	62	95	145	158	201	227	266	284	165.0
NM_001178788.1	39	77	100	140	140	196	222	270	302	165.11111111111111
NM_001178503.1	34	66	104	118	180	180	235	265	304	165.11111111111111
NM_001179135.1	31	50	110	131	182	196	231	261	294	165.11111111111111
NM_001184310.1	31	79	79	143	165	200	226	259	305	165.22222222222223
NM_001180078.1	48	70	78	133	146	190	240	267	315	165.22222222222223
NM_001181004.3	40	56	94	131	179	198	223	257	309	165.22222222222223
NM_001182338.1	38	62	107	139	178	185	230	270	282	165.66666666666666
NM_001182993.1	23	67	110	127	161	202	237	257	308	165.77777777777777
NM_001180362.1	32	54	88	157	140	207	246	258	311	165.88888888888889
NM_001181971.1	31	64	111	126	152	215	247	262	285	165.88888888888889
NM_001183960.1	39	72	105	127	160	219	234	280	259	166.11111111111111
NM_001180463.1	32	64	99	155	152	212	225	257	299	166.11111111111111
NM_001184266.1	22	59	103	135	162	201	233	272	308	166.11111111111111
NM_001183542.1	33	59	95	123	162	219	238	279	287	166.11111111111111
NM_001180170.1	33	69	95	140	171	175	212	284	316	166.11111111111111
NM_001183094.1	25	61	104	133	165	211	230	263	303	166.11111111111111
NM_001184245.1	33	75	103	144	153	195	247	236	310	166.22222222222223
NM_001179716.1	31	72	105	123	172	203	212	280	299	166.33333333333334
NM_001181848.1	38	68	88	150	164	209	237	239	305	166.44444444444446
NM_001181557.1	38	53	108	136	164	228	226	254	292	166.55555555555554
NM_001182217.1	36	84	99	130	157	208	227	249	312	166.88888888888889
NM_001180287.1	38	76	98	128	159	209	234	262	298	166.88888888888889
NM_001184448.1	28	70	104	132	187	204	241	251	286	167.0
NM_001182891.1	21	76	109	146	190	178	216	252	315	167.0
NM_001180452.1	30	61	102	121	177	196	230	270	316	167.0
NM_001180574.3	35	62	115	144	164	184	242	259	304	167.66666666666666
NM_001178627.1	44	71	96	138	164	200	241	264	292	167.77777777777777
NM_001183378.1	29	54	95	118	180	207	242	266	320	167.88888888888889
NM_001183919.1	40	66	102	143	165	223	214	247	312	168.0
NM_001181573.1	37	61	108	128	172	192	225	282	307	168.0
NM_001178762.1	29	69	95	142	174	203	231	273	298	168.22222222222223
NM_001183109.2	43	70	85	132	179	195	220	264	326	168.22222222222223
NM_001180580.3	37	73	106	137	162	183	242	268	306	168.22222222222223
NM_001179181.1	28	68	97	131	156	212	223	294	307	168.44444444444446
NM_001182426.1	41	57	96	128	167	202	246	274	305	168.44444444444446
NM_001178830.1	38	73	109	136	161	195	230	285	290	168.55555555555554
NM_001183475.1	42	67	125	134	150	196	226	277	301	168.66666666666666
NM_001178954.1	38	55	93	152	150	223	219	292	296	168.66666666666666
NM_001183461.1	38	66	93	144	161	207	245	276	288	168.66666666666666
NM_001181310.3	33	62	103	134	169	209	253	254	303	168.88888888888889
NM_001183128.1	36	75	100	129	154	185	243	278	320	168.88888888888889
NM_001179247.1	31	58	104	147	169	210	234	266	301	168.88888888888889
NM_001179678.1	24	71	105	139	164	208	240	254	317	169.11111111111111
NM_001184382.1	28	56	113	153	173	197	228	273	302	169.22222222222223
NM_001184241.1	31	65	90	137	157	204	230	292	317	169.22222222222223
NM_001182023.1	31	68	103	140	164	202	228	269	318	169.22222222222223
NM_001181975.1	35	70	107	142	162	201	234	285	288	169.33333333333334
NM_001181835.1	29	69	124	132	167	182	243	275	304	169.44444444444446
NM_001181493.3	31	70	109	130	160	212	224	297	294	169.66666666666666
NM_001183100.1	33	69	118	138	167	202	239	261	304	170.11111111111111
NM_001184021.1	27	67	104	148	156	206	251	285	288	170.22222222222223
NM_001180826.1	36	70	97	144	156	198	263	268	301	170.33333333333334
NM_001179930.1	36	70	111	131	153	195	250	279	311	170.66666666666666
NM_001182239.1	29	65	90	142	170	213	255	268	304	170.66666666666666
NM_001178750.1	37	54	97	153	163	206	240	270	317	170.77777777777777
NM_001183522.1	31	72	105	135	161	203	262	263	308	171.11111111111111
NM_001180921.2	36	66	112	129	181	205	231	280	300	171.11111111111111
NM_001180553.1	41	67	109	143	178	208	229	268	298	171.22222222222223
NM_001182477.1	32	66	120	135	193	208	235	271	281	171.22222222222223
NM_001178282.1	46	66	106	140	172	196	237	263	315	171.22222222222223
NM_001182478.1	33	73	86	128	168	209	260	278	306	171.22222222222223
NM_001181790.2	26	64	93	145	175	181	251	306	301	171.33333333333334
NM_001182888.1	38	82	96	135	161	196	240	273	321	171.33333333333334
NM_001179814.1	38	66	108	136	172	196	236	276	315	171.44444444444446
NM_001178973.1	36	59	118	135	167	202	242	267	317	171.44444444444446
NM_001181640.1	35	61	103	118	166	210	249	301	303	171.77777777777777
NM_001182087.1	31	69	103	141	157	203	241	275	329	172.11111111111111
NM_001180122.1	44	66	104	152	178	210	247	273	277	172.33333333333334
NM_001179957.1	35	73	115	133	192	207	240	267	290	172.44444444444446
NM_001178662.1	39	78	95	154	171	228	226	274	292	173.0
NM_001178676.1	38	57	104	142	183	211	227	279	317	173.11111111111111
NM_001183035.1	39	62	113	137	168	225	228	272	316	173.33333333333334
NM_001184340.1	37	74	93	117	172	209	255	282	322	173.44444444444446
NM_001179142.1	30	62	107	150	171	199	268	270	307	173.77777777777777
NM_001180123.1	31	57	102	139	156	222	239	308	311	173.88888888888889
NM_001181078.1	42	78	92	133	179	204	232	284	321	173.88888888888889
NM_001178615.4	46	66	107	139	159	206	255	270	317	173.88888888888889
NM_001184230.1	36	67	109	115	195	205	227	313	301	174.22222222222223
NM_001180977.1	41	69	101	141	169	217	243	282	308	174.55555555555554
NM_001179200.1	25	72	109	136	193	202	258	275	301	174.55555555555554
NM_001180380.3	27	69	98	135	175	216	225	299	327	174.55555555555554
NM_001183420.1	51	76	95	140	173	212	241	277	306	174.55555555555554
NM_001184009.1	26	71	101	130	188	206	248	287	315	174.66666666666666
NM_001182161.1	28	65	99	142	184	215	244	280	315	174.66666666666666
NM_001183486.1	31	69	106	138	184	218	237	285	305	174.77777777777777
NM_001180111.1	29	84	90	146	183	211	260	261	312	175.11111111111111
NM_001182225.1	34	92	89	137	176	225	262	249	313	175.22222222222223
NM_001181339.1	38	66	126	157	191	198	235	267	299	175.22222222222223
NM_001180738.1	29	69	103	147	184	169	242	307	329	175.44444444444446
NM_001179709.1	30	75	98	129	172	222	286	255	315	175.77777777777777
NM_001182723.1	38	62	100	143	186	221	234	276	325	176.11111111111111
NM_001184070.1	31	69	95	138	179	200	252	293	330	176.33333333333334
NM_001178756.1	41	75	106	141	163	209	245	288	320	176.44444444444446
NM_001178679.1	48	60	106	145	172	185	245	305	322	176.44444444444446
NM_001180453.1	40	57	113	156	162	220	232	296	314	176.66666666666666
NM_001179212.1	41	65	114	135	186	218	236	280	317	176.88888888888889
NM_001178520.3	38	61	123	145	171	196	250	290	319	177.0
NM_001179397.3	30	80	105	151	154	215	251	281	329	177.33333333333334
NM_001180181.1	37	50	120	159	168	206	245	284	329	177.55555555555554
NM_001183144.1	36	57	99	142	185	220	243	300	318	177.77777777777777
NM_001184046.1	47	67	115	136	182	211	252	291	300	177.88888888888889
NM_001182155.1	39	58	112	146	177	220	236	291	325	178.22222222222223
NM_001182743.1	30	66	107	148	170	212	266	288	318	178.33333333333334
NM_001180825.1	39	78	106	141	176	228	256	276	308	178.66666666666666
NM_001183229.3	28	80	113	141	169	227	255	276	322	179.0
NM_001183020.1	37	88	115	152	161	204	263	279	312	179.0
NM_001182479.1	34	78	116	147	170	204	260	290	312	179.0
NM_001180490.1	45	61	122	157	172	207	269	269	312	179.33333333333334
NM_001181026.3	35	82	96	134	195	236	260	269	309	179.55555555555554
NM_001179804.1	39	69	113	141	169	216	249	294	327	179.66666666666666
NM_001181748.1	39	75	101	147	178	205	241	298	333	179.66666666666666
NM_001181501.1	48	60	86	145	192	239	261	277	310	179.77777777777777
NM_001183631.3	33	60	119	135	189	208	242	299	334	179.88888888888889
NM_001179179.1	39	67	119	127	199	206	255	291	319	180.22222222222223
NM_001182912.3	42	62	88	140	165	225	270	305	329	180.66666666666666
NM_001178780.1	32	73	105	141	174	209	250	296	349	181.0
NM_001183560.1	31	90	98	141	171	218	243	292	345	181.0
NM_001179036.1	39	70	97	162	173	201	258	309	321	181.11111111111111
NM_001178600.3	27	69	110	149	187	226	244	284	335	181.22222222222223
NM_001180837.1	40	71	117	146	161	229	236	294	339	181.44444444444446
NM_001182530.1	42	63	115	147	196	199	256	297	321	181.77777777777777
NM_001179107.1	35	82	90	137	177	213	242	310	351	181.88888888888889
NM_001181889.1	31	60	118	146	187	235	253	296	311	181.88888888888889
NM_001182108.1	26	74	91	149	190	237	246	296	328	181.88888888888889
NM_001182883.1	43	74	110	145	184	198	265	284	340	182.55555555555554
NM_001180233.1	39	66	126	152	180	218	245	290	329	182.77777777777777
NM_001183471.1	39	84	98	148	200	207	269	295	307	183.0
NM_001181587.1	42	78	115	140	160	233	279	288	314	183.22222222222223
NM_001184060.1	38	69	110	155	173	225	268	299	313	183.33333333333334
NM_001178304.1	32	57	117	138	192	221	250	289	356	183.55555555555554
NM_001181361.3	36	94	96	166	189	202	244	294	332	183.66666666666666
NM_001178518.1	35	78	117	149	176	232	246	290	330	183.66666666666666
NM_001182407.1	29	75	123	154	182	228	258	293	315	184.11111111111111
NM_001179486.3	36	78	115	145	195	221	244	288	336	184.22222222222223
NM_001178202.2	32	70	112	153	188	208	262	313	322	184.44444444444446
NM_001183207.1	42	85	116	148	187	216	259	272	338	184.77777777777777
NM_001184270.1	34	70	93	177	187	226	250	304	323	184.88888888888889
NM_001180771.3	39	73	107	152	194	208	251	302	338	184.88888888888889
NM_001181046.1	32	60	102	142	182	230	278	301	337	184.88888888888889
NM_001179464.1	26	74	108	125	197	231	265	302	337	185.0
NM_001181358.1	53	65	121	160	184	228	245	287	323	185.11111111111111
NM_001178364.1	31	74	107	152	190	228	250	301	334	185.22222222222223
NM_001180195.1	50	86	117	154	160	217	273	290	325	185.77777777777777
NM_001179798.4	41	71	112	134	209	227	244	297	341	186.22222222222223
NM_001179686.1	40	66	101	138	201	238	269	281	342	186.22222222222223
NM_001178444.3	28	71	109	147	204	236	252	296	333	186.22222222222223
NM_001181091.1	31	76	121	151	194	226	259	276	343	186.33333333333334
NM_001179153.1	41	77	107	146	184	229	262	310	321	186.33333333333334
NM_001182137.1	32	78	114	138	201	215	258	303	340	186.55555555555554
NM_001182172.1	35	88	102	133	186	214	261	295	366	186.66666666666666
NM_001182285.1	36	75	111	148	177	208	288	295	342	186.66666666666666
NM_001180773.1	36	72	109	147	186	207	279	312	332	186.66666666666666
NM_001180686.1	37	81	116	159	177	230	258	293	332	187.0
NM_001184020.1	41	78	112	140	199	213	245	316	341	187.22222222222223
NM_001181851.1	42	72	118	151	168	214	288	296	337	187.33333333333334
NM_001182434.1	35	77	118	160	196	221	240	313	326	187.33333333333334
NM_001179855.3	34	83	98	139	181	231	258	314	349	187.44444444444446
NM_001181211.1	45	72	113	147	195	223	276	291	325	187.44444444444446
NM_001183057.1	41	74	104	138	213	212	271	312	323	187.55555555555554
NM_001183590.1	51	73	118	141	195	203	266	304	340	187.88888888888889
NM_001183670.3	40	73	97	160	181	244	267	285	347	188.22222222222223
NM_001179385.1	41	83	104	152	180	228	271	289	347	188.33333333333334
NM_001179466.1	42	72	118	149	173	245	260	295	341	188.33333333333334
NM_001179488.1	39	89	113	150	186	207	274	307	337	189.11111111111111
NM_001182624.1	33	89	115	150	187	236	271	293	330	189.33333333333334
NM_001179158.1	45	85	111	159	201	232	250	295	329	189.66666666666666
NM_001178765.1	40	80	108	144	196	216	251	310	363	189.77777777777777
NM_001184194.2	31	71	120	141	199	231	269	297	349	189.77777777777777
NM_001178772.1	38	83	105	148	193	215	257	333	339	190.11111111111111
NM_001182093.1	43	75	112	162	190	238	253	299	341	190.33333333333334
NM_001179477.3	34	79	110	163	174	208	272	320	354	190.44444444444446
NM_001178550.4	49	79	108	156	170	254	269	293	337	190.55555555555554
NM_001184316.1	43	67	111	141	198	213	289	320	333	190.55555555555554
NM_001179780.1	36	85	123	159	178	215	255	304	360	190.55555555555554
NM_001181022.3	29	81	102	165	197	223	271	298	350	190.66666666666666
NM_001181863.1	42	73	113	143	200	227	286	297	337	190.88888888888889
NM_001184234.1	47	71	126	146	171	235	262	304	357	191.0
NM_001183004.1	45	69	103	156	187	247	269	302	341	191.0
NM_001182721.1	30	95	131	134	207	229	270	296	329	191.22222222222223
NM_001183135.1	34	81	110	150	225	226	270	297	329	191.33333333333334
NM_001179862.1	46	71	115	165	179	241	267	307	332	191.44444444444446
NM_001183276.2	40	84	122	148	184	229	278	289	354	192.0
NM_001181761.4	44	68	119	149	200	223	288	301	341	192.55555555555554
NM_001178308.2	50	80	115	155	201	213	264	311	345	192.66666666666666
NM_001179667.2	43	94	101	151	180	223	265	332	349	193.11111111111111
NM_001182240.1	38	70	115	141	196	240	302	294	343	193.22222222222223
NM_001179196.1	41	76	116	158	196	224	298	295	335	193.22222222222223
NM_001184116.1	27	79	127	148	189	243	289	305	333	193.33333333333334
NM_001183464.1	50	78	131	163	190	233	250	319	332	194.0
NM_001181831.1	43	89	109	160	194	228	288	300	336	194.11111111111111
NM_001181322.1	41	72	104	139	188	241	272	324	368	194.33333333333334
NM_001179237.1	39	76	133	152	192	218	292	310	337	194.33333333333334
NM_001182707.1	36	67	131	146	207	235	258	315	354	194.33333333333334
NM_001182913.3	39	80	120	160	216	218	268	307	342	194.44444444444446
NM_001179087.1	33	82	97	160	208	214	297	334	330	195.0
NM_001179587.3	51	71	114	158	209	234	255	318	346	195.11111111111111
NM_001178268.1	35	70	125	159	187	218	265	313	384	195.11111111111111
NM_001179770.1	49	73	124	145	189	233	288	302	355	195.33333333333334
NM_001178422.2	33	68	110	180	205	228	268	295	371	195.33333333333334
NM_001182719.1	45	83	127	154	206	231	261	320	332	195.44444444444446
NM_001179289.1	50	77	135	163	186	237	271	295	345	195.44444444444446
NM_001178766.1	38	74	114	161	190	242	263	318	360	195.55555555555554
NM_001180352.1	46	77	118	140	204	248	277	325	326	195.66666666666666
NM_001179062.1	43	77	117	162	205	220	252	328	360	196.0
NM_001180395.3	22	71	120	163	192	247	250	325	376	196.22222222222223
NM_001180448.1	51	84	113	154	195	229	278	320	344	196.44444444444446
NM_001179439.1	37	79	109	135	202	268	268	322	349	196.55555555555554
NM_001179648.1	39	83	117	158	205	225	274	312	359	196.88888888888889
NM_001179778.1	53	89	109	157	198	220	291	323	332	196.88888888888889
NM_001179319.1	37	90	110	151	177	250	282	312	366	197.22222222222223
NM_001181611.1	37	91	129	171	202	202	280	289	374	197.22222222222223
NM_001180904.1	34	84	119	162	194	242	277	293	372	197.44444444444446
NM_001183705.3	50	87	108	168	211	207	263	318	366	197.55555555555554
NM_001182552.1	39	86	128	167	174	249	257	320	358	197.55555555555554
NM_001180145.1	34	79	98	160	216	249	264	318	361	197.66666666666666
NM_001182246.1	37	72	127	160	203	233	264	323	360	197.66666666666666
NM_001182572.1	38	82	125	161	193	236	272	322	350	197.66666666666666
NM_001181727.1	30	67	130	146	200	241	300	324	347	198.33333333333334
NM_001184126.1	44	87	113	139	181	234	284	334	370	198.44444444444446
NM_001181699.3	37	89	124	151	201	215	274	316	381	198.66666666666666
NM_001179731.1	45	79	129	148	208	237	291	311	343	199.0
NM_001179579.1	28	86	124	164	182	249	278	313	368	199.11111111111111
NM_001179031.1	42	98	103	164	178	250	274	329	356	199.33333333333334
NM_001181833.1	34	81	106	170	195	245	297	320	350	199.77777777777777
NM_001181410.3	44	76	102	172	193	259	303	312	339	200.0
NM_001178421.4	44	87	119	160	209	243	261	309	369	200.11111111111111
NM_001180742.3	40	89	118	161	198	224	288	323	361	200.22222222222223
NM_001180965.1	35	93	120	151	217	231	285	313	360	200.55555555555554
NM_001179870.3	35	64	134	164	212	245	285	303	363	200.55555555555554
NM_001183873.1	40	83	103	153	185	255	272	356	360	200.77777777777777
NM_001179606.3	40	82	125	156	220	251	276	308	349	200.77777777777777
NM_001183775.3	35	80	128	159	181	233	288	350	354	200.88888888888889
NM_001182490.1	45	80	103	165	215	244	263	323	373	201.22222222222223
NM_001181561.2	36	79	131	159	195	238	295	342	337	201.33333333333334
NM_001182654.1	33	72	126	172	183	225	312	340	350	201.44444444444446
NM_001180824.3	40	82	118	164	189	223	286	331	380	201.44444444444446
NM_001181745.1	46	68	108	159	223	248	278	320	363	201.44444444444446
NM_001182773.1	48	77	111	169	185	220	315	311	379	201.66666666666666
NM_001178592.3	46	66	123	150	206	250	314	324	337	201.77777777777777
NM_001183161.1	30	81	131	190	176	220	285	330	373	201.77777777777777
NM_001181631.1	42	92	122	176	201	254	278	299	355	202.11111111111111
NM_001183709.3	35	92	116	167	206	243	285	330	349	202.55555555555554
NM_001183259.1	44	86	119	177	205	245	277	311	362	202.88888888888889
NM_001179694.1	36	87	119	157	212	247	275	332	366	203.44444444444446
NM_001179751.1	42	104	103	168	184	245	297	318	370	203.44444444444446
NM_001183050.1	38	71	125	170	226	222	276	346	360	203.77777777777777
NM_001183951.1	37	89	116	183	191	248	304	307	361	204.0
NM_001182755.1	37	81	129	174	210	241	275	327	363	204.11111111111111
NM_001178722.1	47	97	106	151	214	240	267	332	383	204.11111111111111
NM_001180607.3	38	73	114	182	205	254	287	338	347	204.22222222222223
NM_001183790.1	39	74	123	168	199	259	298	328	350	204.22222222222223
NM_001183319.1	46	80	118	163	211	231	292	318	380	204.33333333333334
NM_001184307.1	41	74	108	181	206	253	270	339	372	204.88888888888889
NM_001179576.3	42	76	101	167	202	269	312	336	349	206.0
NM_001180217.1	36	68	122	177	234	235	282	328	375	206.33333333333334
NM_001179950.1	35	77	123	172	203	258	278	332	381	206.55555555555554
NM_001183629.3	33	80	115	189	191	245	299	332	376	206.66666666666666
NM_001182908.1	42	74	124	164	203	237	299	332	386	206.77777777777777
NM_001180400.3	35	91	140	172	193	245	289	305	395	207.22222222222223
NM_001181399.1	37	95	131	160	184	257	273	340	391	207.55555555555554
NM_001182977.3	41	85	126	173	199	253	289	334	369	207.66666666666666
NM_001178980.1	45	85	134	179	193	256	267	335	391	209.44444444444446
NM_001178377.1	44	79	123	174	218	230	275	361	382	209.55555555555554
NM_001178893.3	51	98	123	162	231	261	271	333	357	209.66666666666666
NM_001179066.1	37	89	125	154	224	260	305	324	372	210.0
NM_001179726.1	48	83	117	170	214	249	292	340	379	210.22222222222223
NM_001178280.1	51	74	124	161	202	258	269	370	387	210.66666666666666
NM_001179591.1	38	99	112	180	205	260	296	338	369	210.77777777777777
NM_001181659.3	42	97	103	143	218	251	307	354	382	210.77777777777777
NM_001178170.2	49	78	128	148	205	259	313	319	398	210.77777777777777
NM_001179265.1	33	83	125	167	208	261	306	349	369	211.22222222222223
NM_001182318.3	42	80	142	167	218	232	328	322	372	211.44444444444446
NM_001181108.1	36	88	125	178	217	251	304	341	363	211.44444444444446
NM_001180405.3	42	80	127	180	195	227	306	353	400	212.22222222222223
NM_001178499.1	40	91	126	180	210	253	288	346	376	212.22222222222223
NM_001182278.1	40	78	122	165	225	243	301	353	384	212.33333333333334
NM_001182143.1	44	96	137	178	204	242	298	332	380	212.33333333333334
NM_001182948.1	42	69	139	178	208	249	289	349	391	212.66666666666666
NM_001181094.1	40	98	115	183	193	276	269	344	402	213.33333333333334
NM_001184101.1	34	86	131	151	242	274	323	333	346	213.33333333333334
NM_001181599.1	40	80	108	179	211	242	300	362	400	213.55555555555554
NM_001179234.1	41	90	135	156	208	251	314	331	398	213.77777777777777
NM_001179570.1	40	91	132	169	191	270	278	375	381	214.11111111111111
NM_001181700.1	43	81	145	184	214	252	309	344	356	214.22222222222223
NM_001182007.1	49	89	131	161	232	270	290	345	368	215.0
NM_001178487.3	46	79	130	174	209	244	306	347	400	215.0
NM_001182814.1	34	88	141	175	212	236	283	335	432	215.11111111111111
NM_001183325.1	45	77	134	178	234	258	284	331	395	215.11111111111111
NM_001183213.1	43	99	133	186	209	265	308	312	381	215.11111111111111
NM_001182460.1	37	92	131	163	221	251	310	365	367	215.22222222222223
NM_001181336.1	35	92	124	184	230	267	285	333	387	215.22222222222223
NM_001183997.1	33	82	133	184	232	265	310	336	363	215.33333333333334
NM_001183621.1	58	83	124	179	202	268	304	343	378	215.44444444444446
NM_001180079.3	42	87	130	179	201	263	298	345	398	215.88888888888889
NM_001184026.1	33	75	133	179	224	272	289	349	394	216.44444444444446
NM_001183867.1	45	79	126	174	221	265	287	345	407	216.55555555555554
NM_001181444.3	48	85	147	194	218	246	268	339	405	216.66666666666666
NM_001178506.1	34	85	128	174	222	251	304	358	394	216.66666666666666
NM_001183383.1	43	85	129	177	212	261	319	357	374	217.44444444444446
NM_001182900.3	42	74	123	176	232	266	307	346	394	217.77777777777777
NM_001178290.1	35	79	132	173	223	269	306	331	412	217.77777777777777
NM_001178196.2	49	94	122	163	212	267	326	327	404	218.22222222222223
NM_001178209.1	35	80	146	163	211	292	301	348	390	218.44444444444446
NM_001178406.1	53	85	124	177	204	266	314	344	399	218.44444444444446
NM_001183908.1	30	85	128	161	222	272	317	338	415	218.66666666666666
NM_001181733.3	43	76	130	160	241	282	309	360	370	219.0
NM_001183305.1	39	90	142	173	216	271	310	352	378	219.0
NM_001179119.1	53	88	141	175	231	248	290	347	400	219.22222222222223
NM_001182193.1	42	89	125	179	221	252	281	376	411	219.55555555555554
NM_001183101.1	38	83	153	178	220	263	302	350	394	220.11111111111111
NM_001178680.1	44	87	147	161	204	279	319	360	381	220.22222222222223
NM_001184253.1	42	88	118	166	210	276	312	376	395	220.33333333333334
NM_001180018.3	40	77	141	164	234	262	313	362	391	220.44444444444446
NM_001184018.1	47	62	130	174	230	273	276	379	413	220.44444444444446
NM_001183636.1	33	90	144	166	216	268	311	360	397	220.55555555555554
NM_001178560.3	54	85	117	174	229	258	302	370	400	221.0
NM_001183150.1	58	89	116	177	222	249	324	342	419	221.77777777777777
NM_001179756.1	34	95	139	177	232	273	322	338	387	221.88888888888889
NM_001182951.1	51	97	126	180	220	268	306	343	410	222.33333333333334
NM_001179666.1	41	82	143	201	207	277	314	353	383	222.33333333333334
NM_001178974.1	36	85	133	188	210	269	292	355	437	222.77777777777777
NM_001179371.3	47	88	131	175	241	234	350	345	395	222.88888888888889
NM_001179707.1	47	85	137	198	219	260	309	353	400	223.11111111111111
NM_001179169.1	46	92	136	179	225	277	306	342	405	223.11111111111111
NM_001184085.1	40	83	129	180	252	253	338	354	382	223.44444444444446
NM_001180161.2	42	80	127	196	237	277	319	359	375	223.55555555555554
NM_001182219.1	29	100	139	194	219	278	304	342	412	224.11111111111111
NM_001180923.1	40	76	139	161	228	291	326	347	410	224.22222222222223
NM_001179273.1	40	97	133	172	208	280	316	380	394	224.44444444444446
NM_001182135.1	43	92	134	168	225	283	310	352	413	224.44444444444446
NM_001182979.1	57	96	135	168	212	275	329	342	407	224.55555555555554
NM_001178651.1	48	92	124	183	213	268	314	382	399	224.77777777777777
NM_001181390.3	52	86	136	191	224	265	295	358	417	224.88888888888889
NM_001179389.1	37	99	143	183	241	255	329	349	389	225.0
NM_001179623.1	44	107	132	182	227	264	302	377	394	225.44444444444446
NM_001183045.1	36	102	147	201	202	277	302	354	412	225.88888888888889
NM_001180451.3	54	105	140	168	198	282	331	360	396	226.0
NM_001183344.1	57	97	125	177	233	278	297	376	396	226.22222222222223
NM_001178703.1	44	92	134	156	235	261	326	364	426	226.44444444444446
NM_001178276.1	44	72	117	163	248	278	338	348	430	226.44444444444446
NM_001183912.1	44	74	118	189	233	278	339	368	395	226.44444444444446
NM_001178847.1	40	84	151	184	248	262	312	364	395	226.66666666666666
NM_001183747.3	35	87	145	167	215	278	312	370	434	227.0
NM_001179598.3	42	98	145	183	245	268	287	365	411	227.11111111111111
NM_001183215.1	40	108	135	178	210	260	331	365	420	227.44444444444446
NM_001181207.3	43	92	141	179	211	273	335	370	406	227.77777777777777
NM_001178216.1	46	96	140	161	242	292	320	376	388	229.0
NM_001182715.1	46	86	141	194	238	271	324	371	390	229.0
NM_001181036.1	44	81	133	167	247	274	354	377	391	229.77777777777777
NM_001178933.1	49	98	158	187	221	269	321	359	407	229.88888888888889
NM_001178521.1	43	86	126	194	248	276	326	347	425	230.11111111111111
NM_001181068.1	51	89	129	187	222	305	330	380	381	230.44444444444446
NM_001183312.1	53	90	132	197	228	299	338	354	386	230.77777777777777
NM_001180309.1	41	89	138	189	225	285	298	387	426	230.88888888888889
NM_001181248.1	52	93	139	178	217	270	323	372	435	231.0
NM_001179757.1	41	101	134	187	216	270	321	377	434	231.22222222222223
NM_001184088.1	63	91	133	188	222	277	314	385	409	231.33333333333334
NM_001182472.1	49	97	137	166	260	287	319	347	422	231.55555555555554
NM_001178782.1	49	101	114	188	230	279	340	371	413	231.66666666666666
NM_001179056.3	41	110	141	166	233	284	325	359	428	231.88888888888889
NM_001181373.3	39	108	145	188	220	282	342	378	389	232.33333333333334
NM_001178164.1	50	84	142	195	243	268	340	371	407	233.33333333333334
NM_001182073.1	36	100	126	201	223	292	327	369	427	233.44444444444446
NM_001182502.1	37	114	147	188	227	272	334	353	429	233.44444444444446
NM_001183864.1	40	89	152	181	240	289	329	383	406	234.33333333333334
NM_001183330.1	44	90	135	189	248	248	351	378	428	234.55555555555554
NM_001179639.1	36	102	160	171	240	277	334	367	431	235.33333333333334
NM_001182179.1	48	85	139	201	235	264	338	355	457	235.77777777777777
NM_001183118.1	45	93	152	201	240	284	325	372	411	235.88888888888889
NM_001180602.1	39	94	143	186	236	296	341	366	424	236.11111111111111
NM_001179262.1	48	68	146	203	230	279	338	379	435	236.22222222222223
NM_001178979.3	53	101	151	187	202	294	336	379	424	236.33333333333334
NM_001182375.1	53	104	142	185	239	266	335	372	431	236.33333333333334
NM_001183077.1	56	99	138	191	240	289	315	387	412	236.33333333333334
NM_001182309.3	50	96	136	172	251	271	337	385	430	236.44444444444446
NM_001180518.3	45	80	130	230	220	282	319	387	438	236.77777777777777
NM_001178400.1	44	101	150	196	229	275	333	371	434	237.0
NM_001182832.1	45	95	149	191	227	299	315	379	435	237.22222222222223
NM_001179327.1	44	93	152	187	237	288	341	368	429	237.66666666666666
NM_001180457.1	48	109	163	202	218	270	334	389	411	238.22222222222223
NM_001180059.1	46	84	148	210	271	286	326	374	400	238.33333333333334
NM_001183645.3	42	78	166	209	211	272	331	388	453	238.88888888888889
NM_001181961.1	48	93	153	194	228	314	311	389	421	239.0
NM_001179294.1	42	87	144	185	239	298	320	390	448	239.22222222222223
NM_001179574.3	52	108	129	183	235	288	337	380	441	239.22222222222223
NM_001179741.1	52	97	130	191	258	285	332	365	443	239.22222222222223
NM_001182289.3	47	84	121	179	273	294	330	376	452	239.55555555555554
NM_001182116.1	46	100	142	203	244	274	320	388	441	239.77777777777777
NM_001179384.3	47	99	129	209	253	312	337	355	419	240.0
NM_001179193.1	49	91	136	214	239	294	330	391	419	240.33333333333334
NM_001181616.2	49	92	149	173	253	301	336	386	424	240.33333333333334
NM_001180608.3	40	99	145	191	213	278	335	400	465	240.66666666666666
NM_001178383.1	42	93	154	200	233	281	340	407	420	241.11111111111111
NM_001183846.1	50	97	146	184	221	295	365	382	432	241.33333333333334
NM_001183713.1	46	103	142	185	281	271	310	404	431	241.44444444444446
NM_001181550.1	54	92	150	190	245	289	347	366	440	241.44444444444446
NM_001183194.3	50	98	143	161	267	291	340	379	445	241.55555555555554
NM_001180680.1	57	97	110	209	248	301	333	387	433	241.66666666666666
NM_001179054.1	44	96	135	189	251	307	332	386	435	241.66666666666666
NM_001181056.1	55	97	147	173	236	284	350	394	445	242.33333333333334
NM_001182504.1	34	95	130	206	239	295	346	387	450	242.44444444444446
NM_001183594.1	45	106	143	193	236	292	337	388	443	242.55555555555554
NM_001181051.1	39	93	139	193	264	279	356	402	420	242.77777777777777
NM_001179388.3	49	82	139	212	221	311	350	387	437	243.11111111111111
NM_001178895.1	52	96	144	202	247	283	328	399	437	243.11111111111111
NM_001178837.1	50	99	138	194	257	303	322	393	434	243.33333333333334
NM_001180213.1	54	108	145	195	236	292	339	378	447	243.77777777777777
NM_001184183.1	44	91	152	217	249	275	361	370	436	243.88888888888889
NM_001179573.1	45	98	147	200	230	276	336	416	448	244.0
NM_001183001.1	47	99	134	189	264	286	335	389	453	244.0
NM_001180789.3	48	90	124	199	252	300	337	421	430	244.55555555555554
NM_001180248.1	43	85	167	208	239	303	341	368	447	244.55555555555554
NM_001183030.2	56	91	132	195	253	288	330	396	461	244.66666666666666
NM_001178519.3	48	107	146	222	259	273	322	391	436	244.88888888888889
NM_001182593.1	52	99	139	206	228	305	352	370	458	245.44444444444446
NM_001179143.1	52	98	150	205	245	286	343	394	436	245.44444444444446
NM_001179582.3	50	114	133	202	243	272	342	395	458	245.44444444444446
NM_001178546.1	45	89	159	196	244	310	332	406	430	245.66666666666666
NM_001179004.1	51	101	152	198	241	267	367	393	444	246.0
NM_001178374.1	53	105	160	195	251	289	337	396	432	246.44444444444446
NM_001180785.3	42	91	147	193	268	288	348	417	425	246.55555555555554
NM_001181037.1	38	84	166	210	248	314	337	379	443	246.55555555555554
NM_001178490.1	55	109	133	184	267	308	360	361	442	246.55555555555554
NM_001178991.3	50	82	153	190	239	268	383	408	448	246.77777777777777
NM_001184335.3	46	101	151	181	229	306	361	413	437	247.22222222222223
NM_001180187.1	52	103	157	182	247	278	339	405	465	247.55555555555554
NM_001182695.1	47	89	164	213	240	308	364	376	429	247.77777777777777
NM_001179761.1	45	90	146	198	237	298	357	399	465	248.33333333333334
NM_001183583.3	48	103	155	181	252	312	353	392	439	248.33333333333334
NM_001181658.1	60	113	134	185	258	306	330	399	450	248.33333333333334
NM_001183872.1	59	108	147	186	249	301	336	408	443	248.55555555555554
NM_001183943.1	52	100	143	183	286	302	346	382	446	248.88888888888889
NM_001181086.1	48	101	160	199	253	296	351	415	420	249.22222222222223
NM_001180685.3	46	104	149	193	236	303	361	415	437	249.33333333333334
NM_001179041.3	68	107	144	190	257	294	344	395	447	249.55555555555554
NM_001181097.1	54	108	151	208	227	304	339	401	457	249.88888888888889
NM_001183833.1	50	99	164	186	260	289	342	406	453	249.88888888888889
NM_001181066.1	55	89	143	212	243	314	357	400	438	250.11111111111111
NM_001182940.3	54	90	165	198	273	284	341	394	453	250.22222222222223
NM_001178577.3	38	111	151	213	251	295	366	404	425	250.44444444444446
NM_001183303.1	53	107	156	206	238	308	358	385	449	251.11111111111111
NM_001183151.1	54	97	141	209	234	326	361	383	459	251.55555555555554
NM_001181821.1	56	98	146	186	241	303	354	422	462	252.0
NM_001183190.3	53	110	158	177	270	283	350	403	466	252.22222222222223
NM_001184286.1	54	87	150	189	238	296	365	429	462	252.22222222222223
NM_001180617.1	56	111	163	200	236	300	350	403	452	252.33333333333334
NM_001181854.1	53	111	142	215	251	300	354	387	459	252.44444444444446
NM_001184442.3	46	127	143	235	242	288	349	392	451	252.55555555555554
NM_001180472.1	51	112	130	230	246	301	346	392	467	252.77777777777777
NM_001178512.3	48	93	152	188	243	309	364	422	457	252.88888888888889
NM_001179383.1	48	97	156	211	281	315	340	365	467	253.33333333333334
NM_001180908.1	51	99	138	185	277	301	363	398	468	253.33333333333334
NM_001183941.1	68	92	145	202	252	298	381	391	455	253.77777777777777
NM_001180606.1	35	111	157	233	271	313	331	391	448	254.44444444444446
NM_001182362.1	56	88	143	202	278	281	382	420	443	254.77777777777777
NM_001180193.1	48	93	144	214	260	331	344	382	480	255.11111111111111
NM_001183399.2	55	78	159	201	259	312	371	430	435	255.55555555555554
NM_001183223.1	50	97	140	179	270	317	365	422	460	255.55555555555554
NM_001182629.1	56	92	146	218	254	315	363	423	437	256.0
NM_001178371.1	49	102	156	215	253	313	364	394	460	256.22222222222223
NM_001182527.1	49	109	156	215	247	309	354	427	440	256.22222222222223
NM_001179967.1	61	88	150	219	258	299	357	401	475	256.44444444444446
NM_001181259.1	59	97	143	205	249	320	343	407	485	256.44444444444446
NM_001179669.1	57	114	144	211	286	277	350	388	483	256.6666666666667
NM_001182560.1	55	94	156	209	235	315	363	411	473	256.77777777777777
NM_001181672.1	57	99	157	204	253	352	375	367	449	257.0
NM_001180063.1	57	112	144	200	270	292	370	410	460	257.22222222222223
NM_001180815.3	56	98	148	180	264	311	375	418	466	257.3333333333333
NM_001182467.1	52	104	172	203	253	309	338	431	455	257.44444444444446
NM_001181625.1	50	104	164	195	257	333	365	407	442	257.44444444444446
NM_001184328.3	57	98	148	210	253	321	361	419	450	257.44444444444446
NM_001178407.1	55	97	164	190	252	307	372	428	455	257.77777777777777
NM_001181316.3	57	112	154	215	247	304	373	393	468	258.1111111111111
NM_001182875.3	60	111	148	213	223	316	381	416	456	258.22222222222223
NM_001184024.1	32	98	171	192	257	292	368	442	475	258.55555555555554
NM_001178939.3	57	123	157	190	248	310	361	418	463	258.55555555555554
NM_001181556.1	48	98	162	211	259	281	381	413	477	258.8888888888889
NM_001184080.1	59	114	148	195	265	306	353	422	469	259.0
NM_001181849.1	46	99	158	212	270	323	348	419	461	259.55555555555554
NM_001180364.3	42	105	158	192	265	299	380	415	480	259.55555555555554
NM_001183998.1	46	100	148	199	251	324	370	426	478	260.22222222222223
NM_001178152.1	52	98	158	217	246	330	351	428	467	260.77777777777777
NM_001270740.1	49	92	162	213	274	317	345	414	483	261.0
NM_001182630.1	66	96	146	226	260	305	373	421	458	261.22222222222223
NM_001180354.3	60	100	152	202	259	304	385	430	460	261.3333333333333
NM_001179772.1	53	104	160	225	257	324	363	423	443	261.3333333333333
NM_001180933.1	56	100	170	210	235	328	365	433	455	261.3333333333333
NM_001180881.1	45	106	159	208	264	287	374	432	481	261.77777777777777
NM_001183480.1	44	99	156	200	248	333	376	443	459	262.0
NM_001181110.1	50	116	166	210	285	324	338	406	465	262.22222222222223
NM_001183069.1	59	112	154	229	242	323	352	394	497	262.44444444444446
NM_001182163.1	65	107	163	209	264	293	364	413	487	262.77777777777777
NM_001181734.1	62	92	131	227	272	315	392	410	465	262.8888888888889
NM_001180707.3	44	91	153	217	263	334	370	439	458	263.22222222222223
NM_001184053.1	59	100	146	204	275	343	356	425	464	263.55555555555554
NM_001183467.1	56	98	148	195	264	307	387	433	485	263.6666666666667
NM_001178892.1	50	113	161	197	257	327	382	395	491	263.6666666666667
NM_001179472.3	46	108	161	230	266	326	356	396	484	263.6666666666667
NM_001183089.1	51	132	146	200	261	325	369	411	480	263.8888888888889
NM_001182000.1	37	114	147	217	269	326	382	423	464	264.3333333333333
NM_001179729.1	69	103	146	210	269	317	365	419	482	264.44444444444446
NM_001178996.1	60	96	151	210	275	288	381	455	469	265.0
NM_001179120.1	56	108	164	211	269	306	347	435	492	265.3333333333333
NM_001180468.1	52	115	163	200	272	330	381	405	471	265.44444444444446
NM_001179634.1	48	117	143	222	247	338	365	431	479	265.55555555555554
NM_001179769.1	59	99	164	209	268	338	355	407	491	265.55555555555554
NM_001180250.2	67	97	169	229	257	308	400	396	471	266.0
NM_001181578.1	49	109	155	201	256	321	388	428	496	267.0
NM_001182987.1	59	121	157	194	261	333	364	447	467	267.0
NM_001178570.3	43	102	142	222	283	324	389	414	489	267.55555555555554
NM_001178955.1	59	108	174	218	260	307	370	438	475	267.6666666666667
NM_001183470.1	41	105	167	192	276	336	363	446	485	267.8888888888889
NM_001182340.1	57	100	156	214	249	319	418	446	454	268.1111111111111
NM_001180866.1	56	109	172	219	265	297	384	443	470	268.3333333333333
NM_001181530.1	51	95	157	208	258	321	363	451	515	268.77777777777777
NM_001183433.1	49	117	162	216	253	318	385	441	480	269.0
NM_001178241.1	55	114	155	228	274	333	381	415	468	269.22222222222223
NM_001180428.3	54	118	173	207	260	334	368	420	492	269.55555555555554
NM_001180162.1	62	114	159	218	271	328	383	413	478	269.55555555555554
NM_001178459.1	59	113	151	220	281	319	375	425	484	269.6666666666667
NM_001183281.1	41	107	159	209	281	326	382	437	489	270.1111111111111
NM_001178778.1	53	102	168	207	279	319	370	426	509	270.3333333333333
NM_001181467.1	46	99	150	201	280	340	408	433	478	270.55555555555554
NM_001178715.1	41	98	178	197	271	327	396	438	499	271.6666666666667
NM_001182922.1	43	116	166	241	267	323	383	449	457	271.6666666666667
NM_001183543.3	54	105	166	209	243	348	377	441	502	271.6666666666667
NM_001182805.1	53	95	150	210	286	333	386	430	503	271.77777777777777
NM_001180688.3	55	95	147	209	264	342	431	430	473	271.77777777777777
NM_001178948.3	60	98	182	215	280	313	384	432	483	271.8888888888889
NM_001178918.1	64	109	180	225	253	329	354	448	487	272.1111111111111
NM_001183595.3	60	107	169	195	297	310	372	457	487	272.6666666666667
NM_001179846.1	60	95	200	222	269	331	357	433	490	273.0
NM_001178724.1	59	110	156	243	242	329	355	469	495	273.1111111111111
NM_001178596.3	59	110	186	205	299	307	382	418	500	274.0
NM_001184077.1	50	112	169	215	286	323	402	409	505	274.55555555555554
NM_001181921.2	51	86	180	211	273	337	389	470	476	274.77777777777777
NM_001184074.1	58	121	147	215	265	341	381	448	502	275.3333333333333
NM_001181502.1	65	106	155	194	308	309	395	443	505	275.55555555555554
NM_001180406.4	55	103	148	219	275	340	384	456	500	275.55555555555554
NM_001178460.3	67	105	152	224	306	329	382	439	483	276.3333333333333
NM_001182926.3	67	117	153	228	275	353	391	435	471	276.6666666666667
NM_001178382.1	39	117	179	219	270	335	395	451	486	276.77777777777777
NM_001183514.1	49	97	161	227	275	345	400	418	525	277.44444444444446
NM_001183145.1	48	102	157	224	302	343	383	449	489	277.44444444444446
NM_001183510.1	54	123	155	194	283	328	406	466	490	277.6666666666667
NM_001183195.1	66	117	179	221	268	331	402	420	496	277.77777777777777
NM_001184288.1	70	111	177	227	272	330	388	446	480	277.8888888888889
NM_001178319.1	51	122	166	219	261	372	385	414	518	278.6666666666667
NM_001180119.1	58	131	175	218	291	323	395	427	501	279.8888888888889
NM_001181320.1	51	130	176	237	269	336	412	441	478	281.1111111111111
NM_001181896.1	52	110	183	217	280	348	393	428	525	281.77777777777777
NM_001183221.1	57	128	159	248	279	346	373	443	508	282.3333333333333
NM_001179590.3	54	123	146	217	284	358	389	475	499	282.77777777777777
NM_001178553.3	63	104	174	221	277	339	397	474	497	282.8888888888889
NM_001178449.3	52	100	181	220	276	340	393	475	509	282.8888888888889
NM_001179776.1	59	115	159	235	284	337	412	467	478	282.8888888888889
NM_001180879.1	55	119	151	213	301	361	402	442	521	285.0
NM_001183547.3	68	134	167	244	303	323	386	454	491	285.55555555555554
NM_001178595.3	55	109	167	233	288	348	396	475	511	286.8888888888889
NM_001181315.1	55	106	180	250	301	354	408	444	487	287.22222222222223
NM_001179167.1	70	117	174	251	284	356	377	432	531	288.0
NM_001183892.1	57	119	171	247	282	310	412	454	548	288.8888888888889
NM_001179925.1	48	123	168	223	296	345	405	470	526	289.3333333333333
NM_001181301.3	67	115	193	218	271	363	396	455	530	289.77777777777777
NM_001178878.1	58	124	178	238	283	342	370	488	532	290.3333333333333
NM_001181130.3	68	120	166	262	284	322	413	476	510	291.22222222222223
NM_001179612.1	68	111	160	244	287	344	406	461	543	291.55555555555554
NM_001178525.3	60	114	167	223	301	381	401	445	536	292.0
NM_001183983.1	60	99	155	233	286	370	418	474	534	292.1111111111111
NM_001180857.3	55	136	185	221	282	359	420	462	512	292.44444444444446
NM_001180105.1	58	130	175	233	304	339	425	456	514	292.6666666666667
NM_001179424.1	67	104	165	245	282	368	413	488	502	292.6666666666667
NM_001181730.3	61	139	158	242	294	369	399	456	517	292.77777777777777
NM_001178166.1	72	115	166	237	276	349	396	475	557	293.6666666666667
NM_001182807.1	52	131	174	247	271	355	388	477	548	293.6666666666667
NM_001180643.1	50	109	178	273	295	363	391	465	521	293.8888888888889
NM_001182494.1	62	122	170	268	264	344	429	474	513	294.0
NM_001182259.3	61	118	179	237	292	329	409	474	547	294.0
NM_001180942.1	56	126	155	232	296	353	442	449	548	295.22222222222223
NM_001178296.2	58	120	198	238	293	345	412	473	522	295.44444444444446
NM_001180669.3	60	139	175	240	286	338	428	451	553	296.6666666666667
NM_001180636.3	58	118	187	198	292	362	456	467	536	297.1111111111111
NM_001179856.1	70	135	176	215	296	380	417	462	524	297.22222222222223
NM_001180032.3	60	135	182	223	289	367	416	474	530	297.3333333333333
NM_001178397.1	56	102	178	257	317	357	388	483	540	297.55555555555554
NM_001178922.1	64	125	149	272	297	351	431	454	541	298.22222222222223
NM_001179038.3	57	104	197	251	280	358	450	461	527	298.3333333333333
NM_001180117.1	53	137	182	230	301	358	408	454	562	298.3333333333333
NM_001179874.3	66	119	202	245	276	366	410	471	532	298.55555555555554
NM_001183054.1	63	116	197	243	281	367	417	471	536	299.0
NM_001180821.1	52	122	195	212	302	367	423	467	556	299.55555555555554
NM_001178363.1	65	133	172	232	308	369	403	479	537	299.77777777777777
NM_001182968.3	69	111	169	233	300	355	442	501	524	300.44444444444446
NM_001181749.3	61	121	165	228	277	371	459	480	546	300.8888888888889
NM_001179336.1	68	131	177	242	304	375	414	488	521	302.22222222222223
NM_001181783.1	54	110	194	226	294	396	421	488	537	302.22222222222223
NM_001183196.1	49	105	182	244	322	397	424	462	540	302.77777777777777
NM_001180382.1	49	115	178	257	295	365	424	481	564	303.1111111111111
NM_001184518.1	48	131	211	249	282	359	388	517	544	303.22222222222223
NM_001183760.1	64	135	167	245	301	346	411	514	564	305.22222222222223
NM_001179872.3	69	104	180	238	319	377	435	461	569	305.77777777777777
NM_001179605.1	55	122	196	254	302	367	432	480	546	306.0
NM_001182779.1	64	112	184	274	299	359	428	482	558	306.6666666666667
NM_001181261.3	78	115	186	246	328	359	435	447	576	307.77777777777777
NM_001181274.2	67	116	202	232	322	341	420	511	559	307.77777777777777
NM_001184121.1	53	129	191	237	278	386	427	506	565	308.0
NM_001181705.3	72	113	196	272	275	379	401	494	570	308.0
NM_001183626.1	62	132	192	245	296	362	433	505	547	308.22222222222223
NM_001183584.1	57	142	192	249	329	361	459	462	530	309.0
NM_001182523.1	66	121	169	249	292	389	457	476	571	310.0
NM_001180191.1	62	108	183	241	304	396	435	488	576	310.3333333333333
NM_001180484.3	68	128	170	241	326	383	437	510	532	310.55555555555554
NM_001180914.1	54	126	201	252	289	354	442	497	582	310.77777777777777
NM_001180002.3	62	135	175	229	305	401	432	504	560	311.44444444444446
NM_001182925.1	57	140	188	256	299	361	432	514	559	311.77777777777777
NM_001179651.1	55	144	164	231	323	392	448	498	556	312.3333333333333
NM_001184160.1	60	128	207	251	307	361	477	472	568	314.55555555555554
NM_001183949.1	76	116	180	274	305	384	433	495	569	314.6666666666667
NM_001179263.1	58	121	206	225	320	412	421	511	559	314.77777777777777
NM_001178384.1	66	130	185	248	320	370	431	531	553	314.8888888888889
NM_001180706.1	67	108	190	254	333	381	437	516	549	315.0
NM_001182082.1	56	112	181	276	323	390	453	483	577	316.77777777777777
NM_001183346.1	59	114	189	270	313	384	434	474	615	316.8888888888889
NM_001179426.1	71	116	175	245	341	385	470	493	558	317.1111111111111
NM_001184226.1	69	137	178	253	321	359	455	506	582	317.77777777777777
NM_001182308.1	67	147	207	279	307	376	422	477	590	319.1111111111111
NM_001182276.1	66	133	187	237	318	376	457	542	565	320.1111111111111
NM_001178730.1	65	137	190	268	317	387	446	520	551	320.1111111111111
NM_001180129.1	58	115	201	244	335	380	435	521	594	320.3333333333333
NM_001184438.1	61	132	192	259	318	381	434	540	575	321.3333333333333
NM_001182956.1	64	142	180	261	316	382	467	509	585	322.8888888888889
NM_001182286.3	68	129	183	258	344	386	436	511	593	323.1111111111111
NM_001180131.1	75	114	200	268	339	377	438	516	582	323.22222222222223
NM_001183505.1	62	127	197	272	348	406	428	500	577	324.1111111111111
NM_001181742.3	68	108	206	298	314	378	439	533	574	324.22222222222223
NM_001182591.1	70	99	214	291	337	364	445	527	571	324.22222222222223
NM_001179195.1	60	164	183	259	319	396	441	518	580	324.44444444444446
NM_001180502.1	63	127	220	270	314	380	451	506	596	325.22222222222223
NM_001181374.3	60	128	196	273	334	381	450	491	616	325.44444444444446
NM_001178211.1	57	137	197	267	330	384	440	530	595	326.3333333333333
NM_001181976.1	69	133	216	265	333	393	444	500	591	327.1111111111111
NM_001178436.1	61	132	201	250	329	385	460	529	605	328.0
NM_001183013.2	61	151	190	258	326	411	485	510	563	328.3333333333333
NM_001180137.1	59	150	190	264	336	386	456	514	602	328.55555555555554
NM_001180673.1	61	135	213	267	311	418	480	496	588	329.8888888888889
NM_001179559.1	76	129	205	283	312	381	465	551	569	330.1111111111111
NM_001182609.1	78	125	181	242	348	411	454	547	586	330.22222222222223
NM_001181265.1	72	122	220	264	330	420	478	496	576	330.8888888888889
NM_001179474.1	62	143	195	256	310	419	465	532	602	331.55555555555554
NM_001180919.1	63	157	218	246	333	398	452	537	593	333.0
NM_001179412.1	60	151	204	277	336	392	475	514	592	333.44444444444446
NM_001182410.1	66	130	198	267	339	422	444	533	603	333.55555555555554
NM_001180987.3	77	141	189	291	338	395	464	499	625	335.44444444444446
NM_001182809.1	83	137	201	275	322	399	466	512	624	335.44444444444446
NM_001181257.3	74	132	189	263	286	428	469	553	626	335.55555555555554
NM_001183900.1	64	147	201	267	329	388	481	540	603	335.55555555555554
NM_001181581.1	63	149	184	262	325	419	471	552	598	335.8888888888889
NM_001181619.2	82	123	227	279	317	411	455	556	583	337.0
NM_001183146.1	63	147	193	274	320	425	484	519	609	337.1111111111111
NM_001181607.1	58	127	207	243	318	416	488	543	635	337.22222222222223
NM_001181987.1	78	143	194	286	316	430	459	529	605	337.77777777777777
NM_001180892.1	66	121	194	281	339	414	452	553	621	337.8888888888889
NM_001179861.3	76	132	219	254	335	401	466	546	613	338.0
NM_001178971.1	79	146	198	273	348	411	461	538	593	338.55555555555554
NM_001182392.1	79	129	198	309	324	396	470	524	620	338.77777777777777
NM_001178535.1	65	139	203	266	322	428	461	556	620	340.0
NM_001183504.1	61	128	202	289	345	387	517	543	589	340.1111111111111
NM_001178862.3	72	143	183	261	346	410	461	555	631	340.22222222222223
NM_001178507.1	65	141	187	273	330	412	478	572	605	340.3333333333333
NM_001180208.1	57	113	215	267	320	438	502	534	619	340.55555555555554
NM_001181155.3	79	143	193	230	373	386	475	558	630	340.77777777777777
NM_001179083.1	62	148	205	264	328	419	491	535	620	341.3333333333333
NM_001178272.1	65	135	224	272	324	417	479	545	617	342.0
NM_001180964.3	54	107	184	284	353	420	494	549	634	342.1111111111111
NM_001180336.1	60	149	215	262	309	413	475	556	640	342.1111111111111
NM_001182884.1	68	146	212	277	360	391	449	545	632	342.22222222222223
NM_001180171.1	69	133	217	287	327	376	499	555	618	342.3333333333333
NM_001180540.1	80	136	187	268	345	424	472	549	622	342.55555555555554
NM_001184049.1	75	136	211	283	354	425	479	540	581	342.6666666666667
NM_001183528.3	74	131	187	267	351	426	463	528	660	343.0
NM_001180021.1	69	143	200	266	341	418	476	541	641	343.8888888888889
NM_001181252.3	72	144	195	262	355	430	451	568	628	345.0
NM_001182992.1	62	150	206	271	358	426	470	563	603	345.44444444444446
NM_001181313.1	73	140	205	265	361	402	463	564	648	346.77777777777777
NM_001178873.1	59	145	221	269	351	395	475	555	658	347.55555555555554
NM_001184057.1	69	132	226	265	336	448	504	520	628	347.55555555555554
NM_001182493.1	79	151	179	269	341	441	483	563	623	347.6666666666667
NM_001179485.1	49	144	206	276	370	409	478	572	626	347.77777777777777
NM_001180455.3	61	144	227	296	355	416	491	536	620	349.55555555555554
NM_001179580.3	74	136	212	269	342	418	497	592	618	350.8888888888889
NM_001183690.1	76	137	219	284	333	443	472	571	629	351.55555555555554
NM_001181584.1	67	141	211	273	353	430	496	561	632	351.55555555555554
NM_001178386.1	70	154	197	278	351	394	516	555	658	352.55555555555554
NM_001179919.1	69	122	211	280	346	462	505	559	627	353.44444444444446
NM_001183527.1	84	148	197	306	356	416	481	592	612	354.6666666666667
NM_001182579.1	78	154	192	260	364	439	493	589	627	355.1111111111111
NM_001182651.1	83	141	207	304	356	403	506	563	636	355.44444444444446
NM_001183691.3	85	143	214	273	344	436	481	588	639	355.8888888888889
NM_001183679.1	72	132	209	301	363	430	486	565	645	355.8888888888889
NM_001183625.3	74	148	199	286	364	460	479	547	650	356.3333333333333
NM_001182511.1	63	150	195	323	368	424	464	568	659	357.1111111111111
NM_001181576.1	66	126	212	259	362	454	504	583	665	359.0
NM_001181329.3	84	142	227	235	359	447	498	585	658	359.44444444444446
NM_001182570.1	74	140	217	290	354	434	513	567	654	360.3333333333333
NM_001183877.1	71	163	212	273	354	434	478	592	667	360.44444444444446
NM_001182287.1	83	144	224	288	365	432	492	565	654	360.77777777777777
NM_001184210.1	83	149	201	285	352	428	492	588	670	360.8888888888889
NM_001178769.1	67	128	221	308	359	451	492	571	654	361.22222222222223
NM_001182825.1	68	144	229	297	347	434	513	598	623	361.44444444444446
NM_001181645.1	80	143	229	282	382	414	519	570	638	361.8888888888889
NM_001182016.1	82	144	203	273	317	455	540	614	636	362.6666666666667
NM_001183823.1	75	134	220	298	365	428	518	560	666	362.6666666666667
NM_001182226.1	52	133	227	299	331	429	531	605	659	362.8888888888889
NM_001181212.1	54	145	211	272	374	422	524	597	672	363.44444444444446
NM_001183119.1	70	161	231	276	366	415	523	554	676	363.55555555555554
NM_001182722.1	68	147	212	283	375	407	514	607	666	364.3333333333333
NM_001182689.1	90	126	216	285	351	464	515	555	682	364.8888888888889
NM_001182452.1	57	138	214	280	399	456	492	584	674	366.0
NM_001180348.1	60	140	231	318	361	460	500	563	662	366.1111111111111
NM_001182544.1	80	154	227	316	373	458	486	521	683	366.44444444444446
NM_001181673.3	73	152	204	314	364	465	520	579	628	366.55555555555554
NM_001180272.1	82	139	219	290	355	418	530	599	672	367.1111111111111
NM_001181389.1	70	155	193	284	383	412	524	583	702	367.3333333333333
NM_001183440.1	66	145	218	285	345	438	548	603	660	367.55555555555554
NM_001181427.1	77	158	209	296	379	458	507	577	657	368.6666666666667
NM_001179633.1	70	142	215	317	361	442	511	617	643	368.6666666666667
NM_001178331.2	88	128	249	294	388	416	518	571	671	369.22222222222223
NM_001179046.3	93	150	210	286	367	424	509	588	704	370.1111111111111
NM_001179959.1	72	162	211	307	347	452	523	566	691	370.1111111111111
NM_001180572.1	82	148	225	290	367	454	515	571	679	370.1111111111111
NM_001179016.1	61	143	220	301	361	426	539	602	682	370.55555555555554
NM_001182224.1	83	150	213	278	374	447	536	599	659	371.0
NM_001183138.1	71	143	225	327	359	430	520	608	668	372.3333333333333
NM_001182109.1	84	157	238	281	371	476	478	581	687	372.55555555555554
NM_001183295.1	73	176	215	313	358	456	508	606	655	373.3333333333333
NM_001179204.1	72	144	224	315	356	454	546	605	645	373.44444444444446
NM_001178502.1	71	157	214	297	357	464	536	616	651	373.6666666666667
NM_001180632.3	87	120	206	309	373	440	531	585	718	374.3333333333333
NM_001180409.1	61	161	232	299	355	469	515	587	693	374.6666666666667
NM_001179267.1	79	143	215	314	358	471	527	597	672	375.1111111111111
NM_001179708.1	78	145	241	303	392	450	506	586	682	375.8888888888889
NM_001181473.1	77	147	213	290	374	456	519	620	691	376.3333333333333
NM_001180905.1	75	147	202	312	370	442	520	613	708	376.55555555555554
NM_001183314.1	79	137	209	314	404	437	536	590	684	376.6666666666667
NM_001180427.1	89	167	226	296	377	432	519	600	688	377.1111111111111
NM_001182297.3	70	137	212	331	362	455	540	587	704	377.55555555555554
NM_001348887.1	74	157	234	299	390	437	533	600	674	377.55555555555554
NM_001178870.1	73	155	231	325	373	431	538	608	683	379.6666666666667
NM_001180296.1	65	166	224	310	364	475	543	575	698	380.0
NM_001181032.1	81	173	214	324	348	435	547	602	701	380.55555555555554
NM_001184159.1	76	156	228	308	356	463	535	618	688	380.8888888888889
NM_001182758.1	77	146	206	322	378	434	537	638	693	381.22222222222223
NM_001182298.1	72	144	236	287	396	457	552	619	677	382.22222222222223
NM_001180795.1	75	156	214	328	374	453	549	607	689	382.77777777777777
NM_001179138.1	82	157	228	290	396	447	517	611	718	382.8888888888889
NM_001182744.1	78	165	226	331	378	434	564	618	656	383.3333333333333
NM_001179182.1	79	145	217	279	401	461	531	661	678	383.55555555555554
NM_001181841.1	90	157	238	288	368	473	578	601	670	384.77777777777777
NM_001184215.1	73	147	227	283	406	466	545	634	690	385.6666666666667
NM_001178828.3	100	149	196	328	375	460	558	614	694	386.0
NM_001183704.1	81	161	246	291	368	461	558	614	696	386.22222222222223
NM_001184209.1	74	163	229	309	375	464	566	608	694	386.8888888888889
NM_001178660.1	87	157	237	320	373	460	571	622	680	389.6666666666667
NM_001181775.1	75	161	241	291	380	474	552	639	699	390.22222222222223
NM_001180090.2	72	176	238	308	390	455	562	653	658	390.22222222222223
NM_001181650.1	83	157	237	294	406	450	552	633	701	390.3333333333333
NM_001179229.1	87	129	243	336	365	450	539	650	716	390.55555555555554
NM_001180902.3	85	158	237	318	393	444	520	631	735	391.22222222222223
NM_001179692.1	77	162	235	332	375	485	561	624	671	391.3333333333333
NM_001179971.1	74	155	241	333	400	490	524	601	708	391.77777777777777
NM_001183564.1	75	143	241	322	391	496	510	632	717	391.8888888888889
NM_001182144.1	70	160	221	339	389	477	529	619	731	392.77777777777777
NM_001182487.1	72	151	233	318	386	474	547	647	722	394.44444444444446
NM_001183275.1	74	140	227	324	412	467	562	638	714	395.3333333333333
NM_001179762.1	83	163	274	316	404	465	529	655	684	397.0
NM_001184315.1	67	165	271	337	370	460	547	622	737	397.3333333333333
NM_001181360.1	82	161	216	333	412	464	585	622	705	397.77777777777777
NM_001180542.3	87	177	235	327	377	484	557	643	695	398.0
NM_001178285.1	74	165	258	313	390	475	590	628	691	398.22222222222223
NM_001179575.1	80	134	259	316	390	470	587	625	725	398.44444444444446
NM_001178291.1	81	147	233	319	408	502	527	651	723	399.0
NM_001178365.1	67	151	251	323	430	489	516	640	725	399.1111111111111
NM_001182356.1	82	149	244	320	379	499	583	634	704	399.3333333333333
NM_001180566.3	96	166	239	335	380	477	600	602	699	399.3333333333333
NM_001184284.1	81	168	255	309	396	516	536	636	699	399.55555555555554
NM_001184025.1	78	151	251	312	395	473	545	661	732	399.77777777777777
NM_001183857.1	87	190	243	302	364	478	562	648	736	401.1111111111111
NM_001183517.1	70	171	279	320	368	489	545	632	737	401.22222222222223
NM_001183160.1	70	151	259	345	395	470	563	640	737	403.3333333333333
NM_001182804.1	83	167	227	295	389	510	559	679	722	403.44444444444446
NM_001178582.1	71	162	247	347	412	497	554	641	712	404.77777777777777
NM_001180207.1	92	167	211	344	382	496	532	659	761	404.8888888888889
NM_001179871.1	74	146	229	316	424	497	600	639	719	404.8888888888889
NM_001181904.1	77	151	237	306	399	465	606	649	756	405.1111111111111
NM_001181302.1	69	162	239	325	409	479	570	669	725	405.22222222222223
NM_001182626.1	86	163	230	323	409	472	563	675	735	406.22222222222223
NM_001180962.1	85	178	248	348	403	482	563	613	740	406.6666666666667
NM_001183977.1	85	161	248	324	421	501	545	652	727	407.1111111111111
NM_001182899.3	85	153	238	329	428	472	574	669	720	407.55555555555554
NM_001182599.1	88	177	255	314	393	470	594	673	704	407.55555555555554
NM_001180268.1	88	165	242	334	388	482	571	664	745	408.77777777777777
NM_001178434.1	75	149	258	328	448	486	582	661	693	408.8888888888889
NM_001179301.1	94	168	240	324	426	497	584	629	719	409.0
NM_001180031.1	84	179	262	314	406	487	609	629	712	409.1111111111111
NM_001181413.3	90	160	259	332	402	487	568	646	744	409.77777777777777
NM_001183292.1	54	172	235	341	403	488	610	642	747	410.22222222222223
NM_001183230.1	79	157	238	356	404	509	557	645	755	411.1111111111111
NM_001183651.3	91	176	255	345	361	485	587	682	720	411.3333333333333
NM_001180370.1	79	174	248	336	413	515	563	678	697	411.44444444444446
NM_001182543.1	93	155	241	333	397	474	561	664	786	411.55555555555554
NM_001181219.3	85	162	274	351	400	497	548	657	733	411.8888888888889
NM_001179556.3	84	151	263	341	422	492	605	661	692	412.3333333333333
NM_001182465.1	75	170	253	320	437	497	542	675	742	412.3333333333333
NM_001183824.1	80	176	223	340	406	499	588	655	749	412.8888888888889
NM_001179473.1	85	158	261	349	391	511	579	647	740	413.44444444444446
NM_001182826.1	96	166	251	349	426	498	581	632	732	414.55555555555554
NM_001182542.2	91	155	242	336	405	479	568	671	796	415.8888888888889
NM_001184525.1	95	153	228	315	412	505	597	666	776	416.3333333333333
NM_001178593.1	89	161	239	332	403	525	583	662	755	416.55555555555554
NM_001183518.1	89	160	234	340	415	501	594	663	758	417.1111111111111
NM_001178903.1	75	178	237	350	437	494	579	638	773	417.8888888888889
NM_001181143.3	86	160	244	312	415	507	588	706	757	419.44444444444446
NM_001179961.1	91	180	266	316	399	499	604	654	767	419.55555555555554
NM_001180957.1	93	187	252	365	442	474	581	677	709	420.0
NM_001178281.1	78	172	257	317	417	500	604	723	723	421.22222222222223
NM_001181149.1	72	164	263	330	426	526	583	676	760	422.22222222222223
NM_001179738.1	82	169	234	345	423	538	553	721	736	422.3333333333333
NM_001182488.1	79	159	252	356	438	494	594	659	778	423.22222222222223
NM_001179774.1	75	180	250	335	449	487	594	685	757	423.55555555555554
NM_001180363.1	84	172	253	346	430	494	605	651	779	423.77777777777777
NM_001183662.1	92	165	255	356	419	514	601	644	774	424.44444444444446
NM_001180810.3	78	160	262	338	454	480	598	681	774	425.0
NM_001182059.1	93	170	276	332	438	523	552	665	776	425.0
NM_001179380.3	91	170	250	345	421	512	564	706	781	426.6666666666667
NM_001178497.3	83	169	261	348	421	505	605	663	785	426.6666666666667
NM_001178786.2	92	179	245	350	403	511	603	669	788	426.6666666666667
NM_001180769.3	92	165	261	315	419	503	604	703	788	427.77777777777777
NM_001183535.1	80	163	256	340	426	545	626	644	772	428.0
NM_001179331.3	89	178	253	346	443	517	591	684	751	428.0
NM_001180735.3	96	165	276	323	411	546	595	665	776	428.1111111111111
NM_001179347.3	103	178	246	347	420	517	584	684	779	428.6666666666667
NM_001181604.2	86	176	249	339	419	529	622	680	759	428.77777777777777
NM_001184004.1	77	173	269	329	441	548	606	708	714	429.44444444444446
NM_001180654.3	82	170	246	350	440	526	576	707	769	429.55555555555554
NM_001178816.1	62	157	265	354	451	504	618	684	789	431.55555555555554
NM_001178790.1	102	172	259	307	434	506	624	690	799	432.55555555555554
NM_001179148.1	77	170	265	375	410	572	600	676	760	433.8888888888889
NM_001181509.1	69	152	268	351	456	546	603	693	794	436.8888888888889
NM_001184149.1	94	187	263	338	452	506	620	697	777	437.1111111111111
NM_001184205.1	104	188	254	351	437	499	654	694	754	437.22222222222223
NM_001178428.3	101	177	265	344	438	518	645	686	766	437.77777777777777
NM_001178664.1	80	169	261	361	426	534	615	719	780	438.3333333333333
NM_001180481.1	75	167	234	333	479	545	597	731	786	438.55555555555554
NM_001182876.1	90	169	277	341	443	529	609	692	803	439.22222222222223
NM_001183331.2	81	183	282	331	422	552	602	700	805	439.77777777777777
NM_001183178.1	92	174	256	351	451	541	598	694	808	440.55555555555554
NM_001180346.3	77	161	270	378	411	553	621	706	789	440.6666666666667
NM_001180033.1	93	173	259	364	426	525	625	714	797	441.77777777777777
NM_001179045.3	77	167	279	353	463	488	676	703	770	441.77777777777777
NM_001181868.1	77	198	274	336	448	545	629	688	782	441.8888888888889
NM_001183658.6	73	182	275	340	438	539	610	718	808	442.55555555555554
NM_001183408.1	95	190	273	351	455	528	624	685	784	442.77777777777777
NM_001180088.1	81	172	250	385	424	534	606	726	811	443.22222222222223
NM_001182742.1	79	171	283	337	450	540	650	720	765	443.8888888888889
NM_001179750.1	94	154	278	348	419	542	633	715	815	444.22222222222223
NM_001182405.1	92	184	263	356	418	549	617	702	822	444.77777777777777
NM_001184076.1	87	198	256	355	446	537	621	714	792	445.1111111111111
NM_001182768.1	98	190	250	321	428	542	647	713	823	445.77777777777777
NM_001182936.1	110	173	253	358	471	551	604	679	819	446.44444444444446
NM_001182369.1	90	166	270	335	446	565	646	709	802	447.6666666666667
NM_001181511.1	90	172	250	367	423	529	643	734	822	447.77777777777777
NM_001180017.1	77	173	299	364	416	557	613	724	808	447.8888888888889
NM_001178698.1	79	194	277	356	413	545	647	705	815	447.8888888888889
NM_001182748.1	84	186	283	361	433	536	636	731	799	449.8888888888889
NM_001183397.1	92	153	297	354	452	547	610	730	829	451.55555555555554
NM_001181264.3	88	194	274	343	449	560	624	705	828	451.6666666666667
NM_001182750.1	100	203	279	381	440	530	605	713	819	452.22222222222223
NM_001183405.1	92	181	254	357	464	558	612	732	829	453.22222222222223
NM_001182337.3	99	178	278	377	416	523	647	758	805	453.44444444444446
NM_001179808.1	96	166	296	335	457	538	648	707	839	453.55555555555554
NM_001180347.3	78	165	284	387	427	569	641	730	811	454.6666666666667
NM_001183643.1	109	164	271	370	467	544	640	726	809	455.55555555555554
NM_001180016.3	92	197	278	327	495	553	624	729	828	458.1111111111111
NM_001180394.1	95	182	272	375	433	530	629	745	865	458.44444444444446
NM_001182841.3	81	180	259	381	468	537	657	735	828	458.44444444444446
NM_001179463.1	104	170	264	394	470	539	643	720	823	458.55555555555554
NM_001179228.1	98	198	287	374	434	533	675	707	823	458.77777777777777
NM_001178387.1	95	195	289	376	440	547	618	738	836	459.3333333333333
NM_001181860.1	83	170	275	381	468	538	644	763	823	460.55555555555554
NM_001183212.1	91	187	302	346	461	550	665	754	794	461.1111111111111
NM_001182083.1	73	195	278	412	460	529	610	750	854	462.3333333333333
NM_001181104.1	80	199	301	356	441	582	625	737	856	464.1111111111111
NM_001178187.1	91	184	273	356	451	578	682	727	840	464.6666666666667
NM_001178940.1	85	218	277	393	441	553	642	738	841	465.3333333333333
NM_001183561.3	101	171	266	352	442	553	667	796	857	467.22222222222223
NM_001180286.1	101	208	275	356	452	558	656	741	860	467.44444444444446
NM_001183628.1	95	191	292	377	459	552	674	736	839	468.3333333333333
NM_001180522.3	99	204	281	362	476	566	653	710	871	469.1111111111111
NM_001183198.3	78	186	300	388	464	577	670	730	831	469.3333333333333
NM_001180696.1	93	187	293	377	470	568	642	775	835	471.1111111111111
NM_001180804.1	77	182	264	351	463	579	664	770	894	471.55555555555554
NM_001182326.1	91	179	308	385	470	569	652	732	862	472.0
NM_001182429.1	129	196	279	364	479	573	667	743	831	473.44444444444446
NM_001179723.2	96	194	291	369	482	571	659	756	844	473.55555555555554
NM_001182632.1	105	190	284	356	478	583	664	759	845	473.77777777777777
NM_001179534.1	106	182	277	385	445	582	640	782	865	473.77777777777777
NM_001180099.1	84	216	293	390	451	560	684	755	833	474.0
NM_001183931.1	93	192	310	393	483	533	653	769	843	474.3333333333333
NM_001178985.3	98	185	273	409	489	564	653	752	851	474.8888888888889
NM_001178673.1	92	164	317	370	467	552	663	732	921	475.3333333333333
NM_001179595.1	110	175	292	361	490	568	651	776	856	475.44444444444446
NM_001181446.1	86	175	293	377	487	565	666	773	860	475.77777777777777
NM_001179293.1	93	176	279	398	455	564	692	773	863	477.0
NM_001184031.1	109	215	290	375	486	555	642	748	888	478.6666666666667
NM_001182428.1	105	191	298	390	491	582	697	716	845	479.44444444444446
NM_001180692.1	108	192	320	373	480	577	695	738	836	479.8888888888889
NM_001184039.1	103	190	294	359	491	586	656	786	858	480.3333333333333
NM_001181828.1	85	169	288	404	484	560	659	760	923	481.3333333333333
NM_001179643.1	93	211	285	366	477	620	699	737	860	483.1111111111111
NM_001180110.1	93	191	298	398	480	598	679	770	847	483.77777777777777
NM_001184079.1	116	183	280	386	500	568	684	756	882	483.8888888888889
NM_001182647.1	79	200	266	424	469	558	714	772	883	485.0
NM_001179956.1	75	176	278	397	470	612	664	805	890	485.22222222222223
NM_001180805.1	113	192	281	398	484	614	661	796	830	485.44444444444446
NM_001181296.3	88	210	301	387	485	591	671	789	847	485.44444444444446
NM_001180971.1	92	198	301	383	523	626	664	739	845	485.6666666666667
NM_001178566.1	89	196	281	402	486	594	679	769	884	486.6666666666667
NM_001179238.1	103	201	295	373	464	564	696	782	906	487.1111111111111
NM_001183680.3	111	216	274	390	458	592	685	768	891	487.22222222222223
NM_001178857.1	105	213	288	401	486	583	702	771	844	488.1111111111111
NM_001183086.1	102	191	295	392	489	579	708	767	878	489.0
NM_001184048.1	85	209	292	371	494	591	711	785	867	489.44444444444446
NM_001183352.1	98	184	333	390	481	589	717	751	871	490.44444444444446
NM_001182621.1	86	193	271	392	513	602	679	792	888	490.6666666666667
NM_001182535.1	80	228	297	329	494	621	678	800	906	492.55555555555554
NM_001183737.3	88	219	280	382	512	607	671	793	891	493.6666666666667
NM_001183940.1	101	195	287	392	471	597	704	816	886	494.3333333333333
NM_001180676.1	76	186	303	382	507	599	711	809	878	494.55555555555554
NM_001180379.1	104	208	299	409	498	589	692	787	876	495.77777777777777
NM_001181915.1	96	213	292	384	483	599	675	801	929	496.8888888888889
NM_001180343.3	103	202	296	393	483	598	710	778	910	497.0
NM_001180651.1	101	190	283	397	508	623	691	799	892	498.22222222222223
NM_001180612.3	94	201	290	417	493	582	702	829	881	498.77777777777777
NM_001182445.1	102	216	283	406	498	593	673	814	913	499.77777777777777
NM_001183907.1	91	208	292	380	503	610	730	780	905	499.8888888888889
NM_001183139.1	93	194	298	390	478	602	715	824	912	500.6666666666667
NM_001179026.1	97	182	286	422	513	576	714	790	931	501.22222222222223
NM_001180601.1	90	201	305	400	525	613	698	769	931	503.55555555555554
NM_001180650.3	102	191	286	403	514	634	702	811	906	505.44444444444446
NM_001180791.1	85	199	313	366	528	634	753	812	895	509.44444444444446
NM_001178875.1	103	182	292	392	515	636	704	845	924	510.3333333333333
NM_001180943.3	100	240	295	394	513	640	694	825	900	511.22222222222223
NM_001182592.1	101	218	330	387	513	622	695	803	943	512.4444444444445
NM_001180519.3	130	203	304	404	512	618	714	842	903	514.4444444444445
NM_001181970.1	108	201	296	427	496	638	699	846	933	516.0
NM_001179365.1	100	203	319	420	522	616	751	827	887	516.1111111111111
NM_001180475.1	112	236	287	376	524	649	698	845	926	517.0
NM_001181629.1	125	212	326	388	494	643	693	836	949	518.4444444444445
NM_001179277.1	110	186	302	434	540	635	734	810	921	519.1111111111111
NM_001180340.1	108	212	316	404	509	648	707	830	939	519.2222222222222
NM_001178701.1	110	202	346	382	498	628	728	865	937	521.7777777777778
NM_001183794.1	128	218	319	402	527	620	724	830	929	521.8888888888889
NM_001179975.1	92	208	322	419	507	643	732	853	941	524.1111111111111
NM_001183258.1	120	196	312	436	482	644	747	833	949	524.3333333333334
NM_001181307.3	95	214	323	422	511	632	718	849	962	525.1111111111111
NM_001183959.1	112	205	338	421	514	593	731	867	945	525.1111111111111
NM_001178257.1	112	205	306	390	541	638	724	862	952	525.5555555555555
NM_001183316.1	99	219	325	413	506	632	750	833	978	528.3333333333334
NM_001181554.1	108	192	313	438	521	640	729	843	977	529.0
NM_001181454.1	109	216	319	437	527	652	734	856	915	529.4444444444445
NM_001183106.1	122	202	334	432	541	629	713	822	970	529.4444444444445
NM_001179156.1	114	186	320	422	507	643	781	834	963	530.0
NM_001179258.1	131	215	324	434	531	597	731	859	948	530.0
NM_001180865.3	104	220	311	434	531	638	724	853	956	530.1111111111111
NM_001180913.1	114	204	331	426	521	664	756	806	965	531.8888888888889
NM_001178244.1	122	202	327	407	530	661	746	841	954	532.2222222222222
NM_001178717.1	109	227	324	418	531	644	732	853	953	532.3333333333334
NM_001183616.3	107	223	318	442	541	646	749	843	924	532.5555555555555
NM_001184256.1	109	209	346	446	530	636	750	804	972	533.5555555555555
NM_001179962.1	88	221	322	440	527	637	760	867	949	534.5555555555555
NM_001181184.1	116	223	323	434	480	675	776	836	948	534.5555555555555
NM_001179110.1	107	201	316	429	548	659	743	902	971	541.7777777777778
NM_001180765.3	101	238	304	442	525	654	781	869	965	542.1111111111111
NM_001179693.1	106	205	307	451	544	661	757	847	1003	542.3333333333334
NM_001180498.1	130	237	311	445	533	644	748	876	965	543.2222222222222
NM_001179393.1	109	246	323	440	540	639	751	835	1030	545.8888888888889
NM_001183925.1	113	242	312	425	519	665	784	878	984	546.8888888888889
NM_001179969.1	104	219	339	443	553	669	758	904	948	548.5555555555555
NM_001181382.1	109	227	331	421	546	694	751	871	988	548.6666666666666
NM_001182969.1	101	213	341	459	555	665	769	820	1024	549.6666666666666
NM_001180893.3	106	246	335	461	541	669	781	832	994	551.6666666666666
NM_001182961.1	106	224	338	440	570	659	763	888	988	552.8888888888889
NM_001183082.1	106	223	340	476	562	630	771	910	969	554.1111111111111
NM_001181065.3	110	234	327	429	569	689	815	875	961	556.5555555555555
NM_001179014.3	118	232	320	448	546	710	753	901	992	557.7777777777778
NM_001184339.1	119	231	336	450	603	660	791	885	950	558.3333333333334
NM_001179833.1	101	231	336	459	560	661	777	930	979	559.3333333333334
NM_001181664.3	116	223	349	454	547	675	794	874	1003	559.4444444444445
NM_001180368.3	113	216	331	463	554	667	770	895	1039	560.8888888888889
NM_001182380.1	123	209	351	449	549	649	799	884	1056	563.2222222222222
NM_001178189.1	117	224	324	435	563	693	767	917	1034	563.7777777777778
NM_001178685.1	109	225	322	491	577	670	796	924	995	567.6666666666666
NM_001183576.3	119	217	341	453	572	668	833	907	1012	569.1111111111111
NM_001179091.1	119	249	320	462	593	659	763	912	1050	569.6666666666666
NM_001178748.1	110	249	362	451	542	673	806	910	1029	570.2222222222222
NM_001181286.1	111	200	340	451	582	677	838	922	1018	571.0
NM_001182359.1	131	233	338	462	582	699	783	920	999	571.8888888888889
NM_001179803.3	117	257	329	465	576	678	774	946	1010	572.4444444444445
NM_001180702.3	110	226	332	467	577	713	833	913	1013	576.0
NM_001182451.1	114	235	365	466	564	710	843	861	1026	576.0
NM_001182468.1	107	243	355	439	573	739	815	884	1031	576.2222222222222
NM_001179758.1	127	256	352	478	553	671	809	941	1029	579.5555555555555
NM_001178943.1	119	227	370	475	563	685	827	901	1052	579.8888888888889
NM_001180399.3	108	221	352	456	612	680	804	939	1062	581.5555555555555
NM_001178161.1	125	229	374	489	594	672	813	889	1063	583.1111111111111
NM_001184087.1	90	244	357	477	543	702	850	914	1073	583.3333333333334
NM_001180015.1	108	225	350	463	573	681	842	961	1052	583.8888888888889
NM_001179224.1	104	236	373	462	607	664	800	944	1068	584.2222222222222
NM_001181347.3	116	247	343	451	563	656	835	968	1080	584.3333333333334
NM_001179670.1	112	242	378	475	597	685	785	967	1020	584.5555555555555
NM_001181436.3	111	226	353	489	584	748	788	910	1060	585.4444444444445
NM_001178852.3	108	234	368	500	598	688	824	918	1038	586.2222222222222
NM_001183081.2	107	218	366	466	597	690	839	933	1078	588.2222222222222
NM_001178917.3	105	240	332	457	616	726	818	929	1076	588.7777777777778
NM_001183905.1	119	237	354	500	595	707	777	946	1079	590.4444444444445
NM_001179012.1	138	267	338	472	598	674	809	957	1085	593.1111111111111
NM_001183411.1	112	260	366	502	574	725	791	976	1035	593.4444444444445
NM_001180818.1	126	231	365	486	609	748	802	956	1049	596.8888888888889
NM_001184185.1	109	245	368	487	610	689	825	975	1072	597.7777777777778
NM_001178690.1	120	232	342	473	627	704	822	959	1105	598.2222222222222
NM_001182546.1	115	257	367	485	606	693	868	936	1065	599.1111111111111
NM_001180703.3	129	229	360	467	626	690	847	969	1094	601.2222222222222
NM_001181340.3	97	245	377	506	572	734	836	973	1084	602.6666666666666
NM_001182317.1	120	265	356	468	606	725	852	968	1065	602.7777777777778
NM_001182923.3	117	232	368	486	591	737	843	948	1104	602.8888888888889
NM_001183606.1	136	245	346	504	604	742	848	962	1077	607.1111111111111
NM_001182437.1	114	246	369	472	615	748	850	955	1103	608.0
NM_001179747.1	135	238	332	466	628	757	836	968	1114	608.2222222222222
NM_001178897.1	109	245	354	457	597	747	863	987	1147	611.7777777777778
NM_001179442.1	132	270	362	482	616	763	853	955	1085	613.1111111111111
NM_001180737.1	123	219	357	495	633	728	878	987	1126	616.2222222222222
NM_001184280.1	120	267	397	488	589	779	859	987	1074	617.7777777777778
NM_001184262.1	128	226	358	490	610	709	916	1004	1127	618.6666666666666
NM_001181993.1	126	267	346	456	632	739	906	1012	1104	620.8888888888889
NM_001182849.3	115	216	379	497	637	742	900	978	1127	621.2222222222222
NM_001178963.1	127	249	375	515	633	762	830	992	1120	622.5555555555555
NM_001182709.1	130	229	348	532	619	771	872	997	1122	624.4444444444445
NM_001180927.1	117	282	394	503	583	745	900	1019	1084	625.2222222222222
NM_001182959.3	127	269	373	513	631	763	905	951	1108	626.6666666666666
NM_001179391.3	117	237	372	512	645	710	910	1010	1127	626.6666666666666
NM_001178964.2	115	247	410	473	644	775	872	997	1120	628.1111111111111
NM_001183536.3	126	257	371	531	605	767	858	999	1140	628.2222222222222
NM_001182236.1	129	260	377	498	622	751	900	1003	1124	629.3333333333334
NM_001180197.1	120	243	400	465	648	762	853	1044	1143	630.8888888888889
NM_001180074.1	109	267	357	532	635	762	861	1017	1140	631.1111111111111
NM_001180081.1	140	270	400	498	621	746	903	989	1115	631.3333333333334
NM_001183673.1	123	247	366	514	603	743	905	1054	1155	634.4444444444445
NM_001182203.2	103	243	372	502	637	787	895	1027	1145	634.5555555555555
NM_001178298.1	128	269	373	535	628	725	891	1010	1171	636.6666666666666
NM_001181723.3	135	281	380	513	605	785	900	992	1164	639.4444444444445
NM_001183046.1	109	272	393	523	659	788	843	1012	1160	639.8888888888889
NM_001179321.1	119	243	396	493	643	779	893	1019	1181	640.6666666666666
NM_001180876.3	151	272	360	519	630	744	878	1036	1180	641.1111111111111
NM_001180184.1	131	255	368	535	673	770	879	1014	1152	641.8888888888889
NM_001184113.1	120	239	387	529	655	766	898	1017	1172	642.5555555555555
NM_001178817.3	139	266	387	516	633	779	953	1017	1094	642.6666666666666
NM_001180183.1	129	286	405	495	647	741	894	1006	1199	644.6666666666666
NM_001183555.1	139	239	368	523	619	794	903	1031	1187	644.7777777777778
NM_001181633.1	118	278	377	517	618	749	905	1033	1228	647.0
NM_001182079.1	104	281	391	506	669	805	857	1057	1160	647.7777777777778
NM_001183058.1	133	252	379	529	652	780	919	1020	1169	648.1111111111111
NM_001182433.1	134	276	378	532	649	746	916	1047	1174	650.2222222222222
NM_001179777.1	130	283	393	540	607	766	899	1050	1190	650.8888888888889
NM_001182189.1	147	257	367	534	655	775	934	1054	1151	652.6666666666666
NM_001182444.1	141	268	405	493	715	772	902	1036	1149	653.4444444444445
NM_001181801.1	131	229	400	485	618	812	952	1030	1233	654.4444444444445
NM_001178474.1	140	276	408	522	608	728	969	1069	1173	654.7777777777778
NM_001179023.3	138	265	448	506	628	757	914	1073	1186	657.2222222222222
NM_001184207.1	126	268	389	516	646	790	978	1009	1203	658.3333333333334
NM_001183678.3	126	291	386	573	630	763	940	1003	1214	658.4444444444445
NM_001182066.1	132	259	379	546	683	802	953	1028	1147	658.7777777777778
NM_001183746.1	155	260	392	544	637	779	882	1066	1221	659.5555555555555
NM_001180228.1	119	256	378	528	679	809	950	1054	1164	659.6666666666666
NM_001180584.1	132	253	386	499	662	795	956	1049	1209	660.1111111111111
NM_001182970.1	127	258	417	529	679	790	911	1036	1195	660.2222222222222
NM_001182095.1	124	262	404	546	640	805	981	1002	1181	660.5555555555555
NM_001181542.1	131	254	391	534	659	805	907	1074	1202	661.8888888888889
NM_001181544.1	124	226	408	556	666	813	931	1078	1191	665.8888888888889
NM_001181483.1	144	270	379	521	695	812	938	1066	1194	668.7777777777778
NM_001179928.1	137	256	423	520	704	800	927	1061	1217	671.6666666666666
NM_001178799.1	125	267	406	520	651	805	946	1119	1213	672.4444444444445
NM_001178866.1	163	264	397	536	657	862	966	1030	1188	673.6666666666666
NM_001178457.1	139	264	399	544	683	823	948	1037	1230	674.1111111111111
NM_001183899.1	148	255	361	539	667	819	963	1104	1211	674.1111111111111
NM_001179838.1	141	256	413	544	681	795	983	1063	1221	677.4444444444445
NM_001179015.3	143	297	439	526	656	776	969	1070	1235	679.0
NM_001183603.3	133	273	381	556	674	843	949	1104	1204	679.6666666666666
NM_001178416.4	117	272	424	524	661	786	1005	1108	1245	682.4444444444445
NM_001181571.1	135	243	403	528	687	812	927	1109	1307	683.4444444444445
NM_001179219.1	140	283	406	553	649	825	964	1086	1247	683.6666666666666
NM_001178264.1	133	256	414	561	691	806	930	1116	1248	683.8888888888889
NM_001178181.1	139	291	405	543	697	811	987	1048	1240	684.5555555555555
NM_001180477.3	155	270	445	519	688	790	953	1092	1249	684.5555555555555
NM_001183227.1	126	264	438	546	659	812	909	1161	1259	686.0
NM_001178262.1	126	280	399	577	695	810	974	1078	1237	686.2222222222222
NM_001180887.1	138	274	449	553	681	871	970	1061	1231	692.0
NM_001178977.1	154	280	405	545	684	862	1003	1053	1245	692.3333333333334
NM_001182678.1	139	264	421	552	707	813	1013	1073	1259	693.4444444444445
NM_001179948.1	139	264	452	554	674	843	928	1144	1246	693.7777777777778
NM_001181735.1	135	262	406	562	694	873	950	1113	1253	694.2222222222222
NM_001180816.1	141	302	424	557	690	859	937	1134	1233	697.4444444444445
NM_001181183.4	108	252	438	569	698	861	968	1117	1271	698.0
NM_001183570.3	133	268	440	592	671	836	968	1127	1248	698.1111111111111
NM_001184221.1	133	296	427	564	715	807	1019	1087	1250	699.7777777777778
NM_001184032.1	142	271	403	549	699	846	975	1146	1272	700.3333333333334
NM_001183826.1	146	289	429	573	698	839	1000	1129	1227	703.3333333333334
NM_001181435.1	126	297	446	607	695	857	975	1095	1240	704.2222222222222
NM_001182917.1	140	266	445	561	672	871	972	1161	1250	704.2222222222222
NM_001180877.1	141	306	406	557	692	841	996	1142	1264	705.0
NM_001183695.3	148	299	413	557	737	851	997	1077	1272	705.6666666666666
NM_001179177.1	163	283	439	542	713	818	968	1156	1276	706.4444444444445
NM_001178675.1	144	278	446	513	705	884	992	1154	1254	707.7777777777778
NM_001183782.1	158	282	442	578	691	814	1012	1113	1290	708.8888888888889
NM_001182983.1	158	271	435	571	718	843	1005	1122	1278	711.2222222222222
NM_001179172.1	147	302	400	597	754	845	990	1125	1302	718.0
NM_001184125.1	152	299	429	598	720	842	985	1129	1312	718.4444444444445
NM_001182819.1	132	307	480	566	743	836	979	1131	1294	718.6666666666666
NM_001184200.1	131	300	440	561	693	857	987	1204	1310	720.3333333333334
NM_001179490.1	162	302	437	545	719	860	999	1171	1290	720.5555555555555
NM_001183284.1	140	279	431	568	732	900	1033	1135	1285	722.5555555555555
NM_001182498.1	146	282	429	623	726	867	1030	1142	1289	726.0
NM_001180442.3	145	302	460	578	742	894	989	1172	1286	729.7777777777778
NM_001181232.1	178	300	421	564	756	863	1042	1166	1317	734.1111111111111
NM_001182733.1	138	285	438	581	688	905	1076	1182	1315	734.2222222222222
NM_001183351.1	156	305	453	578	733	869	1052	1154	1310	734.4444444444445
NM_001178912.1	140	285	403	588	748	841	1030	1228	1350	734.7777777777778
NM_001183649.3	132	284	463	617	711	905	1033	1187	1335	740.7777777777778
NM_001180629.3	142	292	446	596	727	896	1028	1216	1326	741.0
NM_001182248.1	150	314	409	620	734	918	1059	1157	1339	744.4444444444445
NM_001181474.3	141	268	457	600	766	882	1050	1200	1344	745.3333333333334
NM_001181235.1	144	281	465	596	725	881	1055	1250	1359	750.6666666666666
NM_001182797.1	146	279	421	572	760	942	1038	1242	1384	753.7777777777778
NM_001183465.1	133	333	440	595	753	914	1039	1247	1346	755.5555555555555
NM_001181605.1	159	297	448	623	744	908	1070	1223	1385	761.8888888888889
NM_001182976.1	144	314	453	634	783	902	1078	1205	1399	768.0
NM_001183220.1	162	332	460	639	767	906	1070	1232	1380	772.0
NM_001183244.1	133	301	463	642	787	911	1063	1262	1399	773.4444444444445
NM_001178880.3	132	299	502	634	804	905	1091	1196	1406	774.3333333333334
NM_001183850.1	186	333	481	571	749	924	1086	1263	1423	779.5555555555555
NM_001182273.3	144	323	479	609	798	946	1073	1267	1386	780.5555555555555
NM_001182710.1	149	336	470	591	759	973	1066	1256	1453	783.6666666666666
NM_001179601.3	141	341	478	628	751	952	1107	1240	1429	785.2222222222222
NM_001183093.1	168	306	476	661	763	922	1086	1313	1378	785.8888888888889
NM_001181806.1	176	313	510	625	782	931	1081	1252	1419	787.6666666666666
NM_001180027.1	155	272	479	660	778	951	1162	1268	1388	790.3333333333334
NM_001178432.1	130	334	483	643	798	999	1085	1297	1401	796.6666666666666
NM_001178440.1	161	320	489	613	787	994	1124	1237	1463	798.6666666666666
NM_001180546.3	161	350	486	629	752	960	1092	1280	1479	798.7777777777778
NM_001180762.1	151	299	471	601	835	946	1121	1300	1466	798.8888888888889
NM_001182261.3	133	300	492	658	778	950	1133	1306	1448	799.7777777777778
NM_001179974.1	157	350	488	640	820	918	1081	1302	1449	800.5555555555555
NM_001182904.1	163	333	476	625	789	974	1130	1284	1445	802.1111111111111
NM_001179882.3	146	323	478	603	818	957	1123	1325	1472	805.0
NM_001183079.1	152	315	501	650	812	996	1113	1320	1405	807.1111111111111
NM_001179883.1	161	298	516	622	806	999	1135	1292	1453	809.1111111111111
NM_001178357.1	159	305	523	630	805	1012	1131	1273	1456	810.4444444444445
CCW22	158	353	501	629	837	1004	1112	1272	1457	813.6666666666666
NM_001182256.1	161	334	498	621	834	978	1178	1313	1411	814.2222222222222
NM_001179035.1	188	326	515	643	785	990	1149	1300	1443	815.4444444444445
NM_001183377.1	155	297	518	664	808	965	1164	1324	1469	818.2222222222222
NM_001181245.1	176	350	487	616	823	954	1165	1343	1467	820.1111111111111
NM_001178168.1	176	276	523	666	817	1012	1120	1284	1516	821.1111111111111
NM_001179155.1	190	333	508	655	794	980	1195	1321	1471	827.4444444444445
NM_001182815.1	178	348	490	631	860	1028	1165	1298	1508	834.0
NM_001180066.1	167	354	477	673	836	1009	1154	1331	1518	835.4444444444445
NM_001179791.1	171	352	495	662	849	1036	1193	1294	1475	836.3333333333334
NM_001180125.1	173	334	472	684	832	998	1135	1371	1541	837.7777777777778
NM_001178946.3	168	334	505	703	845	1032	1188	1322	1444	837.8888888888889
NM_001178415.1	175	337	467	679	829	1041	1143	1339	1566	841.7777777777778
NM_001183666.1	159	318	507	665	836	1000	1235	1336	1538	843.7777777777778
NM_001178247.1	150	353	485	712	824	1004	1149	1398	1525	844.4444444444445
NM_001179274.1	157	319	522	644	846	1035	1189	1363	1532	845.2222222222222
NM_001179646.1	180	311	520	642	862	1048	1167	1384	1505	846.5555555555555
NM_001178695.1	166	364	542	660	839	1013	1184	1367	1524	851.0
NM_001179662.1	162	309	486	653	857	1050	1223	1394	1544	853.1111111111111
NM_001181448.1	169	339	518	684	853	1001	1184	1426	1507	853.4444444444445
NM_001181090.1	155	353	541	702	848	1052	1238	1349	1469	856.3333333333334
NM_001182578.1	172	359	488	714	872	1048	1159	1338	1563	857.0
NM_001179929.1	183	329	500	684	819	1077	1190	1382	1570	859.3333333333334
NM_001181442.2	188	340	512	714	891	1035	1211	1349	1511	861.2222222222222
NM_001182267.1	191	308	555	691	851	1034	1220	1401	1552	867.0
NM_001183028.1	181	369	485	725	891	1069	1240	1318	1541	868.7777777777778
NM_001180541.3	175	363	521	700	874	1020	1237	1350	1587	869.6666666666666
NM_001183085.1	181	351	466	712	884	1046	1272	1438	1554	878.2222222222222
NM_001178947.1	177	348	531	760	890	1024	1221	1442	1527	880.0
NM_001179781.1	148	344	538	684	917	1062	1235	1416	1593	881.8888888888889
NM_001178981.1	175	381	539	655	887	1057	1202	1434	1607	881.8888888888889
NM_001180029.1	182	365	538	745	850	1083	1215	1404	1597	886.5555555555555
NM_001180154.1	171	332	541	710	910	1075	1260	1377	1608	887.1111111111111
NM_001182767.1	192	367	530	695	889	1035	1233	1426	1647	890.4444444444445
NM_001180156.1	182	355	534	713	901	1044	1295	1413	1616	894.7777777777778
NM_001180689.1	207	373	536	695	893	1089	1279	1402	1585	895.4444444444445
NM_001181600.1	202	332	561	713	895	1082	1290	1441	1568	898.2222222222222
NM_001178914.3	175	373	495	740	923	1118	1225	1426	1645	902.2222222222222
NM_001179198.1	166	379	547	742	921	1039	1266	1487	1577	902.6666666666666
NM_001181859.1	178	388	525	724	866	1068	1279	1470	1660	906.4444444444445
NM_001178794.1	182	375	595	747	876	1090	1216	1471	1619	907.8888888888889
NM_001183795.3	169	370	555	738	910	1064	1259	1465	1651	909.0
NM_001178611.3	178	354	608	727	932	1044	1281	1460	1637	913.4444444444445
NM_001179944.2	200	374	543	688	942	1094	1301	1521	1631	921.5555555555555
NM_001180220.1	186	369	566	749	911	1070	1288	1506	1665	923.3333333333334
NM_001180985.1	166	370	579	717	905	1096	1323	1533	1638	925.2222222222222
NM_001183027.1	173	404	548	713	918	1109	1327	1473	1665	925.5555555555555
NM_001184051.1	217	403	563	768	881	1116	1293	1483	1641	929.4444444444445
NM_001182806.1	196	367	528	722	918	1082	1371	1481	1700	929.4444444444445
NM_001178243.1	191	384	557	722	899	1157	1302	1499	1732	938.1111111111111
NM_001183541.3	212	394	528	761	901	1100	1330	1503	1734	940.3333333333334
NM_001181722.1	201	363	587	738	919	1141	1313	1542	1663	940.7777777777778
NM_001182417.1	170	372	575	756	997	1152	1324	1441	1687	941.5555555555555
NM_001181728.1	195	351	601	720	909	1139	1357	1506	1737	946.1111111111111
NM_001178658.1	178	366	571	744	978	1115	1333	1532	1726	949.2222222222222
NM_001183439.1	175	367	574	778	1022	1162	1317	1464	1685	949.3333333333334
NM_001179114.1	198	365	570	742	946	1146	1361	1557	1690	952.7777777777778
NM_001180203.1	185	406	542	779	936	1124	1348	1555	1703	953.1111111111111
NM_001181314.3	170	380	590	749	953	1130	1387	1571	1711	960.1111111111111
NM_001181930.1	194	410	577	784	948	1144	1360	1511	1721	961.0
NM_001178900.1	214	356	568	745	994	1147	1348	1545	1759	964.0
NM_001179940.2	216	441	607	748	939	1127	1377	1558	1670	964.7777777777778
NM_001181943.1	182	372	587	780	950	1166	1396	1515	1748	966.2222222222222
NM_001178631.1	206	391	579	844	946	1165	1362	1554	1673	968.8888888888889
NM_001181460.1	183	406	619	788	922	1185	1312	1588	1761	973.7777777777778
NM_001182846.1	210	393	571	804	997	1156	1349	1571	1716	974.1111111111111
NM_001178287.1	193	374	576	798	1008	1117	1375	1556	1770	974.1111111111111
NM_001182335.3	195	379	569	830	989	1179	1396	1527	1743	978.5555555555555
NM_001183895.1	214	354	567	815	990	1195	1389	1586	1775	987.2222222222222
NM_001184516.1	206	395	578	821	993	1229	1412	1574	1767	997.2222222222222
NM_001182820.1	209	419	632	763	998	1193	1421	1582	1779	999.5555555555555
NM_001178569.1	214	388	616	775	1065	1167	1405	1594	1798	1002.4444444444445
NM_001178841.1	195	441	585	807	988	1207	1457	1584	1780	1004.8888888888889
NM_001184133.1	203	404	595	800	1034	1193	1417	1634	1809	1009.8888888888889
NM_001178982.3	200	408	568	797	1021	1204	1416	1661	1821	1010.6666666666666
NM_001180496.3	200	365	642	814	1007	1254	1413	1600	1812	1011.8888888888889
NM_001178706.1	204	416	609	828	1055	1197	1389	1570	1851	1013.2222222222222
NM_001182582.1	221	422	605	821	1022	1174	1407	1635	1813	1013.3333333333334
NM_001178894.1	191	383	628	840	978	1216	1423	1672	1827	1017.5555555555555
NM_001182431.1	197	400	638	840	1026	1220	1398	1671	1820	1023.3333333333334
NM_001180159.1	240	374	667	830	1018	1273	1378	1613	1819	1023.5555555555555
NM_001182101.1	213	385	607	829	1028	1212	1433	1636	1905	1027.5555555555557
NM_001178279.1	195	445	605	816	1042	1271	1407	1658	1824	1029.2222222222222
NM_001178597.1	227	431	606	802	1057	1236	1394	1670	1856	1031.0
NM_001178961.1	208	433	610	842	1007	1249	1396	1655	1879	1031.0
NM_001183125.1	215	368	594	850	1053	1242	1446	1669	1851	1032.0
NM_001181304.1	195	414	620	872	1078	1261	1490	1678	1846	1050.4444444444443
NM_001181013.1	249	407	652	847	1062	1261	1439	1664	1874	1050.5555555555557
NM_001182972.3	200	438	642	878	1001	1281	1490	1651	1893	1052.6666666666667
NM_001182363.1	185	419	636	843	1079	1297	1507	1629	1889	1053.7777777777778
NM_001181166.3	226	462	637	833	1044	1240	1492	1687	1902	1058.111111111111
NM_001183743.1	234	414	644	859	1064	1255	1453	1745	1906	1063.7777777777778
NM_001181072.1	214	393	646	843	1076	1270	1534	1705	1900	1064.5555555555557
NM_001183818.1	200	373	640	836	1104	1282	1484	1730	1944	1065.888888888889
NM_001178886.1	220	431	609	840	1051	1289	1509	1736	1921	1067.3333333333333
NM_001182366.1	233	432	667	878	1050	1309	1524	1654	1878	1069.4444444444443
NM_001181318.1	220	426	690	870	1096	1261	1470	1666	1933	1070.2222222222222
NM_001180520.1	215	444	619	853	1083	1306	1499	1674	1939	1070.2222222222222
NM_001183617.1	205	430	627	828	1085	1310	1548	1704	1897	1070.4444444444443
NM_001182507.1	233	419	658	829	1064	1263	1521	1742	1912	1071.2222222222222
NM_001182648.1	199	440	661	898	1016	1332	1527	1687	1927	1076.3333333333333
NM_001179457.3	220	450	629	840	1079	1332	1530	1721	1908	1078.7777777777778
NM_001179528.3	214	418	641	842	1138	1283	1550	1718	1919	1080.3333333333333
NM_001182973.1	217	416	646	857	1067	1368	1527	1720	1919	1081.888888888889
NM_001179010.3	210	416	668	881	1056	1322	1515	1756	1965	1087.6666666666667
NM_001184278.1	248	455	614	913	1069	1296	1550	1714	1936	1088.3333333333333
NM_001178430.1	229	442	662	853	1033	1333	1530	1804	1934	1091.111111111111
NM_001183968.1	185	442	693	872	1082	1305	1555	1733	1959	1091.7777777777778
NM_001180231.1	220	421	679	888	1046	1256	1501	1803	2040	1094.888888888889
NM_001184246.1	211	445	688	869	1042	1321	1518	1790	1976	1095.5555555555557
NM_001178491.3	202	456	634	920	1135	1333	1536	1737	2006	1106.5555555555557
NM_001182783.1	222	456	642	887	1129	1333	1562	1751	1994	1108.4444444444443
NM_001178454.1	204	425	696	925	1116	1367	1552	1835	1965	1120.5555555555557
NM_001182942.1	227	453	670	880	1143	1417	1611	1743	2003	1127.4444444444443
NM_001180407.3	241	449	650	935	1150	1345	1589	1845	2026	1136.6666666666667
NM_001180920.3	219	425	721	953	1121	1384	1560	1830	2046	1139.888888888889
NM_001183802.1	242	454	712	875	1147	1370	1648	1827	2004	1142.111111111111
NM_001178855.3	231	430	655	958	1191	1309	1641	1822	2045	1142.4444444444443
NM_001179922.1	224	453	682	897	1165	1435	1554	1840	2086	1148.4444444444443
NM_001184138.1	264	442	707	906	1153	1389	1573	1822	2100	1150.6666666666667
NM_001178270.1	240	465	705	957	1172	1432	1590	1874	2036	1163.4444444444443
NM_001178510.1	242	453	698	977	1145	1398	1642	1854	2091	1166.6666666666667
NM_001179711.1	219	430	708	919	1216	1408	1641	1864	2106	1167.888888888889
NM_001182909.3	251	452	694	910	1174	1352	1691	1862	2147	1170.3333333333333
NM_001184130.1	249	472	745	947	1182	1359	1676	1854	2082	1174.0
NM_001182040.1	218	456	712	977	1140	1406	1635	1906	2148	1177.5555555555557
NM_001179137.1	225	456	725	934	1184	1383	1685	1874	2153	1179.888888888889
NM_001180435.1	238	474	720	956	1225	1454	1638	1840	2124	1185.4444444444443
NM_001179722.1	258	470	709	948	1192	1421	1677	1941	2085	1189.0
NM_001182277.3	232	462	687	963	1240	1437	1698	1894	2123	1192.888888888889
NM_001183393.1	238	465	724	909	1222	1432	1660	1918	2216	1198.2222222222222
NM_001179081.1	221	476	729	975	1211	1468	1718	1937	2067	1200.2222222222222
NM_001183862.1	276	491	731	984	1155	1469	1666	1891	2213	1208.4444444444443
NM_001182062.1	253	489	745	1016	1250	1431	1727	1936	2198	1227.2222222222222
NM_001182754.1	265	461	761	949	1162	1427	1776	2025	2230	1228.4444444444443
NM_001181189.3	234	470	792	969	1258	1488	1685	1918	2263	1230.7777777777778
NM_001179425.1	261	478	773	1024	1257	1403	1712	1970	2218	1232.888888888889
NM_001179471.2	248	459	748	961	1192	1519	1766	1929	2281	1233.6666666666667
NM_001181067.1	245	502	728	1036	1199	1481	1734	2009	2189	1235.888888888889
NM_001182701.1	269	475	767	1010	1212	1574	1727	1926	2184	1238.2222222222222
NM_001180310.1	234	494	757	988	1283	1465	1751	1986	2207	1240.5555555555557
NM_001180649.3	257	515	729	986	1260	1497	1725	1988	2264	1246.7777777777778
NM_001181038.1	278	475	759	983	1206	1482	1766	2012	2267	1247.5555555555557
NM_001183689.3	277	506	732	997	1290	1451	1769	1979	2236	1248.5555555555557
NM_001181383.3	251	503	760	1013	1247	1451	1725	2001	2309	1251.111111111111
NM_001180205.1	274	527	735	952	1230	1537	1694	2046	2292	1254.111111111111
NM_001182131.1	220	506	758	986	1291	1552	1799	1946	2270	1258.6666666666667
NM_001178739.1	252	511	761	1010	1239	1482	1765	2021	2290	1259.0
NM_001182103.1	242	472	753	1031	1253	1463	1749	2056	2365	1264.888888888889
NM_001178427.1	284	510	740	1043	1278	1541	1829	2019	2271	1279.4444444444443
NM_001178861.1	282	513	744	991	1296	1560	1792	2071	2367	1290.6666666666667
NM_001178682.1	258	541	748	1020	1299	1567	1843	2062	2362	1300.0
NM_001182151.1	259	531	794	1004	1278	1621	1836	2108	2382	1312.5555555555557
NM_001181767.3	266	555	777	1057	1285	1575	1901	2091	2365	1319.111111111111
NM_001179683.1	267	582	846	1045	1287	1592	1826	2088	2343	1319.5555555555557
NM_001183165.2	272	507	788	1034	1295	1605	1868	2142	2397	1323.111111111111
NM_001183426.1	276	572	771	1062	1321	1620	1851	2082	2388	1327.0
NM_001180200.1	268	526	802	1017	1285	1614	1925	2130	2429	1332.888888888889
NM_001183803.3	271	503	773	1062	1333	1586	1934	2121	2419	1333.5555555555557
NM_001180341.1	281	524	766	1047	1354	1619	1909	2164	2413	1341.888888888889
NM_001184132.2	276	527	782	1109	1359	1637	1921	2159	2413	1353.6666666666667
NM_001183781.3	255	548	831	1078	1341	1669	1891	2131	2441	1353.888888888889
NM_001183730.1	271	549	813	1081	1422	1668	1890	2137	2460	1365.6666666666667
NM_001181393.3	277	562	829	1099	1393	1622	1937	2202	2451	1374.6666666666667
NM_001178463.1	283	562	798	1113	1429	1725	1900	2179	2537	1391.7777777777778
NM_001180009.1	247	566	823	1127	1396	1686	1928	2254	2548	1397.2222222222222
NM_001182294.3	293	556	850	1152	1388	1673	2027	2148	2506	1399.2222222222222
NM_001182950.3	291	582	851	1159	1406	1659	1973	2239	2475	1403.888888888889
NM_001183842.1	280	536	827	1145	1386	1724	2008	2254	2535	1410.5555555555557
NM_001178242.1	301	554	879	1144	1413	1658	1964	2299	2537	1416.5555555555557
NM_001184445.1	303	564	818	1137	1352	1751	2007	2253	2656	1426.7777777777778
NM_001180661.1	293	568	836	1109	1413	1746	2049	2253	2575	1426.888888888889
NM_001180653.1	273	563	815	1155	1426	1749	2015	2293	2554	1427.0
NM_001181214.1	260	572	855	1185	1422	1787	2082	2226	2656	1449.4444444444443
NM_001178339.2	252	593	916	1133	1433	1707	2057	2361	2616	1452.0
NM_001183761.3	282	567	870	1142	1489	1746	2005	2340	2642	1453.6666666666667
NM_001184166.1	318	623	878	1165	1427	1741	2073	2324	2656	1467.2222222222222
NM_001184303.1	304	560	922	1187	1468	1730	2057	2363	2615	1467.3333333333333
NM_001181309.3	298	568	912	1178	1432	1787	2033	2412	2649	1474.3333333333333
NM_001181190.1	291	578	844	1242	1416	1792	2092	2411	2635	1477.888888888889
NM_001181000.3	304	607	877	1195	1496	1846	2039	2381	2665	1490.0
NM_001181288.1	300	611	907	1208	1474	1706	2142	2380	2687	1490.5555555555557
NM_001179620.1	289	599	860	1178	1563	1816	2092	2405	2630	1492.4444444444443
NM_001180779.1	280	634	891	1200	1467	1764	2208	2407	2731	1509.111111111111
NM_001180319.1	311	623	912	1231	1483	1859	2127	2365	2687	1510.888888888889
NM_001182243.1	280	598	943	1209	1532	1868	2087	2389	2710	1512.888888888889
NM_001184107.1	306	599	912	1216	1460	1878	2129	2393	2724	1513.0
NM_001183653.3	266	614	917	1203	1511	1861	2117	2413	2732	1514.888888888889
NM_001181763.1	297	603	896	1226	1488	1764	2162	2454	2765	1517.2222222222222
NM_001180437.3	322	594	932	1184	1547	1828	2155	2505	2746	1534.7777777777778
NM_001181914.1	324	636	954	1215	1535	1884	2104	2504	2724	1542.2222222222222
NM_001184346.3	298	609	1002	1260	1551	1883	2176	2493	2728	1555.5555555555557
NM_001183752.3	326	648	945	1223	1568	1908	2181	2452	2786	1559.6666666666667
NM_001181338.3	327	626	961	1225	1612	1922	2155	2460	2825	1568.111111111111
NM_001182855.1	316	636	891	1257	1576	1860	2240	2538	2857	1574.5555555555557
NM_001179271.1	314	641	970	1272	1571	1886	2201	2563	2761	1575.4444444444443
NM_001182489.1	317	653	967	1259	1538	1876	2203	2554	2858	1580.5555555555557
NM_001181002.1	298	629	962	1258	1614	1859	2223	2524	2867	1581.5555555555557
NM_001178358.1	322	634	985	1273	1562	1895	2197	2558	2858	1587.111111111111
NM_001179339.3	361	627	915	1309	1569	1903	2183	2548	2876	1587.888888888889
NM_001179150.1	337	632	949	1252	1558	1923	2249	2551	2894	1593.888888888889
NM_001178916.1	296	634	977	1286	1598	1953	2278	2546	2876	1604.888888888889
NM_001181779.3	310	647	954	1323	1604	1937	2273	2545	2879	1608.0
NM_001181797.3	312	645	928	1298	1620	1881	2269	2626	2906	1609.4444444444443
NM_001182188.1	330	652	983	1304	1576	1933	2348	2492	2874	1610.2222222222222
NM_001180190.1	312	648	911	1298	1583	1959	2225	2649	2933	1613.111111111111
NM_001181846.1	358	667	949	1320	1572	1873	2293	2566	2921	1613.2222222222222
NM_001178927.1	302	664	996	1346	1614	1982	2175	2585	2902	1618.4444444444443
NM_001182301.1	325	679	934	1265	1666	1908	2225	2604	2989	1621.6666666666667
NM_001182067.1	306	657	956	1324	1611	1945	2244	2591	2967	1622.3333333333333
NM_001182508.1	348	670	993	1277	1641	1987	2247	2608	2856	1625.2222222222222
NM_001182869.1	304	691	978	1274	1641	1978	2237	2614	2949	1629.5555555555557
NM_001180252.1	304	718	939	1265	1606	1996	2334	2564	3036	1640.2222222222222
NM_001180532.3	333	693	990	1275	1674	1929	2339	2645	2946	1647.111111111111
NM_001181333.3	338	684	1022	1345	1653	2021	2333	2585	2950	1659.0
NM_001180255.2	350	681	989	1391	1627	2016	2310	2583	3037	1664.888888888889
NM_001181947.1	326	632	984	1301	1705	1996	2317	2694	3085	1671.111111111111
NM_001178312.1	325	674	959	1360	1705	2038	2370	2677	3069	1686.3333333333333
NM_001180465.3	300	657	1022	1399	1763	2023	2363	2748	3069	1704.888888888889
NM_001180533.3	323	671	1033	1365	1721	2046	2415	2729	3055	1706.4444444444443
NM_001182414.1	333	640	1016	1328	1738	2088	2386	2797	3044	1707.7777777777778
NM_001181291.3	341	706	1062	1348	1647	2071	2376	2772	3079	1711.3333333333333
NM_001179157.1	349	700	1002	1389	1668	1987	2419	2785	3135	1714.888888888889
NM_001178846.3	351	691	1041	1376	1702	2039	2437	2826	3028	1721.2222222222222
NM_001180331.1	343	713	1023	1392	1760	2084	2414	2784	3065	1730.888888888889
NM_001182608.1	362	714	1062	1419	1718	2113	2452	2773	3182	1755.0
NM_001180479.3	353	746	1054	1411	1760	2080	2488	2779	3145	1757.3333333333333
NM_001181870.1	367	700	1044	1385	1732	2084	2477	2805	3250	1760.4444444444443
NM_001180740.3	363	742	1067	1435	1785	2080	2514	2828	3150	1773.7777777777778
NM_001178469.2	361	712	1075	1426	1795	2141	2479	2872	3204	1785.0
NM_001180120.1	344	718	1020	1445	1795	2127	2563	2918	3248	1797.5555555555557
NM_001178529.3	368	767	1079	1363	1831	2114	2569	2928	3236	1806.111111111111
NM_001180693.1	355	724	1079	1399	1913	2137	2502	2906	3240	1806.111111111111
NM_001182175.1	369	747	1140	1455	1854	2127	2526	2909	3218	1816.111111111111
NM_001184040.1	389	723	1096	1509	1814	2196	2551	2837	3341	1828.4444444444443
NM_001181752.3	352	748	1068	1479	1851	2236	2568	2927	3266	1832.7777777777778
NM_001179401.3	388	757	1096	1537	1864	2188	2560	2912	3369	1852.3333333333333
NM_001181100.1	351	714	1109	1448	1856	2326	2583	2991	3357	1859.4444444444443
NM_001182831.3	367	754	1111	1520	1882	2254	2578	3025	3383	1874.888888888889
NM_001184260.1	399	720	1092	1538	1931	2250	2601	2966	3405	1878.0
NM_001182084.1	367	748	1109	1507	1917	2243	2628	3078	3352	1883.2222222222222
NM_001179149.1	390	728	1133	1555	1875	2297	2663	2974	3380	1888.3333333333333
NM_001181215.3	390	741	1152	1490	1886	2301	2597	3072	3370	1888.7777777777778
NM_001179021.1	356	806	1101	1561	1917	2284	2605	3040	3455	1902.7777777777778
NM_001179730.1	396	753	1157	1536	1960	2293	2676	3073	3461	1922.7777777777778
NM_001182192.1	384	798	1202	1532	1906	2354	2639	3048	3492	1928.3333333333333
NM_001183586.1	379	788	1107	1568	1956	2331	2730	3072	3508	1937.6666666666667
NM_001181945.1	368	751	1186	1607	1930	2382	2720	3093	3502	1948.7777777777778
NM_001180036.1	415	820	1250	1617	1940	2420	2722	3207	3561	1994.6666666666667
NM_001181624.1	430	813	1223	1581	2093	2412	2834	3221	3543	2016.6666666666667
NM_001178767.1	449	787	1241	1594	2104	2374	2868	3206	3611	2026.0
NM_001180755.3	385	833	1269	1625	2011	2441	2828	3343	3718	2050.3333333333335
NM_001182320.3	412	796	1238	1668	2046	2445	2826	3325	3712	2052.0
NM_001181247.3	430	845	1254	1598	2100	2437	2850	3300	3669	2053.6666666666665
NM_001183851.1	386	844	1242	1652	2047	2469	2890	3359	3765	2072.6666666666665
NM_001182894.1	410	862	1284	1684	2096	2509	2862	3273	3683	2073.6666666666665
NM_001178634.1	429	861	1216	1659	2089	2427	2867	3383	3799	2081.1111111111113
NM_001180808.1	408	802	1247	1667	2097	2479	2940	3316	3801	2084.1111111111113
NM_001180534.1	404	883	1249	1648	2133	2456	2911	3301	3792	2086.3333333333335
NM_001181408.1	420	793	1193	1683	2154	2505	2896	3373	3782	2088.777777777778
NM_001180073.1	406	820	1212	1658	2119	2622	2921	3342	3753	2094.777777777778
NM_001181674.1	429	813	1301	1625	2174	2514	2969	3321	3794	2104.4444444444443
NM_001181071.1	422	839	1301	1672	2085	2490	2985	3347	3802	2104.777777777778
NM_001180143.1	424	836	1258	1664	2095	2549	3042	3348	3781	2110.777777777778
NM_001182233.1	458	801	1268	1724	2118	2579	2875	3375	3819	2113.0
NM_001181838.1	452	857	1295	1684	2147	2493	2953	3337	3884	2122.4444444444443
NM_001183587.3	410	850	1200	1690	2171	2539	3041	3424	3883	2134.222222222222
NM_001182737.1	427	846	1202	1679	2120	2557	3042	3410	3947	2136.6666666666665
NM_001178373.1	427	872	1258	1707	2089	2598	2982	3485	3820	2137.5555555555557
NM_001179847.3	462	873	1286	1686	2152	2638	2971	3364	3807	2137.6666666666665
NM_001178327.1	427	834	1342	1712	2195	2631	3000	3483	3796	2157.777777777778
NM_001184242.1	423	836	1267	1705	2218	2647	3062	3517	3938	2179.222222222222
NM_001180970.1	456	878	1355	1792	2159	2569	3033	3477	3919	2182.0
NM_001182222.1	430	892	1367	1732	2184	2648	3069	3493	3976	2199.0
NM_001181060.3	448	918	1315	1737	2266	2574	3121	3566	3983	2214.222222222222
NM_001179324.3	461	894	1353	1754	2264	2560	3128	3634	4032	2231.1111111111113
NM_001182622.1	429	955	1353	1784	2204	2747	3160	3593	3958	2242.5555555555557
NM_001180242.1	445	903	1320	1806	2203	2731	3186	3620	4043	2250.777777777778
NM_001182934.3	437	898	1371	1841	2232	2681	3090	3610	4101	2251.222222222222
NM_001182736.1	427	913	1304	1780	2348	2763	3226	3558	4069	2265.3333333333335
NM_001179068.3	430	936	1326	1840	2299	2682	3138	3640	4108	2266.5555555555557
NM_001180874.1	460	967	1382	1816	2305	2777	3200	3593	4160	2295.5555555555557
NM_001179113.1	487	927	1395	1881	2275	2754	3296	3692	4061	2307.5555555555557
NM_001181284.3	487	878	1465	1845	2329	2657	3199	3834	4176	2318.8888888888887
NM_001181363.1	422	923	1379	1840	2342	2833	3300	3723	4242	2333.777777777778
NM_001180891.1	452	993	1365	1862	2385	2772	3248	3719	4211	2334.1111111111113
NM_001182724.1	465	888	1418	1851	2318	2796	3233	3814	4228	2334.5555555555557
NM_001182021.1	519	934	1438	1920	2322	2881	3347	3649	4249	2362.1111111111113
NM_001179334.1	462	936	1350	1851	2359	2817	3352	3794	4379	2366.6666666666665
NM_001178379.1	499	966	1434	1899	2366	2883	3337	3824	4208	2379.5555555555557
NM_001179000.1	462	950	1412	1994	2478	2869	3248	3762	4286	2384.5555555555557
NM_001178965.3	504	1012	1423	1869	2422	2872	3288	3805	4282	2386.3333333333335
NM_001178396.1	485	906	1372	1908	2354	2940	3373	3838	4358	2392.6666666666665
NM_001182870.1	474	970	1417	1934	2389	2883	3374	3813	4362	2401.777777777778
NM_001178842.3	509	1004	1484	1990	2489	3069	3366	4004	4340	2472.777777777778
NM_001178180.1	474	960	1478	2005	2526	2956	3552	4013	4304	2474.222222222222
NM_001178157.1	476	951	1502	1963	2389	3001	3475	3980	4564	2477.8888888888887
NM_001179067.3	488	982	1521	2014	2516	2919	3476	4102	4503	2502.3333333333335
NM_001181411.1	514	973	1551	1979	2523	3087	3562	4047	4453	2521.0
NM_001184311.3	550	1008	1548	2025	2588	3032	3577	4029	4504	2540.1111111111113
NM_001180141.1	504	1018	1560	2075	2483	3113	3628	4035	4572	2554.222222222222
NM_001178475.3	498	1032	1526	2069	2648	3100	3556	4089	4622	2571.1111111111113
NM_001183601.3	487	1035	1495	2081	2561	3133	3635	4129	4699	2583.8888888888887
NM_001179496.1	550	1050	1555	2072	2543	3105	3643	4094	4737	2594.3333333333335
NM_001181591.1	495	1066	1582	2069	2627	3220	3709	4224	4729	2635.6666666666665
NM_001182905.1	516	1068	1598	2158	2660	3184	3692	4178	4717	2641.222222222222
NM_001181414.1	514	1089	1578	2051	2614	3221	3679	4335	4845	2658.4444444444443
NM_001181513.1	536	1056	1637	2131	2650	3161	3798	4295	4800	2673.777777777778
NM_001180758.1	512	1068	1658	2218	2701	3260	3819	4370	4891	2721.8888888888887
NM_001181610.1	568	1060	1571	2205	2683	3317	3925	4283	4900	2723.5555555555557
NM_001181223.1	543	1122	1656	2239	2779	3336	3856	4471	4974	2775.1111111111113
NM_001181468.3	561	1136	1708	2283	2785	3366	3862	4405	5087	2799.222222222222
NM_001182902.1	592	1163	1733	2186	2751	3303	3935	4484	5078	2802.777777777778
NM_001183623.3	563	1137	1707	2242	2793	3396	3992	4463	5038	2814.5555555555557
NM_001182173.1	565	1117	1740	2241	2923	3455	3915	4527	5079	2840.222222222222
NM_001183363.1	554	1141	1695	2300	2872	3358	3965	4586	5105	2841.777777777778
NM_001181569.1	558	1135	1705	2303	2909	3383	3908	4631	5151	2853.6666666666665
NM_001179403.1	638	1076	1699	2350	2835	3469	3941	4554	5223	2865.0
NM_001182072.1	619	1176	1795	2299	2880	3519	4115	4779	5311	2943.6666666666665
NM_001181253.1	621	1223	1787	2375	2889	3500	4079	4783	5358	2957.222222222222
NM_001179481.1	582	1165	1767	2387	2998	3647	4120	4810	5310	2976.222222222222
NM_001182181.1	561	1163	1738	2383	2963	3630	4171	4800	5392	2977.8888888888887
NM_001183755.3	595	1226	1742	2434	3037	3543	4223	4744	5375	2991.0
NM_001183974.1	592	1191	1905	2459	3008	3677	4115	4880	5426	3028.1111111111113
NM_001183446.1	646	1215	1814	2459	2970	3601	4246	4805	5501	3028.5555555555557
NM_001178316.1	648	1218	1863	2429	3014	3624	4197	5008	5480	3053.4444444444443
NM_001179194.1	596	1180	1877	2441	3126	3695	4333	4843	5511	3066.8888888888887
NM_001183375.1	615	1251	1896	2468	3060	3661	4308	5015	5612	3098.4444444444443
NM_001179832.3	605	1215	1866	2514	3062	3796	4380	4948	5700	3120.6666666666665
NM_001178934.3	607	1282	1884	2496	3217	3742	4337	5012	5696	3141.4444444444443
NM_001182645.1	647	1283	1870	2508	3273	3831	4409	5198	5802	3202.3333333333335
NM_001179775.1	650	1302	1969	2523	3255	3876	4396	5142	5761	3208.222222222222
NM_001180142.1	618	1314	1916	2717	3228	3892	4492	5068	5712	3217.4444444444443
NM_001180030.3	673	1281	1874	2562	3179	3842	4575	5229	5788	3222.5555555555557
NM_001181163.1	645	1333	1983	2624	3234	3854	4548	5223	5832	3252.8888888888887
NM_001180345.1	714	1263	1975	2587	3258	3942	4601	5299	5839	3275.3333333333335
NM_001182231.1	660	1319	2024	2611	3312	3949	4530	5211	5885	3277.8888888888887
NM_001181277.3	673	1305	1985	2587	3353	3872	4614	5289	5832	3278.8888888888887
NM_001183957.1	671	1330	1968	2652	3362	3961	4540	5273	5849	3289.5555555555557
NM_001184171.1	645	1343	2045	2569	3320	3961	4574	5245	5916	3290.8888888888887
NM_001184140.1	671	1300	1925	2625	3304	4006	4589	5369	5895	3298.222222222222
NM_001179314.3	682	1293	1970	2697	3274	4041	4664	5383	5999	3333.6666666666665
NM_001181622.1	647	1343	2011	2647	3322	4001	4694	5364	6039	3340.8888888888887
NM_001183140.1	692	1305	2003	2603	3461	3943	4671	5344	6146	3352.0
NM_001182214.1	680	1291	1989	2676	3333	4094	4763	5450	6092	3374.222222222222
NM_001179428.3	651	1401	1995	2696	3373	4069	4780	5374	6075	3379.3333333333335
NM_001182749.1	659	1322	2086	2684	3353	3971	4814	5477	6125	3387.8888888888887
NM_001180941.1	716	1371	2167	2834	3427	4112	4675	5523	6093	3435.3333333333335
NM_001182556.1	710	1332	2036	2772	3499	4128	4827	5609	6206	3457.6666666666665
NM_001179151.1	705	1431	2125	2815	3576	4326	4886	5621	6331	3535.1111111111113
NM_001181563.2	678	1325	2166	2790	3679	4368	4945	5662	6330	3549.222222222222
NM_001183712.1	716	1469	2209	2876	3610	4242	4976	5708	6283	3565.4444444444443
NM_001184312.1	720	1448	2192	2964	3693	4368	5170	5848	6501	3656.0
NM_001178359.1	731	1520	2249	3062	3704	4430	5180	5993	6714	3731.4444444444443
NM_001182818.1	720	1552	2270	2921	3770	4571	5256	5961	6751	3752.4444444444443
NM_001182336.1	770	1508	2355	3024	3653	4531	5310	5983	6780	3768.222222222222
NM_001180140.1	764	1497	2300	2975	3716	4487	5287	6148	6744	3768.6666666666665
NM_001180251.2	741	1507	2281	2998	3819	4588	5407	6097	6808	3805.1111111111113
NM_001181119.1	768	1511	2297	3118	3902	4591	5412	6058	6907	3840.4444444444443
NM_001183000.1	716	1499	2319	3072	3882	4573	5394	6189	6959	3844.777777777778
NM_001182146.1	783	1525	2329	3115	3927	4625	5481	6206	6913	3878.222222222222
NM_001179310.1	755	1571	2404	3076	3838	4601	5432	6261	6972	3878.8888888888887
NM_001182384.1	743	1567	2361	3127	3956	4753	5458	6265	7021	3916.777777777778
NM_001182712.1	787	1663	2314	3129	4038	4765	5614	6454	7160	3991.5555555555557
NM_001181111.1	848	1617	2450	3174	4013	4706	5642	6438	7139	4003.0
NM_001183293.1	830	1660	2469	3289	3974	4879	5657	6452	7299	4056.5555555555557
NM_001180114.1	822	1592	2457	3263	4174	4828	5686	6479	7289	4065.5555555555557
NM_001180185.1	751	1699	2462	3233	4138	5013	5875	6638	7456	4140.555555555556
NM_001178745.1	850	1665	2500	3303	4147	4982	5775	6734	7420	4152.888888888889
NM_001178688.1	819	1638	2453	3335	4236	4930	5811	6680	7496	4155.333333333333
NM_001178539.1	854	1666	2521	3329	4154	5051	5829	6588	7459	4161.222222222223
NM_001180189.1	843	1701	2504	3346	4120	5027	5758	6795	7534	4180.888888888889
NM_001180194.1	836	1666	2515	3321	4246	5014	5962	6731	7532	4202.555555555556
NM_001179402.1	883	1692	2496	3464	4118	4999	5932	6785	7625	4221.555555555556
NM_001181054.1	883	1668	2467	3433	4368	5043	5901	6649	7744	4239.555555555556
NM_001179419.1	846	1675	2599	3351	4224	5142	5924	6923	7738	4269.111111111111
NM_001179055.1	846	1749	2535	3471	4208	5105	6045	6836	7716	4279.0
NM_001179884.3	873	1793	2580	3502	4385	5253	6015	6945	7879	4358.333333333333
NM_001180385.3	882	1709	2595	3484	4432	5237	6132	6944	7889	4367.111111111111
NM_001183193.1	902	1745	2659	3482	4347	5336	6167	7127	7897	4406.888888888889
NM_001183732.1	851	1749	2708	3581	4457	5218	6056	7137	8182	4437.666666666667
NM_001180196.2	885	1761	2678	3526	4469	5368	6266	7132	7936	4446.777777777777
NM_001180134.1	925	1724	2722	3577	4527	5289	6272	7118	7989	4460.333333333333
NM_001182432.1	894	1826	2782	3565	4566	5312	6235	7219	7990	4487.666666666667
NM_001181948.1	865	1754	2684	3589	4453	5450	6299	7237	8135	4496.222222222223
NM_001181623.1	934	1792	2685	3654	4477	5396	6385	7250	8140	4523.666666666667
NM_001183893.1	864	1783	2711	3614	4600	5503	6324	7159	8179	4526.333333333333
NM_001179095.1	910	1883	2737	3585	4430	5413	6402	7181	8222	4529.222222222223
NM_001181012.3	854	1845	2590	3681	4560	5444	6514	7366	8132	4554.0
NM_001181762.1	979	1769	2817	3626	4730	5384	6410	7297	8258	4585.555555555556
NM_001179622.1	878	1842	2823	3683	4650	5572	6422	7386	8300	4617.333333333333
NM_001180333.3	897	1804	2766	3636	4637	5479	6402	7502	8456	4619.888888888889
NM_001178849.3	941	1878	2711	3703	4697	5479	6517	7393	8286	4622.777777777777
NM_001181156.1	930	1899	2734	3714	4605	5465	6513	7534	8251	4627.222222222223
NM_001180895.1	893	1801	2732	3723	4737	5560	6523	7473	8359	4644.555555555556
NM_001178151.1	923	1797	2821	3736	4623	5608	6613	7316	8509	4660.666666666667
NM_001184045.1	901	1896	2785	3765	4789	5634	6591	7545	8524	4714.444444444444
NM_001178869.1	941	1852	2812	3678	4761	5732	6547	7659	8525	4723.0
NM_001181343.1	1033	1925	2798	3720	4705	5746	6565	7590	8527	4734.333333333333
NM_001180896.1	948	1870	2854	3718	4743	5768	6667	7762	8512	4760.222222222223
NM_001181703.1	963	1922	2920	3784	4772	5707	6753	7642	8618	4786.777777777777
NM_001180462.1	962	1939	2871	3815	4785	5852	6657	7700	8609	4798.888888888889
NM_001181369.1	964	1858	2880	3910	4786	5718	6744	7691	8653	4800.444444444444
NM_001180690.3	957	1855	2909	3897	4858	5800	6696	7852	8668	4832.444444444444
NM_001180057.1	996	1932	2868	3914	4803	5906	6762	7750	8758	4854.333333333333
NM_001183572.3	978	1986	3032	3919	4992	5882	6884	7976	8859	4945.333333333333
NM_001182382.1	1031	2040	3002	4037	4897	5893	6970	7859	8877	4956.222222222223
NM_001180244.1	1009	1946	2952	3990	5016	5971	7132	8080	8982	5008.666666666667
NM_001178426.2	945	2000	3064	4033	5102	6046	7008	8038	9045	5031.222222222223
NM_001179140.1	1056	2022	3042	4140	5160	6244	7082	8142	9167	5117.222222222223
NM_001178332.1	1062	2022	3081	4094	5252	6147	7246	8394	9400	5188.666666666667
NM_001182329.1	1085	2099	3097	4121	5273	6232	7354	8390	9434	5231.666666666667
NM_001179572.1	1013	2105	3182	4253	5280	6454	7340	8366	9483	5275.111111111111
NM_001179007.3	1028	2120	3143	4280	5490	6407	7491	8550	9740	5361.0
NM_001180245.1	1054	2145	3266	4326	5385	6459	7472	8687	9762	5395.111111111111
NM_001180025.1	1059	2161	3276	4330	5448	6502	7554	8639	9741	5412.222222222223
NM_001182037.1	1067	2232	3312	4561	5714	6683	7785	8976	10001	5592.333333333333
NM_001182244.1	1190	2315	3297	4576	5494	6859	7912	8849	10114	5622.888888888889
NM_001184012.1	1133	2280	3421	4434	5657	6776	7937	9129	10194	5662.333333333333
NM_001182644.1	1120	2323	3469	4453	5668	6833	8010	9159	10134	5685.444444444444
NM_001184054.1	1100	2290	3470	4573	5773	6946	8177	9058	10372	5751.0
NM_001178267.1	1174	2344	3389	4646	5740	6922	8094	9303	10380	5776.888888888889
NM_001179647.1	1173	2346	3588	4490	5857	6861	8155	9484	10378	5814.666666666667
NM_001183789.3	1230	2360	3542	4773	5914	7063	8423	9560	10627	5943.555555555556
NM_001183294.1	1192	2403	3554	4739	5995	7208	8259	9590	10796	5970.666666666667
NM_001178537.3	1219	2430	3567	4848	5961	7301	8306	9584	10800	6001.777777777777
NM_001183374.1	1174	2437	3586	4777	6026	7240	8385	9588	10820	6003.666666666667
NM_001184229.1	1218	2501	3574	4893	6128	7223	8621	9669	10970	6088.555555555556
NM_001181935.1	1219	2440	3680	4840	6153	7358	8533	9805	10915	6104.777777777777
NM_001178466.1	1203	2408	3633	5009	6163	7387	8631	9838	11117	6154.333333333333
NM_001178150.1	1224	2509	3739	4960	6272	7379	8609	9793	11043	6169.777777777777
NM_001183920.1	1216	2561	3694	4871	6122	7491	8636	9902	11130	6180.333333333333
NM_001182422.1	1238	2439	3586	4945	6224	7362	8745	9926	11166	6181.222222222223
NM_001180372.3	1211	2440	3818	4945	6344	7443	8612	9868	11215	6210.666666666667
NM_001183875.1	1214	2563	3713	4886	6227	7382	8578	9975	11378	6212.888888888889
NM_001179748.1	1231	2498	3770	4998	6069	7452	8798	9897	11468	6242.333333333333
NM_001181592.1	1215	2541	3692	4957	6204	7491	8718	10169	11302	6254.333333333333
NM_001180726.3	1358	2454	3756	4875	6180	7615	8837	10003	11227	6256.111111111111
NM_001182907.1	1270	2480	3699	5016	6286	7566	8850	10023	11443	6292.555555555556
NM_001184199.1	1225	2620	3809	5087	6447	7731	9042	10177	11541	6408.777777777777
NM_001180289.1	1329	2672	3931	5196	6493	7876	9236	10576	12023	6592.444444444444
NM_001181916.1	1303	2671	4011	5344	6562	7990	9174	10610	11955	6624.444444444444
NM_001184631.1	1319	2677	3956	5312	6672	8024	9318	10802	12134	6690.444444444444
NM_001179746.1	1400	2688	4095	5385	6665	7956	9313	10585	12129	6690.666666666667
NM_001182386.1	1342	2721	4139	5554	6836	8346	9559	11012	12330	6871.0
NM_001183515.1	1369	2744	4054	5483	6765	8224	9646	11166	12475	6880.666666666667
NM_001179849.3	1369	2755	4230	5477	6849	8151	9708	11066	12441	6894.0
NM_001179927.1	1428	2836	4264	5652	6944	8423	9818	11098	12536	6999.888888888889
NM_001183381.1	1444	2833	4231	5660	7188	8530	10024	11358	12732	7111.111111111111
NM_001181865.1	1478	2968	4235	5854	7062	8680	10114	11640	12912	7215.888888888889
NM_001184034.1	1419	2913	4473	5869	7402	8816	10264	11798	13276	7358.888888888889
NM_001178544.1	1492	3047	4512	6030	7583	9015	10570	12089	13667	7556.111111111111
NM_001180968.1	1580	3212	4753	6394	7893	9604	11218	12948	14394	7999.555555555556
NM_001181803.3	1690	3362	5124	6677	8383	9988	11740	13342	15114	8380.0
NM_001182054.1	1720	3392	5114	6703	8467	10165	11895	13593	15270	8479.888888888889
NM_001180988.1	1660	3360	5144	6715	8423	10186	12033	13530	15439	8498.888888888889
NM_001182616.1	1703	3323	5013	6891	8528	10290	11916	13659	15298	8513.444444444445
NM_001178993.1	1778	3471	5152	6943	8877	10614	12324	13777	15747	8742.555555555555
NM_001181781.1	1860	3752	5673	7401	9500	11298	13077	15190	17113	9429.333333333334
NM_001183016.3	1965	3803	5789	7472	9477	11304	13247	15029	17027	9457.0
NM_001182229.1	1852	3901	5683	7710	9729	11458	13295	15325	17203	9572.888888888889
NM_001183904.1	1973	3794	5777	7681	9683	11488	13505	15375	17304	9620.0
NM_001183945.1	1989	3995	6026	7909	9922	11770	13748	15942	17760	9895.666666666666
NM_001181996.1	1951	4041	5933	7946	9818	11915	14000	15883	17976	9940.333333333334
NM_001180320.3	2209	4266	6366	8547	10589	12666	14845	16989	19294	10641.222222222223
NM_001179368.1	2236	4589	6847	8978	11331	13446	15691	17918	20158	11243.777777777777
NM_001181485.3	2335	4695	6988	9444	11809	14302	16731	18755	21309	11818.666666666666
NM_001182692.1	2498	4951	7607	10011	12762	15204	17576	19985	22688	12586.888888888889
NM_001181962.1	2550	4964	7716	9950	12614	15067	17749	20306	22762	12630.888888888889
NM_001183482.1	2640	5129	7841	10375	13088	15413	18067	20954	23453	12995.555555555555
NM_001180358.1	2622	5298	7839	10441	13179	15865	18549	21072	23643	13167.555555555555
NM_001183047.1	3181	6355	9619	12583	15984	19245	22488	25639	28631	15969.444444444445
NM_001179718.1	3430	6857	10159	13478	17128	20309	23855	26893	30567	16964.0
NM_001183552.1	4016	8352	12294	16348	20546	24523	28414	32654	36952	20455.444444444445
NM_001180873.1	4209	8771	13102	17492	21766	26078	30588	34893	39169	21785.333333333332
NM_001178725.1	4618	9178	13866	18781	23225	27796	32352	36873	41221	23101.11111111111
NM_001181997.1	4715	9727	14278	18933	23931	28635	33614	38098	42993	23880.444444444445
NM_001182136.1	5319	10422	15884	21177	26630	31659	36977	42534	47409	26445.666666666668
NM_001181666.1	6203	12439	18710	24922	31082	37614	43825	49711	56364	31207.777777777777
NM_001179626.1	6442	12748	19292	25400	31614	38424	44606	51264	57697	31943.0
NM_001181844.1	6570	13068	20044	26633	33228	39891	46280	53344	60119	33241.88888888889
NM_001183340.1	6568	13516	20139	26883	33439	39904	46625	53386	59758	33357.555555555555
NM_001178183.1	7321	14737	21454	28970	36215	43706	50611	57803	64547	36151.555555555555
NM_001181321.3	7989	15782	23768	31773	39637	47845	55868	63653	71718	39781.444444444445
NM_001179305.1	12261	24422	37126	49177	61625	73708	86080	97865	110484	61416.444444444445
NM_001181931.1	13077	26240	39225	53124	66029	79064	92179	105543	118747	65914.22222222222
NM_001184177.1	16625	33124	49398	65868	82391	98575	115407	131788	148326	82389.11111111111
