	0	1	2	3	4	5	6	7	8	mean
NM_001182191.1	0	0	0	0	0	0	0	0	0	0.0
NM_001184618.1	0	0	0	0	0	0	0	0	0	0.0
NM_001179909.1	0	0	0	0	0	0	0	0	0	0.0
NM_001179916.1	0	0	0	0	0	0	0	0	0	0.0
NM_001184665.1	0	0	0	0	0	0	0	0	0	0.0
NM_001348870.1	0	0	0	0	0	0	0	0	0	0.0
NM_001184392.2	0	0	0	0	0	0	0	0	0	0.0
NM_001184391.1	0	0	0	0	0	0	0	0	0	0.0
NM_001348883.1	0	0	0	0	0	0	0	0	0	0.0
NM_001348837.1	0	0	0	0	0	0	0	0	0	0.0
NM_001184550.1	0	0	0	0	0	0	0	0	0	0.0
NM_001270757.1	0	0	0	0	0	0	0	0	0	0.0
NM_001348851.1	0	0	0	0	0	0	0	0	0	0.0
NM_001179050.4	0	0	0	0	0	0	0	0	0	0.0
NM_001179603.1	0	0	0	0	0	0	0	0	0	0.0
NM_001184429.1	0	0	0	0	0	0	0	0	0	0.0
NM_001184638.1	0	0	0	0	0	0	0	0	0	0.0
NM_001184625.1	0	0	0	0	0	0	0	0	0	0.0
NM_001178806.1	0	0	0	0	0	0	0	0	0	0.0
NM_001184648.1	0	0	0	0	0	0	0	0	0	0.0
NM_001184658.1	0	0	0	0	0	0	0	0	0	0.0
NM_001178807.1	0	0	0	0	0	0	0	0	0	0.0
NM_001184542.1	0	0	0	0	0	0	0	0	0	0.0
NM_001184579.3	0	0	0	0	0	0	0	0	0	0.0
NM_001184578.1	0	0	0	0	0	0	0	0	0	0.0
NM_001181884.1	0	0	0	0	0	0	0	0	0	0.0
NM_001181886.1	0	0	0	0	0	0	0	0	0	0.0
NM_001184605.1	0	0	0	0	0	0	0	0	0	0.0
NM_001181887.1	0	0	0	0	0	0	0	0	0	0.0
NM_001348836.1	0	0	0	0	0	0	0	0	0	0.0
NM_001348865.1	0	0	0	0	0	0	0	0	0	0.0
NM_001179894.1	0	0	0	0	0	0	0	0	0	0.0
NM_001348891.1	0	0	0	0	0	0	0	0	0	0.0
NM_001179636.1	0	0	0	0	0	0	0	0	0	0.0
NM_001184643.3	0	0	0	0	0	0	0	0	0	0.0
NM_001184541.3	0	0	0	0	0	0	0	0	0	0.0
NM_001184062.1	0	0	0	0	0	0	0	0	0	0.0
NM_001348815.1	0	0	0	0	0	0	0	0	0	0.0
NM_001184420.1	0	0	0	0	0	0	0	0	0	0.0
NM_001184424.1	0	0	0	0	0	0	0	0	0	0.0
NM_001182836.3	0	0	0	0	0	0	0	0	0	0.0
NM_001182835.1	0	0	0	0	0	0	0	0	0	0.0
NM_001182834.3	0	0	0	0	0	0	0	0	0	0.0
NM_001348871.1	0	0	0	0	0	0	0	0	0	0.0
NM_001348862.1	0	0	0	0	0	0	0	0	0	0.0
NM_001178884.1	0	0	0	0	0	0	0	0	0	0.0
NM_001178885.1	0	0	0	0	0	0	0	0	0	0.0
NM_001184465.1	0	0	0	0	0	0	0	0	0	0.0
NM_001184667.1	0	0	0	0	0	0	0	0	0	0.0
NM_001184624.1	0	0	0	0	0	0	0	0	0	0.0
CRS5	0	0	0	0	0	0	0	0	0	0.0
NM_001184576.1	0	0	0	0	0	0	0	0	0	0.0
NM_001183944.1	0	0	0	0	0	0	0	0	0	0.0
NM_001348843.1	0	0	0	0	0	0	0	0	0	0.0
NM_001184399.1	0	0	0	0	0	0	0	0	0	0.0
NM_001395033.1	0	0	0	0	0	0	0	0	0	0.0
NM_001348879.1	0	0	0	0	0	0	0	0	0	0.0
NM_001181816.3	0	0	0	0	0	0	0	0	0	0.0
NM_001183249.1	0	0	0	0	0	0	0	0	0	0.0
NM_001183107.1	0	0	0	0	0	0	0	0	0	0.0
NM_001348814.1	0	0	0	0	0	0	0	0	0	0.0
NM_001184418.1	0	0	0	0	0	0	0	0	0	0.0
NM_001348813.1	0	0	0	0	0	0	0	0	0	0.0
NM_001184546.1	0	0	0	0	0	0	0	0	0	0.0
NM_001183048.1	0	0	0	0	0	0	0	0	0	0.0
NM_001183177.1	0	0	0	0	0	0	0	0	0	0.0
NM_001270756.1	0	0	0	0	0	0	0	0	0	0.0
NM_001178811.1	0	0	0	0	0	0	0	0	0	0.0
NM_001395037.1	0	0	0	0	0	0	0	0	0	0.0
NM_001184014.1	0	0	0	0	0	0	0	0	0	0.0
NM_001184015.1	0	0	0	0	0	0	0	0	0	0.0
NM_001348890.1	0	0	0	0	0	0	0	0	0	0.0
NM_001183979.1	0	0	0	0	0	0	0	0	0	0.0
NM_001184557.1	0	0	0	0	0	0	0	0	0	0.0
NM_001348861.1	0	0	0	0	0	0	0	0	0	0.0
NM_001184569.1	0	0	0	0	0	0	0	0	0	0.0
NM_001182232.1	0	0	0	0	0	0	0	0	0	0.0
NM_001184622.1	0	0	0	0	0	0	0	0	0	0.0
NM_001184670.1	0	0	0	0	0	0	0	0	0	0.0
NM_001183935.1	0	0	0	0	0	0	0	0	0	0.0
NM_001182397.2	0	0	0	0	0	0	0	0	0	0.0
NM_001184305.1	0	0	0	0	0	0	0	0	0	0.0
NM_001184526.1	0	0	0	0	0	0	0	0	0	0.0
NM_001179028.4	0	0	0	0	0	0	0	0	0	0.0
NM_001184428.1	0	0	0	0	0	0	0	0	0	0.0
NM_001184632.3	0	0	0	0	0	0	0	0	0	0.0
NM_001180831.1	0	0	0	0	0	0	0	0	0	0.0
NM_001395040.1	0	0	0	0	0	0	0	0	0	0.0
NM_001182046.1	0	0	0	0	0	0	0	0	0	0.0
NM_001182044.1	0	0	0	0	0	0	0	0	0	0.0
NM_001184563.1	0	0	0	0	0	0	0	0	0	0.0
NM_001182043.1	0	0	0	0	0	0	0	0	0	0.0
NM_001182042.1	0	0	0	0	0	0	0	0	0	0.0
NM_001184564.1	0	0	0	0	0	0	0	0	0	0.0
NM_001184560.1	0	0	0	0	0	0	0	0	0	0.0
NM_001184514.1	0	0	0	0	0	0	0	0	0	0.0
NM_001178711.1	0	0	0	0	0	0	0	0	0	0.0
NM_001178650.1	0	0	0	0	0	0	0	0	0	0.0
NM_001182045.1	0	0	0	0	0	0	0	0	0	0.0
NM_001184608.1	0	0	0	0	0	0	0	0	0	0.0
NM_001184588.1	0	0	0	0	0	0	0	0	0	0.0
NM_001178646.1	0	0	0	0	0	0	0	0	0	0.0
NM_001184587.3	0	0	0	0	0	0	0	0	0	0.0
NM_001348892.1	0	0	0	0	0	0	0	0	0	0.0
NM_001348881.1	0	0	0	0	0	0	0	0	0	0.0
NM_001184473.1	0	0	0	0	0	0	0	0	0	0.0
NM_001184565.1	0	0	0	0	0	0	0	0	0	0.0
NM_001182047.1	0	0	0	0	0	0	0	0	0	0.0
NM_001348854.1	0	0	0	0	0	0	0	0	0	0.0
NM_001181033.1	0	0	0	0	0	0	0	0	0	0.0
NM_001184430.1	0	0	0	0	0	0	0	0	0	0.0
NM_001179926.1	0	0	0	0	0	0	0	0	0	0.0
NM_001184549.1	0	0	0	0	0	0	0	0	0	0.0
NM_001348831.1	0	0	0	0	0	0	0	0	0	0.0
NM_001184472.1	0	0	0	0	0	0	0	0	0	0.0
NM_001348832.1	0	0	0	0	0	0	0	0	0	0.0
NM_001184566.1	0	0	0	0	0	0	0	0	0	0.0
NM_001182048.1	0	0	0	0	0	0	0	0	0	0.0
NM_001180024.1	0	0	0	0	0	0	0	0	0	0.0
NM_001180862.2	0	0	0	0	0	0	0	0	0	0.0
NM_001178702.1	0	0	0	0	0	0	0	0	0	0.0
NM_001181057.3	0	0	0	0	0	0	0	0	0	0.0
NM_001178710.1	0	0	0	0	0	0	0	0	0	0.0
NM_001181126.1	0	0	0	0	0	0	0	0	0	0.0
NM_001181127.1	0	0	0	0	0	0	0	0	0	0.0
NM_001181128.1	0	0	0	0	0	0	0	0	0	0.0
NM_001180022.3	0	0	0	0	0	0	0	0	0	0.0
NM_001348833.1	0	0	0	0	0	0	0	0	0	0.0
NM_001184561.1	0	0	0	0	0	0	0	0	0	0.0
NM_001184609.1	0	0	0	0	0	0	0	0	0	0.0
NM_001184405.1	0	0	0	0	0	0	0	0	0	0.0
NM_001184406.2	0	0	0	0	0	0	0	0	0	0.0
NM_001395038.1	0	0	0	0	0	0	0	0	0	0.0
NM_001179902.1	0	0	0	0	0	0	0	0	0	0.0
NM_001184610.1	0	0	0	0	0	0	0	0	0	0.0
NM_001179903.1	0	0	0	0	0	0	0	0	0	0.0
NM_001184407.1	0	0	0	0	0	0	0	0	0	0.0
NM_001180305.1	0	0	0	0	0	0	0	0	0	0.0
NM_001180307.1	0	0	0	0	0	0	0	0	0	0.0
NM_001348857.1	0	0	0	0	0	0	0	0	0	0.0
NM_001179905.1	0	0	0	0	0	0	0	0	0	0.0
NM_001179907.1	0	0	0	0	0	0	0	0	0	0.0
NM_001180850.3	0	0	0	0	0	0	0	0	0	0.0
NM_001182349.1	0	0	0	0	0	0	0	0	0	0.0
NM_001183771.3	0	0	0	0	0	0	0	0	0	0.0
NM_001348834.1	0	0	0	0	0	0	0	0	0	0.0
NM_001180853.1	0	0	0	0	0	0	0	0	0	0.0
NM_001348853.1	0	0	0	0	0	0	0	0	0	0.0
NM_001184644.1	0	0	0	0	0	0	0	0	0	0.0
NM_001184302.1	0	0	0	0	0	0	0	0	0	0.0
NM_001180855.1	0	0	0	0	0	0	0	0	0	0.0
NM_001184626.1	0	0	0	0	0	0	0	0	0	0.0
NM_001178891.1	0	0	0	0	0	0	0	0	0	0.0
NM_001178890.1	0	0	0	0	0	0	0	0	0	0.0
NM_001184426.3	0	0	0	0	0	0	0	0	0	0.0
NM_001181058.1	0	0	0	0	0	0	0	0	0	0.0
NM_001183674.3	0	0	0	0	0	0	0	0	0	0.0
NM_001181940.1	0	0	0	0	0	0	0	0	0	0.0
NM_001395042.1	0	0	0	0	0	0	0	0	0	0.0
NM_001348882.1	0	0	0	0	0	0	0	0	0	0.0
NM_001184661.1	0	0	0	0	0	0	0	0	0	0.0
NM_001183687.3	0	0	0	0	0	0	0	0	0	0.0
NM_001184616.1	0	0	0	0	0	0	0	0	0	0.0
NM_001184425.2	0	0	0	0	0	0	0	0	0	0.0
NM_001184617.1	0	0	0	0	0	0	0	0	0	0.0
NM_001183487.1	0	0	0	0	0	0	0	0	0	0.0
NM_001182713.1	0	0	0	0	0	0	0	0	0	0.0
NM_001180710.1	0	0	0	0	0	0	0	0	0	0.0
NM_001178665.1	0	0	0	0	0	0	0	0	0	0.0
NM_001184462.1	0	0	0	0	0	0	0	0	0	0.0
NM_001348863.1	0	0	0	0	0	0	0	0	0	0.0
NM_001182486.1	0	0	0	0	0	0	0	0	0	0.0
NM_001182355.3	0	0	0	0	0	0	0	0	0	0.0
NM_001182354.3	0	0	0	0	0	0	0	0	0	0.0
NM_001182352.1	0	0	0	0	0	0	0	0	0	0.0
NM_001182350.3	0	0	0	0	0	0	0	0	0	0.0
NM_001348809.1	0	0	0	0	0	0	0	0	0	0.0
NM_001179269.1	0	0	0	0	0	0	0	0	0	0.0
NM_001184651.1	0	0	0	0	0	0	0	0	0	0.0
NM_001184404.2	0	0	0	0	0	0	0	0	0	0.0
NM_001184403.1	0	0	0	0	0	0	0	0	0	0.0
NM_001180053.1	0	0	0	0	0	0	0	0	0	0.0
NM_001184649.1	0	0	0	0	0	0	0	0	0	0.0
NM_001178368.1	0	0	0	0	0	0	0	0	0	0.0
NM_001183233.3	0	0	0	0	0	0	0	0	0	0.0
NM_001270751.1	0	0	0	0	0	0	0	0	0	0.0
NM_001180326.1	0	0	0	0	0	0	0	0	0	0.0
NM_001180052.1	0	0	0	0	0	0	0	0	0	0.0
NM_001184458.1	0	0	0	0	0	0	0	0	0	0.0
NM_001184544.3	0	0	0	0	0	0	0	0	0	0.0
NM_001180042.1	0	0	0	0	0	0	0	0	0	0.0
NM_001184598.3	0	0	0	0	0	0	0	0	0	0.0
NM_001348808.1	0	0	0	0	0	0	0	0	0	0.0
NM_001184646.3	0	0	0	0	0	0	0	0	0	0.0
NM_001181538.1	0	0	0	0	0	0	0	0	0	0.0
NM_001348812.1	0	0	0	0	0	0	0	0	0	0.0
NM_001180043.1	0	0	0	0	0	0	0	0	0	0.0
NM_001348888.1	0	0	0	0	0	0	0	0	0	0.0
NM_001270738.1	0	0	0	0	0	0	0	0	0	0.0
NM_001348807.1	0	0	0	0	0	0	0	0	0	0.0
NM_001179123.1	0	0	0	0	0	0	0	0	0	0.0
NM_001184603.1	0	0	0	0	0	0	0	0	0	0.0
NM_001184554.1	0	0	0	0	0	0	0	0	0	0.0
NM_001184666.1	0	0	0	0	0	0	0	0	0	0.0
NM_001348845.1	0	0	0	0	0	0	0	0	0	0.0
NM_001416099.1	0	0	0	0	0	0	0	0	0	0.0
NM_001179126.1	0	0	0	0	0	0	0	0	0	0.0
NM_001184650.1	0	0	0	0	0	0	0	0	0	0.0
NM_001179129.1	0	0	0	0	0	0	0	0	0	0.0
NM_001179130.1	0	0	0	0	0	0	0	0	0	0.0
NM_001181425.3	0	0	0	0	0	0	0	0	0	0.0
NM_001184151.1	0	0	0	0	0	0	0	0	0	0.0
NM_001182398.1	0	0	0	0	0	0	0	0	0	0.0
NM_001179897.1	0	0	0	0	0	0	0	0	0	0.0
NM_001184574.1	0	0	0	0	0	0	0	0	0	0.0
NM_001184582.1	0	0	0	0	0	0	0	0	0	0.0
NM_001179183.1	0	0	0	0	0	0	0	0	0	0.0
NM_001395032.1	0	0	0	0	0	0	0	0	0	0.0
NM_001179185.1	0	0	0	0	0	0	0	0	0	0.0
NM_001395031.1	0	0	0	0	0	0	0	0	0	0.0
NM_001184642.1	0	0	0	0	0	0	0	0	0	0.0
NM_001184639.3	0	0	0	0	0	0	0	0	0	0.0
NM_001184628.1	0	0	0	0	0	0	0	0	0	0.0
NM_001348818.1	0	0	0	0	0	0	0	0	0	0.0
NM_001184553.1	0	0	0	0	0	0	0	0	0	0.0
NM_001180026.1	0	0	0	0	0	0	0	0	0	0.0
NM_001181646.1	0	0	0	0	0	0	0	0	0	0.0
NM_001181649.1	0	0	0	0	0	0	0	0	0	0.0
NM_001431143.1	0	0	0	0	0	0	0	0	0	0.0
NM_001267862.1	0	0	0	0	0	0	0	0	0	0.0
NM_001179344.1	0	0	0	0	0	0	0	0	0	0.0
NM_001184599.3	0	0	0	0	0	0	0	0	0	0.0
NM_001183415.1	0	0	0	0	0	0	0	0	0	0.0
NM_001184600.1	0	0	0	0	0	0	0	0	0	0.0
NM_001184601.1	0	0	0	0	0	0	0	0	0	0.0
NM_001184575.1	0	0	0	0	0	0	0	0	0	0.0
NM_001182838.1	0	0	0	0	0	0	0	0	0	0.0
NM_001184623.1	0	0	0	0	0	0	0	0	0	0.0
NM_001179410.3	0	0	0	0	0	0	0	0	0	0.0
NM_001183253.3	0	0	0	0	0	0	0	0	0	0.0
NM_001179349.1	0	0	0	0	0	0	0	0	0	0.0
NM_001180041.1	0	0	0	0	0	0	0	0	0	0.0
NM_001184621.3	0	0	0	0	0	0	0	0	0	0.0
NM_001270750.1	0	0	0	0	0	0	0	0	0	0.0
NM_001178206.2	0	0	0	0	0	0	0	0	0	0.0
NM_001348886.1	0	0	0	0	0	0	0	0	0	0.0
NM_001179900.1	0	0	0	0	0	0	0	0	0	0.0
NM_001395731.1	0	0	0	0	0	0	0	0	0	0.0
NM_001181687.2	0	0	0	0	0	0	0	0	0	0.0
NM_001179450.1	0	0	0	0	0	0	0	0	0	0.0
NM_001184590.1	0	0	0	0	0	0	0	0	0	0.0
NM_001178836.3	0	0	0	0	0	0	0	0	0	0.0
NM_001178424.2	0	0	0	0	0	0	0	0	0	0.0
NM_001179899.1	0	0	0	0	0	0	0	0	0	0.0
NM_001348821.1	0	0	0	0	0	0	0	0	0	0.0
NM_001179513.1	0	0	0	0	0	0	0	0	0	0.0
NM_001183870.1	0	0	0	0	0	0	0	0	0	0.0
NM_001348824.1	0	0	0	0	0	0	0	0	0	0.0
NM_001178223.1	0	0	0	0	0	0	0	0	0	0.0
NM_001184583.1	0	0	0	0	0	0	0	0	0	0.0
NM_001348885.1	0	0	0	0	0	0	0	0	0	0.0
NM_001270752.1	0	0	0	0	0	0	0	0	0	0.0
NM_001184552.1	0	0	0	0	0	0	0	0	0	0.0
NM_001178235.1	0	0	0	0	0	0	0	0	0	0.0
NM_001181813.1	0	0	0	0	0	0	0	0	0	0.0
NM_001182425.1	0	0	0	0	0	0	0	0	0	0.0
NM_001183245.1	0	0	0	0	0	0	0	0	0	0.0
NM_001184682.1	0	0	0	0	0	0	0	0	0	0.0
NM_001270742.1	0	0	0	0	0	0	0	0	0	0.0
NM_001270741.1	0	0	0	0	0	0	0	0	0	0.0
NM_001184571.1	0	0	0	0	0	0	0	0	0	0.0
NM_001184456.1	0	0	0	0	0	0	0	0	0	0.0
NM_001348828.1	0	0	0	0	0	0	0	0	0	0.0
NM_001348860.1	0	0	0	0	0	0	0	0	0	0.0
NM_001184301.1	0	0	0	0	0	0	0	0	0	0.0
NM_001184556.1	0	0	0	0	0	0	0	0	0	0.0
NM_001181809.2	0	0	0	0	0	0	0	0	0	0.0
NM_001184633.1	0	0	0	0	0	0	0	0	0	0.0
NM_001178850.1	0	0	0	0	0	0	0	0	0	0.0
NM_001184300.1	0	0	0	0	0	0	0	0	0	0.0
NM_001184595.3	0	0	0	0	0	0	0	0	0	0.0
NM_001181765.2	0	0	0	0	0	0	0	0	0	0.0
NM_001179521.1	0	0	0	0	0	0	0	0	0	0.0
NM_001181461.3	0	0	0	0	0	0	0	0	0	0.0
NM_001184655.1	0	0	0	0	0	0	0	0	0	0.0
NM_001348847.1	0	0	0	0	0	0	0	0	0	0.0
NM_001395035.1	0	0	0	0	0	0	0	0	0	0.0
NM_001184555.1	0	0	0	0	0	0	0	0	0	0.0
NM_001184476.1	0	0	0	0	0	0	0	0	0	0.0
NM_001178764.1	0	0	0	0	0	0	0	0	0	0.0
NM_001184635.1	0	0	0	0	0	0	0	0	0	0.0
NM_001181462.1	0	0	0	0	0	0	0	0	0	0.0
NM_001179350.3	0	0	0	0	0	0	0	0	0	0.0
NM_001179901.1	0	0	0	0	0	0	0	0	0	0.0
NM_001178236.1	0	0	0	0	0	0	0	0	0	0.0
NM_001183835.1	0	0	0	0	0	0	0	0	0	0.0
NM_001178163.1	0	0	0	0	0	0	0	0	0	0.0
NM_001180045.1	0	0	0	0	0	0	0	0	0	0.0
NM_001181656.1	0	0	0	0	0	0	0	0	0	0.0
NM_001181686.1	0	0	0	0	0	0	0	0	0	0.0
NM_001178219.1	0	0	0	0	0	0	0	0	0	0.0
NM_001184450.1	0	0	0	0	0	0	0	1	0	0.1111111111111111
SCEI	0	0	0	0	0	0	0	0	1	0.1111111111111111
NM_001182196.1	0	0	0	0	0	0	0	0	1	0.1111111111111111
NM_001183451.1	0	0	0	0	0	0	0	1	0	0.1111111111111111
NM_001178381.1	0	0	0	1	0	0	0	0	0	0.1111111111111111
NM_001183248.1	0	0	0	0	0	0	0	1	0	0.1111111111111111
NM_001180054.1	0	0	0	1	0	0	0	0	0	0.1111111111111111
NM_001184662.3	0	0	0	0	0	0	0	1	0	0.1111111111111111
NM_001184290.1	0	0	0	0	0	0	1	0	0	0.1111111111111111
NM_001183042.1	0	0	0	0	0	1	0	0	0	0.1111111111111111
NM_001182584.1	0	0	0	0	0	0	1	0	0	0.1111111111111111
NM_001348848.1	0	0	0	0	0	0	1	0	0	0.1111111111111111
NM_001179144.1	0	0	1	0	0	0	0	0	0	0.1111111111111111
NM_001348830.1	0	0	0	0	0	1	0	0	0	0.1111111111111111
NM_001184602.3	0	0	0	1	0	0	0	0	0	0.1111111111111111
NM_001179080.3	0	0	0	0	0	0	0	1	0	0.1111111111111111
NM_001184580.1	0	0	0	0	0	0	1	0	0	0.1111111111111111
NM_001183633.3	0	0	0	1	0	0	0	0	0	0.1111111111111111
NM_001346794.1	0	0	0	0	0	0	1	0	0	0.1111111111111111
NM_001184545.3	0	0	1	0	0	0	0	0	0	0.1111111111111111
NM_001179079.3	0	0	0	0	0	0	0	1	0	0.1111111111111111
NM_001181476.1	0	0	1	0	0	0	0	0	0	0.1111111111111111
NM_001348893.1	0	0	0	0	0	0	0	1	1	0.2222222222222222
NM_001179563.1	0	0	0	0	0	1	0	0	1	0.2222222222222222
NM_001348825.1	0	0	0	0	0	0	1	1	0	0.2222222222222222
NM_001184299.1	0	0	0	0	0	0	0	1	1	0.2222222222222222
NM_001181933.1	0	1	0	0	0	1	0	0	0	0.2222222222222222
NM_001180422.3	0	0	0	0	0	0	0	1	1	0.2222222222222222
NM_001184342.1	0	0	0	1	0	0	0	0	1	0.2222222222222222
NM_001181900.1	0	0	0	0	0	0	1	0	1	0.2222222222222222
NM_001184654.1	0	0	0	0	1	1	0	0	0	0.2222222222222222
NM_001348864.1	0	0	0	0	0	1	0	0	1	0.2222222222222222
NM_001184573.1	0	0	0	0	1	0	0	1	0	0.2222222222222222
NM_001184218.2	0	0	0	0	0	0	0	1	1	0.2222222222222222
NM_001179407.3	0	0	0	0	0	1	0	0	1	0.2222222222222222
NM_001183717.1	0	0	1	0	0	0	0	1	0	0.2222222222222222
NM_001179541.3	1	0	0	0	1	0	0	0	0	0.2222222222222222
NM_001348817.1	0	0	0	0	0	1	0	1	0	0.2222222222222222
NM_001184678.1	0	0	0	0	0	0	1	0	1	0.2222222222222222
NM_001184431.1	0	0	0	0	0	0	1	0	1	0.2222222222222222
NM_001184096.1	1	0	0	0	0	0	0	0	1	0.2222222222222222
NM_001183814.3	1	0	0	0	0	0	0	0	1	0.2222222222222222
NM_001182595.1	0	0	0	1	0	0	0	0	1	0.2222222222222222
NM_001179892.1	0	0	0	0	1	1	0	0	0	0.2222222222222222
NM_001183283.1	0	0	0	0	1	0	0	0	1	0.2222222222222222
NM_001184637.1	0	1	0	0	0	0	0	1	0	0.2222222222222222
NM_001181423.1	0	0	0	0	0	1	0	0	1	0.2222222222222222
NM_001179805.3	0	0	0	0	0	0	1	0	1	0.2222222222222222
NM_001184432.2	0	0	0	0	0	0	1	0	1	0.2222222222222222
NM_001181652.1	0	0	0	0	0	0	0	1	1	0.2222222222222222
NM_001181188.3	0	0	0	0	0	0	2	0	0	0.2222222222222222
NM_001184482.1	0	0	0	0	0	0	2	0	0	0.2222222222222222
NM_001181402.1	0	0	0	0	0	1	0	0	1	0.2222222222222222
NM_001348878.1	0	0	0	0	0	0	0	1	1	0.2222222222222222
NM_001348826.1	0	0	0	1	0	0	0	0	1	0.2222222222222222
NM_001348859.1	0	0	0	0	1	0	1	0	0	0.2222222222222222
NM_001178864.1	0	0	0	1	0	0	0	1	0	0.2222222222222222
NM_001181807.4	0	0	1	0	0	0	0	1	0	0.2222222222222222
NM_001180304.1	0	0	0	0	0	1	0	0	1	0.2222222222222222
NM_001181811.3	0	0	0	0	0	1	0	0	1	0.2222222222222222
NM_001182957.3	0	0	0	0	1	1	0	0	0	0.2222222222222222
NM_001182333.3	0	0	0	0	0	0	1	1	0	0.2222222222222222
NM_001182282.3	0	0	0	0	0	1	1	0	0	0.2222222222222222
NM_001180306.1	0	0	0	0	0	0	0	1	1	0.2222222222222222
NM_001181825.1	0	1	0	0	0	1	0	0	0	0.2222222222222222
NM_001181810.3	0	0	0	0	1	0	0	1	0	0.2222222222222222
NM_001184001.1	0	0	0	1	1	0	1	0	0	0.3333333333333333
NM_001184314.1	0	0	0	0	0	0	1	1	1	0.3333333333333333
NM_001348898.1	0	1	1	0	0	1	0	0	0	0.3333333333333333
NM_001184684.1	0	0	1	0	1	1	0	0	0	0.3333333333333333
NM_001179256.1	0	0	0	0	1	0	1	0	1	0.3333333333333333
NM_001348875.1	0	0	0	1	0	0	0	1	1	0.3333333333333333
NM_001178528.1	0	0	1	0	0	0	0	0	2	0.3333333333333333
NM_001179535.3	0	0	0	0	1	0	0	1	1	0.3333333333333333
NM_001184604.1	0	0	0	0	0	0	0	1	2	0.3333333333333333
NM_001348850.1	0	0	0	1	0	0	1	1	0	0.3333333333333333
NM_001184674.1	0	0	0	0	1	0	1	1	0	0.3333333333333333
NM_001184668.1	0	2	0	0	0	0	1	0	0	0.3333333333333333
NM_001183278.1	0	0	0	0	1	1	0	0	1	0.3333333333333333
NM_001184086.1	0	0	1	0	0	0	1	1	0	0.3333333333333333
NM_001181685.2	0	0	1	0	0	1	0	1	0	0.3333333333333333
NM_001179789.1	0	0	0	1	0	1	0	1	0	0.3333333333333333
NM_001181365.3	0	0	0	1	0	1	0	1	0	0.3333333333333333
NM_001180246.1	1	0	0	0	0	1	0	1	0	0.3333333333333333
NM_001348876.1	0	0	0	1	0	0	0	1	1	0.3333333333333333
NM_001182404.1	0	1	0	0	0	0	1	0	1	0.3333333333333333
NM_001348823.1	0	0	0	1	0	1	0	1	0	0.3333333333333333
NM_001348877.1	0	0	0	1	0	1	0	0	1	0.3333333333333333
NM_001182303.1	0	0	0	0	1	0	0	1	1	0.3333333333333333
NM_001182514.1	0	0	1	0	0	0	1	0	1	0.3333333333333333
NM_001348827.1	0	0	1	0	0	0	0	2	0	0.3333333333333333
NM_001184104.1	1	0	1	0	0	1	0	0	0	0.3333333333333333
NM_001184095.1	0	0	0	0	0	1	2	0	0	0.3333333333333333
NM_001183813.1	0	0	0	0	0	1	2	0	0	0.3333333333333333
NM_001181003.1	0	0	1	0	0	0	0	1	1	0.3333333333333333
NM_001184614.1	0	0	0	0	1	1	1	0	0	0.3333333333333333
NM_001183416.1	0	0	0	0	0	1	1	1	0	0.3333333333333333
NM_001180049.1	0	0	0	0	1	0	1	1	0	0.3333333333333333
NM_001348873.1	0	0	1	0	0	1	1	0	0	0.3333333333333333
NM_001182049.1	0	0	0	0	1	0	1	0	1	0.3333333333333333
NM_001181918.1	0	0	0	1	0	1	1	0	0	0.3333333333333333
NM_001182583.1	0	0	0	1	0	0	1	0	1	0.3333333333333333
NM_001183661.3	0	1	0	1	0	0	0	0	1	0.3333333333333333
NM_001181035.3	0	0	0	0	0	1	1	1	0	0.3333333333333333
NM_001184585.1	0	0	1	0	0	1	0	0	1	0.3333333333333333
NM_001183385.1	0	0	0	1	0	0	1	1	0	0.3333333333333333
NM_001348856.1	0	0	0	1	0	0	1	0	1	0.3333333333333333
NM_001179917.1	0	0	0	0	0	1	0	1	1	0.3333333333333333
NM_001348874.1	0	0	0	0	0	0	1	1	1	0.3333333333333333
NM_001184615.1	0	0	0	0	1	0	1	0	1	0.3333333333333333
NM_001181124.1	0	0	0	0	1	1	1	0	0	0.3333333333333333
NM_001181115.1	0	0	0	0	1	1	0	1	0	0.3333333333333333
NM_001181101.1	0	0	1	0	0	1	0	1	0	0.3333333333333333
NM_001348880.1	0	0	0	0	0	0	1	1	1	0.3333333333333333
NM_001181539.1	0	0	0	0	1	1	1	0	0	0.3333333333333333
NM_001180880.3	0	0	0	0	1	0	1	1	0	0.3333333333333333
NM_001184589.1	1	0	0	0	1	1	0	1	0	0.4444444444444444
NM_001348896.1	0	0	0	0	0	0	2	1	1	0.4444444444444444
NM_001184570.3	0	0	1	0	1	1	0	0	1	0.4444444444444444
NM_001179893.3	0	0	0	0	1	1	1	1	0	0.4444444444444444
NM_001348867.1	0	0	1	1	1	0	0	1	0	0.4444444444444444
NM_001178666.2	2	0	0	0	1	0	0	0	1	0.4444444444444444
NM_001178667.1	2	0	0	0	1	0	0	0	1	0.4444444444444444
NM_001182931.3	0	0	0	0	0	1	0	1	2	0.4444444444444444
NM_001184416.1	0	0	1	1	0	1	0	0	1	0.4444444444444444
NM_001348894.1	0	0	0	0	0	2	1	0	1	0.4444444444444444
NM_001184417.2	0	0	1	1	0	1	0	0	1	0.4444444444444444
NM_001178930.1	0	0	1	1	0	0	0	1	1	0.4444444444444444
NM_001184543.1	0	0	0	1	1	1	0	1	0	0.4444444444444444
NM_001181737.1	0	0	0	1	1	0	1	1	0	0.4444444444444444
NM_001348835.1	0	0	1	0	0	1	0	1	1	0.4444444444444444
NM_001183418.1	0	0	0	0	0	1	1	1	1	0.4444444444444444
NM_001178649.3	0	0	0	0	0	0	1	1	2	0.4444444444444444
NM_001184540.1	0	0	1	1	0	0	0	1	1	0.4444444444444444
NM_001348868.1	0	0	0	1	0	1	0	1	1	0.4444444444444444
NM_001178230.1	0	0	0	1	0	1	1	1	0	0.4444444444444444
NM_001180564.1	0	0	0	0	1	2	0	1	0	0.4444444444444444
NM_001184629.1	0	0	0	0	0	0	2	2	0	0.4444444444444444
NM_001181546.3	0	0	0	0	0	1	1	1	1	0.4444444444444444
NM_001180055.1	0	0	0	1	0	0	2	0	1	0.4444444444444444
NM_001178759.1	0	1	0	1	0	1	1	1	0	0.5555555555555556
NM_001183807.3	0	0	1	0	0	1	0	1	2	0.5555555555555556
AI3	0	0	0	0	0	0	1	2	2	0.5555555555555556
NM_001348889.1	0	0	1	0	0	0	1	1	2	0.5555555555555556
NM_001181684.3	0	0	1	1	0	0	1	1	1	0.5555555555555556
NM_001184551.1	0	0	0	1	1	1	0	1	1	0.5555555555555556
Q0255	0	0	0	1	1	1	0	0	2	0.5555555555555556
NM_001178976.3	0	0	1	0	0	2	1	0	1	0.5555555555555556
NM_001183156.1	0	0	0	2	0	1	1	1	0	0.5555555555555556
NM_001179914.1	0	0	0	0	0	0	2	1	2	0.5555555555555556
NM_001180050.2	0	0	0	0	1	1	2	1	0	0.5555555555555556
NM_001179824.1	1	0	0	1	0	1	1	0	1	0.5555555555555556
NM_001184535.1	0	0	0	2	0	0	1	0	2	0.5555555555555556
NM_001184663.1	0	1	0	1	0	0	2	1	0	0.5555555555555556
NM_001179070.1	0	0	0	2	1	0	1	0	1	0.5555555555555556
NM_001178214.1	0	1	1	1	0	0	0	1	1	0.5555555555555556
NM_001184400.4	0	0	0	0	1	1	0	2	1	0.5555555555555556
NM_001184175.1	0	0	0	0	0	1	0	2	2	0.5555555555555556
NM_001180830.1	0	0	1	0	1	1	0	1	1	0.5555555555555556
NM_001179786.2	0	0	1	1	0	0	2	1	0	0.5555555555555556
NM_001348858.1	0	0	1	1	1	1	0	0	1	0.5555555555555556
NM_001181899.1	0	1	0	0	0	1	1	1	1	0.5555555555555556
NM_001184596.1	1	0	0	0	0	1	1	2	0	0.5555555555555556
AI5_BETA	0	0	2	0	1	0	1	0	1	0.5555555555555556
NM_001179288.1	0	0	1	1	0	1	0	2	1	0.6666666666666666
NM_001182618.1	0	0	0	0	2	1	0	2	1	0.6666666666666666
NM_001178284.1	0	0	0	0	1	0	2	2	1	0.6666666666666666
NM_001182817.1	0	1	1	1	1	0	1	0	1	0.6666666666666666
NM_001181125.1	0	0	1	0	2	0	1	0	2	0.6666666666666666
NM_001270747.1	0	0	0	0	0	1	2	1	2	0.6666666666666666
NM_001348820.1	0	0	0	1	0	0	1	2	2	0.6666666666666666
NM_001183847.1	0	0	1	1	0	0	2	1	1	0.6666666666666666
NM_001348884.1	0	0	0	0	1	2	1	1	1	0.6666666666666666
NM_001181195.3	0	1	0	1	1	1	0	2	0	0.6666666666666666
NM_001180274.1	0	0	1	0	2	0	0	1	2	0.6666666666666666
NM_001346796.1	0	1	0	0	0	0	1	2	2	0.6666666666666666
NM_001184248.1	0	0	0	2	0	1	1	1	1	0.6666666666666666
NM_001180173.1	0	0	1	1	1	0	2	1	0	0.6666666666666666
NM_001183269.1	0	0	1	1	1	0	1	2	0	0.6666666666666666
NM_001178205.1	0	0	0	1	1	2	1	0	1	0.6666666666666666
NM_001183808.1	0	1	0	1	0	0	0	1	3	0.6666666666666666
NM_001181547.2	0	2	0	0	0	1	0	2	1	0.6666666666666666
NM_001183034.1	0	1	0	0	0	2	1	1	1	0.6666666666666666
NM_001180299.2	0	1	0	0	1	0	0	1	3	0.6666666666666666
NM_001178754.1	1	0	0	1	1	1	1	1	1	0.7777777777777778
NM_001183032.1	0	0	0	1	1	1	0	2	2	0.7777777777777778
NM_001179092.1	0	1	0	1	2	1	1	1	0	0.7777777777777778
NM_001183605.3	0	1	2	0	2	0	2	0	0	0.7777777777777778
NM_001348819.1	1	1	1	0	0	1	1	1	1	0.7777777777777778
NM_001348838.1	0	0	1	0	2	0	0	1	3	0.7777777777777778
NM_001182061.1	0	0	1	0	1	1	1	1	2	0.7777777777777778
NM_001178707.1	1	0	0	1	1	1	1	1	1	0.7777777777777778
NM_001178647.3	0	1	1	0	1	2	2	0	0	0.7777777777777778
NM_001348822.1	0	0	0	0	0	1	2	2	2	0.7777777777777778
NM_001348869.1	0	0	1	1	1	1	1	1	1	0.7777777777777778
NM_001184660.1	0	0	1	0	0	1	2	2	1	0.7777777777777778
NM_001182496.1	0	0	0	1	1	2	1	2	0	0.7777777777777778
NM_001182857.3	0	0	0	2	1	1	2	0	1	0.7777777777777778
NM_001178814.1	1	1	0	0	1	1	1	1	1	0.7777777777777778
NM_001179906.1	0	0	1	1	1	1	1	0	2	0.7777777777777778
NM_001181541.1	0	0	0	1	0	3	0	1	2	0.7777777777777778
NM_001183358.1	0	0	0	1	1	0	1	2	2	0.7777777777777778
NM_001183414.1	0	1	0	0	0	1	2	2	1	0.7777777777777778
NM_001182150.1	0	1	0	0	1	2	0	1	2	0.7777777777777778
NM_001184124.1	0	0	0	0	1	1	1	2	3	0.8888888888888888
NM_001182955.1	1	0	1	0	2	1	1	2	0	0.8888888888888888
NM_001184597.1	1	0	2	0	0	1	1	1	2	0.8888888888888888
NM_001183841.1	1	0	0	0	1	1	0	3	2	0.8888888888888888
NM_001178848.1	0	0	1	1	1	1	2	0	2	0.8888888888888888
NM_001184612.1	0	1	2	1	1	0	1	0	2	0.8888888888888888
AI1	0	0	0	2	0	0	3	2	1	0.8888888888888888
NM_001348895.1	0	0	1	1	1	0	1	1	3	0.8888888888888888
NM_001179895.3	0	1	1	1	2	0	1	1	1	0.8888888888888888
NM_001180754.1	0	0	0	1	2	1	1	1	2	0.8888888888888888
NM_001184380.3	0	0	0	1	0	1	2	2	2	0.8888888888888888
NM_001180278.1	0	0	0	1	1	1	1	2	2	0.8888888888888888
NM_001184559.1	0	1	0	1	0	2	1	2	1	0.8888888888888888
NM_001180023.1	0	0	1	0	0	2	0	4	1	0.8888888888888888
NM_001182012.1	1	0	0	1	2	1	1	1	1	0.8888888888888888
NM_001182442.1	1	0	1	1	2	0	3	1	0	1.0
NM_001184289.1	0	0	1	0	1	2	2	1	2	1.0
NM_001181654.1	0	1	0	0	0	0	3	4	1	1.0
NM_001184584.1	0	1	2	0	2	0	1	1	2	1.0
NM_001179518.1	0	1	0	0	0	0	3	4	1	1.0
NM_001181048.1	1	0	0	0	1	3	3	0	1	1.0
NM_001395041.1	1	1	0	1	2	1	0	1	2	1.0
NM_001184094.1	0	0	0	1	0	3	1	2	2	1.0
NM_001183811.3	0	0	0	1	0	3	1	2	2	1.0
NM_001181873.1	0	0	2	0	0	1	1	1	4	1.0
NM_001184393.1	0	0	0	1	2	0	1	3	2	1.0
NM_001184664.1	0	1	0	0	2	2	2	0	2	1.0
NM_001184193.1	0	0	1	1	0	2	2	1	2	1.0
NM_001184592.3	0	0	0	1	1	2	0	2	3	1.0
NM_001178534.1	0	1	0	1	0	2	2	1	2	1.0
NM_001179076.3	0	1	1	0	2	2	2	0	1	1.0
NM_001180096.1	0	0	2	1	0	2	2	1	1	1.0
NM_001181510.1	0	1	0	1	1	1	2	1	2	1.0
NM_001179077.1	1	0	0	0	1	1	3	2	2	1.1111111111111112
NM_001184586.1	0	1	1	1	0	2	1	1	3	1.1111111111111112
NM_001184072.1	0	3	1	0	0	1	1	2	2	1.1111111111111112
NM_001184003.1	0	0	2	0	1	1	3	1	2	1.1111111111111112
NM_001348810.1	0	1	0	2	1	1	3	0	2	1.1111111111111112
NM_001348844.1	0	2	0	0	1	3	0	2	2	1.1111111111111112
NM_001180000.3	1	0	0	1	0	0	2	4	2	1.1111111111111112
NM_001178208.1	0	1	1	0	1	2	2	2	1	1.1111111111111112
NM_001301348.1	0	0	0	1	0	2	1	3	3	1.1111111111111112
NM_001182230.1	0	0	1	0	1	2	1	3	2	1.1111111111111112
NM_001178838.1	0	0	0	0	1	1	1	2	6	1.2222222222222223
NM_001182873.1	0	0	1	2	0	2	4	1	1	1.2222222222222223
NM_001184548.3	0	1	0	2	1	2	2	1	2	1.2222222222222223
NM_001180844.3	0	1	0	2	0	2	2	3	1	1.2222222222222223
NM_001184378.1	2	0	0	2	1	0	1	3	2	1.2222222222222223
NM_001180674.3	0	1	2	0	0	1	1	2	4	1.2222222222222223
NM_001182607.1	1	1	0	1	2	1	0	3	2	1.2222222222222223
NM_001180954.1	0	0	0	1	2	2	1	2	3	1.2222222222222223
NM_001182634.1	1	0	1	1	1	2	1	2	2	1.2222222222222223
NM_001184669.3	0	3	0	0	2	2	2	1	1	1.2222222222222223
NM_001183386.1	1	1	0	0	1	2	3	1	3	1.3333333333333333
NM_001179508.1	0	2	0	0	2	1	3	1	3	1.3333333333333333
NM_001178723.1	0	2	1	1	2	2	2	2	0	1.3333333333333333
NM_001180746.3	1	1	0	0	2	1	3	3	1	1.3333333333333333
NM_001181808.4	0	0	1	1	1	1	4	1	3	1.3333333333333333
NM_001184297.1	0	0	1	2	2	1	1	2	3	1.3333333333333333
NM_001178411.1	0	0	0	1	1	4	1	2	3	1.3333333333333333
NM_001178727.1	1	1	1	1	0	0	3	2	3	1.3333333333333333
NM_001178997.1	1	2	1	2	0	1	1	3	1	1.3333333333333333
NM_001184634.1	0	0	1	1	3	0	3	3	1	1.3333333333333333
NM_001178693.1	1	1	0	0	1	2	2	1	4	1.3333333333333333
NM_001184594.1	0	0	0	1	2	2	4	2	2	1.4444444444444444
NM_001179991.3	0	0	1	1	1	2	2	4	2	1.4444444444444444
NM_001182752.1	0	1	0	1	3	1	3	3	1	1.4444444444444444
NM_001182786.1	0	1	0	1	2	1	2	3	3	1.4444444444444444
NM_001184572.1	0	2	2	1	0	1	3	2	2	1.4444444444444444
NM_001184097.1	0	0	1	0	1	2	5	2	2	1.4444444444444444
NM_001179753.1	0	0	1	3	0	2	2	2	3	1.4444444444444444
NM_001178388.1	0	0	1	0	1	2	3	3	3	1.4444444444444444
NM_001182218.1	0	2	0	2	2	1	1	3	2	1.4444444444444444
NM_001183345.1	0	1	0	0	2	2	3	2	3	1.4444444444444444
NM_001179616.1	2	0	0	1	2	1	2	2	3	1.4444444444444444
NM_001179795.1	1	0	0	2	3	2	2	0	3	1.4444444444444444
NM_001387383.1	1	0	0	1	2	3	1	4	2	1.5555555555555556
NM_001178220.2	0	1	2	0	0	1	4	3	3	1.5555555555555556
NM_001181418.3	0	0	1	1	2	3	4	1	2	1.5555555555555556
NM_001348897.1	0	0	0	2	3	2	2	0	5	1.5555555555555556
AI4	0	0	1	1	1	1	2	2	6	1.5555555555555556
NM_001181283.3	1	0	1	1	0	4	2	1	4	1.5555555555555556
NM_001184419.4	1	0	0	2	1	5	2	2	1	1.5555555555555556
NM_001348866.1	1	0	1	2	1	1	2	5	1	1.5555555555555556
NM_001179977.1	0	2	0	0	4	2	3	2	1	1.5555555555555556
NM_001183759.3	0	0	2	2	2	0	2	1	5	1.5555555555555556
NM_001179379.3	0	1	1	2	1	4	1	1	3	1.5555555555555556
NM_001184092.1	0	0	2	3	1	0	3	2	3	1.5555555555555556
NM_001180138.1	0	0	0	0	4	2	3	4	1	1.5555555555555556
NM_001184422.3	0	1	0	1	3	2	2	1	4	1.5555555555555556
NM_001183173.1	0	1	1	2	1	2	2	1	4	1.5555555555555556
NM_001182681.1	0	1	1	0	0	5	2	1	4	1.5555555555555556
NM_001181866.1	0	1	0	3	3	2	1	3	1	1.5555555555555556
NM_001179163.1	0	0	1	1	1	3	2	2	4	1.5555555555555556
NM_001395039.1	0	1	1	2	2	4	1	2	1	1.5555555555555556
NM_001184291.1	0	2	1	2	1	0	2	3	3	1.5555555555555556
NM_001184434.2	1	1	1	1	1	2	3	0	5	1.6666666666666667
NM_001184487.1	1	1	2	0	2	2	1	4	2	1.6666666666666667
NM_001184688.1	0	0	0	1	2	5	4	1	2	1.6666666666666667
NM_001181877.1	1	1	0	1	0	3	4	2	3	1.6666666666666667
NM_001183868.1	0	1	0	2	3	1	2	4	3	1.7777777777777777
NM_001178598.1	0	1	3	2	0	2	1	2	5	1.7777777777777777
NM_001183768.1	0	0	2	1	2	3	2	2	4	1.7777777777777777
NM_001178888.1	0	0	0	1	3	2	3	5	2	1.7777777777777777
NM_001184410.1	0	1	2	2	1	2	2	3	3	1.7777777777777777
ATP8	1	0	3	4	2	2	2	2	0	1.7777777777777777
NM_001431140.1	0	0	1	2	1	3	4	2	3	1.7777777777777777
NM_001180214.1	0	1	1	2	2	1	4	2	4	1.8888888888888888
NM_001183503.1	0	0	0	1	3	4	3	2	4	1.8888888888888888
NM_001183519.1	0	0	0	2	2	4	2	2	5	1.8888888888888888
NM_001182357.1	0	3	0	1	1	3	4	4	1	1.8888888888888888
NM_001183553.3	0	0	0	1	3	3	5	3	2	1.8888888888888888
NM_001178882.1	0	2	1	2	0	3	2	4	3	1.8888888888888888
NM_001179291.1	2	0	3	1	2	1	3	2	3	1.8888888888888888
NM_001178642.3	0	0	1	3	1	3	4	3	2	1.8888888888888888
NM_001182601.1	1	0	1	0	1	3	3	4	4	1.8888888888888888
NM_001181522.1	0	2	1	2	2	2	3	1	5	2.0
VAR1	1	0	1	1	3	3	2	3	4	2.0
NM_001180432.3	0	1	1	3	4	2	1	2	4	2.0
NM_001179955.1	1	1	0	2	0	2	4	4	4	2.0
NM_001348841.1	0	1	0	2	4	3	3	2	3	2.0
NM_001182739.1	0	0	2	1	2	4	3	4	2	2.0
NM_001184326.1	0	1	2	4	1	2	2	3	4	2.111111111111111
NM_001181818.1	0	2	2	1	2	2	3	2	5	2.111111111111111
NM_001179946.1	0	0	0	4	6	3	2	3	1	2.111111111111111
NM_001179954.1	0	0	0	2	0	1	5	5	6	2.111111111111111
NM_001348872.1	2	2	1	1	1	1	2	5	4	2.111111111111111
NM_001184006.1	1	1	0	2	3	1	6	2	3	2.111111111111111
NM_001182266.3	0	1	3	3	0	5	3	1	3	2.111111111111111
NM_001181023.1	1	1	2	2	1	2	5	2	3	2.111111111111111
NM_001179592.3	0	2	1	1	3	1	4	2	5	2.111111111111111
NM_001183599.3	1	2	2	1	2	3	4	3	1	2.111111111111111
NM_001178213.1	2	0	1	2	3	4	1	4	2	2.111111111111111
NM_001184533.1	0	0	0	3	1	3	5	4	4	2.2222222222222223
NM_001180144.1	0	2	2	1	4	2	2	1	6	2.2222222222222223
NM_001183785.1	0	1	0	2	4	3	3	5	2	2.2222222222222223
NM_001184381.2	0	0	0	1	3	3	6	4	3	2.2222222222222223
NM_001183247.4	0	0	0	4	3	3	3	4	3	2.2222222222222223
AI5_ALPHA	1	1	2	2	1	1	3	2	7	2.2222222222222223
NM_001184319.1	0	1	1	2	2	1	4	5	4	2.2222222222222223
NM_001184577.1	0	0	0	2	4	5	3	3	3	2.2222222222222223
NM_001179075.3	0	1	2	1	3	2	3	4	4	2.2222222222222223
NM_001178366.1	1	1	4	0	3	1	4	4	3	2.3333333333333335
NM_001182596.1	0	1	1	2	3	5	2	4	3	2.3333333333333335
NM_001183338.1	1	2	1	2	3	2	2	5	3	2.3333333333333335
NM_001184389.1	1	2	1	2	3	3	3	5	1	2.3333333333333335
NM_001183409.1	2	2	1	0	1	1	4	7	3	2.3333333333333335
NM_001183239.3	1	1	2	1	2	4	6	2	3	2.4444444444444446
NM_001181753.1	0	3	2	2	3	2	2	7	1	2.4444444444444446
NM_001184547.3	2	2	2	3	2	1	1	4	5	2.4444444444444446
NM_001180531.1	0	3	1	2	6	1	1	3	5	2.4444444444444446
NM_001178398.1	0	1	1	2	2	1	2	6	7	2.4444444444444446
NM_001184433.1	1	2	2	1	1	2	3	1	9	2.4444444444444446
NM_001181812.1	0	0	3	2	4	4	2	2	5	2.4444444444444446
NM_001183609.3	1	2	1	0	4	2	4	2	7	2.5555555555555554
NM_001184385.3	0	0	3	1	3	4	3	2	7	2.5555555555555554
NM_001178289.1	1	0	2	2	4	3	3	4	4	2.5555555555555554
NM_001179447.3	0	3	1	2	1	2	4	4	6	2.5555555555555554
NM_001178733.1	1	1	2	1	2	4	6	2	4	2.5555555555555554
BI2	2	1	1	0	2	3	5	4	5	2.5555555555555554
NM_001179988.1	0	2	2	2	0	3	3	7	4	2.5555555555555554
NM_001183602.1	0	1	1	5	2	3	3	5	4	2.6666666666666665
NM_001184327.3	2	0	1	3	4	2	1	5	6	2.6666666666666665
NM_001179538.1	0	0	2	2	2	4	3	6	5	2.6666666666666665
NM_001184112.1	0	1	0	2	1	2	6	4	8	2.6666666666666665
NM_001348849.1	0	2	2	2	5	3	3	3	4	2.6666666666666665
NM_001181070.1	0	0	2	1	4	2	4	5	6	2.6666666666666665
NM_001178633.4	0	1	3	4	3	2	5	4	2	2.6666666666666665
NM_001182537.1	1	1	2	2	3	4	2	4	5	2.6666666666666665
NM_001184411.4	0	1	3	2	2	3	3	3	7	2.6666666666666665
NM_001180812.1	0	1	1	1	1	6	3	7	4	2.6666666666666665
NM_001180561.1	0	2	2	4	3	0	6	3	5	2.7777777777777777
NM_001179316.3	1	0	1	2	3	5	5	3	5	2.7777777777777777
NM_001179152.1	1	1	4	3	2	4	4	1	5	2.7777777777777777
NM_001178367.1	1	2	1	2	3	3	4	2	7	2.7777777777777777
NM_001183597.3	0	0	0	4	3	4	4	7	3	2.7777777777777777
NM_001181472.1	0	1	2	1	3	0	7	5	6	2.7777777777777777
NM_001183301.1	2	0	3	1	2	5	5	6	1	2.7777777777777777
NM_001183428.1	0	2	5	2	1	2	4	3	6	2.7777777777777777
NM_001182688.1	1	1	1	1	1	7	5	6	3	2.888888888888889
NM_001179673.1	1	0	0	1	2	5	4	8	5	2.888888888888889
NM_001182513.1	1	0	2	3	5	2	1	6	6	2.888888888888889
NM_001184627.1	1	0	1	3	2	6	6	4	3	2.888888888888889
NM_001179564.1	1	4	2	1	5	2	5	3	3	2.888888888888889
NM_001184645.1	2	1	2	1	1	4	4	4	7	2.888888888888889
NM_001184423.4	2	2	0	2	5	3	2	5	6	3.0
NM_001180303.1	1	1	0	2	1	8	3	5	6	3.0
NM_001181273.1	0	0	1	5	3	1	8	4	5	3.0
NM_001180571.3	1	0	1	1	4	6	3	4	7	3.0
NM_001180056.2	1	2	0	2	4	4	7	3	4	3.0
NM_001310667.1	2	1	0	3	2	4	6	5	4	3.0
NM_001179074.1	1	0	3	2	2	2	6	4	7	3.0
NM_001182757.1	0	1	2	5	1	5	2	4	7	3.0
NM_001181342.1	1	0	3	4	3	2	5	4	5	3.0
NM_001181917.1	0	0	2	4	2	2	5	5	7	3.0
NM_001182580.1	1	0	0	4	3	4	5	4	6	3.0
NM_001348852.1	1	2	1	2	4	4	4	4	6	3.111111111111111
NM_001180350.3	2	1	2	1	4	1	5	4	8	3.111111111111111
NM_001178465.3	0	1	4	3	3	2	6	5	4	3.111111111111111
NM_001179659.1	1	3	1	2	5	4	6	2	4	3.111111111111111
NM_001179342.1	0	1	2	1	2	3	3	9	7	3.111111111111111
NM_001179011.3	0	2	4	1	1	5	6	3	6	3.111111111111111
NM_001182051.1	0	3	1	0	4	4	0	9	7	3.111111111111111
BI3	2	1	2	0	1	4	7	5	6	3.111111111111111
AI2	0	0	2	2	5	0	4	6	9	3.111111111111111
NM_001178182.1	0	1	3	3	3	4	4	6	5	3.2222222222222223
NM_001180526.1	0	1	2	1	4	3	5	6	7	3.2222222222222223
NM_001181875.1	0	1	3	2	3	4	4	6	6	3.2222222222222223
NM_001183025.1	0	0	2	2	4	6	3	6	6	3.2222222222222223
NM_001184318.1	0	1	1	2	1	4	4	8	8	3.2222222222222223
BI4	2	1	2	0	2	5	6	4	7	3.2222222222222223
NM_001183246.3	0	3	3	2	4	6	1	5	6	3.3333333333333335
NM_001181924.1	0	3	0	2	6	4	4	5	6	3.3333333333333335
NM_001179908.1	0	2	5	3	1	3	2	9	5	3.3333333333333335
NM_001181378.1	0	0	1	3	5	3	6	5	7	3.3333333333333335
NM_001180986.1	1	2	0	0	3	5	8	6	6	3.4444444444444446
NM_001431139.1	1	1	0	2	4	5	5	3	10	3.4444444444444446
NM_001181814.3	1	2	2	2	3	3	5	4	9	3.4444444444444446
NM_001181773.3	0	0	0	1	5	7	5	4	9	3.4444444444444446
NM_001184000.1	0	2	2	1	3	4	8	4	7	3.4444444444444446
NM_001182966.4	1	2	1	6	4	5	3	4	5	3.4444444444444446
NM_001178283.1	0	1	1	2	6	6	4	6	5	3.4444444444444446
NM_001179637.1	0	1	3	4	2	7	3	5	6	3.4444444444444446
COB	2	1	1	0	3	6	7	5	6	3.4444444444444446
NM_001184567.1	0	3	1	3	3	5	6	5	5	3.4444444444444446
NM_001178495.1	0	0	2	4	6	5	2	6	7	3.5555555555555554
NM_001178713.1	1	3	2	2	3	3	4	7	7	3.5555555555555554
NM_001179915.1	1	1	2	5	0	7	6	5	5	3.5555555555555554
NM_001184379.4	4	1	6	4	3	2	2	5	5	3.5555555555555554
NM_001183733.3	0	1	2	2	4	4	6	5	8	3.5555555555555554
NM_001183179.3	1	0	1	3	6	4	4	7	6	3.5555555555555554
NM_001184620.1	0	1	2	4	5	6	6	4	4	3.5555555555555554
YOL153C	0	3	4	3	3	5	3	6	6	3.6666666666666665
NM_001180083.1	1	0	2	1	6	5	4	7	7	3.6666666666666665
NM_001179997.1	0	1	2	2	6	5	5	6	6	3.6666666666666665
NM_001180898.2	1	0	2	4	5	3	8	5	5	3.6666666666666665
NM_001179341.3	0	1	3	3	5	3	6	11	2	3.7777777777777777
NM_001178872.1	2	4	2	3	1	3	6	6	7	3.7777777777777777
NM_001181354.3	0	1	4	1	2	5	6	7	8	3.7777777777777777
NM_001179843.3	0	0	3	1	6	4	6	7	7	3.7777777777777777
NM_001184394.2	2	0	3	3	2	4	4	7	9	3.7777777777777777
NM_001182851.1	2	3	3	0	2	6	5	7	7	3.888888888888889
NM_001179308.1	1	2	4	2	5	4	5	5	7	3.888888888888889
NM_001179254.1	1	1	5	1	2	3	6	6	10	3.888888888888889
NM_001180682.3	1	1	5	3	5	1	7	3	9	3.888888888888889
NM_001181421.3	0	0	1	4	2	4	7	7	10	3.888888888888889
NM_001179422.3	2	1	2	5	4	4	2	7	8	3.888888888888889
NM_001178809.1	0	3	1	3	5	5	3	9	6	3.888888888888889
NM_001180229.1	1	1	2	1	2	8	5	6	10	4.0
NM_001181862.1	0	1	4	0	3	4	4	9	11	4.0
NM_001270744.1	1	2	3	4	4	2	6	7	7	4.0
NM_001179549.3	0	1	2	3	2	7	5	11	5	4.0
NM_001182554.1	1	2	2	3	4	1	9	9	5	4.0
NM_001182830.2	1	3	3	2	5	4	5	6	8	4.111111111111111
NM_001183241.1	0	2	3	5	3	8	3	7	6	4.111111111111111
NM_001182195.1	0	1	4	2	6	5	5	6	8	4.111111111111111
NM_001181478.1	1	1	4	8	6	3	4	4	6	4.111111111111111
NM_001181872.1	0	2	5	3	3	4	7	3	10	4.111111111111111
NM_001179840.1	1	2	4	3	4	7	2	7	7	4.111111111111111
NM_001181216.3	1	2	2	3	3	3	8	6	10	4.222222222222222
NM_001183656.3	0	1	4	1	6	7	4	5	10	4.222222222222222
NM_001182446.1	2	1	4	3	6	9	5	3	5	4.222222222222222
NM_001180282.1	0	0	1	4	6	7	5	8	7	4.222222222222222
NM_001180946.1	2	3	0	3	3	6	6	9	6	4.222222222222222
NM_001181845.1	0	2	2	3	4	8	4	8	7	4.222222222222222
NM_001184427.2	1	2	0	3	4	5	4	8	11	4.222222222222222
NM_001180550.3	0	0	2	6	8	5	4	6	7	4.222222222222222
NM_001270749.1	1	4	3	5	5	3	5	6	7	4.333333333333333
NM_001181941.1	0	2	1	5	4	6	7	7	7	4.333333333333333
NM_001178588.3	1	1	2	5	3	6	6	10	5	4.333333333333333
COX3	2	1	3	8	3	3	7	5	7	4.333333333333333
NM_001181117.1	1	1	3	4	3	8	5	7	7	4.333333333333333
COX1	0	1	4	2	3	4	9	6	10	4.333333333333333
NM_001184421.2	1	2	0	3	3	6	4	9	12	4.444444444444445
NM_001184037.1	1	1	1	3	4	5	8	8	9	4.444444444444445
NM_001179374.3	0	0	2	4	5	4	5	7	13	4.444444444444445
NM_001179512.1	1	2	6	4	5	4	5	4	9	4.444444444444445
NM_001183758.1	1	0	2	5	5	7	6	7	8	4.555555555555555
NM_001179912.1	0	0	4	1	5	6	5	8	13	4.666666666666667
NM_001179782.1	2	3	3	2	4	5	3	10	10	4.666666666666667
NM_001183848.1	2	1	4	5	3	3	6	9	9	4.666666666666667
NM_001184254.1	0	2	3	3	5	6	10	7	6	4.666666666666667
NM_001183526.3	1	3	2	3	3	7	9	8	6	4.666666666666667
NM_001183596.1	1	2	1	5	6	5	7	9	7	4.777777777777778
NM_001183235.1	1	2	5	6	5	4	6	8	6	4.777777777777778
NM_001179514.1	0	2	5	3	7	3	7	7	9	4.777777777777778
NM_001179387.3	0	2	1	5	3	8	6	9	9	4.777777777777778
NM_001181661.1	1	4	6	1	4	6	8	5	8	4.777777777777778
NM_001182778.1	0	2	2	2	6	9	6	9	7	4.777777777777778
NM_001179550.3	0	1	2	6	4	7	10	7	7	4.888888888888889
NM_001178945.1	1	2	2	5	8	10	5	5	6	4.888888888888889
NM_001182200.1	0	1	3	4	7	6	7	9	7	4.888888888888889
NM_001179069.1	0	2	2	6	9	4	4	7	10	4.888888888888889
NM_001178393.2	0	4	1	2	2	7	8	10	10	4.888888888888889
NM_001181594.1	2	1	2	4	7	4	9	8	8	5.0
NM_001180711.1	0	2	4	5	6	5	5	8	10	5.0
NM_001180098.1	2	3	2	4	3	8	7	8	8	5.0
OLI1	1	0	3	4	7	8	6	5	12	5.111111111111111
NM_001179936.1	0	3	1	5	4	7	5	12	10	5.222222222222222
NM_001180581.3	0	3	4	5	6	10	6	7	6	5.222222222222222
NM_001178805.1	0	4	1	2	2	9	9	10	11	5.333333333333333
NM_001183962.1	1	4	3	5	5	8	5	8	9	5.333333333333333
NM_001180317.1	0	1	1	3	7	6	9	10	11	5.333333333333333
NM_001179887.3	1	3	3	6	8	7	4	9	8	5.444444444444445
NM_001178956.3	0	4	2	6	8	9	6	8	6	5.444444444444445
NM_001180168.1	1	4	4	6	5	4	8	9	9	5.555555555555555
NM_001180961.1	1	1	2	1	4	7	11	11	12	5.555555555555555
NM_001184613.1	1	1	2	6	5	5	10	8	12	5.555555555555555
NM_001270759.1	0	2	5	1	8	6	6	12	10	5.555555555555555
NM_001181719.1	1	5	4	3	5	8	8	8	8	5.555555555555555
NM_001348846.1	0	0	5	7	6	9	7	9	7	5.555555555555555
NM_001181182.3	0	1	2	2	7	6	10	10	13	5.666666666666667
NM_001179896.1	2	2	4	6	6	9	7	8	7	5.666666666666667
NM_001270754.1	0	4	5	2	9	7	5	11	8	5.666666666666667
NM_001179754.1	1	2	7	5	6	7	9	7	7	5.666666666666667
NM_001181096.1	1	2	4	8	4	8	5	11	9	5.777777777777778
NM_001182548.1	2	2	6	5	5	7	7	7	11	5.777777777777778
NM_001184102.1	2	5	4	1	3	9	8	9	11	5.777777777777778
NM_001270753.1	0	3	3	6	5	11	6	9	10	5.888888888888889
NM_001183170.1	2	2	6	3	3	6	8	11	12	5.888888888888889
NM_001184098.1	1	2	3	4	7	5	9	11	11	5.888888888888889
NM_001182412.1	0	3	4	4	4	7	11	10	10	5.888888888888889
NM_001182481.1	1	3	4	3	4	3	11	11	13	5.888888888888889
NM_001181891.1	5	3	5	6	4	5	10	8	7	5.888888888888889
NM_001184591.1	2	0	5	2	6	11	7	9	12	6.0
NM_001348842.1	1	0	3	8	6	6	9	8	13	6.0
ATP6	0	1	7	4	8	7	8	12	8	6.111111111111111
NM_001179122.1	1	0	4	5	5	8	7	14	11	6.111111111111111
NM_001181876.1	1	2	5	6	3	5	7	12	14	6.111111111111111
NM_001182114.1	1	3	2	5	8	5	11	9	11	6.111111111111111
NM_001179554.1	0	0	3	2	6	7	13	10	14	6.111111111111111
NM_001183611.3	1	2	2	5	10	10	6	7	12	6.111111111111111
NM_001180270.1	0	0	2	4	12	7	11	9	11	6.222222222222222
NM_001184214.1	2	3	4	5	5	4	6	13	14	6.222222222222222
NM_001184681.1	0	3	3	4	6	7	12	11	10	6.222222222222222
NM_001179096.1	1	3	4	3	6	7	6	13	13	6.222222222222222
NM_001179551.1	0	1	6	6	4	6	6	13	14	6.222222222222222
COX2	4	1	3	3	7	10	8	8	13	6.333333333333333
NM_001184687.1	1	5	6	4	9	4	5	13	10	6.333333333333333
NM_001184408.2	1	1	3	3	8	8	12	11	10	6.333333333333333
NM_001178845.1	1	1	4	4	6	10	13	11	7	6.333333333333333
NM_001178887.1	1	1	5	1	7	6	14	9	13	6.333333333333333
NM_001182858.3	2	3	3	2	5	13	10	12	8	6.444444444444445
NM_001178204.1	1	2	5	5	8	10	5	8	14	6.444444444444445
NM_001184386.2	0	2	6	1	5	12	9	9	14	6.444444444444445
NM_001179102.1	3	1	1	6	9	10	11	7	10	6.444444444444445
NM_001181647.1	0	6	4	7	7	6	8	9	12	6.555555555555555
NM_001348829.1	1	3	4	5	5	9	9	13	10	6.555555555555555
NM_001181260.1	2	2	4	5	5	9	11	6	15	6.555555555555555
NM_001178496.3	0	3	3	6	8	8	9	10	13	6.666666666666667
NM_001180378.1	2	5	3	9	5	8	7	11	10	6.666666666666667
NM_001182872.3	2	3	3	2	6	13	10	13	8	6.666666666666667
NM_001184390.4	1	2	2	10	7	5	8	17	8	6.666666666666667
NM_001181593.1	1	2	5	9	4	7	7	15	11	6.777777777777778
NM_001181471.3	0	3	5	7	7	5	12	11	11	6.777777777777778
NM_001178812.1	4	3	6	5	7	5	7	12	12	6.777777777777778
NM_001179744.1	0	4	4	7	6	5	11	11	13	6.777777777777778
NM_001181968.1	0	2	3	7	10	3	11	11	15	6.888888888888889
NM_001178530.3	2	1	3	7	9	7	7	12	14	6.888888888888889
NM_001184446.3	1	2	2	9	5	11	11	10	11	6.888888888888889
NM_001179104.1	2	1	5	5	11	4	11	13	11	7.0
NM_001184447.3	1	3	2	4	8	8	12	13	12	7.0
NM_001183748.1	2	4	4	2	12	6	9	11	13	7.0
NM_001184539.1	1	2	3	5	8	8	12	11	13	7.0
NM_001181428.1	3	3	4	5	8	9	8	11	13	7.111111111111111
NM_001181586.1	1	3	5	5	2	10	12	13	13	7.111111111111111
NM_001348855.1	1	1	3	5	12	11	11	6	15	7.222222222222222
NM_001178632.3	1	1	5	5	9	11	13	10	10	7.222222222222222
NM_001180308.1	0	4	5	6	9	8	8	10	15	7.222222222222222
NM_001179494.1	0	4	10	5	12	8	12	6	9	7.333333333333333
NM_001179787.1	0	2	2	9	8	8	10	12	15	7.333333333333333
NM_001183049.1	2	3	3	8	7	12	7	8	17	7.444444444444445
NM_001179848.1	1	1	5	7	8	7	14	17	7	7.444444444444445
NM_001183407.1	1	5	3	3	5	9	16	12	13	7.444444444444445
NM_001181239.3	1	4	6	9	6	9	7	15	11	7.555555555555555
NM_001184298.1	1	2	6	7	11	16	8	8	9	7.555555555555555
NM_001180264.1	1	3	4	5	9	13	12	14	8	7.666666666666667
NM_001183169.1	0	1	6	11	8	5	11	13	15	7.777777777777778
NM_001184641.1	0	0	4	5	6	8	14	19	14	7.777777777777778
NM_001270761.1	0	1	9	6	4	11	15	9	15	7.777777777777778
NM_001179698.1	1	9	6	10	12	5	6	9	12	7.777777777777778
NM_001182567.1	2	1	4	5	5	14	13	14	12	7.777777777777778
NM_001183438.1	1	2	6	4	4	13	15	11	14	7.777777777777778
NM_001181979.1	2	2	5	4	8	11	10	16	13	7.888888888888889
NM_001183961.1	0	3	8	6	7	8	12	12	15	7.888888888888889
NM_001181766.1	4	3	2	9	4	7	14	14	15	8.0
NM_001181353.3	3	5	3	3	8	7	13	17	14	8.11111111111111
NM_001179423.1	2	2	3	3	10	14	13	15	11	8.11111111111111
NM_001270755.1	2	4	5	7	7	8	17	13	10	8.11111111111111
NM_001183801.1	2	5	2	3	5	10	14	10	22	8.11111111111111
NM_001348840.1	0	5	3	8	10	13	10	11	13	8.11111111111111
NM_001179963.1	0	3	7	8	8	8	9	17	14	8.222222222222221
NM_001181011.1	3	1	4	9	7	9	15	12	14	8.222222222222221
NM_001395034.1	1	7	6	6	5	12	12	11	14	8.222222222222221
NM_001180291.1	1	2	8	8	8	7	11	17	12	8.222222222222221
NM_001180414.1	2	3	7	6	7	8	12	16	13	8.222222222222221
NM_001180035.1	4	6	6	6	7	10	13	8	15	8.333333333333334
NM_001178957.1	1	1	7	6	10	5	16	13	16	8.333333333333334
NM_001181196.4	4	2	3	4	11	12	10	11	18	8.333333333333334
NM_001183831.1	2	5	5	3	11	9	10	15	16	8.444444444444445
NM_001179106.1	1	2	5	6	9	13	14	11	15	8.444444444444445
NM_001184110.1	0	3	5	7	8	14	12	15	12	8.444444444444445
NM_001183417.1	6	3	4	11	7	13	12	12	8	8.444444444444445
NM_001183468.1	0	3	6	12	9	8	9	14	15	8.444444444444445
NM_001179468.1	1	4	7	7	12	8	12	10	15	8.444444444444445
NM_001178197.1	0	6	4	5	7	12	12	12	20	8.666666666666666
NM_001178476.1	1	2	5	12	5	10	13	17	13	8.666666666666666
NM_001180848.1	3	4	5	4	12	12	14	12	13	8.777777777777779
NM_001180567.3	2	3	8	5	5	14	14	10	19	8.88888888888889
NM_001182341.3	2	7	2	11	6	16	8	13	15	8.88888888888889
NM_001184044.1	2	2	4	4	10	12	16	12	18	8.88888888888889
NM_001178551.2	0	4	6	5	13	9	12	11	20	8.88888888888889
NM_001182400.1	0	3	8	4	11	12	9	14	19	8.88888888888889
NM_001180625.3	1	4	8	7	13	7	12	11	17	8.88888888888889
NM_001179461.1	1	3	8	5	10	9	10	17	18	9.0
NM_001179851.3	0	3	3	7	12	6	10	21	19	9.0
NM_001182982.1	1	2	7	7	9	8	17	12	19	9.11111111111111
NM_001183429.1	0	4	4	11	2	14	12	20	15	9.11111111111111
NM_001180928.4	3	3	8	9	10	9	9	16	16	9.222222222222221
NM_001182168.1	1	5	6	5	9	13	18	13	14	9.333333333333334
NM_001181957.1	3	4	7	8	6	11	13	14	19	9.444444444444445
NM_001182680.1	1	2	4	6	9	11	20	14	18	9.444444444444445
NM_001179145.1	3	3	4	7	12	11	13	15	18	9.555555555555555
NM_001183250.3	1	2	3	9	7	16	12	14	22	9.555555555555555
NM_001183268.1	1	4	7	8	8	12	14	16	18	9.777777777777779
NM_001182052.1	1	4	5	7	7	14	19	10	22	9.88888888888889
NM_001179553.3	3	3	5	5	12	12	12	19	19	10.0
NM_001180593.1	1	4	6	6	13	13	10	17	20	10.0
NM_001179356.1	2	3	7	4	11	13	13	16	21	10.0
NM_001183981.1	3	3	6	8	8	18	18	12	15	10.11111111111111
NM_001180386.1	3	3	9	6	7	11	14	18	20	10.11111111111111
NM_001178720.1	2	3	7	10	11	11	16	13	18	10.11111111111111
NM_001179831.1	1	5	3	8	13	9	21	15	16	10.11111111111111
NM_001181049.3	2	3	7	9	11	12	15	16	17	10.222222222222221
NM_001184524.1	2	3	4	9	10	15	20	14	15	10.222222222222221
NM_001181694.3	1	2	6	10	6	15	10	17	25	10.222222222222221
NM_001181536.1	2	7	5	6	12	11	17	16	17	10.333333333333334
NM_001182531.1	2	1	7	11	13	17	12	11	19	10.333333333333334
NM_001270739.1	3	3	3	12	5	15	13	19	21	10.444444444444445
NM_001184437.3	1	5	5	11	11	11	14	15	22	10.555555555555555
NM_001184332.1	0	4	6	7	10	11	16	18	23	10.555555555555555
NM_001184091.1	4	2	6	6	7	19	20	14	18	10.666666666666666
NM_001183592.1	2	5	13	7	10	12	12	18	17	10.666666666666666
NM_001182299.3	4	3	4	9	11	7	17	25	16	10.666666666666666
NM_001182551.1	1	6	3	8	17	11	14	16	20	10.666666666666666
NM_001180583.1	2	10	4	8	11	15	12	15	20	10.777777777777779
NM_001184444.1	3	2	3	8	14	13	20	17	17	10.777777777777779
NM_001178417.1	2	10	10	9	11	13	10	13	19	10.777777777777779
NM_001182848.3	2	7	5	11	14	10	10	24	14	10.777777777777779
NM_001179522.1	3	2	10	5	11	13	15	14	24	10.777777777777779
NM_001179086.1	2	3	6	11	11	19	11	13	21	10.777777777777779
NM_001181657.1	3	2	10	5	11	13	15	14	24	10.777777777777779
NM_001178173.1	2	3	4	11	8	11	18	22	19	10.88888888888889
NM_001183985.1	1	5	7	8	13	14	13	12	25	10.88888888888889
NM_001179987.3	2	2	9	6	14	12	17	17	19	10.88888888888889
NM_001180108.1	3	3	9	10	10	13	15	21	15	11.0
NM_001180433.3	3	1	11	12	7	13	19	12	21	11.0
NM_001178808.1	2	4	4	7	11	13	23	15	20	11.0
NM_001182547.2	2	4	10	11	12	15	13	13	19	11.0
NM_001183948.1	0	3	8	6	13	16	15	17	22	11.11111111111111
NM_001180390.1	3	4	7	6	10	15	15	18	22	11.11111111111111
NM_001178618.2	1	3	6	11	12	8	16	23	21	11.222222222222221
NM_001179437.1	2	3	5	11	14	8	17	12	29	11.222222222222221
NM_001184387.1	2	6	7	10	12	16	13	19	16	11.222222222222221
NM_001184127.1	0	6	5	12	8	15	17	20	18	11.222222222222221
NM_001179699.2	2	7	6	5	14	11	20	17	20	11.333333333333334
NM_001181330.3	3	9	5	7	13	12	18	15	21	11.444444444444445
NM_001178915.1	1	2	8	13	15	14	13	15	24	11.666666666666666
NM_001184676.3	4	3	9	13	9	14	14	19	20	11.666666666666666
NM_001179345.3	5	6	6	7	11	10	21	22	18	11.777777777777779
NM_001183902.1	5	6	3	12	14	11	16	21	19	11.88888888888889
NM_001182930.1	3	7	7	7	12	20	19	18	14	11.88888888888889
NM_001182563.1	3	5	6	11	13	15	14	23	17	11.88888888888889
NM_001184293.1	4	3	8	6	9	19	15	18	25	11.88888888888889
NM_001183172.1	1	6	5	6	8	14	22	23	22	11.88888888888889
NM_001180118.1	2	4	6	7	15	12	19	21	21	11.88888888888889
NM_001184158.1	2	4	9	7	11	12	22	23	18	12.0
NM_001183410.1	2	4	8	10	11	17	18	18	21	12.11111111111111
NM_001183556.3	4	5	5	16	9	12	16	19	23	12.11111111111111
NM_001180955.1	2	3	11	7	14	11	14	21	26	12.11111111111111
NM_001179284.1	1	4	8	10	11	18	16	17	24	12.11111111111111
NM_001181129.1	1	5	6	5	11	17	21	22	21	12.11111111111111
NM_001181431.2	1	5	5	12	12	16	16	18	25	12.222222222222221
NM_001179315.1	2	8	7	4	15	15	20	18	21	12.222222222222221
NM_001181225.3	1	8	9	8	9	16	16	25	19	12.333333333333334
NM_001182980.1	4	4	8	11	13	15	22	19	15	12.333333333333334
NM_001183368.1	1	2	5	10	15	14	18	26	21	12.444444444444445
NM_001179270.1	0	5	5	8	15	17	25	19	18	12.444444444444445
NM_001178709.1	2	6	7	4	20	16	14	21	23	12.555555555555555
NM_001182207.2	2	6	10	11	15	15	15	20	19	12.555555555555555
NM_001181250.3	2	5	7	5	12	18	23	18	23	12.555555555555555
NM_001181181.1	1	4	11	12	9	19	23	14	20	12.555555555555555
NM_001182787.1	5	6	6	10	11	20	17	18	20	12.555555555555555
NM_001178987.1	1	4	7	14	12	14	20	21	21	12.666666666666666
NM_001182185.1	5	10	6	13	9	9	16	21	25	12.666666666666666
NM_001182120.1	3	7	8	18	9	12	11	19	27	12.666666666666666
NM_001183422.1	5	8	8	10	13	16	18	18	19	12.777777777777779
NM_001184527.1	2	7	9	10	14	14	15	19	26	12.88888888888889
NM_001182984.3	0	6	11	7	14	12	20	22	24	12.88888888888889
NM_001182039.1	2	9	6	13	10	13	18	21	25	13.0
NM_001182663.1	2	7	7	10	14	13	18	23	24	13.11111111111111
NM_001180493.1	3	6	11	10	13	12	18	28	18	13.222222222222221
NM_001178239.1	4	5	11	8	20	23	15	17	16	13.222222222222221
NM_001179859.3	3	5	9	7	20	6	19	26	24	13.222222222222221
NM_001179363.1	2	5	6	10	8	17	23	22	27	13.333333333333334
NM_001182138.1	2	6	10	12	6	22	18	26	19	13.444444444444445
NM_001178226.1	1	6	10	11	15	14	16	21	27	13.444444444444445
NM_001179320.3	5	5	6	14	12	15	19	18	27	13.444444444444445
NM_001181282.2	1	8	5	12	12	17	16	24	26	13.444444444444445
NM_001178856.1	3	4	9	11	12	15	20	23	25	13.555555555555555
NM_001182158.1	2	9	3	17	10	12	25	23	21	13.555555555555555
NM_001180622.1	3	8	6	9	15	15	16	24	27	13.666666666666666
NM_001184397.1	2	4	12	9	12	21	18	21	25	13.777777777777779
NM_001183809.3	4	3	6	10	9	19	22	22	29	13.777777777777779
NM_001182319.1	4	8	8	8	15	10	23	21	27	13.777777777777779
NM_001305015.2	5	9	13	10	15	10	17	24	23	14.0
NM_001182566.1	1	7	12	6	13	18	18	21	30	14.0
NM_001184078.1	4	4	7	12	12	21	21	25	21	14.11111111111111
NM_001178567.3	3	4	8	16	16	17	20	20	23	14.11111111111111
NM_001179480.1	2	7	9	11	14	19	17	22	26	14.11111111111111
NM_001182358.1	2	6	8	12	13	17	12	29	28	14.11111111111111
NM_001179913.1	3	8	9	10	14	16	17	22	28	14.11111111111111
NM_001183234.1	4	5	11	15	12	16	25	17	22	14.11111111111111
NM_001183337.1	0	6	11	9	12	18	24	27	21	14.222222222222221
NM_001183800.3	2	2	9	15	12	19	21	18	30	14.222222222222221
NM_001178532.3	5	5	4	12	14	19	15	29	25	14.222222222222221
NM_001270745.1	3	4	5	16	13	15	22	23	28	14.333333333333334
NM_001179124.1	4	1	10	9	11	21	23	26	24	14.333333333333334
SDL1	5	3	5	15	12	17	16	27	29	14.333333333333334
NM_001182265.1	2	6	12	12	11	21	18	22	25	14.333333333333334
NM_001178802.1	3	6	12	11	9	16	18	23	32	14.444444444444445
NM_001183431.1	3	10	7	15	11	16	23	29	17	14.555555555555555
NM_001181385.3	6	10	7	13	17	20	19	18	21	14.555555555555555
NM_001180384.3	1	6	11	12	15	19	19	24	25	14.666666666666666
NM_001178928.1	1	9	13	14	15	14	18	22	26	14.666666666666666
NM_001182235.1	4	4	8	17	13	20	21	22	23	14.666666666666666
NM_001183166.1	6	5	15	8	16	12	30	17	24	14.777777777777779
NM_001181618.1	3	7	14	9	11	19	19	25	26	14.777777777777779
NM_001179116.1	6	10	6	11	15	17	22	21	25	14.777777777777779
NM_001183886.1	1	8	4	12	14	17	24	26	27	14.777777777777779
NM_001178700.1	6	7	11	16	13	21	17	23	19	14.777777777777779
NM_001179043.1	4	5	10	9	17	16	20	24	28	14.777777777777779
NM_001178269.1	4	4	12	11	14	20	18	23	27	14.777777777777779
NM_001180034.1	2	1	11	11	9	22	21	28	29	14.88888888888889
NM_001183115.1	0	5	9	10	17	24	24	19	26	14.88888888888889
NM_001181416.3	2	9	8	10	13	21	17	28	26	14.88888888888889
NM_001178906.3	6	4	7	11	15	20	21	23	27	14.88888888888889
NM_001183539.1	3	7	4	17	14	18	25	20	27	15.0
NM_001178854.1	2	4	5	12	17	28	22	26	19	15.0
NM_001184398.2	2	5	13	11	13	22	20	22	27	15.0
NM_001183297.1	1	4	7	15	9	21	25	29	24	15.0
NM_001179727.1	1	4	5	11	15	23	26	22	28	15.0
NM_001179178.1	5	3	10	13	13	20	23	23	27	15.222222222222221
NM_001183117.1	3	5	6	12	20	15	17	26	33	15.222222222222221
NM_001179539.3	4	7	7	9	16	21	19	24	30	15.222222222222221
NM_001179888.1	4	1	11	11	12	21	17	29	32	15.333333333333334
NM_001182519.1	2	9	10	12	12	21	22	23	27	15.333333333333334
NM_001179307.3	3	3	7	11	18	21	24	24	28	15.444444444444445
NM_001183040.1	4	4	10	16	15	17	25	23	25	15.444444444444445
NM_001183367.1	2	7	9	14	11	20	25	23	28	15.444444444444445
NM_001181040.1	4	2	18	13	15	18	26	22	22	15.555555555555555
NM_001181817.1	8	7	11	17	16	24	15	20	22	15.555555555555555
NM_001183033.1	3	6	12	14	14	12	33	19	27	15.555555555555555
NM_001183798.1	2	8	12	12	14	17	23	24	29	15.666666666666666
NM_001179799.1	3	6	11	13	19	14	20	28	27	15.666666666666666
NM_001181880.1	3	8	11	12	18	21	20	26	22	15.666666666666666
NM_001181665.1	0	6	8	13	23	16	23	27	26	15.777777777777779
NM_001181372.1	4	8	11	12	15	21	28	18	25	15.777777777777779
NM_001180107.1	2	5	10	15	14	22	22	28	24	15.777777777777779
NM_001180393.1	1	8	7	16	19	15	18	27	31	15.777777777777779
NM_001180266.1	3	4	9	18	15	20	24	23	27	15.88888888888889
NM_001184083.1	1	4	7	16	16	17	28	25	30	16.0
NM_001183236.3	4	9	7	14	19	21	17	26	27	16.0
NM_001181199.2	4	12	8	14	18	17	21	23	27	16.0
NM_001181459.1	2	6	10	12	19	18	17	27	33	16.0
NM_001179652.1	3	7	9	11	5	21	22	26	40	16.0
NM_001181577.1	6	3	14	14	18	22	19	22	27	16.11111111111111
NM_001179536.3	4	3	8	10	19	19	29	26	27	16.11111111111111
NM_001184435.3	2	6	5	13	21	15	26	25	32	16.11111111111111
NM_001181521.1	5	6	5	16	20	16	22	24	32	16.22222222222222
NM_001182863.1	4	8	7	11	12	20	25	26	33	16.22222222222222
NM_001270748.1	0	3	11	13	17	17	23	29	34	16.333333333333332
NM_001183481.1	5	8	10	12	13	23	25	19	32	16.333333333333332
NM_001183988.1	3	10	11	12	21	15	21	27	27	16.333333333333332
NM_001178565.1	3	7	11	15	21	17	19	23	32	16.444444444444443
NM_001181551.1	4	8	9	19	17	21	23	23	24	16.444444444444443
NM_001181897.1	2	5	14	16	14	23	18	22	34	16.444444444444443
NM_001179325.1	2	7	9	14	20	21	14	27	34	16.444444444444443
NM_001178932.2	3	4	11	8	16	19	24	29	34	16.444444444444443
NM_001184250.1	6	6	12	11	14	22	22	22	35	16.666666666666668
NM_001183181.1	3	4	4	9	17	25	25	30	33	16.666666666666668
NM_001184686.1	6	7	9	8	17	22	25	21	35	16.666666666666668
NM_001181596.1	1	8	10	15	13	15	30	35	24	16.77777777777778
NM_001183243.3	2	7	13	13	16	15	28	24	33	16.77777777777778
NM_001178455.3	3	10	9	11	17	17	26	31	27	16.77777777777778
NM_001179112.1	8	4	7	17	13	28	23	27	24	16.77777777777778
NM_001181549.1	2	6	12	12	26	20	27	25	21	16.77777777777778
NM_001182160.1	3	4	12	14	11	21	23	33	31	16.88888888888889
NM_001184671.1	2	5	8	14	22	16	30	25	31	17.0
NM_001184099.1	1	7	9	15	17	17	25	28	34	17.0
NM_001182521.1	4	9	17	11	11	18	27	23	33	17.0
NM_001179982.1	5	5	10	16	16	20	30	25	26	17.0
NM_001431137.1	4	8	9	19	15	20	19	23	36	17.0
NM_001183255.1	9	6	12	10	17	18	25	22	36	17.22222222222222
NM_001182687.1	3	9	9	12	24	19	21	26	33	17.333333333333332
NM_001184388.4	2	6	11	17	17	21	21	35	26	17.333333333333332
NM_001182202.2	2	12	9	14	19	20	28	28	24	17.333333333333332
NM_001179449.1	5	10	10	16	20	18	23	29	26	17.444444444444443
NM_001184439.1	6	9	10	14	13	23	25	27	31	17.555555555555557
NM_001181417.1	4	10	15	16	17	17	27	26	27	17.666666666666668
NM_001181967.1	2	6	13	13	17	27	24	31	27	17.77777777777778
NM_001181793.1	5	6	13	13	21	23	25	27	27	17.77777777777778
NM_001184264.1	1	8	8	10	12	26	26	26	44	17.88888888888889
NM_001182334.1	5	4	12	15	14	18	32	29	33	18.0
NM_001179165.1	4	4	13	14	22	28	23	30	24	18.0
NM_001181001.1	6	5	9	15	20	24	27	26	30	18.0
NM_001179018.3	4	8	12	14	13	20	29	30	33	18.11111111111111
NM_001178335.1	4	7	12	17	16	23	19	36	29	18.11111111111111
NM_001184409.1	5	8	12	13	9	23	28	32	33	18.11111111111111
NM_001180257.1	5	9	9	9	22	17	29	28	36	18.22222222222222
NM_001181191.1	2	6	10	18	16	19	24	32	37	18.22222222222222
NM_001181377.3	2	7	14	13	18	23	22	29	36	18.22222222222222
NM_001182133.1	5	6	16	10	19	21	24	31	34	18.444444444444443
NM_001178224.1	5	8	14	20	14	18	22	31	35	18.555555555555557
NM_001178820.3	4	7	6	12	17	21	26	36	38	18.555555555555557
NM_001182100.1	4	9	13	9	15	26	22	33	36	18.555555555555557
NM_001183612.3	5	5	10	15	16	18	37	26	35	18.555555555555557
NM_001181217.1	6	5	11	13	13	25	33	30	32	18.666666666666668
NM_001179785.1	1	7	6	11	21	24	37	29	32	18.666666666666668
NM_001182561.1	6	7	7	16	21	22	28	30	31	18.666666666666668
NM_001184652.1	9	7	9	13	16	25	21	29	39	18.666666666666668
NM_001183677.1	9	8	12	10	17	21	33	29	29	18.666666666666668
NM_001180254.1	6	6	14	22	19	27	19	34	22	18.77777777777778
NM_001184182.1	3	8	17	16	16	23	24	29	33	18.77777777777778
NM_001182427.1	4	4	11	16	22	18	28	36	31	18.88888888888889
NM_001181350.2	3	8	10	16	15	24	29	33	32	18.88888888888889
NM_001183075.1	0	7	10	13	22	26	25	28	39	18.88888888888889
NM_001179561.3	2	10	14	15	16	24	21	36	32	18.88888888888889
NM_001181697.1	1	6	7	20	19	24	33	30	31	19.0
NM_001180640.3	1	9	12	13	20	19	30	30	37	19.0
NM_001179005.1	3	9	10	13	21	23	27	31	34	19.0
NM_001183708.1	7	4	10	12	21	22	24	28	43	19.0
NM_001178949.1	2	11	9	24	19	15	30	27	35	19.11111111111111
NM_001184071.1	3	7	11	12	11	32	24	29	43	19.11111111111111
NM_001181736.3	1	7	11	18	20	19	23	34	40	19.22222222222222
NM_001180434.1	1	8	12	15	20	24	29	29	35	19.22222222222222
NM_001178967.3	1	12	15	16	16	27	27	26	33	19.22222222222222
NM_001182345.3	2	9	12	8	21	25	29	25	43	19.333333333333332
NM_001181580.1	5	3	13	19	21	27	26	32	28	19.333333333333332
NM_001183068.1	2	9	14	12	21	22	26	35	34	19.444444444444443
NM_001180080.1	4	10	14	14	22	24	25	32	30	19.444444444444443
NM_001179048.1	11	11	13	21	14	20	22	29	34	19.444444444444443
NM_001182759.1	3	6	13	14	23	28	25	28	36	19.555555555555557
NM_001180589.1	2	11	12	13	14	24	33	35	32	19.555555555555557
NM_001180271.1	7	6	13	11	22	18	31	33	35	19.555555555555557
NM_001182764.1	4	11	12	11	27	20	24	33	35	19.666666666666668
NM_001180163.1	2	9	11	18	22	25	22	34	34	19.666666666666668
NM_001180854.3	9	6	11	11	21	23	28	32	37	19.77777777777778
NM_001184656.1	2	10	10	22	17	24	30	25	38	19.77777777777778
NM_001184165.1	4	9	13	16	25	21	27	30	33	19.77777777777778
NM_001182029.1	6	8	11	13	24	23	26	29	39	19.88888888888889
NM_001180338.3	5	7	12	12	10	28	30	35	41	20.0
NM_001184412.1	5	10	10	23	11	30	26	30	35	20.0
NM_001180623.3	4	1	16	17	17	28	26	33	38	20.0
NM_001182402.2	5	10	10	23	11	30	26	30	35	20.0
NM_001183108.1	3	8	7	10	24	23	32	34	39	20.0
NM_001179210.1	3	8	9	15	24	24	26	32	40	20.11111111111111
NM_001181978.1	2	9	10	22	13	27	28	35	35	20.11111111111111
NM_001184675.3	4	4	14	15	19	22	34	36	33	20.11111111111111
NM_001183819.1	2	6	10	10	28	27	35	34	29	20.11111111111111
NM_001178253.1	5	15	9	16	21	24	24	37	30	20.11111111111111
NM_001181019.1	5	4	15	14	26	24	24	33	36	20.11111111111111
NM_001184471.3	8	9	11	13	16	26	29	35	35	20.22222222222222
NM_001183307.1	5	12	8	18	16	24	38	29	33	20.333333333333332
NM_001179500.1	3	12	14	12	18	27	27	31	39	20.333333333333332
NM_001348811.1	3	6	13	13	22	22	28	34	42	20.333333333333332
NM_001179098.1	3	5	14	15	24	25	30	37	31	20.444444444444443
NM_001180198.1	8	8	12	17	20	27	34	25	33	20.444444444444443
NM_001182659.1	3	5	12	15	18	24	29	34	44	20.444444444444443
NM_001180374.1	7	11	13	18	17	25	32	33	29	20.555555555555557
NM_001183242.1	3	10	17	18	20	19	29	27	42	20.555555555555557
NM_001178797.2	2	10	9	19	22	27	28	36	35	20.88888888888889
NM_001180298.1	3	10	5	20	28	27	29	32	34	20.88888888888889
NM_001182154.1	3	7	9	15	25	26	35	29	39	20.88888888888889
NM_001181565.1	3	6	16	26	24	20	20	39	35	21.0
NM_001178225.1	4	11	14	18	20	23	24	42	33	21.0
NM_001180910.3	8	3	13	15	26	26	31	32	35	21.0
NM_001181041.1	5	6	16	15	22	24	33	35	34	21.11111111111111
NM_001184436.2	3	10	9	15	26	18	36	29	44	21.11111111111111
NM_001179482.3	3	6	12	11	17	25	36	34	46	21.11111111111111
NM_001180237.1	4	10	14	12	27	23	29	33	38	21.11111111111111
NM_001183072.1	3	11	8	21	22	24	28	34	39	21.11111111111111
NM_001180467.1	2	7	11	15	24	31	32	33	36	21.22222222222222
NM_001183237.1	3	7	10	20	22	24	31	37	37	21.22222222222222
NM_001348839.1	2	8	13	19	24	19	32	36	38	21.22222222222222
NM_001178644.1	7	9	15	19	26	24	25	34	34	21.444444444444443
NM_001305014.1	5	8	14	19	15	29	37	33	33	21.444444444444443
NM_001183359.1	5	9	14	20	24	28	24	29	40	21.444444444444443
NM_001183479.1	4	7	18	16	21	32	36	28	33	21.666666666666668
NM_001182036.1	4	9	16	18	23	29	25	38	33	21.666666666666668
NM_001181341.3	3	12	14	15	30	24	29	29	39	21.666666666666668
NM_001178989.1	12	9	11	23	17	22	26	36	39	21.666666666666668
NM_001182657.1	6	9	11	15	18	24	34	41	38	21.77777777777778
NM_001182344.1	5	7	16	19	25	27	36	30	31	21.77777777777778
NM_001180128.1	3	16	15	14	27	21	27	35	38	21.77777777777778
NM_001182171.1	2	9	10	11	21	25	41	36	42	21.88888888888889
NM_001179281.1	6	13	10	22	25	23	26	33	39	21.88888888888889
NM_001184163.1	5	15	18	18	17	21	33	32	39	22.0
NM_001179027.3	6	12	19	14	22	26	31	32	37	22.11111111111111
NM_001181297.1	7	7	17	17	16	31	32	30	44	22.333333333333332
NM_001179935.1	10	5	15	13	22	32	35	34	35	22.333333333333332
NM_001179309.3	6	9	12	17	23	25	37	32	41	22.444444444444443
NM_001183874.1	7	7	11	20	29	29	27	36	36	22.444444444444443
NM_001180999.1	4	4	18	16	20	27	33	44	36	22.444444444444443
NM_001180745.3	5	10	18	16	23	27	33	31	41	22.666666666666668
NM_001180691.3	10	9	14	21	25	26	28	35	36	22.666666666666668
NM_001180330.1	9	13	15	20	24	23	29	36	35	22.666666666666668
NM_001179416.3	2	10	13	20	29	30	24	34	43	22.77777777777778
NM_001180366.1	2	9	13	15	24	24	34	36	48	22.77777777777778
NM_001181021.1	4	6	9	20	18	31	30	46	43	23.0
NM_001183483.1	3	9	13	15	20	32	36	37	42	23.0
NM_001181256.1	5	7	12	20	26	31	37	32	38	23.11111111111111
NM_001182686.1	4	7	12	22	21	28	25	45	44	23.11111111111111
NM_001180761.1	4	8	14	19	21	30	28	42	42	23.11111111111111
NM_001179487.1	2	8	13	17	23	26	43	35	42	23.22222222222222
NM_001179728.1	3	7	12	17	26	31	45	38	30	23.22222222222222
NM_001184593.3	4	10	12	22	25	25	27	45	39	23.22222222222222
NM_001183263.1	6	16	13	21	20	24	30	32	47	23.22222222222222
NM_001179421.3	7	10	10	20	22	32	30	40	38	23.22222222222222
NM_001182627.1	2	10	17	26	26	24	28	36	41	23.333333333333332
NM_001180243.1	5	14	16	15	16	25	31	38	50	23.333333333333332
NM_001178607.3	2	8	15	21	25	19	39	37	44	23.333333333333332
NM_001182408.1	1	11	16	17	23	32	30	38	42	23.333333333333332
NM_001184523.1	7	10	7	16	24	30	33	40	45	23.555555555555557
NM_001180557.3	5	7	13	20	21	24	33	44	46	23.666666666666668
NM_001180283.1	2	10	18	21	21	20	44	33	45	23.77777777777778
NM_001180860.1	6	6	16	24	22	26	35	35	44	23.77777777777778
NM_001183927.1	3	6	14	18	26	23	32	40	52	23.77777777777778
NM_001181777.1	7	6	18	22	17	27	32	38	48	23.88888888888889
NM_001181095.1	5	9	17	19	21	31	32	43	39	24.0
NM_001181883.1	2	9	19	23	25	28	29	37	44	24.0
NM_001183191.3	8	6	11	18	20	33	36	42	42	24.0
NM_001181819.3	6	9	13	18	23	32	38	40	38	24.11111111111111
NM_001178198.1	7	12	11	21	19	23	43	40	41	24.11111111111111
NM_001182614.1	4	13	15	23	25	26	35	39	37	24.11111111111111
NM_001180695.3	9	12	13	16	30	29	23	40	47	24.333333333333332
NM_001184511.1	8	10	9	18	31	29	31	38	45	24.333333333333332
NM_001179392.1	3	8	12	19	29	34	35	34	46	24.444444444444443
NM_001178645.3	5	4	15	18	26	25	39	43	45	24.444444444444443
NM_001179040.1	6	8	11	21	22	31	33	42	46	24.444444444444443
NM_001182098.1	5	11	13	26	23	30	31	38	43	24.444444444444443
NM_001178783.1	7	14	15	21	23	28	32	44	37	24.555555555555557
NM_001184413.3	6	12	23	14	25	31	26	38	46	24.555555555555557
NM_001182209.1	6	11	21	24	29	27	28	33	42	24.555555555555557
NM_001181603.1	10	10	13	23	30	25	33	37	40	24.555555555555557
NM_001180626.3	3	10	15	17	24	29	33	44	47	24.666666666666668
NM_001178937.1	4	13	16	20	18	27	31	43	50	24.666666666666668
NM_001181434.4	7	10	16	20	28	25	30	38	48	24.666666666666668
NM_001180950.1	4	11	16	15	28	36	28	48	37	24.77777777777778
NM_001181799.1	5	15	17	11	16	31	38	38	52	24.77777777777778
NM_001180978.3	7	17	8	18	23	23	41	50	37	24.88888888888889
NM_001179197.1	5	9	18	16	23	30	32	38	55	25.11111111111111
NM_001183980.1	3	11	17	15	15	28	39	50	48	25.11111111111111
NM_001182633.1	8	7	15	16	22	30	38	43	48	25.22222222222222
NM_001181152.1	3	14	15	24	26	30	32	44	39	25.22222222222222
NM_001182881.1	6	11	21	16	24	24	32	42	52	25.333333333333332
NM_001180092.1	4	8	12	17	24	41	30	44	48	25.333333333333332
NM_001183978.1	6	12	14	15	30	27	39	41	45	25.444444444444443
NM_001179470.1	3	9	19	19	30	29	37	27	56	25.444444444444443
NM_001181116.1	5	11	16	16	32	34	30	43	44	25.666666666666668
NM_001184677.1	3	6	19	17	25	33	42	39	47	25.666666666666668
NM_001184106.1	11	10	18	11	22	34	33	40	53	25.77777777777778
NM_001178752.1	6	12	13	13	34	32	33	40	49	25.77777777777778
NM_001180373.3	4	10	12	22	29	27	40	48	42	26.0
NM_001180259.1	8	4	20	20	27	29	35	47	45	26.11111111111111
NM_001178653.1	8	11	16	22	28	38	40	32	41	26.22222222222222
NM_001178315.1	4	18	16	19	30	29	28	49	44	26.333333333333332
NM_001183424.1	12	11	11	24	28	36	36	35	45	26.444444444444443
NM_001179621.2	4	7	16	28	27	31	45	36	44	26.444444444444443
NM_001182801.1	6	11	15	21	31	38	40	32	45	26.555555555555557
NM_001181433.3	7	5	20	19	23	36	42	42	45	26.555555555555557
NM_001179205.1	3	14	22	21	26	21	42	41	49	26.555555555555557
NM_001184673.1	5	10	16	20	19	35	44	47	43	26.555555555555557
NM_001181922.1	4	12	17	20	23	27	37	45	55	26.666666666666668
NM_001179141.1	4	7	15	21	24	36	37	44	52	26.666666666666668
NM_001181457.1	2	13	12	26	23	35	41	42	47	26.77777777777778
NM_001183463.1	4	12	16	24	28	32	26	42	57	26.77777777777778
NM_001182274.1	3	16	15	18	36	31	38	41	43	26.77777777777778
NM_001183688.1	5	18	22	18	28	26	36	35	53	26.77777777777778
NM_001182296.1	2	14	21	18	14	36	30	52	55	26.88888888888889
NM_001180846.3	8	11	16	16	35	26	41	38	51	26.88888888888889
NM_001179235.1	6	11	16	14	26	41	36	45	47	26.88888888888889
NM_001183364.1	6	15	16	21	33	29	36	40	46	26.88888888888889
NM_001179340.1	6	14	23	15	29	31	34	39	51	26.88888888888889
NM_001179537.1	8	14	17	20	28	32	44	33	47	27.0
NM_001181756.2	2	8	19	31	32	38	31	40	43	27.11111111111111
NM_001180011.1	5	14	19	23	28	27	32	40	57	27.22222222222222
NM_001184036.1	1	17	16	23	33	36	35	36	48	27.22222222222222
NM_001184492.1	5	10	21	17	28	33	32	52	48	27.333333333333332
NM_001179440.3	5	11	18	18	26	35	41	44	48	27.333333333333332
NM_001180924.4	6	14	18	17	25	25	45	49	47	27.333333333333332
NM_001183252.1	5	13	20	24	30	26	37	39	53	27.444444444444443
NM_001178516.3	5	19	14	16	34	31	46	44	39	27.555555555555557
NM_001183853.1	3	13	24	21	26	26	38	44	53	27.555555555555557
NM_001180563.3	3	13	21	28	30	31	38	40	45	27.666666666666668
NM_001183890.1	6	9	17	21	20	31	43	52	50	27.666666666666668
NM_001179766.1	5	10	16	27	34	30	32	40	56	27.77777777777778
NM_001178500.3	3	11	15	27	26	39	38	45	47	27.88888888888889
NM_001178929.3	3	17	17	18	29	28	34	60	45	27.88888888888889
NM_001182019.1	2	13	17	28	21	33	42	50	45	27.88888888888889
NM_001183778.1	7	13	17	29	30	31	39	45	40	27.88888888888889
NM_001178571.3	6	6	18	21	26	32	38	49	56	28.0
NM_001181533.1	7	12	14	13	27	35	37	53	54	28.0
NM_001181367.3	9	12	12	17	26	42	43	40	52	28.11111111111111
NM_001182177.1	9	7	14	23	28	36	43	40	54	28.22222222222222
NM_001183754.1	6	13	19	25	28	34	32	53	44	28.22222222222222
NM_001179132.1	8	11	18	14	35	46	46	33	44	28.333333333333332
NM_001180767.1	4	11	12	25	27	32	43	47	54	28.333333333333332
NM_001183533.1	6	14	16	20	30	30	42	45	52	28.333333333333332
NM_001179807.3	3	18	20	25	24	29	37	44	55	28.333333333333332
NM_001184050.1	7	11	15	19	27	33	48	53	43	28.444444444444443
NM_001182064.1	8	9	18	24	20	33	42	45	57	28.444444444444443
NM_001184168.1	5	17	18	27	26	40	27	36	60	28.444444444444443
NM_001183923.1	11	6	19	19	32	39	37	40	53	28.444444444444443
NM_001184449.1	8	9	21	14	35	38	29	44	59	28.555555555555557
NM_001180585.3	4	11	16	17	26	40	36	46	62	28.666666666666668
NM_001179405.1	2	12	16	23	32	38	39	42	55	28.77777777777778
NM_001181113.1	10	16	12	24	28	35	40	43	51	28.77777777777778
NM_001182611.1	9	13	17	23	30	36	32	38	61	28.77777777777778
NM_001178835.1	5	18	29	18	29	29	31	53	47	28.77777777777778
NM_001181778.1	1	8	17	25	34	37	40	49	50	29.0
NM_001183647.3	5	15	17	25	17	41	44	53	45	29.11111111111111
NM_001178834.3	7	11	18	27	27	26	48	41	57	29.11111111111111
NM_001180916.1	8	14	15	24	33	35	37	46	50	29.11111111111111
NM_001182587.1	7	12	15	20	27	31	45	58	48	29.22222222222222
NM_001182270.1	6	11	19	22	26	30	44	47	58	29.22222222222222
NM_001182028.1	6	11	16	22	30	31	37	49	62	29.333333333333332
NM_001181267.1	10	9	12	26	29	40	47	36	55	29.333333333333332
NM_001178259.1	8	11	19	26	30	44	40	44	42	29.333333333333332
NM_001181144.1	7	14	21	18	29	39	37	45	55	29.444444444444443
NM_001182105.1	6	15	16	27	27	34	44	48	48	29.444444444444443
NM_001179794.3	6	8	19	32	29	33	38	45	55	29.444444444444443
NM_001182395.1	2	13	18	29	30	29	49	44	51	29.444444444444443
NM_001184457.1	4	13	11	21	28	40	39	52	58	29.555555555555557
NM_001179221.1	3	14	20	30	32	28	36	57	47	29.666666666666668
NM_001181679.1	3	12	19	24	22	43	34	53	58	29.77777777777778
NM_001180276.1	7	13	14	16	39	37	49	43	50	29.77777777777778
NM_001182204.1	10	15	17	26	28	41	25	47	60	29.88888888888889
NM_001182381.1	7	14	17	26	27	37	29	55	58	30.0
NM_001181145.1	7	15	22	25	24	32	47	41	57	30.0
NM_001182292.3	7	11	20	29	24	41	40	53	46	30.11111111111111
NM_001179264.1	7	8	20	37	29	41	33	49	48	30.22222222222222
NM_001270760.1	2	12	25	23	35	37	40	49	50	30.333333333333332
NM_001178936.3	8	8	22	22	35	41	40	50	47	30.333333333333332
NM_001180047.1	6	10	23	16	31	41	40	56	51	30.444444444444443
NM_001184190.1	6	11	19	25	29	42	43	59	42	30.666666666666668
NM_001179527.1	8	20	14	18	22	40	51	54	50	30.77777777777778
NM_001184030.1	10	13	21	28	44	25	37	40	59	30.77777777777778
NM_001183963.1	1	7	18	24	35	38	58	48	48	30.77777777777778
NM_001181172.1	7	12	19	21	30	38	45	56	49	30.77777777777778
NM_001182550.1	4	12	21	20	32	40	44	53	51	30.77777777777778
NM_001178511.3	11	10	16	19	40	34	41	46	61	30.88888888888889
NM_001179236.1	5	13	17	21	37	32	42	54	57	30.88888888888889
NM_001184680.1	7	15	15	23	27	37	29	58	67	30.88888888888889
NM_001179287.1	9	13	21	31	28	37	37	50	52	30.88888888888889
NM_001178641.3	6	13	20	27	32	33	44	48	55	30.88888888888889
NM_001182129.1	9	19	18	22	23	42	40	52	54	31.0
NM_001182594.1	5	12	20	21	30	38	41	52	61	31.11111111111111
NM_001179333.3	7	11	25	26	39	29	44	46	53	31.11111111111111
NM_001183703.3	9	15	15	27	35	36	40	49	54	31.11111111111111
NM_001180312.1	4	13	20	27	25	40	44	52	55	31.11111111111111
NM_001183891.1	7	18	11	25	27	37	44	55	56	31.11111111111111
NM_001182153.1	9	11	19	20	33	37	44	55	52	31.11111111111111
NM_001181853.1	4	17	11	25	30	34	48	54	58	31.22222222222222
NM_001178731.1	7	13	17	31	29	41	41	51	52	31.333333333333332
NM_001184281.1	4	18	15	22	41	37	41	54	51	31.444444444444443
NM_001178446.1	6	11	30	21	32	36	36	48	63	31.444444444444443
NM_001182772.1	5	12	23	28	24	41	43	55	52	31.444444444444443
NM_001179627.1	4	17	18	26	28	32	49	48	62	31.555555555555557
NM_001181638.1	2	13	20	30	34	46	48	43	48	31.555555555555557
NM_001183548.1	4	13	16	27	25	38	44	55	62	31.555555555555557
NM_001179065.3	2	16	20	27	30	33	41	49	66	31.555555555555557
NM_001178944.3	7	12	15	27	31	33	50	53	56	31.555555555555557
NM_001182864.3	6	10	25	27	35	35	42	49	56	31.666666666666668
NM_001183132.1	5	14	20	27	32	37	39	45	66	31.666666666666668
NM_001184401.1	6	14	14	28	29	32	53	53	56	31.666666666666668
NM_001181450.1	4	14	18	32	26	34	57	46	55	31.77777777777778
NM_001180166.1	7	8	21	26	25	47	44	49	59	31.77777777777778
NM_001180188.1	6	9	16	25	34	36	51	50	59	31.77777777777778
NM_001184532.1	7	9	22	37	22	33	48	50	59	31.88888888888889
NM_001181898.1	5	13	16	26	33	37	49	51	57	31.88888888888889
NM_001179577.1	6	14	21	25	31	33	42	63	52	31.88888888888889
NM_001180164.1	5	14	14	29	37	38	43	52	55	31.88888888888889
NM_001183171.1	5	16	18	34	34	34	51	40	55	31.88888888888889
NM_001183222.3	6	14	21	25	29	37	38	52	65	31.88888888888889
NM_001183855.1	7	15	15	23	33	40	44	47	64	32.0
NM_001180838.1	6	14	13	33	19	45	51	56	51	32.0
NM_001184515.1	9	23	21	22	43	33	41	45	52	32.111111111111114
NM_001178831.1	5	12	24	31	29	33	47	46	62	32.111111111111114
NM_001183152.1	2	9	17	30	28	33	53	57	60	32.111111111111114
NM_001182311.3	7	7	25	21	32	35	44	58	60	32.111111111111114
NM_001181317.3	9	14	20	23	30	34	47	53	59	32.111111111111114
NM_001183366.1	6	10	20	25	36	45	37	54	57	32.22222222222222
NM_001179094.1	8	14	21	26	34	35	43	50	59	32.22222222222222
NM_001178738.1	3	12	24	24	28	30	52	61	57	32.333333333333336
NM_001183982.1	5	12	13	25	36	40	46	46	69	32.44444444444444
NM_001182829.1	11	11	17	22	30	41	51	49	60	32.44444444444444
NM_001178179.1	7	14	26	23	32	43	39	47	61	32.44444444444444
NM_001179299.2	8	9	21	22	25	38	54	55	61	32.55555555555556
NM_001181204.3	6	13	28	25	35	41	44	52	49	32.55555555555556
NM_001183723.3	7	11	28	17	28	45	49	55	53	32.55555555555556
NM_001183591.3	9	16	24	20	33	35	44	59	54	32.666666666666664
NM_001178708.1	9	14	21	27	23	42	41	57	61	32.77777777777778
NM_001178753.1	9	14	21	27	23	42	41	57	61	32.77777777777778
NM_001179246.1	7	9	22	23	30	34	44	62	64	32.77777777777778
NM_001184123.1	9	10	16	24	30	39	51	51	66	32.888888888888886
NM_001179656.1	8	13	15	24	31	38	49	54	64	32.888888888888886
NM_001182038.1	11	13	15	30	31	35	41	64	56	32.888888888888886
NM_001183087.1	7	13	18	27	33	39	44	58	57	32.888888888888886
NM_001181106.1	3	12	18	35	36	43	44	49	57	33.0
NM_001183061.1	5	11	11	32	33	44	53	51	57	33.0
NM_001183685.3	6	12	22	21	32	48	44	47	66	33.111111111111114
NM_001270758.1	8	19	21	21	34	46	53	47	49	33.111111111111114
NM_001180590.3	5	10	20	21	39	48	48	50	58	33.22222222222222
NM_001181303.3	10	7	19	25	40	35	57	45	61	33.22222222222222
NM_001181927.1	6	11	27	32	32	44	37	55	55	33.22222222222222
NM_001179090.1	3	18	20	32	34	42	42	45	64	33.333333333333336
NM_001183714.3	7	8	25	28	30	45	52	51	54	33.333333333333336
NM_001181516.1	7	12	18	30	21	46	48	52	66	33.333333333333336
NM_001281536.2	9	18	31	20	33	36	34	57	62	33.333333333333336
NM_001182176.1	7	13	17	28	30	36	54	57	58	33.333333333333336
NM_001182532.1	8	10	16	22	33	47	56	54	55	33.44444444444444
NM_001184402.2	6	15	14	29	32	36	54	55	60	33.44444444444444
NM_001183838.1	7	8	23	18	32	42	48	53	71	33.55555555555556
NM_001181642.1	9	14	19	28	33	45	45	44	65	33.55555555555556
NM_001182014.1	4	11	17	27	31	53	48	48	63	33.55555555555556
NM_001183349.1	9	15	16	30	27	38	49	51	67	33.55555555555556
NM_001180199.1	2	15	22	21	39	37	50	55	62	33.666666666666664
NM_001180840.3	1	19	19	22	35	42	42	56	68	33.77777777777778
NM_001182576.1	10	11	19	24	40	39	46	51	64	33.77777777777778
NM_001183240.3	1	10	14	29	42	45	49	55	59	33.77777777777778
NM_001178328.2	10	16	19	15	35	46	51	54	58	33.77777777777778
NM_001179217.1	10	17	21	21	38	42	48	45	62	33.77777777777778
NM_001181109.1	6	11	19	29	34	39	55	50	62	33.888888888888886
NM_001182924.1	6	16	15	24	39	40	62	48	55	33.888888888888886
NM_001181186.3	9	13	24	32	37	40	48	49	53	33.888888888888886
NM_001182650.1	3	16	21	23	37	51	47	51	58	34.111111111111114
NM_001346795.1	8	13	19	28	30	47	46	54	62	34.111111111111114
NM_001179290.1	7	14	17	28	34	35	50	52	70	34.111111111111114
NM_001182526.1	9	6	18	27	44	41	42	61	60	34.22222222222222
NM_001183371.1	6	12	16	20	37	44	47	51	76	34.333333333333336
NM_001183624.1	10	16	21	22	41	39	43	59	58	34.333333333333336
NM_001181764.4	8	19	23	23	31	49	43	50	63	34.333333333333336
NM_001179445.1	6	19	21	33	31	44	39	59	58	34.44444444444444
NM_001183571.1	11	11	19	26	30	54	48	47	64	34.44444444444444
NM_001178172.1	8	10	18	29	37	34	43	61	70	34.44444444444444
NM_001182971.3	7	6	23	24	28	44	47	65	66	34.44444444444444
NM_001180209.1	2	15	20	31	37	41	53	60	51	34.44444444444444
NM_001182693.1	8	13	21	26	43	47	40	47	65	34.44444444444444
NM_001178391.2	8	9	22	25	38	39	47	58	64	34.44444444444444
NM_001181504.1	6	15	19	25	33	42	51	62	57	34.44444444444444
NM_001181009.1	6	15	17	28	34	43	51	58	58	34.44444444444444
NM_001182409.1	9	14	13	28	38	45	46	54	64	34.55555555555556
NM_001180969.3	5	17	17	29	25	38	50	55	75	34.55555555555556
NM_001183770.1	8	16	14	29	38	45	40	57	64	34.55555555555556
NM_001181651.1	6	12	17	28	35	53	48	56	57	34.666666666666664
NM_001181526.1	9	9	24	24	36	43	41	61	65	34.666666666666664
NM_001179881.1	5	12	20	24	36	47	51	55	62	34.666666666666664
NM_001182670.1	6	17	22	34	35	45	39	57	57	34.666666666666664
NM_001180322.1	5	20	17	24	32	44	48	56	67	34.77777777777778
NM_001181262.1	8	8	14	26	37	52	50	58	60	34.77777777777778
NM_001181490.3	8	21	20	24	30	43	44	57	67	34.888888888888886
NM_001182667.1	5	16	26	23	28	48	49	61	58	34.888888888888886
NM_001182539.1	10	14	19	38	39	33	48	52	61	34.888888888888886
NM_001181481.1	6	13	25	24	33	42	45	56	71	35.0
NM_001181712.1	4	14	25	22	35	37	47	61	70	35.0
NM_001182121.1	6	13	14	30	30	43	54	53	72	35.0
NM_001178203.1	7	17	17	30	41	47	35	57	64	35.0
NM_001180631.3	8	17	17	27	31	45	61	47	63	35.111111111111114
NM_001181787.2	7	17	13	21	31	48	55	49	75	35.111111111111114
NM_001183277.1	7	17	22	29	38	38	48	57	60	35.111111111111114
NM_001182802.1	9	9	26	29	35	37	62	49	60	35.111111111111114
NM_001178576.3	11	16	25	34	34	38	52	56	51	35.22222222222222
NM_001184008.1	2	14	23	37	32	38	52	57	62	35.22222222222222
NM_001179302.1	6	9	23	28	36	42	48	69	58	35.44444444444444
NM_001178898.1	6	17	20	25	33	43	54	63	58	35.44444444444444
NM_001179259.1	8	8	21	33	34	41	56	49	69	35.44444444444444
NM_001182557.1	4	18	19	25	36	44	50	58	65	35.44444444444444
NM_001181992.1	4	14	21	35	35	48	43	59	61	35.55555555555556
NM_001179063.1	6	16	25	31	34	38	44	58	68	35.55555555555556
NM_001180440.3	7	10	15	29	33	44	54	54	75	35.666666666666664
NM_001178606.3	9	18	20	22	38	46	45	62	61	35.666666666666664
NM_001182022.1	8	13	24	32	30	51	50	51	62	35.666666666666664
NM_001182639.1	14	13	18	27	34	45	49	62	59	35.666666666666664
NM_001181150.1	2	17	22	32	33	51	50	59	56	35.77777777777778
NM_001180048.2	8	12	26	22	38	47	45	61	63	35.77777777777778
NM_001184144.1	8	16	22	30	34	40	47	59	67	35.888888888888886
NM_001179108.1	6	16	26	29	31	45	56	50	65	36.0
NM_001183567.1	3	10	28	34	38	50	52	52	57	36.0
NM_001180644.3	5	17	21	35	28	38	49	59	72	36.0
NM_001179261.1	5	13	18	30	47	43	48	52	70	36.22222222222222
NM_001178919.1	6	11	19	28	38	43	55	58	69	36.333333333333336
NM_001180996.1	3	9	13	29	38	40	64	51	80	36.333333333333336
NM_001178320.2	8	14	23	24	30	49	52	61	66	36.333333333333336
NM_001178924.1	9	10	26	33	34	39	48	59	70	36.44444444444444
NM_001183885.1	3	16	20	39	38	39	54	56	63	36.44444444444444
NM_001179891.3	10	7	21	29	27	52	59	61	62	36.44444444444444
NM_001179737.1	8	21	21	26	35	40	46	68	64	36.55555555555556
NM_001181241.1	9	16	23	24	29	46	53	64	65	36.55555555555556
NM_001181669.1	6	17	20	30	44	50	39	53	70	36.55555555555556
NM_001181882.1	10	14	24	39	43	38	38	64	60	36.666666666666664
NM_001182740.1	10	12	22	34	29	45	54	63	62	36.77777777777778
NM_001179834.3	9	6	21	27	47	48	58	50	65	36.77777777777778
NM_001184338.1	10	16	21	30	32	43	58	56	65	36.77777777777778
NM_001182711.1	7	17	28	29	39	47	43	54	67	36.77777777777778
NM_001180412.3	4	23	21	21	39	49	48	61	65	36.77777777777778
NM_001180486.1	7	15	18	35	33	50	60	54	61	37.0
NM_001184103.1	16	5	17	35	30	44	58	55	73	37.0
NM_001181954.1	6	15	22	23	47	51	43	63	63	37.0
NM_001180727.3	9	16	22	27	33	53	50	60	63	37.0
NM_001183668.3	7	9	21	28	36	47	60	66	59	37.0
NM_001179547.1	8	16	17	26	29	48	51	61	78	37.111111111111114
NM_001184082.1	5	18	21	33	36	44	50	59	68	37.111111111111114
NM_001181823.1	5	13	25	43	41	42	49	53	64	37.22222222222222
NM_001182640.1	9	18	23	28	34	44	53	57	69	37.22222222222222
NM_001395036.1	7	22	22	33	45	42	51	48	65	37.22222222222222
NM_001179546.1	11	15	14	28	37	50	52	63	67	37.44444444444444
NM_001183938.1	9	8	30	23	39	53	48	61	66	37.44444444444444
NM_001183822.1	7	19	16	35	47	46	42	64	62	37.55555555555556
NM_001182060.1	3	19	26	26	34	43	58	64	65	37.55555555555556
NM_001178392.2	5	18	17	26	46	44	55	62	66	37.666666666666664
NM_001184517.3	7	17	19	37	42	38	61	50	68	37.666666666666664
NM_001178643.2	12	11	23	23	40	50	52	59	70	37.77777777777778
NM_001183866.4	7	19	28	31	31	36	55	65	68	37.77777777777778
NM_001180351.3	7	12	21	25	42	49	61	61	62	37.77777777777778
NM_001181540.1	7	20	19	27	29	50	57	61	70	37.77777777777778
NM_001180796.1	9	14	21	30	48	37	58	60	63	37.77777777777778
NM_001183880.1	8	13	25	29	43	48	57	59	59	37.888888888888886
NM_001180555.1	4	20	19	32	34	42	63	59	68	37.888888888888886
NM_001179841.3	6	19	24	32	40	42	50	63	65	37.888888888888886
NM_001181751.1	5	17	25	30	39	41	50	64	71	38.0
NM_001182808.2	6	19	18	27	45	40	54	65	68	38.0
NM_001184213.1	6	17	18	27	44	43	54	64	69	38.0
NM_001183051.1	13	13	22	29	33	39	56	68	71	38.22222222222222
NM_001182777.1	9	15	19	36	36	56	44	66	63	38.22222222222222
NM_001181869.1	5	18	26	28	34	42	62	63	67	38.333333333333336
NM_001184047.1	8	16	22	35	34	43	51	66	70	38.333333333333336
NM_001178735.1	8	23	19	27	36	41	46	69	76	38.333333333333336
NM_001182454.1	7	15	21	39	33	49	55	59	68	38.44444444444444
NM_001182257.3	4	21	30	26	47	43	51	57	67	38.44444444444444
NM_001184493.1	14	16	23	31	35	56	50	57	64	38.44444444444444
NM_001184108.1	6	15	21	33	26	49	61	65	70	38.44444444444444
NM_001183726.4	7	10	27	26	46	45	54	56	76	38.55555555555556
NM_001183382.1	8	13	26	26	37	47	52	60	78	38.55555555555556
NM_001181901.1	2	19	23	33	37	43	51	63	76	38.55555555555556
NM_001181359.3	7	14	19	31	46	38	55	67	71	38.666666666666664
NM_001179835.1	7	13	20	33	41	46	59	59	70	38.666666666666664
NM_001178515.3	11	11	25	32	37	52	58	53	69	38.666666666666664
NM_001179687.1	6	13	27	32	41	42	53	69	65	38.666666666666664
NM_001183516.1	7	19	13	40	42	47	53	61	67	38.77777777777778
NM_001179006.3	10	12	23	24	38	48	47	70	77	38.77777777777778
NM_001178299.1	5	15	31	27	37	53	55	64	63	38.888888888888886
NM_001180809.1	8	10	15	39	44	51	51	58	74	38.888888888888886
NM_001180982.3	8	15	17	35	39	53	51	59	73	38.888888888888886
NM_001184519.1	12	17	21	32	44	44	52	65	64	39.0
NM_001184206.1	10	20	28	34	36	48	52	60	63	39.0
NM_001179201.1	9	12	22	34	48	40	54	61	71	39.0
NM_001178813.1	10	14	23	26	34	50	46	65	83	39.0
NM_001183499.1	8	16	19	34	55	40	57	59	63	39.0
NM_001184023.1	7	15	18	27	43	54	48	67	72	39.0
NM_001179134.1	8	11	24	40	41	45	49	60	74	39.111111111111114
NM_001181469.1	7	11	28	37	51	35	51	58	74	39.111111111111114
NM_001180431.1	5	16	26	39	32	35	52	67	81	39.22222222222222
NM_001181523.1	11	18	25	34	36	45	67	55	62	39.22222222222222
NM_001180573.1	13	12	17	29	40	44	61	66	72	39.333333333333336
NM_001181171.1	7	18	21	33	34	54	51	64	72	39.333333333333336
NM_001182617.1	7	13	22	35	43	48	59	58	69	39.333333333333336
NM_001270743.1	6	17	18	40	35	50	47	67	75	39.44444444444444
NM_001181489.1	10	16	30	40	37	44	59	57	62	39.44444444444444
NM_001180849.4	9	17	31	34	34	52	49	60	69	39.44444444444444
NM_001178265.1	5	22	19	31	47	44	54	62	72	39.55555555555556
NM_001178356.1	5	17	25	32	44	53	44	66	70	39.55555555555556
NM_001178395.1	5	14	21	33	38	44	60	63	78	39.55555555555556
NM_001180010.3	7	12	25	31	32	52	63	63	72	39.666666666666664
NM_001184069.1	5	17	22	33	44	52	48	63	73	39.666666666666664
NM_001183456.1	8	15	26	34	45	46	59	59	65	39.666666666666664
NM_001178587.3	7	17	17	29	41	46	60	63	78	39.77777777777778
NM_001182553.1	7	19	27	28	41	49	47	66	74	39.77777777777778
NM_001182170.1	5	17	30	22	35	58	63	59	69	39.77777777777778
NM_001184231.1	8	18	27	28	36	57	60	58	66	39.77777777777778
NM_001180449.1	11	11	25	27	35	52	57	60	81	39.888888888888886
NM_001180139.1	12	18	21	27	47	49	57	64	65	40.0
NM_001181822.1	4	21	22	30	43	53	57	65	65	40.0
NM_001180562.3	11	18	25	33	42	44	54	56	77	40.0
NM_001182538.1	7	12	25	33	35	45	62	69	73	40.111111111111114
NM_001178154.1	8	19	22	32	49	51	55	60	66	40.22222222222222
NM_001183449.1	8	13	17	31	44	51	63	60	75	40.22222222222222
NM_001182868.3	6	18	24	36	39	62	59	57	62	40.333333333333336
NM_001182242.1	4	20	29	30	54	37	56	59	75	40.44444444444444
NM_001182015.1	10	16	19	32	42	39	65	71	71	40.55555555555556
NM_001181008.3	9	11	25	32	40	49	57	63	79	40.55555555555556
NM_001180236.1	4	11	29	38	44	57	50	62	70	40.55555555555556
NM_001178728.1	6	17	24	43	38	45	62	61	69	40.55555555555556
NM_001178652.2	5	16	22	29	51	44	53	80	66	40.666666666666664
NM_001181298.3	12	14	22	41	33	51	58	66	69	40.666666666666664
NM_001178433.3	6	19	21	30	48	47	55	64	77	40.77777777777778
NM_001181874.2	6	19	28	33	38	57	66	64	57	40.888888888888886
NM_001183362.1	8	19	22	26	44	53	67	56	74	41.0
NM_001179661.1	11	17	24	39	39	46	52	63	78	41.0
NM_001180747.1	10	26	23	30	41	48	60	56	75	41.0
NM_001183627.3	9	20	17	37	34	64	47	66	75	41.0
NM_001182331.1	12	15	28	36	45	45	59	69	62	41.22222222222222
NM_001183302.1	12	20	29	30	35	60	54	56	75	41.22222222222222
NM_001178774.1	8	21	21	32	48	48	53	65	75	41.22222222222222
NM_001179361.1	5	16	30	26	42	61	66	55	71	41.333333333333336
NM_001181670.4	5	22	31	29	44	46	53	74	68	41.333333333333336
NM_001183832.1	10	14	26	31	38	56	60	65	72	41.333333333333336
NM_001180596.1	5	16	26	42	40	53	66	58	66	41.333333333333336
NM_001179427.3	9	16	19	30	43	44	67	69	76	41.44444444444444
NM_001179552.1	5	18	23	33	39	55	58	78	64	41.44444444444444
NM_001184180.1	11	9	24	30	34	57	62	71	76	41.55555555555556
NM_001182401.1	8	12	29	36	46	55	48	76	64	41.55555555555556
NM_001181614.1	4	16	27	33	36	46	67	62	83	41.55555555555556
NM_001183921.1	7	13	22	30	55	52	55	62	78	41.55555555555556
NM_001180439.1	7	22	26	39	36	48	56	64	77	41.666666666666664
NM_001182032.1	8	12	27	37	33	57	58	73	71	41.77777777777778
NM_001178909.3	10	16	23	35	40	61	55	59	77	41.77777777777778
NM_001180790.3	6	20	23	44	32	49	56	66	80	41.77777777777778
NM_001183184.3	8	18	27	41	32	48	60	61	83	42.0
NM_001183459.1	8	20	18	31	28	62	69	61	81	42.0
NM_001180658.4	7	21	27	28	41	44	68	57	85	42.0
NM_001179973.1	11	16	28	22	43	45	54	81	79	42.111111111111114
NM_001182791.1	8	18	22	40	42	40	66	73	70	42.111111111111114
NM_001181044.3	10	22	23	38	40	49	53	69	75	42.111111111111114
NM_001178156.1	12	19	22	31	44	40	66	63	83	42.22222222222222
NM_001178777.1	11	10	30	30	48	43	63	71	77	42.55555555555556
NM_001180940.1	13	9	30	33	49	60	48	68	74	42.666666666666664
NM_001183092.1	9	8	27	36	48	48	61	63	84	42.666666666666664
NM_001182672.1	9	14	28	34	47	42	59	72	80	42.77777777777778
NM_001181039.3	10	21	25	31	54	45	65	65	69	42.77777777777778
NM_001183124.1	9	17	29	35	35	49	61	65	87	43.0
NM_001179866.3	13	20	19	36	47	55	62	65	70	43.0
NM_001182055.1	7	12	20	37	45	50	57	79	81	43.111111111111114
NM_001180993.1	9	24	29	35	38	43	57	76	77	43.111111111111114
NM_001182590.1	7	16	23	44	40	54	62	66	76	43.111111111111114
NM_001182606.1	8	17	29	35	42	51	72	70	64	43.111111111111114
NM_001181503.3	8	24	25	33	41	35	55	85	83	43.22222222222222
NM_001180505.1	7	18	23	37	38	48	61	79	78	43.22222222222222
NM_001181102.1	6	22	18	47	44	42	56	69	86	43.333333333333336
NM_001178819.1	10	23	29	31	43	48	59	71	76	43.333333333333336
NM_001184181.1	13	19	30	49	40	39	50	69	81	43.333333333333336
NM_001178561.1	11	19	26	35	44	41	62	61	91	43.333333333333336
NM_001184005.1	10	16	25	33	42	53	65	71	75	43.333333333333336
NM_001181258.3	11	21	24	32	48	55	53	73	73	43.333333333333336
FLO8	7	14	26	27	53	60	58	66	80	43.44444444444444
NM_001183492.1	5	19	31	33	46	51	58	78	70	43.44444444444444
NM_001182194.1	4	21	25	34	47	52	49	76	84	43.55555555555556
NM_001179868.3	9	15	30	31	44	50	58	81	74	43.55555555555556
NM_001178160.1	4	19	22	33	49	53	72	64	76	43.55555555555556
NM_001179351.3	10	20	17	31	37	49	74	71	83	43.55555555555556
NM_001182932.1	8	15	22	39	45	55	61	71	76	43.55555555555556
NM_001183412.1	8	15	25	36	44	59	61	66	79	43.666666666666664
NM_001183327.1	7	10	19	37	40	59	72	71	78	43.666666666666664
NM_001181447.3	9	26	23	32	57	47	54	67	78	43.666666666666664
NM_001183725.1	14	15	23	44	44	51	65	66	72	43.77777777777778
NM_001181680.1	12	16	32	32	43	53	58	65	84	43.888888888888886
NM_001178531.1	13	16	23	30	46	53	55	74	85	43.888888888888886
NM_001182280.3	11	18	32	39	40	43	61	67	84	43.888888888888886
NM_001183430.1	8	18	23	32	46	60	66	69	74	44.0
NM_001179725.1	5	21	27	40	44	54	66	73	67	44.111111111111114
NM_001183452.1	8	16	28	27	47	50	62	67	92	44.111111111111114
NM_001180260.1	13	18	31	32	49	48	64	69	74	44.22222222222222
NM_001183865.1	12	17	27	37	45	49	63	59	89	44.22222222222222
NM_001183889.1	9	19	28	37	51	52	57	70	75	44.22222222222222
NM_001181027.1	8	18	22	27	43	61	64	75	80	44.22222222222222
NM_001179664.1	4	18	21	37	42	53	65	79	79	44.22222222222222
NM_001184154.1	9	18	30	27	32	64	59	78	82	44.333333333333336
NM_001181135.1	9	18	27	33	51	57	59	74	71	44.333333333333336
NM_001179326.3	13	14	24	37	45	57	57	62	91	44.44444444444444
NM_001183370.1	11	18	22	29	52	51	51	77	89	44.44444444444444
NM_001182132.1	5	19	28	39	49	56	59	59	87	44.55555555555556
NM_001182628.1	9	16	26	38	56	58	58	63	77	44.55555555555556
NM_001182111.1	10	18	27	38	45	56	69	60	78	44.55555555555556
NM_001180470.3	8	15	21	31	43	61	63	76	83	44.55555555555556
NM_001178245.1	11	12	23	25	52	54	65	79	81	44.666666666666664
NM_001183947.1	11	18	35	31	49	48	56	73	81	44.666666666666664
NM_001178840.1	8	19	24	36	40	63	59	76	77	44.666666666666664
NM_001184321.1	7	27	24	33	54	60	46	66	85	44.666666666666664
NM_001182877.1	7	15	28	27	48	55	56	79	88	44.77777777777778
NM_001183860.1	6	19	27	36	33	72	62	68	80	44.77777777777778
NM_001183120.1	7	25	38	27	39	54	56	77	80	44.77777777777778
NM_001181255.3	7	16	28	27	39	54	66	80	86	44.77777777777778
NM_001183937.1	12	17	23	31	43	55	59	88	76	44.888888888888886
NM_001182901.1	12	14	22	32	47	55	66	80	76	44.888888888888886
NM_001180301.1	5	26	33	44	36	53	62	65	82	45.111111111111114
NM_001270746.1	6	19	27	34	41	47	65	73	94	45.111111111111114
NM_001180807.3	10	23	20	35	37	63	67	73	79	45.22222222222222
NM_001178958.1	10	24	24	39	44	38	71	79	78	45.22222222222222
NM_001180487.3	11	15	25	40	43	57	58	75	83	45.22222222222222
NM_001178292.1	11	18	27	40	49	55	65	69	75	45.44444444444444
NM_001178995.3	7	19	26	41	44	51	64	78	79	45.44444444444444
NM_001180206.1	8	16	29	34	47	45	65	83	82	45.44444444444444
NM_001183632.1	11	18	35	35	44	55	57	75	80	45.55555555555556
NM_001184320.1	11	20	40	44	40	53	65	62	76	45.666666666666664
NM_001181894.1	11	17	26	39	42	51	68	76	81	45.666666666666664
NM_001181985.1	13	11	29	42	52	56	50	81	78	45.77777777777778
NM_001181572.1	6	24	30	28	48	56	70	72	79	45.888888888888886
NM_001183970.1	6	18	28	43	48	59	62	80	69	45.888888888888886
NM_001178542.3	15	23	24	35	46	65	69	57	79	45.888888888888886
NM_001182986.1	13	16	30	39	52	51	55	73	84	45.888888888888886
NM_001181639.1	11	14	32	40	49	53	58	70	87	46.0
NM_001181768.1	13	15	30	42	41	68	67	70	69	46.111111111111114
NM_001179313.1	9	17	24	41	43	63	68	61	89	46.111111111111114
NM_001178493.3	10	23	32	31	45	66	65	64	80	46.22222222222222
NM_001180381.3	8	20	23	35	43	57	69	73	88	46.22222222222222
NM_001181643.1	5	18	26	28	49	62	66	71	91	46.22222222222222
NM_001178271.1	9	21	22	29	56	63	64	71	83	46.44444444444444
NM_001184490.1	7	15	27	43	44	62	65	68	87	46.44444444444444
NM_001182368.1	8	15	21	37	47	57	78	75	80	46.44444444444444
NM_001183806.1	14	15	30	47	45	58	67	59	84	46.55555555555556
NM_001181351.3	10	19	36	40	47	50	63	74	80	46.55555555555556
NM_001183817.1	10	13	29	31	47	56	68	82	83	46.55555555555556
NM_001183287.1	11	22	21	34	52	58	67	68	87	46.666666666666664
NM_001183496.1	11	7	33	33	41	51	77	74	93	46.666666666666664
NM_001182652.1	8	13	28	42	47	58	62	76	86	46.666666666666664
NM_001183816.1	15	17	22	45	49	47	65	79	81	46.666666666666664
NM_001183288.1	5	18	24	37	48	58	69	73	89	46.77777777777778
NM_001183308.1	11	27	27	32	42	49	61	79	93	46.77777777777778
NM_001178677.1	14	21	24	33	44	68	61	76	80	46.77777777777778
NM_001183933.1	8	12	36	43	47	66	58	68	83	46.77777777777778
NM_001180944.1	10	15	26	35	49	67	63	68	89	46.888888888888886
NM_001184178.1	5	15	33	28	57	63	66	65	90	46.888888888888886
NM_001182469.1	7	18	33	41	46	51	66	74	87	47.0
NM_001179399.1	8	18	31	39	39	50	68	77	93	47.0
NM_001183856.1	7	28	28	30	40	55	72	76	87	47.0
NM_001182516.1	4	23	33	36	48	58	61	82	78	47.0
NM_001179168.1	12	18	34	43	52	55	63	63	83	47.0
NM_001178732.1	13	19	29	41	51	54	59	75	83	47.111111111111114
NM_001184306.2	7	21	26	39	47	55	66	69	95	47.22222222222222
NM_001180671.1	6	16	28	35	53	48	71	83	86	47.333333333333336
NM_001183922.1	9	14	29	37	52	53	80	73	80	47.44444444444444
NM_001179980.1	11	22	27	35	53	68	61	64	86	47.44444444444444
NM_001182141.1	8	21	27	40	48	53	66	79	85	47.44444444444444
NM_001182664.1	11	17	33	35	63	51	65	74	80	47.666666666666664
NM_001181780.1	8	12	32	34	51	58	70	77	87	47.666666666666664
NM_001178149.1	8	18	35	37	54	52	69	75	81	47.666666666666664
NM_001182714.1	15	22	41	40	41	52	59	71	88	47.666666666666664
NM_001182604.1	10	27	34	41	40	55	65	69	89	47.77777777777778
NM_001180783.1	9	20	24	33	45	64	69	80	86	47.77777777777778
NM_001180694.3	7	23	34	31	48	60	62	78	87	47.77777777777778
NM_001182499.1	7	18	32	35	52	65	68	67	87	47.888888888888886
NM_001179583.1	5	16	27	40	51	53	69	78	92	47.888888888888886
NM_001180499.3	10	19	26	37	50	53	64	80	92	47.888888888888886
NM_001182842.3	4	21	22	47	47	65	61	78	86	47.888888888888886
NM_001179395.3	12	17	23	45	51	57	68	72	87	48.0
NM_001178879.1	13	16	36	36	46	57	64	77	87	48.0
NM_001181984.1	4	19	31	46	41	54	74	73	90	48.0
NM_001180339.3	7	24	24	43	42	53	69	81	90	48.111111111111114
NM_001179239.1	6	22	28	40	54	54	60	84	86	48.22222222222222
NM_001181300.1	9	13	27	39	45	63	63	76	100	48.333333333333336
NM_001180621.1	12	30	26	38	33	57	62	77	101	48.44444444444444
NM_001180008.3	11	21	33	38	48	51	65	75	94	48.44444444444444
NM_001431141.1	8	24	24	51	56	54	60	78	82	48.55555555555556
NM_001179509.1	5	17	34	32	48	52	69	84	96	48.55555555555556
NM_001179367.3	13	22	33	35	47	56	68	83	80	48.55555555555556
NM_001179226.1	10	22	26	39	49	55	83	75	78	48.55555555555556
NM_001178314.1	13	22	31	28	49	54	66	80	94	48.55555555555556
NM_001178218.2	5	16	26	38	57	62	58	84	92	48.666666666666664
NM_001181934.1	8	13	25	36	49	56	82	77	93	48.77777777777778
NM_001179812.1	11	20	33	39	44	60	62	73	99	49.0
NM_001182885.3	11	23	33	28	46	51	78	77	94	49.0
NM_001182281.1	10	15	22	30	57	58	72	78	99	49.0
NM_001183164.1	9	19	29	37	53	54	62	83	95	49.0
NM_001180665.1	3	23	34	48	49	52	63	75	95	49.111111111111114
NM_001179174.1	11	14	29	39	46	61	68	74	100	49.111111111111114
NM_001179992.1	7	11	27	48	41	58	75	90	85	49.111111111111114
NM_001180701.1	12	24	24	34	52	53	66	80	97	49.111111111111114
NM_001180116.1	5	24	21	41	57	59	69	82	84	49.111111111111114
NM_001183394.1	12	25	37	41	42	57	68	74	87	49.22222222222222
NM_001181794.3	9	25	33	41	46	55	64	78	92	49.22222222222222
NM_001184043.1	9	22	33	29	48	64	77	82	79	49.22222222222222
NM_001181122.1	9	18	30	34	50	73	66	74	90	49.333333333333336
NM_001182597.1	8	17	26	41	50	60	72	81	89	49.333333333333336
NM_001178505.3	6	17	32	41	55	65	67	64	97	49.333333333333336
NM_001184510.3	15	18	23	47	38	54	68	89	92	49.333333333333336
NM_001183052.1	9	29	25	39	51	50	75	79	87	49.333333333333336
NM_001178165.2	12	18	35	36	46	62	68	80	88	49.44444444444444
NM_001183026.1	11	26	25	39	43	65	52	94	90	49.44444444444444
NM_001183783.3	11	20	22	33	51	62	65	87	94	49.44444444444444
NM_001182300.1	13	24	26	33	53	62	72	70	92	49.44444444444444
NM_001180178.1	12	18	28	40	50	60	69	75	93	49.44444444444444
NM_001180787.1	4	15	27	40	51	66	70	82	91	49.55555555555556
NM_001183698.3	10	16	30	38	47	67	69	74	96	49.666666666666664
NM_001180146.1	11	21	27	34	55	65	69	72	93	49.666666666666664
NM_001182879.3	12	22	32	44	47	63	70	66	91	49.666666666666664
NM_001180814.3	14	18	36	41	44	58	71	82	83	49.666666666666664
NM_001182178.1	11	13	36	42	41	64	72	76	92	49.666666666666664
NM_001178501.3	11	20	34	31	49	59	71	78	95	49.77777777777778
NM_001184143.1	13	26	28	39	47	48	76	85	86	49.77777777777778
NM_001180560.1	7	29	25	40	55	62	73	79	78	49.77777777777778
NM_001181392.3	9	18	29	50	56	54	72	65	96	49.888888888888886
NM_001183788.1	8	15	27	44	50	63	70	79	94	50.0
YIR043C	8	15	23	38	48	61	72	86	99	50.0
NM_001182741.1	5	19	31	49	54	49	68	86	89	50.0
NM_001180086.1	7	20	27	54	44	54	76	77	91	50.0
NM_001182564.1	10	17	33	41	37	70	69	74	99	50.0
NM_001183769.3	6	20	32	36	50	55	79	78	94	50.0
NM_001180150.1	7	15	34	41	54	55	66	88	91	50.111111111111114
NM_001182312.1	6	17	27	39	41	61	74	85	102	50.22222222222222
NM_001178361.1	11	33	25	29	52	63	67	84	91	50.55555555555556
NM_001182466.1	5	20	29	40	53	56	74	85	94	50.666666666666664
NM_001178372.1	10	23	30	44	52	65	77	76	79	50.666666666666664
NM_001181564.1	8	24	30	44	45	57	70	87	91	50.666666666666664
NM_001183852.1	12	20	26	33	47	68	74	78	99	50.77777777777778
NM_001180752.1	8	17	26	37	61	58	76	81	93	50.77777777777778
NM_001179531.1	7	24	29	44	46	62	72	92	82	50.888888888888886
NM_001182850.1	11	14	34	43	49	64	73	96	74	50.888888888888886
NM_001179783.1	4	24	29	44	50	57	75	89	87	51.0
NM_001182705.1	10	16	31	35	55	57	76	93	86	51.0
NM_001181805.1	8	21	28	36	52	61	76	84	94	51.111111111111114
NM_001183478.1	6	23	28	43	50	66	73	74	97	51.111111111111114
NM_001180922.1	8	19	24	36	51	60	71	83	108	51.111111111111114
NM_001179052.4	10	21	38	36	52	65	66	89	84	51.22222222222222
NM_001183881.1	9	23	30	42	49	66	74	78	90	51.22222222222222
NM_001180103.1	8	20	35	25	51	64	78	85	95	51.22222222222222
NM_001184265.1	11	15	31	52	58	63	74	69	88	51.22222222222222
NM_001179037.3	16	21	27	38	56	46	81	83	94	51.333333333333336
NM_001180506.1	10	21	30	46	46	55	74	98	82	51.333333333333336
NM_001178549.1	10	19	32	32	43	64	79	85	98	51.333333333333336
NM_001179543.3	14	21	29	41	54	68	69	77	90	51.44444444444444
NM_001178942.1	7	11	37	37	57	75	66	81	92	51.44444444444444
NM_001182249.3	14	16	27	31	56	64	68	96	91	51.44444444444444
NM_001183721.1	9	20	29	37	53	55	82	91	88	51.55555555555556
NM_001184383.1	9	20	28	39	51	55	83	81	99	51.666666666666664
NM_001184249.1	12	26	29	39	56	62	61	84	96	51.666666666666664
NM_001184384.2	9	20	28	39	51	55	83	81	99	51.666666666666664
NM_001179030.3	11	10	44	44	53	63	80	81	81	51.888888888888886
NM_001182533.1	13	25	27	34	49	64	72	90	94	52.0
NM_001180426.3	9	22	34	44	54	63	64	89	89	52.0
NM_001183598.1	12	12	24	49	43	65	75	89	100	52.111111111111114
NM_001181989.1	17	14	27	39	53	61	80	80	98	52.111111111111114
NM_001183003.3	8	20	28	37	57	70	79	79	91	52.111111111111114
NM_001179865.1	9	17	34	34	44	76	78	90	88	52.22222222222222
NM_001178628.3	10	17	28	37	54	64	77	81	102	52.22222222222222
NM_001183324.1	7	14	33	45	58	60	72	79	102	52.22222222222222
NM_001183913.1	11	19	38	38	56	67	70	75	96	52.22222222222222
NM_001179839.3	8	22	21	44	57	61	78	79	101	52.333333333333336
NM_001183502.1	8	17	26	41	72	57	71	85	95	52.44444444444444
NM_001182522.1	13	25	29	40	58	58	86	78	85	52.44444444444444
NM_001180973.3	6	23	40	36	53	72	66	93	84	52.55555555555556
NM_001183585.3	11	24	26	41	62	52	71	83	103	52.55555555555556
NM_001179760.1	7	23	37	52	50	48	79	83	95	52.666666666666664
NM_001181986.1	7	16	22	42	67	54	75	85	106	52.666666666666664
NM_001181491.1	11	35	33	38	51	60	70	78	99	52.77777777777778
NM_001182152.1	14	25	32	38	58	71	76	84	77	52.77777777777778
NM_001183861.1	11	17	28	53	42	64	72	78	110	52.77777777777778
NM_001180280.1	10	21	24	40	58	60	78	85	100	52.888888888888886
NM_001182024.1	7	23	36	36	53	57	95	76	93	52.888888888888886
NM_001184296.1	15	18	31	40	55	54	79	88	96	52.888888888888886
NM_001183197.3	6	23	25	60	54	60	87	76	85	52.888888888888886
NM_001183038.1	7	27	42	44	48	65	71	77	96	53.0
NM_001178479.3	15	22	31	41	57	56	76	82	97	53.0
NM_001182790.1	10	16	25	41	60	60	80	78	107	53.0
NM_001179972.1	13	19	29	43	52	76	76	75	94	53.0
NM_001182314.1	11	18	29	42	45	67	72	86	107	53.0
NM_001183909.1	15	20	38	47	54	65	65	87	86	53.0
NM_001178467.1	6	26	21	45	56	69	70	88	96	53.0
NM_001183934.1	10	21	27	45	66	66	76	80	87	53.111111111111114
NM_001183445.1	13	18	38	41	52	60	76	85	95	53.111111111111114
NM_001183854.1	8	20	35	51	49	61	82	78	94	53.111111111111114
NM_001182935.3	10	23	32	46	49	60	79	90	89	53.111111111111114
NM_001179614.1	4	21	37	45	52	61	85	82	92	53.22222222222222
NM_001181386.3	10	20	36	49	48	69	66	85	97	53.333333333333336
NM_001179268.1	7	21	34	30	55	71	73	95	94	53.333333333333336
NM_001182677.1	6	23	30	45	57	59	70	88	102	53.333333333333336
NM_001178951.3	4	18	39	42	53	70	74	84	96	53.333333333333336
NM_001180883.1	14	20	26	36	67	66	79	80	93	53.44444444444444
NM_001179764.2	10	21	34	44	68	55	76	77	96	53.44444444444444
NM_001178346.2	6	19	26	41	50	64	74	98	104	53.55555555555556
NM_001179435.3	10	22	25	40	62	61	79	85	99	53.666666666666664
NM_001183310.1	4	23	29	46	62	66	66	82	106	53.77777777777778
NM_001182562.1	9	29	34	45	57	61	63	92	95	53.888888888888886
NM_001180594.3	9	27	30	51	64	55	74	83	92	53.888888888888886
NM_001178545.1	13	26	26	40	50	62	70	91	107	53.888888888888886
NM_001178536.3	10	25	38	45	47	67	77	78	98	53.888888888888886
NM_001179674.1	10	22	32	42	60	61	72	102	85	54.0
NM_001181711.3	6	20	22	44	67	62	67	92	106	54.0
NM_001181335.3	11	22	37	52	46	49	80	94	97	54.22222222222222
NM_001182215.1	6	28	34	55	52	68	73	88	85	54.333333333333336
NM_001183911.1	13	22	31	47	48	53	78	90	108	54.44444444444444
NM_001178155.2	9	20	30	44	53	63	75	96	100	54.44444444444444
NM_001180870.1	10	24	29	38	52	71	81	86	99	54.44444444444444
NM_001179829.3	10	21	40	45	42	70	71	98	93	54.44444444444444
NM_001179088.1	11	25	26	46	56	65	78	76	108	54.55555555555556
NM_001182769.2	11	24	34	39	42	69	71	102	99	54.55555555555556
NM_001178254.2	11	27	32	45	52	66	79	85	95	54.666666666666664
NM_001180489.1	10	19	43	47	51	71	72	90	89	54.666666666666664
NM_001180387.1	13	19	38	43	52	67	69	92	99	54.666666666666664
NM_001180576.1	11	22	39	43	59	55	73	95	97	54.888888888888886
NM_001180678.3	12	22	41	51	59	77	73	74	85	54.888888888888886
NM_001183441.1	12	23	27	46	54	62	72	96	103	55.0
NM_001179827.3	12	24	32	44	70	61	79	82	91	55.0
NM_001182718.1	8	21	35	43	47	74	69	100	98	55.0
NM_001181164.1	9	18	32	39	63	70	70	97	97	55.0
NM_001183523.1	9	14	41	49	46	71	82	83	102	55.22222222222222
NM_001184128.1	11	19	29	43	58	58	77	95	107	55.22222222222222
NM_001183918.1	13	22	36	43	56	64	76	85	102	55.22222222222222
NM_001182731.1	11	19	33	32	59	67	85	87	106	55.44444444444444
NM_001180627.1	9	24	36	36	58	67	68	88	113	55.44444444444444
NM_001178462.1	7	21	40	40	58	67	77	90	99	55.44444444444444
NM_001183843.1	10	31	31	36	58	60	83	91	100	55.55555555555556
NM_001180157.1	7	27	36	36	64	57	87	94	93	55.666666666666664
NM_001181560.1	14	17	34	46	58	67	85	82	98	55.666666666666664
NM_001180786.3	16	26	38	45	47	66	77	89	97	55.666666666666664
NM_001178468.3	8	24	40	55	44	60	80	81	109	55.666666666666664
NM_001181559.1	11	26	38	44	56	57	75	95	100	55.77777777777778
NM_001181492.1	11	26	23	48	59	67	87	84	97	55.77777777777778
NM_001183225.3	14	29	31	51	62	68	74	85	88	55.77777777777778
NM_001183986.1	7	23	35	43	50	75	82	88	99	55.77777777777778
NM_001180683.1	15	24	31	48	53	68	82	89	92	55.77777777777778
NM_001178353.1	15	24	35	46	51	63	91	78	99	55.77777777777778
NM_001182781.1	17	17	33	47	72	62	82	80	93	55.888888888888886
NM_001183573.1	10	29	39	45	50	67	68	90	105	55.888888888888886
NM_001181479.1	18	27	29	46	50	72	86	72	104	56.0
NM_001182006.1	10	27	27	55	52	71	82	84	97	56.111111111111114
NM_001178601.1	14	26	38	54	54	61	69	95	94	56.111111111111114
NM_001179072.3	8	22	34	49	53	68	75	84	112	56.111111111111114
NM_001183882.1	13	20	24	44	57	76	88	95	88	56.111111111111114
NM_001183336.1	10	23	33	46	46	75	80	91	102	56.22222222222222
NM_001179115.1	14	16	29	42	57	69	83	88	108	56.22222222222222
NM_001180613.1	5	15	36	35	63	59	76	103	114	56.22222222222222
NM_001181279.1	6	20	34	40	48	74	92	90	103	56.333333333333336
NM_001178877.3	8	19	33	53	51	73	83	98	90	56.44444444444444
NM_001180624.3	15	17	43	45	55	60	95	90	88	56.44444444444444
NM_001183739.1	17	26	28	40	58	61	68	97	113	56.44444444444444
NM_001179939.1	11	20	34	50	54	77	69	97	96	56.44444444444444
NM_001181929.1	13	23	39	47	54	64	82	79	108	56.55555555555556
NM_001178746.1	12	24	36	45	58	66	85	86	97	56.55555555555556
NM_001180544.1	12	18	33	45	59	67	71	85	120	56.666666666666664
NM_001182125.1	13	29	43	42	55	57	77	88	106	56.666666666666664
NM_001181708.3	13	17	42	47	59	67	82	87	96	56.666666666666664
NM_001179690.1	8	24	29	41	60	73	78	87	110	56.666666666666664
NM_001183711.3	15	22	33	54	53	54	79	96	105	56.77777777777778
NM_001183453.1	7	29	26	46	56	72	83	90	102	56.77777777777778
NM_001182459.1	6	21	36	49	50	69	79	96	105	56.77777777777778
NM_001178300.1	7	24	30	50	57	65	83	92	103	56.77777777777778
NM_001183878.1	12	22	39	34	59	67	88	96	94	56.77777777777778
NM_001181535.1	12	22	40	45	53	66	77	101	98	57.111111111111114
NM_001178821.1	17	25	37	38	50	74	78	101	95	57.22222222222222
NM_001178654.1	7	21	39	38	51	61	86	111	102	57.333333333333336
NM_001183903.1	17	18	27	49	51	63	83	90	118	57.333333333333336
NM_001183946.1	11	27	31	46	65	54	88	100	95	57.44444444444444
NM_001179029.3	16	28	27	55	55	53	94	89	101	57.55555555555556
NM_001183828.1	7	23	27	42	57	85	90	88	100	57.666666666666664
NM_001183840.1	5	26	36	45	63	72	83	89	100	57.666666666666664
NM_001178952.2	10	22	41	39	53	70	81	97	106	57.666666666666664
NM_001181760.1	13	29	37	46	54	68	89	83	101	57.77777777777778
NM_001179507.1	10	21	40	42	56	74	73	102	103	57.888888888888886
NM_001181206.1	10	26	30	49	57	78	84	80	107	57.888888888888886
NM_001184164.1	10	25	36	46	62	63	77	93	110	58.0
NM_001179540.1	19	19	24	51	47	77	83	89	113	58.0
NM_001182794.1	7	25	42	44	49	69	88	94	105	58.111111111111114
NM_001179357.3	9	28	41	43	57	78	74	90	104	58.22222222222222
NM_001180375.1	10	18	40	46	53	73	82	94	108	58.22222222222222
NM_001182974.1	11	25	43	54	61	68	78	84	101	58.333333333333336
NM_001179484.1	9	28	32	48	65	73	88	88	94	58.333333333333336
NM_001183954.1	11	26	36	51	60	71	72	89	109	58.333333333333336
NM_001184481.1	14	19	29	51	55	76	90	90	101	58.333333333333336
NM_001179446.3	7	17	38	56	63	66	84	85	109	58.333333333333336
NM_001184212.1	13	21	30	51	59	85	80	83	106	58.666666666666664
NM_001181839.1	13	26	30	57	60	57	74	97	114	58.666666666666664
NM_001183693.3	19	26	36	51	57	61	73	95	110	58.666666666666664
NM_001183744.3	11	23	45	46	56	74	86	95	93	58.77777777777778
NM_001180556.1	11	19	37	36	60	66	90	93	117	58.77777777777778
NM_001178603.3	12	23	37	57	54	67	84	89	106	58.77777777777778
NM_001178306.1	15	26	28	54	50	70	90	98	99	58.888888888888886
NM_001179773.1	15	23	28	44	65	83	89	85	98	58.888888888888886
NM_001180508.3	12	24	32	43	66	80	77	85	112	59.0
NM_001184395.1	17	26	36	49	54	71	86	99	94	59.111111111111114
NM_001178212.1	18	25	39	44	61	73	84	83	105	59.111111111111114
NM_001182812.1	6	25	38	53	51	77	86	105	91	59.111111111111114
NM_001180781.3	9	19	28	50	59	82	73	92	120	59.111111111111114
NM_001178970.1	18	26	38	42	51	75	84	96	102	59.111111111111114
NM_001182921.1	13	22	35	40	61	76	81	96	109	59.22222222222222
NM_001178624.3	8	24	34	36	63	68	85	103	112	59.22222222222222
NM_001182241.1	9	16	31	48	62	70	82	94	122	59.333333333333336
NM_001183530.3	14	22	27	51	65	74	94	90	97	59.333333333333336
NM_001178585.1	9	18	28	36	64	67	87	107	119	59.44444444444444
NM_001182658.1	14	22	37	51	49	80	73	95	116	59.666666666666664
NM_001178498.1	13	30	30	54	61	74	73	94	108	59.666666666666664
NM_001180230.1	12	32	39	51	67	58	71	91	116	59.666666666666664
NM_001179099.1	13	25	32	56	64	60	82	94	112	59.77777777777778
NM_001180001.1	14	23	34	41	66	81	81	86	113	59.888888888888886
NM_001180491.3	7	19	32	61	60	62	82	97	119	59.888888888888886
NM_001181858.1	13	16	44	52	48	72	86	103	106	60.0
NM_001182435.1	11	20	40	37	61	78	81	96	116	60.0
NM_001178509.3	18	28	40	52	59	60	90	95	98	60.0
NM_001181770.3	13	24	39	39	73	76	94	87	97	60.22222222222222
NM_001179506.3	18	26	38	41	60	74	72	97	116	60.22222222222222
NM_001178605.1	14	23	40	47	48	79	86	103	102	60.22222222222222
NM_001184118.1	12	29	31	44	50	81	89	106	101	60.333333333333336
NM_001184067.1	9	21	31	46	58	66	81	108	123	60.333333333333336
NM_001183494.1	13	22	42	45	63	80	87	87	105	60.44444444444444
NM_001183279.1	9	27	40	47	49	83	82	103	104	60.44444444444444
NM_001179118.1	18	23	39	43	64	80	71	103	104	60.55555555555556
NM_001183989.1	12	25	39	47	58	81	71	102	111	60.666666666666664
NM_001183298.1	11	27	44	44	64	70	80	91	115	60.666666666666664
NM_001178177.1	9	27	43	37	59	72	79	116	104	60.666666666666664
NM_001183217.3	14	14	48	49	54	73	98	84	113	60.77777777777778
NM_001183525.1	15	25	32	48	61	85	86	89	106	60.77777777777778
NM_001182859.1	11	28	37	51	56	72	91	93	108	60.77777777777778
NM_001182313.3	11	25	38	52	51	72	83	99	116	60.77777777777778
NM_001182491.1	15	20	36	53	58	70	86	108	101	60.77777777777778
NM_001180438.1	13	30	30	51	56	73	90	97	108	60.888888888888886
NM_001183549.4	12	29	50	49	54	75	83	91	105	60.888888888888886
NM_001179499.1	10	27	31	54	64	72	85	96	110	61.0
NM_001180729.1	21	23	37	53	60	55	85	102	113	61.0
NM_001180480.3	11	24	40	43	60	70	90	101	110	61.0
NM_001180806.3	11	23	30	46	56	75	88	98	122	61.0
NM_001178663.1	12	25	43	53	60	73	86	91	107	61.111111111111114
NM_001182708.1	7	24	33	56	53	85	78	101	114	61.22222222222222
NM_001178192.2	14	21	30	61	51	75	92	93	114	61.22222222222222
NM_001181677.3	13	27	43	47	62	62	85	101	112	61.333333333333336
NM_001180700.1	9	23	32	44	66	73	77	107	122	61.44444444444444
NM_001184659.3	16	35	29	48	66	74	87	92	107	61.55555555555556
NM_001181073.2	10	18	40	52	70	72	87	92	113	61.55555555555556
NM_001183952.1	13	34	32	48	66	73	68	118	102	61.55555555555556
NM_001181249.1	9	20	34	60	64	75	91	95	107	61.666666666666664
NM_001181175.3	19	24	37	52	61	67	90	104	101	61.666666666666664
NM_001181464.3	12	31	32	37	62	85	83	98	115	61.666666666666664
NM_001178779.1	13	23	37	46	59	72	98	103	106	61.888888888888886
NM_001180989.2	16	33	28	50	72	63	87	99	109	61.888888888888886
NM_001184237.1	9	31	35	50	55	80	79	101	117	61.888888888888886
NM_001181231.3	9	31	34	55	69	81	67	102	109	61.888888888888886
NM_001181092.1	6	16	39	45	63	74	97	92	125	61.888888888888886
NM_001179873.1	15	35	34	55	47	79	93	87	112	61.888888888888886
NM_001184271.1	11	28	35	47	79	69	84	94	111	62.0
NM_001181739.3	9	22	38	35	55	84	95	93	127	62.0
NM_001184007.1	12	21	37	55	66	73	82	98	115	62.111111111111114
NM_001181713.1	17	26	34	55	64	73	97	100	94	62.22222222222222
NM_001178795.1	16	21	37	45	70	67	95	93	117	62.333333333333336
NM_001178833.1	16	25	34	45	75	79	94	93	100	62.333333333333336
NM_001181308.1	9	33	24	37	70	76	84	108	121	62.44444444444444
NM_001178978.1	15	33	29	50	72	63	91	89	120	62.44444444444444
NM_001179854.1	12	23	41	48	56	99	92	89	102	62.44444444444444
NM_001179060.3	12	20	39	56	54	82	89	102	109	62.55555555555556
NM_001181613.1	8	24	37	44	63	87	82	100	118	62.55555555555556
NM_001178453.1	7	31	34	49	72	68	99	95	108	62.55555555555556
NM_001182682.1	11	30	35	53	58	70	87	106	113	62.55555555555556
NM_001178626.1	16	27	36	49	45	89	83	105	114	62.666666666666664
NM_001180269.1	15	24	40	60	59	81	96	90	99	62.666666666666664
NM_001178250.1	14	25	39	54	61	76	104	95	97	62.77777777777778
NM_001184679.1	9	30	48	44	67	71	81	105	110	62.77777777777778
NM_001180417.3	13	27	46	52	69	66	83	96	113	62.77777777777778
NM_001180321.3	17	29	40	54	59	67	90	96	113	62.77777777777778
NM_001179641.1	11	30	36	61	52	78	86	93	119	62.888888888888886
NM_001181588.1	12	28	29	49	62	81	81	104	121	63.0
NM_001182789.1	16	29	34	49	56	74	86	99	124	63.0
NM_001180819.3	12	26	42	54	50	71	92	107	114	63.111111111111114
NM_001181197.1	11	27	41	55	68	74	86	91	115	63.111111111111114
NM_001184033.1	20	22	37	56	69	76	87	102	99	63.111111111111114
NM_001183392.2	16	26	44	52	63	65	89	104	110	63.22222222222222
NM_001180963.1	9	22	40	58	62	74	88	109	107	63.22222222222222
NM_001181157.3	8	22	49	50	57	70	99	101	113	63.22222222222222
NM_001183142.1	12	27	33	57	73	75	92	91	110	63.333333333333336
NM_001181031.3	10	20	37	57	74	72	85	113	102	63.333333333333336
NM_001179994.1	11	33	37	39	71	63	90	108	119	63.44444444444444
NM_001180677.3	12	28	35	39	73	78	99	86	121	63.44444444444444
NM_001183473.1	11	18	54	46	67	68	80	115	112	63.44444444444444
NM_001183917.1	17	23	42	60	67	63	82	106	112	63.55555555555556
NM_001178369.1	8	24	44	58	63	79	80	109	107	63.55555555555556
NM_001184469.3	15	24	37	57	74	76	97	88	104	63.55555555555556
NM_001183318.1	9	33	33	53	74	70	95	90	115	63.55555555555556
NM_001180869.3	12	25	36	58	61	76	80	99	126	63.666666666666664
NM_001182126.1	8	28	39	42	66	81	85	116	108	63.666666666666664
NM_001181755.3	17	23	19	55	54	83	90	108	125	63.77777777777778
NM_001181251.3	8	18	38	53	75	75	84	116	108	63.888888888888886
NM_001181169.3	13	34	40	56	67	69	85	106	105	63.888888888888886
NM_001182915.1	9	24	45	53	65	73	79	114	113	63.888888888888886
NM_001184235.1	10	22	33	56	68	72	84	115	116	64.0
NM_001182668.1	12	29	46	48	60	89	85	98	109	64.0
NM_001181903.1	18	25	35	51	55	79	76	119	118	64.0
NM_001180875.1	18	29	31	63	56	78	85	87	130	64.11111111111111
NM_001182234.1	12	32	40	56	55	81	84	96	121	64.11111111111111
NM_001184537.1	16	22	34	58	68	81	96	109	93	64.11111111111111
NM_001183204.1	12	22	42	48	73	70	85	112	113	64.11111111111111
NM_001178324.2	8	30	38	54	65	74	86	97	125	64.11111111111111
NM_001182065.1	12	19	34	44	67	69	95	112	125	64.11111111111111
NM_001184100.1	13	29	39	48	58	98	93	88	111	64.11111111111111
NM_001181693.1	11	29	38	71	61	71	84	112	102	64.33333333333333
NM_001183354.1	8	27	41	62	69	70	83	107	113	64.44444444444444
NM_001183163.1	11	16	42	46	60	77	87	112	129	64.44444444444444
NM_001183490.1	22	33	43	57	62	69	96	94	106	64.66666666666667
NM_001178968.1	11	25	42	57	80	64	90	104	109	64.66666666666667
NM_001179715.1	16	33	40	50	64	77	103	93	107	64.77777777777777
NM_001183436.1	17	31	43	48	70	74	85	101	114	64.77777777777777
NM_001181480.3	16	27	48	49	55	91	72	106	120	64.88888888888889
NM_001178784.1	17	27	40	52	59	72	97	100	120	64.88888888888889
NM_001182378.1	13	31	37	64	52	75	95	116	103	65.11111111111111
NM_001182272.1	12	27	40	53	62	73	91	112	118	65.33333333333333
NM_001184461.1	14	30	39	65	57	80	97	91	116	65.44444444444444
NM_001178486.2	9	30	45	70	58	72	91	89	125	65.44444444444444
NM_001180868.1	12	26	37	53	60	78	89	107	127	65.44444444444444
NM_001182212.1	14	23	41	50	69	82	92	100	118	65.44444444444444
NM_001182186.1	16	21	37	59	52	80	90	105	130	65.55555555555556
NM_001431138.1	13	22	54	40	69	80	81	112	119	65.55555555555556
NM_001184055.1	12	23	34	58	69	73	106	105	110	65.55555555555556
NM_001184529.1	16	31	41	55	66	80	82	104	116	65.66666666666667
NM_001181788.1	8	23	34	49	63	75	99	130	110	65.66666666666667
NM_001184530.1	12	34	43	53	64	71	94	100	120	65.66666666666667
NM_001183568.4	21	19	38	50	65	87	74	109	128	65.66666666666667
NM_001178185.1	18	27	34	47	64	86	91	99	125	65.66666666666667
NM_001179250.1	14	26	31	60	75	73	85	118	110	65.77777777777777
NM_001183805.3	11	30	44	51	70	81	87	95	124	65.88888888888889
NM_001183296.1	18	28	39	53	64	70	95	111	116	66.0
NM_001179809.3	18	22	35	52	63	83	97	100	124	66.0
NM_001179032.1	20	19	43	56	58	84	93	97	124	66.0
NM_001181626.1	11	22	36	51	64	92	99	94	126	66.11111111111111
NM_001182598.1	11	29	35	45	65	94	86	116	114	66.11111111111111
NM_001178694.1	18	27	34	43	67	91	88	110	118	66.22222222222223
NM_001181368.3	16	27	36	59	53	92	96	114	104	66.33333333333333
NM_001182361.1	18	20	41	54	57	79	97	109	122	66.33333333333333
NM_001180328.3	9	23	47	60	63	90	93	100	113	66.44444444444444
NM_001181103.1	14	26	30	50	75	81	102	105	115	66.44444444444444
NM_001182305.3	17	31	43	44	70	84	92	108	110	66.55555555555556
NM_001184257.1	10	25	39	55	72	74	90	115	119	66.55555555555556
NM_001178622.1	16	29	34	45	66	78	100	105	126	66.55555555555556
NM_001179191.1	19	29	39	51	57	81	96	103	124	66.55555555555556
NM_001183804.1	13	24	45	49	62	82	84	110	130	66.55555555555556
NM_001179845.3	16	24	32	53	68	80	95	104	127	66.55555555555556
NM_001184114.1	10	25	44	43	76	65	92	122	123	66.66666666666667
NM_001181923.1	9	31	46	63	63	72	97	94	125	66.66666666666667
NM_001179411.1	14	23	38	47	76	80	91	113	118	66.66666666666667
NM_001181323.3	13	26	37	54	82	62	85	112	129	66.66666666666667
NM_001178589.1	11	16	37	63	62	95	100	99	118	66.77777777777777
NM_001179352.3	8	28	39	62	67	82	92	104	119	66.77777777777777
NM_001178318.1	11	25	41	51	71	84	94	96	129	66.88888888888889
NM_001179742.1	15	30	50	48	59	88	90	109	113	66.88888888888889
NM_001178193.1	16	19	46	46	65	82	95	106	128	67.0
NM_001182911.1	13	27	55	45	75	77	100	93	119	67.11111111111111
NM_001182462.1	10	32	36	60	58	86	91	107	124	67.11111111111111
NM_001184283.1	14	28	36	49	84	65	101	105	122	67.11111111111111
NM_001183563.3	22	28	37	49	54	81	106	104	124	67.22222222222223
NM_001181570.1	19	33	39	57	62	71	90	109	125	67.22222222222223
NM_001179589.4	11	29	34	48	74	79	106	103	121	67.22222222222223
NM_001181714.3	14	24	39	54	68	89	98	104	116	67.33333333333333
NM_001178672.1	13	19	43	66	56	73	108	109	119	67.33333333333333
NM_001182747.1	19	33	40	53	76	70	95	106	115	67.44444444444444
NM_001179297.1	15	20	37	54	80	76	89	119	118	67.55555555555556
NM_001184028.1	13	31	61	54	62	75	95	96	122	67.66666666666667
NM_001182026.1	11	27	43	53	65	86	95	110	119	67.66666666666667
NM_001178484.3	16	25	50	52	62	89	95	106	114	67.66666666666667
NM_001178541.3	15	22	37	54	69	70	100	120	124	67.88888888888889
NM_001431142.1	9	31	57	63	65	73	87	105	121	67.88888888888889
NM_001179396.1	15	33	41	49	67	74	101	106	125	67.88888888888889
NM_001182696.1	16	30	30	51	76	80	112	100	117	68.0
NM_001178199.2	15	30	36	60	73	82	94	106	116	68.0
NM_001178826.1	23	28	33	45	71	95	108	98	111	68.0
NM_001178962.3	13	32	52	57	65	78	86	112	117	68.0
NM_001179826.2	14	28	38	63	66	80	100	103	120	68.0
NM_001183328.1	15	36	41	45	59	73	112	109	123	68.11111111111111
NM_001184520.1	16	29	43	58	65	88	92	103	119	68.11111111111111
NM_001180419.1	15	28	35	47	64	78	92	122	133	68.22222222222223
NM_001179266.1	14	34	38	49	73	71	95	111	129	68.22222222222223
NM_001178573.1	7	24	44	48	74	88	89	116	125	68.33333333333333
NM_001179655.1	15	29	38	64	64	83	95	99	129	68.44444444444444
NM_001183083.1	23	29	41	58	79	73	96	105	112	68.44444444444444
NM_001184179.1	19	21	40	54	58	93	93	115	124	68.55555555555556
NM_001183329.2	11	29	35	53	78	79	100	108	124	68.55555555555556
NM_001178414.1	15	26	33	60	84	71	95	108	126	68.66666666666667
NM_001181332.1	18	37	51	45	61	80	102	100	124	68.66666666666667
NM_001181595.1	13	21	44	58	75	73	106	107	121	68.66666666666667
NM_001178513.1	10	28	43	51	73	78	99	109	128	68.77777777777777
NM_001181407.3	17	28	45	56	68	85	95	100	125	68.77777777777777
NM_001180722.4	9	30	55	55	60	86	92	108	124	68.77777777777777
NM_001181387.1	11	23	48	45	73	89	85	109	137	68.88888888888889
NM_001178559.3	14	24	42	47	66	84	118	100	126	69.0
NM_001180744.1	17	28	40	53	74	82	96	105	127	69.11111111111111
NM_001178418.1	11	34	56	48	67	93	90	112	111	69.11111111111111
NM_001179498.1	8	33	34	53	69	84	109	105	127	69.11111111111111
NM_001182776.1	12	34	48	55	67	75	98	103	131	69.22222222222223
NM_001181827.1	7	17	48	51	73	100	85	108	135	69.33333333333333
NM_001178742.1	19	21	43	47	60	89	100	110	135	69.33333333333333
NM_001180192.1	23	25	51	58	68	76	85	120	118	69.33333333333333
NM_001180828.3	8	29	38	48	68	90	99	128	117	69.44444444444444
NM_001179455.1	16	36	42	60	75	78	86	100	134	69.66666666666667
NM_001179303.1	13	24	52	51	65	89	83	114	136	69.66666666666667
NM_001180679.1	17	23	45	49	73	87	87	120	127	69.77777777777777
NM_001183883.1	7	33	39	51	69	83	99	119	128	69.77777777777777
NM_001180076.3	10	26	46	63	66	94	77	110	137	69.88888888888889
NM_001181205.1	10	24	37	60	69	85	96	117	131	69.88888888888889
NM_001182205.1	10	35	50	56	59	72	106	119	123	70.0
NM_001180202.1	11	29	49	44	60	91	90	123	133	70.0
NM_001181620.1	11	25	40	53	71	88	98	118	126	70.0
NM_001181227.3	10	28	40	66	71	76	107	112	121	70.11111111111111
NM_001181969.1	16	32	40	57	64	72	96	117	138	70.22222222222223
NM_001183326.1	12	33	38	53	53	97	112	115	119	70.22222222222223
NM_001181692.1	12	25	43	50	69	90	112	107	124	70.22222222222223
NM_001181499.3	9	20	36	64	69	87	94	115	140	70.44444444444444
NM_001183879.1	12	30	46	55	74	76	103	116	122	70.44444444444444
NM_001183871.1	18	29	51	60	61	85	94	110	128	70.66666666666667
NM_001181566.1	13	35	38	49	68	81	103	111	138	70.66666666666667
NM_001180509.3	12	22	50	55	63	88	97	124	125	70.66666666666667
NM_001182612.1	13	28	42	54	85	88	87	107	132	70.66666666666667
NM_001179208.1	12	29	52	65	74	77	86	113	129	70.77777777777777
NM_001179329.1	8	36	43	55	68	89	97	119	123	70.88888888888889
NM_001179811.4	18	23	44	58	83	83	83	104	142	70.88888888888889
NM_001184282.1	15	26	48	64	62	79	107	108	130	71.0
NM_001182775.1	17	36	46	69	71	77	110	106	107	71.0
NM_001181093.1	14	28	44	56	81	76	98	126	116	71.0
NM_001180539.1	16	25	37	60	77	82	92	108	142	71.0
NM_001182279.3	11	29	42	60	66	62	114	119	137	71.11111111111111
NM_001179298.1	18	29	40	46	82	72	92	116	145	71.11111111111111
NM_001183088.1	16	23	48	51	63	88	98	124	129	71.11111111111111
NM_001183965.1	11	24	39	55	67	96	113	119	117	71.22222222222223
NM_001178737.1	12	22	39	65	60	79	102	128	134	71.22222222222223
NM_001178402.1	10	33	45	51	70	88	97	110	137	71.22222222222223
NM_001179322.3	9	28	40	51	63	80	103	118	149	71.22222222222223
NM_001180929.1	15	25	39	55	75	82	95	119	137	71.33333333333333
NM_001178785.1	14	21	40	50	89	77	109	113	129	71.33333333333333
NM_001184672.1	20	23	44	55	79	86	83	121	131	71.33333333333333
NM_001178504.3	18	26	38	55	71	89	88	118	140	71.44444444444444
NM_001180990.1	13	30	36	58	78	81	113	114	120	71.44444444444444
NM_001181114.1	16	23	40	52	61	83	120	123	126	71.55555555555556
NM_001180749.3	14	35	39	62	63	88	98	114	131	71.55555555555556
NM_001183964.1	12	24	43	60	76	88	96	115	130	71.55555555555556
NM_001180646.1	17	24	42	59	66	82	108	119	127	71.55555555555556
NM_001178610.3	15	20	43	51	66	86	107	117	140	71.66666666666667
NM_001180797.3	12	28	56	61	67	76	96	121	128	71.66666666666667
NM_001179282.1	19	35	48	48	69	88	97	127	114	71.66666666666667
NM_001181562.1	15	36	39	51	78	81	100	105	140	71.66666666666667
NM_001181437.1	14	29	41	40	75	78	115	119	135	71.77777777777777
NM_001183113.1	16	18	39	73	71	81	112	111	126	71.88888888888889
NM_001183608.1	17	22	48	57	71	81	93	133	126	72.0
NM_001180587.3	20	30	35	64	64	89	88	120	139	72.11111111111111
NM_001183063.1	8	22	39	54	73	105	103	115	130	72.11111111111111
NM_001181688.3	13	32	48	52	72	91	101	115	125	72.11111111111111
NM_001181121.1	11	38	43	71	65	78	105	122	116	72.11111111111111
NM_001182918.1	13	34	48	57	75	82	93	111	137	72.22222222222223
NM_001179810.1	9	42	50	50	64	88	102	109	136	72.22222222222223
NM_001183834.1	13	32	40	57	73	90	96	121	128	72.22222222222223
NM_001180912.1	13	23	41	45	69	85	109	121	144	72.22222222222223
NM_001183262.1	8	27	40	54	70	89	122	110	131	72.33333333333333
NM_001182509.1	11	28	36	58	73	100	91	118	137	72.44444444444444
NM_001182685.1	15	29	32	54	68	89	112	129	125	72.55555555555556
NM_001181159.1	15	38	53	51	87	87	94	111	118	72.66666666666667
NM_001183201.3	21	27	47	50	70	97	108	109	125	72.66666666666667
NM_001180699.3	14	26	55	61	65	77	102	107	148	72.77777777777777
NM_001180918.1	21	31	42	62	64	91	101	113	131	72.88888888888889
NM_001180240.1	10	26	40	69	75	87	101	115	133	72.88888888888889
NM_001181972.1	15	23	41	50	73	88	97	129	140	72.88888888888889
NM_001182646.1	10	30	47	64	78	82	107	123	116	73.0
NM_001179184.1	11	36	45	58	71	83	114	109	130	73.0
NM_001181725.1	12	31	44	64	76	91	104	118	118	73.11111111111111
NM_001180149.1	12	29	48	53	73	97	88	123	135	73.11111111111111
NM_001182458.1	14	29	46	54	66	96	109	107	137	73.11111111111111
NM_001182558.1	16	32	43	76	61	87	103	110	131	73.22222222222223
NM_001178354.1	19	26	48	49	59	91	105	125	138	73.33333333333333
NM_001182671.1	8	28	47	57	87	87	94	118	135	73.44444444444444
NM_001181990.1	11	27	40	59	79	86	100	117	142	73.44444444444444
NM_001181228.3	18	20	45	55	72	96	115	108	133	73.55555555555556
NM_001179220.1	19	30	41	60	68	94	104	111	135	73.55555555555556
NM_001180801.1	17	35	36	50	72	84	115	117	137	73.66666666666667
NM_001181123.1	10	24	47	59	83	86	95	134	125	73.66666666666667
NM_001180334.3	19	34	42	54	76	82	113	126	118	73.77777777777777
NM_001183322.1	15	31	37	55	73	95	104	124	130	73.77777777777777
NM_001183131.1	19	32	45	66	71	90	92	122	128	73.88888888888889
NM_001183149.1	15	27	47	60	68	89	88	121	150	73.88888888888889
NM_001179381.1	16	21	50	58	74	93	96	114	143	73.88888888888889
NM_001184061.1	8	41	37	62	73	82	101	125	136	73.88888888888889
NM_001180072.3	19	34	40	59	78	91	100	119	126	74.0
NM_001178792.1	10	26	46	63	73	78	122	119	129	74.0
NM_001183447.1	27	35	55	62	70	77	100	116	126	74.22222222222223
NM_001182253.3	10	30	42	64	72	93	108	117	132	74.22222222222223
NM_001180614.1	19	33	41	52	82	87	105	112	137	74.22222222222223
NM_001178169.1	12	25	42	57	73	96	107	122	134	74.22222222222223
NM_001183575.1	11	27	63	50	84	75	99	123	137	74.33333333333333
NM_001182271.3	12	38	46	45	72	95	101	125	137	74.55555555555556
NM_001184313.1	11	35	41	52	73	90	114	110	146	74.66666666666667
NM_001183209.3	13	33	44	68	81	82	100	122	130	74.77777777777777
NM_001183593.3	9	33	45	65	71	80	118	125	127	74.77777777777777
NM_001178176.1	15	39	38	68	78	91	110	99	135	74.77777777777777
NM_001182216.1	17	27	45	61	80	89	97	113	145	74.88888888888889
NM_001182945.3	16	37	33	78	67	87	105	122	130	75.0
NM_001184115.1	18	34	41	63	84	79	103	119	134	75.0
NM_001182113.1	16	26	41	63	74	79	110	114	152	75.0
NM_001182545.1	12	33	48	64	78	89	88	120	144	75.11111111111111
NM_001182735.1	17	26	42	65	69	100	110	111	136	75.11111111111111
NM_001181832.1	13	30	39	53	88	84	122	122	127	75.33333333333333
NM_001183187.3	22	30	48	68	65	87	92	132	135	75.44444444444444
NM_001178552.2	19	31	43	64	68	84	102	122	146	75.44444444444444
NM_001181774.1	11	37	45	53	79	95	114	114	131	75.44444444444444
NM_001182751.1	14	30	52	59	73	102	99	111	139	75.44444444444444
NM_001183821.1	14	30	47	49	81	94	91	126	149	75.66666666666667
NM_001181974.1	14	37	41	56	76	99	122	112	124	75.66666666666667
NM_001180067.3	13	27	48	60	65	98	118	121	131	75.66666666666667
NM_001179921.1	8	28	47	54	80	94	111	118	143	75.88888888888889
NM_001178992.1	15	29	50	75	77	75	109	108	145	75.88888888888889
NM_001183282.1	16	27	42	59	68	90	118	135	128	75.88888888888889
NM_001182963.1	22	30	53	57	67	81	115	110	149	76.0
NM_001182636.1	10	30	51	56	85	96	101	116	139	76.0
NM_001183400.1	17	33	31	62	91	85	107	122	138	76.22222222222223
NM_001183697.1	14	41	38	69	88	89	96	113	138	76.22222222222223
NM_001181295.1	18	32	50	54	75	92	115	115	135	76.22222222222223
NM_001182903.3	14	32	41	57	82	86	114	122	138	76.22222222222223
NM_001182577.1	15	29	50	54	72	104	105	119	139	76.33333333333333
NM_001180444.1	9	37	34	63	77	94	103	134	136	76.33333333333333
NM_001183967.1	12	35	41	64	89	88	118	113	127	76.33333333333333
NM_001182673.1	21	32	38	73	78	82	101	127	135	76.33333333333333
NM_001179996.2	11	32	48	55	86	93	99	133	130	76.33333333333333
NM_001182524.1	9	29	43	56	72	96	124	119	140	76.44444444444444
NM_001180803.3	15	33	55	61	80	83	107	115	140	76.55555555555556
NM_001180095.1	15	31	52	69	71	92	104	110	146	76.66666666666667
NM_001181345.1	8	37	45	58	82	98	106	121	135	76.66666666666667
NM_001179335.3	14	31	35	70	67	100	113	120	140	76.66666666666667
NM_001183581.3	18	20	54	65	87	86	108	123	130	76.77777777777777
NM_001184204.1	16	35	42	64	76	82	110	114	152	76.77777777777777
NM_001180216.1	17	33	48	62	80	86	117	110	139	76.88888888888889
NM_001182092.1	11	33	46	69	77	88	107	121	140	76.88888888888889
NM_001181668.3	16	36	49	67	77	86	102	117	142	76.88888888888889
NM_001183267.1	12	26	48	49	88	92	106	129	144	77.11111111111111
NM_001181482.3	14	30	44	70	81	83	112	117	143	77.11111111111111
NM_001181579.1	19	27	45	61	76	86	101	136	144	77.22222222222223
NM_001182063.1	21	31	49	61	76	85	110	122	140	77.22222222222223
NM_001178217.1	19	28	45	58	74	90	114	133	134	77.22222222222223
NM_001182399.1	22	34	49	50	90	70	107	117	157	77.33333333333333
NM_001183825.1	12	31	47	57	81	107	107	117	137	77.33333333333333
NM_001182245.1	19	24	54	66	66	101	100	125	142	77.44444444444444
NM_001182097.1	9	35	51	49	91	100	108	128	126	77.44444444444444
NM_001183910.1	18	29	47	61	77	88	102	128	147	77.44444444444444
NM_001184146.1	19	27	42	59	81	107	108	131	123	77.44444444444444
NM_001180595.3	12	38	40	65	79	103	107	115	139	77.55555555555556
NM_001182495.1	13	32	39	58	74	101	96	140	145	77.55555555555556
NM_001178303.1	11	44	49	66	63	89	107	125	144	77.55555555555556
NM_001183976.1	14	34	55	49	79	85	98	137	149	77.77777777777777
NM_001180926.1	18	37	52	59	84	99	109	105	137	77.77777777777777
NM_001183167.1	17	40	49	67	70	98	103	123	134	77.88888888888889
NM_001180777.3	17	29	47	49	77	92	118	135	137	77.88888888888889
NM_001183642.3	6	30	53	73	71	86	103	126	153	77.88888888888889
NM_001180728.1	7	21	40	66	79	81	135	135	138	78.0
NM_001182008.1	13	28	45	65	81	87	114	128	141	78.0
NM_001183757.3	15	36	49	63	75	80	108	136	141	78.11111111111111
NM_001179734.1	21	29	63	64	84	79	116	119	128	78.11111111111111
NM_001181545.2	15	35	47	70	76	98	110	126	127	78.22222222222223
NM_001181028.1	25	23	40	54	70	101	117	120	155	78.33333333333333
NM_001181746.3	15	31	50	56	84	92	98	124	155	78.33333333333333
NM_001180510.1	14	35	41	66	73	101	109	117	149	78.33333333333333
NM_001184522.3	18	38	45	54	101	103	94	119	133	78.33333333333333
NM_001181077.1	16	26	65	56	80	88	116	125	134	78.44444444444444
NM_001182720.1	13	44	46	64	73	100	117	106	144	78.55555555555556
NM_001181769.1	11	42	42	59	71	99	102	140	142	78.66666666666667
NM_001183859.1	17	38	51	55	75	87	105	128	153	78.77777777777777
NM_001180367.1	13	32	41	78	71	95	91	129	160	78.88888888888889
NM_001178261.1	13	36	57	56	91	83	98	131	145	78.88888888888889
NM_001179209.1	9	41	49	66	83	89	115	124	134	78.88888888888889
NM_001180568.1	13	32	47	63	74	95	114	124	148	78.88888888888889
NM_001180548.1	16	23	57	65	86	88	116	126	133	78.88888888888889
NM_001182871.3	17	34	51	61	78	103	86	136	145	79.0
NM_001179682.1	18	33	53	60	70	88	125	123	142	79.11111111111111
NM_001180748.1	20	29	44	61	72	90	111	144	141	79.11111111111111
NM_001183056.1	12	35	46	79	67	98	96	127	152	79.11111111111111
NM_001179797.1	18	31	47	61	77	96	114	120	149	79.22222222222223
NM_001183095.1	9	32	51	60	79	100	102	136	145	79.33333333333333
NM_001181278.1	15	26	45	71	84	106	104	125	138	79.33333333333333
NM_001182421.1	18	35	41	59	69	105	126	124	138	79.44444444444444
NM_001178558.1	18	37	56	65	66	93	115	113	152	79.44444444444444
NM_001180396.3	15	41	61	67	69	107	103	121	132	79.55555555555556
NM_001184198.1	19	31	54	67	86	91	117	112	139	79.55555555555556
NM_001184238.1	14	27	59	63	85	97	108	116	148	79.66666666666667
NM_001184192.1	14	23	43	70	95	97	96	122	157	79.66666666666667
NM_001181525.1	10	23	50	73	89	99	105	117	152	79.77777777777777
NM_001184685.1	13	25	51	60	87	85	124	135	138	79.77777777777777
NM_001178543.1	19	21	56	66	77	100	114	125	140	79.77777777777777
NM_001180543.1	15	25	52	55	83	86	111	146	145	79.77777777777777
NM_001181120.1	20	26	43	69	87	83	117	120	153	79.77777777777777
NM_001178801.1	21	32	35	50	81	93	121	125	160	79.77777777777777
NM_001179853.3	12	23	41	65	86	100	119	132	141	79.88888888888889
NM_001183271.1	16	33	48	58	84	109	117	124	130	79.88888888888889
NM_001179147.1	16	26	43	77	83	91	112	128	143	79.88888888888889
NM_001178716.1	12	42	52	59	71	93	119	126	146	80.0
NM_001183897.1	16	32	51	71	75	96	101	129	150	80.11111111111111
NM_001181178.1	12	38	44	73	84	96	113	129	132	80.11111111111111
NM_001183186.1	14	30	45	64	78	94	110	137	150	80.22222222222223
NM_001183655.1	14	29	43	58	72	90	114	151	152	80.33333333333333
NM_001184536.1	18	23	57	64	85	79	117	123	157	80.33333333333333
NM_001178370.1	16	33	61	63	80	96	115	119	142	80.55555555555556
NM_001183537.1	11	37	36	62	91	89	112	145	142	80.55555555555556
NM_001179532.3	25	30	52	57	81	94	105	124	158	80.66666666666667
NM_001180792.1	12	36	48	56	80	102	109	117	166	80.66666666666667
NM_001180672.3	18	32	49	85	88	89	103	121	142	80.77777777777777
NM_001180733.1	20	35	45	53	70	111	118	113	162	80.77777777777777
NM_001183648.1	12	33	48	67	95	104	125	110	134	80.88888888888889
NM_001182788.1	7	30	48	74	73	125	115	122	135	81.0
NM_001179599.1	15	30	60	74	87	87	118	124	134	81.0
NM_001178670.1	14	27	42	58	85	84	126	134	159	81.0
NM_001180811.3	11	27	47	64	79	88	113	139	163	81.22222222222223
NM_001184208.1	17	37	64	71	77	90	111	131	134	81.33333333333333
NM_001179166.1	18	31	49	53	83	98	121	127	153	81.44444444444444
NM_001180751.3	14	33	51	71	86	106	104	130	138	81.44444444444444
NM_001178445.2	19	34	46	64	77	107	112	130	145	81.55555555555556
NM_001181740.1	14	33	48	71	75	93	117	147	138	81.77777777777777
NM_001179231.1	20	35	46	66	92	102	116	124	136	81.88888888888889
NM_001183566.3	22	33	50	67	76	99	118	126	146	81.88888888888889
NM_001181200.3	16	31	52	65	79	88	111	135	160	81.88888888888889
NM_001182360.1	24	23	47	59	83	102	121	120	158	81.88888888888889
NM_001183226.3	18	29	58	50	90	97	119	126	151	82.0
NM_001181220.1	15	31	49	61	78	94	129	140	142	82.11111111111111
NM_001183715.1	22	24	55	62	81	107	110	135	144	82.22222222222223
NM_001182474.1	8	29	48	63	87	107	108	148	142	82.22222222222223
NM_001180398.1	17	41	40	56	93	93	118	129	153	82.22222222222223
NM_001180084.1	13	33	49	67	91	109	104	132	142	82.22222222222223
NM_001184276.1	16	31	40	56	83	91	120	135	170	82.44444444444444
NM_001181376.1	17	37	57	59	91	96	121	112	153	82.55555555555556
NM_001184484.1	13	38	58	69	81	97	112	133	142	82.55555555555556
NM_001183323.1	18	38	47	82	85	104	100	131	139	82.66666666666667
NM_001181165.3	19	30	53	74	89	98	96	128	159	82.88888888888889
NM_001183309.1	18	30	57	62	83	92	109	134	161	82.88888888888889
NM_001180186.1	16	30	46	60	74	103	112	142	164	83.0
NM_001181275.3	16	28	60	76	81	98	110	138	140	83.0
NM_001183155.1	15	28	45	65	70	107	115	151	151	83.0
NM_001181902.1	17	40	49	63	81	100	109	129	159	83.0
NM_001182482.1	20	38	45	61	79	114	106	136	148	83.0
NM_001179432.1	15	36	50	63	87	98	112	135	153	83.22222222222223
NM_001180687.1	16	38	48	53	80	113	99	139	163	83.22222222222223
NM_001182339.3	16	39	59	68	70	90	130	130	147	83.22222222222223
NM_001181352.1	21	31	50	67	90	99	120	124	149	83.44444444444444
NM_001181045.1	15	26	51	62	81	103	111	147	156	83.55555555555556
NM_001179417.1	15	30	53	65	92	94	112	140	151	83.55555555555556
NM_001178347.1	33	24	60	56	91	93	107	131	157	83.55555555555556
NM_001180089.1	14	34	63	62	91	98	103	135	152	83.55555555555556
NM_001178683.1	18	44	50	74	77	94	96	138	162	83.66666666666667
NM_001178355.2	16	39	45	62	75	115	112	128	162	83.77777777777777
NM_001180714.1	16	28	58	64	95	99	119	128	147	83.77777777777777
NM_001180293.1	18	43	51	53	97	95	103	139	155	83.77777777777777
NM_001182250.1	12	28	39	63	105	106	116	143	142	83.77777777777777
NM_001183389.1	15	27	44	67	88	94	124	139	156	83.77777777777777
NM_001180867.1	21	40	44	76	86	98	101	142	146	83.77777777777777
NM_001180724.1	16	28	58	77	82	101	116	125	152	83.88888888888889
NM_001178210.1	24	28	43	49	90	100	121	148	154	84.11111111111111
NM_001182102.1	14	34	49	64	83	103	135	137	138	84.11111111111111
NM_001181024.1	13	39	39	85	87	91	106	139	158	84.11111111111111
NM_001183002.1	21	22	52	71	85	101	111	142	152	84.11111111111111
NM_001180241.1	16	41	55	66	89	106	112	134	139	84.22222222222223
NM_001179406.1	14	28	49	64	73	95	136	141	159	84.33333333333333
NM_001178684.1	23	36	46	74	91	107	115	122	145	84.33333333333333
NM_001179615.1	13	29	54	58	86	109	122	141	147	84.33333333333333
NM_001183133.1	15	32	57	74	88	92	118	129	155	84.44444444444444
NM_001184167.1	17	34	56	56	79	104	115	150	149	84.44444444444444
NM_001182390.1	17	41	66	66	61	104	126	128	151	84.44444444444444
NM_001178705.1	13	39	48	62	81	98	123	132	164	84.44444444444444
NM_001182683.1	15	38	46	71	86	111	98	151	145	84.55555555555556
NM_001178413.3	19	35	52	77	86	107	116	129	141	84.66666666666667
NM_001178581.3	14	32	51	70	84	86	107	154	164	84.66666666666667
NM_001183764.3	15	38	55	55	81	107	124	132	155	84.66666666666667
NM_001182717.1	15	39	52	56	85	116	100	136	163	84.66666666666667
NM_001178827.1	16	34	49	77	71	88	118	138	172	84.77777777777777
NM_001179800.3	16	38	51	73	79	99	118	130	159	84.77777777777777
NM_001184513.1	24	45	53	63	91	99	117	127	144	84.77777777777777
NM_001180069.1	22	43	43	70	66	111	116	152	141	84.88888888888889
NM_001183664.1	18	35	45	80	96	91	116	143	140	84.88888888888889
NM_001179089.1	16	35	54	68	79	95	127	142	149	85.0
NM_001183257.1	15	33	62	71	73	105	117	130	161	85.22222222222223
NM_001183836.1	19	37	47	69	77	92	134	138	155	85.33333333333333
NM_001180311.3	21	35	48	59	87	104	123	132	159	85.33333333333333
NM_001182515.1	29	36	52	63	99	98	124	119	148	85.33333333333333
NM_001181160.1	12	29	49	73	77	103	126	148	151	85.33333333333333
NM_001178329.1	16	40	42	68	81	98	117	144	163	85.44444444444444
NM_001183455.1	22	38	46	82	82	115	109	139	136	85.44444444444444
NM_001180788.1	15	44	54	57	92	97	116	132	162	85.44444444444444
NM_001179755.1	16	36	56	68	74	105	121	136	157	85.44444444444444
NM_001179889.3	19	35	47	64	92	92	127	149	145	85.55555555555556
NM_001183099.1	13	33	53	68	84	103	125	132	159	85.55555555555556
NM_001181018.3	17	31	50	68	97	104	121	135	147	85.55555555555556
NM_001181238.3	16	35	54	74	98	109	108	136	140	85.55555555555556
NM_001182348.3	23	28	59	68	80	112	119	132	151	85.77777777777777
NM_001179230.1	24	30	53	58	88	109	117	136	158	85.88888888888889
NM_001178200.1	21	34	58	58	84	104	104	148	162	85.88888888888889
NM_001183350.1	15	27	42	78	80	114	120	140	158	86.0
NM_001182476.1	21	37	46	69	90	96	125	138	153	86.11111111111111
NM_001179836.3	13	35	40	83	85	102	133	126	158	86.11111111111111
NM_001178905.1	23	27	48	61	104	104	114	135	159	86.11111111111111
NM_001181089.1	13	30	55	62	102	105	128	137	144	86.22222222222223
NM_001183098.2	20	44	57	64	87	101	105	150	148	86.22222222222223
NM_001181758.3	17	29	58	70	78	104	128	132	160	86.22222222222223
NM_001178612.1	19	33	44	73	90	118	127	114	159	86.33333333333333
NM_001184176.1	21	25	57	64	91	98	109	158	154	86.33333333333333
NM_001180416.3	17	50	50	82	89	91	122	132	144	86.33333333333333
NM_001183511.1	12	29	55	68	98	101	116	137	161	86.33333333333333
NM_001182892.3	20	34	51	81	103	101	113	126	148	86.33333333333333
NM_001183174.1	12	39	58	58	70	113	133	143	152	86.44444444444444
NM_001184528.1	20	35	49	72	84	106	119	143	150	86.44444444444444
NM_001181937.1	13	30	55	60	89	105	129	137	161	86.55555555555556
NM_001179813.3	22	42	57	67	81	97	108	140	165	86.55555555555556
NM_001181050.1	19	28	49	57	104	109	114	151	148	86.55555555555556
NM_001182997.1	14	31	53	76	85	115	119	131	156	86.66666666666667
NM_001182140.1	20	36	49	67	95	96	127	143	147	86.66666666666667
NM_001178681.1	21	46	59	64	91	98	110	130	161	86.66666666666667
NM_001183320.1	20	32	50	85	93	92	121	137	152	86.88888888888889
NM_001180167.1	22	26	47	65	85	121	130	147	139	86.88888888888889
NM_001180992.1	18	28	47	64	103	118	108	138	161	87.22222222222223
NM_001184058.1	18	34	64	66	89	110	110	143	151	87.22222222222223
NM_001179323.1	22	40	46	79	70	102	118	147	161	87.22222222222223
NM_001183060.1	19	50	45	74	77	91	133	147	150	87.33333333333333
NM_001180447.3	16	27	55	58	86	106	133	136	169	87.33333333333333
NM_001183694.1	20	35	51	81	95	91	119	133	162	87.44444444444444
NM_001178639.1	14	26	58	59	79	113	127	146	165	87.44444444444444
NM_001181716.1	15	33	57	77	78	109	126	134	158	87.44444444444444
NM_001183958.1	22	42	51	64	91	107	119	135	156	87.44444444444444
NM_001178692.1	16	43	57	75	80	100	123	134	159	87.44444444444444
NM_001180975.1	18	25	49	76	85	101	135	153	146	87.55555555555556
NM_001181878.1	25	37	50	68	99	101	111	143	154	87.55555555555556
NM_001179817.3	16	29	55	63	91	107	131	142	156	87.77777777777777
NM_001182148.1	14	32	43	67	94	109	117	147	167	87.77777777777777
NM_001179227.1	17	28	51	67	88	110	127	132	171	87.88888888888889
NM_001181397.3	12	34	70	72	80	99	120	133	171	87.88888888888889
NM_001183010.4	18	31	63	69	105	105	120	133	147	87.88888888888889
NM_001181852.1	16	34	54	68	80	113	130	150	147	88.0
NM_001182571.1	26	31	51	62	88	109	127	140	158	88.0
NM_001182886.3	19	25	49	50	95	108	138	150	160	88.22222222222223
NM_001181242.3	19	30	53	66	92	107	126	136	165	88.22222222222223
NM_001184325.1	23	29	59	56	95	93	126	146	167	88.22222222222223
NM_001181029.1	19	33	62	73	93	97	123	144	150	88.22222222222223
NM_001182091.1	22	41	57	66	80	96	135	142	156	88.33333333333333
NM_001181994.1	13	27	51	72	91	114	124	140	163	88.33333333333333
NM_001183634.1	14	35	49	62	93	103	127	144	168	88.33333333333333
NM_001181950.1	13	34	62	68	92	86	125	154	161	88.33333333333333
NM_001180603.3	19	44	51	77	75	116	119	140	154	88.33333333333333
NM_001178222.1	24	39	60	69	77	81	131	144	171	88.44444444444444
NM_001181505.1	21	33	51	69	84	111	129	129	169	88.44444444444444
NM_001182124.1	16	36	60	66	85	113	117	144	159	88.44444444444444
NM_001183112.1	17	31	64	69	74	128	126	128	159	88.44444444444444
NM_001178696.1	17	43	57	67	80	103	116	151	162	88.44444444444444
NM_001180182.1	18	36	60	78	90	108	129	121	156	88.44444444444444
NM_001179034.3	15	37	51	71	96	117	127	140	143	88.55555555555556
NM_001178439.1	16	29	58	75	96	106	116	153	148	88.55555555555556
NM_001178295.1	18	41	58	72	90	103	109	125	182	88.66666666666667
NM_001180743.1	14	41	63	69	84	101	128	144	154	88.66666666666667
NM_001179604.3	13	39	53	80	91	102	129	142	149	88.66666666666667
NM_001181893.1	19	41	60	63	89	110	126	128	163	88.77777777777777
NM_001182295.4	17	38	60	71	96	95	114	140	168	88.77777777777777
NM_001179784.1	23	39	53	64	103	108	104	141	164	88.77777777777777
NM_001179567.3	24	60	51	75	86	86	120	139	158	88.77777777777777
NM_001178517.1	25	45	43	69	84	114	131	131	158	88.88888888888889
NM_001184259.1	21	28	58	75	98	100	132	141	147	88.88888888888889
NM_001182373.1	26	36	51	72	78	107	128	147	155	88.88888888888889
NM_001182716.1	15	28	58	69	99	97	124	143	169	89.11111111111111
NM_001179578.3	17	36	52	78	84	97	123	160	156	89.22222222222223
NM_001182529.1	19	48	53	64	91	107	125	140	157	89.33333333333333
NM_001179717.1	23	38	64	58	80	101	133	141	166	89.33333333333333
NM_001181484.1	19	28	46	74	87	109	137	149	156	89.44444444444444
NM_001182990.1	23	35	62	63	82	119	125	142	154	89.44444444444444
NM_001178674.1	13	38	63	63	86	106	126	144	167	89.55555555555556
NM_001179657.1	18	42	45	64	88	123	131	136	159	89.55555555555556
NM_001179109.1	23	39	49	66	89	113	118	156	153	89.55555555555556
NM_001180172.1	17	29	70	67	83	91	133	154	163	89.66666666666667
NM_001182517.1	16	39	56	71	84	109	112	159	161	89.66666666666667
NM_001182703.1	9	35	55	86	85	103	121	147	166	89.66666666666667
NM_001183973.1	24	34	66	80	76	119	116	139	153	89.66666666666667
NM_001182996.1	14	30	45	67	102	95	131	166	157	89.66666666666667
NM_001182760.1	24	30	46	62	94	112	131	152	157	89.77777777777777
NM_001179459.1	20	35	51	69	92	108	131	143	159	89.77777777777777
NM_001179022.3	17	44	61	76	84	111	122	129	167	90.11111111111111
NM_001179364.3	17	31	46	64	87	107	128	150	182	90.22222222222223
NM_001178343.1	30	40	51	60	88	109	125	149	160	90.22222222222223
NM_001183810.1	22	35	54	82	92	102	117	151	157	90.22222222222223
NM_001179638.1	17	42	58	82	73	102	138	131	170	90.33333333333333
NM_001179945.1	15	37	51	62	99	112	130	139	168	90.33333333333333
NM_001180169.1	24	29	58	59	95	100	130	155	163	90.33333333333333
NM_001184093.1	21	35	55	81	94	99	115	155	158	90.33333333333333
NM_001178938.1	14	33	49	62	101	122	121	152	161	90.55555555555556
NM_001183971.1	18	35	54	71	101	96	127	154	160	90.66666666666667
NM_001183147.1	18	43	42	82	84	128	128	127	166	90.88888888888889
NM_001183652.1	19	28	55	79	83	113	134	142	165	90.88888888888889
NM_001179170.1	22	30	45	72	87	98	122	163	180	91.0
NM_001183355.1	20	28	59	85	80	104	132	146	165	91.0
NM_001183772.1	19	34	53	67	98	118	130	149	152	91.11111111111111
NM_001180104.1	17	38	60	74	87	97	123	161	164	91.22222222222223
NM_001183657.1	16	45	52	89	85	101	125	149	159	91.22222222222223
NM_001180736.3	15	40	46	67	96	99	145	134	179	91.22222222222223
NM_001180132.1	29	48	50	56	85	109	139	139	167	91.33333333333333
NM_001180377.3	14	34	51	70	79	118	144	142	170	91.33333333333333
NM_001184275.1	19	48	57	79	105	95	112	146	162	91.44444444444444
NM_001182933.1	22	36	46	69	83	118	147	142	160	91.44444444444444
NM_001179609.1	25	42	68	64	76	118	116	151	164	91.55555555555556
NM_001180148.1	23	31	74	65	81	98	134	147	171	91.55555555555556
NM_001180717.3	23	34	53	62	91	111	116	166	168	91.55555555555556
NM_001183620.3	24	25	58	68	94	106	128	148	174	91.66666666666667
NM_001179161.1	13	33	48	85	97	115	134	145	155	91.66666666666667
NM_001179700.2	22	44	55	81	93	111	117	144	160	91.88888888888889
NM_001181498.1	14	41	61	68	89	121	121	147	165	91.88888888888889
NM_001179618.1	16	47	54	70	88	120	128	150	154	91.88888888888889
NM_001181597.2	18	39	55	70	93	100	136	153	164	92.0
NM_001182605.1	16	27	60	70	94	116	136	147	163	92.11111111111111
NM_001181636.1	16	38	51	68	90	112	142	139	173	92.11111111111111
NM_001183650.1	20	34	56	73	76	118	126	138	189	92.22222222222223
NM_001179353.1	16	40	57	72	82	114	128	148	173	92.22222222222223
NM_001181075.1	18	35	56	75	94	112	132	143	165	92.22222222222223
NM_001179671.1	21	40	54	75	91	109	133	156	151	92.22222222222223
NM_001178734.1	18	47	44	65	93	113	149	139	163	92.33333333333333
NM_001179937.1	20	33	61	72	108	110	125	146	156	92.33333333333333
NM_001181701.1	15	40	59	59	92	119	133	157	157	92.33333333333333
NM_001183559.4	16	27	56	66	105	105	131	162	164	92.44444444444444
NM_001180290.1	20	41	64	76	92	99	128	141	171	92.44444444444444
NM_001179504.1	21	41	47	83	77	97	146	140	180	92.44444444444444
NM_001179286.1	16	37	65	65	107	115	126	148	153	92.44444444444444
NM_001183023.1	12	32	63	76	79	114	126	165	165	92.44444444444444
NM_001182127.1	19	39	46	74	105	106	129	152	163	92.55555555555556
NM_001182914.1	23	43	61	68	87	104	128	160	160	92.66666666666667
NM_001178489.2	17	38	57	63	105	107	133	144	171	92.77777777777777
NM_001184217.1	19	52	43	78	91	119	124	144	165	92.77777777777777
NM_001180324.3	8	31	63	70	100	99	139	153	172	92.77777777777777
NM_001178184.1	19	37	52	57	86	120	147	145	174	93.0
NM_001182964.1	18	42	66	85	95	94	119	156	163	93.11111111111111
NM_001181285.1	17	33	60	68	104	105	140	153	158	93.11111111111111
NM_001180313.1	23	31	61	76	112	102	126	140	167	93.11111111111111
NM_001183158.1	21	47	57	74	86	99	149	158	148	93.22222222222223
NM_001178925.1	14	40	65	69	95	120	109	149	179	93.33333333333333
NM_001181710.1	10	32	62	76	106	109	129	146	171	93.44444444444444
NM_001181299.1	15	47	61	80	73	112	126	151	177	93.55555555555556
NM_001181826.1	18	46	51	69	100	116	134	140	169	93.66666666666667
NM_001182691.1	20	25	54	72	100	125	129	142	176	93.66666666666667
NM_001184038.2	15	28	42	90	103	100	145	146	174	93.66666666666667
NM_001180436.3	21	33	35	78	111	114	140	151	161	93.77777777777777
NM_001178337.2	20	49	57	79	95	111	120	143	170	93.77777777777777
NM_001179675.1	13	40	45	90	95	102	143	140	177	93.88888888888889
NM_001183966.1	18	49	61	67	81	110	141	151	167	93.88888888888889
NM_001183332.1	16	37	60	79	85	100	131	158	180	94.0
NM_001179608.3	21	40	64	76	86	103	149	140	167	94.0
NM_001184191.1	13	45	65	83	96	111	128	137	168	94.0
NM_001180101.1	14	40	56	70	94	111	147	136	179	94.11111111111111
NM_001181263.3	28	31	59	66	107	121	124	160	151	94.11111111111111
NM_001183562.1	22	33	63	84	94	106	126	150	170	94.22222222222223
NM_001182944.1	14	37	55	64	86	113	144	158	178	94.33333333333333
NM_001178579.3	17	37	65	87	76	119	131	149	168	94.33333333333333
NM_001182675.1	22	28	61	63	93	106	135	162	181	94.55555555555556
NM_001179020.1	12	38	55	73	108	104	123	144	194	94.55555555555556
NM_001179189.1	15	39	53	78	91	115	136	170	155	94.66666666666667
NM_001180667.3	20	44	60	78	112	119	133	134	155	95.0
NM_001180832.3	21	54	54	72	90	120	130	145	169	95.0
NM_001181720.3	14	38	58	72	91	120	135	154	174	95.11111111111111
NM_001178863.1	21	37	60	72	91	126	138	167	144	95.11111111111111
NM_001182078.1	21	41	62	70	93	107	140	152	172	95.33333333333333
NM_001178984.1	20	44	60	73	97	116	134	146	168	95.33333333333333
NM_001180060.3	14	32	51	68	88	115	151	153	186	95.33333333333333
NM_001180599.3	21	34	65	76	87	115	143	160	159	95.55555555555556
NM_001180135.1	20	34	64	72	100	125	131	144	170	95.55555555555556
NM_001181440.1	23	45	59	62	95	107	132	163	174	95.55555555555556
NM_001180421.3	19	37	59	72	104	124	122	163	161	95.66666666666667
NM_001181792.3	16	38	54	70	106	128	142	136	172	95.77777777777777
NM_001181133.1	16	41	65	75	87	111	131	157	180	95.88888888888889
NM_001180267.1	19	37	59	75	99	111	143	148	172	95.88888888888889
NM_001184252.1	15	32	49	82	95	126	136	149	180	96.0
NM_001178926.3	30	46	50	74	88	108	139	145	184	96.0
NM_001182423.1	20	39	55	76	112	115	124	165	159	96.11111111111111
NM_001179581.1	24	42	62	81	103	104	143	153	154	96.22222222222223
NM_001178350.1	13	41	60	87	96	107	132	157	173	96.22222222222223
NM_001182762.1	16	35	69	82	88	121	145	136	174	96.22222222222223
NM_001178657.1	20	56	60	81	96	108	133	136	177	96.33333333333333
NM_001181741.1	17	37	60	89	100	113	127	151	173	96.33333333333333
NM_001182013.1	13	37	50	85	89	120	125	171	178	96.44444444444444
NM_001181964.1	18	43	62	65	92	141	138	146	163	96.44444444444444
NM_001178523.1	18	33	59	80	109	120	126	148	178	96.77777777777777
NM_001181582.1	17	48	52	91	95	124	129	154	161	96.77777777777777
NM_001182967.1	19	50	51	78	86	110	138	149	190	96.77777777777777
NM_001182600.1	22	40	55	74	97	115	144	159	166	96.88888888888889
NM_001184027.1	19	34	65	93	88	111	138	154	170	96.88888888888889
NM_001182293.1	22	46	67	62	98	112	137	146	183	97.0
NM_001182162.1	30	38	67	70	100	124	118	151	177	97.22222222222223
NM_001183031.2	10	40	57	74	87	121	131	179	176	97.22222222222223
NM_001183080.1	19	44	54	76	87	130	147	155	164	97.33333333333333
NM_001181960.1	25	41	52	81	106	103	117	167	185	97.44444444444444
NM_001179100.1	19	46	64	81	108	122	136	130	173	97.66666666666667
NM_001184219.1	17	40	62	67	102	108	141	158	185	97.77777777777777
NM_001183091.1	21	37	64	85	86	120	135	166	167	97.88888888888889
NM_001184134.1	26	38	63	83	100	108	131	158	175	98.0
NM_001181187.2	24	43	66	80	100	109	112	171	177	98.0
NM_001179242.1	23	35	62	80	92	122	130	171	168	98.11111111111111
NM_001183286.1	21	42	55	75	96	108	142	158	186	98.11111111111111
NM_001182700.1	17	31	61	80	85	120	142	157	190	98.11111111111111
NM_001181007.1	18	34	64	90	93	115	139	149	181	98.11111111111111
NM_001182041.1	13	43	52	82	95	128	140	171	160	98.22222222222223
NM_001180061.3	12	31	67	82	107	118	113	166	189	98.33333333333333
NM_001182003.1	10	40	67	85	93	135	120	159	176	98.33333333333333
NM_001182649.2	22	35	57	69	106	127	140	145	187	98.66666666666667
NM_001182702.1	18	43	51	76	114	114	129	161	182	98.66666666666667
NM_001179190.1	10	39	53	77	100	105	160	171	173	98.66666666666667
NM_001184440.1	18	32	61	85	91	121	149	163	168	98.66666666666667
NM_001179444.1	24	28	55	62	98	118	151	170	183	98.77777777777777
NM_001178420.1	15	46	54	75	92	113	135	169	191	98.88888888888889
NM_001182890.1	20	40	56	95	101	121	136	155	166	98.88888888888889
NM_001183969.1	21	38	57	77	93	111	140	174	179	98.88888888888889
NM_001180882.1	25	38	67	75	101	124	132	147	182	99.0
NM_001180778.2	18	44	52	87	86	119	128	160	197	99.0
NM_001181131.1	18	35	65	86	101	123	119	163	182	99.11111111111111
NM_001178868.3	19	53	55	78	96	125	130	167	169	99.11111111111111
NM_001180984.1	19	48	57	89	98	119	142	152	168	99.11111111111111
NM_001181366.1	22	42	61	82	97	113	125	168	182	99.11111111111111
NM_001179019.3	19	36	45	79	101	125	129	167	191	99.11111111111111
NM_001180174.1	14	29	56	84	103	131	159	146	173	99.44444444444444
NM_001182388.1	19	41	55	72	106	110	154	156	182	99.44444444444444
NM_001179941.1	18	38	65	76	95	115	160	137	191	99.44444444444444
NM_001184647.4	12	41	65	76	109	112	146	159	175	99.44444444444444
NM_001180991.3	27	48	54	69	104	123	130	152	188	99.44444444444444
NM_001179295.1	14	29	47	73	108	135	151	151	188	99.55555555555556
NM_001180684.3	27	45	54	73	102	120	133	159	183	99.55555555555556
NM_001180901.1	22	42	76	87	102	114	131	159	163	99.55555555555556
NM_001182697.1	17	39	63	73	102	130	131	147	195	99.66666666666667
NM_001181306.1	20	42	58	88	108	114	131	161	175	99.66666666666667
NM_001183545.3	16	38	64	86	109	114	144	160	167	99.77777777777777
NM_001183728.3	22	37	63	81	106	107	148	154	180	99.77777777777777
NM_001181153.3	22	46	65	69	101	128	148	156	163	99.77777777777777
NM_001181944.1	20	49	57	71	102	108	146	165	180	99.77777777777777
NM_001178378.1	18	35	64	86	92	116	142	148	199	100.0
NM_001179053.3	17	38	57	89	107	126	119	167	180	100.0
NM_001181955.1	19	45	61	73	104	104	162	145	188	100.11111111111111
NM_001181139.1	14	30	57	98	99	121	134	167	181	100.11111111111111
NM_001182765.1	18	47	54	80	108	130	145	153	167	100.22222222222223
NM_001180670.1	28	50	44	82	98	120	127	165	188	100.22222222222223
NM_001179275.1	24	44	57	61	106	124	144	161	181	100.22222222222223
NM_001183791.3	19	34	59	88	97	132	154	147	173	100.33333333333333
NM_001180006.3	17	39	60	73	101	129	144	160	180	100.33333333333333
NM_001184081.1	20	35	51	83	107	120	127	165	196	100.44444444444444
NM_001181006.1	21	38	55	79	90	117	153	159	194	100.66666666666667
NM_001181532.1	27	27	74	90	99	122	149	153	166	100.77777777777777
NM_001181518.1	16	37	62	86	96	119	144	159	188	100.77777777777777
NM_001179171.1	16	35	73	82	101	117	147	156	181	100.88888888888889
NM_001183311.1	16	32	55	90	98	126	129	175	188	101.0
NM_001180732.1	25	38	64	68	113	124	137	147	193	101.0
NM_001183727.1	25	36	67	88	100	114	139	157	183	101.0
NM_001179942.1	17	43	54	76	100	117	150	158	194	101.0
NM_001181380.3	34	38	57	77	107	122	130	170	175	101.11111111111111
NM_001181233.3	20	50	49	84	108	125	133	171	171	101.22222222222223
NM_001179064.3	27	47	55	91	113	124	124	152	179	101.33333333333333
NM_001182895.3	25	33	65	85	81	132	150	166	175	101.33333333333333
NM_001179441.3	22	47	68	70	91	125	143	162	184	101.33333333333333
NM_001181237.1	16	47	61	85	87	115	158	166	179	101.55555555555556
NM_001180822.1	21	32	44	87	107	128	142	178	175	101.55555555555556
NM_001180087.2	12	40	59	77	99	143	140	167	177	101.55555555555556
NM_001183975.1	25	44	63	69	118	116	145	150	185	101.66666666666667
NM_001181020.1	17	36	69	80	105	124	156	161	168	101.77777777777777
NM_001183544.1	15	43	64	92	92	119	145	151	195	101.77777777777777
NM_001182574.1	27	41	59	86	102	118	137	165	181	101.77777777777777
NM_001180077.1	22	28	63	93	97	115	154	157	187	101.77777777777777
NM_001178896.3	26	45	63	84	98	106	140	166	189	101.88888888888889
NM_001178659.1	19	41	60	86	110	130	131	148	192	101.88888888888889
NM_001180383.1	26	46	58	79	101	108	151	160	189	102.0
NM_001180102.1	23	39	71	95	95	120	134	162	181	102.22222222222223
NM_001180666.1	20	38	68	76	96	112	156	178	176	102.22222222222223
NM_001178931.3	17	47	65	85	98	129	132	173	175	102.33333333333333
NM_001178477.1	21	49	60	91	96	119	139	158	189	102.44444444444444
NM_001179248.1	18	46	68	103	99	121	140	162	165	102.44444444444444
NM_001180013.1	23	44	64	76	100	121	142	163	189	102.44444444444444
NM_001180756.3	12	42	56	83	98	144	149	167	171	102.44444444444444
NM_001183766.1	11	40	62	76	123	122	147	159	183	102.55555555555556
NM_001179524.1	21	41	55	80	114	121	144	163	184	102.55555555555556
NM_001182824.1	19	47	81	79	104	127	137	155	175	102.66666666666667
NM_001182165.1	15	41	53	85	109	128	145	166	183	102.77777777777777
NM_001183489.1	23	41	59	90	104	113	141	172	182	102.77777777777777
NM_001182960.1	21	39	60	73	106	128	138	177	183	102.77777777777777
NM_001183437.1	21	38	70	90	107	127	146	157	170	102.88888888888889
NM_001179103.1	12	38	64	80	114	125	138	180	176	103.0
NM_001179557.3	14	42	52	80	97	138	143	177	184	103.0
NM_001180951.3	19	40	58	75	99	111	156	179	190	103.0
NM_001183513.1	27	37	54	79	100	122	146	167	196	103.11111111111111
NM_001178344.1	26	34	60	93	101	134	142	166	172	103.11111111111111
NM_001178697.1	25	44	63	87	105	109	133	166	196	103.11111111111111
NM_001178451.1	8	47	68	81	114	139	131	157	184	103.22222222222223
NM_001182394.1	15	48	61	90	105	122	141	167	181	103.33333333333333
NM_001180537.3	17	43	77	86	106	119	148	153	182	103.44444444444444
NM_001178191.1	19	40	59	81	104	126	151	167	187	103.77777777777777
NM_001179571.3	26	43	64	73	106	131	135	175	182	103.88888888888889
NM_001182746.1	17	37	59	73	105	128	165	171	181	104.0
NM_001180329.3	19	43	62	70	122	123	153	165	179	104.0
NM_001179876.3	21	40	74	77	99	132	141	163	190	104.11111111111111
NM_001178527.1	27	48	63	75	90	139	150	153	192	104.11111111111111
NM_001183343.1	18	35	68	95	106	123	127	168	198	104.22222222222223
NM_001184273.1	23	40	70	84	93	132	136	165	196	104.33333333333333
NM_001182115.1	20	50	75	80	95	133	132	167	187	104.33333333333333
NM_001184017.1	18	45	56	82	121	121	141	162	193	104.33333333333333
NM_001178480.1	21	49	70	73	94	123	154	155	201	104.44444444444444
NM_001179128.1	18	48	55	79	96	134	144	171	196	104.55555555555556
NM_001178159.1	26	44	69	77	102	122	144	171	187	104.66666666666667
NM_001178787.1	17	43	65	67	99	130	164	166	192	104.77777777777777
NM_001179721.1	24	49	57	78	118	119	151	157	191	104.88888888888889
NM_001179983.1	27	45	46	89	104	110	161	174	190	105.11111111111111
NM_001180731.3	19	45	65	89	102	129	142	161	195	105.22222222222223
NM_001183200.1	26	35	77	91	97	116	143	167	196	105.33333333333333
NM_001183955.1	14	38	62	92	103	147	143	162	187	105.33333333333333
NM_001182732.1	30	46	72	71	104	120	157	170	178	105.33333333333333
NM_001178286.1	20	36	58	88	92	125	147	174	208	105.33333333333333
NM_001184137.1	28	42	62	81	109	121	139	175	192	105.44444444444444
NM_001183495.1	18	40	66	89	120	131	142	162	182	105.55555555555556
NM_001180004.3	24	38	53	82	114	132	158	157	192	105.55555555555556
NM_001181170.3	23	45	64	86	102	130	143	174	183	105.55555555555556
NM_001183137.1	28	47	57	86	96	127	152	177	181	105.66666666666667
NM_001182403.1	23	48	64	72	102	131	143	180	188	105.66666666666667
NM_001183216.1	26	38	52	89	102	124	154	165	201	105.66666666666667
NM_001179685.1	19	41	65	90	100	123	151	171	192	105.77777777777777
NM_001180616.3	16	37	73	81	94	127	162	182	180	105.77777777777777
NM_001179529.3	22	37	69	86	96	118	168	166	191	105.88888888888889
NM_001181796.2	16	46	59	96	107	120	143	169	197	105.88888888888889
NM_001179501.1	28	48	67	83	111	115	162	152	187	105.88888888888889
NM_001180300.2	23	48	54	105	112	116	137	175	183	105.88888888888889
NM_001180521.1	21	41	65	100	115	131	150	154	177	106.0
NM_001178248.2	19	44	62	85	116	126	144	178	182	106.22222222222223
NM_001179625.1	25	30	61	93	116	113	152	168	198	106.22222222222223
NM_001182441.1	16	44	62	86	116	122	143	180	187	106.22222222222223
NM_001183379.2	17	49	79	77	105	118	151	164	197	106.33333333333333
NM_001180890.1	15	36	67	86	103	142	151	158	201	106.55555555555556
NM_001183321.1	27	55	57	89	109	117	138	173	194	106.55555555555556
NM_001178540.1	20	37	67	79	121	119	152	155	209	106.55555555555556
NM_001178844.1	23	46	65	93	107	132	145	169	180	106.66666666666667
NM_001179653.1	21	48	58	82	109	122	155	172	193	106.66666666666667
NM_001183111.1	31	49	67	88	96	120	143	178	188	106.66666666666667
NM_001180136.1	20	36	70	89	116	136	140	170	183	106.66666666666667
NM_001180768.3	26	43	68	80	115	134	139	155	201	106.77777777777777
NM_001184010.1	24	45	58	103	113	122	152	169	176	106.88888888888889
NM_001178533.3	30	49	64	78	99	125	145	179	194	107.0
NM_001181084.1	23	48	63	92	100	123	152	178	184	107.0
NM_001183466.1	31	44	59	78	107	142	152	181	169	107.0
NM_001180842.1	18	47	63	88	104	123	164	174	182	107.0
NM_001180527.3	21	36	62	91	118	118	147	171	201	107.22222222222223
NM_001180554.3	18	43	67	84	112	138	149	172	184	107.44444444444444
NM_001179736.1	19	39	59	83	110	148	157	158	194	107.44444444444444
NM_001184224.1	22	31	58	98	111	141	142	167	198	107.55555555555556
NM_001181528.1	14	41	67	80	109	128	148	184	197	107.55555555555556
NM_001182774.1	17	50	65	87	89	133	176	175	179	107.88888888888889
NM_001182080.1	12	43	74	85	118	132	156	176	176	108.0
NM_001183129.1	26	39	56	82	122	126	162	160	199	108.0
NM_001181453.3	22	37	55	90	103	130	155	187	195	108.22222222222223
NM_001182456.1	23	39	80	88	95	118	153	182	197	108.33333333333333
NM_001179051.1	21	43	71	93	112	138	146	174	178	108.44444444444444
NM_001179517.1	14	52	59	92	101	136	141	193	188	108.44444444444444
NM_001181515.1	19	38	55	83	108	153	153	181	186	108.44444444444444
NM_001182505.1	23	44	69	85	99	123	154	164	215	108.44444444444444
NM_001181881.1	19	37	69	80	117	141	148	172	193	108.44444444444444
NM_001179354.3	26	41	73	87	120	128	147	168	186	108.44444444444444
NM_001178966.2	24	45	64	94	123	121	147	179	182	108.77777777777777
NM_001179188.1	27	35	72	84	123	132	153	165	188	108.77777777777777
NM_001178901.3	19	52	67	79	135	123	153	161	191	108.88888888888889
NM_001181137.1	16	49	71	91	96	131	149	161	216	108.88888888888889
NM_001180454.3	23	48	58	96	112	125	152	192	174	108.88888888888889
NM_001181142.1	35	39	69	91	115	139	137	170	186	109.0
NM_001181754.1	22	48	67	76	102	133	155	162	216	109.0
NM_001180793.3	26	40	62	78	100	126	149	188	212	109.0
NM_001182889.3	15	45	60	81	101	156	157	161	206	109.11111111111111
NM_001184453.1	23	47	70	74	122	112	157	181	196	109.11111111111111
NM_001179292.1	19	41	62	81	121	133	154	173	200	109.33333333333333
NM_001180294.1	15	45	64	81	112	135	165	182	186	109.44444444444444
NM_001184255.1	30	51	67	81	105	126	162	166	197	109.44444444444444
NM_001179492.3	19	43	66	102	110	125	159	177	184	109.44444444444444
NM_001180713.3	29	44	57	89	100	134	141	182	210	109.55555555555556
NM_001179105.1	22	34	53	92	113	126	158	180	208	109.55555555555556
NM_001183154.1	14	48	75	68	105	131	160	175	212	109.77777777777777
NM_001180315.3	27	42	83	85	99	119	148	176	209	109.77777777777777
NM_001180028.3	23	37	58	78	120	141	164	184	184	109.88888888888889
NM_001180219.1	11	47	51	90	117	137	164	172	200	109.88888888888889
NM_001179039.1	16	45	73	73	113	152	140	180	197	109.88888888888889
NM_001184153.1	17	46	66	99	97	147	157	169	192	110.0
NM_001180235.1	18	39	66	90	110	143	149	174	201	110.0
NM_001183716.4	15	57	72	83	92	131	168	171	202	110.11111111111111
NM_001184636.1	21	50	53	76	128	118	139	194	212	110.11111111111111
NM_001180215.1	29	45	52	89	95	130	165	181	206	110.22222222222223
NM_001181025.1	23	31	71	88	108	146	148	175	202	110.22222222222223
NM_001181908.1	22	46	60	95	113	122	169	165	202	110.44444444444444
NM_001181855.1	22	36	69	90	101	127	153	199	198	110.55555555555556
NM_001181824.1	22	44	67	93	104	130	159	184	193	110.66666666666667
NM_001180094.1	19	45	61	88	117	132	151	183	202	110.88888888888889
NM_001178781.1	24	42	64	85	105	155	154	175	194	110.88888888888889
NM_001183582.1	26	46	58	93	110	136	164	184	181	110.88888888888889
NM_001182525.1	21	50	61	79	119	138	152	172	207	111.0
NM_001183341.1	19	43	57	87	112	136	163	179	203	111.0
NM_001183065.1	26	36	66	83	131	135	155	166	201	111.0
NM_001181269.3	19	45	58	97	116	138	170	164	194	111.22222222222223
NM_001179523.1	19	38	78	92	106	128	159	187	194	111.22222222222223
NM_001178443.1	14	44	60	95	116	145	153	173	201	111.22222222222223
NM_001178158.2	23	46	59	89	120	130	165	184	187	111.44444444444444
NM_001180263.1	23	49	74	81	110	140	155	173	198	111.44444444444444
NM_001181660.1	19	42	82	107	112	136	133	177	196	111.55555555555556
NM_001178221.1	24	34	73	93	114	106	174	189	197	111.55555555555556
NM_001178911.3	26	39	67	86	127	140	148	162	214	112.11111111111111
NM_001183663.3	14	54	54	89	118	135	158	179	208	112.11111111111111
NM_001180802.3	21	41	62	84	124	128	159	194	196	112.11111111111111
NM_001183638.3	27	39	57	87	126	139	160	169	206	112.22222222222223
NM_001180512.1	22	56	73	88	112	136	162	174	187	112.22222222222223
NM_001183718.1	31	48	54	88	106	146	168	179	190	112.22222222222223
NM_001181715.1	18	50	71	81	125	130	154	186	195	112.22222222222223
NM_001180404.1	18	51	72	87	113	129	153	182	207	112.44444444444444
NM_001180469.3	27	49	66	98	101	135	166	176	195	112.55555555555556
NM_001182420.1	25	50	61	91	114	126	162	180	204	112.55555555555556
NM_001182641.1	17	32	83	83	124	131	167	186	190	112.55555555555556
NM_001178410.1	25	51	57	97	112	144	143	177	207	112.55555555555556
NM_001179164.1	25	39	68	97	120	124	165	171	206	112.77777777777777
NM_001179545.3	25	38	71	80	131	136	148	185	202	112.88888888888889
NM_001183390.1	20	34	75	91	106	136	154	195	205	112.88888888888889
NM_001182734.1	17	34	72	84	110	155	171	188	185	112.88888888888889
NM_001180836.3	22	34	78	89	124	127	157	184	202	113.0
NM_001178524.3	23	47	59	76	102	139	144	209	219	113.11111111111111
NM_001183529.1	22	53	70	112	106	125	166	169	195	113.11111111111111
NM_001183005.1	21	37	64	101	118	123	148	189	217	113.11111111111111
NM_001182660.1	21	45	64	87	102	124	178	193	204	113.11111111111111
NM_001182642.1	18	52	71	91	118	121	164	185	199	113.22222222222223
NM_001181671.1	25	46	76	88	127	125	156	187	190	113.33333333333333
NM_001179924.1	26	39	67	100	112	133	145	180	218	113.33333333333333
NM_001182264.3	19	37	71	105	108	133	152	194	202	113.44444444444444
NM_001182419.1	19	41	80	98	107	142	157	180	198	113.55555555555556
NM_001182638.1	25	40	69	97	113	133	166	182	197	113.55555555555556
NM_001182343.3	20	46	68	90	128	139	163	175	193	113.55555555555556
NM_001183815.1	28	49	76	88	101	135	151	180	214	113.55555555555556
NM_001178630.1	29	42	69	105	105	118	157	201	196	113.55555555555556
NM_001182920.3	19	38	70	94	99	138	188	178	198	113.55555555555556
NM_001182847.2	24	30	65	94	121	132	160	191	206	113.66666666666667
NM_001178258.1	19	42	80	97	114	140	158	171	204	113.88888888888889
NM_001182017.1	15	48	74	86	106	138	160	184	214	113.88888888888889
NM_001179890.1	31	45	72	80	122	139	146	190	201	114.0
NM_001179059.1	19	39	74	103	110	144	156	174	208	114.11111111111111
NM_001178620.3	24	51	76	88	116	135	161	164	213	114.22222222222223
NM_001179187.1	20	41	68	81	139	140	151	194	195	114.33333333333333
NM_001182796.1	29	49	61	91	102	139	167	193	198	114.33333333333333
NM_001182965.3	21	50	68	97	108	118	175	185	207	114.33333333333333
NM_001179467.3	26	38	73	81	113	133	164	195	207	114.44444444444444
NM_001184203.1	25	48	71	79	119	138	168	168	214	114.44444444444444
NM_001179886.1	22	48	69	105	106	137	153	179	212	114.55555555555556
NM_001180798.3	27	46	61	110	110	137	159	176	208	114.88888888888889
NM_001183116.1	22	30	71	107	102	123	159	210	211	115.0
NM_001183500.1	19	50	75	99	107	130	162	185	208	115.0
NM_001182076.1	27	37	62	87	111	139	176	186	210	115.0
NM_001181445.2	17	45	67	93	114	132	176	171	221	115.11111111111111
NM_001182730.1	26	46	76	85	94	161	177	172	199	115.11111111111111
NM_001181081.1	22	48	63	88	124	139	164	171	220	115.44444444444444
NM_001183454.1	17	45	70	98	125	155	139	206	184	115.44444444444444
NM_001181381.1	25	48	63	86	126	123	168	198	203	115.55555555555556
NM_001179990.1	30	57	67	90	125	139	157	180	195	115.55555555555556
NM_001180360.3	24	48	75	91	112	157	150	185	198	115.55555555555556
NM_001183914.1	23	47	72	105	101	130	170	170	223	115.66666666666667
NM_001178950.1	20	44	72	96	109	138	163	177	224	115.88888888888889
NM_001183317.1	28	46	57	90	122	138	173	188	201	115.88888888888889
NM_001180504.3	31	43	75	97	122	144	164	158	209	115.88888888888889
NM_001182034.1	17	45	77	90	111	134	174	179	216	115.88888888888889
NM_001182661.1	27	50	70	104	112	145	156	175	204	115.88888888888889
NM_001182845.3	16	43	69	86	140	139	171	175	204	115.88888888888889
NM_001178408.1	29	34	65	104	104	127	170	195	216	116.0
NM_001183669.1	24	49	74	77	134	152	157	183	195	116.11111111111111
NM_001182780.1	17	40	74	77	114	144	171	206	203	116.22222222222223
NM_001184470.3	29	38	70	112	123	130	157	171	216	116.22222222222223
NM_001184336.1	22	41	65	78	128	141	165	205	201	116.22222222222223
NM_001179373.1	30	42	79	89	126	113	161	194	212	116.22222222222223
NM_001183884.1	17	53	69	86	122	125	161	199	214	116.22222222222223
NM_001184201.1	24	38	63	93	114	146	163	196	210	116.33333333333333
NM_001182998.1	34	39	62	90	110	139	173	189	213	116.55555555555556
NM_001182793.1	18	37	75	76	113	137	180	193	221	116.66666666666667
NM_001181132.1	36	51	66	98	112	135	150	183	220	116.77777777777777
NM_001179763.1	24	41	74	99	113	152	148	187	214	116.88888888888889
NM_001182159.1	30	51	77	86	107	130	178	186	208	117.0
NM_001178326.1	22	45	83	84	120	132	164	198	205	117.0
NM_001181991.1	23	50	66	84	127	150	157	186	210	117.0
NM_001180637.3	20	44	74	81	114	139	176	183	222	117.0
NM_001180633.1	26	68	63	93	116	134	174	172	207	117.0
NM_001179359.1	18	44	62	92	112	153	178	181	214	117.11111111111111
NM_001182430.1	20	56	63	92	114	143	157	196	214	117.22222222222223
NM_001183578.3	37	43	56	91	124	146	151	182	226	117.33333333333333
NM_001183361.1	18	38	80	98	120	135	174	175	218	117.33333333333333
NM_001182411.1	26	48	94	79	129	128	149	187	216	117.33333333333333
NM_001183641.1	27	48	77	94	126	135	153	184	213	117.44444444444444
NM_001181290.3	22	53	57	90	132	154	165	184	200	117.44444444444444
NM_001180642.1	16	51	71	89	122	130	171	198	209	117.44444444444444
NM_001178881.2	23	40	62	99	123	149	159	197	206	117.55555555555556
NM_001180847.1	24	48	61	103	105	148	172	186	212	117.66666666666667
NM_001179952.1	23	52	60	103	116	133	168	200	204	117.66666666666667
NM_001183532.3	27	37	75	101	104	150	165	197	205	117.88888888888889
NM_001183936.1	27	40	68	93	124	143	153	197	216	117.88888888888889
NM_001182619.1	20	36	64	92	114	148	161	186	241	118.0
NM_001183577.1	26	52	59	95	117	151	174	182	206	118.0
NM_001178330.1	26	42	71	111	105	134	157	180	239	118.33333333333333
NM_001184486.1	20	61	64	87	130	135	168	184	217	118.44444444444444
NM_001182674.1	27	48	55	112	126	134	161	185	220	118.66666666666667
NM_001178178.1	27	49	76	83	120	140	173	184	216	118.66666666666667
NM_001180424.1	20	46	79	100	116	157	156	180	215	118.77777777777777
NM_001180115.1	15	50	73	109	109	148	169	177	219	118.77777777777777
NM_001181977.1	33	50	63	85	125	154	162	176	221	118.77777777777777
NM_001179635.1	19	46	69	89	122	159	172	190	203	118.77777777777777
NM_001179519.1	18	44	73	83	132	139	184	202	195	118.88888888888889
NM_001183402.1	30	46	67	109	109	153	163	182	211	118.88888888888889
NM_001179443.1	17	51	68	100	115	132	166	208	213	118.88888888888889
NM_001181655.1	18	44	73	84	132	139	184	202	195	119.0
NM_001180597.1	30	42	68	91	113	144	170	184	230	119.11111111111111
NM_001182396.1	28	52	76	108	123	131	160	173	221	119.11111111111111
NM_001183272.1	22	46	85	96	129	136	166	185	207	119.11111111111111
NM_001180335.1	29	37	76	95	120	136	167	207	205	119.11111111111111
NM_001180718.1	25	43	80	106	123	131	166	188	211	119.22222222222223
NM_001182310.1	24	55	75	86	124	141	176	186	208	119.44444444444444
NM_001181757.1	13	43	78	104	119	131	172	190	225	119.44444444444444
NM_001181213.3	23	52	74	102	121	149	159	191	205	119.55555555555556
NM_001183888.1	24	46	69	81	129	167	169	185	207	119.66666666666667
NM_001183188.1	23	33	73	101	122	141	164	203	217	119.66666666666667
NM_001183356.1	22	53	74	107	124	156	157	178	207	119.77777777777777
NM_001183110.1	19	43	86	96	121	153	160	191	209	119.77777777777777
NM_001178403.1	19	55	65	107	127	144	164	184	214	119.88888888888889
NM_001183103.1	27	62	62	103	106	148	164	179	228	119.88888888888889
NM_001181888.1	29	51	69	107	134	135	159	200	196	120.0
NM_001178260.1	23	51	88	96	110	136	154	209	214	120.11111111111111
NM_001184016.1	26	52	72	96	109	143	155	213	217	120.33333333333333
NM_001180530.1	31	47	57	85	144	140	159	192	228	120.33333333333333
NM_001178385.1	29	43	63	123	132	143	162	192	198	120.55555555555556
NM_001180160.1	31	46	63	106	130	148	168	173	220	120.55555555555556
NM_001181589.1	17	43	76	91	120	166	174	191	208	120.66666666666667
NM_001180239.1	33	33	77	101	125	137	168	193	219	120.66666666666667
NM_001182464.1	18	44	69	94	102	152	184	191	233	120.77777777777777
NM_001178704.1	22	43	63	102	117	153	169	187	232	120.88888888888889
NM_001182018.1	26	34	74	99	124	135	186	173	237	120.88888888888889
NM_001178771.1	27	39	74	97	124	161	151	187	228	120.88888888888889
NM_001179497.3	25	49	77	90	123	144	176	204	201	121.0
NM_001183706.1	26	52	81	91	122	134	181	192	210	121.0
NM_001182068.1	25	36	70	101	136	140	169	197	215	121.0
NM_001181486.1	27	41	76	83	129	147	174	192	221	121.11111111111111
NM_001178804.1	21	56	74	95	106	153	168	194	223	121.11111111111111
NM_001184329.1	19	49	73	92	119	148	158	220	213	121.22222222222223
NM_001179705.1	23	47	89	93	123	155	146	198	217	121.22222222222223
NM_001179703.1	22	54	69	102	113	154	166	205	207	121.33333333333333
NM_001181771.1	24	54	72	100	118	146	171	187	221	121.44444444444444
NM_001178935.1	26	50	71	89	125	140	173	194	225	121.44444444444444
NM_001181911.2	25	54	76	97	115	137	167	183	240	121.55555555555556
NM_001180774.1	23	40	64	101	126	163	170	209	200	121.77777777777777
NM_001181907.1	22	57	76	104	122	133	162	204	218	122.0
NM_001178405.1	28	44	87	106	106	141	177	200	209	122.0
NM_001179844.1	20	44	72	98	131	152	177	202	203	122.11111111111111
NM_001180349.1	20	47	83	89	130	154	167	190	219	122.11111111111111
NM_001182004.1	24	56	70	94	121	150	155	210	220	122.22222222222223
NM_001183550.1	24	40	88	95	105	159	165	193	231	122.22222222222223
NM_001180064.3	31	52	71	96	130	159	156	178	229	122.44444444444444
NM_001179400.3	26	44	67	84	127	151	177	188	238	122.44444444444444
NM_001181959.1	21	39	71	93	117	154	184	195	229	122.55555555555556
NM_001179003.3	16	61	72	95	126	141	175	194	223	122.55555555555556
NM_001182475.1	19	51	79	109	106	133	194	192	221	122.66666666666667
NM_001178858.3	27	56	71	92	114	154	161	206	223	122.66666666666667
NM_001184202.1	19	41	78	101	133	144	171	213	205	122.77777777777777
NM_001179658.1	27	49	83	97	137	134	162	193	223	122.77777777777777
NM_001179986.1	19	43	67	113	133	142	172	200	216	122.77777777777777
NM_001182910.1	22	41	56	85	120	163	188	213	220	123.11111111111111
NM_001181463.1	24	47	66	110	135	141	176	198	211	123.11111111111111
NM_001179211.1	23	47	54	101	120	154	171	207	233	123.33333333333333
NM_001180960.3	31	46	80	101	130	151	161	194	216	123.33333333333333
NM_001183148.1	29	55	81	91	117	140	189	194	214	123.33333333333333
NM_001183699.1	28	45	63	109	130	152	178	191	215	123.44444444444444
NM_001178983.3	21	57	79	86	115	156	173	191	234	123.55555555555556
NM_001183720.3	22	52	77	96	126	155	181	192	211	123.55555555555556
NM_001181732.1	28	45	79	101	135	147	174	193	213	123.88888888888889
NM_001182471.1	29	39	87	88	123	164	173	196	216	123.88888888888889
NM_001181910.1	22	42	79	104	135	159	154	198	223	124.0
NM_001178920.3	14	52	78	96	132	149	178	194	224	124.11111111111111
NM_001179877.1	32	41	75	97	121	145	178	195	234	124.22222222222223
NM_001182470.1	24	52	74	95	130	149	158	216	220	124.22222222222223
NM_001182615.1	24	45	81	95	137	129	158	226	223	124.22222222222223
NM_001180770.1	24	44	77	109	121	142	189	199	214	124.33333333333333
NM_001180958.1	20	45	60	122	132	147	163	202	228	124.33333333333333
NM_001180959.1	30	49	79	92	137	141	171	205	216	124.44444444444444
NM_001179215.1	31	48	65	113	124	137	175	201	227	124.55555555555556
NM_001184122.1	32	51	77	81	113	161	178	209	219	124.55555555555556
NM_001180551.3	29	56	81	109	112	142	158	205	230	124.66666666666667
NM_001179047.1	21	49	71	100	134	151	172	182	242	124.66666666666667
NM_001181375.1	31	54	64	104	146	147	156	192	228	124.66666666666667
NM_001182635.1	26	42	75	103	114	158	187	197	222	124.88888888888889
NM_001184268.1	19	34	81	97	120	147	198	204	224	124.88888888888889
NM_001182770.1	27	47	90	95	112	149	164	215	225	124.88888888888889
NM_001180547.1	25	52	75	90	123	159	174	194	232	124.88888888888889
NM_001183773.3	24	58	70	88	120	167	171	207	220	125.0
NM_001182252.3	25	48	79	95	130	149	199	193	208	125.11111111111111
NM_001183574.3	28	55	63	89	134	161	159	204	233	125.11111111111111
NM_001181731.1	21	50	69	111	115	149	173	210	231	125.44444444444444
NM_001181663.1	20	35	65	93	135	154	181	196	251	125.55555555555556
NM_001181871.1	20	60	85	100	138	131	170	202	224	125.55555555555556
NM_001183512.1	25	50	72	82	129	163	185	196	228	125.55555555555556
NM_001179998.3	33	50	81	93	125	154	166	205	223	125.55555555555556
NM_001183214.3	16	52	78	115	117	145	178	196	234	125.66666666666667
NM_001178352.2	22	46	76	85	120	141	190	209	243	125.77777777777777
NM_001183546.1	25	38	91	102	139	132	184	191	230	125.77777777777777
NM_001181346.3	29	54	68	98	132	148	183	210	211	125.88888888888889
NM_001179645.1	37	43	73	97	134	128	184	210	227	125.88888888888889
NM_001180376.3	22	58	69	105	116	149	194	203	217	125.88888888888889
NM_001180492.1	19	54	87	106	131	152	173	195	219	126.22222222222223
NM_001178798.1	28	42	78	98	123	155	174	221	217	126.22222222222223
NM_001178583.3	28	49	82	96	117	158	170	201	235	126.22222222222223
NM_001180513.3	24	58	77	113	132	146	175	191	220	126.22222222222223
NM_001178768.1	28	51	76	86	135	135	182	197	246	126.22222222222223
NM_001180536.3	22	47	90	88	119	159	184	209	220	126.44444444444444
NM_001178770.1	26	60	67	93	130	164	172	206	220	126.44444444444444
NM_001180766.1	17	57	84	98	125	165	164	202	227	126.55555555555556
NM_001178760.1	27	54	81	97	130	145	187	196	223	126.66666666666667
NM_001179433.3	27	47	86	96	123	152	171	202	236	126.66666666666667
NM_001180466.3	34	50	88	97	120	145	173	199	234	126.66666666666667
NM_001179175.1	29	45	73	99	122	171	176	205	222	126.88888888888889
NM_001179257.1	22	47	66	107	133	143	188	202	236	127.11111111111111
NM_001181529.1	25	49	79	118	136	135	185	209	208	127.11111111111111
NM_001182327.1	26	50	70	92	129	160	189	203	226	127.22222222222223
NM_001181061.1	24	49	83	98	127	157	193	194	221	127.33333333333333
NM_001180570.3	27	50	78	109	112	158	185	191	236	127.33333333333333
NM_001178575.1	31	70	73	110	118	164	175	203	202	127.33333333333333
NM_001182484.1	26	50	67	112	124	149	192	205	221	127.33333333333333
NM_001183750.1	19	43	79	109	138	146	183	200	230	127.44444444444444
NM_001184195.1	31	44	88	94	124	145	174	216	231	127.44444444444444
NM_001181426.1	27	47	73	106	129	175	174	197	220	127.55555555555556
NM_001178473.1	28	47	87	98	131	161	163	209	224	127.55555555555556
NM_001178255.1	30	58	85	117	121	142	195	191	211	127.77777777777777
NM_001183930.1	27	53	73	98	118	175	180	199	228	127.88888888888889
NM_001184455.1	24	59	80	115	119	161	181	195	218	128.0
NM_001182201.1	18	55	69	100	127	151	197	193	242	128.0
NM_001180514.3	29	53	74	101	110	152	193	200	242	128.22222222222223
NM_001178452.3	30	50	74	114	134	150	193	195	214	128.22222222222223
NM_001180871.1	27	50	68	102	127	165	176	205	234	128.22222222222223
NM_001184272.1	27	45	77	93	133	151	183	215	231	128.33333333333334
NM_001183646.1	30	63	77	97	130	152	170	209	228	128.44444444444446
NM_001180445.1	23	50	70	88	134	168	187	210	226	128.44444444444446
NM_001183797.3	25	47	79	100	130	162	169	201	244	128.55555555555554
NM_001178376.1	32	48	66	108	139	150	201	199	215	128.66666666666666
NM_001182330.3	23	43	73	120	120	155	189	201	237	129.0
NM_001179806.1	25	48	76	109	129	162	165	212	235	129.0
NM_001180007.1	33	46	73	115	120	160	188	188	239	129.11111111111111
NM_001179192.1	22	61	69	104	128	137	191	220	231	129.22222222222223
NM_001178351.1	24	39	73	98	136	163	195	207	228	129.22222222222223
NM_001178568.3	29	54	67	94	128	160	191	213	229	129.44444444444446
NM_001184236.1	23	46	76	100	134	156	183	195	252	129.44444444444446
NM_001182364.1	29	53	90	101	130	147	189	195	233	129.66666666666666
NM_001180645.3	24	58	81	104	136	149	183	207	225	129.66666666666666
NM_001179979.2	27	59	82	99	144	152	185	178	242	129.77777777777777
NM_001181230.1	17	61	92	107	118	160	161	215	238	129.88888888888889
NM_001183029.1	23	52	83	98	130	153	179	204	249	130.11111111111111
NM_001178902.1	21	52	73	121	121	157	181	217	229	130.22222222222223
NM_001179867.1	13	48	74	99	147	168	185	197	241	130.22222222222223
NM_001180065.3	27	63	78	102	134	140	177	193	258	130.22222222222223
NM_001183477.1	23	51	77	109	138	177	177	200	220	130.22222222222223
NM_001183205.3	31	55	72	105	120	152	187	207	243	130.22222222222223
NM_001183901.1	15	69	71	100	144	170	172	205	227	130.33333333333334
NM_001183829.1	35	48	78	106	124	144	180	205	253	130.33333333333334
NM_001184396.2	34	55	72	111	118	164	189	207	225	130.55555555555554
NM_001180369.3	31	59	70	108	124	148	180	218	237	130.55555555555554
NM_001180535.1	31	45	92	107	130	166	177	215	212	130.55555555555554
NM_001182383.1	17	48	80	89	155	160	189	206	231	130.55555555555554
NM_001184105.1	42	49	92	76	124	166	179	214	235	130.77777777777777
NM_001183014.2	30	52	91	103	132	146	183	201	240	130.88888888888889
NM_001181798.1	22	43	78	117	132	174	182	198	233	131.0
NM_001181270.1	41	52	64	93	144	151	177	212	246	131.11111111111111
NM_001179749.1	27	59	76	107	126	154	183	201	248	131.22222222222223
NM_001178904.3	29	51	88	121	127	170	173	194	228	131.22222222222223
NM_001182284.3	15	47	80	107	138	175	173	210	237	131.33333333333334
NM_001179073.1	22	46	80	121	125	165	185	202	237	131.44444444444446
NM_001181218.1	26	54	93	110	123	158	196	198	225	131.44444444444446
NM_001182147.1	21	51	75	111	141	164	175	216	230	131.55555555555554
NM_001180552.1	26	59	80	118	115	155	186	191	254	131.55555555555554
NM_001178608.1	32	62	89	107	115	144	189	206	241	131.66666666666666
NM_001179965.1	24	58	80	92	130	153	179	220	249	131.66666666666666
NM_001179733.1	30	61	83	112	136	136	177	218	232	131.66666666666666
NM_001178401.1	36	41	66	122	121	161	204	201	234	131.77777777777777
NM_001182669.1	27	59	79	104	121	163	177	210	246	131.77777777777777
NM_001181276.3	30	50	61	109	145	149	182	210	250	131.77777777777777
NM_001181334.3	24	55	75	106	110	157	200	217	243	131.88888888888889
NM_001180113.1	31	57	65	106	132	166	200	194	236	131.88888888888889
NM_001182251.1	23	53	77	106	135	165	179	212	240	132.22222222222223
NM_001182690.1	35	51	89	108	129	169	185	198	228	132.44444444444446
NM_001181517.1	18	54	92	106	131	143	196	211	241	132.44444444444446
NM_001179588.1	26	48	77	108	120	157	180	226	250	132.44444444444446
NM_001181527.1	25	46	86	109	138	145	186	225	233	132.55555555555554
NM_001183924.1	39	50	67	113	131	150	177	222	245	132.66666666666666
NM_001179415.3	27	62	83	110	127	156	181	206	242	132.66666666666666
NM_001178789.1	28	42	89	110	132	166	166	226	235	132.66666666666666
NM_001181201.1	36	63	90	99	130	153	173	204	246	132.66666666666666
NM_001184344.1	36	48	85	105	133	159	188	208	233	132.77777777777777
NM_001183675.2	19	58	81	112	119	168	176	222	241	132.88888888888889
NM_001179607.1	16	52	86	99	119	159	191	226	248	132.88888888888889
NM_001182436.1	22	78	71	99	143	161	185	227	210	132.88888888888889
NM_001181995.1	29	60	73	109	118	167	203	225	213	133.0
NM_001182725.1	27	64	66	106	156	163	174	212	231	133.22222222222223
NM_001183869.1	32	58	77	82	126	163	183	226	252	133.22222222222223
NM_001179949.1	22	52	74	109	118	155	201	229	240	133.33333333333334
NM_001179706.1	21	52	85	124	134	149	189	216	231	133.44444444444446
NM_001178671.1	32	46	90	86	133	168	188	209	249	133.44444444444446
NM_001183084.1	29	54	83	104	134	161	177	222	239	133.66666666666666
NM_001180915.3	40	54	84	105	129	163	174	205	250	133.77777777777777
NM_001179995.3	30	59	85	106	126	167	173	218	240	133.77777777777777
NM_001180262.1	32	45	74	112	132	157	188	233	232	133.88888888888889
NM_001183044.1	34	57	71	109	130	150	197	219	238	133.88888888888889
NM_001178969.1	27	37	79	105	126	170	185	221	255	133.88888888888889
NM_001182588.1	31	48	84	115	135	163	178	213	239	134.0
NM_001184261.1	31	50	72	105	137	158	191	222	240	134.0
NM_001184279.1	19	46	86	109	136	174	189	235	213	134.11111111111111
NM_001182325.3	25	62	77	115	146	168	174	212	229	134.22222222222223
NM_001184225.1	22	45	98	93	134	171	195	235	215	134.22222222222223
NM_001180503.3	31	58	78	98	146	151	197	213	238	134.44444444444446
NM_001178556.1	28	55	64	109	145	158	182	218	252	134.55555555555554
NM_001181088.1	24	66	90	105	121	159	194	220	232	134.55555555555554
NM_001179216.1	32	47	85	115	120	173	188	225	227	134.66666666666666
NM_001180660.1	22	63	81	104	126	168	171	240	237	134.66666666666666
NM_001181496.1	22	56	74	99	133	174	181	224	250	134.77777777777777
NM_001179240.1	36	59	87	100	135	148	180	225	243	134.77777777777777
NM_001181059.1	27	65	98	94	143	175	184	193	234	134.77777777777777
NM_001178246.1	33	53	66	107	149	153	191	213	249	134.88888888888889
NM_001182208.1	27	64	72	105	127	164	187	225	243	134.88888888888889
NM_001179650.1	29	42	89	113	137	170	190	208	237	135.0
NM_001183121.1	19	64	75	100	145	162	185	210	255	135.0
NM_001183199.1	34	42	74	112	142	152	197	230	233	135.11111111111111
NM_001180476.1	28	52	78	99	140	152	186	223	258	135.11111111111111
NM_001183827.1	23	38	77	118	139	179	172	232	239	135.22222222222223
NM_001180365.3	23	52	84	114	123	167	196	217	242	135.33333333333334
NM_001181641.1	23	56	96	114	146	162	176	201	244	135.33333333333334
NM_001182613.1	20	64	84	122	134	164	188	212	230	135.33333333333334
NM_001182002.1	19	65	85	94	142	171	183	214	246	135.44444444444446
NM_001181627.1	28	57	72	112	137	173	192	209	239	135.44444444444446
NM_001179617.1	24	50	99	112	115	148	207	202	262	135.44444444444446
NM_001184244.1	22	54	93	119	134	167	165	212	254	135.55555555555554
NM_001180515.1	27	53	84	98	116	170	197	232	243	135.55555555555554
NM_001178564.3	30	56	77	98	125	165	195	230	244	135.55555555555554
NM_001180418.1	20	49	73	111	125	174	199	229	241	135.66666666666666
NM_001178563.3	29	58	78	113	134	156	193	204	256	135.66666666666666
NM_001179462.3	26	53	95	98	147	177	175	216	235	135.77777777777777
NM_001183334.1	27	54	97	96	137	160	181	211	260	135.88888888888889
NM_001183767.3	28	51	87	89	142	170	193	214	249	135.88888888888889
NM_001181785.3	31	57	84	100	144	169	193	214	232	136.0
NM_001181438.1	32	57	81	116	114	159	199	227	241	136.22222222222223
NM_001178307.2	31	49	80	104	147	178	177	227	235	136.44444444444446
NM_001182260.1	30	42	90	110	131	175	187	210	254	136.55555555555554
NM_001180638.1	24	65	94	100	135	148	202	212	249	136.55555555555554
NM_001183534.3	23	51	104	110	138	162	174	219	249	136.66666666666666
NM_001181920.1	25	57	77	109	137	175	173	224	253	136.66666666666666
NM_001183569.1	25	49	88	112	137	158	176	237	248	136.66666666666666
NM_001181158.3	31	64	97	97	137	169	182	213	241	136.77777777777777
NM_001179530.1	37	60	88	126	149	153	163	210	246	136.88888888888889
NM_001183498.1	27	57	70	99	151	163	191	214	261	137.0
NM_001184689.1	30	50	100	107	135	163	193	208	248	137.11111111111111
NM_001179057.3	36	43	82	111	146	172	185	228	233	137.33333333333334
NM_001182631.1	25	55	70	100	138	172	188	242	246	137.33333333333334
NM_001181074.1	27	50	93	113	133	176	169	229	247	137.44444444444446
NM_001182457.1	27	48	71	113	137	174	181	233	254	137.55555555555554
NM_001179869.1	22	56	90	114	156	158	183	210	249	137.55555555555554
NM_001181829.1	23	41	87	107	134	181	175	236	254	137.55555555555554
NM_001180423.1	28	56	100	119	135	168	162	210	260	137.55555555555554
NM_001181634.1	23	46	89	110	160	162	200	217	232	137.66666666666666
NM_001184068.1	21	67	74	113	142	163	205	216	239	137.77777777777777
NM_001181800.3	18	60	89	106	135	172	185	239	238	138.0
NM_001179173.1	38	50	84	118	140	171	192	216	234	138.11111111111111
NM_001184022.1	22	55	87	117	138	167	195	220	243	138.22222222222223
NM_001182324.1	26	52	78	101	147	171	217	209	243	138.22222222222223
NM_001178481.1	23	59	81	121	133	170	178	222	259	138.44444444444446
NM_001180620.3	30	52	88	120	127	181	175	216	258	138.55555555555554
NM_001179024.1	33	54	81	124	126	135	201	228	265	138.55555555555554
NM_001178599.3	27	56	90	109	142	169	198	231	227	138.77777777777777
NM_001180723.1	33	64	80	115	135	177	190	216	239	138.77777777777777
NM_001178876.1	24	57	90	119	139	159	209	220	234	139.0
NM_001178743.1	24	48	96	103	151	165	201	223	240	139.0
NM_001180165.1	22	49	89	120	141	159	192	232	248	139.11111111111111
NM_001180483.3	20	60	88	124	132	169	205	215	240	139.22222222222223
NM_001179920.1	24	57	89	129	121	159	204	222	249	139.33333333333334
NM_001178148.1	31	58	88	104	135	156	195	235	252	139.33333333333334
NM_001179176.1	28	53	87	106	145	170	193	210	264	139.55555555555554
NM_001180858.1	29	54	90	128	156	161	197	201	240	139.55555555555554
NM_001180429.3	28	53	83	118	143	161	211	211	250	139.77777777777777
NM_001180575.3	28	56	79	124	155	166	179	227	244	139.77777777777777
NM_001183090.1	24	62	80	126	145	160	197	210	256	140.0
NM_001183285.1	27	58	67	107	135	184	200	220	265	140.33333333333334
NM_001181750.1	24	60	84	108	149	152	198	226	262	140.33333333333334
NM_001181637.1	28	55	87	112	144	171	194	222	251	140.44444444444446
NM_001180014.3	25	56	83	110	137	183	185	241	244	140.44444444444446
NM_001181470.1	32	50	88	112	134	162	219	217	252	140.66666666666666
NM_001179280.1	20	56	101	123	153	157	196	219	242	140.77777777777777
NM_001182258.1	31	68	90	101	136	163	218	218	243	140.88888888888889
NM_001180966.1	30	56	83	118	136	175	176	235	259	140.88888888888889
NM_001179503.1	22	53	73	127	134	182	191	231	256	141.0
NM_001182823.1	35	55	87	115	130	166	189	223	269	141.0
NM_001181076.1	25	70	82	93	129	172	208	220	271	141.11111111111111
NM_001181229.1	29	60	66	110	131	192	206	220	257	141.22222222222223
NM_001181946.1	34	57	78	128	149	156	194	240	236	141.33333333333334
NM_001180342.3	30	48	72	113	153	158	198	225	275	141.33333333333334
NM_001179390.1	39	50	91	117	129	171	201	220	256	141.55555555555554
NM_001182376.1	27	51	74	110	156	162	199	242	255	141.77777777777777
NM_001178818.1	23	50	100	112	140	173	190	235	253	141.77777777777777
NM_001181939.1	30	47	86	115	124	191	209	223	255	142.22222222222223
NM_001182602.1	27	61	78	121	136	169	187	245	256	142.22222222222223
NM_001182939.1	30	58	86	111	139	183	188	210	276	142.33333333333334
NM_001180604.3	27	62	81	117	149	170	203	205	267	142.33333333333334
NM_001183232.3	28	45	84	120	156	178	183	241	247	142.44444444444446
NM_001181487.3	22	64	93	126	131	172	202	229	243	142.44444444444446
NM_001178471.3	24	53	90	118	139	182	179	240	261	142.88888888888889
NM_001180945.1	24	59	69	128	136	172	198	236	265	143.0
NM_001184534.1	15	71	110	98	130	176	183	238	266	143.0
NM_001181738.1	39	70	85	109	165	162	208	198	251	143.0
NM_001181176.3	30	73	98	107	127	176	195	223	259	143.11111111111111
NM_001181506.3	23	53	86	109	148	174	200	233	263	143.22222222222223
NM_001181662.3	25	64	87	118	132	167	197	243	256	143.22222222222223
NM_001180471.1	29	57	103	112	134	162	196	230	267	143.33333333333334
NM_001180776.3	30	52	86	118	144	166	214	215	265	143.33333333333334
NM_001183779.3	31	55	89	108	159	199	188	212	250	143.44444444444446
NM_001179438.1	35	56	96	135	131	171	188	225	254	143.44444444444446
NM_001179932.2	34	63	93	123	134	162	193	244	245	143.44444444444446
NM_001183994.1	25	58	82	116	157	163	202	220	269	143.55555555555554
NM_001180488.3	18	61	101	112	137	180	219	216	249	143.66666666666666
NM_001181362.3	39	60	80	117	137	182	192	227	261	143.88888888888889
NM_001178616.3	28	67	85	112	152	167	192	232	260	143.88888888888889
NM_001181847.1	26	58	82	115	144	172	203	231	265	144.0
NM_001184277.1	24	54	75	124	142	188	212	230	249	144.22222222222223
NM_001182385.1	34	59	78	111	133	196	215	212	260	144.22222222222223
NM_001182197.2	32	57	92	127	151	158	193	213	277	144.44444444444446
NM_001178562.1	26	61	83	107	135	163	212	234	280	144.55555555555554
NM_001182088.1	22	59	83	116	142	182	219	212	267	144.66666666666666
NM_001179330.3	27	53	101	117	145	165	200	230	264	144.66666666666666
NM_001179970.1	28	49	89	113	156	203	189	226	250	144.77777777777777
NM_001179611.1	30	52	81	110	132	183	206	224	286	144.88888888888889
NM_001178867.1	36	64	88	120	141	169	201	221	264	144.88888888888889
NM_001183211.3	28	55	81	129	151	192	186	226	256	144.88888888888889
NM_001178390.1	39	58	94	106	162	178	198	204	266	145.0
NM_001181344.3	31	62	100	116	137	182	204	218	255	145.0
NM_001178619.3	23	62	92	105	147	188	212	237	240	145.11111111111111
NM_001178590.1	23	54	92	121	141	177	197	243	258	145.11111111111111
NM_001183557.1	26	59	82	120	127	195	212	246	240	145.22222222222223
NM_001181403.2	26	57	94	118	147	175	200	237	254	145.33333333333334
NM_001184119.1	34	65	76	112	136	166	221	243	255	145.33333333333334
NM_001180894.1	32	60	93	121	144	155	209	247	251	145.77777777777777
NM_001180359.3	25	78	90	122	137	167	192	222	282	146.11111111111111
NM_001178278.1	34	59	91	110	137	174	208	235	267	146.11111111111111
NM_001182033.1	21	59	86	120	155	172	218	223	262	146.22222222222223
NM_001183681.1	30	62	95	124	135	183	204	221	262	146.22222222222223
NM_001179495.1	32	65	91	108	154	179	186	229	273	146.33333333333334
NM_001180998.1	25	60	76	118	151	197	196	243	252	146.44444444444446
NM_001182698.1	20	71	88	112	171	193	202	216	248	146.77777777777777
NM_001182795.1	26	46	97	123	133	170	211	249	267	146.88888888888889
NM_001180478.1	37	56	73	135	155	169	202	244	251	146.88888888888889
NM_001179704.1	29	78	105	112	127	176	197	237	263	147.11111111111111
NM_001180545.3	35	54	91	108	143	165	216	240	273	147.22222222222223
NM_001181226.1	29	63	95	111	152	168	206	234	267	147.22222222222223
NM_001182995.1	27	60	87	119	150	179	212	243	249	147.33333333333334
NM_001180972.1	33	45	83	126	155	168	208	232	278	147.55555555555554
NM_001181574.1	36	59	84	120	150	182	208	229	261	147.66666666666666
NM_001181384.1	27	59	89	124	150	176	198	233	273	147.66666666666666
NM_001180820.3	28	58	94	112	163	173	206	228	267	147.66666666666666
NM_001180664.3	38	51	91	114	148	184	195	240	269	147.77777777777777
NM_001180948.1	26	70	102	119	144	179	200	236	255	147.88888888888889
NM_001178195.2	29	56	87	118	143	188	193	236	281	147.88888888888889
NM_001182213.1	27	63	87	130	140	167	206	252	260	148.0
NM_001180708.3	34	55	86	125	152	163	211	225	284	148.33333333333334
NM_001179207.1	28	64	85	130	154	174	202	224	276	148.55555555555554
NM_001179593.1	35	63	93	131	144	169	196	242	264	148.55555555555554
NM_001184197.1	24	55	86	116	165	186	213	238	259	149.11111111111111
NM_001183021.1	29	52	87	112	155	196	206	243	263	149.22222222222223
NM_001181080.1	31	54	105	115	163	177	197	243	258	149.22222222222223
NM_001182506.1	30	64	99	121	153	175	216	235	253	149.55555555555554
NM_001179283.1	32	64	101	122	145	176	202	231	277	150.0
NM_001182439.1	28	64	101	131	128	169	213	231	285	150.0
NM_001183742.3	26	56	97	129	144	179	215	236	268	150.0
NM_001182785.1	33	55	100	101	155	186	214	242	265	150.11111111111111
NM_001180979.1	27	54	93	125	145	174	208	242	283	150.11111111111111
NM_001178483.3	40	69	88	124	149	191	179	243	269	150.22222222222223
NM_001178322.1	21	50	83	132	147	181	225	250	263	150.22222222222223
NM_001183610.1	25	67	108	110	156	158	243	237	248	150.22222222222223
NM_001181707.1	24	64	80	120	143	187	214	241	280	150.33333333333334
NM_001183580.3	29	55	102	135	136	171	230	249	246	150.33333333333334
NM_001183395.2	33	54	90	106	154	202	201	239	274	150.33333333333334
NM_001179009.1	34	65	85	116	146	187	202	243	275	150.33333333333334
NM_001182906.3	29	65	103	120	140	183	220	238	256	150.44444444444446
NM_001181141.1	34	46	93	129	161	186	203	244	259	150.55555555555554
NM_001183442.1	37	55	99	117	137	153	227	241	291	150.77777777777777
NM_001184304.1	29	55	101	125	149	176	218	246	258	150.77777777777777
NM_001182262.1	24	61	87	107	156	191	208	234	290	150.88888888888889
NM_001178637.4	31	65	103	132	150	176	216	213	273	151.0
NM_001182865.1	25	65	102	114	164	171	210	243	265	151.0
NM_001178923.3	24	62	84	112	170	181	212	243	272	151.11111111111111
NM_001180415.1	37	52	102	124	136	179	217	209	306	151.33333333333334
NM_001181161.3	38	69	92	130	145	192	203	238	255	151.33333333333334
NM_001182315.3	38	63	92	128	160	167	209	229	276	151.33333333333334
NM_001180931.1	39	47	91	122	170	174	210	235	275	151.44444444444446
NM_001181617.1	24	63	84	125	141	175	220	246	286	151.55555555555554
NM_001179366.1	33	65	82	130	151	189	229	215	272	151.77777777777777
NM_001179629.1	32	50	99	129	147	181	210	270	249	151.88888888888889
NM_001178623.4	31	67	79	110	157	194	224	240	266	152.0
NM_001182928.3	33	64	90	126	153	186	185	250	282	152.11111111111111
NM_001184073.1	23	61	87	118	145	170	242	246	277	152.11111111111111
NM_001179984.2	31	57	88	101	154	191	208	247	292	152.11111111111111
NM_001179819.3	35	49	96	110	155	197	219	240	269	152.22222222222223
NM_001182938.1	30	63	92	116	149	195	203	260	262	152.22222222222223
NM_001179918.1	32	56	81	119	135	200	224	238	286	152.33333333333334
NM_001180565.1	35	61	98	112	163	183	206	234	279	152.33333333333334
NM_001182706.1	23	52	109	130	147	181	214	255	262	152.55555555555554
NM_001180524.3	28	44	94	129	142	206	204	266	260	152.55555555555554
NM_001184441.1	30	55	90	123	166	181	232	248	249	152.66666666666666
NM_001178602.1	26	64	90	123	155	196	204	236	281	152.77777777777777
NM_001183425.1	38	59	85	112	156	184	224	247	270	152.77777777777777
NM_001180888.3	26	54	96	116	146	198	235	253	253	153.0
NM_001183037.1	31	58	87	139	156	189	205	233	281	153.22222222222223
NM_001181477.3	28	47	94	127	138	197	225	255	268	153.22222222222223
NM_001178438.4	22	54	94	119	151	185	215	254	286	153.33333333333334
NM_001182854.1	24	64	90	117	149	185	214	236	301	153.33333333333334
NM_001182625.1	30	72	94	125	143	170	215	231	300	153.33333333333334
NM_001178349.1	37	56	92	104	147	180	224	258	282	153.33333333333334
NM_001179710.1	30	61	94	103	168	173	224	240	288	153.44444444444446
NM_001183398.1	33	54	105	122	141	190	220	241	278	153.77777777777777
NM_001183096.1	23	55	92	123	146	204	207	257	280	154.11111111111111
NM_001180655.3	26	62	97	125	150	179	219	246	283	154.11111111111111
NM_001183604.1	30	54	91	142	171	171	212	233	284	154.22222222222223
NM_001180823.3	28	64	92	111	162	187	226	250	269	154.33333333333334
NM_001182568.1	23	56	97	124	141	182	249	246	271	154.33333333333334
NM_001178678.1	31	56	98	123	158	192	220	241	273	154.66666666666666
NM_001183062.1	20	65	106	125	156	192	208	236	285	154.77777777777777
NM_001183987.1	29	57	96	132	160	182	232	254	252	154.88888888888889
NM_001181667.1	26	60	82	134	141	189	227	262	274	155.0
NM_001179600.1	29	63	82	110	163	198	227	255	268	155.0
NM_001183676.3	22	60	103	112	165	187	232	247	268	155.11111111111111
NM_001181524.1	16	73	98	128	146	200	207	245	284	155.22222222222223
NM_001181294.1	42	56	91	118	159	192	232	243	266	155.44444444444446
NM_001180994.2	25	67	96	135	178	177	231	221	269	155.44444444444446
NM_001179879.1	25	64	93	129	141	184	236	258	270	155.55555555555554
NM_001182694.1	37	78	85	114	164	182	217	236	287	155.55555555555554
NM_001180277.1	26	73	101	131	144	182	220	252	272	155.66666666666666
NM_001180204.1	30	52	108	114	148	194	211	255	289	155.66666666666666
NM_001183692.1	24	61	91	128	165	184	224	248	276	155.66666666666666
NM_001181919.1	46	61	104	124	142	180	218	267	260	155.77777777777777
NM_001181926.1	33	71	87	114	144	183	236	258	276	155.77777777777777
NM_001183290.1	42	61	79	126	142	191	201	264	298	156.0
NM_001178960.1	28	61	104	111	158	176	218	260	290	156.22222222222223
NM_001179049.3	41	54	93	133	165	180	212	240	289	156.33333333333334
NM_001179418.1	29	50	104	114	151	203	219	263	274	156.33333333333334
NM_001183774.1	27	66	84	127	153	185	232	241	294	156.55555555555554
NM_001181412.3	25	69	101	123	146	177	223	258	288	156.66666666666666
NM_001183391.1	35	57	86	115	157	180	234	265	281	156.66666666666666
NM_001179452.3	36	63	102	110	155	193	219	259	274	156.77777777777777
NM_001182424.1	28	70	94	130	189	198	209	227	269	157.11111111111111
NM_001178321.1	40	60	87	131	132	193	220	256	295	157.11111111111111
NM_001184295.1	30	82	87	131	142	165	231	242	305	157.22222222222223
NM_001182492.1	38	61	104	113	150	209	224	253	263	157.22222222222223
NM_001184222.1	42	62	108	113	154	190	229	251	266	157.22222222222223
NM_001179850.1	32	61	89	123	177	178	219	242	294	157.22222222222223
NM_001183265.1	27	50	90	122	173	192	219	276	267	157.33333333333334
NM_001178456.2	31	68	101	120	153	182	251	242	269	157.44444444444446
NM_001182440.1	29	65	75	139	144	206	220	259	280	157.44444444444446
NM_001180389.1	36	64	89	120	155	185	219	263	286	157.44444444444446
NM_001180003.1	26	61	77	134	158	190	224	258	289	157.44444444444446
NM_001182450.1	32	59	89	128	156	192	215	266	281	157.55555555555554
NM_001178859.1	31	61	89	132	150	194	213	250	299	157.66666666666666
NM_001183097.1	31	71	104	139	153	178	215	259	269	157.66666666666666
NM_001183347.1	33	65	100	98	157	193	220	259	295	157.77777777777777
NM_001183251.1	29	67	90	126	160	175	240	260	273	157.77777777777777
NM_001179213.1	31	64	97	125	166	190	203	264	280	157.77777777777777
NM_001181856.1	34	70	94	128	140	192	219	263	281	157.88888888888889
NM_001183444.1	39	59	92	128	164	175	220	241	303	157.88888888888889
NM_001180482.1	23	64	108	133	141	197	219	238	299	158.0
NM_001180715.1	36	79	91	122	161	195	200	258	281	158.11111111111111
NM_001178617.1	45	67	101	116	152	179	207	253	303	158.11111111111111
NM_001182916.3	35	59	104	119	159	191	213	245	298	158.11111111111111
NM_001179233.1	38	69	90	127	158	179	215	250	301	158.55555555555554
NM_001183127.1	30	61	96	125	153	189	251	264	258	158.55555555555554
NM_001182666.1	39	49	98	120	165	202	227	246	282	158.66666666666666
NM_001183929.1	28	72	106	123	155	207	215	230	293	158.77777777777777
NM_001179044.1	33	67	116	124	148	180	224	262	276	158.88888888888889
NM_001181221.3	28	81	78	108	158	194	207	265	311	158.88888888888889
NM_001179251.1	28	65	105	108	175	191	230	246	282	158.88888888888889
NM_001181272.3	44	55	100	108	170	188	216	253	296	158.88888888888889
NM_001182771.1	29	63	103	119	151	183	216	277	290	159.0
NM_001183018.1	31	62	99	146	164	167	230	245	287	159.0
NM_001179460.1	35	66	115	109	156	182	219	254	296	159.11111111111111
NM_001181842.1	26	69	101	132	154	194	229	233	295	159.22222222222223
NM_001183942.1	31	69	73	131	174	186	229	265	277	159.44444444444446
NM_001180794.3	27	59	98	143	151	195	226	240	296	159.44444444444446
NM_001178338.1	27	64	97	124	135	191	243	268	286	159.44444444444446
NM_001179714.1	23	54	90	131	174	193	213	262	296	159.55555555555554
NM_001181543.1	25	76	101	133	156	189	208	258	291	159.66666666666666
NM_001181010.2	30	67	88	107	166	188	235	258	299	159.77777777777777
NM_001178273.1	34	64	88	126	164	183	234	267	278	159.77777777777777
NM_001181246.3	19	55	84	134	172	175	219	272	309	159.88888888888889
NM_001182030.1	38	66	101	120	158	178	219	280	279	159.88888888888889
NM_001178153.1	29	60	94	138	167	191	221	251	291	160.22222222222223
NM_001181391.1	29	69	91	146	166	186	206	262	289	160.44444444444446
NM_001181112.1	28	68	95	133	166	193	233	249	281	160.66666666666666
NM_001184152.1	31	71	101	141	155	189	232	243	283	160.66666666666666
NM_001180525.1	36	67	79	137	154	177	222	282	293	160.77777777777777
NM_001183710.1	29	65	97	125	181	182	210	254	305	160.88888888888889
NM_001178256.1	36	55	89	114	176	179	213	270	316	160.88888888888889
NM_001179569.3	27	58	92	149	155	209	219	253	288	161.11111111111111
NM_001180292.1	44	61	108	118	168	181	223	271	276	161.11111111111111
NM_001179821.3	33	77	98	110	174	193	234	248	284	161.22222222222223
NM_001181203.3	37	68	92	134	157	195	223	261	284	161.22222222222223
NM_001180730.3	30	68	96	125	167	180	235	263	290	161.55555555555554
NM_001182187.1	43	50	112	138	168	204	194	254	292	161.66666666666666
NM_001179249.1	34	78	104	111	158	205	222	250	294	161.77777777777777
NM_001183457.1	29	78	85	122	150	211	226	271	285	161.88888888888889
NM_001181514.1	32	62	99	125	177	171	231	260	300	161.88888888888889
NM_001179720.1	34	64	103	132	147	174	231	263	313	162.33333333333334
NM_001181942.1	33	74	102	127	167	186	223	246	304	162.44444444444446
NM_001181890.1	23	72	92	124	166	182	229	267	309	162.66666666666666
NM_001178638.1	18	84	87	146	165	187	226	256	295	162.66666666666666
NM_001182756.1	33	61	98	132	175	183	231	280	272	162.77777777777777
NM_001182878.3	31	56	96	141	156	176	247	255	307	162.77777777777777
NM_001184084.1	30	67	85	130	173	195	244	251	291	162.88888888888889
NM_001180936.1	26	69	112	151	162	187	207	277	278	163.22222222222223
NM_001178594.1	34	73	93	137	160	211	231	244	286	163.22222222222223
NM_001183218.3	28	67	97	139	161	178	232	260	308	163.33333333333334
NM_001182053.1	42	66	106	116	175	206	241	263	255	163.33333333333334
NM_001179968.1	40	77	97	131	178	187	221	259	281	163.44444444444446
NM_001179740.1	44	64	103	140	146	203	231	239	303	163.66666666666666
NM_001182379.1	29	58	94	124	158	220	259	256	275	163.66666666666666
NM_001178941.3	29	53	103	131	158	208	240	260	292	163.77777777777777
NM_001179429.1	28	62	109	127	166	212	221	268	281	163.77777777777777
NM_001178586.1	34	69	86	127	180	198	234	256	291	163.88888888888889
NM_001182994.3	37	58	112	121	170	199	225	242	311	163.88888888888889
NM_001180772.3	34	64	94	139	164	208	224	260	289	164.0
NM_001178333.1	29	76	89	128	166	219	240	254	275	164.0
NM_001179469.1	38	60	100	149	168	199	219	273	271	164.11111111111111
NM_001179732.1	23	75	102	155	171	179	234	256	282	164.11111111111111
NM_001180618.1	40	71	106	119	154	196	237	256	299	164.22222222222223
NM_001178277.1	35	59	85	148	154	210	222	263	303	164.33333333333334
NM_001184228.1	28	81	93	120	150	201	218	264	326	164.55555555555554
NM_001179584.3	31	62	94	135	150	194	237	280	299	164.66666666666666
NM_001180841.1	24	75	91	132	164	210	241	263	283	164.77777777777777
NM_001182413.1	33	58	101	153	166	195	218	273	286	164.77777777777777
NM_001184349.1	30	56	116	137	169	199	230	251	297	165.0
NM_001182799.1	32	67	92	137	170	188	243	266	290	165.0
NM_001180619.3	36	72	94	143	164	188	230	274	285	165.11111111111111
NM_001182134.1	38	63	91	130	184	189	235	250	308	165.33333333333334
NM_001182810.1	33	71	86	138	167	202	228	278	285	165.33333333333334
NM_001181222.3	29	65	80	126	163	204	254	272	295	165.33333333333334
NM_001181704.1	21	50	104	115	173	212	253	268	293	165.44444444444446
NM_001179630.1	24	81	115	121	155	205	248	269	271	165.44444444444446
NM_001182057.1	29	72	107	131	160	199	223	273	296	165.55555555555554
NM_001181281.3	37	66	99	131	155	190	241	279	294	165.77777777777777
NM_001182887.1	36	64	92	122	170	209	239	271	289	165.77777777777777
NM_001178494.1	48	57	101	135	177	186	226	263	299	165.77777777777777
NM_001179136.1	34	72	104	107	167	200	245	262	301	165.77777777777777
NM_001183387.1	30	53	102	141	160	212	235	255	304	165.77777777777777
NM_001181370.3	27	73	110	127	164	198	236	257	300	165.77777777777777
NM_001180610.1	26	69	93	134	159	201	233	283	295	165.88888888888889
NM_001182328.3	34	59	113	129	148	199	235	265	311	165.88888888888889
NM_001183153.1	28	86	86	143	150	188	206	286	321	166.0
NM_001180357.1	26	71	101	145	177	204	228	238	304	166.0
NM_001180981.1	29	76	109	140	177	188	224	254	297	166.0
NM_001181458.3	31	74	108	134	168	205	211	257	307	166.11111111111111
NM_001183270.1	28	62	103	121	169	240	213	261	301	166.44444444444446
NM_001179644.1	43	74	106	128	146	204	229	262	307	166.55555555555554
NM_001180705.1	44	70	98	127	155	175	233	282	315	166.55555555555554
NM_001182031.1	22	76	113	129	159	196	238	271	296	166.66666666666666
NM_001184063.1	35	64	109	139	173	186	228	269	298	166.77777777777777
NM_001184285.1	30	76	106	140	153	200	252	266	279	166.88888888888889
NM_001183793.3	35	66	110	133	167	186	215	265	327	167.11111111111111
NM_001183074.1	30	68	105	138	167	192	255	243	306	167.11111111111111
NM_001179558.3	38	81	103	122	169	194	233	266	298	167.11111111111111
NM_001179244.1	37	60	104	129	171	202	232	275	296	167.33333333333334
NM_001181691.3	40	76	114	114	162	190	240	254	316	167.33333333333334
NM_001182342.1	24	69	101	135	181	187	244	271	295	167.44444444444446
NM_001183159.1	32	62	93	118	176	196	258	269	304	167.55555555555554
NM_001183707.3	25	66	92	129	174	215	219	270	319	167.66666666666666
NM_001178485.2	37	74	111	129	182	195	224	253	306	167.88888888888889
NM_001181406.3	28	53	92	122	160	216	250	261	330	168.0
NM_001179933.1	44	66	114	125	165	201	246	262	289	168.0
NM_001182473.1	23	68	108	131	187	192	222	269	313	168.11111111111111
NM_001180388.3	34	61	112	140	161	198	222	269	316	168.11111111111111
NM_001181982.1	30	70	88	132	170	214	243	249	317	168.11111111111111
NM_001182099.1	33	65	108	159	171	193	216	275	294	168.22222222222223
NM_001181709.1	35	59	98	137	167	200	230	248	340	168.22222222222223
NM_001183792.1	41	75	116	117	150	204	241	259	311	168.22222222222223
NM_001179042.3	42	58	95	149	169	199	221	276	305	168.22222222222223
NM_001180630.1	33	55	130	121	137	191	261	275	312	168.33333333333334
NM_001183071.1	37	77	89	119	164	216	227	284	303	168.44444444444446
NM_001179317.1	44	69	106	135	168	204	220	268	304	168.66666666666666
NM_001179585.3	28	73	101	114	172	202	213	283	332	168.66666666666666
NM_001179338.1	28	66	102	138	177	189	227	287	305	168.77777777777777
NM_001181683.1	32	71	87	154	169	201	234	272	299	168.77777777777777
NM_001178796.1	26	66	103	111	178	206	246	301	283	168.88888888888889
NM_001183007.1	32	60	112	125	157	201	259	269	305	168.88888888888889
NM_001184619.3	29	78	102	121	181	194	242	273	302	169.11111111111111
NM_001182941.3	35	69	95	126	168	201	238	289	302	169.22222222222223
NM_001182500.1	35	66	89	141	165	199	247	280	304	169.55555555555554
NM_001182275.3	29	57	83	143	173	212	245	280	304	169.55555555555554
NM_001181759.1	40	63	99	122	166	207	241	269	320	169.66666666666666
NM_001183053.1	33	70	108	135	172	183	244	292	290	169.66666666666666
NM_001179560.1	26	56	109	149	173	197	247	254	317	169.77777777777777
NM_001182937.3	26	71	93	142	181	226	221	275	294	169.88888888888889
NM_001178251.1	32	70	106	143	180	216	228	250	305	170.0
NM_001183497.1	31	68	107	151	168	190	239	269	308	170.11111111111111
NM_001178871.3	39	63	99	146	157	221	233	259	315	170.22222222222223
NM_001178249.1	37	77	104	118	153	206	237	285	316	170.33333333333334
NM_001183762.1	39	65	96	141	179	194	243	264	313	170.44444444444446
NM_001183485.1	36	61	89	125	177	218	237	275	318	170.66666666666666
NM_001184064.1	26	76	108	140	164	201	262	263	297	170.77777777777777
NM_001183280.1	31	59	107	119	185	202	261	251	322	170.77777777777777
NM_001182540.1	35	69	108	146	158	207	233	267	315	170.88888888888889
NM_001180909.1	24	65	104	137	176	222	221	267	323	171.0
NM_001183335.1	38	70	104	130	172	204	229	269	324	171.11111111111111
NM_001183684.1	35	67	110	133	166	207	233	289	301	171.22222222222223
NM_001181892.1	29	73	110	136	177	208	240	256	312	171.22222222222223
NM_001184188.1	36	66	100	133	158	214	229	283	322	171.22222222222223
NM_001183078.1	32	69	106	151	187	207	214	283	294	171.44444444444446
NM_001182483.1	47	64	104	151	158	218	226	268	308	171.55555555555554
NM_001183722.3	27	75	93	122	185	231	223	277	312	171.66666666666666
NM_001182729.1	33	82	111	145	175	190	240	268	302	171.77777777777777
NM_001181292.3	31	76	93	142	179	209	246	272	299	171.88888888888889
NM_001179938.1	37	66	106	128	172	221	241	271	306	172.0
NM_001184521.1	38	62	115	139	163	221	232	289	291	172.22222222222223
NM_001181331.1	36	72	100	133	180	226	231	285	287	172.22222222222223
NM_001180925.1	29	81	86	149	174	222	215	278	318	172.44444444444446
NM_001179880.4	37	63	108	143	181	210	253	256	301	172.44444444444446
NM_001184309.3	28	59	106	146	186	210	230	285	303	172.55555555555554
NM_001183019.2	38	63	111	127	170	205	235	284	321	172.66666666666666
NM_001181905.1	32	71	102	145	152	226	241	273	313	172.77777777777777
NM_001180697.1	45	66	114	126	176	210	227	281	310	172.77777777777777
NM_001183180.1	42	61	104	147	160	212	239	281	311	173.0
NM_001182164.1	41	68	103	132	176	218	239	289	292	173.11111111111111
NM_001181224.1	41	82	97	148	170	209	251	264	296	173.11111111111111
NM_001179613.1	32	78	101	143	162	213	238	271	320	173.11111111111111
NM_001180371.1	33	76	99	140	176	199	256	277	303	173.22222222222223
NM_001183995.1	34	68	111	136	180	211	236	264	320	173.33333333333334
NM_001179232.1	39	76	104	125	166	230	245	272	303	173.33333333333334
NM_001181465.1	33	88	111	138	172	203	235	264	317	173.44444444444446
NM_001178274.1	31	66	103	145	181	221	216	281	318	173.55555555555554
NM_001183635.3	39	81	99	125	160	212	255	272	322	173.88888888888889
NM_001178548.3	37	62	99	142	177	225	228	292	303	173.88888888888889
NM_001183740.3	33	78	96	140	169	204	259	267	323	174.33333333333334
NM_001178758.1	21	67	107	149	161	216	237	287	324	174.33333333333334
NM_001180938.3	33	65	105	140	175	199	249	295	309	174.44444444444446
NM_001182075.1	26	72	105	146	190	191	246	287	307	174.44444444444446
NM_001179505.1	46	63	90	137	168	208	259	265	335	174.55555555555554
NM_001184683.1	38	64	97	144	171	209	252	287	309	174.55555555555554
NM_001179318.3	35	59	94	154	181	199	239	295	316	174.66666666666666
NM_001183357.1	30	61	109	131	182	216	250	313	280	174.66666666666666
NM_001183665.3	33	69	112	142	158	210	237	296	316	174.77777777777777
NM_001181791.1	35	63	110	112	187	222	247	284	313	174.77777777777777
NM_001182866.1	31	75	108	139	175	205	232	292	316	174.77777777777777
NM_001183906.1	39	65	118	154	178	211	228	291	292	175.11111111111111
NM_001184414.1	34	61	104	121	197	189	244	304	322	175.11111111111111
NM_001179676.1	42	74	109	142	183	202	239	276	310	175.22222222222223
NM_001182387.1	42	75	101	135	167	206	256	293	302	175.22222222222223
NM_001178341.1	27	55	108	145	170	212	254	285	322	175.33333333333334
NM_001179640.1	41	67	107	150	172	206	241	272	322	175.33333333333334
NM_001178394.1	35	73	113	152	165	216	245	273	308	175.55555555555554
NM_001179093.1	35	57	109	138	186	220	245	291	299	175.55555555555554
NM_001182512.1	34	71	96	150	179	203	248	260	339	175.55555555555554
NM_001179533.1	49	65	97	133	176	200	264	277	320	175.66666666666666
NM_001181747.1	33	75	96	147	162	217	234	280	338	175.77777777777777
NM_001182035.1	35	67	124	150	176	236	231	263	301	175.88888888888889
NM_001183787.3	35	80	109	147	163	204	251	284	311	176.0
NM_001179413.1	40	78	108	133	180	196	252	276	322	176.11111111111111
NM_001184531.3	28	75	99	120	186	199	272	275	331	176.11111111111111
NM_001183780.1	34	74	94	147	173	215	262	282	306	176.33333333333334
NM_001178227.1	35	72	111	142	151	224	243	287	323	176.44444444444446
NM_001181973.1	37	63	108	146	185	205	257	280	307	176.44444444444446
NM_001181210.3	34	82	106	144	157	218	234	305	308	176.44444444444446
NM_001183953.1	30	67	102	122	196	224	237	272	338	176.44444444444446
NM_001182069.1	25	66	103	142	182	233	248	273	318	176.66666666666666
NM_001179820.1	31	71	119	135	179	213	251	280	311	176.66666666666666
NM_001183640.3	41	77	119	123	157	213	256	298	307	176.77777777777777
NM_001182919.3	37	66	92	152	158	228	257	289	313	176.88888888888889
NM_001180473.3	37	78	104	147	184	195	256	291	300	176.88888888888889
NM_001180529.3	33	74	105	141	189	206	254	273	318	177.0
NM_001184129.1	37	70	105	137	184	217	243	285	315	177.0
NM_001179696.1	38	60	88	142	182	198	252	277	359	177.33333333333334
NM_001178741.1	34	77	111	134	158	216	257	301	311	177.66666666666666
NM_001180485.1	42	81	108	127	205	200	254	284	300	177.88888888888889
NM_001182128.1	37	76	109	140	194	195	244	283	324	178.0
NM_001183055.1	26	73	101	139	180	210	251	282	340	178.0
NM_001183039.1	35	69	120	128	169	213	260	292	317	178.11111111111111
NM_001181789.3	38	62	118	157	184	208	249	280	309	178.33333333333334
NM_001179759.1	31	72	93	128	184	203	243	293	359	178.44444444444446
NM_001178425.3	31	64	115	155	165	214	237	296	330	178.55555555555554
NM_001179964.1	38	70	115	139	175	214	232	301	324	178.66666666666666
NM_001183206.3	30	79	105	154	163	213	258	295	313	178.88888888888889
NM_001181325.1	41	65	110	155	182	216	258	262	323	179.11111111111111
NM_001181548.1	29	47	111	158	161	202	268	294	342	179.11111111111111
NM_001181952.1	24	72	110	147	187	207	265	281	320	179.22222222222223
NM_001183126.1	40	72	89	139	180	223	255	289	327	179.33333333333334
NM_001178435.3	39	67	107	139	189	214	256	287	318	179.55555555555554
NM_001179875.1	48	68	100	150	166	206	271	296	311	179.55555555555554
NM_001183406.1	44	64	112	135	171	204	252	311	323	179.55555555555554
NM_001183315.1	33	75	104	152	183	192	244	312	323	179.77777777777777
NM_001180864.1	39	64	111	142	173	224	247	275	343	179.77777777777777
NM_001184041.1	42	64	106	131	153	229	245	311	338	179.88888888888889
NM_001183006.1	39	65	98	155	167	235	257	300	303	179.88888888888889
NM_001181379.3	34	70	87	144	181	235	257	293	319	180.0
NM_001183122.1	32	78	101	144	166	228	252	293	326	180.0
NM_001178297.2	32	58	117	158	183	235	243	302	294	180.22222222222223
NM_001182110.1	39	85	105	161	178	208	226	292	329	180.33333333333334
NM_001180500.3	31	81	137	151	156	214	248	289	317	180.44444444444446
NM_001181107.1	40	70	120	142	191	197	250	290	325	180.55555555555554
NM_001181043.1	30	64	130	146	181	225	238	284	330	180.88888888888889
NM_001182106.1	31	66	100	136	189	219	260	286	341	180.88888888888889
NM_001179001.1	37	72	105	162	188	207	246	278	334	181.0
NM_001180947.3	41	83	100	130	205	217	250	289	315	181.11111111111111
NM_001183506.1	36	78	124	133	180	205	252	284	339	181.22222222222223
NM_001178972.3	32	63	114	159	163	227	246	298	330	181.33333333333334
NM_001183192.1	38	72	109	143	175	206	253	305	331	181.33333333333334
NM_001179568.1	38	77	109	157	180	217	265	272	317	181.33333333333334
NM_001178429.1	48	65	105	132	181	210	250	303	341	181.66666666666666
NM_001184066.1	41	72	104	143	193	217	268	284	314	181.77777777777777
NM_001179801.1	47	82	110	140	175	214	261	289	318	181.77777777777777
NM_001184477.3	37	70	110	132	164	234	262	295	332	181.77777777777777
NM_001182453.1	43	70	111	151	166	222	242	285	347	181.88888888888889
NM_001180559.3	45	63	117	160	175	219	241	294	325	182.11111111111111
NM_001183015.2	34	73	115	151	195	213	252	303	303	182.11111111111111
NM_001180112.1	37	74	98	118	193	223	242	319	336	182.22222222222223
NM_001181062.2	33	71	80	138	200	231	261	303	325	182.44444444444446
NM_001179013.1	38	78	105	154	159	238	248	290	334	182.66666666666666
NM_001178689.1	40	84	106	149	180	228	248	286	324	182.77777777777777
NM_001179454.1	45	71	107	134	188	229	243	297	331	182.77777777777777
NM_001182738.1	32	73	105	149	181	240	249	285	334	183.11111111111111
NM_001179222.2	35	74	128	132	194	230	253	286	317	183.22222222222223
NM_001181087.1	36	69	126	148	163	218	251	304	334	183.22222222222223
NM_001179458.1	31	71	111	156	171	233	268	276	334	183.44444444444446
NM_001183401.1	28	72	114	165	196	220	245	276	337	183.66666666666666
NM_001183208.1	34	86	105	159	189	197	260	300	323	183.66666666666666
NM_001183538.3	36	61	113	151	176	221	266	298	331	183.66666666666666
NM_001181162.3	36	83	110	155	192	191	240	311	336	183.77777777777777
NM_001178747.1	26	80	92	164	202	217	241	278	354	183.77777777777777
NM_001181612.2	37	80	102	144	199	224	260	286	324	184.0
NM_001183509.1	25	81	104	162	161	240	276	293	314	184.0
NM_001182821.1	38	84	109	136	178	222	250	304	337	184.22222222222223
NM_001180615.3	33	75	113	159	184	231	256	280	329	184.44444444444446
NM_001179679.1	36	81	105	142	177	218	262	294	345	184.44444444444446
NM_001178635.1	29	83	118	154	153	238	253	290	342	184.44444444444446
NM_001182371.1	36	68	105	159	188	229	269	288	319	184.55555555555554
NM_001179793.1	39	84	107	137	173	219	252	320	331	184.66666666666666
NM_001184148.1	29	81	97	139	185	227	262	297	345	184.66666666666666
NM_001183299.1	33	60	116	142	190	225	270	295	332	184.77777777777777
NM_001181271.3	31	85	116	152	179	232	234	307	328	184.88888888888889
NM_001181784.1	37	73	108	154	193	204	269	306	320	184.88888888888889
NM_001181146.1	29	65	110	134	189	231	262	293	352	185.0
NM_001180450.3	48	54	111	141	184	219	259	299	351	185.11111111111111
NM_001178910.1	40	72	115	144	177	205	274	293	346	185.11111111111111
NM_001178294.1	36	71	108	132	187	215	260	303	355	185.22222222222223
NM_001178162.2	38	71	101	151	176	219	264	313	335	185.33333333333334
NM_001180275.1	25	75	104	128	207	224	271	301	333	185.33333333333334
NM_001179453.1	39	75	128	150	177	230	275	289	305	185.33333333333334
NM_001182893.3	38	58	122	152	207	226	257	253	356	185.44444444444446
NM_001181404.3	47	71	108	143	180	229	269	279	344	185.55555555555554
NM_001182374.1	43	88	133	149	166	226	231	303	332	185.66666666666666
NM_001179978.1	39	82	114	155	171	222	256	300	335	186.0
NM_001182860.1	39	72	118	147	174	232	270	306	317	186.11111111111111
NM_001181099.1	37	75	111	148	182	227	269	294	333	186.22222222222223
NM_001181208.1	44	75	100	151	173	228	255	291	359	186.22222222222223
NM_001182811.1	42	84	91	154	207	218	249	281	351	186.33333333333334
NM_001178409.3	34	75	104	139	208	231	261	294	331	186.33333333333334
NM_001179479.1	33	72	124	134	202	195	265	299	353	186.33333333333334
NM_001183531.1	38	74	107	147	190	244	243	297	339	186.55555555555554
NM_001178584.3	37	65	105	162	186	232	273	294	326	186.66666666666666
NM_001179654.1	39	69	131	148	195	218	252	289	341	186.88888888888889
NM_001178699.1	29	71	104	151	188	226	271	312	330	186.88888888888889
NM_001178986.3	35	69	102	151	200	246	267	286	327	187.0
NM_001179931.1	33	73	125	142	207	203	268	300	332	187.0
NM_001182880.1	34	60	120	149	190	248	245	309	331	187.33333333333334
NM_001183105.1	36	87	110	166	203	213	254	280	338	187.44444444444446
NM_001183749.3	43	71	101	160	195	202	283	303	331	187.66666666666666
NM_001179377.1	37	80	122	144	209	226	268	284	319	187.66666666666666
NM_001179061.3	43	71	121	139	178	211	276	310	340	187.66666666666666
NM_001182520.1	33	74	112	152	188	229	239	316	347	187.77777777777777
NM_001181782.3	40	56	102	141	195	232	271	283	371	187.88888888888889
NM_001183273.1	33	72	96	156	210	227	276	297	324	187.88888888888889
NM_001178419.3	37	65	114	150	186	237	259	300	343	187.88888888888889
NM_001182347.1	42	88	104	158	204	215	257	315	313	188.44444444444446
NM_001179624.1	38	81	125	148	186	217	244	324	334	188.55555555555554
NM_001178362.1	36	84	124	153	156	249	267	287	345	189.0
NM_001181932.1	30	86	107	167	205	214	279	288	329	189.44444444444446
NM_001180152.1	39	85	101	142	198	212	275	292	361	189.44444444444446
NM_001180657.1	44	66	118	168	185	250	246	297	331	189.44444444444446
NM_001183130.1	34	79	114	158	176	224	254	322	345	189.55555555555554
NM_001181240.1	30	77	111	167	195	221	259	318	328	189.55555555555554
NM_001181400.4	31	78	104	180	209	200	260	310	338	190.0
NM_001180675.1	39	76	111	156	204	225	264	284	351	190.0
NM_001179436.1	43	66	103	160	195	233	260	305	345	190.0
NM_001182005.1	38	79	129	164	188	216	244	312	342	190.22222222222223
NM_001181034.1	37	83	122	145	193	246	258	293	336	190.33333333333334
NM_001184059.1	40	78	111	141	190	222	274	308	350	190.44444444444446
NM_001181424.1	36	74	102	155	190	222	286	314	336	190.55555555555554
NM_001181956.1	49	81	117	138	192	240	278	296	325	190.66666666666666
NM_001178865.3	36	68	127	157	188	219	270	316	336	190.77777777777777
NM_001179594.3	34	68	116	163	201	221	274	316	326	191.0
NM_001183189.1	41	74	116	151	190	227	267	315	339	191.11111111111111
NM_001182862.1	39	76	119	141	213	220	267	305	340	191.11111111111111
NM_001182953.1	31	97	129	147	190	240	263	313	311	191.22222222222223
NM_001180397.1	37	72	114	160	197	228	252	328	334	191.33333333333334
NM_001183348.1	35	68	127	133	200	250	272	295	343	191.44444444444446
NM_001180234.1	31	80	116	162	188	228	279	319	323	191.77777777777777
NM_001184002.1	37	74	102	161	194	241	277	291	353	192.22222222222223
NM_001184317.1	37	75	112	147	177	246	252	327	357	192.22222222222223
NM_001180591.3	39	57	136	167	182	230	269	310	340	192.22222222222223
NM_001179133.1	39	108	125	144	194	236	274	300	310	192.22222222222223
NM_001181173.1	33	79	115	150	176	239	259	307	373	192.33333333333334
NM_001178800.1	34	78	114	159	197	236	267	301	346	192.44444444444446
NM_001181965.1	31	60	105	159	197	253	265	311	352	192.55555555555554
NM_001179739.1	40	78	121	171	187	222	255	314	347	192.77777777777777
NM_001181981.1	35	83	110	159	189	221	270	343	329	193.22222222222223
NM_001181349.1	32	101	116	156	197	235	275	305	322	193.22222222222223
NM_001180659.3	38	87	114	133	206	231	286	290	354	193.22222222222223
NM_001179796.3	36	85	120	147	194	225	269	324	339	193.22222222222223
NM_001183615.1	34	73	115	153	198	233	278	307	349	193.33333333333334
NM_001181861.1	35	72	126	145	195	249	263	305	351	193.44444444444446
NM_001178729.1	40	75	116	145	193	236	264	313	364	194.0
NM_001182025.1	43	79	115	135	190	240	282	305	357	194.0
NM_001181356.2	36	84	105	151	214	235	272	310	340	194.11111111111111
NM_001179376.1	37	74	118	169	200	235	280	284	351	194.22222222222223
NM_001179502.3	38	83	118	168	190	231	277	268	375	194.22222222222223
NM_001180956.3	31	79	108	162	200	226	266	317	361	194.44444444444446
NM_001181324.3	35	78	109	164	186	240	258	300	382	194.66666666666666
NM_001180158.1	41	79	102	156	192	213	302	306	361	194.66666666666666
NM_001184348.1	46	77	114	160	184	237	272	312	352	194.88888888888889
NM_001180886.1	43	73	111	154	199	247	263	308	356	194.88888888888889
NM_001184415.2	37	74	120	132	212	214	272	337	357	195.0
NM_001181312.1	50	86	109	154	242	214	243	306	351	195.0
NM_001180578.1	33	66	105	145	204	225	288	347	343	195.11111111111111
NM_001178201.2	40	77	113	143	193	228	287	285	390	195.11111111111111
NM_001183845.1	38	81	135	144	207	230	277	299	346	195.22222222222223
NM_001179953.1	29	96	134	168	214	227	268	299	323	195.33333333333334
NM_001182174.1	37	84	108	151	207	235	270	337	329	195.33333333333334
NM_001183059.1	29	75	117	144	181	226	290	313	383	195.33333333333334
NM_001183613.1	41	79	123	175	192	218	264	308	358	195.33333333333334
NM_001179369.1	47	82	124	160	196	228	261	310	353	195.66666666666666
NM_001181148.3	32	75	108	161	198	248	273	317	350	195.77777777777777
NM_001182130.1	47	76	132	146	206	245	261	314	336	195.88888888888889
NM_001178309.1	40	85	135	152	207	222	264	311	348	196.0
NM_001178907.1	39	80	117	169	188	232	276	323	342	196.22222222222223
NM_001178913.1	40	80	132	140	210	213	264	327	360	196.22222222222223
NM_001181743.1	42	83	131	158	227	259	250	284	333	196.33333333333334
NM_001183484.1	46	71	110	165	192	244	276	309	356	196.55555555555554
NM_001180800.1	35	76	115	167	192	254	282	313	335	196.55555555555554
NM_001179370.3	42	77	130	158	189	223	274	313	365	196.77777777777777
NM_001181724.1	31	65	112	153	202	252	273	302	382	196.88888888888889
NM_001179999.1	44	67	124	171	178	255	264	301	371	197.22222222222223
NM_001182447.1	43	66	127	156	190	217	293	304	381	197.44444444444446
NM_001182853.3	40	86	103	156	183	257	294	310	348	197.44444444444446
NM_001183313.2	49	77	126	153	191	238	274	308	362	197.55555555555554
NM_001183136.1	30	76	123	157	199	245	280	299	369	197.55555555555554
NM_001183224.1	42	73	122	157	183	232	280	322	371	198.0
NM_001180430.1	36	72	118	160	184	248	271	338	355	198.0
NM_001179101.1	29	86	115	149	203	241	280	334	347	198.22222222222223
NM_001180176.1	32	95	125	153	222	214	282	320	344	198.55555555555554
NM_001182784.1	30	78	131	148	186	234	273	341	373	199.33333333333334
NM_001181966.1	61	78	124	179	211	223	262	307	349	199.33333333333334
NM_001184474.3	42	73	122	172	196	237	268	330	355	199.44444444444446
NM_001178431.3	42	82	125	163	212	244	259	296	375	199.77777777777777
NM_001179306.3	38	70	117	181	190	247	262	332	361	199.77777777777777
NM_001180413.3	36	74	131	157	186	263	281	322	348	199.77777777777777
NM_001184172.1	42	98	118	146	217	241	265	301	375	200.33333333333334
NM_001180460.3	47	73	117	160	206	227	284	332	363	201.0
NM_001183639.1	43	82	107	167	200	248	283	325	354	201.0
NM_001184029.1	35	86	114	178	184	241	299	307	367	201.22222222222223
NM_001180353.1	43	73	127	164	179	243	265	338	380	201.33333333333334
NM_001183231.1	44	74	126	148	205	261	280	318	357	201.44444444444446
NM_001180325.3	32	76	121	143	203	235	272	332	400	201.55555555555554
NM_001183369.1	35	95	126	158	207	234	280	323	358	201.77777777777777
NM_001181537.1	54	67	121	177	203	224	288	308	379	202.33333333333334
NM_001178175.1	41	79	124	168	229	222	291	302	366	202.44444444444446
NM_001182391.1	32	88	126	171	210	241	275	309	370	202.44444444444446
NM_001178458.3	42	91	120	163	205	255	287	322	340	202.77777777777777
NM_001179771.1	38	81	110	185	217	257	268	334	336	202.88888888888889
NM_001179688.1	53	83	122	151	204	236	277	321	381	203.11111111111111
NM_001182377.1	39	64	122	187	202	229	288	335	363	203.22222222222223
NM_001180446.3	39	90	130	164	185	259	272	327	363	203.22222222222223
NM_001181327.3	51	94	109	171	218	226	263	351	347	203.33333333333334
NM_001183830.2	30	69	111	174	207	240	287	323	389	203.33333333333334
NM_001184653.1	48	73	115	162	188	247	288	331	383	203.88888888888889
NM_001182372.1	34	76	109	160	200	247	301	349	360	204.0
NM_001180835.4	33	72	131	167	207	235	294	329	369	204.11111111111111
NM_001184216.1	40	85	121	160	199	240	288	323	384	204.44444444444446
NM_001180253.1	41	81	127	167	197	243	291	316	381	204.88888888888889
NM_001182501.1	41	94	112	147	199	265	294	342	352	205.11111111111111
NM_001181136.1	39	69	115	166	215	243	278	350	372	205.22222222222223
NM_001181951.1	46	83	129	150	183	238	308	335	376	205.33333333333334
NM_001183551.3	39	88	125	173	218	225	287	344	350	205.44444444444446
NM_001178470.1	46	89	121	157	195	254	278	328	382	205.55555555555554
NM_001180903.1	39	93	125	169	211	243	265	324	381	205.55555555555554
NM_001179779.1	35	90	105	174	187	263	293	331	373	205.66666666666666
NM_001184269.1	50	76	131	186	199	233	301	320	355	205.66666666666666
NM_001180314.3	40	90	127	148	235	231	275	328	379	205.88888888888889
NM_001180628.1	51	80	112	176	211	243	273	346	362	206.0
NM_001179203.1	58	93	132	167	212	236	266	335	355	206.0
NM_001178621.1	40	69	116	168	214	238	284	356	369	206.0
NM_001179842.1	44	90	129	165	185	227	298	351	366	206.11111111111111
NM_001181843.1	39	66	142	169	235	231	291	312	371	206.22222222222223
NM_001184157.1	33	69	119	161	210	238	313	341	374	206.44444444444446
NM_001179976.1	39	90	135	181	176	246	276	336	380	206.55555555555554
NM_001183984.1	48	66	118	167	185	269	285	344	377	206.55555555555554
NM_001182792.1	43	71	124	169	218	231	280	350	373	206.55555555555554
NM_001182782.1	43	71	128	163	210	242	293	340	372	206.88888888888889
NM_001179272.1	33	91	114	183	200	263	304	332	343	207.0
NM_001180005.2	38	91	133	157	205	260	277	338	365	207.11111111111111
NM_001178442.2	38	98	111	160	220	238	297	345	357	207.11111111111111
NM_001181194.1	50	79	136	156	199	235	299	336	376	207.33333333333334
NM_001181185.1	49	84	125	163	193	251	279	336	386	207.33333333333334
NM_001179491.1	50	84	130	153	212	235	307	317	379	207.44444444444446
NM_001179878.3	28	81	118	164	214	240	302	342	380	207.66666666666666
NM_001179278.1	50	83	125	144	216	258	273	326	395	207.77777777777777
NM_001183614.3	35	73	138	169	207	253	297	320	379	207.88888888888889
NM_001182954.3	46	86	117	156	203	244	305	338	378	208.11111111111111
NM_001180878.1	53	89	123	156	206	255	300	323	369	208.22222222222223
NM_001179923.1	42	77	146	186	212	217	294	334	366	208.22222222222223
NM_001183724.1	37	76	117	167	219	253	287	342	377	208.33333333333334
NM_001182001.1	44	86	124	175	205	248	301	322	371	208.44444444444446
NM_001183183.3	38	84	112	177	230	228	285	319	404	208.55555555555554
NM_001179206.1	37	80	110	167	224	246	295	336	383	208.66666666666666
NM_001179768.1	45	89	114	176	190	231	291	353	390	208.77777777777777
NM_001183342.1	45	81	130	170	203	248	288	341	374	208.88888888888889
NM_001182962.3	52	88	126	159	207	260	278	333	378	209.0
NM_001178591.3	39	92	132	149	212	251	302	336	369	209.11111111111111
NM_001182726.1	33	77	141	163	211	244	306	318	391	209.33333333333334
NM_001180392.3	37	83	127	154	217	258	303	318	388	209.44444444444446
NM_001182861.3	54	84	114	175	220	249	305	312	373	209.55555555555554
NM_001179695.2	40	73	116	153	199	243	307	367	391	209.88888888888889
NM_001180355.3	33	91	137	163	220	257	273	339	376	209.88888888888889
NM_001183671.1	40	92	118	165	242	235	280	349	368	209.88888888888889
NM_001182094.1	40	83	120	164	196	265	302	339	381	210.0
NM_001178721.1	45	77	141	156	212	260	306	344	350	210.11111111111111
NM_001183403.1	42	91	133	156	231	266	279	325	368	210.11111111111111
NM_001182077.1	67	80	114	181	221	240	291	330	368	210.22222222222223
NM_001182704.1	32	81	138	155	207	262	291	337	389	210.22222222222223
NM_001183462.1	44	83	130	182	194	243	275	375	366	210.22222222222223
NM_001180411.1	35	78	142	178	204	252	280	329	397	210.55555555555554
NM_001179127.2	54	91	111	154	217	265	302	327	378	211.0
NM_001178832.3	47	72	127	170	218	251	300	335	380	211.11111111111111
NM_001179483.1	48	102	111	163	206	255	298	341	378	211.33333333333334
NM_001179245.1	36	91	122	164	215	260	293	351	373	211.66666666666666
NM_001179752.1	42	84	135	170	209	240	289	360	376	211.66666666666666
NM_001180458.1	46	74	144	169	217	250	303	320	384	211.88888888888889
NM_001180712.3	47	104	118	172	189	240	306	342	389	211.88888888888889
NM_001183143.1	39	97	121	178	224	262	293	319	375	212.0
NM_001180261.1	29	88	128	165	201	287	291	350	369	212.0
NM_001181830.1	47	99	116	185	206	249	286	332	389	212.11111111111111
NM_001179691.1	49	85	115	180	222	254	290	326	389	212.22222222222223
NM_001179478.1	47	80	121	152	206	257	303	356	390	212.44444444444446
NM_001181895.1	38	77	128	193	218	234	301	337	388	212.66666666666666
NM_001179745.1	47	75	135	179	217	255	280	349	377	212.66666666666666
NM_001181906.1	50	94	114	159	217	263	294	353	382	214.0
NM_001184117.1	37	65	138	161	224	246	314	355	388	214.22222222222223
NM_001182096.1	36	77	130	170	205	242	319	349	400	214.22222222222223
NM_001180952.1	43	74	154	170	210	237	303	360	378	214.33333333333334
NM_001179199.1	36	97	139	154	218	271	292	332	391	214.44444444444446
NM_001181601.2	48	70	112	184	231	248	316	333	389	214.55555555555554
NM_001178301.1	33	79	130	177	212	273	294	336	398	214.66666666666666
NM_001184056.1	51	79	128	181	194	268	315	342	376	214.88888888888889
NM_001178488.3	52	77	141	179	207	259	300	331	389	215.0
NM_001182020.1	41	83	149	170	222	242	311	331	388	215.22222222222223
NM_001178839.3	47	93	125	181	217	269	291	330	385	215.33333333333334
NM_001182929.1	51	79	141	191	207	265	285	354	366	215.44444444444446
NM_001183488.1	43	83	125	166	225	274	307	344	374	215.66666666666666
NM_001182307.3	40	92	123	168	228	261	285	353	392	215.77777777777777
NM_001181609.1	43	100	131	176	208	248	320	346	373	216.11111111111111
NM_001180780.3	52	95	131	176	219	270	289	362	352	216.22222222222223
NM_001178508.3	43	71	137	172	221	280	307	337	379	216.33333333333334
NM_001183274.1	39	89	134	178	221	263	300	339	384	216.33333333333334
NM_001179180.1	30	87	144	165	206	281	310	354	370	216.33333333333334
NM_001182438.1	40	89	128	175	215	256	298	362	385	216.44444444444446
NM_001183203.1	37	101	146	190	197	255	296	332	394	216.44444444444446
NM_001182321.1	50	80	132	177	223	230	298	372	387	216.55555555555554
NM_001181177.1	48	92	137	185	208	246	324	345	368	217.0
NM_001183630.1	45	73	133	185	216	263	279	354	408	217.33333333333334
NM_001181938.1	44	85	128	175	223	261	300	349	393	217.55555555555554
NM_001181936.1	37	81	140	151	233	272	304	355	385	217.55555555555554
NM_001179337.3	43	84	134	181	213	268	302	349	388	218.0
NM_001180474.3	40	84	138	181	219	259	298	357	387	218.11111111111111
NM_001183376.1	58	85	134	186	238	252	290	341	379	218.11111111111111
NM_001184454.1	48	95	122	177	211	247	335	330	398	218.11111111111111
NM_001180284.1	38	88	136	178	230	243	330	341	380	218.22222222222223
NM_001181598.1	49	81	117	169	234	265	292	359	398	218.22222222222223
NM_001183261.1	48	98	125	182	217	250	309	354	387	218.88888888888889
NM_001181254.1	36	84	129	166	239	268	319	346	383	218.88888888888889
NM_001183102.1	26	102	122	165	215	258	320	348	416	219.11111111111111
NM_001179008.1	45	95	128	176	244	271	306	334	373	219.11111111111111
NM_001182975.3	40	94	116	166	233	247	314	367	398	219.44444444444446
NM_001179111.1	46	68	136	186	205	276	310	367	381	219.44444444444446
NM_001180133.1	52	108	118	168	209	256	300	353	412	219.55555555555554
NM_001180932.3	47	78	117	170	223	297	298	353	394	219.66666666666666
NM_001181913.1	38	90	129	172	214	264	316	356	399	219.77777777777777
NM_001179475.1	50	98	143	169	194	249	304	371	400	219.77777777777777
NM_001180930.1	39	100	117	173	223	266	329	335	398	220.0
NM_001179431.2	40	91	131	181	222	263	291	373	389	220.11111111111111
NM_001184263.1	33	90	128	183	235	267	299	343	405	220.33333333333334
NM_001184211.1	41	88	130	162	225	250	324	371	392	220.33333333333334
NM_001179857.3	46	84	131	201	236	253	295	332	406	220.44444444444446
NM_001182050.1	47	81	134	182	236	253	321	347	384	220.55555555555554
NM_001179525.3	32	72	122	195	230	271	309	346	412	221.0
NM_001181795.1	53	77	137	176	244	247	303	363	389	221.0
NM_001178899.1	31	82	130	180	226	264	328	343	408	221.33333333333334
NM_001182999.3	49	83	130	183	224	269	292	349	413	221.33333333333334
NM_001178994.3	51	103	116	187	214	259	323	343	398	221.55555555555554
NM_001179943.1	42	83	145	166	232	282	297	355	392	221.55555555555554
NM_001184120.1	50	74	127	187	211	255	323	358	410	221.66666666666666
NM_001179058.1	51	92	145	158	247	253	314	349	386	221.66666666666666
NM_001182302.3	46	93	130	180	217	281	313	333	404	221.88888888888889
NM_001182090.1	53	98	140	177	252	260	333	324	361	222.0
NM_001179414.2	41	93	147	158	223	265	307	361	404	222.11111111111111
NM_001180784.1	42	85	128	182	230	264	327	328	413	222.11111111111111
NM_001179465.1	37	91	136	184	222	271	334	350	374	222.11111111111111
NM_001179544.1	47	91	134	173	222	262	331	338	403	222.33333333333334
NM_001179202.2	54	96	115	202	205	268	319	340	403	222.44444444444446
NM_001180494.3	54	97	148	183	200	263	312	368	381	222.88888888888889
NM_001182145.1	38	85	139	194	209	272	307	357	406	223.0
NM_001178275.1	41	100	119	177	227	283	303	364	397	223.44444444444446
NM_001183579.1	50	75	135	191	233	277	286	363	402	223.55555555555554
NM_001182541.1	41	73	137	186	221	289	311	358	397	223.66666666666666
NM_001180249.1	43	76	141	185	248	267	284	350	420	223.77777777777777
NM_001181015.1	40	83	147	174	210	276	319	377	391	224.11111111111111
NM_001183735.1	54	87	124	180	205	254	314	392	413	224.77777777777777
NM_001180719.1	41	81	135	182	233	279	319	346	409	225.0
NM_001181682.3	45	94	138	183	238	280	312	340	396	225.11111111111111
NM_001179586.1	40	108	128	172	218	257	317	352	435	225.22222222222223
NM_001182221.1	49	85	144	187	213	268	312	357	413	225.33333333333334
NM_001181567.1	51	87	121	176	240	271	328	351	409	226.0
NM_001184377.1	41	96	139	190	227	267	314	351	410	226.11111111111111
NM_001180210.1	48	91	149	172	219	277	318	355	407	226.22222222222223
NM_001178186.1	50	89	149	165	214	272	314	361	424	226.44444444444446
NM_001178263.1	43	85	141	175	215	276	329	367	407	226.44444444444446
NM_001183607.3	37	90	129	193	214	266	307	381	423	226.66666666666666
NM_001178853.1	42	87	120	190	228	286	319	358	412	226.88888888888889
NM_001179186.2	41	90	151	178	211	254	346	364	407	226.88888888888889
NM_001183736.3	50	88	130	168	216	286	311	359	436	227.11111111111111
NM_001181364.1	54	90	122	200	212	281	332	342	413	227.33333333333334
NM_001182844.1	47	90	127	193	210	280	301	372	426	227.33333333333334
NM_001183741.1	38	91	144	168	258	265	315	335	432	227.33333333333334
NM_001180279.1	41	85	131	174	253	292	317	348	405	227.33333333333334
NM_001179360.3	35	90	136	205	235	279	316	353	399	227.55555555555554
NM_001178450.1	46	94	154	181	211	264	330	363	407	227.77777777777777
NM_001179628.1	51	94	136	176	232	284	275	383	419	227.77777777777777
NM_001179243.1	51	94	136	181	235	271	317	383	385	228.11111111111111
NM_001182897.1	47	89	135	183	247	287	322	353	392	228.33333333333334
NM_001184330.1	43	88	128	188	237	287	327	384	374	228.44444444444446
NM_001179858.1	51	94	145	185	221	263	321	363	414	228.55555555555554
NM_001182843.1	44	82	144	185	230	276	331	374	395	229.0
NM_001179252.1	32	83	138	174	240	290	337	360	407	229.0
NM_001179084.1	36	107	147	163	201	282	314	394	418	229.11111111111111
NM_001180897.3	51	75	138	187	220	282	325	372	413	229.22222222222223
NM_001181558.1	48	100	134	185	241	272	327	362	397	229.55555555555554
NM_001178514.1	47	96	136	185	228	274	335	358	408	229.66666666666666
NM_001183600.1	48	97	147	178	236	271	322	342	426	229.66666666666666
NM_001180265.1	42	99	127	200	228	263	320	377	413	229.88888888888889
NM_001184232.1	41	76	148	188	239	288	346	356	387	229.88888888888889
NM_001179082.1	57	88	122	202	245	250	334	369	404	230.11111111111111
NM_001181415.1	39	94	137	222	214	292	306	366	402	230.22222222222223
NM_001181439.3	50	101	150	184	226	264	319	355	423	230.22222222222223
NM_001183820.1	45	85	153	189	227	281	314	358	420	230.22222222222223
NM_001178404.1	40	94	134	182	247	254	334	372	417	230.44444444444446
NM_001178761.1	41	104	132	176	229	269	305	383	438	230.77777777777777
NM_001182291.1	42	91	145	176	231	300	316	373	404	230.88888888888889
NM_001183076.1	49	101	146	196	214	256	332	389	397	231.11111111111111
NM_001182306.1	50	87	130	190	235	277	330	379	403	231.22222222222223
NM_001178578.1	44	94	138	173	258	274	304	375	426	231.77777777777777
NM_001181534.1	56	89	137	194	236	278	328	339	430	231.88888888888889
NM_001181689.1	44	96	141	195	235	266	318	384	408	231.88888888888889
NM_001179214.1	30	94	153	175	213	280	328	385	432	232.22222222222223
NM_001179966.1	38	84	167	180	229	283	319	379	413	232.44444444444446
NM_001179386.1	41	91	138	177	244	266	329	373	434	232.55555555555554
NM_001181520.1	31	95	141	185	220	282	349	379	412	232.66666666666666
NM_001179672.1	49	89	126	171	239	283	358	377	403	232.77777777777777
NM_001181118.1	45	87	155	178	223	278	335	384	410	232.77777777777777
NM_001179510.1	43	113	144	200	236	240	338	363	419	232.88888888888889
NM_001182874.1	51	79	125	181	240	266	326	383	446	233.0
NM_001182559.1	39	80	124	195	250	290	341	357	424	233.33333333333334
NM_001183384.1	41	98	146	185	233	270	319	385	424	233.44444444444446
NM_001178188.1	48	89	162	193	229	267	335	356	424	233.66666666666666
NM_001178751.1	41	101	151	168	233	297	334	352	426	233.66666666666666
NM_001181405.1	50	107	118	194	246	281	307	383	420	234.0
NM_001179526.1	44	87	149	183	236	277	334	385	413	234.22222222222223
NM_001182389.1	50	95	147	173	231	274	325	382	431	234.22222222222223
NM_001182536.1	56	98	130	189	237	274	330	383	413	234.44444444444446
NM_001184258.1	44	89	123	174	263	276	320	401	420	234.44444444444446
NM_001178908.1	51	90	138	190	225	261	330	380	446	234.55555555555554
NM_001180273.1	45	103	133	205	230	269	321	369	439	234.88888888888889
NM_001181776.3	55	101	147	173	247	263	328	373	431	235.33333333333334
NM_001183396.2	44	82	120	201	251	284	317	379	440	235.33333333333334
NM_001179958.1	61	79	133	204	239	287	333	358	425	235.44444444444446
NM_001179981.1	48	85	138	205	235	294	307	383	425	235.55555555555554
NM_001183228.1	39	97	138	179	248	280	329	400	410	235.55555555555554
NM_001178215.2	54	98	134	203	244	261	341	351	435	235.66666666666666
NM_001183266.1	54	111	138	188	233	280	325	379	414	235.77777777777777
NM_001184035.1	38	103	156	182	213	289	335	388	419	235.88888888888889
NM_001183378.1	49	103	161	198	220	281	328	367	417	236.0
NM_001183990.1	43	102	149	209	242	276	323	376	407	236.33333333333334
NM_001180106.1	57	97	151	190	235	269	341	360	431	236.77777777777777
NM_001181098.1	38	81	164	208	233	271	309	383	445	236.88888888888889
NM_001179218.1	44	94	133	196	227	298	339	382	420	237.0
NM_001180401.1	51	95	137	202	255	285	346	358	408	237.44444444444446
NM_001179146.1	36	90	144	189	250	303	328	369	429	237.55555555555554
NM_001184013.1	44	89	149	192	228	301	329	368	438	237.55555555555554
NM_001180297.2	45	105	142	195	229	271	335	375	442	237.66666666666666
NM_001181834.1	50	105	148	184	231	284	305	393	443	238.11111111111111
NM_001179828.1	49	97	144	190	237	301	346	379	400	238.11111111111111
NM_001181016.1	48	86	134	185	241	284	350	371	444	238.11111111111111
NM_001184145.1	54	107	157	177	250	266	319	387	427	238.22222222222223
NM_001180071.1	46	90	143	187	240	284	345	374	439	238.66666666666666
NM_001183756.1	48	95	161	194	239	271	339	371	430	238.66666666666666
NM_001178478.3	46	100	150	201	237	314	327	364	409	238.66666666666666
NM_001180226.1	38	92	136	199	216	279	328	398	465	239.0
NM_001180681.3	55	91	129	183	253	301	312	378	450	239.11111111111111
NM_001184240.1	46	100	143	200	236	293	337	369	428	239.11111111111111
NM_001180759.3	49	93	134	204	261	295	331	383	405	239.44444444444446
NM_001183777.3	51	87	137	191	253	297	335	388	416	239.44444444444446
NM_001181063.1	54	95	133	206	247	293	317	362	449	239.55555555555554
NM_001181531.1	47	97	146	183	253	281	357	359	434	239.66666666666666
NM_001184251.1	50	101	145	198	262	278	341	376	407	239.77777777777777
NM_001183380.1	44	80	153	189	237	302	343	399	413	240.0
NM_001178609.1	45	96	155	177	259	292	321	390	425	240.0
NM_001182070.1	48	93	144	163	249	301	341	384	438	240.11111111111111
NM_001178613.2	44	102	127	185	242	296	352	359	454	240.11111111111111
NM_001179398.1	57	99	136	191	228	302	322	390	440	240.55555555555554
NM_001182510.1	45	116	165	199	237	262	344	389	408	240.55555555555554
NM_001180224.1	51	110	155	171	231	284	346	375	443	240.66666666666666
NM_001179631.2	61	85	132	203	233	295	311	410	436	240.66666666666666
NM_001180124.1	34	118	144	198	244	267	339	397	426	240.77777777777777
NM_001184142.1	54	85	156	187	251	294	334	379	431	241.22222222222223
NM_001181192.3	46	99	150	191	224	286	360	379	436	241.22222222222223
NM_001179451.1	41	90	149	193	228	276	343	395	457	241.33333333333334
NM_001179885.1	46	91	157	182	233	303	341	403	416	241.33333333333334
NM_001183926.1	48	99	155	195	228	309	342	383	414	241.44444444444446
NM_001180764.3	35	91	161	196	237	309	327	371	447	241.55555555555554
NM_001180126.1	39	93	147	175	241	307	330	404	439	241.66666666666666
NM_001183702.1	55	96	158	200	244	267	337	388	431	241.77777777777777
NM_001181555.1	51	100	144	187	249	279	352	385	431	242.0
NM_001178266.1	47	91	141	173	264	308	334	394	430	242.44444444444446
NM_001179160.1	49	96	159	205	257	264	325	375	452	242.44444444444446
NM_001178629.3	51	87	138	186	257	308	330	379	449	242.77777777777777
NM_001183264.1	39	87	157	190	275	282	343	392	423	243.11111111111111
NM_001180588.1	43	106	129	199	232	315	331	382	453	243.33333333333334
NM_001178555.4	39	94	156	207	253	262	332	397	451	243.44444444444446
NM_001182157.1	49	108	148	198	227	306	321	387	447	243.44444444444446
NM_001182107.1	46	94	150	197	250	278	330	399	447	243.44444444444446
NM_001181698.1	57	99	150	204	233	303	317	402	427	243.55555555555554
NM_001183011.1	55	87	158	180	225	283	355	403	446	243.55555555555554
NM_001182149.1	56	82	134	211	241	282	312	425	453	244.0
NM_001181848.1	49	103	151	187	244	282	336	398	447	244.11111111111111
NM_001179279.1	52	89	147	185	249	282	352	392	450	244.22222222222223
NM_001182074.1	46	81	156	187	228	295	378	387	440	244.22222222222223
NM_001182985.1	41	103	139	204	237	297	335	403	439	244.22222222222223
NM_001182898.1	52	89	145	191	273	291	355	373	429	244.22222222222223
NM_001179860.1	38	84	161	228	238	281	316	391	465	244.66666666666666
NM_001181328.1	58	92	148	185	252	292	349	390	437	244.77777777777777
NM_001178441.3	45	103	157	200	236	300	349	396	420	245.11111111111111
NM_001181055.1	50	115	149	177	238	280	353	392	456	245.55555555555554
NM_001182415.1	53	106	150	198	223	300	339	396	446	245.66666666666666
NM_001183476.1	52	109	149	187	243	274	333	404	461	245.77777777777777
NM_001183844.1	53	98	145	211	245	283	345	397	436	245.88888888888889
NM_001181925.1	46	111	121	211	255	284	344	394	449	246.11111111111111
NM_001181983.1	43	100	161	199	232	295	336	396	453	246.11111111111111
NM_001179372.1	43	93	173	185	258	297	339	396	431	246.11111111111111
NM_001182210.1	43	103	152	216	251	314	319	384	436	246.44444444444446
NM_001179792.3	37	102	140	190	244	321	363	394	431	246.88888888888889
NM_001184287.1	39	100	155	201	259	274	347	413	437	247.22222222222223
NM_001178776.1	61	97	147	213	242	294	357	381	433	247.22222222222223
NM_001180238.1	44	90	143	196	247	278	373	418	439	247.55555555555554
NM_001183458.1	62	117	157	200	244	290	348	391	426	248.33333333333334
NM_001182575.1	49	100	143	201	264	296	359	396	428	248.44444444444446
NM_001178167.1	54	102	158	209	256	287	356	401	416	248.77777777777777
NM_001180885.1	44	88	151	214	246	290	365	391	453	249.11111111111111
NM_001180760.3	59	97	140	179	261	313	333	402	459	249.22222222222223
NM_001182198.1	47	98	164	197	263	299	340	383	452	249.22222222222223
NM_001184042.1	51	86	161	196	232	317	339	394	468	249.33333333333334
NM_001179241.1	52	98	157	191	251	306	365	405	419	249.33333333333334
NM_001180976.1	47	93	149	196	268	295	382	380	437	249.66666666666666
NM_001178687.1	55	87	160	191	248	313	367	377	449	249.66666666666666
NM_001182766.1	56	102	137	199	244	291	355	415	449	249.77777777777777
NM_001179358.3	43	78	176	204	251	288	355	415	439	249.88888888888889
NM_001179097.1	49	102	152	193	251	290	361	396	457	250.11111111111111
NM_001181702.3	59	95	161	211	233	281	365	406	443	250.44444444444446
NM_001183898.1	56	105	161	199	262	291	370	372	439	250.55555555555554
NM_001184186.1	42	117	134	206	244	281	364	407	462	250.77777777777777
NM_001180720.3	60	107	136	184	245	300	357	403	470	251.33333333333334
NM_001180058.2	41	100	147	194	240	311	361	413	456	251.44444444444446
NM_001180980.1	48	118	136	222	239	318	342	391	449	251.44444444444446
NM_001183421.1	59	88	148	195	246	288	370	409	461	251.55555555555554
NM_001180827.3	47	99	143	184	244	316	350	405	479	251.88888888888889
NM_001179139.1	48	106	148	183	264	308	343	407	461	252.0
NM_001178998.3	46	92	154	210	245	314	348	398	462	252.11111111111111
NM_001178325.1	54	108	146	189	263	307	328	416	458	252.11111111111111
NM_001183493.1	49	98	152	199	279	297	336	390	470	252.22222222222223
NM_001180062.1	67	93	153	180	256	300	339	421	462	252.33333333333334
NM_001182728.1	51	77	149	202	254	318	344	403	473	252.33333333333334
NM_001181706.1	43	95	150	202	246	293	347	432	466	252.66666666666666
NM_001179548.3	53	107	163	201	236	311	340	416	448	252.77777777777777
NM_001182534.1	57	96	133	195	250	309	349	424	465	253.11111111111111
NM_001179420.1	48	121	154	192	249	285	379	378	472	253.11111111111111
NM_001183210.1	56	114	161	194	272	310	323	403	448	253.44444444444446
NM_001179162.1	46	107	140	190	244	300	344	444	467	253.55555555555554
NM_001179993.3	58	106	149	207	230	309	376	401	448	253.77777777777777
NM_001179852.1	55	107	165	209	238	311	332	399	469	253.88888888888889
NM_001181138.3	48	116	146	216	258	298	338	401	465	254.0
NM_001178851.1	52	90	150	203	267	290	360	415	460	254.11111111111111
NM_001183991.1	32	90	151	215	249	315	351	416	471	254.44444444444446
NM_001183435.1	51	109	151	208	258	294	370	398	460	255.44444444444446
NM_001179665.1	50	102	158	193	252	311	341	423	469	255.44444444444446
NM_001183993.1	51	106	138	214	267	308	371	415	429	255.44444444444446
NM_001181630.1	49	102	146	209	257	303	357	407	472	255.77777777777777
NM_001183094.1	51	88	144	197	275	326	343	407	472	255.88888888888889
NM_001179355.1	56	104	152	188	265	311	361	387	480	256.0
NM_001180180.1	48	84	142	228	251	323	346	421	461	256.0
NM_001183972.1	49	115	148	215	260	313	355	392	457	256.0
NM_001183686.1	56	109	159	193	254	331	366	370	472	256.6666666666667
NM_001181909.1	57	97	161	221	239	312	341	417	466	256.77777777777777
NM_001181005.1	48	103	141	215	258	317	379	393	458	256.8888888888889
NM_001178749.1	62	88	147	207	226	319	364	449	453	257.22222222222223
NM_001181690.1	48	117	142	228	249	297	351	419	464	257.22222222222223
NM_001180175.1	51	85	157	214	250	307	369	399	484	257.3333333333333
NM_001182565.1	46	89	165	221	250	332	337	423	456	257.6666666666667
NM_001183915.1	56	136	136	198	242	314	368	406	464	257.77777777777777
NM_001184170.1	57	100	162	192	267	311	364	420	450	258.1111111111111
NM_001180459.3	55	107	142	204	250	290	383	408	485	258.22222222222223
NM_001182800.1	44	101	150	212	278	321	364	384	472	258.44444444444446
NM_001178772.1	42	83	159	197	280	347	374	388	456	258.44444444444446
NM_001182497.1	54	104	141	193	258	314	372	413	478	258.55555555555554
NM_001179296.1	50	97	156	197	252	318	396	392	470	258.6666666666667
NM_001184139.1	49	112	147	223	244	325	355	385	488	258.6666666666667
NM_001181675.1	37	108	156	213	265	302	328	447	474	258.8888888888889
NM_001182237.1	36	110	153	212	258	318	350	431	463	259.0
NM_001181507.1	57	104	141	220	260	307	360	415	469	259.22222222222223
NM_001182989.3	56	100	148	208	247	334	387	417	436	259.22222222222223
NM_001179154.1	46	109	169	216	251	311	374	415	443	259.3333333333333
NM_001182086.1	52	111	174	228	245	305	348	417	455	259.44444444444446
NM_001182665.1	49	118	153	205	248	279	418	412	454	259.55555555555554
NM_001180147.1	61	107	176	214	238	314	377	414	436	259.6666666666667
NM_001184308.3	60	98	141	205	237	301	375	455	465	259.6666666666667
NM_001183700.3	50	100	159	214	254	320	355	414	473	259.8888888888889
NM_001181980.1	66	113	161	225	275	324	322	378	477	260.1111111111111
NM_001180995.3	63	93	153	226	262	320	367	389	468	260.1111111111111
NM_001180813.2	49	122	151	215	249	324	365	417	449	260.1111111111111
NM_001183837.1	53	96	158	221	258	317	348	431	460	260.22222222222223
NM_001182081.1	49	91	156	205	272	317	396	403	453	260.22222222222223
NM_001178757.1	43	101	167	199	276	307	363	440	447	260.3333333333333
NM_001178174.1	57	112	149	200	260	324	378	410	453	260.3333333333333
NM_001179247.1	48	108	159	192	272	313	367	405	479	260.3333333333333
NM_001180225.1	49	91	155	190	290	324	335	441	471	260.6666666666667
NM_001181495.1	49	95	169	216	253	339	345	425	455	260.6666666666667
NM_001179332.1	56	119	166	224	239	306	350	434	453	260.77777777777777
NM_001183067.1	58	102	134	194	263	340	356	418	484	261.0
NM_001180344.1	52	115	187	213	233	329	366	403	454	261.3333333333333
NM_001181718.1	49	91	143	208	262	326	370	423	483	261.6666666666667
NM_001180516.1	48	89	157	193	279	311	364	428	490	262.1111111111111
NM_001182418.1	56	109	160	212	247	313	386	410	467	262.22222222222223
NM_001184443.1	47	103	165	230	261	327	349	438	441	262.3333333333333
NM_001182610.1	42	108	154	203	294	331	343	412	478	262.77777777777777
NM_001179002.3	43	95	157	224	259	337	354	452	445	262.8888888888889
NM_001183256.1	60	119	170	185	252	318	391	396	475	262.8888888888889
NM_001180425.3	49	113	148	197	246	314	366	445	488	262.8888888888889
NM_001183776.1	51	96	155	209	250	328	346	443	491	263.22222222222223
NM_001183128.1	60	108	154	201	270	305	377	435	460	263.3333333333333
NM_001181835.1	52	100	161	200	266	309	375	435	473	263.44444444444446
NM_001183024.2	46	102	156	222	265	311	365	420	484	263.44444444444446
NM_001178345.2	66	95	171	196	288	312	366	416	464	263.77777777777777
NM_001181287.3	51	118	155	244	250	319	348	415	476	264.0
NM_001184021.1	62	115	163	194	276	313	362	430	463	264.22222222222223
NM_001184155.1	55	96	159	210	272	312	379	436	461	264.44444444444446
NM_001181958.1	49	129	161	206	263	320	365	401	491	265.0
NM_001183731.3	55	98	163	201	271	329	390	416	462	265.0
NM_001181721.1	53	99	152	216	257	325	362	445	477	265.1111111111111
NM_001181209.3	56	96	144	227	281	309	367	446	460	265.1111111111111
NM_001180380.3	57	110	128	223	273	320	345	438	493	265.22222222222223
NM_001181726.3	58	101	185	232	245	329	361	413	463	265.22222222222223
NM_001180012.3	43	114	144	225	287	331	368	426	460	266.44444444444446
NM_001182763.1	49	95	181	189	286	360	354	429	455	266.44444444444446
NM_001178636.4	67	107	156	206	263	330	359	437	473	266.44444444444446
NM_001181494.1	58	94	186	212	250	334	363	441	461	266.55555555555554
NM_001183461.1	60	98	164	229	287	300	374	422	467	266.77777777777777
NM_001180884.3	53	102	161	220	262	311	349	450	493	266.77777777777777
NM_001180639.1	54	109	166	216	258	313	380	452	454	266.8888888888889
NM_001181717.3	64	95	153	207	290	324	364	445	465	267.44444444444446
NM_001178171.2	50	127	162	202	280	308	356	443	483	267.8888888888889
NM_001182323.3	55	118	169	190	258	325	393	420	484	268.0
NM_001181134.3	55	106	173	227	262	309	381	414	485	268.0
NM_001182745.1	49	107	159	209	277	328	365	419	503	268.44444444444446
NM_001179253.1	54	116	181	213	240	324	368	419	504	268.77777777777777
NM_001179680.1	46	96	153	199	270	354	378	437	486	268.77777777777777
NM_001178762.1	52	95	162	206	280	319	392	412	504	269.1111111111111
NM_001178282.1	62	110	160	217	263	295	384	431	501	269.22222222222223
NM_001181953.1	62	114	176	204	268	316	386	416	481	269.22222222222223
NM_001180611.3	47	124	164	219	257	323	364	432	494	269.3333333333333
NM_001179300.1	52	117	179	214	263	292	374	468	465	269.3333333333333
NM_001183373.1	54	107	144	223	276	345	392	413	474	269.77777777777777
NM_001178824.3	49	101	140	210	269	365	406	392	496	269.77777777777777
NM_001184382.1	38	91	162	217	265	328	410	434	486	270.1111111111111
NM_001178718.1	54	106	170	204	294	303	376	424	502	270.3333333333333
NM_001183932.1	57	107	170	213	253	323	386	435	492	270.6666666666667
NM_001179456.1	50	98	171	212	273	321	382	440	489	270.6666666666667
NM_001182518.1	59	122	155	198	251	310	396	433	512	270.6666666666667
NM_001180452.1	44	109	137	213	284	318	381	437	517	271.1111111111111
NM_001179864.3	76	109	169	224	269	324	365	434	474	271.55555555555554
NM_001180391.3	43	99	169	244	276	319	380	419	495	271.55555555555554
NM_001180408.3	60	112	166	213	233	346	387	432	495	271.55555555555554
NM_001181004.3	53	101	146	199	266	330	411	449	490	271.6666666666667
NM_001180227.1	57	112	160	221	292	332	382	412	478	271.77777777777777
NM_001179818.2	61	124	149	214	241	325	380	446	506	271.77777777777777
NM_001180935.1	56	108	163	221	277	322	375	433	492	271.8888888888889
NM_001181802.1	41	108	189	220	266	344	381	418	480	271.8888888888889
NM_001184512.1	54	116	158	223	268	316	368	456	490	272.1111111111111
NM_001181395.1	54	111	145	227	268	343	383	423	499	272.55555555555554
NM_001180641.3	55	105	152	235	271	336	373	447	479	272.55555555555554
NM_001179312.3	55	121	166	229	237	330	379	432	504	272.55555555555554
NM_001183260.1	44	127	156	222	269	324	391	444	481	273.1111111111111
NM_001180647.1	55	111	166	219	284	299	379	448	504	273.8888888888889
NM_001180921.2	59	121	154	213	290	301	400	426	507	274.55555555555554
NM_001179555.1	55	106	160	207	267	375	378	433	492	274.77777777777777
NM_001183939.1	49	107	153	237	264	303	413	451	500	275.22222222222223
NM_001183896.1	45	104	162	223	261	318	397	470	503	275.8888888888889
NM_001179660.1	58	127	163	228	261	348	391	420	497	277.0
NM_001183992.1	61	109	174	223	272	340	364	433	519	277.22222222222223
NM_001182684.1	43	124	172	203	286	332	383	435	521	277.6666666666667
NM_001179957.1	64	113	177	233	271	346	388	404	505	277.8888888888889
NM_001181085.1	71	112	159	231	252	342	385	473	476	277.8888888888889
NM_001178959.3	59	106	176	212	263	373	373	434	505	277.8888888888889
NM_001183185.1	47	142	154	207	275	346	388	440	503	278.0
NM_001180179.1	60	101	153	225	303	336	382	427	516	278.1111111111111
NM_001179493.1	61	113	170	231	267	314	412	439	500	278.55555555555554
NM_001179397.3	53	100	184	228	286	308	407	442	500	278.6666666666667
NM_001183070.1	49	100	161	224	286	335	393	481	480	278.77777777777777
NM_001179285.1	54	106	161	222	289	357	368	457	497	279.0
NM_001179142.1	47	99	177	221	274	348	389	427	529	279.0
NM_001182589.1	58	124	171	200	281	358	386	443	490	279.0
NM_001180490.1	59	122	174	219	266	320	406	452	493	279.0
NM_001178389.1	67	101	157	212	285	344	399	454	495	279.3333333333333
NM_001181326.1	62	123	157	219	279	346	389	430	510	279.44444444444446
NM_001179701.1	59	116	155	232	291	336	430	427	472	279.77777777777777
NM_001181512.1	58	131	170	207	265	340	387	469	494	280.1111111111111
NM_001179107.1	54	136	185	206	281	342	390	446	482	280.22222222222223
NM_001178342.1	50	96	166	230	272	347	403	449	510	280.3333333333333
NM_001179930.1	42	121	164	245	297	367	394	413	484	280.77777777777777
NM_001179862.1	49	120	160	233	254	314	403	476	519	280.8888888888889
NM_001180181.1	56	115	146	208	281	352	387	470	516	281.22222222222223
NM_001180111.1	44	106	137	242	289	306	443	466	498	281.22222222222223
NM_001183144.1	63	109	157	217	276	332	409	462	509	281.55555555555554
NM_001182727.1	61	96	165	220	262	342	392	454	549	282.3333333333333
NM_001182338.1	60	110	179	209	283	347	382	431	540	282.3333333333333
NM_001181590.1	65	113	166	200	251	334	405	505	503	282.44444444444446
NM_001183229.3	64	132	160	224	274	345	386	442	521	283.1111111111111
NM_001182723.1	50	110	197	221	315	300	405	438	512	283.1111111111111
NM_001179159.1	61	102	156	246	284	328	405	464	502	283.1111111111111
NM_001180258.1	55	113	175	222	293	356	385	445	504	283.1111111111111
NM_001182991.1	58	113	155	222	292	344	409	457	499	283.22222222222223
NM_001180656.1	54	123	161	221	295	356	388	445	509	283.55555555555554
NM_001183683.3	41	118	178	234	286	349	386	454	508	283.77777777777777
NM_001179394.3	62	108	179	213	275	327	396	457	537	283.77777777777777
NM_001178788.1	55	111	175	220	306	369	369	438	511	283.77777777777777
NM_001182118.1	49	124	190	237	279	336	392	440	507	283.77777777777777
NM_001179816.1	56	114	164	219	278	329	417	442	538	284.1111111111111
NM_001178766.1	48	127	162	236	270	321	389	465	540	284.22222222222223
NM_001180609.1	49	112	161	223	284	349	407	481	494	284.44444444444446
NM_001180716.3	43	112	177	250	275	336	403	442	523	284.55555555555554
NM_001179328.4	70	95	182	245	289	337	382	450	512	284.6666666666667
NM_001179712.1	81	121	174	248	273	339	399	447	482	284.8888888888889
NM_001184131.1	54	128	174	247	282	322	397	462	503	285.44444444444446
NM_001183238.1	52	108	187	236	287	331	388	471	510	285.55555555555554
NM_001183168.1	66	126	180	219	289	334	384	462	512	285.77777777777777
NM_001183109.2	52	129	158	219	293	350	407	459	505	285.77777777777777
NM_001181409.1	53	111	188	229	273	337	417	460	506	286.0
NM_001183863.1	66	107	181	227	281	358	411	464	485	286.6666666666667
NM_001182183.1	52	126	188	218	302	334	406	445	509	286.6666666666667
NM_001182269.3	68	103	193	247	265	341	419	440	507	287.0
NM_001180221.1	58	118	168	232	289	357	399	465	497	287.0
NM_001180170.1	52	133	182	225	276	335	415	470	497	287.22222222222223
NM_001178954.1	54	114	180	217	303	329	409	480	501	287.44444444444446
NM_001182822.1	56	113	173	249	280	350	384	471	514	287.77777777777777
NM_001181396.1	46	102	172	231	279	333	423	487	518	287.8888888888889
NM_001182239.1	61	118	166	233	285	366	412	446	505	288.0
NM_001179135.1	58	109	171	236	272	373	403	450	523	288.3333333333333
NM_001183508.1	60	105	167	235	294	350	422	458	505	288.44444444444446
NM_001182112.1	48	119	188	239	294	331	401	473	505	288.6666666666667
NM_001181488.1	46	117	171	227	315	347	388	480	508	288.77777777777777
NM_001181410.3	55	150	170	223	279	325	401	477	520	288.8888888888889
NM_001181833.1	67	139	163	243	273	335	427	434	521	289.1111111111111
NM_001184009.1	49	119	167	236	290	355	416	455	515	289.1111111111111
NM_001181748.1	45	103	184	213	310	360	412	457	520	289.3333333333333
NM_001182743.1	58	132	169	233	299	329	394	473	522	289.8888888888889
NM_001179476.1	51	105	169	221	303	354	411	478	518	290.0
NM_001178194.1	50	113	163	239	309	322	410	465	543	290.44444444444446
NM_001181022.3	51	119	165	225	301	341	437	458	517	290.44444444444446
NM_001180605.1	69	121	165	245	274	346	434	445	516	290.55555555555554
NM_001180295.1	61	119	180	231	290	336	407	468	524	290.6666666666667
NM_001178990.3	47	95	185	222	288	350	438	464	527	290.6666666666667
NM_001180201.1	58	113	175	219	299	361	416	450	528	291.0
NM_001183542.1	57	102	164	226	296	366	411	482	526	292.22222222222223
NM_001183520.1	59	105	181	217	292	346	413	479	540	292.44444444444446
NM_001179131.1	39	124	180	244	289	335	398	487	538	292.6666666666667
NM_001178520.3	62	128	175	233	278	364	420	450	525	292.77777777777777
NM_001181310.3	56	127	185	235	296	337	400	447	553	292.8888888888889
NM_001180949.1	60	112	195	242	289	346	417	474	505	293.3333333333333
NM_001180738.1	57	123	191	238	261	354	398	453	566	293.44444444444446
NM_001178604.1	61	128	183	256	289	330	421	475	499	293.55555555555554
NM_001183660.1	64	118	158	253	289	368	412	466	516	293.77777777777777
NM_001182093.1	57	130	172	253	312	342	394	503	483	294.0
NM_001184270.1	50	125	185	241	321	348	418	447	512	294.1111111111111
NM_001178676.1	58	118	166	246	284	360	405	464	547	294.22222222222223
NM_001184245.1	75	126	170	234	309	360	382	456	538	294.44444444444446
NM_001180662.3	63	123	183	236	277	368	400	470	532	294.6666666666667
NM_001183207.1	65	115	163	220	291	348	415	502	535	294.8888888888889
NM_001178503.1	52	120	160	270	277	367	394	475	542	295.22222222222223
NM_001178921.1	65	99	166	219	311	374	419	476	530	295.44444444444446
NM_001182656.1	44	116	167	252	290	351	437	487	528	296.8888888888889
NM_001181475.1	55	138	158	232	305	360	401	495	531	297.22222222222223
NM_001179200.1	61	112	186	241	319	362	387	471	536	297.22222222222223
NM_001183213.1	57	107	179	221	328	366	412	473	532	297.22222222222223
NM_001180078.1	58	123	170	234	300	344	388	485	574	297.3333333333333
NM_001180634.1	61	124	167	220	299	335	416	518	537	297.44444444444446
NM_001182180.1	56	129	186	253	302	347	428	464	516	297.8888888888889
NM_001179815.3	55	120	181	223	295	378	393	496	541	298.0
NM_001184448.1	66	115	173	233	302	360	413	479	542	298.1111111111111
NM_001181640.1	68	129	169	234	302	362	409	478	533	298.22222222222223
NM_001180569.1	60	92	192	218	305	365	442	464	549	298.55555555555554
NM_001180151.1	67	118	192	251	298	362	417	465	517	298.55555555555554
NM_001178627.1	57	117	187	240	310	346	441	486	505	298.77777777777777
NM_001178662.1	56	146	164	257	288	356	424	492	510	299.22222222222223
NM_001183423.1	50	108	194	260	300	369	404	478	531	299.3333333333333
NM_001184060.1	69	108	175	228	306	380	401	501	528	299.55555555555554
NM_001182552.1	46	129	177	231	311	363	417	478	545	299.6666666666667
NM_001181912.1	57	107	189	247	311	353	444	460	529	299.6666666666667
NM_001181211.1	60	121	201	228	310	351	403	485	539	299.77777777777777
NM_001183919.1	67	101	174	245	294	372	413	481	554	300.1111111111111
NM_001180453.1	71	112	156	253	310	379	433	491	496	300.1111111111111
NM_001181501.1	59	127	196	229	285	365	410	479	554	300.44444444444446
NM_001183306.1	69	130	180	251	309	331	417	479	539	300.55555555555554
NM_001183365.1	63	113	197	255	317	374	438	425	531	301.44444444444446
NM_001183960.1	68	123	201	231	313	341	405	461	571	301.55555555555554
NM_001180600.3	61	108	186	245	281	369	426	480	560	301.77777777777777
NM_001180686.1	53	121	173	214	322	361	456	500	520	302.22222222222223
NM_001180580.3	50	107	181	251	276	366	422	497	571	302.3333333333333
NM_001184230.1	55	129	204	208	323	373	408	482	540	302.44444444444446
NM_001183560.1	71	119	175	243	269	358	424	524	545	303.1111111111111
NM_001178780.1	72	124	174	246	309	361	419	485	539	303.22222222222223
NM_001178756.1	71	142	166	247	289	368	413	495	539	303.3333333333333
NM_001182840.1	53	115	186	259	313	365	416	481	543	303.44444444444446
NM_001180825.1	75	125	165	236	307	354	420	488	565	303.8888888888889
NM_001179709.1	54	120	180	241	298	382	445	497	523	304.44444444444446
NM_001181971.1	64	107	172	235	304	392	435	478	554	304.55555555555554
NM_001179196.1	61	120	177	227	311	355	429	493	572	305.0
NM_001179814.1	66	124	182	265	319	358	419	459	559	305.6666666666667
NM_001179017.1	49	123	190	229	336	347	430	487	562	305.8888888888889
NM_001178830.1	68	112	199	275	309	368	430	481	511	305.8888888888889
NM_001180362.1	60	122	203	232	307	376	421	480	554	306.1111111111111
NM_001183475.1	77	117	203	238	309	363	412	485	554	306.44444444444446
NM_001181831.1	41	126	173	256	313	379	430	489	554	306.77777777777777
NM_001178600.3	56	116	176	267	319	390	422	477	538	306.77777777777777
NM_001181790.2	50	117	180	248	320	364	427	495	563	307.1111111111111
NM_001182087.1	53	117	191	248	303	378	452	484	538	307.1111111111111
NM_001178973.1	68	123	188	228	321	372	420	490	558	307.55555555555554
NM_001178815.1	56	127	201	238	289	370	453	464	572	307.77777777777777
NM_001181361.3	70	116	183	242	298	397	444	490	532	308.0
NM_001184266.1	61	106	186	249	303	403	413	497	554	308.0
NM_001183522.1	63	133	187	259	331	371	419	463	552	308.6666666666667
NM_001184020.1	81	115	194	236	297	373	419	527	537	308.77777777777777
NM_001178744.1	71	126	162	254	312	365	443	497	549	308.77777777777777
NM_001180826.1	62	120	192	271	289	382	422	496	546	308.8888888888889
NM_001182888.1	65	125	195	244	288	370	449	485	559	308.8888888888889
NM_001180592.1	56	107	202	247	314	334	453	501	569	309.22222222222223
NM_001181052.1	61	134	178	238	300	352	439	528	554	309.3333333333333
NM_001178679.1	75	118	180	251	306	391	394	495	576	309.55555555555554
NM_001180900.1	66	126	193	217	315	382	442	493	553	309.6666666666667
NM_001181975.1	52	121	185	262	305	359	427	524	553	309.77777777777777
NM_001180757.1	62	132	192	242	315	373	450	500	527	310.3333333333333
NM_001180497.1	39	107	187	249	304	382	461	501	568	310.8888888888889
NM_001180839.3	70	129	186	233	319	371	463	478	552	311.22222222222223
NM_001179648.1	66	127	172	230	321	390	449	499	557	312.3333333333333
NM_001184046.1	68	131	183	251	318	359	412	500	593	312.77777777777777
NM_001180122.1	74	129	192	226	318	365	446	521	548	313.22222222222223
NM_001180698.3	73	120	190	253	331	373	436	485	559	313.3333333333333
NM_001183020.1	67	138	189	233	327	373	437	488	571	313.6666666666667
NM_001182225.1	54	133	176	274	312	405	402	515	552	313.6666666666667
NM_001184310.1	65	121	168	253	308	369	468	510	567	314.3333333333333
NM_001180824.3	74	125	191	246	327	369	446	493	560	314.55555555555554
NM_001182569.1	64	118	187	260	324	362	458	503	556	314.6666666666667
NM_001182023.1	68	122	173	274	308	383	442	513	555	315.3333333333333
NM_001181606.1	64	131	191	230	333	374	451	506	560	315.55555555555554
NM_001178550.4	62	125	189	255	311	374	472	484	570	315.77777777777777
NM_001179780.1	59	122	175	249	308	368	470	512	581	316.0
NM_001184070.1	58	121	184	245	320	385	469	518	555	317.22222222222223
NM_001183100.1	69	119	206	240	321	358	450	489	605	317.44444444444446
NM_001181587.1	58	119	205	259	335	349	433	532	568	317.55555555555554
NM_001180327.1	59	148	184	249	346	371	457	486	559	317.6666666666667
NM_001180742.3	61	139	197	259	322	383	459	510	533	318.1111111111111
NM_001182773.1	73	127	186	267	330	380	419	536	550	318.6666666666667
NM_001179716.1	47	124	203	270	324	377	458	490	576	318.77777777777777
NM_001181046.1	64	109	179	278	331	376	444	526	566	319.22222222222223
NM_001180977.1	52	124	213	236	322	356	470	517	583	319.22222222222223
NM_001183464.1	57	120	200	272	321	394	446	492	573	319.44444444444446
NM_001181026.3	52	141	218	247	330	360	461	516	558	320.3333333333333
NM_001179033.3	61	142	179	270	344	385	428	483	591	320.3333333333333
NM_001181761.4	65	134	193	237	318	404	445	503	585	320.44444444444446
NM_001182478.1	57	125	181	264	318	360	457	538	585	320.55555555555554
NM_001182217.1	52	120	213	273	335	358	468	489	577	320.55555555555554
NM_001181358.1	62	137	194	240	319	399	445	522	571	321.0
NM_001178615.4	52	124	204	245	319	417	454	502	572	321.0
NM_001182407.1	67	123	210	236	315	415	453	479	591	321.0
NM_001180233.1	63	131	210	247	310	388	444	527	570	321.1111111111111
NM_001181493.3	74	115	191	261	314	400	429	543	566	321.44444444444446
NM_001181561.2	71	144	195	259	352	379	447	499	548	321.55555555555554
NM_001181863.1	73	141	200	261	331	381	424	514	575	322.22222222222223
NM_001182477.1	58	137	208	267	309	359	461	504	600	322.55555555555554
NM_001181557.1	83	118	189	239	325	386	450	551	563	322.6666666666667
NM_001179153.1	62	99	194	257	320	412	473	521	571	323.22222222222223
NM_001182912.3	73	138	182	252	322	376	480	520	569	323.55555555555554
NM_001180463.1	66	134	188	271	321	374	469	526	568	324.1111111111111
NM_001181234.3	53	125	208	255	322	368	472	536	579	324.22222222222223
NM_001182426.1	55	146	186	255	309	388	457	533	590	324.3333333333333
NM_001179694.1	65	116	188	249	334	384	480	507	597	324.44444444444446
NM_001181699.3	71	134	193	289	320	386	443	492	593	324.55555555555554
NM_001182586.1	65	127	201	301	303	384	433	560	556	325.55555555555554
NM_001182949.3	65	115	207	251	348	398	460	508	579	325.6666666666667
NM_001178202.2	60	131	196	285	335	394	435	495	607	326.44444444444446
NM_001184194.2	67	134	208	233	326	395	458	526	593	326.6666666666667
NM_001184116.1	63	145	183	259	310	395	479	524	582	326.6666666666667
NM_001182993.1	56	137	193	260	335	387	460	526	586	326.6666666666667
NM_001178765.1	78	146	192	288	318	373	435	532	578	326.6666666666667
NM_001178980.1	54	131	171	260	338	396	458	525	608	326.77777777777777
NM_001180123.1	74	148	166	260	315	390	494	518	579	327.1111111111111
NM_001178377.1	61	135	198	261	311	399	449	539	592	327.22222222222223
NM_001180287.1	86	129	201	256	299	392	468	537	579	327.44444444444446
NM_001183631.3	57	143	186	259	315	404	489	515	580	327.55555555555554
NM_001178822.1	71	121	203	250	360	393	467	514	572	327.8888888888889
NM_001183709.3	69	137	201	250	318	381	443	549	605	328.1111111111111
NM_001183035.1	67	133	203	259	342	404	462	499	586	328.3333333333333
NM_001179686.1	59	143	215	268	336	392	486	505	551	328.3333333333333
NM_001181322.1	72	125	203	277	323	403	425	525	603	328.44444444444446
NM_001184241.1	67	126	209	270	323	375	461	518	609	328.6666666666667
NM_001178547.3	60	112	196	262	339	412	469	497	614	329.0
NM_001182624.1	62	132	185	270	339	408	434	544	588	329.1111111111111
NM_001183672.3	58	136	187	268	333	409	463	536	574	329.3333333333333
NM_001178518.1	67	139	199	294	326	391	461	518	571	329.55555555555554
NM_001179158.1	70	127	220	252	329	398	473	507	590	329.55555555555554
NM_001182479.1	56	130	206	264	315	419	447	540	590	329.6666666666667
NM_001178750.1	73	127	215	262	312	406	471	510	592	329.77777777777777
NM_001181337.1	71	124	208	262	319	397	464	534	596	330.55555555555554
NM_001179036.1	68	133	202	278	322	397	456	525	597	330.8888888888889
NM_001181339.1	68	139	206	254	321	413	456	531	591	331.0
NM_001181573.1	62	125	183	238	322	438	473	537	602	331.1111111111111
NM_001179678.1	62	125	185	286	339	389	456	530	612	331.55555555555554
NM_001180448.1	61	123	206	299	332	408	447	519	590	331.6666666666667
NM_001181078.1	60	120	220	282	316	385	467	532	604	331.77777777777777
NM_001183790.1	48	122	205	262	302	384	484	566	614	331.8888888888889
NM_001179778.1	63	116	193	253	329	406	483	517	627	331.8888888888889
NM_001183135.1	59	129	184	275	338	395	465	545	600	332.22222222222223
NM_001179855.3	59	137	188	285	341	400	437	545	599	332.3333333333333
NM_001184162.1	77	139	211	272	331	376	485	539	567	333.0
NM_001179804.1	67	134	208	275	361	408	430	502	614	333.22222222222223
NM_001178953.3	77	131	195	284	313	416	444	554	589	333.6666666666667
NM_001183872.1	63	143	216	281	349	376	467	499	612	334.0
NM_001182161.1	78	116	202	293	339	391	469	543	576	334.1111111111111
NM_001180400.3	59	146	176	268	322	411	476	558	592	334.22222222222223
NM_001183427.1	77	133	180	267	349	390	458	553	602	334.3333333333333
NM_001182946.1	58	146	187	274	341	407	474	540	594	335.6666666666667
NM_001179212.1	67	126	202	292	352	393	462	520	611	336.1111111111111
NM_001182155.1	76	133	226	243	339	383	454	563	609	336.22222222222223
NM_001184340.1	57	137	201	256	363	410	450	565	590	336.55555555555554
NM_001178487.3	79	130	187	265	379	415	431	531	613	336.6666666666667
NM_001180285.1	73	135	187	278	327	434	481	524	600	337.6666666666667
NM_001179726.1	65	119	207	281	338	432	473	537	590	338.0
NM_001183004.1	65	130	226	271	344	404	473	534	599	338.44444444444446
NM_001182875.3	69	125	206	271	320	427	479	550	600	338.55555555555554
NM_001179385.1	77	132	201	284	335	404	449	540	626	338.6666666666667
NM_001183420.1	75	138	179	287	340	423	461	545	606	339.3333333333333
NM_001179756.1	62	117	191	304	361	408	475	563	596	341.8888888888889
NM_001179087.1	60	132	221	275	334	385	509	551	613	342.22222222222223
NM_001179466.1	54	130	205	275	346	396	487	544	644	342.3333333333333
NM_001180352.1	77	143	204	275	336	389	474	563	627	343.1111111111111
NM_001182719.1	74	135	189	278	347	413	481	569	606	343.55555555555554
NM_001179237.1	72	162	211	249	344	403	487	571	600	344.3333333333333
NM_001182434.1	76	128	189	300	353	404	468	557	625	344.44444444444446
NM_001184316.1	69	148	200	266	354	395	478	575	616	344.55555555555554
NM_001179798.4	62	146	205	271	328	419	492	553	630	345.1111111111111
NM_001178268.1	73	126	223	281	330	438	475	542	620	345.3333333333333
NM_001183305.1	78	138	221	270	333	395	525	538	612	345.55555555555554
NM_001182490.1	69	136	192	283	341	427	498	547	622	346.1111111111111
NM_001179667.2	68	130	190	312	341	414	485	551	624	346.1111111111111
NM_001183705.3	71	138	228	299	338	373	458	547	664	346.22222222222223
NM_001180553.1	62	120	223	289	351	408	487	552	625	346.3333333333333
NM_001181399.1	78	120	193	274	362	428	485	579	602	346.77777777777777
NM_001182172.1	74	138	212	282	336	426	500	550	606	347.1111111111111
NM_001182108.1	60	138	210	285	337	417	491	578	612	347.55555555555554
NM_001183590.1	68	144	186	261	359	437	466	584	625	347.77777777777777
NM_001182572.1	75	141	228	264	360	395	485	537	653	348.6666666666667
NM_001181889.1	76	144	227	270	358	431	494	535	604	348.77777777777777
NM_001183057.1	80	133	215	308	349	411	495	545	605	349.0
NM_001182246.1	68	133	204	279	353	395	499	572	638	349.0
NM_001182755.1	69	130	207	286	356	432	474	573	617	349.3333333333333
NM_001183867.1	68	152	202	291	374	425	467	546	627	350.22222222222223
NM_001183912.1	70	128	205	247	348	428	518	572	641	350.77777777777777
NM_001179062.1	61	153	198	258	343	429	520	580	616	350.8888888888889
NM_001179579.1	52	149	228	301	324	443	489	568	611	351.6666666666667
NM_001182283.1	68	140	181	301	325	451	510	551	638	351.6666666666667
NM_001178421.4	58	121	227	257	368	424	483	590	640	352.0
NM_001179289.1	63	174	226	268	357	431	511	553	589	352.44444444444446
NM_001178422.2	78	142	210	288	357	428	486	543	642	352.6666666666667
NM_001178444.3	79	142	211	285	352	404	528	553	631	353.8888888888889
NM_001180145.1	64	151	201	271	345	447	517	536	654	354.0
NM_001179576.3	69	143	237	270	345	413	494	543	677	354.55555555555554
NM_001179477.3	76	123	213	273	341	434	514	589	631	354.8888888888889
NM_001183486.1	64	145	229	277	353	426	479	577	644	354.8888888888889
NM_001180195.1	79	164	210	284	362	431	491	562	612	355.0
NM_001179181.1	79	157	202	286	389	412	495	564	612	355.1111111111111
NM_001180773.1	60	134	238	317	347	409	497	566	628	355.1111111111111
NM_001184234.1	64	130	226	277	332	431	532	545	660	355.22222222222223
NM_001181851.1	84	150	200	303	343	421	491	563	645	355.55555555555554
NM_001182240.1	74	140	230	266	355	450	486	570	630	355.6666666666667
NM_001179371.3	63	150	206	278	378	442	474	559	654	356.0
NM_001178304.1	64	155	218	297	343	422	508	561	637	356.1111111111111
NM_001179751.1	69	152	223	296	340	429	488	584	630	356.77777777777777
NM_001184169.1	73	160	215	282	357	450	475	556	647	357.22222222222223
NM_001180574.3	78	143	206	283	355	423	515	552	661	357.3333333333333
NM_001181108.1	74	124	203	308	354	442	520	585	610	357.77777777777777
NM_001180965.1	65	136	220	265	379	451	489	567	651	358.1111111111111
NM_001179066.1	76	133	204	305	330	443	534	587	618	358.8888888888889
NM_001182137.1	67	143	197	305	352	445	485	581	657	359.1111111111111
NM_001180837.1	63	148	227	268	359	438	494	598	640	359.44444444444446
NM_001182530.1	84	144	214	280	348	426	529	581	629	359.44444444444446
NM_001179119.1	71	142	206	282	366	424	518	584	645	359.77777777777777
NM_001178364.1	76	155	204	289	362	420	513	608	613	360.0
NM_001179591.1	66	159	197	284	346	453	492	588	655	360.0
NM_001179439.1	81	140	212	311	367	416	515	560	638	360.0
NM_001179265.1	73	132	210	275	382	440	495	578	665	361.1111111111111
NM_001183471.1	70	124	216	285	354	452	500	591	661	361.44444444444446
NM_001180451.3	68	136	230	292	343	423	501	600	664	361.8888888888889
NM_001182007.1	73	138	236	288	374	408	504	587	665	363.6666666666667
NM_001183276.2	75	165	222	301	333	443	503	570	666	364.22222222222223
NM_001183050.1	83	157	228	311	367	448	497	534	655	364.44444444444446
NM_001179031.1	83	124	212	289	368	450	515	579	661	364.55555555555554
NM_001181167.1	74	148	222	294	381	468	500	561	634	364.6666666666667
NM_001180771.3	74	144	220	270	379	433	518	580	670	365.3333333333333
NM_001179169.1	64	142	212	287	365	451	495	611	663	365.55555555555554
NM_001179488.1	79	159	216	304	383	418	533	566	632	365.55555555555554
NM_001178651.1	77	141	207	321	396	419	497	598	644	366.6666666666667
NM_001179761.1	79	148	221	296	367	433	486	598	677	367.22222222222223
NM_001182318.3	73	117	232	288	351	446	544	594	662	367.44444444444446
NM_001184126.1	71	166	207	312	360	412	523	586	679	368.44444444444446
NM_001180217.1	70	166	219	277	373	432	526	574	681	368.6666666666667
NM_001179731.1	73	149	232	309	365	431	527	588	645	368.77777777777777
NM_001179770.1	73	145	210	282	368	461	512	603	667	369.0
NM_001179729.1	64	149	234	307	345	446	506	628	648	369.6666666666667
NM_001180607.3	73	154	212	295	381	436	519	604	659	370.3333333333333
NM_001183259.1	63	132	235	295	352	455	500	605	700	370.77777777777777
NM_001181207.3	64	158	218	294	379	460	517	588	668	371.77777777777777
NM_001180923.1	73	158	215	265	399	458	514	593	673	372.0
NM_001183670.3	70	149	225	281	371	452	528	618	663	373.0
NM_001183873.1	65	158	221	299	382	467	521	610	635	373.1111111111111
NM_001178308.2	76	145	243	279	397	451	498	601	670	373.3333333333333
NM_001182135.1	70	159	215	296	393	411	524	593	704	373.8888888888889
NM_001182502.1	85	138	236	302	358	476	508	615	654	374.6666666666667
NM_001181631.1	65	172	214	301	381	443	546	593	662	375.22222222222223
NM_001180904.1	68	145	205	314	374	461	535	608	670	375.55555555555554
NM_001181611.1	74	145	217	290	389	463	532	610	661	375.6666666666667
NM_001181659.3	85	133	234	313	365	452	535	598	667	375.77777777777777
NM_001179666.1	79	144	206	302	386	469	510	605	681	375.77777777777777
NM_001183161.1	85	138	251	299	391	450	528	555	687	376.0
NM_001182285.1	71	141	216	287	369	434	550	623	696	376.3333333333333
NM_001179389.1	82	152	217	318	366	440	519	604	690	376.44444444444446
NM_001178196.2	81	161	227	309	387	443	528	602	656	377.1111111111111
NM_001183951.1	73	155	225	316	371	460	512	625	666	378.1111111111111
NM_001179319.1	85	136	240	330	371	452	491	614	693	379.1111111111111
NM_001179273.1	93	157	214	286	364	463	526	623	690	379.55555555555554
NM_001183636.1	93	135	225	313	376	470	528	593	685	379.77777777777777
NM_001178164.1	70	147	218	292	387	451	513	631	711	380.0
NM_001179234.1	73	131	209	316	381	457	543	617	694	380.1111111111111
NM_001179120.1	74	153	229	290	378	470	537	640	654	380.55555555555554
NM_001182654.1	76	157	227	297	394	439	536	621	678	380.55555555555554
NM_001180248.1	81	137	227	283	376	477	558	597	694	381.1111111111111
NM_001184442.3	67	154	212	300	374	445	550	602	730	381.55555555555554
NM_001182278.1	76	150	264	292	364	454	529	605	701	381.6666666666667
NM_001179606.3	79	135	228	296	358	445	533	657	706	381.8888888888889
NM_001180018.3	78	140	234	319	398	478	516	610	671	382.6666666666667
NM_001180187.1	90	143	216	306	338	476	572	622	685	383.1111111111111
NM_001183045.1	68	156	233	315	371	439	539	632	695	383.1111111111111
NM_001181961.1	82	162	234	285	403	435	530	614	710	383.8888888888889
NM_001182179.1	70	152	238	318	382	441	517	607	736	384.55555555555554
NM_001179950.1	73	143	222	310	400	452	546	653	664	384.77777777777777
NM_001183215.1	100	160	232	305	377	452	547	594	696	384.77777777777777
NM_001179179.1	71	152	221	298	390	453	560	637	683	385.0
NM_001182908.1	68	155	194	310	365	471	559	647	698	385.22222222222223
NM_001183118.1	78	139	239	338	376	434	564	608	694	385.55555555555554
NM_001182715.1	78	171	244	289	383	475	539	608	691	386.44444444444446
NM_001183325.1	64	160	266	292	362	439	567	627	703	386.6666666666667
NM_001184307.1	82	151	231	311	379	493	537	586	714	387.1111111111111
NM_001179587.3	91	169	230	309	419	451	536	610	671	387.3333333333333
NM_001181700.1	82	139	226	306	401	477	514	630	714	387.6666666666667
NM_001178521.1	79	167	236	318	389	439	544	642	688	389.1111111111111
NM_001181727.1	87	166	236	297	387	504	515	618	695	389.44444444444446
NM_001182913.3	71	131	227	311	415	454	534	644	719	389.55555555555554
NM_001182900.3	77	165	234	308	372	488	548	603	713	389.77777777777777
NM_001178407.1	67	140	236	322	385	478	551	633	704	390.6666666666667
NM_001184088.1	93	160	222	282	378	465	570	649	701	391.1111111111111
NM_001179486.3	70	175	237	299	381	487	551	607	719	391.77777777777777
NM_001182891.1	94	139	243	336	384	439	542	644	709	392.22222222222223
NM_001178782.1	87	165	243	335	399	501	520	595	689	392.6666666666667
NM_001182977.3	72	150	251	322	398	479	515	648	702	393.0
NM_001182814.1	66	159	235	325	382	479	537	654	702	393.22222222222223
NM_001178560.3	69	158	239	323	373	478	574	639	686	393.22222222222223
NM_001180193.1	85	186	226	286	373	469	599	615	703	393.55555555555554
NM_001183908.1	65	153	263	318	370	468	588	617	705	394.1111111111111
NM_001183312.1	68	154	231	333	411	459	547	623	726	394.6666666666667
NM_001178406.1	84	154	259	297	388	438	580	639	717	395.1111111111111
NM_001179741.1	86	148	235	311	390	473	542	638	734	395.22222222222223
NM_001178209.1	82	158	239	296	437	484	553	625	686	395.55555555555554
NM_001179757.1	81	151	241	308	393	460	553	661	715	395.8888888888889
NM_001180933.1	76	153	246	313	404	480	572	605	718	396.3333333333333
NM_001181390.3	90	160	231	311	418	462	556	645	699	396.8888888888889
NM_001183001.1	74	168	234	322	372	470	584	622	728	397.1111111111111
NM_001180395.3	79	161	231	308	408	486	571	638	693	397.22222222222223
NM_001182219.1	97	148	242	339	395	477	552	610	720	397.77777777777777
NM_001182143.1	77	154	255	288	420	498	552	632	714	398.8888888888889
NM_001182707.1	71	125	231	337	390	478	591	645	722	398.8888888888889
NM_001183319.1	85	159	263	315	422	469	545	637	697	399.1111111111111
NM_001183943.1	102	155	239	322	381	480	550	632	732	399.22222222222223
NM_001184018.1	72	185	233	296	414	489	561	632	717	399.8888888888889
NM_001178895.1	73	171	221	325	402	471	556	650	730	399.8888888888889
NM_001181051.1	73	152	273	320	402	464	571	595	749	399.8888888888889
NM_001182193.1	69	174	219	312	403	492	561	661	716	400.77777777777777
NM_001181248.1	79	157	239	345	403	484	540	616	745	400.8888888888889
NM_001181373.3	84	161	247	308	416	500	549	639	706	401.1111111111111
NM_001178400.1	76	175	219	323	418	482	558	631	729	401.22222222222223
NM_001183775.3	76	167	234	310	405	474	572	648	726	401.3333333333333
NM_001179598.3	66	181	247	333	445	451	553	631	707	401.55555555555554
NM_001184026.1	75	155	252	345	411	468	557	616	737	401.77777777777777
NM_001184253.1	81	159	235	327	402	483	535	667	727	401.77777777777777
NM_001183383.1	83	160	225	314	406	489	557	634	751	402.1111111111111
NM_001178974.1	73	148	240	347	408	470	592	611	730	402.1111111111111
NM_001179707.1	69	166	233	311	400	481	566	621	774	402.3333333333333
NM_001182362.1	71	152	242	324	397	489	564	637	747	402.55555555555554
NM_001181745.1	79	141	261	336	392	472	552	652	741	402.8888888888889
NM_001180079.3	82	180	215	316	400	475	586	669	707	403.3333333333333
NM_001182460.1	90	163	239	329	397	496	577	627	717	403.8888888888889
NM_001179623.1	75	159	241	331	415	469	575	642	730	404.1111111111111
NM_001181094.1	82	161	258	338	411	477	538	641	737	404.77777777777777
NM_001178460.3	86	168	252	303	455	482	546	634	720	405.1111111111111
NM_001182979.1	79	154	242	315	405	521	578	646	709	405.44444444444446
NM_001179574.3	78	151	244	323	375	496	581	670	743	406.77777777777777
NM_001181336.1	80	151	265	340	382	500	546	670	728	406.8888888888889
NM_001181616.2	85	142	241	299	421	480	605	642	749	407.1111111111111
NM_001183101.1	98	163	243	339	394	496	576	645	721	408.3333333333333
NM_001178546.1	90	152	238	349	414	481	578	635	739	408.44444444444446
NM_001183846.1	85	148	223	354	405	494	593	642	733	408.55555555555554
NM_001183221.1	72	163	249	326	392	509	559	667	747	409.3333333333333
NM_001181444.3	68	150	245	328	411	491	574	672	745	409.3333333333333
NM_001178506.1	80	167	242	313	413	490	574	678	734	410.1111111111111
NM_001181599.1	88	141	244	339	406	482	607	659	726	410.22222222222223
NM_001179570.1	77	175	247	328	412	512	538	645	768	411.3333333333333
NM_001183629.3	68	160	230	323	415	510	559	674	764	411.44444444444446
NM_001182073.1	85	175	236	337	425	503	544	652	751	412.0
NM_001180161.2	82	177	234	304	440	489	584	664	740	412.6666666666667
NM_001183621.1	82	194	241	333	396	503	564	663	739	412.77777777777777
NM_001183030.2	89	151	254	356	387	495	573	644	770	413.22222222222223
NM_001183997.1	85	163	228	356	406	501	574	656	753	413.55555555555554
NM_001183069.1	60	159	248	309	417	529	560	693	761	415.1111111111111
NM_001181066.1	75	149	237	347	413	505	587	678	746	415.22222222222223
NM_001180405.3	80	177	228	346	404	495	580	672	758	415.55555555555554
NM_001183747.3	84	156	260	340	411	484	617	653	737	415.77777777777777
NM_001181036.1	92	153	251	343	425	511	564	651	759	416.55555555555554
NM_001181091.1	109	166	260	320	411	512	595	668	709	416.6666666666667
NM_001182948.1	93	181	241	322	414	494	564	670	775	417.1111111111111
NM_001183594.1	109	168	257	325	416	498	591	652	740	417.3333333333333
NM_001180602.1	95	161	254	339	405	511	593	648	758	418.22222222222223
NM_001181097.1	78	177	247	339	418	523	571	650	762	418.3333333333333
NM_001184101.1	96	178	273	315	410	495	604	696	705	419.1111111111111
NM_001182289.3	91	163	264	320	405	516	610	656	755	420.0
NM_001178490.1	84	161	234	358	432	524	567	675	756	421.22222222222223
NM_001183330.1	80	161	238	350	386	522	602	664	791	421.55555555555554
NM_001178847.1	77	163	234	344	412	505	607	697	755	421.55555555555554
NM_001183645.3	90	169	264	332	392	518	595	682	757	422.1111111111111
NM_001179294.1	69	171	263	317	452	485	616	672	755	422.22222222222223
NM_001179384.3	79	166	257	299	431	497	573	732	768	422.44444444444446
NM_001178592.3	84	176	232	351	442	533	587	646	754	422.77777777777777
NM_001183344.1	85	190	258	369	419	493	571	677	745	423.0
NM_001178280.1	79	163	248	327	426	501	594	681	791	423.3333333333333
NM_001179056.3	93	167	259	317	428	501	597	684	769	423.8888888888889
NM_001184085.1	74	158	261	355	442	483	569	730	761	425.8888888888889
NM_001181733.3	81	182	264	345	444	498	541	693	790	426.44444444444446
NM_001181556.1	73	166	265	327	384	509	623	719	779	427.22222222222223
NM_001181502.1	77	171	259	323	462	506	589	673	788	427.55555555555554
NM_001180309.1	92	162	239	324	470	511	599	696	758	427.8888888888889
NM_001182472.1	96	161	263	330	410	526	618	702	747	428.1111111111111
NM_001178371.1	99	159	229	346	433	513	612	692	773	428.44444444444446
NM_001179346.1	77	169	260	325	412	517	635	677	798	430.0
NM_001180608.3	84	171	273	327	454	539	599	664	759	430.0
NM_001178722.1	97	179	246	365	425	488	585	687	799	430.1111111111111
NM_001180213.1	103	161	261	317	380	548	611	715	776	430.22222222222223
NM_001180789.3	74	192	239	321	447	506	594	737	765	430.55555555555554
NM_001178519.3	91	169	253	366	434	499	592	668	807	431.0
NM_001182721.1	83	164	249	347	419	521	651	669	780	431.44444444444446
NM_001178577.3	104	161	259	346	416	554	590	683	773	431.77777777777777
NM_001183480.1	84	182	274	349	479	510	598	666	745	431.8888888888889
NM_001184335.3	96	170	280	337	432	491	611	689	782	432.0
NM_001183077.1	73	172	263	323	435	498	620	731	774	432.1111111111111
NM_001183195.1	82	173	266	362	441	486	597	684	803	432.6666666666667
NM_001182629.1	92	183	266	327	464	483	601	705	786	434.1111111111111
NM_001183151.1	76	190	250	360	441	527	598	655	812	434.3333333333333
NM_001178893.3	70	177	274	330	460	547	596	667	789	434.44444444444446
NM_001180518.3	72	181	235	354	435	505	624	715	793	434.8888888888889
NM_001178570.3	98	179	259	357	454	512	593	694	770	435.1111111111111
NM_001181068.1	89	164	246	367	408	510	605	712	820	435.6666666666667
NM_001179634.1	78	165	266	333	452	529	613	676	817	436.55555555555554
NM_001182940.3	99	162	248	356	416	536	617	712	785	436.77777777777777
NM_001178703.1	89	167	264	337	429	523	634	691	799	437.0
NM_001179464.1	86	176	274	347	425	510	624	693	801	437.3333333333333
NM_001182116.1	100	179	259	342	432	507	634	710	774	437.44444444444446
NM_001178290.1	96	165	268	344	437	523	590	731	785	437.6666666666667
NM_001178276.1	100	194	258	349	438	523	590	689	799	437.77777777777777
NM_001182593.1	90	201	242	367	431	494	602	696	824	438.55555555555554
NM_001178170.2	86	186	265	338	439	537	613	721	766	439.0
NM_001180059.1	76	191	255	337	455	525	643	698	781	440.1111111111111
NM_001183998.1	98	177	256	330	428	537	631	694	810	440.1111111111111
NM_001179669.1	99	179	258	327	430	558	624	690	797	440.22222222222223
NM_001180617.1	71	182	270	325	459	515	620	719	804	440.55555555555554
NM_001182340.1	88	170	264	365	448	521	624	710	789	442.1111111111111
NM_001181849.1	73	165	263	345	433	563	645	682	813	442.44444444444446
NM_001182375.1	83	183	261	352	445	521	629	718	791	442.55555555555554
NM_001179004.1	85	178	262	376	442	537	613	705	791	443.22222222222223
NM_001183399.2	98	192	282	363	482	490	623	713	760	444.77777777777777
NM_001183150.1	80	181	257	357	455	542	627	706	805	445.55555555555554
NM_001178374.1	70	167	272	366	420	535	610	734	840	446.0
NM_001181530.1	73	174	271	355	436	550	610	727	823	446.55555555555554
NM_001179870.3	79	171	277	356	466	543	643	717	769	446.77777777777777
NM_001182805.1	90	172	266	349	451	568	631	691	809	447.44444444444446
NM_001183467.1	83	194	260	360	460	545	631	726	774	448.1111111111111
NM_001181854.1	84	168	262	377	451	537	624	732	805	448.8888888888889
NM_001270740.1	95	156	271	364	431	534	655	696	838	448.8888888888889
NM_001178778.1	92	181	255	360	441	575	625	707	806	449.1111111111111
NM_001183864.1	95	185	273	345	463	559	614	705	814	450.3333333333333
NM_001182832.1	93	184	279	355	446	563	630	714	797	451.22222222222223
NM_001182987.1	104	181	282	366	435	522	614	702	856	451.3333333333333
NM_001183713.1	91	153	280	337	455	556	609	736	851	452.0
NM_001179262.1	91	161	278	363	471	540	665	719	790	453.1111111111111
NM_001184328.3	73	182	260	370	452	589	637	703	812	453.1111111111111
NM_001183303.1	94	151	255	377	444	523	650	744	842	453.3333333333333
NM_001178837.1	89	166	317	376	430	539	618	744	801	453.3333333333333
NM_001178933.1	82	180	279	359	463	552	646	698	822	453.44444444444446
NM_001183941.1	97	185	230	376	462	520	642	757	815	453.77777777777777
NM_001180250.2	92	185	276	357	437	557	656	710	817	454.1111111111111
NM_001184286.1	94	180	256	371	434	534	643	744	835	454.55555555555554
NM_001179772.1	84	182	285	376	423	529	648	739	827	454.77777777777777
NM_001180685.3	82	203	265	370	426	540	629	759	822	455.1111111111111
NM_001180879.1	89	192	272	387	453	517	607	750	839	456.22222222222223
NM_001182309.3	83	183	278	357	444	569	607	766	824	456.77777777777777
NM_001179143.1	96	194	296	358	447	525	657	718	822	457.0
NM_001183194.3	90	168	282	356	460	567	626	749	820	457.55555555555554
NM_001181037.1	74	200	285	367	457	524	669	712	832	457.77777777777777
NM_001179383.1	102	185	275	344	460	570	617	726	847	458.44444444444446
NM_001179327.1	71	162	310	337	487	542	649	758	810	458.44444444444446
NM_001178499.1	92	173	286	402	456	539	645	703	836	459.1111111111111
NM_001180354.3	93	175	289	396	471	532	632	715	831	459.3333333333333
NM_001178241.1	103	194	279	357	487	526	646	734	811	459.6666666666667
NM_001178383.1	85	192	273	349	460	577	648	746	808	459.77777777777777
NM_001181821.1	85	194	289	366	465	533	647	739	827	460.55555555555554
NM_001180908.1	96	188	271	381	445	547	630	728	861	460.77777777777777
NM_001181730.3	87	177	258	376	494	568	631	733	827	461.22222222222223
NM_001178512.3	96	171	288	386	463	556	634	745	813	461.3333333333333
NM_001182163.1	79	195	296	378	424	559	679	736	806	461.3333333333333
NM_001179054.1	98	170	268	385	433	565	618	742	875	461.55555555555554
NM_001180105.1	89	199	275	352	480	550	654	719	838	461.77777777777777
NM_001178680.1	94	170	282	372	436	574	655	736	838	461.8888888888889
NM_001181578.1	101	176	289	386	461	552	631	731	833	462.22222222222223
NM_001179041.3	91	200	290	402	423	555	633	743	836	463.6666666666667
NM_001180468.1	96	191	266	366	449	578	655	732	841	463.77777777777777
NM_001182695.1	75	175	288	393	454	546	679	722	849	464.55555555555554
NM_001182951.1	85	166	270	360	484	560	678	733	848	464.8888888888889
NM_001179639.1	99	191	279	372	478	537	663	713	859	465.6666666666667
NM_001180428.3	101	215	282	378	453	545	648	737	846	467.22222222222223
NM_001184183.1	102	193	267	340	498	575	633	745	855	467.55555555555554
NM_001178319.1	91	189	266	414	449	585	646	728	840	467.55555555555554
NM_001179472.3	101	201	298	382	458	535	645	758	834	468.0
NM_001182926.3	104	184	288	386	470	533	656	728	868	468.55555555555554
NM_001183223.1	92	169	274	362	507	567	650	745	852	468.6666666666667
NM_001178459.1	101	200	285	379	422	572	673	723	863	468.6666666666667
NM_001184053.1	98	170	290	358	493	587	625	717	891	469.8888888888889
NM_001181315.1	107	186	284	366	500	553	642	736	859	470.3333333333333
NM_001184024.1	88	191	275	390	465	553	653	776	845	470.6666666666667
NM_001178892.1	88	186	284	371	496	563	696	747	806	470.77777777777777
NM_001178979.3	89	201	298	400	445	551	640	758	862	471.55555555555554
NM_001179193.1	101	166	291	373	494	556	655	758	851	471.6666666666667
NM_001181625.1	91	193	276	372	487	551	640	782	859	472.3333333333333
NM_001180866.1	97	186	300	383	448	580	636	756	868	472.6666666666667
NM_001178939.3	98	193	279	385	461	571	659	738	873	473.0
NM_001179573.1	101	185	266	371	484	560	668	777	845	473.0
NM_001179769.1	85	189	282	379	482	589	645	749	861	473.44444444444446
NM_001179612.1	95	188	302	373	430	557	707	765	858	475.0
NM_001183470.1	96	184	286	402	438	563	662	785	873	476.55555555555554
NM_001182000.1	98	197	253	353	486	581	683	772	866	476.55555555555554
NM_001182504.1	103	209	261	374	485	573	654	778	855	476.8888888888889
NM_001179967.1	93	192	296	381	459	585	655	779	854	477.1111111111111
NM_001181658.1	101	206	303	359	484	558	665	764	855	477.22222222222223
NM_001179038.3	99	196	286	373	497	560	665	739	888	478.1111111111111
NM_001180706.1	101	173	289	357	451	588	695	781	883	479.77777777777777
NM_001178553.3	92	200	273	379	481	597	653	791	853	479.8888888888889
NM_001181086.1	98	200	291	379	477	571	681	783	840	480.0
NM_001178595.3	83	211	312	364	467	559	659	768	903	480.6666666666667
NM_001183190.3	88	186	273	394	478	565	691	790	885	483.3333333333333
NM_001178382.1	108	201	280	398	497	582	661	754	871	483.55555555555554
NM_001182807.1	92	185	295	375	493	594	661	762	896	483.6666666666667
NM_001184080.1	125	184	307	388	504	567	693	757	832	484.1111111111111
NM_001178166.1	90	199	298	386	499	591	656	762	880	484.55555555555554
NM_001183543.3	112	188	289	370	497	571	667	791	883	485.3333333333333
NM_001179167.1	79	185	297	399	474	559	682	825	876	486.22222222222223
NM_001180680.1	102	178	278	372	499	603	683	778	885	486.44444444444446
NM_001182259.3	97	192	307	376	472	586	668	792	890	486.6666666666667
NM_001180785.3	113	186	267	384	528	601	648	770	887	487.1111111111111
NM_001179856.1	114	185	296	396	510	576	658	808	845	487.55555555555554
NM_001183595.3	78	172	302	384	494	576	701	823	858	487.55555555555554
NM_001183281.1	93	190	298	383	503	616	718	749	847	488.55555555555554
NM_001179336.1	104	196	305	387	492	580	692	770	887	490.3333333333333
NM_001183089.1	94	200	276	445	486	576	658	805	877	490.77777777777777
NM_001182226.1	99	205	300	391	509	571	680	794	871	491.1111111111111
NM_001178384.1	116	203	314	396	495	551	697	761	896	492.1111111111111
NM_001181550.1	97	231	286	360	484	628	639	797	908	492.22222222222223
NM_001178996.1	93	202	292	396	510	609	677	806	862	494.1111111111111
NM_001180457.1	98	220	305	371	483	612	678	800	882	494.3333333333333
NM_001181259.1	98	187	296	380	512	584	691	796	909	494.77777777777777
NM_001178715.1	115	205	287	387	500	596	672	805	887	494.8888888888889
NM_001178948.3	100	194	306	412	501	612	674	760	897	495.1111111111111
NM_001183433.1	99	207	293	409	504	574	664	774	934	495.3333333333333
NM_001181110.1	103	196	295	415	478	648	691	751	891	496.44444444444446
NM_001181921.2	112	185	288	410	509	620	693	777	874	496.44444444444446
NM_001178152.1	104	198	323	418	524	576	683	781	864	496.77777777777777
NM_001180881.1	104	189	339	403	499	600	676	825	856	499.0
NM_001180364.3	112	198	299	387	528	571	692	791	914	499.1111111111111
NM_001181316.3	111	213	297	403	503	574	697	802	897	499.6666666666667
NM_001180815.3	97	202	331	407	501	594	681	788	897	499.77777777777777
NM_001178363.1	113	203	322	405	491	592	712	795	876	501.0
NM_001178918.1	104	197	302	413	518	592	711	787	889	501.44444444444446
NM_001180643.1	109	203	302	420	502	609	705	789	888	503.0
NM_001183196.1	88	195	295	378	523	656	695	811	886	503.0
NM_001182467.1	98	194	335	414	497	596	711	790	892	503.0
NM_001181734.1	96	203	320	407	529	587	701	744	942	503.22222222222223
NM_001183583.3	102	196	300	397	533	590	705	797	912	503.55555555555554
NM_001179925.1	116	203	287	436	502	583	739	819	856	504.55555555555554
NM_001179776.1	89	204	293	411	510	602	729	815	898	505.6666666666667
NM_001181261.3	92	233	297	407	467	654	710	815	881	506.22222222222223
NM_001182560.1	85	206	318	398	468	607	731	811	934	506.44444444444446
NM_001178878.1	111	194	291	392	512	615	710	826	916	507.44444444444446
NM_001182527.1	118	198	294	402	502	587	694	833	940	507.55555555555554
NM_001181672.1	116	212	283	424	489	625	674	824	924	507.8888888888889
NM_001178922.1	104	190	325	407	458	617	749	809	916	508.3333333333333
NM_001182922.1	81	199	282	410	474	599	706	870	956	508.55555555555554
NM_001179424.1	115	194	332	413	554	589	692	801	899	509.8888888888889
NM_001180914.1	111	193	319	410	533	589	699	806	934	510.44444444444446
NM_001181749.3	106	206	295	399	498	620	765	793	915	510.77777777777777
NM_001183514.1	97	187	323	401	491	604	716	821	957	510.77777777777777
NM_001182883.1	88	198	276	412	508	631	725	830	938	511.77777777777777
NM_001178991.3	110	213	316	385	549	596	746	798	900	512.5555555555555
NM_001180336.1	92	206	315	429	494	596	739	825	919	512.7777777777778
NM_001179846.1	106	219	296	398	488	610	695	850	956	513.1111111111111
NM_001184077.1	115	199	283	419	488	593	736	860	933	514.0
NM_001182779.1	99	170	302	404	542	635	690	820	971	514.7777777777778
NM_001181056.1	112	212	303	408	514	589	731	783	987	515.4444444444445
NM_001181467.1	86	217	306	422	502	602	734	817	959	516.1111111111111
NM_001182082.1	94	204	320	425	503	607	714	832	954	517.0
NM_001179412.1	91	209	312	404	531	612	744	845	911	517.6666666666666
NM_001181130.3	89	202	297	415	535	634	735	841	913	517.8888888888889
NM_001181742.3	111	222	325	428	494	642	695	824	930	519.0
NM_001180117.1	99	202	330	413	465	625	718	837	984	519.2222222222222
NM_001181301.3	101	205	331	442	503	648	685	849	911	519.4444444444445
NM_001178730.1	92	214	334	400	512	636	743	841	904	519.5555555555555
NM_001184074.1	106	214	313	432	512	603	720	855	934	521.0
NM_001180162.1	108	220	323	423	535	608	720	833	922	521.3333333333334
NM_001183054.1	96	217	332	407	511	601	784	810	940	522.0
NM_001181576.1	103	197	300	411	522	606	753	857	957	522.8888888888889
NM_001180636.3	97	180	312	432	483	645	785	824	952	523.3333333333334
NM_001180472.1	99	215	338	410	509	595	750	834	971	524.5555555555555
NM_001180857.3	116	192	344	451	526	611	705	863	918	525.1111111111111
NM_001180942.1	109	211	331	406	534	624	715	849	951	525.5555555555555
NM_001180032.3	108	215	330	420	519	617	722	818	986	526.1111111111111
NM_001180063.1	96	189	303	448	522	643	726	847	965	526.5555555555555
NM_001183983.1	104	209	331	450	546	656	706	840	924	529.5555555555555
NM_001178397.1	109	224	307	433	543	648	740	819	948	530.1111111111111
NM_001182925.1	112	204	323	432	530	657	743	819	954	530.4444444444445
NM_001181320.1	126	186	305	412	541	631	748	864	964	530.7777777777778
NM_001182494.1	90	226	312	440	533	621	742	877	936	530.7777777777778
NM_001180119.1	100	235	310	443	561	638	722	830	947	531.7777777777778
NM_001183510.1	123	242	305	437	508	647	745	856	923	531.7777777777778
NM_001182630.1	90	231	358	395	504	638	729	879	967	532.3333333333334
NM_001180484.3	103	228	297	407	531	640	708	879	1000	532.5555555555555
NM_001181374.3	95	223	312	420	534	655	761	865	941	534.0
NM_001178596.3	85	216	356	420	558	671	748	810	948	534.6666666666666
NM_001178296.2	104	227	292	417	531	631	759	866	989	535.1111111111111
NM_001183626.1	131	210	327	422	546	634	764	832	957	535.8888888888889
NM_001182392.1	97	216	331	430	515	618	768	859	990	536.0
NM_001180688.3	106	253	299	442	545	640	749	854	943	536.7777777777778
NM_001179474.1	106	208	370	436	558	584	776	866	938	538.0
NM_001180382.1	108	238	326	428	560	652	738	844	974	540.8888888888889
NM_001180669.3	106	197	316	410	564	651	783	862	980	541.0
NM_001179388.3	114	222	320	441	542	632	773	856	970	541.1111111111111
NM_001179582.3	97	205	330	442	537	668	773	869	959	542.2222222222222
NM_001183145.1	120	219	323	432	533	655	744	836	1021	542.5555555555555
NM_001179872.3	116	242	334	446	551	630	774	870	946	545.4444444444445
NM_001184518.1	108	213	316	459	563	667	752	859	975	545.7777777777778
NM_001179605.1	91	220	336	452	530	644	747	889	1011	546.6666666666666
NM_001179590.3	112	218	300	498	536	699	744	847	969	547.0
NM_001178724.1	107	230	348	449	540	663	758	877	984	550.6666666666666
NM_001179874.3	98	223	322	445	560	657	766	888	1010	552.1111111111111
NM_001178507.1	118	219	347	439	534	669	765	893	987	552.3333333333334
NM_001182968.3	114	219	350	465	540	663	751	889	991	553.5555555555555
NM_001184226.1	116	230	328	450	542	682	767	905	975	555.0
NM_001180002.3	110	221	326	474	526	646	762	905	1028	555.3333333333334
NM_001180821.1	96	216	339	466	579	662	762	869	1010	555.4444444444445
NM_001181645.1	94	228	356	453	564	672	758	886	1001	556.8888888888889
NM_001181783.1	104	247	341	443	533	666	753	915	1013	557.2222222222222
NM_001181155.3	114	235	318	430	579	629	790	918	1006	557.6666666666666
NM_001182276.1	108	209	316	474	546	682	782	895	1011	558.1111111111111
NM_001183505.1	121	231	333	454	587	675	777	863	988	558.7777777777778
NM_001181896.1	110	232	325	443	557	659	802	899	1004	559.0
NM_001183760.1	107	237	314	471	540	697	796	859	1015	559.5555555555555
NM_001180129.1	108	217	354	465	536	694	810	867	1013	562.6666666666666
NM_001182286.3	110	223	333	467	568	635	825	896	1023	564.4444444444445
NM_001181274.2	111	244	329	450	583	678	775	902	1013	565.0
NM_001183504.1	123	241	350	474	545	697	757	908	997	565.7777777777778
NM_001183346.1	108	225	357	426	556	689	804	893	1034	565.7777777777778
NM_001180191.1	104	190	352	445	562	701	776	954	1015	566.5555555555555
NM_001182609.1	122	241	321	464	558	669	805	882	1053	568.3333333333334
NM_001181313.1	107	250	325	465	582	698	762	903	1024	568.4444444444445
NM_001182956.1	108	233	364	485	555	670	820	907	1016	573.1111111111111
NM_001348887.1	96	237	327	470	560	719	788	900	1062	573.2222222222222
NM_001180131.1	116	212	344	439	622	680	804	923	1021	573.4444444444445
NM_001178216.1	118	241	328	399	576	712	824	941	1023	573.5555555555555
NM_001179426.1	113	231	334	441	589	698	809	920	1031	574.0
NM_001179651.1	120	238	319	489	595	688	776	904	1037	574.0
NM_001183584.1	119	233	343	436	611	712	797	913	1016	575.5555555555555
NM_001178525.3	122	228	324	436	588	724	819	896	1047	576.0
NM_001183892.1	114	236	322	478	600	680	841	913	1015	577.6666666666666
NM_001184121.1	122	229	336	455	582	686	805	933	1055	578.1111111111111
NM_001178436.1	114	232	356	445	583	687	822	949	1026	579.3333333333334
NM_001178862.3	121	209	351	467	608	686	781	962	1048	581.4444444444445
NM_001184288.1	102	234	365	468	578	697	806	923	1061	581.5555555555555
NM_001181976.1	126	243	350	451	569	713	844	928	1021	582.7777777777778
NM_001180171.1	131	208	338	481	527	736	844	953	1057	586.1111111111111
NM_001179204.1	128	247	363	461	608	666	802	938	1067	586.6666666666666
NM_001182287.1	113	218	368	462	563	669	841	964	1083	586.7777777777778
NM_001181619.2	121	242	370	485	600	693	787	935	1075	589.7777777777778
NM_001180606.1	127	235	381	478	558	690	834	969	1038	590.0
NM_001180540.1	125	231	340	491	617	700	818	929	1059	590.0
NM_001184049.1	102	215	355	503	582	730	835	954	1054	592.2222222222222
NM_001179263.1	118	282	354	467	609	683	786	981	1052	592.4444444444445
NM_001180905.1	132	242	348	475	622	711	804	949	1056	593.2222222222222
NM_001184057.1	124	239	372	472	594	746	805	935	1054	593.4444444444445
NM_001181581.1	142	214	378	466	648	706	858	949	1025	598.4444444444445
NM_001183949.1	121	243	352	477	609	702	847	949	1102	600.2222222222222
NM_001178272.1	103	235	375	496	576	711	859	960	1097	601.3333333333334
NM_001178449.3	125	228	363	445	569	715	876	1011	1081	601.4444444444445
NM_001180987.3	106	255	334	500	638	765	805	955	1057	601.6666666666666
NM_001183138.1	113	227	355	533	609	691	823	972	1093	601.7777777777778
NM_001178955.1	127	244	332	478	601	705	829	1029	1084	603.2222222222222
NM_001180348.1	115	238	387	461	621	728	846	969	1067	603.5555555555555
NM_001179559.1	117	239	357	432	623	719	875	976	1095	603.6666666666666
NM_001181265.1	110	256	363	479	598	745	889	949	1063	605.7777777777778
NM_001178386.1	118	242	355	478	612	759	857	960	1071	605.7777777777778
NM_001178971.1	132	243	374	477	634	724	834	965	1073	606.2222222222222
NM_001179485.1	123	219	344	505	618	737	855	973	1089	607.0
NM_001179195.1	101	250	348	483	626	720	842	961	1135	607.3333333333334
NM_001184160.1	115	232	369	494	586	752	825	960	1136	607.6666666666666
NM_001178873.1	109	227	378	487	582	741	839	966	1146	608.3333333333334
NM_001180572.1	142	240	373	486	596	720	878	943	1103	609.0
NM_001180021.1	128	256	355	502	604	692	855	973	1121	609.5555555555555
NM_001182224.1	122	239	380	529	626	766	823	933	1071	609.8888888888889
NM_001183900.1	115	233	372	470	581	753	882	965	1125	610.6666666666666
NM_001178535.1	127	244	355	492	603	727	869	960	1120	610.7777777777778
NM_001181987.1	132	266	359	474	613	760	845	1010	1051	612.2222222222222
NM_001183146.1	127	236	389	504	610	738	793	991	1132	613.3333333333334
NM_001180673.1	94	249	388	490	642	735	827	991	1105	613.4444444444445
NM_001180707.3	135	239	366	511	626	758	816	997	1079	614.1111111111111
NM_001180502.1	123	229	366	514	605	723	865	992	1114	614.5555555555555
NM_001181252.3	124	242	377	474	636	731	882	971	1110	616.3333333333334
NM_001183877.1	139	268	345	496	616	720	884	1006	1084	617.5555555555555
NM_001182884.1	128	229	386	511	618	719	843	1007	1119	617.7777777777778
NM_001180892.1	115	246	370	493	610	769	835	1025	1116	619.8888888888889
NM_001183013.2	120	239	352	525	618	716	943	948	1122	620.3333333333334
NM_001182523.1	118	222	388	499	610	737	910	986	1120	621.1111111111111
NM_001178211.1	137	266	351	523	629	730	860	949	1146	621.2222222222222
NM_001181584.1	130	254	372	477	602	770	885	982	1139	623.4444444444445
NM_001182992.1	121	245	355	509	623	785	855	997	1122	623.5555555555555
NM_001178769.1	118	250	353	506	642	760	892	975	1117	623.6666666666666
NM_001179633.1	120	241	363	471	618	756	899	1022	1129	624.3333333333334
NM_001179083.1	143	265	347	523	648	707	874	985	1134	625.1111111111111
NM_001181360.1	131	283	373	518	633	774	815	961	1145	625.8888888888889
NM_001183691.3	120	246	380	478	622	773	857	1024	1136	626.2222222222222
NM_001181673.3	117	246	369	530	614	753	911	1000	1107	627.4444444444445
NM_001179347.3	132	247	355	515	624	721	859	1013	1189	628.3333333333334
NM_001182016.1	149	240	407	515	662	755	878	973	1106	631.6666666666666
NM_001180137.1	131	271	390	515	625	749	906	986	1118	632.3333333333334
NM_001181212.1	133	248	400	499	629	754	893	1019	1135	634.4444444444445
NM_001182579.1	125	282	398	501	580	759	881	1012	1176	634.8888888888889
NM_001182591.1	125	287	387	513	626	767	871	1025	1122	635.8888888888889
NM_001183690.1	149	221	403	540	641	740	894	1014	1131	637.0
NM_001184210.1	142	236	397	532	639	776	896	1010	1105	637.0
NM_001182308.1	132	234	394	498	656	796	888	999	1145	638.0
NM_001182410.1	126	253	417	514	629	768	937	976	1130	638.8888888888889
NM_001181607.1	146	251	384	502	614	777	888	1013	1180	639.4444444444445
NM_001184438.1	123	277	335	518	657	789	852	1046	1170	640.7777777777778
NM_001182452.1	147	286	380	498	642	781	907	1008	1160	645.4444444444445
NM_001181257.3	141	252	410	525	632	788	847	1061	1158	646.0
NM_001179046.3	136	271	344	540	651	785	915	1008	1169	646.5555555555555
NM_001180542.3	136	268	381	525	687	767	928	1027	1131	650.0
NM_001180632.3	121	249	409	526	661	775	885	1051	1181	650.8888888888889
NM_001181904.1	151	257	413	530	656	791	877	1040	1144	651.0
NM_001182493.1	152	249	396	545	686	775	899	984	1174	651.1111111111111
NM_001182487.1	149	283	372	511	630	756	924	1047	1197	652.1111111111111
NM_001182109.1	121	286	409	552	622	754	946	1000	1181	652.3333333333334
NM_001179580.3	136	274	369	565	669	770	909	1012	1183	654.1111111111111
NM_001182744.1	136	253	356	520	648	806	911	1085	1174	654.3333333333334
NM_001178291.1	106	267	382	539	652	818	916	1060	1160	655.5555555555555
NM_001181473.1	135	236	376	522	651	801	919	1050	1210	655.5555555555555
NM_001183679.1	146	227	394	515	645	836	886	1058	1199	656.2222222222222
NM_001183528.3	155	253	382	538	692	778	898	1050	1163	656.5555555555555
NM_001180208.1	104	261	397	495	679	761	937	1099	1185	657.5555555555555
NM_001180272.1	125	257	389	545	651	787	923	1044	1199	657.7777777777778
NM_001182651.1	125	285	416	523	636	771	935	1057	1174	658.0
NM_001182825.1	123	273	401	506	685	775	932	1022	1205	658.0
NM_001183823.1	138	250	388	529	664	789	903	1071	1212	660.4444444444445
NM_001178790.1	117	269	405	502	638	802	934	1087	1191	660.5555555555555
NM_001181032.1	149	259	361	531	627	826	907	1076	1211	660.7777777777778
NM_001178331.2	134	248	380	510	680	814	912	1069	1207	661.5555555555555
NM_001181841.1	135	267	414	504	648	773	940	1073	1211	662.7777777777778
NM_001179229.1	161	274	387	520	650	804	909	1069	1201	663.8888888888889
NM_001183625.3	130	284	397	506	646	828	918	1080	1190	664.3333333333334
NM_001180962.1	143	264	387	525	709	795	890	1075	1196	664.8888888888889
NM_001182544.1	126	286	402	541	646	804	963	1050	1172	665.5555555555555
NM_001180409.1	115	271	418	538	656	821	909	1088	1179	666.1111111111111
NM_001183440.1	148	266	416	520	642	806	901	1090	1216	667.2222222222222
NM_001179959.1	122	282	365	547	678	816	953	1080	1163	667.3333333333334
NM_001183564.1	134	271	429	520	670	813	900	1081	1199	668.5555555555555
NM_001179708.1	156	269	420	514	647	808	936	1048	1225	669.2222222222222
NM_001182899.3	147	225	435	529	659	845	959	1027	1209	670.5555555555555
NM_001182356.1	126	251	371	542	696	832	957	1063	1206	671.5555555555555
NM_001184149.1	111	272	382	555	661	836	928	1067	1242	672.6666666666666
NM_001184004.1	127	301	439	483	674	788	943	1106	1214	675.0
NM_001183547.3	135	300	405	531	658	787	966	1112	1185	675.4444444444445
NM_001179861.3	148	295	424	522	666	791	911	1115	1208	675.5555555555555
NM_001179919.1	150	264	371	537	653	825	945	1085	1256	676.2222222222222
NM_001180919.1	147	241	414	535	693	818	910	1111	1218	676.3333333333334
NM_001181775.1	139	294	394	559	645	781	966	1097	1219	677.1111111111111
NM_001183119.1	138	266	402	598	661	843	923	1060	1210	677.8888888888889
NM_001183517.1	131	283	380	526	717	825	946	1050	1245	678.1111111111111
NM_001181329.3	143	281	430	546	658	775	973	1086	1231	680.3333333333334
NM_001180902.3	144	288	431	539	687	821	933	1109	1176	680.8888888888889
NM_001180296.1	131	267	416	531	682	814	946	1120	1232	682.1111111111111
NM_001182689.1	134	284	402	547	685	819	971	1104	1205	683.4444444444445
NM_001180406.4	133	271	396	568	686	795	962	1113	1234	684.2222222222222
NM_001182570.1	127	274	425	494	658	849	1009	1113	1217	685.1111111111111
NM_001180455.3	132	278	427	532	681	849	953	1094	1232	686.4444444444445
NM_001179692.1	145	284	425	527	695	830	948	1104	1221	686.5555555555555
NM_001183405.1	133	267	422	539	690	832	972	1108	1225	687.5555555555555
NM_001182722.1	132	272	418	572	668	833	959	1103	1233	687.7777777777778
NM_001178870.1	125	259	416	562	714	818	942	1104	1262	689.1111111111111
NM_001178502.1	139	269	395	528	742	826	990	1083	1245	690.7777777777778
NM_001179871.1	136	275	429	533	724	832	956	1139	1226	694.4444444444445
NM_001183857.1	146	260	435	556	715	833	952	1129	1226	694.6666666666666
NM_001184525.1	148	294	404	566	682	818	959	1125	1265	695.6666666666666
NM_001180957.1	129	283	389	535	729	858	950	1124	1266	695.8888888888889
NM_001180795.1	161	264	433	557	679	824	998	1082	1275	697.0
NM_001179016.1	141	299	397	513	736	849	990	1092	1258	697.2222222222222
NM_001184284.1	123	295	413	539	652	878	985	1127	1285	699.6666666666666
NM_001179138.1	136	238	428	609	672	831	1007	1141	1250	701.3333333333334
NM_001180370.1	129	303	387	584	690	853	986	1125	1257	701.5555555555555
NM_001184025.1	121	284	418	586	687	828	1000	1141	1254	702.1111111111111
NM_001184209.1	141	292	389	559	682	838	996	1162	1265	702.6666666666666
NM_001182297.3	138	289	427	570	678	864	994	1124	1242	702.8888888888889
NM_001182626.1	160	314	430	589	652	844	972	1125	1260	705.1111111111111
NM_001180090.2	145	298	437	563	741	848	964	1098	1253	705.2222222222222
NM_001184215.1	127	267	437	562	694	824	987	1131	1344	708.1111111111111
NM_001179182.1	152	273	422	564	694	860	997	1155	1277	710.4444444444445
NM_001178786.2	146	256	477	579	714	832	964	1114	1316	710.8888888888889
NM_001178828.3	131	287	423	542	691	871	998	1133	1330	711.7777777777778
NM_001183977.1	143	301	422	593	738	813	1004	1116	1276	711.7777777777778
NM_001178365.1	149	270	425	592	677	851	1007	1146	1295	712.4444444444445
NM_001178903.1	151	281	438	542	692	838	1019	1169	1285	712.7777777777778
NM_001182337.3	145	307	450	598	700	861	985	1115	1254	712.7777777777778
NM_001181389.1	156	303	428	580	734	867	986	1121	1243	713.1111111111111
NM_001183295.1	135	310	404	586	709	895	1009	1120	1251	713.2222222222222
NM_001183314.1	157	275	433	575	723	820	989	1170	1290	714.6666666666666
NM_001182809.1	143	276	419	570	732	841	1013	1167	1275	715.1111111111111
NM_001182144.1	137	289	440	572	752	854	990	1143	1269	716.2222222222222
NM_001183230.1	118	302	410	587	701	888	974	1172	1303	717.2222222222222
NM_001183704.1	122	308	442	570	720	854	1023	1157	1262	717.5555555555555
NM_001179808.1	149	282	411	599	694	866	1009	1131	1328	718.7777777777778
NM_001183275.1	125	284	425	607	751	874	979	1177	1263	720.5555555555555
NM_001184159.1	131	280	420	587	722	873	989	1177	1311	721.1111111111111
NM_001178660.1	144	276	440	562	722	869	1013	1136	1338	722.2222222222222
NM_001180346.3	135	287	464	553	729	879	988	1168	1300	722.5555555555555
NM_001182059.1	172	294	458	597	702	880	936	1146	1328	723.6666666666666
NM_001181219.3	145	279	412	565	741	906	999	1133	1339	724.3333333333334
NM_001182826.1	158	281	452	584	709	872	979	1167	1319	724.5555555555555
NM_001181143.3	130	289	422	567	667	907	1044	1170	1337	725.8888888888889
NM_001179971.1	131	281	462	596	717	875	1034	1139	1303	726.4444444444445
NM_001178582.1	142	298	469	601	719	853	1016	1159	1287	727.1111111111111
NM_001182298.1	121	317	447	600	681	857	1003	1151	1373	727.7777777777778
NM_001179774.1	137	318	436	597	714	873	1009	1144	1324	728.0
NM_001179045.3	158	279	422	598	708	903	997	1172	1331	729.7777777777778
NM_001180964.3	138	286	449	611	741	825	1030	1173	1315	729.7777777777778
NM_001179762.1	151	308	432	560	729	865	1037	1161	1337	731.1111111111111
NM_001181509.1	156	296	454	568	723	913	974	1155	1341	731.1111111111111
NM_001180031.1	138	306	467	580	696	916	1044	1157	1291	732.7777777777778
NM_001183662.1	145	293	474	587	746	851	1015	1166	1322	733.2222222222222
NM_001178593.1	151	307	431	608	763	880	1031	1199	1264	737.1111111111111
NM_001183527.1	133	278	456	575	773	888	1050	1177	1304	737.1111111111111
NM_001178434.1	155	286	444	607	753	887	1028	1157	1334	739.0
NM_001178497.3	160	307	450	567	716	922	981	1236	1324	740.3333333333334
NM_001181302.1	154	275	430	589	762	911	1028	1168	1349	740.6666666666666
NM_001182511.1	132	297	482	604	730	893	1034	1179	1325	741.7777777777778
NM_001179556.3	138	286	417	583	775	883	1040	1178	1378	742.0
NM_001182465.1	134	303	480	611	718	898	1016	1154	1365	742.1111111111111
NM_001183292.1	157	289	451	598	727	895	1032	1222	1310	742.3333333333334
NM_001181264.3	172	308	438	562	770	863	1024	1219	1326	742.4444444444445
NM_001180481.1	186	300	463	544	789	875	1014	1190	1328	743.2222222222222
NM_001180268.1	146	287	442	611	746	948	997	1159	1366	744.6666666666666
NM_001180347.3	143	294	469	569	756	902	1032	1204	1346	746.1111111111111
NM_001179331.3	181	317	459	565	737	873	1064	1234	1288	746.4444444444445
NM_001182804.1	153	305	461	595	744	899	988	1171	1402	746.4444444444445
NM_001181413.3	141	294	430	604	747	914	1078	1190	1330	747.5555555555555
NM_001178281.1	134	294	471	585	752	875	1091	1215	1348	751.6666666666666
NM_001178816.1	141	294	470	624	728	880	1048	1232	1364	753.4444444444445
NM_001182758.1	143	283	448	627	734	910	1057	1211	1376	754.3333333333334
NM_001182326.1	132	293	459	620	778	889	1076	1203	1343	754.7777777777778
NM_001179575.1	146	314	441	645	743	893	1047	1228	1372	758.7777777777778
NM_001180692.1	132	343	455	582	775	936	1092	1174	1360	761.0
NM_001182748.1	112	298	456	612	752	954	1081	1206	1386	761.8888888888889
NM_001180654.3	170	319	442	616	733	917	1089	1224	1355	762.7777777777778
NM_001179380.3	162	296	478	612	796	867	1051	1202	1406	763.3333333333334
NM_001182405.1	204	334	410	642	751	909	1041	1244	1374	767.6666666666666
NM_001183535.1	163	300	439	621	744	952	1048	1262	1386	768.3333333333334
NM_001179301.1	158	290	437	618	773	927	1128	1237	1355	769.2222222222222
NM_001181427.1	134	325	485	625	741	905	1107	1223	1379	769.3333333333334
NM_001181828.1	157	301	447	646	715	920	1110	1256	1385	770.7777777777778
NM_001178285.1	159	316	410	618	784	937	1104	1223	1397	772.0
NM_001181604.2	161	318	458	660	805	877	1071	1231	1375	772.8888888888889
NM_001179956.1	148	344	430	625	776	905	1084	1259	1392	773.6666666666666
NM_001180427.1	159	294	499	607	756	941	1089	1227	1397	774.3333333333334
NM_001183212.1	155	315	476	613	752	966	1073	1255	1390	777.2222222222222
NM_001178985.3	153	300	460	618	786	925	1118	1242	1402	778.2222222222222
NM_001182742.1	156	304	468	625	770	981	1085	1242	1417	783.1111111111111
NM_001178187.1	185	321	467	630	786	914	1084	1239	1427	783.6666666666666
NM_001182768.1	174	338	517	605	766	892	1106	1241	1432	785.6666666666666
NM_001179473.1	171	320	454	635	773	964	1100	1258	1396	785.6666666666666
NM_001178940.1	148	332	498	624	733	958	1125	1252	1428	788.6666666666666
NM_001181149.1	166	308	454	619	777	950	1143	1253	1444	790.4444444444445
NM_001182369.1	144	289	486	638	802	935	1104	1281	1444	791.4444444444445
NM_001179267.1	153	317	484	643	791	924	1093	1305	1420	792.2222222222222
NM_001183658.6	140	320	485	630	804	964	1127	1256	1419	793.8888888888889
NM_001180033.1	167	307	471	624	797	911	1160	1285	1425	794.1111111111111
NM_001183824.1	160	348	469	635	773	968	1133	1266	1395	794.1111111111111
NM_001179463.1	161	350	465	652	770	926	1107	1251	1467	794.3333333333334
NM_001180769.3	164	324	454	593	773	999	1119	1275	1463	796.0
NM_001181629.1	173	336	455	624	810	914	1171	1254	1431	796.4444444444445
NM_001183643.1	164	320	474	605	827	962	1135	1310	1384	797.8888888888889
NM_001183160.1	174	303	475	671	789	999	1097	1284	1409	800.1111111111111
NM_001182083.1	173	353	449	647	780	974	1074	1299	1455	800.4444444444445
NM_001182936.1	183	334	466	639	803	946	1099	1263	1478	801.2222222222222
NM_001180805.1	167	301	462	638	812	973	1132	1298	1434	801.8888888888889
NM_001181868.1	167	333	458	603	811	950	1148	1275	1480	802.7777777777778
NM_001180810.3	158	332	463	636	813	940	1112	1283	1500	804.1111111111111
NM_001178875.1	148	302	486	642	750	985	1167	1310	1452	804.6666666666666
NM_001182488.1	184	341	499	605	822	953	1124	1305	1409	804.6666666666666
NM_001178857.1	163	296	467	648	806	1000	1150	1288	1427	805.0
NM_001182750.1	151	337	500	633	834	946	1120	1275	1464	806.6666666666666
NM_001182841.3	167	337	485	653	770	944	1151	1331	1428	807.3333333333334
NM_001180696.1	160	321	478	654	791	981	1087	1313	1485	807.7777777777778
NM_001184031.1	146	332	488	654	783	976	1124	1297	1485	809.4444444444445
NM_001183651.3	171	338	494	667	775	970	1143	1289	1438	809.4444444444445
NM_001179534.1	155	342	474	674	780	989	1122	1291	1472	811.0
NM_001181104.1	170	298	449	673	846	935	1221	1290	1433	812.7777777777778
NM_001180651.1	144	307	498	622	795	1029	1136	1282	1513	814.0
NM_001183397.1	165	301	482	656	822	984	1135	1322	1500	818.5555555555555
NM_001184076.1	162	313	483	646	863	990	1162	1313	1437	818.7777777777778
NM_001179228.1	175	351	493	689	847	976	1133	1245	1464	819.2222222222222
NM_001179738.1	178	328	456	636	791	1012	1194	1304	1477	819.5555555555555
NM_001179148.1	170	330	488	638	821	952	1174	1299	1510	820.2222222222222
NM_001180343.3	159	325	478	661	831	961	1141	1332	1512	822.2222222222222
NM_001181296.3	164	290	507	673	873	1005	1138	1310	1441	822.3333333333334
NM_001181860.1	165	325	494	630	809	1013	1185	1288	1507	824.0
NM_001180207.1	144	325	485	638	843	1021	1163	1297	1501	824.1111111111111
NM_001180650.3	146	313	502	634	806	1049	1145	1298	1543	826.2222222222222
NM_001182632.1	151	333	513	642	851	1004	1129	1367	1450	826.6666666666666
NM_001179595.1	148	336	445	695	818	966	1172	1341	1523	827.1111111111111
NM_001182543.1	170	350	507	653	864	985	1168	1293	1454	827.1111111111111
NM_001182542.2	169	349	507	650	869	980	1169	1298	1454	827.2222222222222
NM_001179110.1	167	346	498	665	813	957	1198	1348	1478	830.0
NM_001183628.1	162	339	490	670	853	1018	1135	1355	1474	832.8888888888889
NM_001183518.1	191	336	474	628	790	1044	1171	1359	1505	833.1111111111111
NM_001180735.3	185	312	495	666	828	996	1164	1350	1508	833.7777777777778
NM_001181915.1	160	366	482	682	817	987	1190	1331	1493	834.2222222222222
NM_001179961.1	181	337	480	691	825	989	1170	1342	1499	834.8888888888889
NM_001180498.1	164	319	519	665	846	1011	1165	1336	1490	835.0
NM_001180088.1	147	313	460	692	839	986	1182	1386	1516	835.6666666666666
NM_001183139.1	152	368	521	649	815	993	1177	1328	1536	837.6666666666666
NM_001178664.1	174	327	540	673	851	998	1179	1343	1470	839.4444444444445
NM_001182599.1	158	321	492	660	874	1010	1177	1355	1511	839.7777777777778
NM_001181454.1	166	349	472	718	855	1034	1151	1310	1515	841.1111111111111
NM_001184315.1	147	346	501	662	868	1012	1196	1346	1493	841.2222222222222
NM_001180612.3	189	346	509	621	883	1002	1181	1338	1511	842.2222222222222
NM_001180016.3	149	348	512	667	859	1040	1173	1349	1521	846.4444444444445
NM_001181705.3	172	350	514	632	874	1060	1164	1361	1504	847.8888888888889
NM_001180363.1	167	363	476	663	903	1037	1150	1387	1499	849.4444444444445
NM_001179750.1	164	309	521	692	850	1007	1220	1380	1519	851.3333333333334
NM_001180110.1	182	373	522	681	837	1021	1191	1370	1488	851.6666666666666
NM_001182445.1	185	346	539	657	860	1042	1166	1338	1536	852.1111111111111
NM_001179026.1	186	357	503	711	849	1010	1202	1384	1471	852.5555555555555
NM_001178698.1	176	347	558	657	862	1012	1195	1371	1513	854.5555555555555
NM_001182535.1	155	352	489	732	846	1036	1190	1367	1528	855.0
NM_001183561.3	161	332	513	695	837	1007	1160	1396	1600	855.6666666666666
NM_001183198.3	180	348	534	670	817	1053	1250	1402	1512	862.8888888888889
NM_001178566.1	172	341	535	722	889	1054	1166	1376	1511	862.8888888888889
NM_001180765.3	169	319	543	710	851	1050	1217	1356	1576	865.6666666666666
NM_001179723.2	189	353	518	652	865	1107	1169	1409	1561	869.2222222222222
NM_001184079.1	165	382	536	711	849	1091	1181	1344	1587	871.7777777777778
NM_001180017.1	155	316	531	690	890	1022	1258	1406	1591	873.2222222222222
NM_001179643.1	173	351	498	677	854	1116	1223	1368	1609	874.3333333333334
NM_001183931.1	178	331	520	729	882	1092	1193	1409	1559	877.0
NM_001179293.1	179	351	500	742	875	1044	1200	1428	1579	877.5555555555555
NM_001183352.1	193	343	528	686	870	1017	1260	1429	1576	878.0
NM_001180676.1	170	349	524	723	920	1062	1226	1394	1544	879.1111111111111
NM_001184205.1	168	316	548	677	852	1070	1245	1423	1619	879.7777777777778
NM_001180566.3	166	377	550	719	920	1044	1261	1393	1515	882.7777777777778
NM_001183907.1	192	377	533	693	880	1055	1246	1408	1587	885.6666666666666
NM_001180099.1	169	344	526	681	878	1127	1232	1430	1590	886.3333333333334
NM_001183331.2	165	362	530	702	891	1056	1268	1423	1589	887.3333333333334
NM_001179365.1	168	353	541	706	882	1057	1263	1420	1613	889.2222222222222
NM_001180971.1	179	366	504	709	889	1085	1293	1426	1571	891.3333333333334
NM_001180804.1	202	372	517	703	860	1090	1259	1431	1600	892.6666666666666
NM_001182428.1	164	344	527	711	867	1085	1288	1426	1636	894.2222222222222
NM_001180601.1	191	318	585	685	900	1070	1245	1443	1637	897.1111111111111
NM_001183680.3	169	363	555	716	908	1078	1259	1417	1610	897.2222222222222
NM_001182429.1	168	377	542	757	900	1051	1206	1459	1641	900.1111111111111
NM_001180522.3	169	335	547	715	886	1044	1312	1487	1609	900.4444444444445
NM_001182876.1	175	347	544	730	966	1010	1276	1440	1641	903.2222222222222
NM_001178428.3	193	367	550	715	910	1087	1287	1417	1605	903.4444444444445
NM_001183316.1	207	369	524	705	897	1086	1252	1506	1609	906.1111111111111
NM_001180379.1	173	333	560	744	918	1114	1226	1477	1613	906.4444444444445
NM_001183737.3	156	353	554	707	938	1093	1237	1464	1663	907.2222222222222
NM_001183178.1	191	354	516	700	908	1142	1287	1417	1656	907.8888888888889
NM_001183258.1	171	361	582	731	930	1055	1278	1423	1640	907.8888888888889
NM_001180286.1	187	376	542	753	875	1067	1315	1475	1599	909.8888888888889
NM_001184048.1	160	389	576	759	938	1088	1224	1413	1664	912.3333333333334
NM_001180340.1	156	372	506	730	911	1111	1300	1492	1643	913.4444444444445
NM_001179224.1	180	381	561	709	943	1072	1298	1488	1616	916.4444444444445
NM_001182451.1	190	372	519	712	958	1097	1314	1482	1624	918.6666666666666
NM_001178673.1	187	377	573	719	889	1145	1274	1444	1663	919.0
NM_001181554.1	172	368	552	706	935	1102	1273	1466	1700	919.3333333333334
NM_001183106.1	192	359	545	719	891	1193	1316	1447	1627	921.0
NM_001181650.1	167	381	593	745	945	1050	1245	1511	1698	926.1111111111111
NM_001180818.1	143	382	565	744	978	1084	1280	1484	1692	928.0
NM_001180943.3	201	355	556	744	924	1088	1322	1488	1704	931.3333333333334
NM_001179975.1	203	410	570	708	944	1125	1329	1488	1646	935.8888888888889
NM_001181511.1	209	376	543	710	929	1133	1348	1515	1660	935.8888888888889
NM_001183925.1	185	354	573	758	964	1142	1278	1486	1701	937.8888888888889
NM_001182592.1	178	353	545	765	951	1151	1287	1536	1693	939.8888888888889
NM_001181970.1	179	346	558	714	988	1180	1303	1544	1655	940.7777777777778
NM_001180913.1	203	381	581	755	974	1166	1279	1472	1660	941.2222222222222
NM_001181307.3	198	406	545	737	979	1168	1298	1461	1683	941.6666666666666
NM_001178244.1	217	368	560	778	931	1139	1353	1475	1670	943.4444444444445
NM_001184039.1	180	395	549	765	928	1161	1316	1543	1666	944.7777777777778
NM_001179156.1	189	340	543	754	982	1130	1334	1501	1735	945.3333333333334
NM_001178701.1	207	358	589	755	894	1175	1350	1531	1661	946.6666666666666
NM_001180394.1	182	395	544	739	970	1133	1376	1496	1711	949.5555555555555
NM_001179277.1	217	419	553	756	955	1113	1357	1500	1685	950.5555555555555
NM_001181286.1	212	389	555	756	965	1083	1295	1562	1754	952.3333333333334
NM_001180927.1	190	361	569	774	960	1185	1296	1533	1738	956.2222222222222
NM_001178717.1	213	335	588	794	931	1154	1328	1553	1711	956.3333333333334
NM_001184256.1	191	391	629	771	926	1178	1329	1497	1709	957.8888888888889
NM_001183086.1	170	385	570	795	986	1131	1379	1519	1702	959.6666666666666
NM_001183081.2	195	360	608	755	968	1206	1331	1535	1705	962.5555555555555
NM_001180865.3	183	406	607	770	967	1173	1300	1527	1733	962.8888888888889
NM_001182961.1	183	389	595	768	1005	1141	1343	1526	1721	963.4444444444445
NM_001180519.3	176	389	579	771	967	1144	1377	1564	1758	969.4444444444445
NM_001178917.3	185	368	621	765	941	1175	1431	1562	1680	969.7777777777778
NM_001179969.1	224	410	572	772	957	1155	1399	1574	1711	974.8888888888889
NM_001179258.1	199	388	558	810	996	1154	1400	1556	1714	975.0
NM_001178748.1	191	394	591	763	992	1152	1365	1595	1741	976.0
NM_001180791.1	201	423	562	775	940	1213	1392	1540	1739	976.1111111111111
NM_001178685.1	188	385	549	759	1008	1172	1395	1557	1775	976.4444444444445
NM_001184339.1	220	397	611	766	984	1169	1389	1553	1713	978.0
NM_001179442.1	193	394	590	792	951	1189	1408	1563	1746	980.6666666666666
NM_001178189.1	209	379	585	765	1028	1149	1399	1586	1745	982.7777777777778
NM_001181065.3	193	389	552	815	1003	1150	1380	1530	1849	984.5555555555555
NM_001179238.1	192	393	592	795	979	1227	1407	1593	1690	985.3333333333334
NM_001179670.1	199	398	551	804	1030	1129	1378	1526	1898	990.3333333333334
NM_001181184.1	195	423	602	782	984	1209	1338	1627	1757	990.7777777777778
NM_001183794.1	242	388	608	795	955	1178	1396	1565	1814	993.4444444444445
NM_001183940.1	199	377	594	771	973	1217	1388	1586	1838	993.6666666666666
NM_001183959.1	193	389	616	797	971	1198	1417	1602	1784	996.3333333333334
NM_001182359.1	205	421	579	808	1001	1173	1428	1568	1804	998.5555555555555
NM_001181382.1	204	388	584	800	990	1205	1387	1625	1831	1001.5555555555555
NM_001181664.3	195	416	610	803	1022	1162	1429	1605	1789	1003.4444444444445
NM_001183408.1	212	404	615	789	974	1247	1432	1570	1808	1005.6666666666666
NM_001183616.3	239	402	604	807	1011	1241	1365	1569	1816	1006.0
NM_001182969.1	222	396	640	765	1040	1208	1364	1611	1826	1008.0
NM_001180475.1	212	428	613	807	1053	1191	1423	1548	1822	1010.7777777777778
NM_001180368.3	230	387	648	836	1023	1174	1406	1626	1785	1012.7777777777778
NM_001182380.1	228	401	623	804	1039	1239	1423	1642	1777	1019.5555555555555
NM_001179747.1	213	417	620	853	1025	1214	1405	1658	1837	1026.888888888889
NM_001181436.3	199	378	581	843	1098	1222	1410	1659	1855	1027.2222222222222
NM_001182959.3	204	405	610	809	1049	1277	1471	1596	1867	1032.0
NM_001178943.1	218	440	646	822	1032	1228	1444	1646	1855	1036.7777777777778
NM_001182678.1	194	411	643	800	1019	1288	1424	1677	1888	1038.2222222222222
NM_001180015.1	212	414	600	816	1081	1290	1453	1684	1840	1043.3333333333333
NM_001180703.3	211	393	624	848	1022	1290	1489	1686	1834	1044.111111111111
NM_001182066.1	226	425	593	854	1036	1258	1424	1722	1903	1049.0
NM_001180183.1	218	437	628	854	1066	1244	1475	1604	1939	1051.6666666666667
NM_001178257.1	201	414	602	848	1098	1234	1465	1709	1899	1052.2222222222222
NM_001181723.3	212	391	616	839	1075	1249	1464	1752	1905	1055.888888888889
NM_001183576.3	194	413	684	869	1035	1235	1498	1663	1914	1056.111111111111
NM_001183673.1	216	440	639	850	1031	1249	1528	1665	1903	1057.888888888889
NM_001183411.1	219	436	612	881	1092	1283	1403	1727	1871	1058.2222222222222
NM_001179833.1	215	404	645	840	1091	1260	1514	1664	1894	1058.5555555555557
NM_001183046.1	219	416	627	875	1062	1276	1480	1669	1904	1058.6666666666667
NM_001180399.3	201	417	622	853	1063	1281	1511	1660	1920	1058.6666666666667
NM_001180737.1	216	418	662	856	1078	1215	1459	1719	1919	1060.2222222222222
NM_001184280.1	201	403	678	882	1042	1312	1504	1687	1845	1061.5555555555557
NM_001183899.1	207	449	601	880	1077	1272	1443	1718	1912	1062.111111111111
NM_001178387.1	205	441	598	831	1108	1278	1493	1711	1897	1062.4444444444443
NM_001182203.2	211	447	641	894	1034	1281	1475	1676	1904	1062.5555555555557
NM_001182468.1	188	443	645	861	1069	1285	1480	1719	1888	1064.2222222222222
NM_001180197.1	195	425	659	874	1079	1315	1489	1695	1875	1067.3333333333333
NM_001184087.1	227	418	644	890	1055	1272	1445	1721	1937	1067.6666666666667
NM_001180893.3	220	419	648	798	1075	1263	1519	1748	1951	1071.2222222222222
NM_001184262.1	232	427	623	881	1080	1272	1489	1715	1926	1071.6666666666667
NM_001179393.1	224	426	637	864	1082	1264	1563	1676	1917	1072.5555555555557
NM_001182317.1	219	428	625	871	1071	1317	1509	1710	1906	1072.888888888889
NM_001183833.1	229	449	608	806	1083	1281	1513	1736	1989	1077.111111111111
NM_001182444.1	232	405	676	866	1091	1239	1509	1702	1980	1077.7777777777778
NM_001183536.3	225	471	633	905	1053	1269	1513	1678	1982	1081.0
NM_001180887.1	221	422	640	887	1091	1285	1516	1724	1954	1082.2222222222222
NM_001182433.1	239	430	665	846	1106	1307	1501	1771	1902	1085.2222222222222
NM_001182437.1	214	474	650	827	1122	1278	1552	1718	1933	1085.3333333333333
NM_001178866.1	233	461	713	853	1022	1251	1506	1733	2012	1087.111111111111
NM_001183606.1	241	429	641	847	1138	1292	1514	1737	1950	1087.6666666666667
NM_001179693.1	221	499	693	839	1079	1316	1529	1753	1920	1094.3333333333333
NM_001179962.1	204	438	687	883	1083	1291	1549	1781	1946	1095.7777777777778
NM_001178415.1	208	444	654	823	1111	1327	1562	1760	2011	1100.0
NM_001183905.1	218	396	695	941	1112	1280	1489	1792	1998	1102.3333333333333
NM_001181544.1	209	493	666	893	1095	1256	1543	1735	2044	1103.7777777777778
NM_001178161.1	233	460	673	886	1101	1295	1544	1741	2007	1104.4444444444443
NM_001178799.1	241	460	670	866	1156	1299	1482	1822	1984	1108.888888888889
NM_001179391.3	245	451	605	855	1094	1316	1615	1801	2000	1109.111111111111
NM_001179012.1	196	449	652	929	1144	1340	1573	1769	1932	1109.3333333333333
NM_001183746.1	214	465	648	910	1109	1350	1550	1839	1945	1114.4444444444443
NM_001179803.3	218	466	642	908	1092	1339	1530	1837	2006	1115.3333333333333
NM_001179758.1	203	433	671	863	1133	1347	1642	1744	2030	1118.4444444444443
NM_001183082.1	221	471	695	945	1121	1343	1511	1794	1966	1118.5555555555557
NM_001183227.1	238	460	671	899	1112	1338	1540	1811	2013	1120.2222222222222
NM_001179014.3	205	463	729	923	1114	1287	1546	1816	2008	1121.2222222222222
NM_001182546.1	219	459	712	879	1130	1374	1535	1799	2010	1124.111111111111
NM_001178262.1	236	464	674	944	1101	1338	1519	1857	1991	1124.888888888889
NM_001178852.3	221	421	681	888	1089	1310	1642	1856	2022	1125.5555555555557
NM_001184185.1	249	467	711	890	1146	1335	1573	1778	1982	1125.6666666666667
NM_001180702.3	237	419	680	955	1133	1324	1584	1796	2027	1128.3333333333333
NM_001181605.1	217	436	688	918	1132	1317	1602	1838	2021	1129.888888888889
NM_001181435.1	207	446	669	943	1108	1371	1595	1777	2066	1131.3333333333333
NM_001182189.1	244	431	732	920	1110	1347	1562	1808	2030	1131.5555555555557
NM_001179091.1	219	465	659	873	1084	1386	1628	1825	2050	1132.111111111111
NM_001181993.1	207	466	701	874	1146	1381	1589	1863	2013	1137.7777777777778
NM_001179172.1	220	440	723	922	1143	1360	1572	1809	2051	1137.7777777777778
NM_001181633.1	246	429	675	922	1134	1370	1588	1788	2088	1137.7777777777778
NM_001182923.3	236	467	680	952	1139	1375	1597	1775	2037	1139.7777777777778
NM_001180184.1	254	503	672	930	1139	1354	1615	1775	2047	1143.2222222222222
NM_001182709.1	259	417	680	907	1143	1348	1608	1851	2096	1145.4444444444443
NM_001182095.1	211	435	738	932	1078	1412	1598	1817	2107	1147.5555555555557
NM_001182236.1	243	418	673	924	1161	1394	1613	1835	2085	1149.5555555555557
NM_001180074.1	229	446	645	953	1088	1362	1633	1931	2099	1154.0
NM_001181801.1	241	434	704	932	1148	1393	1668	1846	2026	1154.6666666666667
NM_001183678.3	261	462	712	911	1141	1367	1601	1885	2069	1156.5555555555557
NM_001180477.3	213	488	687	976	1198	1358	1636	1794	2079	1158.7777777777778
NM_001178181.1	237	497	708	871	1151	1435	1604	1867	2097	1163.0
NM_001180442.3	251	441	730	940	1160	1380	1584	1872	2110	1163.111111111111
NM_001178264.1	227	456	679	981	1114	1373	1677	1883	2110	1166.6666666666667
NM_001180876.3	211	470	651	953	1210	1391	1651	1852	2115	1167.111111111111
NM_001181483.1	253	468	734	893	1185	1369	1615	1892	2101	1167.7777777777778
NM_001180228.1	236	459	697	905	1152	1389	1643	1856	2212	1172.111111111111
NM_001178977.1	266	462	697	965	1152	1355	1665	1885	2117	1173.7777777777778
NM_001178964.2	225	489	749	931	1151	1436	1618	1910	2062	1174.5555555555557
NM_001179219.1	247	471	720	927	1212	1428	1583	1891	2094	1174.7777777777778
NM_001178690.1	230	458	731	923	1205	1454	1638	1903	2117	1184.3333333333333
NM_001181340.3	236	440	693	989	1202	1442	1578	1920	2170	1185.5555555555557
NM_001180584.1	244	491	710	988	1173	1414	1636	1859	2166	1186.7777777777778
NM_001179015.3	238	494	727	955	1153	1412	1674	1916	2147	1190.6666666666667
NM_001180816.1	215	454	707	957	1210	1458	1681	1892	2159	1192.5555555555557
NM_001182079.1	248	459	683	968	1178	1460	1669	1912	2159	1192.888888888889
NM_001179023.3	220	453	743	903	1238	1408	1688	1936	2160	1194.3333333333333
NM_001181347.3	260	483	728	945	1231	1353	1689	1878	2216	1198.111111111111
NM_001180877.1	249	480	726	932	1166	1462	1747	1940	2157	1206.5555555555557
NM_001178897.1	245	480	739	947	1211	1436	1709	1952	2185	1211.5555555555557
NM_001178298.1	225	480	740	1020	1223	1433	1706	1939	2185	1216.7777777777778
NM_001183782.1	217	504	721	1002	1199	1464	1725	1931	2199	1218.0
NM_001182983.1	250	521	702	987	1241	1435	1665	1994	2176	1219.0
NM_001179177.1	268	483	752	948	1231	1479	1712	1941	2167	1220.111111111111
NM_001182970.1	252	503	703	1010	1249	1434	1716	1907	2243	1224.111111111111
NM_001184207.1	266	495	732	1029	1141	1421	1756	1945	2236	1224.5555555555557
NM_001181806.1	227	508	733	998	1204	1468	1672	1943	2273	1225.111111111111
NM_001181735.1	236	496	741	998	1249	1547	1707	1967	2179	1235.5555555555557
NM_001179928.1	253	507	719	1018	1237	1549	1734	1986	2129	1236.888888888889
NM_001178474.1	279	525	751	937	1272	1480	1773	1971	2171	1239.888888888889
NM_001181542.1	252	487	735	1021	1200	1505	1760	1923	2280	1240.3333333333333
NM_001179777.1	247	503	737	938	1278	1529	1661	1990	2306	1243.2222222222222
NM_001182819.1	272	466	751	1017	1229	1454	1772	2005	2249	1246.111111111111
NM_001179321.1	252	535	723	995	1250	1469	1724	2051	2245	1249.3333333333333
NM_001182647.1	241	525	771	1015	1273	1491	1701	1977	2270	1251.5555555555557
NM_001178817.3	238	489	734	1008	1228	1522	1722	2020	2310	1252.3333333333333
NM_001178457.1	277	524	778	1005	1301	1483	1739	1884	2294	1253.888888888889
NM_001184032.1	253	469	747	1036	1244	1509	1749	2010	2287	1256.0
NM_001179838.1	265	515	724	1018	1253	1568	1767	2008	2193	1256.7777777777778
NM_001179155.1	267	521	724	998	1256	1495	1748	2051	2251	1256.7777777777778
NM_001181474.3	236	489	720	990	1235	1527	1732	2077	2308	1257.111111111111
NM_001183284.1	262	499	736	1001	1270	1451	1766	2077	2277	1259.888888888889
NM_001184113.1	254	492	736	1048	1198	1508	1835	2003	2272	1260.6666666666667
NM_001179490.1	248	535	747	1040	1261	1500	1776	2060	2305	1274.6666666666667
NM_001182849.3	273	546	743	1022	1284	1514	1816	2034	2246	1275.3333333333333
NM_001182917.1	243	498	769	995	1292	1516	1793	2047	2342	1277.2222222222222
NM_001183826.1	248	517	748	1026	1306	1528	1736	2074	2323	1278.4444444444443
NM_001180081.1	261	497	748	1000	1271	1522	1804	2057	2364	1280.4444444444443
NM_001179035.1	249	469	733	1064	1265	1556	1788	2050	2365	1282.111111111111
NM_001183079.1	247	516	785	1024	1271	1550	1813	2070	2305	1286.7777777777778
NM_001184200.1	247	489	761	1039	1292	1588	1746	2085	2349	1288.4444444444443
NM_001181183.4	249	529	719	990	1303	1594	1829	2094	2292	1288.7777777777778
NM_001181232.1	264	529	737	1062	1264	1580	1808	2120	2327	1299.0
NM_001181446.1	229	579	803	1028	1322	1531	1824	2092	2361	1307.6666666666667
NM_001183570.3	266	547	845	1057	1286	1591	1802	2047	2330	1307.888888888889
NM_001183377.1	242	514	805	1060	1276	1568	1870	2124	2363	1313.5555555555557
NM_001182261.3	256	534	780	1079	1348	1569	1831	2064	2368	1314.3333333333333
NM_001178168.1	268	533	772	1065	1305	1596	1852	2068	2400	1317.6666666666667
NM_001178880.3	276	591	785	1095	1287	1550	1827	2101	2351	1318.111111111111
NM_001181442.2	270	558	747	1075	1291	1621	1880	2090	2341	1319.2222222222222
NM_001178416.4	259	547	829	1115	1285	1517	1879	2087	2360	1319.7777777777778
NM_001178440.1	237	568	865	1053	1289	1595	1853	2154	2396	1334.4444444444443
NM_001183695.3	277	512	790	1063	1364	1636	1900	2141	2438	1346.7777777777778
NM_001183465.1	251	526	803	1035	1410	1648	1871	2150	2436	1347.7777777777778
NM_001179948.1	247	525	838	1050	1339	1637	1948	2147	2424	1350.5555555555557
NM_001181235.1	286	549	790	1096	1325	1641	1914	2165	2457	1358.111111111111
NM_001182733.1	259	563	813	1105	1333	1666	1883	2239	2395	1361.7777777777778
NM_001178912.1	294	578	779	1084	1381	1671	1865	2170	2441	1362.5555555555557
NM_001179883.1	254	525	791	1088	1390	1611	1919	2222	2470	1363.3333333333333
NM_001182976.1	302	564	819	1102	1344	1634	1882	2213	2430	1365.5555555555557
NM_001182710.1	280	585	824	1086	1435	1665	1883	2166	2419	1371.4444444444443
NM_001183649.3	252	559	761	1112	1361	1713	1954	2191	2490	1377.0
NM_001180629.3	319	548	808	1122	1361	1639	1937	2220	2447	1377.888888888889
NM_001183666.1	262	573	794	1091	1405	1715	1921	2141	2521	1380.3333333333333
NM_001182498.1	270	552	821	1088	1361	1644	2026	2197	2522	1386.7777777777778
NM_001182904.1	274	560	821	1117	1435	1672	1964	2205	2455	1389.2222222222222
NM_001184221.1	267	549	817	1098	1363	1747	1910	2262	2531	1393.7777777777778
NM_001179974.1	270	572	813	1090	1353	1673	1944	2277	2563	1395.0
NM_001183244.1	273	548	870	1143	1477	1692	1934	2132	2504	1397.0
NM_001183555.1	271	591	825	1118	1432	1673	2001	2194	2557	1406.888888888889
NM_001181571.1	269	534	840	1141	1400	1754	1965	2262	2524	1409.888888888889
NM_001182267.1	259	589	879	1108	1466	1727	1951	2222	2536	1415.2222222222222
NM_001182273.3	300	548	887	1144	1439	1658	1974	2293	2496	1415.4444444444443
NM_001178247.1	268	583	883	1115	1456	1699	2002	2244	2536	1420.6666666666667
NM_001179791.1	296	569	893	1068	1423	1704	1989	2292	2581	1423.888888888889
NM_001181245.1	317	589	877	1149	1403	1746	1929	2274	2569	1428.111111111111
NM_001180066.1	298	577	847	1122	1389	1743	1969	2346	2599	1432.2222222222222
NM_001178357.1	310	579	860	1142	1455	1770	1998	2332	2568	1446.0
NM_001183220.1	296	589	883	1158	1501	1748	1984	2286	2570	1446.111111111111
NM_001181448.1	292	590	863	1185	1462	1727	2019	2376	2570	1453.7777777777778
NM_001180762.1	287	580	877	1177	1455	1750	2094	2282	2601	1455.888888888889
NM_001183351.1	288	614	881	1162	1412	1771	1985	2281	2711	1456.111111111111
NM_001183603.3	292	633	891	1136	1415	1735	2107	2336	2641	1465.111111111111
NM_001180541.3	290	583	872	1151	1479	1753	2049	2417	2657	1472.3333333333333
NM_001180546.3	295	586	912	1162	1422	1838	2138	2357	2658	1485.3333333333333
NM_001180154.1	303	622	899	1212	1493	1730	2070	2355	2725	1489.888888888889
NM_001182621.1	290	552	925	1219	1503	1787	2126	2369	2649	1491.111111111111
NM_001182797.1	321	586	902	1185	1459	1766	2122	2397	2696	1492.6666666666667
NM_001178611.3	294	597	948	1217	1500	1778	2061	2327	2715	1493.0
NM_001184516.1	302	608	883	1209	1468	1822	2128	2447	2650	1501.888888888889
NM_001182806.1	314	570	865	1224	1492	1748	2087	2519	2713	1503.5555555555557
NM_001178947.1	285	633	871	1222	1543	1848	2118	2420	2666	1511.7777777777778
NM_001181090.1	331	602	926	1217	1481	1803	2111	2437	2699	1511.888888888889
NM_001178695.1	292	590	869	1231	1527	1814	2157	2469	2703	1516.888888888889
NM_001184125.1	277	585	931	1241	1512	1840	2106	2466	2704	1518.0
NM_001182815.1	320	604	894	1231	1488	1808	2097	2476	2795	1523.6666666666667
NM_001179882.3	295	637	938	1182	1551	1839	2127	2472	2686	1525.2222222222222
NM_001179929.1	291	605	897	1219	1480	1856	2139	2439	2802	1525.3333333333333
NM_001180203.1	282	635	940	1190	1500	1780	2176	2465	2796	1529.3333333333333
NM_001183085.1	276	582	929	1255	1587	1829	2103	2461	2758	1531.111111111111
NM_001178432.1	306	634	880	1210	1516	1878	2193	2464	2817	1544.2222222222222
CCW22	305	657	934	1251	1502	1911	2166	2409	2768	1544.7777777777778
NM_001180027.1	302	610	957	1250	1515	1814	2190	2502	2798	1548.6666666666667
NM_001179274.1	316	598	963	1276	1585	1872	2182	2442	2712	1549.5555555555557
NM_001178658.1	344	625	905	1277	1595	1874	2180	2477	2814	1565.6666666666667
NM_001183795.3	354	600	935	1262	1531	1922	2216	2518	2776	1568.2222222222222
NM_001183058.1	299	615	977	1238	1577	1866	2235	2512	2843	1573.5555555555557
NM_001179601.3	354	593	990	1283	1635	1902	2200	2514	2770	1582.3333333333333
NM_001183439.1	311	628	922	1304	1590	1919	2198	2566	2832	1585.5555555555557
NM_001182248.1	350	639	960	1289	1572	1893	2236	2524	2820	1587.0
NM_001179198.1	310	665	968	1248	1611	1899	2169	2628	2811	1589.888888888889
NM_001181728.1	347	668	931	1301	1568	1905	2179	2581	2865	1593.888888888889
NM_001180689.1	312	637	926	1272	1635	1912	2213	2585	2856	1594.2222222222222
NM_001179646.1	330	620	924	1276	1547	1969	2228	2586	2871	1594.5555555555557
NM_001182417.1	324	631	999	1253	1564	1892	2245	2547	2920	1597.2222222222222
NM_001180125.1	293	646	960	1278	1612	1971	2324	2531	2780	1599.4444444444443
NM_001182578.1	353	644	972	1240	1603	1917	2242	2571	2861	1600.3333333333333
NM_001181600.1	347	653	965	1283	1560	1878	2275	2581	2881	1602.5555555555557
NM_001180985.1	333	645	951	1305	1564	1951	2253	2646	2875	1613.6666666666667
NM_001179662.1	315	649	946	1350	1627	1935	2267	2491	2950	1614.4444444444443
NM_001180156.1	306	609	991	1299	1667	1941	2304	2525	2914	1617.3333333333333
NM_001178914.3	342	620	1010	1320	1583	1908	2268	2610	2912	1619.2222222222222
NM_001179781.1	330	637	956	1271	1633	1955	2254	2657	2940	1625.888888888889
NM_001183093.1	331	648	975	1297	1680	1975	2348	2615	2928	1644.111111111111
NM_001181722.1	303	694	966	1322	1616	2005	2309	2664	2923	1644.6666666666667
NM_001182431.1	315	708	995	1327	1605	1966	2273	2594	3027	1645.5555555555557
NM_001183850.1	313	691	1028	1345	1642	1914	2281	2638	3002	1650.4444444444443
NM_001183027.1	313	717	1002	1299	1626	1982	2294	2701	3001	1659.4444444444443
NM_001184051.1	324	670	987	1296	1658	2014	2347	2672	3010	1664.2222222222222
NM_001181930.1	308	645	1051	1348	1724	2034	2284	2662	3001	1673.0
NM_001182767.1	372	670	1029	1387	1675	1959	2274	2715	2992	1674.7777777777778
NM_001179944.2	323	640	1038	1321	1665	2040	2390	2660	3001	1675.3333333333333
NM_001179940.2	325	662	1029	1317	1740	1995	2349	2646	3040	1678.111111111111
NM_001178841.1	338	661	1044	1309	1685	1962	2358	2741	3045	1682.5555555555557
NM_001181460.1	363	694	1027	1341	1691	2087	2416	2678	3068	1707.2222222222222
NM_001178675.1	330	652	990	1362	1690	2071	2409	2769	3107	1708.888888888889
NM_001179528.3	361	712	979	1331	1699	2088	2392	2707	3133	1711.3333333333333
NM_001178946.3	352	675	1017	1371	1716	2020	2426	2783	3053	1712.5555555555557
NM_001180496.3	380	700	1047	1336	1762	2070	2348	2748	3089	1720.0
NM_001178569.1	345	725	1066	1311	1694	2049	2459	2729	3104	1720.2222222222222
NM_001182366.1	300	707	1060	1311	1739	2057	2418	2807	3107	1722.888888888889
NM_001178963.1	364	705	1016	1409	1702	2080	2436	2761	3044	1724.111111111111
NM_001181314.3	352	661	1068	1396	1747	2050	2422	2786	3102	1731.5555555555557
NM_001182256.1	317	706	1038	1378	1731	2150	2384	2799	3154	1739.6666666666667
NM_001178287.1	384	694	1042	1462	1700	2086	2395	2764	3149	1741.7777777777778
NM_001180520.1	372	677	1016	1366	1778	2090	2459	2890	3081	1747.6666666666667
NM_001180220.1	371	706	1126	1317	1750	2100	2430	2837	3218	1761.6666666666667
NM_001181013.1	349	727	1024	1445	1772	2041	2496	2843	3173	1763.3333333333333
NM_001178631.1	347	710	1036	1394	1799	2150	2513	2802	3194	1771.6666666666667
NM_001182648.1	339	678	1068	1420	1814	2131	2552	2829	3260	1787.888888888889
NM_001178981.1	360	721	1094	1411	1745	2133	2547	2873	3233	1790.7777777777778
NM_001181859.1	343	707	1117	1397	1843	2144	2482	2931	3253	1801.888888888889
NM_001178794.1	351	673	1101	1543	1777	2162	2531	2859	3295	1810.2222222222222
NM_001178706.1	360	733	1129	1421	1770	2176	2597	2900	3268	1817.111111111111
NM_001179711.1	377	760	1067	1503	1856	2156	2464	2919	3272	1819.3333333333333
NM_001184130.1	391	743	1075	1464	1793	2227	2575	2868	3284	1824.4444444444443
NM_001180159.1	379	799	1023	1470	1779	2179	2597	2944	3285	1828.3333333333333
NM_001183541.3	351	737	1076	1434	1828	2131	2595	2939	3383	1830.4444444444443
NM_001178597.1	357	746	1103	1527	1806	2235	2551	3005	3329	1851.0
NM_001182972.3	368	725	1117	1485	1846	2223	2610	3035	3359	1863.111111111111
NM_001182335.3	352	759	1128	1534	1798	2275	2617	2970	3361	1866.0
NM_001179457.3	388	765	1121	1503	1835	2214	2622	2993	3398	1871.0
NM_001184133.1	384	718	1111	1535	1817	2268	2638	2979	3391	1871.2222222222222
NM_001178243.1	346	769	1153	1485	1868	2237	2685	3034	3341	1879.7777777777778
NM_001182820.1	377	765	1117	1519	1899	2276	2666	2980	3388	1887.4444444444443
NM_001180029.1	377	705	1146	1501	1914	2302	2642	3044	3387	1890.888888888889
NM_001178894.1	404	780	1141	1552	1890	2243	2586	2957	3467	1891.111111111111
NM_001181943.1	405	770	1137	1545	1879	2264	2616	3036	3374	1891.7777777777778
NM_001178454.1	395	754	1143	1532	1885	2210	2661	3058	3499	1904.111111111111
NM_001181166.3	416	754	1197	1543	1860	2323	2703	2962	3411	1907.6666666666667
NM_001182582.1	368	755	1175	1516	1902	2302	2688	3063	3473	1915.7777777777778
NM_001181072.1	390	747	1142	1521	1880	2346	2727	3033	3457	1915.888888888889
NM_001183028.1	386	776	1208	1567	1863	2324	2682	3054	3418	1919.7777777777778
NM_001179114.1	380	756	1126	1592	1913	2295	2742	3045	3436	1920.5555555555557
NM_001184278.1	406	774	1154	1585	1892	2300	2681	3003	3502	1921.888888888889
NM_001178279.1	351	828	1173	1546	1945	2320	2701	3035	3439	1926.4444444444443
NM_001183743.1	367	748	1091	1574	1908	2345	2665	3135	3513	1927.3333333333333
NM_001178961.1	398	748	1188	1542	1983	2320	2702	3060	3526	1940.7777777777778
NM_001183125.1	382	783	1162	1479	1962	2346	2764	3122	3505	1945.0
NM_001182507.1	373	755	1174	1571	1934	2360	2692	3137	3543	1948.7777777777778
NM_001178430.1	401	763	1132	1612	1936	2340	2748	3120	3506	1950.888888888889
NM_001178886.1	386	751	1151	1608	1946	2296	2748	3096	3591	1952.5555555555557
NM_001183617.1	419	798	1154	1567	1938	2324	2726	3192	3500	1957.5555555555557
NM_001182909.3	377	759	1138	1583	1965	2354	2795	3139	3534	1960.4444444444443
NM_001179010.3	372	763	1189	1560	1996	2308	2693	3173	3614	1963.111111111111
NM_001183803.3	388	814	1214	1525	2000	2397	2673	3161	3546	1968.6666666666667
NM_001178900.1	379	766	1207	1533	1972	2439	2784	3078	3584	1971.3333333333333
NM_001182846.1	417	794	1129	1553	2012	2412	2753	3157	3523	1972.2222222222222
NM_001183802.1	383	810	1204	1612	1971	2385	2764	3135	3523	1976.3333333333333
NM_001182973.1	371	762	1179	1610	2021	2422	2832	3095	3575	1985.2222222222222
NM_001181383.3	414	803	1180	1559	1942	2444	2870	3121	3607	1993.3333333333333
NM_001180231.1	405	798	1170	1579	2104	2443	2754	3142	3576	1996.7777777777778
NM_001180435.1	422	758	1191	1646	1988	2348	2836	3213	3667	2007.6666666666667
NM_001179081.1	403	763	1211	1560	1965	2469	2809	3250	3661	2010.111111111111
NM_001183818.1	413	832	1239	1647	1943	2455	2801	3170	3594	2010.4444444444443
NM_001182942.1	416	823	1162	1607	2048	2453	2767	3216	3650	2015.7777777777778
NM_001178427.1	399	829	1214	1672	2013	2494	2848	3205	3590	2029.3333333333333
NM_001182783.1	391	826	1206	1556	2094	2467	2895	3276	3646	2039.6666666666667
NM_001183862.1	423	823	1209	1541	1959	2437	2930	3388	3664	2041.5555555555557
NM_001180653.1	429	811	1257	1630	2036	2500	2814	3317	3691	2053.8888888888887
NM_001178861.1	417	822	1241	1622	2022	2452	2883	3300	3740	2055.4444444444443
NM_001181304.1	395	828	1254	1657	2104	2425	2953	3324	3694	2070.4444444444443
NM_001178982.3	438	853	1204	1589	2192	2454	2940	3330	3766	2085.1111111111113
NM_001182363.1	427	794	1294	1705	2063	2441	2859	3388	3798	2085.4444444444443
NM_001183968.1	429	816	1217	1720	2028	2500	2945	3334	3792	2086.777777777778
NM_001181318.1	420	813	1217	1659	2099	2569	2849	3356	3849	2092.3333333333335
NM_001180407.3	428	843	1295	1708	1996	2584	2873	3355	3766	2094.222222222222
NM_001182754.1	425	837	1281	1661	2098	2551	2933	3408	3753	2105.222222222222
NM_001178270.1	430	847	1300	1674	2129	2523	2916	3419	3826	2118.222222222222
NM_001180310.1	465	834	1280	1754	2150	2609	2952	3366	3851	2140.1111111111113
NM_001182062.1	478	888	1287	1702	2190	2481	3023	3337	3885	2141.222222222222
NM_001181038.1	395	872	1292	1702	2113	2594	2999	3498	3881	2149.5555555555557
NM_001179425.1	443	850	1308	1723	2210	2558	2987	3416	3948	2160.3333333333335
NM_001180920.3	426	869	1309	1707	2137	2640	3092	3420	3892	2165.777777777778
NM_001184138.1	439	844	1312	1752	2124	2546	3057	3486	3958	2168.6666666666665
NM_001182040.1	402	882	1306	1793	2259	2579	3039	3380	3904	2171.5555555555557
NM_001180200.1	428	899	1301	1824	2216	2549	3087	3453	3888	2182.777777777778
NM_001182101.1	465	885	1243	1796	2152	2692	3110	3450	3938	2192.3333333333335
NM_001183426.1	426	846	1350	1779	2169	2639	3068	3509	4003	2198.777777777778
NM_001178682.1	431	893	1340	1818	2169	2712	3029	3460	3981	2203.6666666666665
NM_001179137.1	438	923	1381	1771	2208	2698	3042	3537	3978	2219.5555555555557
NM_001178491.3	443	905	1361	1810	2277	2628	3068	3564	3962	2224.222222222222
NM_001178855.3	448	910	1341	1789	2252	2702	3094	3641	4033	2245.5555555555557
NM_001178510.1	454	930	1294	1817	2276	2703	3196	3619	4011	2255.5555555555557
NM_001180009.1	453	905	1315	1799	2245	2750	3121	3669	4048	2256.1111111111113
NM_001180649.3	437	906	1335	1802	2322	2721	3204	3528	4125	2264.4444444444443
NM_001180205.1	461	897	1382	1806	2341	2717	3218	3574	4016	2268.0
NM_001179922.1	447	903	1389	1869	2284	2740	3177	3761	4128	2299.777777777778
NM_001183393.1	477	916	1400	1811	2339	2731	3195	3656	4226	2305.6666666666665
NM_001184445.1	501	938	1436	1787	2258	2768	3178	3751	4147	2307.1111111111113
NM_001183689.3	488	914	1401	1829	2261	2819	3240	3752	4158	2318.0
NM_001182294.3	462	900	1372	1865	2348	2775	3264	3790	4225	2333.4444444444443
NM_001180661.1	480	946	1450	1816	2351	2788	3280	3829	4186	2347.3333333333335
NM_001184246.1	487	958	1484	1818	2374	2812	3237	3804	4170	2349.3333333333335
NM_001183781.3	445	941	1460	1906	2336	2845	3279	3706	4265	2353.6666666666665
NM_001179471.2	487	988	1399	1823	2386	2860	3296	3753	4202	2354.8888888888887
NM_001183165.2	461	910	1506	1844	2369	2801	3313	3744	4343	2365.6666666666665
NM_001182701.1	471	1010	1420	1884	2463	2899	3341	3828	4309	2402.777777777778
NM_001181767.3	510	971	1471	1955	2350	2954	3359	3856	4311	2415.222222222222
NM_001181067.1	463	1004	1479	1885	2420	2913	3415	3827	4371	2419.6666666666665
NM_001182151.1	481	972	1449	1831	2328	2997	3401	3978	4349	2420.6666666666665
NM_001183895.1	476	941	1501	1960	2440	2913	3325	3886	4408	2427.777777777778
NM_001179722.1	441	944	1483	1927	2485	2909	3481	3849	4338	2428.5555555555557
NM_001181288.1	466	967	1443	2023	2453	2971	3410	3803	4371	2434.1111111111113
NM_001181189.3	467	947	1377	1970	2486	2964	3461	3934	4390	2444.0
NM_001178739.1	514	941	1526	1907	2517	2863	3376	3967	4393	2444.8888888888887
NM_001182131.1	489	990	1457	1948	2468	2952	3414	3966	4353	2448.5555555555557
NM_001178463.1	490	982	1413	2009	2445	2912	3425	3963	4442	2453.4444444444443
NM_001179683.1	476	961	1476	1988	2404	3028	3443	3932	4400	2456.4444444444443
NM_001181214.1	498	1016	1514	1945	2461	2958	3452	3946	4464	2472.6666666666665
NM_001184166.1	493	1003	1486	2042	2503	2928	3490	3883	4437	2473.8888888888887
NM_001181393.3	517	979	1469	1960	2454	2941	3541	3938	4486	2476.1111111111113
NM_001184107.1	496	961	1457	2030	2462	2988	3472	4026	4506	2488.6666666666665
NM_001182103.1	503	1022	1459	2007	2442	2998	3519	3973	4494	2490.777777777778
NM_001182950.3	507	1030	1528	2010	2545	3034	3565	4027	4460	2522.8888888888887
NM_001184132.2	511	1001	1514	2009	2503	2988	3519	4147	4540	2525.777777777778
NM_001178312.1	470	1020	1505	2021	2498	3095	3593	4023	4523	2527.5555555555557
NM_001182243.1	487	1018	1574	1997	2488	2993	3559	4068	4608	2532.4444444444443
NM_001181763.1	503	951	1578	2089	2518	3054	3544	4080	4614	2547.8888888888887
NM_001183842.1	516	1017	1575	2024	2598	3108	3562	4048	4600	2560.8888888888887
NM_001181000.3	512	1082	1552	2038	2560	3049	3543	4082	4686	2567.1111111111113
NM_001183730.1	541	1036	1583	2083	2586	3053	3623	4117	4578	2577.777777777778
NM_001183761.3	513	1012	1618	2061	2667	3113	3509	4167	4745	2600.5555555555557
NM_001180319.1	541	1074	1532	2116	2643	3035	3661	4187	4688	2608.5555555555557
NM_001178916.1	524	1047	1607	2093	2645	3163	3647	4225	4704	2628.3333333333335
NM_001178242.1	571	1003	1508	2089	2646	3191	3645	4176	4826	2628.3333333333335
NM_001181309.3	528	1033	1537	2134	2584	3171	3779	4188	4722	2630.6666666666665
NM_001178529.3	522	1033	1543	2048	2671	3225	3652	4257	4809	2640.0
NM_001182277.3	513	1096	1610	2187	2601	3193	3712	4219	4755	2654.0
NM_001181914.1	505	1051	1591	2113	2716	3191	3753	4243	4850	2668.1111111111113
NM_001180437.3	526	1068	1608	2142	2738	3246	3714	4369	4838	2694.3333333333335
NM_001181338.3	544	1076	1593	2149	2747	3278	3719	4351	4839	2699.5555555555557
NM_001179339.3	541	1092	1589	2135	2641	3289	3771	4345	4930	2703.6666666666665
NM_001179620.1	539	1059	1585	2159	2697	3255	3841	4503	4901	2726.5555555555557
NM_001180255.2	527	1101	1607	2154	2751	3238	3831	4397	4956	2729.1111111111113
NM_001181797.3	579	1121	1627	2182	2782	3311	3775	4431	5008	2757.3333333333335
NM_001181291.3	523	1100	1691	2196	2786	3279	3955	4487	4937	2772.6666666666665
NM_001181947.1	558	1085	1633	2232	2770	3321	3984	4483	5039	2789.4444444444443
NM_001178339.2	607	1120	1635	2302	2822	3467	3858	4483	4968	2806.8888888888887
NM_001180341.1	547	1125	1759	2237	2876	3320	3899	4443	5104	2812.222222222222
NM_001182301.1	541	1116	1644	2272	2826	3388	3981	4513	5056	2815.222222222222
NM_001179150.1	550	1138	1684	2288	2748	3397	4000	4515	5074	2821.5555555555557
NM_001178846.3	563	1183	1651	2239	2880	3327	3924	4558	5131	2828.4444444444443
NM_001182414.1	540	1152	1648	2249	2907	3376	4000	4575	5095	2838.0
NM_001183752.3	599	1170	1706	2247	2944	3422	3924	4559	5118	2854.3333333333335
NM_001182855.1	564	1151	1754	2304	2854	3445	3990	4599	5162	2869.222222222222
NM_001178358.1	588	1141	1722	2294	2858	3473	3991	4533	5258	2873.1111111111113
NM_001180190.1	574	1118	1727	2317	2862	3508	4123	4592	5143	2884.8888888888887
NM_001184346.3	576	1177	1766	2397	2851	3489	4056	4683	5244	2915.4444444444443
NM_001180740.3	573	1138	1728	2398	2876	3461	4141	4667	5260	2915.777777777778
NM_001184303.1	578	1167	1760	2382	2946	3524	4156	4613	5153	2919.8888888888887
NM_001181333.3	537	1201	1789	2403	2909	3572	4120	4699	5332	2951.3333333333335
NM_001178469.2	595	1206	1750	2342	2947	3475	4175	4695	5388	2952.5555555555557
NM_001180532.3	575	1182	1720	2341	2912	3521	4259	4773	5362	2960.5555555555557
NM_001181002.1	593	1221	1760	2378	2992	3618	4163	4666	5268	2962.1111111111113
NM_001182508.1	602	1229	1768	2376	2950	3577	4143	4766	5288	2966.5555555555557
NM_001181779.3	587	1199	1813	2415	2935	3577	4113	4781	5336	2972.8888888888887
NM_001178927.1	621	1191	1841	2466	2912	3578	4228	4785	5401	3002.5555555555557
NM_001181846.1	629	1187	1731	2379	3064	3608	4250	4843	5350	3004.5555555555557
NM_001180779.1	592	1157	1872	2393	3044	3539	4213	4767	5511	3009.777777777778
NM_001179157.1	597	1206	1811	2394	3010	3624	4338	4815	5333	3014.222222222222
NM_001180465.3	642	1185	1761	2394	3058	3660	4159	4880	5434	3019.222222222222
NM_001182067.1	594	1194	1836	2412	3022	3614	4235	4836	5511	3028.222222222222
NM_001182188.1	612	1180	1825	2399	3002	3650	4303	5051	5526	3060.8888888888887
NM_001181870.1	651	1219	1829	2464	3104	3658	4342	4994	5507	3085.3333333333335
NM_001181190.1	621	1246	1819	2593	3074	3719	4407	5021	5496	3110.6666666666665
NM_001182608.1	638	1243	1859	2532	3134	3799	4414	5007	5573	3133.222222222222
NM_001180533.3	626	1241	1828	2501	3179	3743	4461	5120	5618	3146.3333333333335
NM_001180252.1	646	1275	1836	2530	3156	3826	4282	5092	5736	3153.222222222222
NM_001180479.3	650	1222	1894	2573	3110	3828	4395	5087	5718	3164.1111111111113
NM_001182489.1	604	1252	1857	2653	3102	3833	4371	5072	5747	3165.6666666666665
NM_001182831.3	662	1245	1926	2450	3155	3859	4478	5118	5728	3180.1111111111113
NM_001179730.1	612	1246	2014	2713	3176	3857	4571	5136	5722	3227.4444444444443
NM_001182869.1	650	1282	1927	2633	3219	3879	4588	5186	5781	3238.3333333333335
NM_001183653.3	652	1325	1968	2611	3224	3944	4603	5201	5906	3270.4444444444443
NM_001181752.3	622	1392	1974	2720	3254	4020	4656	5261	5815	3301.5555555555557
NM_001180036.1	691	1357	1993	2651	3253	4057	4684	5356	6037	3342.1111111111113
NM_001182175.1	662	1341	1933	2673	3302	4079	4701	5382	6072	3349.4444444444443
NM_001180331.1	647	1371	2027	2630	3399	3987	4725	5465	6061	3368.0
NM_001184040.1	694	1362	2044	2653	3369	4076	4772	5354	6094	3379.777777777778
NM_001180693.1	653	1322	2044	2725	3403	4035	4797	5465	6002	3382.8888888888887
NM_001180120.1	691	1399	1931	2740	3423	3970	4794	5438	6080	3385.1111111111113
NM_001179271.1	628	1365	2024	2687	3355	4100	4775	5498	6058	3387.777777777778
NM_001182084.1	704	1358	2064	2709	3365	4141	4741	5430	6192	3411.5555555555557
NM_001181215.3	702	1393	2093	2728	3444	4034	4783	5460	6194	3425.6666666666665
NM_001182320.3	687	1364	2043	2676	3368	4226	4811	5606	6134	3435.0
NM_001181674.1	677	1386	2117	2743	3547	4161	5070	5626	6291	3513.1111111111113
NM_001182192.1	680	1331	2105	2914	3564	4314	4856	5690	6395	3538.777777777778
NM_001184242.1	742	1425	2151	2895	3532	4252	4946	5644	6362	3549.8888888888887
NM_001178767.1	690	1404	2100	2911	3648	4233	4972	5752	6318	3558.6666666666665
NM_001180755.3	713	1369	2104	2779	3537	4310	5106	5786	6517	3580.1111111111113
NM_001179149.1	754	1420	2160	2901	3561	4319	4943	5892	6478	3603.1111111111113
NM_001181071.1	739	1405	2290	2881	3544	4466	5118	5901	6769	3679.222222222222
NM_001179113.1	756	1522	2189	2920	3704	4531	5170	5823	6725	3704.4444444444443
NM_001184260.1	743	1436	2244	2905	3731	4489	5155	5959	6714	3708.4444444444443
NM_001178327.1	748	1512	2214	2933	3689	4527	5118	5922	6734	3710.777777777778
NM_001179021.1	703	1550	2195	2985	3829	4425	5109	5847	6781	3713.777777777778
NM_001180073.1	783	1508	2206	2945	3651	4409	5247	5975	6738	3718.0
NM_001179068.3	760	1495	2306	2960	3721	4470	5104	5913	6783	3723.5555555555557
NM_001179401.3	788	1455	2157	3066	3760	4514	5151	5989	6790	3741.1111111111113
NM_001181408.1	729	1520	2235	3074	3777	4499	5287	5968	6798	3765.222222222222
NM_001180534.1	752	1487	2256	3095	3761	4510	5278	6050	6767	3772.8888888888887
NM_001183586.1	803	1500	2175	3046	3744	4539	5439	5997	6791	3781.5555555555557
NM_001182894.1	733	1501	2309	3022	3851	4571	5355	6085	6745	3796.8888888888887
NM_001181247.3	769	1506	2253	3047	3742	4544	5422	6126	6795	3800.4444444444443
NM_001178634.1	745	1463	2251	3020	3823	4659	5323	6096	6879	3806.5555555555557
NM_001181838.1	749	1533	2310	3090	3818	4524	5291	6199	6901	3823.8888888888887
NM_001183851.1	826	1554	2373	3074	3817	4709	5476	6109	7050	3887.5555555555557
NM_001179847.3	715	1567	2282	3128	3892	4717	5423	6181	7145	3894.4444444444443
NM_001181591.1	801	1559	2323	3025	3954	4678	5457	6151	7177	3902.777777777778
NM_001180143.1	756	1563	2316	3062	3898	4786	5446	6377	7014	3913.1111111111113
NM_001178379.1	740	1585	2356	3202	3881	4792	5541	6324	7096	3946.3333333333335
NM_001181100.1	786	1564	2366	3189	3907	4698	5584	6419	7212	3969.4444444444443
NM_001182934.3	778	1599	2371	3253	3981	4768	5585	6295	7103	3970.3333333333335
NM_001182021.1	827	1622	2374	3098	3947	4801	5615	6304	7152	3971.1111111111113
NM_001181060.3	801	1591	2417	3166	3902	4840	5498	6324	7235	3974.8888888888887
NM_001179334.1	782	1583	2405	3222	4014	4815	5444	6292	7244	3977.8888888888887
NM_001183587.3	825	1581	2398	3188	3908	4838	5535	6343	7234	3983.3333333333335
NM_001180891.1	819	1689	2462	3247	3938	4778	5492	6303	7164	3988.0
NM_001180808.1	799	1617	2430	3192	3952	4780	5709	6425	7280	4020.4444444444443
NM_001182222.1	819	1646	2432	3282	4050	4775	5558	6477	7218	4028.5555555555557
NM_001180242.1	827	1634	2358	3251	4060	4817	5752	6406	7253	4039.777777777778
NM_001181284.3	816	1589	2357	3216	4121	4844	5635	6544	7294	4046.222222222222
NM_001181624.1	822	1645	2467	3170	3990	4924	5738	6480	7257	4054.777777777778
NM_001179324.3	759	1675	2399	3279	4113	4970	5697	6481	7412	4087.222222222222
NM_001180970.1	765	1617	2486	3250	4053	4883	5712	6635	7491	4099.111111111111
NM_001180874.1	816	1665	2571	3308	4213	5012	5749	6714	7375	4158.111111111111
NM_001178157.1	845	1646	2530	3298	4251	5065	5907	6590	7691	4202.555555555556
NM_001179000.1	848	1652	2547	3326	4179	5101	5914	6711	7579	4206.333333333333
NM_001178373.1	833	1666	2557	3339	4260	5009	5943	6700	7654	4217.888888888889
NM_001184311.3	861	1754	2530	3367	4268	5153	5963	6882	7679	4273.0
NM_001182622.1	849	1646	2579	3426	4250	5097	6111	6865	7809	4292.444444444444
NM_001182724.1	847	1662	2612	3447	4243	5158	6023	6860	7859	4301.222222222223
NM_001179067.3	893	1759	2629	3408	4390	5166	6125	6804	7921	4343.888888888889
NM_001182737.1	830	1740	2614	3573	4369	5194	6176	6991	7663	4350.0
NM_001178180.1	851	1695	2637	3445	4449	5264	6089	6944	7779	4350.333333333333
NM_001178965.3	884	1769	2597	3446	4349	5227	6199	7098	7849	4379.777777777777
NM_001182233.1	850	1729	2664	3519	4337	5232	6209	7159	7894	4399.222222222223
NM_001178842.3	886	1801	2672	3626	4477	5351	6213	7233	7955	4468.222222222223
NM_001182736.1	909	1780	2744	3565	4574	5414	6215	7303	8096	4511.111111111111
NM_001181363.1	899	1776	2717	3575	4583	5440	6262	7234	8275	4529.0
NM_001181945.1	879	1813	2650	3655	4492	5488	6507	7394	8218	4566.222222222223
NM_001182870.1	892	1825	2725	3722	4563	5445	6456	7307	8293	4580.888888888889
NM_001181411.1	890	1866	2777	3761	4667	5674	6536	7424	8377	4663.555555555556
NM_001181569.1	939	1959	2730	3820	4619	5586	6734	7506	8464	4706.333333333333
NM_001178475.3	1067	1891	2850	3926	4942	5769	6766	7677	8784	4852.444444444444
NM_001179403.1	966	2005	2966	3848	4784	5824	6921	7723	8779	4868.444444444444
NM_001178396.1	1001	1907	3039	3959	4750	5831	6954	7846	8784	4896.777777777777
NM_001183572.3	984	2001	3027	3976	4871	5912	6992	8061	9032	4984.0
NM_001182181.1	980	1984	2984	3964	4992	6024	7014	7985	8949	4986.222222222223
NM_001183601.3	951	2029	2957	4027	5096	6127	6924	8078	8996	5020.555555555556
NM_001181223.1	1024	1988	3017	3990	5014	6040	7041	8121	8954	5021.0
NM_001181414.1	1022	2033	2966	4018	4991	6020	7099	8016	9061	5025.111111111111
NM_001181513.1	983	1972	3030	4033	5017	6088	7023	8007	9196	5038.777777777777
NM_001181253.1	1068	1995	2989	4051	5056	6042	7054	8044	9255	5061.555555555556
NM_001181468.3	1038	1928	3043	3965	5062	6122	7135	8204	9084	5064.555555555556
NM_001181610.1	1015	2025	3072	4065	5115	6123	7063	7977	9157	5068.0
NM_001179194.1	1027	2110	3042	4046	5217	6178	7071	8168	9041	5100.0
NM_001180141.1	989	2126	3120	4208	5141	6234	7173	8339	9194	5169.333333333333
NM_001182902.1	1026	2049	3164	4180	5244	6341	7229	8401	9374	5223.111111111111
NM_001183623.3	1084	2130	3167	4187	5282	6430	7521	8505	9544	5316.666666666667
NM_001179832.3	1027	2159	3215	4242	5299	6294	7486	8584	9678	5331.555555555556
NM_001182173.1	1047	2177	3169	4372	5469	6456	7558	8534	9663	5382.777777777777
NM_001184171.1	1085	2140	3210	4324	5425	6419	7558	8622	9762	5393.888888888889
NM_001180142.1	1007	2085	3238	4433	5413	6568	7562	8656	9727	5409.888888888889
NM_001178316.1	1024	2144	3252	4337	5426	6577	7633	8711	9861	5440.555555555556
NM_001183363.1	1086	2169	3243	4333	5507	6543	7587	8737	9826	5447.888888888889
NM_001183974.1	1081	2179	3253	4448	5514	6566	7678	8805	9796	5480.0
NM_001183755.3	1096	2159	3308	4528	5390	6518	7711	8828	9964	5500.222222222223
NM_001182905.1	1124	2202	3344	4390	5497	6625	7829	8819	9955	5531.666666666667
NM_001179314.3	1093	2307	3359	4342	5473	6616	7729	8923	10021	5540.333333333333
NM_001179775.1	1126	2369	3331	4619	5641	6837	8200	9154	10238	5723.888888888889
NM_001180030.3	1109	2311	3513	4596	5820	6946	8187	9167	10431	5786.666666666667
NM_001182231.1	1177	2343	3603	4712	5794	7011	8011	9272	10352	5808.333333333333
NM_001180758.1	1186	2368	3497	4689	5892	7068	8225	9246	10401	5841.333333333333
NM_001182146.1	1215	2431	3494	4693	6005	7031	8354	9446	10824	5943.666666666667
NM_001183446.1	1177	2347	3601	4798	5933	7312	8467	9524	10773	5992.444444444444
NM_001179481.1	1224	2365	3575	4787	6079	7247	8450	9525	10864	6012.888888888889
NM_001178934.3	1228	2358	3565	4889	5961	7261	8466	9687	10899	6034.888888888889
NM_001179428.3	1227	2355	3649	4714	6056	7388	8600	9706	10837	6059.111111111111
NM_001181622.1	1142	2440	3608	4906	6076	7190	8322	9851	11053	6065.333333333333
NM_001180345.1	1166	2421	3651	4944	6011	7314	8464	9746	10932	6072.111111111111
NM_001183375.1	1225	2466	3797	4929	6240	7279	8676	9844	11128	6176.0
NM_001181163.1	1276	2451	3754	4925	6328	7393	8563	9947	11220	6206.333333333333
NM_001180140.1	1300	2497	3800	5048	6280	7525	8758	9953	11261	6269.111111111111
NM_001182072.1	1309	2512	3773	5023	6330	7574	8834	10150	11343	6316.444444444444
NM_001181277.3	1263	2486	3789	5093	6359	7645	8908	10182	11437	6351.333333333333
NM_001182645.1	1275	2538	3813	5100	6375	7730	8944	10106	11397	6364.222222222223
NM_001184140.1	1324	2551	3837	5069	6341	7629	8919	10311	11467	6383.111111111111
NM_001180189.1	1275	2597	3876	5089	6376	7656	8883	10174	11552	6386.444444444444
NM_001183140.1	1288	2609	3799	4991	6388	7752	8986	10170	11581	6396.0
NM_001179310.1	1351	2628	3991	5230	6540	7694	8879	10407	11615	6481.666666666667
NM_001182556.1	1312	2583	3995	5216	6450	7705	8986	10446	11693	6487.333333333333
NM_001182712.1	1342	2568	3896	5157	6608	7714	9115	10468	11645	6501.444444444444
NM_001182336.1	1301	2618	3822	5305	6560	7878	9249	10477	11759	6552.111111111111
NM_001181119.1	1251	2571	3930	5303	6596	7833	9177	10551	11978	6576.666666666667
NM_001180941.1	1307	2735	3920	5329	6573	7928	9341	10602	11825	6617.777777777777
NM_001181563.2	1270	2686	3995	5303	6663	7931	9285	10527	12029	6632.111111111111
NM_001178359.1	1330	2604	3899	5359	6687	7916	9388	10628	11949	6640.0
NM_001179496.1	1320	2717	3966	5444	6643	8176	9358	10719	12154	6721.888888888889
NM_001183712.1	1308	2713	4141	5480	6779	8126	9412	10714	12120	6754.777777777777
NM_001182749.1	1376	2746	4079	5448	6902	8194	9625	10840	12357	6840.777777777777
NM_001184312.1	1326	2795	4204	5349	6923	8309	9584	11049	12292	6870.111111111111
NM_001182818.1	1361	2729	4149	5538	6904	8312	9799	11160	12434	6931.777777777777
NM_001180185.1	1407	2760	4267	5693	7167	8377	9959	11346	12736	7079.111111111111
NM_001182214.1	1390	2864	4272	5744	7092	8469	9860	11499	12847	7115.222222222223
NM_001180385.3	1478	3056	4437	5677	7145	8795	10134	11563	12937	7246.888888888889
NM_001183193.1	1437	2839	4441	5867	7348	8742	10092	11546	13081	7265.888888888889
NM_001183957.1	1493	3012	4337	5919	7285	8630	10228	11602	12889	7266.111111111111
NM_001178688.1	1463	2975	4369	5968	7312	8660	10224	11823	12980	7308.222222222223
NM_001181111.1	1447	2912	4455	5915	7405	8876	10310	11833	13404	7395.222222222223
NM_001184045.1	1545	3013	4405	5944	7522	9055	10325	11819	13368	7444.0
NM_001181762.1	1506	2954	4628	5937	7509	8987	10509	11871	13348	7472.111111111111
NM_001178539.1	1537	3042	4450	6110	7523	9055	10638	12236	13689	7586.666666666667
NM_001180244.1	1493	3131	4590	6164	7581	9073	10469	12120	13779	7600.0
NM_001182384.1	1538	3037	4578	6083	7585	9274	10722	12163	13856	7648.444444444444
NM_001180134.1	1554	3126	4601	6055	7622	9172	10921	12328	14022	7711.222222222223
NM_001180194.1	1528	3197	4766	6205	7777	9333	10741	12464	14217	7803.111111111111
NM_001180690.3	1554	3091	4722	6243	7826	9393	10975	12478	14048	7814.444444444444
NM_001178745.1	1603	3281	4758	6163	8052	9658	11198	12747	14358	7979.777777777777
NM_001180114.1	1588	3191	4752	6429	7996	9657	11223	12772	14276	7987.111111111111
NM_001181343.1	1577	3283	4644	6563	8032	9532	11245	12819	14384	8008.777777777777
NM_001180895.1	1537	3232	4954	6528	8020	9685	11188	12879	14450	8052.555555555556
NM_001179055.1	1681	3243	4764	6503	7994	9778	11211	12969	14494	8070.777777777777
NM_001179419.1	1594	3193	4839	6517	8110	9756	11363	13006	14714	8121.333333333333
NM_001179402.1	1649	3272	4965	6483	8178	9798	11414	12895	14655	8145.444444444444
NM_001179151.1	1642	3373	4845	6593	8124	9727	11393	12957	14821	8163.888888888889
NM_001181369.1	1638	3245	4857	6589	8239	9913	11483	13201	14694	8206.555555555555
NM_001180251.2	1680	3255	4900	6630	8254	9831	11438	13200	14731	8213.222222222223
NM_001179622.1	1671	3436	4992	6595	8163	10229	11617	13325	14969	8333.0
NM_001181054.1	1658	3311	4964	6641	8434	10054	11648	13417	14922	8338.777777777777
NM_001178869.1	1670	3328	4985	6674	8362	10075	11697	13337	15202	8370.0
NM_001181948.1	1689	3342	4872	6762	8404	10033	11750	13473	15255	8397.777777777777
NM_001183293.1	1766	3361	4961	6754	8317	10183	11726	13356	15207	8403.444444444445
NM_001183000.1	1696	3308	5078	6923	8406	9936	11711	13356	15222	8404.0
NM_001178466.1	1670	3362	5037	6802	8494	10178	11775	13422	15001	8415.666666666666
NM_001181703.1	1706	3433	5102	6812	8415	10056	11770	13537	15127	8439.777777777777
NM_001181012.3	1694	3381	5064	6683	8487	10273	11835	13542	15148	8456.333333333334
NM_001178151.1	1644	3334	5053	6835	8559	10298	11774	13548	15167	8468.0
NM_001180462.1	1754	3319	5155	6858	8471	10255	11772	13590	15197	8485.666666666666
NM_001180333.3	1679	3397	4984	6726	8537	10258	12029	13531	15260	8489.0
NM_001183893.1	1689	3403	5096	6813	8533	10214	11918	13633	15415	8523.777777777777
NM_001180896.1	1703	3364	5020	6768	8622	10335	11825	13671	15412	8524.444444444445
NM_001182432.1	1755	3424	5079	6826	8768	10315	12064	13726	15452	8601.0
NM_001181156.1	1762	3510	5195	6911	8529	10450	12110	14090	15565	8680.222222222223
NM_001178849.3	1830	3596	5302	7096	8900	10801	12241	14268	16007	8893.444444444445
NM_001179095.1	1789	3575	5311	7075	8965	10715	12588	14279	16230	8947.444444444445
NM_001180025.1	1791	3661	5392	7116	8966	10720	12603	14295	16266	8978.888888888889
NM_001180245.1	1733	3561	5306	7237	9099	10746	12682	14380	16198	8993.555555555555
NM_001178426.2	1905	3515	5442	7359	9217	10862	12653	14507	16357	9090.777777777777
NM_001179007.3	1859	3654	5562	7376	9126	10923	12761	14532	16150	9104.777777777777
NM_001180196.2	1862	3684	5520	7442	9228	11010	12843	14851	16563	9222.555555555555
NM_001181623.1	1873	3867	5652	7518	9303	11234	13065	15022	16833	9374.111111111111
NM_001181592.1	1936	3888	5758	7731	9682	11418	13327	15480	17644	9651.555555555555
NM_001179140.1	1957	3968	5886	7896	9647	11807	13796	15653	17587	9799.666666666666
NM_001180057.1	2069	3969	5853	7926	9909	11735	13829	15670	17748	9856.444444444445
NM_001179748.1	1979	3972	5966	7984	9807	12002	14174	15903	17981	9974.222222222223
NM_001183732.1	2031	4035	6132	7955	10288	11972	14064	16248	18152	10097.444444444445
NM_001182382.1	2170	4159	6240	8371	10521	12453	14455	16440	18535	10371.555555555555
NM_001182244.1	2145	4206	6289	8314	10463	12292	14598	16534	18651	10388.0
NM_001179572.1	2100	4221	6229	8438	10411	12470	14782	16807	18768	10469.555555555555
NM_001179647.1	2086	4186	6420	8366	10633	12596	14944	16998	19151	10597.777777777777
NM_001180726.3	2100	4309	6314	8565	10730	12843	15103	17042	19268	10697.111111111111
NM_001183920.1	2258	4480	6663	8774	11001	13037	15373	17614	19629	10981.0
NM_001184054.1	2258	4324	6514	8799	10870	13246	15476	17646	19745	10986.444444444445
NM_001182037.1	2164	4458	6558	8863	10993	13320	15250	17466	19914	10998.444444444445
NM_001181935.1	2168	4464	6614	8768	11088	13206	15346	17658	19787	11011.0
NM_001184631.1	2236	4407	6693	8722	10994	13368	15295	17629	19837	11020.111111111111
NM_001180289.1	2246	4419	6593	8934	11137	13207	15591	17650	19951	11080.888888888889
NM_001179884.3	2194	4461	6848	8713	11022	13175	15547	17775	20091	11091.777777777777
NM_001183789.3	2229	4374	6722	8770	11132	13456	15623	17824	20088	11135.333333333334
NM_001182329.1	2190	4392	6762	8926	11431	13409	15810	17910	20029	11206.555555555555
NM_001178267.1	2269	4455	6692	9123	11312	13495	15842	17795	20214	11244.111111111111
NM_001183294.1	2278	4611	6805	9036	11536	13849	15939	18134	20509	11410.777777777777
NM_001179746.1	2327	4482	6877	9184	11444	13785	15958	18183	20692	11436.888888888889
NM_001184229.1	2319	4601	6886	9270	11503	13880	16032	18161	20609	11473.444444444445
NM_001178537.3	2358	4669	6940	9219	11511	13825	16170	18381	20899	11552.444444444445
NM_001183374.1	2343	4616	6933	9334	11495	14046	16173	18564	20727	11581.222222222223
NM_001178150.1	2351	4720	7102	9306	11787	14005	16290	18631	20777	11663.222222222223
NM_001184012.1	2338	4773	7034	9167	11635	14059	16389	18610	21267	11696.888888888889
NM_001179927.1	2395	4721	7012	9423	11718	14228	16385	18490	21292	11740.444444444445
NM_001178332.1	2366	4754	7154	9365	11724	14052	16475	18826	21167	11764.777777777777
NM_001184199.1	2356	4699	7007	9408	11941	14011	16719	18878	21146	11796.111111111111
NM_001183875.1	2366	4783	7255	9775	12091	14541	16947	19442	21775	12108.333333333334
NM_001178544.1	2344	4805	7369	9714	12146	14523	17113	19408	21875	12144.111111111111
NM_001182907.1	2394	4921	7367	9654	12263	14846	17494	19750	22267	12328.444444444445
NM_001182386.1	2460	4981	7502	9948	12383	15048	17291	19761	22591	12440.555555555555
NM_001180372.3	2459	4922	7559	9985	12249	14892	17572	19972	22412	12446.888888888889
NM_001182644.1	2495	5039	7566	10059	12624	14971	17257	20190	22738	12548.777777777777
NM_001179849.3	2546	5103	7675	10232	12710	15280	17602	20407	22837	12710.222222222223
NM_001181916.1	2614	5157	7859	10425	13087	15581	18299	20896	23428	13038.444444444445
NM_001183381.1	2689	5442	8121	10923	13494	16308	18973	21728	24545	13580.333333333334
NM_001183515.1	2780	5405	8204	10999	13828	16457	19138	21861	24788	13717.777777777777
NM_001181865.1	2752	5424	8333	11094	13963	16538	19489	22458	24956	13889.666666666666
NM_001182422.1	2834	5618	8322	11228	14085	16618	19463	22348	25324	13982.222222222223
NM_001184034.1	2870	5900	8690	11713	14593	17527	20199	23326	26085	14544.777777777777
NM_001180968.1	3019	5981	9065	12072	15058	18073	20908	24361	27094	15070.111111111111
NM_001181803.3	3142	6148	9296	12373	15294	18605	21543	24655	27545	15400.111111111111
NM_001182616.1	3177	6369	9732	12599	15921	19117	22266	25377	28695	15917.0
NM_001180988.1	3288	6663	9904	13162	16474	19727	22929	26206	29599	16439.11111111111
NM_001181996.1	3238	6654	9888	13158	16503	19844	23375	26670	29880	16578.88888888889
NM_001181781.1	3447	6734	10148	13578	16971	20361	23449	26845	30338	16874.555555555555
NM_001183945.1	3439	6827	10450	13837	17165	20816	23883	27301	31006	17191.555555555555
NM_001183016.3	3390	7007	10416	13967	17198	20913	24221	27653	30763	17280.88888888889
NM_001178993.1	3532	6942	10444	13873	17548	20832	24472	27720	31004	17374.11111111111
NM_001182229.1	3521	6866	10577	14006	17527	20912	24239	27826	31536	17445.555555555555
NM_001182054.1	3801	7533	11474	14963	18892	22644	26376	30118	33987	18865.333333333332
NM_001183904.1	3752	7572	11192	15095	19023	23045	26735	30528	34327	19029.88888888889
NM_001179368.1	3964	8138	12133	16493	20439	24390	28514	32367	36564	20333.555555555555
NM_001180320.3	4065	8277	12292	16354	20409	24566	28575	32359	36775	20408.0
NM_001181485.3	4306	8564	12950	17219	21476	25670	29768	34383	38386	21413.555555555555
NM_001180358.1	4533	8926	13487	17584	22075	26588	31154	35453	39786	22176.222222222223
NM_001183482.1	4813	9551	14435	19288	24210	28918	33538	38300	43518	24063.444444444445
NM_001181962.1	4890	9969	14732	19661	24493	29639	34520	39521	44792	24690.777777777777
NM_001182692.1	5069	10119	15354	20444	25738	30824	35877	41006	45764	25577.222222222223
NM_001183047.1	5457	11179	16472	22243	27872	33391	39128	44709	49936	27820.777777777777
NM_001179718.1	5903	11707	17506	23541	29170	35251	41114	46990	53208	29376.666666666668
NM_001180873.1	7309	14520	22056	29414	36678	43897	51599	59141	65983	36733.0
NM_001183552.1	7731	14954	22585	30379	38138	45583	53104	60857	68531	37984.666666666664
NM_001181997.1	7832	15686	23132	30812	38865	46204	54399	62002	69785	38746.333333333336
NM_001178725.1	7840	15560	23719	31387	39515	47101	54998	63282	71144	39394.0
NM_001182136.1	9281	18901	28150	37823	47008	56271	66193	75288	84852	47085.22222222222
NM_001183340.1	10625	20747	31321	41919	52431	63164	72924	83494	93962	52287.444444444445
NM_001181666.1	10768	21529	32437	43144	53719	64345	75238	86395	96731	53811.77777777778
NM_001179626.1	11085	22113	33262	44236	54916	66200	77263	88315	98965	55150.555555555555
NM_001181844.1	11807	23782	35086	46986	58891	70143	82381	93916	105669	58740.11111111111
NM_001178183.1	12471	25282	37931	50494	63173	75806	88533	100827	113464	63109.0
NM_001181321.3	14118	28275	42252	55963	70494	84655	98974	113083	127520	70592.66666666667
NM_001179305.1	22051	44101	66462	88673	110791	132373	155591	177464	199040	110727.33333333333
NM_001181931.1	22579	45588	68020	90733	113366	135742	159059	181225	203524	113315.11111111111
NM_001184177.1	31521	62686	94689	125368	156953	188485	219979	251330	281822	156981.44444444444
