	0	1	2	3	4	5	6	7	8	mean
NM_001184405.1	0	0	0	0	0	0	0	0	0	0.0
NM_001348847.1	0	0	0	0	0	0	0	0	0	0.0
NM_001181461.3	0	0	0	0	0	0	0	0	0	0.0
NM_001348893.1	0	0	0	0	0	0	0	0	0	0.0
NM_001184462.1	0	0	0	0	0	0	0	0	0	0.0
NM_001184314.1	0	0	0	0	0	0	0	0	0	0.0
NM_001184557.1	0	0	0	0	0	0	0	0	0	0.0
NM_001184302.1	0	0	0	0	0	0	0	0	0	0.0
NM_001180853.1	0	0	0	0	0	0	0	0	0	0.0
NM_001180850.3	0	0	0	0	0	0	0	0	0	0.0
NM_001184609.1	0	0	0	0	0	0	0	0	0	0.0
NM_001395037.1	0	0	0	0	0	0	0	0	0	0.0
NM_001184406.2	0	0	0	0	0	0	0	0	0	0.0
NM_001184608.1	0	0	0	0	0	0	0	0	0	0.0
NM_001184571.1	0	0	0	0	0	0	0	0	0	0.0
NM_001184643.3	0	0	0	0	0	0	0	0	0	0.0
NM_001184541.3	0	0	0	0	0	0	0	0	0	0.0
NM_001179636.1	0	0	0	0	0	0	0	0	0	0.0
NM_001178884.1	0	0	0	0	0	0	0	0	0	0.0
NM_001178890.1	0	0	0	0	0	0	0	0	0	0.0
NM_001178891.1	0	0	0	0	0	0	0	0	0	0.0
NM_001180855.1	0	0	0	0	0	0	0	0	0	0.0
NM_001184603.1	0	0	0	0	0	0	0	0	0	0.0
NM_001183418.1	0	0	0	0	0	0	0	0	0	0.0
NM_001184623.1	0	0	0	0	0	0	0	0	0	0.0
NM_001184610.1	0	0	0	0	0	0	0	0	0	0.0
NM_001184391.1	0	0	0	0	0	0	0	0	0	0.0
NM_001348883.1	0	0	0	0	0	0	0	0	0	0.0
NM_001348825.1	0	0	0	0	0	0	0	0	0	0.0
NM_001348824.1	0	0	0	0	0	0	0	0	0	0.0
NM_001348854.1	0	0	0	0	0	0	0	0	0	0.0
NM_001183233.3	0	0	0	0	0	0	0	0	0	0.0
NM_001184666.1	0	0	0	0	0	0	0	0	0	0.0
NM_001182333.3	0	0	0	0	0	0	0	0	0	0.0
NM_001184579.3	0	0	0	0	0	0	0	0	0	0.0
NM_001184578.1	0	0	0	0	0	0	0	0	0	0.0
NM_001184644.1	0	0	0	0	0	0	0	0	0	0.0
NM_001184062.1	0	0	0	0	0	0	0	0	0	0.0
NM_001184392.2	0	0	0	0	0	0	0	0	0	0.0
NM_001183249.1	0	0	0	0	0	0	0	0	0	0.0
NM_001183245.1	0	0	0	0	0	0	0	0	0	0.0
NM_001184399.1	0	0	0	0	0	0	0	0	0	0.0
NM_001184604.1	0	0	0	0	0	0	0	0	0	0.0
NM_001179563.1	0	0	0	0	0	0	0	0	0	0.0
NM_001348862.1	0	0	0	0	0	0	0	0	0	0.0
NM_001180422.3	0	0	0	0	0	0	0	0	0	0.0
NM_001184416.1	0	0	0	0	0	0	0	0	0	0.0
NM_001184417.2	0	0	0	0	0	0	0	0	0	0.0
NM_001348812.1	0	0	0	0	0	0	0	0	0	0.0
NM_001181057.3	0	0	0	0	0	0	0	0	0	0.0
NM_001181058.1	0	0	0	0	0	0	0	0	0	0.0
NM_001348856.1	0	0	0	0	0	0	0	0	0	0.0
NM_001183944.1	0	0	0	0	0	0	0	0	0	0.0
NM_001184554.1	0	0	0	0	0	0	0	0	0	0.0
NM_001395038.1	0	0	0	0	0	0	0	0	0	0.0
NM_001183870.1	0	0	0	0	0	0	0	0	0	0.0
NM_001348835.1	0	0	0	0	0	0	0	0	0	0.0
NM_001182713.1	0	0	0	0	0	0	0	0	0	0.0
NM_001348814.1	0	0	0	0	0	0	0	0	0	0.0
NM_001184418.1	0	0	0	0	0	0	0	0	0	0.0
NM_001348813.1	0	0	0	0	0	0	0	0	0	0.0
NM_001184546.1	0	0	0	0	0	0	0	0	0	0.0
NM_001184615.1	0	0	0	0	0	0	0	0	0	0.0
NM_001184407.1	0	0	0	0	0	0	0	0	0	0.0
NM_001348834.1	0	0	0	0	0	0	0	0	0	0.0
NM_001184548.3	0	0	0	0	0	0	0	0	0	0.0
NM_001181546.3	0	0	0	0	0	0	0	0	0	0.0
NM_001348891.1	0	0	0	0	0	0	0	0	0	0.0
NM_001184542.1	0	0	0	0	0	0	0	0	0	0.0
NM_001348896.1	0	0	0	0	0	0	0	0	0	0.0
NM_001183687.3	0	0	0	0	0	0	0	0	0	0.0
NM_001395035.1	0	0	0	0	0	0	0	0	0	0.0
NM_001181809.2	0	0	0	0	0	0	0	0	0	0.0
NM_001348848.1	0	0	0	0	0	0	0	0	0	0.0
NM_001395731.1	0	0	0	0	0	0	0	0	0	0.0
NM_001184575.1	0	0	0	0	0	0	0	0	0	0.0
NM_001184514.1	0	0	0	0	0	0	0	0	0	0.0
NM_001183269.1	0	0	0	0	0	0	0	0	0	0.0
NM_001184622.1	0	0	0	0	0	0	0	0	0	0.0
NM_001181765.2	0	0	0	0	0	0	0	0	0	0.0
NM_001184552.1	0	0	0	0	0	0	0	0	0	0.0
NM_001184473.1	0	0	0	0	0	0	0	0	0	0.0
NM_001184014.1	0	0	0	0	0	0	0	0	0	0.0
NM_001179269.1	0	0	0	0	0	0	0	0	0	0.0
NM_001348827.1	0	0	0	0	0	0	0	0	0	0.0
NM_001184617.1	0	0	0	0	0	0	0	0	0	0.0
NM_001184566.1	0	0	0	0	0	0	0	0	0	0.0
NM_001182048.1	0	0	0	0	0	0	0	0	0	0.0
NM_001178864.1	0	0	0	0	0	0	0	0	0	0.0
NM_001395033.1	0	0	0	0	0	0	0	0	0	0.0
NM_001184465.1	0	0	0	0	0	0	0	0	0	0.0
NM_001179903.1	0	0	0	0	0	0	0	0	0	0.0
NM_001179902.1	0	0	0	0	0	0	0	0	0	0.0
NM_001179901.1	0	0	0	0	0	0	0	0	0	0.0
NM_001179900.1	0	0	0	0	0	0	0	0	0	0.0
NM_001179899.1	0	0	0	0	0	0	0	0	0	0.0
NM_001348807.1	0	0	0	0	0	0	0	0	0	0.0
NM_001182836.3	0	0	0	0	0	0	0	0	0	0.0
NM_001184561.1	0	0	0	0	0	0	0	0	0	0.0
NM_001181126.1	0	0	0	0	0	0	0	0	0	0.0
NM_001181128.1	0	0	0	0	0	0	0	0	0	0.0
NM_001180022.3	0	0	0	0	0	0	0	0	0	0.0
NM_001182584.1	0	0	0	0	0	0	0	0	0	0.0
NM_001348865.1	0	0	0	0	0	0	0	0	0	0.0
NM_001348808.1	0	0	0	0	0	0	0	0	0	0.0
NM_001184646.3	0	0	0	0	0	0	0	0	0	0.0
NM_001183385.1	0	0	0	0	0	0	0	0	0	0.0
NM_001348823.1	0	0	0	0	0	0	0	0	0	0.0
NM_001348892.1	0	0	0	0	0	0	0	0	0	0.0
NM_001184550.1	0	0	0	0	0	0	0	0	0	0.0
NM_001182835.1	0	0	0	0	0	0	0	0	0	0.0
NM_001180052.1	0	0	0	0	0	0	0	0	0	0.0
NM_001180043.1	0	0	0	0	0	0	0	0	0	0.0
NM_001348889.1	0	0	0	0	0	0	0	0	0	0.0
NM_001179450.1	0	0	0	0	0	0	0	0	0	0.0
NM_001270750.1	0	0	0	0	0	0	0	0	0	0.0
NM_001181425.3	0	0	0	0	0	0	0	0	0	0.0
NM_001184456.1	0	0	0	0	0	0	0	0	0	0.0
NM_001184682.1	0	0	0	0	0	0	0	0	0	0.0
NM_001348821.1	0	0	0	0	0	0	0	0	0	0.0
NM_001179907.1	0	0	0	0	0	0	0	0	0	0.0
NM_001348878.1	0	0	0	0	0	0	0	0	0	0.0
NM_001183487.1	0	0	0	0	0	0	0	0	0	0.0
NM_001181687.2	0	0	0	0	0	0	0	0	0	0.0
NM_001416099.1	0	0	0	0	0	0	0	0	0	0.0
NM_001184650.1	0	0	0	0	0	0	0	0	0	0.0
NM_001179129.1	0	0	0	0	0	0	0	0	0	0.0
NM_001179130.1	0	0	0	0	0	0	0	0	0	0.0
NM_001183358.1	0	0	0	0	0	0	0	0	0	0.0
NM_001348881.1	0	0	0	0	0	0	0	0	0	0.0
NM_001181539.1	0	0	0	0	0	0	0	0	0	0.0
NM_001179183.1	0	0	0	0	0	0	0	0	0	0.0
NM_001395032.1	0	0	0	0	0	0	0	0	0	0.0
NM_001179185.1	0	0	0	0	0	0	0	0	0	0.0
NM_001395031.1	0	0	0	0	0	0	0	0	0	0.0
NM_001184635.1	0	0	0	0	0	0	0	0	0	0.0
NM_001184476.1	0	0	0	0	0	0	0	0	0	0.0
NM_001180026.1	0	0	0	0	0	0	0	0	0	0.0
NM_001267862.1	0	0	0	0	0	0	0	0	0	0.0
NM_001184621.3	0	0	0	0	0	0	0	0	0	0.0
NM_001348875.1	0	0	0	0	0	0	0	0	0	0.0
NM_001184096.1	0	0	0	0	0	0	0	0	0	0.0
NM_001184626.1	0	0	0	0	0	0	0	0	0	0.0
NM_001183814.3	0	0	0	0	0	0	0	0	0	0.0
NM_001184637.1	0	0	0	0	0	0	0	0	0	0.0
NM_001348818.1	0	0	0	0	0	0	0	0	0	0.0
NM_001184553.1	0	0	0	0	0	0	0	0	0	0.0
NM_001183415.1	0	0	0	0	0	0	0	0	0	0.0
NM_001183416.1	0	0	0	0	0	0	0	0	0	0.0
NM_001348863.1	0	0	0	0	0	0	0	0	0	0.0
NM_001182350.3	0	0	0	0	0	0	0	0	0	0.0
NM_001182349.1	0	0	0	0	0	0	0	0	0	0.0
NM_001182047.1	0	0	0	0	0	0	0	0	0	0.0
NM_001184565.1	0	0	0	0	0	0	0	0	0	0.0
NM_001182046.1	0	0	0	0	0	0	0	0	0	0.0
NM_001182045.1	0	0	0	0	0	0	0	0	0	0.0
NM_001184614.1	0	0	0	0	0	0	0	0	0	0.0
NM_001348882.1	0	0	0	0	0	0	0	0	0	0.0
NM_001183771.3	0	0	0	0	0	0	0	0	0	0.0
NM_001395042.1	0	0	0	0	0	0	0	0	0	0.0
NM_001181048.1	0	0	0	0	0	0	0	0	0	0.0
NM_001182486.1	0	0	0	0	0	0	0	0	0	0.0
NM_001182355.3	0	0	0	0	0	0	0	0	0	0.0
NM_001182352.1	0	0	0	0	0	0	0	0	0	0.0
NM_001178710.1	0	0	0	0	0	0	0	0	0	0.0
NM_001178711.1	0	0	0	0	0	0	0	0	0	0.0
NM_001178650.1	0	0	0	0	0	0	0	0	0	0.0
NM_001178649.3	0	0	0	0	0	0	0	0	0	0.0
NM_001184588.1	0	0	0	0	0	0	0	0	0	0.0
NM_001178646.1	0	0	0	0	0	0	0	0	0	0.0
NM_001183835.1	0	0	0	0	0	0	0	0	0	0.0
NM_001181884.1	0	0	0	0	0	0	0	0	0	0.0
NM_001181886.1	0	0	0	0	0	0	0	0	0	0.0
NM_001184605.1	0	0	0	0	0	0	0	0	0	0.0
NM_001181887.1	0	0	0	0	0	0	0	0	0	0.0
NM_001183177.1	0	0	0	0	0	0	0	0	0	0.0
NM_001182838.1	0	0	0	0	0	0	0	0	0	0.0
NM_001184569.1	0	0	0	0	0	0	0	0	0	0.0
NM_001348861.1	0	0	0	0	0	0	0	0	0	0.0
NM_001184429.1	0	0	0	0	0	0	0	0	0	0.0
NM_001179050.4	0	0	0	0	0	0	0	0	0	0.0
NM_001178368.1	0	0	0	0	0	0	0	0	0	0.0
NM_001184661.1	0	0	0	0	0	0	0	0	0	0.0
NM_001184616.1	0	0	0	0	0	0	0	0	0	0.0
NM_001348815.1	0	0	0	0	0	0	0	0	0	0.0
NM_001184420.1	0	0	0	0	0	0	0	0	0	0.0
NM_001183107.1	0	0	0	0	0	0	0	0	0	0.0
NM_001184629.1	0	0	0	0	0	0	0	0	0	0.0
NM_001184300.1	0	0	0	0	0	0	0	0	0	0.0
NM_001184301.1	0	0	0	0	0	0	0	0	0	0.0
AI5_BETA	0	0	0	0	0	0	0	0	0	0.0
NM_001184590.1	0	0	0	0	0	0	0	0	0	0.0
NM_001270756.1	0	0	0	0	0	0	0	0	0	0.0
NM_001180278.1	0	0	0	0	0	0	0	0	0	0.0
NM_001184625.1	0	0	0	0	0	0	0	0	0	0.0
NM_001180305.1	0	0	0	0	0	0	0	0	0	0.0
NM_001180306.1	0	0	0	0	0	0	0	0	0	0.0
NM_001270752.1	0	0	0	0	0	0	0	0	0	0.0
NM_001184655.1	0	0	0	0	0	0	0	0	0	0.0
NM_001179926.1	0	0	0	0	0	0	0	0	0	0.0
NM_001184549.1	0	0	0	0	0	0	0	0	0	0.0
NM_001184582.1	0	0	0	0	0	0	0	0	0	0.0
NM_001184633.1	0	0	0	0	0	0	0	0	0	0.0
NM_001348828.1	0	0	0	0	0	0	0	0	0	0.0
NM_001184424.1	0	0	0	0	0	0	0	0	0	0.0
NM_001180880.3	0	0	0	0	0	0	0	0	0	0.0
NM_001179894.1	0	0	0	0	0	0	0	0	0	0.0
NM_001348886.1	0	0	0	0	0	0	0	0	0	0.0
NM_001179513.1	0	0	0	0	0	0	0	0	0	0.0
NM_001182191.1	0	0	0	0	0	0	0	0	0	0.0
NM_001184580.1	0	0	0	0	0	0	0	0	0	0.0
NM_001181737.1	0	0	0	0	0	0	0	0	0	0.0
NM_001348837.1	0	0	0	0	0	0	0	0	0	0.0
NM_001184218.2	0	0	0	0	0	0	0	0	0	0.0
NM_001270751.1	0	0	0	0	0	0	0	0	0	0.0
NM_001179410.3	0	0	0	0	0	0	0	0	0	0.0
NM_001184628.1	0	0	0	0	0	0	0	0	0	0.0
NM_001184587.3	0	0	0	0	0	0	0	0	0	0.0
NM_001179916.1	0	0	0	0	0	0	0	0	0	0.0
NM_001348853.1	0	0	0	0	0	0	0	0	0	0.0
NM_001184426.3	0	0	0	0	0	0	0	0	0	0.0
NM_001348888.1	0	0	0	0	0	0	0	0	0	0.0
NM_001183156.1	0	0	0	0	0	0	0	0	0	0.0
NM_001180045.1	0	0	0	0	0	0	0	0	0	0.0
NM_001178235.1	0	0	0	0	0	0	0	0	0	0.0
NM_001184583.1	0	0	0	0	0	0	0	0	0	0.0
NM_001178219.1	0	0	0	0	0	0	0	0	0	0.0
NM_001179906.1	0	0	0	0	0	0	0	0	0	0.0
NM_001348845.1	0	0	0	0	0	0	0	0	0	0.0
NM_001184584.1	0	0	0	0	0	0	0	0	0	0.0
NM_001184585.1	0	0	0	0	0	0	0	0	0	0.0
NM_001184458.1	0	0	0	0	0	0	0	0	0	0.0
NM_001184430.1	0	0	0	0	0	0	0	0	0	0.0
NM_001180053.1	0	0	0	0	0	0	0	0	0	0.0
NM_001184601.1	0	0	0	0	0	0	0	0	0	0.0
NM_001184600.1	0	0	0	0	0	0	0	0	0	0.0
NM_001184599.3	0	0	0	0	0	0	0	0	0	0.0
NM_001184151.1	0	0	0	0	0	0	0	0	0	0.0
NM_001184642.1	0	0	0	0	0	0	0	0	0	0.0
NM_001178206.2	0	0	0	0	0	0	0	0	0	0.0
NM_001180041.1	0	0	0	0	0	0	0	0	0	0.0
NM_001184638.1	0	0	0	0	0	0	0	0	0	0.0
NM_001348860.1	0	0	0	0	0	0	0	0	0	0.0
NM_001180862.2	0	0	0	0	0	0	0	0	0	0.0
NM_001180024.1	0	0	0	0	0	0	0	0	0	0.0
NM_001348832.1	0	0	0	0	0	0	0	0	0	0.0
NM_001179350.3	0	0	0	0	0	0	0	0	0	0.0
NM_001179349.1	0	0	0	0	0	0	0	0	0	0.0
NM_001348871.1	0	0	0	0	0	0	0	0	0	0.0
NM_001270757.1	0	0	0	0	0	0	0	0	0	0.0
NM_001348817.1	0	0	0	0	0	0	0	0	0	0.0
NM_001184425.2	0	0	0	0	0	0	0	0	0	0.0
NM_001181101.1	0	0	0	0	0	0	0	0	0	0.0
NM_001184556.1	0	0	0	0	0	0	0	0	0	0.0
NM_001184658.1	0	0	0	0	0	0	0	0	0	0.0
NM_001348879.1	0	0	0	0	0	0	0	0	0	0.0
NM_001270747.1	0	0	0	0	0	0	0	0	0	0.0
NM_001184660.1	0	0	0	0	0	0	0	0	0	0.0
NM_001348820.1	0	0	0	0	0	0	0	0	0	0.0
NM_001181899.1	0	0	0	0	0	0	0	0	0	0.0
NM_001179344.1	0	0	0	0	0	0	0	0	0	0.0
NM_001178836.3	0	0	0	0	0	0	0	0	0	0.0
NM_001184305.1	0	0	0	0	0	0	0	0	0	0.0
NM_001184598.3	0	0	0	0	0	0	0	0	0	0.0
NM_001184649.1	0	0	0	0	0	0	0	0	0	0.0
NM_001184576.1	0	0	0	0	0	0	0	0	0	0.0
NM_001184648.1	0	0	0	0	0	0	0	0	0	0.0
NM_001179070.1	0	0	0	0	0	0	0	0	0	0.0
NM_001182044.1	0	0	0	0	0	0	0	0	0	0.0
NM_001184563.1	0	0	0	0	0	0	0	0	0	0.0
NM_001182043.1	0	0	0	0	0	0	0	0	0	0.0
NM_001179805.3	0	0	0	0	0	0	0	0	0	0.0
NM_001182042.1	0	0	0	0	0	0	0	0	0	0.0
NM_001181684.3	0	0	0	0	0	0	0	0	0	0.0
NM_001184564.1	0	0	0	0	0	0	0	0	0	0.0
NM_001183633.3	0	0	0	0	0	0	0	0	0	0.0
NM_001181685.2	0	0	0	0	0	0	0	0	0	0.0
NM_001181686.1	0	0	0	0	0	0	0	0	0	0.0
NM_001184651.1	0	0	0	0	0	0	0	0	0	0.0
NM_001184404.2	0	0	0	0	0	0	0	0	0	0.0
NM_001184403.1	0	0	0	0	0	0	0	0	0	0.0
NM_001348877.1	0	0	0	0	0	0	0	0	0	0.0
NM_001178806.1	0	0	0	0	0	0	0	0	0	0.0
NM_001178764.1	0	0	0	0	0	0	0	0	0	0.0
NM_001178807.1	0	0	0	0	0	0	0	0	0	0.0
NM_001178811.1	0	0	0	0	0	0	0	0	0	0.0
NM_001348851.1	0	0	0	0	0	0	0	0	0	0.0
NM_001184543.1	0	0	0	0	0	0	0	0	0	0.0
NM_001184560.1	0	0	0	0	0	0	0	0	0	0.0
NM_001180307.1	0	0	0	0	0	0	0	0	0	0.0
NM_001348876.1	0	0	0	0	0	0	0	0	0	0.0
NM_001184574.1	0	0	0	0	0	0	0	0	0	0.0
NM_001184544.3	0	0	0	0	0	0	0	0	0	0.0
NM_001348868.1	0	0	0	0	0	0	0	0	0	0.0
NM_001184624.1	0	0	0	0	0	0	0	0	0	0.0
NM_001184667.1	0	0	0	0	0	0	0	0	0	0.0
NM_001184639.3	0	0	0	0	0	0	0	0	0	0.0
NM_001183935.1	0	0	0	0	0	0	0	0	0	0.0
NM_001184670.1	0	0	0	0	0	0	0	0	0	0.0
NM_001181423.1	0	0	0	0	0	0	0	0	1	0.1111111111111111
NM_001182303.1	0	0	0	0	0	0	0	1	0	0.1111111111111111
NM_001183034.1	0	0	0	0	0	0	1	0	0	0.1111111111111111
NM_001182196.1	0	0	0	0	0	0	0	0	1	0.1111111111111111
NM_001184193.1	0	0	0	0	0	0	0	0	1	0.1111111111111111
NM_001348890.1	0	0	0	0	0	0	0	0	1	0.1111111111111111
NM_001184015.1	0	0	0	0	0	0	0	1	0	0.1111111111111111
NM_001179126.1	0	0	0	0	0	0	0	0	1	0.1111111111111111
NM_001184393.1	0	0	0	0	0	0	0	0	1	0.1111111111111111
NM_001182049.1	0	0	0	0	0	0	0	1	0	0.1111111111111111
NM_001181127.1	0	0	0	0	0	0	0	0	1	0.1111111111111111
NM_001181656.1	0	0	0	0	0	0	1	0	0	0.1111111111111111
NM_001184001.1	0	0	0	1	0	0	0	0	0	0.1111111111111111
NM_001184526.1	0	0	0	0	0	0	0	1	0	0.1111111111111111
NM_001184595.3	0	0	0	0	0	0	0	1	0	0.1111111111111111
NM_001184555.1	0	0	0	0	0	0	1	0	0	0.1111111111111111
NM_001181541.1	0	0	0	0	1	0	0	0	0	0.1111111111111111
NM_001183048.1	0	0	0	0	0	0	0	0	1	0.1111111111111111
NM_001184596.1	0	0	0	0	1	0	0	0	0	0.1111111111111111
NM_001184380.3	0	0	0	0	0	0	0	1	0	0.1111111111111111
NM_001179521.1	0	0	0	0	0	0	1	0	0	0.1111111111111111
NM_001181816.3	0	0	0	0	1	0	0	0	0	0.1111111111111111
NM_001182752.1	0	0	0	0	1	0	0	0	0	0.1111111111111111
NM_001348826.1	0	0	0	0	0	0	0	1	0	0.1111111111111111
NM_001178647.3	0	0	0	0	0	0	1	1	0	0.2222222222222222
NM_001184654.1	0	0	0	0	0	0	1	0	1	0.2222222222222222
NM_001180054.1	0	0	0	0	0	0	1	0	1	0.2222222222222222
NM_001180246.1	0	0	0	0	0	0	0	1	1	0.2222222222222222
NM_001179028.4	0	0	0	0	0	0	1	1	0	0.2222222222222222
NM_001182514.1	0	0	0	1	0	0	1	0	0	0.2222222222222222
NM_001178850.1	0	0	0	1	0	1	0	0	0	0.2222222222222222
NM_001184618.1	0	0	0	0	0	1	0	1	0	0.2222222222222222
NM_001348833.1	0	0	0	1	0	0	0	1	0	0.2222222222222222
NM_001179909.1	0	0	0	0	0	0	1	0	1	0.2222222222222222
NM_001183979.1	0	0	0	1	0	0	1	0	0	0.2222222222222222
NM_001184573.1	0	0	0	0	0	0	1	1	0	0.2222222222222222
NM_001178759.1	0	0	0	0	0	1	0	1	0	0.2222222222222222
NM_001181646.1	0	0	0	0	0	1	0	0	1	0.2222222222222222
NM_001184428.1	0	0	0	0	0	0	1	1	0	0.2222222222222222
NM_001180173.1	0	0	0	1	0	1	0	0	0	0.2222222222222222
NM_001348869.1	0	0	0	0	1	0	0	1	0	0.2222222222222222
NM_001184482.1	0	0	0	0	0	0	1	1	0	0.2222222222222222
NM_001179917.1	0	0	1	0	0	0	0	1	0	0.2222222222222222
NM_001181940.1	0	0	0	1	1	0	0	0	0	0.2222222222222222
NM_001181033.1	0	0	0	1	0	0	0	1	0	0.2222222222222222
NM_001179892.1	0	0	0	0	1	0	0	1	0	0.2222222222222222
NM_001184602.3	0	0	0	1	0	0	1	0	0	0.2222222222222222
NM_001348836.1	0	0	0	0	0	1	0	0	1	0.2222222222222222
NM_001184086.1	0	0	0	0	0	0	1	1	0	0.2222222222222222
NM_001348898.1	0	0	0	0	0	1	1	0	0	0.2222222222222222
NM_001184472.1	0	0	0	0	0	1	1	0	0	0.2222222222222222
NM_001431143.1	0	0	1	0	1	0	0	0	0	0.2222222222222222
NM_001348850.1	0	0	0	0	0	1	1	0	0	0.2222222222222222
NM_001182404.1	0	1	0	0	0	0	1	0	0	0.2222222222222222
NM_001348874.1	0	0	1	0	0	0	0	1	0	0.2222222222222222
NM_001184570.3	0	0	1	0	0	0	1	0	0	0.2222222222222222
NM_001184678.1	0	0	0	0	0	0	1	1	0	0.2222222222222222
NM_001348831.1	0	1	0	0	0	0	0	1	0	0.2222222222222222
NM_001179824.1	0	0	0	0	1	0	0	0	1	0.2222222222222222
NM_001348858.1	0	0	0	0	0	1	1	0	1	0.3333333333333333
NM_001348843.1	0	0	0	0	1	0	1	1	0	0.3333333333333333
NM_001178665.1	0	0	0	0	0	1	0	1	1	0.3333333333333333
NM_001348884.1	0	0	0	0	1	0	1	0	1	0.3333333333333333
NM_001184589.1	0	1	0	0	1	1	0	0	0	0.3333333333333333
NM_001181402.1	0	0	0	0	1	0	1	1	0	0.3333333333333333
NM_001348849.1	0	0	0	0	0	1	1	1	0	0.3333333333333333
NM_001179603.1	0	0	0	0	0	1	0	1	1	0.3333333333333333
NM_001178236.1	0	0	1	0	1	0	1	0	0	0.3333333333333333
NM_001181418.3	0	0	0	0	1	0	1	0	1	0.3333333333333333
NM_001184551.1	0	0	0	0	1	1	1	0	0	0.3333333333333333
NM_001184094.1	0	0	0	0	0	0	1	2	0	0.3333333333333333
NM_001179092.1	0	1	0	0	1	0	1	0	0	0.3333333333333333
SCEI	0	1	1	0	0	0	0	0	1	0.3333333333333333
NM_001180042.1	0	0	0	0	0	0	1	1	1	0.3333333333333333
NM_001183847.1	0	0	0	0	1	1	0	1	0	0.3333333333333333
NM_001183674.3	0	0	0	0	1	0	1	0	1	0.3333333333333333
NM_001348830.1	0	0	0	1	0	1	0	0	1	0.3333333333333333
NM_001180830.1	0	0	0	0	1	0	1	1	0	0.3333333333333333
NM_001346796.1	1	0	0	0	1	0	1	0	0	0.3333333333333333
NM_001183253.3	0	0	0	1	0	0	1	1	0	0.3333333333333333
NM_001180096.1	0	0	0	0	0	0	1	1	1	0.3333333333333333
NM_001270742.1	0	0	1	0	1	0	1	0	0	0.3333333333333333
NM_001184632.3	0	0	0	0	0	1	1	0	1	0.3333333333333333
NM_001183811.3	0	0	0	0	0	0	1	2	0	0.3333333333333333
NM_001183414.1	0	0	0	1	0	0	1	1	0	0.3333333333333333
NM_001181810.3	0	0	0	0	0	1	1	1	0	0.3333333333333333
NM_001179789.1	0	0	0	1	0	0	1	0	1	0.3333333333333333
NM_001270738.1	0	0	1	0	0	0	0	1	1	0.3333333333333333
NM_001182618.1	1	0	0	1	0	0	0	0	1	0.3333333333333333
NM_001184248.1	0	0	1	1	0	0	1	0	0	0.3333333333333333
CRS5	0	0	0	0	0	0	2	1	0	0.3333333333333333
NM_001181825.1	0	0	1	0	0	1	0	1	0	0.3333333333333333
NM_001184559.1	0	0	0	0	0	0	1	1	1	0.3333333333333333
NM_001181115.1	0	1	0	0	0	0	1	1	1	0.4444444444444444
NM_001184431.1	1	1	0	0	0	0	0	0	2	0.4444444444444444
NM_001184432.2	1	1	0	0	0	0	0	0	2	0.4444444444444444
NM_001181003.1	0	0	0	0	0	1	2	0	1	0.4444444444444444
NM_001182266.3	0	1	0	0	0	1	1	0	1	0.4444444444444444
NM_001184104.1	0	0	0	1	1	1	0	1	0	0.4444444444444444
NM_001180000.3	0	0	0	0	1	1	0	1	1	0.4444444444444444
NM_001348885.1	0	0	1	1	0	0	0	1	1	0.4444444444444444
NM_001179123.1	0	0	1	0	1	0	1	0	1	0.4444444444444444
NM_001178702.1	0	0	0	1	0	0	0	1	2	0.4444444444444444
NM_001179076.3	0	0	1	0	0	1	0	0	2	0.4444444444444444
NM_001348838.1	0	0	0	0	1	1	0	1	1	0.4444444444444444
NM_001184662.3	0	0	0	0	0	1	0	1	2	0.4444444444444444
NM_001184668.1	0	1	1	0	1	0	0	0	1	0.4444444444444444
NM_001348822.1	0	0	0	1	1	0	1	1	0	0.4444444444444444
NM_001348810.1	0	0	1	0	0	0	0	2	1	0.4444444444444444
NM_001179905.1	0	0	1	0	1	1	1	0	0	0.4444444444444444
NM_001348857.1	0	0	0	1	0	1	1	0	1	0.4444444444444444
NM_001180746.3	1	0	0	0	0	2	0	1	0	0.4444444444444444
NM_001184535.1	0	0	0	0	1	1	2	0	0	0.4444444444444444
NM_001178885.1	0	1	1	0	0	0	1	0	1	0.4444444444444444
NM_001178976.3	0	0	0	0	2	0	1	0	1	0.4444444444444444
NM_001348867.1	0	0	0	0	0	1	1	1	1	0.4444444444444444
NM_001348870.1	0	0	1	0	0	1	1	1	0	0.4444444444444444
NM_001183841.1	0	1	0	1	0	0	1	1	1	0.5555555555555556
NM_001182232.1	0	0	1	0	1	1	1	1	0	0.5555555555555556
NM_001182496.1	1	0	0	1	0	0	0	1	2	0.5555555555555556
NM_001182595.1	0	1	0	0	1	0	0	1	2	0.5555555555555556
NM_001179991.3	0	0	0	0	2	0	0	1	2	0.5555555555555556
NM_001348864.1	0	0	0	1	1	1	1	0	1	0.5555555555555556
NM_001184124.1	0	0	0	0	1	0	1	1	2	0.5555555555555556
NM_001184006.1	0	0	0	0	0	0	0	2	3	0.5555555555555556
NM_001180304.1	0	0	1	1	1	1	1	0	0	0.5555555555555556
NM_001179077.1	1	0	0	0	1	1	1	0	1	0.5555555555555556
NM_001184419.4	0	0	0	1	1	0	1	2	0	0.5555555555555556
NM_001183661.3	0	0	0	0	0	1	1	0	3	0.5555555555555556
NM_001184592.3	0	1	0	1	1	0	0	2	0	0.5555555555555556
NM_001184540.1	0	0	1	0	0	0	0	3	1	0.5555555555555556
NM_001395040.1	0	1	0	0	1	1	1	0	1	0.5555555555555556
NM_001184665.1	1	0	1	0	0	1	1	0	1	0.5555555555555556
NM_001181547.2	0	1	0	1	0	1	0	1	1	0.5555555555555556
NM_001180844.3	1	0	1	0	0	0	1	1	1	0.5555555555555556
NM_001181538.1	0	2	0	0	0	1	1	1	0	0.5555555555555556
NM_001180710.1	0	2	0	0	0	0	1	1	1	0.5555555555555556
NM_001184594.1	0	1	0	0	1	1	0	1	1	0.5555555555555556
NM_001181462.1	0	0	0	1	1	1	1	1	0	0.5555555555555556
NM_001182834.3	0	0	0	1	1	1	1	0	1	0.5555555555555556
NM_001183278.1	0	0	1	0	0	0	1	2	1	0.5555555555555556
NM_001178223.1	0	0	0	0	1	1	0	1	2	0.5555555555555556
NM_001178220.2	0	1	2	0	2	0	0	0	1	0.6666666666666666
NM_001178163.1	0	2	0	0	1	0	2	1	0	0.6666666666666666
NM_001182634.1	0	0	1	1	1	1	0	1	1	0.6666666666666666
NM_001181933.1	0	0	0	1	0	1	2	0	2	0.6666666666666666
NM_001179541.3	0	0	0	1	1	2	0	2	0	0.6666666666666666
NM_001179144.1	0	0	0	1	0	2	0	2	1	0.6666666666666666
NM_001183283.1	0	0	0	1	1	0	2	1	1	0.6666666666666666
NM_001184342.1	0	1	0	0	1	1	1	1	1	0.6666666666666666
NM_001178838.1	0	0	1	0	2	0	0	2	1	0.6666666666666666
NM_001179291.1	0	0	0	1	1	0	1	1	2	0.6666666666666666
NM_001181365.3	0	0	2	0	0	0	1	1	2	0.6666666666666666
NM_001180754.1	0	1	1	1	1	0	0	0	2	0.6666666666666666
NM_001178534.1	0	1	0	1	1	0	1	1	1	0.6666666666666666
NM_001181124.1	0	0	1	0	0	1	0	2	2	0.6666666666666666
NM_001182957.3	0	0	0	1	1	2	0	1	2	0.7777777777777778
NM_001301348.1	0	1	0	1	0	1	2	2	0	0.7777777777777778
NM_001184612.1	1	0	0	1	1	0	2	1	1	0.7777777777777778
NM_001348894.1	0	0	0	1	1	0	1	1	3	0.7777777777777778
NM_001179407.3	0	0	0	1	1	1	2	0	2	0.7777777777777778
NM_001183239.3	0	0	0	0	2	1	1	0	3	0.7777777777777778
NM_001178213.1	0	0	0	1	0	2	1	1	2	0.7777777777777778
NM_001179897.1	0	0	1	0	1	2	0	0	3	0.7777777777777778
NM_001182397.2	0	1	1	1	0	1	2	0	1	0.7777777777777778
NM_001182398.1	0	1	1	1	0	1	2	0	1	0.7777777777777778
NM_001348809.1	0	0	1	0	1	1	1	1	2	0.7777777777777778
NM_001182442.1	0	1	0	0	1	0	2	1	2	0.7777777777777778
NM_001181811.3	0	0	0	1	0	0	3	1	2	0.7777777777777778
NM_001183451.1	0	0	0	0	2	1	1	1	2	0.7777777777777778
NM_001346794.1	1	0	0	0	0	1	2	1	3	0.8888888888888888
NM_001387383.1	0	0	1	1	1	2	1	1	1	0.8888888888888888
NM_001180049.1	0	0	0	2	2	1	0	2	1	0.8888888888888888
NM_001179080.3	1	0	1	0	1	0	1	2	2	0.8888888888888888
NM_001184597.1	0	0	1	1	0	3	1	1	1	0.8888888888888888
NM_001179079.3	1	0	1	0	1	0	1	2	2	0.8888888888888888
NM_001181283.3	0	0	1	0	2	2	0	2	1	0.8888888888888888
NM_001270741.1	0	0	2	0	1	1	2	2	0	0.8888888888888888
NM_001179256.1	0	0	0	0	1	2	1	3	1	0.8888888888888888
NM_001180350.3	0	0	1	1	1	0	2	3	0	0.8888888888888888
NM_001178214.1	0	1	1	0	2	1	0	1	2	0.8888888888888888
NM_001183605.3	0	0	0	1	1	2	1	2	1	0.8888888888888888
NM_001178208.1	0	0	0	1	2	2	1	2	0	0.8888888888888888
NM_001181866.1	0	0	0	0	2	1	1	2	2	0.8888888888888888
NM_001182354.3	1	1	1	1	0	0	0	2	2	0.8888888888888888
NM_001180564.1	0	0	0	0	1	1	2	1	3	0.8888888888888888
NM_001178528.1	0	1	0	0	1	1	1	2	2	0.8888888888888888
NM_001182583.1	1	0	1	0	1	1	1	3	0	0.8888888888888888
NM_001181023.1	0	0	0	1	1	1	2	2	1	0.8888888888888888
NM_001184290.1	0	1	2	0	1	1	2	1	1	1.0
NM_001348895.1	0	0	0	1	2	3	0	1	2	1.0
NM_001180023.1	0	0	0	0	0	2	2	3	2	1.0
NM_001182061.1	1	0	0	2	1	1	2	2	0	1.0
NM_001184669.3	0	0	1	1	0	1	2	2	2	1.0
NM_001348859.1	0	0	1	1	1	1	2	2	1	1.0
NM_001179895.3	0	0	1	1	2	1	0	3	1	1.0
NM_001179893.3	0	0	1	0	2	2	0	2	2	1.0
NM_001348897.1	0	1	0	1	0	1	2	2	2	1.0
NM_001180050.2	0	0	0	2	3	1	0	2	1	1.0
NM_001184627.1	0	0	0	0	0	1	1	3	4	1.0
NM_001182425.1	0	1	1	0	1	0	2	2	2	1.0
NM_001184545.3	0	0	1	1	2	2	0	2	1	1.0
NM_001180432.3	0	0	0	1	1	0	3	4	0	1.0
NM_001182857.3	0	0	1	0	0	0	3	2	3	1.0
NM_001178727.1	0	1	0	0	0	0	2	4	2	1.0
NM_001183813.1	0	1	1	1	1	1	2	2	0	1.0
NM_001184664.1	0	0	0	0	2	3	1	2	1	1.0
NM_001178882.1	0	2	1	1	1	1	1	0	2	1.0
NM_001184095.1	0	1	1	1	1	1	2	2	0	1.0
NM_001183807.3	2	0	0	3	0	1	1	1	2	1.1111111111111112
NM_001181918.1	0	1	2	0	2	0	2	2	1	1.1111111111111112
NM_001184586.1	0	1	0	1	2	0	2	1	3	1.1111111111111112
NM_001181510.1	0	0	1	0	2	0	2	2	3	1.1111111111111112
NM_001180055.1	1	0	1	1	4	1	0	1	1	1.1111111111111112
NM_001183717.1	0	1	1	1	1	1	2	2	1	1.1111111111111112
NM_001182786.1	0	0	1	1	1	1	1	3	2	1.1111111111111112
NM_001184620.1	0	0	0	1	2	1	2	2	2	1.1111111111111112
NM_001184684.1	0	1	0	1	0	1	1	3	3	1.1111111111111112
NM_001181070.1	0	0	0	1	0	2	2	3	2	1.1111111111111112
NM_001181900.1	0	1	1	1	2	1	2	2	0	1.1111111111111112
NM_001183042.1	0	0	0	0	2	1	1	3	3	1.1111111111111112
NM_001184572.1	0	0	1	2	1	1	1	2	2	1.1111111111111112
NM_001182580.1	0	0	2	1	0	3	2	1	2	1.2222222222222223
NM_001181035.3	0	1	1	1	2	2	1	2	1	1.2222222222222223
NM_001348873.1	0	1	0	1	3	1	3	0	2	1.2222222222222223
NM_001179518.1	2	1	1	0	1	2	2	1	1	1.2222222222222223
NM_001184674.1	0	0	1	1	2	2	1	3	1	1.2222222222222223
NM_001178814.1	0	2	1	0	1	1	3	2	1	1.2222222222222223
NM_001180138.1	0	0	0	2	1	2	3	1	2	1.2222222222222223
NM_001182955.1	0	1	0	0	0	3	2	3	2	1.2222222222222223
NM_001183338.1	1	0	1	2	2	1	1	2	1	1.2222222222222223
NM_001348880.1	0	0	2	1	3	0	1	1	3	1.2222222222222223
NM_001181649.1	0	1	2	1	0	1	2	2	2	1.2222222222222223
NM_001183179.3	0	0	0	2	1	2	3	1	2	1.2222222222222223
NM_001184381.2	0	0	0	0	3	0	2	3	3	1.2222222222222223
NM_001181654.1	2	1	1	0	1	2	2	1	1	1.2222222222222223
NM_001184450.1	0	1	0	0	0	2	2	3	3	1.2222222222222223
Q0255	0	2	1	0	1	1	1	1	4	1.2222222222222223
NM_001182966.4	2	1	0	0	1	1	2	2	3	1.3333333333333333
NM_001180831.1	0	1	0	1	1	2	5	2	0	1.3333333333333333
NM_001178930.1	0	0	0	1	1	3	2	2	3	1.3333333333333333
NM_001180274.1	0	1	1	2	2	1	2	1	2	1.3333333333333333
NM_001179955.1	1	0	0	1	1	3	2	1	3	1.3333333333333333
NM_001182150.1	0	1	1	1	2	2	2	2	1	1.3333333333333333
NM_001181873.1	1	0	1	1	1	0	2	3	3	1.3333333333333333
NM_001181378.1	0	2	1	1	4	0	3	1	0	1.3333333333333333
NM_001181195.3	0	1	1	0	1	2	3	2	2	1.3333333333333333
NM_001348819.1	0	0	0	1	3	2	3	1	2	1.3333333333333333
NM_001178367.1	0	0	2	1	1	2	4	1	1	1.3333333333333333
NM_001181342.1	0	0	2	2	1	2	1	1	3	1.3333333333333333
NM_001183345.1	0	1	0	3	1	0	2	2	3	1.3333333333333333
NM_001178424.2	0	0	0	3	1	0	2	3	3	1.3333333333333333
NM_001181476.1	0	0	0	1	3	2	3	2	1	1.3333333333333333
NM_001182596.1	1	1	1	0	0	1	3	4	1	1.3333333333333333
NM_001179786.2	1	0	1	1	2	1	1	3	2	1.3333333333333333
NM_001182873.1	0	0	1	2	0	0	4	2	3	1.3333333333333333
NM_001181753.1	0	0	1	1	1	1	2	4	2	1.3333333333333333
NM_001183553.3	0	0	2	1	1	3	0	2	3	1.3333333333333333
NM_001179914.1	0	0	1	0	3	1	1	2	4	1.3333333333333333
NM_001180214.1	0	1	0	2	2	2	4	1	1	1.4444444444444444
NM_001181818.1	0	0	0	0	2	2	2	4	3	1.4444444444444444
NM_001184326.1	0	0	2	0	1	1	1	4	4	1.4444444444444444
NM_001178707.1	0	0	0	1	3	2	2	2	3	1.4444444444444444
NM_001178693.1	0	1	1	2	1	0	3	2	3	1.4444444444444444
NM_001183609.3	0	0	1	2	4	0	2	3	1	1.4444444444444444
NM_001178754.1	0	0	0	1	3	2	2	2	3	1.4444444444444444
NM_001181188.3	0	0	1	1	3	3	1	2	2	1.4444444444444444
NM_001179288.1	0	1	1	0	0	4	2	2	3	1.4444444444444444
NM_001181125.1	0	1	0	1	1	2	3	2	3	1.4444444444444444
VAR1	1	0	1	0	2	1	2	2	4	1.4444444444444444
NM_001184299.1	1	0	1	3	0	1	1	3	3	1.4444444444444444
YOL153C	0	0	0	1	3	2	2	3	3	1.5555555555555556
NM_001182357.1	0	0	0	1	1	2	3	3	4	1.5555555555555556
NM_001395041.1	0	2	0	1	1	1	3	3	3	1.5555555555555556
NM_001178283.1	0	2	1	0	1	1	1	5	3	1.5555555555555556
NM_001180674.3	1	0	2	0	2	3	2	2	2	1.5555555555555556
NM_001182230.1	0	1	0	3	2	0	3	2	3	1.5555555555555556
NM_001184175.1	0	2	0	2	1	1	3	4	1	1.5555555555555556
NM_001180954.1	0	0	0	1	2	2	3	1	5	1.5555555555555556
NM_001182931.3	0	0	0	3	3	1	4	2	1	1.5555555555555556
NM_001179538.1	1	1	1	0	1	3	2	3	2	1.5555555555555556
NM_001179316.3	0	0	2	2	0	2	2	3	4	1.6666666666666667
NM_001184567.1	0	0	3	1	1	2	4	2	2	1.6666666666666667
NM_001181652.1	0	1	2	0	2	3	2	4	1	1.6666666666666667
NM_001184663.1	0	0	0	3	1	3	3	3	2	1.6666666666666667
NM_001182282.3	1	1	1	0	3	2	4	1	2	1.6666666666666667
NM_001182218.1	1	0	0	1	2	4	0	4	3	1.6666666666666667
NM_001178723.1	0	2	2	0	2	2	3	2	2	1.6666666666666667
NM_001178381.1	0	1	1	3	1	2	1	3	3	1.6666666666666667
NM_001179535.3	0	0	2	1	1	2	3	3	3	1.6666666666666667
NM_001184291.1	0	0	0	3	2	2	1	4	3	1.6666666666666667
NM_001184289.1	1	1	0	2	2	1	2	4	3	1.7777777777777777
NM_001181808.4	0	1	0	1	3	4	2	4	1	1.7777777777777777
NM_001179843.3	2	1	1	2	1	2	3	3	1	1.7777777777777777
NM_001179163.1	1	0	1	0	2	2	5	3	2	1.7777777777777777
NM_001183301.1	0	0	2	1	0	1	3	8	1	1.7777777777777777
NM_001182681.1	0	0	1	0	2	2	3	6	2	1.7777777777777777
NM_001184400.4	0	1	2	1	1	2	4	2	3	1.7777777777777777
NM_001179379.3	0	0	1	2	2	3	3	3	2	1.7777777777777777
NM_001179795.1	1	1	0	2	2	1	3	3	3	1.7777777777777777
NM_001178888.1	0	2	1	2	0	3	1	3	4	1.7777777777777777
NM_001184577.1	2	3	1	0	2	0	3	2	3	1.7777777777777777
NM_001180299.2	0	1	1	2	1	3	4	3	1	1.7777777777777777
NM_001183032.1	1	1	2	3	1	3	1	1	3	1.7777777777777777
NM_001178284.1	1	0	2	2	2	2	2	3	3	1.8888888888888888
NM_001179946.1	0	1	2	0	3	4	3	2	2	1.8888888888888888
NM_001348844.1	0	0	0	2	2	2	2	4	5	1.8888888888888888
NM_001184487.1	0	1	4	2	1	2	3	2	2	1.8888888888888888
NM_001184547.3	0	2	1	2	1	1	3	4	3	1.8888888888888888
NM_001183519.1	0	0	1	0	3	1	5	1	6	1.8888888888888888
NM_001184634.1	1	0	0	0	2	3	4	3	4	1.8888888888888888
NM_001179954.1	1	1	0	2	0	2	4	3	4	1.8888888888888888
NM_001179374.3	0	2	1	0	2	3	1	2	6	1.8888888888888888
NM_001179977.1	0	2	0	2	2	4	1	1	5	1.8888888888888888
NM_001181813.1	0	0	1	1	4	2	3	0	6	1.8888888888888888
NM_001184092.1	0	1	3	1	0	3	2	4	3	1.8888888888888888
NM_001180326.1	0	0	2	2	3	2	0	5	3	1.8888888888888888
NM_001184318.1	0	0	1	0	4	2	4	2	4	1.8888888888888888
NM_001178667.1	0	2	1	3	1	2	1	3	5	2.0
NM_001178666.2	0	2	1	3	1	2	1	3	5	2.0
NM_001182688.1	0	0	2	1	2	5	1	3	4	2.0
AI3	0	2	0	0	2	2	4	5	3	2.0
NM_001179342.1	1	1	0	2	2	3	4	3	2	2.0
NM_001183386.1	0	1	1	1	3	1	4	3	4	2.0
NM_001184434.2	1	2	0	1	3	1	2	2	6	2.0
NM_001178289.1	0	2	1	1	2	4	2	3	4	2.111111111111111
NM_001179422.3	0	3	0	1	2	3	4	4	2	2.111111111111111
NM_001179988.1	1	1	2	2	3	3	3	3	1	2.111111111111111
NM_001182739.1	0	0	1	2	1	3	1	5	6	2.111111111111111
NM_001183248.1	0	0	1	3	3	2	5	2	3	2.111111111111111
NM_001184533.1	0	0	1	0	2	3	5	5	3	2.111111111111111
NM_001183785.1	1	1	1	1	2	1	2	7	3	2.111111111111111
NM_001184422.3	0	1	2	1	3	2	2	2	6	2.111111111111111
NM_001178848.1	0	0	1	2	1	6	3	1	6	2.2222222222222223
NM_001180056.2	1	0	1	2	4	2	2	3	5	2.2222222222222223
NM_001184072.1	1	2	1	3	2	1	4	4	2	2.2222222222222223
NM_001181807.4	0	0	1	0	3	6	2	3	5	2.2222222222222223
ATP8	0	2	1	2	1	3	3	6	3	2.3333333333333335
NM_001181773.3	0	3	0	4	1	2	1	4	6	2.3333333333333335
NM_001178642.3	0	1	1	1	3	1	5	4	5	2.3333333333333335
NM_001183768.1	1	2	0	3	1	5	4	2	3	2.3333333333333335
NM_001180812.1	0	0	2	4	2	2	5	3	3	2.3333333333333335
NM_001183526.3	1	0	1	1	2	1	6	5	4	2.3333333333333335
NM_001181354.3	0	1	3	2	0	2	4	3	6	2.3333333333333335
NM_001178997.1	0	2	1	1	5	4	3	1	4	2.3333333333333335
NM_001431140.1	1	0	1	1	4	1	5	3	5	2.3333333333333335
NM_001183503.1	0	2	1	4	1	3	5	5	1	2.4444444444444446
NM_001183246.3	0	0	1	2	1	3	4	4	7	2.4444444444444446
NM_001183656.3	1	1	1	2	2	1	3	5	6	2.4444444444444446
NM_001181812.1	1	1	1	2	5	6	2	3	1	2.4444444444444446
NM_001182601.1	1	1	1	0	3	4	5	4	4	2.5555555555555554
NM_001184423.4	0	1	2	2	3	2	3	3	7	2.5555555555555554
NM_001184410.1	2	1	1	2	1	5	4	4	4	2.6666666666666665
NM_001348872.1	0	0	2	3	2	2	3	4	8	2.6666666666666665
NM_001184385.3	0	0	1	2	4	5	5	4	3	2.6666666666666665
NM_001183173.1	0	0	2	0	3	4	5	5	5	2.6666666666666665
NM_001182607.1	0	0	1	2	3	4	4	6	4	2.6666666666666665
NM_001183868.1	1	1	2	4	2	4	3	3	5	2.7777777777777777
NM_001179616.1	1	1	3	1	2	4	4	4	5	2.7777777777777777
NM_001310667.1	0	0	1	2	4	3	3	6	6	2.7777777777777777
NM_001178182.1	0	0	2	4	2	3	5	4	5	2.7777777777777777
NM_001180144.1	0	1	1	4	3	5	3	5	3	2.7777777777777777
NM_001180682.3	1	2	3	0	4	2	5	5	3	2.7777777777777777
NM_001183599.3	1	1	3	5	4	1	4	4	2	2.7777777777777777
NM_001270749.1	0	3	2	3	2	2	7	2	4	2.7777777777777777
NM_001178411.1	1	2	1	0	4	1	5	6	6	2.888888888888889
NM_001182513.1	0	1	1	4	3	2	6	3	6	2.888888888888889
NM_001180571.3	0	3	2	1	1	3	4	6	6	2.888888888888889
NM_001180986.1	0	0	2	3	4	1	5	4	7	2.888888888888889
NM_001184613.1	1	0	3	3	4	4	4	5	3	3.0
NM_001180531.1	0	0	5	2	3	3	5	5	4	3.0
NM_001180098.1	1	1	2	2	3	4	3	4	7	3.0
NM_001179637.1	0	1	2	3	1	4	4	7	5	3.0
NM_001178388.1	0	0	2	3	3	3	4	6	6	3.0
NM_001181661.1	1	1	4	5	1	2	4	6	3	3.0
NM_001184297.1	0	0	3	4	2	3	3	6	6	3.0
NM_001184688.1	1	2	1	1	4	3	3	5	7	3.0
NM_001184378.1	0	2	1	3	2	3	2	5	9	3.0
NM_001348852.1	0	0	0	3	5	1	5	8	5	3.0
NM_001180526.1	1	1	2	4	4	4	2	5	5	3.111111111111111
NM_001182757.1	0	1	1	3	6	3	3	7	4	3.111111111111111
NM_001178366.1	4	1	2	1	3	4	4	4	5	3.111111111111111
NM_001180317.1	2	1	1	3	3	5	2	5	6	3.111111111111111
NM_001178598.1	1	2	2	4	3	2	5	5	4	3.111111111111111
NM_001178205.1	0	4	3	1	2	4	3	3	8	3.111111111111111
NM_001183759.3	0	2	0	1	7	5	6	3	5	3.2222222222222223
AI2	1	1	0	2	3	5	4	7	6	3.2222222222222223
NM_001179659.1	0	0	3	5	6	4	2	4	5	3.2222222222222223
NM_001183235.1	0	3	3	3	3	4	4	4	5	3.2222222222222223
NM_001180898.2	1	1	4	1	3	4	3	5	7	3.2222222222222223
NM_001178633.4	0	1	2	1	2	5	5	6	7	3.2222222222222223
NM_001431139.1	0	3	3	4	2	3	4	5	5	3.2222222222222223
NM_001181594.1	0	0	4	2	4	3	3	7	6	3.2222222222222223
NM_001181814.3	2	2	1	2	3	3	4	4	8	3.2222222222222223
NM_001178398.1	1	0	1	3	4	4	4	6	6	3.2222222222222223
NM_001184097.1	0	1	2	3	4	5	6	5	3	3.2222222222222223
NM_001183758.1	1	0	2	3	4	4	5	5	6	3.3333333333333335
NM_001179592.3	0	0	2	1	5	5	4	8	5	3.3333333333333335
NM_001179549.3	3	0	1	1	2	4	5	6	8	3.3333333333333335
NM_001183247.4	0	0	2	1	3	8	3	7	6	3.3333333333333335
NM_001182817.1	1	2	3	3	1	1	7	7	5	3.3333333333333335
NM_001270744.1	1	4	1	1	4	6	4	3	7	3.4444444444444446
NM_001183597.3	1	3	5	2	3	1	4	5	7	3.4444444444444446
NM_001179508.1	0	1	4	1	4	2	8	5	6	3.4444444444444446
NM_001178230.1	0	2	4	2	5	4	3	4	7	3.4444444444444446
NM_001184037.1	2	1	1	4	1	5	8	3	6	3.4444444444444446
NM_001181862.1	0	0	3	3	4	1	8	6	6	3.4444444444444446
NM_001179152.1	1	1	3	2	4	5	6	3	7	3.5555555555555554
NM_001184319.1	2	3	1	3	3	5	5	5	5	3.5555555555555554
NM_001181478.1	0	0	2	3	3	4	5	6	9	3.5555555555555554
NM_001348866.1	2	1	2	0	1	7	7	4	8	3.5555555555555554
NM_001179908.1	1	1	1	6	2	6	5	5	5	3.5555555555555554
NM_001179963.1	1	2	2	4	4	3	3	6	7	3.5555555555555554
NM_001181522.1	1	2	1	5	4	3	4	6	6	3.5555555555555554
NM_001348841.1	1	3	1	1	5	5	4	6	6	3.5555555555555554
NM_001180168.1	0	1	1	4	5	5	3	6	8	3.6666666666666665
NM_001179075.3	1	2	3	1	2	4	3	8	9	3.6666666666666665
NM_001182012.1	1	3	1	2	5	4	3	4	10	3.6666666666666665
NM_001178495.1	1	1	1	3	6	3	8	6	4	3.6666666666666665
NM_001184433.1	2	3	2	1	6	2	3	4	10	3.6666666666666665
NM_001179011.3	1	1	2	3	6	6	4	5	5	3.6666666666666665
NM_001348829.1	1	0	1	4	9	4	4	5	5	3.6666666666666665
NM_001179673.1	0	0	1	7	5	3	8	4	5	3.6666666666666665
NM_001179840.1	0	2	3	1	4	6	4	4	9	3.6666666666666665
NM_001179915.1	0	2	4	2	3	6	3	7	6	3.6666666666666665
NM_001182778.1	1	0	1	4	5	7	6	6	4	3.7777777777777777
NM_001182537.1	1	1	3	3	5	4	4	5	8	3.7777777777777777
NM_001179447.3	1	2	2	4	3	4	5	5	8	3.7777777777777777
NM_001348842.1	0	0	2	5	5	5	8	4	6	3.888888888888889
NM_001395039.1	2	2	3	2	3	5	7	5	7	4.0
NM_001180711.1	1	0	1	5	3	8	4	8	6	4.0
NM_001183808.1	1	3	2	3	3	3	6	9	6	4.0
NM_001181845.1	1	3	2	4	3	3	5	4	11	4.0
NM_001180561.1	1	2	2	5	3	5	3	10	5	4.0
NM_001181182.3	1	1	2	4	3	4	3	11	7	4.0
NM_001178465.3	0	3	1	3	7	5	4	4	9	4.0
NM_001181924.1	1	4	2	1	4	4	7	7	7	4.111111111111111
NM_001179069.1	0	1	4	3	5	3	6	6	9	4.111111111111111
NM_001179551.1	0	0	4	4	4	7	3	10	5	4.111111111111111
NM_001181096.1	2	1	3	3	3	4	6	8	7	4.111111111111111
NM_001181872.1	2	1	3	3	4	2	9	7	7	4.222222222222222
NM_001184327.3	0	0	3	4	2	6	9	6	8	4.222222222222222
NM_001178872.1	1	0	3	3	3	7	3	7	11	4.222222222222222
NM_001182200.1	2	3	0	3	4	4	9	7	6	4.222222222222222
NM_001179753.1	2	1	2	4	5	7	2	6	9	4.222222222222222
NM_001183428.1	3	3	0	0	3	4	7	9	10	4.333333333333333
NM_001183596.1	0	2	3	3	7	7	3	5	9	4.333333333333333
NM_001182554.1	1	0	2	5	3	7	6	8	7	4.333333333333333
NM_001179512.1	1	1	3	1	7	3	5	9	9	4.333333333333333
AI4	1	3	1	0	4	8	6	8	8	4.333333333333333
NM_001178588.3	2	1	4	7	4	3	5	6	7	4.333333333333333
NM_001181421.3	1	0	3	2	5	5	8	5	11	4.444444444444445
NM_001182051.1	0	1	4	5	4	5	7	8	6	4.444444444444445
NM_001179887.3	1	2	5	2	2	6	3	8	11	4.444444444444445
NM_001178805.1	2	1	2	3	6	5	10	5	6	4.444444444444445
NM_001179102.1	0	2	1	2	7	7	9	7	5	4.444444444444445
NM_001183170.1	3	1	3	2	5	4	9	7	7	4.555555555555555
NM_001183409.1	1	0	3	7	6	6	5	6	7	4.555555555555555
NM_001180083.1	0	1	5	2	4	5	7	9	8	4.555555555555555
NM_001181471.3	1	0	5	5	6	7	3	9	5	4.555555555555555
NM_001184298.1	2	1	5	5	6	5	5	5	7	4.555555555555555
NM_001180270.1	0	0	4	0	6	6	7	8	10	4.555555555555555
NM_001180550.3	2	2	1	1	7	5	11	6	7	4.666666666666667
NM_001178733.1	0	1	5	1	2	7	7	9	10	4.666666666666667
NM_001179912.1	0	0	2	4	7	8	4	7	10	4.666666666666667
NM_001180303.1	0	2	3	3	4	6	8	9	8	4.777777777777778
NM_001184379.4	0	4	3	4	3	6	2	8	13	4.777777777777778
NM_001179550.3	0	2	3	5	5	4	6	10	8	4.777777777777778
NM_001183602.1	0	2	5	3	4	6	5	8	10	4.777777777777778
NM_001184098.1	1	4	5	6	3	5	6	5	8	4.777777777777778
NM_001179997.1	2	3	1	5	4	7	4	8	10	4.888888888888889
NM_001348840.1	1	3	3	3	6	6	3	12	7	4.888888888888889
NM_001184411.4	2	1	4	2	3	9	7	7	9	4.888888888888889
NM_001178713.1	1	2	3	2	6	6	6	6	12	4.888888888888889
NM_001181216.3	2	4	2	3	6	5	4	9	10	5.0
NM_001181877.1	2	1	5	5	5	4	4	9	10	5.0
NM_001184687.1	1	1	3	7	6	4	5	7	11	5.0
NM_001179698.1	0	1	6	7	4	5	6	8	8	5.0
NM_001183848.1	0	1	2	4	4	5	7	10	13	5.111111111111111
NM_001179554.1	2	4	3	7	5	3	6	4	12	5.111111111111111
NM_001179782.1	0	1	4	3	4	3	9	10	12	5.111111111111111
NM_001178887.1	1	1	3	6	4	4	7	8	13	5.222222222222222
NM_001181273.1	1	4	3	2	4	5	6	11	11	5.222222222222222
NM_001183025.1	3	1	1	8	7	5	6	8	9	5.333333333333333
NM_001181196.4	1	2	2	3	5	9	6	7	13	5.333333333333333
NM_001178809.1	3	4	2	5	3	6	5	9	11	5.333333333333333
NM_001182851.1	1	3	2	5	4	7	7	9	10	5.333333333333333
NM_001182400.1	3	2	1	4	4	8	6	8	12	5.333333333333333
NM_001179514.1	0	1	3	5	4	9	6	10	10	5.333333333333333
AI1	2	3	1	4	6	7	11	8	7	5.444444444444445
NM_001184003.1	1	2	4	5	2	11	6	6	12	5.444444444444445
NM_001182195.1	1	3	4	6	4	7	7	9	8	5.444444444444445
NM_001182548.1	3	2	2	3	3	8	9	12	7	5.444444444444445
NM_001179308.1	3	1	0	5	5	7	5	10	14	5.555555555555555
NM_001181766.1	0	3	3	3	4	4	12	10	11	5.555555555555555
NM_001184645.1	1	3	2	8	3	10	9	6	8	5.555555555555555
BI2	2	3	6	3	9	5	5	8	9	5.555555555555555
NM_001184681.1	0	3	4	3	4	10	8	8	10	5.555555555555555
NM_001181117.1	0	3	4	3	3	6	8	13	11	5.666666666666667
NM_001179254.1	2	3	2	10	5	2	7	11	9	5.666666666666667
AI5_ALPHA	1	4	3	2	5	8	8	10	10	5.666666666666667
NM_001181876.1	0	4	7	3	6	5	6	10	11	5.777777777777778
NM_001182872.3	0	5	2	3	8	8	8	7	11	5.777777777777778
NM_001178393.2	0	4	7	5	8	5	6	8	9	5.777777777777778
NM_001180282.1	1	4	3	3	5	4	8	10	14	5.777777777777778
NM_001180946.1	0	4	4	4	3	6	8	10	13	5.777777777777778
NM_001179936.1	1	1	5	6	6	4	9	11	10	5.888888888888889
NM_001180229.1	5	2	3	4	4	6	10	10	9	5.888888888888889
NM_001183268.1	2	1	3	4	10	11	7	6	9	5.888888888888889
NM_001181586.1	1	4	4	4	7	7	5	12	9	5.888888888888889
NM_001183962.1	2	1	6	7	3	6	8	10	10	5.888888888888889
ATP6	0	3	3	3	8	7	11	9	9	5.888888888888889
NM_001181472.1	0	1	3	3	9	9	11	7	10	5.888888888888889
NM_001178496.3	2	1	3	2	6	10	8	9	13	6.0
NM_001181647.1	1	2	2	2	6	5	10	12	14	6.0
BI3	2	3	7	3	10	6	6	9	8	6.0
NM_001184421.2	2	0	4	5	8	8	10	7	10	6.0
NM_001180581.3	1	3	5	2	7	6	4	14	13	6.111111111111111
NM_001183611.3	1	1	4	4	7	7	5	10	16	6.111111111111111
NM_001180308.1	1	3	5	7	6	6	6	6	15	6.111111111111111
NM_001183241.1	2	3	2	6	6	4	5	12	15	6.111111111111111
NM_001184394.2	1	5	4	2	7	8	6	9	13	6.111111111111111
NM_001184254.1	2	5	5	6	3	2	7	14	12	6.222222222222222
NM_001181181.1	1	2	4	9	4	5	8	11	12	6.222222222222222
NM_001182858.3	0	5	3	3	9	8	8	8	12	6.222222222222222
NM_001184000.1	0	3	3	5	6	10	9	11	9	6.222222222222222
NM_001181719.1	0	1	8	4	3	7	9	12	12	6.222222222222222
NM_001181260.1	2	3	4	4	4	10	9	8	12	6.222222222222222
NM_001179387.3	2	2	5	6	7	3	10	10	12	6.333333333333333
NM_001180567.3	1	3	6	5	9	5	8	7	14	6.444444444444445
NM_001183961.1	2	1	4	3	8	6	9	13	13	6.555555555555555
NM_001181875.1	0	3	7	5	7	11	8	11	8	6.666666666666667
NM_001184389.1	1	1	5	6	7	5	9	13	13	6.666666666666667
NM_001181917.1	0	1	3	6	9	7	9	12	13	6.666666666666667
NM_001180961.1	4	3	5	3	4	9	9	10	13	6.666666666666667
NM_001178945.1	0	0	5	8	3	8	11	15	12	6.888888888888889
NM_001181593.1	1	2	0	7	10	8	7	16	11	6.888888888888889
NM_001182830.2	3	1	4	6	4	9	9	13	13	6.888888888888889
NM_001179744.1	1	3	7	4	3	8	14	11	13	7.111111111111111
NM_001178845.1	0	2	4	5	5	12	8	14	14	7.111111111111111
NM_001181239.3	1	3	4	8	5	6	11	13	13	7.111111111111111
NM_001181353.3	1	6	4	4	5	5	11	16	13	7.222222222222222
NM_001183407.1	0	3	6	9	6	8	9	8	16	7.222222222222222
NM_001182984.3	1	2	5	10	7	6	9	10	15	7.222222222222222
NM_001270754.1	2	1	6	8	6	10	7	11	14	7.222222222222222
NM_001348846.1	1	2	7	3	7	10	15	5	15	7.222222222222222
NM_001179122.1	1	1	3	6	5	10	16	8	15	7.222222222222222
NM_001182412.1	2	3	3	5	9	7	12	12	13	7.333333333333333
NM_001184641.1	2	4	5	2	8	8	11	10	16	7.333333333333333
NM_001184386.2	0	1	5	4	10	12	11	12	11	7.333333333333333
NM_001184102.1	1	2	4	5	6	11	11	12	15	7.444444444444445
NM_001180035.1	1	3	1	9	5	7	10	11	20	7.444444444444445
NM_001179564.1	2	3	6	8	9	10	10	10	9	7.444444444444445
NM_001182481.1	3	1	7	5	11	11	10	11	9	7.555555555555555
NM_001184214.1	1	0	6	5	6	11	11	16	12	7.555555555555555
NM_001180848.1	2	5	7	7	8	6	11	11	12	7.666666666666667
NM_001184591.1	1	5	4	8	9	10	11	10	12	7.777777777777778
NM_001178956.3	3	5	3	6	3	10	11	14	15	7.777777777777778
NM_001178618.2	1	2	6	7	5	9	16	11	13	7.777777777777778
NM_001179522.1	1	7	4	7	11	8	7	12	13	7.777777777777778
NM_001181657.1	1	7	4	7	11	8	7	12	13	7.777777777777778
NM_001182567.1	3	4	3	6	5	7	16	14	12	7.777777777777778
NM_001184408.2	2	6	8	8	7	7	14	8	11	7.888888888888889
NM_001178551.2	2	7	4	9	8	6	12	10	13	7.888888888888889
NM_001270753.1	1	1	3	7	8	12	9	12	19	8.0
NM_001183733.3	0	5	3	4	14	9	12	10	15	8.0
NM_001182114.1	1	4	4	6	6	14	9	13	15	8.0
NM_001179096.1	2	0	3	5	8	10	12	12	20	8.0
NM_001182341.3	3	5	6	6	10	7	10	8	18	8.11111111111111
NM_001184446.3	2	6	7	5	7	7	14	11	14	8.11111111111111
NM_001181941.1	1	4	5	5	8	6	14	15	15	8.11111111111111
NM_001184112.1	3	7	6	5	5	8	12	12	15	8.11111111111111
NM_001179423.1	3	4	4	5	8	10	14	12	14	8.222222222222221
NM_001180108.1	2	2	8	5	8	13	12	14	10	8.222222222222221
NM_001184110.1	0	4	4	5	10	9	14	11	17	8.222222222222221
NM_001184427.2	4	3	4	8	13	9	11	10	12	8.222222222222221
NM_001270755.1	2	4	3	7	6	10	11	12	20	8.333333333333334
NM_001183169.1	0	5	6	6	10	11	14	16	8	8.444444444444445
NM_001179341.3	2	5	4	4	5	12	11	13	20	8.444444444444445
NM_001270759.1	0	8	5	5	9	11	7	13	19	8.555555555555555
NM_001184332.1	2	3	7	6	9	12	10	14	14	8.555555555555555
NM_001183234.1	1	4	3	6	11	10	15	17	11	8.666666666666666
NM_001179851.3	2	3	6	5	11	14	11	15	12	8.777777777777779
NM_001183801.1	1	5	5	2	14	13	11	11	17	8.777777777777779
NM_001184676.3	0	2	5	5	11	10	17	13	17	8.88888888888889
NM_001184539.1	3	4	4	7	11	11	16	13	11	8.88888888888889
NM_001184447.3	3	7	5	3	11	12	14	11	15	9.0
NM_001184524.1	1	3	5	10	12	11	13	13	13	9.0
BI4	2	5	8	8	12	7	11	15	13	9.0
NM_001181011.1	1	0	6	5	10	10	16	15	18	9.0
NM_001182930.1	0	4	3	5	15	10	14	13	17	9.0
NM_001179307.3	1	2	6	7	9	12	14	13	18	9.11111111111111
NM_001179787.1	1	11	3	6	6	16	10	16	13	9.11111111111111
NM_001182547.2	4	2	4	6	8	12	12	18	17	9.222222222222221
NM_001179074.1	6	3	6	10	5	10	11	17	15	9.222222222222221
NM_001181817.1	4	2	6	5	10	13	15	13	15	9.222222222222221
NM_001180378.1	0	0	4	9	13	11	13	21	12	9.222222222222221
COB	2	7	7	7	13	7	10	17	13	9.222222222222221
COX1	2	7	5	4	8	12	15	16	14	9.222222222222221
NM_001183438.1	1	3	8	9	5	12	12	14	20	9.333333333333334
NM_001178197.1	4	2	7	13	14	12	9	11	13	9.444444444444445
NM_001179754.1	3	2	8	9	7	8	15	18	15	9.444444444444445
NM_001184091.1	1	4	4	5	11	15	14	16	15	9.444444444444445
NM_001181428.1	0	4	8	9	11	9	13	14	17	9.444444444444445
NM_001178530.3	0	3	12	6	7	14	12	11	20	9.444444444444445
NM_001180625.3	3	2	11	11	5	9	9	20	16	9.555555555555555
NM_001179145.1	2	2	6	8	5	14	16	16	17	9.555555555555555
NM_001184127.1	3	3	8	11	11	8	14	15	13	9.555555555555555
NM_001179831.1	1	3	2	10	6	12	18	19	16	9.666666666666666
NM_001183831.1	1	3	2	9	14	16	13	12	17	9.666666666666666
NM_001179848.1	3	3	6	8	10	15	13	12	18	9.777777777777779
NM_001179104.1	4	3	4	10	9	10	18	13	17	9.777777777777779
NM_001184044.1	2	2	8	11	8	13	14	15	16	9.88888888888889
NM_001348855.1	4	1	5	9	10	13	15	16	17	10.0
NM_001179896.1	3	7	5	7	12	13	16	15	12	10.0
NM_001182446.1	4	3	9	7	12	12	13	18	12	10.0
NM_001183748.1	2	5	7	3	9	10	13	21	21	10.11111111111111
NM_001182787.1	1	3	13	6	6	17	17	14	15	10.222222222222221
NM_001182982.1	1	2	12	5	10	12	13	18	19	10.222222222222221
NM_001179987.3	0	2	3	10	12	14	14	18	20	10.333333333333334
NM_001181536.1	4	4	4	7	11	14	17	15	17	10.333333333333334
NM_001178476.1	2	6	5	8	8	14	17	16	18	10.444444444444445
NM_001182551.1	3	2	6	13	14	10	12	20	15	10.555555555555555
NM_001182299.3	4	8	7	6	8	11	16	20	15	10.555555555555555
NM_001182563.1	2	5	10	8	6	11	14	19	20	10.555555555555555
NM_001180414.1	0	3	9	11	8	15	13	18	19	10.666666666666666
NM_001395034.1	4	4	6	6	15	13	14	18	16	10.666666666666666
NM_001179461.1	1	3	9	11	7	18	14	18	16	10.777777777777779
NM_001179106.1	0	4	4	8	18	13	10	16	24	10.777777777777779
NM_001180433.3	6	6	4	11	12	14	12	18	15	10.88888888888889
NM_001270739.1	1	6	10	9	12	11	11	18	20	10.88888888888889
NM_001181979.1	4	2	5	9	14	11	15	18	21	11.0
NM_001179888.1	2	5	7	11	9	9	20	16	21	11.11111111111111
NM_001183250.3	2	2	9	10	12	11	15	19	20	11.11111111111111
NM_001182207.2	1	5	3	10	14	14	18	16	19	11.11111111111111
NM_001182168.1	3	8	8	5	9	20	16	14	17	11.11111111111111
NM_001180264.1	5	2	5	10	6	14	15	18	25	11.11111111111111
NM_001181968.1	3	1	7	11	6	15	18	20	21	11.333333333333334
NM_001184390.4	2	1	10	11	12	9	15	21	21	11.333333333333334
NM_001183049.1	4	6	13	5	8	11	16	23	16	11.333333333333334
NM_001183556.3	5	7	6	8	11	8	24	13	20	11.333333333333334
NM_001179437.1	1	2	6	11	15	9	16	25	17	11.333333333333334
NM_001178239.1	1	6	6	11	14	16	13	15	20	11.333333333333334
NM_001184078.1	0	6	4	11	8	17	12	20	25	11.444444444444445
NM_001180390.1	0	3	5	12	11	17	19	12	25	11.555555555555555
NM_001179270.1	2	6	8	7	17	11	15	20	18	11.555555555555555
COX3	5	3	8	9	16	11	14	19	19	11.555555555555555
NM_001178808.1	3	3	9	12	13	18	14	12	21	11.666666666666666
NM_001182980.1	4	5	7	9	15	10	12	18	25	11.666666666666666
NM_001178720.1	4	5	5	9	7	12	18	22	23	11.666666666666666
NM_001184527.1	8	5	10	8	10	15	19	12	18	11.666666666666666
NM_001178173.1	1	4	6	10	12	16	21	16	19	11.666666666666666
NM_001178957.1	3	4	5	10	11	19	17	14	23	11.777777777777779
NM_001178204.1	4	3	9	8	16	13	20	17	16	11.777777777777779
NM_001178812.1	2	3	11	13	7	19	12	20	19	11.777777777777779
NM_001180583.1	7	1	6	8	13	16	16	17	24	12.0
NM_001179494.1	2	3	7	12	15	15	17	17	20	12.0
NM_001183410.1	2	4	4	11	7	17	21	17	26	12.11111111111111
NM_001183417.1	1	6	6	10	13	11	22	17	23	12.11111111111111
NM_001178987.1	3	5	5	12	15	9	16	18	26	12.11111111111111
NM_001183948.1	1	6	12	9	13	11	13	23	21	12.11111111111111
NM_001182138.1	3	4	7	10	12	16	15	23	20	12.222222222222221
NM_001178915.1	1	6	6	7	14	12	20	22	22	12.222222222222221
NM_001179320.3	4	6	7	6	14	17	18	17	22	12.333333333333334
NM_001179468.1	1	5	9	10	10	15	19	20	22	12.333333333333334
NM_001178709.1	1	4	10	13	14	14	17	23	16	12.444444444444445
NM_001179116.1	2	5	8	6	15	15	21	20	20	12.444444444444445
NM_001182680.1	3	8	4	11	16	15	14	17	25	12.555555555555555
NM_001184435.3	1	3	6	13	9	18	15	30	18	12.555555555555555
NM_001179043.1	2	5	5	14	7	13	20	20	28	12.666666666666666
NM_001179553.3	0	6	6	13	16	12	12	22	27	12.666666666666666
NM_001182531.1	4	8	6	11	7	12	16	26	24	12.666666666666666
NM_001183422.1	4	3	10	12	6	16	12	24	27	12.666666666666666
NM_001183429.1	0	7	7	15	9	18	18	20	23	13.0
NM_001181891.1	5	3	8	10	13	17	20	15	26	13.0
SDL1	1	2	7	14	18	18	17	18	23	13.11111111111111
NM_001180593.1	3	6	6	13	15	17	23	19	18	13.333333333333334
NM_001270761.1	2	8	6	7	12	17	23	26	19	13.333333333333334
NM_001183172.1	3	8	6	13	10	10	20	27	23	13.333333333333334
NM_001179982.1	1	7	7	7	14	15	16	25	29	13.444444444444445
NM_001179699.2	1	6	10	11	12	12	16	27	26	13.444444444444445
NM_001182566.1	0	10	9	10	13	9	18	23	30	13.555555555555555
NM_001181694.3	2	6	7	9	12	22	19	19	26	13.555555555555555
NM_001179539.3	1	2	7	8	16	11	19	25	33	13.555555555555555
NM_001181049.3	2	3	10	11	10	18	19	26	23	13.555555555555555
NM_001178532.3	4	8	8	11	13	11	19	25	23	13.555555555555555
NM_001182120.1	1	8	9	9	14	18	23	22	19	13.666666666666666
NM_001179727.1	2	7	6	9	18	13	21	21	26	13.666666666666666
NM_001179284.1	2	3	7	15	13	22	15	23	23	13.666666666666666
NM_001179086.1	3	6	7	8	24	14	18	24	20	13.777777777777779
NM_001179345.3	0	2	12	13	6	17	24	18	32	13.777777777777779
NM_001179363.1	3	2	6	14	12	22	24	19	23	13.88888888888889
NM_001183368.1	3	8	9	9	20	16	14	20	26	13.88888888888889
NM_001182663.1	3	4	7	12	17	17	15	25	25	13.88888888888889
NM_001178226.1	2	3	14	13	10	18	16	20	31	14.11111111111111
NM_001181459.1	2	4	13	13	15	20	22	15	23	14.11111111111111
NM_001184293.1	4	5	7	16	10	22	17	22	24	14.11111111111111
NM_001180955.1	1	6	7	14	17	17	15	21	30	14.222222222222221
NM_001182154.1	2	4	10	11	14	12	25	19	33	14.444444444444445
NM_001179356.1	4	5	8	15	14	19	16	23	26	14.444444444444445
NM_001179005.1	2	6	11	21	8	17	17	23	25	14.444444444444445
NM_001184439.1	4	8	11	10	10	20	18	20	29	14.444444444444445
NM_001181385.3	4	6	4	12	15	15	18	29	28	14.555555555555555
NM_001183981.1	3	12	5	9	12	21	19	26	24	14.555555555555555
NM_001270748.1	2	3	9	11	20	18	17	32	19	14.555555555555555
NM_001180386.1	3	6	12	4	24	17	17	21	28	14.666666666666666
NM_001184437.3	3	5	7	15	16	15	21	29	21	14.666666666666666
NM_001181225.3	4	2	5	15	18	18	20	25	25	14.666666666666666
NM_001184158.1	3	6	9	14	14	14	21	27	25	14.777777777777779
NM_001181897.1	4	3	7	11	19	20	18	27	24	14.777777777777779
NM_001180928.4	1	4	9	13	16	24	19	23	24	14.777777777777779
NM_001183040.1	3	3	6	19	22	18	17	17	28	14.777777777777779
NM_001180622.1	4	6	11	14	15	13	20	21	29	14.777777777777779
NM_001181957.1	7	4	10	10	8	13	26	26	30	14.88888888888889
NM_001179480.1	3	7	10	13	8	20	21	23	30	15.0
NM_001183166.1	6	5	7	12	11	17	17	25	35	15.0
NM_001182358.1	7	4	8	9	16	20	12	27	32	15.0
NM_001181665.1	8	6	12	10	14	14	18	27	27	15.11111111111111
NM_001184387.1	1	8	9	14	16	15	17	27	29	15.11111111111111
NM_001179124.1	3	6	10	14	12	15	27	24	25	15.11111111111111
NM_001181040.1	2	5	8	12	21	17	20	23	28	15.11111111111111
NM_001184264.1	3	7	13	10	18	20	18	20	28	15.222222222222221
NM_001270745.1	2	2	10	19	19	21	24	21	19	15.222222222222221
NM_001182848.3	1	7	8	11	19	20	16	24	32	15.333333333333334
NM_001181282.2	3	7	7	13	17	18	23	28	22	15.333333333333334
NM_001178700.1	5	7	10	11	20	20	18	24	23	15.333333333333334
NM_001184444.1	5	5	8	18	15	16	23	26	23	15.444444444444445
NM_001183592.1	0	10	11	12	21	11	19	28	28	15.555555555555555
NM_001182052.1	1	7	11	16	17	17	16	31	24	15.555555555555555
NM_001179112.1	2	8	7	9	15	17	21	29	32	15.555555555555555
NM_001179178.1	4	6	12	18	17	16	24	21	23	15.666666666666666
NM_001181250.3	3	10	8	17	18	18	19	23	25	15.666666666666666
NM_001182519.1	2	8	9	11	21	23	20	22	26	15.777777777777779
NM_001181129.1	6	8	6	20	15	14	24	25	24	15.777777777777779
NM_001183115.1	3	3	10	13	17	20	20	27	29	15.777777777777779
NM_001178224.1	1	3	7	16	14	17	28	24	33	15.88888888888889
NM_001178269.1	6	11	8	11	14	23	19	22	31	16.11111111111111
NM_001178802.1	5	9	8	9	12	20	25	25	32	16.11111111111111
NM_001178632.3	2	11	13	10	11	15	26	29	29	16.22222222222222
NM_001183798.1	1	8	13	10	17	16	25	27	29	16.22222222222222
NM_001180266.1	2	9	8	15	16	21	24	24	27	16.22222222222222
NM_001181431.2	3	6	8	16	19	17	23	31	24	16.333333333333332
NM_001181001.1	6	5	12	17	15	18	28	22	24	16.333333333333332
NM_001184182.1	3	3	9	13	16	24	25	24	30	16.333333333333332
NM_001180291.1	6	10	5	13	24	20	22	22	26	16.444444444444443
NM_001182029.1	3	9	5	16	16	26	23	23	27	16.444444444444443
NM_001182133.1	1	7	11	7	15	19	27	28	33	16.444444444444443
NM_001183468.1	3	7	10	14	15	14	26	29	31	16.555555555555557
NM_001180107.1	4	7	10	20	14	25	25	18	26	16.555555555555557
NM_001180080.1	0	7	11	13	17	24	20	28	29	16.555555555555557
NM_001183800.3	2	7	9	20	13	17	25	26	31	16.666666666666668
COX2	3	5	8	12	20	17	27	28	31	16.77777777777778
NM_001179315.1	4	7	7	15	23	17	24	29	26	16.88888888888889
NM_001182687.1	3	8	12	9	19	18	28	31	24	16.88888888888889
NM_001183236.3	4	5	14	12	19	21	21	25	32	17.0
NM_001184099.1	4	7	11	18	14	18	24	24	33	17.0
NM_001184250.1	2	7	11	16	12	24	26	23	33	17.11111111111111
NM_001181880.1	2	11	13	9	10	23	19	29	38	17.11111111111111
NM_001184397.1	3	6	10	17	15	26	26	22	30	17.22222222222222
NM_001181736.3	7	6	12	16	18	20	23	23	32	17.444444444444443
OLI1	2	11	7	15	16	22	18	36	30	17.444444444444443
NM_001182265.1	3	8	7	10	18	21	33	29	30	17.666666666666668
NM_001182160.1	6	8	13	16	17	17	24	28	30	17.666666666666668
NM_001178417.1	4	9	10	17	23	19	23	26	29	17.77777777777778
NM_001182344.1	8	9	10	18	16	21	24	24	30	17.77777777777778
NM_001182334.1	2	7	8	14	16	22	22	33	36	17.77777777777778
NM_001180434.1	5	9	9	7	18	19	32	31	30	17.77777777777778
NM_001183431.1	7	6	9	16	20	20	29	25	29	17.88888888888889
NM_001184398.2	3	8	10	18	15	26	26	23	32	17.88888888888889
NM_001181549.1	7	4	14	12	16	15	28	29	36	17.88888888888889
NM_001183337.1	3	7	12	16	21	20	25	25	33	18.0
NM_001180118.1	4	2	10	11	24	26	21	33	31	18.0
NM_001178225.1	3	5	10	12	20	26	27	28	32	18.11111111111111
NM_001181330.3	6	7	10	15	19	21	28	27	31	18.22222222222222
NM_001179913.1	5	12	8	16	20	14	27	34	28	18.22222222222222
NM_001181199.2	3	7	11	12	18	20	26	30	37	18.22222222222222
NM_001181372.1	6	8	14	18	15	17	26	29	32	18.333333333333332
NM_001181416.3	3	8	15	22	17	20	29	26	25	18.333333333333332
NM_001178567.3	3	9	9	15	20	21	29	25	34	18.333333333333332
NM_001184436.2	2	6	8	19	14	23	20	43	30	18.333333333333332
NM_001181350.2	2	4	13	16	25	20	25	23	37	18.333333333333332
NM_001180338.3	3	5	14	14	19	25	24	30	32	18.444444444444443
NM_001184686.1	2	12	16	9	18	23	23	29	35	18.555555555555557
NM_001184165.1	2	9	13	15	18	22	25	30	33	18.555555555555557
NM_001183886.1	5	11	6	12	20	26	27	29	32	18.666666666666668
NM_001183902.1	4	6	9	9	14	22	33	30	41	18.666666666666668
NM_001180243.1	3	12	9	16	21	24	24	24	35	18.666666666666668
NM_001183985.1	2	8	12	20	17	18	32	26	33	18.666666666666668
NM_001183874.1	4	8	8	21	25	20	26	26	31	18.77777777777778
NM_001178335.1	3	11	7	15	20	24	27	36	26	18.77777777777778
NM_001305015.2	7	10	12	18	16	19	26	31	30	18.77777777777778
NM_001183243.3	7	6	12	15	25	21	22	24	38	18.88888888888889
NM_001184071.1	2	12	16	16	18	23	31	29	23	18.88888888888889
NM_001182764.1	5	8	13	21	13	22	19	32	38	19.0
NM_001183033.1	2	8	13	17	23	22	28	27	32	19.11111111111111
NM_001181793.1	2	7	12	13	14	25	27	33	39	19.11111111111111
NM_001180393.1	4	6	13	20	24	18	19	33	35	19.11111111111111
NM_001183181.1	5	5	11	15	13	24	32	34	34	19.22222222222222
NM_001179325.1	4	5	15	16	19	27	28	27	34	19.444444444444443
NM_001178967.3	4	9	14	13	11	27	30	32	35	19.444444444444443
NM_001183809.3	4	7	13	10	25	28	29	27	32	19.444444444444443
NM_001184671.1	4	9	13	14	22	22	27	34	31	19.555555555555557
NM_001181297.1	4	6	14	22	20	23	31	25	31	19.555555555555557
NM_001178856.1	6	8	10	10	11	24	32	36	40	19.666666666666668
NM_001180589.1	3	3	11	16	21	31	26	30	36	19.666666666666668
NM_001178820.3	6	6	14	17	19	21	27	33	34	19.666666666666668
NM_001179449.1	5	5	8	12	12	28	33	36	39	19.77777777777778
NM_001181041.1	5	7	11	23	15	21	28	30	39	19.88888888888889
NM_001182521.1	4	8	13	21	25	21	29	34	24	19.88888888888889
NM_001182158.1	4	6	14	14	14	28	29	29	42	20.0
NM_001182319.1	8	9	13	16	21	24	27	25	37	20.0
NM_001180254.1	3	10	13	17	21	20	29	37	30	20.0
NM_001183539.1	5	9	14	19	21	20	25	31	37	20.11111111111111
NM_001179098.1	6	1	13	23	25	26	24	26	37	20.11111111111111
NM_001181577.1	3	6	17	20	17	20	30	31	37	20.11111111111111
NM_001348839.1	3	12	14	13	21	19	27	35	37	20.11111111111111
NM_001179165.1	2	5	16	15	22	24	26	39	33	20.22222222222222
NM_001180640.3	2	4	10	18	24	29	27	33	35	20.22222222222222
NM_001181551.1	4	13	11	9	18	18	32	35	43	20.333333333333332
NM_001180493.1	6	5	16	20	19	27	26	31	33	20.333333333333332
NM_001181596.1	1	10	19	16	25	24	29	29	31	20.444444444444443
NM_001181978.1	3	10	13	15	22	21	29	29	42	20.444444444444443
NM_001181341.3	8	12	7	14	18	33	28	32	32	20.444444444444443
NM_001183297.1	2	7	5	16	18	32	34	31	40	20.555555555555557
NM_001182185.1	4	9	13	17	19	27	28	33	35	20.555555555555557
NM_001181191.1	1	9	14	11	19	20	36	36	39	20.555555555555557
NM_001182759.1	5	10	12	16	23	19	34	30	38	20.77777777777778
NM_001182659.1	4	9	9	14	21	21	38	29	42	20.77777777777778
NM_001182039.1	5	8	10	21	18	25	28	34	38	20.77777777777778
NM_001178932.2	6	11	12	16	21	27	23	33	38	20.77777777777778
NM_001183708.1	2	7	17	13	26	21	33	29	40	20.88888888888889
NM_001180761.1	6	5	10	21	22	27	22	37	38	20.88888888888889
NM_001184163.1	7	7	13	16	17	30	24	34	41	21.0
NM_001181967.1	6	9	9	20	19	31	30	31	35	21.11111111111111
NM_001183677.1	3	11	15	17	16	25	36	36	31	21.11111111111111
NM_001180198.1	6	12	13	19	19	34	22	25	40	21.11111111111111
NM_001180745.3	2	11	12	18	23	22	25	35	42	21.11111111111111
NM_001183307.1	5	5	12	21	22	26	25	34	40	21.11111111111111
NM_001183367.1	4	10	14	21	18	27	28	29	39	21.11111111111111
NM_001184652.1	3	14	11	18	24	24	32	29	36	21.22222222222222
NM_001183479.1	1	8	13	19	23	21	26	39	41	21.22222222222222
NM_001179728.1	4	5	16	19	21	21	31	36	38	21.22222222222222
NM_001184388.4	3	10	12	22	21	22	27	37	37	21.22222222222222
NM_001182100.1	3	13	15	21	24	18	27	33	38	21.333333333333332
NM_001180034.1	6	9	10	17	26	20	25	39	40	21.333333333333332
NM_001178854.1	3	15	10	19	15	23	31	30	46	21.333333333333332
NM_001180374.1	6	10	11	14	26	28	30	26	42	21.444444444444443
NM_001182561.1	6	5	17	20	16	24	39	33	33	21.444444444444443
NM_001184083.1	7	9	6	13	27	30	27	39	35	21.444444444444443
NM_001180467.1	2	9	12	20	24	28	24	40	34	21.444444444444443
NM_001183255.1	4	10	10	12	18	26	28	45	41	21.555555555555557
NM_001180271.1	5	8	10	20	19	24	35	35	38	21.555555555555557
NM_001182408.1	3	12	14	8	21	29	34	36	37	21.555555555555557
NM_001182427.1	2	8	13	12	20	33	24	38	46	21.77777777777778
NM_001180384.3	3	8	11	17	20	29	28	43	38	21.88888888888889
NM_001181618.1	3	6	16	23	20	33	26	22	48	21.88888888888889
NM_001179440.3	2	18	8	21	21	25	31	39	33	22.0
NM_001305014.1	2	8	16	22	25	25	25	35	41	22.11111111111111
NM_001182686.1	3	7	13	19	24	28	26	33	46	22.11111111111111
NM_001184413.3	4	5	14	19	22	31	31	37	37	22.22222222222222
NM_001179416.3	2	8	11	24	27	26	26	38	39	22.333333333333332
NM_001431137.1	4	8	11	20	11	33	34	41	39	22.333333333333332
NM_001183988.1	6	13	20	16	19	30	26	31	40	22.333333333333332
NM_001183108.1	4	8	13	17	21	31	32	35	41	22.444444444444443
NM_001182881.1	4	6	15	12	22	26	36	45	37	22.555555555555557
NM_001183978.1	4	9	14	21	19	33	20	39	44	22.555555555555557
NM_001179561.3	3	8	13	21	20	28	34	33	44	22.666666666666668
NM_001181580.1	2	8	11	21	23	22	36	37	44	22.666666666666668
NM_001182345.3	5	8	14	18	28	29	31	34	37	22.666666666666668
NM_001181883.1	2	9	7	19	25	25	34	40	44	22.77777777777778
NM_001182202.2	5	15	13	17	23	23	26	41	42	22.77777777777778
NM_001181434.4	4	13	19	17	21	18	31	44	38	22.77777777777778
NM_001182402.2	8	3	20	11	19	22	36	40	46	22.77777777777778
NM_001183364.1	4	6	11	15	20	27	40	33	49	22.77777777777778
NM_001184412.1	8	3	20	11	19	22	36	40	46	22.77777777777778
NM_001182171.1	3	9	15	15	26	27	31	40	40	22.88888888888889
NM_001178752.1	3	9	17	22	28	28	29	38	32	22.88888888888889
NM_001181256.1	3	9	12	23	23	26	30	40	40	22.88888888888889
NM_001182863.1	4	10	14	17	30	32	26	32	42	23.0
NM_001183068.1	5	5	12	19	18	31	42	39	36	23.0
NM_001178937.1	4	9	11	27	21	27	27	42	40	23.11111111111111
NM_001183117.1	4	12	12	28	22	28	33	35	35	23.22222222222222
NM_001178455.3	2	10	16	25	21	32	34	34	37	23.444444444444443
NM_001180128.1	2	5	16	21	24	29	30	35	50	23.555555555555557
NM_001179652.1	1	6	15	21	24	24	37	44	41	23.666666666666668
NM_001179500.1	4	12	9	21	23	25	40	34	46	23.77777777777778
NM_001183424.1	10	8	16	16	25	29	33	33	44	23.77777777777778
NM_001348811.1	4	12	11	18	29	29	33	40	38	23.77777777777778
NM_001179536.3	4	11	16	12	25	34	34	44	34	23.77777777777778
NM_001180163.1	6	10	17	25	15	32	27	35	48	23.88888888888889
NM_001181521.1	2	4	19	21	28	29	35	41	36	23.88888888888889
NM_001179333.3	7	9	15	18	28	32	25	32	49	23.88888888888889
NM_001179794.3	6	8	10	20	26	25	42	39	39	23.88888888888889
NM_001181697.1	4	10	11	24	26	30	30	37	45	24.11111111111111
NM_001184471.3	4	7	25	20	21	24	39	32	46	24.22222222222222
NM_001181853.1	5	11	19	19	20	35	26	40	43	24.22222222222222
NM_001179205.1	2	14	21	17	27	30	38	36	34	24.333333333333332
NM_001183075.1	4	7	21	23	19	34	37	36	38	24.333333333333332
NM_001179935.1	4	5	17	15	24	32	35	42	46	24.444444444444443
NM_001183612.3	2	7	23	22	21	33	32	43	39	24.666666666666668
NM_001182235.1	3	11	15	29	23	25	35	39	42	24.666666666666668
NM_001180092.1	6	5	14	19	24	30	37	34	53	24.666666666666668
NM_001184409.1	8	9	17	13	28	24	37	42	44	24.666666666666668
NM_001184532.1	8	13	20	13	25	29	33	38	43	24.666666666666668
NM_001182627.1	3	6	13	20	29	30	35	42	45	24.77777777777778
NM_001184523.1	4	10	16	14	23	29	35	39	54	24.88888888888889
NM_001180590.3	5	10	15	20	28	29	37	38	43	25.0
NM_001180695.3	7	10	15	20	19	33	30	44	47	25.0
NM_001183359.1	6	10	12	21	24	25	44	36	47	25.0
NM_001178645.3	6	10	15	22	20	31	37	37	49	25.22222222222222
NM_001183533.1	6	6	18	22	31	29	36	37	42	25.22222222222222
NM_001183263.1	3	9	18	20	26	30	38	38	45	25.22222222222222
NM_001179537.1	5	8	13	23	22	32	36	38	50	25.22222222222222
NM_001183072.1	5	10	11	21	31	28	35	42	45	25.333333333333332
NM_001181019.1	2	13	16	18	25	35	36	36	47	25.333333333333332
NM_001183237.1	6	6	16	19	25	33	43	41	40	25.444444444444443
NM_001178989.1	5	13	19	15	22	27	33	43	52	25.444444444444443
NM_001180623.3	5	10	17	24	26	29	31	39	48	25.444444444444443
NM_001181095.1	8	11	13	19	25	27	44	36	47	25.555555555555557
NM_001181144.1	6	11	16	22	28	33	31	38	46	25.666666666666668
NM_001180978.3	6	9	19	21	28	30	36	43	39	25.666666666666668
NM_001179621.2	6	13	17	16	25	32	40	33	49	25.666666666666668
NM_001346795.1	4	12	18	26	24	28	35	37	47	25.666666666666668
NM_001182036.1	3	6	23	14	21	37	39	47	42	25.77777777777778
NM_001181417.1	3	4	17	23	32	29	37	37	50	25.77777777777778
NM_001180047.1	3	7	13	19	25	31	47	41	47	25.88888888888889
NM_001181217.1	3	5	14	30	23	26	35	45	53	26.0
NM_001181377.3	3	15	13	24	28	26	33	41	51	26.0
NM_001181778.1	4	12	18	19	26	29	39	39	49	26.11111111111111
NM_001179859.3	9	11	17	14	27	36	35	41	45	26.11111111111111
NM_001181777.1	7	11	17	19	33	31	29	43	46	26.22222222222222
NM_001179264.1	6	10	19	18	25	37	39	41	42	26.333333333333332
NM_001184675.3	4	9	23	16	30	33	38	41	43	26.333333333333332
NM_001184515.1	7	7	16	25	29	35	32	40	46	26.333333333333332
NM_001180854.3	7	10	12	16	27	36	34	40	55	26.333333333333332
NM_001178644.1	5	13	10	22	19	34	36	44	54	26.333333333333332
NM_001181433.3	3	8	17	22	29	24	36	45	54	26.444444444444443
NM_001183191.3	5	11	14	28	27	36	32	37	49	26.555555555555557
NM_001181152.1	5	6	19	23	29	30	42	41	45	26.666666666666668
NM_001184677.1	10	10	19	22	31	26	34	41	48	26.77777777777778
NM_001180585.3	6	7	15	21	27	27	32	51	55	26.77777777777778
NM_001184511.1	3	13	18	21	28	30	37	41	50	26.77777777777778
NM_001179281.1	7	12	20	24	20	28	37	41	53	26.88888888888889
NM_001181922.1	3	8	11	27	30	28	46	37	53	27.0
NM_001182395.1	4	11	11	23	29	26	32	47	60	27.0
NM_001183923.1	4	14	14	27	29	28	31	42	55	27.11111111111111
NM_001183463.1	4	14	11	26	23	41	39	43	44	27.22222222222222
NM_001181898.1	5	15	14	18	28	35	31	45	54	27.22222222222222
NM_001180259.1	6	21	19	25	25	29	31	44	45	27.22222222222222
NM_001181450.1	5	13	15	17	28	22	37	49	59	27.22222222222222
NM_001181799.1	6	9	19	25	21	35	34	43	54	27.333333333333332
NM_001180846.3	3	8	15	23	26	34	38	47	52	27.333333333333332
NM_001182209.1	6	8	20	15	26	30	46	47	49	27.444444444444443
NM_001178783.1	6	13	18	16	29	30	45	39	52	27.555555555555557
NM_001180257.1	7	13	19	24	20	30	38	42	55	27.555555555555557
NM_001179487.1	1	16	15	18	25	43	33	47	50	27.555555555555557
NM_001178607.3	4	11	18	24	34	31	40	44	43	27.666666666666668
NM_001178253.1	6	9	13	21	31	43	38	39	49	27.666666666666668
NM_001178835.1	2	14	14	22	32	31	37	46	51	27.666666666666668
NM_001180199.1	9	12	14	25	23	36	33	44	54	27.77777777777778
NM_001178565.1	4	14	14	22	23	32	45	44	52	27.77777777777778
NM_001183927.1	2	10	9	19	30	31	38	53	59	27.88888888888889
NM_001179040.1	6	7	17	18	33	27	33	52	58	27.88888888888889
NM_001179482.3	10	8	17	23	34	33	31	44	52	28.0
NM_001183483.1	10	11	20	16	33	44	31	45	42	28.0
NM_001181021.1	3	16	19	16	29	36	34	42	58	28.11111111111111
NM_001179132.1	4	18	14	23	32	31	34	41	57	28.22222222222222
NM_001181927.1	8	11	16	20	21	34	46	46	53	28.333333333333332
NM_001182270.1	3	13	23	25	27	26	41	43	54	28.333333333333332
NM_001180557.3	10	8	11	27	36	29	34	51	49	28.333333333333332
NM_001178198.1	4	18	16	28	29	34	35	39	53	28.444444444444443
NM_001183481.1	6	14	19	22	29	35	47	39	45	28.444444444444443
NM_001180950.1	10	12	21	31	26	27	40	45	46	28.666666666666668
NM_001183222.3	6	7	20	23	32	33	44	47	46	28.666666666666668
NM_001178949.1	3	12	20	11	27	40	36	57	52	28.666666666666668
NM_001184656.1	4	10	23	21	27	34	40	51	50	28.88888888888889
NM_001180924.4	6	11	17	22	25	36	37	47	59	28.88888888888889
NM_001178641.3	4	6	19	24	28	30	36	55	58	28.88888888888889
NM_001178738.1	8	21	23	14	29	28	42	43	53	29.0
NM_001178653.1	5	12	20	26	28	27	46	53	44	29.0
NM_001184030.1	8	13	17	19	38	28	41	42	55	29.0
NM_001180373.3	11	7	23	24	28	30	43	59	37	29.11111111111111
NM_001180691.3	4	12	18	22	29	33	45	45	54	29.11111111111111
NM_001180298.1	7	10	19	29	34	35	32	42	54	29.11111111111111
NM_001179392.1	5	10	17	17	28	37	43	50	56	29.22222222222222
NM_001181533.1	3	12	26	21	34	35	40	41	52	29.333333333333332
NM_001281536.2	4	7	19	24	30	38	45	49	48	29.333333333333332
NM_001181565.1	5	10	15	28	25	38	41	43	60	29.444444444444443
NM_001180330.1	6	13	19	14	42	33	41	43	55	29.555555555555557
NM_001182177.1	4	13	21	21	27	34	37	53	56	29.555555555555557
NM_001180283.1	6	12	20	29	31	39	32	43	55	29.666666666666668
NM_001179048.1	8	15	21	27	20	40	40	48	48	29.666666666666668
NM_001178516.3	5	7	17	33	28	33	40	46	58	29.666666666666668
NM_001180276.1	5	13	19	18	33	32	47	46	55	29.77777777777778
NM_001178571.3	5	12	17	23	37	33	37	49	56	29.88888888888889
NM_001179799.1	4	11	18	28	34	39	44	33	58	29.88888888888889
NM_001179027.3	6	12	23	22	28	33	37	53	55	29.88888888888889
NM_001182594.1	3	14	18	27	23	36	37	53	59	30.0
NM_001182311.3	4	4	13	32	31	40	36	55	55	30.0
NM_001179018.3	5	12	19	25	27	25	41	57	59	30.0
NM_001183754.1	8	16	17	27	26	37	45	39	55	30.0
NM_001184168.1	4	10	21	35	28	36	39	44	54	30.11111111111111
NM_001184036.1	7	13	12	22	29	31	44	50	63	30.11111111111111
NM_001178906.3	4	10	25	21	28	40	42	49	53	30.22222222222222
NM_001178928.1	5	16	17	19	35	39	34	53	54	30.22222222222222
NM_001180366.1	6	11	18	28	23	34	38	61	53	30.22222222222222
NM_001179108.1	9	12	14	22	24	36	35	57	63	30.22222222222222
NM_001182657.1	9	8	22	24	26	32	49	47	56	30.333333333333332
NM_001182550.1	8	12	19	21	28	36	38	53	58	30.333333333333332
NM_001184593.3	4	17	16	18	36	38	48	43	55	30.555555555555557
NM_001182614.1	6	12	17	26	34	33	44	46	59	30.77777777777778
NM_001183152.1	4	11	18	23	28	39	48	43	63	30.77777777777778
NM_001182801.1	6	15	16	24	39	35	45	47	52	31.0
NM_001181298.3	5	8	19	23	34	41	42	51	57	31.11111111111111
NM_001178753.1	6	16	21	21	26	34	48	48	60	31.11111111111111
NM_001180767.1	3	12	17	18	36	45	47	54	48	31.11111111111111
NM_001178708.1	6	16	21	21	26	34	48	48	60	31.11111111111111
NM_001182296.1	5	12	20	27	37	33	50	50	47	31.22222222222222
NM_001178315.1	8	12	23	23	26	39	43	51	56	31.22222222222222
NM_001184401.1	7	12	18	27	29	41	34	54	60	31.333333333333332
NM_001184673.1	8	10	19	27	39	39	41	52	48	31.444444444444443
NM_001179421.3	6	12	25	19	31	39	45	41	65	31.444444444444443
NM_001180237.1	7	17	20	25	39	37	36	49	53	31.444444444444443
NM_001180631.3	15	8	16	31	24	38	51	51	49	31.444444444444443
NM_001178929.3	9	15	18	28	31	34	43	46	59	31.444444444444443
NM_001183703.3	7	8	23	21	23	40	50	54	58	31.555555555555557
NM_001181457.1	5	6	29	27	29	31	50	53	54	31.555555555555557
NM_001183252.1	10	13	22	24	31	28	53	54	49	31.555555555555557
NM_001180910.3	7	13	20	25	27	41	50	43	58	31.555555555555557
NM_001178511.3	4	11	18	34	30	40	40	51	57	31.666666666666668
NM_001179405.1	5	15	18	31	36	39	36	49	58	31.88888888888889
NM_001179470.1	5	17	14	29	32	43	46	39	62	31.88888888888889
NM_001179287.1	2	14	20	33	31	31	47	50	59	31.88888888888889
NM_001181603.1	7	15	25	32	29	43	29	49	58	31.88888888888889
NM_001184449.1	4	10	19	21	29	41	37	63	63	31.88888888888889
NM_001179807.3	8	9	20	27	30	46	45	52	51	32.0
NM_001179627.1	9	11	17	23	39	33	45	54	57	32.0
NM_001184402.2	7	12	18	27	31	42	34	57	61	32.111111111111114
NM_001180048.2	5	11	17	25	30	40	55	50	57	32.22222222222222
NM_001179577.1	8	13	15	22	30	42	47	50	64	32.333333333333336
NM_001182772.1	6	9	18	21	37	30	51	55	65	32.44444444444444
NM_001179309.3	9	15	21	24	34	39	36	54	61	32.55555555555556
NM_001180658.4	1	11	16	29	30	37	42	60	67	32.55555555555556
NM_001181186.3	5	14	15	28	37	38	44	49	64	32.666666666666664
NM_001182098.1	9	14	17	30	32	39	45	52	56	32.666666666666664
NM_001183371.1	4	11	16	28	34	37	42	57	67	32.888888888888886
NM_001179299.2	8	14	19	30	29	34	48	57	57	32.888888888888886
NM_001179197.1	7	18	25	31	36	39	40	50	51	33.0
NM_001181009.1	7	11	16	25	36	43	54	40	65	33.0
NM_001181116.1	4	13	15	30	31	43	37	61	63	33.0
NM_001182650.1	6	21	20	26	33	31	42	52	67	33.111111111111114
NM_001183778.1	8	16	25	25	30	40	39	58	57	33.111111111111114
NM_001184106.1	1	14	18	30	40	39	45	52	60	33.22222222222222
NM_001182274.1	6	20	23	26	27	38	51	58	50	33.22222222222222
NM_001182539.1	5	18	26	24	33	38	45	50	61	33.333333333333336
NM_001179065.3	3	10	19	30	32	50	44	50	63	33.44444444444444
NM_001181204.3	7	14	19	23	33	42	53	57	54	33.55555555555556
NM_001182105.1	2	13	20	33	35	45	45	50	60	33.666666666666664
NM_001183838.1	8	14	24	26	34	47	45	51	55	33.77777777777778
NM_001183963.1	8	5	14	30	36	38	49	65	59	33.77777777777778
NM_001183171.1	9	13	20	36	35	35	46	56	54	33.77777777777778
NM_001270758.1	2	13	20	34	29	41	46	59	60	33.77777777777778
NM_001178797.2	8	15	30	34	28	31	43	56	60	33.888888888888886
NM_001179340.1	8	12	19	28	38	33	56	52	59	33.888888888888886
NM_001183499.1	8	13	21	27	31	51	42	54	58	33.888888888888886
NM_001179221.1	3	15	18	29	29	46	46	57	63	34.0
NM_001183891.1	5	14	12	31	38	32	61	56	57	34.0
NM_001179236.1	6	13	21	28	29	42	53	51	64	34.111111111111114
NM_001179063.1	3	8	18	33	37	39	50	64	55	34.111111111111114
NM_001181267.1	7	14	26	26	36	40	46	59	54	34.22222222222222
NM_001180412.3	6	12	22	33	31	41	52	56	56	34.333333333333336
NM_001182204.1	6	17	22	34	33	39	41	60	58	34.44444444444444
NM_001180626.3	7	10	22	37	34	45	42	52	61	34.44444444444444
NM_001180011.1	6	7	15	21	42	49	51	59	61	34.55555555555556
NM_001183822.1	6	14	17	23	41	51	53	46	61	34.666666666666664
NM_001181171.1	8	14	24	32	33	45	41	58	58	34.77777777777778
NM_001182409.1	10	12	15	32	37	45	51	48	64	34.888888888888886
NM_001180644.3	4	12	17	26	38	39	59	52	68	35.0
NM_001178259.1	6	20	16	29	37	31	54	54	69	35.111111111111114
NM_001179141.1	9	7	27	29	36	49	43	54	62	35.111111111111114
NM_001183571.1	3	10	20	29	41	43	51	60	60	35.22222222222222
NM_001182864.3	5	16	24	26	37	40	51	53	66	35.333333333333336
NM_001184493.1	7	13	24	27	39	36	55	59	58	35.333333333333336
NM_001184680.1	4	17	21	25	38	31	56	58	69	35.44444444444444
NM_001182038.1	12	20	20	29	35	41	43	60	59	35.44444444444444
NM_001181113.1	5	14	25	31	25	44	45	64	66	35.44444444444444
NM_001182019.1	10	16	15	25	33	44	49	65	63	35.55555555555556
NM_001183723.3	5	14	16	25	37	41	59	56	67	35.55555555555556
NM_001180188.1	11	14	22	29	40	40	59	53	52	35.55555555555556
NM_001179687.1	7	14	19	28	32	44	57	61	59	35.666666666666664
NM_001179210.1	8	10	18	30	29	41	55	65	65	35.666666666666664
NM_001183647.3	9	9	21	30	30	46	45	68	63	35.666666666666664
NM_001181992.1	9	11	27	29	37	37	51	57	63	35.666666666666664
NM_001184457.1	6	14	27	31	38	41	47	58	60	35.77777777777778
NM_001179134.1	8	14	20	34	30	45	52	54	65	35.77777777777778
NM_001183853.1	7	17	21	28	45	41	41	62	60	35.77777777777778
NM_001183132.1	8	16	23	33	36	40	52	53	61	35.77777777777778
NM_001183242.1	9	13	20	23	38	42	50	60	68	35.888888888888886
NM_001183982.1	5	18	17	24	37	56	48	64	54	35.888888888888886
NM_001180860.1	6	18	18	25	35	54	48	58	61	35.888888888888886
NM_001182611.1	9	17	32	25	29	52	43	55	62	36.0
NM_001184492.1	12	11	22	33	32	34	51	60	69	36.0
NM_001182693.1	7	14	20	28	40	52	48	55	60	36.0
NM_001183855.1	9	17	21	26	35	36	35	62	83	36.0
NM_001179834.3	6	12	23	36	30	48	55	49	66	36.111111111111114
NM_001184103.1	5	12	19	29	34	37	62	65	62	36.111111111111114
NM_001182628.1	8	11	24	31	38	40	58	53	63	36.22222222222222
NM_001183980.1	9	13	23	32	34	39	50	55	71	36.22222222222222
NM_001183240.3	8	9	20	28	34	38	55	63	71	36.22222222222222
NM_001180573.1	7	14	20	24	40	47	46	72	56	36.22222222222222
NM_001178919.1	8	9	27	30	40	33	50	63	66	36.22222222222222
NM_001181642.1	1	8	27	28	35	47	54	57	70	36.333333333333336
NM_001178172.1	2	11	23	32	36	48	54	51	70	36.333333333333336
NM_001180164.1	4	13	23	34	43	56	42	58	54	36.333333333333336
NM_001180563.3	11	14	21	31	36	43	56	49	66	36.333333333333336
NM_001183624.1	7	12	21	34	34	49	50	58	63	36.44444444444444
NM_001181262.1	8	11	26	23	36	42	60	56	66	36.44444444444444
NM_001183819.1	9	13	21	30	39	46	44	56	70	36.44444444444444
NM_001182868.3	11	15	25	32	38	42	49	57	59	36.44444444444444
NM_001182028.1	12	13	18	36	36	43	49	59	63	36.55555555555556
NM_001182129.1	7	13	23	29	38	49	57	52	61	36.55555555555556
NM_001182640.1	7	8	16	40	39	39	51	61	68	36.55555555555556
NM_001184050.1	11	12	21	26	34	43	56	58	69	36.666666666666664
NM_001181106.1	6	17	17	27	37	48	47	63	68	36.666666666666664
NM_001182667.1	4	23	22	39	32	40	47	48	77	36.888888888888886
NM_001180312.1	1	17	29	28	30	48	48	62	69	36.888888888888886
NM_001182829.1	9	13	22	34	35	43	57	55	64	36.888888888888886
NM_001178834.3	9	19	22	33	32	46	56	56	61	37.111111111111114
NM_001184190.1	12	20	15	39	41	41	45	58	63	37.111111111111114
NM_001184338.1	9	10	25	29	31	44	54	54	78	37.111111111111114
NM_001179547.1	13	14	13	34	23	39	65	69	65	37.22222222222222
NM_001184144.1	10	19	15	25	40	48	53	62	63	37.22222222222222
NM_001181823.1	10	13	25	35	39	41	48	62	63	37.333333333333336
NM_001181679.1	7	21	17	39	38	52	44	62	56	37.333333333333336
NM_001182538.1	5	15	20	31	32	58	50	58	67	37.333333333333336
NM_001178831.1	5	17	26	29	36	40	49	58	76	37.333333333333336
NM_001181712.1	12	18	23	20	34	44	52	62	72	37.44444444444444
NM_001183567.1	5	10	23	33	32	40	54	68	72	37.44444444444444
NM_001182587.1	9	16	29	29	31	42	54	54	74	37.55555555555556
NM_001183685.3	6	7	32	31	39	48	59	57	60	37.666666666666664
NM_001181819.3	6	16	23	27	38	49	65	57	58	37.666666666666664
NM_001181317.3	7	17	25	31	41	40	45	66	68	37.77777777777778
NM_001178731.1	12	16	22	28	36	48	48	59	71	37.77777777777778
NM_001270760.1	10	11	40	22	26	52	61	61	57	37.77777777777778
NM_001182526.1	7	16	22	28	36	37	62	66	66	37.77777777777778
NM_001179785.1	6	15	26	31	39	45	52	61	65	37.77777777777778
NM_001183688.1	6	13	30	28	28	50	50	56	80	37.888888888888886
NM_001181787.2	10	14	20	22	40	50	54	63	68	37.888888888888886
NM_001180431.1	10	17	22	27	51	31	54	65	65	38.0
NM_001179445.1	11	14	26	28	47	41	50	61	65	38.111111111111114
NM_001182153.1	7	11	18	35	32	54	60	54	72	38.111111111111114
NM_001270743.1	5	22	22	29	41	43	48	63	71	38.22222222222222
NM_001180838.1	6	13	34	28	37	44	54	57	71	38.22222222222222
NM_001181172.1	11	15	26	29	43	47	41	73	59	38.22222222222222
NM_001178392.2	10	20	23	36	39	42	53	55	67	38.333333333333336
NM_001181367.3	7	19	22	24	32	52	40	73	76	38.333333333333336
NM_001180694.3	9	17	16	26	30	59	59	54	76	38.44444444444444
NM_001183714.3	8	16	29	32	38	37	52	63	71	38.44444444444444
NM_001180982.3	6	18	22	30	29	50	53	59	79	38.44444444444444
NM_001184281.1	11	17	22	27	44	49	53	60	63	38.44444444444444
NM_001179527.1	6	16	22	34	46	44	52	58	69	38.55555555555556
NM_001178391.2	7	10	21	30	42	48	61	62	66	38.55555555555556
NM_001182055.1	8	14	22	30	35	56	49	66	67	38.55555555555556
NM_001181670.4	11	24	23	33	35	46	45	57	73	38.55555555555556
NM_001179246.1	7	22	27	23	38	51	58	50	71	38.55555555555556
NM_001182808.2	11	8	25	33	43	41	59	55	73	38.666666666666664
NM_001180562.3	11	18	34	33	36	38	53	52	73	38.666666666666664
NM_001180486.1	8	17	24	20	42	47	52	66	73	38.77777777777778
NM_001179552.1	6	16	20	22	43	48	55	68	71	38.77777777777778
NM_001184005.1	7	14	25	34	32	46	49	73	70	38.888888888888886
NM_001178395.1	9	11	23	21	30	49	65	67	75	38.888888888888886
NM_001178179.1	8	23	27	34	43	46	50	51	69	39.0
NM_001183459.1	6	15	23	27	48	46	56	65	65	39.0
NM_001183449.1	4	17	30	28	36	41	66	63	67	39.111111111111114
NM_001182971.3	5	15	19	24	37	45	60	75	74	39.333333333333336
NM_001184069.1	5	13	34	24	44	43	49	67	75	39.333333333333336
NM_001182015.1	8	17	29	31	33	54	48	60	74	39.333333333333336
NM_001182170.1	9	15	28	26	35	38	60	67	76	39.333333333333336
NM_001182292.3	6	17	15	30	43	48	59	73	63	39.333333333333336
NM_001179235.1	7	19	33	26	38	45	53	60	73	39.333333333333336
NM_001180999.1	7	12	21	23	44	57	49	55	87	39.44444444444444
NM_001183349.1	9	19	30	28	41	49	48	61	70	39.44444444444444
NM_001179217.1	7	15	19	37	47	50	51	73	56	39.44444444444444
NM_001180439.1	14	13	26	29	38	50	47	66	73	39.55555555555556
NM_001181764.4	9	16	25	28	37	46	62	59	74	39.55555555555556
NM_001183366.1	5	21	22	30	32	45	61	59	81	39.55555555555556
NM_001180166.1	11	13	20	30	37	52	55	67	72	39.666666666666664
NM_001184231.1	2	13	28	36	41	54	50	66	68	39.77777777777778
NM_001182121.1	12	16	27	25	43	53	49	64	69	39.77777777777778
NM_001178819.1	7	16	28	31	34	60	62	55	65	39.77777777777778
NM_001182670.1	5	25	21	35	38	45	56	64	69	39.77777777777778
NM_001183885.1	10	15	26	37	32	47	60	58	74	39.888888888888886
NM_001178500.3	10	28	22	35	38	47	49	60	70	39.888888888888886
NM_001178606.3	4	15	26	29	40	45	57	64	79	39.888888888888886
NM_001183890.1	8	14	18	35	44	48	57	60	76	40.0
NM_001183860.1	7	17	22	35	42	57	52	58	70	40.0
NM_001182576.1	5	21	22	32	50	48	65	56	61	40.0
NM_001178576.3	3	18	22	31	48	41	59	67	71	40.0
NM_001183061.1	8	13	22	35	40	53	58	55	76	40.0
NM_001180916.1	4	15	34	33	38	44	57	64	72	40.111111111111114
NM_001178299.1	8	21	22	23	35	46	67	58	81	40.111111111111114
NM_001183087.1	10	12	27	36	37	55	53	56	76	40.22222222222222
NM_001178446.1	4	15	20	37	38	50	53	64	81	40.22222222222222
NM_001182924.1	5	16	20	27	47	47	58	67	75	40.22222222222222
NM_001183382.1	5	13	30	33	41	46	67	62	66	40.333333333333336
NM_001179766.1	7	19	30	31	40	42	58	65	72	40.44444444444444
NM_001181869.1	6	15	32	26	45	36	60	68	76	40.44444444444444
NM_001181469.1	4	13	25	32	44	49	54	77	67	40.55555555555556
NM_001183051.1	6	18	27	30	40	47	62	67	69	40.666666666666664
NM_001183921.1	10	17	28	32	40	47	54	56	82	40.666666666666664
NM_001181516.1	5	13	25	36	35	56	55	67	75	40.77777777777778
NM_001183277.1	4	16	24	33	41	45	67	67	70	40.77777777777778
NM_001178735.1	7	15	24	39	40	51	57	58	77	40.888888888888886
FLO8	7	7	25	35	28	55	60	73	79	41.0
NM_001181109.1	14	12	19	36	52	51	53	66	67	41.111111111111114
NM_001181822.1	7	18	32	28	45	51	59	54	76	41.111111111111114
NM_001181481.1	11	15	19	35	48	49	51	67	75	41.111111111111114
NM_001182176.1	17	11	23	34	43	44	61	66	71	41.111111111111114
NM_001182606.1	14	16	21	32	39	51	56	60	81	41.111111111111114
NM_001179881.1	6	18	23	25	45	53	60	68	72	41.111111111111114
NM_001178898.1	8	25	22	27	45	52	57	57	77	41.111111111111114
NM_001184082.1	7	13	27	38	48	51	58	58	71	41.22222222222222
NM_001181489.1	7	22	22	39	39	45	57	61	79	41.22222222222222
NM_001183456.1	14	22	23	30	44	48	58	69	65	41.44444444444444
NM_001181145.1	9	18	29	42	50	42	54	59	71	41.55555555555556
NM_001184008.1	9	15	23	25	47	56	55	76	68	41.55555555555556
NM_001180499.3	8	11	19	50	43	46	57	62	78	41.55555555555556
NM_001179302.1	17	16	28	35	37	44	57	72	69	41.666666666666664
NM_001184108.1	6	22	21	35	46	66	51	61	67	41.666666666666664
NM_001178531.1	7	16	25	37	37	60	62	63	68	41.666666666666664
NM_001182532.1	9	15	25	34	55	44	57	67	70	41.77777777777778
NM_001179361.1	10	13	32	30	29	48	62	71	81	41.77777777777778
NM_001179094.1	16	14	36	31	41	42	53	75	68	41.77777777777778
NM_001184321.1	5	20	27	39	35	43	62	68	79	42.0
NM_001181039.3	14	16	24	31	41	50	58	67	77	42.0
NM_001179891.3	3	18	32	39	38	39	55	65	89	42.0
NM_001179656.1	9	13	21	35	38	59	60	64	79	42.0
NM_001184023.1	9	14	31	38	38	47	61	67	74	42.111111111111114
NM_001180139.1	12	16	26	32	30	56	72	61	75	42.22222222222222
NM_001182652.1	7	11	24	34	47	42	63	72	80	42.22222222222222
NM_001182639.1	8	13	25	33	46	58	57	67	74	42.333333333333336
NM_001180940.1	11	21	19	44	41	39	74	63	69	42.333333333333336
NM_001184206.1	8	16	31	25	42	54	59	72	76	42.55555555555556
NM_001182553.1	6	22	24	38	39	46	59	64	86	42.666666666666664
NM_001181901.1	9	21	29	26	42	49	61	75	72	42.666666666666664
NM_001181102.1	7	20	24	33	34	43	58	83	82	42.666666666666664
NM_001184517.3	5	13	29	37	33	59	66	74	68	42.666666666666664
NM_001178587.3	8	20	26	37	40	56	56	63	78	42.666666666666664
NM_001180236.1	7	13	27	31	47	56	61	66	76	42.666666666666664
NM_001178320.2	5	15	26	41	44	51	65	67	72	42.888888888888886
NM_001182280.3	10	18	25	31	37	66	48	71	80	42.888888888888886
NM_001181756.2	10	12	27	38	40	43	68	77	72	43.0
NM_001184180.1	12	14	23	37	51	47	53	62	88	43.0
NM_001180996.1	10	23	23	42	32	47	65	66	79	43.0
NM_001182381.1	7	15	29	37	39	50	67	72	73	43.22222222222222
NM_001184519.1	5	21	32	40	36	43	56	74	82	43.22222222222222
NM_001182242.1	5	10	22	29	52	59	74	65	74	43.333333333333336
NM_001179313.1	4	21	19	35	35	59	64	68	85	43.333333333333336
NM_001184213.1	2	15	30	37	42	56	58	67	84	43.44444444444444
NM_001184047.1	9	27	19	41	52	52	52	69	72	43.666666666666664
NM_001179290.1	8	19	29	31	46	49	59	67	85	43.666666666666664
NM_001178356.1	8	18	32	32	46	51	56	75	75	43.666666666666664
NM_001180993.1	4	21	30	33	44	49	63	65	84	43.666666666666664
NM_001178777.1	6	26	26	26	41	60	63	66	80	43.77777777777778
NM_001180747.1	5	20	25	26	35	54	59	80	90	43.77777777777778
NM_001182777.1	11	17	26	34	54	54	50	64	85	43.888888888888886
NM_001183866.4	8	12	30	37	44	53	64	79	68	43.888888888888886
NM_001179090.1	12	21	27	32	47	48	63	64	82	44.0
NM_001182557.1	10	20	22	30	45	45	65	77	82	44.0
NM_001181638.1	10	9	26	39	30	66	61	72	83	44.0
NM_001180790.3	15	18	29	37	43	46	68	63	78	44.111111111111114
NM_001431141.1	13	11	30	28	45	51	64	72	84	44.22222222222222
NM_001182401.1	8	22	35	39	38	61	68	64	63	44.22222222222222
NM_001182791.1	8	16	28	45	31	60	65	67	79	44.333333333333336
NM_001179841.3	7	17	30	39	43	55	55	63	90	44.333333333333336
NM_001183548.1	13	19	32	35	50	45	61	71	73	44.333333333333336
NM_001183880.1	13	13	23	41	49	50	63	68	80	44.44444444444444
NM_001180449.1	4	17	29	39	36	55	64	75	81	44.44444444444444
NM_001181643.1	6	19	35	33	38	51	72	67	79	44.44444444444444
NM_001178652.2	11	19	20	40	33	53	65	79	81	44.55555555555556
NM_001181639.1	10	17	21	34	45	60	64	76	75	44.666666666666664
NM_001182064.1	10	13	33	38	33	56	59	72	89	44.77777777777778
NM_001178561.1	15	20	24	44	56	45	61	65	73	44.77777777777778
NM_001182802.1	13	15	29	39	39	61	59	69	80	44.888888888888886
NM_001183585.3	10	17	31	35	34	61	60	73	83	44.888888888888886
NM_001178813.1	18	14	23	28	41	62	64	67	87	44.888888888888886
NM_001183092.1	19	13	21	35	46	42	72	71	86	45.0
NM_001182672.1	9	17	25	35	45	55	59	78	82	45.0
NM_001182633.1	7	18	25	27	47	66	58	67	90	45.0
NM_001182590.1	3	19	33	39	39	59	62	70	82	45.111111111111114
NM_001180809.1	7	19	16	43	52	55	66	74	75	45.22222222222222
NM_001184510.3	6	14	25	30	40	62	69	86	75	45.22222222222222
NM_001183362.1	8	21	21	31	46	62	66	76	76	45.22222222222222
NM_001181392.3	9	18	26	35	36	67	65	74	78	45.333333333333336
NM_001178328.2	11	20	22	37	49	56	58	73	83	45.44444444444444
NM_001179006.3	5	18	26	43	51	53	60	70	83	45.44444444444444
NM_001181985.1	10	19	26	44	41	60	65	73	72	45.55555555555556
NM_001180440.3	4	16	18	41	56	52	66	76	81	45.55555555555556
NM_001181241.1	8	17	23	41	52	55	53	70	91	45.55555555555556
NM_001180969.3	10	16	24	42	54	50	73	72	70	45.666666666666664
NM_001183516.1	5	15	26	37	48	61	59	72	88	45.666666666666664
NM_001180849.4	16	21	28	30	42	54	68	65	89	45.888888888888886
NM_001181150.1	8	20	29	45	42	65	52	69	83	45.888888888888886
NM_001178879.1	7	16	29	47	45	53	60	73	83	45.888888888888886
NM_001179992.1	8	13	32	43	41	60	62	79	76	46.0
NM_001183287.1	4	24	24	41	38	57	69	74	84	46.111111111111114
NM_001183430.1	11	19	25	45	37	66	57	67	89	46.22222222222222
NM_001182060.1	10	27	32	36	52	50	64	78	68	46.333333333333336
NM_001179865.1	8	20	38	46	42	49	62	72	80	46.333333333333336
NM_001180840.3	13	25	22	35	43	46	75	76	82	46.333333333333336
NM_001178936.3	11	16	20	32	49	63	65	75	89	46.666666666666664
NM_001181540.1	7	19	30	33	49	51	75	66	90	46.666666666666664
NM_001395036.1	12	16	32	36	49	60	59	69	88	46.77777777777778
NM_001182901.1	7	19	26	35	46	59	86	69	74	46.77777777777778
NM_001181874.2	10	12	23	32	48	55	63	73	106	46.888888888888886
NM_001183909.1	12	21	27	33	38	60	68	73	90	46.888888888888886
NM_001181504.1	10	23	19	35	48	66	60	75	86	46.888888888888886
NM_001183783.3	6	19	35	36	54	47	69	72	85	47.0
NM_001183394.1	10	22	27	31	47	55	61	71	99	47.0
NM_001179543.3	10	17	29	42	46	58	68	72	81	47.0
NM_001183412.1	8	18	27	44	49	63	62	78	74	47.0
NM_001184490.1	7	21	28	35	50	62	68	69	84	47.111111111111114
NM_001183302.1	6	22	23	38	47	58	73	73	85	47.22222222222222
NM_001182032.1	12	25	21	39	45	53	59	89	82	47.22222222222222
NM_001182024.1	13	14	32	45	43	50	58	74	96	47.22222222222222
NM_001183933.1	6	29	24	39	35	58	71	78	85	47.22222222222222
NM_001178995.3	9	15	35	46	47	55	56	77	87	47.44444444444444
NM_001181490.3	6	23	32	37	46	59	68	72	84	47.44444444444444
NM_001178515.3	6	17	35	46	51	42	67	70	93	47.44444444444444
NM_001179259.1	11	16	20	43	51	51	66	77	93	47.55555555555556
NM_001181751.1	6	28	33	35	38	62	69	74	83	47.55555555555556
NM_001181303.3	9	22	31	37	43	50	64	81	91	47.55555555555556
NM_001182469.1	5	24	35	31	57	58	64	71	83	47.55555555555556
NM_001182454.1	12	15	36	36	49	54	78	71	79	47.77777777777778
NM_001181351.3	10	20	24	37	41	57	85	84	72	47.77777777777778
NM_001178542.3	16	26	28	24	52	62	66	77	80	47.888888888888886
NM_001183816.1	10	16	22	38	47	69	71	75	84	48.0
NM_001182564.1	12	21	27	35	48	57	68	80	84	48.0
NM_001179546.1	18	19	32	40	58	51	65	74	75	48.0
NM_001180701.1	9	16	34	39	40	60	72	79	83	48.0
NM_001183591.3	12	16	29	40	41	54	71	81	88	48.0
NM_001181526.1	7	20	24	36	51	59	78	78	80	48.111111111111114
NM_001180351.3	8	22	33	41	50	61	59	68	91	48.111111111111114
NM_001179261.1	11	23	40	36	52	58	59	77	78	48.22222222222222
NM_001179812.1	10	23	29	36	47	50	68	80	91	48.22222222222222
NM_001180555.1	18	6	27	36	44	60	72	75	96	48.22222222222222
NM_001182986.1	10	22	28	37	45	61	61	83	89	48.44444444444444
NM_001183832.1	9	20	23	40	46	63	58	89	88	48.44444444444444
NM_001181300.1	15	13	27	37	56	51	59	77	102	48.55555555555556
NM_001184123.1	9	27	30	41	43	59	65	75	89	48.666666666666664
NM_001184143.1	11	22	22	34	43	59	70	80	98	48.77777777777778
NM_001179835.1	6	22	21	34	48	54	77	87	91	48.888888888888886
NM_001182194.1	12	20	33	41	51	57	67	77	84	49.111111111111114
NM_001183492.1	11	20	31	46	44	61	65	84	80	49.111111111111114
NM_001181614.1	13	21	35	37	50	56	68	75	88	49.22222222222222
NM_001179201.1	15	26	30	36	47	50	66	85	88	49.22222222222222
NM_001184383.1	3	19	28	38	55	57	64	71	109	49.333333333333336
NM_001179737.1	11	21	26	40	48	59	77	82	80	49.333333333333336
NM_001181984.1	10	17	32	41	49	58	71	77	89	49.333333333333336
NM_001180596.1	9	13	31	43	48	56	76	76	92	49.333333333333336
NM_001179351.3	8	18	34	43	55	59	55	86	87	49.44444444444444
NM_001180560.1	14	19	32	34	46	48	67	85	100	49.44444444444444
NM_001181447.3	6	24	31	37	52	61	60	89	86	49.55555555555556
NM_001180487.3	7	21	25	36	49	54	77	79	98	49.55555555555556
NM_001181564.1	9	22	27	41	44	62	76	74	91	49.55555555555556
NM_001180010.3	13	18	31	49	49	61	72	62	91	49.55555555555556
NM_001184384.2	3	19	29	38	55	57	64	72	109	49.55555555555556
NM_001183947.1	9	22	35	38	50	50	70	78	94	49.55555555555556
NM_001182740.1	10	21	26	39	58	51	67	76	98	49.55555555555556
NM_001180796.1	6	25	35	40	49	53	74	77	88	49.666666666666664
NM_001178944.3	13	23	27	43	53	48	62	86	92	49.666666666666664
NM_001184154.1	9	22	37	42	49	69	61	71	88	49.77777777777778
NM_001181255.3	11	17	30	41	47	51	74	82	95	49.77777777777778
NM_001184537.1	13	20	25	40	39	62	78	86	85	49.77777777777778
NM_001183788.1	17	25	26	36	50	55	65	88	86	49.77777777777778
NM_001178677.1	9	12	27	45	60	60	59	82	95	49.888888888888886
NM_001181794.3	8	21	31	36	49	60	73	72	99	49.888888888888886
NM_001181027.1	10	23	30	42	49	53	78	78	86	49.888888888888886
NM_001180729.1	9	26	26	41	46	66	69	76	91	50.0
NM_001184181.1	9	23	30	45	53	58	62	79	92	50.111111111111114
NM_001178924.1	10	21	25	40	50	58	81	73	93	50.111111111111114
NM_001180209.1	14	24	35	43	43	56	63	87	86	50.111111111111114
NM_001180339.3	14	22	16	38	46	56	87	73	99	50.111111111111114
NM_001183937.1	10	18	24	43	39	70	70	79	99	50.22222222222222
NM_001183856.1	11	18	35	43	48	64	81	69	83	50.22222222222222
NM_001181882.1	11	23	27	36	53	67	62	74	99	50.22222222222222
NM_001178909.3	14	10	34	45	40	55	83	81	91	50.333333333333336
NM_001178160.1	10	18	39	40	59	57	68	75	87	50.333333333333336
NM_001183370.1	6	26	28	50	44	55	74	77	93	50.333333333333336
NM_001179664.1	15	27	29	39	54	48	73	80	88	50.333333333333336
NM_001178958.1	9	15	40	30	51	69	76	80	84	50.44444444444444
NM_001179725.1	8	21	34	41	58	59	63	80	91	50.55555555555556
NM_001182604.1	8	20	33	43	51	67	61	72	100	50.55555555555556
NM_001182711.1	6	30	31	39	46	57	64	80	102	50.55555555555556
NM_001178292.1	11	18	29	37	52	59	74	83	93	50.666666666666664
NM_001179661.1	11	29	26	31	48	59	66	90	96	50.666666666666664
NM_001181708.3	12	19	32	42	45	62	69	74	101	50.666666666666664
NM_001182249.3	8	16	31	42	54	57	78	80	90	50.666666666666664
NM_001183308.1	4	12	33	36	46	65	78	88	95	50.77777777777778
NM_001182368.1	14	27	24	43	48	71	66	80	84	50.77777777777778
NM_001181651.1	12	13	29	52	51	64	64	81	91	50.77777777777778
NM_001178774.1	11	15	43	41	42	62	73	80	91	50.888888888888886
NM_001183627.3	8	23	29	32	54	63	68	80	102	51.0
NM_001180116.1	6	25	29	31	40	61	78	97	92	51.0
NM_001180922.1	12	25	26	36	65	56	74	86	79	51.0
NM_001182516.1	8	24	34	43	59	61	63	73	94	51.0
NM_001183003.3	10	15	28	43	56	63	63	85	96	51.0
NM_001181523.1	5	11	26	38	46	70	77	93	94	51.111111111111114
NM_001182014.1	7	22	40	44	57	59	72	74	87	51.333333333333336
NM_001178732.1	11	14	37	38	53	68	70	83	88	51.333333333333336
NM_001179773.1	11	24	27	36	52	59	80	80	94	51.44444444444444
NM_001181929.1	8	30	32	36	51	60	67	78	101	51.44444444444444
NM_001178353.1	13	23	21	33	53	67	74	82	97	51.44444444444444
NM_001182499.1	12	23	31	40	53	58	72	84	91	51.55555555555556
NM_001183327.1	11	29	31	34	57	52	72	84	94	51.55555555555556
NM_001182257.3	11	31	36	41	59	57	68	79	83	51.666666666666664
NM_001183938.1	5	30	33	33	38	61	65	97	105	51.888888888888886
NM_001181780.1	16	21	32	40	48	62	66	90	92	51.888888888888886
NM_001181954.1	18	20	26	53	45	65	75	80	85	51.888888888888886
NM_001183598.1	11	22	28	43	48	78	68	82	88	52.0
NM_001183770.1	10	19	31	43	54	66	76	79	91	52.111111111111114
NM_001178942.1	5	20	36	38	38	73	76	88	95	52.111111111111114
NM_001182617.1	10	24	40	44	60	57	78	74	82	52.111111111111114
NM_001178728.1	10	24	23	45	50	61	76	92	88	52.111111111111114
NM_001178501.3	12	14	33	46	57	60	74	78	95	52.111111111111114
NM_001180665.1	20	13	34	39	46	60	60	86	112	52.22222222222222
NM_001178154.1	13	18	37	41	57	63	65	89	87	52.22222222222222
NM_001178165.2	13	12	43	49	49	60	78	77	89	52.22222222222222
NM_001180944.1	6	22	25	44	68	59	63	89	95	52.333333333333336
NM_001183828.1	12	21	23	39	49	63	77	93	95	52.44444444444444
NM_001183502.1	11	15	33	32	49	71	74	87	100	52.44444444444444
NM_001180786.3	10	25	23	44	58	68	64	90	91	52.55555555555556
NM_001182562.1	4	23	38	41	48	72	68	85	94	52.55555555555556
NM_001183668.3	11	20	31	38	62	65	66	87	93	52.55555555555556
NM_001181680.1	12	17	29	43	57	59	78	79	99	52.55555555555556
NM_001178840.1	8	22	27	49	43	58	77	95	94	52.55555555555556
NM_001180783.1	15	21	37	54	52	63	69	82	81	52.666666666666664
NM_001182178.1	9	21	28	39	58	63	62	91	103	52.666666666666664
NM_001179866.3	8	19	41	50	55	64	72	82	83	52.666666666666664
NM_001184320.1	12	25	36	44	48	56	79	87	87	52.666666666666664
NM_001180008.3	9	19	32	44	51	68	73	86	92	52.666666666666664
NM_001182022.1	10	22	38	42	55	57	68	86	97	52.77777777777778
NM_001180206.1	9	22	34	40	51	60	72	80	108	52.888888888888886
NM_001184306.2	13	22	24	48	52	74	84	75	85	53.0
NM_001178493.3	6	18	31	36	58	66	66	95	101	53.0
NM_001181894.1	10	21	33	48	57	59	66	88	95	53.0
NM_001179326.3	13	23	39	38	62	64	63	84	93	53.22222222222222
NM_001182781.1	20	14	34	36	59	69	78	81	88	53.22222222222222
NM_001178314.1	9	18	37	50	54	49	80	85	97	53.22222222222222
NM_001183038.1	9	21	25	39	64	64	81	80	96	53.22222222222222
NM_001182879.3	9	19	33	44	51	68	78	96	82	53.333333333333336
NM_001179239.1	9	22	39	41	43	48	83	89	107	53.44444444444444
NM_001183026.1	11	22	34	46	51	59	73	87	98	53.44444444444444
NM_001181359.3	14	15	33	52	50	66	66	82	103	53.44444444444444
NM_001178346.2	11	30	34	37	67	66	64	74	99	53.55555555555556
NM_001181669.1	10	20	35	55	64	59	65	78	96	53.55555555555556
NM_001270746.1	12	23	38	40	46	62	79	86	96	53.55555555555556
NM_001182522.1	4	21	30	48	60	66	72	84	97	53.55555555555556
NM_001181768.1	15	15	37	43	54	59	72	90	98	53.666666666666664
NM_001183852.1	15	21	39	33	53	62	77	85	98	53.666666666666664
NM_001182466.1	7	20	35	49	55	66	77	83	92	53.77777777777778
NM_001181491.1	13	22	30	44	43	76	75	86	95	53.77777777777778
NM_001182111.1	10	20	31	47	57	63	74	81	102	53.888888888888886
NM_001182597.1	8	24	23	49	50	64	79	80	109	54.0
NM_001178361.1	8	19	33	46	48	69	79	86	100	54.22222222222222
NM_001181008.3	11	26	27	37	59	59	75	83	111	54.22222222222222
NM_001179760.1	6	14	24	46	74	54	73	96	101	54.22222222222222
NM_001183861.1	12	29	26	43	48	71	78	86	95	54.22222222222222
NM_001182877.1	6	24	32	37	61	65	74	89	100	54.22222222222222
NM_001181903.1	9	23	37	35	52	70	78	85	100	54.333333333333336
NM_001179973.1	13	13	39	50	44	66	77	92	95	54.333333333333336
NM_001182331.1	9	19	28	35	60	65	89	89	96	54.44444444444444
NM_001184265.1	17	16	39	46	55	68	64	87	98	54.44444444444444
NM_001182790.1	10	20	42	52	52	70	68	76	102	54.666666666666664
NM_001182141.1	16	21	33	44	59	62	73	96	88	54.666666666666664
NM_001180505.1	11	28	35	35	55	68	71	81	108	54.666666666666664
NM_001179980.1	8	22	40	39	50	70	84	78	101	54.666666666666664
NM_001181572.1	5	17	34	50	50	62	82	93	99	54.666666666666664
NM_001182741.1	10	24	29	40	59	73	72	86	100	54.77777777777778
NM_001183739.1	8	17	39	49	42	69	92	92	86	54.888888888888886
NM_001180807.3	10	12	38	32	64	67	67	93	111	54.888888888888886
NM_001179868.3	15	21	30	45	51	60	89	89	94	54.888888888888886
NM_001181258.3	13	16	34	48	65	57	80	87	95	55.0
NM_001180727.3	8	25	38	30	58	66	75	87	108	55.0
NM_001178654.1	2	20	36	43	51	60	86	94	103	55.0
NM_001180381.3	10	34	38	34	59	59	80	84	97	55.0
NM_001179674.1	7	22	34	42	61	69	69	88	103	55.0
NM_001183164.1	8	24	33	54	49	62	85	79	102	55.111111111111114
NM_001180671.1	12	18	40	48	50	61	85	82	101	55.22222222222222
NM_001179783.1	7	23	29	48	57	66	81	94	93	55.333333333333336
NM_001183725.1	7	17	37	48	60	67	69	93	100	55.333333333333336
NM_001179399.1	7	21	29	31	66	86	68	86	104	55.333333333333336
NM_001181206.1	9	21	34	44	63	80	65	80	102	55.333333333333336
NM_001180814.3	7	19	42	43	54	70	77	86	101	55.44444444444444
NM_001182718.1	15	16	32	42	59	66	78	76	115	55.44444444444444
NM_001181044.3	7	22	28	37	61	62	79	101	102	55.44444444444444
NM_001183970.1	12	20	29	51	61	62	74	86	104	55.44444444444444
NM_001183889.1	9	21	40	47	46	77	68	87	104	55.44444444444444
NM_001182769.2	10	28	34	55	65	62	76	87	83	55.55555555555556
NM_001178203.1	12	26	26	50	50	64	80	92	100	55.55555555555556
NM_001180322.1	13	23	23	46	41	76	76	86	116	55.55555555555556
NM_001183922.1	11	18	30	48	59	72	76	83	105	55.77777777777778
NM_001180621.1	11	21	43	40	57	61	72	95	102	55.77777777777778
NM_001181122.1	13	19	35	46	50	65	80	85	109	55.77777777777778
NM_001181805.1	9	15	34	49	56	69	78	89	104	55.888888888888886
NM_001180375.1	14	21	26	44	53	71	71	94	109	55.888888888888886
NM_001183805.3	15	24	36	36	62	64	79	74	113	55.888888888888886
NM_001183806.1	13	24	34	48	58	59	86	82	101	56.111111111111114
NM_001180613.1	9	21	32	53	52	59	80	91	109	56.22222222222222
NM_001183496.1	8	18	38	44	51	63	88	94	102	56.22222222222222
NM_001179367.3	14	22	35	40	51	63	79	91	111	56.22222222222222
NM_001181135.1	10	33	36	49	52	76	78	84	88	56.22222222222222
NM_001182885.3	9	25	35	54	56	72	70	90	96	56.333333333333336
NM_001178505.3	11	16	33	41	62	68	75	100	101	56.333333333333336
NM_001178156.1	5	27	38	47	61	70	76	89	95	56.44444444444444
NM_001179174.1	8	24	23	53	58	75	85	80	103	56.55555555555556
NM_001179509.1	9	21	44	47	54	61	76	92	105	56.55555555555556
NM_001178549.1	16	20	34	45	53	65	75	93	109	56.666666666666664
NM_001179764.2	8	22	33	52	49	72	70	101	103	56.666666666666664
NM_001178643.2	9	32	26	45	59	58	79	91	111	56.666666666666664
NM_001181164.1	7	28	48	45	41	69	84	90	99	56.77777777777778
NM_001183854.1	14	24	39	42	45	71	71	91	114	56.77777777777778
NM_001181479.1	12	15	41	39	51	70	91	103	91	57.0
NM_001182132.1	6	20	30	46	62	71	81	87	110	57.0
NM_001178254.2	14	25	36	46	40	67	92	94	100	57.111111111111114
NM_001183954.1	9	27	35	48	52	62	65	99	117	57.111111111111114
NM_001179226.1	8	21	30	40	67	61	88	91	109	57.22222222222222
NM_001180627.1	12	18	26	44	62	67	76	100	111	57.333333333333336
NM_001181739.3	4	25	40	45	61	68	97	81	95	57.333333333333336
NM_001180594.3	11	25	39	46	59	80	76	86	95	57.44444444444444
NM_001183769.3	8	30	42	43	58	75	87	73	102	57.55555555555556
NM_001179839.3	12	28	35	35	46	74	76	116	96	57.55555555555556
NM_001179395.3	11	20	38	53	56	76	70	85	109	57.55555555555556
NM_001179357.3	13	23	36	45	50	70	86	84	112	57.666666666666664
NM_001179994.1	16	23	35	40	56	62	84	95	108	57.666666666666664
NM_001179829.3	9	18	38	55	62	64	88	83	102	57.666666666666664
NM_001178271.1	6	20	32	42	66	74	80	98	101	57.666666666666664
NM_001182378.1	12	17	34	47	63	81	76	94	96	57.77777777777778
NM_001183324.1	16	20	43	50	48	70	81	82	111	57.888888888888886
NM_001179427.3	10	18	34	41	58	83	82	85	110	57.888888888888886
NM_001182921.1	13	25	33	42	46	75	99	96	94	58.111111111111114
NM_001180157.1	17	20	37	42	58	64	94	103	89	58.22222222222222
NM_001180103.1	10	20	36	54	60	71	78	99	97	58.333333333333336
NM_001180146.1	7	24	28	62	64	67	80	88	106	58.44444444444444
NM_001181492.1	15	21	36	64	58	62	78	95	97	58.44444444444444
NM_001183225.3	14	25	34	38	57	75	95	81	107	58.44444444444444
NM_001181535.1	12	30	32	43	70	73	84	91	91	58.44444444444444
NM_001183120.1	13	21	43	48	55	69	79	87	113	58.666666666666664
NM_001179052.4	20	20	40	36	62	75	82	81	113	58.77777777777778
NM_001184043.1	10	32	26	48	56	63	76	96	122	58.77777777777778
NM_001180150.1	10	24	33	48	65	67	89	90	103	58.77777777777778
NM_001183052.1	15	33	37	41	55	61	89	96	103	58.888888888888886
NM_001178155.2	6	20	37	51	50	70	92	97	109	59.111111111111114
NM_001183882.1	14	23	39	50	50	63	79	97	118	59.22222222222222
NM_001183721.1	10	25	34	53	64	64	78	109	96	59.22222222222222
NM_001182850.1	10	19	38	55	57	83	79	100	93	59.333333333333336
NM_001178462.1	9	20	47	43	68	64	87	90	106	59.333333333333336
NM_001180269.1	13	22	37	52	53	73	85	91	108	59.333333333333336
NM_001182152.1	8	26	29	43	55	85	74	110	104	59.333333333333336
NM_001183698.3	10	21	37	49	54	75	85	93	111	59.44444444444444
NM_001180301.1	10	21	38	49	56	83	78	100	100	59.44444444444444
YIR043C	11	26	37	42	55	72	75	101	117	59.55555555555556
NM_001178306.1	11	25	44	53	66	72	71	103	92	59.666666666666664
NM_001182932.1	10	16	38	47	61	66	86	99	114	59.666666666666664
NM_001180387.1	10	26	38	41	53	80	81	105	104	59.77777777777778
NM_001180752.1	10	27	38	43	61	72	81	103	103	59.77777777777778
NM_001180556.1	9	18	31	57	61	68	94	106	95	59.888888888888886
NM_001184296.1	14	27	43	44	59	67	75	101	110	60.0
NM_001182459.1	12	23	34	50	68	64	90	100	99	60.0
NM_001183184.3	8	23	36	55	58	74	76	92	118	60.0
NM_001183310.1	9	25	33	44	63	72	85	104	105	60.0
NM_001179030.3	8	26	35	46	61	70	92	90	112	60.0
NM_001180883.1	7	22	29	57	61	73	73	112	107	60.111111111111114
NM_001179583.1	13	24	30	48	72	66	88	99	101	60.111111111111114
NM_001183142.1	11	17	44	47	64	69	94	87	108	60.111111111111114
NM_001179037.3	9	25	32	38	57	71	91	106	113	60.22222222222222
NM_001183865.1	5	21	36	54	63	65	80	100	118	60.22222222222222
NM_001180576.1	6	17	39	42	60	85	90	87	117	60.333333333333336
NM_001183986.1	12	25	34	49	56	78	92	91	106	60.333333333333336
NM_001182006.1	13	25	40	38	72	75	84	97	99	60.333333333333336
NM_001180700.1	17	25	36	42	69	68	82	103	101	60.333333333333336
NM_001182300.1	12	12	35	45	66	72	90	104	108	60.44444444444444
NM_001180683.1	9	27	37	40	63	77	86	102	103	60.44444444444444
NM_001178467.1	11	23	41	51	55	66	85	101	111	60.44444444444444
NM_001180426.3	12	19	29	46	57	78	85	94	124	60.44444444444444
NM_001178779.1	14	27	41	50	48	81	91	79	114	60.55555555555556
NM_001178372.1	8	26	35	36	61	69	87	102	121	60.55555555555556
NM_001179827.3	15	25	41	55	60	69	90	91	99	60.55555555555556
NM_001181335.3	6	32	35	48	73	58	100	89	105	60.666666666666664
NM_001182842.3	16	31	26	57	57	69	85	91	114	60.666666666666664
NM_001182812.1	13	24	30	52	64	75	79	100	109	60.666666666666664
NM_001178250.1	11	15	36	48	59	81	88	99	109	60.666666666666664
NM_001178663.1	13	24	39	45	65	74	77	99	111	60.77777777777778
NM_001178951.3	9	24	31	49	59	77	105	86	107	60.77777777777778
NM_001183711.3	10	25	38	56	61	69	84	89	116	60.888888888888886
NM_001180260.1	13	14	40	54	55	76	81	100	115	60.888888888888886
NM_001178265.1	12	23	36	48	64	74	85	102	105	61.0
NM_001181677.3	15	35	36	49	50	64	98	97	106	61.111111111111114
NM_001178545.1	12	33	28	52	61	71	82	104	108	61.22222222222222
NM_001180086.1	11	25	33	48	67	78	78	109	104	61.44444444444444
NM_001183693.3	12	25	36	44	56	63	109	101	110	61.77777777777778
NM_001182705.1	11	22	47	50	69	72	78	100	107	61.77777777777778
NM_001178970.1	8	27	38	50	67	72	87	95	113	61.888888888888886
NM_001183843.1	10	24	33	46	54	84	93	100	114	62.0
NM_001179411.1	9	32	45	51	45	72	87	100	117	62.0
NM_001183445.1	17	29	37	49	51	75	92	98	111	62.111111111111114
NM_001182935.3	6	26	41	49	52	82	86	104	113	62.111111111111114
NM_001179809.3	16	25	38	63	60	68	88	94	107	62.111111111111114
NM_001181175.3	8	33	31	50	57	79	96	99	107	62.22222222222222
NM_001181386.3	13	26	25	43	67	78	85	107	116	62.22222222222222
NM_001178245.1	14	22	50	53	62	67	96	93	104	62.333333333333336
NM_001181251.3	14	27	40	50	65	66	100	94	105	62.333333333333336
NM_001179873.1	13	23	28	54	70	72	93	97	111	62.333333333333336
NM_001184395.1	8	20	33	58	64	79	87	101	112	62.44444444444444
NM_001180280.1	13	24	22	46	73	80	87	102	115	62.44444444444444
NM_001181923.1	12	26	45	44	64	84	88	91	109	62.55555555555556
NM_001180489.1	10	27	44	59	55	70	89	101	108	62.55555555555556
NM_001179099.1	3	27	44	53	54	74	92	100	117	62.666666666666664
NM_001181559.1	16	23	43	57	60	74	82	105	105	62.77777777777778
NM_001182281.1	15	25	38	50	61	67	88	102	119	62.77777777777778
NM_001183817.1	16	22	52	54	60	70	87	83	122	62.888888888888886
NM_001184178.1	11	32	37	57	60	70	87	102	110	62.888888888888886
NM_001182714.1	14	27	27	72	72	74	81	92	108	63.0
NM_001181770.3	13	27	37	49	56	88	78	97	122	63.0
NM_001184249.1	11	22	43	48	47	70	99	98	130	63.111111111111114
NM_001179690.1	10	27	37	54	51	76	96	105	113	63.22222222222222
NM_001179029.3	10	31	34	53	73	81	84	93	110	63.22222222222222
NM_001181934.1	6	20	27	55	68	76	104	104	110	63.333333333333336
NM_001181989.1	21	33	46	47	65	78	85	87	109	63.44444444444444
NM_001178968.1	11	19	41	52	64	83	91	100	111	63.55555555555556
NM_001181499.3	17	26	49	40	66	72	86	101	115	63.55555555555556
NM_001183946.1	13	26	38	47	58	76	99	106	111	63.77777777777778
NM_001181588.1	12	26	36	50	71	74	92	94	119	63.77777777777778
NM_001183632.1	12	31	35	44	63	92	79	104	114	63.77777777777778
NM_001180819.3	12	19	43	54	64	89	77	116	101	63.888888888888886
NM_001183453.1	12	25	42	51	65	75	91	98	117	64.0
NM_001181157.3	9	24	42	46	67	77	96	102	114	64.11111111111111
NM_001178369.1	20	29	39	49	70	78	79	89	124	64.11111111111111
NM_001184237.1	19	28	45	48	56	74	90	102	116	64.22222222222223
NM_001180973.3	15	21	40	46	76	59	94	118	109	64.22222222222223
NM_001184118.1	16	31	43	48	53	78	97	101	112	64.33333333333333
NM_001181827.1	8	24	43	48	64	76	86	118	112	64.33333333333333
NM_001178536.3	9	26	33	47	58	91	94	100	122	64.44444444444444
NM_001183549.4	12	23	33	58	60	73	95	112	114	64.44444444444444
NM_001181503.3	14	28	42	55	63	75	92	106	106	64.55555555555556
NM_001180624.3	11	19	34	61	66	79	92	105	115	64.66666666666667
NM_001181969.1	15	30	39	51	60	71	97	102	118	64.77777777777777
NM_001183840.1	14	35	39	46	47	85	102	98	117	64.77777777777777
NM_001178324.2	8	27	49	63	62	62	91	102	120	64.88888888888889
NM_001184212.1	20	26	31	51	59	83	105	94	115	64.88888888888889
NM_001181231.3	7	25	40	51	67	78	90	115	111	64.88888888888889
NM_001179446.3	12	16	40	52	71	71	95	98	130	65.0
NM_001180963.1	12	32	50	45	68	82	80	100	116	65.0
NM_001178433.3	19	29	46	44	64	82	90	96	115	65.0
NM_001180202.1	12	32	37	60	51	75	101	113	105	65.11111111111111
NM_001183989.1	13	24	36	59	69	72	75	109	129	65.11111111111111
NM_001180001.1	21	22	40	52	56	70	89	119	117	65.11111111111111
NM_001178601.1	16	16	40	48	58	91	85	97	136	65.22222222222223
NM_001180470.3	13	27	32	48	66	76	92	112	121	65.22222222222223
NM_001182775.1	13	26	36	54	61	80	101	102	115	65.33333333333333
NM_001180787.1	9	38	24	68	68	82	76	109	115	65.44444444444444
NM_001183881.1	12	23	47	67	72	74	92	93	110	65.55555555555556
NM_001183336.1	15	27	40	52	76	77	78	108	118	65.66666666666667
NM_001178212.1	14	23	38	71	64	62	92	98	130	65.77777777777777
NM_001178218.2	10	19	41	64	61	78	94	112	115	66.0
NM_001178877.3	13	24	44	44	67	81	99	101	121	66.0
NM_001183911.1	19	26	36	52	71	78	87	100	125	66.0
NM_001179972.1	16	24	38	59	69	84	99	89	116	66.0
NM_001182125.1	15	26	45	46	50	81	95	103	134	66.11111111111111
NM_001178624.3	11	26	36	57	69	86	88	96	126	66.11111111111111
NM_001183525.1	11	23	41	72	55	75	100	110	109	66.22222222222223
NM_001182682.1	11	28	42	62	65	79	95	96	118	66.22222222222223
NM_001183279.1	11	29	31	59	73	74	82	113	125	66.33333333333333
NM_001180912.1	12	30	38	50	60	83	104	104	117	66.44444444444444
NM_001181323.3	14	22	41	47	65	84	98	114	113	66.44444444444444
NM_001181249.1	9	28	39	50	59	83	107	102	121	66.44444444444444
NM_001181169.3	8	30	52	46	66	86	85	95	130	66.44444444444444
NM_001182664.1	12	20	35	53	69	95	87	106	123	66.66666666666667
NM_001180178.1	13	32	43	50	55	96	82	118	111	66.66666666666667
NM_001183197.3	11	30	46	67	72	76	92	91	116	66.77777777777777
NM_001181774.1	11	19	44	58	68	81	96	119	107	67.0
NM_001182314.1	12	31	48	57	57	76	99	107	116	67.0
NM_001182008.1	14	23	44	53	68	80	98	109	115	67.11111111111111
NM_001183441.1	19	31	30	47	71	82	83	113	129	67.22222222222223
NM_001179614.1	6	23	56	57	60	83	104	87	129	67.22222222222223
NM_001183217.3	15	30	35	45	63	84	96	112	126	67.33333333333333
NM_001180868.1	10	31	33	60	74	76	84	104	134	67.33333333333333
NM_001180722.4	8	21	43	57	75	96	86	100	120	67.33333333333333
NM_001183918.1	18	25	51	57	69	84	96	93	114	67.44444444444444
NM_001181626.1	10	31	40	61	70	91	87	97	120	67.44444444444444
NM_001182794.1	9	32	46	59	68	79	95	101	119	67.55555555555556
NM_001178626.1	16	31	33	51	71	94	95	99	118	67.55555555555556
NM_001181760.1	12	31	32	55	74	80	96	99	129	67.55555555555556
NM_001179854.1	15	39	46	57	69	73	98	96	115	67.55555555555556
NM_001178952.2	11	24	41	61	65	86	102	104	115	67.66666666666667
NM_001181368.3	17	25	41	54	68	82	83	111	128	67.66666666666667
NM_001178509.3	16	24	37	59	62	84	107	98	123	67.77777777777777
NM_001183879.1	6	28	48	55	74	78	90	98	134	67.88888888888889
NM_001183452.1	20	27	44	59	67	71	98	103	123	68.0
NM_001181986.1	11	26	48	51	72	73	92	105	134	68.0
NM_001183952.1	19	21	48	57	66	83	93	114	111	68.0
NM_001179072.3	8	26	41	48	68	93	85	116	128	68.11111111111111
NM_001180929.1	15	31	35	64	68	71	101	115	114	68.22222222222223
NM_001181788.1	13	41	44	47	67	89	98	104	111	68.22222222222223
NM_001179939.1	11	29	38	52	74	85	94	105	127	68.33333333333333
NM_001178149.1	15	18	49	65	75	76	87	115	116	68.44444444444444
NM_001178784.1	15	32	40	57	58	75	100	111	128	68.44444444444444
NM_001183298.1	15	29	36	51	67	88	93	102	136	68.55555555555556
NM_001181560.1	16	36	38	45	71	92	97	105	117	68.55555555555556
NM_001179088.1	9	25	47	48	59	81	101	128	120	68.66666666666667
NM_001179268.1	16	19	54	58	77	76	90	107	121	68.66666666666667
NM_001179168.1	19	31	40	57	70	84	90	101	126	68.66666666666667
NM_001178742.1	13	15	35	64	69	82	98	118	124	68.66666666666667
NM_001182598.1	16	24	41	51	71	92	86	106	132	68.77777777777777
NM_001184055.1	16	24	46	70	71	75	89	114	114	68.77777777777777
NM_001182731.1	12	25	49	48	65	83	102	106	130	68.88888888888889
NM_001178746.1	12	28	44	57	74	85	96	105	119	68.88888888888889
NM_001182677.1	15	28	43	52	76	76	92	108	130	68.88888888888889
NM_001182215.1	12	21	54	56	76	83	86	108	125	69.0
NM_001181279.1	20	23	44	58	64	94	88	103	127	69.0
NM_001183878.1	20	27	44	44	67	84	100	120	115	69.0
NM_001184067.1	17	26	42	50	71	77	103	105	130	69.0
NM_001178498.1	11	24	43	65	73	75	95	103	133	69.11111111111111
NM_001178559.3	16	22	34	65	64	81	100	109	132	69.22222222222223
NM_001182533.1	21	22	42	50	73	89	90	111	125	69.22222222222223
NM_001183187.3	9	21	47	60	69	87	89	123	119	69.33333333333333
NM_001182241.1	10	35	36	52	73	91	92	113	122	69.33333333333333
NM_001184128.1	8	33	47	57	76	100	94	109	102	69.55555555555556
NM_001178978.1	15	29	34	51	74	86	102	119	116	69.55555555555556
NM_001183494.1	13	29	46	60	65	90	90	111	123	69.66666666666667
NM_001182186.1	14	34	32	54	79	85	87	120	122	69.66666666666667
NM_001178479.3	14	22	39	57	75	90	97	105	129	69.77777777777777
NM_001183726.4	15	24	42	54	69	93	104	108	120	69.88888888888889
NM_001182658.1	12	19	45	63	75	80	93	112	130	69.88888888888889
NM_001184672.1	18	28	42	65	68	93	90	99	126	69.88888888888889
NM_001180678.3	13	29	42	62	69	78	99	112	126	70.0
NM_001178610.3	12	30	29	62	66	83	105	110	134	70.11111111111111
NM_001181197.1	15	28	39	60	65	98	95	112	119	70.11111111111111
NM_001184164.1	7	18	47	55	71	76	110	115	133	70.22222222222223
NM_001180230.1	17	24	32	62	66	86	105	119	122	70.33333333333333
NM_001183124.1	19	15	44	52	84	105	102	99	113	70.33333333333333
NM_001183913.1	14	27	39	62	74	87	91	110	129	70.33333333333333
NM_001182859.1	14	31	51	50	76	86	98	115	117	70.88888888888889
NM_001181031.3	17	23	42	52	78	78	93	120	135	70.88888888888889
NM_001183329.2	16	22	41	64	71	85	97	112	131	71.0
NM_001178833.1	13	26	49	56	67	86	100	113	129	71.0
NM_001183318.1	16	20	48	61	65	86	100	122	121	71.0
NM_001181595.1	14	24	39	60	62	96	107	109	131	71.33333333333333
NM_001183581.3	13	29	37	64	58	74	110	117	141	71.44444444444444
NM_001178795.1	9	20	40	64	69	90	109	111	131	71.44444444444444
NM_001178603.3	10	25	41	63	75	87	86	132	124	71.44444444444444
NM_001184061.1	16	22	39	60	76	87	107	106	131	71.55555555555556
NM_001182974.1	13	33	36	69	72	76	97	109	140	71.66666666666667
NM_001183903.1	19	34	43	47	78	85	104	108	127	71.66666666666667
NM_001179220.1	15	34	46	55	88	90	83	115	119	71.66666666666667
NM_001181114.1	11	27	52	52	73	92	103	110	127	71.88888888888889
NM_001182279.3	21	25	47	58	60	96	98	106	136	71.88888888888889
NM_001183209.3	9	25	40	70	75	78	101	111	138	71.88888888888889
NM_001183523.1	13	26	35	61	60	97	99	125	132	72.0
NM_001179329.1	15	37	39	54	76	79	92	131	125	72.0
NM_001180192.1	17	31	45	52	62	94	101	115	131	72.0
NM_001182671.1	22	23	49	63	63	72	100	126	131	72.11111111111111
NM_001182435.1	11	21	41	42	71	97	105	121	140	72.11111111111111
NM_001180699.3	15	35	33	52	76	84	105	130	120	72.22222222222223
NM_001183354.1	19	30	43	62	77	74	114	106	125	72.22222222222223
NM_001178589.1	14	23	44	63	88	89	97	113	119	72.22222222222223
NM_001184179.1	17	27	46	65	74	81	101	108	131	72.22222222222223
NM_001178628.3	16	31	38	60	72	101	93	116	123	72.22222222222223
NM_001183288.1	18	25	41	62	81	88	95	124	117	72.33333333333333
NM_001180870.1	13	31	41	57	77	83	96	125	128	72.33333333333333
NM_001182789.1	10	25	47	61	89	83	104	89	144	72.44444444444444
NM_001183744.3	15	32	40	56	73	95	108	121	112	72.44444444444444
NM_001182915.1	17	32	55	52	71	86	93	116	131	72.55555555555556
NM_001179742.1	11	28	44	56	75	93	108	120	118	72.55555555555556
NM_001183568.4	19	24	40	63	65	97	102	107	138	72.77777777777777
NM_001182312.1	18	28	51	70	67	93	100	103	125	72.77777777777777
NM_001181103.1	9	24	36	68	79	92	106	123	118	72.77777777777777
NM_001180749.3	15	40	48	59	79	73	100	119	122	72.77777777777777
NM_001180076.3	15	26	42	59	74	89	100	124	126	72.77777777777777
NM_001183934.1	14	31	46	58	69	77	112	123	126	72.88888888888889
NM_001179118.1	21	20	46	65	72	93	99	115	125	72.88888888888889
NM_001184033.1	13	23	55	57	82	84	91	117	135	73.0
NM_001182491.1	18	28	42	55	70	90	94	128	135	73.33333333333333
NM_001180321.3	16	29	48	55	71	92	104	122	123	73.33333333333333
NM_001180926.1	23	25	42	50	78	84	90	132	136	73.33333333333333
NM_001181092.1	14	24	45	61	72	86	101	122	135	73.33333333333333
NM_001178177.1	15	29	41	64	74	88	103	116	130	73.33333333333333
NM_001179435.3	9	24	52	59	75	87	100	126	128	73.33333333333333
NM_001179060.3	15	32	35	49	74	99	98	112	147	73.44444444444444
NM_001183436.1	16	36	55	57	70	87	91	120	129	73.44444444444444
NM_001179335.3	20	28	46	52	62	95	105	108	146	73.55555555555556
NM_001178453.1	21	31	42	68	69	91	98	114	128	73.55555555555556
NM_001180506.1	13	23	45	62	72	99	97	122	130	73.66666666666667
NM_001179499.1	17	31	37	68	70	91	90	122	137	73.66666666666667
NM_001181858.1	14	24	49	62	71	84	111	122	126	73.66666666666667
NM_001184679.1	15	24	40	65	78	85	111	117	129	73.77777777777777
NM_001184283.1	7	24	45	49	77	100	100	115	147	73.77777777777777
NM_001180491.3	12	27	45	59	77	92	110	117	125	73.77777777777777
NM_001179531.1	24	31	35	69	77	89	105	101	134	73.88888888888889
NM_001179266.1	16	32	48	55	61	90	107	131	125	73.88888888888889
NM_001183296.1	11	31	39	68	78	81	105	111	141	73.88888888888889
NM_001179352.3	9	37	54	60	71	86	94	113	142	74.0
NM_001184235.1	16	30	43	54	73	87	97	123	143	74.0
NM_001184461.1	18	30	39	70	65	100	101	119	125	74.11111111111111
NM_001178192.2	12	23	54	47	76	97	109	118	131	74.11111111111111
NM_001183163.1	15	33	34	66	83	98	102	117	119	74.11111111111111
NM_001184685.1	13	25	41	62	74	94	104	120	135	74.22222222222223
NM_001182245.1	13	26	43	52	81	86	102	121	144	74.22222222222223
NM_001180801.1	12	24	45	66	76	92	112	104	137	74.22222222222223
NM_001181693.1	16	34	45	74	64	85	105	117	129	74.33333333333333
NM_001182026.1	12	35	50	64	56	90	110	119	135	74.55555555555556
NM_001180828.3	14	29	50	54	70	91	111	114	138	74.55555555555556
NM_001182065.1	10	29	55	50	74	93	100	131	129	74.55555555555556
NM_001183083.1	17	27	45	59	68	96	100	124	135	74.55555555555556
NM_001182524.1	21	29	44	66	73	87	104	114	133	74.55555555555556
NM_001181570.1	13	24	43	64	73	77	120	127	131	74.66666666666667
NM_001180744.1	18	33	38	64	68	94	101	122	134	74.66666666666667
NM_001182313.3	19	28	36	76	80	80	104	130	119	74.66666666666667
NM_001179826.2	16	31	42	56	76	81	106	119	146	74.77777777777777
NM_001181308.1	8	21	44	51	68	97	103	138	143	74.77777777777777
NM_001181839.1	16	31	46	54	67	98	113	113	135	74.77777777777777
NM_001178199.2	14	25	41	62	73	90	110	132	126	74.77777777777777
NM_001182253.3	15	33	39	58	76	86	104	121	141	74.77777777777777
NM_001178300.1	17	30	53	54	56	91	116	117	139	74.77777777777777
NM_001180781.3	16	22	47	58	83	93	92	118	145	74.88888888888889
NM_001183573.1	19	27	46	63	74	89	96	127	133	74.88888888888889
NM_001180989.2	13	29	43	72	73	105	92	124	123	74.88888888888889
NM_001182063.1	14	31	48	47	68	102	112	129	124	75.0
NM_001181482.3	12	34	39	57	81	95	110	126	123	75.22222222222223
NM_001184469.3	15	25	47	67	76	86	111	114	136	75.22222222222223
NM_001179853.3	20	30	47	56	75	91	102	126	132	75.44444444444444
NM_001178193.1	18	31	47	48	75	100	111	122	127	75.44444444444444
NM_001179191.1	13	30	64	64	77	93	103	110	126	75.55555555555556
NM_001181755.3	13	34	47	57	67	93	125	120	124	75.55555555555556
NM_001179208.1	12	28	43	66	78	94	103	119	137	75.55555555555556
NM_001183322.1	13	31	49	57	73	97	111	115	135	75.66666666666667
NM_001180417.3	12	29	46	63	74	105	104	121	128	75.77777777777777
NM_001182126.1	18	35	46	53	72	101	100	124	133	75.77777777777777
NM_001182886.3	19	33	45	69	78	98	107	116	117	75.77777777777777
NM_001180480.3	13	28	45	77	63	92	107	124	135	76.0
NM_001182234.1	12	35	45	58	66	97	127	120	124	76.0
NM_001183575.1	24	25	48	59	77	87	112	131	123	76.22222222222223
NM_001179147.1	13	29	58	56	75	79	110	125	142	76.33333333333333
NM_001183917.1	13	37	52	55	70	88	111	120	141	76.33333333333333
NM_001180797.3	23	33	49	67	82	84	94	127	129	76.44444444444444
NM_001181228.3	14	35	52	62	69	87	107	127	135	76.44444444444444
NM_001178694.1	17	32	39	60	73	87	113	134	134	76.55555555555556
NM_001183149.1	22	36	55	58	77	83	109	116	133	76.55555555555556
NM_001181713.1	17	31	42	55	65	108	114	129	128	76.55555555555556
NM_001183715.1	18	33	45	61	75	97	117	113	131	76.66666666666667
NM_001183204.1	11	32	52	64	77	81	109	119	145	76.66666666666667
NM_001431138.1	7	31	43	69	75	101	113	126	125	76.66666666666667
NM_001179715.1	18	33	46	62	76	78	109	130	139	76.77777777777777
NM_001178468.3	15	30	40	60	84	87	104	130	141	76.77777777777777
NM_001179230.1	22	40	38	57	71	97	104	120	142	76.77777777777777
NM_001181613.1	10	32	29	68	76	83	119	132	144	77.0
NM_001181332.1	15	32	40	58	91	81	110	128	138	77.0
NM_001183201.3	15	27	36	58	79	97	107	132	144	77.22222222222223
NM_001181711.3	19	28	47	47	80	93	102	136	143	77.22222222222223
NM_001184481.1	11	35	47	51	72	86	121	133	140	77.33333333333333
NM_001182708.1	13	34	54	71	79	78	93	141	133	77.33333333333333
NM_001180544.1	14	47	37	61	72	96	102	120	147	77.33333333333333
NM_001184282.1	16	30	44	63	73	107	108	122	134	77.44444444444444
NM_001182918.1	19	31	50	53	80	93	101	132	138	77.44444444444444
NM_001183883.1	10	25	42	69	81	106	103	126	137	77.66666666666667
NM_001180875.1	17	30	54	67	81	98	94	107	151	77.66666666666667
NM_001181437.1	16	31	49	55	88	90	114	111	145	77.66666666666667
NM_001184529.1	17	34	47	52	87	93	105	126	139	77.77777777777777
NM_001182348.3	22	27	51	58	82	87	113	115	146	77.88888888888889
NM_001182212.1	12	27	50	50	63	110	112	133	145	78.0
NM_001183478.1	19	32	53	65	76	90	103	137	128	78.11111111111111
NM_001178418.1	12	31	40	61	82	94	109	123	152	78.22222222222223
NM_001180806.3	13	32	44	52	88	108	95	135	138	78.33333333333333
NM_001182892.3	9	35	43	58	81	104	105	143	127	78.33333333333333
NM_001179655.1	20	32	57	59	76	104	111	120	126	78.33333333333333
NM_001183392.2	10	26	46	71	70	93	115	129	146	78.44444444444444
NM_001183113.1	18	39	42	63	72	96	122	124	130	78.44444444444444
NM_001183965.1	17	40	52	65	82	92	94	129	135	78.44444444444444
NM_001182271.3	16	40	51	71	78	92	110	119	130	78.55555555555556
NM_001178821.1	13	35	45	72	61	89	115	138	140	78.66666666666667
NM_001184271.1	16	28	38	65	80	101	96	138	146	78.66666666666667
NM_001183593.3	13	35	52	65	61	120	105	116	142	78.77777777777777
NM_001184659.3	9	23	54	74	81	85	113	127	143	78.77777777777777
NM_001183566.3	24	36	47	64	75	86	113	128	137	78.88888888888889
NM_001179231.1	19	29	57	54	76	91	116	126	142	78.88888888888889
NM_001179034.3	17	37	49	62	81	98	97	118	152	79.0
NM_001178484.3	18	33	47	64	76	90	105	137	141	79.0
NM_001183697.1	13	26	43	57	81	102	118	143	128	79.0
NM_001181562.1	12	36	46	59	84	101	108	121	144	79.0
NM_001182305.3	18	38	52	59	81	78	117	138	131	79.11111111111111
NM_001179755.1	11	31	37	59	85	109	110	130	140	79.11111111111111
NM_001178185.1	10	36	49	46	74	104	119	132	142	79.11111111111111
NM_001180918.1	16	27	32	61	89	102	110	124	152	79.22222222222223
NM_001183664.1	18	39	42	61	81	102	95	130	145	79.22222222222223
NM_001180677.3	19	26	49	69	76	101	111	125	138	79.33333333333333
NM_001179282.1	14	30	42	69	77	92	113	133	144	79.33333333333333
NM_001178414.1	20	32	42	61	70	97	113	134	145	79.33333333333333
NM_001184530.1	8	32	43	58	99	93	109	121	151	79.33333333333333
NM_001181120.1	21	27	49	55	76	106	115	122	144	79.44444444444444
NM_001183167.1	9	31	41	76	82	89	99	144	145	79.55555555555556
NM_001180595.3	10	36	47	73	76	108	115	115	136	79.55555555555556
NM_001182911.1	20	27	50	63	78	82	126	121	149	79.55555555555556
NM_001178585.1	11	34	51	70	74	87	117	127	146	79.66666666666667
NM_001183657.1	17	33	47	52	69	105	108	139	148	79.77777777777777
NM_001178552.2	17	37	52	63	78	90	112	124	145	79.77777777777777
NM_001183088.1	23	45	37	63	71	89	120	142	128	79.77777777777777
NM_001180367.1	15	40	44	67	79	83	120	133	138	79.88888888888889
NM_001179506.3	19	36	41	72	78	92	106	124	151	79.88888888888889
NM_001179396.1	14	29	57	75	71	85	116	120	153	80.0
NM_001178318.1	15	30	56	65	80	105	102	133	135	80.11111111111111
NM_001178486.2	15	28	37	77	83	100	105	139	137	80.11111111111111
NM_001181165.3	13	33	46	62	76	98	121	122	150	80.11111111111111
NM_001183530.3	10	28	49	65	96	83	118	120	152	80.11111111111111
NM_001180869.3	17	31	52	66	85	82	107	134	147	80.11111111111111
NM_001182636.1	13	31	55	71	79	95	104	137	136	80.11111111111111
NM_001181972.1	16	26	53	65	79	88	105	131	159	80.22222222222223
NM_001181345.1	16	37	54	50	72	97	110	139	148	80.33333333333333
NM_001178605.1	17	29	58	64	87	90	102	128	148	80.33333333333333
NM_001178672.1	19	23	47	72	77	100	118	123	144	80.33333333333333
NM_001180992.1	13	27	51	71	78	102	104	139	139	80.44444444444444
NM_001183804.1	25	30	61	59	76	91	125	115	142	80.44444444444444
NM_001182462.1	16	31	42	66	79	107	111	120	152	80.44444444444444
NM_001180990.1	12	30	58	64	83	92	121	124	140	80.44444444444444
NM_001178541.3	13	33	47	71	78	102	109	124	148	80.55555555555556
NM_001183490.1	15	27	48	82	83	96	106	124	144	80.55555555555556
NM_001181220.1	11	36	52	72	74	91	111	133	145	80.55555555555556
NM_001179109.1	16	33	47	68	81	81	118	139	142	80.55555555555556
NM_001182360.1	13	39	43	57	81	94	121	143	136	80.77777777777777
NM_001183133.1	21	42	43	64	72	99	99	138	149	80.77777777777777
NM_001179297.1	14	34	45	62	88	111	108	123	142	80.77777777777777
NM_001182747.1	22	36	50	66	79	86	117	133	140	81.0
NM_001180510.1	9	31	42	64	83	108	99	132	161	81.0
NM_001181073.2	22	37	45	63	72	96	112	127	155	81.0
NM_001178261.1	13	24	56	69	96	94	115	133	130	81.11111111111111
NM_001184028.1	20	31	46	69	81	101	99	134	149	81.11111111111111
NM_001180509.3	10	41	46	69	83	99	126	123	134	81.22222222222223
NM_001184276.1	14	29	41	68	80	97	116	134	153	81.33333333333333
NM_001183976.1	20	35	50	70	86	105	105	122	139	81.33333333333333
NM_001181714.3	24	28	50	57	79	102	112	134	146	81.33333333333333
NM_001178329.1	17	28	52	71	85	94	111	137	138	81.44444444444444
NM_001182612.1	15	31	51	71	75	95	109	134	152	81.44444444444444
NM_001182361.1	21	33	44	58	85	116	110	126	144	81.88888888888889
NM_001178962.3	12	33	39	70	85	97	118	130	153	81.88888888888889
NM_001181740.1	16	27	40	70	78	109	118	128	152	82.0
NM_001183328.1	19	31	62	74	75	94	111	113	161	82.22222222222223
NM_001183131.1	21	31	45	73	84	93	113	132	148	82.22222222222223
NM_001181387.1	13	36	60	77	89	92	103	124	147	82.33333333333333
NM_001178354.1	7	37	48	67	78	110	121	127	146	82.33333333333333
NM_001183563.3	21	30	55	70	79	98	102	142	145	82.44444444444444
NM_001184536.1	16	25	44	64	89	115	110	123	156	82.44444444444444
NM_001179845.3	19	32	47	67	78	106	113	134	146	82.44444444444444
NM_001184100.1	21	32	64	72	78	88	122	116	150	82.55555555555556
NM_001182216.1	23	34	50	58	72	101	106	149	150	82.55555555555556
NM_001180241.1	17	39	32	65	86	110	120	130	144	82.55555555555556
NM_001180216.1	16	30	46	61	89	101	109	139	153	82.66666666666667
NM_001179455.1	13	30	43	75	74	102	106	150	151	82.66666666666667
NM_001181278.1	20	33	42	57	85	106	119	125	157	82.66666666666667
NM_001182716.1	14	31	41	76	92	100	123	131	137	82.77777777777777
NM_001180672.3	10	32	44	65	83	102	126	128	155	82.77777777777777
NM_001179540.1	20	41	45	69	89	94	112	140	135	82.77777777777777
NM_001179417.1	14	39	57	65	76	106	109	123	156	82.77777777777777
NM_001178622.1	13	34	48	67	77	100	118	136	153	82.88888888888889
NM_001180169.1	15	33	58	60	90	98	125	133	134	82.88888888888889
NM_001181295.1	13	39	51	68	64	97	116	139	160	83.0
NM_001182646.1	11	29	42	67	75	112	130	125	157	83.11111111111111
NM_001180548.1	15	28	52	67	89	101	116	142	138	83.11111111111111
NM_001184114.1	19	28	65	65	85	80	113	136	158	83.22222222222223
NM_001179507.1	15	28	43	73	75	99	128	141	147	83.22222222222223
NM_001178785.1	26	32	57	60	75	96	127	129	147	83.22222222222223
NM_001184313.1	14	32	51	63	82	87	123	133	165	83.33333333333333
NM_001182735.1	21	45	54	66	88	89	107	136	145	83.44444444444444
NM_001183967.1	13	38	61	77	67	92	104	142	157	83.44444444444444
NM_001180508.3	12	35	61	66	97	86	119	125	150	83.44444444444444
NM_001182102.1	17	26	44	59	93	101	117	137	157	83.44444444444444
NM_001181407.3	14	39	58	57	87	92	124	134	146	83.44444444444444
NM_001180328.3	20	31	52	70	91	101	116	130	141	83.55555555555556
NM_001179921.1	24	41	51	62	85	94	122	132	141	83.55555555555556
NM_001181990.1	19	35	50	71	66	104	121	137	149	83.55555555555556
NM_001180438.1	18	32	47	69	85	99	120	123	160	83.66666666666667
NM_001183309.1	9	32	50	66	87	96	130	135	149	83.77777777777777
NM_001178573.1	16	28	64	65	72	99	118	142	150	83.77777777777777
NM_001182668.1	26	28	48	72	77	101	115	138	150	83.88888888888889
NM_001179484.1	16	35	64	72	83	96	95	136	160	84.11111111111111
NM_001180646.1	11	41	54	53	93	107	116	130	153	84.22222222222223
NM_001183326.1	21	32	48	65	75	95	138	133	151	84.22222222222223
NM_001181480.3	17	36	50	61	93	109	118	125	150	84.33333333333333
NM_001183834.1	11	36	47	64	67	113	121	146	154	84.33333333333333
NM_001182963.1	12	39	51	77	95	99	121	121	145	84.44444444444444
NM_001179250.1	18	35	51	53	86	116	105	135	161	84.44444444444444
NM_001181205.1	14	31	45	74	92	107	123	137	138	84.55555555555556
NM_001183821.1	15	33	54	62	78	108	120	127	164	84.55555555555556
NM_001184007.1	13	40	51	70	90	107	118	124	149	84.66666666666667
NM_001178705.1	17	32	50	69	76	87	129	142	160	84.66666666666667
NM_001178210.1	23	32	57	69	78	103	123	119	158	84.66666666666667
NM_001181688.3	15	39	41	79	88	92	111	151	147	84.77777777777777
NM_001179810.1	22	38	54	60	84	104	110	136	155	84.77777777777777
NM_001182945.3	14	25	56	63	93	94	133	134	152	84.88888888888889
NM_001180240.1	19	30	45	76	83	106	116	139	150	84.88888888888889
NM_001181159.1	24	36	48	66	66	100	114	143	168	85.0
NM_001181566.1	16	42	64	66	83	101	113	117	164	85.11111111111111
NM_001179797.1	12	37	47	70	80	100	128	144	149	85.22222222222223
NM_001180743.1	17	33	60	77	63	104	126	147	141	85.33333333333333
NM_001178513.1	15	26	49	71	89	108	128	129	153	85.33333333333333
NM_001180067.3	20	38	37	68	88	97	121	145	155	85.44444444444444
NM_001178169.1	21	38	58	63	74	97	118	137	163	85.44444444444444
NM_001431142.1	22	40	61	61	81	91	117	150	147	85.55555555555556
NM_001183694.1	17	39	49	78	89	93	111	137	157	85.55555555555556
NM_001182509.1	22	37	40	59	76	103	114	146	174	85.66666666666667
NM_001179032.1	16	38	45	76	83	98	115	146	154	85.66666666666667
NM_001183897.1	23	31	53	50	98	100	124	143	149	85.66666666666667
NM_001179567.3	21	27	53	74	93	106	118	135	145	85.77777777777777
NM_001182720.1	23	30	44	72	88	112	129	123	152	85.88888888888889
NM_001182577.1	17	33	45	74	94	101	129	134	146	85.88888888888889
NM_001179937.1	21	42	43	57	82	104	124	142	158	85.88888888888889
NM_001183389.1	15	43	63	74	75	90	117	143	154	86.0
NM_001180311.3	19	36	50	82	88	111	120	127	142	86.11111111111111
NM_001181121.1	17	31	53	71	80	107	126	141	150	86.22222222222223
NM_001179298.1	25	35	57	72	88	85	115	142	157	86.22222222222223
NM_001178504.3	13	41	59	69	92	97	113	138	154	86.22222222222223
NM_001183825.1	11	34	55	60	99	109	116	135	157	86.22222222222223
NM_001178558.1	25	32	54	73	75	113	121	130	154	86.33333333333333
NM_001178792.1	23	33	45	63	93	99	129	142	150	86.33333333333333
NM_001181692.1	21	40	55	74	93	107	109	120	158	86.33333333333333
NM_001180811.3	20	36	49	69	89	106	121	133	155	86.44444444444444
NM_001179589.4	13	45	62	75	75	106	125	132	146	86.55555555555556
NM_001182458.1	16	37	47	71	108	103	111	128	158	86.55555555555556
NM_001182140.1	21	38	58	61	85	109	119	130	158	86.55555555555556
NM_001181352.1	19	39	59	63	68	117	123	132	160	86.66666666666667
NM_001183056.1	19	39	47	80	91	104	125	136	141	86.88888888888889
NM_001180717.3	17	40	55	69	89	100	137	132	145	87.11111111111111
NM_001181725.1	13	33	47	64	93	117	114	157	147	87.22222222222223
NM_001179381.1	21	40	51	72	88	103	120	143	148	87.33333333333333
NM_001183964.1	19	35	53	83	84	112	117	133	151	87.44444444444444
NM_001181769.1	26	38	54	66	83	110	103	136	173	87.66666666666667
NM_001180419.1	22	37	52	70	94	120	115	135	144	87.66666666666667
NM_001181200.3	14	28	59	76	95	90	124	138	165	87.66666666666667
NM_001184208.1	20	34	57	77	97	95	110	149	154	88.11111111111111
NM_001180568.1	18	42	41	70	87	117	122	132	165	88.22222222222223
NM_001178217.1	27	30	47	72	87	100	128	144	159	88.22222222222223
NM_001182683.1	19	40	48	66	75	116	121	150	160	88.33333333333333
NM_001183400.1	17	35	49	68	83	112	119	148	165	88.44444444444444
NM_001180182.1	26	28	55	69	93	93	140	130	162	88.44444444444444
NM_001183323.1	23	35	54	69	84	112	118	129	173	88.55555555555556
NM_001179161.1	16	38	59	59	87	111	115	142	170	88.55555555555556
NM_001178801.1	13	41	49	71	88	106	129	140	161	88.66666666666667
NM_001180539.1	18	33	59	62	86	111	125	151	154	88.77777777777777
NM_001181397.3	17	33	53	83	101	92	116	149	155	88.77777777777777
NM_001180084.1	17	42	52	67	88	118	121	141	153	88.77777777777777
NM_001181525.1	21	28	54	68	93	102	124	147	162	88.77777777777777
NM_001180587.3	17	39	62	82	76	101	128	142	153	88.88888888888889
NM_001179734.1	18	35	60	82	95	106	128	140	136	88.88888888888889
NM_001182545.1	26	40	58	88	79	97	118	143	152	89.0
NM_001180733.1	24	36	64	76	80	105	131	137	148	89.0
NM_001183473.1	22	34	59	74	91	108	118	134	162	89.11111111111111
NM_001181937.1	18	28	57	68	91	104	130	129	177	89.11111111111111
NM_001179322.3	7	34	53	78	83	114	136	155	143	89.22222222222223
NM_001183757.3	18	46	55	73	84	104	131	136	157	89.33333333333333
NM_001182558.1	15	25	44	66	95	111	125	158	165	89.33333333333333
NM_001179189.1	17	30	44	78	84	123	120	147	162	89.44444444444444
NM_001183910.1	17	37	55	67	86	108	138	164	133	89.44444444444444
NM_001178176.1	17	32	49	64	80	108	136	157	162	89.44444444444444
NM_001181178.1	16	40	52	71	87	119	113	146	162	89.55555555555556
NM_001184257.1	26	41	48	81	95	100	120	124	172	89.66666666666667
NM_001180149.1	13	38	60	79	84	114	121	135	163	89.66666666666667
NM_001184146.1	21	44	51	65	97	100	126	141	162	89.66666666666667
NM_001181668.3	18	41	56	64	95	113	132	131	158	89.77777777777777
NM_001182571.1	23	40	58	61	88	96	124	146	172	89.77777777777777
NM_001182272.1	23	22	47	76	95	111	128	139	167	89.77777777777777
NM_001181018.3	24	26	55	82	81	116	116	144	164	89.77777777777777
NM_001180167.1	17	38	56	59	82	110	129	153	165	89.88888888888889
NM_001178681.1	19	32	61	67	76	117	135	138	164	89.88888888888889
NM_001181464.3	13	45	58	69	98	100	131	140	155	89.88888888888889
NM_001183010.4	19	31	67	76	91	97	131	142	157	90.11111111111111
NM_001179406.1	9	37	61	72	93	110	115	152	164	90.33333333333333
NM_001182399.1	15	32	48	72	97	119	136	131	164	90.44444444444444
NM_001181758.3	12	33	51	76	100	114	132	150	148	90.66666666666667
NM_001179303.1	17	27	44	79	74	124	135	155	161	90.66666666666667
NM_001178439.1	21	42	55	72	100	102	134	136	156	90.88888888888889
NM_001182474.1	16	36	52	72	100	111	132	146	153	90.88888888888889
NM_001183350.1	17	28	52	76	106	111	113	157	158	90.88888888888889
NM_001178413.3	20	37	49	82	86	107	128	142	168	91.0
NM_001181720.3	17	31	60	86	101	112	117	128	167	91.0
NM_001183262.1	22	40	60	69	77	106	135	149	162	91.11111111111111
NM_001181545.2	12	39	65	67	94	96	127	161	159	91.11111111111111
NM_001182373.1	20	46	52	70	91	105	132	135	170	91.22222222222223
NM_001179615.1	14	44	44	74	102	101	119	150	174	91.33333333333333
NM_001183063.1	13	45	68	57	97	105	152	125	160	91.33333333333333
NM_001179115.1	15	34	68	70	90	116	122	148	159	91.33333333333333
NM_001180543.1	17	44	59	70	83	114	125	143	167	91.33333333333333
NM_001180416.3	22	29	52	73	103	112	125	147	160	91.44444444444444
NM_001182517.1	15	44	54	69	97	112	134	133	166	91.55555555555556
NM_001179641.1	17	49	57	86	85	100	127	149	154	91.55555555555556
NM_001183099.1	15	45	52	82	93	115	127	134	161	91.55555555555556
NM_001184520.1	27	53	53	62	94	113	129	139	155	91.66666666666667
NM_001178826.1	16	41	43	89	110	109	132	135	151	91.77777777777777
NM_001178737.1	23	42	58	68	81	122	128	143	161	91.77777777777777
NM_001183271.1	21	46	63	66	98	118	125	133	156	91.77777777777777
NM_001179532.3	22	33	53	76	90	124	120	161	148	91.88888888888889
NM_001183634.1	22	44	41	82	106	105	127	131	169	91.88888888888889
NM_001183973.1	18	34	49	75	95	108	138	147	165	92.11111111111111
NM_001180324.3	15	36	50	79	77	121	120	155	177	92.22222222222223
NM_001179242.1	12	40	53	69	91	116	132	153	164	92.22222222222223
NM_001183267.1	13	31	47	63	97	123	131	139	187	92.33333333333333
NM_001183098.2	10	45	57	70	92	119	122	135	181	92.33333333333333
NM_001179784.1	23	44	51	72	89	109	132	147	166	92.55555555555556
NM_001183562.1	19	31	56	65	91	126	138	154	153	92.55555555555556
NM_001180069.1	21	35	56	75	90	100	124	161	171	92.55555555555556
NM_001178992.1	25	32	45	77	100	109	141	148	157	92.66666666666667
NM_001181263.3	19	36	58	91	81	108	124	150	169	92.88888888888889
NM_001180095.1	21	46	48	84	86	111	133	158	149	92.88888888888889
NM_001181187.2	23	33	41	73	87	123	133	151	172	92.88888888888889
NM_001178347.1	16	39	49	82	83	113	132	152	170	92.88888888888889
NM_001180679.1	19	32	62	83	98	106	135	150	151	92.88888888888889
NM_001184204.1	17	35	52	83	93	111	125	145	175	92.88888888888889
NM_001184093.1	24	37	47	75	91	116	134	149	163	92.88888888888889
NM_001178445.2	16	39	64	78	99	113	113	154	162	93.11111111111111
NM_001182871.3	21	34	55	76	103	99	137	149	164	93.11111111111111
NM_001178716.1	18	31	55	75	101	103	137	147	171	93.11111111111111
NM_001181950.1	21	29	54	81	92	127	133	138	164	93.22222222222223
NM_001178674.1	23	36	54	76	88	116	117	157	174	93.44444444444444
NM_001180867.1	13	48	56	73	103	107	128	147	168	93.66666666666667
NM_001184484.1	17	42	62	66	99	121	135	149	153	93.77777777777777
NM_001182990.1	21	38	53	73	83	105	147	159	166	93.88888888888889
NM_001181832.1	20	33	46	70	99	123	133	161	160	93.88888888888889
NM_001183958.1	15	42	54	80	93	116	137	144	164	93.88888888888889
NM_001181484.1	20	38	61	75	75	123	128	146	181	94.11111111111111
NM_001181227.3	22	35	58	75	93	112	121	175	156	94.11111111111111
NM_001180072.3	18	46	47	80	83	103	122	167	181	94.11111111111111
NM_001182205.1	15	36	56	85	83	134	129	145	164	94.11111111111111
NM_001183282.1	17	33	48	80	92	120	131	145	182	94.22222222222223
NM_001183810.1	24	35	47	73	93	118	137	152	169	94.22222222222223
NM_001181741.1	21	31	58	72	98	103	131	156	179	94.33333333333333
NM_001179184.1	14	37	73	64	94	110	125	155	177	94.33333333333333
NM_001181376.1	18	33	55	75	101	117	130	150	172	94.55555555555556
NM_001182113.1	20	29	51	61	109	119	138	148	176	94.55555555555556
NM_001180751.3	17	41	58	76	96	111	127	156	169	94.55555555555556
NM_001178938.1	14	27	56	76	106	103	133	161	175	94.55555555555556
NM_001178863.1	17	37	50	75	106	123	129	151	166	94.88888888888889
NM_001179609.1	14	41	54	73	88	100	146	170	169	95.0
NM_001182515.1	18	43	69	78	93	110	130	144	170	95.0
NM_001182476.1	21	40	57	85	88	107	151	130	176	95.0
NM_001183537.1	12	42	50	69	104	121	125	166	166	95.0
NM_001182685.1	23	35	62	72	82	124	136	151	170	95.0
NM_001179836.3	22	44	58	71	92	101	137	153	178	95.11111111111111
NM_001181505.1	22	37	57	77	97	113	124	155	174	95.11111111111111
NM_001179675.1	16	43	57	74	100	99	140	152	175	95.11111111111111
NM_001184058.1	16	46	65	60	93	118	131	157	170	95.11111111111111
NM_001182696.1	22	42	75	60	93	123	132	140	169	95.11111111111111
NM_001182673.1	26	44	56	77	102	107	134	142	170	95.33333333333333
NM_001181974.1	29	48	48	75	93	111	144	151	159	95.33333333333333
NM_001180186.1	11	29	53	76	106	120	123	151	190	95.44444444444444
NM_001178370.1	17	33	60	76	95	115	136	158	169	95.44444444444444
NM_001178378.1	21	38	57	79	105	119	140	137	163	95.44444444444444
NM_001180398.1	22	32	59	80	95	112	128	158	174	95.55555555555556
NM_001181746.3	15	32	67	65	99	112	158	143	170	95.66666666666667
NM_001181238.3	15	46	68	73	82	112	140	162	163	95.66666666666667
NM_001178612.1	17	45	55	79	80	109	145	157	175	95.77777777777777
NM_001183608.1	16	39	55	75	93	122	134	144	185	95.88888888888889
NM_001178295.1	21	36	70	77	83	120	130	143	183	95.88888888888889
NM_001179209.1	19	34	62	78	105	115	137	145	168	95.88888888888889
NM_001180614.1	25	50	51	74	98	117	131	144	174	96.0
NM_001178692.1	20	34	58	58	109	128	129	155	173	96.0
NM_001184038.2	14	37	66	70	100	101	137	170	170	96.11111111111111
NM_001178222.1	28	31	61	75	98	115	124	157	176	96.11111111111111
NM_001179364.3	21	28	57	77	98	116	127	172	171	96.33333333333333
NM_001179248.1	18	30	53	81	87	114	138	151	197	96.55555555555556
NM_001184192.1	23	33	57	68	108	126	137	152	166	96.66666666666667
NM_001183620.3	17	24	51	82	97	122	138	166	173	96.66666666666667
NM_001183137.1	17	34	46	82	112	132	134	150	163	96.66666666666667
NM_001180290.1	19	44	59	83	87	112	135	158	173	96.66666666666667
NM_001182097.1	20	37	52	74	91	124	149	163	161	96.77777777777777
NM_001180792.1	14	46	61	57	88	113	145	166	181	96.77777777777777
NM_001183836.1	19	33	59	82	100	113	145	156	164	96.77777777777777
NM_001181275.3	19	44	55	77	92	124	141	142	178	96.88888888888889
NM_001179504.1	18	29	59	72	99	111	138	162	184	96.88888888888889
NM_001180788.1	19	46	51	83	104	106	135	160	169	97.0
NM_001182124.1	20	32	60	71	103	125	139	150	173	97.0
NM_001179432.1	27	38	66	79	101	105	135	152	171	97.11111111111111
NM_001178684.1	22	28	46	85	110	125	140	158	161	97.22222222222223
NM_001181133.1	17	42	60	80	101	101	127	163	185	97.33333333333333
NM_001183859.1	15	39	66	78	97	104	149	160	170	97.55555555555556
NM_001178581.3	22	38	54	89	91	112	133	162	177	97.55555555555556
NM_001179618.1	21	41	69	76	109	107	132	167	158	97.77777777777777
NM_001183257.1	19	48	69	70	95	112	126	157	184	97.77777777777777
NM_001182996.1	22	41	68	70	100	121	131	161	167	97.88888888888889
NM_001181620.1	17	38	53	69	99	125	159	150	171	97.88888888888889
NM_001182148.1	17	37	58	77	90	137	128	160	177	97.88888888888889
NM_001181020.1	21	41	68	63	87	132	144	158	168	98.0
NM_001181716.1	23	51	58	73	97	118	128	148	188	98.22222222222223
NM_001178200.1	20	46	54	66	102	122	160	152	163	98.33333333333333
NM_001184522.3	21	38	56	72	103	125	134	179	157	98.33333333333333
NM_001179581.1	12	32	60	74	96	114	141	158	200	98.55555555555556
NM_001182903.3	21	41	56	74	103	126	144	150	172	98.55555555555556
NM_001179811.4	18	37	61	76	102	130	128	155	180	98.55555555555556
NM_001180396.3	17	38	54	85	97	113	136	161	186	98.55555555555556
NM_001179682.1	27	41	57	80	97	135	122	143	186	98.66666666666667
NM_001183871.1	21	42	57	83	102	110	144	148	183	98.88888888888889
NM_001180148.1	27	39	64	78	112	117	149	150	155	99.0
NM_001183002.1	29	43	53	76	109	108	139	153	181	99.0
NM_001180756.3	12	47	56	74	102	112	136	145	207	99.0
NM_001181440.1	22	41	46	65	89	113	153	178	186	99.22222222222223
NM_001179227.1	11	39	63	70	100	123	142	151	194	99.22222222222223
NM_001178543.1	21	44	63	71	99	114	146	173	162	99.22222222222223
NM_001179353.1	26	35	59	79	92	123	139	163	177	99.22222222222223
NM_001178984.1	15	37	59	88	105	119	143	150	177	99.22222222222223
NM_001181123.1	18	33	58	94	103	123	146	139	180	99.33333333333333
NM_001181498.1	18	54	60	75	112	116	160	139	160	99.33333333333333
NM_001178670.1	16	34	51	88	121	114	125	168	177	99.33333333333333
NM_001180554.3	21	42	62	66	95	123	140	162	184	99.44444444444444
NM_001182691.1	24	47	44	82	85	128	140	158	189	99.66666666666667
NM_001179275.1	29	49	51	76	93	131	134	150	184	99.66666666666667
NM_001184217.1	18	42	72	83	85	120	157	149	171	99.66666666666667
NM_001183031.2	32	45	63	68	105	102	148	160	175	99.77777777777777
NM_001182788.1	14	51	48	74	110	106	148	163	184	99.77777777777777
NM_001181024.1	20	40	53	79	88	115	146	174	185	100.0
NM_001184198.1	16	43	53	83	105	110	141	154	195	100.0
NM_001183772.1	21	39	55	78	92	136	129	162	188	100.0
NM_001178827.1	19	30	74	84	98	122	149	149	176	100.11111111111111
NM_001181093.1	19	43	66	79	85	118	136	167	191	100.44444444444444
NM_001183174.1	22	40	73	77	100	127	136	142	188	100.55555555555556
NM_001182751.1	19	29	54	77	119	115	152	147	193	100.55555555555556
NM_001179608.3	27	33	53	84	96	117	154	151	190	100.55555555555556
NM_001180089.1	22	37	71	69	99	119	145	163	181	100.66666666666667
NM_001180777.3	18	49	64	93	93	122	130	152	186	100.77777777777777
NM_001182964.1	32	40	68	74	99	120	125	147	203	100.88888888888889
NM_001178303.1	15	42	68	75	93	111	156	164	184	100.88888888888889
NM_001178639.1	15	38	66	80	98	123	138	172	178	100.88888888888889
NM_001180599.3	22	39	55	88	98	118	144	164	181	101.0
NM_001183355.1	23	43	59	79	98	139	140	157	172	101.11111111111111
NM_001179717.1	14	51	71	77	92	114	146	164	181	101.11111111111111
NM_001179498.1	23	49	70	68	98	125	147	137	194	101.22222222222223
NM_001183186.1	18	37	58	86	104	121	144	165	179	101.33333333333333
NM_001184167.1	22	40	53	65	111	112	138	180	191	101.33333333333333
NM_001179501.1	24	35	70	85	94	121	146	157	181	101.44444444444444
NM_001182080.1	15	31	65	86	92	118	156	164	186	101.44444444444444
NM_001181089.1	25	38	56	92	89	126	129	168	190	101.44444444444444
NM_001180104.1	28	34	50	80	111	122	143	160	185	101.44444444444444
NM_001181007.1	21	43	62	87	105	112	166	158	160	101.55555555555556
NM_001181077.1	22	45	49	78	94	122	156	169	180	101.66666666666667
NM_001182092.1	23	31	57	85	101	122	138	173	186	101.77777777777777
NM_001179604.3	23	43	58	66	102	138	129	171	186	101.77777777777777
NM_001184513.1	17	38	62	85	90	121	136	169	198	101.77777777777777
NM_001184275.1	15	39	59	84	97	126	147	173	177	101.88888888888889
NM_001182717.1	25	45	65	91	99	118	161	147	167	102.0
NM_001179020.1	33	37	67	82	108	110	140	158	183	102.0
NM_001182078.1	24	36	59	82	99	130	149	158	182	102.11111111111111
NM_001182600.1	18	41	69	74	110	118	148	150	192	102.22222222222223
NM_001183447.1	11	43	66	82	93	136	124	170	195	102.22222222222223
NM_001180728.1	16	41	68	83	108	124	145	162	174	102.33333333333333
NM_001179524.1	16	33	60	82	121	112	129	161	207	102.33333333333333
NM_001179657.1	19	54	50	73	113	121	140	169	182	102.33333333333333
NM_001179945.1	17	46	67	80	104	121	143	169	175	102.44444444444444
NM_001184027.1	22	33	71	82	92	122	164	153	183	102.44444444444444
NM_001179171.1	18	44	66	70	102	127	149	165	181	102.44444444444444
NM_001183642.3	18	47	65	78	103	125	135	165	187	102.55555555555556
NM_001179166.1	22	40	62	88	96	112	134	178	191	102.55555555555556
NM_001179190.1	14	39	68	86	108	118	148	161	182	102.66666666666667
NM_001178734.1	17	38	58	85	109	111	151	158	197	102.66666666666667
NM_001183112.1	23	28	64	93	99	136	138	163	180	102.66666666666667
NM_001181824.1	11	40	60	79	101	133	137	174	191	102.88888888888889
NM_001183655.1	18	43	51	87	112	122	132	167	194	102.88888888888889
NM_001182421.1	23	38	76	79	92	121	144	167	187	103.0
NM_001183648.1	24	36	58	89	112	122	143	175	168	103.0
NM_001180748.1	10	41	63	74	114	120	143	170	193	103.11111111111111
NM_001183091.1	22	33	58	76	99	137	150	166	188	103.22222222222223
NM_001178343.1	18	47	53	83	108	120	136	182	183	103.33333333333333
NM_001181029.1	28	42	57	88	91	131	151	159	184	103.44444444444444
NM_001178355.2	18	47	77	85	103	133	131	160	177	103.44444444444444
NM_001181960.1	20	44	56	77	115	107	150	161	202	103.55555555555556
NM_001182574.1	15	39	58	77	94	122	165	169	193	103.55555555555556
NM_001182649.2	21	48	66	84	106	105	141	173	188	103.55555555555556
NM_001183320.1	18	58	56	77	112	136	122	177	176	103.55555555555556
NM_001182115.1	13	28	63	85	102	124	155	166	196	103.55555555555556
NM_001182041.1	23	33	60	90	98	123	143	174	188	103.55555555555556
NM_001178337.2	20	38	68	73	102	138	144	175	175	103.66666666666667
NM_001181579.1	24	38	68	80	103	121	148	173	178	103.66666666666667
NM_001183155.1	21	41	60	89	106	130	152	137	197	103.66666666666667
NM_001183095.1	20	42	64	84	93	105	161	174	190	103.66666666666667
NM_001179817.3	23	43	70	84	86	120	158	154	195	103.66666666666667
NM_001179996.2	23	44	50	81	82	132	154	176	192	103.77777777777777
NM_001181994.1	17	49	61	82	120	124	149	150	182	103.77777777777777
NM_001182293.1	25	36	55	88	102	124	150	178	177	103.88888888888889
NM_001183226.3	22	48	51	80	108	135	145	168	179	104.0
NM_001183158.1	20	48	62	86	99	125	143	173	180	104.0
NM_001179064.3	27	50	62	88	84	114	150	168	195	104.22222222222223
NM_001178489.2	28	49	53	87	96	121	144	173	187	104.22222222222223
NM_001182495.1	23	44	62	89	107	132	126	164	191	104.22222222222223
NM_001181710.1	23	44	70	88	106	109	168	155	176	104.33333333333333
NM_001182997.1	16	46	64	86	105	129	154	161	179	104.44444444444444
NM_001182895.3	21	48	72	81	106	124	127	190	172	104.55555555555556
NM_001178925.1	28	42	65	77	112	132	142	163	182	104.77777777777777
NM_001180293.1	25	41	76	82	94	133	138	167	188	104.88888888888889
NM_001179889.3	12	37	71	75	112	126	143	179	190	105.0
NM_001178517.1	25	44	54	99	117	114	139	173	180	105.0
NM_001181852.1	10	50	57	97	100	129	155	166	182	105.11111111111111
NM_001180132.1	14	34	69	87	100	124	142	180	196	105.11111111111111
NM_001180736.3	19	54	71	82	111	115	144	164	186	105.11111111111111
NM_001180444.1	17	41	62	91	113	134	155	167	169	105.44444444444444
NM_001181075.1	15	40	61	91	95	126	170	174	179	105.66666666666667
NM_001179459.1	18	36	70	89	107	118	153	162	198	105.66666666666667
NM_001182890.1	24	56	59	91	100	127	148	164	183	105.77777777777777
NM_001182013.1	23	46	54	89	95	134	153	170	189	105.88888888888889
NM_001178926.3	26	39	67	85	113	127	141	173	183	106.0
NM_001181299.1	18	37	63	92	107	134	146	173	184	106.0
NM_001178477.1	26	39	67	101	96	128	145	168	185	106.11111111111111
NM_001180991.3	18	34	59	99	107	128	156	160	195	106.22222222222223
NM_001179170.1	22	40	55	85	112	137	149	157	199	106.22222222222223
NM_001182914.1	16	38	74	96	94	123	140	177	198	106.22222222222223
NM_001184137.1	22	42	77	81	100	121	133	191	189	106.22222222222223
NM_001181380.3	23	41	57	97	112	132	145	180	169	106.22222222222223
NM_001183080.1	21	53	63	75	112	130	142	160	201	106.33333333333333
NM_001181028.1	19	37	52	94	102	141	150	163	199	106.33333333333333
NM_001182339.3	16	46	65	83	96	141	134	183	193	106.33333333333333
NM_001184134.1	12	46	63	79	104	110	145	179	219	106.33333333333333
NM_001182295.4	21	42	66	86	109	130	135	173	195	106.33333333333333
NM_001181855.1	17	45	58	80	110	124	154	172	198	106.44444444444444
NM_001180313.1	12	33	61	98	107	127	161	162	198	106.55555555555556
NM_001182394.1	16	43	64	94	96	123	161	166	196	106.55555555555556
NM_001180822.1	20	52	67	78	98	141	143	168	192	106.55555555555556
NM_001183545.3	14	51	68	64	112	142	151	167	192	106.77777777777777
NM_001182703.1	22	41	55	80	97	125	166	185	191	106.88888888888889
NM_001184115.1	17	47	79	84	109	125	152	159	190	106.88888888888889
NM_001178350.1	23	51	60	81	114	138	162	162	172	107.0
NM_001179444.1	20	38	62	92	125	135	147	151	193	107.0
NM_001180334.3	19	34	71	95	116	121	153	160	195	107.11111111111111
NM_001184238.1	21	37	57	98	102	142	145	179	184	107.22222222222223
NM_001178683.1	23	38	63	73	110	133	147	173	205	107.22222222222223
NM_001180447.3	20	33	66	80	102	127	162	175	200	107.22222222222223
NM_001184528.1	18	49	56	83	103	138	154	175	190	107.33333333333333
NM_001178402.1	21	49	74	80	101	136	144	177	184	107.33333333333333
NM_001183029.1	15	41	71	91	94	131	149	176	198	107.33333333333333
NM_001181242.3	20	47	75	86	103	127	149	167	192	107.33333333333333
NM_001181153.3	30	35	82	85	105	129	146	173	182	107.44444444444444
NM_001179373.1	28	43	64	83	102	133	155	160	199	107.44444444444444
NM_001180667.3	15	41	62	87	101	127	152	184	198	107.44444444444444
NM_001181701.1	20	43	77	68	90	133	151	189	197	107.55555555555556
NM_001181964.1	20	42	62	87	121	119	168	164	188	107.88888888888889
NM_001181902.1	24	34	74	80	110	121	146	189	193	107.88888888888889
NM_001180882.1	20	51	70	86	122	122	153	160	187	107.88888888888889
NM_001179089.1	11	40	55	83	113	136	161	189	184	108.0
NM_001181826.1	24	35	64	91	110	129	156	172	191	108.0
NM_001182017.1	24	50	67	82	88	134	140	186	202	108.11111111111111
NM_001178868.3	19	48	55	95	115	124	144	176	197	108.11111111111111
NM_001182944.1	20	51	66	104	95	117	140	183	198	108.22222222222223
NM_001179557.3	23	45	73	86	104	124	152	175	192	108.22222222222223
NM_001180101.1	20	55	78	83	90	137	171	152	189	108.33333333333333
NM_001179599.1	20	53	60	86	120	131	167	155	183	108.33333333333333
NM_001181050.1	19	33	56	100	107	131	157	169	203	108.33333333333333
NM_001183147.1	18	45	62	86	101	129	180	163	194	108.66666666666667
NM_001183023.1	14	49	71	95	98	129	135	192	195	108.66666666666667
NM_001181237.1	17	49	57	93	126	122	155	182	177	108.66666666666667
NM_001179685.1	15	46	54	91	118	119	150	181	206	108.88888888888889
NM_001182776.1	20	43	57	85	116	140	158	172	190	109.0
NM_001183663.3	28	44	66	83	116	130	150	181	183	109.0
NM_001183791.3	15	44	56	102	106	131	158	179	190	109.0
NM_001180383.1	24	39	53	84	132	119	161	177	193	109.11111111111111
NM_001179286.1	15	45	78	90	113	126	150	166	200	109.22222222222223
NM_001182388.1	16	50	64	92	106	133	144	179	199	109.22222222222223
NM_001179890.1	26	37	58	90	121	121	155	170	205	109.22222222222223
NM_001180300.2	26	58	74	92	96	126	146	172	193	109.22222222222223
NM_001179571.3	14	51	63	79	112	141	147	177	200	109.33333333333333
NM_001183966.1	13	36	68	84	106	142	157	177	202	109.44444444444444
NM_001178905.1	25	38	74	98	111	139	146	169	185	109.44444444444444
NM_001179638.1	19	48	80	82	106	128	148	173	202	109.55555555555556
NM_001178191.1	31	44	75	86	105	126	136	180	203	109.55555555555556
NM_001181045.1	24	46	69	85	111	132	145	182	192	109.55555555555556
NM_001182933.1	21	43	71	92	107	117	150	183	202	109.55555555555556
NM_001184259.1	23	31	82	107	107	149	141	162	185	109.66666666666667
NM_001179813.3	27	45	68	87	116	123	157	156	208	109.66666666666667
NM_001183544.1	20	37	61	87	100	133	160	164	226	109.77777777777777
NM_001182760.1	28	46	64	98	111	136	154	165	186	109.77777777777777
NM_001184325.1	16	45	74	75	111	130	144	194	200	109.88888888888889
NM_001183311.1	27	43	66	71	109	135	143	185	210	109.88888888888889
NM_001182605.1	18	48	77	85	120	130	152	173	187	110.0
NM_001182250.1	27	46	67	90	115	132	161	164	188	110.0
NM_001183511.1	25	46	76	67	105	154	164	161	192	110.0
NM_001182127.1	13	53	73	78	110	153	134	193	187	110.44444444444444
NM_001184191.1	22	41	72	78	122	134	151	166	211	110.77777777777777
NM_001181081.1	28	42	78	74	101	147	153	178	196	110.77777777777777
NM_001180077.1	20	34	78	96	99	124	164	177	205	110.77777777777777
NM_001179529.3	14	50	75	93	102	129	155	176	204	110.88888888888889
NM_001178657.1	25	51	71	97	115	119	149	166	207	111.11111111111111
NM_001183500.1	16	46	71	86	113	107	159	198	204	111.11111111111111
NM_001178659.1	32	44	60	86	119	123	150	187	200	111.22222222222223
NM_001180603.3	19	42	58	93	112	124	166	185	203	111.33333333333333
NM_001181597.2	30	59	68	88	104	138	146	179	190	111.33333333333333
NM_001179053.3	19	46	66	81	106	141	159	186	199	111.44444444444444
NM_001178159.1	18	47	70	87	108	125	153	193	203	111.55555555555556
NM_001178696.1	25	45	61	82	124	142	156	175	194	111.55555555555556
NM_001182264.3	22	57	72	89	104	135	144	192	190	111.66666666666667
NM_001180832.3	25	54	67	90	122	111	174	174	189	111.77777777777777
NM_001178579.3	22	41	60	92	106	141	159	175	211	111.88888888888889
NM_001180135.1	16	45	65	91	121	142	147	170	210	111.88888888888889
NM_001180263.1	26	31	78	93	91	133	146	188	225	112.33333333333333
NM_001180803.3	16	45	61	83	116	137	166	195	193	112.44444444444444
NM_001182661.1	21	43	59	108	112	118	173	177	201	112.44444444444444
NM_001183955.1	14	45	67	84	107	123	163	193	216	112.44444444444444
NM_001178533.3	31	54	59	81	103	148	153	166	217	112.44444444444444
NM_001182732.1	23	54	74	82	97	125	174	180	203	112.44444444444444
NM_001181715.1	22	35	67	85	117	135	149	181	221	112.44444444444444
NM_001179653.1	30	42	70	75	108	148	162	173	205	112.55555555555556
NM_001184081.1	18	37	61	78	115	145	168	201	190	112.55555555555556
NM_001183727.1	18	51	60	100	114	136	162	186	187	112.66666666666667
NM_001178697.1	19	45	61	98	117	134	161	167	212	112.66666666666667
NM_001181230.1	17	59	64	86	115	136	159	185	194	112.77777777777777
NM_001182076.1	30	44	63	95	112	138	165	181	187	112.77777777777777
NM_001179983.1	17	47	71	74	107	140	140	202	217	112.77777777777777
NM_001180616.3	21	41	62	96	116	121	163	201	197	113.11111111111111
NM_001184176.1	22	36	72	93	118	145	156	185	191	113.11111111111111
NM_001183718.1	32	39	56	81	117	142	149	183	220	113.22222222222223
NM_001179441.3	23	38	67	89	111	148	160	184	200	113.33333333333333
NM_001180901.1	27	45	73	83	123	133	152	174	210	113.33333333333333
NM_001180013.1	17	58	71	101	115	134	173	165	186	113.33333333333333
NM_001179128.1	16	41	64	97	101	147	160	185	209	113.33333333333333
NM_001184252.1	30	49	62	89	108	140	160	172	212	113.55555555555556
NM_001183286.1	37	56	62	95	121	132	168	171	180	113.55555555555556
NM_001182034.1	15	28	70	94	103	131	170	203	209	113.66666666666667
NM_001179578.3	25	31	66	91	112	123	178	190	207	113.66666666666667
NM_001180219.1	18	41	67	88	123	136	164	185	201	113.66666666666667
NM_001184440.1	22	35	74	102	100	138	167	187	199	113.77777777777777
NM_001183437.1	20	51	73	101	107	145	142	181	205	113.88888888888889
NM_001178896.3	28	52	68	105	114	133	137	179	209	113.88888888888889
NM_001182638.1	20	46	78	88	121	135	151	183	204	114.0
NM_001184203.1	27	44	70	105	109	136	155	174	206	114.0
NM_001181636.1	23	46	79	78	110	142	155	187	207	114.11111111111111
NM_001183971.1	26	47	65	91	111	134	152	190	211	114.11111111111111
NM_001181893.1	19	50	64	88	98	149	167	182	211	114.22222222222223
NM_001179100.1	20	43	54	94	119	135	166	184	214	114.33333333333333
NM_001178787.1	22	48	56	100	117	149	140	205	192	114.33333333333333
NM_001181532.1	16	36	62	98	136	128	174	190	191	114.55555555555556
NM_001181160.1	29	43	82	79	116	140	156	180	206	114.55555555555556
NM_001180436.3	16	37	76	88	103	153	165	182	212	114.66666666666667
NM_001178344.1	26	50	82	79	124	141	152	178	201	114.77777777777777
NM_001181754.1	20	47	69	82	128	117	182	188	200	114.77777777777777
NM_001184219.1	30	37	68	92	115	135	169	176	214	115.11111111111111
NM_001179467.3	18	58	68	81	97	157	164	173	220	115.11111111111111
NM_001181131.1	16	40	71	115	109	131	157	188	210	115.22222222222223
NM_001182482.1	29	44	64	75	120	151	169	184	201	115.22222222222223
NM_001180975.1	21	50	64	89	117	136	165	193	203	115.33333333333333
NM_001179650.1	21	41	73	95	121	140	153	191	203	115.33333333333333
NM_001183200.1	19	50	76	85	113	131	157	195	213	115.44444444444444
NM_001180294.1	28	38	69	111	120	133	153	189	198	115.44444444444444
NM_001183638.3	21	36	74	76	122	150	164	188	208	115.44444444444444
NM_001179876.3	24	46	72	89	137	142	174	159	198	115.66666666666667
NM_001183129.1	33	44	70	100	111	137	147	188	211	115.66666666666667
NM_001183065.1	26	40	65	100	123	130	164	189	205	115.77777777777777
NM_001181944.1	20	60	70	98	128	129	156	180	201	115.77777777777777
NM_001181453.3	20	47	61	88	127	140	162	192	209	116.22222222222223
NM_001183716.4	30	44	73	80	121	134	154	194	216	116.22222222222223
NM_001179721.1	28	32	79	78	110	145	171	188	215	116.22222222222223
NM_001182824.1	20	44	73	98	103	145	164	191	209	116.33333333333333
NM_001179800.3	28	44	67	86	119	135	167	190	213	116.55555555555556
NM_001183455.1	28	38	74	99	101	145	149	200	216	116.66666666666667
NM_001181233.3	20	56	89	77	116	151	154	177	211	116.77777777777777
NM_001180377.3	21	39	79	100	112	128	166	209	199	117.0
NM_001179019.3	24	46	57	94	119	162	153	193	205	117.0
NM_001182003.1	14	47	73	104	117	131	164	195	208	117.0
NM_001182529.1	29	44	67	101	119	132	167	182	212	117.0
NM_001183969.1	24	52	65	78	116	136	172	201	210	117.11111111111111
NM_001179164.1	21	48	79	92	114	133	160	197	211	117.22222222222223
NM_001184153.1	27	52	70	103	112	137	174	172	208	117.22222222222223
NM_001181528.1	21	34	67	115	107	151	171	187	204	117.44444444444444
NM_001182960.1	21	51	80	86	100	141	172	190	216	117.44444444444444
NM_001181142.1	23	61	63	83	130	128	159	190	221	117.55555555555556
NM_001181771.1	20	47	70	94	144	148	150	197	189	117.66666666666667
NM_001182619.1	18	40	76	93	122	132	160	190	229	117.77777777777777
NM_001183764.3	17	45	69	115	120	123	180	193	198	117.77777777777777
NM_001183975.1	32	39	74	91	115	136	177	185	211	117.77777777777777
NM_001178540.1	29	48	59	94	115	141	157	193	224	117.77777777777777
NM_001180666.1	25	42	72	84	115	146	193	176	207	117.77777777777777
NM_001180329.3	21	52	74	92	128	142	166	189	198	118.0
NM_001182411.1	28	50	70	108	109	130	177	185	207	118.22222222222223
NM_001181306.1	21	41	75	88	115	150	163	206	205	118.22222222222223
NM_001180537.3	25	57	58	105	110	138	157	197	217	118.22222222222223
NM_001183060.1	15	44	85	102	118	126	163	201	210	118.22222222222223
NM_001180731.3	26	45	70	86	131	144	164	187	211	118.22222222222223
NM_001180061.3	25	50	74	96	103	136	168	172	240	118.22222222222223
NM_001182456.1	26	54	71	94	118	157	167	168	211	118.44444444444444
NM_001181878.1	27	41	75	77	130	130	185	196	205	118.44444444444444
NM_001179188.1	19	50	67	100	121	130	173	194	212	118.44444444444444
NM_001179022.3	23	50	66	90	128	141	161	200	208	118.55555555555556
NM_001180172.1	24	44	81	104	119	146	163	183	203	118.55555555555556
NM_001180004.3	23	39	62	95	123	150	176	189	210	118.55555555555556
NM_001178523.1	25	50	74	87	113	132	166	193	230	118.88888888888889
NM_001183111.1	26	49	68	83	119	139	169	194	224	119.0
NM_001181139.1	22	49	80	88	108	159	183	186	197	119.11111111111111
NM_001178376.1	27	45	75	106	121	141	165	193	199	119.11111111111111
NM_001178248.2	26	45	73	104	135	135	157	206	192	119.22222222222223
NM_001180060.3	26	46	67	103	114	134	172	196	215	119.22222222222223
NM_001181025.1	27	41	71	97	117	153	167	199	202	119.33333333333333
NM_001182765.1	27	52	68	97	118	133	179	198	202	119.33333333333333
NM_001179105.1	21	56	63	105	110	147	175	197	200	119.33333333333333
NM_001183559.4	19	52	68	94	142	133	148	201	218	119.44444444444444
NM_001180687.1	21	60	64	101	109	149	181	193	198	119.55555555555556
NM_001180006.3	22	51	74	94	134	139	171	172	220	119.66666666666667
NM_001182441.1	26	48	69	103	112	139	179	194	207	119.66666666666667
NM_001184329.1	26	48	56	105	112	159	164	195	213	119.77777777777777
NM_001179700.2	21	49	75	102	123	141	161	189	218	119.88888888888889
NM_001180094.1	19	52	74	88	119	142	163	213	211	120.11111111111111
NM_001178781.1	22	47	64	94	113	151	171	206	213	120.11111111111111
NM_001180454.3	19	49	68	107	119	120	175	204	220	120.11111111111111
NM_001180774.1	17	43	70	97	110	153	172	201	218	120.11111111111111
NM_001183103.1	20	46	72	96	110	151	168	192	227	120.22222222222223
NM_001180315.3	22	48	64	88	130	136	174	210	210	120.22222222222223
NM_001179039.1	26	44	74	118	108	148	166	180	218	120.22222222222223
NM_001184647.4	17	42	86	100	117	135	162	203	220	120.22222222222223
NM_001180007.1	29	44	67	110	107	141	173	200	212	120.33333333333333
NM_001183402.1	23	44	74	114	108	154	170	191	205	120.33333333333333
NM_001181285.1	25	52	74	111	108	154	175	196	190	120.55555555555556
NM_001178184.1	27	36	79	94	120	152	167	189	221	120.55555555555556
NM_001182423.1	21	50	72	100	120	147	152	205	219	120.66666666666667
NM_001178178.1	21	50	72	111	112	146	161	195	220	120.88888888888889
NM_001181908.1	31	55	84	92	120	154	149	180	224	121.0
NM_001182419.1	24	49	70	102	112	145	173	198	217	121.11111111111111
NM_001183489.1	27	46	88	101	119	141	153	195	223	121.44444444444444
NM_001178911.3	20	64	65	108	125	134	175	183	219	121.44444444444444
NM_001181888.1	22	56	58	83	125	146	202	175	226	121.44444444444444
NM_001180778.2	25	67	74	94	123	147	156	188	219	121.44444444444444
NM_001180836.3	27	39	59	101	123	145	187	186	226	121.44444444444444
NM_001182660.1	22	46	64	94	127	130	185	202	223	121.44444444444444
NM_001179517.1	20	38	81	87	123	146	176	198	225	121.55555555555556
NM_001180102.1	24	37	83	95	117	145	168	205	220	121.55555555555556
NM_001180670.1	25	58	78	103	105	138	169	205	213	121.55555555555556
NM_001181582.1	25	53	71	110	117	142	162	209	205	121.55555555555556
NM_001179990.1	20	57	75	95	119	129	178	187	234	121.55555555555556
NM_001179354.3	23	55	64	104	117	150	177	199	208	121.88888888888889
NM_001181660.1	35	43	85	86	122	153	165	207	201	121.88888888888889
NM_001183650.1	27	45	70	104	125	157	158	184	227	121.88888888888889
NM_001179941.1	27	45	88	100	102	138	191	191	215	121.88888888888889
NM_001181084.1	22	44	63	108	122	155	163	210	210	121.88888888888889
NM_001183513.1	27	56	75	90	106	146	177	200	222	122.11111111111111
NM_001179215.1	35	33	70	107	115	141	166	193	240	122.22222222222223
NM_001182327.1	30	48	79	99	115	147	176	184	222	122.22222222222223
NM_001180732.1	29	37	79	103	120	153	164	193	222	122.22222222222223
NM_001182774.1	24	44	64	106	135	149	160	188	231	122.33333333333333
NM_001180087.2	24	55	65	87	113	163	163	203	229	122.44444444444444
NM_001182702.1	30	40	87	94	119	146	177	191	218	122.44444444444444
NM_001180713.3	31	45	64	95	108	159	165	214	222	122.55555555555556
NM_001182390.1	32	50	64	93	121	150	183	190	220	122.55555555555556
NM_001179103.1	30	44	74	83	135	153	170	179	235	122.55555555555556
NM_001183766.1	26	47	85	94	127	140	169	204	212	122.66666666666667
NM_001180890.1	21	44	78	90	143	151	171	189	217	122.66666666666667
NM_001180802.3	34	41	69	104	132	138	169	195	224	122.88888888888889
NM_001179736.1	22	52	96	92	102	144	177	199	222	122.88888888888889
NM_001178480.1	33	46	84	97	122	137	177	205	205	122.88888888888889
NM_001180684.3	23	51	69	90	143	138	168	195	230	123.0
NM_001183578.3	16	56	89	97	108	141	196	174	231	123.11111111111111
NM_001180724.1	28	42	75	99	114	153	158	206	233	123.11111111111111
NM_001179400.3	23	45	70	100	142	150	168	193	219	123.33333333333333
NM_001179523.1	18	44	67	92	113	162	180	199	236	123.44444444444444
NM_001182967.1	25	55	88	85	118	136	199	196	210	123.55555555555556
NM_001178844.1	29	47	90	110	114	128	180	204	210	123.55555555555556
NM_001183321.1	28	45	73	100	109	149	168	212	229	123.66666666666667
NM_001183343.1	21	54	78	115	116	150	157	203	219	123.66666666666667
NM_001180504.3	18	55	87	104	120	132	158	214	225	123.66666666666667
NM_001183332.1	33	37	70	90	112	144	182	212	234	123.77777777777777
NM_001182746.1	18	49	80	107	104	154	171	203	228	123.77777777777777
NM_001182091.1	28	55	69	90	119	160	154	200	239	123.77777777777777
NM_001178451.1	30	47	73	101	134	151	157	192	229	123.77777777777777
NM_001182675.1	24	48	69	103	128	137	171	224	210	123.77777777777777
NM_001181792.3	34	46	72	101	127	144	180	200	211	123.88888888888889
NM_001178410.1	22	60	71	105	118	140	197	192	211	124.0
NM_001180521.1	25	65	76	101	129	160	178	183	200	124.11111111111111
NM_001181911.2	17	50	64	107	127	137	178	203	237	124.44444444444444
NM_001178326.1	24	44	90	89	116	154	173	190	240	124.44444444444444
NM_001183914.1	22	50	77	108	113	159	183	199	211	124.66666666666667
NM_001184017.1	18	51	84	103	129	147	175	201	215	124.77777777777777
NM_001178286.1	18	45	67	116	130	150	194	183	220	124.77777777777777
NM_001180421.3	19	59	75	103	132	145	165	205	221	124.88888888888889
NM_001183669.1	22	53	76	96	130	157	162	198	230	124.88888888888889
NM_001183214.3	22	55	87	105	125	139	185	186	221	125.0
NM_001182284.3	30	52	63	115	120	145	182	200	218	125.0
NM_001182004.1	27	53	76	94	144	153	172	199	208	125.11111111111111
NM_001183121.1	30	41	82	94	129	150	163	220	217	125.11111111111111
NM_001182697.1	29	46	87	101	118	156	179	196	215	125.22222222222223
NM_001180984.1	19	57	77	99	121	152	163	217	223	125.33333333333333
NM_001182762.1	27	51	78	102	113	127	181	221	229	125.44444444444444
NM_001183154.1	27	56	67	111	119	155	166	204	224	125.44444444444444
NM_001183815.1	14	68	63	113	128	146	173	194	231	125.55555555555556
NM_001181946.1	29	46	63	109	125	176	163	205	215	125.66666666666667
NM_001180512.1	29	55	82	97	124	150	164	204	226	125.66666666666667
NM_001182165.1	30	43	76	102	132	139	179	200	231	125.77777777777777
NM_001180267.1	32	60	77	103	122	149	171	202	217	125.88888888888889
NM_001180136.1	29	46	75	105	131	153	180	206	210	126.11111111111111
NM_001182162.1	31	50	76	103	127	146	189	194	220	126.22222222222223
NM_001183829.1	32	52	63	120	112	158	172	204	223	126.22222222222223
NM_001183495.1	20	53	70	107	121	153	176	203	234	126.33333333333333
NM_001183466.1	27	48	66	99	129	167	178	190	233	126.33333333333333
NM_001179415.3	25	56	90	103	117	146	187	175	238	126.33333333333333
NM_001184261.1	20	53	72	102	116	154	173	214	233	126.33333333333333
NM_001178969.1	20	41	68	104	125	163	170	210	236	126.33333333333333
NM_001184224.1	19	50	72	113	103	150	193	205	234	126.55555555555556
NM_001179545.3	23	50	72	87	126	140	196	209	236	126.55555555555556
NM_001184273.1	26	53	75	106	126	142	171	201	239	126.55555555555556
NM_001180239.1	31	52	74	110	132	157	170	211	204	126.77777777777777
NM_001181907.1	32	51	93	110	123	148	168	185	231	126.77777777777777
NM_001179292.1	20	55	86	100	129	146	174	213	219	126.88888888888889
NM_001184470.3	22	41	94	87	115	167	177	217	222	126.88888888888889
NM_001180768.3	25	50	77	104	147	137	172	223	209	127.11111111111111
NM_001179073.1	24	53	81	103	139	145	174	192	235	127.33333333333333
NM_001179323.1	36	40	85	85	119	161	172	221	228	127.44444444444444
NM_001182847.2	18	53	77	96	122	148	192	200	241	127.44444444444444
NM_001181170.3	25	48	69	109	120	141	177	224	234	127.44444444444444
NM_001180847.1	10	49	86	94	117	141	188	223	239	127.44444444444444
NM_001179924.1	28	55	68	89	137	141	171	216	243	127.55555555555556
NM_001182251.1	22	42	77	97	129	170	168	208	235	127.55555555555556
NM_001181334.3	32	58	76	110	133	152	164	200	225	127.77777777777777
NM_001178966.2	31	51	78	99	119	163	185	198	226	127.77777777777777
NM_001179671.1	33	53	74	107	121	153	182	200	227	127.77777777777777
NM_001182642.1	22	52	75	103	132	145	190	202	230	127.88888888888889
NM_001182615.1	24	52	67	111	136	163	191	198	212	128.22222222222223
NM_001179952.1	26	45	81	111	121	149	185	208	229	128.33333333333334
NM_001183773.3	25	45	80	106	128	155	179	210	227	128.33333333333334
NM_001184016.1	27	43	71	104	132	151	185	204	240	128.55555555555554
NM_001182641.1	22	48	76	120	121	158	179	193	240	128.55555555555554
NM_001181076.1	29	50	73	106	124	158	178	213	228	128.77777777777777
NM_001181445.2	29	36	95	105	131	148	175	197	243	128.77777777777777
NM_001183529.1	17	58	83	93	142	148	166	209	243	128.77777777777777
NM_001178901.3	26	57	83	115	135	131	195	199	219	128.88888888888889
NM_001181955.1	19	52	82	109	122	162	166	217	232	129.0
NM_001183014.2	34	51	86	92	124	169	159	208	238	129.0
NM_001178420.1	34	45	70	91	130	165	182	202	243	129.11111111111111
NM_001178221.1	26	51	92	80	138	158	170	203	244	129.11111111111111
NM_001184636.1	30	52	76	109	128	157	182	194	235	129.22222222222223
NM_001181991.1	26	53	66	110	127	174	191	188	229	129.33333333333334
NM_001179965.1	27	45	69	99	119	186	186	211	222	129.33333333333334
NM_001179705.1	30	56	76	91	137	160	176	215	223	129.33333333333334
NM_001182068.1	22	56	71	101	124	137	197	230	227	129.44444444444446
NM_001184255.1	26	56	71	104	132	139	172	215	250	129.44444444444446
NM_001183728.3	29	59	75	118	116	145	178	227	219	129.55555555555554
NM_001182700.1	22	53	77	102	131	165	176	209	232	129.66666666666666
NM_001183205.3	23	45	85	110	129	158	170	218	229	129.66666666666666
NM_001181463.1	23	59	91	115	127	134	170	204	245	129.77777777777777
NM_001182770.1	14	48	82	108	137	158	185	202	235	129.88888888888889
NM_001178950.1	27	54	74	111	117	146	170	227	243	129.88888888888889
NM_001179519.1	29	48	85	99	143	170	179	195	221	129.88888888888889
NM_001182484.1	27	49	83	88	131	157	196	210	229	130.0
NM_001178524.3	31	58	64	112	129	156	180	207	233	130.0
NM_001179003.3	28	50	78	102	141	159	179	205	229	130.11111111111111
NM_001179867.1	25	41	60	100	126	167	185	224	243	130.11111111111111
NM_001181655.1	29	47	85	98	144	170	180	196	222	130.11111111111111
NM_001183750.1	28	32	84	100	125	159	182	211	251	130.22222222222223
NM_001183888.1	29	54	84	75	128	154	191	212	246	130.33333333333334
NM_001181006.1	25	49	84	106	120	164	182	212	232	130.44444444444446
NM_001183577.1	31	45	75	99	125	163	184	216	239	130.77777777777777
NM_001183390.1	34	46	63	118	127	160	190	207	235	131.11111111111111
NM_001179492.3	26	54	75	105	136	141	187	200	257	131.22222222222223
NM_001182796.1	29	45	77	108	148	154	176	212	235	131.55555555555554
NM_001184453.1	25	52	86	117	125	147	183	214	236	131.66666666666666
NM_001182965.3	30	52	76	98	144	158	174	223	231	131.77777777777777
NM_001178867.1	30	56	89	94	130	155	180	212	240	131.77777777777777
NM_001179051.1	24	51	89	101	122	176	185	203	235	131.77777777777777
NM_001182845.3	26	56	90	105	137	149	186	205	233	131.88888888888889
NM_001178246.1	26	62	76	93	140	146	191	223	230	131.88888888888889
NM_001178452.3	23	45	89	102	113	175	181	218	241	131.88888888888889
NM_001181518.1	22	68	71	108	143	148	183	223	224	132.22222222222223
NM_001184279.1	22	51	77	111	132	159	170	223	245	132.22222222222223
NM_001183454.1	23	63	74	103	145	149	178	205	250	132.22222222222223
NM_001182505.1	23	50	79	113	126	152	170	228	249	132.22222222222223
NM_001180714.1	28	49	80	103	133	162	189	223	224	132.33333333333334
NM_001178258.1	28	55	69	97	135	175	176	208	250	132.55555555555554
NM_001180335.1	29	55	83	107	124	164	185	214	233	132.66666666666666
NM_001183936.1	31	53	87	108	121	150	179	210	255	132.66666666666666
NM_001178527.1	25	53	57	98	146	161	190	226	238	132.66666666666666
NM_001179059.1	26	57	87	101	138	163	182	203	238	132.77777777777777
NM_001183884.1	22	50	81	104	134	154	184	229	237	132.77777777777777
NM_001181796.2	23	43	63	104	124	172	199	211	257	132.88888888888889
NM_001181959.1	19	49	87	97	126	164	181	216	257	132.88888888888889
NM_001178260.1	30	47	92	114	134	146	177	223	235	133.11111111111111
NM_001179433.3	32	62	89	125	129	152	165	215	229	133.11111111111111
NM_001182430.1	28	60	74	110	127	158	201	218	225	133.44444444444446
NM_001180349.1	32	60	86	101	130	173	176	199	245	133.55555555555554
NM_001178770.1	22	50	81	125	116	167	185	221	237	133.77777777777777
NM_001178789.1	31	68	83	107	134	142	172	221	247	133.88888888888889
NM_001183356.1	24	54	77	109	134	174	177	220	237	134.0
NM_001183652.1	25	61	90	107	135	154	182	215	237	134.0
NM_001181137.1	28	57	84	99	129	154	194	224	238	134.11111111111111
NM_001183477.1	30	62	62	119	138	161	173	216	247	134.22222222222223
NM_001179749.1	30	67	82	94	131	149	184	216	255	134.22222222222223
NM_001179942.1	28	68	70	118	127	155	203	216	224	134.33333333333334
NM_001183582.1	37	56	69	100	129	168	172	206	273	134.44444444444446
NM_001178473.1	21	63	74	108	135	139	205	223	243	134.55555555555554
NM_001183272.1	30	43	75	106	144	164	181	229	239	134.55555555555554
NM_001181529.1	20	49	73	119	117	165	186	231	252	134.66666666666666
NM_001179187.1	33	54	90	110	116	162	193	205	250	134.77777777777777
NM_001181910.1	27	54	74	115	131	148	173	235	257	134.88888888888889
NM_001179175.1	20	48	76	116	130	169	182	224	249	134.88888888888889
NM_001179886.1	37	46	79	109	147	163	181	209	245	135.11111111111111
NM_001183148.1	38	53	80	88	140	170	177	236	234	135.11111111111111
NM_001181515.1	29	61	83	128	125	160	174	207	250	135.22222222222223
NM_001183720.3	23	45	85	103	141	166	190	205	259	135.22222222222223
NM_001181290.3	25	56	75	112	130	159	194	224	242	135.22222222222223
NM_001183090.1	27	55	82	110	127	162	199	220	236	135.33333333333334
NM_001178620.3	28	66	75	109	140	148	206	208	239	135.44444444444446
NM_001180235.1	24	50	77	105	133	156	190	223	262	135.55555555555554
NM_001181732.1	28	55	70	104	135	164	205	232	228	135.66666666666666
NM_001180530.1	35	56	92	108	148	170	176	206	230	135.66666666666666
NM_001181627.1	26	47	83	110	112	172	200	211	261	135.77777777777777
NM_001178351.1	20	45	89	123	127	152	194	220	253	135.88888888888889
NM_001181731.1	20	51	79	111	146	170	184	221	241	135.88888888888889
NM_001180570.3	22	61	86	89	140	166	187	223	249	135.88888888888889
NM_001180028.3	26	60	73	109	141	166	200	230	219	136.0
NM_001179635.1	19	61	84	112	143	159	183	215	249	136.11111111111111
NM_001181061.1	28	45	86	106	139	154	200	224	245	136.33333333333334
NM_001183569.1	30	48	82	109	136	168	189	228	238	136.44444444444446
NM_001180597.1	21	59	90	115	146	168	175	206	248	136.44444444444446
NM_001183317.1	30	69	77	96	140	176	197	208	236	136.55555555555554
NM_001179443.1	31	50	89	114	140	148	198	231	229	136.66666666666666
NM_001183379.2	21	54	80	123	136	157	178	221	260	136.66666666666666
NM_001180633.1	23	49	81	91	151	172	194	200	269	136.66666666666666
NM_001180718.1	29	51	101	104	134	184	183	210	235	136.77777777777777
NM_001180215.1	30	55	83	117	136	156	195	232	227	136.77777777777777
NM_001183930.1	23	65	84	99	145	157	195	222	242	136.88888888888889
NM_001183512.1	28	50	79	112	134	177	189	230	233	136.88888888888889
NM_001181366.1	32	58	81	117	139	159	209	213	225	137.0
NM_001183341.1	30	62	80	121	133	156	185	243	223	137.0
NM_001179211.1	28	50	84	107	126	175	197	225	242	137.11111111111111
NM_001181977.1	26	56	81	110	139	179	204	207	232	137.11111111111111
NM_001179024.1	26	54	81	123	132	176	182	212	249	137.22222222222223
NM_001180770.1	34	55	96	107	130	172	197	188	257	137.33333333333334
NM_001178768.1	27	59	74	101	137	173	197	232	236	137.33333333333334
NM_001182147.1	29	61	90	101	129	157	196	215	259	137.44444444444446
NM_001182457.1	30	48	84	119	135	157	210	214	241	137.55555555555554
NM_001182201.1	26	81	66	95	148	181	188	208	246	137.66666666666666
NM_001182475.1	25	65	69	109	135	181	195	228	233	137.77777777777777
NM_001184195.1	22	48	99	110	133	172	186	219	252	137.88888888888889
NM_001180115.1	25	53	75	112	154	163	183	227	252	138.22222222222223
NM_001179998.3	32	59	90	118	145	166	177	222	235	138.22222222222223
NM_001180369.3	33	53	83	117	129	168	204	204	253	138.22222222222223
NM_001184349.1	29	53	65	113	144	179	197	224	241	138.33333333333334
NM_001181132.1	22	57	75	120	148	172	177	231	243	138.33333333333334
NM_001182403.1	27	50	79	107	108	159	195	249	272	138.44444444444446
NM_001179986.1	25	53	79	125	129	160	199	231	245	138.44444444444446
NM_001180793.3	23	56	102	131	128	166	194	197	250	138.55555555555554
NM_001184336.1	27	53	78	114	139	171	199	220	247	138.66666666666666
NM_001181486.1	20	57	75	100	154	189	197	221	236	138.77777777777777
NM_001180536.3	20	61	83	117	128	182	200	218	240	138.77777777777777
NM_001182343.3	17	60	80	102	161	167	210	206	247	138.88888888888889
NM_001178443.1	24	67	71	116	152	161	190	201	269	139.0
NM_001183361.1	26	61	82	111	112	178	191	221	269	139.0
NM_001183574.3	33	62	83	107	141	162	201	218	244	139.0
NM_001178931.3	24	53	75	120	137	174	210	226	234	139.22222222222223
NM_001179706.1	24	52	80	116	146	164	195	228	248	139.22222222222223
NM_001178798.1	32	58	97	111	144	160	174	223	255	139.33333333333334
NM_001180660.1	21	60	86	104	143	168	193	233	246	139.33333333333334
NM_001180960.3	25	56	87	127	157	158	189	222	234	139.44444444444446
NM_001184272.1	31	64	85	111	139	156	196	227	246	139.44444444444446
NM_001181080.1	27	48	79	102	134	176	197	234	258	139.44444444444446
NM_001178804.1	38	57	70	106	134	180	194	222	255	139.55555555555554
NM_001182159.1	33	64	92	110	134	173	192	206	252	139.55555555555554
NM_001178481.1	27	56	82	111	144	161	188	243	245	139.66666666666666
NM_001184225.1	25	57	84	108	135	176	201	215	256	139.66666666666666
NM_001179979.2	29	42	86	133	132	159	189	229	259	139.77777777777777
NM_001182780.1	26	54	80	112	125	172	196	215	278	139.77777777777777
NM_001178935.1	32	60	80	103	145	165	206	204	264	139.88888888888889
NM_001179503.1	30	52	98	106	136	166	199	227	245	139.88888888888889
NM_001182436.1	36	50	72	125	146	150	198	225	257	139.88888888888889
NM_001180424.1	24	65	92	122	139	151	203	214	250	140.0
NM_001181641.1	22	59	83	102	139	185	204	204	263	140.11111111111111
NM_001182033.1	18	54	84	129	143	152	204	227	250	140.11111111111111
NM_001180404.1	29	59	88	100	135	162	205	225	258	140.11111111111111
NM_001179704.1	28	69	92	118	131	175	190	217	242	140.22222222222223
NM_001178385.1	30	51	87	119	144	151	203	225	253	140.33333333333334
NM_001179390.1	34	60	71	102	162	169	202	235	228	140.33333333333334
NM_001180642.1	25	50	92	99	146	161	204	238	250	140.55555555555554
NM_001179877.1	27	59	83	138	142	181	190	221	224	140.55555555555554
NM_001183767.3	32	44	89	120	130	191	207	213	240	140.66666666666666
NM_001178405.1	24	46	89	118	137	172	209	225	246	140.66666666666666
NM_001182674.1	41	63	84	114	144	156	196	220	248	140.66666666666666
NM_001182525.1	24	60	81	110	143	183	195	219	252	140.77777777777777
NM_001183005.1	20	51	75	111	132	182	219	228	249	140.77777777777777
NM_001184486.1	23	59	80	123	145	160	194	207	276	140.77777777777777
NM_001183199.1	24	54	81	137	143	169	190	213	257	140.88888888888889
NM_001183334.1	28	47	74	123	145	165	195	249	242	140.88888888888889
NM_001182730.1	44	46	90	128	127	156	197	235	246	141.0
NM_001181201.1	24	52	78	100	148	163	209	240	256	141.11111111111111
NM_001184122.1	32	59	95	112	132	181	186	227	246	141.11111111111111
NM_001181213.3	42	45	86	104	130	170	211	229	253	141.11111111111111
NM_001184344.1	30	50	89	106	143	173	194	234	252	141.22222222222223
NM_001179733.1	22	58	95	129	132	171	213	206	246	141.33333333333334
NM_001181269.3	31	54	69	125	138	183	186	230	256	141.33333333333334
NM_001183797.3	41	47	81	114	146	171	196	216	261	141.44444444444446
NM_001180945.1	29	64	83	118	135	171	182	241	250	141.44444444444446
NM_001179806.1	31	57	89	119	139	161	192	221	265	141.55555555555554
NM_001181426.1	28	49	87	127	146	162	199	223	253	141.55555555555554
NM_001179240.1	39	49	80	90	138	179	217	237	245	141.55555555555554
NM_001181276.3	28	67	77	111	144	168	212	217	251	141.66666666666666
NM_001180637.3	31	57	105	108	141	181	197	195	260	141.66666666666666
NM_001183706.1	33	48	88	109	132	167	196	230	273	141.77777777777777
NM_001180423.1	27	61	75	115	152	166	185	241	256	142.0
NM_001180174.1	24	54	91	107	144	178	205	237	238	142.0
NM_001181589.1	28	66	94	107	139	147	197	241	259	142.0
NM_001180527.3	24	54	82	119	149	169	190	217	274	142.0
NM_001180160.1	32	57	87	110	140	157	193	251	252	142.11111111111111
NM_001183869.1	33	37	90	107	143	178	206	214	272	142.22222222222223
NM_001183534.3	25	68	86	100	134	177	206	238	251	142.77777777777777
NM_001178330.1	25	50	74	123	150	177	196	216	274	142.77777777777777
NM_001182002.1	31	68	78	116	135	161	217	219	260	142.77777777777777
NM_001182464.1	35	60	90	115	141	185	198	206	258	143.11111111111111
NM_001179295.1	24	51	84	107	151	181	205	221	264	143.11111111111111
NM_001182252.3	32	52	95	115	132	169	184	235	275	143.22222222222223
NM_001181757.1	22	53	91	109	139	178	192	242	264	143.33333333333334
NM_001178771.1	22	77	84	105	137	164	190	241	272	143.55555555555554
NM_001182690.1	34	76	85	113	143	160	209	231	241	143.55555555555554
NM_001179763.1	24	53	89	115	139	185	218	232	241	144.0
NM_001182920.3	27	62	70	114	158	177	199	234	255	144.0
NM_001181059.1	29	49	85	124	150	171	195	223	270	144.0
NM_001180360.3	28	56	85	109	152	180	193	240	253	144.0
NM_001181871.1	28	45	91	112	148	169	201	239	265	144.22222222222223
NM_001184068.1	33	73	81	116	156	169	196	221	254	144.33333333333334
NM_001181671.1	33	53	87	118	136	182	202	213	276	144.44444444444446
NM_001181617.1	29	51	95	101	139	178	207	231	270	144.55555555555554
NM_001180551.3	26	57	78	119	149	164	198	239	272	144.66666666666666
NM_001180620.3	30	62	67	132	142	166	196	230	278	144.77777777777777
NM_001183699.1	15	52	90	124	155	175	212	211	269	144.77777777777777
NM_001181881.1	21	65	72	124	157	167	201	240	257	144.88888888888889
NM_001180064.3	29	55	75	117	143	182	216	236	252	145.0
NM_001180604.3	27	64	84	125	148	187	198	228	245	145.11111111111111
NM_001184010.1	29	52	100	115	133	166	215	228	269	145.22222222222223
NM_001178876.1	22	59	92	116	157	191	184	248	239	145.33333333333334
NM_001178630.1	32	49	67	130	135	190	207	237	262	145.44444444444446
NM_001180951.3	30	63	74	115	139	182	215	215	277	145.55555555555554
NM_001181477.3	23	80	79	115	126	162	199	243	284	145.66666666666666
NM_001181785.3	29	54	98	105	145	163	200	240	278	145.77777777777777
NM_001180469.3	34	64	73	124	170	173	202	208	266	146.0
NM_001183498.1	31	68	76	112	142	184	202	231	269	146.11111111111111
NM_001183216.1	38	56	87	97	164	190	200	219	264	146.11111111111111
NM_001182734.1	37	55	86	116	134	185	200	230	273	146.22222222222223
NM_001179192.1	28	65	90	120	146	170	198	220	279	146.22222222222223
NM_001184689.1	24	64	96	110	128	170	192	262	271	146.33333333333334
NM_001179216.1	32	60	82	116	133	179	228	235	252	146.33333333333334
NM_001178599.3	24	59	84	134	139	187	203	231	257	146.44444444444446
NM_001181088.1	27	55	88	124	139	178	209	232	266	146.44444444444446
NM_001180418.1	25	58	90	109	160	191	203	217	266	146.55555555555554
NM_001181750.1	32	66	92	118	148	173	197	238	256	146.66666666666666
NM_001184244.1	28	64	86	115	134	191	194	238	271	146.77777777777777
NM_001182420.1	30	59	93	131	157	174	201	214	262	146.77777777777777
NM_001182383.1	23	62	85	116	148	195	207	218	268	146.88888888888889
NM_001179844.1	35	57	85	125	149	187	192	239	254	147.0
NM_001178408.1	27	71	97	124	137	196	191	227	254	147.11111111111111
NM_001183285.1	14	56	85	132	145	174	202	225	292	147.22222222222223
NM_001183604.1	29	67	84	127	148	173	197	236	264	147.22222222222223
NM_001178760.1	38	80	82	113	172	188	214	202	237	147.33333333333334
NM_001179173.1	24	65	65	117	157	181	215	234	268	147.33333333333334
NM_001178483.3	30	57	98	120	131	178	199	239	274	147.33333333333334
NM_001179625.1	42	39	76	132	151	175	211	226	274	147.33333333333334
NM_001178401.1	30	53	98	107	135	192	232	234	246	147.44444444444446
NM_001178590.1	38	56	88	135	133	185	208	224	261	147.55555555555554
NM_001179283.1	22	53	99	127	151	161	202	235	280	147.77777777777777
NM_001180959.1	30	60	100	112	139	165	216	250	259	147.88888888888889
NM_001183901.1	29	69	93	119	140	159	207	244	272	148.0
NM_001178321.1	30	52	90	107	154	181	214	230	276	148.22222222222223
NM_001180514.3	29	55	82	133	139	165	200	245	287	148.33333333333334
NM_001178858.3	33	68	84	133	142	180	222	225	249	148.44444444444446
NM_001183550.1	19	60	88	127	152	163	218	239	271	148.55555555555554
NM_001182995.1	31	61	82	120	129	206	210	245	253	148.55555555555554
NM_001181375.1	32	64	86	115	143	169	210	237	283	148.77777777777777
NM_001181412.3	30	62	77	113	141	179	221	246	270	148.77777777777777
NM_001183116.1	20	63	81	112	150	182	204	250	278	148.88888888888889
NM_001179176.1	29	60	94	120	167	182	191	224	274	149.0
NM_001183641.1	38	56	81	128	144	193	212	222	269	149.22222222222223
NM_001182470.1	27	71	89	115	153	187	201	235	265	149.22222222222223
NM_001180262.1	37	65	95	113	152	184	221	238	242	149.66666666666666
NM_001182823.1	35	78	88	128	145	165	216	233	260	149.77777777777777
NM_001179645.1	31	60	96	143	141	178	195	245	259	149.77777777777777
NM_001178568.3	27	61	77	138	155	171	223	233	264	149.88888888888889
NM_001181381.1	37	62	84	102	157	180	208	250	270	150.0
NM_001180065.3	29	51	95	109	149	177	229	260	251	150.0
NM_001179462.3	24	59	88	126	165	177	216	231	266	150.22222222222223
NM_001178322.1	33	65	82	116	137	185	219	241	276	150.44444444444446
NM_001178158.2	29	73	75	118	146	196	204	234	279	150.44444444444446
NM_001178403.1	24	74	94	123	154	165	205	237	278	150.44444444444446
NM_001182613.1	26	54	95	131	158	171	200	233	287	150.55555555555554
NM_001184534.1	26	55	96	135	147	176	205	241	274	150.55555555555554
NM_001179438.1	24	66	102	111	160	173	205	248	266	150.55555555555554
NM_001182364.1	22	68	90	108	156	197	211	238	266	150.66666666666666
NM_001179658.1	26	60	98	116	133	190	222	239	274	150.88888888888889
NM_001179047.1	36	48	89	126	139	185	200	250	286	151.0
NM_001180376.3	30	60	79	125	163	188	205	234	275	151.0
NM_001182324.1	26	72	109	115	140	197	207	224	270	151.11111111111111
NM_001182910.1	37	54	94	127	161	168	231	221	267	151.11111111111111
NM_001180524.3	32	52	80	99	158	192	220	251	277	151.22222222222223
NM_001180513.3	28	54	96	142	144	187	189	252	269	151.22222222222223
NM_001178583.3	28	58	90	140	151	187	203	250	256	151.44444444444446
NM_001180798.3	32	58	85	146	134	200	210	234	264	151.44444444444446
NM_001181141.1	27	68	76	137	146	186	209	251	265	151.66666666666666
NM_001182325.3	23	69	89	128	150	176	194	250	289	152.0
NM_001178352.2	33	43	75	139	152	185	209	240	292	152.0
NM_001181663.1	39	65	99	104	142	164	223	256	278	152.22222222222223
NM_001184202.1	24	61	96	105	161	174	212	259	280	152.44444444444446
NM_001179057.3	28	54	92	121	153	185	224	256	261	152.66666666666666
NM_001180365.3	39	60	99	117	151	208	203	226	275	153.11111111111111
NM_001180466.3	36	65	98	117	167	179	205	252	259	153.11111111111111
NM_001183646.1	40	65	82	127	169	183	208	248	258	153.33333333333334
NM_001181995.1	34	61	94	112	166	187	228	248	252	153.55555555555554
NM_001180915.3	23	68	100	116	143	162	244	241	290	154.11111111111111
NM_001178255.1	35	58	85	128	143	184	227	240	287	154.11111111111111
NM_001179530.1	26	57	101	121	167	184	220	246	266	154.22222222222223
NM_001178575.1	29	65	92	146	148	180	232	239	259	154.44444444444446
NM_001184022.1	35	59	91	122	147	189	195	269	283	154.44444444444446
NM_001183546.1	27	61	97	122	149	195	232	234	273	154.44444444444446
NM_001182793.1	38	53	88	124	143	203	213	257	272	154.55555555555554
NM_001182330.3	37	78	96	109	158	188	222	246	258	154.66666666666666
NM_001179049.3	35	70	97	115	154	189	214	244	274	154.66666666666666
NM_001179497.3	24	54	88	133	157	185	213	254	285	154.77777777777777
NM_001182310.1	42	55	90	138	156	187	191	241	293	154.77777777777777
NM_001180994.2	31	57	92	129	158	184	218	246	279	154.88888888888889
NM_001181574.1	32	52	98	121	186	167	209	249	281	155.0
NM_001181346.3	29	71	86	118	149	178	213	261	291	155.11111111111111
NM_001179611.1	45	59	93	126	142	197	222	242	272	155.33333333333334
NM_001182018.1	22	62	85	126	156	176	231	262	279	155.44444444444446
NM_001181527.1	29	64	82	120	158	178	229	260	279	155.44444444444446
NM_001184455.1	25	58	95	144	140	191	218	250	278	155.44444444444446
NM_001179584.3	30	58	105	116	157	158	237	267	273	155.66666666666666
NM_001182471.1	23	67	92	140	139	201	218	243	278	155.66666666666666
NM_001183395.2	32	70	84	121	163	177	236	266	253	155.77777777777777
NM_001182635.1	34	63	96	118	161	189	235	247	260	155.88888888888889
NM_001181344.3	40	55	101	117	160	168	224	261	279	156.11111111111111
NM_001181487.3	30	75	90	125	161	190	202	237	296	156.22222222222223
NM_001184268.1	37	66	88	126	163	202	202	245	277	156.22222222222223
NM_001182631.1	32	59	96	136	144	188	207	264	281	156.33333333333334
NM_001181800.3	33	61	98	128	164	187	205	255	277	156.44444444444446
NM_001184304.1	30	59	90	131	148	172	250	254	274	156.44444444444446
NM_001178920.3	32	69	81	124	146	181	219	273	284	156.55555555555554
NM_001181074.1	28	61	84	122	156	202	215	266	277	156.77777777777777
NM_001178564.3	29	59	92	139	155	194	206	256	281	156.77777777777777
NM_001184396.2	25	61	96	145	156	184	215	242	287	156.77777777777777
NM_001181842.1	23	54	83	114	180	182	238	249	290	157.0
NM_001181738.1	37	56	104	122	164	192	219	246	273	157.0
NM_001181384.1	32	59	80	135	157	202	207	257	285	157.11111111111111
NM_001178619.3	39	75	88	130	164	169	215	269	267	157.33333333333334
NM_001179359.1	25	60	91	124	184	189	215	252	276	157.33333333333334
NM_001178983.3	25	57	96	142	161	195	214	243	284	157.44444444444446
NM_001182588.1	34	66	90	132	166	173	238	259	261	157.66666666666666
NM_001183110.1	40	68	84	130	163	179	214	255	286	157.66666666666666
NM_001178338.1	30	51	96	130	167	196	223	249	281	158.11111111111111
NM_001179213.1	29	62	87	116	175	201	210	264	280	158.22222222222223
NM_001179617.1	27	73	83	119	161	207	214	258	283	158.33333333333334
NM_001180113.1	28	65	85	139	150	175	235	250	301	158.66666666666666
NM_001178602.1	23	60	88	128	161	190	234	251	295	158.88888888888889
NM_001181362.3	28	73	93	133	155	198	227	233	291	159.0
NM_001183557.1	34	65	95	123	163	181	229	253	288	159.0
NM_001178671.1	28	60	95	142	165	187	220	242	293	159.11111111111111
NM_001181438.1	37	49	98	128	144	190	221	279	287	159.22222222222223
NM_001181662.3	29	65	88	120	146	204	227	255	300	159.33333333333334
NM_001182725.1	33	68	95	124	174	209	199	242	290	159.33333333333334
NM_001178881.2	38	67	107	113	182	186	230	257	255	159.44444444444446
NM_001180547.1	33	46	97	144	157	191	221	266	280	159.44444444444446
NM_001179560.1	33	67	103	124	157	186	229	251	285	159.44444444444446
NM_001181470.1	33	78	95	116	175	176	226	258	279	159.55555555555554
NM_001182396.1	35	48	97	128	154	186	248	253	289	159.77777777777777
NM_001181270.1	35	71	80	127	144	191	237	264	290	159.88888888888889
NM_001183425.1	34	67	96	141	147	189	225	245	295	159.88888888888889
NM_001182889.3	30	61	101	142	168	180	209	265	284	160.0
NM_001179850.1	45	74	98	122	179	168	231	249	276	160.22222222222223
NM_001179330.3	31	78	101	116	174	182	231	252	279	160.44444444444446
NM_001183681.1	33	63	107	119	162	213	229	244	275	160.55555555555554
NM_001181506.3	31	63	77	142	152	192	222	264	302	160.55555555555554
NM_001183044.1	29	66	81	124	174	178	240	257	297	160.66666666666666
NM_001181218.1	41	58	95	134	167	174	229	250	299	160.77777777777777
NM_001180492.1	33	70	101	138	172	164	221	267	282	160.88888888888889
NM_001180445.1	34	71	100	132	163	209	221	247	273	161.11111111111111
NM_001182666.1	36	60	95	129	168	178	240	256	289	161.22222222222223
NM_001181798.1	34	68	97	133	179	172	218	270	282	161.44444444444446
NM_001182998.1	33	64	101	135	158	189	240	250	284	161.55555555555554
NM_001179869.1	39	67	92	135	175	186	212	245	303	161.55555555555554
NM_001179588.1	22	64	99	133	145	198	244	252	298	161.66666666666666
NM_001181229.1	22	65	98	115	171	165	232	285	303	161.77777777777777
NM_001182088.1	33	63	99	127	151	201	243	266	274	161.88888888888889
NM_001182262.1	36	48	102	149	180	203	207	237	296	162.0
NM_001181920.1	30	50	111	116	180	202	215	252	302	162.0
NM_001184236.1	29	63	95	131	165	200	228	266	281	162.0
NM_001179013.1	39	65	85	115	172	208	234	251	293	162.44444444444446
NM_001180415.1	25	73	87	128	166	208	230	255	292	162.66666666666666
NM_001181517.1	28	79	88	150	181	191	232	244	271	162.66666666666666
NM_001183924.1	42	69	83	151	178	186	212	250	294	162.77777777777777
NM_001180429.3	26	62	105	119	149	198	250	271	286	162.88888888888889
NM_001180476.1	29	54	95	141	170	180	235	256	307	163.0
NM_001178960.1	35	67	79	134	165	207	217	266	298	163.11111111111111
NM_001178743.1	31	64	110	109	167	204	220	258	305	163.11111111111111
NM_001178390.1	30	72	102	119	174	182	228	278	284	163.22222222222223
NM_001182450.1	39	50	96	141	175	180	243	244	301	163.22222222222223
NM_001180292.1	39	79	95	135	149	186	241	271	275	163.33333333333334
NM_001180575.3	45	55	101	134	188	165	234	266	285	163.66666666666666
NM_001180014.3	32	50	97	136	161	201	236	263	298	163.77777777777777
NM_001180766.1	38	66	102	133	172	195	204	258	306	163.77777777777777
NM_001180708.3	24	56	112	137	164	193	227	261	301	163.88888888888889
NM_001179569.3	34	70	89	144	165	202	228	258	286	164.0
NM_001183211.3	33	69	95	133	151	182	235	279	300	164.11111111111111
NM_001179920.1	27	65	119	126	161	205	245	258	275	164.55555555555554
NM_001183084.1	32	68	100	126	147	189	222	283	314	164.55555555555554
NM_001184105.1	46	63	115	132	159	191	218	265	292	164.55555555555554
NM_001181856.1	24	58	94	144	173	212	225	258	294	164.66666666666666
NM_001180535.1	31	76	106	129	151	191	225	275	302	165.11111111111111
NM_001180545.3	27	71	85	136	176	198	232	274	288	165.22222222222223
NM_001178307.2	43	66	96	114	171	208	213	268	309	165.33333333333334
NM_001179949.1	36	69	93	123	163	186	219	265	334	165.33333333333334
NM_001180515.1	33	71	96	135	178	209	223	247	297	165.44444444444446
NM_001179970.1	35	60	90	129	168	200	234	265	308	165.44444444444446
NM_001182706.1	31	63	99	136	178	196	225	262	299	165.44444444444446
NM_001182208.1	40	63	85	134	166	201	223	257	321	165.55555555555554
NM_001183532.3	42	70	91	131	166	188	232	272	299	165.66666666666666
NM_001178195.2	31	63	100	135	154	202	248	262	297	165.77777777777777
NM_001181294.1	29	66	102	141	167	208	234	246	300	165.88888888888889
NM_001180820.3	24	89	111	137	171	193	213	271	284	165.88888888888889
NM_001182376.1	30	73	123	124	161	204	215	267	297	166.0
NM_001181158.3	30	65	96	148	187	199	233	260	277	166.11111111111111
NM_001182439.1	39	72	108	125	161	201	229	257	304	166.22222222222223
NM_001182413.1	33	72	98	126	174	204	246	278	269	166.66666666666666
NM_001183675.2	27	62	102	144	180	214	219	256	296	166.66666666666666
NM_001180165.1	27	65	95	139	170	194	229	287	295	166.77777777777777
NM_001183779.3	37	62	114	144	160	195	233	271	286	166.88888888888889
NM_001181939.1	27	80	108	116	175	203	225	280	289	167.0
NM_001183391.1	26	82	87	139	138	202	241	273	315	167.0
NM_001179600.1	24	73	106	143	170	175	230	272	310	167.0
NM_001178704.1	33	64	106	139	178	194	230	254	306	167.11111111111111
NM_001178148.1	38	87	97	138	175	179	252	263	277	167.33333333333334
NM_001182939.1	38	64	86	127	154	209	229	276	324	167.44444444444446
NM_001183078.1	33	72	100	121	161	200	236	272	313	167.55555555555554
NM_001183232.3	28	65	105	139	163	207	230	267	306	167.77777777777777
NM_001178608.1	23	64	110	133	176	212	230	259	304	167.88888888888889
NM_001179607.1	23	64	95	118	159	223	250	255	324	167.88888888888889
NM_001178256.1	34	63	110	141	149	213	240	271	292	168.11111111111111
NM_001179703.1	29	68	104	126	171	204	264	258	292	168.44444444444446
NM_001180645.3	32	61	98	128	171	218	252	258	298	168.44444444444446
NM_001179280.1	26	80	89	144	159	190	236	289	304	168.55555555555554
NM_001183827.1	29	63	112	141	172	184	240	278	298	168.55555555555554
NM_001179558.3	31	67	87	135	164	211	233	281	308	168.55555555555554
NM_001180858.1	29	61	104	144	197	189	233	276	284	168.55555555555554
NM_001181246.3	45	47	110	128	166	220	226	280	295	168.55555555555554
NM_001183442.1	27	66	106	138	171	203	244	264	299	168.66666666666666
NM_001182919.3	37	79	99	116	173	199	232	286	298	168.77777777777777
NM_001182669.1	37	65	111	142	181	203	241	254	285	168.77777777777777
NM_001180841.1	30	68	101	134	168	206	227	278	309	169.0
NM_001184683.1	33	75	107	130	178	209	237	270	283	169.11111111111111
NM_001181667.1	26	61	93	133	161	219	242	269	319	169.22222222222223
NM_001181496.1	28	75	98	117	199	187	219	289	312	169.33333333333334
NM_001180003.1	38	72	98	126	173	198	227	268	324	169.33333333333334
NM_001181222.3	29	82	93	156	157	204	237	257	310	169.44444444444446
NM_001180503.3	29	68	102	144	169	192	251	266	304	169.44444444444446
NM_001182506.1	40	60	99	126	159	198	249	286	308	169.44444444444446
NM_001180471.1	23	83	111	130	167	208	237	245	322	169.55555555555554
NM_001179452.3	39	57	116	120	154	201	259	288	292	169.55555555555554
NM_001181829.1	36	65	120	146	176	194	203	280	307	169.66666666666666
NM_001179042.3	41	71	97	145	156	218	223	267	310	169.77777777777777
NM_001180357.1	22	70	117	140	164	201	247	253	314	169.77777777777777
NM_001178563.3	41	59	87	139	181	201	244	268	309	169.88888888888889
NM_001181926.1	28	74	105	124	170	212	261	273	284	170.11111111111111
NM_001182106.1	39	72	113	122	180	202	233	273	298	170.22222222222223
NM_001181634.1	44	65	107	139	162	206	236	264	309	170.22222222222223
NM_001180478.1	43	80	103	141	155	221	230	264	296	170.33333333333334
NM_001183762.1	35	61	104	136	170	217	260	261	289	170.33333333333334
NM_001179495.1	32	78	88	135	161	225	245	279	291	170.44444444444446
NM_001181272.3	41	69	103	134	182	218	225	256	306	170.44444444444446
NM_001181176.3	46	66	89	145	179	189	230	273	318	170.55555555555554
NM_001180730.3	40	65	97	113	150	208	262	288	312	170.55555555555554
NM_001179257.1	30	61	102	120	185	207	248	292	291	170.66666666666666
NM_001179318.3	30	67	100	140	173	210	232	273	311	170.66666666666666
NM_001183188.1	31	65	100	140	177	226	242	260	296	170.77777777777777
NM_001183097.1	30	68	101	118	168	211	263	274	305	170.88888888888889
NM_001180871.1	33	62	120	141	186	209	234	247	310	171.33333333333334
NM_001182937.3	47	62	102	140	158	215	235	274	310	171.44444444444446
NM_001180966.1	34	59	94	146	185	212	245	258	312	171.66666666666666
NM_001179918.1	31	87	104	135	169	186	233	282	318	171.66666666666666
NM_001180655.3	32	68	92	136	180	200	248	282	309	171.88888888888889
NM_001180948.1	36	65	93	158	166	226	241	266	297	172.0
NM_001184197.1	34	81	99	134	166	219	230	278	308	172.11111111111111
NM_001182698.1	28	72	85	127	150	222	255	287	324	172.22222222222223
NM_001180697.1	25	60	94	139	181	219	247	263	324	172.44444444444446
NM_001178923.3	27	74	99	133	176	209	236	276	323	172.55555555555554
NM_001181226.1	35	69	113	138	168	192	259	274	305	172.55555555555554
NM_001178616.3	33	74	99	126	193	231	237	269	292	172.66666666666666
NM_001179879.1	34	60	105	141	169	225	255	263	303	172.77777777777777
NM_001184064.1	29	69	101	138	185	204	248	263	318	172.77777777777777
NM_001178494.1	39	68	96	115	158	212	268	285	316	173.0
NM_001182928.3	31	78	111	139	185	204	246	284	279	173.0
NM_001178902.1	28	67	109	154	183	198	231	277	311	173.11111111111111
NM_001178678.1	42	67	94	139	169	209	233	274	331	173.11111111111111
NM_001178623.4	25	74	128	138	178	194	240	282	299	173.11111111111111
NM_001182756.1	22	81	87	148	182	216	251	288	284	173.22222222222223
NM_001178617.1	26	59	115	146	183	212	248	250	322	173.44444444444446
NM_001182258.1	32	65	110	139	179	209	231	273	324	173.55555555555554
NM_001181637.1	35	75	106	137	175	203	234	270	328	173.66666666666666
NM_001181683.1	29	72	117	157	176	192	248	255	317	173.66666666666666
NM_001180723.1	34	64	99	146	174	208	231	272	335	173.66666666666666
NM_001179933.1	34	78	86	132	178	213	252	290	301	173.77777777777777
NM_001180931.1	36	81	112	144	168	198	243	274	308	173.77777777777777
NM_001180823.3	34	78	100	125	162	204	244	278	340	173.88888888888889
NM_001182854.1	34	78	93	132	198	202	236	281	311	173.88888888888889
NM_001184441.1	38	58	93	148	186	201	264	261	317	174.0
NM_001181370.3	35	79	90	136	182	210	228	276	330	174.0
NM_001183485.1	32	69	103	144	173	205	240	271	329	174.0
NM_001178273.1	43	62	117	134	177	207	242	276	309	174.11111111111111
NM_001182916.3	35	75	110	142	163	215	229	278	322	174.33333333333334
NM_001178689.1	37	69	91	126	184	217	276	259	311	174.44444444444446
NM_001184317.1	36	68	99	135	188	204	237	301	303	174.55555555555554
NM_001180972.1	29	65	111	129	182	223	247	281	304	174.55555555555554
NM_001181210.3	37	58	104	145	195	202	240	267	324	174.66666666666666
NM_001183707.3	32	63	113	148	167	213	235	281	320	174.66666666666666
NM_001182906.3	41	65	107	135	187	200	252	252	334	174.77777777777777
NM_001183192.1	37	68	110	143	171	216	259	265	304	174.77777777777777
NM_001180979.1	31	72	117	157	178	179	243	275	323	175.0
NM_001179710.1	51	72	101	154	192	203	230	282	292	175.22222222222223
NM_001183484.1	30	67	109	144	184	207	255	263	319	175.33333333333334
NM_001184084.1	31	69	105	143	180	217	242	278	313	175.33333333333334
NM_001184228.1	38	66	109	132	175	214	264	252	329	175.44444444444446
NM_001182810.1	38	73	103	142	163	223	241	283	318	176.0
NM_001178278.1	41	73	108	132	181	235	235	279	301	176.11111111111111
NM_001181707.1	27	80	110	132	164	213	277	263	319	176.11111111111111
NM_001181905.1	33	84	92	138	179	216	260	274	309	176.11111111111111
NM_001178153.1	39	69	114	145	175	217	230	286	310	176.11111111111111
NM_001180958.1	35	64	107	130	191	237	245	295	281	176.11111111111111
NM_001179821.3	50	58	97	151	171	218	250	268	322	176.11111111111111
NM_001182213.1	42	77	111	164	187	202	228	276	299	176.22222222222223
NM_001180705.1	39	71	91	146	164	221	250	278	327	176.33333333333334
NM_001180925.1	30	61	100	147	159	215	235	303	337	176.33333333333334
NM_001179714.1	34	70	107	149	187	202	240	283	315	176.33333333333334
NM_001179593.1	34	68	101	147	177	223	224	295	319	176.44444444444446
NM_001183218.3	34	75	123	133	161	217	245	263	337	176.44444444444446
NM_001179995.3	42	68	101	141	167	218	246	286	319	176.44444444444446
NM_001182342.1	34	56	106	123	177	208	245	309	331	176.55555555555554
NM_001180342.3	45	71	102	136	172	205	247	283	328	176.55555555555554
NM_001184277.1	34	74	111	137	185	207	232	282	328	176.66666666666666
NM_001184285.1	32	60	109	127	201	199	253	275	335	176.77777777777777
NM_001181458.3	27	75	107	141	186	211	257	279	309	176.88888888888889
NM_001178562.1	32	79	115	143	195	202	219	280	328	177.0
NM_001183987.1	27	73	100	143	164	222	251	293	321	177.11111111111111
NM_001182938.1	35	80	113	154	183	213	242	246	328	177.11111111111111
NM_001184477.3	36	80	116	149	165	210	239	295	305	177.22222222222223
NM_001183692.1	36	82	97	127	175	213	263	293	310	177.33333333333334
NM_001178586.1	31	62	106	140	175	219	245	299	322	177.66666666666666
NM_001180204.1	35	83	121	126	173	216	254	274	317	177.66666666666666
NM_001182771.1	34	64	90	154	183	218	247	283	328	177.88888888888889
NM_001180894.1	41	51	114	145	186	204	256	297	308	178.0
NM_001179968.1	30	65	111	136	176	228	251	295	313	178.33333333333334
NM_001182568.1	33	74	105	150	192	222	255	268	307	178.44444444444446
NM_001179585.3	36	68	109	146	185	215	260	278	311	178.66666666666666
NM_001183722.3	36	88	112	133	197	217	240	279	307	178.77777777777777
NM_001178638.1	38	64	96	137	172	228	245	297	332	178.77777777777777
NM_001184619.3	39	75	110	134	184	211	251	290	316	178.88888888888889
NM_001184073.1	38	94	81	165	177	188	261	287	319	178.88888888888889
NM_001183280.1	26	71	100	144	183	226	263	273	325	179.0
NM_001183665.3	41	72	102	164	183	228	233	269	320	179.11111111111111
NM_001180277.1	44	71	115	147	183	222	250	276	306	179.33333333333334
NM_001183640.3	43	76	116	150	176	225	246	282	301	179.44444444444446
NM_001182260.1	33	68	123	139	180	233	254	267	319	179.55555555555554
NM_001183021.1	31	63	108	153	168	225	260	282	326	179.55555555555554
NM_001179009.1	29	61	100	148	192	225	263	282	319	179.88888888888889
NM_001180552.1	31	78	102	157	202	208	267	279	295	179.88888888888889
NM_001180483.3	40	72	97	153	177	200	266	260	355	180.0
NM_001183037.1	30	78	105	158	179	198	257	310	306	180.11111111111111
NM_001183347.1	45	73	115	152	165	210	258	275	328	180.11111111111111
NM_001183062.1	35	71	116	157	192	211	253	276	310	180.11111111111111
NM_001183153.1	38	68	85	159	197	219	240	290	326	180.22222222222223
NM_001181892.1	37	61	105	151	198	233	252	269	323	181.0
NM_001182492.1	43	63	112	143	187	219	243	282	337	181.0
NM_001182729.1	33	68	103	141	163	239	288	284	312	181.22222222222223
NM_001181221.3	31	65	101	156	192	203	266	300	317	181.22222222222223
NM_001184041.1	32	71	115	144	189	219	238	301	323	181.33333333333334
NM_001178438.4	32	67	99	144	194	205	258	298	335	181.33333333333334
NM_001184414.1	37	57	105	155	191	217	245	295	332	181.55555555555554
NM_001180630.1	33	69	94	142	193	233	267	287	317	181.66666666666666
NM_001181524.1	38	69	105	151	178	202	259	296	339	181.88888888888889
NM_001178859.1	41	71	110	147	175	215	275	273	331	182.0
NM_001179044.1	40	72	116	141	179	230	242	292	327	182.11111111111111
NM_001181919.1	42	63	114	153	180	222	248	289	329	182.22222222222223
NM_001181391.1	37	70	127	144	181	235	252	275	319	182.22222222222223
NM_001179984.2	27	80	116	145	161	232	256	289	334	182.22222222222223
NM_001181890.1	29	75	89	167	183	204	262	308	325	182.44444444444446
NM_001182130.1	39	65	114	145	182	225	262	288	325	182.77777777777777
NM_001183684.1	28	63	114	144	187	225	273	283	329	182.88888888888889
NM_001178758.1	43	65	101	165	175	222	277	286	313	183.0
NM_001184119.1	47	69	110	167	172	226	238	304	314	183.0
NM_001182785.1	46	62	116	129	190	200	246	314	344	183.0
NM_001179249.1	28	77	104	156	177	224	263	285	334	183.11111111111111
NM_001181847.1	36	66	114	145	187	235	249	295	323	183.33333333333334
NM_001180864.1	29	79	107	138	212	209	261	293	323	183.44444444444446
NM_001182099.1	35	67	124	152	173	225	273	296	307	183.55555555555554
NM_001181292.3	36	65	113	165	171	218	255	316	314	183.66666666666666
NM_001182821.1	41	58	101	156	184	233	252	304	325	183.77777777777777
NM_001183398.1	32	76	101	130	215	214	274	290	324	184.0
NM_001179207.1	45	60	98	153	173	231	280	291	325	184.0
NM_001183127.1	39	80	105	136	182	226	252	295	343	184.22222222222223
NM_001182887.1	44	82	121	148	200	204	236	286	338	184.33333333333334
NM_001180359.3	44	66	135	149	188	227	251	287	312	184.33333333333334
NM_001182385.1	42	86	103	152	182	215	260	290	331	184.55555555555554
NM_001180565.1	37	76	98	162	146	231	265	323	323	184.55555555555554
NM_001178637.4	41	71	109	138	174	248	255	305	321	184.66666666666666
NM_001178425.3	44	62	104	154	178	213	259	293	355	184.66666666666666
NM_001184201.1	42	72	120	143	185	211	250	313	326	184.66666666666666
NM_001179932.2	37	68	100	138	193	225	283	307	315	185.11111111111111
NM_001182187.1	36	61	112	142	190	227	279	301	319	185.22222222222223
NM_001184152.1	34	78	102	147	198	228	244	309	328	185.33333333333334
NM_001179366.1	37	77	110	154	189	226	250	298	327	185.33333333333334
NM_001182440.1	34	91	104	145	194	222	242	285	351	185.33333333333334
NM_001182941.3	46	63	115	132	192	213	268	289	350	185.33333333333334
NM_001182315.3	25	76	108	147	194	219	252	302	346	185.44444444444446
NM_001183265.1	39	91	108	126	180	218	272	299	337	185.55555555555554
NM_001183180.1	38	73	117	138	187	204	256	311	346	185.55555555555554
NM_001183742.3	34	69	94	157	183	229	288	298	319	185.66666666666666
NM_001182483.1	37	63	114	144	207	230	254	290	334	185.88888888888889
NM_001179820.1	34	75	92	160	170	234	267	305	337	186.0
NM_001181161.3	41	78	123	148	168	223	280	297	317	186.11111111111111
NM_001180638.1	36	73	125	130	186	248	266	301	310	186.11111111111111
NM_001179938.1	35	65	108	132	187	217	259	317	355	186.11111111111111
NM_001183444.1	48	82	131	147	188	204	255	286	334	186.11111111111111
NM_001178227.1	55	59	111	145	191	198	278	306	332	186.11111111111111
NM_001183580.3	40	63	100	161	182	210	277	297	347	186.33333333333334
NM_001179644.1	32	62	97	155	196	223	286	282	344	186.33333333333334
NM_001180776.3	36	71	100	140	205	225	277	297	327	186.44444444444446
NM_001178904.3	43	80	106	141	178	233	248	306	345	186.66666666666666
NM_001183096.1	26	77	96	166	172	232	284	295	334	186.88888888888889
NM_001179629.1	41	62	116	154	199	218	256	299	337	186.88888888888889
NM_001179720.1	36	75	114	136	174	221	271	325	331	187.0
NM_001179418.1	47	74	119	132	178	211	251	320	352	187.11111111111111
NM_001183942.1	37	82	116	137	195	217	277	305	320	187.33333333333334
NM_001178333.1	33	71	130	160	193	228	248	290	333	187.33333333333334
NM_001178796.1	36	78	117	146	180	230	274	305	320	187.33333333333334
NM_001182602.1	32	77	120	149	181	231	278	304	316	187.55555555555554
NM_001182328.3	32	82	120	128	180	201	272	311	363	187.66666666666666
NM_001178349.1	20	90	123	138	202	231	245	314	327	187.77777777777777
NM_001184521.1	28	71	114	147	189	243	263	313	323	187.88888888888889
NM_001183315.1	48	78	122	156	190	218	255	290	335	188.0
NM_001179676.1	32	63	113	157	228	208	264	281	346	188.0
NM_001183074.1	40	76	122	133	165	235	281	301	339	188.0
NM_001183270.1	40	89	125	170	170	216	266	321	297	188.22222222222223
NM_001180610.1	38	73	104	138	191	224	244	340	343	188.33333333333334
NM_001182795.1	33	60	114	160	184	232	253	305	354	188.33333333333334
NM_001179759.1	31	79	115	160	183	231	262	280	354	188.33333333333334
NM_001183994.1	45	67	99	168	203	208	267	302	339	188.66666666666666
NM_001181403.2	35	82	113	150	193	224	265	294	345	189.0
NM_001180794.3	43	89	117	137	195	222	260	291	347	189.0
NM_001181691.3	33	80	98	163	187	233	263	303	346	189.55555555555554
NM_001179819.3	28	88	110	168	197	237	254	287	340	189.88888888888889
NM_001183018.1	40	56	110	151	188	232	280	309	343	189.88888888888889
NM_001179640.1	55	69	123	152	185	233	268	298	329	190.22222222222223
NM_001181791.1	36	74	128	137	176	229	263	318	351	190.22222222222223
NM_001182865.1	33	80	96	145	185	230	267	320	359	190.55555555555554
NM_001183007.1	42	74	111	156	202	211	255	316	348	190.55555555555554
NM_001183348.1	33	72	122	154	179	230	279	301	345	190.55555555555554
NM_001180485.1	36	70	125	168	189	237	273	292	332	191.33333333333334
NM_001178594.1	41	74	120	156	184	222	282	307	336	191.33333333333334
NM_001178341.1	35	80	114	146	176	262	273	307	330	191.44444444444446
NM_001181789.3	29	60	122	132	190	232	281	307	370	191.44444444444446
NM_001181861.1	36	82	132	132	193	228	259	298	366	191.77777777777777
NM_001183509.1	45	87	111	155	191	227	267	298	345	191.77777777777777
NM_001183457.1	46	75	124	132	201	222	258	316	353	191.88888888888889
NM_001181349.1	38	68	114	180	203	229	250	312	335	192.11111111111111
NM_001183710.1	36	79	99	166	198	241	251	318	341	192.11111111111111
NM_001181112.1	41	76	120	151	196	250	240	301	354	192.11111111111111
NM_001179306.3	31	78	109	168	207	196	259	327	355	192.22222222222223
NM_001181379.3	38	70	111	163	179	232	270	320	347	192.22222222222223
NM_001182372.1	39	89	110	154	185	241	263	309	343	192.55555555555554
NM_001178471.3	33	70	102	158	201	224	279	299	367	192.55555555555554
NM_001182347.1	38	70	142	163	190	228	273	308	321	192.55555555555554
NM_001182694.1	26	84	108	148	190	243	278	280	380	193.0
NM_001181203.3	42	85	114	163	193	232	287	293	328	193.0
NM_001181162.3	35	66	131	161	186	238	258	306	357	193.11111111111111
NM_001180888.3	38	90	110	144	178	223	274	302	379	193.11111111111111
NM_001182075.1	40	82	100	168	204	211	269	305	361	193.33333333333334
NM_001178485.2	37	84	111	160	198	218	283	286	364	193.44444444444446
NM_001181759.1	33	82	122	141	192	229	291	294	357	193.44444444444446
NM_001179875.1	50	67	118	146	206	236	281	294	343	193.44444444444446
NM_001181043.1	45	60	108	172	187	249	275	291	354	193.44444444444446
NM_001183357.1	41	80	114	149	189	234	278	304	354	193.66666666666666
NM_001182540.1	36	74	118	159	196	235	274	309	344	193.88888888888889
NM_001180397.1	39	73	99	165	204	226	285	298	356	193.88888888888889
NM_001179136.1	38	74	121	172	202	240	276	287	336	194.0
NM_001183774.1	35	76	106	158	191	237	265	306	372	194.0
NM_001182128.1	46	77	115	132	183	238	261	323	377	194.66666666666666
NM_001183610.1	46	70	108	150	201	234	261	320	363	194.77777777777777
NM_001182371.1	50	76	116	153	200	223	290	304	343	195.0
NM_001179338.1	38	82	97	194	171	219	285	314	355	195.0
NM_001181010.2	40	71	130	140	177	239	276	301	381	195.0
NM_001183159.1	25	70	109	148	203	253	278	314	358	195.33333333333334
NM_001182164.1	39	75	124	142	184	232	288	325	349	195.33333333333334
NM_001183251.1	39	63	102	181	180	239	276	309	370	195.44444444444446
NM_001178818.1	37	74	137	145	187	230	278	315	357	195.55555555555554
NM_001180998.1	37	74	133	152	197	217	280	312	359	195.66666666666666
NM_001179613.1	34	64	114	145	201	264	277	309	353	195.66666666666666
NM_001178456.2	40	86	109	158	185	235	279	305	364	195.66666666666666
NM_001180488.3	40	76	128	148	202	225	274	318	350	195.66666666666666
NM_001181543.1	42	69	131	162	204	215	270	321	349	195.88888888888889
NM_001179429.1	50	77	107	141	197	240	267	326	358	195.88888888888889
NM_001183006.1	39	78	115	155	193	224	295	319	346	196.0
NM_001180618.1	29	57	114	165	195	238	271	320	375	196.0
NM_001183335.1	48	76	109	154	194	258	276	317	332	196.0
NM_001178548.3	48	91	111	150	197	241	272	320	334	196.0
NM_001181406.3	46	76	110	162	203	241	265	300	362	196.11111111111111
NM_001178699.1	33	69	112	159	194	252	269	318	359	196.11111111111111
NM_001181281.3	38	89	109	155	201	236	263	333	342	196.22222222222223
NM_001183126.1	34	66	131	171	188	233	279	309	356	196.33333333333334
NM_001180657.1	39	71	125	143	193	239	305	302	351	196.44444444444446
NM_001184295.1	41	74	113	180	188	228	290	308	348	196.66666666666666
NM_001184129.1	34	74	114	155	201	247	270	314	361	196.66666666666666
NM_001182030.1	34	94	94	165	191	241	275	317	360	196.77777777777777
NM_001179931.1	35	77	127	152	190	232	260	319	379	196.77777777777777
NM_001181465.1	43	78	127	153	208	248	240	314	361	196.88888888888889
NM_001182994.3	45	67	135	164	193	237	265	310	358	197.11111111111111
NM_001181331.1	39	75	113	147	203	228	305	327	338	197.22222222222223
NM_001178409.3	41	73	99	165	180	225	288	340	366	197.44444444444446
NM_001183538.3	40	80	108	154	205	211	284	332	364	197.55555555555554
NM_001181312.1	46	86	123	158	197	253	277	315	326	197.88888888888889
NM_001179251.1	35	68	121	152	215	265	258	322	347	198.11111111111111
NM_001178941.3	39	89	126	162	195	239	276	327	331	198.22222222222223
NM_001180947.3	44	75	113	145	208	239	279	321	360	198.22222222222223
NM_001181982.1	38	72	111	149	200	252	281	305	380	198.66666666666666
NM_001180112.1	40	76	131	151	179	226	293	343	349	198.66666666666666
NM_001180675.1	37	75	118	168	220	234	270	305	361	198.66666666666666
NM_001182473.1	38	85	120	156	188	268	268	320	346	198.77777777777777
NM_001180619.3	41	85	119	129	239	219	287	297	375	199.0
NM_001183406.1	39	84	120	168	201	259	264	315	341	199.0
NM_001179732.1	42	78	121	163	198	221	259	350	359	199.0
NM_001178251.1	27	72	135	154	216	224	276	327	361	199.11111111111111
NM_001183793.3	41	81	111	159	207	261	278	301	354	199.22222222222223
NM_001179453.1	37	74	122	159	195	263	279	317	348	199.33333333333334
NM_001180389.1	22	83	112	149	197	256	307	321	348	199.44444444444446
NM_001178871.3	28	67	113	149	197	252	287	337	368	199.77777777777777
NM_001180559.3	45	67	122	155	191	247	280	338	354	199.88888888888889
NM_001179133.1	34	67	106	167	195	236	289	318	388	200.0
NM_001178556.1	41	82	116	167	190	247	303	305	349	200.0
NM_001183792.1	38	69	129	173	194	232	291	317	360	200.33333333333334
NM_001178297.2	33	75	126	157	200	237	300	318	357	200.33333333333334
NM_001181224.1	40	80	124	163	213	221	286	317	361	200.55555555555554
NM_001184222.1	43	80	105	149	203	253	265	335	372	200.55555555555554
NM_001179505.1	47	87	108	156	194	259	282	313	360	200.66666666666666
NM_001181784.1	57	90	128	154	191	254	277	301	355	200.77777777777777
NM_001178910.1	34	81	122	177	202	237	272	326	359	201.11111111111111
NM_001180715.1	44	85	118	165	192	242	270	331	364	201.22222222222223
NM_001183189.1	40	67	115	172	207	239	291	336	345	201.33333333333334
NM_001182862.1	41	69	114	169	205	236	280	335	364	201.44444444444446
NM_001183531.1	29	75	116	162	206	234	292	337	366	201.88888888888889
NM_001179978.1	37	86	123	165	193	235	282	324	373	202.0
NM_001178294.1	36	78	97	160	220	261	272	324	372	202.22222222222223
NM_001183740.3	35	78	138	179	190	262	266	306	368	202.44444444444446
NM_001183206.3	34	84	136	149	206	232	280	341	361	202.55555555555554
NM_001178741.1	41	79	106	171	222	228	286	331	360	202.66666666666666
NM_001183105.1	45	82	118	145	206	245	304	329	351	202.77777777777777
NM_001179630.1	40	84	103	165	215	234	280	331	374	202.88888888888889
NM_001180500.3	37	89	115	151	192	258	271	334	380	203.0
NM_001182799.1	32	76	98	163	204	267	300	328	360	203.11111111111111
NM_001181173.1	49	77	127	179	195	244	282	314	361	203.11111111111111
NM_001178201.2	49	91	125	161	196	238	284	312	372	203.11111111111111
NM_001179377.1	51	74	120	157	194	256	282	330	364	203.11111111111111
NM_001182625.1	50	74	120	173	182	260	279	322	369	203.22222222222223
NM_001183953.1	36	88	128	155	205	242	270	337	368	203.22222222222223
NM_001183676.3	62	91	116	139	225	250	279	317	351	203.33333333333334
NM_001178429.1	42	76	133	169	200	248	278	318	366	203.33333333333334
NM_001181952.1	37	83	122	166	193	249	293	317	372	203.55555555555554
NM_001183780.1	48	95	117	156	214	240	293	329	341	203.66666666666666
NM_001179436.1	51	102	124	159	205	229	280	316	367	203.66666666666666
NM_001183845.1	34	80	125	167	210	234	288	334	363	203.88888888888889
NM_001178435.3	40	86	126	175	200	244	284	326	354	203.88888888888889
NM_001178249.1	45	80	113	174	210	238	269	360	346	203.88888888888889
NM_001178394.1	50	78	116	161	187	248	300	329	366	203.88888888888889
NM_001183122.1	32	85	114	150	191	251	311	323	378	203.88888888888889
NM_001180371.1	45	86	121	160	200	235	276	325	388	204.0
NM_001178274.1	36	70	128	143	217	261	283	334	364	204.0
NM_001178419.3	51	75	120	163	205	241	280	322	380	204.11111111111111
NM_001180473.3	41	88	133	163	209	238	280	332	353	204.11111111111111
NM_001178800.1	45	79	124	165	215	244	274	339	352	204.11111111111111
NM_001182275.3	40	83	123	163	200	255	284	333	358	204.33333333333334
NM_001183906.1	39	67	123	170	196	255	289	318	382	204.33333333333334
NM_001184157.1	40	85	111	175	203	245	294	307	381	204.55555555555554
NM_001179469.1	51	90	112	186	208	235	288	310	362	204.66666666666666
NM_001181107.1	46	79	116	165	203	260	290	315	368	204.66666666666666
NM_001183387.1	46	64	117	166	221	247	289	304	390	204.88888888888889
NM_001179878.3	48	82	122	137	192	243	280	348	392	204.88888888888889
NM_001182379.1	38	83	116	168	199	229	277	365	372	205.22222222222223
NM_001180909.1	46	94	129	165	197	258	271	345	343	205.33333333333334
NM_001181942.1	43	89	127	159	177	249	287	341	376	205.33333333333334
NM_001183290.1	40	90	121	161	214	228	305	314	376	205.44444444444446
NM_001182512.1	46	75	118	154	207	249	306	303	392	205.55555555555554
NM_001182057.1	48	76	130	174	191	241	302	336	352	205.55555555555554
NM_001179740.1	40	70	129	159	228	216	273	357	380	205.77777777777777
NM_001181548.1	40	83	134	160	204	266	276	319	370	205.77777777777777
NM_001184188.1	40	74	117	171	218	240	289	332	371	205.77777777777777
NM_001179093.1	37	77	135	187	206	243	284	323	362	206.0
NM_001180936.1	43	75	100	160	206	266	296	324	385	206.11111111111111
NM_001183313.2	33	78	129	154	197	255	292	332	387	206.33333333333334
NM_001180981.1	39	75	147	163	203	247	294	331	359	206.44444444444446
NM_001180903.1	41	87	117	157	204	259	291	335	368	206.55555555555554
NM_001184415.2	39	65	125	180	218	247	276	333	377	206.66666666666666
NM_001182031.1	42	77	123	182	232	223	287	318	378	206.88888888888889
NM_001181514.1	46	80	109	151	229	233	300	326	389	207.0
NM_001178865.3	44	101	122	151	230	255	289	314	357	207.0
NM_001183787.3	55	90	133	175	203	225	286	333	365	207.22222222222223
NM_001178972.3	42	87	136	179	193	228	291	342	367	207.22222222222223
NM_001183224.1	48	90	120	166	199	264	280	325	374	207.33333333333334
NM_001179502.3	40	92	134	158	197	247	280	344	376	207.55555555555554
NM_001184148.1	46	85	122	168	217	238	294	340	359	207.66666666666666
NM_001179061.3	35	78	117	173	216	251	288	327	385	207.77777777777777
NM_001181981.1	47	82	119	161	212	273	268	341	367	207.77777777777777
NM_001183615.1	38	84	134	155	229	226	272	356	379	208.11111111111111
NM_001183401.1	36	89	117	169	216	239	292	335	380	208.11111111111111
NM_001183055.1	34	84	125	172	211	251	288	328	381	208.22222222222223
NM_001179793.1	52	72	127	163	204	250	288	353	365	208.22222222222223
NM_001183130.1	48	76	139	168	178	265	295	330	375	208.22222222222223
NM_001179801.1	37	79	104	191	203	252	296	323	392	208.55555555555554
NM_001179317.1	41	92	136	173	205	246	275	348	361	208.55555555555554
NM_001183039.1	43	80	131	171	214	257	276	335	372	208.77777777777777
NM_001182374.1	36	88	115	168	186	265	286	352	385	209.0
NM_001182387.1	41	69	133	150	210	250	289	329	410	209.0
NM_001182453.1	52	81	129	178	200	257	291	319	375	209.11111111111111
NM_001182069.1	39	83	127	159	217	239	298	315	406	209.22222222222223
NM_001178431.3	49	74	133	157	226	260	276	321	387	209.22222222222223
NM_001183497.1	34	83	130	172	194	254	286	327	405	209.44444444444446
NM_001179222.2	35	88	134	167	198	260	307	330	367	209.55555555555554
NM_001179479.1	46	100	125	183	213	241	299	320	361	209.77777777777777
NM_001181424.1	38	82	131	160	206	242	290	356	384	209.88888888888889
NM_001180413.3	47	73	132	158	200	266	300	312	402	210.0
NM_001181208.1	48	85	113	186	217	258	276	329	380	210.22222222222223
NM_001181830.1	37	81	127	154	216	274	297	324	383	210.33333333333334
NM_001179233.1	47	70	131	168	212	254	284	340	390	210.66666666666666
NM_001179696.1	36	83	127	153	228	260	324	319	368	210.88888888888889
NM_001180234.1	52	67	126	178	206	269	279	350	372	211.0
NM_001181240.1	44	99	146	170	223	239	289	317	376	211.44444444444446
NM_001182134.1	39	85	141	159	204	284	283	330	378	211.44444444444446
NM_001179101.1	39	84	140	157	236	260	286	331	371	211.55555555555554
NM_001180529.3	55	82	116	154	232	258	308	327	374	211.77777777777777
NM_001181709.1	48	112	115	173	201	249	283	348	378	211.88888888888889
NM_001180275.1	38	80	127	191	216	246	277	339	394	212.0
NM_001180482.1	40	89	105	185	203	255	306	353	374	212.22222222222223
NM_001180446.3	40	81	129	167	190	244	304	346	410	212.33333333333334
NM_001183273.1	45	85	132	149	218	240	304	344	395	212.44444444444446
NM_001181087.1	34	81	128	167	214	258	305	333	393	212.55555555555554
NM_001182782.1	44	74	144	164	211	250	309	342	376	212.66666666666666
NM_001183208.1	46	70	126	156	219	245	319	335	402	213.11111111111111
NM_001179001.1	41	80	135	170	218	250	341	312	372	213.22222222222223
NM_001179244.1	55	80	127	160	207	247	306	356	381	213.22222222222223
NM_001182738.1	43	74	119	166	204	268	328	327	390	213.22222222222223
NM_001178277.1	28	78	128	171	215	270	278	350	402	213.33333333333334
NM_001181099.1	40	87	141	179	191	254	308	348	372	213.33333333333334
NM_001179880.4	47	92	128	164	214	256	297	329	396	213.66666666666666
NM_001178266.1	51	100	133	174	205	257	313	325	366	213.77777777777777
NM_001184066.1	43	84	142	162	227	248	305	336	379	214.0
NM_001180800.1	46	78	136	160	203	240	308	339	417	214.11111111111111
NM_001183299.1	36	93	138	171	220	259	288	312	410	214.11111111111111
NM_001182197.2	50	75	131	175	208	257	326	352	353	214.11111111111111
NM_001182520.1	43	107	148	151	207	262	296	328	386	214.22222222222223
NM_001181324.3	37	86	121	171	230	274	286	354	372	214.55555555555554
NM_001179454.1	40	86	121	194	212	253	296	354	377	214.77777777777777
NM_001182866.1	53	92	124	169	224	228	301	340	403	214.88888888888889
NM_001178635.1	39	93	112	176	228	258	311	331	387	215.0
NM_001182424.1	30	80	136	188	227	244	296	343	392	215.11111111111111
NM_001179964.1	47	96	124	179	211	255	270	347	408	215.22222222222223
NM_001183053.1	49	92	117	163	178	257	332	362	387	215.22222222222223
NM_001184029.1	43	86	119	164	216	251	321	355	382	215.22222222222223
NM_001180659.3	44	72	135	173	244	267	281	334	392	215.77777777777777
NM_001179278.1	42	94	119	159	191	284	318	361	374	215.77777777777777
NM_001179594.3	51	80	137	177	233	239	296	351	379	215.88888888888889
NM_001183342.1	56	87	142	180	216	265	297	318	383	216.0
NM_001183143.1	50	79	128	172	222	282	281	356	377	216.33333333333334
NM_001182953.1	42	88	145	167	211	240	302	353	402	216.66666666666666
NM_001180780.3	52	85	123	174	214	269	296	331	409	217.0
NM_001181146.1	41	71	133	184	214	254	321	339	399	217.33333333333334
NM_001184059.1	49	88	142	177	232	262	303	336	368	217.44444444444446
NM_001184309.3	35	83	146	169	228	269	310	332	386	217.55555555555554
NM_001179624.1	45	85	130	161	226	262	315	329	405	217.55555555555554
NM_001182878.3	33	88	120	159	214	246	327	371	402	217.77777777777777
NM_001181743.1	48	79	137	171	216	254	325	330	401	217.88888888888889
NM_001180952.1	46	84	124	166	216	257	305	368	396	218.0
NM_001182447.1	43	90	126	167	209	287	296	366	380	218.22222222222223
NM_001178729.1	39	89	149	176	215	272	298	318	414	218.88888888888889
NM_001183071.1	57	89	135	152	221	244	303	354	416	219.0
NM_001181148.3	51	87	130	170	223	236	320	359	399	219.44444444444446
NM_001180772.3	43	98	130	189	208	242	310	367	388	219.44444444444446
NM_001180450.3	40	83	133	187	211	263	319	353	386	219.44444444444446
NM_001179232.1	48	90	135	183	240	245	295	343	397	219.55555555555554
NM_001180388.3	40	102	144	169	215	266	299	355	386	219.55555555555554
NM_001179413.1	46	98	121	165	228	262	290	350	417	219.66666666666666
NM_001182811.1	50	77	140	194	217	255	288	354	402	219.66666666666666
NM_001184269.1	36	93	138	178	209	280	314	354	376	219.77777777777777
NM_001178621.1	37	90	132	151	221	280	299	348	424	220.22222222222223
NM_001179779.1	44	100	137	189	222	252	315	343	389	221.22222222222223
NM_001181704.1	55	82	135	179	216	275	299	377	374	221.33333333333334
NM_001178584.3	46	84	150	171	230	271	326	339	376	221.44444444444446
NM_001181194.1	39	82	127	174	225	274	303	374	395	221.44444444444446
NM_001182053.1	37	88	134	171	222	257	314	355	415	221.44444444444446
NM_001181965.1	41	87	145	164	216	245	318	379	399	221.55555555555554
NM_001181327.3	49	99	139	183	204	261	322	350	387	221.55555555555554
NM_001180253.1	37	92	147	163	223	258	336	349	391	221.77777777777777
NM_001181747.1	48	85	135	177	214	275	312	354	397	221.88888888888889
NM_001183506.1	46	94	127	162	230	280	322	331	405	221.88888888888889
NM_001183274.1	50	81	142	163	223	262	310	369	397	221.88888888888889
NM_001180392.3	48	99	132	177	227	243	303	348	422	222.11111111111111
NM_001179533.1	45	88	138	175	217	252	302	364	420	222.33333333333334
NM_001178458.3	49	81	136	177	223	260	320	368	388	222.44444444444446
NM_001184211.1	42	89	163	200	217	264	312	324	391	222.44444444444446
NM_001184454.1	43	80	128	172	212	279	313	360	416	222.55555555555554
NM_001182302.3	49	89	124	184	229	278	326	328	399	222.88888888888889
NM_001178362.1	47	94	123	180	226	266	312	343	415	222.88888888888889
NM_001180664.3	46	92	125	173	234	265	314	355	404	223.11111111111111
NM_001183639.1	51	98	126	172	222	260	317	369	394	223.22222222222223
NM_001179483.1	47	95	157	163	226	276	315	347	385	223.44444444444446
NM_001179691.1	45	91	146	172	213	269	314	349	413	223.55555555555554
NM_001180938.3	31	104	137	183	231	265	320	363	379	223.66666666666666
NM_001182174.1	42	76	132	194	238	254	327	337	413	223.66666666666666
NM_001179458.1	49	89	133	168	252	249	318	362	394	223.77777777777777
NM_001178832.3	40	80	136	178	227	266	326	358	403	223.77777777777777
NM_001183015.2	44	97	140	166	202	280	332	346	408	223.88888888888889
NM_001180265.1	33	99	124	171	201	291	315	375	407	224.0
NM_001183059.1	55	91	118	175	246	265	310	342	415	224.11111111111111
NM_001181404.3	53	91	133	189	207	244	320	367	414	224.22222222222223
NM_001181356.2	41	82	136	178	232	284	321	360	385	224.33333333333334
NM_001179739.1	43	86	132	188	231	269	325	367	379	224.44444444444446
NM_001182500.1	43	91	129	165	221	269	314	383	405	224.44444444444446
NM_001183635.3	52	102	118	186	230	254	293	369	417	224.55555555555554
NM_001178907.1	42	90	124	181	205	273	322	377	407	224.55555555555554
NM_001180353.1	40	85	139	196	217	298	315	349	383	224.66666666666666
NM_001179376.1	46	86	144	182	248	270	324	351	373	224.88888888888889
NM_001184531.3	46	102	125	169	206	250	315	393	418	224.88888888888889
NM_001180249.1	40	94	147	169	232	279	291	360	412	224.88888888888889
NM_001181956.1	47	96	136	182	239	259	313	377	376	225.0
NM_001182880.1	52	86	138	197	225	269	281	372	407	225.22222222222223
NM_001179510.1	37	78	147	177	217	271	318	367	416	225.33333333333334
NM_001184653.1	45	91	113	175	230	264	324	374	415	225.66666666666666
NM_001179679.1	46	105	126	186	224	271	309	369	396	225.77777777777777
NM_001183403.1	46	76	132	185	245	269	313	358	412	226.22222222222223
NM_001180176.1	35	97	143	161	221	283	328	354	415	226.33333333333334
NM_001184474.3	47	75	133	193	225	282	318	349	416	226.44444444444446
NM_001181034.1	43	95	125	192	234	265	310	375	400	226.55555555555554
NM_001182861.3	42	99	153	175	244	287	321	338	383	226.88888888888889
NM_001181062.2	46	92	132	168	233	278	325	363	408	227.22222222222223
NM_001181913.1	36	98	126	194	243	248	327	386	391	227.66666666666666
NM_001179796.3	49	99	112	178	219	255	320	380	438	227.77777777777777
NM_001179180.1	37	85	149	202	233	267	328	344	406	227.88888888888889
NM_001180615.3	47	87	149	179	232	267	306	360	425	228.0
NM_001178839.3	40	91	147	194	242	273	312	362	394	228.33333333333334
NM_001182110.1	37	96	152	167	209	290	307	394	403	228.33333333333334
NM_001184002.1	45	111	134	159	210	272	318	383	423	228.33333333333334
NM_001181612.2	38	100	156	191	238	266	312	358	397	228.44444444444446
NM_001180886.1	42	102	140	185	234	276	305	360	412	228.44444444444446
NM_001180878.1	49	80	134	177	225	287	345	363	400	228.88888888888889
NM_001181682.3	55	90	146	187	221	277	339	360	386	229.0
NM_001178175.1	36	100	106	176	252	281	318	374	420	229.22222222222223
NM_001183929.1	41	86	159	176	228	281	319	372	401	229.22222222222223
NM_001182035.1	42	93	134	173	198	285	325	404	410	229.33333333333334
NM_001182860.1	45	100	141	190	219	283	321	380	388	229.66666666666666
NM_001180525.1	45	91	154	181	218	304	318	352	405	229.77777777777777
NM_001180578.1	37	82	136	186	236	281	322	360	428	229.77777777777777
NM_001179999.1	44	92	153	186	213	285	319	369	410	230.11111111111111
NM_001183749.3	46	95	130	181	238	261	315	384	422	230.22222222222223
NM_001181932.1	56	86	130	184	280	267	317	351	402	230.33333333333334
NM_001179688.1	50	91	121	175	236	299	333	362	407	230.44444444444446
NM_001183019.2	46	87	148	154	240	277	345	364	413	230.44444444444446
NM_001182954.3	44	107	140	179	236	287	299	377	406	230.55555555555554
NM_001181271.3	42	92	125	184	210	285	300	420	417	230.55555555555554
NM_001179337.3	45	87	122	192	239	277	319	386	409	230.66666666666666
NM_001180956.3	52	94	156	170	242	262	343	333	426	230.88888888888889
NM_001180152.1	45	101	147	174	217	293	316	345	440	230.88888888888889
NM_001179460.1	43	104	136	177	230	261	332	375	421	231.0
NM_001184216.1	47	107	157	174	238	270	291	373	423	231.11111111111111
NM_001179199.1	56	85	130	187	213	304	324	354	428	231.22222222222223
NM_001179568.1	53	94	128	190	235	284	336	347	415	231.33333333333334
NM_001179842.1	49	85	123	164	225	299	307	403	428	231.44444444444446
NM_001181782.3	51	102	132	195	240	282	326	358	399	231.66666666666666
NM_001179654.1	48	91	141	201	226	277	321	366	415	231.77777777777777
NM_001178441.3	60	106	147	184	219	269	316	368	418	231.88888888888889
NM_001178162.2	49	92	149	184	239	288	310	358	420	232.11111111111111
NM_001182962.3	45	99	144	181	250	274	311	377	408	232.11111111111111
NM_001179431.2	45	93	153	202	218	273	338	368	400	232.22222222222223
NM_001184172.1	66	98	143	184	222	285	326	369	398	232.33333333333334
NM_001182020.1	41	97	122	175	241	277	341	377	423	232.66666666666666
NM_001178913.1	48	93	141	187	225	286	318	374	423	232.77777777777777
NM_001179976.1	40	83	144	177	252	257	342	376	428	233.22222222222223
NM_001182005.1	45	94	130	184	227	269	314	397	440	233.33333333333334
NM_001179752.1	33	88	142	191	252	288	344	341	422	233.44444444444446
NM_001183261.1	43	102	131	165	229	288	318	389	437	233.55555555555554
NM_001183462.1	52	94	147	181	226	281	326	379	418	233.77777777777777
NM_001180784.1	48	95	149	186	215	298	349	370	395	233.88888888888889
NM_001182025.1	46	89	120	198	226	297	344	366	422	234.22222222222223
NM_001182307.3	44	104	153	171	230	251	337	407	411	234.22222222222223
NM_001180474.3	37	101	127	192	236	278	310	384	444	234.33333333333334
NM_001183203.1	41	76	133	187	231	294	331	374	445	234.66666666666666
NM_001179771.1	51	85	143	182	247	272	318	378	436	234.66666666666666
NM_001184348.1	47	94	164	187	230	299	318	374	400	234.77777777777777
NM_001182094.1	57	116	144	176	251	269	339	360	404	235.11111111111111
NM_001178578.1	52	97	137	179	245	270	327	374	436	235.22222222222223
NM_001180314.3	52	95	125	165	234	264	344	410	429	235.33333333333334
NM_001183136.1	48	109	147	174	225	286	324	383	424	235.55555555555554
NM_001181136.1	54	104	136	184	228	288	357	368	404	235.88888888888889
NM_001183671.1	39	109	115	189	247	295	339	392	400	236.11111111111111
NM_001181537.1	45	109	139	184	255	285	321	361	426	236.11111111111111
NM_001181951.1	56	91	124	200	257	282	326	375	415	236.22222222222223
NM_001182501.1	54	94	147	196	231	284	320	374	427	236.33333333333334
NM_001180494.3	41	101	145	184	239	275	349	369	428	236.77777777777777
NM_001180126.1	48	80	139	190	235	292	345	395	410	237.11111111111111
NM_001180460.3	53	78	166	168	221	292	319	399	441	237.44444444444446
NM_001183630.1	45	93	153	191	245	289	324	369	430	237.66666666666666
NM_001183984.1	55	103	132	195	234	290	315	379	438	237.88888888888889
NM_001180591.3	37	99	141	198	238	263	354	380	432	238.0
NM_001183613.1	59	96	129	192	235	273	343	374	444	238.33333333333334
NM_001184377.1	42	95	167	165	220	285	331	391	451	238.55555555555554
NM_001182893.3	46	100	135	197	227	298	357	383	408	239.0
NM_001183264.1	41	100	150	189	237	255	353	390	438	239.22222222222223
NM_001181192.3	42	114	143	188	249	271	348	391	408	239.33333333333334
NM_001181843.1	56	105	149	161	249	286	334	386	428	239.33333333333334
NM_001179202.2	37	102	142	198	252	293	310	387	434	239.44444444444446
NM_001181936.1	55	93	138	204	213	308	329	377	441	239.77777777777777
NM_001178609.1	48	91	155	189	211	279	357	394	435	239.88888888888889
NM_001182559.1	44	76	136	173	246	283	347	413	442	240.0
NM_001179628.1	57	97	151	185	233	300	341	370	426	240.0
NM_001179491.1	38	105	147	210	248	289	327	373	424	240.11111111111111
NM_001184145.1	57	95	166	196	242	253	337	381	434	240.11111111111111
NM_001179203.1	46	103	140	202	256	300	321	379	415	240.22222222222223
NM_001178747.1	46	96	146	184	247	303	315	378	447	240.22222222222223
NM_001178721.1	38	93	137	189	245	293	348	383	439	240.55555555555554
NM_001178470.1	41	108	136	208	263	268	333	387	421	240.55555555555554
NM_001182377.1	51	101	143	204	233	283	341	379	434	241.0
NM_001178186.1	40	100	159	194	245	293	332	382	425	241.11111111111111
NM_001179245.1	43	94	147	187	263	294	331	378	435	241.33333333333334
NM_001179695.2	47	94	155	189	231	283	342	400	433	241.55555555555554
NM_001179923.1	48	86	152	214	244	297	330	366	437	241.55555555555554
NM_001178986.3	48	97	157	200	234	294	317	382	446	241.66666666666666
NM_001183102.1	51	90	140	207	243	299	336	365	444	241.66666666666666
NM_001181177.1	56	91	143	199	232	289	339	397	429	241.66666666666666
NM_001182090.1	54	107	136	208	228	261	347	391	443	241.66666666666666
NM_001183735.1	57	102	141	181	238	293	362	371	433	242.0
NM_001179768.1	40	99	146	205	246	287	355	365	441	242.66666666666666
NM_001181795.1	55	99	136	182	248	288	362	391	423	242.66666666666666
NM_001183777.3	36	91	157	197	235	285	369	390	426	242.88888888888889
NM_001179857.3	47	115	136	202	246	304	336	375	431	243.55555555555554
NM_001180005.2	50	91	153	185	236	281	365	381	451	243.66666666666666
NM_001181973.1	51	94	145	197	243	307	342	393	426	244.22222222222223
NM_001178687.1	56	103	135	180	227	315	334	390	459	244.33333333333334
NM_001181364.1	48	88	146	190	238	290	332	395	474	244.55555555555554
NM_001179370.3	49	94	152	198	242	290	323	402	451	244.55555555555554
NM_001179478.1	43	102	147	196	252	275	343	423	420	244.55555555555554
NM_001180835.4	50	102	144	184	247	300	341	392	444	244.88888888888889
NM_001180158.1	49	119	156	177	254	277	337	390	445	244.88888888888889
NM_001180842.1	51	99	128	179	261	292	374	383	437	244.88888888888889
NM_001182853.3	41	90	129	190	254	278	346	398	478	244.88888888888889
NM_001178751.1	43	95	160	183	249	301	345	394	435	245.0
NM_001183231.1	45	86	158	184	268	301	355	390	421	245.33333333333334
NM_001179008.1	53	102	141	202	235	292	332	392	460	245.44444444444446
NM_001181906.1	57	88	126	216	254	304	347	378	440	245.55555555555554
NM_001179206.1	48	88	140	212	254	319	354	368	427	245.55555555555554
NM_001180411.1	51	88	159	206	256	287	337	378	449	245.66666666666666
NM_001183995.1	56	96	152	174	247	286	360	388	453	245.77777777777777
NM_001184013.1	50	115	154	167	242	295	345	382	464	246.0
NM_001181400.4	45	100	148	200	242	278	350	423	428	246.0
NM_001180930.1	42	96	149	191	238	292	356	401	450	246.11111111111111
NM_001179465.1	50	117	139	173	219	295	340	421	463	246.33333333333334
NM_001179369.1	64	97	134	172	259	277	358	398	460	246.55555555555554
NM_001183369.1	61	98	152	200	249	289	352	367	452	246.66666666666666
NM_001178908.1	46	99	144	174	246	304	358	393	459	247.0
NM_001180408.3	42	98	158	187	259	282	372	392	438	247.55555555555554
NM_001178309.1	45	94	133	225	249	309	359	397	418	247.66666666666666
NM_001179414.2	44	105	148	199	251	322	321	379	463	248.0
NM_001179111.1	43	89	164	205	240	294	335	416	448	248.22222222222223
NM_001182096.1	57	106	138	209	239	293	350	390	452	248.22222222222223
NM_001179828.1	47	92	133	225	257	296	349	373	463	248.33333333333334
NM_001183380.1	51	97	148	194	258	279	372	401	439	248.77777777777777
NM_001181702.3	42	91	139	223	237	300	371	382	459	249.33333333333334
NM_001182145.1	48	90	154	216	240	309	355	378	457	249.66666666666666
NM_001181534.1	45	94	162	209	248	285	362	406	437	249.77777777777777
NM_001182438.1	53	114	149	204	223	291	382	419	413	249.77777777777777
NM_001180355.3	42	97	139	211	249	295	364	417	437	250.11111111111111
NM_001182763.1	39	111	169	210	232	306	340	391	453	250.11111111111111
NM_001183266.1	41	85	152	209	244	303	352	428	437	250.11111111111111
NM_001179475.1	51	98	151	209	243	292	360	407	445	250.66666666666666
NM_001181185.1	52	89	159	182	261	317	343	390	465	250.88888888888889
NM_001184263.1	55	91	139	201	238	342	332	409	451	250.88888888888889
NM_001184063.1	49	70	143	184	258	327	354	391	483	251.0
NM_001184117.1	49	99	145	205	237	342	339	383	464	251.44444444444446
NM_001183183.3	46	102	161	200	246	299	354	409	447	251.55555555555554
NM_001180430.1	57	101	154	176	244	306	348	411	468	251.66666666666666
NM_001181558.1	49	90	153	201	256	290	365	401	462	251.88888888888889
NM_001182784.1	49	99	150	218	254	294	361	405	441	252.33333333333334
NM_001181675.1	47	105	150	200	252	306	364	389	461	252.66666666666666
NM_001180071.1	60	106	163	208	248	303	336	395	456	252.77777777777777
NM_001182975.3	57	94	147	196	266	300	369	426	420	252.77777777777777
NM_001181834.1	41	101	149	184	242	320	364	403	472	252.88888888888889
NM_001181415.1	43	114	138	200	251	325	343	417	446	253.0
NM_001179243.1	47	99	155	197	261	299	369	413	438	253.11111111111111
NM_001179058.1	54	85	163	197	249	301	376	400	454	253.22222222222223
NM_001180719.1	44	96	139	217	256	329	350	394	455	253.33333333333334
NM_001181405.1	37	104	155	203	271	301	336	392	490	254.33333333333334
NM_001179864.3	46	106	151	217	251	312	362	387	458	254.44444444444446
NM_001180897.3	55	84	159	198	270	314	363	388	459	254.44444444444446
NM_001179745.1	65	103	151	183	227	314	370	399	478	254.44444444444446
NM_001178591.3	47	92	171	211	262	290	363	396	460	254.66666666666666
NM_001182001.1	48	98	158	202	241	304	375	408	459	254.77777777777777
NM_001179953.1	53	85	153	230	245	293	350	408	478	255.0
NM_001183376.1	49	105	174	194	267	297	353	403	460	255.77777777777777
NM_001180712.3	51	121	161	208	246	311	364	396	447	256.1111111111111
NM_001179084.1	64	102	152	218	255	324	370	409	414	256.44444444444446
NM_001184330.1	38	95	141	206	289	278	383	410	468	256.44444444444446
NM_001178442.2	51	99	133	213	264	294	363	427	465	256.55555555555554
NM_001183736.3	49	111	169	187	262	304	362	416	449	256.55555555555554
NM_001183741.1	51	100	160	224	235	302	360	405	472	256.55555555555554
NM_001178508.3	49	120	159	205	250	309	360	406	452	256.6666666666667
NM_001179146.1	41	93	144	207	274	320	339	435	457	256.6666666666667
NM_001181724.1	58	105	141	218	260	324	346	407	452	256.77777777777777
NM_001182541.1	48	101	148	201	259	325	376	411	443	256.8888888888889
NM_001181895.1	52	118	155	193	261	326	370	407	433	257.22222222222223
NM_001178776.1	54	91	165	218	253	270	375	416	474	257.3333333333333
NM_001182704.1	62	89	144	183	254	281	389	413	502	257.44444444444446
NM_001182077.1	42	94	138	226	246	333	375	394	473	257.8888888888889
NM_001181966.1	56	114	158	214	261	322	342	391	465	258.1111111111111
NM_001179966.1	55	93	172	220	234	309	352	425	464	258.22222222222223
NM_001179586.1	51	116	153	198	248	296	377	437	449	258.3333333333333
NM_001178613.2	47	106	161	189	269	310	380	418	447	258.55555555555554
NM_001180639.1	60	93	142	211	261	310	347	422	481	258.55555555555554
NM_001183551.3	55	97	159	217	247	300	384	398	471	258.6666666666667
NM_001181980.1	60	115	146	196	256	309	347	411	489	258.77777777777777
NM_001183435.1	54	123	156	188	266	305	358	413	468	259.0
NM_001182210.1	38	96	162	211	262	313	369	395	485	259.0
NM_001179672.1	53	101	154	200	251	300	370	433	469	259.0
NM_001179544.1	44	98	147	207	241	336	377	408	474	259.1111111111111
NM_001183702.1	45	116	154	199	242	284	363	435	499	259.6666666666667
NM_001183607.3	47	111	159	217	237	312	377	409	469	259.77777777777777
NM_001181776.3	61	108	147	206	249	309	368	442	451	260.1111111111111
NM_001179993.3	45	93	146	227	272	298	381	434	445	260.1111111111111
NM_001179272.1	51	87	164	220	278	331	329	416	466	260.22222222222223
NM_001180261.1	48	105	152	197	248	359	369	408	459	260.55555555555554
NM_001182843.1	48	113	162	198	268	306	338	422	491	260.6666666666667
NM_001179252.1	49	98	155	215	254	316	397	412	452	260.8888888888889
NM_001180458.1	53	109	156	208	277	333	331	418	463	260.8888888888889
NM_001179214.1	48	107	148	215	274	279	374	417	487	261.0
NM_001183076.1	49	112	142	188	255	333	380	428	463	261.1111111111111
NM_001178275.1	58	93	172	224	282	277	379	412	455	261.3333333333333
NM_001184155.1	40	101	155	221	261	311	364	424	477	261.55555555555554
NM_001180106.1	47	129	140	196	283	312	365	428	456	261.77777777777777
NM_001181209.3	53	117	162	179	259	342	361	427	457	261.8888888888889
NM_001180759.3	51	111	164	209	278	302	373	408	466	262.44444444444446
NM_001180273.1	50	111	155	209	247	345	348	417	481	262.55555555555554
NM_001180885.1	42	106	132	211	310	289	377	408	489	262.6666666666667
NM_001181698.1	56	107	150	179	268	341	369	424	472	262.8888888888889
NM_001183830.2	51	90	147	222	260	313	398	421	466	263.1111111111111
NM_001182050.1	49	105	161	219	264	316	377	400	478	263.22222222222223
NM_001181938.1	48	109	167	216	244	342	359	413	472	263.3333333333333
NM_001183993.1	52	109	162	207	260	302	369	429	486	264.0
NM_001178301.1	52	110	160	214	280	309	382	417	453	264.1111111111111
NM_001181601.2	60	100	152	215	271	334	369	432	448	264.55555555555554
NM_001182107.1	53	98	147	209	253	323	365	446	492	265.1111111111111
NM_001178488.3	60	103	160	209	266	326	376	418	475	265.8888888888889
NM_001183724.1	43	102	154	201	274	328	382	428	482	266.0
NM_001183256.1	69	110	158	235	237	339	349	410	487	266.0
NM_001181254.1	56	117	158	224	264	300	377	422	476	266.0
NM_001181063.1	48	118	171	197	272	317	379	425	468	266.1111111111111
NM_001182510.1	49	111	150	211	259	351	377	402	486	266.22222222222223
NM_001184251.1	48	103	152	219	248	348	383	432	463	266.22222222222223
NM_001183990.1	47	114	157	213	284	315	378	431	458	266.3333333333333
NM_001182989.3	54	102	161	236	280	282	396	419	467	266.3333333333333
NM_001183384.1	69	107	156	206	260	306	386	452	456	266.44444444444446
NM_001183396.2	47	99	154	227	258	322	370	405	518	266.6666666666667
NM_001178514.1	57	88	152	206	287	290	387	432	501	266.6666666666667
NM_001178167.1	46	124	152	210	255	339	389	407	481	267.0
NM_001181439.3	56	111	172	216	262	316	381	412	483	267.6666666666667
NM_001182323.3	59	98	157	218	272	337	359	445	465	267.77777777777777
NM_001178761.1	52	85	126	195	291	319	410	432	500	267.77777777777777
NM_001184035.1	51	103	160	222	260	301	372	445	497	267.8888888888889
NM_001180226.1	58	109	170	216	255	337	343	410	513	267.8888888888889
NM_001179162.1	54	104	171	209	258	342	383	417	476	268.22222222222223
NM_001179858.1	48	125	169	219	239	346	376	413	479	268.22222222222223
NM_001179097.1	56	114	150	215	283	317	397	420	463	268.3333333333333
NM_001178853.1	54	101	182	188	272	323	402	432	466	268.8888888888889
NM_001181555.1	56	105	163	220	240	327	380	445	485	269.0
NM_001183421.1	55	92	168	203	262	322	356	461	502	269.0
NM_001179792.3	56	104	166	195	282	331	405	408	475	269.1111111111111
NM_001179631.2	46	107	187	216	260	314	369	431	493	269.22222222222223
NM_001182070.1	62	113	174	211	283	334	343	431	475	269.55555555555554
NM_001180932.3	49	107	178	198	278	310	389	417	500	269.55555555555554
NM_001180224.1	58	104	167	224	250	306	391	446	482	269.77777777777777
NM_001183458.1	53	108	164	238	285	324	373	404	479	269.77777777777777
NM_001181983.1	46	116	151	220	290	351	374	426	459	270.3333333333333
NM_001181567.1	67	119	152	200	269	339	391	410	489	270.6666666666667
NM_001182844.1	63	88	171	215	276	335	359	428	501	270.6666666666667
NM_001180180.1	42	113	150	214	274	336	393	430	487	271.0
NM_001182792.1	56	126	162	207	287	325	388	434	456	271.22222222222223
NM_001181925.1	50	98	171	208	276	317	373	467	482	271.3333333333333
NM_001178899.1	51	114	172	234	282	300	367	409	514	271.44444444444446
NM_001180720.3	54	112	176	215	270	314	405	387	510	271.44444444444446
NM_001179451.1	53	100	168	238	284	334	376	422	472	271.8888888888889
NM_001178450.1	63	99	170	242	265	322	351	452	486	272.22222222222223
NM_001178404.1	46	120	181	242	256	312	382	442	471	272.44444444444446
NM_001180238.1	55	121	160	228	287	331	390	414	466	272.44444444444446
NM_001182766.1	59	112	164	204	268	327	375	434	515	273.1111111111111
NM_001182999.3	54	98	188	233	267	343	370	419	487	273.22222222222223
NM_001181706.1	67	111	172	233	276	318	374	442	466	273.22222222222223
NM_001178188.1	62	110	157	206	269	338	365	441	512	273.3333333333333
NM_001184240.1	57	106	170	196	266	317	391	438	519	273.3333333333333
NM_001182389.1	52	114	155	215	277	317	409	433	488	273.3333333333333
NM_001182985.1	56	132	152	219	268	344	364	441	487	273.6666666666667
NM_001181287.3	56	108	164	231	259	306	387	450	505	274.0
NM_001182321.1	59	118	165	203	281	313	383	428	517	274.1111111111111
NM_001180884.3	54	119	148	244	290	318	378	430	488	274.3333333333333
NM_001182665.1	50	104	159	231	280	326	402	436	483	274.55555555555554
NM_001182291.1	43	100	168	209	278	331	406	440	498	274.77777777777777
NM_001181085.1	45	87	173	227	263	330	386	440	523	274.8888888888889
NM_001178174.1	52	125	162	233	252	305	397	448	500	274.8888888888889
NM_001179548.3	53	116	159	212	276	345	382	436	498	275.22222222222223
NM_001182726.1	51	110	162	225	268	314	380	463	504	275.22222222222223
NM_001181325.1	58	103	159	221	272	345	404	441	477	275.55555555555554
NM_001181689.1	59	117	149	215	282	333	377	447	501	275.55555555555554
NM_001178555.4	63	113	151	209	270	367	365	435	507	275.55555555555554
NM_001180716.3	65	96	154	217	287	346	370	450	500	276.1111111111111
NM_001180325.3	63	122	178	214	271	328	384	446	480	276.22222222222223
NM_001182157.1	54	107	164	235	274	346	391	438	478	276.3333333333333
NM_001180628.1	64	105	174	208	283	342	377	444	491	276.44444444444446
NM_001180297.2	58	116	148	224	261	328	395	445	514	276.55555555555554
NM_001180133.1	55	101	151	218	284	338	380	458	511	277.3333333333333
NM_001180284.1	45	102	169	242	245	354	420	428	493	277.55555555555554
NM_001179082.1	56	116	168	241	277	333	367	425	515	277.55555555555554
NM_001182418.1	58	104	169	217	290	323	375	456	508	277.77777777777777
NM_001183972.1	45	127	176	205	262	346	390	435	515	277.8888888888889
NM_001181098.1	60	97	177	236	268	335	384	440	507	278.22222222222223
NM_001183094.1	54	120	182	220	287	330	381	422	509	278.3333333333333
NM_001181520.1	49	117	163	244	271	323	387	469	483	278.44444444444446
NM_001180179.1	53	107	164	240	257	340	364	444	537	278.44444444444446
NM_001180344.1	55	118	162	240	289	319	378	425	521	278.55555555555554
NM_001180012.3	60	89	164	216	290	332	397	431	531	278.8888888888889
NM_001179186.2	43	102	178	230	283	342	378	446	508	278.8888888888889
NM_001181005.1	55	123	167	210	301	303	412	423	518	279.1111111111111
NM_001184142.1	58	115	179	222	292	317	381	440	509	279.22222222222223
NM_001180681.3	55	113	165	218	272	349	382	437	522	279.22222222222223
NM_001180995.3	58	112	183	204	285	332	372	446	525	279.6666666666667
NM_001179139.1	57	111	170	226	286	343	406	431	489	279.8888888888889
NM_001183476.1	60	108	159	234	284	344	402	430	499	280.0
NM_001182086.1	53	96	156	238	258	352	420	464	486	280.3333333333333
NM_001182391.1	51	102	189	229	272	318	421	440	502	280.44444444444446
NM_001178263.1	55	106	161	234	289	330	415	461	477	280.8888888888889
NM_001179360.3	64	107	161	224	281	323	374	452	544	281.1111111111111
NM_001182536.1	52	98	166	230	285	325	405	440	530	281.22222222222223
NM_001179312.3	61	112	163	211	277	329	403	473	502	281.22222222222223
NM_001183185.1	48	106	148	206	274	325	399	452	578	281.77777777777777
NM_001179372.1	50	100	167	228	287	350	384	443	527	281.77777777777777
NM_001179386.1	51	113	164	243	284	339	378	459	506	281.8888888888889
NM_001178851.1	55	128	190	236	293	319	368	452	496	281.8888888888889
NM_001180459.3	58	120	175	210	290	355	379	446	509	282.44444444444446
NM_001182898.1	61	120	156	230	286	330	405	462	496	282.8888888888889
NM_001180279.1	67	107	149	215	279	348	408	453	524	283.3333333333333
NM_001182897.1	69	115	159	229	292	334	392	432	528	283.3333333333333
NM_001183820.1	62	105	167	228	283	333	415	458	500	283.44444444444446
NM_001180588.1	59	101	172	252	279	339	385	448	517	283.55555555555554
NM_001183756.1	71	92	154	225	285	351	393	453	528	283.55555555555554
NM_001181118.1	53	125	162	205	286	376	385	459	508	284.3333333333333
NM_001180813.2	37	110	177	231	273	346	383	486	516	284.3333333333333
NM_001181848.1	57	104	173	221	285	329	426	450	517	284.6666666666667
NM_001183373.1	42	116	189	222	283	351	408	440	512	284.77777777777777
NM_001183378.1	54	114	179	235	287	340	394	442	524	285.44444444444446
NM_001180147.1	60	130	185	237	277	331	397	454	499	285.55555555555554
NM_001178629.3	54	123	153	227	283	335	400	474	522	285.6666666666667
NM_001184056.1	48	122	177	257	274	338	375	472	513	286.22222222222223
NM_001179355.1	55	107	163	232	308	340	401	464	507	286.3333333333333
NM_001179160.1	56	121	167	224	303	337	410	458	504	286.6666666666667
NM_001183991.1	44	128	176	245	281	353	405	443	506	286.77777777777777
NM_001179241.1	61	117	180	226	298	362	402	423	514	287.0
NM_001184170.1	57	105	168	227	298	346	413	441	530	287.22222222222223
NM_001182081.1	59	105	165	235	298	354	380	454	536	287.3333333333333
NM_001179526.1	61	108	172	215	306	334	401	474	516	287.44444444444446
NM_001181015.1	52	115	182	231	293	337	401	465	512	287.55555555555554
NM_001183488.1	55	114	182	206	292	350	404	469	518	287.77777777777777
NM_001178757.1	55	110	167	218	303	341	412	457	528	287.8888888888889
NM_001184120.1	52	109	190	207	277	373	393	491	499	287.8888888888889
NM_001181055.1	64	98	164	221	295	347	425	451	528	288.1111111111111
NM_001180210.1	57	111	178	227	267	312	447	467	527	288.1111111111111
NM_001179247.1	50	100	178	242	282	373	389	452	528	288.22222222222223
NM_001182239.1	62	110	170	236	284	347	435	441	514	288.77777777777777
NM_001180225.1	61	121	164	218	273	358	415	489	500	288.77777777777777
NM_001179300.1	67	104	173	254	286	330	390	466	530	288.8888888888889
NM_001178478.3	60	107	190	211	271	341	388	481	552	289.0
NM_001181016.1	63	109	177	255	280	350	402	467	499	289.1111111111111
NM_001180647.1	64	110	183	222	307	336	405	480	502	289.8888888888889
NM_001182198.1	47	115	179	244	282	344	403	470	526	290.0
NM_001181690.1	53	108	182	247	288	368	377	462	531	290.6666666666667
NM_001179218.1	76	112	171	230	280	342	397	492	517	290.77777777777777
NM_001179665.1	60	107	174	234	289	347	406	472	528	290.77777777777777
NM_001183011.1	61	105	152	235	268	354	426	503	518	291.3333333333333
NM_001183915.1	49	119	174	208	307	367	405	484	511	291.55555555555554
NM_001179154.1	61	140	186	225	312	348	359	468	527	291.77777777777777
NM_001180641.3	71	114	172	234	275	373	403	476	510	292.0
NM_001183837.1	69	97	178	229	295	365	413	443	539	292.0
NM_001181396.1	59	107	153	242	302	333	425	455	554	292.22222222222223
NM_001183898.1	71	111	177	232	299	331	402	474	534	292.3333333333333
NM_001183926.1	45	130	161	234	274	359	417	488	523	292.3333333333333
NM_001183992.1	62	95	192	260	279	353	417	467	506	292.3333333333333
NM_001183686.1	57	112	178	245	288	332	398	493	529	292.44444444444446
NM_001179493.1	60	121	162	230	298	354	399	485	524	292.55555555555554
NM_001183228.1	52	112	165	242	282	351	431	489	510	292.6666666666667
NM_001182518.1	52	111	187	224	301	373	396	444	547	292.77777777777777
NM_001181531.1	61	109	188	208	266	369	404	483	547	292.77777777777777
NM_001182800.1	63	128	167	222	288	373	399	469	529	293.1111111111111
NM_001180827.3	59	112	173	225	274	347	442	471	535	293.1111111111111
NM_001184258.1	56	106	176	247	290	376	403	460	524	293.1111111111111
NM_001181953.1	55	115	168	228	301	349	420	475	529	293.3333333333333
NM_001178718.1	54	134	179	233	290	355	432	460	503	293.3333333333333
NM_001179002.3	65	120	167	231	286	391	396	457	527	293.3333333333333
NM_001184308.3	78	130	158	232	284	343	402	476	538	293.44444444444446
NM_001180764.3	44	92	173	235	311	355	428	471	534	293.6666666666667
NM_001180980.1	54	101	172	263	290	343	417	470	533	293.6666666666667
NM_001184266.1	55	108	150	216	276	367	451	496	524	293.6666666666667
NM_001184186.1	61	110	177	234	286	363	407	460	546	293.77777777777777
NM_001183238.1	71	90	194	210	309	334	418	456	563	293.8888888888889
NM_001182874.1	57	111	169	252	305	384	382	458	531	294.3333333333333
NM_001180425.3	62	134	162	229	282	367	427	480	507	294.44444444444446
NM_001181958.1	64	101	186	235	275	334	447	482	527	294.55555555555554
NM_001180058.2	53	116	172	238	306	340	428	474	524	294.55555555555554
NM_001182929.1	50	116	185	221	328	353	401	445	552	294.55555555555554
NM_001182221.1	66	112	167	255	302	347	435	459	509	294.6666666666667
NM_001181721.1	64	129	193	245	298	329	409	461	525	294.77777777777777
NM_001183210.1	65	99	182	217	307	355	424	483	522	294.8888888888889
NM_001183844.1	69	127	172	230	305	342	416	483	511	295.0
NM_001179332.1	55	132	186	224	297	360	424	469	514	295.6666666666667
NM_001179860.1	55	113	163	237	308	339	433	487	527	295.77777777777777
NM_001184060.1	51	114	185	239	278	331	404	512	550	296.0
NM_001182149.1	50	118	169	263	281	381	398	471	535	296.22222222222223
NM_001179279.1	53	115	182	248	306	376	421	487	481	296.55555555555554
NM_001182269.3	58	111	178	233	276	351	405	495	562	296.55555555555554
NM_001182415.1	60	122	183	224	302	349	412	475	548	297.22222222222223
NM_001179525.3	54	124	193	230	307	365	416	471	517	297.44444444444446
NM_001181328.1	66	111	177	244	313	349	427	479	513	297.6666666666667
NM_001181310.3	53	117	199	236	295	358	414	486	521	297.6666666666667
NM_001180175.1	66	105	205	239	297	380	385	463	542	298.0
NM_001179358.3	65	120	164	241	303	375	405	488	524	298.3333333333333
NM_001182610.1	52	108	179	222	323	332	405	510	561	299.1111111111111
NM_001181609.1	48	113	208	248	298	343	442	463	529	299.1111111111111
NM_001180295.1	59	120	195	256	282	351	410	467	553	299.22222222222223
NM_001182575.1	74	111	196	244	317	371	416	437	527	299.22222222222223
NM_001184443.1	59	110	160	229	334	359	383	507	553	299.3333333333333
NM_001183067.1	59	127	186	244	302	341	394	493	549	299.44444444444446
NM_001178345.2	61	108	171	240	297	371	425	497	528	299.77777777777777
NM_001182074.1	49	129	173	214	326	360	437	453	559	300.0
NM_001179398.1	48	118	187	222	307	337	447	496	539	300.1111111111111
NM_001179660.1	58	128	158	265	305	363	401	490	536	300.44444444444446
NM_001183614.3	63	127	157	247	308	352	423	505	524	300.6666666666667
NM_001181726.3	72	125	173	244	284	364	419	480	548	301.0
NM_001183776.1	50	119	196	229	297	355	443	478	544	301.22222222222223
NM_001178824.3	60	101	192	249	304	372	404	493	539	301.55555555555554
NM_001183128.1	71	120	168	235	301	355	427	468	571	301.77777777777777
NM_001179420.1	59	122	176	255	285	375	415	490	539	301.77777777777777
NM_001182237.1	76	117	199	247	306	354	419	470	529	301.8888888888889
NM_001180062.1	68	122	190	231	296	376	416	483	539	302.3333333333333
NM_001178636.4	54	118	170	269	284	358	431	479	559	302.44444444444446
NM_001178998.3	56	124	165	213	314	335	448	507	561	302.55555555555554
NM_001180124.1	54	131	199	220	294	375	437	456	557	302.55555555555554
NM_001180976.1	49	127	202	230	299	365	410	498	553	303.6666666666667
NM_001178215.2	66	139	172	243	339	368	414	456	537	303.77777777777777
NM_001181004.3	62	134	181	234	318	367	424	495	519	303.77777777777777
NM_001180170.1	53	132	176	222	264	379	442	506	561	303.8888888888889
NM_001182728.1	83	115	202	232	291	373	417	491	541	305.0
NM_001180760.3	66	120	192	247	285	361	450	471	555	305.22222222222223
NM_001184340.1	55	118	177	258	322	362	437	473	548	305.55555555555554
NM_001178194.1	54	114	162	238	308	365	436	504	571	305.77777777777777
NM_001181138.3	54	122	196	228	337	348	426	480	562	305.8888888888889
NM_001179943.1	67	131	182	233	294	376	438	493	541	306.1111111111111
NM_001178780.1	60	139	191	239	300	382	409	492	547	306.55555555555554
NM_001182183.1	63	129	213	249	300	375	416	474	542	306.77777777777777
NM_001180401.1	53	117	155	260	326	365	435	506	545	306.8888888888889
NM_001183423.1	59	136	164	277	313	347	418	494	555	307.0
NM_001179555.1	54	116	191	247	319	393	413	477	554	307.1111111111111
NM_001183579.1	70	128	179	232	289	379	429	490	568	307.1111111111111
NM_001182745.1	66	101	199	268	327	356	414	487	546	307.1111111111111
NM_001179930.1	58	128	186	247	333	343	426	496	548	307.22222222222223
NM_001180592.1	50	127	187	249	318	347	465	477	546	307.3333333333333
NM_001184448.1	70	128	163	255	331	353	441	475	550	307.3333333333333
NM_001181909.1	62	134	181	255	310	352	435	472	567	307.55555555555554
NM_001178325.1	59	129	169	262	311	367	417	505	559	308.6666666666667
NM_001179159.1	63	123	202	246	313	375	424	493	540	308.77777777777777
NM_001183932.1	69	119	175	261	322	340	439	486	571	309.1111111111111
NM_001179456.1	64	110	186	266	316	379	419	472	572	309.3333333333333
NM_001183700.3	56	118	172	241	306	383	447	497	564	309.3333333333333
NM_001181630.1	51	122	184	252	296	375	442	493	571	309.55555555555554
NM_001181598.1	63	134	169	252	311	382	422	496	558	309.6666666666667
NM_001179701.1	64	120	192	243	324	361	408	521	555	309.77777777777777
NM_001183168.1	59	120	199	245	337	363	412	514	541	310.0
NM_001178389.1	66	133	185	264	326	368	420	481	552	310.55555555555554
NM_001184232.1	57	139	180	270	279	390	411	537	532	310.55555555555554
NM_001180380.3	58	116	207	236	321	382	427	470	583	311.1111111111111
NM_001182684.1	52	127	193	284	285	369	451	478	562	311.22222222222223
NM_001178959.3	60	105	181	253	325	402	431	473	574	311.55555555555554
NM_001182306.1	62	116	198	249	291	392	439	506	552	311.6666666666667
NM_001181494.1	62	140	202	245	327	377	436	456	561	311.77777777777777
NM_001179885.1	68	151	174	260	301	368	436	513	535	311.77777777777777
NM_001178342.1	64	148	187	258	310	368	411	501	560	311.8888888888889
NM_001180327.1	67	114	197	204	332	363	440	522	569	312.0
NM_001180201.1	60	139	171	257	310	391	436	496	548	312.0
NM_001179200.1	63	116	171	277	314	363	436	515	556	312.3333333333333
NM_001181052.1	63	117	205	245	289	370	457	493	574	312.55555555555554
NM_001180662.3	62	132	186	259	290	375	424	511	574	312.55555555555554
NM_001181326.1	52	138	189	242	328	381	441	506	540	313.0
NM_001181134.3	62	127	196	254	314	382	429	480	574	313.1111111111111
NM_001184042.1	65	131	191	242	317	375	441	505	553	313.3333333333333
NM_001178749.1	58	122	191	232	332	373	446	502	568	313.77777777777777
NM_001179712.1	67	113	209	250	308	373	423	508	576	314.1111111111111
NM_001179397.3	66	126	187	262	334	370	435	481	566	314.1111111111111
NM_001180227.1	64	130	188	258	298	364	441	499	588	314.44444444444446
NM_001178994.3	82	128	171	248	316	364	425	506	591	314.55555555555554
NM_001182565.1	66	121	204	252	283	386	469	526	527	314.8888888888889
NM_001180258.1	62	112	192	246	309	385	447	502	580	315.0
NM_001180825.1	64	127	173	266	297	345	475	507	582	315.1111111111111
NM_001182534.1	65	131	168	266	320	369	461	485	572	315.22222222222223
NM_001183070.1	50	127	195	261	323	391	431	490	569	315.22222222222223
NM_001179253.1	71	124	181	249	311	375	437	518	576	315.77777777777777
NM_001184382.1	66	145	180	242	309	371	445	521	565	316.0
NM_001180391.3	65	132	221	245	318	349	454	508	554	316.22222222222223
NM_001180698.3	74	130	193	274	300	389	462	491	537	316.6666666666667
NM_001180900.1	62	132	193	264	315	366	452	498	568	316.6666666666667
NM_001184131.1	61	112	183	263	314	351	445	525	598	316.8888888888889
NM_001181234.3	56	129	189	245	325	366	426	537	580	317.0
NM_001178788.1	62	139	198	253	320	381	465	495	542	317.22222222222223
NM_001178815.1	62	135	191	266	305	372	462	515	548	317.3333333333333
NM_001181495.1	62	117	192	260	339	388	439	501	558	317.3333333333333
NM_001183731.3	75	135	189	257	324	371	444	487	575	317.44444444444446
NM_001181211.1	61	117	189	252	316	430	440	496	557	317.55555555555554
NM_001179394.3	57	133	195	218	329	395	456	520	557	317.77777777777777
NM_001181501.1	72	126	178	257	304	391	449	514	573	318.22222222222223
NM_001179142.1	71	132	194	246	297	383	449	513	581	318.44444444444446
NM_001182991.1	77	150	195	258	320	370	446	530	521	318.55555555555554
NM_001181512.1	79	134	192	267	350	371	434	519	523	318.77777777777777
NM_001184139.1	66	110	197	265	284	367	454	527	600	318.8888888888889
NM_001181409.1	59	114	194	261	321	382	445	511	584	319.0
NM_001178604.1	70	130	208	249	289	379	437	531	580	319.22222222222223
NM_001180452.1	61	129	189	244	313	410	447	518	563	319.3333333333333
NM_001183306.1	77	122	168	262	321	360	472	519	574	319.44444444444446
NM_001183144.1	51	147	198	238	326	381	463	507	566	319.6666666666667
NM_001179716.1	58	111	201	232	354	403	439	508	573	319.8888888888889
NM_001183660.1	66	122	186	250	350	375	435	520	579	320.3333333333333
NM_001179285.1	67	134	199	236	322	413	428	512	572	320.3333333333333
NM_001183600.1	63	125	185	285	319	398	435	519	555	320.44444444444446
NM_001184287.1	70	126	187	251	318	396	445	511	581	320.55555555555554
NM_001184270.1	60	115	175	259	348	409	462	512	545	320.55555555555554
NM_001179135.1	58	122	197	252	345	366	452	509	584	320.55555555555554
NM_001182093.1	64	139	196	279	310	367	427	527	576	320.55555555555554
NM_001180935.1	67	142	183	252	334	406	457	487	560	320.8888888888889
NM_001180611.3	74	131	173	246	366	386	419	505	590	321.1111111111111
NM_001180921.2	63	119	183	270	322	415	429	521	570	321.3333333333333
NM_001181395.1	56	126	194	258	331	376	446	529	578	321.55555555555554
NM_001179476.1	64	126	179	286	320	370	476	501	573	321.6666666666667
NM_001179818.2	60	128	201	262	304	411	470	486	575	321.8888888888889
NM_001182743.1	59	139	186	252	321	378	451	518	594	322.0
NM_001180221.1	53	144	180	253	361	384	439	509	578	322.3333333333333
NM_001182727.1	79	128	193	275	291	399	445	522	572	322.6666666666667
NM_001182497.1	71	127	191	279	328	391	435	524	560	322.8888888888889
NM_001178282.1	77	120	187	269	295	345	465	521	628	323.0
NM_001182180.1	63	123	210	263	321	402	424	518	584	323.1111111111111
NM_001181802.1	69	139	200	250	324	372	455	508	599	324.0
NM_001179296.1	61	129	194	249	353	390	435	536	569	324.0
NM_001178973.1	69	119	195	247	314	421	453	502	598	324.22222222222223
NM_001183024.2	64	120	214	271	316	378	494	489	576	324.6666666666667
NM_001179816.1	76	141	206	266	304	392	474	514	550	324.77777777777777
NM_001181022.3	68	122	190	235	334	405	464	539	567	324.8888888888889
NM_001183207.1	54	135	196	238	344	391	477	521	571	325.22222222222223
NM_001179814.1	81	124	187	233	318	394	462	514	622	326.1111111111111
NM_001183508.1	67	135	203	276	328	373	456	505	592	326.1111111111111
NM_001180151.1	54	126	196	278	305	389	460	531	597	326.22222222222223
NM_001179981.1	66	137	201	243	307	421	461	534	567	326.3333333333333
NM_001182589.1	70	145	190	242	331	370	474	541	575	326.44444444444446
NM_001180656.1	73	120	200	253	321	381	441	539	611	326.55555555555554
NM_001180362.1	62	132	180	248	341	387	466	519	605	326.6666666666667
NM_001179328.4	71	121	192	261	308	415	465	520	587	326.6666666666667
NM_001184162.1	58	127	197	242	357	387	446	543	583	326.6666666666667
NM_001180949.1	62	109	195	228	343	394	481	532	600	327.1111111111111
NM_001179958.1	55	137	170	247	320	394	475	542	607	327.44444444444446
NM_001181337.1	64	123	205	262	324	391	462	528	589	327.55555555555554
NM_001178772.1	66	126	218	248	299	384	461	528	621	327.8888888888889
NM_001180634.1	73	120	194	236	331	380	505	519	596	328.22222222222223
NM_001181488.1	66	131	217	254	345	383	461	508	589	328.22222222222223
NM_001180122.1	55	116	186	234	317	417	491	545	598	328.77777777777777
NM_001182118.1	65	124	190	255	334	410	463	535	587	329.22222222222223
NM_001183896.1	76	114	186	256	330	384	467	530	620	329.22222222222223
NM_001180839.3	61	142	188	261	339	377	469	523	608	329.77777777777777
NM_001183020.1	55	125	193	263	346	380	463	546	598	329.8888888888889
NM_001183522.1	69	117	206	272	322	411	476	539	576	332.0
NM_001183939.1	62	120	193	252	329	405	472	546	614	332.55555555555554
NM_001180463.1	63	128	197	284	332	404	461	524	603	332.8888888888889
NM_001179852.1	66	122	211	301	315	416	481	528	558	333.1111111111111
NM_001182338.1	57	141	213	260	323	414	461	536	593	333.1111111111111
NM_001180490.1	62	130	182	252	315	414	483	538	623	333.22222222222223
NM_001179127.2	51	132	208	287	337	406	442	550	589	333.55555555555554
NM_001179855.3	58	127	195	255	318	413	475	543	618	333.55555555555554
NM_001183520.1	69	129	214	260	321	422	440	536	611	333.55555555555554
NM_001180826.1	64	109	203	280	349	400	467	549	582	333.6666666666667
NM_001181833.1	68	143	208	272	321	399	437	532	623	333.6666666666667
NM_001180837.1	62	153	198	275	326	396	457	557	581	333.8888888888889
NM_001184512.1	69	129	185	272	347	414	452	541	597	334.0
NM_001182624.1	67	134	204	270	324	409	469	536	595	334.22222222222223
NM_001178990.3	74	131	216	285	349	399	458	513	588	334.77777777777777
NM_001181717.3	68	148	176	270	346	439	469	525	573	334.8888888888889
NM_001181557.1	74	134	198	272	357	415	476	511	587	336.0
NM_001179680.1	60	114	207	254	339	415	453	561	624	336.3333333333333
NM_001183493.1	54	153	187	284	333	426	475	527	589	336.44444444444446
NM_001183672.3	66	121	193	263	343	401	484	536	625	336.8888888888889
NM_001182478.1	69	129	204	255	327	400	469	580	599	336.8888888888889
NM_001180605.1	67	138	200	250	325	422	487	547	597	337.0
NM_001178762.1	69	126	210	269	357	401	461	544	604	337.8888888888889
NM_001181912.1	63	145	203	271	316	407	445	560	635	338.3333333333333
NM_001180609.1	57	143	206	264	334	412	482	556	598	339.1111111111111
NM_001182426.1	54	141	204	243	348	410	482	557	614	339.22222222222223
NM_001182407.1	67	120	203	287	356	409	480	546	590	339.77777777777777
NM_001180111.1	57	145	190	283	319	396	512	565	592	339.8888888888889
NM_001182822.1	76	135	217	270	326	411	480	536	609	340.0
NM_001181835.1	72	133	199	270	343	404	485	537	619	340.22222222222223
NM_001181493.3	78	136	211	244	328	407	471	556	632	340.3333333333333
NM_001180516.1	62	144	197	263	355	416	466	542	619	340.44444444444446
NM_001184070.1	71	138	219	246	363	433	482	527	587	340.6666666666667
NM_001182155.1	67	115	208	288	356	382	507	528	619	341.1111111111111
NM_001182946.1	63	131	216	298	355	426	454	527	601	341.22222222222223
NM_001179131.1	70	141	202	289	320	416	492	538	603	341.22222222222223
NM_001184046.1	58	131	186	281	352	417	482	549	615	341.22222222222223
NM_001179815.3	67	130	207	279	360	406	472	553	603	341.8888888888889
NM_001181590.1	69	133	221	267	363	372	455	571	627	342.0
NM_001183863.1	68	141	213	255	347	417	507	546	588	342.44444444444446
NM_001178676.1	70	115	228	263	348	406	484	542	627	342.55555555555554
NM_001184310.1	78	131	192	270	343	414	498	558	600	342.6666666666667
NM_001179957.1	70	135	200	264	341	423	460	566	629	343.1111111111111
NM_001181507.1	80	130	205	286	348	410	477	544	612	343.55555555555554
NM_001178921.1	61	145	193	274	369	399	463	559	640	344.77777777777777
NM_001184245.1	85	156	185	266	335	407	508	566	598	345.1111111111111
NM_001178627.1	83	129	202	283	335	403	506	556	609	345.1111111111111
NM_001178822.1	55	128	213	243	354	422	491	580	627	345.8888888888889
NM_001179017.1	64	132	222	279	352	409	500	515	642	346.1111111111111
NM_001182112.1	64	155	182	294	365	407	504	542	605	346.44444444444446
NM_001180686.1	68	141	218	279	341	418	501	526	626	346.44444444444446
NM_001180738.1	63	135	197	292	345	410	475	581	621	346.55555555555554
NM_001184021.1	78	132	210	257	358	405	500	543	638	346.77777777777777
NM_001178766.1	69	153	214	273	343	452	473	550	596	347.0
NM_001180757.1	62	136	213	276	348	432	481	562	614	347.1111111111111
NM_001182283.1	72	131	199	273	359	446	476	544	632	348.0
NM_001180078.1	68	138	225	285	348	410	493	577	597	349.0
NM_001179196.1	57	137	214	290	355	408	498	560	625	349.3333333333333
NM_001181640.1	63	149	216	276	337	411	506	567	620	349.44444444444446
NM_001182586.1	60	154	217	279	362	408	446	567	657	350.0
NM_001178750.1	67	163	198	290	348	457	472	547	612	350.44444444444446
NM_001181718.1	66	144	218	277	350	432	482	559	628	350.6666666666667
NM_001180600.3	73	133	208	272	370	416	502	536	650	351.1111111111111
NM_001183276.2	67	131	197	285	345	416	504	566	650	351.22222222222223
NM_001180181.1	74	141	231	271	365	424	463	575	620	351.55555555555554
NM_001182656.1	74	122	217	277	348	412	489	590	642	352.3333333333333
NM_001183464.1	68	138	215	259	366	421	524	560	623	352.6666666666667
NM_001179033.3	45	135	207	315	351	418	480	614	614	353.22222222222223
NM_001180742.3	72	143	204	272	350	416	495	581	648	353.44444444444446
NM_001181046.1	71	154	215	288	353	436	463	568	635	353.6666666666667
NM_001178765.1	64	134	217	293	365	434	501	570	606	353.77777777777777
NM_001178744.1	57	121	211	290	371	448	523	554	610	353.8888888888889
NM_001181790.2	76	138	209	276	349	442	483	581	633	354.1111111111111
NM_001183213.1	75	159	187	258	374	439	470	553	674	354.3333333333333
NM_001181475.1	80	146	197	283	357	440	488	568	632	354.55555555555554
NM_001183365.1	71	141	214	303	365	395	516	555	636	355.1111111111111
NM_001180824.3	81	130	207	266	359	429	505	576	646	355.44444444444446
NM_001183683.3	72	145	195	264	365	406	521	575	660	355.8888888888889
NM_001184009.1	57	138	207	259	369	435	511	582	647	356.1111111111111
NM_001182888.1	54	145	214	273	342	424	531	592	630	356.1111111111111
NM_001182723.1	67	139	208	301	360	407	513	572	639	356.22222222222223
NM_001178171.2	52	156	226	274	341	429	492	580	657	356.3333333333333
NM_001181339.1	55	148	211	283	357	422	467	602	663	356.44444444444446
NM_001180569.1	73	136	211	276	374	413	490	568	670	356.77777777777777
NM_001178503.1	76	145	215	280	370	402	479	594	654	357.22222222222223
NM_001183461.1	69	140	207	268	367	413	510	583	658	357.22222222222223
NM_001178550.4	73	150	215	274	371	397	492	564	681	357.44444444444446
NM_001181975.1	62	150	226	290	355	427	499	571	637	357.44444444444446
NM_001181361.3	76	141	210	312	354	412	504	578	638	358.3333333333333
NM_001184020.1	93	142	223	294	337	424	478	586	648	358.3333333333333
NM_001182477.1	63	146	199	308	359	443	475	563	678	359.3333333333333
NM_001183912.1	50	143	208	285	339	428	507	610	668	359.77777777777777
NM_001184116.1	75	150	204	290	361	395	522	574	667	359.77777777777777
NM_001183260.1	69	145	214	284	371	433	508	587	637	360.8888888888889
NM_001182949.3	80	141	200	286	374	426	507	575	664	361.44444444444446
NM_001180977.1	81	153	239	299	359	430	498	552	646	361.8888888888889
NM_001183542.1	71	133	240	267	357	460	510	574	646	362.0
NM_001184169.1	83	144	199	302	355	436	520	569	652	362.22222222222223
NM_001183960.1	67	139	236	304	349	428	478	587	672	362.22222222222223
NM_001179107.1	83	139	244	282	375	416	512	554	657	362.44444444444446
NM_001180580.3	80	153	228	296	340	445	511	573	638	362.6666666666667
NM_001178756.1	69	163	197	309	359	456	501	569	642	362.77777777777777
NM_001182875.3	73	167	205	312	370	385	515	567	671	362.77777777777777
NM_001178679.1	87	178	225	288	350	414	476	574	682	363.77777777777777
NM_001181561.2	78	137	206	265	396	448	484	581	687	364.6666666666667
NM_001183475.1	66	168	213	287	356	451	497	558	686	364.6666666666667
NM_001178980.1	64	153	218	286	352	441	519	589	663	365.0
NM_001182172.1	76	140	202	267	387	434	499	594	687	365.1111111111111
NM_001181831.1	68	162	228	306	368	418	513	577	651	365.6666666666667
NM_001178487.3	76	172	210	323	356	423	503	573	656	365.77777777777777
NM_001181606.1	71	162	222	300	324	438	525	586	670	366.44444444444446
NM_001182087.1	84	135	208	286	364	425	502	611	688	367.0
NM_001179036.1	78	140	221	308	388	459	523	568	620	367.22222222222223
NM_001182912.3	70	136	200	318	345	445	539	597	656	367.3333333333333
NM_001182161.1	72	136	220	293	362	438	501	614	671	367.44444444444446
NM_001178615.4	90	140	218	332	350	429	501	582	670	368.0
NM_001184241.1	72	159	211	293	383	457	491	601	645	368.0
NM_001180123.1	70	141	222	286	369	451	517	583	676	368.3333333333333
NM_001181587.1	74	164	201	297	359	473	490	575	682	368.3333333333333
NM_001183873.1	71	145	225	308	365	432	518	593	663	368.8888888888889
NM_001182217.1	65	162	233	291	352	455	510	579	674	369.0
NM_001183427.1	74	151	227	317	342	428	550	570	662	369.0
NM_001183229.3	71	140	229	321	359	464	517	583	637	369.0
NM_001181167.1	72	132	213	288	374	469	521	569	684	369.1111111111111
NM_001178954.1	73	153	206	291	360	462	534	585	663	369.6666666666667
NM_001181078.1	85	138	219	288	385	454	509	602	649	369.8888888888889
NM_001178662.1	70	146	232	293	370	446	522	598	654	370.1111111111111
NM_001182552.1	74	161	222	321	362	449	521	582	651	371.44444444444446
NM_001179466.1	76	162	213	304	394	449	516	600	636	372.22222222222223
NM_001183109.2	83	148	216	267	361	415	556	603	706	372.77777777777777
NM_001180497.1	71	156	226	305	409	435	488	607	661	373.1111111111111
NM_001180453.1	71	156	212	293	374	473	514	589	679	373.44444444444446
NM_001179862.1	68	154	216	293	395	430	540	600	670	374.0
NM_001183486.1	68	135	247	301	391	453	504	594	675	374.22222222222223
NM_001180233.1	87	149	219	276	381	453	526	596	683	374.44444444444446
NM_001182719.1	78	171	213	307	343	457	536	597	675	375.22222222222223
NM_001180352.1	72	125	232	299	402	459	534	589	667	375.44444444444446
NM_001178600.3	65	144	232	305	388	483	533	609	620	375.44444444444446
NM_001179694.1	89	147	221	285	383	459	487	617	693	375.6666666666667
NM_001179709.1	86	157	229	297	367	452	537	593	666	376.0
NM_001179181.1	69	139	230	293	374	458	514	625	683	376.1111111111111
NM_001183705.3	82	164	218	331	367	434	524	596	675	376.77777777777777
NM_001179686.1	69	133	232	296	390	440	520	622	692	377.1111111111111
NM_001180553.1	68	148	218	293	409	446	522	608	683	377.22222222222223
NM_001182490.1	71	154	243	289	406	433	529	596	676	377.44444444444446
NM_001183057.1	90	148	235	322	379	457	533	580	654	377.55555555555554
NM_001180574.3	63	151	208	308	375	478	546	622	647	377.55555555555554
NM_001183100.1	84	137	228	297	352	463	523	616	698	377.55555555555554
NM_001183560.1	69	145	231	282	381	454	526	626	693	378.55555555555554
NM_001182225.1	68	150	214	314	384	431	557	626	666	378.8888888888889
NM_001179212.1	72	154	234	295	354	436	517	621	728	379.0
NM_001183035.1	73	154	226	301	381	460	560	593	664	379.1111111111111
NM_001182569.1	64	141	223	319	407	425	531	631	672	379.22222222222223
NM_001181761.4	71	162	240	314	381	472	515	617	644	379.55555555555554
NM_001181748.1	87	137	217	309	350	470	563	585	700	379.77777777777777
NM_001179804.1	83	165	222	288	368	451	562	577	702	379.77777777777777
NM_001179319.1	82	145	243	293	384	433	558	572	721	381.22222222222223
NM_001178518.1	83	149	221	305	373	487	527	611	680	381.77777777777777
NM_001184234.1	80	174	226	309	389	458	533	577	694	382.22222222222223
NM_001182479.1	76	160	225	316	374	462	542	597	692	382.6666666666667
NM_001182530.1	78	165	215	309	389	449	531	612	708	384.0
NM_001184194.2	78	169	224	318	357	481	539	603	688	384.1111111111111
NM_001179265.1	57	152	241	291	413	446	543	617	700	384.44444444444446
NM_001178304.1	67	145	230	304	406	478	554	594	689	385.22222222222223
NM_001182840.1	69	171	228	299	394	456	537	618	701	385.8888888888889
NM_001181863.1	82	144	242	289	384	444	589	609	695	386.44444444444446
NM_001181971.1	90	149	246	309	391	484	539	585	691	387.1111111111111
NM_001183135.1	72	139	251	315	398	471	515	648	678	387.44444444444446
NM_001178830.1	81	148	240	310	403	487	503	596	720	387.55555555555554
NM_001180287.1	68	168	240	297	396	456	563	613	694	388.3333333333333
NM_001179756.1	76	164	227	305	406	459	542	601	716	388.44444444444446
NM_001181631.1	80	169	232	340	408	430	528	634	679	388.8888888888889
NM_001182993.1	84	158	235	320	399	455	522	626	706	389.44444444444446
NM_001180904.1	64	180	238	296	386	472	544	628	698	389.55555555555554
NM_001180145.1	71	156	253	299	400	450	546	641	697	390.3333333333333
NM_001184230.1	85	163	250	296	379	453	535	630	725	390.6666666666667
NM_001184316.1	82	167	263	295	401	473	548	590	697	390.6666666666667
NM_001181026.3	83	145	245	304	400	445	522	642	732	390.8888888888889
NM_001178547.3	79	179	234	318	400	492	540	612	665	391.0
NM_001181889.1	81	157	218	336	386	488	549	630	684	392.1111111111111
NM_001179488.1	84	169	229	306	345	490	580	619	709	392.3333333333333
NM_001181699.3	82	170	243	327	376	478	544	631	695	394.0
NM_001183420.1	84	157	222	315	368	507	510	642	741	394.0
NM_001179158.1	86	173	234	302	415	510	542	622	669	394.77777777777777
NM_001182240.1	64	142	222	323	397	477	557	637	738	395.22222222222223
NM_001180965.1	84	138	245	328	380	492	543	634	714	395.3333333333333
NM_001181573.1	74	177	239	296	370	485	528	660	729	395.3333333333333
NM_001178421.4	85	141	218	310	394	491	561	663	696	395.44444444444446
NM_001184307.1	85	158	233	303	387	456	567	645	726	395.55555555555554
NM_001179439.1	68	179	245	321	380	450	577	620	728	396.44444444444446
NM_001178520.3	87	175	233	346	402	459	560	648	660	396.6666666666667
NM_001181322.1	79	159	248	315	402	491	549	609	719	396.77777777777777
NM_001179726.1	79	157	231	323	392	478	567	651	693	396.77777777777777
NM_001183631.3	75	154	249	315	394	501	568	624	692	396.8888888888889
NM_001181358.1	84	159	205	337	405	488	546	611	739	397.1111111111111
NM_001178377.1	81	142	244	312	372	503	581	636	705	397.3333333333333
NM_001178953.3	105	159	251	300	416	462	557	600	736	398.44444444444446
NM_001183221.1	83	161	246	320	369	472	541	637	760	398.77777777777777
NM_001178364.1	73	178	222	324	414	483	546	650	701	399.0
NM_001178268.1	70	152	237	322	419	475	578	639	702	399.3333333333333
NM_001182908.1	82	155	214	334	396	461	579	624	752	399.6666666666667
NM_001181410.3	85	177	230	330	369	488	557	664	697	399.6666666666667
NM_001179778.1	79	152	237	309	413	507	581	613	709	400.0
NM_001183259.1	82	150	262	330	408	471	555	625	718	400.1111111111111
NM_001178202.2	81	163	220	327	393	480	549	667	721	400.1111111111111
NM_001184085.1	81	177	225	320	423	473	569	621	713	400.22222222222223
NM_001180923.1	90	159	222	321	402	485	569	657	703	400.8888888888889
NM_001179798.4	88	164	244	311	404	470	582	626	719	400.8888888888889
NM_001179237.1	76	159	241	317	401	476	561	622	756	401.0
NM_001180448.1	81	157	243	304	389	501	547	663	725	401.1111111111111
NM_001180285.1	88	152	227	320	406	484	550	667	725	402.1111111111111
NM_001181851.1	85	145	271	329	398	490	547	640	716	402.3333333333333
NM_001183590.1	86	170	227	323	390	486	582	643	719	402.8888888888889
NM_001178422.2	94	146	238	351	415	503	547	620	713	403.0
NM_001178308.2	80	178	231	341	392	485	573	631	716	403.0
NM_001182891.1	80	182	257	292	411	479	550	641	738	403.3333333333333
NM_001181611.1	78	151	243	311	410	507	558	619	755	403.55555555555554
NM_001179950.1	70	143	243	338	386	478	582	662	737	404.3333333333333
NM_001179385.1	87	160	236	326	439	463	538	663	730	404.6666666666667
NM_001182572.1	77	154	247	306	398	517	610	616	722	405.22222222222223
NM_001183919.1	91	162	256	339	405	518	547	637	700	406.1111111111111
NM_001179119.1	84	164	260	335	379	501	582	631	723	406.55555555555554
NM_001179591.1	81	162	235	315	424	481	596	628	740	406.8888888888889
NM_001180771.3	82	156	227	334	384	487	578	674	742	407.1111111111111
NM_001182246.1	78	169	261	335	398	499	561	645	719	407.22222222222223
NM_001182434.1	62	161	237	309	428	489	555	666	761	407.55555555555554
NM_001180400.3	89	162	241	330	426	497	566	625	732	407.55555555555554
NM_001183790.1	90	162	263	311	440	483	551	660	711	407.8888888888889
NM_001178196.2	72	174	223	327	409	473	608	622	782	410.0
NM_001183050.1	85	160	237	328	441	487	543	655	755	410.1111111111111
NM_001179667.2	86	159	255	343	390	486	589	646	737	410.1111111111111
NM_001179587.3	83	160	296	346	419	470	569	643	709	410.55555555555554
NM_001179169.1	86	142	254	347	425	517	568	666	698	411.44444444444446
NM_001184126.1	96	172	254	329	432	482	550	651	737	411.44444444444446
NM_001182707.1	82	146	240	329	427	530	569	657	723	411.44444444444446
NM_001179751.1	78	153	252	329	412	507	564	667	752	412.6666666666667
NM_001183709.3	75	161	254	329	451	491	573	658	724	412.8888888888889
NM_001182755.1	78	180	226	351	410	490	585	680	727	414.1111111111111
NM_001181207.3	76	165	255	312	400	507	595	672	745	414.1111111111111
NM_001184442.3	82	137	257	340	438	508	563	643	761	414.3333333333333
NM_001179648.1	85	162	238	327	446	491	565	655	765	414.8888888888889
NM_001180773.1	74	170	262	322	432	495	581	662	740	415.3333333333333
NM_001179579.1	82	166	229	318	397	515	593	691	754	416.1111111111111
NM_001182773.1	75	182	215	319	433	504	620	661	737	416.22222222222223
NM_001183867.1	80	162	248	344	414	504	595	658	742	416.3333333333333
NM_001183305.1	89	164	274	313	386	514	603	663	745	416.77777777777777
NM_001179678.1	86	165	224	329	396	529	597	663	764	417.0
NM_001182285.1	77	159	277	322	409	491	597	679	747	417.55555555555554
NM_001179179.1	72	180	246	349	435	483	574	691	729	417.6666666666667
NM_001178444.3	93	168	250	340	397	520	579	679	733	417.6666666666667
NM_001179031.1	72	174	250	342	422	514	573	650	767	418.22222222222223
NM_001182278.1	73	166	228	317	436	507	603	685	758	419.22222222222223
NM_001179780.1	87	155	266	325	430	477	600	669	776	420.55555555555554
NM_001179371.3	85	165	255	321	410	509	591	705	752	421.44444444444446
NM_001182007.1	96	165	263	311	446	530	580	681	726	422.0
NM_001180217.1	81	174	247	359	425	504	612	663	735	422.22222222222223
NM_001179389.1	75	166	256	345	444	534	577	681	722	422.22222222222223
NM_001182108.1	88	170	245	311	423	506	581	702	775	422.3333333333333
NM_001181727.1	92	178	253	332	389	510	591	720	743	423.1111111111111
NM_001179666.1	98	164	264	352	399	546	542	668	783	424.0
NM_001179570.1	59	177	275	361	416	498	601	663	767	424.1111111111111
NM_001183045.1	74	158	272	320	423	509	628	675	771	425.55555555555554
NM_001181108.1	88	176	246	325	421	502	608	705	763	426.0
NM_001182654.1	82	174	245	333	413	537	602	684	766	426.22222222222223
NM_001180018.3	82	158	280	326	438	484	584	681	816	427.6666666666667
NM_001179707.1	74	159	253	363	436	472	642	665	786	427.77777777777777
NM_001182715.1	85	177	250	302	413	523	611	698	795	428.22222222222223
NM_001178400.1	77	187	265	308	434	505	601	679	800	428.44444444444446
NM_001180933.1	68	182	250	340	432	509	629	676	772	428.6666666666667
NM_001178560.3	95	178	264	336	419	488	609	690	781	428.8888888888889
NM_001179576.3	93	206	238	376	426	504	617	659	742	429.0
NM_001181399.1	88	179	248	321	447	510	607	684	781	429.44444444444446
NM_001178280.1	77	178	260	335	446	511	634	677	749	429.6666666666667
NM_001179234.1	77	196	250	339	405	495	616	718	777	430.3333333333333
NM_001183004.1	89	169	275	334	417	495	603	696	796	430.44444444444446
NM_001179741.1	76	164	258	357	453	492	620	665	791	430.6666666666667
NM_001178506.1	96	169	267	314	456	548	578	674	779	431.22222222222223
NM_001182137.1	107	177	250	334	456	542	562	687	767	431.3333333333333
NM_001183312.1	79	169	268	378	425	497	633	682	754	431.6666666666667
NM_001178406.1	78	182	281	348	413	500	624	678	788	432.44444444444446
NM_001179606.3	94	164	259	339	451	488	585	718	796	432.6666666666667
NM_001179289.1	85	160	255	324	446	509	623	676	822	433.3333333333333
NM_001178782.1	99	172	254	341	422	499	607	684	833	434.55555555555554
NM_001183670.3	84	169	271	347	437	519	605	702	781	435.0
NM_001178974.1	76	190	246	338	450	542	570	685	820	435.22222222222223
NM_001178521.1	87	176	254	336	441	541	599	710	777	435.6666666666667
NM_001183908.1	85	172	256	352	438	519	639	688	772	435.6666666666667
NM_001180195.1	79	180	229	369	420	521	612	705	808	435.8888888888889
NM_001181091.1	94	175	246	351	431	536	591	678	822	436.0
NM_001182913.3	91	189	278	325	426	508	610	727	771	436.1111111111111
NM_001179066.1	80	189	230	342	414	537	627	731	777	436.3333333333333
NM_001182073.1	92	167	262	380	448	532	600	683	766	436.6666666666667
NM_001179087.1	86	164	266	355	425	508	634	698	794	436.6666666666667
NM_001180079.3	81	174	266	379	435	519	609	695	784	438.0
NM_001184253.1	91	165	262	348	440	550	592	709	789	438.44444444444446
NM_001179384.3	88	172	267	381	464	514	600	671	793	438.8888888888889
NM_001181097.1	92	178	260	370	445	527	608	685	787	439.1111111111111
NM_001180395.3	84	196	271	318	419	529	623	724	797	440.1111111111111
NM_001179273.1	82	185	259	381	450	518	619	711	759	440.44444444444446
NM_001182900.3	86	179	266	333	468	535	619	694	785	440.55555555555554
NM_001183846.1	92	192	265	355	445	490	633	719	778	441.0
NM_001181616.2	112	194	256	325	422	510	635	732	785	441.22222222222223
NM_001179757.1	72	179	263	373	478	561	583	710	763	442.44444444444446
NM_001183319.1	97	200	289	362	458	507	603	702	765	442.55555555555554
NM_001182502.1	88	188	269	357	454	530	597	690	810	442.55555555555554
NM_001184101.1	112	154	278	383	467	495	610	690	799	443.1111111111111
NM_001183161.1	100	161	275	373	429	535	603	716	797	443.22222222222223
NM_001183872.1	78	195	276	334	429	518	642	725	793	443.3333333333333
NM_001182814.1	95	171	246	372	430	532	649	700	802	444.1111111111111
NM_001179770.1	99	173	243	342	467	547	615	732	783	444.55555555555554
NM_001180187.1	103	171	277	344	454	545	619	703	787	444.77777777777777
NM_001181390.3	94	177	276	338	439	550	648	691	791	444.8888888888889
NM_001183101.1	85	165	261	365	454	526	642	705	803	445.1111111111111
NM_001180451.3	93	196	261	335	447	536	627	726	788	445.44444444444446
NM_001181599.1	88	180	262	356	424	553	647	674	831	446.1111111111111
NM_001183951.1	93	182	255	371	466	523	618	701	808	446.3333333333333
NM_001183471.1	82	194	272	364	442	540	625	719	787	447.22222222222223
NM_001183636.1	85	181	282	326	463	544	611	728	808	447.55555555555554
NM_001183223.1	79	182	255	323	452	560	653	711	827	449.1111111111111
NM_001183621.1	102	173	301	362	431	539	617	703	814	449.1111111111111
NM_001183118.1	82	195	261	347	440	533	643	731	817	449.8888888888889
NM_001179731.1	98	183	248	366	470	542	625	726	791	449.8888888888889
NM_001179062.1	101	168	288	378	484	554	586	682	817	450.8888888888889
NM_001179464.1	85	189	276	374	444	536	619	725	812	451.1111111111111
NM_001184018.1	86	190	275	351	462	510	642	739	811	451.77777777777777
NM_001178651.1	91	188	252	366	468	520	641	730	812	452.0
NM_001182193.1	91	171	281	360	456	553	651	735	784	453.55555555555554
NM_001182460.1	72	194	267	353	489	547	653	711	798	453.77777777777777
NM_001179761.1	74	194	300	351	455	541	659	699	821	454.8888888888889
NM_001179477.3	83	182	262	376	431	558	642	739	821	454.8888888888889
NM_001182023.1	92	178	277	390	466	553	631	704	805	455.1111111111111
NM_001178164.1	94	199	269	352	463	538	634	724	826	455.44444444444446
NM_001182179.1	77	206	280	375	460	584	615	720	792	456.55555555555554
NM_001183775.3	87	174	293	370	429	563	647	731	818	456.8888888888889
NM_001179574.3	79	177	294	356	450	517	640	729	880	458.0
NM_001179598.3	92	180	270	380	454	569	620	750	810	458.3333333333333
NM_001183943.1	79	213	287	361	470	588	634	702	791	458.3333333333333
NM_001183383.1	91	193	278	350	455	565	632	730	832	458.44444444444446
NM_001181733.3	85	183	284	385	426	595	666	704	801	458.77777777777777
NM_001181444.3	96	155	272	356	504	578	656	745	779	460.1111111111111
NM_001179623.1	89	155	285	368	487	544	672	734	807	460.1111111111111
NM_001180248.1	85	190	298	364	462	554	649	726	816	460.44444444444446
NM_001178490.1	93	202	268	358	482	563	636	713	829	460.44444444444446
NM_001181700.1	84	196	282	366	450	555	666	733	814	460.6666666666667
NM_001182977.3	100	171	314	361	462	573	648	711	806	460.6666666666667
NM_001178933.1	87	155	255	386	478	554	679	711	841	460.6666666666667
NM_001182979.1	80	199	275	366	456	546	615	773	837	460.77777777777777
NM_001183645.3	81	182	264	379	504	533	627	741	836	460.77777777777777
NM_001181373.3	91	185	260	363	511	541	637	732	838	462.0
NM_001181961.1	82	184	278	358	462	518	645	779	857	462.55555555555554
NM_001183325.1	97	196	270	373	430	542	686	737	840	463.44444444444446
NM_001270740.1	92	178	287	373	464	552	640	746	844	464.0
NM_001182143.1	74	179	271	395	497	534	665	743	822	464.44444444444446
NM_001180602.1	107	184	259	358	449	590	669	743	822	464.55555555555554
NM_001181625.1	110	185	274	392	448	555	666	712	842	464.8888888888889
NM_001182721.1	88	181	283	379	471	569	661	736	833	466.77777777777777
NM_001180405.3	99	182	294	375	458	550	641	761	848	467.55555555555554
NM_001184088.1	87	195	292	376	477	549	662	744	828	467.77777777777777
NM_001181659.3	104	199	292	356	465	561	632	736	867	468.0
NM_001183864.1	89	172	294	388	470	577	641	767	817	468.3333333333333
NM_001183001.1	109	187	299	377	449	548	677	737	833	468.44444444444446
NM_001180607.3	71	188	279	380	494	561	663	725	862	469.22222222222223
NM_001182318.3	111	173	260	370	473	554	652	759	880	470.22222222222223
NM_001183997.1	87	188	274	395	471	512	661	769	878	470.55555555555554
NM_001183330.1	78	187	296	366	488	590	656	744	837	471.3333333333333
NM_001178209.1	96	167	264	374	498	555	669	775	846	471.55555555555554
NM_001181066.1	96	205	262	362	481	558	687	755	842	472.0
NM_001183747.3	84	180	273	359	460	579	665	793	855	472.0
NM_001178170.2	92	192	291	370	477	563	692	739	838	472.6666666666667
NM_001182805.1	94	190	288	362	468	577	670	774	833	472.8888888888889
NM_001178592.3	97	203	297	378	465	557	630	762	868	473.0
NM_001178290.1	96	198	276	394	445	574	666	774	835	473.1111111111111
NM_001181336.1	88	196	271	384	488	552	677	742	864	473.55555555555554
NM_001178570.3	98	192	264	367	511	576	647	759	851	473.8888888888889
NM_001182951.1	102	226	273	374	458	560	670	766	836	473.8888888888889
NM_001180193.1	95	175	303	377	455	568	694	739	867	474.77777777777777
NM_001181068.1	98	193	278	370	476	561	674	772	852	474.8888888888889
NM_001180309.1	100	198	299	397	467	542	645	768	869	476.1111111111111
NM_001181745.1	89	190	278	383	459	621	659	764	845	476.44444444444446
NM_001179193.1	98	172	285	384	465	583	669	785	850	476.77777777777777
NM_001179870.3	111	199	288	392	469	554	658	753	869	477.0
NM_001180161.2	100	180	302	374	472	572	651	777	865	477.0
NM_001179486.3	85	199	295	378	498	563	657	764	868	478.55555555555554
NM_001178722.1	79	163	298	409	451	563	678	793	889	480.3333333333333
NM_001183215.1	95	202	287	383	471	603	664	779	844	480.8888888888889
NM_001181849.1	81	184	319	430	477	581	660	754	844	481.1111111111111
NM_001178577.3	84	183	279	389	489	550	721	757	882	481.55555555555554
NM_001182987.1	111	190	291	357	466	548	666	778	927	481.55555555555554
NM_001180685.3	101	186	289	364	486	607	680	733	894	482.22222222222223
NM_001183344.1	94	199	313	382	477	557	660	796	865	482.55555555555554
NM_001179153.1	106	201	292	389	492	592	685	750	836	482.55555555555554
NM_001181086.1	90	181	300	362	486	625	628	782	892	482.8888888888889
NM_001179294.1	99	204	295	394	467	599	645	786	867	484.0
NM_001181730.3	93	191	297	364	484	568	678	763	918	484.0
NM_001183594.1	105	206	285	379	435	626	680	762	891	485.44444444444446
NM_001179056.3	99	217	282	359	499	555	695	793	875	486.0
NM_001182340.1	91	165	289	378	464	599	683	810	895	486.0
NM_001178847.1	84	206	323	410	479	550	685	764	875	486.22222222222223
NM_001183480.1	90	186	287	360	507	588	682	815	862	486.3333333333333
NM_001178276.1	111	189	277	394	468	599	669	822	859	487.55555555555554
NM_001179143.1	92	175	297	377	500	613	681	782	878	488.3333333333333
NM_001184053.1	104	190	287	410	497	577	643	808	889	489.44444444444446
NM_001183077.1	96	200	258	395	515	586	683	784	894	490.1111111111111
NM_001181094.1	110	197	306	396	500	573	686	776	868	490.22222222222223
NM_001183303.1	87	204	322	383	498	581	689	774	880	490.8888888888889
NM_001182289.3	103	193	263	404	508	585	682	807	883	492.0
NM_001182219.1	93	205	287	391	483	611	684	799	888	493.44444444444446
NM_001184026.1	98	204	303	394	459	616	721	789	859	493.6666666666667
NM_001180789.3	100	196	312	400	507	570	713	769	881	494.22222222222223
NM_001181854.1	98	202	279	402	524	582	665	797	914	495.8888888888889
NM_001180608.3	98	208	293	400	493	614	735	745	882	496.44444444444446
NM_001178895.1	119	180	307	411	494	619	688	766	886	496.6666666666667
NM_001180059.1	93	198	273	405	478	594	675	816	940	496.8888888888889
NM_001180617.1	112	194	307	400	502	556	693	796	914	497.1111111111111
NM_001182948.1	104	211	308	394	500	588	705	801	867	497.55555555555554
NM_001184335.3	92	195	300	435	474	558	684	826	914	497.55555555555554
NM_001182472.1	114	194	305	371	482	616	720	767	912	497.8888888888889
NM_001182593.1	90	211	298	379	488	591	713	778	935	498.1111111111111
NM_001182135.1	95	203	277	395	529	613	705	795	883	499.44444444444446
NM_001178703.1	105	205	283	390	502	608	685	813	907	499.77777777777777
NM_001178374.1	104	224	312	390	520	567	702	778	906	500.3333333333333
NM_001179262.1	107	207	300	397	515	586	680	823	911	502.8888888888889
NM_001181051.1	106	186	326	414	528	609	688	777	892	502.8888888888889
NM_001181530.1	101	195	311	374	500	607	701	811	927	503.0
NM_001182259.3	95	225	311	398	485	603	689	823	904	503.6666666666667
NM_001178893.3	112	210	290	378	527	626	714	784	896	504.1111111111111
NM_001178519.3	96	190	337	402	492	601	712	818	889	504.1111111111111
NM_001183195.1	106	206	290	446	481	596	679	808	928	504.44444444444446
NM_001179729.1	95	187	296	411	516	611	724	812	889	504.55555555555554
NM_001178499.1	112	201	301	377	493	615	702	811	933	505.0
NM_001178553.3	106	216	291	419	508	605	690	795	919	505.44444444444446
NM_001179669.1	87	202	284	406	509	601	744	829	889	505.6666666666667
NM_001180518.3	102	177	308	401	496	629	739	796	906	506.0
NM_001178371.1	123	197	307	410	475	612	724	814	901	507.0
NM_001183470.1	99	176	312	432	508	605	709	811	920	508.0
NM_001178595.3	109	221	307	414	484	604	740	767	928	508.22222222222223
NM_001181248.1	73	210	311	381	514	604	744	820	918	508.3333333333333
NM_001180105.1	98	208	315	418	536	591	698	814	898	508.44444444444446
NM_001183069.1	102	197	293	389	520	647	727	793	908	508.44444444444446
NM_001178152.1	109	164	322	405	494	644	725	796	928	509.6666666666667
NM_001181036.1	111	209	275	440	524	584	741	814	892	510.0
NM_001178407.1	107	197	285	422	542	632	674	840	902	511.22222222222223
NM_001181502.1	89	221	283	389	512	623	734	817	935	511.44444444444446
NM_001180680.1	98	203	304	385	518	619	718	835	930	512.2222222222222
NM_001183194.3	115	201	304	414	532	597	719	816	915	512.5555555555555
NM_001179327.1	104	191	314	406	507	609	733	815	934	512.5555555555555
NM_001183190.3	108	214	301	403	518	608	724	847	895	513.1111111111111
NM_001181658.1	95	199	321	433	517	627	700	829	901	513.5555555555555
NM_001183629.3	98	196	294	437	534	643	709	801	910	513.5555555555555
NM_001183150.1	92	217	326	395	511	608	734	813	936	514.6666666666666
NM_001180908.1	101	191	304	449	524	618	742	780	926	515.0
NM_001181734.1	104	205	301	395	520	630	748	794	939	515.1111111111111
NM_001182375.1	97	230	311	424	536	615	675	805	944	515.2222222222222
NM_001182883.1	105	201	336	399	526	598	726	828	928	516.3333333333334
NM_001178979.3	108	208	291	383	544	609	760	844	910	517.4444444444445
NM_001178680.1	81	205	291	392	486	642	740	854	972	518.1111111111111
NM_001179054.1	113	201	309	436	508	618	735	799	945	518.2222222222222
NM_001183941.1	113	209	293	433	501	623	710	844	946	519.1111111111111
NM_001178512.3	111	196	293	409	531	634	733	827	952	520.6666666666666
NM_001179167.1	94	219	348	421	516	598	750	787	962	521.6666666666666
NM_001179120.1	96	224	338	411	508	625	737	805	959	522.5555555555555
NM_001183151.1	125	217	294	415	538	618	728	837	940	523.5555555555555
NM_001180250.2	98	234	314	435	505	646	756	818	911	524.1111111111111
NM_001183595.3	87	219	335	413	508	640	772	813	942	525.4444444444445
NM_001182695.1	125	194	306	444	519	630	714	821	979	525.7777777777778
NM_001183467.1	104	209	315	426	541	630	722	850	942	526.5555555555555
NM_001178383.1	111	205	334	413	516	631	742	842	954	527.5555555555555
NM_001184183.1	107	200	322	415	542	623	742	878	924	528.1111111111111
NM_001179472.3	131	205	283	447	524	612	756	858	938	528.2222222222222
NM_001178546.1	130	206	314	407	529	631	732	856	965	530.0
NM_001181578.1	101	209	311	427	529	657	712	864	962	530.2222222222222
NM_001179856.1	101	173	337	401	527	601	743	899	996	530.8888888888889
NM_001178319.1	101	234	318	420	519	615	767	802	1004	531.1111111111111
NM_001178948.3	98	215	337	377	541	643	729	895	949	531.5555555555555
NM_001180213.1	114	196	313	418	561	644	735	816	1002	533.2222222222222
NM_001178991.3	114	210	295	431	545	614	740	882	969	533.3333333333334
NM_001180881.1	110	209	333	404	552	614	741	869	969	533.4444444444445
NM_001183030.2	106	222	336	443	516	639	744	851	944	533.4444444444445
NM_001178166.1	102	213	306	442	543	629	756	848	963	533.5555555555555
NM_001181261.3	106	213	312	434	510	672	744	821	990	533.5555555555555
NM_001179967.1	107	220	344	410	547	645	747	850	941	534.5555555555555
NM_001182163.1	93	210	335	419	534	655	754	868	946	534.8888888888889
NM_001181672.1	106	209	308	428	532	639	733	878	985	535.3333333333334
NM_001183713.1	129	239	313	432	545	637	704	865	960	536.0
NM_001183998.1	117	202	339	433	532	624	747	869	962	536.1111111111111
NM_001182116.1	102	227	338	430	533	661	724	878	946	537.6666666666666
NM_001180354.3	107	223	315	445	524	638	730	882	975	537.6666666666666
NM_001179776.1	112	207	298	427	550	641	759	869	976	537.6666666666666
NM_001182362.1	113	216	323	420	561	603	729	877	999	537.8888888888889
NM_001181821.1	102	225	336	414	529	626	771	867	974	538.2222222222222
NM_001182494.1	99	219	336	430	543	633	745	894	950	538.7777777777778
NM_001184328.3	113	216	330	428	520	640	765	870	971	539.2222222222222
NM_001180364.3	113	216	347	420	563	648	741	829	978	539.4444444444445
NM_001178241.1	116	214	336	459	516	626	751	857	987	540.2222222222222
NM_001182309.3	126	233	328	458	534	652	739	838	958	540.6666666666666
NM_001179383.1	92	219	312	443	570	686	755	837	954	540.8888888888889
NM_001184024.1	108	199	319	434	550	666	768	860	968	541.3333333333334
NM_001183089.1	107	227	313	429	510	637	754	862	1037	541.7777777777778
NM_001179346.1	103	207	324	427	529	632	780	903	975	542.2222222222222
NM_001180785.3	108	227	325	463	521	674	728	873	968	543.0
NM_001181742.3	92	240	347	436	547	645	772	821	996	544.0
NM_001180472.1	129	211	296	422	563	634	779	878	989	544.5555555555555
NM_001179772.1	105	218	311	431	551	635	766	866	1018	544.5555555555555
NM_001181556.1	126	237	357	432	520	635	767	880	958	545.7777777777778
NM_001179769.1	120	214	334	440	536	645	777	840	1014	546.6666666666666
NM_001182807.1	128	201	325	407	573	670	742	936	942	547.1111111111111
NM_001180468.1	108	218	343	452	546	651	800	855	977	550.0
NM_001183399.2	103	234	312	456	578	638	767	885	985	550.8888888888889
NM_001180428.3	103	211	341	469	522	670	758	904	987	551.6666666666666
NM_001180063.1	111	198	366	476	549	669	755	861	980	551.6666666666666
NM_001181316.3	102	230	352	440	538	627	790	891	999	552.1111111111111
NM_001182629.1	101	212	287	483	556	643	790	904	997	552.5555555555555
NM_001179590.3	118	220	293	468	565	665	790	882	982	553.6666666666666
NM_001179336.1	120	235	351	407	543	649	776	911	996	554.2222222222222
NM_001181037.1	113	220	319	440	562	664	790	887	994	554.3333333333334
NM_001178837.1	105	240	316	445	546	641	781	899	1020	554.7777777777778
NM_001182926.3	118	222	321	474	533	682	749	888	1007	554.8888888888889
NM_001181550.1	112	214	360	468	540	677	779	891	968	556.5555555555555
NM_001178382.1	95	195	349	463	566	685	762	898	999	556.8888888888889
NM_001180636.3	96	242	335	460	569	676	791	884	967	557.7777777777778
NM_001179573.1	115	217	326	431	572	670	773	900	1021	558.3333333333334
NM_001182504.1	112	223	357	453	545	652	783	904	996	558.3333333333334
NM_001181921.2	107	218	325	459	576	693	790	853	1005	558.4444444444445
NM_001183138.1	112	226	349	391	598	684	793	912	978	560.3333333333334
NM_001178363.1	116	227	343	440	581	656	785	886	1010	560.4444444444445
NM_001178460.3	107	233	343	465	552	683	771	906	989	561.0
NM_001178996.1	112	210	318	459	583	678	784	883	1022	561.0
NM_001183433.1	113	224	332	426	605	667	801	878	1012	562.0
NM_001178715.1	127	235	323	446	532	713	774	898	1018	562.8888888888889
NM_001179925.1	126	218	343	489	589	651	765	886	1000	563.0
NM_001182940.3	102	219	330	428	552	686	797	906	1047	563.0
NM_001182000.1	115	238	329	436	562	700	791	872	1025	563.1111111111111
NM_001184080.1	98	247	336	451	580	635	809	900	1018	563.7777777777778
NM_001181301.3	107	234	347	473	551	620	776	927	1040	563.8888888888889
NM_001179612.1	113	224	320	471	573	699	796	878	1008	564.6666666666666
NM_001180879.1	112	221	347	488	539	698	750	926	1014	566.1111111111111
NM_001182779.1	109	214	349	422	597	678	774	920	1039	566.8888888888889
NM_001180866.1	119	235	310	474	590	678	791	910	1001	567.5555555555555
NM_001183583.3	123	209	323	461	558	664	822	925	1030	568.3333333333334
NM_001181576.1	109	225	332	430	541	702	795	958	1027	568.7777777777778
NM_001179634.1	109	220	337	454	553	692	811	918	1025	568.7777777777778
NM_001179639.1	114	236	344	449	596	676	798	899	1008	568.8888888888889
NM_001178459.1	115	224	358	495	577	650	792	906	1006	569.2222222222222
NM_001183504.1	134	226	324	432	545	720	773	913	1056	569.2222222222222
NM_001181467.1	126	228	319	445	587	698	792	895	1061	572.3333333333334
NM_001179872.3	116	238	344	472	559	690	806	929	1015	574.3333333333334
NM_001183281.1	138	236	364	455	596	661	773	934	1018	575.0
NM_001180484.3	125	235	361	448	592	701	773	914	1042	576.7777777777778
NM_001184286.1	112	233	359	486	577	707	773	929	1019	577.2222222222222
NM_001180706.1	125	242	356	442	553	745	811	913	1011	577.5555555555555
NM_001179582.3	128	224	351	474	550	711	819	897	1044	577.5555555555555
NM_001179041.3	120	241	336	429	564	716	834	912	1047	577.6666666666666
NM_001179004.1	104	240	342	434	582	692	821	938	1053	578.4444444444445
NM_001180162.1	104	235	376	479	570	651	817	929	1045	578.4444444444445
NM_001180643.1	107	236	346	493	605	658	827	898	1045	579.4444444444445
NM_001181056.1	122	234	346	475	566	673	828	896	1078	579.7777777777778
NM_001182968.3	125	236	361	489	590	691	805	915	1020	581.3333333333334
NM_001181130.3	103	254	353	462	549	730	844	925	1023	582.5555555555555
NM_001178384.1	114	231	320	461	598	698	845	913	1065	582.7777777777778
NM_001180119.1	114	226	335	446	597	685	813	941	1088	582.7777777777778
NM_001179846.1	120	222	359	486	576	668	800	966	1065	584.6666666666666
NM_001178922.1	118	206	360	496	593	665	805	949	1070	584.6666666666666
NM_001180857.3	120	222	345	468	585	688	806	952	1078	584.8888888888889
NM_001179388.3	127	248	366	448	604	679	823	931	1048	586.0
NM_001183510.1	124	233	344	465	615	688	837	920	1056	586.8888888888889
NM_001178216.1	135	199	378	479	568	700	868	911	1062	588.8888888888889
NM_001178892.1	112	220	357	488	587	707	827	923	1083	589.3333333333334
NM_001179424.1	105	210	343	471	646	649	846	957	1090	590.7777777777778
NM_001184288.1	118	218	370	490	608	702	863	919	1035	591.4444444444445
NM_001178939.3	110	224	365	463	611	689	855	941	1082	593.3333333333334
NM_001183543.3	117	257	355	462	584	720	845	973	1039	594.6666666666666
NM_001179412.1	118	244	382	467	613	713	828	924	1067	595.1111111111111
NM_001179874.3	134	239	359	486	588	745	832	962	1033	597.5555555555555
NM_001178778.1	138	236	379	477	588	697	833	956	1075	597.6666666666666
NM_001184077.1	113	226	371	472	596	695	848	958	1101	597.7777777777778
NM_001178596.3	100	240	348	433	629	744	835	964	1087	597.7777777777778
NM_001181315.1	122	242	325	486	612	707	837	940	1113	598.2222222222222
NM_001180821.1	114	231	358	460	600	729	868	982	1047	598.7777777777778
NM_001182832.1	111	220	378	506	613	695	850	989	1034	599.5555555555555
NM_001180131.1	113	239	360	488	581	722	841	970	1086	600.0
NM_001180942.1	119	253	328	499	587	683	871	963	1097	600.0
NM_001178878.1	126	240	344	473	614	719	843	946	1098	600.3333333333334
NM_001178918.1	137	229	359	443	615	752	848	956	1073	601.3333333333334
NM_001179038.3	113	239	374	447	635	721	799	966	1125	602.1111111111111
NM_001180032.3	134	258	353	476	602	705	834	947	1110	602.1111111111111
NM_001179651.1	123	241	362	482	615	703	832	973	1102	603.6666666666666
NM_001181110.1	153	215	323	486	614	722	822	991	1110	604.0
NM_001180457.1	148	246	355	483	595	733	856	972	1069	606.3333333333334
NM_001182467.1	104	252	348	521	606	705	846	993	1083	606.4444444444445
NM_001182560.1	127	248	380	506	595	729	825	977	1085	608.0
NM_001178436.1	127	260	329	511	630	739	863	955	1084	610.8888888888889
NM_001180669.3	128	250	322	528	609	734	846	980	1105	611.3333333333334
NM_001184226.1	129	220	368	475	590	756	865	1001	1101	611.6666666666666
NM_001183196.1	110	261	353	507	626	734	847	978	1111	614.1111111111111
NM_001178525.3	131	246	353	496	632	745	821	970	1139	614.7777777777778
NM_001180707.3	119	235	387	525	612	752	836	976	1096	615.3333333333334
NM_001178296.2	142	236	387	460	597	754	906	987	1072	615.6666666666666
NM_001183346.1	127	266	372	460	624	748	864	979	1110	616.6666666666666
NM_001179426.1	129	254	395	500	597	753	833	1000	1113	619.3333333333334
NM_001348887.1	119	251	392	492	640	740	867	945	1141	620.7777777777778
NM_001180688.3	116	242	394	486	622	758	842	1002	1134	621.7777777777778
NM_001181976.1	128	233	360	493	656	774	829	1005	1132	623.3333333333334
NM_001182392.1	133	255	358	509	625	710	861	1017	1142	623.3333333333334
NM_001183892.1	114	265	361	500	593	720	861	1070	1127	623.4444444444445
NM_001184518.1	109	247	384	518	635	715	828	1047	1132	623.8888888888889
NM_001181584.1	134	227	365	510	655	745	871	995	1115	624.1111111111111
NM_001184074.1	117	251	375	499	603	748	871	1000	1156	624.4444444444445
NM_001182082.1	111	255	368	498	630	746	913	999	1138	628.6666666666666
NM_001183514.1	119	252	363	530	662	754	891	995	1114	631.1111111111111
NM_001183145.1	114	253	365	500	622	796	909	1007	1119	631.6666666666666
NM_001183760.1	128	219	378	505	632	753	889	1028	1159	632.3333333333334
NM_001181896.1	103	261	407	511	586	759	925	1015	1138	633.8888888888889
NM_001178724.1	132	259	375	477	631	772	889	1018	1169	635.7777777777778
NM_001180191.1	120	251	391	516	651	807	886	976	1152	638.8888888888889
NM_001181320.1	128	268	366	514	655	782	913	1017	1116	639.8888888888889
NM_001180502.1	120	263	395	527	617	765	885	1025	1173	641.1111111111111
NM_001184057.1	119	247	384	485	680	740	931	1030	1155	641.2222222222222
NM_001181783.1	126	262	391	513	667	796	880	984	1176	643.8888888888889
NM_001181313.1	133	263	401	525	630	776	881	1056	1139	644.8888888888889
NM_001183626.1	131	245	381	518	640	787	907	1071	1125	645.0
NM_001182226.1	138	269	391	495	638	770	896	1056	1161	646.0
NM_001182527.1	117	253	416	533	635	779	878	1031	1172	646.0
NM_001180815.3	125	273	389	505	641	793	929	1043	1132	647.7777777777778
NM_001182630.1	123	242	407	497	687	765	915	1059	1148	649.2222222222222
NM_001181607.1	135	240	372	510	649	756	923	1076	1183	649.3333333333334
NM_001182922.1	154	245	400	515	637	771	919	1041	1180	651.3333333333334
NM_001181155.3	135	241	398	504	678	784	881	1054	1191	651.7777777777778
NM_001179263.1	135	266	391	519	611	783	928	1066	1167	651.7777777777778
NM_001178507.1	143	260	399	526	630	801	912	1063	1138	652.4444444444445
NM_001180606.1	125	256	392	515	680	748	937	1048	1179	653.3333333333334
NM_001183983.1	111	279	397	544	678	770	895	1041	1166	653.4444444444445
NM_001180171.1	128	291	360	517	640	755	914	1063	1220	654.2222222222222
NM_001178873.1	149	276	387	540	640	811	876	1045	1178	655.7777777777778
NM_001180002.3	129	253	391	530	665	762	945	1058	1177	656.6666666666666
NM_001178535.1	130	280	369	529	653	802	915	1036	1208	658.0
NM_001181374.3	152	249	416	509	661	780	923	1063	1171	658.2222222222222
NM_001182308.1	130	265	405	519	655	804	920	1047	1186	659.0
NM_001178862.3	133	280	387	518	658	771	936	1044	1221	660.8888888888889
NM_001181904.1	123	259	412	532	650	778	909	1065	1235	662.5555555555555
NM_001180540.1	115	285	364	502	693	821	927	1052	1212	663.4444444444445
NM_001182884.1	150	263	391	581	673	749	917	1067	1191	664.6666666666666
NM_001184160.1	148	273	368	553	657	782	909	1094	1213	666.3333333333334
NM_001178730.1	147	252	394	509	677	807	950	1045	1222	667.0
NM_001181645.1	125	278	393	531	695	819	880	1056	1232	667.6666666666666
NM_001179605.1	144	281	406	492	653	808	918	1110	1198	667.7777777777778
NM_001180137.1	160	268	390	562	692	788	919	1045	1192	668.4444444444445
NM_001181581.1	127	281	418	571	686	799	947	1035	1164	669.7777777777778
NM_001180382.1	124	261	394	552	644	816	943	1103	1203	671.1111111111111
NM_001182925.1	113	281	414	547	659	779	947	1084	1217	671.2222222222222
NM_001182276.1	132	286	372	566	698	774	904	1089	1232	672.5555555555555
NM_001180905.1	146	256	425	595	653	811	934	1062	1213	677.2222222222222
NM_001181259.1	137	245	400	540	661	827	970	1101	1218	677.6666666666666
NM_001178769.1	145	248	402	556	681	824	962	1081	1211	678.8888888888889
NM_001180021.1	150	260	416	563	660	839	953	1071	1218	681.1111111111111
NM_001178449.3	132	275	394	566	709	827	952	1036	1247	682.0
NM_001178397.1	144	271	391	573	687	801	906	1082	1286	682.3333333333334
NM_001178272.1	130	267	372	564	686	795	994	1069	1270	683.0
NM_001184121.1	143	305	418	535	719	812	950	1088	1180	683.3333333333334
NM_001179559.1	157	283	415	550	707	797	981	1064	1202	684.0
NM_001182410.1	131	272	417	551	646	832	965	1110	1232	684.0
NM_001181274.2	133	285	426	521	676	838	926	1096	1271	685.7777777777778
NM_001182956.1	120	276	400	595	642	822	973	1121	1240	687.6666666666666
NM_001183505.1	150	246	425	555	729	796	993	1078	1223	688.3333333333334
NM_001182744.1	150	275	400	541	719	803	971	1073	1264	688.4444444444445
NM_001183690.1	154	272	399	526	670	837	957	1132	1251	688.6666666666666
NM_001183584.1	129	270	414	544	683	837	990	1131	1203	689.0
NM_001180129.1	137	270	431	576	708	810	995	1088	1207	691.3333333333334
NM_001179474.1	131	261	418	534	709	840	957	1143	1236	692.1111111111111
NM_001183547.3	155	259	391	547	674	881	976	1136	1212	692.3333333333334
NM_001179633.1	162	268	439	558	694	818	974	1094	1228	692.7777777777778
NM_001181749.3	150	271	433	545	699	811	946	1076	1305	692.8888888888889
NM_001183949.1	167	283	443	567	682	861	913	1127	1208	694.5555555555555
NM_001182286.3	147	277	409	571	716	787	964	1145	1236	694.6666666666666
NM_001179204.1	159	280	391	575	687	804	955	1087	1329	696.3333333333334
NM_001178386.1	127	296	417	589	710	820	997	1052	1263	696.7777777777778
NM_001182579.1	142	281	439	539	673	880	971	1076	1272	697.0
NM_001179138.1	142	255	426	561	702	854	966	1131	1248	698.3333333333334
NM_001183900.1	117	276	422	581	722	806	1011	1107	1247	698.7777777777778
NM_001182651.1	151	285	423	552	693	814	973	1139	1269	699.8888888888889
NM_001179195.1	152	293	427	583	736	814	977	1105	1214	700.1111111111111
NM_001180409.1	128	317	399	594	681	818	972	1134	1259	700.2222222222222
NM_001181619.2	143	287	424	553	710	816	967	1140	1263	700.3333333333334
NM_001183691.3	154	281	436	586	666	822	985	1125	1251	700.6666666666666
NM_001184438.1	134	302	402	565	753	831	984	1106	1255	703.5555555555555
NM_001180914.1	123	290	393	611	704	827	1032	1047	1315	704.6666666666666
NM_001179046.3	143	265	446	549	715	849	962	1115	1301	705.0
NM_001179485.1	129	289	425	582	738	842	984	1142	1220	705.6666666666666
NM_001180892.1	142	278	446	555	675	847	1013	1129	1266	705.6666666666666
NM_001181775.1	143	269	430	547	666	861	1003	1129	1306	706.0
NM_001182609.1	132	294	440	560	703	845	998	1084	1303	706.5555555555555
NM_001182809.1	138	290	434	566	694	861	981	1139	1270	708.1111111111111
NM_001181987.1	135	272	415	596	764	829	990	1126	1283	712.2222222222222
NM_001179959.1	149	272	415	582	720	903	929	1114	1328	712.4444444444445
NM_001184049.1	169	269	414	521	693	894	1004	1151	1297	712.4444444444445
NM_001181252.3	134	282	408	531	736	899	996	1165	1263	712.6666666666666
NM_001180272.1	130	298	421	572	720	836	1001	1166	1273	713.0
NM_001183054.1	157	267	440	583	696	843	996	1156	1298	715.1111111111111
NM_001182523.1	155	270	433	547	702	819	1034	1189	1307	717.3333333333334
NM_001178211.1	159	296	403	564	722	871	1000	1151	1292	717.5555555555555
NM_001178955.1	145	297	449	577	715	840	993	1144	1300	717.7777777777778
NM_001178971.1	158	313	423	568	717	888	974	1138	1288	718.5555555555555
NM_001180296.1	147	271	439	579	716	883	1002	1116	1318	719.0
NM_001182591.1	131	279	416	566	720	855	1049	1185	1274	719.4444444444445
NM_001180336.1	133	305	441	561	741	839	989	1134	1343	720.6666666666666
NM_001184149.1	134	289	451	558	749	873	1007	1109	1332	722.4444444444445
NM_001183146.1	143	283	437	588	732	872	1027	1140	1286	723.1111111111111
NM_001183528.3	153	253	449	589	692	884	1027	1148	1318	723.6666666666666
NM_001183405.1	154	307	418	568	763	853	996	1165	1295	724.3333333333334
NM_001180987.3	145	325	425	594	753	875	1009	1128	1276	725.5555555555555
NM_001180769.3	134	283	409	586	714	885	1036	1191	1306	727.1111111111111
NM_001180348.1	146	300	420	579	716	869	1006	1206	1303	727.2222222222222
NM_001179083.1	157	282	435	599	711	879	1029	1144	1318	728.2222222222222
NM_001181673.3	169	281	444	574	715	897	1031	1162	1286	728.7777777777778
NM_001183013.2	132	296	455	579	726	859	1072	1168	1283	730.0
NM_001180962.1	151	286	446	610	746	859	1006	1194	1274	730.2222222222222
NM_001182016.1	146	301	451	574	746	881	1000	1167	1314	731.1111111111111
NM_001178790.1	143	290	444	608	729	861	998	1178	1340	732.3333333333334
NM_001182992.1	162	304	475	559	733	893	1043	1150	1275	732.6666666666666
NM_001183679.1	146	313	416	596	712	888	1000	1217	1306	732.6666666666666
NM_001181360.1	149	286	448	600	712	904	1018	1203	1298	735.3333333333334
NM_001184210.1	132	326	407	605	747	886	1019	1207	1289	735.3333333333334
NM_001180902.3	146	296	424	604	731	905	1031	1159	1324	735.5555555555555
NM_001180795.1	159	287	456	573	703	863	1069	1188	1332	736.6666666666666
NM_001178331.2	135	275	430	610	794	898	1002	1195	1303	738.0
NM_001184525.1	147	260	449	591	756	948	1013	1167	1316	738.5555555555555
NM_001180117.1	138	261	467	602	750	921	1002	1192	1319	739.1111111111111
NM_001182109.1	178	288	445	600	685	884	1031	1216	1354	742.3333333333334
NM_001180542.3	138	306	427	615	758	879	1053	1173	1348	744.1111111111111
NM_001179580.3	135	304	450	598	751	920	1090	1119	1330	744.1111111111111
NM_001180481.1	133	292	413	586	751	914	1040	1214	1355	744.2222222222222
NM_001180632.3	181	294	448	615	718	899	1063	1159	1344	746.7777777777778
NM_001179331.3	146	282	495	597	748	893	1043	1198	1355	750.7777777777778
NM_001183527.1	149	333	409	605	721	910	1048	1210	1374	751.0
NM_001182825.1	158	304	452	616	716	871	1057	1213	1380	751.8888888888889
NM_001182487.1	149	298	465	608	759	900	1040	1217	1332	752.0
NM_001181265.1	167	337	411	603	751	919	1025	1202	1365	753.3333333333334
NM_001181257.3	164	324	477	552	776	852	1064	1192	1380	753.4444444444445
NM_001183625.3	142	312	433	595	761	910	1046	1205	1389	754.7777777777778
NM_001180919.1	160	281	500	620	758	919	1014	1186	1368	756.2222222222222
NM_001183877.1	149	337	483	610	775	937	1051	1171	1349	762.4444444444445
NM_001179347.3	162	324	413	630	768	886	1054	1241	1385	762.5555555555555
NM_001179861.3	155	326	478	589	759	903	1084	1178	1392	762.6666666666666
NM_001180673.1	134	326	481	586	760	916	1080	1222	1362	763.0
NM_001179871.1	135	310	429	603	777	885	1092	1247	1395	763.6666666666666
NM_001183564.1	157	311	449	621	776	916	1112	1184	1354	764.4444444444445
NM_001181212.1	173	313	464	614	753	926	1067	1219	1359	765.3333333333334
NM_001182722.1	158	333	478	580	786	924	1040	1231	1365	766.1111111111111
NM_001183314.1	166	304	498	616	816	951	1048	1197	1380	775.1111111111111
NM_001180572.1	156	327	403	598	781	954	1107	1228	1423	775.2222222222222
NM_001183977.1	164	312	478	605	720	939	1060	1264	1436	775.3333333333334
NM_001183440.1	132	300	484	644	766	936	1104	1254	1369	776.5555555555555
NM_001179692.1	143	318	446	604	785	916	1150	1229	1404	777.2222222222222
NM_001183823.1	160	306	462	627	742	944	1134	1231	1394	777.7777777777778
NM_001182689.1	136	306	461	636	779	946	1100	1236	1402	778.0
NM_001178870.1	143	312	485	640	770	928	1098	1231	1399	778.4444444444445
NM_001180455.3	144	272	443	615	757	974	1133	1280	1396	779.3333333333334
NM_001179016.1	158	302	432	649	806	944	1084	1237	1407	779.8888888888889
NM_001182356.1	155	294	510	609	769	943	1087	1237	1417	780.1111111111111
NM_001181032.1	165	330	465	617	803	964	1084	1183	1420	781.2222222222222
NM_001178828.3	159	320	437	592	759	936	1128	1266	1439	781.7777777777778
NM_001180031.1	138	316	499	634	786	917	1096	1253	1402	782.3333333333334
NM_001179919.1	144	292	460	621	764	960	1118	1254	1434	783.0
NM_001184025.1	168	310	457	623	796	889	1129	1257	1421	783.3333333333334
NM_001178502.1	159	327	448	635	736	929	1138	1232	1451	783.8888888888889
NM_001180208.1	159	312	468	602	801	960	1096	1253	1405	784.0
NM_001182758.1	148	264	485	641	795	953	1043	1317	1413	784.3333333333334
NM_001180406.4	171	303	425	629	818	946	1115	1271	1392	785.5555555555555
NM_001182287.1	143	325	490	641	801	933	1131	1244	1397	789.4444444444445
NM_001181329.3	146	334	457	647	792	968	1091	1247	1434	790.6666666666666
NM_001181389.1	159	330	461	615	748	968	1163	1271	1402	790.7777777777778
NM_001180090.2	154	326	455	627	857	917	1118	1241	1430	791.6666666666666
NM_001184215.1	155	298	476	629	784	959	1148	1277	1400	791.7777777777778
NM_001178582.1	162	321	434	689	786	959	1099	1253	1450	794.7777777777778
NM_001181149.1	153	332	474	635	736	990	1103	1264	1473	795.5555555555555
NM_001182543.1	167	322	462	656	816	923	1083	1303	1436	796.4444444444445
NM_001184284.1	165	327	462	632	753	954	1128	1275	1483	797.6666666666666
NM_001183119.1	185	302	466	611	811	973	1141	1274	1427	798.8888888888889
NM_001182542.2	165	325	464	657	823	922	1088	1319	1443	800.6666666666666
NM_001183824.1	141	319	461	641	812	949	1128	1327	1433	801.2222222222222
NM_001182337.3	157	353	451	612	817	947	1154	1260	1472	802.5555555555555
NM_001182899.3	160	325	462	607	843	1020	1098	1290	1430	803.8888888888889
NM_001182326.1	164	360	478	659	803	957	1064	1308	1450	804.7777777777778
NM_001182544.1	146	321	499	652	820	962	1175	1256	1414	805.0
NM_001182493.1	150	326	474	661	825	965	1154	1247	1453	806.1111111111111
NM_001183704.1	154	319	500	659	775	968	1103	1302	1493	808.1111111111111
NM_001178365.1	150	303	480	673	797	971	1137	1315	1449	808.3333333333334
NM_001182059.1	147	327	499	684	840	966	1094	1269	1450	808.4444444444445
NM_001178660.1	168	321	468	644	819	977	1124	1278	1499	810.8888888888889
NM_001182297.3	175	313	465	653	811	992	1089	1323	1489	812.2222222222222
NM_001182224.1	154	322	470	666	815	939	1154	1311	1488	813.2222222222222
NM_001181473.1	174	311	483	664	814	975	1162	1246	1494	813.6666666666666
NM_001179708.1	154	319	499	656	837	977	1156	1290	1452	815.5555555555555
NM_001179229.1	154	331	514	644	774	982	1164	1332	1462	817.4444444444445
NM_001183643.1	172	360	505	667	820	969	1149	1288	1430	817.7777777777778
NM_001182570.1	150	331	498	647	865	1004	1128	1327	1414	818.2222222222222
NM_001179575.1	150	313	474	658	831	980	1136	1325	1509	819.5555555555555
NM_001183230.1	178	355	481	654	819	926	1223	1262	1482	820.0
NM_001182826.1	184	331	500	604	839	971	1152	1327	1504	823.5555555555555
NM_001181219.3	169	331	529	696	836	977	1156	1310	1430	826.0
NM_001183212.1	176	352	485	673	849	977	1153	1347	1432	827.1111111111111
NM_001179301.1	159	346	465	678	792	983	1184	1358	1482	827.4444444444445
NM_001183857.1	157	312	494	655	811	1020	1199	1358	1488	832.6666666666666
NM_001183275.1	182	314	504	701	819	1018	1135	1333	1501	834.1111111111111
NM_001182626.1	152	325	501	696	804	1031	1196	1335	1471	834.5555555555555
NM_001181604.2	172	333	512	671	824	965	1159	1357	1532	836.1111111111111
NM_001180370.1	143	326	517	647	852	1046	1167	1321	1516	837.2222222222222
NM_001179956.1	156	314	515	674	804	1032	1223	1336	1486	837.7777777777778
NM_001180033.1	141	344	476	690	834	1000	1217	1332	1521	839.4444444444445
NM_001178281.1	155	339	480	681	882	1027	1166	1325	1503	839.7777777777778
NM_001181302.1	158	321	507	666	852	1025	1145	1403	1488	840.5555555555555
NM_001181264.3	184	340	508	690	876	974	1144	1361	1509	842.8888888888889
NM_001178903.1	164	338	512	723	856	1028	1149	1304	1519	843.6666666666666
NM_001182511.1	175	341	469	658	850	1025	1182	1394	1520	846.0
NM_001179182.1	170	336	525	678	866	1006	1232	1327	1484	847.1111111111111
NM_001178497.3	178	338	518	677	837	1003	1180	1363	1540	848.2222222222222
NM_001179971.1	174	325	496	693	824	1021	1183	1368	1551	848.3333333333334
NM_001180964.3	157	338	490	674	832	1054	1202	1363	1526	848.4444444444445
NM_001182742.1	188	349	510	647	852	1028	1173	1328	1564	848.7777777777778
NM_001182405.1	171	358	532	693	853	1025	1178	1342	1490	849.1111111111111
NM_001178434.1	166	341	494	630	838	1041	1204	1388	1545	849.6666666666666
NM_001179267.1	171	333	514	657	822	1084	1196	1346	1524	849.6666666666666
NM_001179595.1	176	342	500	715	895	993	1163	1379	1496	851.0
NM_001184159.1	172	345	507	663	859	1029	1234	1332	1528	852.1111111111111
NM_001184209.1	155	363	520	681	856	1043	1169	1324	1560	852.3333333333334
NM_001179556.3	193	363	519	632	860	1032	1206	1347	1542	854.8888888888889
NM_001183517.1	174	327	527	667	848	1009	1207	1397	1542	855.3333333333334
NM_001178291.1	183	334	501	665	826	1027	1218	1403	1555	856.8888888888889
NM_001182804.1	169	346	485	710	815	1035	1222	1389	1542	857.0
NM_001182452.1	160	365	484	692	857	1046	1200	1383	1536	858.1111111111111
NM_001178285.1	183	352	525	724	810	1044	1196	1370	1542	860.6666666666666
NM_001182748.1	185	345	463	707	874	1026	1221	1379	1557	861.8888888888889
NM_001178786.2	183	336	496	667	925	1030	1149	1370	1603	862.1111111111111
NM_001178593.1	180	341	517	685	886	1057	1208	1338	1590	866.8888888888889
NM_001178985.3	189	354	558	681	865	1030	1197	1372	1571	868.5555555555555
NM_001179473.1	186	341	503	699	869	967	1259	1427	1611	873.5555555555555
NM_001182488.1	174	364	544	777	818	1044	1211	1406	1527	873.8888888888889
NM_001181413.3	181	357	512	682	936	1025	1162	1456	1555	874.0
NM_001180268.1	203	342	508	682	872	1042	1242	1394	1581	874.0
NM_001183292.1	148	338	508	725	862	1059	1194	1427	1607	874.2222222222222
NM_001182369.1	173	350	540	704	858	1075	1213	1393	1596	878.0
NM_001179774.1	178	363	517	695	910	1075	1215	1386	1564	878.1111111111111
NM_001178664.1	164	342	530	723	894	1076	1275	1348	1567	879.8888888888889
NM_001180805.1	172	343	538	705	901	1057	1265	1366	1574	880.1111111111111
NM_001180692.1	180	356	520	673	893	1014	1290	1414	1588	880.8888888888889
NM_001183662.1	184	362	536	693	919	1058	1200	1372	1606	881.1111111111111
NM_001179045.3	179	346	519	662	875	1098	1296	1400	1567	882.4444444444445
NM_001180016.3	182	374	550	696	833	1020	1258	1440	1590	882.5555555555555
NM_001178187.1	180	350	509	688	910	1053	1256	1404	1597	883.0
NM_001182465.1	183	332	503	721	907	1039	1282	1414	1573	883.7777777777778
NM_001180346.3	170	371	515	704	877	1032	1217	1483	1599	885.3333333333334
NM_001182144.1	202	369	509	697	903	1065	1178	1435	1630	887.5555555555555
NM_001179762.1	189	350	530	736	860	1098	1239	1419	1570	887.8888888888889
NM_001182750.1	157	355	544	689	874	1092	1286	1394	1607	888.6666666666666
NM_001183160.1	191	363	503	741	920	1025	1306	1415	1538	889.1111111111111
NM_001178875.1	197	357	518	711	854	1100	1244	1402	1624	889.6666666666666
NM_001178816.1	166	343	535	740	920	1093	1219	1399	1602	890.7777777777778
NM_001180957.1	163	384	560	729	853	1104	1206	1446	1586	892.3333333333334
NM_001179808.1	195	317	521	707	877	1067	1257	1436	1665	893.5555555555555
NM_001181143.3	180	360	504	766	845	1099	1278	1408	1625	896.1111111111111
NM_001178857.1	178	333	545	753	885	1013	1313	1493	1589	900.2222222222222
NM_001181841.1	191	354	554	704	908	1106	1259	1409	1629	901.5555555555555
NM_001180347.3	175	373	524	721	886	1067	1253	1496	1636	903.4444444444445
NM_001181427.1	183	366	551	723	876	1090	1217	1480	1660	905.1111111111111
NM_001178940.1	199	360	555	737	914	1102	1267	1403	1609	905.1111111111111
NM_001182445.1	164	392	550	760	917	1108	1200	1431	1637	906.5555555555555
NM_001183295.1	200	368	544	742	903	1089	1223	1482	1616	907.4444444444445
NM_001184076.1	167	396	508	718	889	1107	1278	1464	1645	908.0
NM_001183561.3	179	387	583	700	942	1067	1278	1439	1606	909.0
NM_001180427.1	190	368	533	743	916	1106	1251	1459	1630	910.6666666666666
NM_001179961.1	180	375	566	711	899	1088	1291	1450	1654	912.6666666666666
NM_001180810.3	190	365	557	772	880	1117	1242	1440	1662	913.8888888888889
NM_001183397.1	176	380	586	731	913	1106	1256	1402	1689	915.4444444444445
NM_001182841.3	169	377	535	734	972	1131	1258	1449	1692	924.1111111111111
NM_001183535.1	177	363	566	749	908	1124	1276	1499	1659	924.5555555555555
NM_001179228.1	180	386	571	753	892	1073	1302	1477	1697	925.6666666666666
NM_001183518.1	183	384	530	749	929	1160	1264	1447	1690	926.2222222222222
NM_001181629.1	162	350	546	787	936	1131	1295	1481	1651	926.5555555555555
NM_001184048.1	204	368	548	776	907	1101	1321	1468	1699	932.4444444444445
NM_001183139.1	195	380	557	741	947	1128	1301	1477	1677	933.6666666666666
NM_001184315.1	180	357	547	780	968	1109	1362	1463	1653	935.4444444444445
NM_001179148.1	186	412	537	738	900	1116	1321	1470	1747	936.3333333333334
NM_001183628.1	195	367	574	797	956	1101	1261	1441	1749	937.8888888888889
NM_001180017.1	170	381	552	777	956	1129	1318	1487	1675	938.3333333333334
NM_001180735.3	179	381	590	761	959	1078	1307	1509	1686	938.8888888888889
NM_001180340.1	182	367	582	709	1014	1102	1287	1526	1689	939.7777777777778
NM_001180612.3	185	363	575	717	946	1167	1319	1515	1680	940.7777777777778
NM_001180207.1	192	376	549	756	974	1130	1305	1517	1695	943.7777777777778
NM_001183331.2	200	374	577	777	971	1112	1293	1518	1674	944.0
NM_001179738.1	206	362	536	745	942	1125	1306	1590	1705	946.3333333333334
NM_001180696.1	201	353	576	760	933	1098	1360	1513	1742	948.4444444444445
NM_001182936.1	192	362	590	770	938	1142	1297	1526	1732	949.8888888888889
NM_001180654.3	184	386	528	749	942	1156	1358	1548	1717	952.0
NM_001180971.1	212	385	567	782	981	1120	1326	1482	1716	952.3333333333334
NM_001179723.2	195	374	600	756	946	1157	1290	1531	1734	953.6666666666666
NM_001182768.1	196	375	554	734	1010	1123	1337	1554	1706	954.3333333333334
NM_001179750.1	194	376	578	710	946	1178	1334	1535	1743	954.8888888888889
NM_001182535.1	182	398	563	759	951	1185	1278	1520	1759	955.0
NM_001182599.1	189	364	560	754	976	1191	1305	1531	1732	955.7777777777778
NM_001180110.1	208	401	545	763	970	1168	1324	1521	1741	960.1111111111111
NM_001180088.1	211	396	577	751	967	1124	1346	1529	1748	961.0
NM_001181705.3	188	379	581	748	960	1161	1387	1546	1707	961.8888888888889
NM_001180363.1	206	394	586	784	927	1170	1379	1493	1719	962.0
NM_001182632.1	201	366	540	766	949	1171	1328	1568	1774	962.5555555555555
NM_001181554.1	175	410	569	763	952	1168	1367	1510	1750	962.6666666666666
NM_001180343.3	180	370	566	795	960	1121	1383	1539	1754	963.1111111111111
NM_001181509.1	198	358	579	758	979	1177	1386	1569	1743	971.8888888888889
NM_001180651.1	204	389	556	752	985	1201	1406	1571	1691	972.7777777777778
NM_001184004.1	203	363	575	804	977	1189	1365	1558	1728	973.5555555555555
NM_001179380.3	199	385	589	766	943	1188	1347	1564	1782	973.6666666666666
NM_001179643.1	180	376	586	775	1015	1164	1406	1560	1704	974.0
NM_001184031.1	192	404	591	800	983	1147	1390	1551	1725	975.8888888888889
NM_001178566.1	181	387	576	780	994	1172	1309	1543	1852	977.1111111111111
NM_001179534.1	196	397	577	823	1000	1182	1375	1508	1769	980.7777777777778
NM_001183907.1	192	382	600	812	995	1210	1338	1546	1757	981.3333333333334
NM_001181828.1	207	371	602	820	1008	1114	1395	1561	1771	983.2222222222222
NM_001180650.3	206	397	568	762	998	1213	1419	1594	1710	985.2222222222222
NM_001179293.1	180	390	629	786	1017	1225	1354	1556	1760	988.5555555555555
NM_001183651.3	191	394	589	777	924	1292	1344	1600	1796	989.6666666666666
NM_001181104.1	200	383	567	778	979	1193	1395	1635	1802	992.4444444444445
NM_001180804.1	193	388	622	827	1003	1190	1359	1601	1784	996.3333333333334
NM_001181915.1	201	387	576	856	978	1198	1401	1604	1801	1000.2222222222222
NM_001182083.1	198	391	597	833	1033	1225	1365	1579	1787	1000.8888888888889
NM_001183178.1	224	375	582	775	1010	1202	1371	1626	1844	1001.0
NM_001182298.1	180	369	549	804	1006	1202	1458	1605	1850	1002.5555555555555
NM_001183680.3	220	364	598	800	998	1229	1436	1591	1795	1003.4444444444445
NM_001182876.1	197	395	618	791	978	1211	1422	1630	1795	1004.1111111111111
NM_001181868.1	175	387	620	808	1064	1242	1347	1608	1798	1005.4444444444445
NM_001178189.1	181	417	627	803	1000	1192	1448	1608	1778	1006.0
NM_001182380.1	219	409	563	774	1021	1190	1422	1643	1825	1007.3333333333334
NM_001183316.1	201	415	638	806	1033	1235	1389	1582	1795	1010.4444444444445
NM_001178428.3	186	408	613	875	1005	1194	1430	1598	1811	1013.3333333333334
NM_001180099.1	193	402	579	807	1031	1193	1440	1606	1891	1015.7777777777778
NM_001183931.1	188	411	611	849	1058	1205	1401	1646	1775	1016.0
NM_001183198.3	182	403	626	868	1018	1164	1427	1616	1841	1016.1111111111111
NM_001181065.3	204	399	614	788	1046	1252	1415	1610	1827	1017.2222222222222
NM_001183352.1	172	405	632	776	1013	1259	1442	1637	1831	1018.5555555555555
NM_001183959.1	203	475	600	788	1008	1195	1464	1602	1865	1022.2222222222222
NM_001180676.1	218	429	595	757	1020	1247	1406	1703	1834	1023.2222222222222
NM_001182592.1	203	420	608	797	1028	1241	1472	1617	1882	1029.7777777777778
NM_001183925.1	190	378	614	820	1037	1261	1443	1668	1864	1030.5555555555557
NM_001179258.1	204	388	610	807	1073	1254	1468	1652	1851	1034.111111111111
NM_001183794.1	220	414	585	826	1054	1215	1445	1681	1869	1034.3333333333333
NM_001180765.3	220	403	619	818	1004	1226	1527	1656	1838	1034.5555555555557
NM_001179365.1	229	398	608	823	1047	1219	1446	1689	1854	1034.7777777777778
NM_001183940.1	193	400	602	832	1066	1300	1388	1672	1875	1036.4444444444443
NM_001179238.1	209	396	630	865	1038	1311	1458	1612	1835	1039.3333333333333
NM_001181860.1	203	389	632	848	1042	1247	1441	1717	1847	1040.6666666666667
NM_001180286.1	210	418	634	831	1011	1281	1479	1634	1869	1040.7777777777778
NM_001178698.1	233	422	626	818	1052	1234	1443	1643	1912	1042.5555555555557
NM_001180601.1	193	413	613	823	1076	1267	1445	1699	1859	1043.111111111111
NM_001179026.1	223	401	607	810	1006	1274	1487	1681	1912	1044.5555555555557
NM_001184079.1	219	416	625	845	1031	1254	1465	1654	1894	1044.7777777777778
NM_001180927.1	195	394	623	835	1081	1237	1444	1701	1904	1046.0
NM_001180498.1	212	418	646	833	1074	1194	1453	1772	1838	1048.888888888889
NM_001179224.1	198	400	631	875	1007	1259	1513	1736	1833	1050.2222222222222
NM_001178673.1	192	434	619	862	1062	1226	1450	1754	1886	1053.888888888889
NM_001182429.1	194	438	663	847	1054	1244	1465	1699	1891	1055.0
NM_001181970.1	207	439	634	895	1039	1214	1507	1680	1890	1056.111111111111
NM_001184339.1	208	435	603	884	1094	1270	1533	1627	1860	1057.111111111111
NM_001180943.3	210	415	615	857	1083	1278	1500	1692	1872	1058.0
NM_001181296.3	215	412	644	841	1083	1277	1507	1617	1930	1058.4444444444443
NM_001179110.1	194	445	649	840	1059	1267	1480	1694	1955	1064.7777777777778
NM_001183086.1	234	426	663	833	1036	1303	1508	1674	1927	1067.111111111111
NM_001180379.1	202	432	633	882	1121	1291	1469	1711	1873	1068.2222222222222
NM_001179463.1	196	431	678	866	1036	1287	1504	1683	1936	1068.5555555555557
NM_001184205.1	203	435	630	865	1018	1300	1528	1702	1937	1068.6666666666667
NM_001180197.1	216	407	629	916	1077	1248	1480	1775	1927	1075.0
NM_001180791.1	218	452	650	857	1070	1285	1515	1746	1890	1075.888888888889
NM_001181511.1	226	434	620	868	1043	1286	1547	1717	1943	1076.0
NM_001181650.1	201	443	635	877	1111	1291	1511	1694	1934	1077.4444444444443
NM_001182451.1	225	406	610	838	1072	1283	1520	1743	2006	1078.111111111111
NM_001183737.3	203	433	634	836	1134	1320	1430	1731	1995	1079.5555555555557
NM_001184039.1	233	410	646	870	1087	1286	1507	1738	1940	1079.6666666666667
NM_001180519.3	223	423	608	873	1089	1313	1525	1733	1954	1082.3333333333333
NM_001178748.1	201	437	645	864	1081	1264	1559	1742	1954	1083.0
NM_001180818.1	200	422	678	816	1085	1279	1503	1761	2035	1086.5555555555557
NM_001184087.1	221	415	660	860	1098	1298	1537	1746	1945	1086.6666666666667
NM_001180522.3	209	416	652	901	1070	1303	1527	1722	1981	1086.7777777777778
NM_001178685.1	209	436	641	872	1055	1305	1519	1754	1990	1086.7777777777778
NM_001180566.3	231	445	633	835	1079	1275	1517	1760	2011	1087.3333333333333
NM_001179758.1	233	415	668	855	1077	1301	1536	1791	1917	1088.111111111111
NM_001179833.1	239	415	657	863	1125	1305	1528	1694	1987	1090.3333333333333
NM_001182428.1	217	437	636	862	1103	1285	1533	1794	1947	1090.4444444444443
NM_001178717.1	228	448	645	833	1070	1352	1491	1769	1992	1092.0
NM_001179670.1	204	427	675	905	1071	1283	1523	1735	2032	1095.0
NM_001184280.1	228	455	610	883	1143	1304	1547	1780	1935	1098.3333333333333
NM_001179393.1	227	430	681	893	1106	1343	1531	1736	1975	1102.4444444444443
NM_001183408.1	226	463	625	869	1102	1330	1581	1768	1980	1104.888888888889
NM_001184256.1	236	399	686	929	1104	1304	1507	1780	2004	1105.4444444444443
NM_001183081.2	239	419	677	855	1115	1317	1545	1777	2010	1106.0
NM_001180865.3	213	448	627	878	1147	1359	1548	1732	2026	1108.6666666666667
NM_001183658.6	233	456	643	838	1151	1379	1538	1805	1977	1113.3333333333333
NM_001178701.1	216	466	662	970	1054	1380	1591	1721	1986	1116.2222222222222
NM_001181184.1	228	447	658	868	1136	1318	1534	1839	2040	1118.6666666666667
NM_001178387.1	246	418	647	907	1089	1368	1573	1790	2043	1120.111111111111
NM_001179969.1	201	447	707	939	1081	1330	1584	1830	1969	1120.888888888889
NM_001182066.1	217	447	692	920	1149	1320	1609	1794	1977	1125.0
NM_001183106.1	243	428	675	901	1154	1360	1542	1828	2007	1126.4444444444443
NM_001180394.1	261	444	690	881	1101	1396	1535	1826	2038	1130.2222222222222
NM_001182359.1	224	486	649	932	1131	1284	1563	1858	2048	1130.5555555555557
NM_001180399.3	241	434	697	920	1108	1334	1548	1875	2045	1133.5555555555557
NM_001182983.1	237	434	628	919	1166	1355	1605	1849	2026	1135.4444444444443
NM_001178244.1	238	426	739	858	1115	1353	1605	1832	2064	1136.6666666666667
NM_001178257.1	243	435	724	885	1165	1359	1589	1819	2040	1139.888888888889
NM_001180015.1	242	462	728	936	1115	1365	1566	1845	2012	1141.2222222222222
NM_001181307.3	253	468	687	881	1185	1298	1569	1845	2087	1141.4444444444443
NM_001179156.1	225	457	709	912	1152	1346	1591	1830	2055	1141.888888888889
NM_001181286.1	251	452	673	900	1116	1393	1648	1788	2065	1142.888888888889
NM_001179975.1	218	456	679	968	1144	1366	1566	1850	2050	1144.111111111111
NM_001181664.3	224	455	712	908	1160	1412	1562	1832	2055	1146.6666666666667
NM_001178415.1	245	476	639	959	1181	1371	1583	1832	2038	1147.111111111111
NM_001182969.1	209	456	685	912	1208	1396	1603	1843	2039	1150.111111111111
NM_001179747.1	230	460	710	925	1147	1401	1584	1838	2071	1151.7777777777778
NM_001183905.1	236	456	697	899	1181	1381	1604	1861	2077	1154.6666666666667
NM_001183616.3	224	451	696	889	1145	1414	1643	1876	2070	1156.4444444444443
NM_001178943.1	207	437	721	925	1136	1451	1618	1878	2045	1157.5555555555557
NM_001182961.1	232	494	673	911	1178	1410	1646	1868	2018	1158.888888888889
NM_001180183.1	236	469	704	915	1165	1396	1627	1861	2114	1165.2222222222222
NM_001179803.3	229	477	700	953	1124	1450	1623	1891	2076	1169.2222222222222
NM_001178917.3	248	453	720	939	1162	1414	1616	1849	2136	1170.7777777777778
NM_001180893.3	228	473	720	870	1231	1412	1612	1968	2038	1172.4444444444443
NM_001183258.1	245	456	684	958	1156	1411	1704	1848	2091	1172.5555555555557
NM_001179014.3	250	475	727	938	1220	1425	1639	1839	2089	1178.0
NM_001179091.1	244	496	711	918	1176	1411	1642	1932	2091	1180.111111111111
NM_001181436.3	251	504	729	958	1156	1403	1603	1895	2147	1182.888888888889
NM_001184262.1	225	473	709	943	1195	1420	1665	1896	2155	1186.7777777777778
NM_001180584.1	216	497	739	902	1149	1468	1652	1976	2100	1188.7777777777778
NM_001182437.1	231	495	751	946	1174	1409	1688	1884	2143	1191.2222222222222
NM_001180184.1	234	470	705	984	1212	1456	1621	1895	2145	1191.3333333333333
NM_001180913.1	252	461	686	917	1201	1444	1680	1941	2148	1192.2222222222222
NM_001181382.1	252	499	728	937	1182	1420	1644	1984	2103	1194.3333333333333
NM_001179277.1	264	518	712	984	1201	1397	1665	1800	2241	1198.0
NM_001182709.1	252	471	722	974	1207	1449	1654	1933	2160	1202.4444444444443
NM_001183606.1	245	467	668	960	1222	1400	1668	2019	2183	1203.5555555555557
NM_001181723.3	251	464	721	919	1181	1437	1715	1974	2191	1205.888888888889
NM_001182433.1	231	463	734	986	1185	1442	1702	1930	2205	1208.6666666666667
NM_001182468.1	248	539	726	916	1178	1467	1741	1894	2172	1209.0
NM_001181454.1	244	474	712	997	1201	1467	1648	1889	2279	1212.3333333333333
NM_001181735.1	222	523	700	977	1202	1446	1656	1984	2214	1213.7777777777778
NM_001180368.3	232	486	721	995	1232	1481	1637	1966	2221	1219.0
NM_001180475.1	255	464	725	999	1210	1473	1678	1978	2193	1219.4444444444443
NM_001183673.1	227	487	719	976	1228	1480	1686	1955	2231	1221.0
NM_001179693.1	238	526	712	1029	1197	1484	1696	1887	2246	1223.888888888889
NM_001179442.1	231	523	722	971	1220	1450	1706	1943	2255	1224.5555555555557
NM_001182678.1	259	486	750	1036	1243	1447	1707	1909	2201	1226.4444444444443
NM_001183576.3	264	511	767	959	1222	1475	1722	2012	2159	1232.3333333333333
NM_001179172.1	250	477	742	989	1210	1511	1684	2025	2215	1233.6666666666667
NM_001178181.1	275	451	757	997	1230	1509	1743	1990	2234	1242.888888888889
NM_001183082.1	247	476	765	956	1249	1509	1768	1956	2261	1243.0
NM_001179391.3	227	500	787	1004	1257	1467	1783	1988	2180	1243.6666666666667
NM_001181605.1	269	505	779	1006	1265	1481	1744	1968	2187	1244.888888888889
NM_001180887.1	263	512	709	992	1296	1436	1763	2020	2228	1246.5555555555557
NM_001182444.1	228	520	752	994	1286	1510	1739	2010	2189	1247.5555555555557
NM_001180703.3	258	497	732	959	1219	1482	1810	2021	2256	1248.2222222222222
NM_001182647.1	270	508	727	1059	1261	1497	1752	1982	2188	1249.3333333333333
NM_001178690.1	235	554	738	978	1260	1494	1723	2006	2260	1249.7777777777778
NM_001183046.1	272	522	775	1018	1200	1460	1775	1968	2271	1251.2222222222222
NM_001178977.1	225	483	753	983	1277	1484	1733	2019	2304	1251.2222222222222
NM_001182923.3	232	502	751	1022	1260	1559	1762	2031	2212	1259.0
NM_001182203.2	241	481	728	1015	1301	1596	1748	2000	2235	1260.5555555555557
NM_001182317.1	239	509	766	993	1295	1444	1785	2027	2316	1263.7777777777778
NM_001178964.2	269	478	774	1044	1281	1519	1753	2009	2302	1269.888888888889
NM_001180702.3	278	487	814	985	1243	1479	1837	2028	2287	1270.888888888889
NM_001182959.3	237	537	753	1034	1247	1573	1787	2021	2271	1273.3333333333333
NM_001180876.3	251	492	735	1034	1311	1546	1792	2021	2309	1276.7777777777778
NM_001181633.1	245	506	779	1058	1236	1585	1819	2083	2293	1289.3333333333333
NM_001182189.1	280	526	767	1061	1304	1505	1809	2034	2321	1289.6666666666667
NM_001184113.1	279	533	788	1034	1232	1547	1811	2106	2336	1296.2222222222222
NM_001182546.1	243	513	814	1024	1292	1608	1829	2055	2321	1299.888888888889
NM_001178852.3	283	509	800	991	1299	1557	1768	2146	2359	1301.3333333333333
NM_001182236.1	252	525	825	1034	1281	1526	1848	2078	2350	1302.111111111111
NM_001178161.1	284	521	750	1011	1347	1598	1809	2050	2350	1302.2222222222222
NM_001179023.3	264	546	771	1049	1297	1570	1839	2111	2313	1306.6666666666667
NM_001183411.1	284	564	737	1050	1286	1569	1824	2097	2357	1307.5555555555557
NM_001182095.1	270	511	780	1085	1298	1568	1810	2087	2399	1312.0
NM_001184185.1	242	529	771	1021	1319	1590	1902	2081	2361	1312.888888888889
NM_001180074.1	275	530	759	1007	1332	1557	1873	2108	2402	1315.888888888889
NM_001181571.1	289	501	755	1066	1380	1569	1815	2125	2380	1320.0
NM_001181544.1	261	515	781	1032	1368	1570	1892	2134	2348	1322.3333333333333
NM_001179928.1	259	506	756	1088	1369	1609	1888	2120	2425	1335.5555555555557
NM_001181801.1	278	547	768	1113	1345	1617	1851	2115	2389	1335.888888888889
NM_001178264.1	277	539	791	1034	1313	1585	1933	2163	2403	1337.5555555555557
NM_001178474.1	255	545	803	1109	1295	1629	1891	2156	2405	1343.111111111111
NM_001179962.1	282	495	801	1094	1299	1618	1928	2211	2395	1347.0
NM_001178866.1	278	521	810	1124	1343	1572	1932	2158	2391	1347.6666666666667
NM_001183782.1	288	586	784	1046	1284	1644	1909	2172	2470	1353.6666666666667
NM_001178817.3	289	529	793	1095	1400	1568	1910	2155	2451	1354.4444444444443
NM_001179219.1	271	539	824	1083	1353	1662	1890	2142	2427	1354.5555555555557
NM_001178897.1	287	509	783	1116	1395	1634	1859	2156	2464	1355.888888888889
NM_001179012.1	251	573	768	1060	1338	1687	1959	2188	2387	1356.7777777777778
NM_001178457.1	267	511	813	1042	1429	1608	1910	2175	2501	1361.7777777777778
NM_001179015.3	293	563	787	1054	1372	1582	1905	2216	2488	1362.2222222222222
NM_001182970.1	260	522	805	1068	1331	1664	1928	2264	2461	1367.0
NM_001179777.1	295	563	810	1073	1327	1629	1919	2224	2480	1368.888888888889
NM_001180737.1	298	556	868	1083	1316	1689	1836	2216	2480	1371.3333333333333
NM_001181993.1	246	539	820	1086	1391	1654	1951	2174	2483	1371.5555555555557
NM_001178799.1	241	560	829	1086	1427	1600	1963	2179	2463	1372.0
NM_001180228.1	273	570	855	1111	1356	1606	1930	2221	2451	1374.7777777777778
NM_001181340.3	239	539	871	1110	1428	1631	1922	2170	2467	1375.2222222222222
NM_001179155.1	274	550	839	1083	1329	1727	1885	2197	2497	1375.6666666666667
NM_001183227.1	288	550	838	1076	1387	1678	1971	2200	2442	1381.111111111111
NM_001181183.4	257	566	854	1046	1411	1638	1907	2222	2553	1383.7777777777778
NM_001181435.1	237	564	864	1118	1384	1661	1924	2210	2510	1385.7777777777778
NM_001183666.1	293	550	822	1084	1412	1688	1928	2186	2571	1392.6666666666667
NM_001183678.3	285	552	839	1099	1392	1682	1962	2199	2544	1394.888888888889
NM_001178298.1	270	552	850	1097	1386	1584	2035	2247	2550	1396.7777777777778
CCW22	282	587	903	1099	1410	1662	1955	2233	2470	1400.111111111111
NM_001179838.1	283	602	886	1103	1372	1684	1940	2242	2525	1404.111111111111
NM_001178262.1	275	562	888	1117	1391	1711	1939	2239	2516	1404.2222222222222
NM_001178440.1	275	596	885	1167	1328	1690	1960	2242	2514	1406.3333333333333
NM_001183536.3	269	561	800	1154	1461	1697	1961	2204	2554	1406.7777777777778
NM_001183746.1	300	553	867	1108	1388	1697	1998	2230	2520	1406.7777777777778
NM_001180816.1	275	564	853	1117	1347	1653	2074	2238	2557	1408.6666666666667
NM_001184207.1	279	589	821	1109	1409	1731	1967	2260	2519	1409.3333333333333
NM_001181232.1	280	518	838	1171	1400	1675	1947	2292	2598	1413.2222222222222
NM_001183284.1	298	602	851	1123	1431	1653	1939	2273	2564	1414.888888888889
NM_001183079.1	286	581	856	1136	1364	1680	1955	2284	2599	1415.6666666666667
NM_001182849.3	261	546	827	1149	1416	1687	2019	2292	2598	1421.6666666666667
NM_001182819.1	305	539	899	1188	1404	1656	1998	2279	2550	1424.2222222222222
NM_001180442.3	294	531	865	1135	1410	1724	1990	2302	2576	1425.2222222222222
NM_001179177.1	295	574	846	1144	1457	1733	1969	2270	2604	1432.4444444444443
NM_001181542.1	263	564	861	1179	1424	1656	1993	2358	2599	1433.0
NM_001184032.1	313	549	918	1124	1532	1701	2044	2230	2504	1435.0
NM_001181347.3	280	564	837	1148	1412	1762	2023	2359	2543	1436.4444444444443
NM_001181483.1	297	584	860	1105	1480	1722	2033	2298	2575	1439.3333333333333
NM_001179321.1	295	575	855	1213	1443	1667	2048	2335	2622	1450.3333333333333
NM_001180877.1	281	592	899	1216	1443	1711	1965	2386	2574	1451.888888888889
NM_001182261.3	286	584	893	1146	1479	1681	2129	2319	2592	1456.5555555555557
NM_001183833.1	296	604	894	1167	1430	1739	2050	2293	2636	1456.5555555555557
NM_001181806.1	294	569	875	1205	1417	1770	2009	2352	2631	1458.0
NM_001182079.1	317	592	894	1222	1499	1695	2048	2305	2708	1475.5555555555557
NM_001182710.1	298	584	912	1194	1483	1743	2078	2383	2605	1475.5555555555557
NM_001183899.1	278	639	869	1190	1449	1770	2085	2348	2653	1475.6666666666667
NM_001180477.3	303	626	909	1221	1465	1756	2016	2319	2725	1482.2222222222222
NM_001182733.1	280	570	881	1221	1494	1769	2101	2372	2679	1485.2222222222222
NM_001180081.1	303	600	906	1195	1505	1802	2084	2368	2662	1491.6666666666667
NM_001181235.1	282	563	911	1204	1485	1824	2153	2383	2674	1497.6666666666667
NM_001183826.1	306	625	928	1178	1483	1772	2113	2366	2717	1498.6666666666667
NM_001182498.1	293	604	882	1214	1473	1812	2140	2435	2674	1503.0
NM_001179035.1	314	629	872	1218	1488	1802	2108	2408	2710	1505.4444444444443
NM_001179883.1	304	636	908	1211	1524	1816	2087	2404	2696	1509.5555555555557
NM_001184200.1	299	567	854	1235	1440	1893	2147	2473	2736	1516.0
NM_001183570.3	347	584	919	1257	1591	1814	2069	2419	2692	1521.3333333333333
NM_001178416.4	295	598	950	1177	1512	1826	2121	2445	2836	1528.888888888889
NM_001181446.1	318	594	953	1245	1536	1841	2137	2428	2750	1533.5555555555557
NM_001178912.1	312	584	919	1249	1569	1802	2174	2443	2797	1538.7777777777778
NM_001179490.1	301	604	929	1244	1550	1876	2140	2464	2748	1539.5555555555557
NM_001182621.1	339	616	930	1232	1585	1829	2148	2447	2734	1540.0
NM_001183695.3	311	568	915	1261	1567	1905	2154	2459	2753	1543.6666666666667
NM_001182904.1	288	629	940	1204	1555	1884	2124	2500	2791	1546.111111111111
NM_001178168.1	313	636	901	1262	1576	1855	2162	2499	2754	1550.888888888889
NM_001182273.3	312	574	880	1200	1554	1925	2185	2519	2835	1553.7777777777778
NM_001182267.1	287	640	939	1312	1550	1899	2176	2465	2831	1566.5555555555557
NM_001184516.1	313	601	948	1224	1573	1881	2209	2532	2833	1568.2222222222222
NM_001179948.1	320	626	923	1313	1581	1910	2191	2474	2824	1573.5555555555557
NM_001183555.1	286	659	932	1292	1545	1910	2213	2514	2827	1575.3333333333333
NM_001183649.3	298	633	936	1268	1579	1852	2288	2537	2818	1578.7777777777778
NM_001178611.3	355	621	914	1286	1556	1853	2239	2509	2897	1581.111111111111
NM_001179974.1	287	650	1000	1274	1579	1870	2182	2513	2905	1584.4444444444443
NM_001182917.1	330	587	964	1257	1583	1954	2224	2516	2870	1587.2222222222222
NM_001183351.1	338	626	930	1296	1581	1933	2165	2604	2873	1594.0
NM_001181442.2	321	640	922	1291	1512	1926	2285	2653	2866	1601.7777777777778
NM_001178658.1	298	586	950	1350	1559	1971	2226	2619	2985	1616.0
NM_001180541.3	324	647	957	1242	1598	1965	2264	2633	2924	1617.111111111111
NM_001182417.1	327	651	1022	1276	1646	1877	2241	2619	2903	1618.0
NM_001182797.1	309	616	975	1292	1579	1999	2289	2560	2954	1619.2222222222222
NM_001180629.3	334	668	937	1287	1641	1889	2291	2579	2978	1622.6666666666667
NM_001180762.1	346	716	966	1279	1588	1912	2258	2694	2924	1631.4444444444443
NM_001183220.1	338	640	944	1290	1649	1919	2300	2637	2976	1632.5555555555557
NM_001184125.1	315	658	956	1290	1611	2046	2298	2683	2951	1645.3333333333333
NM_001182976.1	313	693	974	1253	1590	1996	2316	2640	3039	1646.0
NM_001179274.1	342	676	1003	1321	1663	1896	2275	2688	2952	1646.2222222222222
NM_001178357.1	341	632	962	1298	1660	2013	2328	2648	2946	1647.5555555555557
NM_001179662.1	314	644	980	1340	1667	2004	2273	2659	2966	1649.6666666666667
NM_001178432.1	355	670	927	1366	1697	1969	2318	2623	2931	1650.6666666666667
NM_001183465.1	307	699	960	1339	1676	1985	2287	2619	3030	1655.7777777777778
NM_001182815.1	317	643	993	1284	1697	1941	2286	2716	3044	1657.888888888889
NM_001181474.3	338	666	987	1306	1655	1965	2383	2708	3059	1674.111111111111
NM_001182806.1	324	640	1067	1373	1593	2068	2325	2704	3040	1681.5555555555557
NM_001181090.1	334	649	1003	1385	1642	1978	2355	2733	3058	1681.888888888889
NM_001178880.3	312	718	1006	1308	1759	2090	2317	2661	3049	1691.111111111111
NM_001183795.3	344	687	1036	1314	1736	2064	2325	2718	3001	1691.6666666666667
NM_001178695.1	351	679	1041	1347	1659	1993	2444	2671	3094	1697.6666666666667
NM_001183244.1	335	708	1020	1409	1751	2010	2368	2677	3054	1703.5555555555557
NM_001182248.1	325	683	1063	1364	1704	2108	2423	2741	3079	1721.111111111111
NM_001181930.1	346	662	1019	1342	1770	2054	2433	2803	3081	1723.3333333333333
NM_001183377.1	345	623	1052	1352	1718	2068	2398	2817	3144	1724.111111111111
NM_001179781.1	350	672	1015	1409	1698	2104	2417	2787	3073	1725.0
NM_001179929.1	311	687	1055	1335	1804	2060	2422	2755	3107	1726.2222222222222
NM_001183603.3	313	758	1034	1384	1736	2062	2392	2770	3087	1726.2222222222222
NM_001178914.3	354	686	1008	1386	1789	2095	2424	2732	3071	1727.2222222222222
NM_001183085.1	343	647	1066	1390	1729	2088	2458	2708	3119	1727.5555555555557
NM_001178947.1	308	626	1035	1401	1733	2091	2439	2830	3110	1730.3333333333333
NM_001183093.1	353	707	1050	1418	1737	2085	2410	2744	3120	1736.0
NM_001179646.1	359	676	1030	1371	1710	2151	2407	2843	3150	1744.111111111111
NM_001181448.1	368	714	1045	1372	1708	2072	2501	2783	3170	1748.111111111111
NM_001184221.1	357	698	1069	1400	1778	2097	2461	2755	3126	1749.0
NM_001180546.3	323	689	1080	1421	1739	2048	2474	2747	3222	1749.2222222222222
NM_001179601.3	326	724	1048	1443	1761	2063	2459	2771	3208	1755.888888888889
NM_001180203.1	366	715	1084	1379	1701	2158	2519	2789	3146	1761.888888888889
NM_001180689.1	346	758	1047	1438	1760	2106	2396	2854	3165	1763.3333333333333
NM_001183439.1	386	714	1039	1353	1748	2140	2529	2867	3163	1771.0
NM_001181600.1	381	719	1056	1447	1746	2155	2501	2846	3116	1774.111111111111
NM_001180125.1	378	719	1071	1454	1763	2185	2386	2863	3180	1777.6666666666667
NM_001182578.1	354	730	1042	1430	1765	2149	2503	2810	3232	1779.4444444444443
NM_001178569.1	362	733	1049	1395	1750	2172	2423	2939	3223	1782.888888888889
NM_001181728.1	363	689	1071	1477	1785	2189	2491	2884	3210	1795.4444444444443
NM_001180027.1	359	736	1107	1455	1822	2093	2530	2837	3229	1796.4444444444443
NM_001179940.2	348	765	1085	1482	1763	2232	2443	2884	3213	1801.6666666666667
NM_001183058.1	354	733	1100	1408	1798	2236	2535	2806	3258	1803.111111111111
NM_001182972.3	349	726	1044	1394	1810	2141	2592	2900	3281	1804.111111111111
NM_001180066.1	340	725	1114	1394	1830	2206	2584	2832	3307	1814.6666666666667
NM_001180985.1	335	705	1112	1479	1800	2168	2647	2856	3230	1814.6666666666667
NM_001179791.1	379	712	1105	1453	1822	2174	2585	2852	3276	1817.5555555555557
NM_001180154.1	363	745	1114	1520	1795	2210	2509	2856	3283	1821.6666666666667
NM_001180156.1	372	696	1093	1461	1826	2177	2502	3008	3287	1824.6666666666667
NM_001178247.1	375	739	1056	1509	1790	2207	2517	2942	3344	1831.0
NM_001182256.1	359	736	1096	1397	1889	2231	2585	2908	3282	1831.4444444444443
NM_001179882.3	368	755	1091	1494	1867	2330	2455	2972	3194	1836.2222222222222
NM_001181013.1	334	752	1080	1467	1936	2282	2536	2898	3373	1850.888888888889
NM_001179198.1	355	784	1087	1501	1890	2215	2610	2964	3315	1857.888888888889
NM_001181245.1	339	723	1105	1507	1866	2291	2637	2914	3443	1869.4444444444443
NM_001181460.1	379	749	1067	1475	1888	2296	2661	2955	3379	1872.111111111111
NM_001178946.3	345	752	1097	1486	1920	2248	2624	3019	3490	1886.7777777777778
NM_001181314.3	397	775	1179	1525	1866	2263	2642	3067	3407	1902.3333333333333
NM_001179944.2	373	751	1093	1574	1928	2300	2696	3047	3460	1913.5555555555557
NM_001181722.1	372	752	1190	1517	1870	2291	2761	3057	3478	1920.888888888889
NM_001178841.1	394	790	1175	1504	1853	2335	2708	3114	3428	1922.3333333333333
NM_001184051.1	398	795	1144	1571	1957	2267	2681	3035	3543	1932.3333333333333
NM_001183028.1	382	779	1180	1564	1969	2356	2720	3088	3414	1939.111111111111
NM_001183027.1	379	786	1163	1561	1979	2334	2708	3082	3556	1949.7777777777778
NM_001178430.1	413	813	1140	1532	1945	2313	2717	3195	3530	1955.3333333333333
NM_001180220.1	388	802	1165	1639	1902	2381	2700	3170	3547	1966.0
NM_001178963.1	387	764	1171	1555	2028	2390	2740	3162	3529	1969.5555555555557
NM_001181166.3	351	817	1146	1573	1922	2455	2765	3182	3538	1972.111111111111
NM_001182648.1	340	766	1217	1570	1966	2417	2798	3164	3555	1977.0
NM_001180159.1	365	811	1187	1610	1990	2380	2798	3150	3523	1979.3333333333333
NM_001184278.1	356	794	1130	1591	2028	2376	2811	3221	3525	1981.3333333333333
NM_001178631.1	428	770	1172	1574	1988	2325	2814	3177	3592	1982.2222222222222
NM_001178454.1	396	833	1212	1623	2014	2317	2768	3153	3567	1987.0
NM_001184133.1	389	848	1174	1548	2032	2412	2772	3237	3565	1997.4444444444443
NM_001180496.3	418	798	1257	1611	2043	2465	2786	3155	3562	2010.5555555555557
NM_001182767.1	375	802	1217	1691	2030	2422	2803	3198	3740	2030.888888888889
NM_001178900.1	424	852	1214	1560	2054	2443	2812	3259	3693	2034.5555555555557
NM_001178675.1	399	815	1248	1660	2031	2422	2960	3191	3627	2039.2222222222222
NM_001180520.1	398	788	1248	1653	2053	2481	2876	3357	3705	2062.1111111111113
NM_001178706.1	407	782	1297	1615	2076	2477	2956	3268	3696	2063.777777777778
NM_001182820.1	383	826	1225	1599	2064	2463	2923	3345	3748	2064.0
NM_001182335.3	429	825	1253	1674	2070	2467	2898	3331	3706	2072.5555555555557
NM_001184130.1	409	775	1214	1713	2028	2481	2954	3339	3796	2078.777777777778
NM_001183541.3	379	848	1294	1655	2005	2503	2958	3329	3748	2079.8888888888887
NM_001178981.1	418	863	1263	1708	2062	2506	2968	3258	3678	2080.4444444444443
NM_001178243.1	398	796	1246	1762	2085	2565	2878	3321	3774	2091.6666666666665
NM_001181859.1	409	862	1236	1652	2114	2475	2974	3354	3834	2101.1111111111113
NM_001182431.1	417	794	1322	1715	2126	2487	2929	3340	3797	2103.0
NM_001181943.1	416	881	1262	1657	2123	2550	2954	3410	3710	2107.0
NM_001178894.1	407	827	1279	1790	2111	2562	2989	3344	3844	2128.1111111111113
NM_001178597.1	425	845	1256	1684	2182	2553	3045	3440	3785	2135.0
NM_001181318.1	434	850	1311	1717	2085	2577	3077	3323	3864	2137.5555555555557
NM_001179457.3	416	827	1304	1731	2125	2614	3026	3439	3855	2148.5555555555557
NM_001182942.1	436	890	1326	1747	2206	2606	3048	3384	3914	2173.0
NM_001178961.1	425	890	1326	1714	2171	2657	3052	3534	3802	2174.5555555555557
NM_001184445.1	442	872	1266	1719	2252	2616	3047	3467	3902	2175.8888888888887
NM_001183968.1	452	878	1303	1710	2197	2591	3044	3507	3904	2176.222222222222
NM_001179010.3	476	868	1277	1725	2264	2556	2983	3448	4017	2179.3333333333335
NM_001178279.1	412	896	1330	1739	2179	2651	3077	3431	3940	2183.8888888888887
NM_001183125.1	469	891	1328	1751	2208	2677	3105	3522	3955	2211.777777777778
NM_001183818.1	428	907	1337	1771	2248	2642	3120	3532	3936	2213.4444444444443
NM_001178287.1	460	866	1342	1806	2189	2651	3181	3448	3990	2214.777777777778
NM_001180029.1	522	895	1349	1752	2120	2725	3154	3530	3974	2224.5555555555557
NM_001178886.1	462	860	1301	1782	2251	2667	3120	3523	4060	2225.1111111111113
NM_001183743.1	450	863	1319	1734	2265	2686	3125	3511	4083	2226.222222222222
NM_001182582.1	466	892	1346	1686	2229	2649	3172	3536	4062	2226.4444444444443
NM_001178794.1	426	892	1338	1821	2215	2646	3218	3587	3937	2231.1111111111113
NM_001178861.1	439	878	1354	1774	2272	2694	3097	3537	4094	2237.6666666666665
NM_001179081.1	467	913	1362	1786	2250	2706	3205	3548	3989	2247.3333333333335
NM_001183850.1	472	884	1322	1803	2247	2763	3205	3518	4063	2253.0
NM_001182507.1	478	886	1377	1826	2263	2758	3139	3572	4036	2259.4444444444443
NM_001182909.3	477	932	1364	1776	2308	2686	3101	3590	4173	2267.4444444444443
NM_001181383.3	462	882	1302	1827	2288	2747	3218	3630	4073	2269.8888888888887
NM_001182783.1	394	916	1375	1844	2219	2785	3216	3744	4112	2289.4444444444443
NM_001181072.1	490	933	1327	1850	2374	2781	3216	3600	4122	2299.222222222222
NM_001182754.1	442	894	1366	1865	2268	2771	3262	3708	4187	2307.0
NM_001180231.1	444	942	1451	1883	2387	2748	3177	3738	4084	2317.1111111111113
NM_001178682.1	450	931	1395	1829	2290	2830	3203	3696	4248	2319.1111111111113
NM_001180435.1	430	944	1370	1857	2372	2849	3230	3721	4145	2324.222222222222
NM_001179114.1	460	925	1412	1876	2330	2819	3257	3718	4159	2328.4444444444443
NM_001178270.1	427	962	1354	1908	2307	2753	3319	3797	4166	2332.5555555555557
NM_001179711.1	461	939	1375	1863	2379	2841	3317	3778	4257	2356.6666666666665
NM_001179528.3	462	986	1406	1877	2390	2848	3251	3711	4298	2358.777777777778
NM_001180920.3	452	904	1451	1866	2313	2862	3350	3813	4250	2362.3333333333335
NM_001181304.1	436	972	1461	1913	2333	2899	3244	3739	4276	2363.6666666666665
NM_001178982.3	429	955	1480	1955	2438	2754	3377	3829	4340	2395.222222222222
NM_001178510.1	518	962	1444	1850	2408	2872	3367	3879	4263	2395.8888888888887
NM_001181214.1	425	966	1409	1966	2391	2854	3397	3835	4326	2396.5555555555557
NM_001182973.1	470	949	1397	1884	2450	2863	3295	3955	4373	2404.0
NM_001183617.1	475	1008	1436	1831	2424	2874	3386	3811	4396	2404.5555555555557
NM_001181000.3	512	999	1487	1914	2398	2928	3343	3852	4334	2418.5555555555557
NM_001182846.1	478	960	1440	1934	2461	2902	3436	3888	4300	2422.1111111111113
NM_001184138.1	497	964	1449	1958	2387	2948	3379	3875	4434	2432.3333333333335
NM_001183393.1	528	995	1433	1970	2468	2876	3372	3885	4406	2437.0
NM_001179722.1	533	996	1506	1953	2458	2873	3450	3830	4352	2439.0
NM_001180407.3	490	1006	1517	1954	2440	2895	3419	3893	4394	2445.3333333333335
NM_001184246.1	487	989	1486	2001	2416	2977	3441	3834	4382	2445.8888888888887
NM_001183862.1	517	927	1494	1828	2494	2901	3468	3987	4402	2446.4444444444443
NM_001180649.3	472	943	1447	1989	2467	3060	3438	3962	4354	2459.1111111111113
NM_001182366.1	490	972	1455	1962	2463	2908	3468	4057	4497	2474.6666666666665
NM_001180205.1	490	1014	1441	2012	2479	2976	3419	3993	4468	2476.8888888888887
NM_001182062.1	487	966	1531	2005	2475	3011	3455	4031	4502	2495.8888888888887
NM_001179137.1	474	1002	1494	1974	2487	3077	3477	4035	4563	2509.222222222222
NM_001178855.3	481	1081	1533	2002	2487	3032	3484	4104	4519	2524.777777777778
NM_001182040.1	534	1034	1512	2048	2574	3084	3458	4006	4559	2534.3333333333335
NM_001180653.1	507	1036	1520	2050	2483	3089	3514	4059	4568	2536.222222222222
NM_001182151.1	514	1043	1526	2038	2604	3011	3565	4100	4543	2549.3333333333335
NM_001178427.1	509	957	1511	2034	2506	3130	3552	4121	4627	2549.6666666666665
NM_001179425.1	524	1039	1516	2014	2596	3007	3584	4100	4582	2551.3333333333335
NM_001182363.1	534	989	1569	1979	2565	3090	3583	4084	4710	2567.0
NM_001179922.1	520	1064	1560	2067	2590	3079	3614	4044	4619	2573.0
NM_001178529.3	514	1035	1530	1985	2625	3087	3629	4189	4682	2586.222222222222
NM_001180009.1	497	1023	1560	2139	2638	3032	3639	4059	4696	2587.0
NM_001181038.1	549	1025	1521	2014	2554	3143	3697	4147	4717	2596.3333333333335
NM_001181067.1	529	1021	1553	2117	2577	3087	3661	4153	4694	2599.1111111111113
NM_001182101.1	493	1013	1595	2115	2645	3129	3641	4169	4658	2606.4444444444443
NM_001180200.1	529	990	1512	2064	2624	3168	3734	4275	4716	2623.5555555555557
NM_001183802.1	507	1018	1579	2130	2638	3167	3747	4187	4736	2634.3333333333335
NM_001180310.1	526	1059	1585	2088	2649	3189	3749	4168	4777	2643.3333333333335
NM_001178491.3	538	1034	1601	2106	2693	3156	3762	4267	4727	2653.777777777778
NM_001181189.3	514	1049	1621	2082	2712	3182	3789	4253	4823	2669.4444444444443
NM_001182294.3	514	1100	1586	2195	2684	3197	3778	4244	4856	2683.777777777778
NM_001183426.1	570	1096	1643	2240	2735	3215	3764	4225	4848	2704.0
NM_001183803.3	562	1090	1619	2140	2727	3325	3752	4305	4865	2709.4444444444443
NM_001183689.3	519	1071	1714	2206	2704	3218	3807	4321	4847	2711.8888888888887
NM_001180661.1	526	1088	1626	2164	2758	3222	3815	4364	4898	2717.8888888888887
NM_001178242.1	553	1080	1659	2180	2651	3234	3910	4445	4904	2735.1111111111113
NM_001182131.1	516	1103	1645	2244	2728	3204	3784	4420	4980	2736.0
NM_001181393.3	537	1137	1684	2213	2688	3251	3805	4348	5007	2741.1111111111113
NM_001182277.3	547	1055	1657	2232	2782	3339	3803	4376	4909	2744.4444444444443
NM_001184132.2	511	1092	1654	2238	2777	3316	3818	4442	4873	2746.777777777778
NM_001182950.3	548	1147	1616	2147	2796	3264	3862	4470	4872	2746.8888888888887
NM_001178312.1	567	1049	1670	2220	2820	3308	3776	4382	4942	2748.222222222222
NM_001179471.2	552	1091	1690	2188	2741	3328	3882	4425	4897	2754.8888888888887
NM_001182701.1	547	1092	1697	2226	2765	3373	3862	4330	5013	2767.222222222222
NM_001181767.3	590	1137	1691	2154	2777	3321	3819	4422	5021	2770.222222222222
NM_001179683.1	615	1067	1620	2305	2800	3311	3839	4497	5036	2787.777777777778
NM_001181338.3	540	1126	1684	2268	2713	3329	3979	4549	5053	2804.5555555555557
NM_001183165.2	602	1205	1721	2284	2847	3305	3885	4374	5063	2809.5555555555557
NM_001184166.1	570	1152	1692	2291	2804	3349	3937	4483	5065	2815.8888888888887
NM_001181309.3	563	1141	1689	2348	2765	3362	3996	4473	5079	2824.0
NM_001181288.1	605	1127	1730	2234	2859	3406	3961	4548	5042	2834.6666666666665
NM_001181763.1	552	1151	1708	2268	2829	3429	4000	4469	5141	2838.5555555555557
NM_001182103.1	551	1147	1745	2256	2859	3396	4046	4534	5158	2854.6666666666665
NM_001183730.1	575	1219	1750	2176	2832	3430	3973	4628	5111	2854.8888888888887
NM_001182243.1	589	1181	1727	2343	2816	3416	3969	4543	5163	2860.777777777778
NM_001179339.3	556	1152	1763	2306	2901	3387	4062	4639	5134	2877.777777777778
NM_001183895.1	589	1186	1705	2305	2995	3539	4078	4588	5150	2903.8888888888887
NM_001183781.3	594	1193	1795	2406	2963	3567	4126	4663	5172	2942.1111111111113
NM_001184303.1	537	1156	1764	2353	2955	3480	4202	4705	5337	2943.222222222222
NM_001183761.3	576	1142	1746	2393	2913	3458	4199	4762	5317	2945.1111111111113
NM_001181914.1	594	1162	1760	2364	2857	3471	4203	4826	5298	2948.3333333333335
NM_001178739.1	622	1201	1791	2323	2960	3561	4069	4697	5403	2958.5555555555557
NM_001184107.1	621	1195	1864	2389	2966	3637	4221	4854	5410	3017.4444444444443
NM_001180532.3	595	1221	1845	2357	3023	3630	4212	4943	5395	3024.5555555555557
NM_001180341.1	584	1217	1854	2448	3049	3668	4315	4847	5487	3052.1111111111113
NM_001178339.2	583	1233	1890	2495	3021	3681	4355	4890	5556	3078.222222222222
NM_001183842.1	615	1250	1860	2455	3045	3735	4280	5026	5517	3087.0
NM_001182414.1	646	1236	1902	2493	3068	3802	4307	5017	5561	3114.6666666666665
NM_001178463.1	630	1226	1793	2536	3139	3820	4398	5021	5609	3130.222222222222
NM_001179620.1	615	1190	1888	2512	3198	3833	4324	5114	5753	3158.5555555555557
NM_001181947.1	614	1296	1821	2381	3129	3832	4525	5080	5841	3168.777777777778
NM_001182188.1	637	1268	1884	2567	3115	3794	4443	5102	5712	3169.1111111111113
NM_001178916.1	657	1241	1959	2587	3241	3732	4408	5077	5766	3185.3333333333335
NM_001182301.1	650	1297	1975	2521	3221	3821	4641	5115	5820	3229.0
NM_001180319.1	691	1303	1860	2658	3239	3885	4552	5232	5801	3246.777777777778
NM_001178358.1	629	1310	1991	2548	3254	3845	4647	5240	5793	3250.777777777778
NM_001182855.1	691	1343	1922	2670	3345	3934	4590	5131	5907	3281.4444444444443
NM_001179150.1	637	1342	1984	2579	3270	4031	4559	5225	5950	3286.3333333333335
NM_001181779.3	628	1302	1969	2647	3358	3860	4630	5255	5976	3291.6666666666665
NM_001181797.3	665	1340	1979	2626	3281	3984	4689	5197	5892	3294.777777777778
NM_001182067.1	626	1363	1997	2574	3309	3898	4664	5344	5887	3295.777777777778
NM_001181333.3	671	1330	2001	2615	3244	3900	4728	5296	5898	3298.1111111111113
NM_001180779.1	647	1341	1974	2713	3276	3906	4578	5272	5988	3299.4444444444443
NM_001178927.1	700	1283	1898	2683	3283	3949	4698	5300	5940	3303.777777777778
NM_001180465.3	670	1279	1911	2735	3253	4003	4624	5326	5996	3310.777777777778
NM_001180437.3	660	1334	1953	2708	3240	4006	4660	5290	6040	3321.222222222222
NM_001183752.3	662	1389	1997	2699	3328	3989	4715	5365	6067	3356.777777777778
NM_001181002.1	673	1364	2002	2713	3378	4039	4766	5400	6008	3371.4444444444443
NM_001178846.3	639	1318	2018	2728	3452	4093	4702	5424	6018	3376.8888888888887
NM_001180693.1	692	1308	2079	2724	3402	4040	4690	5416	6084	3381.6666666666665
NM_001180190.1	687	1353	2070	2749	3412	4088	4729	5326	6112	3391.777777777778
NM_001180252.1	679	1362	2031	2660	3498	4088	4762	5430	6108	3402.0
NM_001181870.1	685	1392	2130	2698	3388	3954	4741	5450	6190	3403.1111111111113
NM_001180255.2	676	1341	2044	2692	3429	4171	4808	5462	6257	3431.1111111111113
NM_001179271.1	732	1346	2045	2721	3445	4019	4809	5554	6254	3436.1111111111113
NM_001182831.3	712	1338	2042	2803	3408	4179	4760	5532	6172	3438.4444444444443
NM_001182175.1	722	1347	2173	2783	3427	4078	4818	5584	6191	3458.1111111111113
NM_001183653.3	662	1411	2120	2820	3451	4162	4905	5519	6158	3467.5555555555557
NM_001184346.3	664	1341	2141	2812	3481	4149	4824	5614	6272	3477.5555555555557
NM_001178469.2	684	1437	2115	2768	3549	4228	4881	5568	6278	3500.8888888888887
NM_001182508.1	728	1431	2146	2756	3499	4258	4917	5538	6282	3506.1111111111113
NM_001181190.1	702	1390	2126	2880	3520	4245	4989	5709	6479	3560.0
NM_001180479.3	735	1400	2147	2836	3562	4301	4965	5734	6462	3571.3333333333335
NM_001180533.3	684	1435	2125	2857	3623	4266	4978	5771	6536	3586.1111111111113
NM_001182608.1	719	1458	2096	2857	3510	4398	5050	5728	6482	3588.6666666666665
NM_001180740.3	724	1456	2110	2819	3683	4291	5055	5844	6370	3594.6666666666665
NM_001179157.1	716	1468	2218	2969	3613	4464	5159	5744	6643	3666.0
NM_001180120.1	733	1508	2251	2996	3597	4377	5086	5884	6660	3676.8888888888887
NM_001182489.1	722	1501	2190	2977	3743	4408	5183	5852	6616	3688.0
NM_001181291.3	727	1475	2220	2989	3818	4418	5217	5885	6588	3704.1111111111113
NM_001182320.3	707	1550	2176	2856	3752	4452	5228	5891	6733	3705.0
NM_001181215.3	758	1502	2211	2967	3785	4425	5117	5977	6686	3714.222222222222
NM_001182894.1	796	1486	2217	2980	3729	4411	5308	6001	6735	3740.3333333333335
NM_001182084.1	757	1476	2231	3079	3740	4404	5367	6031	6675	3751.1111111111113
NM_001178767.1	815	1515	2336	3026	3828	4534	5470	6076	6769	3818.777777777778
NM_001181674.1	733	1532	2295	3103	3895	4517	5303	6143	6931	3828.0
NM_001182192.1	755	1543	2321	3090	3881	4653	5357	6158	7036	3866.0
NM_001178327.1	779	1542	2308	3148	3850	4751	5434	6349	7065	3914.0
NM_001179730.1	785	1534	2299	3115	3969	4646	5551	6238	7113	3916.6666666666665
NM_001184242.1	803	1547	2398	3117	3906	4693	5622	6192	7008	3920.6666666666665
NM_001180036.1	786	1582	2380	3166	3851	4684	5581	6266	7089	3931.6666666666665
NM_001181752.3	793	1559	2373	3145	3941	4738	5494	6277	7081	3933.4444444444443
NM_001184040.1	772	1634	2197	3225	3970	4739	5486	6394	7011	3936.4444444444443
NM_001180755.3	769	1616	2350	3171	3886	4762	5545	6373	6985	3939.6666666666665
NM_001181846.1	799	1610	2341	3195	4064	4709	5503	6344	7006	3952.3333333333335
NM_001183586.1	774	1578	2413	3213	3975	4709	5433	6365	7306	3974.0
NM_001180331.1	759	1627	2435	3193	3991	4815	5547	6315	7205	3987.4444444444443
NM_001182869.1	788	1527	2352	3210	4008	4831	5611	6390	7209	3991.777777777778
NM_001178379.1	788	1566	2382	3284	4009	4802	5611	6442	7256	4015.5555555555557
NM_001179068.3	804	1619	2392	3201	3970	4785	5685	6533	7203	4021.3333333333335
NM_001179334.1	800	1600	2404	3148	4110	4874	5627	6500	7313	4041.777777777778
NM_001179149.1	805	1670	2411	3145	4126	4812	5703	6434	7274	4042.222222222222
NM_001179113.1	806	1578	2424	3280	4154	4938	5610	6438	7448	4075.1111111111113
NM_001182934.3	838	1606	2570	3253	4117	5044	5859	6680	7443	4156.666666666667
NM_001184311.3	810	1609	2487	3276	4233	4977	5994	6631	7432	4161.0
NM_001180073.1	836	1649	2485	3312	4165	5114	5923	6648	7416	4172.0
NM_001179021.1	841	1695	2477	3350	4245	5096	5820	6626	7628	4197.555555555556
NM_001183851.1	855	1627	2514	3384	4182	5092	5912	6795	7433	4199.333333333333
NM_001180534.1	871	1645	2500	3387	4271	5083	5951	6660	7593	4217.888888888889
NM_001179401.3	862	1712	2554	3455	4238	5082	5961	6969	7706	4282.111111111111
NM_001179324.3	862	1716	2580	3428	4245	5139	5923	6900	7767	4284.444444444444
NM_001181408.1	888	1697	2569	3447	4249	5032	6024	6832	7829	4285.222222222223
NM_001184260.1	842	1704	2618	3414	4316	5139	6009	6898	7731	4296.777777777777
NM_001178634.1	905	1734	2632	3540	4261	5048	6002	6825	7809	4306.222222222223
NM_001181838.1	888	1796	2516	3390	4261	5172	5974	7048	7796	4315.666666666667
NM_001182021.1	916	1818	2559	3366	4352	5105	6160	6904	7730	4323.333333333333
NM_001182222.1	885	1823	2675	3529	4245	5178	6047	6987	7902	4363.444444444444
NM_001179847.3	854	1759	2761	3445	4387	5217	6162	7026	7850	4384.555555555556
NM_001181591.1	834	1751	2632	3497	4521	5212	6095	7006	7918	4385.111111111111
NM_001181100.1	849	1826	2625	3577	4388	5330	6198	7131	7927	4427.888888888889
NM_001180143.1	862	1749	2698	3661	4396	5334	6172	7048	7986	4434.0
NM_001178965.3	886	1765	2706	3600	4553	5340	6166	6974	8045	4448.333333333333
NM_001178157.1	904	1811	2648	3510	4496	5256	6262	7110	8039	4448.444444444444
NM_001182737.1	883	1811	2709	3541	4494	5343	6290	7328	8075	4497.111111111111
NM_001180808.1	884	1763	2771	3592	4472	5490	6399	7201	8090	4518.0
NM_001180891.1	926	1845	2751	3693	4651	5526	6327	7381	8227	4591.888888888889
NM_001183587.3	924	1894	2774	3709	4683	5505	6351	7372	8234	4605.111111111111
NM_001181247.3	921	1847	2776	3741	4599	5525	6505	7437	8332	4631.444444444444
NM_001180242.1	958	1783	2837	3734	4664	5634	6479	7387	8275	4639.0
NM_001180970.1	951	1877	2780	3710	4608	5523	6509	7416	8455	4647.666666666667
NM_001181624.1	933	1966	2816	3653	4697	5503	6480	7505	8322	4652.777777777777
NM_001181284.3	895	1891	2853	3752	4688	5658	6604	7496	8389	4691.777777777777
NM_001182724.1	922	1909	2794	3874	4599	5644	6661	7491	8517	4712.333333333333
NM_001181071.1	983	1910	2888	3705	4813	5690	6557	7467	8409	4713.555555555556
NM_001181945.1	956	1842	2902	3816	4659	5779	6578	7555	8520	4734.111111111111
NM_001178842.3	975	1842	2899	3903	4810	5607	6695	7503	8662	4766.222222222223
NM_001181411.1	919	1898	2923	3820	4798	5741	6723	7551	8637	4778.888888888889
NM_001178396.1	1007	1885	2902	3862	4931	5668	6694	7761	8683	4821.444444444444
NM_001181060.3	967	1937	2941	3805	4889	5738	6765	7758	8613	4823.666666666667
NM_001180874.1	938	1898	2887	3900	4841	5813	6817	7734	8637	4829.444444444444
NM_001179000.1	945	1946	2876	3965	4893	5834	6884	7778	8783	4878.222222222223
NM_001178373.1	968	1963	3042	3840	4894	5914	6782	7731	8899	4892.555555555556
NM_001182233.1	1014	1999	2976	3981	4919	5777	6841	7885	8778	4907.777777777777
NM_001182622.1	989	1931	2924	3963	4941	5869	6857	7908	8848	4914.444444444444
NM_001182736.1	974	2035	2928	4049	4954	6074	6913	7772	9014	4968.111111111111
NM_001179067.3	961	2028	3051	4039	4909	6118	6962	8031	9033	5014.666666666667
NM_001178180.1	1067	2005	3170	4220	5132	6175	7020	8292	9164	5138.333333333333
NM_001182870.1	1036	2079	3051	4135	5119	6164	7236	8311	9390	5169.0
NM_001179403.1	1064	2139	3250	4191	5349	6389	7412	8544	9509	5316.333333333333
NM_001181363.1	1052	2110	3195	4244	5369	6375	7432	8523	9648	5327.555555555556
NM_001181253.1	1072	2155	3186	4339	5219	6454	7594	8517	9570	5345.111111111111
NM_001181569.1	1049	2285	3212	4307	5550	6688	7682	8701	9652	5458.444444444444
NM_001182181.1	1063	2137	3231	4426	5509	6628	7750	8825	9931	5500.0
NM_001178475.3	1110	2276	3307	4489	5557	6684	7800	8840	9972	5559.444444444444
NM_001181610.1	1073	2193	3370	4366	5586	6775	7869	8985	10104	5591.222222222223
NM_001183601.3	1132	2250	3351	4548	5735	6765	7840	8929	9967	5613.0
NM_001179194.1	1110	2273	3400	4497	5659	6832	8035	9173	10241	5691.111111111111
NM_001183623.3	1163	2303	3488	4605	5701	6809	8069	9110	10269	5724.111111111111
NM_001180141.1	1108	2365	3365	4604	5844	6900	8066	9348	10429	5781.0
NM_001182173.1	1195	2313	3343	4659	5906	6970	8158	9422	10484	5827.777777777777
NM_001180142.1	1114	2308	3454	4590	5875	7151	8127	9372	10517	5834.222222222223
NM_001181468.3	1203	2330	3482	4762	5821	7016	8201	9408	10451	5852.666666666667
NM_001179832.3	1164	2408	3541	4532	5942	7023	8297	9466	10471	5871.555555555556
NM_001181513.1	1169	2397	3455	4651	6082	7238	8336	9516	10775	5957.666666666667
NM_001181414.1	1223	2385	3615	4743	5909	7092	8376	9543	10793	5964.333333333333
NM_001184171.1	1125	2397	3502	4682	5994	7251	8435	9600	10888	5986.0
NM_001181223.1	1135	2331	3631	4834	6063	7210	8356	9633	10737	5992.222222222223
NM_001182905.1	1219	2425	3515	4783	5988	7338	8452	9848	10798	6040.666666666667
NM_001180758.1	1228	2351	3677	4753	6126	7172	8535	9662	10995	6055.444444444444
NM_001183363.1	1147	2419	3671	4885	6096	7292	8438	9734	10928	6067.777777777777
NM_001182902.1	1162	2530	3589	4952	6203	7560	8901	10071	11250	6246.444444444444
NM_001181622.1	1280	2491	3695	5032	6345	7600	8667	10007	11184	6255.666666666667
NM_001180030.3	1255	2563	3772	5001	6240	7499	8769	10096	11267	6273.555555555556
NM_001179314.3	1264	2529	3926	4957	6272	7552	8708	10029	11452	6298.777777777777
NM_001183974.1	1259	2436	3773	5123	6374	7745	8804	10150	11471	6348.333333333333
NM_001179481.1	1310	2606	3898	5116	6387	7746	9092	10370	11656	6464.555555555556
NM_001181163.1	1262	2576	3949	5203	6563	7871	9257	10510	11834	6558.333333333333
NM_001178316.1	1348	2732	3973	5261	6642	7782	9223	10534	11843	6593.111111111111
NM_001180345.1	1310	2590	3942	5285	6683	7879	9329	10689	11960	6629.666666666667
NM_001183755.3	1351	2621	3973	5401	6571	7988	9320	10695	11946	6651.777777777777
NM_001180189.1	1381	2643	3968	5170	6698	8104	9305	10652	12025	6660.666666666667
NM_001178934.3	1357	2739	3951	5319	6700	7952	9279	10748	12041	6676.222222222223
NM_001180140.1	1332	2731	4021	5302	6782	8065	9452	10760	11939	6709.333333333333
NM_001182231.1	1358	2708	4003	5491	6731	8138	9227	10748	12010	6712.666666666667
NM_001178359.1	1446	2808	4085	5488	6865	8071	9467	10932	12123	6809.444444444444
NM_001183572.3	1321	2696	4079	5490	6869	8317	9528	10962	12429	6854.555555555556
NM_001179775.1	1362	2735	4038	5434	6931	8282	9612	11085	12218	6855.222222222223
NM_001183375.1	1395	2822	4284	5643	6977	8358	9708	11176	12426	6976.555555555556
NM_001180941.1	1365	2833	4215	5550	7000	8479	9883	11239	12618	7020.222222222223
NM_001182336.1	1349	2865	4171	5695	7117	8544	9664	11285	12519	7023.222222222223
NM_001179496.1	1363	2890	4208	5597	7087	8407	9854	11356	12556	7035.333333333333
NM_001182072.1	1382	2755	4339	5493	7191	8542	9853	11124	12715	7043.777777777777
NM_001182645.1	1476	2878	4337	5655	7072	8386	9916	11096	12582	7044.222222222223
NM_001183712.1	1497	2833	4340	5631	7120	8555	10066	11380	12859	7142.333333333333
NM_001182749.1	1445	2883	4295	5674	7228	8642	10138	11415	12979	7188.777777777777
NM_001179428.3	1452	2906	4302	5674	7079	8665	10196	11554	12954	7198.0
NM_001181277.3	1412	2883	4296	5742	7300	8661	10060	11509	13043	7211.777777777777
NM_001179310.1	1438	2937	4406	5733	7200	8729	10175	11608	12920	7238.444444444444
NM_001181119.1	1432	3018	4276	5686	7185	8648	10140	11575	13196	7239.555555555556
NM_001182556.1	1401	2845	4346	5834	7262	8681	10100	11674	13139	7253.555555555556
NM_001183140.1	1470	2889	4364	5831	7324	8724	10240	11558	13067	7274.111111111111
NM_001182818.1	1484	2880	4555	5877	7342	9084	10303	11725	13246	7388.444444444444
NM_001183446.1	1439	2941	4454	5988	7348	8762	10442	11782	13366	7391.333333333333
NM_001182712.1	1523	2886	4467	5994	7475	8972	10421	12015	13408	7462.333333333333
NM_001180385.3	1501	2933	4516	6066	7454	9133	10379	11884	13400	7474.0
NM_001184140.1	1442	3038	4551	6018	7495	9048	10632	11872	13622	7524.222222222223
NM_001181563.2	1522	3053	4510	6184	7830	9373	11035	12291	13727	7725.0
NM_001184312.1	1624	3094	4737	6305	7831	9498	11010	12516	14099	7857.111111111111
NM_001183957.1	1616	3180	4768	6367	8045	9416	11238	12880	14393	7989.222222222223
NM_001182146.1	1584	3271	4834	6410	8096	9679	11100	12770	14396	8015.555555555556
NM_001178688.1	1560	3203	4853	6363	8012	9673	11173	12868	14476	8020.111111111111
NM_001178745.1	1561	3237	4919	6359	8028	9730	11197	12777	14422	8025.555555555556
NM_001182214.1	1680	3181	4875	6457	7969	9732	11181	12952	14488	8057.222222222223
NM_001181762.1	1665	3300	4925	6548	8159	9625	11456	13139	14827	8182.666666666667
NM_001178539.1	1608	3254	4864	6657	8200	9919	11657	13101	14854	8234.888888888889
NM_001181343.1	1599	3338	5003	6684	8133	9838	11689	13265	14974	8280.333333333334
NM_001182384.1	1588	3339	4952	6612	8294	10056	11574	13278	15072	8307.222222222223
NM_001181111.1	1633	3406	5104	6510	8206	10048	11609	13420	15075	8334.555555555555
NM_001180185.1	1744	3337	4913	6693	8211	10210	11615	13453	14906	8342.444444444445
NM_001180690.3	1791	3363	5087	6831	8564	10314	11980	13731	15463	8569.333333333334
NM_001181012.3	1696	3488	5215	6939	8594	10265	12046	13665	15700	8623.111111111111
NM_001179151.1	1724	3470	5195	6959	8725	10375	12222	14059	15606	8703.888888888889
NM_001180462.1	1767	3586	5232	6890	8774	10489	12161	14053	15645	8733.0
NM_001180134.1	1717	3457	5287	7086	8829	10512	12336	14039	15864	8791.888888888889
NM_001181948.1	1816	3514	5376	7055	8829	10727	12498	14106	15905	8869.555555555555
NM_001183293.1	1756	3507	5226	7193	8878	10670	12440	14283	15904	8873.0
NM_001183193.1	1723	3605	5462	7173	8959	10536	12443	14181	15939	8891.222222222223
NM_001180025.1	1841	3542	5364	7137	8843	10641	12504	14295	15994	8906.777777777777
NM_001180114.1	1750	3550	5381	7253	9056	10882	12576	14338	16145	8992.333333333334
NM_001180333.3	1804	3662	5202	7237	9081	10808	12588	14418	16362	9018.0
NM_001179402.1	1844	3577	5500	7203	9137	10938	12595	14294	16120	9023.111111111111
NM_001181054.1	1753	3613	5497	7270	8952	10861	12488	14477	16380	9032.333333333334
NM_001181156.1	1773	3587	5543	7085	9223	10848	12540	14627	16383	9067.666666666666
NM_001179622.1	1789	3569	5404	7267	9087	11025	12839	14559	16234	9085.888888888889
NM_001183893.1	1766	3616	5537	7335	9003	11030	12807	14576	16367	9115.222222222223
NM_001179055.1	1831	3596	5341	7236	9138	11066	12698	14715	16433	9117.111111111111
NM_001179419.1	1837	3553	5525	7148	9183	10995	12740	14675	16509	9129.444444444445
NM_001182432.1	1836	3658	5481	7334	9074	10962	12727	14785	16406	9140.333333333334
NM_001180244.1	1883	3773	5488	7258	9169	11008	12725	14739	16313	9150.666666666666
NM_001178849.3	1847	3763	5492	7323	9310	10929	12747	14778	16603	9199.111111111111
NM_001180895.1	1860	3821	5498	7452	9246	11116	12874	14707	16553	9236.333333333334
NM_001180194.1	1959	3804	5647	7493	9458	11373	13191	15195	16729	9427.666666666666
NM_001181369.1	1958	3827	5698	7513	9289	11387	13366	15100	17068	9467.333333333334
NM_001183000.1	1895	3765	5722	7649	9519	11263	13242	15170	16994	9468.777777777777
NM_001180251.2	1872	3820	5803	7700	9412	11351	13420	15331	17016	9525.0
NM_001178151.1	1957	3952	5810	7739	9514	11822	13544	15457	17639	9714.888888888889
NM_001184045.1	1961	3920	5871	7741	9672	11777	13718	15645	17573	9764.222222222223
NM_001178869.1	2002	3859	5873	7798	9683	11872	13686	15705	17522	9777.777777777777
NM_001180896.1	1913	3877	5836	7675	9901	11870	13684	15575	17696	9780.777777777777
NM_001179095.1	2009	3942	5986	7964	10095	11821	14004	15737	17807	9929.444444444445
NM_001181623.1	2047	4116	6113	7943	9986	12000	13842	16104	18087	10026.444444444445
NM_001181703.1	1978	3934	6002	8102	10113	12152	14054	15962	17945	10026.888888888889
NM_001178426.2	2002	4110	6090	8074	10107	12213	14290	16155	18271	10145.777777777777
NM_001178466.1	2030	4119	6066	8131	10283	12396	14440	16487	18367	10257.666666666666
NM_001179007.3	2008	4121	6214	8090	10328	12383	14324	16526	18476	10274.444444444445
NM_001184631.1	2075	4189	6281	8382	10367	12487	14334	16652	18791	10395.333333333334
NM_001180196.2	2074	4216	6319	8430	10427	12534	14699	16836	18636	10463.444444444445
NM_001179140.1	2183	4213	6370	8649	10479	12794	14953	17023	19122	10642.888888888889
NM_001180057.1	2256	4290	6452	8589	10686	12991	15164	17264	19339	10781.222222222223
NM_001180245.1	2181	4411	6625	8580	10869	12993	15324	17292	19360	10848.333333333334
NM_001183732.1	2184	4389	6621	8759	10826	13039	15283	17481	19588	10907.777777777777
NM_001182382.1	2296	4606	6849	9043	11316	13674	15826	18313	20559	11386.888888888889
NM_001182244.1	2306	4548	6849	9283	11469	13634	16327	18270	20526	11468.0
NM_001182037.1	2402	4674	6799	9322	11471	13859	16242	18604	20806	11575.444444444445
NM_001179647.1	2311	4610	7116	9369	11646	14024	16260	18709	20967	11668.0
NM_001183374.1	2290	4697	7094	9446	11695	14275	16482	18870	21316	11796.111111111111
NM_001179884.3	2319	4679	7063	9589	11533	14249	16621	18873	21436	11818.0
NM_001179572.1	2343	4714	7187	9592	11812	14316	16631	18974	21144	11857.0
NM_001181935.1	2422	4663	7065	9382	11833	14421	16610	19041	21289	11858.444444444445
NM_001180726.3	2426	4674	7172	9457	11725	14315	16698	19434	21555	11939.555555555555
NM_001182386.1	2484	4789	7220	9555	12036	14331	16789	19188	21725	12013.0
NM_001181592.1	2455	4823	7173	9493	12128	14349	16800	19231	21729	12020.111111111111
NM_001178537.3	2423	4880	7272	9614	12102	14472	16937	19172	21943	12090.555555555555
NM_001179748.1	2509	4837	7300	9648	12088	14443	16953	19395	21831	12111.555555555555
NM_001178332.1	2474	4827	7208	9890	12196	14606	17006	19683	21965	12206.111111111111
NM_001178267.1	2479	4938	7490	9896	12442	15260	17482	20026	22520	12503.666666666666
NM_001182329.1	2521	4989	7544	10034	12581	15119	17401	19876	22735	12533.333333333334
NM_001183294.1	2578	4892	7561	10183	12621	15020	17810	20098	22578	12593.444444444445
NM_001180289.1	2530	5098	7551	10208	12719	15194	17729	20208	22885	12680.222222222223
NM_001183789.3	2441	5061	7633	9977	12735	15228	17859	20335	22865	12681.555555555555
NM_001184012.1	2625	5034	7657	10175	12732	15265	17795	20569	22970	12758.0
NM_001179927.1	2540	5166	7654	10289	12892	15409	17838	20451	23026	12807.222222222223
NM_001179746.1	2602	5105	7592	10516	12896	15559	18188	20880	23109	12938.555555555555
NM_001183920.1	2652	5266	8014	10476	13012	15791	18442	21043	23672	13152.0
NM_001184199.1	2622	5140	7885	10531	13148	15809	18326	21270	23668	13155.444444444445
NM_001183875.1	2631	5250	8086	10633	13216	16001	18530	21050	23997	13266.0
NM_001182907.1	2572	5356	8032	10669	13330	16012	18711	21432	24030	13349.333333333334
NM_001180372.3	2620	5372	8024	10735	13266	16192	18656	21426	24017	13367.555555555555
NM_001178150.1	2668	5422	8225	10861	13528	16222	18949	21660	24209	13527.111111111111
NM_001184229.1	2740	5433	8204	10798	13575	16263	19116	21760	24658	13616.333333333334
NM_001178544.1	2823	5461	8238	10874	13786	16415	19099	21935	24523	13683.777777777777
NM_001182644.1	2795	5526	8305	10992	13731	16631	19571	22240	24978	13863.222222222223
NM_001184054.1	2891	5608	8708	11533	14198	17131	19791	22669	25791	14257.777777777777
NM_001179849.3	2904	5727	8628	11369	14237	17010	19836	23029	25624	14262.666666666666
NM_001183515.1	2912	5878	8715	11397	14434	17178	20310	22904	25790	14390.888888888889
NM_001181916.1	3045	5950	8904	11697	14833	17784	20753	23763	26635	14818.222222222223
NM_001183381.1	3056	5969	9015	11980	14828	17934	21019	24204	27246	15027.888888888889
NM_001180968.1	3109	5979	9262	12223	15451	18443	21373	24315	27543	15299.777777777777
NM_001181865.1	2979	6231	9370	12464	15643	18538	21742	24736	28087	15532.222222222223
NM_001182422.1	3129	6282	9458	12653	15858	18909	22140	25251	28559	15804.333333333334
NM_001184034.1	3153	6504	9501	12770	16052	19154	22451	25477	28812	15986.0
NM_001181803.3	3180	6366	9634	12845	15943	19252	22525	25957	28928	16070.0
NM_001180988.1	3567	6841	10359	14183	17483	20935	24099	27638	31333	17382.0
NM_001183945.1	3588	7387	10685	14347	17957	21609	24943	28569	32172	17917.444444444445
NM_001181781.1	3625	7224	10896	14410	18183	21707	25484	29119	32703	18150.11111111111
NM_001183016.3	3636	7326	11081	14693	18111	21890	25722	29280	32915	18294.88888888889
NM_001182616.1	3682	7445	10917	14523	18364	22165	25569	29228	33089	18331.333333333332
NM_001181996.1	3775	7635	11416	14972	18647	22456	26236	29940	33822	18766.555555555555
NM_001178993.1	3921	7889	11640	15486	19354	23156	26923	31034	34949	19372.444444444445
NM_001182229.1	3917	7900	11862	15636	19653	23557	27181	31335	34832	19541.444444444445
NM_001182054.1	3892	7715	11926	15628	19640	23766	27602	31461	35341	19663.444444444445
NM_001183904.1	4225	8705	12557	17081	20990	25644	29680	33921	38218	21224.555555555555
NM_001179368.1	4539	9049	13609	17848	22707	27034	31692	36248	40704	22603.333333333332
NM_001180320.3	4521	8981	13432	18326	22632	27195	31761	36314	40821	22664.777777777777
NM_001180358.1	4927	9649	14768	19823	24546	29565	34447	39374	44331	24603.333333333332
NM_001181485.3	5051	10122	15359	20212	25151	30328	35462	40394	45590	25296.555555555555
NM_001181962.1	5219	10543	15426	20830	26357	31231	36582	41908	47061	26128.555555555555
NM_001183482.1	5406	10762	16074	21360	27013	32217	37401	43269	48281	26864.777777777777
NM_001182692.1	6331	12788	18965	25036	31467	38188	44261	50464	56833	31592.555555555555
NM_001183047.1	6611	13280	19740	26040	32572	39068	45831	52476	59048	32740.666666666668
NM_001179718.1	6905	13758	20654	27421	34437	41341	48091	54748	62354	34412.11111111111
NM_001181997.1	7506	15071	22789	29894	37644	45069	52674	60092	67699	37604.22222222222
NM_001180873.1	8640	17256	25792	34563	42873	51478	60521	68929	77682	43081.555555555555
NM_001183552.1	8573	17410	25909	34580	43227	51869	60484	69037	77853	43215.77777777778
NM_001178725.1	8900	17910	26788	35814	44788	53464	62569	71394	80575	44689.11111111111
NM_001182136.1	10513	21568	32311	43649	53875	64205	75501	86661	97292	53952.77777777778
NM_001183340.1	11929	23528	35365	47235	58614	70280	82201	93993	105541	58742.88888888889
NM_001179626.1	12152	24192	35895	48317	60462	72305	84651	96174	108877	60336.11111111111
NM_001181666.1	12312	24550	36589	48990	60908	73132	85836	97960	109951	61136.444444444445
NM_001178183.1	14047	28110	41723	55623	69549	83291	97284	111410	125237	69586.0
NM_001181844.1	13907	27875	42071	55991	69803	83994	97311	110918	125301	69685.66666666667
NM_001181321.3	15318	30190	45815	61132	75646	91013	106094	121547	136626	75931.22222222222
NM_001179305.1	25124	49975	74871	99912	125016	149579	174897	199799	224800	124885.88888888889
NM_001181931.1	25447	50742	76298	101010	126468	151782	177068	202156	227133	126456.0
NM_001184177.1	34776	69400	104505	139277	173582	208521	242830	278510	312841	173804.66666666666
