	0	1	2	3	4	5	6	7	8	mean
NM_001181101.1	0	0	0	0	0	0	0	0	0	0.0
NM_001348879.1	0	0	0	0	0	0	0	0	0	0.0
NM_001179521.1	0	0	0	0	0	0	0	0	0	0.0
NM_001348824.1	0	0	0	0	0	0	0	0	0	0.0
NM_001179256.1	0	0	0	0	0	0	0	0	0	0.0
NM_001348825.1	0	0	0	0	0	0	0	0	0	0.0
NM_001270738.1	0	0	0	0	0	0	0	0	0	0.0
NM_001184193.1	0	0	0	0	0	0	0	0	0	0.0
NM_001184585.1	0	0	0	0	0	0	0	0	0	0.0
NM_001184151.1	0	0	0	0	0	0	0	0	0	0.0
NM_001395031.1	0	0	0	0	0	0	0	0	0	0.0
NM_001179185.1	0	0	0	0	0	0	0	0	0	0.0
NM_001395032.1	0	0	0	0	0	0	0	0	0	0.0
NM_001348820.1	0	0	0	0	0	0	0	0	0	0.0
NM_001184473.1	0	0	0	0	0	0	0	0	0	0.0
NM_001181115.1	0	0	0	0	0	0	0	0	0	0.0
NM_001184555.1	0	0	0	0	0	0	0	0	0	0.0
NM_001179513.1	0	0	0	0	0	0	0	0	0	0.0
NM_001270751.1	0	0	0	0	0	0	0	0	0	0.0
NM_001184654.1	0	0	0	0	0	0	0	0	0	0.0
NM_001184597.1	0	0	0	0	0	0	0	0	0	0.0
NM_001180053.1	0	0	0	0	0	0	0	0	0	0.0
NM_001180052.1	0	0	0	0	0	0	0	0	0	0.0
NM_001184458.1	0	0	0	0	0	0	0	0	0	0.0
NM_001270750.1	0	0	0	0	0	0	0	0	0	0.0
NM_001179450.1	0	0	0	0	0	0	0	0	0	0.0
NM_001348886.1	0	0	0	0	0	0	0	0	0	0.0
NM_001184649.1	0	0	0	0	0	0	0	0	0	0.0
NM_001178836.3	0	0	0	0	0	0	0	0	0	0.0
NM_001348821.1	0	0	0	0	0	0	0	0	0	0.0
NM_001348822.1	0	0	0	0	0	0	0	0	0	0.0
NM_001179183.1	0	0	0	0	0	0	0	0	0	0.0
NM_001180041.1	0	0	0	0	0	0	0	0	0	0.0
NM_001184582.1	0	0	0	0	0	0	0	0	0	0.0
NM_001184583.1	0	0	0	0	0	0	0	0	0	0.0
NM_001178235.1	0	0	0	0	0	0	0	0	0	0.0
NM_001180045.1	0	0	0	0	0	0	0	0	0	0.0
NM_001178236.1	0	0	0	0	0	0	0	0	0	0.0
NM_001180054.1	0	0	0	0	0	0	0	0	0	0.0
NM_001183835.1	0	0	0	0	0	0	0	0	0	0.0
NM_001182838.1	0	0	0	0	0	0	0	0	0	0.0
NM_001183177.1	0	0	0	0	0	0	0	0	0	0.0
NM_001184301.1	0	0	0	0	0	0	0	0	0	0.0
NM_001183156.1	0	0	0	0	0	0	0	0	0	0.0
NM_001184546.1	0	0	0	0	0	0	0	0	0	0.0
NM_001348813.1	0	0	0	0	0	0	0	0	0	0.0
NM_001348814.1	0	0	0	0	0	0	0	0	0	0.0
NM_001184618.1	0	0	0	0	0	0	0	0	0	0.0
NM_001180043.1	0	0	0	0	0	0	0	0	0	0.0
NM_001348871.1	0	0	0	0	0	0	0	0	0	0.0
NM_001178206.2	0	0	0	0	0	0	0	0	0	0.0
NM_001184642.1	0	0	0	0	0	0	0	0	0	0.0
NM_001183249.1	0	0	0	0	0	0	0	0	0	0.0
NM_001184621.3	0	0	0	0	0	0	0	0	0	0.0
NM_001183253.3	0	0	0	0	0	0	0	0	0	0.0
NM_001267862.1	0	0	0	0	0	0	0	0	0	0.0
NM_001348888.1	0	0	0	0	0	0	0	0	0	0.0
NM_001183418.1	0	0	0	0	0	0	0	0	0	0.0
NM_001184575.1	0	0	0	0	0	0	0	0	0	0.0
NM_001183416.1	0	0	0	0	0	0	0	0	0	0.0
NM_001183415.1	0	0	0	0	0	0	0	0	0	0.0
NM_001183414.1	0	0	0	0	0	0	0	0	0	0.0
NM_001348873.1	0	0	0	0	0	0	0	0	0	0.0
NM_001178850.1	0	0	0	0	0	0	0	0	0	0.0
NM_001416099.1	0	0	0	0	0	0	0	0	0	0.0
NM_001184456.1	0	0	0	0	0	0	0	0	0	0.0
NM_001348862.1	0	0	0	0	0	0	0	0	0	0.0
NM_001395038.1	0	0	0	0	0	0	0	0	0	0.0
NM_001183385.1	0	0	0	0	0	0	0	0	0	0.0
NM_001179563.1	0	0	0	0	0	0	0	0	0	0.0
NM_001181656.1	0	0	0	0	0	0	0	0	0	0.0
NM_001183358.1	0	0	0	0	0	0	0	0	0	0.0
NM_001182349.1	0	0	0	0	0	0	0	0	0	0.0
NM_001182352.1	0	0	0	0	0	0	0	0	0	0.0
NM_001181423.1	0	0	0	0	0	0	0	0	0	0.0
NM_001181425.3	0	0	0	0	0	0	0	0	0	0.0
NM_001179130.1	0	0	0	0	0	0	0	0	0	0.0
NM_001179129.1	0	0	0	0	0	0	0	0	0	0.0
NM_001184650.1	0	0	0	0	0	0	0	0	0	0.0
NM_001179126.1	0	0	0	0	0	0	0	0	0	0.0
NM_001348894.1	0	0	0	0	0	0	0	0	0	0.0
NM_001181825.1	0	0	0	0	0	0	0	0	0	0.0
NM_001348833.1	0	0	0	0	0	0	0	0	0	0.0
NM_001181887.1	0	0	0	0	0	0	0	0	0	0.0
NM_001181125.1	0	0	0	0	0	0	0	0	0	0.0
NM_001270741.1	0	0	0	0	0	0	0	0	0	0.0
NM_001184682.1	0	0	0	0	0	0	0	0	0	0.0
NM_001182442.1	0	0	0	0	0	0	0	0	0	0.0
NM_001179805.3	0	0	0	0	0	0	0	0	0	0.0
NM_001348851.1	0	0	0	0	0	0	0	0	0	0.0
NM_001181058.1	0	0	0	0	0	0	0	0	0	0.0
NM_001181057.3	0	0	0	0	0	0	0	0	0	0.0
NM_001178665.1	0	0	0	0	0	0	0	0	0	0.0
NM_001184314.1	0	0	0	0	0	0	0	0	0	0.0
NM_001184462.1	0	0	0	0	0	0	0	0	0	0.0
NM_001348893.1	0	0	0	0	0	0	0	0	0	0.0
NM_001182048.1	0	0	0	0	0	0	0	0	0	0.0
NM_001348857.1	0	0	0	0	0	0	0	0	0	0.0
NM_001184661.1	0	0	0	0	0	0	0	0	0	0.0
NM_001348870.1	0	0	0	0	0	0	0	0	0	0.0
NM_001184420.1	0	0	0	0	0	0	0	0	0	0.0
NM_001348815.1	0	0	0	0	0	0	0	0	0	0.0
NM_001182834.3	0	0	0	0	0	0	0	0	0	0.0
NM_001182835.1	0	0	0	0	0	0	0	0	0	0.0
NM_001348828.1	0	0	0	0	0	0	0	0	0	0.0
NM_001179076.3	0	0	0	0	0	0	0	0	0	0.0
NM_001184540.1	0	0	0	0	0	0	0	0	0	0.0
NM_001184561.1	0	0	0	0	0	0	0	0	0	0.0
NM_001182045.1	0	0	0	0	0	0	0	0	0	0.0
NM_001182046.1	0	0	0	0	0	0	0	0	0	0.0
NM_001184565.1	0	0	0	0	0	0	0	0	0	0.0
NM_001182047.1	0	0	0	0	0	0	0	0	0	0.0
NM_001178930.1	0	0	0	0	0	0	0	0	0	0.0
NM_001348859.1	0	0	0	0	0	0	0	0	0	0.0
NM_001183278.1	0	0	0	0	0	0	0	0	0	0.0
NM_001348875.1	0	0	0	0	0	0	0	0	0	0.0
NM_001180173.1	0	0	0	0	0	0	0	0	0	0.0
NM_001348874.1	0	0	0	0	0	0	0	0	0	0.0
NM_001348860.1	0	0	0	0	0	0	0	0	0	0.0
NM_001184535.1	0	0	0	0	0	0	0	0	0	0.0
NM_001184665.1	0	0	0	0	0	0	0	0	0	0.0
NM_001184610.1	0	0	0	0	0	0	0	0	0	0.0
NM_001182303.1	0	0	0	0	0	0	0	0	0	0.0
NM_001348812.1	0	0	0	0	0	0	0	0	0	0.0
NM_001182150.1	0	0	0	0	0	0	0	0	0	0.0
NM_001184638.1	0	0	0	0	0	0	0	0	0	0.0
NM_001348861.1	0	0	0	0	0	0	0	0	0	0.0
NM_001270756.1	0	0	0	0	0	0	0	0	0	0.0
NM_001180246.1	0	0	0	0	0	0	0	0	0	0.0
NM_001184622.1	0	0	0	0	0	0	0	0	0	0.0
NM_001183269.1	0	0	0	0	0	0	0	0	0	0.0
NM_001184566.1	0	0	0	0	0	0	0	0	0	0.0
NM_001179077.1	0	0	0	0	0	0	0	0	0	0.0
NM_001184633.1	0	0	0	0	0	0	0	0	0	0.0
NM_001184590.1	0	0	0	0	0	0	0	0	0	0.0
NM_001179899.1	0	0	0	0	0	0	0	0	0	0.0
NM_001184465.1	0	0	0	0	0	0	0	0	0	0.0
NM_001348858.1	0	0	0	0	0	0	0	0	0	0.0
NM_001183944.1	0	0	0	0	0	0	0	0	0	0.0
NM_001183935.1	0	0	0	0	0	0	0	0	0	0.0
NM_001184670.1	0	0	0	0	0	0	0	0	0	0.0
CRS5	0	0	0	0	0	0	0	0	0	0.0
NM_001184624.1	0	0	0	0	0	0	0	0	0	0.0
NM_001184667.1	0	0	0	0	0	0	0	0	0	0.0
NM_001183107.1	0	0	0	0	0	0	0	0	0	0.0
NM_001184616.1	0	0	0	0	0	0	0	0	0	0.0
NM_001181546.3	0	0	0	0	0	0	0	0	0	0.0
NM_001395731.1	0	0	0	0	0	0	0	0	0	0.0
NM_001184603.1	0	0	0	0	0	0	0	0	0	0.0
NM_001184595.3	0	0	0	0	0	0	0	0	0	0.0
NM_001184637.1	0	0	0	0	0	0	0	0	0	0.0
NM_001348827.1	0	0	0	0	0	0	0	0	0	0.0
NM_001182836.3	0	0	0	0	0	0	0	0	0	0.0
NM_001184617.1	0	0	0	0	0	0	0	0	0	0.0
NM_001348885.1	0	0	0	0	0	0	0	0	0	0.0
NM_001183870.1	0	0	0	0	0	0	0	0	0	0.0
NM_001346796.1	0	0	0	0	0	0	0	0	0	0.0
NM_001181365.3	0	0	0	0	0	0	0	0	0	0.0
NM_001184552.1	0	0	0	0	0	0	0	0	0	0.0
NM_001183042.1	0	0	0	0	0	0	0	0	0	0.0
NM_001348848.1	0	0	0	0	0	0	0	0	0	0.0
NM_001348850.1	0	0	0	0	0	0	0	0	0	0.0
NM_001184604.1	0	0	0	0	0	0	0	0	0	0.0
NM_001395040.1	0	0	0	0	0	0	0	0	0	0.0
NM_001184662.3	0	0	0	0	0	0	0	0	0	0.0
NM_001182404.1	0	0	0	0	0	0	0	0	0	0.0
NM_001182397.2	0	0	0	0	0	0	0	0	0	0.0
NM_001182398.1	0	0	0	0	0	0	0	0	0	0.0
NM_001348847.1	0	0	0	0	0	0	0	0	0	0.0
NM_001184380.3	0	0	0	0	0	0	0	0	0	0.0
NM_001395035.1	0	0	0	0	0	0	0	0	0	0.0
NM_001184014.1	0	0	0	0	0	0	0	0	0	0.0
NM_001184476.1	0	0	0	0	0	0	0	0	0	0.0
NM_001184635.1	0	0	0	0	0	0	0	0	0	0.0
NM_001184550.1	0	0	0	0	0	0	0	0	0	0.0
NM_001348837.1	0	0	0	0	0	0	0	0	0	0.0
NM_001181684.3	0	0	0	0	0	0	0	0	0	0.0
NM_001181686.1	0	0	0	0	0	0	0	0	0	0.0
NM_001184405.1	0	0	0	0	0	0	0	0	0	0.0
NM_001184609.1	0	0	0	0	0	0	0	0	0	0.0
NM_001184589.1	0	0	0	0	0	0	0	0	0	0.0
NM_001183179.3	0	0	0	0	0	0	0	0	0	0.0
NM_001348808.1	0	0	0	0	0	0	0	0	0	0.0
NM_001181461.3	0	0	0	0	0	0	0	0	0	0.0
NM_001179900.1	0	0	0	0	0	0	0	0	0	0.0
NM_001348877.1	0	0	0	0	0	0	0	0	0	0.0
NM_001348809.1	0	0	0	0	0	0	0	0	0	0.0
NM_001184571.1	0	0	0	0	0	0	0	0	0	0.0
NM_001184632.3	0	0	0	0	0	0	0	0	0	0.0
NM_001180844.3	0	0	0	0	0	0	0	0	0	0.0
NM_001180850.3	0	0	0	0	0	0	0	0	0	0.0
NM_001180853.1	0	0	0	0	0	0	0	0	0	0.0
NM_001181195.3	0	0	0	0	0	0	0	0	0	0.0
NM_001181687.2	0	0	0	0	0	0	0	0	0	0.0
NM_001178807.1	0	0	0	0	0	0	0	0	0	0.0
NM_001178811.1	0	0	0	0	0	0	0	0	0	0.0
NM_001184342.1	0	0	0	0	0	0	0	0	0	0.0
NM_001184573.1	0	0	0	0	0	0	0	0	0	0.0
NM_001184424.1	0	0	0	0	0	0	0	0	0	0.0
NM_001184660.1	0	0	0	0	0	0	0	0	0	0.0
NM_001184625.1	0	0	0	0	0	0	0	0	0	0.0
NM_001181283.3	0	0	0	0	0	0	0	0	0	0.0
NM_001184399.1	0	0	0	0	0	0	0	0	0	0.0
NM_001348843.1	0	0	0	0	0	0	0	0	0	0.0
NM_001181539.1	0	0	0	0	0	0	0	0	0	0.0
NM_001181462.1	0	0	0	0	0	0	0	0	0	0.0
NM_001184392.2	0	0	0	0	0	0	0	0	0	0.0
NM_001181188.3	0	0	0	0	0	0	0	0	0	0.0
NM_001181127.1	0	0	0	0	0	0	0	0	0	0.0
NM_001181126.1	0	0	0	0	0	0	0	0	0	0.0
NM_001184639.3	0	0	0	0	0	0	0	0	0	0.0
NM_001395037.1	0	0	0	0	0	0	0	0	0	0.0
NM_001348881.1	0	0	0	0	0	0	0	0	0	0.0
NM_001348892.1	0	0	0	0	0	0	0	0	0	0.0
NM_001184587.3	0	0	0	0	0	0	0	0	0	0.0
NM_001184588.1	0	0	0	0	0	0	0	0	0	0.0
NM_001182425.1	0	0	0	0	0	0	0	0	0	0.0
NM_001184572.1	0	0	0	0	0	0	0	0	0	0.0
NM_001184574.1	0	0	0	0	0	0	0	0	0	0.0
NM_001178650.1	0	0	0	0	0	0	0	0	0	0.0
NM_001178711.1	0	0	0	0	0	0	0	0	0	0.0
NM_001178710.1	0	0	0	0	0	0	0	0	0	0.0
NM_001180022.3	0	0	0	0	0	0	0	0	0	0.0
NM_001181128.1	0	0	0	0	0	0	0	0	0	0.0
NM_001184658.1	0	0	0	0	0	0	0	0	0	0.0
NM_001184648.1	0	0	0	0	0	0	0	0	0	0.0
NM_001181737.1	0	0	0	0	0	0	0	0	0	0.0
NM_001184576.1	0	0	0	0	0	0	0	0	0	0.0
NM_001184514.1	0	0	0	0	0	0	0	0	0	0.0
NM_001184560.1	0	0	0	0	0	0	0	0	0	0.0
NM_001184564.1	0	0	0	0	0	0	0	0	0	0.0
NM_001182042.1	0	0	0	0	0	0	0	0	0	0.0
NM_001184626.1	0	0	0	0	0	0	0	0	0	0.0
NM_001184096.1	0	0	0	0	0	0	0	0	0	0.0
NM_001184556.1	0	0	0	0	0	0	0	0	0	0.0
NM_001182044.1	0	0	0	0	0	0	0	0	0	0.0
NM_001184608.1	0	0	0	0	0	0	0	0	0	0.0
NM_001184406.2	0	0	0	0	0	0	0	0	0	0.0
NM_001184431.1	0	0	0	0	0	0	0	0	0	0.0
NM_001184432.2	0	0	0	0	0	0	0	0	0	0.0
NM_001178891.1	0	0	0	0	0	0	0	0	0	0.0
NM_001178890.1	0	0	0	0	0	0	0	0	0	0.0
NM_001184612.1	0	0	0	0	0	0	0	0	0	0.0
NM_001179070.1	0	0	0	0	0	0	0	0	0	0.0
NM_001182584.1	0	0	0	0	0	0	0	0	0	0.0
NM_001184062.1	0	0	0	0	0	0	0	0	0	0.0
NM_001184578.1	0	0	0	0	0	0	0	0	0	0.0
NM_001183814.3	0	0	0	0	0	0	0	0	0	0.0
NM_001183048.1	0	0	0	0	0	0	0	0	0	0.0
NM_001348883.1	0	0	0	0	0	0	0	0	0	0.0
NM_001184391.1	0	0	0	0	0	0	0	0	0	0.0
NM_001180422.3	0	0	0	0	0	0	0	0	0	0.0
NM_001184425.2	0	0	0	0	0	0	0	0	0	0.0
NM_001348868.1	0	0	0	0	0	0	0	0	0	0.0
NM_001184302.1	0	0	0	0	0	0	0	0	0	0.0
NM_001180855.1	0	0	0	0	0	0	0	0	0	0.0
NM_001180880.3	0	0	0	0	0	0	0	0	0	0.0
NM_001179903.1	0	0	0	0	0	0	0	0	0	0.0
NM_001348856.1	0	0	0	0	0	0	0	0	0	0.0
NM_001179905.1	0	0	0	0	0	0	0	0	0	0.0
NM_001179906.1	0	0	0	0	0	0	0	0	0	0.0
NM_001179907.1	0	0	0	0	0	0	0	0	0	0.0
NM_001179909.1	0	0	0	0	0	0	0	0	0	0.0
NM_001179914.1	0	0	0	0	0	0	0	0	0	0.0
NM_001183771.3	0	0	0	0	0	0	0	0	0	0.0
NM_001179916.1	0	0	0	0	0	0	0	0	0	0.0
NM_001179917.1	0	0	0	0	0	0	0	0	0	0.0
NM_001184549.1	0	0	0	0	0	0	0	0	0	0.0
NM_001179926.1	0	0	0	0	0	0	0	0	0	0.0
NM_001348897.1	0	0	0	0	0	0	0	0	0	0.0
NM_001184674.1	0	0	0	0	0	0	0	0	0	0.0
NM_001178806.1	0	0	0	0	0	0	0	0	0	0.0
NM_001184305.1	0	0	0	0	0	0	0	0	0	0.0
NM_001348838.1	0	0	0	0	0	0	0	0	0	0.0
NM_001181765.2	0	0	0	0	0	0	0	0	0	0.0
NM_001184541.3	0	0	0	0	0	0	0	0	0	0.0
NM_001184643.3	0	0	0	0	0	0	0	0	0	0.0
NM_001184542.1	0	0	0	0	0	0	0	0	0	0.0
NM_001348891.1	0	0	0	0	0	0	0	0	0	0.0
NM_001184644.1	0	0	0	0	0	0	0	0	0	0.0
NM_001182043.1	0	0	0	0	0	0	0	0	0	0.0
NM_001184563.1	0	0	0	0	0	0	0	0	0	0.0
NM_001184543.1	0	0	0	0	0	0	0	0	0	0.0
NM_001180307.1	0	0	0	0	0	0	0	0	0	0.0
NM_001180306.1	0	0	0	0	0	0	0	0	0	0.0
NM_001180305.1	0	0	0	0	0	0	0	0	0	0.0
NM_001183487.1	0	0	0	0	0	0	0	0	0	0.0
NM_001348878.1	0	0	0	0	0	0	0	0	0	0.0
NM_001180710.1	0	0	0	0	0	0	0	0	0	0.0
NM_001184426.3	0	0	0	0	0	0	0	0	0	0.0
NM_001179789.1	0	0	0	0	0	0	0	0	0	0.0
NM_001179786.2	0	0	0	0	0	0	0	0	0	0.0
NM_001178208.1	0	0	0	0	0	0	0	0	0	0.0
NM_001348869.1	0	0	0	0	0	0	0	0	0	0.0
NM_001184544.3	0	0	0	0	0	0	0	0	0	0.0
NM_001184545.3	0	0	0	0	0	0	0	0	0	0.0
NM_001184557.1	0	0	0	0	0	0	0	0	0	0.0
NM_001348882.1	0	0	0	0	0	0	0	0	0	0.0
NM_001395042.1	0	0	0	0	0	0	0	0	0	0.0
NM_001184605.1	0	0	0	0	0	0	0	0	0	0.0
NM_001181886.1	0	0	0	0	0	0	0	0	0	0.0
NM_001182514.1	0	0	0	0	0	0	0	0	0	0.0
NM_001182595.1	0	0	0	0	0	0	0	0	0	0.0
NM_001184614.1	0	0	0	0	0	0	0	0	0	0.0
NM_001181884.1	0	0	0	0	0	0	0	0	0	0.0
NM_001348896.1	0	0	0	0	0	0	0	0	0	0.0
NM_001181940.1	0	0	0	0	0	0	0	0	0	0.0
NM_001181900.1	0	0	0	0	0	0	0	0	0	0.0
NM_001184472.1	0	0	0	0	0	0	0	0	0	0.0
NM_001348853.1	0	0	0	0	0	0	0	0	0	0.0
NM_001180674.3	0	0	0	0	0	0	0	0	0	0.0
NM_001348865.1	0	0	0	0	0	0	0	0	0	0.0
NM_001181813.1	0	0	0	0	0	0	0	0	0	0.0
NM_001181816.3	0	0	0	0	0	0	0	0	0	0.0
NM_001348832.1	0	0	0	0	0	0	0	0	0	0.0
NM_001180024.1	0	0	0	0	0	0	0	0	0	0.0
NM_001180862.2	0	0	0	0	0	0	0	0	0	0.0
NM_001184430.1	0	0	0	0	0	0	0	0	0	0.0
NM_001179901.1	0	0	0	0	0	0	0	0	0	0.0
NM_001179902.1	0	0	0	0	0	0	0	0	0	0.0
NM_001348835.1	0	0	0	0	0	0	0	0	0	0.0
NM_001184482.1	0	0	0	0	0	0	0	0	0	0.0
NM_001184678.1	0	0	0	0	0	0	0	0	0	0.0
NM_001178693.1	0	0	0	0	0	0	0	0	0	0.0
NM_001183674.3	0	0	0	0	0	0	0	0	0	0.0
NM_001183687.3	0	0	0	0	0	0	0	0	0	0.0
NM_001179894.1	0	0	0	0	0	0	0	0	0	0.0
NM_001348834.1	0	0	0	0	0	0	0	0	0	0.0
NM_001182486.1	0	0	0	0	0	0	0	0	0	0.0
NM_001348863.1	0	0	0	0	0	0	0	0	0	0.0
NM_001178885.1	0	0	0	0	0	0	0	0	0	0.0
NM_001178884.1	0	0	0	0	0	0	0	0	0	0.0
NM_001395033.1	0	0	0	0	0	0	0	0	0	0.0
NM_001180098.1	0	0	0	0	0	0	0	0	0	0.0
NM_001178764.1	0	0	0	0	0	0	0	0	0	0.0
NM_001179603.1	0	0	0	0	0	0	0	0	0	0.0
NM_001184403.1	0	0	0	0	0	0	0	0	0	0.0
NM_001184404.2	0	0	0	0	0	0	0	0	0	0.0
NM_001184651.1	0	0	0	0	0	0	0	0	0	0.0
NM_001179144.1	0	0	0	0	0	0	0	0	0	0.0
NM_001179410.3	0	0	0	0	0	0	0	0	0	0.0
NM_001182354.3	0	0	0	0	0	0	0	0	0	0.0
NM_001182355.3	0	0	0	0	0	0	0	0	0	0.0
NM_001182496.1	0	0	0	0	0	0	0	0	0	0.0
NM_001178368.1	0	0	0	0	0	0	0	0	0	0.0
NM_001184655.1	0	0	0	0	0	0	0	0	0	0.0
NM_001179541.3	0	0	0	0	0	0	0	0	0	0.0
NM_001270752.1	0	0	0	0	0	0	0	0	0	0.0
NM_001179123.1	0	0	0	0	0	0	0	0	0	0.0
NM_001348807.1	0	0	0	0	0	0	0	0	0	0.0
NM_001178864.1	0	0	0	0	0	0	0	0	0	0.0
NM_001183245.1	0	0	0	0	0	0	0	0	0	0.0
NM_001180026.1	0	0	0	0	0	0	0	0	0	0.0
NM_001184553.1	0	0	0	0	0	0	0	0	0	0.0
NM_001348818.1	0	0	0	0	0	0	0	0	0	0.0
NM_001184598.3	0	0	0	0	0	0	0	0	0	0.0
NM_001179269.1	0	0	0	0	0	0	0	0	0	0.0
NM_001184629.1	0	0	0	0	0	0	0	0	0	0.0
NM_001179344.1	0	0	0	0	0	0	0	0	0	0.0
NM_001184599.3	0	0	0	0	0	0	0	0	0	0.0
NM_001184600.1	0	0	0	0	0	0	0	0	0	0.0
NM_001184601.1	0	0	0	0	0	0	0	0	0	0.0
NM_001179350.3	0	0	0	0	0	0	0	0	0	0.0
NM_001184628.1	0	0	0	0	0	0	0	0	0	0.0
NM_001184290.1	0	0	0	0	0	0	0	0	0	0.0
NM_001348889.1	0	0	0	0	0	0	0	0	0	0.0
NM_001184300.1	0	0	0	0	0	0	0	0	0	0.0
NM_001184623.1	0	0	0	0	0	0	0	0	0	0.0
NM_001184580.1	0	0	1	0	0	0	0	0	0	0.1111111111111111
NM_001181023.1	0	0	0	0	0	0	0	0	1	0.1111111111111111
NM_001178838.1	0	0	0	0	0	0	0	0	1	0.1111111111111111
NM_001184684.1	0	0	0	0	0	1	0	0	0	0.1111111111111111
NM_001179407.3	0	0	0	0	0	0	1	0	0	0.1111111111111111
NM_001181899.1	0	0	1	0	0	0	0	0	0	0.1111111111111111
NM_001184526.1	0	0	0	0	0	0	0	0	1	0.1111111111111111
NM_001181003.1	0	0	0	0	0	1	0	0	0	0.1111111111111111
NM_001183173.1	0	0	0	0	0	0	0	1	0	0.1111111111111111
NM_001184104.1	0	0	0	0	0	0	0	1	0	0.1111111111111111
NM_001184175.1	0	0	0	0	0	0	0	0	1	0.1111111111111111
NM_001180138.1	0	0	0	0	0	1	0	0	0	0.1111111111111111
NM_001181652.1	0	0	0	0	0	0	1	0	0	0.1111111111111111
NM_001183807.3	0	0	0	1	0	0	0	0	0	0.1111111111111111
NM_001184094.1	0	0	0	0	1	0	0	0	0	0.1111111111111111
NM_001183034.1	0	0	0	1	0	0	0	0	0	0.1111111111111111
NM_001183032.1	0	0	0	0	0	0	0	0	1	0.1111111111111111
NM_001348817.1	0	0	0	0	0	0	0	1	0	0.1111111111111111
NM_001182061.1	0	0	0	0	0	0	0	0	1	0.1111111111111111
NM_001184429.1	0	0	0	0	0	0	0	0	1	0.1111111111111111
NM_001179050.4	0	0	0	0	0	0	0	0	1	0.1111111111111111
NM_001181547.2	0	0	0	0	0	0	0	0	1	0.1111111111111111
NM_001181476.1	0	0	0	1	0	0	0	0	0	0.1111111111111111
NM_001178759.1	0	0	0	0	0	0	0	0	1	0.1111111111111111
NM_001348864.1	0	0	0	0	0	0	0	0	1	0.1111111111111111
NM_001181216.3	0	0	0	0	0	0	0	0	1	0.1111111111111111
NM_001178702.1	0	0	0	0	0	0	1	0	0	0.1111111111111111
NM_001181033.1	0	0	0	0	0	0	0	0	1	0.1111111111111111
NM_001184299.1	0	0	1	0	0	0	0	0	0	0.1111111111111111
NM_001184584.1	0	0	0	0	0	0	0	1	0	0.1111111111111111
NM_001180746.3	0	0	0	0	0	0	0	1	0	0.1111111111111111
NM_001182607.1	0	0	0	0	1	0	0	0	1	0.2222222222222222
NM_001348867.1	0	0	0	0	0	1	1	0	0	0.2222222222222222
NM_001182583.1	1	0	0	0	1	0	0	0	0	0.2222222222222222
NM_001270757.1	0	0	0	0	0	0	0	0	2	0.2222222222222222
NM_001182333.3	0	0	0	0	0	0	0	2	0	0.2222222222222222
NM_001184602.3	0	0	0	0	1	0	0	1	0	0.2222222222222222
NM_001183661.3	0	0	0	0	0	0	0	1	1	0.2222222222222222
NM_001179163.1	0	0	0	1	0	1	0	0	0	0.2222222222222222
NM_001180096.1	0	0	1	0	0	0	0	1	0	0.2222222222222222
NM_001348845.1	0	0	0	0	0	0	1	0	1	0.2222222222222222
NM_001346794.1	0	0	0	0	1	0	0	0	1	0.2222222222222222
NM_001184006.1	0	1	0	0	1	0	0	0	0	0.2222222222222222
NM_001184001.1	1	0	0	0	0	0	0	0	1	0.2222222222222222
NM_001178528.1	0	0	0	0	0	1	0	0	1	0.2222222222222222
NM_001180830.1	0	0	0	0	1	1	0	0	0	0.2222222222222222
NM_001348819.1	0	0	1	0	0	1	0	0	0	0.2222222222222222
NM_001184416.1	0	0	0	0	0	1	1	0	0	0.2222222222222222
NM_001178814.1	0	0	0	0	0	1	0	1	0	0.2222222222222222
NM_001182713.1	0	0	0	0	0	1	0	1	0	0.2222222222222222
NM_001181753.1	0	0	1	0	0	0	0	1	0	0.2222222222222222
NM_001184669.3	0	0	1	0	1	0	0	0	0	0.2222222222222222
NM_001178646.1	0	0	0	1	0	0	1	0	0	0.2222222222222222
NM_001178647.3	0	0	0	0	1	0	1	0	0	0.2222222222222222
NM_001179079.3	0	1	0	0	0	0	0	1	0	0.2222222222222222
NM_001179080.3	0	1	0	0	0	0	0	1	0	0.2222222222222222
NM_001181541.1	0	0	0	0	0	1	0	1	0	0.2222222222222222
NM_001183979.1	0	0	0	0	0	1	0	0	1	0.2222222222222222
NM_001348876.1	0	0	1	0	0	0	0	1	0	0.2222222222222222
NM_001184417.2	0	0	0	0	0	1	1	0	0	0.2222222222222222
NM_001184615.1	0	0	0	0	0	0	1	0	1	0.2222222222222222
NM_001184569.1	0	0	0	0	1	0	0	0	1	0.2222222222222222
NM_001183345.1	0	0	0	0	0	1	0	1	0	0.2222222222222222
NM_001184570.3	0	0	0	1	0	0	1	0	0	0.2222222222222222
NM_001348823.1	0	0	0	0	0	0	0	1	1	0.2222222222222222
NM_001181649.1	0	0	0	0	1	0	0	1	0	0.2222222222222222
NM_001270742.1	0	0	0	1	0	0	1	0	0	0.2222222222222222
NM_001181646.1	0	0	0	1	0	0	0	1	0	0.2222222222222222
NM_001183605.3	0	0	0	0	0	0	0	1	1	0.2222222222222222
NM_001181035.3	0	0	0	0	1	1	0	0	0	0.2222222222222222
VAR1	0	1	0	0	0	0	0	1	0	0.2222222222222222
NM_001181096.1	0	0	0	0	0	1	0	1	0	0.2222222222222222
NM_001184450.1	0	0	0	0	0	0	0	1	1	0.2222222222222222
Q0255	0	0	1	0	0	0	0	0	1	0.2222222222222222
NM_001178727.1	0	0	0	0	0	0	0	1	1	0.2222222222222222
NM_001348854.1	0	0	0	0	1	0	1	0	0	0.2222222222222222
NM_001184248.1	0	0	0	0	0	0	1	0	1	0.2222222222222222
NM_001348831.1	0	0	0	0	1	0	0	0	1	0.2222222222222222
NM_001178163.1	0	0	1	0	0	0	0	1	1	0.3333333333333333
NM_001180042.1	0	1	0	0	0	1	1	0	0	0.3333333333333333
NM_001184418.1	0	0	0	0	0	1	1	1	0	0.3333333333333333
NM_001182350.3	0	0	1	0	0	0	1	0	1	0.3333333333333333
NM_001183233.3	0	0	1	0	0	0	0	1	1	0.3333333333333333
NM_001179512.1	0	1	0	0	0	0	0	1	1	0.3333333333333333
NM_001395041.1	0	0	1	0	0	1	0	1	0	0.3333333333333333
NM_001431143.1	0	0	0	0	1	0	1	0	1	0.3333333333333333
NM_001183841.1	0	0	0	0	1	0	0	1	1	0.3333333333333333
NM_001179379.3	0	1	0	0	1	0	0	0	1	0.3333333333333333
NM_001348830.1	0	0	0	0	1	1	0	1	0	0.3333333333333333
NM_001387383.1	0	0	0	0	1	1	0	0	1	0.3333333333333333
NM_001184218.2	0	0	0	0	1	0	1	0	1	0.3333333333333333
NM_001183717.1	0	1	0	0	1	1	0	0	0	0.3333333333333333
NM_001184381.2	0	0	1	0	0	1	0	1	0	0.3333333333333333
NM_001184015.1	0	0	0	0	1	0	1	0	1	0.3333333333333333
NM_001179349.1	0	0	0	1	1	0	0	1	0	0.3333333333333333
NM_001178707.1	0	0	0	1	1	0	0	0	1	0.3333333333333333
NM_001184559.1	0	0	0	1	1	0	0	1	0	0.3333333333333333
NM_001179997.1	0	0	0	0	0	0	1	1	1	0.3333333333333333
NM_001183597.3	0	0	0	0	0	1	0	0	2	0.3333333333333333
NM_001184596.1	0	0	1	0	0	0	1	0	1	0.3333333333333333
NM_001179075.3	0	0	0	0	1	0	0	1	1	0.3333333333333333
NM_001182196.1	0	1	0	0	0	1	1	0	0	0.3333333333333333
NM_001182230.1	0	0	1	1	0	0	1	0	0	0.3333333333333333
NM_001182232.1	0	0	0	0	0	1	1	0	1	0.3333333333333333
NM_001179538.1	0	0	0	0	0	1	1	1	0	0.3333333333333333
NM_001183283.1	0	1	0	1	0	0	1	0	0	0.3333333333333333
NM_001184548.3	0	0	0	0	0	0	1	1	1	0.3333333333333333
NM_001348826.1	0	0	0	0	0	1	0	1	1	0.3333333333333333
NM_001179028.4	0	0	0	1	0	0	1	0	1	0.3333333333333333
NM_001184428.1	0	0	0	1	0	0	1	0	1	0.3333333333333333
NM_001348884.1	0	0	0	0	0	0	1	1	1	0.3333333333333333
NM_001180326.1	0	0	0	0	1	0	1	1	0	0.3333333333333333
NM_001180831.1	0	0	0	0	0	1	0	1	1	0.3333333333333333
NM_001181685.2	0	1	0	0	1	0	0	1	0	0.3333333333333333
NM_001181918.1	0	0	0	0	1	1	0	0	1	0.3333333333333333
NM_001178754.1	0	0	0	1	1	0	0	0	1	0.3333333333333333
NM_001184072.1	0	0	1	0	0	0	0	1	1	0.3333333333333333
NM_001178888.1	0	0	0	0	0	1	0	1	1	0.3333333333333333
NM_001182266.3	1	0	0	0	0	1	0	0	1	0.3333333333333333
NM_001182218.1	0	0	0	0	0	1	1	1	0	0.3333333333333333
NM_001180954.1	0	1	0	0	0	0	1	1	0	0.3333333333333333
NM_001181809.2	0	0	0	0	0	1	1	1	0	0.3333333333333333
NM_001180278.1	0	0	1	1	0	0	0	1	0	0.3333333333333333
NM_001184666.1	0	0	1	0	0	0	1	1	0	0.3333333333333333
AI5_BETA	0	0	0	0	1	1	0	0	1	0.3333333333333333
SCEI	0	0	0	1	0	0	1	0	1	0.3333333333333333
NM_001184554.1	0	0	0	0	0	1	0	1	1	0.3333333333333333
NM_001178219.1	0	0	0	1	0	1	1	0	0	0.3333333333333333
NM_001183633.3	0	1	0	0	0	1	1	0	0	0.3333333333333333
NM_001179892.1	0	1	0	0	0	1	0	0	1	0.3333333333333333
NM_001178223.1	0	0	0	0	0	0	2	1	1	0.4444444444444444
NM_001181070.1	0	0	0	1	0	1	1	1	0	0.4444444444444444
NM_001178284.1	0	0	0	0	0	0	0	2	2	0.4444444444444444
NM_001183811.3	0	0	0	0	1	1	1	0	1	0.4444444444444444
NM_001181933.1	0	0	0	0	0	0	2	0	2	0.4444444444444444
NM_001348898.1	1	0	0	0	0	0	2	0	1	0.4444444444444444
NM_001184579.3	0	0	1	0	0	1	1	1	0	0.4444444444444444
NM_001179535.3	1	0	0	1	1	0	0	0	1	0.4444444444444444
NM_001184410.1	0	0	0	0	0	1	2	1	0	0.4444444444444444
NM_001178495.1	0	0	0	1	0	1	0	1	1	0.4444444444444444
NM_001178976.3	0	0	1	0	0	0	1	1	1	0.4444444444444444
NM_001178997.1	0	0	1	0	0	0	1	1	1	0.4444444444444444
NM_001181402.1	0	0	1	1	0	1	1	0	0	0.4444444444444444
NM_001182618.1	0	0	0	1	0	1	0	1	1	0.4444444444444444
NM_001179753.1	0	0	0	1	0	1	0	2	0	0.4444444444444444
NM_001184668.1	0	0	0	0	1	0	1	1	1	0.4444444444444444
NM_001178424.2	0	0	1	0	2	0	0	0	1	0.4444444444444444
NM_001178411.1	0	0	0	1	1	1	0	0	1	0.4444444444444444
NM_001179824.1	0	0	0	0	1	1	0	1	1	0.4444444444444444
NM_001182191.1	0	0	1	1	0	0	0	1	1	0.4444444444444444
NM_001184400.4	0	0	0	0	1	0	1	1	1	0.4444444444444444
NM_001179508.1	0	0	1	0	1	0	1	1	0	0.4444444444444444
NM_001178642.3	0	0	0	0	0	1	1	1	1	0.4444444444444444
NM_001179636.1	0	0	0	1	0	0	1	1	1	0.4444444444444444
NM_001184407.1	0	1	0	1	1	0	1	0	0	0.4444444444444444
NM_001181048.1	0	0	0	1	0	1	0	1	1	0.4444444444444444
NM_001179915.1	0	0	0	0	0	0	0	2	2	0.4444444444444444
NM_001184634.1	0	0	0	0	0	0	2	1	1	0.4444444444444444
NM_001183451.1	0	0	0	0	0	0	0	2	2	0.4444444444444444
NM_001178845.1	0	0	0	0	0	0	1	2	2	0.5555555555555556
NM_001184434.2	0	0	0	0	2	1	1	1	0	0.5555555555555556
NM_001180526.1	0	1	0	0	0	0	0	2	2	0.5555555555555556
NM_001179988.1	0	0	0	1	0	0	1	2	1	0.5555555555555556
NM_001348890.1	0	0	0	1	0	0	2	2	0	0.5555555555555556
NM_001301348.1	0	0	1	0	0	2	0	2	0	0.5555555555555556
NM_001181418.3	1	0	0	0	0	1	1	0	2	0.5555555555555556
NM_001182601.1	0	1	1	0	1	0	1	0	1	0.5555555555555556
NM_001184086.1	0	0	0	0	1	0	0	3	1	0.5555555555555556
NM_001180274.1	0	0	1	0	1	1	0	1	1	0.5555555555555556
NM_001348844.1	0	0	0	0	0	1	1	2	1	0.5555555555555556
NM_001182817.1	1	0	0	0	0	1	1	0	2	0.5555555555555556
NM_001178214.1	0	0	0	0	1	0	2	1	1	0.5555555555555556
ATP8	1	1	0	0	0	1	1	0	1	0.5555555555555556
NM_001184592.3	1	0	0	0	0	1	1	1	1	0.5555555555555556
NM_001181510.1	0	0	1	1	0	0	2	1	0	0.5555555555555556
NM_001182931.3	0	0	1	0	1	1	1	0	1	0.5555555555555556
NM_001179673.1	2	0	1	0	0	0	1	1	0	0.5555555555555556
NM_001179908.1	0	0	0	0	1	0	1	1	2	0.5555555555555556
NM_001184551.1	0	1	0	1	1	1	1	0	0	0.5555555555555556
NM_001184594.1	0	0	1	0	1	1	0	1	1	0.5555555555555556
NM_001183847.1	0	1	0	0	0	1	0	2	1	0.5555555555555556
NM_001179288.1	0	0	0	0	0	0	2	1	2	0.5555555555555556
NM_001182282.3	0	1	0	1	0	0	0	1	2	0.5555555555555556
NM_001179897.1	0	0	0	1	0	2	0	1	1	0.5555555555555556
BI3	0	1	0	1	0	1	1	1	0	0.5555555555555556
NM_001179316.3	0	0	1	0	1	1	1	1	1	0.6666666666666666
NM_001184577.1	0	1	0	1	1	1	0	1	1	0.6666666666666666
NM_001183338.1	0	1	1	1	0	0	2	1	0	0.6666666666666666
NM_001180214.1	0	1	0	1	1	1	0	2	0	0.6666666666666666
NM_001181661.1	1	0	1	0	0	0	2	2	0	0.6666666666666666
NM_001348895.1	0	0	1	0	0	1	0	2	2	0.6666666666666666
NM_001180682.3	0	0	1	1	0	0	1	1	2	0.6666666666666666
NM_001181810.3	1	1	0	2	1	1	0	0	0	0.6666666666666666
NM_001180754.1	0	1	0	1	0	0	1	2	1	0.6666666666666666
NM_001183808.1	0	0	1	0	1	0	2	1	1	0.6666666666666666
NM_001270747.1	0	1	0	0	1	1	1	2	0	0.6666666666666666
NM_001180299.2	0	0	0	0	2	1	1	1	1	0.6666666666666666
NM_001180304.1	0	0	0	0	1	1	1	1	2	0.6666666666666666
NM_001182012.1	0	0	3	0	1	1	0	1	0	0.6666666666666666
NM_001180049.1	0	0	0	0	0	1	2	1	2	0.6666666666666666
NM_001179616.1	0	2	0	0	0	2	0	1	1	0.6666666666666666
NM_001184291.1	0	0	0	0	2	0	1	0	3	0.6666666666666666
NM_001180000.3	0	1	0	0	0	1	1	2	2	0.7777777777777778
NM_001179447.3	0	0	1	1	0	1	2	1	1	0.7777777777777778
NM_001184547.3	0	1	0	1	1	1	1	0	2	0.7777777777777778
NM_001182752.1	1	0	0	1	1	2	0	1	1	0.7777777777777778
NM_001182049.1	1	1	0	1	1	0	1	0	2	0.7777777777777778
NM_001179518.1	0	0	0	0	1	0	2	3	1	0.7777777777777778
NM_001182200.1	0	0	0	0	1	2	0	2	2	0.7777777777777778
NM_001178398.1	0	0	0	1	1	1	2	1	1	0.7777777777777778
NM_001180023.1	0	0	0	0	0	1	3	1	2	0.7777777777777778
NM_001182955.1	1	0	0	1	1	0	0	2	2	0.7777777777777778
NM_001180055.1	0	0	2	0	2	0	1	0	2	0.7777777777777778
NM_001184586.1	1	0	0	0	0	2	2	1	1	0.7777777777777778
NM_001179955.1	1	1	0	0	2	1	1	0	1	0.7777777777777778
NM_001181129.1	0	1	0	2	1	0	2	0	1	0.7777777777777778
NM_001180303.1	0	0	1	0	0	2	0	3	1	0.7777777777777778
NM_001181654.1	0	0	0	0	1	0	2	3	1	0.7777777777777778
NM_001179341.3	1	0	1	0	0	1	1	2	1	0.7777777777777778
NM_001181471.3	0	0	0	0	1	0	0	3	3	0.7777777777777778
NM_001270744.1	0	0	0	0	0	2	1	3	1	0.7777777777777778
NM_001182757.1	1	0	1	0	2	0	0	1	3	0.8888888888888888
NM_001179991.3	0	0	0	0	1	1	2	2	2	0.8888888888888888
NM_001178366.1	1	0	0	0	1	1	1	2	2	0.8888888888888888
NM_001178534.1	0	0	2	0	1	1	3	1	0	0.8888888888888888
NM_001183553.3	0	1	2	1	0	1	1	1	1	0.8888888888888888
NM_001183386.1	0	1	1	1	1	0	2	1	1	0.8888888888888888
NM_001184663.1	0	1	1	1	0	1	1	1	2	0.8888888888888888
NM_001182634.1	0	1	0	1	0	2	2	0	2	0.8888888888888888
NM_001183503.1	0	1	0	0	0	2	1	1	3	0.8888888888888888
NM_001431140.1	0	0	0	0	1	2	2	1	2	0.8888888888888888
NM_001178220.2	0	0	0	1	0	1	2	1	3	0.8888888888888888
NM_001178388.1	0	0	0	1	2	0	1	1	3	0.8888888888888888
NM_001180564.1	0	0	0	1	2	1	2	1	1	0.8888888888888888
NM_001184289.1	0	1	0	0	0	2	2	1	2	0.8888888888888888
NM_001178882.1	0	2	1	0	0	0	1	1	3	0.8888888888888888
NM_001183247.4	0	1	0	0	2	0	2	2	1	0.8888888888888888
NM_001184664.1	0	1	1	0	1	1	0	1	3	0.8888888888888888
NM_001179895.3	0	0	1	2	1	1	1	1	1	0.8888888888888888
NM_001179291.1	0	1	0	0	1	2	1	2	1	0.8888888888888888
NM_001183602.1	0	1	2	0	0	0	2	2	2	1.0
NM_001183241.1	0	0	2	0	0	2	1	2	2	1.0
NM_001178733.1	0	0	0	0	1	2	2	2	2	1.0
NM_001179977.1	1	0	1	1	0	2	1	1	2	1.0
NM_001180531.1	0	0	1	2	0	2	1	1	2	1.0
NM_001178649.3	0	0	1	0	2	2	1	2	1	1.0
NM_001178381.1	0	0	1	1	0	1	0	2	4	1.0
COX2	0	0	0	1	2	0	2	2	2	1.0
NM_001180144.1	0	0	1	2	1	2	0	1	2	1.0
NM_001181538.1	0	0	0	0	2	3	1	1	2	1.0
NM_001182195.1	0	1	1	0	1	0	3	1	2	1.0
NM_001181873.1	0	1	1	1	1	2	1	1	1	1.0
NM_001182681.1	0	0	0	1	1	1	1	1	4	1.0
NM_001179564.1	0	0	1	0	3	0	1	1	3	1.0
NM_001183248.1	0	0	0	1	0	2	3	1	2	1.0
NM_001181877.1	0	0	2	0	3	1	0	2	1	1.0
NM_001184124.1	0	0	0	1	1	0	1	3	3	1.0
NM_001178230.1	0	0	2	1	1	2	1	0	3	1.1111111111111112
NM_001181124.1	0	0	1	1	1	0	1	2	4	1.1111111111111112
NM_001182357.1	0	0	1	0	2	0	2	2	3	1.1111111111111112
NM_001184097.1	0	1	0	2	1	1	1	2	2	1.1111111111111112
NM_001181586.1	0	0	1	0	3	0	1	4	1	1.1111111111111112
NM_001184627.1	0	0	0	0	2	0	3	1	4	1.1111111111111112
NM_001348880.1	2	0	0	1	1	0	1	3	2	1.1111111111111112
NM_001184411.4	0	0	0	0	1	1	3	3	2	1.1111111111111112
NM_001184419.4	0	0	1	0	1	2	1	3	2	1.1111111111111112
BI2	0	1	1	2	1	1	2	1	1	1.1111111111111112
NM_001180050.2	0	0	1	1	0	1	3	1	3	1.1111111111111112
NM_001182778.1	0	0	1	2	1	0	2	1	3	1.1111111111111112
NM_001184487.1	0	1	1	0	1	2	1	2	3	1.2222222222222223
NM_001348810.1	0	1	1	0	1	3	2	1	2	1.2222222222222223
NM_001348836.1	0	2	1	1	0	2	4	0	1	1.2222222222222223
NM_001348872.1	0	0	0	0	2	1	4	1	3	1.2222222222222223
NM_001179698.1	0	0	0	0	3	0	1	3	4	1.2222222222222223
NM_001184000.1	1	0	0	1	3	4	2	0	0	1.2222222222222223
BI4	0	1	1	2	1	1	2	2	1	1.2222222222222223
NM_001179896.1	0	0	2	1	4	0	0	3	1	1.2222222222222223
NM_001270749.1	0	0	1	1	1	2	1	3	2	1.2222222222222223
NM_001179152.1	1	0	0	0	1	1	4	2	2	1.2222222222222223
NM_001178723.1	0	0	1	1	0	1	1	3	4	1.2222222222222223
NM_001183239.3	0	1	2	1	2	2	1	0	2	1.2222222222222223
NM_001183169.1	0	2	2	1	0	0	1	2	3	1.2222222222222223
NM_001183785.1	0	1	0	2	1	0	2	3	2	1.2222222222222223
NM_001181378.1	0	1	0	1	1	2	2	3	1	1.2222222222222223
NM_001182873.1	0	0	1	0	2	0	3	2	3	1.2222222222222223
NM_001181812.1	0	1	1	2	1	2	1	3	1	1.3333333333333333
NM_001182580.1	2	0	1	1	1	2	2	1	2	1.3333333333333333
NM_001178289.1	0	0	1	0	3	1	2	3	2	1.3333333333333333
NM_001184393.1	1	0	2	1	2	2	1	2	1	1.3333333333333333
NM_001179893.3	0	0	1	1	3	2	0	2	3	1.3333333333333333
NM_001184297.1	0	0	0	1	2	2	0	2	5	1.3333333333333333
NM_001310667.1	0	1	0	2	2	2	0	2	3	1.3333333333333333
COX3	0	0	2	1	2	2	3	2	0	1.3333333333333333
NM_001348866.1	0	0	0	2	2	2	2	3	1	1.3333333333333333
NM_001182548.1	1	1	1	2	0	1	1	4	1	1.3333333333333333
NM_001181522.1	1	0	1	0	2	4	2	1	2	1.4444444444444444
NM_001178465.3	1	0	0	2	2	2	1	2	3	1.4444444444444444
NM_001181814.3	0	0	0	2	2	1	3	3	2	1.4444444444444444
NM_001184095.1	1	2	0	2	3	1	2	1	1	1.4444444444444444
NM_001184567.1	0	0	3	1	1	1	2	2	3	1.4444444444444444
NM_001181342.1	1	2	0	2	2	1	2	1	2	1.4444444444444444
NM_001183301.1	0	1	0	0	3	2	3	2	2	1.4444444444444444
NM_001183813.1	1	2	0	2	3	1	2	1	1	1.4444444444444444
NM_001180282.1	0	0	2	2	1	2	2	1	3	1.4444444444444444
NM_001184326.1	0	1	1	0	1	1	3	2	4	1.4444444444444444
NM_001348849.1	0	0	1	0	2	1	2	4	3	1.4444444444444444
NM_001180056.2	0	0	2	0	3	1	3	0	4	1.4444444444444444
NM_001179549.3	1	1	2	0	2	1	2	1	3	1.4444444444444444
NM_001179592.3	0	1	0	2	2	2	1	3	2	1.4444444444444444
NM_001178713.1	2	0	2	1	0	2	0	3	3	1.4444444444444444
NM_001179387.3	0	1	1	0	0	2	3	3	3	1.4444444444444444
COB	0	1	1	3	2	2	1	2	1	1.4444444444444444
AI3	0	0	1	1	1	3	2	2	3	1.4444444444444444
NM_001183235.1	0	0	1	1	1	2	4	3	2	1.5555555555555556
NM_001184646.3	2	0	2	0	1	4	2	1	2	1.5555555555555556
NM_001181866.1	0	0	1	1	3	2	4	1	2	1.5555555555555556
NM_001179946.1	0	0	1	4	0	1	2	3	3	1.5555555555555556
YOL153C	0	1	1	1	2	3	3	0	3	1.5555555555555556
NM_001178667.1	0	1	1	1	0	1	2	3	5	1.5555555555555556
NM_001184327.3	0	2	1	1	0	4	2	3	1	1.5555555555555556
NM_001181818.1	0	1	1	1	0	1	4	2	4	1.5555555555555556
NM_001183656.3	0	0	0	4	3	1	2	3	1	1.5555555555555556
NM_001182739.1	1	0	4	0	2	1	2	1	3	1.5555555555555556
NM_001183519.1	0	0	2	2	3	1	2	4	0	1.5555555555555556
NM_001179122.1	0	1	0	1	3	2	3	3	2	1.6666666666666667
NM_001179954.1	1	1	2	1	2	2	1	2	3	1.6666666666666667
NM_001180432.3	0	0	0	3	1	3	3	2	3	1.6666666666666667
NM_001182857.3	0	0	1	1	2	1	4	3	3	1.6666666666666667
ATP6	0	1	1	1	2	3	1	3	3	1.6666666666666667
NM_001178666.2	0	1	1	1	0	1	3	3	5	1.6666666666666667
NM_001183599.3	1	1	2	0	2	2	1	4	2	1.6666666666666667
NM_001178633.4	0	1	1	1	2	2	3	1	4	1.6666666666666667
NM_001180378.1	0	1	0	2	4	2	2	2	2	1.6666666666666667
NM_001180812.1	1	1	1	1	1	1	2	4	3	1.6666666666666667
NM_001179727.1	1	2	2	0	2	2	1	2	4	1.7777777777777777
NM_001181428.1	1	1	1	1	4	0	4	4	0	1.7777777777777777
NM_001179848.1	1	1	1	0	2	4	3	1	3	1.7777777777777777
NM_001181478.1	2	0	1	2	1	2	2	3	3	1.7777777777777777
NM_001183768.1	0	1	1	0	1	3	4	1	5	1.7777777777777777
NM_001182966.4	0	0	2	1	2	3	2	3	3	1.7777777777777777
NM_001181354.3	0	1	0	2	2	2	3	4	3	1.8888888888888888
NM_001184533.1	0	2	0	1	3	1	3	2	5	1.8888888888888888
NM_001179011.3	1	0	1	0	1	3	4	3	4	1.8888888888888888
NM_001181807.4	0	0	3	1	2	1	4	3	3	1.8888888888888888
NM_001183246.3	0	0	0	1	1	3	4	4	4	1.8888888888888888
NM_001184378.1	0	1	1	2	0	1	2	3	7	1.8888888888888888
NM_001184645.1	1	0	1	2	3	2	3	3	2	1.8888888888888888
NM_001182513.1	1	0	3	1	3	3	1	2	3	1.8888888888888888
NM_001181917.1	0	0	1	2	2	5	1	5	1	1.8888888888888888
NM_001184681.1	0	0	1	1	3	1	2	5	4	1.8888888888888888
NM_001183733.3	0	0	2	1	3	1	4	4	2	1.8888888888888888
NM_001181472.1	0	2	2	2	2	2	1	3	3	1.8888888888888888
NM_001180350.3	0	2	1	0	3	2	1	5	3	1.8888888888888888
NM_001179342.1	0	0	0	2	2	2	4	3	4	1.8888888888888888
NM_001178805.1	0	2	2	1	3	1	4	1	3	1.8888888888888888
NM_001184112.1	0	1	2	1	4	3	2	1	3	1.8888888888888888
NM_001182596.1	0	0	2	2	1	4	2	3	4	2.0
NM_001184433.1	0	0	1	0	2	3	3	5	4	2.0
NM_001179374.3	0	0	2	0	1	2	4	4	5	2.0
NM_001184422.3	0	1	1	3	2	4	2	2	3	2.0
NM_001181811.3	0	1	2	2	2	1	3	4	4	2.111111111111111
NM_001181536.1	0	0	1	1	3	1	3	5	5	2.111111111111111
NM_001178872.1	0	2	0	1	1	2	6	3	4	2.111111111111111
NM_001179553.3	1	2	1	0	1	2	3	3	6	2.111111111111111
NM_001183609.3	0	1	1	1	3	2	1	5	5	2.111111111111111
NM_001182051.1	0	0	3	2	0	4	3	2	6	2.2222222222222223
NM_001183526.3	1	2	0	1	1	1	4	5	5	2.2222222222222223
NM_001180264.1	1	2	1	0	4	4	0	3	5	2.2222222222222223
NM_001183170.1	1	0	1	2	3	4	3	3	3	2.2222222222222223
AI5_ALPHA	1	0	2	1	1	5	2	3	5	2.2222222222222223
NM_001180550.3	0	2	2	0	2	4	4	3	3	2.2222222222222223
NM_001183868.1	1	1	0	1	0	6	1	4	6	2.2222222222222223
NM_001180571.3	0	0	1	3	3	0	3	5	5	2.2222222222222223
NM_001182786.1	0	2	2	3	1	3	4	2	3	2.2222222222222223
NM_001181773.3	0	0	1	3	1	4	2	5	4	2.2222222222222223
NM_001348852.1	0	2	1	3	4	0	2	2	6	2.2222222222222223
NM_001179092.1	1	1	3	0	3	2	2	4	4	2.2222222222222223
NM_001181875.1	1	0	1	1	0	4	6	4	3	2.2222222222222223
NM_001182537.1	0	1	1	0	6	4	3	1	4	2.2222222222222223
NM_001180229.1	0	2	0	3	3	2	0	7	3	2.2222222222222223
NM_001178205.1	0	0	1	3	0	6	2	4	5	2.3333333333333335
NM_001179254.1	1	1	1	1	1	5	2	4	5	2.3333333333333335
NM_001178367.1	2	0	1	1	3	4	4	5	1	2.3333333333333335
NM_001182858.3	1	0	2	3	1	3	2	3	6	2.3333333333333335
NM_001178213.1	0	3	2	0	2	2	0	6	6	2.3333333333333335
NM_001348842.1	1	1	2	0	3	2	5	3	4	2.3333333333333335
NM_001184539.1	1	1	3	1	3	2	4	4	2	2.3333333333333335
NM_001183759.3	1	1	2	2	1	1	6	3	4	2.3333333333333335
NM_001178809.1	0	1	2	3	3	3	5	3	2	2.4444444444444446
NM_001179514.1	0	2	0	4	2	2	5	3	4	2.4444444444444446
NM_001180898.2	1	1	2	2	3	3	2	4	4	2.4444444444444446
NM_001182412.1	0	2	2	2	3	4	2	2	5	2.4444444444444446
NM_001179308.1	0	0	1	1	4	1	4	5	6	2.4444444444444446
NM_001182872.3	1	0	2	3	1	3	2	3	7	2.4444444444444446
NM_001182554.1	0	2	2	3	1	3	2	5	4	2.4444444444444446
NM_001178632.3	0	3	2	2	2	4	5	1	3	2.4444444444444446
NM_001178848.1	0	1	1	4	3	4	3	3	4	2.5555555555555554
NM_001183409.1	1	2	0	2	4	3	4	6	1	2.5555555555555554
COX1	1	0	2	1	1	5	3	5	5	2.5555555555555554
NM_001180035.1	0	1	3	3	3	1	8	2	2	2.5555555555555554
NM_001178598.1	0	3	4	2	2	2	3	5	2	2.5555555555555554
NM_001181941.1	1	1	1	2	2	3	3	5	5	2.5555555555555554
NM_001180168.1	1	3	0	1	3	4	2	5	4	2.5555555555555554
NM_001183831.1	1	2	1	1	3	2	3	3	7	2.5555555555555554
NM_001184092.1	0	0	1	0	3	3	3	5	8	2.5555555555555554
NM_001184688.1	0	0	3	3	3	1	4	5	4	2.5555555555555554
NM_001181924.1	0	1	1	1	4	4	5	5	2	2.5555555555555554
NM_001184613.1	1	1	1	2	1	3	6	4	4	2.5555555555555554
NM_001178956.3	0	3	1	2	1	5	2	3	6	2.5555555555555554
AI4	1	0	2	2	2	5	3	4	5	2.6666666666666665
NM_001178283.1	2	1	1	3	2	3	3	5	4	2.6666666666666665
NM_001179795.1	0	0	3	2	5	3	3	3	5	2.6666666666666665
NM_001181273.1	1	2	1	2	2	5	4	2	5	2.6666666666666665
NM_001181862.1	0	2	0	3	3	4	1	7	4	2.6666666666666665
NM_001395039.1	1	0	2	2	5	2	4	6	3	2.7777777777777777
NM_001178618.2	2	0	2	3	3	2	5	4	4	2.7777777777777777
NM_001184037.1	0	2	3	2	2	2	6	4	4	2.7777777777777777
NM_001184427.2	1	0	2	0	2	3	6	6	6	2.888888888888889
NM_001184423.4	0	1	2	3	2	5	4	4	5	2.888888888888889
NM_001184421.2	1	1	1	0	3	2	6	6	6	2.888888888888889
NM_001182481.1	1	2	3	5	3	2	3	5	2	2.888888888888889
NM_001181260.1	0	2	1	3	1	3	6	4	6	2.888888888888889
NM_001179963.1	1	2	1	3	4	3	3	3	6	2.888888888888889
NM_001184408.2	1	2	1	2	3	2	6	4	5	2.888888888888889
NM_001348829.1	2	1	0	2	1	5	6	4	5	2.888888888888889
NM_001180561.1	0	2	1	2	4	4	4	6	4	3.0
NM_001184127.1	0	0	1	2	6	5	3	6	4	3.0
NM_001178945.1	0	0	3	2	1	1	7	6	7	3.0
NM_001181845.1	0	1	2	2	3	7	5	5	3	3.111111111111111
NM_001181196.4	1	3	1	4	1	3	4	4	7	3.111111111111111
NM_001184385.3	1	2	1	2	3	3	5	4	7	3.111111111111111
NM_001179782.1	2	3	2	2	0	4	4	5	6	3.111111111111111
AI2	0	1	3	0	2	5	3	6	8	3.111111111111111
NM_001179843.3	1	3	0	1	5	5	4	6	3	3.111111111111111
NM_001395034.1	0	1	2	3	3	5	4	6	4	3.111111111111111
NM_001179102.1	1	1	0	2	5	3	4	5	7	3.111111111111111
NM_001178812.1	1	1	2	3	1	4	6	7	3	3.111111111111111
NM_001179554.1	0	1	4	2	2	6	3	3	8	3.2222222222222223
NM_001178808.1	0	1	6	1	3	5	4	5	4	3.2222222222222223
NM_001178887.1	0	0	5	3	5	1	3	6	6	3.2222222222222223
NM_001184098.1	1	1	0	1	1	4	7	7	7	3.2222222222222223
NM_001182851.1	1	1	2	1	3	5	5	3	8	3.2222222222222223
NM_001348846.1	1	1	3	3	4	5	1	6	5	3.2222222222222223
NM_001180083.1	1	3	1	3	1	3	4	7	6	3.2222222222222223
NM_001179887.3	1	2	0	7	2	5	4	3	5	3.2222222222222223
NM_001181593.1	0	0	3	2	2	5	5	6	6	3.2222222222222223
NM_001184379.4	0	2	1	3	0	2	5	7	10	3.3333333333333335
NM_001181377.3	1	0	2	2	6	6	3	6	4	3.3333333333333335
NM_001184641.1	0	2	1	2	2	4	8	4	7	3.3333333333333335
NM_001179423.1	1	0	3	2	3	3	6	5	7	3.3333333333333335
NM_001181421.3	1	0	2	5	3	4	4	7	4	3.3333333333333335
NM_001179422.3	1	3	1	3	3	3	1	5	10	3.3333333333333335
NM_001180986.1	2	1	0	1	3	6	4	5	8	3.3333333333333335
NM_001179982.1	2	0	5	3	2	4	6	3	6	3.4444444444444446
NM_001183758.1	1	0	4	6	4	1	5	5	5	3.4444444444444446
NM_001270754.1	0	1	2	1	4	6	4	7	6	3.4444444444444446
NM_001183025.1	1	2	2	1	4	4	3	7	7	3.4444444444444446
NM_001182446.1	0	2	0	1	2	3	7	7	9	3.4444444444444446
NM_001178315.1	2	3	1	2	3	3	4	6	7	3.4444444444444446
NM_001179522.1	0	3	1	5	3	4	3	6	6	3.4444444444444446
NM_001180317.1	1	1	1	3	0	5	6	6	8	3.4444444444444446
NM_001181657.1	0	3	1	5	3	4	3	6	6	3.4444444444444446
NM_001180711.1	1	2	4	1	3	6	4	4	6	3.4444444444444446
NM_001184003.1	2	1	3	2	1	5	4	8	5	3.4444444444444446
NM_001184620.1	1	1	4	3	1	5	4	5	8	3.5555555555555554
NM_001183117.1	0	2	1	3	4	8	3	6	5	3.5555555555555554
NM_001178182.1	1	2	3	4	4	2	5	5	6	3.5555555555555554
NM_001181766.1	0	2	2	5	2	5	5	5	7	3.6666666666666665
NM_001184318.1	0	0	2	4	3	4	7	7	6	3.6666666666666665
NM_001270753.1	1	1	2	2	5	5	6	6	5	3.6666666666666665
NM_001179659.1	0	0	0	2	4	6	7	7	7	3.6666666666666665
NM_001179551.1	1	1	2	2	4	5	5	6	7	3.6666666666666665
NM_001180961.1	0	1	2	4	4	6	7	3	6	3.6666666666666665
NM_001181594.1	1	2	2	0	2	3	8	8	7	3.6666666666666665
NM_001183748.1	1	5	3	3	3	6	6	3	4	3.7777777777777777
NM_001179104.1	1	2	3	1	3	3	5	9	7	3.7777777777777777
NM_001348840.1	0	1	4	0	3	3	8	10	5	3.7777777777777777
NM_001184394.2	1	2	3	4	3	4	6	5	6	3.7777777777777777
NM_001179699.2	0	2	4	4	2	4	5	7	6	3.7777777777777777
NM_001184446.3	1	1	1	3	4	3	7	6	8	3.7777777777777777
OLI1	0	2	6	5	3	6	4	6	3	3.888888888888889
NM_001183172.1	1	2	1	1	6	5	5	6	8	3.888888888888889
NM_001179536.3	0	2	3	4	2	3	4	7	10	3.888888888888889
NM_001179936.1	0	1	3	5	5	6	7	5	3	3.888888888888889
NM_001180308.1	0	2	2	8	2	8	6	3	4	3.888888888888889
NM_001183596.1	2	3	3	4	2	4	3	6	8	3.888888888888889
NM_001178530.3	0	1	1	3	5	5	7	6	7	3.888888888888889
NM_001180390.1	1	1	5	3	0	5	5	11	5	4.0
NM_001179461.1	2	4	2	3	1	6	5	5	8	4.0
NM_001180848.1	1	2	0	3	4	5	5	10	7	4.111111111111111
NM_001181181.1	1	2	2	5	3	2	8	7	7	4.111111111111111
NM_001182114.1	1	2	4	3	4	3	5	6	9	4.111111111111111
NM_001179069.1	0	2	2	5	5	5	7	5	6	4.111111111111111
NM_001178204.1	1	3	3	2	2	6	8	8	4	4.111111111111111
NM_001182400.1	1	0	3	2	4	4	7	8	9	4.222222222222222
NM_001181880.1	1	0	1	3	4	5	6	5	13	4.222222222222222
NM_001183268.1	1	1	3	3	6	4	6	8	6	4.222222222222222
NM_001181385.3	1	2	1	4	4	5	6	7	8	4.222222222222222
NM_001270739.1	2	3	2	1	3	6	5	5	11	4.222222222222222
NM_001180581.3	0	2	1	3	3	6	9	7	7	4.222222222222222
NM_001179912.1	0	3	5	2	7	4	6	7	5	4.333333333333333
NM_001178987.1	0	1	2	2	0	9	9	7	9	4.333333333333333
NM_001183848.1	0	2	3	3	5	6	3	10	7	4.333333333333333
NM_001181647.1	1	1	2	1	4	7	6	8	9	4.333333333333333
NM_001348841.1	1	1	1	1	6	5	5	10	9	4.333333333333333
NM_001178393.2	0	1	1	3	2	9	10	7	7	4.444444444444445
NM_001184447.3	3	2	2	4	3	5	7	7	7	4.444444444444445
NM_001180414.1	0	2	5	2	4	3	8	5	11	4.444444444444445
NM_001181011.1	1	1	6	5	7	4	7	4	5	4.444444444444445
NM_001179840.1	1	2	1	2	4	8	7	8	7	4.444444444444445
NM_001184652.1	0	1	3	0	5	5	7	8	11	4.444444444444445
NM_001181891.1	2	0	1	4	5	8	6	8	6	4.444444444444445
NM_001179096.1	1	0	3	2	7	3	7	8	9	4.444444444444445
NM_001179754.1	0	2	4	4	3	3	11	5	9	4.555555555555555
NM_001179831.1	3	1	5	2	3	4	7	6	10	4.555555555555555
NM_001180108.1	1	2	3	3	5	5	8	5	9	4.555555555555555
NM_001178197.1	1	0	2	0	3	9	9	8	9	4.555555555555555
NM_001180270.1	0	2	5	5	4	5	6	6	8	4.555555555555555
NM_001184687.1	0	2	5	1	6	7	9	5	7	4.666666666666667
NM_001431139.1	4	2	3	3	6	4	3	8	9	4.666666666666667
NM_001183040.1	0	1	1	3	9	6	6	7	9	4.666666666666667
NM_001181957.1	1	3	1	5	4	3	5	12	8	4.666666666666667
NM_001348855.1	1	3	3	2	5	4	5	10	10	4.777777777777778
NM_001184319.1	2	3	1	4	2	7	9	8	7	4.777777777777778
NM_001181182.3	1	2	3	4	5	6	4	6	12	4.777777777777778
NM_001182547.2	1	2	4	3	3	8	8	8	7	4.888888888888889
NM_001182036.1	0	2	5	1	3	7	8	9	9	4.888888888888889
NM_001183801.1	0	0	4	5	4	9	8	8	6	4.888888888888889
NM_001184298.1	1	3	3	3	7	6	6	8	7	4.888888888888889
NM_001178720.1	1	5	2	4	4	8	5	9	7	5.0
NM_001178496.3	3	3	3	4	5	3	8	7	9	5.0
NM_001184671.1	0	1	3	6	6	6	7	5	11	5.0
NM_001183297.1	0	2	4	7	4	6	4	10	8	5.0
NM_001181808.4	1	2	1	5	4	6	8	10	8	5.0
NM_001183407.1	0	3	5	4	5	6	4	8	10	5.0
NM_001183033.1	2	1	3	9	6	3	7	7	7	5.0
NM_001184102.1	0	1	3	6	7	8	5	7	9	5.111111111111111
NM_001179851.3	1	5	4	4	2	3	7	8	12	5.111111111111111
NM_001182567.1	1	0	2	6	2	8	8	9	10	5.111111111111111
NM_001181665.1	1	3	5	4	3	9	6	9	6	5.111111111111111
NM_001183428.1	1	3	5	3	6	8	3	6	11	5.111111111111111
NM_001270759.1	2	3	2	4	7	8	7	8	5	5.111111111111111
NM_001179550.3	2	0	1	4	4	6	7	8	14	5.111111111111111
NM_001183438.1	1	1	4	4	4	5	6	11	10	5.111111111111111
NM_001181239.3	2	0	4	4	2	6	6	7	15	5.111111111111111
NM_001179320.3	3	0	4	3	6	7	7	9	8	5.222222222222222
AI1	1	2	0	2	10	7	13	6	6	5.222222222222222
NM_001181549.1	2	2	3	5	4	7	6	9	9	5.222222222222222
NM_001184444.1	2	2	4	5	1	6	8	5	14	5.222222222222222
NM_001183592.1	0	3	0	2	2	10	10	8	13	5.333333333333333
NM_001180386.1	1	2	5	8	4	7	4	7	10	5.333333333333333
NM_001183962.1	1	4	2	4	4	9	8	7	9	5.333333333333333
NM_001182133.1	1	2	1	5	5	5	8	13	8	5.333333333333333
NM_001180928.4	1	3	4	6	6	7	5	8	8	5.333333333333333
NM_001178588.3	2	3	4	4	3	6	8	10	8	5.333333333333333
NM_001180854.3	4	3	4	4	5	4	6	11	8	5.444444444444445
NM_001183611.3	1	2	2	7	10	4	11	4	8	5.444444444444445
NM_001182168.1	2	1	2	4	6	5	5	11	13	5.444444444444445
NM_001178915.1	0	1	3	7	7	9	8	8	7	5.555555555555555
NM_001179561.3	1	4	1	1	7	6	13	8	9	5.555555555555555
SDL1	2	3	1	5	8	4	7	11	9	5.555555555555555
NM_001181872.1	2	1	4	8	7	6	6	9	7	5.555555555555555
NM_001181330.3	0	2	1	6	3	10	9	7	12	5.555555555555555
NM_001182680.1	1	3	2	4	7	6	8	9	11	5.666666666666667
NM_001179787.1	0	7	6	1	9	2	5	11	10	5.666666666666667
NM_001183985.1	2	0	7	5	6	2	8	11	11	5.777777777777778
NM_001181817.1	0	3	6	4	7	5	6	8	13	5.777777777777778
NM_001182688.1	1	3	3	5	5	4	10	10	11	5.777777777777778
NM_001182930.1	2	4	5	7	5	5	6	10	8	5.777777777777778
NM_001182154.1	2	3	2	5	3	9	7	9	13	5.888888888888889
NM_001183539.1	0	2	3	6	9	7	7	9	10	5.888888888888889
NM_001181694.3	1	2	7	5	5	6	8	8	11	5.888888888888889
NM_001270755.1	1	3	4	2	4	10	9	7	13	5.888888888888889
NM_001183234.1	1	4	1	6	5	10	9	10	7	5.888888888888889
NM_001183417.1	0	1	5	4	6	4	10	14	10	6.0
NM_001179480.1	2	4	2	2	7	7	9	9	12	6.0
NM_001178854.1	2	1	2	6	9	7	8	7	12	6.0
NM_001183556.3	0	2	5	6	8	7	5	10	11	6.0
NM_001180298.1	1	4	3	5	5	9	4	12	11	6.0
NM_001181217.1	0	3	5	7	7	9	11	7	6	6.111111111111111
NM_001182848.3	1	6	5	6	8	10	5	7	8	6.222222222222222
NM_001184676.3	2	4	4	6	6	11	6	9	8	6.222222222222222
NM_001182787.1	1	0	7	8	7	6	7	11	9	6.222222222222222
NM_001180291.1	0	3	6	3	7	6	6	9	17	6.333333333333333
NM_001181979.1	3	2	1	4	6	10	12	7	12	6.333333333333333
NM_001184593.3	1	1	4	2	7	5	14	12	11	6.333333333333333
NM_001179437.1	0	0	4	4	6	6	11	15	12	6.444444444444445
NM_001180946.1	2	4	4	8	2	8	7	9	14	6.444444444444445
NM_001181049.3	2	2	2	5	7	9	7	15	9	6.444444444444445
NM_001178735.1	0	5	0	8	8	7	8	12	10	6.444444444444445
NM_001180583.1	2	2	3	3	6	7	9	11	15	6.444444444444445
NM_001179987.3	2	4	3	6	5	14	6	10	9	6.555555555555555
NM_001179116.1	2	4	4	9	5	11	7	8	9	6.555555555555555
NM_001179744.1	1	3	6	6	7	8	5	7	16	6.555555555555555
NM_001182984.3	0	1	5	3	8	5	10	11	16	6.555555555555555
NM_001183981.1	1	1	2	3	7	12	8	11	14	6.555555555555555
NM_001184293.1	2	3	3	5	7	6	10	15	9	6.666666666666667
NM_001184524.1	2	8	0	5	5	10	10	11	9	6.666666666666667
NM_001182563.1	1	1	3	6	6	10	8	12	13	6.666666666666667
NM_001182138.1	1	1	4	6	8	6	12	12	11	6.777777777777778
NM_001181353.3	0	4	6	5	8	8	5	11	14	6.777777777777778
NM_001184044.1	6	0	6	8	8	3	5	11	14	6.777777777777778
NM_001183236.3	2	2	3	2	10	5	9	14	14	6.777777777777778
NM_001181897.1	2	2	7	4	3	7	9	12	16	6.888888888888889
NM_001183961.1	3	5	5	9	10	9	7	4	10	6.888888888888889
NM_001180567.3	0	6	7	4	6	9	8	8	14	6.888888888888889
NM_001179652.1	0	1	4	7	4	14	10	8	14	6.888888888888889
NM_001184389.1	3	4	3	4	7	8	13	9	11	6.888888888888889
NM_001182299.3	0	6	6	2	5	8	6	15	14	6.888888888888889
NM_001181172.1	1	3	4	5	8	5	11	13	13	7.0
NM_001181199.2	2	2	5	8	5	11	8	10	12	7.0
NM_001179356.1	1	3	5	5	9	6	7	14	13	7.0
NM_001183243.3	1	1	4	5	5	9	10	15	13	7.0
NM_001184591.1	3	1	5	8	5	11	6	14	11	7.111111111111111
NM_001184254.1	1	2	1	3	9	8	15	12	13	7.111111111111111
NM_001181876.1	1	3	6	6	2	9	11	15	11	7.111111111111111
NM_001183250.3	1	5	4	3	3	8	11	14	15	7.111111111111111
NM_001178476.1	1	2	7	6	10	7	8	10	14	7.222222222222222
NM_001178173.1	3	1	5	6	8	5	13	12	12	7.222222222222222
NM_001180034.1	1	2	6	3	5	10	11	14	13	7.222222222222222
NM_001184527.1	2	3	5	7	6	8	10	8	16	7.222222222222222
NM_001270761.1	2	3	5	4	6	12	10	12	11	7.222222222222222
NM_001179449.1	3	3	5	4	6	13	6	11	15	7.333333333333333
NM_001183902.1	2	2	2	2	12	14	7	10	15	7.333333333333333
NM_001182863.1	1	6	2	7	6	6	12	12	14	7.333333333333333
NM_001180433.3	3	0	4	8	3	12	10	15	11	7.333333333333333
NM_001184413.3	2	1	6	6	9	7	10	13	12	7.333333333333333
NM_001184332.1	0	1	5	3	9	7	13	10	18	7.333333333333333
NM_001181968.1	1	4	5	5	6	9	8	18	10	7.333333333333333
NM_001179859.3	1	7	3	5	7	9	11	12	12	7.444444444444445
NM_001178269.1	1	1	6	2	6	11	14	14	13	7.555555555555555
NM_001181736.3	3	4	2	8	8	7	11	12	13	7.555555555555555
NM_001183410.1	0	4	9	6	10	6	13	9	11	7.555555555555555
NM_001181416.3	4	1	0	8	5	8	14	15	13	7.555555555555555
NM_001270748.1	3	1	7	6	7	10	8	11	16	7.666666666666667
NM_001178226.1	0	3	7	6	3	16	9	12	13	7.666666666666667
NM_001181117.1	1	8	5	4	7	7	9	10	18	7.666666666666667
NM_001183988.1	2	0	5	7	8	11	11	9	16	7.666666666666667
NM_001431137.1	2	2	8	8	7	10	10	12	11	7.777777777777778
NM_001178797.2	2	4	2	5	9	8	10	15	15	7.777777777777778
NM_001182120.1	2	1	5	7	10	10	7	14	15	7.888888888888889
NM_001180493.1	4	5	8	6	5	14	8	11	10	7.888888888888889
NM_001179284.1	4	2	3	5	10	10	12	13	12	7.888888888888889
NM_001180955.1	2	1	4	5	10	8	14	7	21	8.0
NM_001182812.1	0	7	3	7	7	9	14	8	17	8.0
NM_001178802.1	3	3	5	2	9	12	7	16	16	8.11111111111111
NM_001180593.1	1	4	7	7	7	12	15	9	11	8.11111111111111
NM_001179468.1	0	3	2	8	10	7	13	14	16	8.11111111111111
NM_001183307.1	3	2	4	6	5	8	13	18	14	8.11111111111111
NM_001181551.1	1	5	6	13	5	10	9	7	18	8.222222222222221
NM_001179539.3	2	2	3	7	7	11	11	11	20	8.222222222222221
NM_001182158.1	0	4	4	8	10	8	14	14	12	8.222222222222221
NM_001179074.1	0	2	6	6	5	12	13	17	14	8.333333333333334
NM_001180625.3	1	4	5	9	8	11	12	12	13	8.333333333333334
NM_001183481.1	0	5	1	8	11	8	15	13	14	8.333333333333334
NM_001182341.3	3	4	2	7	5	9	16	14	15	8.333333333333334
NM_001183978.1	2	5	8	7	8	11	9	9	17	8.444444444444445
NM_001182982.1	0	3	3	9	8	14	8	17	14	8.444444444444445
NM_001181256.1	1	5	5	5	9	7	19	8	17	8.444444444444445
NM_001178906.3	2	5	4	7	9	6	14	11	18	8.444444444444445
NM_001183191.3	1	3	5	11	6	10	15	9	16	8.444444444444445
NM_001183337.1	2	5	3	13	10	11	12	11	9	8.444444444444445
NM_001182830.2	3	2	9	5	10	10	10	13	14	8.444444444444445
NM_001178551.2	1	5	6	6	5	6	11	16	20	8.444444444444445
NM_001182100.1	1	3	9	11	9	9	12	11	12	8.555555555555555
NM_001179145.1	1	2	4	6	4	15	15	14	16	8.555555555555555
NM_001184158.1	2	2	4	4	10	10	14	19	12	8.555555555555555
NM_001181577.1	3	2	6	9	9	10	14	13	11	8.555555555555555
NM_001183049.1	1	7	3	12	7	10	10	19	9	8.666666666666666
NM_001180366.1	3	2	4	6	9	9	14	19	12	8.666666666666666
NM_001270745.1	3	6	7	5	4	11	12	16	14	8.666666666666666
NM_001179124.1	2	5	4	6	7	11	7	19	17	8.666666666666666
NM_001179637.1	0	4	3	8	10	10	12	14	17	8.666666666666666
NM_001181297.1	2	3	5	7	10	10	17	14	11	8.777777777777779
NM_001179315.1	4	2	3	12	5	7	13	14	19	8.777777777777779
NM_001183367.1	0	5	4	11	10	14	10	15	11	8.88888888888889
NM_001348811.1	1	3	8	7	10	14	10	12	15	8.88888888888889
NM_001181282.2	3	8	7	6	7	9	11	16	13	8.88888888888889
NM_001181267.1	2	1	6	5	10	12	9	17	18	8.88888888888889
NM_001179086.1	3	3	3	12	9	10	12	11	17	8.88888888888889
NM_001184214.1	2	4	4	5	11	12	11	13	19	9.0
NM_001181719.1	2	4	3	4	14	16	11	16	11	9.0
NM_001178957.1	2	3	7	5	9	8	15	17	15	9.0
NM_001182551.1	2	3	7	5	11	12	13	14	15	9.11111111111111
NM_001183677.1	1	4	5	9	9	12	13	12	17	9.11111111111111
NM_001178455.3	2	4	6	5	8	11	16	16	14	9.11111111111111
NM_001179363.1	4	5	4	5	4	15	11	18	16	9.11111111111111
NM_001184493.1	2	6	4	8	10	12	8	18	15	9.222222222222221
NM_001181372.1	5	4	8	4	15	11	12	12	12	9.222222222222221
NM_001178417.1	0	4	7	7	8	5	19	16	17	9.222222222222221
NM_001183800.3	2	4	4	7	11	8	16	14	17	9.222222222222221
NM_001184078.1	3	3	4	4	13	10	13	12	21	9.222222222222221
NM_001182265.1	2	3	4	5	12	10	13	17	18	9.333333333333334
NM_001183368.1	2	5	6	12	6	12	12	13	16	9.333333333333334
NM_001182561.1	2	2	10	5	6	9	17	12	21	9.333333333333334
NM_001184435.3	1	2	3	7	14	11	18	13	15	9.333333333333334
NM_001182207.2	2	4	4	6	14	9	15	14	16	9.333333333333334
NM_001181019.1	2	2	6	11	5	17	11	15	15	9.333333333333334
NM_001179307.3	2	6	7	4	8	12	13	18	15	9.444444444444445
NM_001183612.3	0	4	6	7	9	8	14	21	16	9.444444444444445
NM_001182319.1	3	5	5	7	11	10	15	18	12	9.555555555555555
NM_001183359.1	2	2	8	8	13	8	15	15	15	9.555555555555555
NM_001182759.1	3	2	9	10	6	12	12	20	13	9.666666666666666
NM_001182052.1	3	2	7	3	11	10	13	16	22	9.666666666666666
NM_001182358.1	1	4	10	9	8	14	11	13	18	9.777777777777779
NM_001182202.2	2	3	8	8	9	13	15	15	16	9.88888888888889
NM_001178565.1	0	2	10	10	8	10	14	20	15	9.88888888888889
NM_001179270.1	4	3	5	5	9	15	12	16	20	9.88888888888889
NM_001180393.1	1	2	8	4	10	14	15	13	22	9.88888888888889
NM_001182519.1	2	4	6	9	4	12	14	20	18	9.88888888888889
NM_001180978.3	3	5	7	5	9	10	12	18	21	10.0
NM_001182566.1	2	8	6	11	10	13	12	16	12	10.0
NM_001183798.1	1	5	6	6	7	15	17	12	21	10.0
NM_001182663.1	1	5	5	8	8	13	11	20	19	10.0
NM_001181040.1	2	3	3	9	11	11	13	20	19	10.11111111111111
NM_001179913.1	3	10	5	6	9	11	20	11	16	10.11111111111111
NM_001179888.1	3	3	4	11	14	12	13	16	16	10.222222222222221
NM_001182098.1	2	6	6	7	16	9	13	15	18	10.222222222222221
NM_001305015.2	1	2	10	8	13	12	8	18	20	10.222222222222221
NM_001181853.1	0	4	6	6	9	15	19	16	18	10.333333333333334
NM_001182029.1	2	6	4	7	9	12	18	15	20	10.333333333333334
NM_001183166.1	1	5	10	9	12	8	15	19	14	10.333333333333334
NM_001180622.1	1	1	6	11	12	9	12	20	21	10.333333333333334
NM_001180107.1	1	5	9	6	9	8	16	16	24	10.444444444444445
NM_001178532.3	1	2	4	6	12	16	16	17	20	10.444444444444445
NM_001184163.1	2	4	8	10	8	11	12	21	18	10.444444444444445
NM_001180243.1	2	1	7	10	11	14	14	16	20	10.555555555555555
NM_001180128.1	3	5	3	4	11	15	14	16	24	10.555555555555555
NM_001182980.1	2	5	3	10	12	15	17	13	18	10.555555555555555
NM_001178937.1	3	1	9	11	17	10	11	15	18	10.555555555555555
NM_001184071.1	0	4	3	8	15	18	10	16	22	10.666666666666666
NM_001180271.1	2	4	6	11	6	11	17	25	14	10.666666666666666
NM_001178709.1	2	4	7	7	10	10	18	21	17	10.666666666666666
NM_001182209.1	3	2	5	7	6	17	16	17	23	10.666666666666666
NM_001184110.1	2	5	11	5	10	7	17	16	23	10.666666666666666
NM_001182039.1	0	6	5	12	9	13	20	18	14	10.777777777777779
NM_001184250.1	1	1	7	7	13	9	16	19	24	10.777777777777779
NM_001178700.1	4	5	8	7	10	10	16	16	21	10.777777777777779
NM_001179421.3	1	1	6	8	10	12	15	22	22	10.777777777777779
NM_001178567.3	4	6	5	12	10	7	13	22	19	10.88888888888889
NM_001183422.1	3	5	6	6	12	13	14	21	18	10.88888888888889
NM_001184099.1	6	5	7	6	19	13	12	14	16	10.88888888888889
NM_001179881.1	2	5	8	11	11	14	18	9	20	10.88888888888889
NM_001180198.1	1	3	6	10	16	14	10	20	19	11.0
NM_001184030.1	4	2	9	9	10	15	11	17	22	11.0
NM_001179470.1	2	1	10	9	12	9	16	18	23	11.11111111111111
NM_001182657.1	0	4	8	7	7	13	19	21	21	11.11111111111111
NM_001182345.3	0	7	7	9	11	9	19	22	16	11.11111111111111
NM_001181533.1	4	5	6	12	7	12	11	21	23	11.222222222222221
NM_001179728.1	3	3	10	13	10	8	19	18	17	11.222222222222221
NM_001183708.1	3	2	6	13	15	11	12	16	24	11.333333333333334
NM_001178641.3	5	2	4	11	9	10	19	19	23	11.333333333333334
NM_001182344.1	1	4	6	7	14	11	17	16	26	11.333333333333334
NM_001180623.3	2	8	7	8	13	12	19	15	18	11.333333333333334
NM_001179487.1	2	8	8	6	11	14	16	19	18	11.333333333333334
NM_001183927.1	1	4	10	8	11	18	10	25	15	11.333333333333334
NM_001179112.1	3	5	5	12	10	11	18	22	16	11.333333333333334
NM_001183068.1	1	7	6	8	12	16	15	16	21	11.333333333333334
NM_001182296.1	5	8	5	13	8	17	16	15	16	11.444444444444445
NM_001178820.3	3	5	5	10	6	18	15	21	20	11.444444444444445
NM_001183255.1	2	8	4	8	10	13	14	24	20	11.444444444444445
NM_001184390.4	4	5	4	6	12	16	20	16	20	11.444444444444445
NM_001181540.1	5	4	2	7	14	19	16	18	18	11.444444444444445
NM_001181883.1	3	6	11	8	14	13	12	18	19	11.555555555555555
NM_001182687.1	2	7	6	4	8	18	18	23	19	11.666666666666666
NM_001179165.1	1	7	7	10	14	13	13	20	20	11.666666666666666
NM_001184264.1	1	5	8	11	10	22	13	19	16	11.666666666666666
NM_001180924.4	6	2	9	9	13	11	14	21	20	11.666666666666666
NM_001179178.1	2	7	5	11	11	19	15	12	23	11.666666666666666
NM_001183242.1	6	5	7	10	10	16	19	15	18	11.777777777777779
NM_001182686.1	2	4	5	7	11	16	19	21	21	11.777777777777779
NM_001184656.1	4	4	5	13	12	11	21	15	21	11.777777777777779
NM_001182408.1	2	4	5	12	15	11	16	20	21	11.777777777777779
NM_001180266.1	2	5	3	7	13	14	15	22	25	11.777777777777779
NM_001178856.1	0	5	8	7	13	17	15	24	17	11.777777777777779
NM_001184471.3	3	8	4	8	11	13	15	18	26	11.777777777777779
NM_001179043.1	2	6	6	8	12	21	13	19	19	11.777777777777779
NM_001182427.1	4	3	11	11	11	15	17	14	21	11.88888888888889
NM_001281536.2	3	2	10	10	11	13	19	19	20	11.88888888888889
NM_001184386.2	2	3	6	8	14	15	17	18	24	11.88888888888889
NM_001179785.1	3	4	7	9	13	9	24	19	19	11.88888888888889
NM_001180434.1	2	6	4	11	7	14	23	18	23	12.0
NM_001181225.3	2	6	9	13	8	19	16	20	15	12.0
NM_001179005.1	5	0	7	10	12	10	18	20	26	12.0
NM_001179325.1	1	4	7	18	14	13	18	14	19	12.0
NM_001183108.1	2	6	6	7	13	20	16	17	22	12.11111111111111
NM_001181521.1	3	1	8	5	15	14	15	24	24	12.11111111111111
NM_001183364.1	4	4	7	8	15	13	16	23	19	12.11111111111111
NM_001179482.3	3	7	9	12	11	13	20	18	17	12.222222222222221
NM_001178783.1	3	4	8	12	13	14	16	19	21	12.222222222222221
NM_001179040.1	4	6	3	13	11	14	15	21	23	12.222222222222221
NM_001179494.1	5	2	5	9	14	15	19	18	23	12.222222222222221
NM_001180283.1	2	5	5	10	18	13	17	22	18	12.222222222222221
NM_001183483.1	4	2	5	14	11	15	12	19	28	12.222222222222221
NM_001182270.1	2	3	5	11	14	11	19	21	26	12.444444444444445
NM_001178225.1	3	4	5	6	13	18	22	20	21	12.444444444444445
NM_001183819.1	6	3	7	15	11	13	19	15	24	12.555555555555555
NM_001183533.1	6	2	9	8	15	17	16	19	21	12.555555555555555
NM_001184091.1	2	3	5	10	15	17	20	20	21	12.555555555555555
NM_001178607.3	2	4	5	10	11	17	17	22	25	12.555555555555555
NM_001182334.1	2	8	4	6	14	17	18	21	23	12.555555555555555
NM_001179106.1	4	1	10	14	20	14	14	19	17	12.555555555555555
NM_001184511.1	2	5	10	13	11	14	17	19	22	12.555555555555555
NM_001181967.1	2	6	5	9	14	21	18	18	20	12.555555555555555
NM_001180467.1	3	6	6	12	12	15	17	19	24	12.666666666666666
NM_001184439.1	2	4	12	11	9	16	13	23	24	12.666666666666666
NM_001180254.1	4	7	10	7	13	18	12	18	25	12.666666666666666
NM_001178795.1	1	4	5	9	11	11	21	24	28	12.666666666666666
NM_001181457.1	1	4	7	11	12	18	15	22	24	12.666666666666666
NM_001178932.2	3	5	2	12	13	17	17	23	22	12.666666666666666
NM_001180849.4	4	4	6	11	15	15	12	26	22	12.777777777777779
NM_001180860.1	0	9	10	6	12	15	22	16	25	12.777777777777779
NM_001182531.1	3	6	8	9	14	14	15	26	20	12.777777777777779
NM_001179500.1	3	8	8	13	11	16	16	19	21	12.777777777777779
NM_001184686.1	2	5	8	9	14	12	21	21	24	12.88888888888889
NM_001348839.1	0	6	2	12	16	15	15	26	24	12.88888888888889
NM_001182064.1	2	6	7	13	15	15	18	10	30	12.88888888888889
NM_001180767.1	2	5	11	10	11	13	16	23	25	12.88888888888889
NM_001179048.1	1	7	7	9	13	16	17	22	25	13.0
NM_001179098.1	4	10	9	7	15	12	19	19	22	13.0
NM_001179537.1	2	4	8	8	12	13	22	21	27	13.0
NM_001183778.1	3	7	10	10	16	11	19	17	24	13.0
NM_001183181.1	5	8	7	10	15	13	14	20	25	13.0
NM_001181350.2	1	7	12	13	12	13	16	17	27	13.11111111111111
NM_001184675.3	5	3	12	12	11	16	15	22	22	13.11111111111111
NM_001179217.1	2	5	10	9	12	13	20	23	24	13.11111111111111
NM_001183886.1	1	8	10	12	16	11	13	18	29	13.11111111111111
NM_001180092.1	2	8	7	11	6	21	18	18	28	13.222222222222221
NM_001181116.1	1	5	8	14	16	19	15	19	22	13.222222222222221
NM_001183263.1	1	5	2	13	18	14	21	22	24	13.333333333333334
NM_001184320.1	1	4	9	9	11	16	23	19	28	13.333333333333334
NM_001184165.1	1	4	11	9	14	16	16	21	29	13.444444444444445
NM_001183171.1	4	4	4	7	16	17	17	30	22	13.444444444444445
NM_001182185.1	3	7	6	9	11	18	21	21	26	13.555555555555555
NM_001182171.1	4	7	6	10	10	16	19	27	23	13.555555555555555
NM_001179287.1	3	8	8	11	13	26	16	21	17	13.666666666666666
NM_001180691.3	0	7	8	10	13	16	23	24	22	13.666666666666666
NM_001178967.3	5	6	10	19	16	12	13	21	21	13.666666666666666
NM_001183072.1	5	6	6	12	14	18	21	19	22	13.666666666666666
NM_001181793.1	2	6	8	8	17	8	19	30	26	13.777777777777779
NM_001182614.1	2	7	10	7	15	17	18	25	23	13.777777777777779
NM_001180373.3	4	6	7	14	12	23	15	22	21	13.777777777777779
NM_001181596.1	3	9	6	10	9	14	22	22	29	13.777777777777779
NM_001183468.1	4	5	9	10	14	15	23	20	25	13.88888888888889
NM_001179392.1	1	5	8	12	11	15	26	26	21	13.88888888888889
NM_001181152.1	1	8	6	9	9	21	20	27	24	13.88888888888889
NM_001179621.2	1	4	9	11	11	18	22	24	25	13.88888888888889
NM_001180163.1	4	6	5	8	10	16	22	28	27	14.0
NM_001182764.1	1	6	7	13	8	18	18	25	30	14.0
NM_001178645.3	4	5	9	11	13	17	20	24	23	14.0
NM_001180982.3	1	5	9	18	16	12	21	19	25	14.0
NM_001181922.1	3	3	4	12	14	23	22	25	20	14.0
NM_001182160.1	2	5	9	12	11	16	21	23	27	14.0
NM_001183302.1	3	3	8	6	16	16	21	30	24	14.11111111111111
NM_001179340.1	3	5	11	11	14	18	19	18	28	14.11111111111111
NM_001184436.2	1	3	8	12	18	17	26	20	22	14.11111111111111
NM_001179799.1	2	3	7	15	14	18	22	18	28	14.11111111111111
NM_001181459.1	6	5	6	12	15	16	17	25	26	14.222222222222221
NM_001180384.3	2	8	8	6	16	17	17	24	30	14.222222222222221
NM_001179197.1	2	5	11	9	14	22	18	22	25	14.222222222222221
NM_001184437.3	2	7	5	12	7	20	22	28	25	14.222222222222221
NM_001183891.1	0	4	4	10	13	25	25	20	27	14.222222222222221
NM_001182924.1	5	8	8	12	13	22	16	22	22	14.222222222222221
NM_001180259.1	1	4	11	12	11	17	24	19	30	14.333333333333334
NM_001183571.1	3	5	7	15	21	14	13	21	30	14.333333333333334
NM_001181434.4	3	7	8	14	14	21	17	18	27	14.333333333333334
NM_001182028.1	2	3	5	18	16	16	16	25	28	14.333333333333334
NM_001181450.1	3	1	10	13	15	14	21	26	26	14.333333333333334
NM_001183222.3	4	8	4	14	14	21	17	22	25	14.333333333333334
NM_001181777.1	2	8	6	12	16	17	21	20	27	14.333333333333334
NM_001184182.1	3	8	12	11	15	13	21	25	22	14.444444444444445
NM_001183429.1	4	8	3	12	17	17	24	24	22	14.555555555555555
NM_001180118.1	2	8	11	13	13	12	17	28	27	14.555555555555555
NM_001184083.1	1	6	6	10	13	20	22	23	30	14.555555555555555
NM_001181618.1	1	8	14	8	12	18	22	20	28	14.555555555555555
NM_001178989.1	3	6	9	10	11	19	19	24	30	14.555555555555555
NM_001184190.1	5	3	11	10	10	18	20	23	31	14.555555555555555
NM_001179027.3	1	5	10	10	22	15	20	21	27	14.555555555555555
NM_001182311.3	4	7	7	13	13	23	15	22	27	14.555555555555555
NM_001183463.1	3	7	11	8	16	17	18	21	31	14.666666666666666
NM_001183647.3	2	3	10	16	13	21	23	23	21	14.666666666666666
NM_001178958.1	3	8	8	12	15	16	20	26	24	14.666666666666666
NM_001180439.1	1	6	12	13	12	18	14	27	29	14.666666666666666
NM_001181250.3	3	7	11	4	14	17	22	31	24	14.777777777777779
NM_001181191.1	2	2	5	15	16	19	21	23	30	14.777777777777779
NM_001180950.1	3	7	11	13	14	20	16	25	24	14.777777777777779
NM_001183152.1	4	8	10	8	12	22	22	20	27	14.777777777777779
NM_001180047.1	2	10	8	11	11	22	21	24	25	14.88888888888889
NM_001178653.1	2	6	9	11	22	22	15	19	28	14.88888888888889
NM_001180338.3	2	3	12	9	17	16	25	23	27	14.88888888888889
NM_001184387.1	3	6	7	14	18	13	21	26	27	15.0
NM_001183479.1	4	14	12	13	9	12	21	29	21	15.0
NM_001181417.1	2	4	11	7	11	28	18	26	28	15.0
NM_001178224.1	3	8	10	11	15	18	17	25	28	15.0
NM_001184180.1	4	6	9	8	14	21	22	24	27	15.0
NM_001183431.1	2	4	6	16	13	19	18	24	33	15.0
NM_001178335.1	5	10	6	13	14	19	22	25	22	15.11111111111111
NM_001181359.3	3	6	7	15	11	17	21	23	33	15.11111111111111
NM_001182153.1	1	8	11	13	13	22	16	24	28	15.11111111111111
NM_001181001.1	2	8	11	18	11	20	19	22	25	15.11111111111111
NM_001182454.1	2	5	6	11	19	19	23	21	31	15.222222222222221
NM_001270760.1	3	6	9	13	18	19	19	22	28	15.222222222222221
NM_001179264.1	4	7	7	5	15	21	26	31	21	15.222222222222221
NM_001183980.1	4	5	4	15	16	20	21	26	26	15.222222222222221
NM_001179290.1	5	4	6	16	13	22	28	17	26	15.222222222222221
NM_001181095.1	4	7	10	13	14	19	15	25	31	15.333333333333334
NM_001181697.1	3	4	8	11	16	18	25	25	28	15.333333333333334
NM_001180257.1	2	8	12	7	16	22	19	26	26	15.333333333333334
NM_001180640.3	2	6	8	10	15	17	23	29	29	15.444444444444445
NM_001179445.1	4	6	11	10	12	21	23	23	29	15.444444444444445
NM_001178606.3	3	4	15	12	21	21	16	19	29	15.555555555555555
NM_001183703.3	4	5	7	15	18	18	24	22	28	15.666666666666666
NM_001180330.1	4	6	11	15	17	13	26	23	26	15.666666666666666
NM_001182409.1	2	7	10	11	18	23	18	26	26	15.666666666666666
NM_001346795.1	3	8	12	17	13	17	22	26	24	15.777777777777779
NM_001180276.1	2	5	9	15	13	29	24	22	23	15.777777777777779
NM_001181638.1	4	12	7	9	15	18	18	33	26	15.777777777777779
NM_001183923.1	2	3	10	13	9	22	27	32	24	15.777777777777779
NM_001180237.1	1	8	6	12	18	14	24	30	30	15.88888888888889
NM_001178531.1	1	11	9	14	15	16	23	34	20	15.88888888888889
NM_001182022.1	4	7	16	9	14	18	19	25	31	15.88888888888889
NM_001182590.1	6	5	13	11	15	19	21	23	31	16.0
NM_001182395.1	1	6	9	10	19	18	17	29	35	16.0
YIR043C	4	9	10	13	12	19	29	25	23	16.0
NM_001181431.2	2	8	6	13	11	23	24	29	29	16.11111111111111
NM_001178571.3	2	10	10	14	11	18	23	27	30	16.11111111111111
NM_001178299.1	2	7	10	15	12	22	17	30	30	16.11111111111111
NM_001184523.1	3	8	14	15	12	18	18	29	28	16.11111111111111
NM_001183688.1	8	5	12	16	15	19	19	26	25	16.11111111111111
NM_001182550.1	6	3	9	12	14	22	26	29	25	16.22222222222222
NM_001184673.1	4	8	8	12	15	19	23	26	31	16.22222222222222
NM_001178936.3	4	7	11	16	9	19	25	27	28	16.22222222222222
NM_001183366.1	5	9	11	13	21	18	21	21	27	16.22222222222222
NM_001178511.3	3	8	13	13	17	16	19	28	29	16.22222222222222
NM_001182829.1	5	8	11	11	13	23	27	23	26	16.333333333333332
NM_001179416.3	5	6	3	16	11	20	29	25	32	16.333333333333332
NM_001182038.1	5	4	13	13	12	20	26	25	30	16.444444444444443
NM_001180011.1	2	8	3	13	14	24	23	30	31	16.444444444444443
NM_001181106.1	5	11	11	10	12	26	20	29	24	16.444444444444443
NM_001180695.3	4	5	14	15	23	19	19	24	26	16.555555555555557
NM_001182881.1	3	11	8	11	22	16	19	31	28	16.555555555555557
NM_001183874.1	2	6	11	9	18	24	27	24	28	16.555555555555557
NM_001183075.1	5	5	11	13	18	26	19	29	23	16.555555555555557
NM_001183424.1	3	10	9	12	13	17	24	31	31	16.666666666666668
NM_001180573.1	1	8	10	16	17	22	17	34	26	16.77777777777778
NM_001178929.3	0	7	10	14	18	22	20	23	37	16.77777777777778
NM_001180761.1	3	7	7	14	18	23	27	34	19	16.88888888888889
NM_001182539.1	4	7	10	17	18	19	25	18	34	16.88888888888889
NM_001178928.1	3	4	11	16	23	17	25	26	27	16.88888888888889
NM_001180910.3	4	6	6	18	19	20	22	30	27	16.88888888888889
NM_001181565.1	5	12	10	15	18	20	22	26	25	17.0
NM_001179210.1	4	11	7	17	15	21	25	22	31	17.0
NM_001182381.1	3	6	11	14	22	17	23	30	27	17.0
NM_001182557.1	4	3	9	14	21	21	22	26	33	17.0
NM_001182491.1	2	7	11	12	16	19	24	34	28	17.0
NM_001181041.1	5	7	11	16	16	19	25	29	25	17.0
NM_001181978.1	3	12	8	14	18	24	28	21	25	17.0
NM_001178542.3	8	9	12	13	15	25	26	22	24	17.11111111111111
NM_001179108.1	1	11	15	12	16	19	23	29	28	17.11111111111111
NM_001180999.1	0	3	7	9	21	23	31	26	34	17.11111111111111
NM_001179235.1	1	8	6	12	22	18	31	24	33	17.22222222222222
NM_001183754.1	4	7	14	9	17	18	25	32	29	17.22222222222222
NM_001183855.1	6	5	10	15	18	18	25	29	30	17.333333333333332
NM_001180080.1	4	6	9	18	16	22	25	26	30	17.333333333333332
NM_001183499.1	2	5	12	13	14	19	27	28	36	17.333333333333332
NM_001179952.1	2	9	13	12	17	19	31	26	27	17.333333333333332
NM_001179427.3	3	12	15	9	14	26	20	23	34	17.333333333333332
NM_001179547.1	2	7	13	9	21	27	22	30	25	17.333333333333332
NM_001180658.4	3	9	13	13	17	20	26	26	30	17.444444444444443
NM_001183240.3	7	7	13	10	13	20	25	33	29	17.444444444444443
NM_001178576.3	4	3	13	10	19	23	25	32	28	17.444444444444443
NM_001178259.1	4	11	6	15	20	26	20	25	30	17.444444444444443
NM_001179440.3	6	3	12	10	20	18	26	26	36	17.444444444444443
NM_001182627.1	4	8	10	20	14	19	22	26	35	17.555555555555557
NM_001179132.1	3	7	9	13	31	26	20	25	24	17.555555555555557
NM_001184397.1	2	7	14	14	20	18	24	32	27	17.555555555555557
NM_001183861.1	2	10	10	11	14	21	24	26	40	17.555555555555557
NM_001179345.3	1	3	7	19	21	15	27	31	34	17.555555555555557
NM_001182594.1	6	9	10	17	20	18	20	24	35	17.666666666666668
NM_001182176.1	5	9	13	15	18	26	21	24	28	17.666666666666668
NM_001184680.1	2	8	10	16	18	26	22	26	31	17.666666666666668
NM_001181603.1	0	6	19	9	19	23	25	31	27	17.666666666666668
NM_001178392.2	3	9	7	18	17	27	22	27	29	17.666666666666668
NM_001182802.1	3	7	12	18	13	25	21	33	27	17.666666666666668
NM_001180644.3	2	9	8	9	21	22	28	31	30	17.77777777777778
NM_001178154.1	1	12	10	13	16	20	21	30	37	17.77777777777778
NM_001184398.2	2	7	15	14	20	18	24	33	27	17.77777777777778
NM_001178253.1	5	7	12	7	21	21	26	32	29	17.77777777777778
NM_001179063.1	5	12	12	12	19	20	22	29	29	17.77777777777778
NM_001179236.1	2	4	11	19	17	22	22	31	32	17.77777777777778
NM_001178949.1	3	7	10	14	18	19	26	31	33	17.88888888888889
NM_001180631.3	3	9	14	14	18	22	22	30	29	17.88888888888889
NM_001180199.1	7	9	5	14	15	25	21	31	34	17.88888888888889
NM_001183061.1	5	2	7	11	31	22	23	23	37	17.88888888888889
NM_001178752.1	4	8	9	13	19	23	25	26	34	17.88888888888889
NM_001182105.1	5	8	12	19	20	24	21	25	28	18.0
NM_001183890.1	5	8	11	22	15	14	26	31	30	18.0
NM_001181580.1	2	10	12	17	15	26	23	21	36	18.0
NM_001182177.1	4	4	5	17	15	19	31	33	34	18.0
NM_001182711.1	4	8	10	14	23	19	25	20	39	18.0
NM_001179281.1	3	9	10	19	19	21	21	31	29	18.0
NM_001182170.1	6	7	13	13	20	22	20	30	31	18.0
NM_001179766.1	6	7	20	16	17	18	28	25	25	18.0
NM_001182204.1	4	7	10	16	17	30	19	25	35	18.11111111111111
NM_001179205.1	3	6	11	12	21	22	30	31	27	18.11111111111111
NM_001182885.3	3	7	9	18	13	27	22	24	40	18.11111111111111
NM_001180351.3	6	8	9	17	15	24	28	30	27	18.22222222222222
NM_001182280.3	5	9	10	14	19	24	23	27	33	18.22222222222222
NM_001180048.2	2	11	11	16	13	23	25	30	33	18.22222222222222
NM_001180745.3	4	7	16	13	17	17	27	34	30	18.333333333333332
NM_001179299.2	6	10	11	15	23	20	22	26	32	18.333333333333332
NM_001183866.4	3	8	12	16	17	20	27	33	30	18.444444444444443
NM_001182639.1	3	6	11	13	23	19	31	26	34	18.444444444444443
NM_001182667.1	2	5	10	13	25	25	25	30	31	18.444444444444443
NM_001179405.1	5	11	8	15	12	29	25	30	31	18.444444444444443
NM_001183349.1	3	6	13	15	20	23	28	22	36	18.444444444444443
NM_001178172.1	4	12	13	12	18	23	31	24	30	18.555555555555557
NM_001178944.3	2	9	10	21	15	26	26	27	31	18.555555555555557
NM_001179935.1	4	14	10	17	18	17	20	41	26	18.555555555555557
NM_001182901.1	2	5	11	20	15	25	29	32	29	18.666666666666668
NM_001181341.3	6	9	10	20	17	19	28	29	30	18.666666666666668
NM_001184213.1	2	13	10	11	24	19	23	33	33	18.666666666666668
NM_001179794.3	4	2	7	17	22	28	25	27	36	18.666666666666668
NM_001180188.1	6	8	20	9	24	15	30	21	35	18.666666666666668
NM_001184123.1	1	7	16	23	12	21	32	27	30	18.77777777777778
NM_001182868.3	3	8	10	12	14	22	31	38	31	18.77777777777778
NM_001180563.3	1	8	14	17	17	18	26	32	36	18.77777777777778
NM_001181145.1	3	5	13	18	22	20	28	28	33	18.88888888888889
NM_001178446.1	0	5	13	12	27	20	27	30	37	19.0
NM_001180916.1	4	11	15	12	23	16	30	31	29	19.0
NM_001182553.1	2	5	11	18	21	22	19	35	38	19.0
NM_001183382.1	7	6	11	16	20	21	25	27	38	19.0
NM_001183963.1	7	6	11	14	21	18	25	30	40	19.11111111111111
NM_001181819.3	5	9	10	15	21	27	31	21	33	19.11111111111111
FLO8	2	8	13	18	18	22	27	34	31	19.22222222222222
NM_001182611.1	1	10	13	13	23	27	23	29	34	19.22222222222222
NM_001183051.1	1	8	19	15	22	17	29	25	38	19.333333333333332
NM_001305014.1	3	10	11	17	16	23	27	30	37	19.333333333333332
NM_001182693.1	1	9	13	16	17	26	27	30	36	19.444444444444443
NM_001183132.1	6	9	9	20	20	24	20	30	37	19.444444444444443
NM_001182121.1	5	9	18	15	18	28	23	30	30	19.555555555555557
NM_001182971.3	3	7	7	15	15	17	34	35	43	19.555555555555557
NM_001183092.1	4	6	13	20	15	22	27	31	38	19.555555555555557
NM_001182640.1	4	7	14	12	25	18	24	29	43	19.555555555555557
NM_001180621.1	4	6	15	16	16	28	28	25	38	19.555555555555557
NM_001178834.3	2	8	13	19	24	18	22	33	38	19.666666666666668
NM_001183948.1	2	7	12	11	15	20	32	34	44	19.666666666666668
NM_001184517.3	2	8	16	18	22	15	28	32	37	19.77777777777778
NM_001182521.1	1	11	9	22	18	16	28	33	40	19.77777777777778
NM_001182129.1	7	5	14	18	25	18	29	33	29	19.77777777777778
NM_001182216.1	1	10	11	15	24	22	25	36	35	19.88888888888889
NM_001182587.1	4	7	13	17	22	27	23	31	35	19.88888888888889
NM_001182526.1	4	10	14	20	19	21	28	30	33	19.88888888888889
NM_001178835.1	6	11	11	14	16	21	31	37	32	19.88888888888889
NM_001179973.1	3	9	11	9	16	22	30	38	41	19.88888888888889
NM_001179834.3	6	12	8	18	14	28	29	30	34	19.88888888888889
NM_001183860.1	2	9	12	14	27	26	32	30	27	19.88888888888889
NM_001184050.1	5	7	6	22	16	24	28	39	32	19.88888888888889
NM_001178320.2	5	7	9	16	26	24	24	41	28	20.0
NM_001184457.1	4	9	9	14	23	24	27	35	35	20.0
NM_001180557.3	6	7	13	17	19	19	35	24	41	20.11111111111111
NM_001184082.1	6	8	16	22	20	20	29	29	31	20.11111111111111
NM_001180585.3	5	9	13	13	17	30	30	27	37	20.11111111111111
NM_001183115.1	1	7	12	21	19	21	30	36	34	20.11111111111111
NM_001182032.1	6	8	12	16	19	19	31	33	37	20.11111111111111
NM_001180590.3	0	9	11	15	18	22	37	33	37	20.22222222222222
NM_001182019.1	1	9	12	15	21	24	31	37	32	20.22222222222222
NM_001181823.1	2	7	10	21	10	33	33	33	33	20.22222222222222
NM_001179333.3	1	7	17	18	21	22	28	29	39	20.22222222222222
NM_001184036.1	4	8	14	17	22	21	28	36	33	20.333333333333332
NM_001178391.2	2	15	14	17	21	27	20	30	37	20.333333333333332
NM_001184108.1	6	6	10	18	22	26	29	28	39	20.444444444444443
NM_001179807.3	4	9	11	18	15	24	34	28	41	20.444444444444443
NM_001181109.1	3	9	16	17	17	21	28	36	37	20.444444444444443
NM_001181992.1	1	9	13	15	13	33	25	41	35	20.555555555555557
NM_001181799.1	2	9	22	14	22	19	31	32	34	20.555555555555557
NM_001179552.1	5	9	8	15	23	22	32	30	41	20.555555555555557
NM_001178643.2	4	7	12	16	12	28	33	39	34	20.555555555555557
NM_001179656.1	10	4	15	18	15	18	34	34	38	20.666666666666668
NM_001179527.1	5	7	10	15	24	20	34	32	39	20.666666666666668
NM_001181171.1	3	5	12	15	20	35	29	32	36	20.77777777777778
NM_001183885.1	1	10	8	24	18	24	29	35	38	20.77777777777778
NM_001179221.1	9	6	11	15	20	24	27	36	39	20.77777777777778
NM_001181643.1	2	8	9	18	21	29	35	29	37	20.88888888888889
NM_001180487.3	5	9	12	17	20	28	26	34	37	20.88888888888889
NM_001183624.1	4	10	9	18	22	25	29	32	39	20.88888888888889
NM_001181535.1	5	6	11	15	25	33	28	33	32	20.88888888888889
NM_001183627.3	2	10	14	8	30	23	35	29	38	21.0
NM_001183783.3	7	10	15	17	16	18	31	38	37	21.0
NM_001179259.1	5	6	16	17	13	20	36	35	41	21.0
NM_001178777.1	3	13	10	16	17	29	35	37	29	21.0
NM_001181367.3	3	9	11	20	17	27	27	36	40	21.11111111111111
NM_001184008.1	5	7	14	17	18	22	26	37	44	21.11111111111111
NM_001182055.1	4	9	15	13	25	26	25	39	34	21.11111111111111
NM_001180969.3	9	13	15	17	16	26	30	35	29	21.11111111111111
NM_001178500.3	5	7	15	23	17	29	31	31	33	21.22222222222222
NM_001181113.1	4	8	10	14	19	22	33	36	45	21.22222222222222
NM_001181186.3	5	12	9	11	21	24	33	31	45	21.22222222222222
NM_001184677.1	9	8	9	14	21	32	29	30	40	21.333333333333332
NM_001184168.1	8	9	13	15	16	25	28	32	46	21.333333333333332
NM_001184515.1	5	11	16	13	20	29	32	33	34	21.444444444444443
NM_001183822.1	4	14	10	16	19	24	31	35	40	21.444444444444443
NM_001178774.1	3	13	10	19	24	18	26	35	45	21.444444444444443
NM_001179546.1	0	8	11	15	22	31	35	35	36	21.444444444444443
NM_001179395.3	6	6	13	18	20	28	31	37	34	21.444444444444443
NM_001183921.1	3	7	9	16	26	30	30	34	38	21.444444444444443
NM_001181874.2	7	10	16	13	21	17	34	36	39	21.444444444444443
NM_001178318.1	5	10	12	19	20	24	26	37	40	21.444444444444443
NM_001184206.1	4	11	13	16	19	24	40	37	29	21.444444444444443
NM_001178179.1	5	5	15	20	19	29	30	35	35	21.444444444444443
NM_001179577.1	2	6	14	17	17	25	35	35	43	21.555555555555557
NM_001181204.3	5	10	13	10	17	23	36	41	39	21.555555555555557
NM_001180166.1	3	5	16	23	20	24	30	34	40	21.666666666666668
NM_001178239.1	4	10	18	13	23	30	29	29	39	21.666666666666668
NM_001179841.3	7	15	17	15	23	20	26	29	43	21.666666666666668
NM_001184069.1	5	13	16	18	19	23	31	29	42	21.77777777777778
NM_001181712.1	6	15	17	20	18	25	28	32	35	21.77777777777778
NM_001180412.3	3	10	15	18	27	20	30	29	44	21.77777777777778
NM_001181898.1	6	11	12	15	28	25	27	30	42	21.77777777777778
NM_001179866.3	6	5	15	16	22	24	30	34	45	21.88888888888889
NM_001181433.3	4	10	13	15	23	28	22	37	45	21.88888888888889
NM_001183809.3	5	4	12	19	24	24	28	37	44	21.88888888888889
NM_001180374.1	1	11	15	17	17	21	27	38	50	21.88888888888889
NM_001180139.1	5	7	14	10	21	31	32	40	37	21.88888888888889
NM_001184409.1	7	7	15	18	25	22	30	39	34	21.88888888888889
NM_001182274.1	7	6	13	18	21	24	31	39	39	22.0
NM_001183723.3	3	8	15	21	15	21	35	38	42	22.0
NM_001181351.3	7	10	6	26	24	22	28	31	44	22.0
NM_001183982.1	4	7	15	17	23	24	31	39	38	22.0
NM_001181481.1	6	9	17	25	25	26	20	30	40	22.0
NM_001183880.1	2	7	12	14	20	30	34	36	43	22.0
NM_001182628.1	8	15	9	15	22	22	30	32	45	22.0
NM_001178819.1	5	8	16	16	23	30	30	37	33	22.0
NM_001180486.1	3	9	13	17	23	27	33	34	39	22.0
NM_001184492.1	5	19	14	16	18	26	30	33	38	22.11111111111111
NM_001183933.1	6	10	13	17	21	27	29	37	39	22.11111111111111
NM_001178813.1	8	11	15	16	17	33	32	32	35	22.11111111111111
NM_001181009.1	3	7	10	19	16	25	40	35	44	22.11111111111111
NM_001181469.1	7	8	17	14	21	24	26	36	46	22.11111111111111
NM_001183770.1	3	6	16	16	22	30	36	30	40	22.11111111111111
NM_001179309.3	4	10	10	19	21	29	34	34	39	22.22222222222222
NM_001182538.1	1	7	13	23	23	33	22	38	40	22.22222222222222
NM_001180008.3	3	6	12	23	19	32	29	30	46	22.22222222222222
NM_001182769.2	0	10	14	25	17	26	39	36	34	22.333333333333332
NM_001181679.1	3	9	15	21	23	32	24	30	44	22.333333333333332
NM_001184281.1	6	8	17	16	19	26	32	40	37	22.333333333333332
NM_001182921.1	3	10	17	15	21	27	32	34	42	22.333333333333332
NM_001184005.1	8	9	15	22	20	24	26	32	46	22.444444444444443
NM_001183087.1	5	4	12	18	24	34	28	39	38	22.444444444444443
NM_001182672.1	4	16	19	17	18	31	30	28	39	22.444444444444443
NM_001183548.1	4	8	16	16	24	24	33	33	45	22.555555555555557
NM_001184144.1	5	5	16	18	17	22	40	39	42	22.666666666666668
NM_001183567.1	3	11	12	13	27	27	37	43	31	22.666666666666668
NM_001182194.1	3	14	12	21	24	25	26	32	47	22.666666666666668
NM_001180209.1	1	8	14	12	31	32	27	37	42	22.666666666666668
NM_001181903.1	3	8	10	25	25	18	36	44	36	22.77777777777778
NM_001178265.1	0	6	8	21	20	38	36	29	47	22.77777777777778
NM_001182772.1	6	12	19	17	23	28	32	32	36	22.77777777777778
NM_001184532.1	6	8	13	16	30	29	27	31	45	22.77777777777778
NM_001182808.2	6	7	9	15	25	32	32	37	42	22.77777777777778
NM_001183252.1	3	11	10	15	28	33	32	30	43	22.77777777777778
NM_001178831.1	2	11	8	23	21	24	39	30	47	22.77777777777778
NM_001181303.3	4	3	12	23	29	22	29	40	43	22.77777777777778
NM_001181317.3	6	11	13	20	15	27	34	35	44	22.77777777777778
NM_001183308.1	5	5	13	15	24	26	38	36	43	22.77777777777778
NM_001183371.1	3	8	13	16	25	32	36	36	37	22.88888888888889
NM_001180116.1	3	12	13	15	24	20	38	38	43	22.88888888888889
NM_001179484.1	4	13	17	22	28	19	31	36	36	22.88888888888889
NM_001181044.3	4	7	19	12	20	29	43	41	31	22.88888888888889
NM_001178516.3	1	8	13	18	26	26	32	41	41	22.88888888888889
NM_001180322.1	5	11	11	14	24	23	41	30	47	22.88888888888889
NM_001182015.1	4	6	17	17	21	30	23	38	50	22.88888888888889
NM_001178919.1	3	13	20	16	21	26	31	37	39	22.88888888888889
NM_001184143.1	4	12	12	17	26	31	32	35	38	23.0
NM_001184388.4	4	8	10	22	26	25	31	39	43	23.11111111111111
NM_001178995.3	3	11	9	20	33	28	31	33	40	23.11111111111111
NM_001179865.1	7	8	14	21	23	28	41	26	40	23.11111111111111
NM_001181669.1	7	12	11	19	20	24	35	39	41	23.11111111111111
NM_001180626.3	5	11	12	20	28	26	26	38	42	23.11111111111111
NM_001178826.1	8	9	10	23	23	26	27	34	49	23.22222222222222
NM_001179737.1	4	11	15	20	23	23	40	30	43	23.22222222222222
NM_001182633.1	5	10	20	19	27	30	28	35	35	23.22222222222222
NM_001180562.3	3	7	11	21	27	29	33	38	40	23.22222222222222
NM_001180499.3	6	3	16	14	20	32	37	41	40	23.22222222222222
NM_001181756.2	2	7	13	15	24	39	32	38	39	23.22222222222222
NM_001181262.1	5	8	13	20	23	27	36	39	39	23.333333333333332
NM_001178753.1	4	6	14	15	26	28	30	43	44	23.333333333333332
NM_001178708.1	4	6	14	15	26	28	30	43	44	23.333333333333332
NM_001180230.1	8	7	13	14	26	25	39	40	38	23.333333333333332
NM_001180426.3	7	7	10	20	16	35	39	40	37	23.444444444444443
NM_001181839.1	1	5	18	16	34	32	26	39	40	23.444444444444443
NM_001179980.1	5	11	6	11	30	28	35	40	45	23.444444444444443
NM_001184231.1	2	12	13	14	20	34	34	38	44	23.444444444444443
NM_001181794.3	4	10	9	21	24	22	38	45	38	23.444444444444443
NM_001183838.1	6	10	21	17	14	29	33	34	47	23.444444444444443
NM_001181901.1	4	13	13	19	30	28	28	38	38	23.444444444444443
NM_001182801.1	3	9	16	16	30	29	36	30	42	23.444444444444443
NM_001182499.1	5	14	17	16	23	26	32	33	45	23.444444444444443
NM_001179141.1	3	10	9	23	18	28	31	44	45	23.444444444444443
NM_001180431.1	6	16	10	26	22	25	29	32	45	23.444444444444443
NM_001179812.1	4	9	17	29	15	26	36	36	40	23.555555555555557
NM_001183287.1	2	12	9	13	26	22	31	45	52	23.555555555555557
NM_001178898.1	4	15	11	20	22	39	28	37	36	23.555555555555557
NM_001178353.1	7	10	20	18	17	27	37	41	35	23.555555555555557
NM_001180671.1	4	7	21	19	18	30	28	37	48	23.555555555555557
NM_001182659.1	4	10	13	18	19	33	34	37	44	23.555555555555557
NM_001184490.1	1	15	17	17	15	35	36	33	44	23.666666666666668
NM_001180747.1	5	6	11	19	20	28	37	46	41	23.666666666666668
NM_001181984.1	4	8	12	18	24	28	36	41	42	23.666666666666668
NM_001183909.1	6	10	12	14	24	24	43	38	43	23.77777777777778
NM_001183478.1	5	11	14	17	28	21	34	41	43	23.77777777777778
NM_001181526.1	4	11	17	19	27	22	30	40	44	23.77777777777778
NM_001178738.1	4	6	17	20	27	28	27	45	40	23.77777777777778
NM_001181491.1	4	13	14	15	27	29	28	38	46	23.77777777777778
NM_001180993.1	6	10	16	18	25	27	35	38	40	23.88888888888889
NM_001183362.1	7	10	12	24	20	32	32	33	45	23.88888888888889
NM_001184023.1	4	10	13	17	21	31	32	46	41	23.88888888888889
NM_001178654.1	4	7	14	20	20	30	42	43	35	23.88888888888889
NM_001183120.1	1	9	11	20	19	35	32	51	37	23.88888888888889
NM_001182469.1	4	15	13	24	27	30	30	30	42	23.88888888888889
NM_001183817.1	7	10	13	16	25	32	27	43	42	23.88888888888889
NM_001182864.3	4	17	11	22	22	22	35	45	37	23.88888888888889
NM_001178160.1	4	8	14	15	26	30	43	36	40	24.0
NM_001181144.1	3	12	12	24	31	24	31	38	41	24.0
NM_001180752.1	5	10	15	19	26	38	27	32	44	24.0
NM_001179773.1	5	12	12	24	26	22	36	37	42	24.0
NM_001183184.3	8	7	20	14	32	23	30	41	42	24.11111111111111
NM_001179992.1	3	13	18	11	21	34	33	42	42	24.11111111111111
NM_001178972.3	3	8	8	25	20	31	28	43	51	24.11111111111111
NM_001182790.1	9	9	14	20	28	21	30	37	49	24.11111111111111
NM_001184412.1	3	10	20	19	24	29	30	44	38	24.11111111111111
NM_001182402.2	3	10	20	19	24	29	30	44	38	24.11111111111111
NM_001182564.1	6	15	11	19	22	27	32	45	40	24.11111111111111
NM_001180790.3	3	11	19	24	24	29	30	34	44	24.22222222222222
NM_001180449.1	2	10	17	19	18	32	35	41	44	24.22222222222222
NM_001181135.1	3	7	10	26	20	26	34	54	38	24.22222222222222
NM_001180796.1	3	16	12	15	15	31	33	48	45	24.22222222222222
NM_001180146.1	4	5	15	24	29	29	31	40	41	24.22222222222222
NM_001178271.1	1	15	12	27	23	29	32	40	40	24.333333333333332
NM_001183447.1	4	6	13	20	22	25	38	42	49	24.333333333333332
NM_001179891.3	4	9	15	17	15	36	44	39	40	24.333333333333332
NM_001180807.3	4	5	13	14	24	30	38	44	47	24.333333333333332
NM_001178644.1	5	10	21	14	27	24	38	36	45	24.444444444444443
NM_001181787.2	7	12	14	16	24	30	36	37	44	24.444444444444443
NM_001179664.1	7	6	14	17	30	23	33	52	38	24.444444444444443
NM_001179094.1	6	8	19	11	24	30	41	37	44	24.444444444444443
NM_001183685.3	4	10	13	17	26	32	36	36	46	24.444444444444443
NM_001181639.1	5	5	18	18	30	30	36	40	38	24.444444444444443
NM_001180694.3	4	9	13	14	30	30	34	41	46	24.555555555555557
NM_001182024.1	9	10	13	25	23	29	27	40	46	24.666666666666668
NM_001178493.3	7	4	13	19	31	28	37	40	43	24.666666666666668
NM_001178732.1	3	13	15	13	22	32	38	39	47	24.666666666666668
NM_001179517.1	5	10	14	17	29	31	35	42	39	24.666666666666668
NM_001178501.3	6	6	12	18	27	29	33	46	45	24.666666666666668
NM_001183449.1	6	14	16	20	20	25	32	39	50	24.666666666666668
NM_001184033.1	7	9	15	21	27	26	36	35	46	24.666666666666668
NM_001181894.1	1	11	17	17	23	32	43	39	39	24.666666666666668
NM_001179868.3	7	12	14	17	21	33	40	35	43	24.666666666666668
NM_001181447.3	4	7	21	24	24	24	40	33	46	24.77777777777778
NM_001180589.1	7	8	10	13	31	39	27	45	43	24.77777777777778
NM_001178395.1	3	14	12	18	29	32	32	38	45	24.77777777777778
NM_001179835.1	1	8	14	20	25	34	33	40	48	24.77777777777778
NM_001179509.1	5	12	17	20	24	30	29	42	44	24.77777777777778
NM_001181760.1	4	13	22	19	29	35	33	29	39	24.77777777777778
NM_001181780.1	5	13	16	23	23	33	36	35	40	24.88888888888889
NM_001179090.1	2	13	21	18	25	31	36	40	38	24.88888888888889
NM_001184265.1	1	15	16	20	22	29	31	48	42	24.88888888888889
NM_001183816.1	2	8	13	21	32	35	35	41	38	25.0
NM_001180560.1	6	6	16	19	25	36	38	34	45	25.0
NM_001182650.1	6	14	9	18	29	32	34	32	51	25.0
NM_001270758.1	4	12	18	14	20	20	38	44	55	25.0
NM_001179018.3	5	11	11	20	24	30	34	45	45	25.0
NM_001178198.1	5	10	19	15	22	33	30	44	47	25.0
NM_001181778.1	5	13	16	18	26	31	39	35	42	25.0
NM_001178155.2	6	12	20	24	13	34	40	37	39	25.0
NM_001182777.1	4	7	16	19	24	35	42	37	42	25.11111111111111
NM_001179261.1	5	17	11	18	24	28	40	36	47	25.11111111111111
NM_001179687.1	5	11	18	16	25	27	36	42	46	25.11111111111111
NM_001182257.3	7	12	15	25	26	26	36	36	43	25.11111111111111
NM_001181642.1	9	8	18	20	31	31	30	36	44	25.22222222222222
NM_001180701.1	7	13	8	19	30	29	24	46	51	25.22222222222222
NM_001179829.3	0	10	12	22	31	28	38	44	42	25.22222222222222
NM_001180280.1	2	10	10	21	31	34	41	40	39	25.333333333333332
NM_001182636.1	2	7	14	22	27	38	35	41	42	25.333333333333332
NM_001181680.1	9	12	19	13	29	28	31	38	49	25.333333333333332
NM_001178942.1	6	10	16	15	28	28	31	44	50	25.333333333333332
NM_001180840.3	5	6	18	14	26	27	37	46	49	25.333333333333332
NM_001179326.3	3	11	17	23	27	33	33	37	45	25.444444444444443
NM_001181516.1	5	8	18	18	24	34	34	38	50	25.444444444444443
NM_001181122.1	7	16	15	20	25	29	35	37	45	25.444444444444443
NM_001180940.1	5	11	20	20	26	25	42	33	47	25.444444444444443
NM_001179939.1	6	9	13	16	23	28	27	47	60	25.444444444444443
NM_001179725.1	3	6	15	18	39	31	37	37	43	25.444444444444443
NM_001181523.1	6	11	19	22	25	27	26	45	49	25.555555555555557
NM_001183591.3	4	6	11	20	35	33	37	40	44	25.555555555555557
NM_001178361.1	6	8	14	29	27	38	31	35	42	25.555555555555557
NM_001184103.1	4	9	20	26	16	31	40	40	45	25.666666666666668
NM_001183889.1	3	8	17	22	21	35	43	37	46	25.77777777777778
NM_001178254.2	8	13	23	13	25	24	34	44	48	25.77777777777778
NM_001181614.1	6	16	14	25	24	27	33	34	53	25.77777777777778
NM_001184510.3	6	11	15	17	25	29	37	48	45	25.88888888888889
NM_001184181.1	8	11	17	18	28	33	30	38	50	25.88888888888889
NM_001181490.3	4	11	19	24	23	30	35	41	47	26.0
NM_001180178.1	8	9	15	16	28	34	37	44	43	26.0
NM_001183516.1	4	7	13	20	27	28	41	46	49	26.11111111111111
NM_001179134.1	4	12	20	19	20	34	35	41	50	26.11111111111111
NM_001181985.1	4	12	8	17	35	32	38	42	47	26.11111111111111
NM_001182092.1	6	10	13	18	24	34	35	43	52	26.11111111111111
NM_001183026.1	8	9	15	26	27	41	30	36	43	26.11111111111111
NM_001178545.1	5	6	21	19	26	33	31	47	47	26.11111111111111
NM_001180786.3	6	8	12	26	33	34	38	37	41	26.11111111111111
NM_001181300.1	3	10	15	11	34	33	37	38	55	26.22222222222222
NM_001183853.1	3	7	15	25	28	33	37	47	41	26.22222222222222
NM_001178203.1	4	6	11	17	31	27	42	46	52	26.22222222222222
NM_001181241.1	7	12	19	19	27	25	32	47	48	26.22222222222222
NM_001182781.1	9	8	20	23	26	29	41	44	37	26.333333333333332
NM_001182714.1	10	7	16	20	25	38	39	43	39	26.333333333333332
NM_001179367.3	2	12	22	17	17	36	40	41	50	26.333333333333332
NM_001179839.3	4	9	21	21	26	31	33	43	50	26.444444444444443
NM_001179246.1	2	6	14	28	22	32	43	46	45	26.444444444444443
NM_001178909.3	7	6	18	18	28	32	37	50	42	26.444444444444443
NM_001182378.1	2	8	17	24	26	37	37	48	39	26.444444444444443
NM_001180783.1	7	11	15	21	28	29	35	43	50	26.555555555555557
NM_001182292.3	3	8	23	17	27	37	34	43	47	26.555555555555557
NM_001181255.3	6	10	12	14	22	38	38	48	51	26.555555555555557
NM_001179627.1	3	15	15	17	23	30	47	36	53	26.555555555555557
NM_001178328.2	6	15	15	17	31	41	35	44	35	26.555555555555557
NM_001183492.1	4	12	20	25	35	27	37	37	43	26.666666666666668
NM_001182705.1	4	14	20	19	24	23	33	50	53	26.666666666666668
NM_001181489.1	6	11	11	19	27	33	39	43	52	26.77777777777778
NM_001180596.1	11	11	19	19	23	28	32	47	51	26.77777777777778
NM_001181768.1	10	7	15	21	26	37	43	36	46	26.77777777777778
NM_001182368.1	5	14	20	26	26	30	32	43	45	26.77777777777778
NM_001184106.1	5	10	18	16	28	42	38	36	49	26.88888888888889
NM_001183277.1	5	14	10	21	21	32	37	45	57	26.88888888888889
NM_001180944.1	4	9	18	20	24	30	41	38	58	26.88888888888889
NM_001182617.1	4	12	18	20	27	29	41	38	53	26.88888888888889
NM_001180236.1	6	6	22	21	21	28	34	52	52	26.88888888888889
NM_001182014.1	8	10	15	22	32	29	44	44	38	26.88888888888889
NM_001180875.1	5	6	14	18	30	30	39	49	51	26.88888888888889
NM_001180489.1	4	15	8	20	28	37	41	39	51	27.0
NM_001395036.1	5	6	13	19	30	40	38	47	45	27.0
NM_001179313.1	3	12	13	24	24	31	30	53	54	27.11111111111111
NM_001179065.3	5	13	15	22	21	31	41	37	59	27.11111111111111
NM_001181788.1	9	13	18	18	22	38	42	41	43	27.11111111111111
NM_001178292.1	8	10	12	14	25	28	42	50	55	27.11111111111111
NM_001183865.1	7	4	12	23	36	32	33	44	53	27.11111111111111
NM_001181092.1	3	4	15	23	37	31	36	47	48	27.11111111111111
NM_001180838.1	5	6	18	23	28	37	32	44	51	27.11111111111111
NM_001184154.1	6	10	23	25	24	32	37	42	45	27.11111111111111
NM_001183412.1	13	7	14	23	26	29	37	44	51	27.11111111111111
NM_001183394.1	4	17	13	24	25	24	37	53	48	27.22222222222222
NM_001431141.1	6	12	15	20	31	34	40	45	42	27.22222222222222
NM_001184047.1	7	17	13	19	27	32	39	36	55	27.22222222222222
NM_001182141.1	3	17	16	20	23	34	33	44	56	27.333333333333332
NM_001181073.2	4	13	19	20	22	31	43	46	48	27.333333333333332
NM_001183711.3	2	13	16	26	23	38	37	45	46	27.333333333333332
NM_001184530.1	6	13	17	15	31	29	40	45	50	27.333333333333332
NM_001180206.1	5	9	21	26	27	24	44	43	47	27.333333333333332
NM_001182532.1	5	13	14	18	34	34	36	43	49	27.333333333333332
NM_001270743.1	10	8	19	24	26	29	37	41	52	27.333333333333332
NM_001183698.3	4	13	14	19	28	37	38	43	51	27.444444444444443
NM_001180440.3	5	7	13	27	29	34	45	44	44	27.555555555555557
NM_001183549.4	6	15	13	22	28	40	36	42	46	27.555555555555557
NM_001181298.3	6	13	14	22	33	33	35	41	51	27.555555555555557
NM_001182065.1	10	6	16	18	18	41	45	45	49	27.555555555555557
NM_001181677.3	5	9	19	23	25	36	40	47	45	27.666666666666668
NM_001180339.3	4	15	17	26	31	33	38	46	39	27.666666666666668
NM_001181027.1	11	13	20	16	26	34	35	41	54	27.77777777777778
NM_001183954.1	5	12	10	29	33	33	35	44	49	27.77777777777778
NM_001182740.1	5	15	10	23	31	27	35	56	48	27.77777777777778
NM_001178165.2	4	17	11	27	25	31	30	45	60	27.77777777777778
NM_001180164.1	5	7	20	21	25	34	41	48	50	27.88888888888889
NM_001181954.1	6	7	10	21	33	33	38	47	56	27.88888888888889
NM_001180010.3	7	6	24	24	30	39	36	42	43	27.88888888888889
NM_001178728.1	7	13	16	24	21	31	38	49	52	27.88888888888889
NM_001184249.1	3	10	20	20	34	43	36	42	44	28.0
NM_001183052.1	6	10	11	21	28	37	39	45	55	28.0
NM_001178218.2	3	11	21	27	30	30	35	50	46	28.11111111111111
NM_001183937.1	5	11	12	16	28	43	33	49	56	28.11111111111111
NM_001182670.1	7	14	15	18	30	35	37	48	50	28.22222222222222
NM_001179201.1	6	13	13	24	25	41	39	47	46	28.22222222222222
NM_001183430.1	2	13	16	32	29	42	36	36	48	28.22222222222222
NM_001183083.1	3	16	18	32	32	36	29	39	49	28.22222222222222
NM_001183769.3	4	8	16	19	35	28	43	47	54	28.22222222222222
NM_001180809.1	4	13	9	21	31	34	44	50	48	28.22222222222222
NM_001182606.1	8	15	12	19	19	32	45	40	65	28.333333333333332
NM_001181711.3	10	9	10	19	28	33	40	52	54	28.333333333333332
NM_001181564.1	5	14	17	25	26	37	41	41	49	28.333333333333332
NM_001182401.1	7	13	22	21	31	24	46	46	45	28.333333333333332
NM_001181258.3	6	11	17	24	25	41	35	46	50	28.333333333333332
NM_001180729.1	2	13	16	28	28	34	43	50	42	28.444444444444443
NM_001182986.1	4	10	14	24	22	36	41	51	54	28.444444444444443
NM_001183327.1	5	4	12	17	34	32	38	50	64	28.444444444444443
NM_001182576.1	7	18	24	19	30	31	35	48	45	28.555555555555557
NM_001181934.1	6	14	19	15	33	34	33	48	55	28.555555555555557
NM_001178356.1	5	14	22	24	32	30	38	46	46	28.555555555555557
NM_001183197.3	6	16	11	19	27	34	34	51	59	28.555555555555557
NM_001182794.1	4	10	17	24	23	42	33	43	61	28.555555555555557
NM_001180086.1	3	7	23	27	30	26	44	43	55	28.666666666666668
NM_001181504.1	9	12	17	25	37	29	37	40	52	28.666666666666668
NM_001178924.1	4	12	15	24	25	36	42	48	52	28.666666666666668
NM_001183856.1	4	12	16	22	29	31	35	51	58	28.666666666666668
NM_001180312.1	11	17	17	20	26	37	40	44	46	28.666666666666668
NM_001179809.3	4	12	14	18	36	35	36	45	59	28.77777777777778
NM_001179239.1	4	16	20	23	30	35	39	45	48	28.88888888888889
NM_001178479.3	5	12	12	27	29	34	43	45	53	28.88888888888889
NM_001179208.1	6	10	20	21	33	30	34	44	62	28.88888888888889
NM_001182522.1	1	11	15	24	30	37	33	52	57	28.88888888888889
NM_001181387.1	9	15	14	21	31	27	39	52	52	28.88888888888889
NM_001181008.3	4	16	16	24	32	26	37	48	58	29.0
NM_001178306.1	6	17	10	17	29	32	42	55	53	29.0
NM_001184481.1	2	9	18	17	35	37	47	39	58	29.11111111111111
NM_001183310.1	5	14	19	19	31	37	35	53	49	29.11111111111111
NM_001183938.1	6	10	22	25	27	36	41	48	47	29.11111111111111
NM_001178250.1	10	15	8	19	38	30	46	44	52	29.11111111111111
NM_001183828.1	4	9	22	29	24	30	35	53	57	29.22222222222222
NM_001178587.3	6	10	18	19	30	28	48	47	57	29.22222222222222
NM_001183502.1	9	11	16	28	30	41	36	38	54	29.22222222222222
NM_001184338.1	3	16	21	21	25	35	31	54	58	29.333333333333332
NM_001179399.1	4	13	16	26	33	34	37	47	54	29.333333333333332
NM_001183164.1	10	5	18	28	29	38	40	50	46	29.333333333333332
NM_001183370.1	3	13	16	31	31	28	39	58	45	29.333333333333332
NM_001184519.1	7	13	18	18	26	33	42	47	61	29.444444444444443
NM_001183946.1	10	17	21	30	27	33	38	43	46	29.444444444444443
NM_001182850.1	7	11	22	25	31	28	43	43	55	29.444444444444443
NM_001184401.1	8	7	14	27	31	38	43	40	57	29.444444444444443
NM_001179037.3	8	13	28	25	21	29	39	52	50	29.444444444444443
NM_001179435.3	7	12	22	15	26	39	45	46	53	29.444444444444443
NM_001179302.1	4	13	19	24	32	36	41	46	51	29.555555555555557
NM_001181368.3	4	11	17	28	28	41	36	48	53	29.555555555555557
NM_001183804.1	3	11	26	25	30	29	46	44	52	29.555555555555557
NM_001184306.2	6	11	17	28	32	30	45	44	53	29.555555555555557
NM_001181559.1	3	13	17	20	29	40	44	47	54	29.666666666666668
NM_001183970.1	4	10	17	25	24	38	39	50	60	29.666666666666668
NM_001178626.1	8	10	17	23	34	35	42	40	59	29.77777777777778
NM_001183279.1	3	12	19	15	29	34	39	60	57	29.77777777777778
NM_001178462.1	0	13	16	26	33	34	48	46	52	29.77777777777778
NM_001183459.1	5	10	27	22	31	37	41	43	52	29.77777777777778
NM_001178879.1	6	10	21	25	25	31	45	45	60	29.77777777777778
NM_001179531.1	4	10	18	28	34	37	33	51	53	29.77777777777778
NM_001180260.1	7	13	17	29	31	33	46	43	49	29.77777777777778
NM_001178156.1	4	14	19	24	29	35	35	48	60	29.77777777777778
NM_001181670.4	10	18	25	18	32	31	38	49	47	29.77777777777778
NM_001180241.1	6	9	24	35	25	33	41	45	51	29.88888888888889
NM_001183965.1	11	16	12	17	30	36	45	51	51	29.88888888888889
NM_001182466.1	5	11	26	22	30	39	39	46	51	29.88888888888889
NM_001182791.1	8	11	19	27	35	36	38	43	52	29.88888888888889
NM_001183445.1	3	11	15	17	35	34	46	57	51	29.88888888888889
NM_001179994.1	9	17	11	25	26	35	36	50	60	29.88888888888889
NM_001180996.1	11	4	25	22	30	40	37	50	51	30.0
NM_001181751.1	4	13	18	28	26	31	52	44	54	30.0
NM_001179972.1	5	10	18	25	34	34	43	50	51	30.0
NM_001180922.1	4	12	22	20	32	37	45	41	57	30.0
NM_001184449.1	7	16	23	24	34	30	42	47	47	30.0
NM_001179661.1	4	11	12	31	32	34	42	48	56	30.0
NM_001180505.1	5	12	21	21	31	38	45	38	60	30.11111111111111
NM_001183947.1	5	16	22	28	23	37	41	46	53	30.11111111111111
NM_001182060.1	4	8	18	27	26	39	42	50	57	30.11111111111111
NM_001184296.1	4	13	20	18	24	50	41	52	49	30.11111111111111
NM_001183714.3	2	12	20	23	25	36	46	39	68	30.11111111111111
NM_001178877.3	7	16	13	11	28	36	43	57	61	30.22222222222222
NM_001178652.2	7	17	13	25	31	26	51	50	52	30.22222222222222
NM_001184537.1	4	14	21	28	26	42	49	40	48	30.22222222222222
NM_001180417.3	4	11	18	26	29	35	44	58	47	30.22222222222222
NM_001178840.1	5	10	12	29	25	32	48	53	59	30.333333333333332
NM_001183843.1	8	17	19	29	33	31	35	57	44	30.333333333333332
NM_001181764.4	5	15	13	23	26	39	45	55	52	30.333333333333332
NM_001180614.1	9	14	16	28	26	33	41	53	54	30.444444444444443
NM_001183496.1	9	13	18	28	28	44	40	44	50	30.444444444444443
NM_001179029.3	1	13	15	24	30	41	49	44	58	30.555555555555557
NM_001181713.1	4	10	14	30	25	41	44	53	54	30.555555555555557
NM_001181386.3	5	7	16	23	32	48	38	49	57	30.555555555555557
NM_001180375.1	4	10	20	20	33	35	46	50	57	30.555555555555557
NM_001183721.1	8	9	16	29	25	36	44	51	57	30.555555555555557
NM_001180157.1	6	12	22	20	34	38	48	44	51	30.555555555555557
NM_001179052.4	5	10	20	18	36	40	40	51	55	30.555555555555557
NM_001178603.3	6	15	23	27	27	33	37	54	54	30.666666666666668
NM_001179783.1	8	10	22	22	28	32	53	39	62	30.666666666666668
NM_001181651.1	6	16	21	24	28	37	36	53	55	30.666666666666668
NM_001181708.3	6	14	18	17	27	35	41	60	59	30.77777777777778
NM_001178515.3	5	11	30	23	33	36	46	49	44	30.77777777777778
NM_001182281.1	6	12	22	24	29	37	47	51	50	30.88888888888889
NM_001179099.1	8	13	11	29	30	36	48	41	62	30.88888888888889
NM_001178549.1	7	11	19	28	37	33	42	45	56	30.88888888888889
NM_001184321.1	7	5	14	25	28	44	42	50	63	30.88888888888889
NM_001182152.1	7	12	16	31	34	32	40	55	52	31.0
NM_001180539.1	2	16	15	22	30	34	49	48	63	31.0
NM_001178192.2	7	21	16	19	34	45	38	44	55	31.0
NM_001182331.1	4	13	21	23	34	33	46	46	59	31.0
NM_001183124.1	9	8	21	21	34	45	43	47	52	31.11111111111111
NM_001182604.1	5	14	14	22	32	47	40	54	52	31.11111111111111
NM_001182300.1	5	12	18	23	29	39	43	51	60	31.11111111111111
NM_001183806.1	6	10	19	30	29	31	48	49	58	31.11111111111111
NM_001181989.1	7	13	16	20	25	39	42	54	64	31.11111111111111
NM_001184028.1	4	15	18	21	31	41	44	51	56	31.22222222222222
NM_001183788.1	7	14	19	23	32	34	48	56	48	31.22222222222222
NM_001181882.1	4	7	18	27	27	45	45	52	56	31.22222222222222
NM_001182562.1	6	12	18	25	35	40	40	49	56	31.22222222222222
NM_001178731.1	7	10	19	30	25	33	44	52	61	31.22222222222222
NM_001180594.3	5	13	16	22	33	43	49	48	52	31.22222222222222
NM_001182312.1	5	16	16	22	30	35	45	58	54	31.22222222222222
NM_001183038.1	7	20	12	37	32	32	41	52	49	31.333333333333332
NM_001183056.1	6	16	18	21	28	37	43	53	60	31.333333333333332
NM_001179072.3	5	12	19	21	28	36	50	59	53	31.444444444444443
NM_001182789.1	10	11	17	17	28	39	44	58	59	31.444444444444443
NM_001183112.1	8	13	22	17	29	43	41	50	60	31.444444444444443
NM_001183725.1	9	16	17	24	25	32	47	54	59	31.444444444444443
NM_001183832.1	5	8	17	29	33	35	48	55	55	31.666666666666668
NM_001181503.3	7	15	23	29	20	44	43	50	54	31.666666666666668
NM_001182111.1	12	11	18	32	29	40	40	50	53	31.666666666666668
NM_001182253.3	7	16	16	24	25	35	46	57	59	31.666666666666668
NM_001181858.1	6	17	14	28	31	42	42	48	57	31.666666666666668
NM_001179674.1	8	13	26	29	29	34	44	47	56	31.77777777777778
NM_001178261.1	4	6	22	22	29	47	44	53	59	31.77777777777778
NM_001179357.3	8	14	18	34	35	35	47	39	56	31.77777777777778
NM_001181308.1	6	17	24	25	32	37	43	52	50	31.77777777777778
NM_001180627.1	6	9	17	25	27	37	46	56	63	31.77777777777778
NM_001179873.1	6	14	24	24	34	39	45	46	55	31.88888888888889
NM_001178628.3	8	11	19	31	32	41	49	41	55	31.88888888888889
NM_001178605.1	6	8	21	27	32	42	43	54	55	32.0
NM_001180470.3	4	16	20	26	34	31	45	53	59	32.0
NM_001184067.1	5	17	14	30	28	39	46	51	58	32.0
NM_001178677.1	13	13	15	26	30	45	36	51	59	32.0
NM_001182741.1	5	14	18	31	28	36	40	53	63	32.0
NM_001184257.1	11	10	23	25	26	41	49	46	57	32.0
NM_001179166.1	7	12	17	32	32	41	46	52	50	32.111111111111114
NM_001181039.3	3	15	23	21	30	49	40	49	59	32.111111111111114
NM_001180321.3	8	12	23	26	31	48	43	44	54	32.111111111111114
NM_001181492.1	5	13	19	26	30	48	47	48	53	32.111111111111114
NM_001178694.1	8	10	23	28	34	34	38	52	62	32.111111111111114
NM_001182249.3	7	13	20	29	29	41	42	44	64	32.111111111111114
NM_001182859.1	6	10	19	28	27	29	43	61	66	32.111111111111114
NM_001181770.3	12	15	16	35	30	34	49	52	46	32.111111111111114
NM_001183142.1	6	11	24	29	30	37	49	43	60	32.111111111111114
NM_001182516.1	7	19	17	25	32	47	45	47	51	32.22222222222222
NM_001179006.3	5	6	19	30	37	36	49	49	59	32.22222222222222
NM_001184402.2	8	8	15	30	33	41	48	45	62	32.22222222222222
NM_001182708.1	10	10	16	36	33	32	54	46	53	32.22222222222222
NM_001181102.1	9	9	22	25	31	42	51	42	59	32.22222222222222
NM_001183441.1	5	18	29	21	37	35	43	51	51	32.22222222222222
NM_001181150.1	6	10	21	26	30	33	54	56	54	32.22222222222222
NM_001181822.1	3	18	12	23	33	34	41	65	62	32.333333333333336
NM_001179543.3	9	10	26	21	32	34	42	61	56	32.333333333333336
NM_001179322.3	3	6	14	34	33	41	43	53	64	32.333333333333336
NM_001180150.1	7	18	16	27	30	46	43	45	59	32.333333333333336
NM_001431138.1	7	13	16	34	31	35	48	55	52	32.333333333333336
NM_001182008.1	5	12	15	28	27	36	47	55	66	32.333333333333336
NM_001180727.3	7	11	18	33	34	46	41	51	51	32.44444444444444
NM_001182664.1	4	12	22	24	31	43	45	52	59	32.44444444444444
NM_001178681.1	6	13	22	29	33	40	43	49	57	32.44444444444444
NM_001183911.1	2	13	21	26	27	36	50	55	62	32.44444444444444
NM_001183568.4	5	11	23	32	34	41	36	53	57	32.44444444444444
NM_001179297.1	8	13	24	18	34	38	47	47	63	32.44444444444444
NM_001270746.1	6	13	21	30	34	33	47	52	56	32.44444444444444
NM_001183585.3	7	13	26	24	30	36	43	47	67	32.55555555555556
NM_001178962.3	6	14	21	27	30	43	45	49	58	32.55555555555556
NM_001183922.1	3	12	13	28	35	54	41	42	65	32.55555555555556
NM_001183225.3	4	11	19	25	42	33	48	48	64	32.666666666666664
NM_001181335.3	4	20	25	21	35	40	43	51	55	32.666666666666664
NM_001183739.1	7	9	17	26	36	46	51	54	48	32.666666666666664
NM_001182533.1	9	10	23	27	43	41	37	51	53	32.666666666666664
NM_001179351.3	11	17	24	34	29	38	42	49	50	32.666666666666664
NM_001183805.3	4	9	23	28	28	42	45	68	47	32.666666666666664
NM_001183318.1	8	9	26	28	38	37	52	45	52	32.77777777777778
NM_001180814.3	3	15	20	34	26	30	56	55	56	32.77777777777778
NM_001182696.1	3	16	20	24	40	36	40	54	62	32.77777777777778
NM_001181740.1	9	14	15	25	32	37	56	51	57	32.888888888888886
NM_001181392.3	7	14	22	24	27	33	45	54	70	32.888888888888886
NM_001179499.1	7	10	30	28	27	35	52	41	66	32.888888888888886
NM_001178589.1	10	12	19	33	28	38	44	60	52	32.888888888888886
NM_001180480.3	5	13	24	19	33	40	45	58	59	32.888888888888886
NM_001180301.1	3	17	7	32	34	45	41	55	63	33.0
NM_001180973.3	12	16	18	25	29	37	41	66	53	33.0
NM_001181479.1	7	14	21	26	36	32	53	48	60	33.0
NM_001178672.1	6	11	21	30	28	47	53	47	54	33.0
NM_001181869.1	4	13	25	25	40	39	54	42	56	33.111111111111114
NM_001180868.1	4	16	29	28	33	33	46	55	54	33.111111111111114
NM_001182932.1	12	11	15	19	41	43	47	53	57	33.111111111111114
NM_001182597.1	4	20	22	31	31	46	41	51	53	33.22222222222222
NM_001179411.1	9	12	22	34	38	43	43	46	52	33.22222222222222
NM_001179446.3	5	7	16	38	35	41	50	47	60	33.22222222222222
NM_001182279.3	3	12	13	28	34	43	48	49	69	33.22222222222222
NM_001179174.1	5	13	19	28	34	36	52	50	62	33.22222222222222
NM_001181120.1	5	15	25	33	28	41	40	51	61	33.22222222222222
NM_001181279.1	10	14	28	21	35	37	42	57	55	33.22222222222222
NM_001181693.1	10	11	22	34	34	43	43	44	59	33.333333333333336
NM_001183456.1	8	9	15	24	30	46	48	55	65	33.333333333333336
NM_001180846.3	10	19	19	27	36	33	37	50	70	33.44444444444444
NM_001183113.1	3	16	15	32	37	38	48	50	62	33.44444444444444
NM_001183530.3	11	18	12	25	30	52	43	53	57	33.44444444444444
NM_001180555.1	12	15	25	28	31	35	41	55	59	33.44444444444444
NM_001180819.3	12	12	23	29	33	44	42	58	48	33.44444444444444
NM_001179826.2	5	21	21	27	41	38	42	41	66	33.55555555555556
NM_001182242.1	5	14	15	21	34	47	54	52	60	33.55555555555556
NM_001181805.1	5	14	21	31	30	41	48	55	58	33.666666666666664
NM_001182731.1	5	15	14	30	35	45	53	49	57	33.666666666666664
NM_001179853.3	12	12	20	20	31	37	48	58	65	33.666666666666664
NM_001182459.1	7	17	22	18	39	36	47	60	57	33.666666666666664
NM_001181029.1	5	18	20	30	28	42	43	56	62	33.77777777777778
NM_001181595.1	3	14	16	27	33	33	47	59	72	33.77777777777778
NM_001180202.1	6	14	27	30	37	35	46	54	55	33.77777777777778
NM_001180381.3	6	13	19	21	34	44	47	49	72	33.888888888888886
NM_001182775.1	7	17	22	25	30	44	47	52	61	33.888888888888886
NM_001180103.1	6	9	19	37	32	37	51	47	67	33.888888888888886
NM_001183989.1	5	16	21	32	37	33	53	50	58	33.888888888888886
NM_001179760.1	9	23	24	23	35	39	39	57	57	34.0
NM_001178453.1	10	18	25	26	33	39	41	46	68	34.0
NM_001179614.1	8	8	25	30	42	36	48	57	52	34.0
NM_001182842.3	7	16	17	33	31	43	48	49	62	34.0
NM_001183288.1	7	12	24	25	36	38	54	52	59	34.111111111111114
NM_001183452.1	6	11	23	30	35	39	49	59	55	34.111111111111114
NM_001183324.1	6	17	21	26	29	40	54	52	62	34.111111111111114
NM_001181480.3	6	11	18	31	47	34	53	48	59	34.111111111111114
NM_001179583.1	5	18	20	29	34	38	45	50	68	34.111111111111114
NM_001181969.1	7	12	22	24	36	43	51	56	57	34.22222222222222
NM_001181031.3	8	13	18	34	35	41	42	54	63	34.22222222222222
NM_001183003.3	10	11	22	30	32	46	54	50	53	34.22222222222222
NM_001179690.1	10	12	21	27	38	38	46	62	54	34.22222222222222
NM_001182212.1	6	12	21	30	31	36	53	52	67	34.22222222222222
NM_001181157.3	5	21	23	25	28	36	40	58	72	34.22222222222222
NM_001181692.1	8	12	21	31	31	34	54	54	64	34.333333333333336
NM_001183174.1	7	19	27	23	34	39	53	47	60	34.333333333333336
NM_001181758.3	2	12	18	41	29	47	46	61	53	34.333333333333336
NM_001178314.1	8	16	25	30	32	49	46	45	58	34.333333333333336
NM_001184178.1	6	22	21	27	28	46	41	52	66	34.333333333333336
NM_001181021.1	7	18	27	24	33	38	56	58	48	34.333333333333336
NM_001184128.1	3	9	23	26	35	43	51	51	68	34.333333333333336
NM_001184043.1	7	12	21	32	44	35	55	47	57	34.44444444444444
NM_001181741.1	10	17	19	36	35	34	50	50	59	34.44444444444444
NM_001179507.1	4	16	26	27	30	45	47	54	61	34.44444444444444
NM_001182215.1	7	10	23	19	29	45	46	61	70	34.44444444444444
NM_001178821.1	9	11	28	32	30	48	46	44	63	34.55555555555556
NM_001179811.4	5	13	16	24	35	44	61	50	64	34.666666666666664
NM_001182305.3	10	13	24	26	31	45	47	51	65	34.666666666666664
NM_001182125.1	4	7	23	32	35	40	53	47	71	34.666666666666664
NM_001183209.3	4	17	27	25	23	41	49	65	61	34.666666666666664
NM_001184212.1	6	5	27	36	40	36	50	50	62	34.666666666666664
NM_001183573.1	9	12	29	24	34	44	44	61	55	34.666666666666664
NM_001180728.1	4	10	15	26	37	47	44	55	74	34.666666666666664
NM_001182935.3	10	17	20	29	35	39	38	63	62	34.77777777777778
NM_001183917.1	7	13	25	34	39	43	40	44	68	34.77777777777778
NM_001183952.1	11	16	10	31	35	43	45	57	65	34.77777777777778
NM_001184164.1	2	18	24	37	30	39	49	55	59	34.77777777777778
NM_001179030.3	3	17	19	37	36	44	47	49	61	34.77777777777778
NM_001178498.1	5	15	21	28	28	40	45	68	63	34.77777777777778
NM_001178622.1	1	7	19	34	39	43	48	50	72	34.77777777777778
NM_001178505.3	7	14	20	30	38	40	47	57	61	34.888888888888886
NM_001178663.1	9	14	19	27	34	48	55	54	54	34.888888888888886
NM_001178784.1	4	17	20	23	27	32	55	64	72	34.888888888888886
NM_001182314.1	11	13	19	33	35	46	51	46	61	35.0
NM_001178300.1	9	17	24	25	33	45	41	53	68	35.0
NM_001184061.1	4	10	18	29	30	50	50	60	64	35.0
NM_001181332.1	6	18	24	32	48	27	48	60	52	35.0
NM_001181197.1	6	12	22	27	33	39	55	57	65	35.111111111111114
NM_001181927.1	4	16	25	30	32	45	45	57	62	35.111111111111114
NM_001182751.1	5	18	25	31	33	38	58	41	67	35.111111111111114
NM_001180678.3	5	20	18	33	36	35	47	57	65	35.111111111111114
NM_001178639.1	2	21	18	27	36	48	48	48	68	35.111111111111114
NM_001183063.1	9	17	16	25	32	46	55	54	62	35.111111111111114
NM_001179827.3	11	8	24	28	39	35	62	53	57	35.22222222222222
NM_001183593.3	7	13	24	31	41	42	48	47	64	35.22222222222222
NM_001179854.1	11	18	15	27	31	43	57	59	56	35.22222222222222
NM_001181482.3	5	19	20	36	37	35	52	51	63	35.333333333333336
NM_001180665.1	5	10	22	26	34	43	53	66	59	35.333333333333336
NM_001178378.1	8	13	19	32	30	53	41	56	67	35.44444444444444
NM_001178536.3	10	17	19	28	20	45	57	55	68	35.44444444444444
NM_001182126.1	11	13	22	25	35	49	54	53	57	35.44444444444444
NM_001180989.2	9	10	26	30	40	41	44	61	59	35.55555555555556
NM_001178970.1	5	15	20	30	37	37	58	57	61	35.55555555555556
NM_001182718.1	4	16	18	27	49	52	42	50	62	35.55555555555556
NM_001180787.1	7	7	23	29	31	52	48	53	70	35.55555555555556
NM_001180367.1	9	17	21	32	35	48	41	56	62	35.666666666666664
NM_001182006.1	7	16	27	28	29	44	53	52	65	35.666666666666664
NM_001178579.3	5	9	27	32	39	42	53	54	60	35.666666666666664
NM_001178177.1	4	15	29	21	39	35	50	58	70	35.666666666666664
NM_001183697.1	1	18	22	23	45	38	50	53	71	35.666666666666664
NM_001180076.3	6	19	22	32	41	42	40	59	60	35.666666666666664
NM_001182652.1	2	16	15	28	46	39	43	57	76	35.77777777777778
NM_001179231.1	8	17	27	29	34	40	46	61	60	35.77777777777778
NM_001180269.1	12	11	21	35	46	39	49	52	57	35.77777777777778
NM_001179088.1	8	15	19	32	28	43	53	60	65	35.888888888888886
NM_001178833.1	8	19	21	28	41	52	41	56	57	35.888888888888886
NM_001179226.1	5	20	13	25	44	36	52	51	77	35.888888888888886
NM_001183934.1	6	12	25	26	39	37	47	64	68	36.0
NM_001179230.1	7	15	22	26	37	52	51	57	58	36.111111111111114
NM_001178509.3	6	17	27	18	44	39	54	55	65	36.111111111111114
NM_001182205.1	7	19	13	31	40	40	57	58	61	36.22222222222222
NM_001180672.3	5	14	25	27	35	40	55	62	63	36.22222222222222
NM_001179032.1	11	12	24	30	40	37	46	62	64	36.22222222222222
NM_001182963.1	8	16	20	29	33	56	42	55	67	36.22222222222222
NM_001183323.1	6	11	21	33	39	40	56	63	57	36.22222222222222
NM_001183878.1	7	17	13	28	38	45	46	66	66	36.22222222222222
NM_001181397.3	5	14	13	33	35	38	52	66	71	36.333333333333336
NM_001184283.1	5	14	20	29	30	44	55	67	63	36.333333333333336
NM_001178561.1	5	20	20	23	35	40	48	65	71	36.333333333333336
NM_001183668.3	7	15	26	27	30	38	57	64	64	36.44444444444444
NM_001184679.1	11	17	19	32	37	45	50	51	66	36.44444444444444
NM_001183523.1	10	12	18	29	27	50	51	62	69	36.44444444444444
NM_001182677.1	11	13	27	37	39	35	45	57	64	36.44444444444444
NM_001184118.1	2	13	26	36	38	40	47	58	68	36.44444444444444
NM_001179147.1	7	15	26	27	36	47	49	57	64	36.44444444444444
NM_001178585.1	11	14	15	27	29	44	50	66	73	36.55555555555556
NM_001182132.1	4	14	25	35	37	42	59	55	58	36.55555555555556
NM_001183632.1	3	16	24	23	42	51	49	53	68	36.55555555555556
NM_001179455.1	6	20	25	27	36	48	40	62	65	36.55555555555556
NM_001178992.1	7	18	24	27	35	55	49	54	60	36.55555555555556
NM_001179060.3	7	13	22	30	29	45	51	62	71	36.666666666666664
NM_001181175.3	4	14	23	27	32	49	55	64	62	36.666666666666664
NM_001178372.1	12	18	20	28	36	48	48	64	56	36.666666666666664
NM_001181923.1	12	11	25	30	41	42	51	60	58	36.666666666666664
NM_001180918.1	7	14	21	31	39	48	51	59	60	36.666666666666664
NM_001179191.1	10	16	23	26	35	50	48	57	66	36.77777777777778
NM_001181588.1	6	18	23	34	38	48	48	63	53	36.77777777777778
NM_001184659.3	4	6	25	30	33	44	56	64	70	36.888888888888886
NM_001183204.1	6	17	19	31	37	46	50	62	64	36.888888888888886
NM_001179715.1	8	18	21	32	39	52	56	47	59	36.888888888888886
NM_001184672.1	4	15	24	27	44	44	54	49	71	36.888888888888886
NM_001179282.1	4	17	21	38	31	52	50	55	64	36.888888888888886
NM_001181739.3	9	17	18	30	34	46	51	67	60	36.888888888888886
NM_001178193.1	10	18	21	26	40	41	50	59	67	36.888888888888886
NM_001178176.1	11	16	24	23	40	46	45	59	68	36.888888888888886
NM_001179128.1	9	17	25	30	30	45	52	57	67	36.888888888888886
NM_001178952.2	8	14	18	34	39	46	57	54	63	37.0
NM_001180801.1	10	8	24	25	34	44	55	67	67	37.111111111111114
NM_001183309.1	8	12	23	33	28	48	48	57	77	37.111111111111114
NM_001178559.3	6	13	17	28	32	51	51	66	71	37.22222222222222
NM_001182911.1	5	11	24	27	45	40	56	65	62	37.22222222222222
NM_001180396.3	5	11	22	33	33	44	50	71	66	37.22222222222222
NM_001178601.1	7	16	21	31	37	49	48	52	75	37.333333333333336
NM_001181206.1	5	20	16	35	44	43	49	55	69	37.333333333333336
NM_001178486.2	5	13	21	26	38	57	55	64	57	37.333333333333336
NM_001181990.1	5	12	23	26	30	53	55	53	79	37.333333333333336
NM_001178624.3	6	11	30	27	46	40	47	53	76	37.333333333333336
NM_001182458.1	5	16	20	27	42	44	59	64	59	37.333333333333336
NM_001182720.1	12	14	30	25	36	52	44	59	65	37.44444444444444
NM_001183329.2	5	18	16	37	36	44	51	60	70	37.44444444444444
NM_001181050.1	9	12	25	32	34	48	57	56	64	37.44444444444444
NM_001180929.1	4	23	14	29	48	43	56	59	61	37.44444444444444
NM_001180568.1	13	17	22	30	37	45	52	54	67	37.44444444444444
NM_001181231.3	10	17	19	26	44	50	51	60	61	37.55555555555556
NM_001184055.1	11	8	21	33	39	43	52	64	67	37.55555555555556
NM_001183879.1	9	12	20	18	42	49	68	54	66	37.55555555555556
NM_001181159.1	7	13	32	24	38	34	58	65	67	37.55555555555556
NM_001180687.1	9	14	26	34	38	35	52	64	67	37.666666666666664
NM_001183088.1	5	16	15	37	39	46	52	60	69	37.666666666666664
NM_001178746.1	6	15	23	29	34	48	52	65	67	37.666666666666664
NM_001181668.3	9	12	28	29	40	39	52	67	63	37.666666666666664
NM_001181077.1	6	23	18	24	41	45	59	56	67	37.666666666666664
NM_001178468.3	8	15	27	28	42	42	53	59	65	37.666666666666664
NM_001184237.1	7	15	16	30	40	47	71	50	63	37.666666666666664
NM_001183986.1	10	14	19	21	40	50	55	66	65	37.77777777777778
NM_001180387.1	7	11	22	25	26	56	61	63	69	37.77777777777778
NM_001183913.1	9	12	18	24	40	52	44	67	74	37.77777777777778
NM_001182234.1	9	11	19	34	48	48	43	66	62	37.77777777777778
NM_001179764.2	8	28	19	39	36	36	52	58	64	37.77777777777778
NM_001183332.1	9	18	23	31	40	41	53	56	69	37.77777777777778
NM_001180788.1	6	14	30	28	30	50	56	60	67	37.888888888888886
NM_001179655.1	13	14	22	33	36	48	48	52	75	37.888888888888886
NM_001178212.1	6	17	14	26	35	41	63	65	74	37.888888888888886
NM_001184100.1	10	14	20	30	31	50	55	65	66	37.888888888888886
NM_001184685.1	6	17	20	34	43	45	55	59	63	38.0
NM_001178169.1	10	13	17	24	38	45	64	70	61	38.0
NM_001180067.3	6	20	31	33	37	37	44	57	78	38.111111111111114
NM_001182671.1	9	18	22	31	47	41	57	58	60	38.111111111111114
NM_001178217.1	5	15	22	29	34	55	54	60	69	38.111111111111114
NM_001179657.1	8	13	24	24	46	37	55	56	80	38.111111111111114
NM_001182682.1	5	13	18	30	40	40	53	77	68	38.22222222222222
NM_001183854.1	6	12	23	22	34	53	54	65	75	38.22222222222222
NM_001182186.1	12	26	30	27	24	42	53	63	67	38.22222222222222
NM_001182235.1	8	15	22	27	36	50	57	58	71	38.22222222222222
NM_001183840.1	8	19	23	33	32	41	57	67	64	38.22222222222222
NM_001183163.1	9	13	16	25	40	49	52	62	78	38.22222222222222
NM_001180524.3	9	20	19	31	36	47	56	58	69	38.333333333333336
NM_001179329.1	8	16	19	32	39	46	53	62	70	38.333333333333336
NM_001182974.1	7	22	23	26	46	37	52	57	75	38.333333333333336
NM_001180334.3	11	16	24	26	31	53	58	52	75	38.44444444444444
NM_001181746.3	6	15	20	29	44	46	57	57	72	38.44444444444444
NM_001181827.1	4	9	30	35	30	53	63	63	59	38.44444444444444
NM_001184252.1	5	12	29	35	28	49	54	70	65	38.55555555555556
NM_001179268.1	6	16	19	29	30	48	64	65	70	38.55555555555556
NM_001180290.1	5	19	26	26	45	39	53	68	67	38.666666666666664
NM_001183455.1	12	14	21	24	39	49	57	59	73	38.666666666666664
NM_001181572.1	11	19	18	27	37	53	49	61	73	38.666666666666664
NM_001178742.1	8	9	29	29	31	51	68	61	62	38.666666666666664
NM_001184469.3	9	20	24	32	37	49	61	60	56	38.666666666666664
NM_001183436.1	8	23	17	30	42	35	52	74	67	38.666666666666664
NM_001182747.1	7	13	27	29	40	47	44	73	68	38.666666666666664
NM_001182435.1	6	10	21	34	43	48	50	65	72	38.77777777777778
NM_001182886.3	7	9	22	42	38	59	49	55	68	38.77777777777778
NM_001183882.1	7	16	24	36	39	51	48	59	69	38.77777777777778
NM_001181323.3	5	17	24	29	42	47	50	67	68	38.77777777777778
NM_001183836.1	10	20	25	26	44	55	39	62	69	38.888888888888886
NM_001181437.1	9	17	25	30	39	51	48	61	70	38.888888888888886
NM_001179540.1	10	17	26	36	36	47	56	58	64	38.888888888888886
NM_001180677.3	12	15	18	35	39	48	53	60	70	38.888888888888886
NM_001178439.1	6	15	23	20	37	49	54	72	75	39.0
NM_001431142.1	10	16	27	29	33	46	56	60	74	39.0
NM_001181114.1	9	15	16	37	36	47	46	64	81	39.0
NM_001182545.1	7	17	29	33	36	46	58	60	66	39.111111111111114
NM_001183187.3	3	13	25	33	36	54	54	61	73	39.111111111111114
NM_001178433.3	5	19	27	28	47	51	62	49	64	39.111111111111114
NM_001178467.1	6	13	22	38	43	50	56	57	67	39.111111111111114
NM_001180506.1	10	17	36	28	37	46	46	64	70	39.333333333333336
NM_001180797.3	7	16	20	34	42	51	54	68	62	39.333333333333336
NM_001181769.1	12	16	23	26	38	51	55	59	74	39.333333333333336
NM_001184271.1	12	14	29	37	39	43	58	58	65	39.44444444444444
NM_001178504.3	8	13	24	31	42	50	48	60	79	39.44444444444444
NM_001183355.1	6	16	29	31	44	44	60	67	59	39.55555555555556
NM_001183976.1	11	14	27	31	35	45	52	66	75	39.55555555555556
NM_001182241.1	8	26	20	38	36	34	61	59	74	39.55555555555556
NM_001182638.1	9	16	26	31	42	51	54	56	71	39.55555555555556
NM_001180182.1	2	14	20	37	46	54	53	55	75	39.55555555555556
NM_001182271.3	6	8	18	31	45	40	51	76	81	39.55555555555556
NM_001180491.3	8	16	19	23	32	54	66	64	74	39.55555555555556
NM_001179498.1	6	22	29	29	41	48	56	62	63	39.55555555555556
NM_001180699.3	7	13	26	34	37	43	61	69	66	39.55555555555556
NM_001181505.1	5	17	19	41	39	41	45	77	73	39.666666666666664
NM_001179170.1	7	21	22	24	45	40	64	70	64	39.666666666666664
NM_001183694.1	13	14	18	30	44	58	51	55	74	39.666666666666664
NM_001178489.2	5	15	27	28	39	45	60	69	70	39.77777777777778
NM_001184010.1	10	16	26	37	28	50	59	69	63	39.77777777777778
NM_001179589.4	9	20	24	37	33	43	56	65	71	39.77777777777778
NM_001179742.1	10	14	26	32	46	44	63	60	63	39.77777777777778
NM_001183328.1	4	15	27	37	43	46	58	63	65	39.77777777777778
NM_001183298.1	11	22	23	31	48	44	48	60	72	39.888888888888886
NM_001182703.1	4	15	25	33	35	45	66	65	71	39.888888888888886
NM_001178149.1	8	16	17	32	44	57	61	64	61	40.0
NM_001180869.3	7	15	29	25	37	55	55	72	65	40.0
NM_001180508.3	10	18	20	30	39	53	59	63	69	40.111111111111114
NM_001182063.1	6	17	26	30	41	49	46	72	74	40.111111111111114
NM_001178347.1	7	22	23	32	38	41	62	61	75	40.111111111111114
NM_001180828.3	12	16	13	27	40	50	65	62	77	40.22222222222222
NM_001181929.1	10	22	23	33	37	46	55	66	70	40.22222222222222
NM_001183903.1	8	22	24	33	40	40	57	61	77	40.22222222222222
NM_001180311.3	7	17	24	34	39	50	51	71	69	40.22222222222222
NM_001179161.1	14	10	32	37	42	46	54	53	75	40.333333333333336
NM_001181187.2	7	17	20	40	33	50	62	62	72	40.333333333333336
NM_001182918.1	12	14	17	32	43	46	61	63	76	40.44444444444444
NM_001179734.1	5	16	27	35	35	50	53	66	77	40.44444444444444
NM_001179876.3	11	18	17	33	46	47	49	69	74	40.44444444444444
NM_001183598.1	5	12	26	36	40	45	52	68	80	40.44444444444444
NM_001183575.1	7	28	28	33	36	48	54	62	69	40.55555555555556
NM_001180328.3	6	18	25	39	39	52	49	62	75	40.55555555555556
NM_001179810.1	7	16	27	31	32	43	60	71	78	40.55555555555556
NM_001184114.1	3	18	27	36	37	56	50	69	69	40.55555555555556
NM_001182399.1	8	12	23	38	41	46	53	70	74	40.55555555555556
NM_001184313.1	13	17	30	43	44	41	55	53	70	40.666666666666664
NM_001178199.2	4	19	20	29	40	47	67	68	73	40.77777777777778
NM_001181251.3	10	14	22	39	39	48	58	67	70	40.77777777777778
NM_001181986.1	12	12	29	34	40	45	50	71	74	40.77777777777778
NM_001181345.1	6	12	19	30	43	51	74	65	68	40.888888888888886
NM_001178785.1	6	21	22	36	41	44	65	54	79	40.888888888888886
NM_001183149.1	6	18	34	33	37	45	54	66	75	40.888888888888886
NM_001178827.1	11	17	27	33	43	49	61	61	67	41.0
NM_001183473.1	10	22	28	26	45	40	59	75	64	41.0
NM_001181710.1	10	15	31	38	40	58	50	60	67	41.0
NM_001180717.3	11	10	34	40	42	51	63	57	61	41.0
NM_001179937.1	3	12	26	29	34	55	67	74	69	41.0
NM_001183821.1	7	12	29	28	42	50	70	64	67	41.0
NM_001179396.1	11	13	30	37	38	50	54	68	68	41.0
NM_001183726.4	7	12	21	34	46	51	62	61	76	41.111111111111114
NM_001181103.1	9	14	19	30	46	59	55	65	73	41.111111111111114
NM_001183237.1	7	19	22	36	45	49	60	54	78	41.111111111111114
NM_001181407.3	5	18	26	28	39	54	58	64	79	41.22222222222222
NM_001183525.1	11	21	23	39	44	44	53	56	80	41.22222222222222
NM_001180624.3	7	20	31	31	38	44	65	71	64	41.22222222222222
NM_001184529.1	9	11	22	37	41	48	61	72	71	41.333333333333336
NM_001182877.1	9	17	30	31	37	49	56	65	78	41.333333333333336
NM_001184461.1	12	12	24	45	45	49	54	64	67	41.333333333333336
NM_001183322.1	14	19	26	31	42	52	59	65	65	41.44444444444444
NM_001180683.1	5	13	15	38	47	44	70	56	85	41.44444444444444
NM_001179836.3	9	25	27	33	43	38	65	61	72	41.44444444444444
NM_001179227.1	10	10	27	32	41	47	67	67	72	41.44444444444444
NM_001182361.1	11	15	30	32	38	51	60	64	72	41.44444444444444
NM_001179755.1	8	12	22	29	43	57	58	67	77	41.44444444444444
NM_001181278.1	7	12	26	38	35	51	58	72	75	41.55555555555556
NM_001178573.1	8	12	33	34	41	43	57	76	71	41.666666666666664
NM_001181376.1	13	22	21	31	35	46	60	67	81	41.77777777777778
NM_001183326.1	8	22	19	30	39	54	58	66	80	41.77777777777778
NM_001184536.1	11	13	27	34	42	41	58	67	84	41.888888888888886
NM_001179220.1	9	16	20	34	50	47	67	73	61	41.888888888888886
NM_001181560.1	8	20	25	38	37	61	51	67	70	41.888888888888886
NM_001180293.1	6	20	26	32	37	55	61	70	71	42.0
NM_001182178.1	8	20	30	39	34	46	64	62	75	42.0
NM_001181755.3	12	20	18	36	44	56	51	70	71	42.0
NM_001180084.1	9	14	33	32	44	42	53	66	85	42.0
NM_001182598.1	10	11	23	30	46	55	65	64	75	42.111111111111114
NM_001183642.3	15	9	27	35	35	50	59	60	89	42.111111111111114
NM_001183131.1	9	15	20	34	48	57	59	67	70	42.111111111111114
NM_001183918.1	9	17	25	39	40	52	63	63	71	42.111111111111114
NM_001181169.3	4	17	28	34	36	55	64	62	79	42.111111111111114
NM_001181205.1	11	18	27	41	34	50	58	57	83	42.111111111111114
NM_001184179.1	11	13	25	34	39	50	62	68	77	42.111111111111114
NM_001182313.3	12	17	28	29	45	53	63	61	72	42.22222222222222
NM_001179503.1	11	11	32	29	38	52	55	71	81	42.22222222222222
NM_001184275.1	9	15	34	38	41	48	51	75	69	42.22222222222222
NM_001181525.1	7	22	29	29	39	45	70	73	66	42.22222222222222
NM_001178354.1	15	20	21	24	41	48	54	72	85	42.22222222222222
NM_001178324.2	6	10	27	38	47	45	64	68	75	42.22222222222222
NM_001182373.1	13	8	24	42	43	42	59	66	84	42.333333333333336
NM_001180613.1	8	10	30	27	44	51	59	71	81	42.333333333333336
NM_001183296.1	12	15	28	27	35	49	69	76	70	42.333333333333336
NM_001183354.1	9	17	27	33	43	49	59	64	80	42.333333333333336
NM_001183883.1	11	9	29	36	32	51	61	65	87	42.333333333333336
NM_001182348.3	7	19	25	34	38	58	59	63	78	42.333333333333336
NM_001181220.1	7	16	32	28	47	52	56	71	73	42.44444444444444
NM_001181352.1	5	14	19	31	44	53	58	84	74	42.44444444444444
NM_001180595.3	10	20	23	34	34	53	68	66	74	42.44444444444444
NM_001180001.1	8	18	25	35	33	49	65	72	77	42.44444444444444
NM_001180646.1	10	15	19	30	43	53	65	63	85	42.55555555555556
NM_001180072.3	7	23	20	39	36	54	47	78	79	42.55555555555556
NM_001179118.1	5	18	28	35	39	54	62	70	73	42.666666666666664
NM_001178326.1	6	18	23	35	49	60	58	72	63	42.666666666666664
NM_001180781.3	13	26	31	33	42	44	69	60	67	42.77777777777778
NM_001182360.1	9	14	26	35	47	67	47	62	78	42.77777777777778
NM_001182760.1	3	17	25	34	49	54	56	72	75	42.77777777777778
NM_001183350.1	8	22	24	35	39	48	70	66	73	42.77777777777778
NM_001183392.2	6	16	26	45	43	45	71	68	66	42.888888888888886
NM_001180883.1	12	16	37	29	46	58	47	68	73	42.888888888888886
NM_001179115.1	13	15	23	30	43	57	61	70	74	42.888888888888886
NM_001183133.1	3	23	32	37	39	46	62	66	79	43.0
NM_001178696.1	7	15	14	35	55	55	63	69	74	43.0
NM_001183852.1	7	13	27	35	48	53	48	76	80	43.0
NM_001182148.1	4	14	25	39	44	52	56	72	81	43.0
NM_001182140.1	9	17	26	39	51	53	54	73	65	43.0
NM_001181620.1	9	19	26	34	43	46	57	77	77	43.111111111111114
NM_001181464.3	8	13	32	36	40	53	63	66	77	43.111111111111114
NM_001178792.1	9	15	22	34	45	48	66	72	78	43.22222222222222
NM_001178610.3	8	17	31	40	49	53	58	68	65	43.22222222222222
NM_001180192.1	8	15	31	38	38	56	67	67	69	43.22222222222222
NM_001182097.1	8	19	28	40	38	54	63	66	73	43.22222222222222
NM_001183336.1	8	18	20	33	45	53	76	67	69	43.22222222222222
NM_001181725.1	7	16	32	35	42	57	62	65	74	43.333333333333336
NM_001180169.1	10	19	33	43	38	61	49	61	76	43.333333333333336
NM_001183881.1	4	17	32	31	40	56	62	70	78	43.333333333333336
NM_001179571.3	5	17	25	41	45	45	59	66	87	43.333333333333336
NM_001183566.3	13	17	24	46	42	52	57	64	76	43.44444444444444
NM_001184191.1	5	16	33	31	41	52	65	66	82	43.44444444444444
NM_001181498.1	5	12	31	39	39	54	56	73	82	43.44444444444444
NM_001183715.1	10	17	28	29	54	49	67	58	80	43.55555555555556
NM_001180324.3	4	14	23	28	38	53	59	83	90	43.55555555555556
NM_001184217.1	8	21	22	32	50	55	63	63	80	43.77777777777778
NM_001182495.1	13	18	24	41	46	52	59	71	70	43.77777777777778
NM_001181994.1	8	25	22	32	40	56	55	72	84	43.77777777777778
NM_001179034.3	6	13	25	32	45	52	48	81	93	43.888888888888886
NM_001183217.3	8	24	27	29	40	58	56	79	74	43.888888888888886
NM_001182756.1	7	21	26	40	43	48	61	69	80	43.888888888888886
NM_001184081.1	14	16	33	33	48	46	65	67	74	44.0
NM_001181626.1	4	12	34	42	47	53	55	70	79	44.0
NM_001180870.1	6	13	26	28	45	48	72	68	90	44.0
NM_001182474.1	12	14	29	40	47	52	62	57	85	44.22222222222222
NM_001179618.1	12	18	31	32	40	57	63	70	75	44.22222222222222
NM_001181263.3	7	13	25	29	46	57	65	73	83	44.22222222222222
NM_001179945.1	10	22	32	37	45	51	58	73	70	44.22222222222222
NM_001178552.2	5	17	36	26	53	52	55	73	81	44.22222222222222
NM_001181137.1	10	20	22	37	55	53	62	66	74	44.333333333333336
NM_001180149.1	8	16	24	36	42	52	62	73	86	44.333333333333336
NM_001184208.1	11	11	26	38	46	56	70	68	73	44.333333333333336
NM_001183271.1	11	21	23	44	41	47	62	65	86	44.44444444444444
NM_001183966.1	11	17	25	38	47	56	61	71	75	44.55555555555556
NM_001178370.1	9	13	37	28	51	55	63	67	78	44.55555555555556
NM_001178612.1	12	17	29	44	36	54	68	67	74	44.55555555555556
NM_001178523.1	7	19	34	43	44	48	56	71	80	44.666666666666664
NM_001184146.1	7	23	24	42	53	58	54	67	74	44.666666666666664
NM_001180576.1	18	12	29	29	49	52	62	68	84	44.77777777777778
NM_001181499.3	6	19	37	42	44	62	63	62	68	44.77777777777778
NM_001179353.1	13	10	28	40	59	60	69	64	60	44.77777777777778
NM_001179641.1	7	16	24	37	43	53	63	79	82	44.888888888888886
NM_001179784.1	12	19	29	41	41	52	57	78	75	44.888888888888886
NM_001180777.3	12	24	25	35	42	61	54	73	78	44.888888888888886
NM_001178210.1	6	18	35	35	35	58	61	75	81	44.888888888888886
NM_001180731.3	10	24	22	37	43	48	61	81	78	44.888888888888886
NM_001179599.1	7	18	17	39	49	47	62	78	88	45.0
NM_001181716.1	8	20	25	41	47	55	67	71	72	45.111111111111114
NM_001178951.3	4	24	22	26	53	50	61	83	83	45.111111111111114
NM_001184027.1	8	15	33	32	54	46	63	83	73	45.22222222222222
NM_001183744.3	9	17	29	39	42	61	51	75	84	45.22222222222222
NM_001182735.1	6	16	27	35	50	56	58	82	77	45.22222222222222
NM_001182673.1	12	18	41	32	48	51	63	74	69	45.333333333333336
NM_001181893.1	9	14	25	38	46	51	67	79	79	45.333333333333336
NM_001178558.1	10	17	34	26	39	60	56	71	95	45.333333333333336
NM_001181045.1	11	13	34	32	43	53	60	77	85	45.333333333333336
NM_001183563.3	7	16	21	33	45	67	65	72	82	45.333333333333336
NM_001183226.3	10	23	29	41	44	54	64	67	76	45.333333333333336
NM_001181579.1	9	19	26	37	58	52	62	70	76	45.44444444444444
NM_001183389.1	10	16	26	45	51	50	67	62	83	45.55555555555556
NM_001178369.1	9	20	34	40	38	56	62	74	77	45.55555555555556
NM_001181974.1	9	25	23	42	39	61	60	64	88	45.666666666666664
NM_001178245.1	4	19	23	34	51	64	59	73	84	45.666666666666664
NM_001183910.1	5	13	27	35	49	52	65	72	93	45.666666666666664
NM_001178683.1	11	26	24	37	43	56	59	71	84	45.666666666666664
NM_001179578.3	7	21	28	40	42	58	61	68	86	45.666666666666664
NM_001183859.1	16	28	25	41	40	60	55	71	76	45.77777777777778
NM_001183201.3	12	21	18	30	42	48	79	72	90	45.77777777777778
NM_001180087.2	11	16	31	37	45	54	62	67	89	45.77777777777778
NM_001180768.3	5	15	26	32	47	61	61	77	88	45.77777777777778
NM_001180329.3	7	24	27	44	45	53	55	74	83	45.77777777777778
NM_001178705.1	9	20	30	31	44	41	70	85	83	45.888888888888886
NM_001178863.1	5	21	31	43	39	48	70	73	83	45.888888888888886
NM_001181123.1	10	13	29	30	49	63	61	68	90	45.888888888888886
NM_001180216.1	6	17	25	37	47	49	63	81	88	45.888888888888886
NM_001182293.1	3	17	32	41	50	50	62	72	87	46.0
NM_001179250.1	14	16	31	30	43	66	61	65	89	46.111111111111114
NM_001181532.1	6	21	35	38	47	62	56	68	82	46.111111111111114
NM_001180148.1	9	16	32	42	37	50	67	75	87	46.111111111111114
NM_001178684.1	15	15	24	35	39	64	66	75	83	46.22222222222222
NM_001180811.3	12	20	25	51	50	53	62	67	77	46.333333333333336
NM_001183154.1	14	15	32	33	52	62	61	72	77	46.44444444444444
NM_001183967.1	11	16	28	41	40	55	58	84	86	46.55555555555556
NM_001178513.1	10	12	25	37	52	59	67	75	82	46.55555555555556
NM_001180510.1	7	16	29	31	43	55	71	70	97	46.55555555555556
NM_001178329.1	7	22	27	34	50	48	58	82	91	46.55555555555556
NM_001180679.1	10	14	30	38	41	63	67	67	90	46.666666666666664
NM_001179417.1	10	18	32	40	47	57	68	79	69	46.666666666666664
NM_001178541.3	4	12	34	42	55	57	56	73	87	46.666666666666664
NM_001184007.1	13	19	24	42	49	57	63	71	82	46.666666666666664
NM_001179700.2	7	22	23	45	35	63	70	65	90	46.666666666666664
NM_001178737.1	4	26	28	36	43	55	75	69	85	46.77777777777778
NM_001178779.1	8	22	35	39	55	48	58	64	92	46.77777777777778
NM_001180240.1	7	31	28	37	48	51	64	70	85	46.77777777777778
NM_001180743.1	5	24	29	32	48	57	62	73	92	46.888888888888886
NM_001183167.1	12	18	28	35	52	50	68	80	79	46.888888888888886
NM_001181238.3	3	14	25	34	56	64	66	67	94	47.0
NM_001182515.1	9	25	22	41	49	51	64	74	88	47.0
NM_001183320.1	9	15	23	41	41	55	67	73	99	47.0
NM_001182462.1	10	21	25	34	50	57	66	69	91	47.0
NM_001180912.1	14	16	31	34	42	65	75	59	88	47.111111111111114
NM_001179459.1	12	15	37	35	43	47	62	80	93	47.111111111111114
NM_001182026.1	9	18	32	37	51	58	62	72	85	47.111111111111114
NM_001182127.1	12	18	36	46	43	56	71	70	72	47.111111111111114
NM_001182482.1	9	28	31	34	46	66	59	77	74	47.111111111111114
NM_001182509.1	10	17	28	54	39	62	65	77	73	47.22222222222222
NM_001180438.1	14	24	33	34	44	52	70	79	76	47.333333333333336
NM_001182871.3	10	24	27	33	43	62	59	77	91	47.333333333333336
NM_001181908.1	9	22	28	41	43	59	60	91	74	47.44444444444444
NM_001179675.1	9	20	41	39	59	48	63	66	83	47.55555555555556
NM_001179638.1	18	10	30	28	42	56	68	82	94	47.55555555555556
NM_001181955.1	10	16	22	34	53	58	63	86	86	47.55555555555556
NM_001184238.1	12	14	25	26	52	61	63	86	89	47.55555555555556
NM_001182390.1	10	26	23	39	39	55	67	79	91	47.666666666666664
NM_001181562.1	9	19	24	45	45	64	60	75	88	47.666666666666664
NM_001180733.1	8	16	26	41	49	58	65	81	86	47.77777777777778
NM_001178355.2	6	14	27	47	48	61	63	74	90	47.77777777777778
NM_001183282.1	14	20	22	36	40	64	73	72	89	47.77777777777778
NM_001183098.2	10	18	24	43	59	53	63	76	85	47.888888888888886
NM_001180700.1	6	26	22	46	40	58	59	79	95	47.888888888888886
NM_001180167.1	10	19	29	43	43	63	68	80	76	47.888888888888886
NM_001180544.1	7	20	27	47	59	50	77	71	74	48.0
NM_001180095.1	10	11	29	40	44	65	61	79	93	48.0
NM_001179335.3	10	13	27	50	46	56	75	66	89	48.0
NM_001178484.3	10	17	27	29	38	76	75	73	87	48.0
NM_001183664.1	14	17	34	40	40	55	64	72	96	48.0
NM_001180444.1	8	23	19	37	47	53	79	69	98	48.111111111111114
NM_001178978.1	9	17	20	34	51	70	57	79	96	48.111111111111114
NM_001183002.1	7	26	32	38	54	46	76	74	80	48.111111111111114
NM_001180416.3	7	15	28	43	46	52	70	86	86	48.111111111111114
NM_001179979.2	12	23	26	31	53	53	64	79	93	48.22222222222222
NM_001182780.1	8	25	30	46	48	62	69	66	80	48.22222222222222
NM_001181613.1	3	15	33	46	45	55	77	68	92	48.22222222222222
NM_001180722.4	10	16	35	36	58	58	66	77	79	48.333333333333336
NM_001179295.1	10	23	28	28	54	56	68	75	93	48.333333333333336
NM_001183257.1	9	17	23	33	57	54	66	88	88	48.333333333333336
NM_001181093.1	11	17	29	42	50	62	74	65	86	48.44444444444444
NM_001178968.1	8	22	28	32	56	50	72	80	88	48.44444444444444
NM_001180803.3	14	24	38	30	43	71	64	72	80	48.44444444444444
NM_001178418.1	15	13	22	38	51	61	66	69	101	48.44444444444444
NM_001180992.1	15	18	35	34	48	61	71	63	91	48.44444444444444
NM_001183262.1	16	18	31	36	49	59	65	72	91	48.55555555555556
NM_001183888.1	15	20	24	39	47	61	57	87	87	48.55555555555556
NM_001179921.1	15	19	29	42	40	62	67	84	79	48.55555555555556
NM_001183964.1	6	23	19	38	42	73	69	82	85	48.55555555555556
NM_001181249.1	9	24	30	44	37	65	67	78	84	48.666666666666664
NM_001181566.1	5	22	34	38	55	58	66	76	84	48.666666666666664
NM_001180832.3	7	16	27	55	44	63	67	79	80	48.666666666666664
NM_001180509.3	10	29	28	36	55	58	72	70	80	48.666666666666664
NM_001184282.1	6	26	31	48	47	61	73	67	79	48.666666666666664
NM_001181688.3	13	17	30	36	51	50	72	79	91	48.77777777777778
NM_001184520.1	8	18	26	44	46	66	61	89	81	48.77777777777778
NM_001182960.1	6	21	30	44	52	40	69	84	93	48.77777777777778
NM_001179164.1	7	21	27	39	40	74	78	74	79	48.77777777777778
NM_001181824.1	5	14	28	50	48	64	67	81	82	48.77777777777778
NM_001180748.1	13	23	28	43	37	57	75	73	91	48.888888888888886
NM_001181570.1	13	17	31	40	46	60	74	68	91	48.888888888888886
NM_001182717.1	12	16	33	44	56	52	71	77	80	49.0
NM_001183091.1	11	15	38	50	48	64	63	66	86	49.0
NM_001181299.1	6	21	26	37	50	58	66	80	97	49.0
NM_001184058.1	10	22	24	45	47	60	68	76	89	49.0
NM_001180174.1	12	18	35	46	52	54	64	71	89	49.0
NM_001183975.1	6	13	29	36	56	49	80	80	92	49.0
NM_001178801.1	7	18	37	44	58	60	64	62	92	49.111111111111114
NM_001180751.3	12	18	32	40	53	62	73	70	83	49.22222222222222
NM_001180104.1	10	14	23	40	48	73	63	74	98	49.22222222222222
NM_001183693.3	10	25	30	54	38	64	81	63	78	49.22222222222222
NM_001180744.1	8	21	32	40	48	66	61	83	84	49.22222222222222
NM_001179352.3	9	13	33	43	56	45	68	83	93	49.22222222222222
NM_001183155.1	8	19	19	43	51	67	73	76	88	49.333333333333336
NM_001180089.1	9	22	29	41	51	57	67	70	98	49.333333333333336
NM_001180548.1	8	17	30	40	54	59	68	76	92	49.333333333333336
NM_001181028.1	13	14	27	37	40	68	75	79	91	49.333333333333336
NM_001182683.1	13	20	34	26	47	62	76	80	87	49.44444444444444
NM_001179381.1	10	24	33	34	57	62	63	71	91	49.44444444444444
NM_001183648.1	10	21	26	37	51	58	60	90	92	49.44444444444444
NM_001181164.1	8	20	33	41	49	61	51	78	104	49.44444444444444
NM_001184276.1	12	21	35	34	54	49	65	83	93	49.55555555555556
NM_001183973.1	9	19	18	48	51	59	73	85	84	49.55555555555556
NM_001178938.1	8	20	18	36	49	67	75	74	99	49.55555555555556
NM_001181545.2	4	23	37	41	51	58	68	77	87	49.55555555555556
NM_001180172.1	16	17	28	39	55	62	76	76	78	49.666666666666664
NM_001180963.1	13	19	24	42	51	56	74	83	85	49.666666666666664
NM_001178543.1	7	19	35	37	59	50	65	82	93	49.666666666666664
NM_001180060.3	7	13	41	49	41	50	83	80	83	49.666666666666664
NM_001181636.1	9	27	24	33	47	67	72	74	94	49.666666666666664
NM_001182668.1	3	21	28	54	46	46	82	78	90	49.77777777777778
NM_001180990.1	13	18	32	41	51	61	70	77	85	49.77777777777778
NM_001183010.4	15	20	37	35	54	54	66	81	86	49.77777777777778
NM_001180294.1	15	23	28	40	47	62	75	62	97	49.888888888888886
NM_001179845.3	11	23	23	41	53	59	68	86	86	50.0
NM_001179298.1	8	15	26	44	65	55	74	70	93	50.0
NM_001179020.1	14	20	23	45	50	53	73	79	93	50.0
NM_001183657.1	12	17	39	41	45	65	61	84	87	50.111111111111114
NM_001182517.1	8	26	33	38	45	55	71	73	102	50.111111111111114
NM_001181295.1	4	20	32	45	54	51	77	80	89	50.22222222222222
NM_001180383.1	12	27	31	42	50	54	75	79	82	50.22222222222222
NM_001183099.1	12	28	30	32	44	68	70	85	83	50.22222222222222
NM_001183286.1	7	15	31	40	50	53	75	86	96	50.333333333333336
NM_001182685.1	7	14	29	40	46	65	83	78	92	50.44444444444444
NM_001182605.1	7	24	30	38	56	53	75	81	90	50.44444444444444
NM_001180822.1	13	26	30	40	52	58	60	80	95	50.44444444444444
NM_001180543.1	15	27	38	36	49	52	57	77	103	50.44444444444444
NM_001183620.3	7	20	26	39	59	59	65	83	97	50.55555555555556
NM_001180556.1	11	25	28	42	43	68	63	82	93	50.55555555555556
NM_001178286.1	9	16	30	40	47	56	69	95	93	50.55555555555556
NM_001182892.3	7	18	25	38	63	61	75	81	88	50.666666666666664
NM_001182990.1	12	18	27	43	52	72	66	80	86	50.666666666666664
NM_001180806.3	13	15	26	50	57	67	66	67	95	50.666666666666664
NM_001183834.1	13	18	33	33	50	71	67	81	91	50.77777777777778
NM_001180219.1	9	11	26	46	47	62	71	94	91	50.77777777777778
NM_001184167.1	10	25	29	44	50	60	78	73	88	50.77777777777778
NM_001184192.1	15	23	28	30	63	60	62	81	95	50.77777777777778
NM_001180756.3	5	18	38	37	52	68	70	78	92	50.888888888888886
NM_001178477.1	11	16	35	41	47	64	60	87	97	50.888888888888886
NM_001179797.1	4	26	31	43	57	46	75	87	89	50.888888888888886
NM_001181774.1	2	21	32	39	51	62	79	83	89	50.888888888888886
NM_001183453.1	11	22	25	39	57	57	75	82	91	51.0
NM_001182945.3	8	13	33	40	56	70	61	84	94	51.0
NM_001184528.1	10	21	28	49	49	66	77	68	91	51.0
NM_001179168.1	14	28	32	40	47	55	76	74	93	51.0
NM_001183544.1	15	24	31	39	47	60	70	76	97	51.0
NM_001181754.1	11	24	25	45	43	56	79	91	85	51.0
NM_001181714.3	12	16	32	37	48	59	79	82	94	51.0
NM_001183810.1	12	19	32	38	48	62	74	67	108	51.111111111111114
NM_001179406.1	12	15	32	36	51	63	70	79	102	51.111111111111114
NM_001184093.1	12	16	31	41	46	64	72	71	107	51.111111111111114
NM_001181228.3	13	19	21	47	47	67	64	87	95	51.111111111111114
NM_001184689.1	12	19	35	37	50	58	79	81	90	51.22222222222222
NM_001180313.1	11	21	32	38	57	56	70	78	98	51.22222222222222
NM_001182915.1	11	30	30	36	55	57	78	81	83	51.22222222222222
NM_001182600.1	9	17	34	38	56	54	79	82	93	51.333333333333336
NM_001182423.1	13	19	42	37	42	64	70	79	96	51.333333333333336
NM_001178901.3	6	22	19	41	58	71	62	93	91	51.44444444444444
NM_001181574.1	7	18	34	47	46	67	75	80	89	51.44444444444444
NM_001180599.3	17	14	33	45	47	61	75	84	87	51.44444444444444
NM_001182034.1	11	15	36	34	48	63	75	90	92	51.55555555555556
NM_001182394.1	14	24	29	32	61	63	76	83	82	51.55555555555556
NM_001181655.1	11	17	30	38	51	67	67	79	105	51.666666666666664
NM_001181484.1	4	26	37	46	56	60	58	85	94	51.77777777777778
NM_001183825.1	12	22	28	46	58	57	76	78	89	51.77777777777778
NM_001181242.3	13	21	36	32	57	67	75	76	89	51.77777777777778
NM_001179519.1	11	17	30	39	50	67	68	78	106	51.77777777777778
NM_001181133.1	12	15	30	48	41	58	68	82	112	51.77777777777778
NM_001184513.1	15	22	31	42	60	66	64	75	92	51.888888888888886
NM_001178925.1	8	21	33	41	53	61	81	84	85	51.888888888888886
NM_001183757.3	10	23	37	34	47	66	78	75	97	51.888888888888886
NM_001179581.1	6	20	28	39	50	60	76	91	97	51.888888888888886
NM_001182245.1	13	19	33	34	43	63	77	85	100	51.888888888888886
NM_001178337.2	9	19	34	37	49	62	86	83	88	51.888888888888886
NM_001182770.1	18	21	28	51	39	60	87	80	84	52.0
NM_001182272.1	10	28	38	43	51	71	77	72	78	52.0
NM_001181165.3	7	22	31	45	59	62	70	94	79	52.111111111111114
NM_001179682.1	11	16	33	38	56	53	65	96	101	52.111111111111114
NM_001182339.3	12	16	33	42	56	70	65	90	86	52.22222222222222
NM_001178451.1	10	26	29	46	45	67	60	82	105	52.22222222222222
NM_001178657.1	12	24	39	47	48	58	66	90	86	52.22222222222222
NM_001178697.1	8	21	23	41	61	66	66	83	102	52.333333333333336
NM_001181007.1	14	25	38	39	52	63	79	68	93	52.333333333333336
NM_001180028.3	11	27	31	44	45	58	73	75	107	52.333333333333336
NM_001179532.3	7	23	31	53	54	65	73	75	91	52.44444444444444
NM_001184384.2	6	20	37	34	50	78	74	74	99	52.44444444444444
NM_001179998.3	11	16	34	38	62	64	68	86	93	52.44444444444444
NM_001182658.1	10	18	43	39	49	67	80	77	89	52.44444444444444
NM_001184383.1	6	20	37	34	50	78	74	74	99	52.44444444444444
NM_001182646.1	7	21	41	38	55	70	66	71	104	52.55555555555556
NM_001183772.1	7	19	27	48	58	64	73	80	98	52.666666666666664
NM_001182476.1	18	17	26	45	42	74	68	101	83	52.666666666666664
NM_001178303.1	13	25	26	31	56	73	76	83	91	52.666666666666664
NM_001179504.1	8	31	31	50	54	63	70	76	92	52.77777777777778
NM_001179529.3	3	18	39	36	59	64	79	79	98	52.77777777777778
NM_001179800.3	9	21	20	29	68	64	69	82	113	52.77777777777778
NM_001181089.1	9	14	30	45	48	64	81	86	98	52.77777777777778
NM_001180398.1	12	15	37	38	60	62	72	90	89	52.77777777777778
NM_001181160.1	5	25	22	35	55	72	73	87	102	52.888888888888886
NM_001179432.1	8	25	32	35	52	64	69	93	98	52.888888888888886
NM_001178350.1	6	26	29	38	53	64	79	87	94	52.888888888888886
NM_001182420.1	11	22	36	41	52	58	74	95	87	52.888888888888886
NM_001179615.1	9	20	30	50	58	70	74	76	89	52.888888888888886
NM_001183537.1	11	23	42	43	53	61	65	86	93	53.0
NM_001181024.1	12	34	33	37	50	69	60	80	102	53.0
NM_001181701.1	10	29	29	52	48	61	63	94	91	53.0
NM_001181230.1	16	21	26	46	39	53	85	94	97	53.0
NM_001179171.1	8	32	27	39	46	74	73	90	89	53.111111111111114
NM_001181732.1	6	20	39	47	52	59	76	81	98	53.111111111111114
NM_001182529.1	8	19	28	37	58	64	76	77	111	53.111111111111114
NM_001178200.1	7	26	31	49	48	65	77	80	96	53.22222222222222
NM_001182115.1	8	17	38	39	61	59	80	86	91	53.22222222222222
NM_001179996.2	14	21	32	49	43	60	80	87	93	53.22222222222222
NM_001178984.1	12	19	34	48	61	63	67	97	78	53.22222222222222
NM_001183650.1	16	23	35	36	50	58	73	76	113	53.333333333333336
NM_001181785.3	13	25	27	40	48	63	77	99	88	53.333333333333336
NM_001179209.1	8	20	40	46	50	61	80	79	96	53.333333333333336
NM_001178771.1	14	13	26	48	47	60	78	87	107	53.333333333333336
NM_001178385.1	11	19	28	54	53	67	69	81	99	53.44444444444444
NM_001184204.1	8	21	31	44	53	61	77	90	96	53.44444444444444
NM_001181440.1	15	21	28	34	52	64	81	86	100	53.44444444444444
NM_001178670.1	12	30	27	47	49	60	79	76	101	53.44444444444444
NM_001180377.3	10	19	34	45	46	67	81	88	91	53.44444444444444
NM_001178716.1	10	21	34	45	47	69	84	79	92	53.44444444444444
NM_001183267.1	9	22	30	31	57	63	81	86	102	53.44444444444444
NM_001183773.3	13	23	38	43	42	59	75	95	94	53.55555555555556
NM_001181227.3	9	15	21	56	59	68	78	88	88	53.55555555555556
NM_001178343.1	10	21	25	34	62	64	71	101	94	53.55555555555556
NM_001183728.3	10	20	40	48	55	56	66	87	100	53.55555555555556
NM_001181902.1	8	18	38	42	56	72	77	77	94	53.55555555555556
NM_001181518.1	11	27	24	40	52	60	76	100	93	53.666666666666664
NM_001180447.3	10	15	33	52	54	68	67	84	101	53.77777777777778
NM_001184198.1	11	27	30	57	51	67	66	84	91	53.77777777777778
NM_001178413.3	12	22	31	47	55	57	79	83	98	53.77777777777778
NM_001181139.1	15	16	36	39	48	68	79	78	105	53.77777777777778
NM_001179721.1	7	27	35	57	53	63	68	73	102	53.888888888888886
NM_001182162.1	5	22	34	45	54	61	89	79	96	53.888888888888886
NM_001180890.1	10	25	28	43	56	60	74	91	98	53.888888888888886
NM_001179817.3	15	20	31	33	57	56	80	92	102	54.0
NM_001178926.3	10	20	22	54	60	58	83	95	84	54.0
NM_001178222.1	14	23	29	52	54	56	77	84	97	54.0
NM_001178931.3	8	24	33	50	59	61	76	82	94	54.111111111111114
NM_001178896.3	7	19	22	47	60	61	81	86	105	54.22222222222222
NM_001179506.3	13	29	33	40	52	63	74	84	100	54.22222222222222
NM_001179373.1	16	24	30	41	49	62	75	94	97	54.22222222222222
NM_001182903.3	15	15	30	57	56	61	74	84	96	54.22222222222222
NM_001182388.1	16	17	29	41	55	65	89	84	92	54.22222222222222
NM_001184137.1	5	22	26	47	54	75	77	80	102	54.22222222222222
NM_001180926.1	17	16	29	38	56	59	74	99	101	54.333333333333336
NM_001179813.3	7	28	32	54	48	69	76	76	100	54.44444444444444
NM_001180792.1	10	23	33	47	56	49	86	88	98	54.44444444444444
NM_001178533.3	16	36	38	38	54	54	74	88	92	54.44444444444444
NM_001183158.1	9	22	34	59	53	59	67	94	94	54.55555555555556
NM_001182524.1	8	20	30	55	54	76	75	72	101	54.55555555555556
NM_001182997.1	11	24	30	35	56	71	81	96	87	54.55555555555556
NM_001184344.1	11	22	37	47	51	66	81	90	87	54.666666666666664
NM_001180554.3	13	26	43	33	60	59	78	82	98	54.666666666666664
NM_001181380.3	9	21	35	35	60	71	72	101	88	54.666666666666664
NM_001181960.1	9	17	38	39	59	74	77	91	89	54.77777777777778
NM_001182765.1	10	21	40	37	53	69	80	93	91	54.888888888888886
NM_001184224.1	12	21	25	47	54	69	77	90	99	54.888888888888886
NM_001179524.1	5	20	32	41	65	75	78	94	85	55.0
NM_001183147.1	12	17	29	43	48	69	83	87	107	55.0
NM_001178692.1	6	29	37	43	48	67	77	85	103	55.0
NM_001182996.1	13	24	38	34	56	65	77	96	92	55.0
NM_001181142.1	10	20	28	59	55	60	86	87	91	55.111111111111114
NM_001178445.2	12	25	34	45	53	65	56	96	110	55.111111111111114
NM_001183494.1	7	23	41	39	52	68	84	89	94	55.22222222222222
NM_001183578.3	21	23	39	41	49	66	84	80	94	55.22222222222222
NM_001182914.1	12	15	34	47	67	67	72	85	99	55.333333333333336
NM_001181964.1	10	34	28	46	56	61	78	93	92	55.333333333333336
NM_001182076.1	11	20	31	36	62	60	77	96	105	55.333333333333336
NM_001181200.3	8	24	46	44	52	58	64	95	107	55.333333333333336
NM_001182484.1	10	20	28	38	67	68	76	93	99	55.44444444444444
NM_001182824.1	11	29	22	49	48	74	81	80	105	55.44444444444444
NM_001182525.1	9	21	31	52	66	71	61	90	98	55.44444444444444
NM_001178346.2	8	19	42	48	60	66	74	84	98	55.44444444444444
NM_001179467.3	17	26	30	43	57	67	69	99	91	55.44444444444444
NM_001181597.2	17	24	39	44	53	54	80	91	98	55.55555555555556
NM_001180867.1	10	28	25	47	52	59	81	95	103	55.55555555555556
NM_001183581.3	13	24	33	42	53	69	81	87	98	55.55555555555556
NM_001182890.1	9	28	28	38	61	71	81	88	96	55.55555555555556
NM_001182965.3	11	17	37	42	56	60	81	83	113	55.55555555555556
NM_001180013.1	7	18	31	52	46	76	84	83	103	55.55555555555556
NM_001181972.1	14	16	28	48	56	72	75	90	102	55.666666666666664
NM_001183958.1	14	27	32	34	50	68	76	89	111	55.666666666666664
NM_001182264.3	11	19	37	45	47	79	73	92	98	55.666666666666664
NM_001182933.1	15	25	33	49	56	66	76	89	92	55.666666666666664
NM_001182078.1	16	28	32	45	50	57	80	89	105	55.77777777777778
NM_001179103.1	11	25	34	48	38	60	81	95	110	55.77777777777778
NM_001184038.2	15	15	30	57	57	68	70	84	107	55.888888888888886
NM_001178159.1	7	18	37	46	54	68	89	85	99	55.888888888888886
NM_001180724.1	9	21	36	48	44	64	90	102	89	55.888888888888886
NM_001180132.1	9	28	34	45	59	71	63	91	103	55.888888888888886
NM_001183692.1	8	29	34	42	45	60	89	78	118	55.888888888888886
NM_001180186.1	10	18	30	49	54	66	88	78	110	55.888888888888886
NM_001182102.1	11	26	30	49	58	54	82	86	108	56.0
NM_001180793.3	9	33	40	36	51	75	78	77	106	56.111111111111114
NM_001178844.1	13	24	27	41	71	64	79	83	103	56.111111111111114
NM_001184329.1	12	27	36	41	53	77	72	91	96	56.111111111111114
NM_001180778.2	10	18	32	56	58	70	80	87	95	56.22222222222222
NM_001181977.1	9	21	41	43	56	69	70	79	118	56.22222222222222
NM_001181855.1	6	24	30	42	60	66	81	95	102	56.22222222222222
NM_001183466.1	14	17	33	49	59	71	74	89	101	56.333333333333336
NM_001183513.1	16	21	34	35	54	83	72	88	104	56.333333333333336
NM_001179303.1	22	21	28	46	41	69	74	87	119	56.333333333333336
NM_001182612.1	14	21	40	44	54	63	77	102	92	56.333333333333336
NM_001179604.3	13	28	29	46	67	52	80	89	104	56.44444444444444
NM_001179443.1	10	25	27	40	56	69	87	95	100	56.55555555555556
NM_001183005.1	10	23	37	40	50	68	67	104	110	56.55555555555556
NM_001184122.1	12	26	34	45	48	68	77	94	105	56.55555555555556
NM_001179189.1	21	27	31	43	57	68	86	75	101	56.55555555555556
NM_001179089.1	11	20	36	46	50	60	80	96	111	56.666666666666664
NM_001180436.3	9	19	28	50	57	78	73	81	115	56.666666666666664
NM_001182080.1	6	29	26	42	64	66	78	86	113	56.666666666666664
NM_001179567.3	11	22	32	43	59	63	77	93	110	56.666666666666664
NM_001178344.1	11	22	33	50	54	58	91	86	106	56.77777777777778
NM_001179361.1	11	26	26	61	56	62	79	95	95	56.77777777777778
NM_001182895.3	8	33	32	53	49	67	71	98	100	56.77777777777778
NM_001181153.3	10	14	33	37	63	71	80	104	99	56.77777777777778
NM_001183562.1	14	24	28	39	61	67	90	92	97	56.888888888888886
NM_001182702.1	16	22	27	45	56	66	84	84	112	56.888888888888886
NM_001178420.1	12	26	43	41	51	69	76	95	99	56.888888888888886
NM_001183897.1	9	17	38	45	60	64	87	90	102	56.888888888888886
NM_001180991.3	13	26	36	47	46	71	72	101	101	57.0
NM_001179890.1	15	26	32	51	60	71	80	93	85	57.0
NM_001180587.3	7	10	38	38	62	76	83	90	110	57.111111111111114
NM_001182889.3	18	22	34	38	66	64	81	93	98	57.111111111111114
NM_001181582.1	16	25	34	54	49	70	71	86	109	57.111111111111114
NM_001178414.1	10	28	40	44	60	72	80	84	97	57.22222222222222
NM_001183400.1	9	28	35	50	62	59	76	100	96	57.22222222222222
NM_001181076.1	16	20	39	54	56	64	69	83	115	57.333333333333336
NM_001179248.1	13	23	36	44	51	64	76	95	114	57.333333333333336
NM_001178443.1	10	29	37	47	55	73	76	95	94	57.333333333333336
NM_001179022.3	12	20	32	47	52	61	90	102	100	57.333333333333336
NM_001179717.1	14	21	32	48	69	72	65	91	104	57.333333333333336
NM_001179242.1	5	21	39	52	51	72	71	103	103	57.44444444444444
NM_001183663.3	9	18	29	45	74	63	82	101	96	57.44444444444444
NM_001183580.3	11	14	32	45	63	76	76	92	109	57.55555555555556
NM_001182577.1	14	22	45	41	62	71	71	86	106	57.55555555555556
NM_001180135.1	12	25	35	43	53	63	77	93	118	57.666666666666664
NM_001182470.1	16	22	30	55	51	75	84	89	97	57.666666666666664
NM_001182571.1	8	23	36	44	46	78	81	91	112	57.666666666666664
NM_001182796.1	13	28	36	44	58	59	82	96	104	57.77777777777778
NM_001182421.1	13	19	40	42	49	70	80	99	108	57.77777777777778
NM_001183829.1	13	23	33	48	59	74	78	92	100	57.77777777777778
NM_001183095.1	12	25	36	50	55	78	87	76	101	57.77777777777778
NM_001181020.1	9	15	30	58	56	65	87	85	116	57.888888888888886
NM_001178781.1	7	21	34	40	65	65	83	97	110	58.0
NM_001179628.1	16	21	43	46	60	69	81	84	102	58.0
NM_001179100.1	9	22	29	43	56	64	88	103	108	58.0
NM_001180882.1	8	23	35	49	72	67	71	102	95	58.0
NM_001179867.1	11	23	37	45	53	81	85	90	98	58.111111111111114
NM_001183969.1	14	21	30	54	54	66	78	96	110	58.111111111111114
NM_001180404.1	10	19	30	45	67	62	88	101	101	58.111111111111114
NM_001180267.1	13	31	40	58	47	74	70	92	99	58.22222222222222
NM_001182295.4	11	20	36	61	71	61	78	91	95	58.22222222222222
NM_001183200.1	12	22	36	49	60	62	83	91	109	58.22222222222222
NM_001180094.1	11	15	34	53	59	67	99	83	104	58.333333333333336
NM_001180798.3	15	30	41	43	46	76	76	88	110	58.333333333333336
NM_001181018.3	13	18	32	51	59	65	86	84	117	58.333333333333336
NM_001179109.1	12	23	40	52	59	70	78	94	98	58.44444444444444
NM_001179053.3	12	21	35	51	60	57	96	82	112	58.44444444444444
NM_001181663.1	13	22	36	46	56	73	86	86	108	58.44444444444444
NM_001178480.1	13	24	33	36	58	77	83	97	106	58.55555555555556
NM_001183490.1	8	26	40	46	67	71	78	89	102	58.55555555555556
NM_001182944.1	7	16	40	44	63	73	81	91	113	58.666666666666664
NM_001178158.2	15	24	40	46	51	67	89	86	110	58.666666666666664
NM_001182165.1	13	32	41	40	59	77	82	88	96	58.666666666666664
NM_001181715.1	12	24	34	52	52	81	90	82	102	58.77777777777778
NM_001183936.1	12	20	38	44	61	76	68	100	110	58.77777777777778
NM_001182788.1	7	23	33	42	63	67	86	96	112	58.77777777777778
NM_001180065.3	13	22	37	56	61	65	75	92	109	58.888888888888886
NM_001179501.1	14	19	33	41	65	76	80	96	107	59.0
NM_001183641.1	17	22	35	46	64	63	91	94	99	59.0
NM_001179924.1	10	23	31	42	70	56	76	102	121	59.0
NM_001183511.1	13	33	31	48	49	77	81	91	109	59.111111111111114
NM_001180300.2	10	28	37	48	66	59	85	101	98	59.111111111111114
NM_001179653.1	8	30	29	40	48	76	86	104	111	59.111111111111114
NM_001182691.1	17	23	35	47	64	82	69	94	101	59.111111111111114
NM_001179188.1	13	28	35	47	65	59	91	90	105	59.22222222222222
NM_001184470.3	18	19	34	45	50	66	88	100	113	59.22222222222222
NM_001183716.4	11	21	42	37	69	76	86	97	94	59.22222222222222
NM_001179039.1	7	21	39	48	65	71	78	100	104	59.22222222222222
NM_001183545.3	11	17	33	53	58	79	84	99	99	59.22222222222222
NM_001182124.1	18	23	37	48	61	81	72	94	100	59.333333333333336
NM_001178184.1	20	33	28	50	61	61	93	90	98	59.333333333333336
NM_001178330.1	9	24	42	50	58	59	90	97	105	59.333333333333336
NM_001182776.1	15	26	30	45	49	68	80	97	125	59.44444444444444
NM_001181796.2	11	28	33	41	65	65	88	101	103	59.44444444444444
NM_001179685.1	11	24	36	49	56	61	88	108	102	59.44444444444444
NM_001183186.1	18	26	45	42	51	88	75	97	93	59.44444444444444
NM_001179671.1	9	32	34	39	58	76	86	92	109	59.44444444444444
NM_001180713.3	10	28	45	39	55	84	75	88	112	59.55555555555556
NM_001180958.1	9	28	32	40	70	68	93	93	104	59.666666666666664
NM_001182017.1	19	25	33	42	60	70	78	92	119	59.77777777777778
NM_001184115.1	13	18	47	44	55	76	86	95	104	59.77777777777778
NM_001183489.1	16	22	31	48	61	68	87	90	115	59.77777777777778
NM_001181937.1	15	15	35	54	54	67	82	113	104	59.888888888888886
NM_001182660.1	8	21	33	51	65	69	84	109	99	59.888888888888886
NM_001183023.1	11	25	39	42	52	63	92	101	114	59.888888888888886
NM_001182457.1	17	23	45	35	62	73	80	91	114	60.0
NM_001182641.1	18	23	41	62	61	68	77	92	98	60.0
NM_001183080.1	12	24	36	45	50	83	83	101	107	60.111111111111114
NM_001178659.1	12	24	27	51	63	83	97	88	97	60.22222222222222
NM_001180454.3	10	18	37	58	61	76	88	83	111	60.22222222222222
NM_001178185.1	10	22	41	47	66	80	84	87	105	60.22222222222222
NM_001183971.1	5	29	24	48	64	76	86	97	113	60.22222222222222
NM_001182284.3	13	24	36	45	55	67	81	102	119	60.22222222222222
NM_001180670.1	18	22	36	46	58	65	85	105	107	60.22222222222222
NM_001179105.1	12	23	41	49	55	70	84	102	107	60.333333333333336
NM_001182505.1	18	23	36	39	63	76	77	105	106	60.333333333333336
NM_001183646.1	8	26	34	53	73	84	77	84	104	60.333333333333336
NM_001180836.3	17	30	23	36	62	73	77	110	117	60.55555555555556
NM_001178734.1	10	18	33	50	57	75	94	95	113	60.55555555555556
NM_001183090.1	11	36	21	50	60	70	77	96	124	60.55555555555556
NM_001182697.1	16	24	35	48	67	74	77	100	104	60.55555555555556
NM_001179019.3	10	27	30	57	64	71	76	99	111	60.55555555555556
NM_001183559.4	19	22	25	47	56	84	77	114	102	60.666666666666664
NM_001178911.3	11	20	34	45	58	76	92	103	107	60.666666666666664
NM_001183955.1	14	19	31	60	56	82	85	89	111	60.77777777777778
NM_001182793.1	13	33	45	44	57	75	80	98	102	60.77777777777778
NM_001184325.1	9	28	41	44	70	65	79	97	115	60.888888888888886
NM_001183608.1	12	23	37	40	65	80	91	96	104	60.888888888888886
NM_001180315.3	15	27	33	51	63	76	77	101	106	61.0
NM_001181878.1	16	21	39	49	51	69	86	110	108	61.0
NM_001184440.1	10	35	37	56	54	64	86	93	114	61.0
NM_001179933.1	10	21	44	45	60	76	83	92	118	61.0
NM_001183791.3	13	35	34	41	49	78	97	92	110	61.0
NM_001179763.1	13	27	38	46	53	67	90	106	110	61.111111111111114
NM_001181233.3	14	25	42	54	57	70	81	88	119	61.111111111111114
NM_001184484.1	10	24	46	47	68	73	79	104	101	61.333333333333336
NM_001181453.3	15	33	37	46	65	60	91	96	109	61.333333333333336
NM_001182716.1	13	25	49	40	66	65	77	107	110	61.333333333333336
NM_001181201.1	12	21	32	43	65	80	84	99	117	61.44444444444444
NM_001179286.1	15	25	38	49	68	75	79	96	108	61.44444444444444
NM_001180235.1	10	22	38	48	46	80	93	107	109	61.44444444444444
NM_001184259.1	15	20	33	55	67	70	88	91	115	61.55555555555556
NM_001180551.3	13	20	32	44	68	77	86	108	106	61.55555555555556
NM_001182675.1	15	29	42	43	66	74	85	97	103	61.55555555555556
NM_001181757.1	13	21	42	56	64	74	70	97	117	61.55555555555556
NM_001183454.1	12	24	41	52	64	71	83	94	114	61.666666666666664
NM_001182251.1	12	22	35	46	54	79	85	99	123	61.666666666666664
NM_001182041.1	9	23	35	54	74	77	82	82	119	61.666666666666664
NM_001178295.1	15	22	37	54	64	61	97	95	111	61.77777777777778
NM_001179640.1	10	22	33	44	65	92	86	99	105	61.77777777777778
NM_001180774.1	13	30	37	45	62	78	76	100	115	61.77777777777778
NM_001182774.1	7	29	43	46	72	64	88	101	107	61.888888888888886
NM_001181959.1	16	24	32	40	70	84	83	100	108	61.888888888888886
NM_001180466.3	14	23	36	57	60	71	92	102	103	62.0
NM_001184176.1	11	20	35	63	71	73	74	96	115	62.0
NM_001180004.3	12	25	32	47	62	70	94	106	110	62.0
NM_001181075.1	15	27	40	52	67	69	82	96	110	62.0
NM_001178787.1	13	31	30	62	63	73	85	97	105	62.111111111111114
NM_001181720.3	13	24	37	46	67	76	82	99	115	62.111111111111114
NM_001182441.1	17	33	24	40	77	73	92	100	104	62.22222222222222
NM_001178524.3	10	22	42	53	76	59	78	110	111	62.333333333333336
NM_001180419.1	16	25	42	50	52	68	98	105	105	62.333333333333336
NM_001182113.1	13	25	33	52	60	80	92	94	113	62.44444444444444
NM_001182250.1	12	27	38	54	59	72	83	112	105	62.44444444444444
NM_001180667.3	16	23	40	55	59	93	93	79	104	62.44444444444444
NM_001178405.1	14	19	33	56	70	88	80	99	103	62.44444444444444
NM_001182411.1	9	23	46	51	58	77	87	116	96	62.55555555555556
NM_001184017.1	12	28	41	50	52	63	83	112	123	62.666666666666664
NM_001179492.3	7	33	31	50	67	60	87	114	116	62.77777777777778
NM_001182403.1	19	25	34	53	56	85	87	90	117	62.888888888888886
NM_001181826.1	13	17	29	57	66	85	79	103	117	62.888888888888886
NM_001180335.1	18	23	33	58	63	77	83	98	113	62.888888888888886
NM_001180842.1	10	26	35	49	65	66	99	103	114	63.0
NM_001183640.3	21	19	39	43	48	81	91	104	121	63.0
NM_001178616.3	12	26	34	55	62	69	92	113	104	63.0
NM_001183529.1	10	21	39	51	73	77	80	91	125	63.0
NM_001183321.1	18	20	33	45	75	63	87	108	119	63.111111111111114
NM_001181081.1	13	27	51	50	65	66	99	89	109	63.22222222222222
NM_001179609.1	16	33	32	46	61	85	77	92	127	63.22222222222222
NM_001178920.3	20	29	42	45	55	71	85	105	118	63.333333333333336
NM_001179942.1	11	27	40	50	67	75	74	110	116	63.333333333333336
NM_001181950.1	11	27	40	48	56	75	99	110	104	63.333333333333336
NM_001181528.1	13	25	46	49	63	81	85	95	113	63.333333333333336
NM_001179941.1	16	24	39	43	68	85	80	93	122	63.333333333333336
NM_001181084.1	11	27	37	50	63	84	91	98	109	63.333333333333336
NM_001183767.3	11	28	28	51	69	80	88	101	115	63.44444444444444
NM_001182649.2	8	26	33	50	66	81	86	106	115	63.44444444444444
NM_001178410.1	15	23	36	57	76	71	96	88	109	63.44444444444444
NM_001183379.2	7	25	37	47	60	79	76	111	129	63.44444444444444
NM_001183343.1	8	28	47	53	66	77	89	98	105	63.44444444444444
NM_001181910.1	15	29	36	40	61	86	93	100	111	63.44444444444444
NM_001182732.1	11	23	39	49	67	87	85	97	113	63.44444444444444
NM_001181366.1	12	24	38	46	63	72	91	94	132	63.55555555555556
NM_001183361.1	22	29	37	51	57	77	93	89	117	63.55555555555556
NM_001179749.1	19	26	44	45	73	78	88	97	102	63.55555555555556
NM_001178674.1	16	24	39	54	69	75	88	101	107	63.666666666666664
NM_001183137.1	13	28	43	39	70	74	93	102	111	63.666666666666664
NM_001180633.1	8	30	29	60	75	72	87	101	112	63.77777777777778
NM_001184255.1	13	25	33	44	64	72	90	110	124	63.888888888888886
NM_001178789.1	16	33	36	43	63	69	98	104	113	63.888888888888886
NM_001183216.1	14	28	33	51	76	77	94	92	110	63.888888888888886
NM_001180537.3	12	31	47	42	63	82	103	90	106	64.0
NM_001181334.3	14	23	40	51	74	70	104	100	100	64.0
NM_001179733.1	10	20	45	59	49	70	95	111	117	64.0
NM_001183532.3	17	22	36	56	67	81	88	103	107	64.11111111111111
NM_001178824.3	14	37	32	60	56	74	94	100	110	64.11111111111111
NM_001182700.1	9	21	37	54	68	87	73	104	124	64.11111111111111
NM_001178630.1	13	29	36	54	64	84	91	92	115	64.22222222222223
NM_001182558.1	11	30	36	53	62	76	93	95	123	64.33333333333333
NM_001179877.1	16	18	40	57	61	80	96	94	117	64.33333333333333
NM_001183534.3	14	27	41	49	59	91	78	103	117	64.33333333333333
NM_001182327.1	11	31	42	47	64	77	105	92	110	64.33333333333333
NM_001180521.1	12	28	35	47	61	67	97	99	133	64.33333333333333
NM_001181269.3	15	22	49	53	71	68	90	94	118	64.44444444444444
NM_001180603.3	13	19	49	60	59	68	85	111	116	64.44444444444444
NM_001181132.1	15	25	40	54	56	82	73	116	119	64.44444444444444
NM_001179444.1	11	28	37	49	60	85	100	91	120	64.55555555555556
NM_001178969.1	7	15	36	63	66	82	82	113	118	64.66666666666667
NM_001179364.3	10	17	39	54	63	80	97	113	109	64.66666666666667
NM_001182464.1	12	26	40	62	69	70	90	107	107	64.77777777777777
NM_001178966.2	8	25	35	48	70	78	96	105	118	64.77777777777777
NM_001181087.1	18	34	45	62	57	79	97	93	98	64.77777777777777
NM_001183884.1	15	36	48	41	73	67	83	106	114	64.77777777777777
NM_001181832.1	12	23	44	55	68	60	97	115	109	64.77777777777777
NM_001179608.3	12	23	37	58	60	80	86	107	121	64.88888888888889
NM_001183707.3	14	29	35	52	77	69	93	101	114	64.88888888888889
NM_001179064.3	9	32	33	46	75	85	94	82	128	64.88888888888889
NM_001180504.3	9	27	39	51	75	77	107	90	110	65.0
NM_001183065.1	18	21	39	51	71	70	82	103	130	65.0
NM_001178352.2	9	20	35	67	72	74	87	102	119	65.0
NM_001182091.1	11	22	31	48	70	80	91	95	137	65.0
NM_001183014.2	15	26	52	43	63	73	84	100	129	65.0
NM_001178602.1	12	29	39	58	64	72	86	97	129	65.11111111111111
NM_001180512.1	14	33	30	56	59	78	98	106	112	65.11111111111111
NM_001184195.1	14	26	32	57	75	65	85	112	120	65.11111111111111
NM_001180637.3	18	21	26	52	72	82	93	101	121	65.11111111111111
NM_001180666.1	14	33	47	55	66	68	86	100	117	65.11111111111111
NM_001180478.1	15	20	38	56	63	70	90	109	125	65.11111111111111
NM_001181939.1	14	33	38	49	58	76	92	108	119	65.22222222222223
NM_001183914.1	17	28	35	54	64	90	77	108	114	65.22222222222223
NM_001180365.3	17	17	44	54	65	71	99	98	123	65.33333333333333
NM_001180160.1	17	21	36	55	57	96	87	109	110	65.33333333333333
NM_001178563.3	9	26	37	47	71	88	106	98	107	65.44444444444444
NM_001179983.1	5	27	44	59	51	87	91	97	128	65.44444444444444
NM_001184279.1	21	25	41	43	63	78	102	104	113	65.55555555555556
NM_001178191.1	15	23	48	62	66	79	90	100	107	65.55555555555556
NM_001180215.1	14	15	37	61	68	65	94	113	124	65.66666666666667
NM_001183402.1	10	27	37	58	56	88	99	97	119	65.66666666666667
NM_001178473.1	10	20	40	63	75	81	82	101	119	65.66666666666667
NM_001179569.3	11	32	47	49	56	64	95	108	130	65.77777777777777
NM_001180984.1	12	29	40	46	57	86	97	110	115	65.77777777777777
NM_001180349.1	11	27	40	62	61	73	89	104	125	65.77777777777777
NM_001179965.1	12	30	49	56	65	87	94	100	100	65.88888888888889
NM_001183495.1	13	28	37	55	58	75	89	122	116	65.88888888888889
NM_001183437.1	11	33	41	58	74	72	86	106	112	65.88888888888889
NM_001183634.1	12	34	38	47	66	84	86	108	119	66.0
NM_001180642.1	14	27	38	47	60	71	101	111	125	66.0
NM_001184522.3	16	22	43	58	66	84	91	103	111	66.0
NM_001179588.1	17	30	35	45	74	84	92	100	117	66.0
NM_001183546.1	13	24	29	63	67	81	98	100	120	66.11111111111111
NM_001179918.1	11	33	38	38	67	81	92	107	128	66.11111111111111
NM_001181995.1	14	22	50	54	59	90	77	109	120	66.11111111111111
NM_001183727.1	13	24	36	46	68	91	87	106	124	66.11111111111111
NM_001181944.1	22	24	38	47	70	71	86	121	116	66.11111111111111
NM_001179051.1	10	30	42	67	68	71	90	103	115	66.22222222222223
NM_001184647.4	18	28	39	62	64	80	91	107	107	66.22222222222223
NM_001179462.3	12	31	52	43	62	67	90	116	123	66.22222222222223
NM_001182450.1	10	23	39	51	71	75	91	108	128	66.22222222222223
NM_001181381.1	12	21	39	59	72	69	92	118	114	66.22222222222223
NM_001181290.3	18	29	36	51	65	81	90	106	122	66.44444444444444
NM_001184134.1	11	25	43	52	79	80	81	102	125	66.44444444444444
NM_001182436.1	15	16	45	57	68	92	91	103	111	66.44444444444444
NM_001181170.3	9	19	37	46	64	78	98	125	123	66.55555555555556
NM_001182574.1	14	29	39	57	77	73	88	101	121	66.55555555555556
NM_001179889.3	18	28	36	65	65	71	91	108	117	66.55555555555556
NM_001179970.1	14	26	46	52	65	84	93	94	126	66.66666666666667
NM_001183060.1	17	31	40	65	63	81	91	107	105	66.66666666666667
NM_001178581.3	9	29	43	47	60	87	92	104	130	66.77777777777777
NM_001182619.1	10	20	36	51	65	96	104	98	121	66.77777777777777
NM_001180638.1	9	27	41	51	70	84	93	122	105	66.88888888888889
NM_001182159.1	23	22	32	56	65	77	97	118	112	66.88888888888889
NM_001180061.3	13	29	39	54	62	90	97	105	113	66.88888888888889
NM_001180975.1	26	34	38	43	70	74	97	105	116	67.0
NM_001182147.1	12	26	39	58	59	90	101	101	117	67.0
NM_001178178.1	11	17	37	50	61	100	91	109	127	67.0
NM_001178950.1	15	28	43	51	77	82	97	89	121	67.0
NM_001182613.1	14	17	54	57	62	81	91	106	121	67.0
NM_001178540.1	12	25	41	47	62	76	104	113	124	67.11111111111111
NM_001182483.1	10	24	44	58	75	87	86	92	128	67.11111111111111
NM_001179318.3	15	24	33	54	70	80	89	109	130	67.11111111111111
NM_001180575.3	17	24	42	42	70	90	88	107	125	67.22222222222223
NM_001182674.1	17	30	57	47	66	66	102	109	111	67.22222222222223
NM_001183498.1	18	26	41	49	73	79	101	102	117	67.33333333333333
NM_001179073.1	12	18	45	55	81	78	95	99	123	67.33333333333333
NM_001182088.1	12	22	39	51	74	75	93	111	129	67.33333333333333
NM_001184453.1	11	26	35	44	76	97	78	114	125	67.33333333333333
NM_001181911.2	11	19	36	57	69	87	95	104	128	67.33333333333333
NM_001181847.1	13	23	41	49	75	86	98	100	122	67.44444444444444
NM_001181991.1	12	26	40	50	72	91	92	105	119	67.44444444444444
NM_001184064.1	14	26	40	57	64	70	93	119	124	67.44444444444444
NM_001183669.1	13	30	39	49	62	78	106	108	123	67.55555555555556
NM_001180684.3	9	23	33	58	58	82	107	121	117	67.55555555555556
NM_001180476.1	17	37	37	55	69	86	86	101	120	67.55555555555556
NM_001183251.1	10	27	33	56	66	85	100	107	125	67.66666666666667
NM_001182004.1	8	27	37	54	82	84	84	121	112	67.66666666666667
NM_001180069.1	15	30	37	58	67	92	95	95	120	67.66666666666667
NM_001182730.1	14	29	44	48	64	77	99	115	119	67.66666666666667
NM_001180527.3	14	29	40	50	60	77	102	120	118	67.77777777777777
NM_001179645.1	7	25	33	44	73	76	104	116	132	67.77777777777777
NM_001183652.1	11	30	29	54	77	86	94	107	123	67.88888888888889
NM_001183512.1	15	25	41	55	60	94	96	105	120	67.88888888888889
NM_001183718.1	21	27	41	53	70	73	96	119	111	67.88888888888889
NM_001181888.1	17	36	43	56	59	85	90	104	122	68.0
NM_001182669.1	19	22	45	55	66	75	83	107	140	68.0
NM_001183111.1	10	25	48	61	74	75	99	107	113	68.0
NM_001184235.1	14	36	42	37	66	87	99	110	122	68.11111111111111
NM_001181059.1	13	22	42	59	73	77	102	101	124	68.11111111111111
NM_001179986.1	11	29	39	59	67	69	101	118	120	68.11111111111111
NM_001180616.3	16	27	45	41	73	81	76	112	142	68.11111111111111
NM_001183078.1	12	29	46	57	75	76	91	106	122	68.22222222222223
NM_001178221.1	10	27	38	64	61	90	98	119	108	68.33333333333333
NM_001178770.1	11	39	45	50	56	87	101	106	120	68.33333333333333
NM_001180469.3	17	28	38	66	79	70	91	114	113	68.44444444444444
NM_001180376.3	14	32	40	46	72	74	98	115	126	68.55555555555556
NM_001184219.1	11	30	37	53	67	91	96	115	117	68.55555555555556
NM_001179441.3	10	22	26	57	73	86	103	114	126	68.55555555555556
NM_001183827.1	18	23	46	60	63	69	95	112	131	68.55555555555556
NM_001178248.2	14	36	42	54	71	74	100	109	117	68.55555555555556
NM_001182734.1	13	23	39	57	74	89	92	105	125	68.55555555555556
NM_001179275.1	12	28	38	55	71	88	86	107	133	68.66666666666667
NM_001181088.1	9	15	39	52	76	97	96	101	133	68.66666666666667
NM_001183815.1	15	23	47	56	68	85	102	102	120	68.66666666666667
NM_001182325.3	11	30	47	58	72	85	85	116	114	68.66666666666667
NM_001183574.3	11	27	44	60	69	91	92	114	110	68.66666666666667
NM_001183214.3	11	25	42	59	52	85	115	106	124	68.77777777777777
NM_001178338.1	11	30	34	53	68	84	96	108	135	68.77777777777777
NM_001182762.1	17	27	35	52	64	84	94	119	128	68.88888888888889
NM_001179415.3	11	37	46	54	68	83	103	97	121	68.88888888888889
NM_001180007.1	15	17	38	56	79	82	95	119	120	69.0
NM_001180535.1	11	28	35	57	74	78	103	103	132	69.0
NM_001178376.1	20	24	34	46	68	90	96	118	125	69.0
NM_001180136.1	11	27	43	42	70	80	104	113	131	69.0
NM_001182694.1	15	26	47	66	70	76	96	99	126	69.0
NM_001180998.1	14	19	30	63	67	86	100	127	115	69.0
NM_001179625.1	18	23	46	58	72	91	80	112	122	69.11111111111111
NM_001180901.1	11	28	50	73	66	79	91	111	114	69.22222222222223
NM_001180749.3	18	17	38	55	69	81	112	106	127	69.22222222222223
NM_001178904.3	12	31	33	59	64	80	99	118	127	69.22222222222223
NM_001184261.1	11	27	47	63	80	78	102	99	116	69.22222222222223
NM_001181627.1	17	30	39	51	68	84	91	119	125	69.33333333333333
NM_001180820.3	20	33	51	59	77	81	83	109	111	69.33333333333333
NM_001179323.1	17	26	43	56	65	85	101	110	121	69.33333333333333
NM_001183265.1	17	29	45	63	63	91	88	104	124	69.33333333333333
NM_001182939.1	18	25	35	50	73	84	105	103	131	69.33333333333333
NM_001179292.1	16	24	41	63	68	80	88	122	122	69.33333333333333
NM_001178687.1	16	24	45	54	75	88	101	101	121	69.44444444444444
NM_001183272.1	18	24	54	46	66	85	91	115	126	69.44444444444444
NM_001184336.1	22	29	28	53	78	82	93	124	117	69.55555555555556
NM_001180718.1	13	26	38	59	75	66	102	113	136	69.77777777777777
NM_001180951.3	9	26	42	59	64	99	86	119	124	69.77777777777777
NM_001183638.3	17	31	41	58	68	83	99	107	125	69.88888888888889
NM_001179886.1	7	35	43	55	68	85	97	107	133	70.0
NM_001180102.1	13	27	39	55	74	79	98	123	122	70.0
NM_001181025.1	9	25	45	52	67	93	106	114	119	70.0
NM_001182396.1	17	32	47	60	69	78	91	110	127	70.11111111111111
NM_001183031.2	17	31	45	55	58	92	93	114	126	70.11111111111111
NM_001183129.1	13	36	44	45	84	83	90	106	130	70.11111111111111
NM_001181506.3	11	34	33	53	71	92	89	109	139	70.11111111111111
NM_001181852.1	22	29	42	63	69	75	95	110	127	70.22222222222223
NM_001183317.1	16	30	36	55	74	87	106	113	115	70.22222222222223
NM_001178608.1	15	33	54	49	81	86	94	108	112	70.22222222222223
NM_001181178.1	11	29	43	57	66	91	89	106	140	70.22222222222223
NM_001178403.1	12	29	51	50	79	78	101	106	127	70.33333333333333
NM_001180239.1	27	28	33	62	58	86	93	117	129	70.33333333333333
NM_001181346.3	18	26	54	52	75	81	92	116	120	70.44444444444444
NM_001178699.1	11	39	34	51	83	79	95	120	122	70.44444444444444
NM_001179400.3	8	33	42	60	70	93	103	102	123	70.44444444444444
NM_001178562.1	7	34	36	53	79	91	92	116	126	70.44444444444444
NM_001183211.3	14	24	49	49	59	81	108	124	128	70.66666666666667
NM_001181881.1	16	35	56	66	67	71	98	119	108	70.66666666666667
NM_001180736.3	14	26	45	41	77	93	94	121	126	70.77777777777777
NM_001178619.3	13	37	36	62	85	89	94	108	113	70.77777777777777
NM_001180915.3	13	23	45	68	76	77	103	106	126	70.77777777777777
NM_001184153.1	6	23	44	57	71	82	100	127	128	70.88888888888889
NM_001179059.1	11	25	49	57	60	86	97	114	139	70.88888888888889
NM_001182201.1	11	28	45	53	75	80	106	112	128	70.88888888888889
NM_001182845.3	12	36	52	58	78	97	85	108	112	70.88888888888889
NM_001183311.1	22	35	48	61	73	73	98	94	134	70.88888888888889
NM_001182635.1	16	23	53	62	53	78	101	120	132	70.88888888888889
NM_001182003.1	13	33	45	53	70	85	96	113	130	70.88888888888889
NM_001182478.1	17	27	43	52	70	92	111	104	122	70.88888888888889
NM_001179216.1	11	38	38	54	76	90	96	108	127	70.88888888888889
NM_001182725.1	17	29	32	61	74	89	90	111	136	71.0
NM_001184201.1	12	23	30	57	72	87	97	121	140	71.0
NM_001178349.1	16	33	37	56	65	88	103	115	126	71.0
NM_001182967.1	19	23	48	48	84	78	97	119	124	71.11111111111111
NM_001181671.1	9	26	45	56	63	82	107	116	137	71.22222222222223
NM_001178905.1	14	32	36	64	66	102	91	119	117	71.22222222222223
NM_001182330.3	19	30	40	60	68	99	104	112	109	71.22222222222223
NM_001181131.1	14	26	38	58	71	84	96	123	131	71.22222222222223
NM_001182957.3	16	33	36	61	70	88	103	104	131	71.33333333333333
NM_001182419.1	10	27	37	54	81	82	105	121	125	71.33333333333333
NM_001180483.3	21	29	39	55	70	85	101	118	124	71.33333333333333
NM_001178798.1	13	26	42	50	72	89	100	114	136	71.33333333333333
NM_001183766.1	13	27	39	52	69	91	96	114	141	71.33333333333333
NM_001180263.1	9	34	38	63	68	93	88	117	132	71.33333333333333
NM_001182018.1	16	20	36	65	81	95	98	113	119	71.44444444444444
NM_001184272.1	12	22	52	57	54	86	104	119	137	71.44444444444444
NM_001183485.1	18	27	48	63	78	83	92	111	124	71.55555555555556
NM_001181792.3	16	28	50	51	81	87	103	114	114	71.55555555555556
NM_001181465.1	25	32	46	50	72	85	104	114	117	71.66666666666667
NM_001183029.1	11	29	36	45	80	88	101	123	132	71.66666666666667
NM_001179842.1	16	24	52	66	63	84	111	107	122	71.66666666666667
NM_001179617.1	19	28	49	51	70	89	96	123	120	71.66666666666667
NM_001184084.1	11	19	44	47	78	93	101	120	133	71.77777777777777
NM_001180732.1	15	22	52	53	62	93	102	115	132	71.77777777777777
NM_001179502.3	13	27	45	55	74	73	97	120	142	71.77777777777777
NM_001180077.1	26	23	39	60	69	80	100	111	139	71.88888888888889
NM_001181426.1	16	31	44	46	71	96	106	124	114	72.0
NM_001184268.1	20	30	46	66	78	77	95	106	130	72.0
NM_001182661.1	13	37	51	61	73	87	83	121	122	72.0
NM_001183406.1	15	26	46	71	73	79	100	117	122	72.11111111111111
NM_001182964.1	15	28	43	68	77	93	105	102	119	72.22222222222223
NM_001178804.1	14	26	45	62	86	83	97	110	127	72.22222222222223
NM_001181515.1	17	30	42	64	66	90	102	113	126	72.22222222222223
NM_001178868.3	11	29	41	50	98	84	103	120	115	72.33333333333333
NM_001179523.1	17	23	39	51	76	87	95	127	136	72.33333333333333
NM_001179658.1	12	24	50	44	70	96	100	125	130	72.33333333333333
NM_001183750.1	17	29	42	56	65	92	108	113	130	72.44444444444444
NM_001183341.1	15	24	35	56	68	97	106	109	142	72.44444444444444
NM_001183610.1	19	33	44	49	58	81	116	117	136	72.55555555555556
NM_001178620.3	15	27	49	62	67	93	98	111	131	72.55555555555556
NM_001180513.3	13	30	33	63	83	84	105	111	131	72.55555555555556
NM_001182187.1	9	25	56	63	74	89	101	118	119	72.66666666666667
NM_001180525.1	7	23	32	67	78	98	107	103	140	72.77777777777777
NM_001179990.1	19	30	37	64	72	81	94	126	132	72.77777777777777
NM_001184203.1	13	33	46	52	74	80	109	117	132	72.88888888888889
NM_001181237.1	12	37	39	56	71	88	115	115	123	72.88888888888889
NM_001181829.1	16	38	51	54	81	81	84	118	133	72.88888888888889
NM_001181771.1	18	32	44	63	86	85	95	121	113	73.0
NM_001183720.3	11	37	39	44	78	89	120	122	117	73.0
NM_001181213.3	13	25	50	62	82	84	94	111	137	73.11111111111111
NM_001182995.1	15	23	45	57	67	100	103	112	136	73.11111111111111
NM_001180660.1	14	25	51	61	82	85	105	102	133	73.11111111111111
NM_001182746.1	16	19	53	67	74	94	97	117	122	73.22222222222223
NM_001178859.1	12	25	49	57	67	81	117	129	122	73.22222222222223
NM_001182471.1	14	32	47	58	78	91	96	122	121	73.22222222222223
NM_001179184.1	22	27	26	74	73	85	105	117	130	73.22222222222223
NM_001180113.1	17	23	43	51	75	92	105	119	135	73.33333333333333
NM_001181325.1	11	37	36	45	86	89	115	101	140	73.33333333333333
NM_001178617.1	10	26	40	64	78	91	95	124	133	73.44444444444444
NM_001182456.1	7	31	37	62	83	96	103	107	135	73.44444444444444
NM_001181061.1	17	30	42	58	68	78	99	129	141	73.55555555555556
NM_001183395.2	20	32	33	64	81	87	95	125	125	73.55555555555556
NM_001181141.1	8	22	53	59	66	84	103	128	139	73.55555555555556
NM_001182920.3	10	27	52	52	78	92	105	113	134	73.66666666666667
NM_001184022.1	15	30	47	74	61	88	95	123	131	73.77777777777777
NM_001178871.3	19	30	46	59	75	87	100	116	132	73.77777777777777
NM_001179736.1	19	29	51	63	69	85	96	122	130	73.77777777777777
NM_001181312.1	21	28	53	66	66	79	110	105	137	73.88888888888889
NM_001181271.3	13	29	40	59	83	81	105	124	131	73.88888888888889
NM_001181006.1	16	36	48	64	73	76	91	127	134	73.88888888888889
NM_001183550.1	15	26	50	56	72	86	106	124	130	73.88888888888889
NM_001179705.1	8	29	47	67	76	92	82	128	136	73.88888888888889
NM_001178408.1	14	25	45	65	82	96	103	109	126	73.88888888888889
NM_001181527.1	13	27	43	68	67	93	108	112	135	74.0
NM_001183148.1	13	25	36	70	77	85	102	113	145	74.0
NM_001178923.3	15	32	47	56	76	88	110	121	123	74.22222222222223
NM_001184441.1	13	29	47	49	76	105	99	121	130	74.33333333333333
NM_001184317.1	7	29	47	59	78	76	98	134	141	74.33333333333333
NM_001182631.1	13	29	39	72	74	88	106	113	135	74.33333333333333
NM_001180823.3	8	29	44	67	65	94	110	129	124	74.44444444444444
NM_001182324.1	12	31	57	54	67	90	106	118	135	74.44444444444444
NM_001179704.1	14	26	37	53	68	95	102	131	145	74.55555555555556
NM_001179240.1	9	32	39	70	73	91	101	119	138	74.66666666666667
NM_001183084.1	11	32	45	54	84	75	103	126	142	74.66666666666667
NM_001178278.1	16	32	43	62	79	91	97	126	126	74.66666666666667
NM_001182310.1	14	22	53	63	97	93	92	114	125	74.77777777777777
NM_001183569.1	13	35	48	57	70	92	97	123	138	74.77777777777777
NM_001180277.1	9	34	36	59	76	83	125	115	136	74.77777777777777
NM_001181285.1	15	27	50	56	67	84	114	134	126	74.77777777777777
NM_001183477.1	21	21	55	59	91	73	116	118	119	74.77777777777777
NM_001182213.1	16	32	54	48	77	81	110	121	135	74.88888888888889
NM_001184059.1	18	21	40	62	75	91	96	128	143	74.88888888888889
NM_001178768.1	17	32	40	57	79	96	94	127	134	75.11111111111111
NM_001183121.1	20	26	41	52	73	93	109	133	129	75.11111111111111
NM_001178425.3	10	23	49	60	71	87	116	120	140	75.11111111111111
NM_001181224.1	12	23	47	74	77	96	112	109	127	75.22222222222223
NM_001179968.1	12	35	41	65	74	92	103	137	118	75.22222222222223
NM_001182879.3	22	32	46	47	68	76	124	112	150	75.22222222222223
NM_001183218.3	22	23	43	74	87	80	102	122	126	75.44444444444444
NM_001178994.3	26	25	46	58	75	94	112	112	131	75.44444444444444
NM_001181750.1	14	28	46	68	77	86	109	118	133	75.44444444444444
NM_001182615.1	19	26	40	51	70	80	126	140	127	75.44444444444444
NM_001183871.1	17	40	53	55	81	92	102	112	128	75.55555555555556
NM_001178881.2	15	32	41	65	62	92	116	120	138	75.66666666666667
NM_001184486.1	17	25	48	66	73	90	97	128	139	75.88888888888889
NM_001182642.1	16	23	49	60	64	98	105	133	135	75.88888888888889
NM_001180101.1	18	34	47	67	71	88	104	110	144	75.88888888888889
NM_001183869.1	16	27	46	68	70	109	101	111	136	76.0
NM_001182343.3	16	40	47	66	67	89	95	135	129	76.0
NM_001179932.2	13	33	48	69	72	87	102	112	148	76.0
NM_001182847.2	14	36	42	72	82	98	101	117	122	76.0
NM_001181384.1	16	36	40	64	73	95	97	114	150	76.11111111111111
NM_001179545.3	10	25	49	54	81	103	105	135	123	76.11111111111111
NM_001182385.1	11	36	46	60	78	93	105	123	133	76.11111111111111
NM_001183053.1	21	29	38	58	85	91	117	110	136	76.11111111111111
NM_001180488.3	23	35	37	66	79	92	99	121	134	76.22222222222223
NM_001178351.1	12	40	37	47	92	88	101	123	146	76.22222222222223
NM_001184236.1	10	33	40	62	85	98	110	125	123	76.22222222222223
NM_001180780.3	10	34	55	65	64	89	114	123	132	76.22222222222223
NM_001181477.3	19	38	47	61	66	87	102	129	138	76.33333333333333
NM_001184068.1	17	36	56	54	81	91	103	116	135	76.55555555555556
NM_001181759.1	16	25	44	60	75	80	102	143	144	76.55555555555556
NM_001183655.1	12	28	46	71	85	87	88	134	138	76.55555555555556
NM_001181907.1	12	25	46	60	81	91	96	132	147	76.66666666666667
NM_001184455.1	24	28	35	62	79	98	98	127	139	76.66666666666667
NM_001183577.1	17	31	51	71	74	85	111	126	124	76.66666666666667
NM_001180858.1	22	27	48	58	94	98	107	120	116	76.66666666666667
NM_001179354.3	20	26	43	59	83	91	114	112	142	76.66666666666667
NM_001178456.2	11	33	48	58	67	100	103	134	138	76.88888888888889
NM_001184016.1	17	31	38	57	87	95	110	120	137	76.88888888888889
NM_001183557.1	18	33	40	59	76	84	118	127	137	76.88888888888889
NM_001183706.1	18	22	41	69	72	102	103	124	141	76.88888888888889
NM_001182938.1	17	34	44	57	71	87	110	124	148	76.88888888888889
NM_001182002.1	15	24	46	59	77	83	126	123	140	77.0
NM_001181403.2	9	33	32	74	75	89	104	146	131	77.0
NM_001180960.3	17	36	39	58	80	84	115	114	151	77.11111111111111
NM_001183188.1	23	35	38	65	71	102	113	114	133	77.11111111111111
NM_001181415.1	18	24	49	57	67	94	129	119	138	77.22222222222223
NM_001178671.1	9	37	44	57	67	111	104	119	147	77.22222222222223
NM_001179009.1	18	29	37	64	67	107	107	119	147	77.22222222222223
NM_001180619.3	19	25	29	58	89	103	107	120	145	77.22222222222223
NM_001184414.1	13	27	48	69	76	91	104	132	135	77.22222222222223
NM_001179024.1	19	33	47	68	74	82	113	120	140	77.33333333333333
NM_001181738.1	10	30	50	47	72	95	113	140	140	77.44444444444444
NM_001182252.3	17	34	39	54	75	87	111	121	160	77.55555555555556
NM_001178678.1	15	21	50	57	75	89	118	127	146	77.55555555555556
NM_001183103.1	18	24	35	64	77	88	118	138	137	77.66666666666667
NM_001181861.1	10	32	43	52	87	82	103	137	153	77.66666666666667
NM_001181463.1	15	31	54	62	76	102	109	111	140	77.77777777777777
NM_001183787.3	14	28	55	57	75	90	105	125	151	77.77777777777777
NM_001178983.3	17	35	47	61	83	92	105	121	139	77.77777777777777
NM_001181229.1	15	30	50	49	91	89	118	114	145	77.88888888888889
NM_001183930.1	14	27	44	64	76	91	114	132	139	77.88888888888889
NM_001184273.1	14	27	46	62	84	89	115	119	145	77.88888888888889
NM_001180204.1	23	42	37	58	71	92	112	127	140	78.0
NM_001179819.3	12	29	45	63	86	98	102	127	141	78.11111111111111
NM_001181589.1	18	25	54	60	83	106	92	118	147	78.11111111111111
NM_001180570.3	19	36	48	63	72	105	94	122	144	78.11111111111111
NM_001181294.1	11	23	52	72	87	92	101	125	140	78.11111111111111
NM_001181637.1	12	32	46	61	81	107	109	128	128	78.22222222222223
NM_001180369.3	18	28	45	61	68	84	113	137	150	78.22222222222223
NM_001178743.1	17	35	40	77	62	91	110	140	132	78.22222222222223
NM_001180530.1	11	38	47	61	80	106	103	118	141	78.33333333333333
NM_001178153.1	20	26	45	68	78	110	110	113	136	78.44444444444444
NM_001182258.1	15	33	50	67	69	101	108	125	139	78.55555555555556
NM_001180389.1	25	30	45	62	86	89	107	116	148	78.66666666666667
NM_001181691.3	8	38	43	60	80	89	112	137	142	78.77777777777777
NM_001181641.1	17	32	60	59	84	93	99	131	134	78.77777777777777
NM_001180421.3	17	40	51	50	74	91	94	134	158	78.77777777777777
NM_001179607.1	7	26	54	76	86	86	112	126	136	78.77777777777777
NM_001183356.1	16	30	42	64	76	102	111	127	141	78.77777777777777
NM_001180115.1	20	31	46	73	88	103	110	114	124	78.77777777777777
NM_001183987.1	19	32	46	59	70	95	112	130	146	78.77777777777777
NM_001183793.3	17	26	51	73	68	89	113	125	148	78.88888888888889
NM_001180342.3	17	38	44	64	83	90	107	116	151	78.88888888888889
NM_001180500.3	14	37	47	64	63	90	118	127	150	78.88888888888889
NM_001182910.1	18	32	44	63	79	95	107	132	140	78.88888888888889
NM_001183390.1	16	31	50	58	79	95	108	117	156	78.88888888888889
NM_001181458.3	18	40	49	54	91	86	111	113	149	79.0
NM_001181270.1	22	38	45	55	77	103	101	127	143	79.0
NM_001179190.1	13	24	46	58	90	89	118	131	143	79.11111111111111
NM_001180802.3	7	25	51	64	74	99	114	138	140	79.11111111111111
NM_001179187.1	17	24	45	61	80	96	113	124	153	79.22222222222223
NM_001179101.1	13	27	42	64	85	91	112	128	151	79.22222222222223
NM_001183699.1	10	26	49	70	80	81	119	139	139	79.22222222222223
NM_001181344.3	20	34	48	58	80	105	98	123	148	79.33333333333333
NM_001181203.3	16	35	49	53	77	87	115	127	155	79.33333333333333
NM_001181406.3	22	22	52	82	74	93	111	119	139	79.33333333333333
NM_001178527.1	17	32	50	66	71	103	99	131	147	79.55555555555556
NM_001183199.1	14	31	47	56	73	102	113	137	144	79.66666666666667
NM_001181731.1	10	27	43	63	78	88	126	129	153	79.66666666666667
NM_001178876.1	19	34	46	57	66	115	110	135	135	79.66666666666667
NM_001181218.1	18	38	39	55	83	95	115	136	138	79.66666666666667
NM_001180948.1	18	31	57	57	81	100	94	145	135	79.77777777777777
NM_001178258.1	19	36	55	63	80	85	108	126	146	79.77777777777777
NM_001180770.1	12	31	47	63	79	94	119	135	139	79.88888888888889
NM_001181158.3	19	35	39	72	83	97	111	125	138	79.88888888888889
NM_001178941.3	19	27	47	59	75	97	107	135	153	79.88888888888889
NM_001179593.1	25	35	42	64	90	98	99	121	145	79.88888888888889
NM_001182430.1	18	27	53	56	79	77	121	151	138	80.0
NM_001182447.1	14	35	45	53	87	96	107	138	145	80.0
NM_001179057.3	14	30	56	75	78	96	105	121	145	80.0
NM_001180938.3	18	38	47	66	90	94	88	125	154	80.0
NM_001179557.3	13	31	44	71	83	96	117	129	136	80.0
NM_001183901.1	19	31	41	82	90	87	119	120	131	80.0
NM_001180888.3	15	29	48	73	84	91	93	140	148	80.11111111111111
NM_001183110.1	13	34	51	51	65	110	119	126	152	80.11111111111111
NM_001181226.1	14	34	45	70	80	106	102	126	144	80.11111111111111
NM_001182383.1	16	37	46	72	80	94	116	124	137	80.22222222222223
NM_001181529.1	20	26	52	61	81	84	124	130	145	80.33333333333333
NM_001182068.1	10	31	42	63	88	94	123	134	138	80.33333333333333
NM_001180515.1	23	32	45	72	79	83	114	117	158	80.33333333333333
NM_001183270.1	16	40	40	55	77	107	114	128	147	80.44444444444444
NM_001178148.1	13	34	48	61	79	107	117	136	130	80.55555555555556
NM_001180165.1	18	33	56	69	84	96	116	113	141	80.66666666666667
NM_001179613.1	17	30	46	80	76	95	124	124	134	80.66666666666667
NM_001183681.1	17	31	53	63	75	102	109	140	137	80.77777777777777
NM_001182795.1	15	39	50	57	75	94	110	124	164	80.88888888888889
NM_001180981.1	22	31	43	63	90	103	107	125	145	81.0
NM_001184228.1	16	25	58	62	78	99	116	122	153	81.0
NM_001180003.1	12	43	53	54	85	103	113	126	140	81.0
NM_001182953.1	13	35	37	68	85	89	127	129	147	81.11111111111111
NM_001182134.1	14	31	44	70	74	92	102	132	171	81.11111111111111
NM_001179460.1	16	30	48	60	66	113	125	127	145	81.11111111111111
NM_001182698.1	19	31	37	74	75	100	122	136	137	81.22222222222223
NM_001182666.1	16	30	52	73	92	93	101	130	144	81.22222222222223
NM_001179438.1	17	23	47	70	69	109	122	131	143	81.22222222222223
NM_001183994.1	15	23	48	75	87	91	112	125	155	81.22222222222223
NM_001179465.1	18	35	46	62	96	101	110	129	136	81.44444444444444
NM_001179173.1	16	32	53	65	80	93	112	131	151	81.44444444444444
NM_001182475.1	21	26	54	69	76	98	119	126	145	81.55555555555556
NM_001181906.1	12	41	46	75	84	85	107	145	140	81.66666666666667
NM_001181074.1	15	33	45	71	83	96	111	119	162	81.66666666666667
NM_001179042.3	13	30	48	74	77	107	119	120	147	81.66666666666667
NM_001181798.1	13	31	56	62	84	98	118	134	140	81.77777777777777
NM_001180424.1	25	28	43	55	101	118	116	119	131	81.77777777777777
NM_001180552.1	12	33	59	74	81	88	110	141	138	81.77777777777777
NM_001183484.1	20	35	37	60	80	95	126	129	154	81.77777777777777
NM_001178590.1	13	36	57	73	91	93	111	111	151	81.77777777777777
NM_001183401.1	13	35	65	51	88	98	109	120	157	81.77777777777777
NM_001183011.1	9	33	56	66	90	110	92	136	145	81.88888888888889
NM_001178246.1	14	24	58	74	76	97	109	133	152	81.88888888888889
NM_001179136.1	15	32	58	57	84	101	94	130	166	81.88888888888889
NM_001178481.1	17	40	44	80	77	85	125	123	147	82.0
NM_001179213.1	15	30	55	66	75	110	109	132	146	82.0
NM_001181272.3	10	28	47	82	79	104	103	137	148	82.0
NM_001179418.1	20	23	45	65	91	106	103	140	147	82.22222222222223
NM_001179454.1	11	31	42	55	83	105	116	128	169	82.22222222222223
NM_001179452.3	11	41	50	65	76	104	120	136	139	82.44444444444444
NM_001183062.1	20	34	52	60	84	100	117	125	150	82.44444444444444
NM_001182208.1	18	50	50	59	76	103	113	130	143	82.44444444444444
NM_001184105.1	17	32	46	66	83	108	120	124	146	82.44444444444444
NM_001183116.1	15	32	58	70	92	100	115	121	140	82.55555555555556
NM_001181871.1	22	35	50	69	80	91	111	132	154	82.66666666666667
NM_001181292.3	15	31	45	56	88	101	115	138	156	82.77777777777777
NM_001178583.3	17	39	38	71	89	105	108	132	146	82.77777777777777
NM_001181275.3	12	36	45	52	82	111	121	136	151	82.88888888888889
NM_001179530.1	13	37	45	58	79	121	114	126	153	82.88888888888889
NM_001180445.1	19	36	55	63	93	103	106	136	135	82.88888888888889
NM_001184395.1	16	29	52	69	84	104	112	133	148	83.0
NM_001184304.1	18	34	50	68	82	88	115	137	155	83.0
NM_001180925.1	13	37	44	72	86	88	123	122	164	83.22222222222223
NM_001178255.1	19	34	50	61	90	115	116	135	129	83.22222222222223
NM_001179920.1	19	28	43	70	96	88	116	147	143	83.33333333333333
NM_001181926.1	17	43	42	61	77	99	116	137	158	83.33333333333333
NM_001180503.3	16	31	55	65	99	95	117	117	155	83.33333333333333
NM_001178858.3	16	31	50	68	72	110	118	134	152	83.44444444444444
NM_001181634.1	15	37	42	63	90	117	115	121	151	83.44444444444444
NM_001178341.1	15	46	50	57	81	90	127	133	153	83.55555555555556
NM_001180262.1	18	36	42	66	87	102	111	129	161	83.55555555555556
NM_001183779.3	23	32	43	73	93	87	121	140	140	83.55555555555556
NM_001183442.1	14	23	47	68	90	103	109	160	138	83.55555555555556
NM_001181517.1	14	26	52	74	93	93	121	124	156	83.66666666666667
NM_001182625.1	15	40	48	84	77	90	115	135	149	83.66666666666667
NM_001179390.1	11	37	38	86	98	81	116	138	149	83.77777777777777
NM_001180429.3	14	39	50	66	68	104	132	138	143	83.77777777777777
NM_001182379.1	13	22	45	73	84	101	115	141	160	83.77777777777777
NM_001182954.3	10	26	57	60	69	112	119	140	161	83.77777777777777
NM_001180415.1	15	35	49	55	87	105	120	132	157	83.88888888888889
NM_001180014.3	17	41	47	66	84	94	115	147	144	83.88888888888889
NM_001183749.3	15	37	53	59	93	96	116	138	148	83.88888888888889
NM_001180871.1	19	34	53	61	87	102	121	132	146	83.88888888888889
NM_001178867.1	16	39	43	70	96	97	119	138	138	84.0
NM_001182262.1	14	33	50	72	74	101	111	145	156	84.0
NM_001181543.1	14	37	53	63	83	103	105	151	147	84.0
NM_001184119.1	15	36	48	72	84	109	106	142	145	84.11111111111111
NM_001180536.3	17	31	50	70	68	109	116	143	154	84.22222222222223
NM_001180547.1	25	34	52	56	96	99	115	144	137	84.22222222222223
NM_001179984.2	15	45	47	65	82	101	112	134	157	84.22222222222223
NM_001182928.3	15	19	57	72	87	120	120	124	144	84.22222222222223
NM_001178599.3	17	28	56	66	67	100	120	140	164	84.22222222222223
NM_001181276.3	24	22	62	70	87	102	116	130	146	84.33333333333333
NM_001179844.1	14	43	48	66	90	102	114	137	146	84.44444444444444
NM_001179047.1	11	37	61	81	80	98	119	124	149	84.44444444444444
NM_001180492.1	13	35	54	67	94	100	117	124	157	84.55555555555556
NM_001180423.1	16	36	47	60	84	91	145	134	148	84.55555555555556
NM_001181470.1	21	34	51	60	91	105	123	132	146	84.77777777777777
NM_001183676.3	18	44	51	79	77	99	104	131	160	84.77777777777777
NM_001181121.1	20	36	43	65	83	105	123	138	152	85.0
NM_001179366.1	10	27	60	55	79	106	107	146	175	85.0
NM_001183290.1	16	33	59	66	90	109	107	128	158	85.11111111111111
NM_001181391.1	20	38	52	61	81	114	124	126	150	85.11111111111111
NM_001182145.1	22	43	40	61	90	92	109	143	166	85.11111111111111
NM_001181662.3	21	41	55	70	80	92	110	135	163	85.22222222222223
NM_001178704.1	15	30	46	67	79	102	136	142	151	85.33333333333333
NM_001179869.1	11	36	59	74	79	95	108	148	158	85.33333333333333
NM_001181856.1	21	23	48	57	93	108	120	142	156	85.33333333333333
NM_001183995.1	11	36	53	70	91	96	115	130	166	85.33333333333333
NM_001179533.1	20	35	48	80	86	100	123	126	150	85.33333333333333
NM_001183044.1	20	34	47	59	89	105	120	140	154	85.33333333333333
NM_001183334.1	16	27	53	68	96	112	129	125	143	85.44444444444444
NM_001178568.3	13	40	50	69	84	98	128	146	141	85.44444444444444
NM_001182602.1	23	33	45	63	87	115	108	155	141	85.55555555555556
NM_001181660.1	26	44	56	67	75	100	115	131	156	85.55555555555556
NM_001182440.1	12	26	54	70	94	104	122	130	159	85.66666666666667
NM_001180894.1	23	31	42	71	84	100	119	136	165	85.66666666666667
NM_001182893.3	22	26	50	83	69	108	116	145	152	85.66666666666667
NM_001182164.1	20	42	52	71	74	107	118	130	158	85.77777777777777
NM_001181246.3	20	39	50	64	81	102	127	130	160	85.88888888888889
NM_001178760.1	22	29	42	72	83	93	115	145	172	85.88888888888889
NM_001179875.1	18	45	59	66	84	102	121	128	150	85.88888888888889
NM_001182866.1	9	35	45	65	85	107	114	140	174	86.0
NM_001180597.1	22	41	42	78	78	106	134	131	142	86.0
NM_001182013.1	17	34	55	66	78	110	119	135	160	86.0
NM_001179820.1	16	39	53	78	89	93	135	118	154	86.11111111111111
NM_001178556.1	13	35	52	67	87	107	108	139	167	86.11111111111111
NM_001180360.3	17	34	46	69	84	99	116	160	151	86.22222222222223
NM_001179215.1	21	33	49	63	95	96	123	130	166	86.22222222222223
NM_001178195.2	19	42	50	67	79	107	119	132	163	86.44444444444444
NM_001179801.1	15	42	56	72	84	91	119	142	157	86.44444444444444
NM_001179703.1	16	33	54	73	94	90	122	129	168	86.55555555555556
NM_001178564.3	23	37	47	61	93	111	125	135	147	86.55555555555556
NM_001183357.1	19	42	52	60	94	109	128	130	146	86.66666666666667
NM_001179585.3	17	50	45	63	94	103	119	134	156	86.77777777777777
NM_001180959.1	12	31	53	72	89	105	107	146	167	86.88888888888889
NM_001181496.1	22	41	50	82	87	102	123	126	149	86.88888888888889
NM_001184521.1	18	30	59	62	88	94	129	147	155	86.88888888888889
NM_001180545.3	17	37	59	70	96	98	120	137	148	86.88888888888889
NM_001183639.1	23	29	50	67	92	107	133	131	151	87.0
NM_001178910.1	24	33	57	62	76	92	123	146	170	87.0
NM_001182387.1	16	25	46	68	97	98	141	141	152	87.11111111111111
NM_001182057.1	15	30	48	75	90	103	108	142	173	87.11111111111111
NM_001179611.1	7	39	43	84	85	110	108	147	161	87.11111111111111
NM_001178260.1	17	27	58	78	86	111	132	126	150	87.22222222222223
NM_001182690.1	16	38	45	77	102	101	134	123	149	87.22222222222223
NM_001181617.1	15	36	66	57	103	116	123	119	151	87.33333333333333
NM_001180471.1	13	29	50	63	84	117	113	144	173	87.33333333333333
NM_001181704.1	18	32	51	71	84	120	130	133	147	87.33333333333333
NM_001182413.1	19	33	50	69	103	115	121	128	149	87.44444444444444
NM_001182811.1	16	37	42	77	82	110	117	140	166	87.44444444444444
NM_001179049.3	17	38	55	71	78	95	112	148	173	87.44444444444444
NM_001178419.3	13	35	58	74	82	117	132	130	146	87.44444444444444
NM_001178839.3	14	38	56	58	92	112	120	141	157	87.55555555555556
NM_001181445.2	15	33	56	72	84	116	122	138	152	87.55555555555556
NM_001182916.3	23	39	52	79	87	103	110	137	158	87.55555555555556
NM_001181965.1	21	39	53	75	86	100	124	137	153	87.55555555555556
NM_001181412.3	13	47	45	56	92	116	127	145	147	87.55555555555556
NM_001179003.3	16	39	64	71	81	109	122	141	146	87.66666666666667
NM_001179931.1	5	42	61	71	108	96	124	133	149	87.66666666666667
NM_001181438.1	25	26	67	66	82	111	121	127	165	87.77777777777777
NM_001182099.1	22	31	37	80	85	106	124	145	160	87.77777777777777
NM_001183037.1	28	42	57	65	93	115	110	134	147	87.88888888888889
NM_001178913.1	16	31	56	90	94	92	107	142	164	88.0
NM_001180715.1	13	35	52	69	85	111	129	144	154	88.0
NM_001183444.1	24	33	44	80	77	103	116	151	164	88.0
NM_001180064.3	15	38	46	78	96	113	135	123	149	88.11111111111111
NM_001179232.1	15	43	60	66	83	121	118	123	164	88.11111111111111
NM_001179453.1	20	30	52	74	87	103	120	142	167	88.33333333333333
NM_001178741.1	14	37	51	75	87	99	123	134	175	88.33333333333333
NM_001180931.1	22	38	58	59	81	120	114	131	172	88.33333333333333
NM_001184172.1	13	31	58	70	92	99	127	136	170	88.44444444444444
NM_001183500.1	14	39	44	69	85	111	125	137	172	88.44444444444444
NM_001183635.3	18	36	53	77	94	114	121	128	155	88.44444444444444
NM_001182315.3	20	40	47	57	101	111	116	132	173	88.55555555555556
NM_001179584.3	16	28	55	67	99	94	123	154	162	88.66666666666667
NM_001181919.1	24	28	47	83	85	98	131	135	167	88.66666666666667
NM_001179650.1	13	31	49	72	87	101	125	155	165	88.66666666666667
NM_001178960.1	15	32	53	66	91	113	122	156	151	88.77777777777777
NM_001180664.3	20	35	41	72	105	104	124	149	150	88.88888888888889
NM_001179938.1	18	35	67	60	85	92	119	148	176	88.88888888888889
NM_001183192.1	17	42	55	66	79	115	129	137	160	88.88888888888889
NM_001178575.1	19	31	64	71	86	107	111	140	172	89.0
NM_001183457.1	15	34	63	73	78	93	139	149	158	89.11111111111111
NM_001178321.1	17	43	47	77	89	105	123	145	156	89.11111111111111
NM_001182031.1	26	29	45	68	98	108	127	134	168	89.22222222222223
NM_001178638.1	15	37	42	85	92	107	131	131	164	89.33333333333333
NM_001183675.2	19	42	61	76	93	94	108	150	161	89.33333333333333
NM_001181194.1	27	34	55	71	97	98	119	146	158	89.44444444444444
NM_001182260.1	22	37	54	61	104	98	121	145	163	89.44444444444444
NM_001182994.3	23	36	42	71	81	107	128	152	165	89.44444444444444
NM_001180418.1	18	29	59	62	95	114	125	135	169	89.55555555555556
NM_001178322.1	23	39	56	64	103	107	121	140	153	89.55555555555556
NM_001184063.1	23	36	57	68	75	99	124	148	177	89.66666666666667
NM_001179176.1	18	35	65	75	89	98	125	143	159	89.66666666666667
NM_001183391.1	24	35	56	79	96	107	115	142	153	89.66666666666667
NM_001183007.1	19	37	37	78	95	104	116	150	172	89.77777777777777
NM_001182439.1	18	34	51	68	77	113	131	146	170	89.77777777777777
NM_001180723.1	16	48	56	66	97	111	124	142	148	89.77777777777777
NM_001184148.1	19	38	58	68	106	102	118	135	164	89.77777777777777
NM_001180275.1	15	34	49	73	100	105	121	148	164	89.88888888888889
NM_001180794.3	18	38	45	68	91	109	121	141	178	89.88888888888889
NM_001179330.3	18	42	53	67	83	100	133	147	166	89.88888888888889
NM_001179244.1	14	36	45	86	79	106	128	157	158	89.88888888888889
NM_001181176.3	17	30	48	65	80	105	146	155	164	90.0
NM_001182033.1	17	34	60	62	90	107	140	155	145	90.0
NM_001179433.3	19	41	50	66	84	100	137	148	166	90.11111111111111
NM_001180655.3	24	42	42	62	114	128	117	138	145	90.22222222222223
NM_001182372.1	16	41	58	58	91	105	154	141	149	90.33333333333333
NM_001179880.4	15	40	48	85	90	126	124	132	153	90.33333333333333
NM_001180979.1	15	36	48	73	85	116	128	147	165	90.33333333333333
NM_001179111.1	24	31	49	64	85	106	136	150	169	90.44444444444444
NM_001184244.1	24	33	52	80	92	103	126	143	162	90.55555555555556
NM_001181892.1	17	42	51	65	95	107	132	145	161	90.55555555555556
NM_001180766.1	20	31	51	71	90	96	126	152	178	90.55555555555556
NM_001180972.1	22	32	58	84	81	109	115	153	164	90.88888888888889
NM_001184225.1	20	31	49	76	82	106	128	157	169	90.88888888888889
NM_001180565.1	12	37	67	64	94	104	122	144	174	90.88888888888889
NM_001182919.3	18	32	61	71	90	118	133	141	155	91.0
NM_001181747.1	18	40	55	60	88	117	135	141	166	91.11111111111111
NM_001182706.1	17	34	54	76	96	110	124	145	165	91.22222222222223
NM_001178594.1	22	31	57	75	90	106	136	143	161	91.22222222222223
NM_001179850.1	24	34	62	76	87	107	121	143	167	91.22222222222223
NM_001180645.3	18	41	58	72	78	114	125	152	163	91.22222222222223
NM_001179192.1	14	30	54	71	89	120	124	165	155	91.33333333333333
NM_001184534.1	21	39	57	76	80	118	138	145	148	91.33333333333333
NM_001182106.1	22	41	65	80	91	112	117	135	159	91.33333333333333
NM_001180474.3	11	39	42	69	106	115	120	154	166	91.33333333333333
NM_001183953.1	16	34	62	69	91	107	124	156	164	91.44444444444444
NM_001184202.1	22	38	49	86	99	109	122	152	148	91.66666666666667
NM_001183206.3	20	33	57	81	92	101	136	124	181	91.66666666666667
NM_001183018.1	24	37	65	71	93	116	127	128	164	91.66666666666667
NM_001179495.1	10	46	42	84	90	120	111	158	165	91.77777777777777
NM_001184073.1	15	39	48	74	98	126	128	134	164	91.77777777777777
NM_001183742.3	17	34	61	73	90	112	127	156	156	91.77777777777777
NM_001180956.3	14	52	61	75	99	94	120	152	160	91.88888888888889
NM_001179249.1	10	36	54	73	93	108	130	149	175	92.0
NM_001179505.1	18	30	50	78	87	129	135	150	152	92.11111111111111
NM_001183665.3	17	44	56	65	97	116	112	144	178	92.11111111111111
NM_001178471.3	18	24	51	80	95	111	120	159	172	92.22222222222223
NM_001182865.1	25	39	58	71	93	109	135	146	154	92.22222222222223
NM_001180234.1	18	32	58	81	99	108	128	152	154	92.22222222222223
NM_001178429.1	22	41	66	65	94	112	134	135	163	92.44444444444444
NM_001183313.2	21	40	58	81	103	94	121	151	163	92.44444444444444
NM_001183071.1	19	40	51	70	93	125	121	141	174	92.66666666666667
NM_001178470.1	22	29	58	82	102	110	127	145	159	92.66666666666667
NM_001184277.1	13	44	60	74	91	121	124	148	159	92.66666666666667
NM_001182880.1	20	40	64	76	92	107	111	158	167	92.77777777777777
NM_001183924.1	26	39	62	77	76	107	127	160	162	92.88888888888889
NM_001180359.3	18	33	58	73	87	110	151	141	165	92.88888888888889
NM_001179558.3	5	40	48	99	94	113	128	136	173	92.88888888888889
NM_001181080.1	23	39	48	71	87	111	139	160	159	93.0
NM_001178390.1	14	32	51	72	114	114	126	143	172	93.11111111111111
NM_001181925.1	11	38	60	79	104	100	138	163	146	93.22222222222223
NM_001180357.1	22	36	64	65	112	110	124	148	158	93.22222222222223
NM_001181487.3	16	42	49	74	91	119	122	155	172	93.33333333333333
NM_001180936.1	23	41	53	71	94	108	132	146	173	93.44444444444444
NM_001181946.1	20	37	65	85	99	98	122	150	166	93.55555555555556
NM_001178273.1	17	40	69	72	87	118	135	138	166	93.55555555555556
NM_001179696.1	20	35	57	79	90	114	137	146	164	93.55555555555556
NM_001179923.1	14	31	53	78	101	124	131	145	165	93.55555555555556
NM_001180482.1	16	35	59	69	92	97	132	166	177	93.66666666666667
NM_001183600.1	15	37	47	81	90	137	119	137	180	93.66666666666667
NM_001183582.1	16	36	54	71	96	105	142	147	176	93.66666666666667
NM_001178438.4	27	39	55	65	92	114	120	167	165	93.77777777777777
NM_001179879.1	14	37	55	76	91	111	133	156	171	93.77777777777777
NM_001180776.3	21	40	53	92	94	115	115	148	166	93.77777777777777
NM_001179483.1	14	37	56	71	111	120	127	145	164	93.88888888888889
NM_001180249.1	14	37	66	75	89	101	136	151	176	93.88888888888889
NM_001184348.1	12	39	58	94	92	119	127	142	162	93.88888888888889
NM_001179560.1	15	48	58	62	87	102	135	154	185	94.0
NM_001182197.2	12	42	60	93	82	112	133	151	162	94.11111111111111
NM_001179654.1	14	38	62	75	99	120	126	139	174	94.11111111111111
NM_001182941.3	14	39	59	76	104	110	127	151	167	94.11111111111111
NM_001178689.1	18	38	55	78	98	113	117	153	178	94.22222222222223
NM_001179635.1	30	30	53	70	98	124	133	140	170	94.22222222222223
NM_001183074.1	18	40	46	74	95	111	136	146	182	94.22222222222223
NM_001181612.2	16	33	64	79	91	134	130	138	164	94.33333333333333
NM_001180604.3	19	24	45	72	98	127	133	143	189	94.44444444444444
NM_001180620.3	28	35	58	85	95	104	135	145	165	94.44444444444444
NM_001178584.3	18	35	53	86	106	107	122	148	176	94.55555555555556
NM_001179175.1	25	40	63	82	102	110	115	143	171	94.55555555555556
NM_001183347.1	21	26	70	72	105	96	135	153	174	94.66666666666667
NM_001178637.4	25	39	61	85	112	91	136	148	157	94.88888888888889
NM_001179949.1	24	41	53	75	97	93	148	149	174	94.88888888888889
NM_001182492.1	17	38	48	82	79	123	146	146	175	94.88888888888889
NM_001181222.3	19	39	55	80	106	121	133	131	170	94.88888888888889
NM_001180630.1	15	39	62	81	90	104	149	147	168	95.0
NM_001181842.1	20	29	60	85	90	123	138	143	167	95.0
NM_001180006.3	22	42	60	70	96	93	122	172	178	95.0
NM_001184197.1	21	34	61	85	96	114	120	149	176	95.11111111111111
NM_001179600.1	19	34	59	71	114	113	139	139	168	95.11111111111111
NM_001181112.1	19	29	67	78	90	115	124	165	169	95.11111111111111
NM_001178485.2	24	31	56	71	93	124	134	150	174	95.22222222222223
NM_001182887.1	26	47	48	81	96	106	135	159	159	95.22222222222223
NM_001179278.1	15	38	51	90	86	110	134	156	178	95.33333333333333
NM_001180909.1	17	37	60	68	104	128	126	152	167	95.44444444444444
NM_001179211.1	14	43	63	68	102	112	124	166	168	95.55555555555556
NM_001178758.1	24	41	52	77	93	105	131	163	174	95.55555555555556
NM_001179714.1	17	49	67	67	96	110	140	143	172	95.66666666666667
NM_001182588.1	17	41	47	62	111	126	122	154	182	95.77777777777777
NM_001182823.1	18	34	46	83	100	106	134	160	183	96.0
NM_001180966.1	29	37	55	83	83	120	133	151	173	96.0
NM_001179207.1	22	37	61	83	95	116	138	138	174	96.0
NM_001179710.1	18	42	52	76	99	117	143	127	190	96.0
NM_001181667.1	20	40	53	72	108	109	129	150	184	96.11111111111111
NM_001181375.1	24	31	64	67	107	119	153	147	153	96.11111111111111
NM_001183604.1	20	36	74	75	85	118	129	155	174	96.22222222222223
NM_001179629.1	18	35	62	67	105	95	144	175	165	96.22222222222223
NM_001179497.3	21	35	51	79	108	107	136	169	160	96.22222222222223
NM_001180388.3	14	35	51	81	86	115	141	159	184	96.22222222222223
NM_001180994.2	14	46	52	81	92	116	146	166	154	96.33333333333333
NM_001179252.1	22	37	57	78	98	109	147	160	161	96.55555555555556
NM_001179821.3	22	41	52	88	99	106	142	149	170	96.55555555555556
NM_001182541.1	26	36	60	84	102	105	135	156	166	96.66666666666667
NM_001182568.1	18	38	48	85	94	125	143	142	178	96.77777777777777
NM_001181707.1	20	43	60	73	107	119	141	139	169	96.77777777777777
NM_001180450.3	13	39	74	80	87	131	130	145	173	96.88888888888889
NM_001182506.1	24	33	53	79	95	133	129	161	167	97.11111111111111
NM_001179806.1	25	34	58	79	86	115	141	164	172	97.11111111111111
NM_001179771.1	21	39	57	79	103	134	143	142	157	97.22222222222223
NM_001183021.1	16	48	46	73	107	127	140	154	164	97.22222222222223
NM_001180514.3	14	35	58	74	105	116	149	163	161	97.22222222222223
NM_001180618.1	20	34	53	87	92	123	142	152	172	97.22222222222223
NM_001183369.1	22	32	51	77	108	122	130	164	170	97.33333333333333
NM_001183906.1	27	41	56	78	108	108	125	137	197	97.44444444444444
NM_001181683.1	23	36	52	93	111	107	129	170	156	97.44444444444444
NM_001182729.1	23	39	56	64	99	138	143	159	156	97.44444444444444
NM_001182799.1	15	46	46	69	106	121	131	152	192	97.55555555555556
NM_001181349.1	13	37	63	95	86	117	132	161	175	97.66666666666667
NM_001179759.1	26	37	66	75	99	122	124	152	179	97.77777777777777
NM_001183373.1	20	47	56	82	98	117	137	165	158	97.77777777777777
NM_001180473.3	18	44	65	80	95	108	146	150	174	97.77777777777777
NM_001180314.3	21	43	55	74	93	110	138	161	186	97.88888888888889
NM_001179796.3	18	27	68	88	94	120	129	158	179	97.88888888888889
NM_001184002.1	23	43	62	60	108	110	134	152	189	97.88888888888889
NM_001179953.1	16	32	58	74	95	125	132	161	189	98.0
NM_001184454.1	14	40	51	71	101	135	143	153	174	98.0
NM_001181486.1	20	46	58	72	101	128	134	170	153	98.0
NM_001182500.1	12	32	59	72	111	109	143	163	182	98.11111111111111
NM_001183774.1	20	41	55	66	116	120	157	145	163	98.11111111111111
NM_001182391.1	23	42	79	72	98	128	120	140	182	98.22222222222223
NM_001179644.1	40	33	54	80	102	124	131	155	166	98.33333333333333
NM_001183630.1	16	43	59	78	98	113	137	152	189	98.33333333333333
NM_001179061.3	18	47	69	76	96	115	143	149	172	98.33333333333333
NM_001183797.3	23	39	51	77	110	119	130	161	176	98.44444444444444
NM_001182937.3	18	46	50	80	113	116	138	153	173	98.55555555555556
NM_001178333.1	11	39	55	91	93	121	140	158	179	98.55555555555556
NM_001182030.1	19	52	59	71	93	107	138	159	190	98.66666666666667
NM_001179568.1	20	39	59	81	95	140	136	150	169	98.77777777777777
NM_001183280.1	14	37	47	87	105	130	121	157	191	98.77777777777777
NM_001180327.1	12	35	52	80	95	141	145	153	177	98.88888888888889
NM_001181942.1	18	39	63	85	97	121	137	147	183	98.88888888888889
NM_001181905.1	17	24	67	88	96	111	145	154	188	98.88888888888889
NM_001183387.1	24	39	64	80	85	122	138	155	184	99.0
NM_001178307.2	19	37	52	71	106	120	144	153	191	99.22222222222223
NM_001183984.1	24	35	74	76	98	115	139	158	174	99.22222222222223
NM_001184295.1	14	44	61	75	92	105	167	159	177	99.33333333333333
NM_001180458.1	20	44	63	72	89	108	148	165	185	99.33333333333333
NM_001184117.1	24	49	47	85	96	127	134	155	178	99.44444444444444
NM_001181034.1	27	49	57	83	108	114	138	154	165	99.44444444444444
NM_001178865.3	25	38	58	86	95	112	134	162	186	99.55555555555556
NM_001180897.3	18	44	53	79	102	123	142	151	184	99.55555555555556
NM_001183942.1	23	43	63	65	101	116	135	184	167	99.66666666666667
NM_001183205.3	17	34	67	93	116	120	118	150	182	99.66666666666667
NM_001182069.1	27	46	50	79	93	119	141	157	185	99.66666666666667
NM_001184531.3	22	34	76	85	106	113	131	151	179	99.66666666666667
NM_001178483.3	20	33	57	82	89	133	130	165	190	99.88888888888889
NM_001183671.1	21	43	60	81	89	126	142	170	169	100.11111111111111
NM_001178517.1	20	39	64	80	106	126	156	137	174	100.22222222222223
NM_001178458.3	26	32	56	82	99	134	125	176	172	100.22222222222223
NM_001180578.1	20	39	55	83	99	121	137	171	177	100.22222222222223
NM_001181706.1	16	41	61	81	100	118	118	163	204	100.22222222222223
NM_001179706.1	25	43	72	70	89	127	139	161	176	100.22222222222223
NM_001178277.1	23	39	60	80	102	132	129	158	181	100.44444444444444
NM_001179257.1	21	37	45	92	101	123	142	154	189	100.44444444444444
NM_001182128.1	12	44	62	77	97	124	133	162	194	100.55555555555556
NM_001182424.1	16	36	58	81	85	125	157	158	190	100.66666666666667
NM_001184415.2	14	39	62	89	98	114	138	171	182	100.77777777777777
NM_001183232.3	18	35	54	68	96	130	138	171	197	100.77777777777777
NM_001183224.1	26	43	70	71	113	122	122	152	188	100.77777777777777
NM_001181800.3	23	36	70	85	97	110	148	157	182	100.88888888888889
NM_001179429.1	21	38	60	81	104	116	144	165	179	100.88888888888889
NM_001180371.1	21	60	62	86	103	108	140	145	183	100.88888888888889
NM_001183143.1	27	41	63	82	100	118	140	164	174	101.0
NM_001180292.1	24	44	61	80	102	116	137	169	176	101.0
NM_001182053.1	25	37	61	87	91	109	145	164	190	101.0
NM_001181010.2	22	43	65	80	97	118	145	162	178	101.11111111111111
NM_001183710.1	17	45	68	80	94	120	129	182	175	101.11111111111111
NM_001178623.4	14	44	61	75	103	128	151	157	179	101.33333333333333
NM_001184029.1	24	49	59	93	97	120	142	154	175	101.44444444444444
NM_001182810.1	22	40	50	94	97	133	147	151	179	101.44444444444444
NM_001183792.1	19	42	60	86	101	114	126	161	206	101.66666666666667
NM_001179732.1	20	44	65	87	106	134	135	151	173	101.66666666666667
NM_001179752.1	21	47	63	84	112	141	133	141	173	101.66666666666667
NM_001182878.3	16	56	52	70	104	122	148	170	178	101.77777777777777
NM_001181331.1	26	42	59	84	122	113	122	168	180	101.77777777777777
NM_001179001.1	14	38	59	81	103	121	145	170	186	101.88888888888889
NM_001183127.1	21	47	74	90	97	116	122	167	184	102.0
NM_001182853.3	20	44	49	84	89	131	154	169	178	102.0
NM_001182081.1	24	39	66	82	102	112	150	162	182	102.11111111111111
NM_001184285.1	22	34	68	87	109	134	147	145	173	102.11111111111111
NM_001179469.1	22	34	68	71	114	125	159	161	166	102.22222222222223
NM_001183929.1	22	34	73	76	105	128	130	168	184	102.22222222222223
NM_001182075.1	21	30	71	82	111	129	152	158	167	102.33333333333333
NM_001182962.3	22	43	49	82	104	136	155	157	173	102.33333333333333
NM_001180446.3	26	41	69	78	94	122	151	160	180	102.33333333333333
NM_001179206.1	15	39	63	68	101	134	146	167	189	102.44444444444444
NM_001183189.1	20	44	57	66	105	122	157	163	190	102.66666666666667
NM_001183398.1	21	44	55	86	110	124	145	166	173	102.66666666666667
NM_001181177.1	19	35	75	88	106	109	155	151	188	102.88888888888889
NM_001183159.1	20	49	57	90	109	111	154	154	182	102.88888888888889
NM_001183122.1	16	53	62	78	107	124	141	155	190	102.88888888888889
NM_001178747.1	19	45	62	80	105	117	145	149	206	103.11111111111111
NM_001183299.1	22	36	64	109	103	120	117	160	197	103.11111111111111
NM_001178853.1	19	36	67	82	110	118	149	154	193	103.11111111111111
NM_001178394.1	12	38	73	69	100	129	141	160	206	103.11111111111111
NM_001179280.1	22	46	59	93	94	137	150	159	169	103.22222222222223
NM_001183019.2	16	45	66	94	95	125	143	161	184	103.22222222222223
NM_001184636.1	24	39	51	82	102	121	158	168	185	103.33333333333333
NM_001182763.1	18	50	61	92	94	120	152	163	181	103.44444444444444
NM_001180800.1	21	44	69	70	105	126	158	173	168	103.77777777777777
NM_001180772.3	20	42	50	97	105	132	159	157	173	103.88888888888889
NM_001183183.3	17	38	70	81	115	125	138	169	182	103.88888888888889
NM_001182376.1	12	43	63	89	98	128	154	160	188	103.88888888888889
NM_001181938.1	26	46	57	97	111	116	134	152	196	103.88888888888889
NM_001178907.1	25	50	68	78	93	147	118	177	179	103.88888888888889
NM_001179266.1	17	55	62	83	98	119	144	171	186	103.88888888888889
NM_001181043.1	21	42	63	72	104	114	162	168	191	104.11111111111111
NM_001181548.1	28	23	61	70	108	137	150	173	187	104.11111111111111
NM_001180841.1	22	47	77	86	99	118	117	177	195	104.22222222222223
NM_001181784.1	14	39	69	86	83	118	144	197	188	104.22222222222223
NM_001181281.3	18	35	77	92	103	119	139	157	199	104.33333333333333
NM_001181524.1	22	44	62	64	123	131	138	169	187	104.44444444444444
NM_001181221.3	21	37	57	96	107	125	145	166	186	104.44444444444444
NM_001178297.2	22	49	54	84	98	143	119	162	210	104.55555555555556
NM_001178761.1	15	32	66	77	111	125	158	160	197	104.55555555555556
NM_001183102.1	31	41	52	76	110	127	151	166	187	104.55555555555556
NM_001180714.1	35	46	62	78	103	116	153	160	189	104.66666666666667
NM_001179995.3	21	38	73	87	113	123	151	155	181	104.66666666666667
NM_001184653.1	21	37	64	89	114	122	134	166	196	104.77777777777777
NM_001178256.1	18	39	51	82	104	132	159	162	196	104.77777777777777
NM_001183762.1	22	40	58	89	110	120	161	163	180	104.77777777777777
NM_001183315.1	19	44	62	77	103	138	138	171	191	104.77777777777777
NM_001180847.1	12	57	51	90	103	140	138	172	181	104.88888888888889
NM_001183506.1	20	41	61	94	99	113	151	153	212	104.88888888888889
NM_001183376.1	14	39	66	86	108	130	157	170	174	104.88888888888889
NM_001182792.1	21	43	50	76	116	113	167	169	189	104.88888888888889
NM_001182854.1	29	45	76	74	106	125	146	157	187	105.0
NM_001184349.1	25	46	72	89	99	129	151	154	180	105.0
NM_001181789.3	18	32	71	79	110	138	145	162	191	105.11111111111111
NM_001184152.1	15	54	56	86	115	128	161	158	173	105.11111111111111
NM_001183425.1	20	41	63	93	110	113	130	168	208	105.11111111111111
NM_001180835.4	19	42	57	73	118	139	133	160	205	105.11111111111111
NM_001183531.1	13	40	63	83	118	125	153	150	202	105.22222222222223
NM_001178175.1	29	48	56	76	110	130	135	176	188	105.33333333333333
NM_001179013.1	20	36	57	91	107	141	145	158	193	105.33333333333333
NM_001183136.1	18	48	56	91	106	132	140	172	185	105.33333333333333
NM_001180730.3	17	43	55	84	118	132	165	155	180	105.44444444444444
NM_001181379.3	19	31	48	84	111	124	155	179	198	105.44444444444444
NM_001179044.1	27	38	56	84	101	125	159	177	182	105.44444444444444
NM_001184477.3	21	42	66	70	108	134	152	174	183	105.55555555555556
NM_001180147.1	19	46	57	90	102	120	149	185	182	105.55555555555556
NM_001181791.1	27	38	68	87	95	132	136	171	196	105.55555555555556
NM_001181966.1	20	49	61	96	115	133	144	153	179	105.55555555555556
NM_001179146.1	27	35	60	86	117	139	155	153	179	105.66666666666667
NM_001181063.1	17	44	66	84	101	128	137	173	201	105.66666666666667
NM_001179458.1	17	55	55	89	108	112	143	173	200	105.77777777777777
NM_001179779.1	24	33	59	72	119	118	153	170	204	105.77777777777777
NM_001179857.3	21	51	62	75	101	136	155	164	188	105.88888888888889
NM_001183615.1	24	49	73	91	96	130	161	151	178	105.88888888888889
NM_001179133.1	22	57	56	84	106	122	139	176	191	105.88888888888889
NM_001182020.1	24	47	54	86	105	125	163	171	178	105.88888888888889
NM_001180945.1	30	47	72	79	104	125	148	155	193	105.88888888888889
NM_001182107.1	26	39	67	73	102	142	156	158	191	106.0
NM_001181173.1	27	39	67	86	95	134	135	166	206	106.11111111111111
NM_001180708.3	34	42	73	70	109	124	147	166	191	106.22222222222223
NM_001182473.1	17	29	65	72	123	132	156	170	193	106.33333333333333
NM_001181240.1	16	47	77	77	107	127	141	170	195	106.33333333333333
NM_001178586.1	23	38	63	87	112	130	142	169	193	106.33333333333333
NM_001181973.1	16	49	70	80	98	136	145	163	201	106.44444444444444
NM_001179317.1	21	30	65	93	103	144	171	163	171	106.77777777777777
NM_001183403.1	32	35	63	89	110	119	142	185	186	106.77777777777777
NM_001179283.1	26	33	69	86	106	125	144	174	199	106.88888888888889
NM_001178450.1	22	44	62	86	112	121	162	171	182	106.88888888888889
NM_001178986.3	22	38	67	73	118	115	145	184	200	106.88888888888889
NM_001179964.1	25	52	58	98	108	115	157	170	180	107.0
NM_001180176.1	17	44	71	79	106	135	142	168	201	107.0
NM_001180659.3	24	46	65	82	103	127	144	185	188	107.11111111111111
NM_001179594.3	21	44	65	92	112	124	146	160	201	107.22222222222223
NM_001182565.1	14	31	78	74	111	140	152	173	193	107.33333333333333
NM_001183509.1	32	36	65	86	105	140	140	172	191	107.44444444444444
NM_001180610.1	21	46	72	91	105	127	159	167	179	107.44444444444444
NM_001178274.1	19	41	68	73	109	126	157	179	195	107.44444444444444
NM_001183208.1	27	49	60	85	108	120	155	161	203	107.55555555555556
NM_001179370.3	28	37	65	84	100	129	152	179	194	107.55555555555556
NM_001184155.1	28	46	70	80	101	138	146	174	186	107.66666666666667
NM_001184142.1	16	33	70	93	109	124	149	185	191	107.77777777777777
NM_001182784.1	22	46	75	82	111	125	146	181	186	108.22222222222223
NM_001179976.1	19	51	71	100	97	121	143	178	195	108.33333333333333
NM_001182112.1	21	45	77	93	118	130	127	162	202	108.33333333333333
NM_001181208.1	18	47	73	93	101	132	149	176	187	108.44444444444444
NM_001182275.3	17	40	59	80	114	126	148	182	210	108.44444444444444
NM_001179386.1	20	42	79	90	117	120	150	180	179	108.55555555555556
NM_001183285.1	27	46	66	73	110	133	153	186	183	108.55555555555556
NM_001179279.1	24	45	58	81	107	135	152	180	197	108.77777777777777
NM_001181514.1	31	39	73	95	113	111	137	174	206	108.77777777777777
NM_001179630.1	23	39	63	101	123	123	159	164	184	108.77777777777777
NM_001182520.1	19	47	72	93	116	114	154	187	178	108.88888888888889
NM_001179586.1	17	35	72	86	118	131	138	179	204	108.88888888888889
NM_001180615.3	22	39	65	74	108	133	161	180	199	109.0
NM_001184619.3	23	54	71	78	90	135	162	164	204	109.0
NM_001183105.1	28	52	61	80	126	131	141	180	183	109.11111111111111
NM_001179739.1	18	40	69	98	122	136	151	174	175	109.22222222222223
NM_001181162.3	25	40	50	84	111	134	168	164	207	109.22222222222223
NM_001179306.3	21	56	62	86	101	141	144	174	198	109.22222222222223
NM_001181598.1	16	38	59	94	113	129	152	173	212	109.55555555555556
NM_001180657.1	25	37	70	79	127	121	157	174	196	109.55555555555556
NM_001178301.1	25	40	76	94	98	137	164	171	182	109.66666666666667
NM_001181932.1	26	43	67	75	115	142	153	174	193	109.77777777777777
NM_001180759.3	20	49	72	88	111	117	159	159	213	109.77777777777777
NM_001179360.3	19	44	63	94	97	146	150	169	206	109.77777777777777
NM_001182364.1	20	40	77	78	113	130	146	185	200	109.88888888888889
NM_001181148.3	28	36	69	86	125	127	149	171	199	110.0
NM_001179203.1	28	41	60	79	112	145	150	184	191	110.0
NM_001182906.3	21	40	63	74	113	151	145	184	199	110.0
NM_001183153.1	21	47	54	96	99	140	175	169	189	110.0
NM_001181404.3	22	49	71	88	115	136	150	157	202	110.0
NM_001180784.1	28	46	67	80	98	134	159	174	206	110.22222222222223
NM_001178800.1	19	47	59	102	112	130	161	178	184	110.22222222222223
NM_001181364.1	17	49	66	85	111	128	150	192	195	110.33333333333333
NM_001184056.1	25	36	73	88	109	132	155	176	199	110.33333333333333
NM_001179672.1	22	40	61	94	101	147	141	185	202	110.33333333333333
NM_001183845.1	23	43	71	97	105	125	150	184	195	110.33333333333333
NM_001179377.1	29	45	74	83	114	133	160	147	208	110.33333333333333
NM_001179369.1	27	42	74	87	119	117	155	174	199	110.44444444444444
NM_001179878.3	23	42	65	79	103	126	158	189	210	110.55555555555556
NM_001180413.3	21	35	61	90	117	145	137	180	209	110.55555555555556
NM_001182096.1	28	43	68	81	112	137	159	169	199	110.66666666666667
NM_001182347.1	27	41	70	72	112	125	144	188	217	110.66666666666667
NM_001179159.1	23	36	57	81	125	154	153	176	191	110.66666666666667
NM_001181287.3	22	44	55	91	107	126	148	201	202	110.66666666666667
NM_001182371.1	23	33	63	87	108	139	158	183	203	110.77777777777777
NM_001179479.1	21	43	54	90	111	140	162	187	190	110.88888888888889
NM_001180591.3	21	39	73	90	117	127	157	180	194	110.88888888888889
NM_001181830.1	23	37	76	97	126	126	155	157	201	110.88888888888889
NM_001182874.1	13	40	70	94	113	138	156	177	197	110.88888888888889
NM_001179745.1	20	38	68	97	105	134	180	174	182	110.88888888888889
NM_001180697.1	28	52	55	97	106	136	174	158	193	111.0
NM_001178908.1	21	44	62	92	115	133	155	174	204	111.11111111111111
NM_001178578.1	21	44	60	97	108	128	157	172	213	111.11111111111111
NM_001183476.1	19	45	58	95	113	144	168	167	193	111.33333333333333
NM_001178604.1	23	41	68	88	90	139	159	186	208	111.33333333333333
NM_001182704.1	17	57	74	83	115	115	158	166	217	111.33333333333333
NM_001179084.1	21	50	71	83	106	132	149	187	203	111.33333333333333
NM_001178751.1	27	41	67	78	104	132	141	192	221	111.44444444444444
NM_001180688.3	30	47	62	97	107	121	160	184	195	111.44444444444444
NM_001182302.3	21	32	69	79	133	138	165	173	195	111.66666666666667
NM_001178309.1	20	34	62	89	118	145	160	176	201	111.66666666666667
NM_001184041.1	24	42	55	79	124	143	179	158	201	111.66666666666667
NM_001181981.1	25	48	67	94	90	120	155	184	222	111.66666666666667
NM_001178494.1	21	56	64	87	111	142	148	190	187	111.77777777777777
NM_001179436.1	24	40	71	80	111	145	151	181	204	111.88888888888889
NM_001178452.3	20	38	72	80	108	133	155	176	225	111.88888888888889
NM_001183780.1	21	55	69	78	104	146	150	176	210	112.11111111111111
NM_001182536.1	30	35	90	84	95	121	170	191	195	112.33333333333333
NM_001181424.1	23	46	69	81	110	145	172	174	192	112.44444444444444
NM_001180932.3	34	45	70	90	99	130	175	174	195	112.44444444444444
NM_001182821.1	21	53	71	94	108	141	158	173	194	112.55555555555556
NM_001183990.1	24	49	82	73	116	139	148	184	200	112.77777777777777
NM_001178275.1	12	42	72	83	128	136	169	175	200	113.0
NM_001181099.1	22	44	62	95	112	129	141	206	207	113.11111111111111
NM_001182110.1	23	45	62	97	132	138	146	174	201	113.11111111111111
NM_001179740.1	21	41	70	89	112	146	158	163	218	113.11111111111111
NM_001180864.1	20	51	77	93	101	138	169	178	191	113.11111111111111
NM_001181952.1	14	56	79	98	109	138	158	167	199	113.11111111111111
NM_001180878.1	33	39	82	84	110	133	144	187	207	113.22222222222223
NM_001182328.3	18	44	77	100	106	130	148	193	203	113.22222222222223
NM_001183256.1	21	49	68	91	112	130	174	175	201	113.44444444444444
NM_001180408.3	24	49	57	96	106	126	169	182	212	113.44444444444444
NM_001182086.1	24	46	63	107	123	131	153	169	205	113.44444444444444
NM_001183097.1	21	55	70	85	101	144	160	157	229	113.55555555555556
NM_001181192.3	24	43	78	114	107	131	160	174	192	113.66666666666667
NM_001184377.1	26	51	68	98	106	140	152	179	204	113.77777777777777
NM_001184222.1	26	51	81	89	106	136	146	191	198	113.77777777777777
NM_001184145.1	25	49	83	84	113	141	148	178	206	114.11111111111111
NM_001180353.1	26	36	74	94	120	141	170	155	211	114.11111111111111
NM_001180284.1	20	45	77	122	109	140	144	187	184	114.22222222222223
NM_001179337.3	22	45	69	102	108	138	156	185	203	114.22222222222223
NM_001179720.1	18	47	79	91	106	132	146	199	212	114.44444444444444
NM_001180903.1	22	48	67	97	120	131	188	158	199	114.44444444444444
NM_001179233.1	19	38	76	111	115	127	162	176	208	114.66666666666667
NM_001182501.1	17	55	80	91	107	147	149	179	208	114.77777777777777
NM_001181210.3	20	47	74	98	106	134	156	190	209	114.88888888888889
NM_001182862.1	22	55	71	100	112	128	157	163	226	114.88888888888889
NM_001179338.1	21	44	83	101	98	132	169	181	205	114.88888888888889
NM_001180411.1	23	45	76	88	122	135	168	177	200	114.88888888888889
NM_001182035.1	30	36	77	96	109	136	149	190	212	115.0
NM_001183096.1	15	44	65	87	123	126	175	188	212	115.0
NM_001183462.1	19	46	74	84	123	145	162	173	210	115.11111111111111
NM_001179272.1	29	42	78	88	136	139	143	183	200	115.33333333333333
NM_001181951.1	23	36	64	93	121	152	164	205	180	115.33333333333333
NM_001179943.1	21	43	64	92	102	147	161	188	220	115.33333333333333
NM_001182771.1	25	51	67	101	126	123	152	170	224	115.44444444444444
NM_001180930.1	23	40	76	96	119	118	166	184	217	115.44444444444444
NM_001184066.1	24	45	72	88	106	153	172	178	202	115.55555555555556
NM_001182738.1	26	40	71	89	110	150	160	190	206	115.77777777777777
NM_001179525.3	29	53	62	102	114	136	171	179	196	115.77777777777777
NM_001180325.3	28	43	69	86	133	146	160	177	200	115.77777777777777
NM_001179691.1	20	51	68	111	107	141	141	188	217	116.0
NM_001183776.1	23	51	66	98	108	136	165	175	222	116.0
NM_001182897.1	28	47	65	97	114	134	163	188	210	116.22222222222223
NM_001178635.1	29	50	75	98	117	143	153	190	192	116.33333333333333
NM_001178832.3	24	42	70	92	115	123	175	185	221	116.33333333333333
NM_001181743.1	30	51	69	87	107	142	184	188	193	116.77777777777777
NM_001183039.1	13	50	81	97	129	135	158	180	208	116.77777777777777
NM_001183015.2	26	57	64	100	116	124	165	189	210	116.77777777777777
NM_001183551.3	25	47	80	92	119	147	165	192	185	116.88888888888889
NM_001178409.3	27	49	66	90	108	138	165	187	222	116.88888888888889
NM_001178935.1	20	56	69	100	118	135	181	172	201	116.88888888888889
NM_001178788.1	20	46	54	99	116	134	160	211	212	116.88888888888889
NM_001183764.3	21	50	74	91	117	146	173	172	209	117.0
NM_001181356.2	19	56	71	95	103	138	173	194	204	117.0
NM_001178548.3	23	49	75	83	115	132	169	188	219	117.0
NM_001182785.1	11	53	77	88	123	136	168	181	217	117.11111111111111
NM_001183722.3	32	48	79	100	125	133	153	179	205	117.11111111111111
NM_001178796.1	19	41	69	98	110	157	168	189	204	117.22222222222223
NM_001181370.3	24	46	65	90	117	139	179	184	211	117.22222222222223
NM_001182374.1	26	43	68	94	117	145	178	172	213	117.33333333333333
NM_001179414.2	25	40	79	93	123	144	160	186	206	117.33333333333333
NM_001178815.1	19	42	67	102	103	145	153	190	235	117.33333333333333
NM_001178431.3	25	41	53	105	114	143	163	188	225	117.44444444444444
NM_001179082.1	25	49	70	111	119	138	162	186	197	117.44444444444444
NM_001180529.3	22	51	66	104	128	138	166	185	198	117.55555555555556
NM_001183497.1	25	53	74	78	119	134	174	199	202	117.55555555555556
NM_001180705.1	28	43	72	101	121	138	152	188	216	117.66666666666667
NM_001182001.1	26	46	80	99	97	153	166	187	206	117.77777777777777
NM_001180675.1	26	44	62	103	122	143	160	192	208	117.77777777777777
NM_001181795.1	21	61	67	85	121	152	158	198	198	117.88888888888889
NM_001182512.1	24	51	60	103	110	154	152	189	218	117.88888888888889
NM_001179828.1	30	46	68	90	119	143	165	184	216	117.88888888888889
NM_001179093.1	15	44	63	113	121	120	178	187	221	118.0
NM_001182377.1	25	52	78	97	116	118	173	192	211	118.0
NM_001180952.1	17	42	68	83	111	163	167	201	210	118.0
NM_001183740.3	21	39	78	104	110	136	169	196	210	118.11111111111111
NM_001179792.3	25	38	63	93	129	142	180	193	200	118.11111111111111
NM_001178613.2	21	51	67	98	120	129	170	189	219	118.22222222222223
NM_001179160.1	17	60	64	100	123	130	178	175	218	118.33333333333333
NM_001182782.1	18	56	60	93	123	143	161	181	230	118.33333333333333
NM_001181936.1	27	56	74	83	118	142	175	182	210	118.55555555555556
NM_001178621.1	20	49	59	102	111	144	161	190	232	118.66666666666667
NM_001179451.1	25	49	72	97	114	145	162	199	205	118.66666666666667
NM_001178201.2	23	45	71	129	124	125	158	182	212	118.77777777777777
NM_001180179.1	20	58	73	102	117	138	159	187	215	118.77777777777777
NM_001181146.1	26	48	65	104	116	142	166	178	225	118.88888888888889
NM_001184443.1	17	46	60	85	121	164	168	197	212	118.88888888888889
NM_001180947.3	35	44	58	98	114	132	181	199	211	119.11111111111111
NM_001181982.1	26	47	80	102	108	146	168	196	200	119.22222222222223
NM_001182070.1	23	47	65	95	108	158	169	188	220	119.22222222222223
NM_001182237.1	31	52	74	97	124	141	158	188	209	119.33333333333333
NM_001179716.1	25	41	77	91	145	145	158	187	205	119.33333333333333
NM_001181702.3	27	50	82	86	110	148	177	184	211	119.44444444444444
NM_001181609.1	26	49	67	103	115	142	154	196	224	119.55555555555556
NM_001179300.1	26	59	70	107	115	150	160	197	192	119.55555555555556
NM_001183932.1	22	37	73	99	117	132	180	195	223	119.77777777777777
NM_001184188.1	24	44	74	96	114	150	165	198	213	119.77777777777777
NM_001184042.1	21	40	76	92	135	128	177	187	222	119.77777777777777
NM_001179478.1	22	45	64	76	112	149	176	202	233	119.88888888888889
NM_001179312.3	21	54	71	107	115	147	170	182	213	120.0
NM_001179241.1	27	47	79	98	117	136	176	177	223	120.0
NM_001180588.1	26	47	73	96	119	174	154	189	203	120.11111111111111
NM_001182534.1	21	61	65	101	112	145	175	195	207	120.22222222222223
NM_001184474.3	27	51	59	110	127	138	180	192	200	120.44444444444444
NM_001178478.3	33	47	77	101	137	145	155	183	208	120.66666666666667
NM_001184129.1	23	45	71	101	120	144	150	201	232	120.77777777777777
NM_001182610.1	29	37	61	105	136	147	150	200	222	120.77777777777777
NM_001181161.3	22	54	66	100	111	157	165	193	220	120.88888888888889
NM_001182094.1	20	47	66	98	126	153	180	178	221	121.0
NM_001178721.1	19	47	73	102	119	143	164	209	215	121.22222222222223
NM_001180062.1	28	37	75	105	126	130	169	207	215	121.33333333333333
NM_001182726.1	22	38	55	98	138	150	167	214	210	121.33333333333333
NM_001181567.1	25	49	74	94	128	165	154	178	226	121.44444444444444
NM_001181782.3	22	54	83	96	121	158	151	193	215	121.44444444444444
NM_001180494.3	30	29	69	116	123	145	160	195	226	121.44444444444444
NM_001184308.3	30	58	60	94	118	159	154	206	215	121.55555555555556
NM_001183435.1	20	63	74	110	116	129	179	203	200	121.55555555555556
NM_001178591.3	23	38	54	91	141	153	175	188	231	121.55555555555556
NM_001181136.1	38	49	81	103	114	158	150	189	213	121.66666666666667
NM_001181324.3	29	44	79	78	119	155	169	188	235	121.77777777777777
NM_001181920.1	17	48	78	99	122	139	166	199	228	121.77777777777777
NM_001180719.1	27	40	71	101	121	135	169	213	219	121.77777777777777
NM_001178555.4	27	45	77	82	131	158	174	197	206	121.88888888888889
NM_001183348.1	23	48	73	108	130	159	157	182	217	121.88888888888889
NM_001183471.1	25	63	61	110	119	130	182	209	199	122.0
NM_001179858.1	35	47	60	106	124	145	166	195	221	122.11111111111111
NM_001183493.1	17	49	62	100	123	157	183	190	219	122.22222222222223
NM_001179491.1	21	44	69	105	115	157	172	201	217	122.33333333333333
NM_001178404.1	20	44	76	88	128	145	177	194	230	122.44444444444444
NM_001178636.4	22	39	66	104	137	140	170	198	227	122.55555555555556
NM_001179978.1	24	44	71	82	123	154	169	203	234	122.66666666666667
NM_001179376.1	27	52	75	102	121	135	184	196	212	122.66666666666667
NM_001180392.3	35	48	78	95	118	151	166	195	218	122.66666666666667
NM_001181709.1	25	56	76	98	134	134	165	182	236	122.88888888888889
NM_001182130.1	26	47	78	100	123	140	178	206	208	122.88888888888889
NM_001179180.1	19	46	77	118	132	141	178	181	214	122.88888888888889
NM_001180430.1	16	47	75	117	99	148	177	200	227	122.88888888888889
NM_001181761.4	35	47	76	97	117	154	162	200	219	123.0
NM_001183059.1	24	46	83	95	124	142	173	202	218	123.0
NM_001184258.1	26	60	87	75	104	133	187	201	235	123.11111111111111
NM_001180279.1	29	53	83	106	127	141	158	199	214	123.33333333333333
NM_001183488.1	21	57	81	101	119	142	175	197	217	123.33333333333333
NM_001180592.1	22	56	74	92	128	160	168	199	212	123.44444444444444
NM_001183579.1	22	47	64	96	124	155	158	219	226	123.44444444444444
NM_001183777.3	22	55	59	98	128	163	164	192	231	123.55555555555556
NM_001180886.1	24	56	81	90	133	164	178	179	207	123.55555555555556
NM_001181601.2	29	40	75	102	113	150	190	207	208	123.77777777777777
NM_001182861.3	18	50	87	91	115	156	170	197	231	123.88888888888889
NM_001180485.1	27	56	80	87	121	165	160	196	226	124.22222222222223
NM_001179999.1	21	44	68	103	115	148	180	212	227	124.22222222222223
NM_001178162.2	20	44	72	100	131	145	180	201	225	124.22222222222223
NM_001183614.3	30	44	84	98	118	140	180	195	229	124.22222222222223
NM_001182453.1	13	52	74	100	126	154	197	202	200	124.22222222222223
NM_001182860.1	24	49	77	99	123	156	170	197	225	124.44444444444444
NM_001180225.1	28	52	68	100	122	144	170	210	227	124.55555555555556
NM_001180210.1	24	48	63	110	143	148	174	203	211	124.88888888888889
NM_001180628.1	21	48	81	92	116	156	191	200	219	124.88888888888889
NM_001184120.1	25	57	87	91	126	157	161	204	218	125.11111111111111
NM_001182342.1	19	50	80	106	137	136	191	191	217	125.22222222222223
NM_001184683.1	19	56	77	97	126	151	158	206	237	125.22222222222223
NM_001183926.1	24	52	82	105	120	138	186	191	229	125.22222222222223
NM_001183094.1	34	57	77	102	112	154	167	198	227	125.33333333333333
NM_001178435.3	25	50	68	106	125	152	190	198	214	125.33333333333333
NM_001182559.1	19	48	93	97	134	138	186	177	239	125.66666666666667
NM_001181085.1	29	48	76	102	110	151	173	202	241	125.77777777777777
NM_001179624.1	29	38	73	86	125	162	174	206	239	125.77777777777777
NM_001180152.1	16	49	89	79	146	149	176	195	234	125.88888888888889
NM_001179245.1	26	65	68	99	129	158	169	209	211	126.0
NM_001184269.1	32	37	71	95	154	156	159	206	224	126.0
NM_001182321.1	28	43	92	96	146	153	174	179	223	126.0
NM_001183126.1	24	61	83	100	120	152	174	197	225	126.22222222222223
NM_001184263.1	19	57	82	88	130	150	183	209	218	126.22222222222223
NM_001179679.1	33	47	77	96	123	175	168	192	228	126.55555555555556
NM_001181185.1	29	49	77	106	135	151	181	192	219	126.55555555555556
NM_001181724.1	26	54	79	98	130	159	182	197	215	126.66666666666667
NM_001179033.3	25	41	69	92	136	158	184	209	226	126.66666666666667
NM_001179431.2	23	63	69	95	127	157	177	208	222	126.77777777777777
NM_001181558.1	27	55	83	96	128	161	175	186	232	127.0
NM_001178851.1	25	47	97	108	124	134	176	201	232	127.11111111111111
NM_001184216.1	22	44	83	98	123	149	179	196	250	127.11111111111111
NM_001181062.2	31	40	89	114	125	156	183	171	236	127.22222222222223
NM_001180112.1	22	43	78	108	138	152	190	205	209	127.22222222222223
NM_001178186.1	31	46	80	100	130	161	182	195	220	127.22222222222223
NM_001183342.1	32	41	82	110	113	155	162	219	232	127.33333333333333
NM_001182077.1	31	42	84	106	139	153	182	204	205	127.33333333333333
NM_001179768.1	19	52	74	103	124	148	196	207	224	127.44444444444444
NM_001180559.3	30	52	73	91	122	156	188	192	244	127.55555555555556
NM_001183724.1	35	44	80	101	135	152	168	213	222	127.77777777777777
NM_001183238.1	17	52	76	98	126	153	176	205	250	128.11111111111111
NM_001183731.3	24	55	68	100	131	160	171	203	241	128.11111111111111
NM_001181689.1	26	45	73	119	143	161	165	194	228	128.22222222222223
NM_001181107.1	23	41	81	91	144	172	166	199	238	128.33333333333334
NM_001181400.4	32	50	71	95	122	173	177	190	246	128.44444444444446
NM_001182540.1	38	54	61	123	128	141	181	206	225	128.55555555555554
NM_001180005.2	23	61	71	88	130	166	172	211	236	128.66666666666666
NM_001178167.1	30	51	65	89	134	164	200	198	227	128.66666666666666
NM_001183055.1	25	45	81	111	131	152	174	208	231	128.66666666666666
NM_001183273.1	24	49	87	98	135	160	150	220	235	128.66666666666666
NM_001178251.1	36	49	85	94	122	161	158	218	236	128.77777777777777
NM_001184309.3	28	49	73	93	120	160	187	215	235	128.88888888888889
NM_001179712.1	22	53	81	118	134	152	189	172	239	128.88888888888889
NM_001178362.1	21	54	72	119	137	163	169	183	242	128.88888888888889
NM_001183128.1	26	53	74	101	143	158	182	204	220	129.0
NM_001179981.1	20	55	65	100	125	166	177	218	235	129.0
NM_001179214.1	17	72	73	92	133	163	182	199	231	129.11111111111111
NM_001184287.1	24	65	72	114	122	165	187	197	219	129.44444444444446
NM_001180124.1	26	55	69	103	129	156	188	212	227	129.44444444444446
NM_001180258.1	30	55	86	95	129	151	188	210	223	129.66666666666666
NM_001183613.1	23	45	62	105	120	169	174	228	242	129.77777777777777
NM_001183180.1	26	52	82	93	138	163	191	193	232	130.0
NM_001180698.3	30	45	76	90	125	162	187	220	235	130.0
NM_001180397.1	23	50	81	92	135	159	192	207	231	130.0
NM_001178294.1	23	49	72	98	141	149	189	215	234	130.0
NM_001182005.1	27	49	71	110	126	144	188	219	236	130.0
NM_001181958.1	16	50	89	109	138	158	179	210	224	130.33333333333334
NM_001181913.1	23	54	82	103	120	143	199	202	248	130.44444444444446
NM_001178215.2	32	60	75	110	132	159	169	209	229	130.55555555555554
NM_001180355.3	20	41	76	109	130	155	190	199	256	130.66666666666666
NM_001181052.1	19	61	74	122	133	158	188	213	210	130.88888888888889
NM_001182665.1	20	56	81	103	129	143	188	219	239	130.88888888888889
NM_001181306.1	22	46	80	110	128	150	182	209	254	131.22222222222223
NM_001182975.3	29	55	79	103	107	157	180	216	256	131.33333333333334
NM_001183538.3	33	57	85	115	123	158	166	222	223	131.33333333333334
NM_001178188.1	23	50	103	108	144	161	179	197	219	131.55555555555554
NM_001181980.1	34	44	86	107	123	146	193	214	238	131.66666666666666
NM_001179864.3	21	59	74	105	131	164	189	216	226	131.66666666666666
NM_001178227.1	28	65	69	105	131	153	180	203	251	131.66666666666666
NM_001182025.1	23	42	64	100	139	159	190	216	253	131.77777777777777
NM_001181682.3	25	51	84	117	131	170	176	190	242	131.77777777777777
NM_001182291.1	21	49	82	94	140	161	181	209	252	132.11111111111111
NM_001179544.1	24	54	70	114	148	155	187	194	243	132.11111111111111
NM_001179413.1	31	50	81	96	135	171	182	208	236	132.22222222222223
NM_001183915.1	28	52	71	99	152	164	176	219	230	132.33333333333334
NM_001178194.1	26	50	63	113	127	172	180	217	243	132.33333333333334
NM_001180935.1	21	57	80	93	117	156	199	211	258	132.44444444444446
NM_001179008.1	24	60	80	117	132	151	180	210	239	132.55555555555554
NM_001178249.1	22	60	81	93	126	147	199	220	246	132.66666666666666
NM_001182684.1	26	55	71	93	136	169	191	214	241	132.88888888888889
NM_001178442.2	25	51	83	101	120	171	197	205	244	133.0
NM_001184512.1	19	46	81	110	124	169	185	211	252	133.0
NM_001178776.1	22	51	97	100	149	149	188	199	243	133.11111111111111
NM_001182844.1	32	56	61	126	137	160	184	211	231	133.11111111111111
NM_001183076.1	25	53	81	100	131	151	200	224	235	133.33333333333334
NM_001183335.1	35	60	73	127	139	134	174	210	250	133.55555555555554
NM_001179456.1	30	56	72	91	136	156	192	220	249	133.55555555555554
NM_001180253.1	38	34	81	120	109	175	180	237	228	133.55555555555554
NM_001184330.1	26	61	92	115	125	158	173	211	242	133.66666666666666
NM_001183203.1	16	61	72	98	138	167	182	220	249	133.66666666666666
NM_001180995.3	32	51	57	113	158	159	174	219	240	133.66666666666666
NM_001183231.1	23	55	75	105	132	154	192	220	247	133.66666666666666
NM_001180126.1	30	43	85	113	128	158	188	219	241	133.88888888888889
NM_001182654.1	34	41	80	128	122	163	183	205	249	133.88888888888889
NM_001182460.1	31	51	88	108	127	162	185	216	240	134.22222222222223
NM_001181016.1	30	49	86	118	131	159	186	207	243	134.33333333333334
NM_001183736.3	25	59	75	111	125	153	204	209	249	134.44444444444446
NM_001183972.1	31	60	70	97	145	147	196	231	235	134.66666666666666
NM_001182149.1	24	55	77	109	146	157	195	215	234	134.66666666666666
NM_001181956.1	23	67	69	109	125	153	200	221	245	134.66666666666666
NM_001179097.1	33	59	71	101	140	165	171	238	235	134.77777777777777
NM_001181055.1	31	62	75	108	128	162	191	219	238	134.88888888888889
NM_001183919.1	20	57	89	92	135	169	193	215	245	135.0
NM_001180224.1	23	50	82	121	133	177	178	219	233	135.11111111111111
NM_001181675.1	27	59	70	100	132	154	195	228	254	135.44444444444446
NM_001178304.1	24	65	82	102	130	161	179	235	242	135.55555555555554
NM_001182239.1	23	57	82	117	128	160	185	222	249	135.88888888888889
NM_001181776.3	23	49	93	111	127	149	197	215	259	135.88888888888889
NM_001183741.1	26	46	84	125	144	165	200	187	246	135.88888888888889
NM_001183384.1	30	54	77	110	138	164	185	217	249	136.0
NM_001182221.1	31	57	95	109	157	155	163	210	247	136.0
NM_001182989.3	30	58	82	113	146	153	195	220	230	136.33333333333334
NM_001180662.3	25	60	83	109	148	167	182	210	243	136.33333333333334
NM_001183991.1	26	49	74	120	135	156	197	215	256	136.44444444444446
NM_001182560.1	22	70	73	97	135	173	211	219	228	136.44444444444446
NM_001184139.1	30	60	83	100	135	162	198	216	246	136.66666666666666
NM_001179815.3	28	60	99	105	135	156	193	198	257	136.77777777777777
NM_001178402.1	16	59	80	119	139	163	204	201	250	136.77777777777777
NM_001179676.1	32	60	87	101	132	171	202	194	252	136.77777777777777
NM_001181802.1	26	64	86	114	131	147	169	230	265	136.88888888888889
NM_001181843.1	25	68	78	112	131	152	197	224	245	136.88888888888889
NM_001184382.1	30	49	85	107	133	167	209	217	236	137.0
NM_001180885.1	27	56	89	96	133	177	177	223	256	137.11111111111111
NM_001183264.1	26	58	88	111	140	163	204	200	245	137.22222222222223
NM_001183210.1	31	47	101	106	125	174	186	220	247	137.44444444444446
NM_001178990.3	33	59	75	106	128	173	182	237	244	137.44444444444446
NM_001184186.1	19	55	83	96	129	161	211	234	249	137.44444444444446
NM_001178679.1	21	57	75	106	132	179	207	217	244	137.55555555555554
NM_001182198.1	27	46	89	122	131	171	188	226	241	137.88888888888889
NM_001182999.3	27	67	78	96	148	162	195	231	238	138.0
NM_001178508.3	28	55	105	105	153	161	190	212	234	138.11111111111111
NM_001178325.1	23	71	70	95	140	157	206	231	250	138.11111111111111
NM_001180516.1	30	54	74	118	123	167	198	225	254	138.11111111111111
NM_001184251.1	25	61	82	113	112	176	194	214	266	138.11111111111111
NM_001183168.1	31	41	71	107	149	167	204	232	242	138.22222222222223
NM_001184131.1	22	58	98	115	141	151	200	218	241	138.22222222222223
NM_001182991.1	40	58	79	116	135	173	194	195	258	138.66666666666666
NM_001183837.1	27	51	92	95	141	161	183	240	259	138.77777777777777
NM_001178401.1	36	56	98	100	149	175	202	200	233	138.77777777777777
NM_001182743.1	15	48	86	101	164	159	208	214	255	138.88888888888889
NM_001181405.1	28	66	86	116	143	154	192	223	242	138.88888888888889
NM_001182074.1	36	62	86	103	142	155	186	251	231	139.11111111111111
NM_001179251.1	35	42	84	111	147	153	206	220	254	139.11111111111111
NM_001182510.1	34	70	93	111	131	152	216	208	238	139.22222222222223
NM_001180158.1	27	62	74	126	127	166	181	242	252	139.66666666666666
NM_001182174.1	27	59	81	111	147	174	185	231	243	139.77777777777777
NM_001180295.1	21	58	88	114	131	161	204	228	255	140.0
NM_001179526.1	34	56	74	99	143	174	197	235	248	140.0
NM_001181254.1	29	68	88	98	134	159	206	233	246	140.11111111111111
NM_001180226.1	29	50	88	105	136	163	211	211	269	140.22222222222223
NM_001184035.1	32	51	80	98	141	182	203	230	246	140.33333333333334
NM_001179475.1	29	65	83	125	154	160	175	217	256	140.44444444444446
NM_001183130.1	26	43	82	105	135	177	211	229	258	140.66666666666666
NM_001181698.1	37	60	83	99	141	169	207	218	253	140.77777777777777
NM_001179793.1	37	54	82	112	137	164	182	236	265	141.0
NM_001180641.3	27	57	82	117	159	171	190	208	259	141.11111111111111
NM_001183607.3	35	42	80	122	135	158	207	228	264	141.22222222222223
NM_001182586.1	26	58	81	116	132	158	213	221	266	141.22222222222223
NM_001179267.1	23	54	93	117	147	162	194	227	255	141.33333333333334
NM_001179199.1	27	52	94	116	137	163	197	231	256	141.44444444444446
NM_001179818.2	27	61	87	121	148	165	187	212	266	141.55555555555554
NM_001183396.2	23	58	81	96	162	175	200	221	258	141.55555555555554
NM_001181531.1	26	40	97	95	164	153	217	211	274	141.88888888888889
NM_001179142.1	21	57	104	101	141	170	201	228	260	142.55555555555554
NM_001181399.1	35	43	82	119	157	172	188	234	254	142.66666666666666
NM_001178818.1	20	61	84	112	157	171	193	213	273	142.66666666666666
NM_001179548.3	24	65	85	109	133	161	195	245	269	142.88888888888889
NM_001181209.3	32	57	87	126	126	180	185	235	259	143.0
NM_001178627.1	23	46	93	101	165	181	181	237	262	143.22222222222223
NM_001184448.1	21	55	73	110	160	171	203	226	271	143.33333333333334
NM_001178514.1	25	50	94	112	135	167	201	230	277	143.44444444444446
NM_001180012.3	27	57	86	131	154	160	206	214	257	143.55555555555554
NM_001183520.1	26	57	87	122	141	163	204	237	255	143.55555555555554
NM_001179358.3	23	69	87	118	139	187	197	211	261	143.55555555555554
NM_001181834.1	31	61	88	99	139	174	196	240	265	143.66666666666666
NM_001180071.1	35	55	74	120	137	184	195	224	269	143.66666666666666
NM_001178342.1	32	67	84	102	149	170	204	230	256	143.77777777777777
NM_001181361.3	40	59	83	99	164	163	206	228	254	144.0
NM_001184316.1	33	52	81	119	142	174	206	236	254	144.11111111111111
NM_001179852.1	40	63	77	132	141	159	185	227	273	144.11111111111111
NM_001183261.1	25	47	78	115	147	161	212	252	261	144.22222222222223
NM_001180106.1	34	48	87	118	155	176	203	228	249	144.22222222222223
NM_001180380.3	33	69	85	113	148	185	178	244	243	144.22222222222223
NM_001178899.1	25	59	99	90	156	173	213	228	256	144.33333333333334
NM_001182993.1	24	70	76	113	133	189	221	211	262	144.33333333333334
NM_001178345.2	37	62	81	126	147	169	198	222	257	144.33333333333334
NM_001182832.1	28	51	81	123	140	155	219	240	263	144.44444444444446
NM_001181026.3	30	61	82	111	145	172	192	244	263	144.44444444444446
NM_001180297.2	22	46	94	101	144	183	198	237	275	144.44444444444446
NM_001183004.1	32	68	74	110	126	179	212	240	261	144.66666666666666
NM_001181328.1	27	57	87	124	162	176	194	219	257	144.77777777777777
NM_001179359.1	33	54	83	130	130	166	214	221	273	144.88888888888889
NM_001180058.2	35	59	88	103	152	176	193	246	253	145.0
NM_001182415.1	23	70	92	132	136	176	202	227	247	145.0
NM_001179591.1	26	68	96	96	140	181	194	244	260	145.0
NM_001181327.3	28	53	83	113	148	170	208	232	271	145.11111111111111
NM_001183213.1	28	61	104	113	152	162	186	237	265	145.33333333333334
NM_001184270.1	28	56	85	130	150	192	176	231	260	145.33333333333334
NM_001182822.1	30	53	82	115	147	173	206	230	273	145.44444444444446
NM_001180681.3	21	64	98	136	137	170	195	223	265	145.44444444444446
NM_001181895.1	34	54	72	129	140	160	206	234	281	145.55555555555554
NM_001180720.3	29	56	81	114	138	159	221	263	250	145.66666666666666
NM_001178750.1	29	54	98	117	152	167	199	249	247	145.77777777777777
NM_001179253.1	24	50	105	128	133	179	189	243	263	146.0
NM_001180344.1	28	63	87	118	151	167	196	238	268	146.22222222222223
NM_001180639.1	23	58	74	111	163	189	206	239	254	146.33333333333334
NM_001180839.3	27	61	94	126	144	176	193	255	242	146.44444444444446
NM_001179154.1	28	62	88	116	145	169	209	248	253	146.44444444444446
NM_001182438.1	39	65	88	111	146	175	212	216	266	146.44444444444446
NM_001182875.3	31	52	101	120	138	170	199	234	274	146.55555555555554
NM_001183993.1	35	56	89	111	146	173	208	235	268	146.77777777777777
NM_001178762.1	30	50	90	125	153	170	215	241	248	146.88888888888889
NM_001183458.1	36	64	91	136	146	165	198	234	252	146.88888888888889
NM_001183006.1	31	59	80	116	143	179	197	246	272	147.0
NM_001179680.1	24	57	82	122	156	166	217	238	261	147.0
NM_001183683.3	30	56	70	120	156	178	205	230	282	147.44444444444446
NM_001179398.1	34	59	85	111	148	184	204	244	258	147.44444444444446
NM_001179665.1	26	57	75	133	159	192	207	231	247	147.44444444444446
NM_001179107.1	28	74	96	103	152	181	207	230	257	147.55555555555554
NM_001178662.1	26	56	95	123	179	166	217	221	246	147.66666666666666
NM_001179860.1	19	55	90	122	133	169	242	243	256	147.66666666666666
NM_001183228.1	31	55	86	115	148	192	205	239	258	147.66666666666666
NM_001179510.1	28	55	68	126	153	172	209	243	276	147.77777777777777
NM_001181690.1	32	63	80	112	141	181	214	237	270	147.77777777777777
NM_001179930.1	36	70	85	139	143	175	203	224	256	147.88888888888889
NM_001181983.1	18	51	91	120	164	165	204	230	289	148.0
NM_001180884.3	22	46	95	116	152	177	227	242	256	148.11111111111111
NM_001179200.1	32	56	105	112	163	171	198	236	260	148.11111111111111
NM_001179958.1	26	62	101	129	153	167	215	232	252	148.55555555555554
NM_001181953.1	20	64	94	125	148	141	235	226	284	148.55555555555554
NM_001183700.3	26	68	92	127	136	161	213	247	268	148.66666666666666
NM_001181167.1	40	61	84	109	147	175	203	256	264	148.77777777777777
NM_001179695.2	30	58	85	117	136	171	231	250	262	148.88888888888889
NM_001181726.3	33	61	72	113	150	192	200	246	273	148.88888888888889
NM_001181395.1	20	54	94	106	165	155	212	255	281	149.11111111111111
NM_001178749.1	24	67	91	123	152	178	228	215	264	149.11111111111111
NM_001182728.1	26	56	90	130	160	173	212	238	257	149.11111111111111
NM_001181534.1	30	59	75	117	170	181	187	260	263	149.11111111111111
NM_001179127.2	29	66	88	114	155	194	191	225	280	149.11111111111111
NM_001180900.1	34	64	100	126	143	172	222	214	268	149.22222222222223
NM_001179476.1	21	51	83	122	144	166	216	256	289	149.77777777777777
NM_001181134.3	36	54	77	122	141	191	213	238	277	149.88888888888889
NM_001184266.1	36	54	92	120	168	178	184	236	284	150.22222222222223
NM_001181912.1	25	65	69	100	161	183	222	236	292	150.33333333333334
NM_001181630.1	26	62	87	123	151	178	208	245	274	150.44444444444446
NM_001179957.1	27	64	87	113	147	162	218	265	273	150.66666666666666
NM_001183684.1	29	62	94	130	150	174	204	244	272	151.0
NM_001180825.1	34	61	97	118	152	176	213	238	270	151.0
NM_001182283.1	29	73	85	115	159	177	204	235	282	151.0
NM_001183274.1	30	64	102	120	161	153	202	254	275	151.22222222222223
NM_001181015.1	38	57	84	128	141	177	233	226	278	151.33333333333334
NM_001181520.1	25	61	97	112	155	189	214	246	264	151.44444444444446
NM_001181507.1	35	59	93	112	148	182	194	260	281	151.55555555555554
NM_001183420.1	27	66	91	102	159	183	215	247	274	151.55555555555554
NM_001181439.3	31	74	98	123	164	185	187	233	270	151.66666666666666
NM_001180609.1	34	62	107	126	154	181	200	235	267	151.77777777777777
NM_001182912.3	27	65	85	123	155	173	220	243	276	151.88888888888889
NM_001180647.1	34	64	86	107	157	183	222	247	267	151.88888888888889
NM_001179131.1	37	50	81	127	158	188	206	253	268	152.0
NM_001183508.1	33	52	94	125	148	192	216	234	275	152.11111111111111
NM_001182157.1	33	62	99	106	160	192	199	242	280	152.55555555555554
NM_001184232.1	27	58	101	109	163	191	210	246	268	152.55555555555554
NM_001182898.1	37	65	106	125	141	190	207	242	261	152.66666666666666
NM_001183024.2	29	58	93	130	150	179	211	261	266	153.0
NM_001183844.1	23	55	91	103	161	182	212	244	309	153.33333333333334
NM_001183660.1	38	64	99	122	147	185	213	259	254	153.44444444444446
NM_001179202.2	30	65	107	108	157	187	198	248	283	153.66666666666666
NM_001180764.3	32	61	91	121	157	169	224	265	264	153.77777777777777
NM_001179285.1	22	52	99	116	155	197	209	265	269	153.77777777777777
NM_001181909.1	31	60	82	109	148	177	224	262	294	154.11111111111111
NM_001181475.1	41	67	86	121	161	186	230	221	274	154.11111111111111
NM_001183070.1	31	55	115	132	140	179	212	238	286	154.22222222222223
NM_001183215.1	43	65	80	115	145	183	225	248	286	154.44444444444446
NM_001178629.3	27	55	92	140	158	173	201	261	284	154.55555555555554
NM_001180712.3	37	61	82	116	149	187	214	262	283	154.55555555555554
NM_001183872.1	32	58	86	124	170	192	202	239	291	154.88888888888889
NM_001183939.1	36	59	109	117	162	184	194	266	269	155.11111111111111
NM_001179701.1	31	56	83	125	183	179	210	245	285	155.22222222222223
NM_001178174.1	41	73	98	111	142	195	208	232	297	155.22222222222223
NM_001180827.3	36	68	83	128	143	186	196	254	304	155.33333333333334
NM_001183560.1	20	75	107	122	149	194	218	250	263	155.33333333333334
NM_001178676.1	16	64	104	121	134	182	215	278	284	155.33333333333334
NM_001183621.1	26	58	98	136	155	186	221	234	285	155.44444444444446
NM_001180170.1	42	66	108	123	144	194	209	251	264	155.66666666666666
NM_001180018.3	24	63	90	141	167	167	228	247	274	155.66666666666666
NM_001179058.1	31	62	111	108	169	190	208	249	275	155.88888888888889
NM_001180265.1	36	67	80	131	164	177	209	257	282	155.88888888888889
NM_001182418.1	38	71	99	117	151	180	214	249	284	155.88888888888889
NM_001183702.1	34	50	91	128	173	179	212	258	279	156.0
NM_001182050.1	28	68	92	123	147	205	243	234	270	156.66666666666666
NM_001182656.1	25	51	93	122	158	201	239	248	273	156.66666666666666
NM_001182888.1	19	68	91	140	154	183	215	252	288	156.66666666666666
NM_001180460.3	31	70	98	136	147	170	226	249	284	156.77777777777777
NM_001179660.1	30	66	109	123	144	188	230	249	272	156.77777777777777
NM_001178729.1	32	60	89	115	142	206	221	253	293	156.77777777777777
NM_001179397.3	28	59	92	125	168	197	220	249	273	156.77777777777777
NM_001182985.1	33	59	97	132	155	193	218	241	284	156.88888888888889
NM_001179162.1	25	66	101	120	155	177	230	250	288	156.88888888888889
NM_001180757.1	39	74	83	115	164	185	209	265	278	156.88888888888889
NM_001180452.1	40	49	93	123	169	203	215	237	285	157.11111111111111
NM_001179477.3	26	51	80	127	156	202	217	247	308	157.11111111111111
NM_001182161.1	31	69	83	116	152	195	254	230	284	157.11111111111111
NM_001178757.1	33	59	86	122	151	186	227	270	281	157.22222222222223
NM_001178389.1	33	54	111	126	150	202	203	247	290	157.33333333333334
NM_001181494.1	37	73	102	129	160	181	219	224	294	157.66666666666666
NM_001181748.1	30	63	110	111	149	192	237	223	305	157.77777777777777
NM_001181717.3	24	64	102	120	166	194	223	248	280	157.88888888888889
NM_001179222.2	36	61	89	127	163	178	233	270	266	158.11111111111111
NM_001182306.1	41	57	106	135	166	173	203	267	276	158.22222222222223
NM_001181537.1	29	54	93	133	172	160	229	274	280	158.22222222222223
NM_001183756.1	24	62	106	116	153	190	216	253	305	158.33333333333334
NM_001182840.1	37	62	106	132	157	198	203	250	282	158.55555555555554
NM_001180977.1	27	61	81	121	162	188	246	261	280	158.55555555555554
NM_001182719.1	40	52	99	122	160	201	216	258	279	158.55555555555554
NM_001181118.1	27	63	102	120	146	190	248	258	275	158.77777777777777
NM_001181336.1	47	65	91	129	146	212	220	243	277	158.88888888888889
NM_001182118.1	27	64	120	135	163	192	212	256	261	158.88888888888889
NM_001179394.3	36	64	94	125	158	183	229	244	298	159.0
NM_001183820.1	21	68	90	132	155	175	223	267	301	159.11111111111111
NM_001178263.1	31	55	100	132	169	180	222	257	286	159.11111111111111
NM_001180813.2	24	64	90	115	162	183	235	266	293	159.11111111111111
NM_001178202.2	36	68	99	135	146	193	229	246	282	159.33333333333334
NM_001182723.1	21	56	111	132	157	200	219	245	293	159.33333333333334
NM_001180738.1	28	66	113	131	160	183	234	237	284	159.55555555555554
NM_001183735.1	26	72	102	134	141	211	223	246	282	159.66666666666666
NM_001181848.1	31	56	101	118	163	189	219	277	285	159.88888888888889
NM_001179862.1	30	75	86	122	175	190	201	268	292	159.88888888888889
NM_001181863.1	31	69	87	124	152	201	222	268	286	160.0
NM_001180569.1	24	75	93	143	169	197	228	234	278	160.11111111111111
NM_001179066.1	33	63	102	118	155	192	248	257	273	160.11111111111111
NM_001178998.3	35	66	107	129	175	185	225	253	266	160.11111111111111
NM_001180221.1	19	63	93	127	168	195	210	271	295	160.11111111111111
NM_001182518.1	28	71	104	133	146	205	223	229	304	160.33333333333334
NM_001183378.1	35	71	86	127	165	192	245	245	277	160.33333333333334
NM_001182389.1	35	55	112	137	170	179	211	238	307	160.44444444444446
NM_001180425.3	34	75	90	128	166	202	219	244	286	160.44444444444446
NM_001179119.1	27	47	112	140	178	174	233	254	281	160.66666666666666
NM_001182090.1	24	69	91	138	171	195	210	246	302	160.66666666666666
NM_001178488.3	35	71	82	141	168	190	209	255	297	160.88888888888889
NM_001180175.1	25	59	100	151	144	188	252	245	285	161.0
NM_001183221.1	36	57	92	133	147	188	244	269	287	161.44444444444446
NM_001184162.1	27	64	106	121	179	196	224	256	281	161.55555555555554
NM_001179870.3	32	68	100	129	167	199	217	265	278	161.66666666666666
NM_001182307.3	38	61	109	128	174	178	225	262	281	161.77777777777777
NM_001182497.1	32	76	83	143	168	184	212	255	305	162.0
NM_001178772.1	31	83	96	116	158	205	221	259	291	162.22222222222223
NM_001179993.3	27	56	97	133	172	182	256	266	274	162.55555555555554
NM_001180921.2	36	69	99	116	158	197	223	272	293	162.55555555555554
NM_001182210.1	32	65	93	123	185	202	208	252	303	162.55555555555554
NM_001180656.1	23	62	97	139	170	190	221	275	286	162.55555555555554
NM_001180201.1	23	72	97	157	172	175	224	262	288	163.33333333333334
NM_001181005.1	36	65	107	135	143	196	246	252	290	163.33333333333334
NM_001179181.1	34	66	93	141	163	197	220	255	301	163.33333333333334
NM_001178756.1	30	66	93	145	140	214	226	276	280	163.33333333333334
NM_001184340.1	37	63	98	110	142	190	231	280	319	163.33333333333334
NM_001180309.1	32	58	106	134	160	183	228	272	297	163.33333333333334
NM_001180079.3	31	66	87	122	155	206	255	251	298	163.44444444444446
NM_001184211.1	25	66	81	129	166	202	246	266	291	163.55555555555554
NM_001182569.1	27	63	108	139	164	189	226	270	287	163.66666666666666
NM_001183427.1	27	72	103	127	160	204	237	249	294	163.66666666666666
NM_001180611.3	35	69	105	120	144	207	246	259	291	164.0
NM_001181573.1	28	67	109	128	160	189	266	247	283	164.11111111111111
NM_001182891.1	24	66	87	144	175	190	229	275	289	164.33333333333334
NM_001182589.1	35	60	108	125	168	200	234	255	295	164.44444444444446
NM_001183873.1	38	57	99	122	164	205	231	271	293	164.44444444444446
NM_001179139.1	31	59	101	142	163	204	231	269	281	164.55555555555554
NM_001178546.1	24	72	77	110	183	206	241	272	296	164.55555555555554
NM_001183229.3	33	66	78	132	177	207	241	256	292	164.66666666666666
NM_001181835.1	34	77	108	140	154	191	207	268	304	164.77777777777777
NM_001184396.2	26	71	98	130	171	199	225	279	284	164.77777777777777
NM_001181409.1	32	67	99	131	151	190	234	268	312	164.88888888888889
NM_001180949.1	37	68	88	137	171	209	248	233	294	165.0
NM_001182843.1	40	66	125	134	159	188	216	274	285	165.22222222222223
NM_001183705.3	29	62	106	136	168	192	247	248	301	165.44444444444446
NM_001182217.1	36	69	84	128	171	186	242	273	303	165.77777777777777
NM_001178520.3	28	66	104	124	148	191	239	297	296	165.88888888888889
NM_001181495.1	36	68	96	116	167	208	228	273	305	166.33333333333334
NM_001180217.1	28	75	96	148	147	208	239	257	304	166.88888888888889
NM_001183185.1	30	83	97	133	163	187	220	280	309	166.88888888888889
NM_001183951.1	36	54	108	137	184	206	225	279	274	167.0
NM_001182929.1	31	73	100	131	159	206	225	286	293	167.11111111111111
NM_001178830.1	28	51	103	131	161	212	240	285	293	167.11111111111111
NM_001183144.1	28	75	112	136	168	193	245	238	309	167.11111111111111
NM_001181512.1	34	73	112	130	178	186	224	284	284	167.22222222222223
NM_001183306.1	26	73	103	135	160	198	229	279	304	167.44444444444446
NM_001182108.1	36	59	97	132	176	193	227	269	321	167.77777777777777
NM_001184046.1	36	66	102	146	157	200	216	285	303	167.88888888888889
NM_001178766.1	30	77	95	111	157	225	235	283	298	167.88888888888889
NM_001183135.1	30	63	117	164	164	204	229	270	272	168.11111111111111
NM_001181890.1	36	60	117	143	146	182	245	270	316	168.33333333333334
NM_001182087.1	35	72	109	117	170	211	225	261	315	168.33333333333334
NM_001178171.2	41	42	104	126	178	196	248	279	301	168.33333333333334
NM_001180490.1	34	75	89	130	154	225	244	256	308	168.33333333333334
NM_001181004.3	33	55	99	122	176	204	247	281	300	168.55555555555554
NM_001179017.1	44	66	117	132	160	199	235	280	285	168.66666666666666
NM_001180078.1	31	78	98	150	157	218	231	255	301	168.77777777777777
NM_001182913.3	30	62	105	115	179	204	226	283	319	169.22222222222223
NM_001183161.1	28	63	107	132	192	209	224	267	306	169.77777777777777
NM_001180837.1	31	73	102	124	175	190	254	246	334	169.88888888888889
NM_001181606.1	32	72	95	144	160	210	217	297	302	169.88888888888889
NM_001178364.1	32	71	92	155	158	219	220	272	311	170.0
NM_001178609.1	33	67	91	148	161	217	237	265	312	170.11111111111111
NM_001180980.1	34	73	92	153	163	205	224	257	330	170.11111111111111
NM_001184240.1	36	63	110	134	183	192	218	269	326	170.11111111111111
NM_001184020.1	26	72	98	141	175	189	254	251	327	170.33333333333334
NM_001180180.1	29	73	107	134	162	200	234	284	311	170.44444444444446
NM_001179385.1	33	73	98	140	181	201	221	273	315	170.55555555555554
NM_001180716.3	36	66	111	136	175	221	226	276	291	170.88888888888889
NM_001183590.1	37	70	106	140	172	191	232	280	311	171.0
NM_001179186.2	39	61	69	156	176	201	252	262	323	171.0
NM_001182407.1	27	71	105	143	170	207	236	276	305	171.11111111111111
NM_001183522.1	38	65	116	141	187	190	241	280	283	171.22222222222223
NM_001184183.1	25	65	111	136	167	213	238	272	315	171.33333333333334
NM_001182426.1	35	67	98	126	162	194	244	301	316	171.44444444444446
NM_001181561.2	27	64	101	148	169	209	235	269	322	171.55555555555554
NM_001179153.1	42	60	107	126	177	197	240	270	325	171.55555555555554
NM_001180227.1	45	62	106	138	157	219	235	278	305	171.66666666666666
NM_001181975.1	32	74	96	144	167	209	247	276	300	171.66666666666666
NM_001181396.1	34	79	101	125	172	193	243	269	330	171.77777777777777
NM_001183863.1	35	85	112	132	173	199	229	274	310	172.11111111111111
NM_001179493.1	25	58	81	146	177	216	231	292	323	172.11111111111111
NM_001183423.1	22	74	103	155	164	202	235	277	320	172.44444444444446
NM_001179420.1	37	68	101	139	182	196	243	270	319	172.77777777777777
NM_001182323.3	37	76	109	142	176	193	234	261	327	172.77777777777777
NM_001181362.3	43	59	105	126	167	199	250	286	320	172.77777777777777
NM_001180133.1	37	66	95	145	188	204	260	265	296	172.88888888888889
NM_001182552.1	50	77	95	146	162	186	231	287	324	173.11111111111111
NM_001182946.1	26	79	91	126	179	219	246	263	329	173.11111111111111
NM_001180233.1	26	72	92	136	162	203	266	296	305	173.11111111111111
NM_001181310.3	39	76	117	148	168	204	213	286	307	173.11111111111111
NM_001178921.1	37	79	102	134	178	196	238	285	310	173.22222222222223
NM_001183830.2	27	73	109	147	171	208	235	280	310	173.33333333333334
NM_001181493.3	32	63	106	142	173	214	243	281	308	173.55555555555554
NM_001179606.3	35	80	98	130	175	188	250	285	323	173.77777777777777
NM_001180459.3	32	43	100	152	176	222	243	275	324	174.11111111111111
NM_001180145.1	38	69	94	144	179	212	245	275	311	174.11111111111111
NM_001180151.1	35	74	107	131	172	207	231	280	331	174.22222222222223
NM_001179688.1	39	79	105	136	176	210	215	282	326	174.22222222222223
NM_001180760.3	33	74	106	145	177	220	230	263	320	174.22222222222223
NM_001178780.1	34	73	97	137	167	225	252	291	292	174.22222222222223
NM_001180238.1	28	77	105	150	182	218	249	246	314	174.33333333333334
NM_001179135.1	29	68	96	157	177	207	231	289	316	174.44444444444446
NM_001179814.1	40	78	114	148	161	203	254	264	311	174.77777777777777
NM_001179247.1	32	77	91	144	198	210	247	276	300	175.0
NM_001183325.1	34	75	99	135	195	207	237	287	309	175.33333333333334
NM_001183867.1	33	62	105	144	178	220	239	287	317	176.11111111111111
NM_001183670.3	33	60	108	137	179	210	242	287	331	176.33333333333334
NM_001179778.1	40	62	104	156	171	217	262	270	305	176.33333333333334
NM_001183109.2	46	66	93	155	178	195	264	283	307	176.33333333333334
NM_001182814.1	30	66	120	119	190	208	250	287	318	176.44444444444446
NM_001184170.1	36	71	108	137	165	226	261	282	303	176.55555555555554
NM_001179439.1	23	84	111	122	164	214	265	277	330	176.66666666666666
NM_001178421.4	38	78	120	136	183	203	227	284	322	176.77777777777777
NM_001183542.1	32	61	109	150	182	211	250	266	331	176.88888888888889
NM_001181373.3	42	62	100	129	170	212	247	303	330	177.22222222222223
NM_001179694.1	40	74	108	139	172	223	252	261	326	177.22222222222223
NM_001178744.1	34	63	101	144	182	209	271	270	322	177.33333333333334
NM_001180602.1	33	77	103	144	189	219	251	284	298	177.55555555555554
NM_001179488.1	35	62	101	141	187	217	250	284	321	177.55555555555554
NM_001180453.1	32	77	105	148	179	218	241	296	304	177.77777777777777
NM_001183421.1	39	54	113	144	177	212	244	295	324	178.0
NM_001183672.3	38	63	113	143	162	202	249	300	333	178.11111111111111
NM_001178615.4	30	73	101	130	182	231	251	297	309	178.22222222222223
NM_001183461.1	29	67	102	140	204	232	235	271	324	178.22222222222223
NM_001181098.1	31	75	130	116	177	212	240	292	336	178.77777777777777
NM_001182530.1	35	87	100	148	177	225	248	276	314	178.88888888888889
NM_001181501.1	38	73	105	147	188	209	250	284	316	178.88888888888889
NM_001182575.1	27	76	112	150	181	204	239	296	325	178.88888888888889
NM_001183380.1	39	55	123	136	168	199	273	286	333	179.11111111111111
NM_001179328.4	27	69	105	151	189	220	248	292	314	179.44444444444446
NM_001182490.1	47	61	103	128	181	203	254	316	322	179.44444444444446
NM_001179243.1	29	65	110	154	179	226	241	295	317	179.55555555555554
NM_001184060.1	33	80	95	136	188	224	253	269	342	180.0
NM_001181700.1	39	77	112	139	180	203	239	276	355	180.0
NM_001181046.1	29	75	115	145	177	219	262	302	297	180.11111111111111
NM_001181138.3	38	66	110	131	171	230	244	302	334	180.66666666666666
NM_001183486.1	36	72	101	171	201	229	213	290	313	180.66666666666666
NM_001182727.1	21	78	103	148	210	219	259	281	312	181.22222222222223
NM_001182183.1	34	102	107	147	166	227	236	291	321	181.22222222222223
NM_001180580.3	32	88	96	162	176	219	248	275	336	181.33333333333334
NM_001178518.1	35	79	104	139	189	208	262	287	330	181.44444444444446
NM_001183896.1	34	71	124	144	192	201	248	298	322	181.55555555555554
NM_001178374.1	42	73	111	151	189	197	261	302	310	181.77777777777777
NM_001181555.1	35	84	90	147	187	210	282	273	331	182.11111111111111
NM_001178953.3	38	75	102	151	198	222	259	275	320	182.22222222222223
NM_001182225.1	44	74	110	147	191	213	254	285	322	182.22222222222223
NM_001178503.1	39	78	106	147	168	220	263	306	316	182.55555555555554
NM_001181078.1	36	72	89	148	194	232	257	277	339	182.66666666666666
NM_001181234.3	45	81	108	151	177	217	242	287	336	182.66666666666666
NM_001179631.2	38	54	110	140	187	234	264	286	332	182.77777777777777
NM_001179296.1	37	64	120	132	187	231	243	300	332	182.88888888888889
NM_001183790.1	40	86	108	134	187	200	260	287	345	183.0
NM_001184194.2	30	76	118	137	182	235	234	293	342	183.0
NM_001180686.1	48	72	104	132	176	210	273	281	352	183.11111111111111
NM_001181640.1	34	83	112	139	181	226	247	302	332	184.0
NM_001182766.1	41	66	111	161	182	212	247	298	338	184.0
NM_001179666.1	27	77	105	147	186	224	260	302	330	184.22222222222223
NM_001183475.1	33	75	110	128	204	219	269	283	338	184.33333333333334
NM_001182362.1	38	68	117	149	212	205	243	300	329	184.55555555555554
NM_001179950.1	29	65	94	128	213	218	255	327	332	184.55555555555554
NM_001180824.3	48	83	115	157	178	215	264	286	317	184.77777777777777
NM_001179062.1	33	91	119	145	180	208	251	322	315	184.88888888888889
NM_001184241.1	43	81	107	136	179	228	260	287	344	185.0
NM_001180362.1	33	69	124	160	184	215	260	298	322	185.0
NM_001181718.1	25	71	115	146	183	231	267	282	347	185.22222222222223
NM_001179148.1	38	80	132	130	188	220	244	295	342	185.44444444444446
NM_001183067.1	34	82	105	143	184	208	262	307	346	185.66666666666666
NM_001179002.3	30	74	114	160	180	229	255	308	325	186.11111111111111
NM_001179966.1	32	77	125	138	181	223	250	313	341	186.66666666666666
NM_001181091.1	35	70	90	152	201	243	253	303	333	186.66666666666666
NM_001178974.1	49	80	116	150	178	234	238	314	323	186.88888888888889
NM_001179212.1	34	67	106	167	184	208	260	306	351	187.0
NM_001179036.1	29	90	109	135	176	238	262	310	334	187.0
NM_001178550.4	41	69	104	135	183	236	264	313	343	187.55555555555554
NM_001180965.1	46	70	124	141	191	211	275	297	336	187.88888888888889
NM_001182007.1	47	58	125	171	170	224	266	305	327	188.11111111111111
NM_001180391.3	35	74	119	142	197	238	254	306	328	188.11111111111111
NM_001182172.1	42	86	119	146	160	228	279	289	345	188.22222222222223
NM_001182695.1	39	90	115	138	202	229	247	297	338	188.33333333333334
NM_001183992.1	33	75	115	148	188	213	286	303	334	188.33333333333334
NM_001179751.1	36	95	123	146	182	211	263	288	352	188.44444444444446
NM_001180553.1	42	72	112	172	186	223	272	292	329	188.88888888888889
NM_001184442.3	32	89	100	150	183	242	270	286	351	189.22222222222223
NM_001178560.3	50	83	132	133	201	216	272	284	333	189.33333333333334
NM_001182180.1	43	84	126	152	171	227	269	292	340	189.33333333333334
NM_001178979.3	25	78	124	146	197	221	269	304	340	189.33333333333334
NM_001179355.1	28	69	126	133	194	231	269	310	345	189.44444444444446
NM_001179158.1	39	74	114	154	168	232	278	309	337	189.44444444444446
NM_001183898.1	47	75	124	136	172	243	266	295	348	189.55555555555554
NM_001183636.1	43	77	121	142	174	226	265	307	353	189.77777777777777
NM_001181821.1	36	80	114	149	193	220	269	312	335	189.77777777777777
NM_001179757.1	33	66	114	153	172	236	267	325	343	189.88888888888889
NM_001178308.2	43	73	116	162	194	231	246	304	340	189.88888888888889
NM_001184157.1	42	85	117	144	194	219	257	321	333	190.22222222222223
NM_001180607.3	38	70	112	144	188	213	272	326	349	190.22222222222223
NM_001181971.1	40	76	111	153	184	236	257	312	345	190.44444444444446
NM_001183794.1	46	66	126	144	195	230	258	326	323	190.44444444444446
NM_001184116.1	42	70	115	162	206	221	265	309	325	190.55555555555554
NM_001178547.3	33	62	109	170	191	223	275	301	351	190.55555555555554
NM_001182624.1	35	78	97	155	179	222	287	321	346	191.11111111111111
NM_001182479.1	44	69	106	148	197	248	279	299	330	191.11111111111111
NM_001181051.1	31	72	121	161	187	208	282	317	341	191.11111111111111
NM_001180463.1	40	62	108	158	193	254	263	319	326	191.44444444444446
NM_001181961.1	48	76	121	132	189	233	253	307	365	191.55555555555554
NM_001180923.1	34	69	112	153	180	220	283	306	369	191.77777777777777
NM_001182745.1	38	72	127	171	188	249	254	289	339	191.88888888888889
NM_001179816.1	35	74	125	148	200	223	267	319	338	192.11111111111111
NM_001178406.1	39	80	109	146	190	228	281	301	356	192.22222222222223
NM_001180448.1	39	82	107	164	204	196	247	338	354	192.33333333333334
NM_001181037.1	33	69	120	180	182	236	251	294	366	192.33333333333334
NM_001178895.1	32	69	125	160	216	216	253	299	361	192.33333333333334
NM_001182977.3	40	88	108	148	205	209	271	299	363	192.33333333333334
NM_001180195.1	37	87	119	167	186	230	253	304	349	192.44444444444446
NM_001182987.1	37	86	108	149	184	247	293	288	341	192.55555555555554
NM_001179770.1	33	80	109	183	198	232	253	329	318	192.77777777777777
NM_001179031.1	35	74	113	172	179	233	278	324	331	193.22222222222223
NM_001182023.1	36	69	132	149	204	218	266	302	364	193.33333333333334
NM_001180904.1	35	75	117	172	191	210	277	320	343	193.33333333333334
NM_001178444.3	46	76	111	156	195	249	260	305	343	193.44444444444446
NM_001179925.1	38	82	104	139	197	223	271	316	373	193.66666666666666
NM_001183020.1	36	75	96	140	191	249	276	311	370	193.77777777777777
NM_001179289.1	42	78	130	136	177	243	268	331	339	193.77777777777777
NM_001181108.1	33	67	115	165	203	227	269	292	374	193.88888888888889
NM_001181207.3	31	66	103	145	202	239	286	312	361	193.88888888888889
NM_001182883.1	36	90	123	166	184	248	277	277	346	194.11111111111111
NM_001181056.1	25	79	109	159	184	247	278	324	343	194.22222222222223
NM_001179707.1	33	80	123	158	176	229	283	315	351	194.22222222222223
NM_001180605.1	32	70	105	160	218	215	287	330	337	194.88888888888889
NM_001179726.1	40	79	135	144	194	243	268	302	351	195.11111111111111
NM_001182240.1	32	83	118	162	209	207	282	317	348	195.33333333333334
NM_001182494.1	35	94	111	153	190	245	258	309	367	195.77777777777777
NM_001182246.1	38	85	115	159	192	230	301	307	341	196.44444444444446
NM_001178765.1	29	69	120	173	199	243	252	321	362	196.44444444444446
NM_001183686.1	42	64	133	162	187	221	271	339	349	196.44444444444446
NM_001182155.1	48	79	125	149	207	235	274	310	344	196.77777777777777
NM_001179669.1	35	65	114	162	218	246	299	305	328	196.88888888888889
NM_001183365.1	48	73	118	162	201	230	282	311	347	196.88888888888889
NM_001183276.2	38	70	118	164	199	220	301	299	363	196.88888888888889
NM_001181831.1	39	83	109	167	191	227	278	309	370	197.0
NM_001178933.1	38	67	135	148	205	240	279	305	358	197.22222222222223
NM_001178847.1	45	78	131	158	188	236	269	329	342	197.33333333333334
NM_001183266.1	27	85	114	162	183	236	274	316	379	197.33333333333334
NM_001181339.1	41	84	121	163	190	229	263	330	360	197.88888888888889
NM_001179587.3	38	99	117	157	184	237	271	329	351	198.11111111111111
NM_001180122.1	40	80	132	149	202	241	266	327	347	198.22222222222223
NM_001184013.1	50	69	123	159	210	242	303	280	348	198.22222222222223
NM_001179218.1	44	76	120	151	199	230	280	332	353	198.33333333333334
NM_001181590.1	34	69	111	168	209	252	269	294	380	198.44444444444446
NM_001184126.1	29	86	121	153	202	241	311	314	330	198.55555555555554
NM_001178282.1	38	86	112	174	210	227	293	299	348	198.55555555555554
NM_001183631.3	40	88	108	169	193	223	277	325	364	198.55555555555554
NM_001183050.1	43	83	124	153	184	243	274	319	366	198.77777777777777
NM_001179466.1	42	84	120	173	190	218	281	314	369	199.0
NM_001183150.1	45	95	101	153	208	229	287	319	355	199.11111111111111
NM_001183101.1	50	85	117	159	200	241	268	309	365	199.33333333333334
NM_001183912.1	30	83	124	171	180	233	272	348	353	199.33333333333334
NM_001179555.1	46	81	119	173	210	232	277	334	324	199.55555555555554
NM_001183035.1	38	64	114	155	209	233	304	325	356	199.77777777777777
NM_001182707.1	36	72	130	171	200	255	278	316	344	200.22222222222223
NM_001178487.3	38	70	123	159	202	242	279	318	371	200.22222222222223
NM_001182289.3	41	88	106	188	185	229	294	314	358	200.33333333333334
NM_001180634.1	44	102	118	160	219	232	261	311	357	200.44444444444446
NM_001183709.3	44	78	117	150	209	242	287	295	383	200.55555555555554
NM_001180773.1	29	76	116	146	198	240	287	336	380	200.88888888888889
NM_001181097.1	42	83	118	162	232	226	272	324	357	201.77777777777777
NM_001184234.1	48	84	132	152	194	252	266	344	345	201.88888888888889
NM_001180742.3	54	89	120	158	193	233	271	339	362	202.11111111111111
NM_001178266.1	44	82	116	160	198	239	301	302	378	202.22222222222223
NM_001179678.1	39	82	130	155	211	245	275	309	374	202.22222222222223
NM_001179347.3	33	76	126	170	208	231	301	325	351	202.33333333333334
NM_001180285.1	45	74	122	175	203	225	288	321	368	202.33333333333334
NM_001182800.1	49	71	114	153	226	252	276	306	377	202.66666666666666
NM_001181611.1	33	89	119	160	205	247	294	321	363	203.44444444444446
NM_001180395.3	35	84	107	156	224	254	258	334	379	203.44444444444446
NM_001181322.1	31	79	137	146	196	238	288	346	371	203.55555555555554
NM_001181068.1	33	75	138	159	206	246	293	324	359	203.66666666666666
NM_001179004.1	34	71	114	158	190	256	308	335	368	203.77777777777777
NM_001182338.1	53	75	109	167	218	242	270	346	356	204.0
NM_001178959.3	35	75	121	166	189	235	284	331	401	204.11111111111111
NM_001182318.3	36	84	130	164	222	246	264	345	348	204.33333333333334
NM_001184085.1	40	86	126	149	194	244	284	340	378	204.55555555555554
NM_001179576.3	45	80	133	160	192	258	284	330	362	204.88888888888889
NM_001182721.1	40	97	131	165	198	252	285	310	366	204.88888888888889
NM_001179798.4	48	80	116	166	196	238	313	330	360	205.22222222222223
NM_001181410.3	26	83	133	146	218	245	283	337	377	205.33333333333334
NM_001182219.1	38	95	125	152	226	240	286	319	368	205.44444444444446
NM_001180352.1	54	88	117	157	191	235	288	346	375	205.66666666666666
NM_001179556.3	39	92	128	166	212	255	290	312	359	205.88888888888889
NM_001178519.3	45	70	114	166	228	245	285	326	374	205.88888888888889
NM_001179464.1	42	99	118	165	206	244	280	319	382	206.11111111111111
NM_001180771.3	40	77	123	174	202	269	300	324	349	206.44444444444446
NM_001181721.1	30	79	98	163	224	256	300	339	370	206.55555555555554
NM_001178377.1	53	74	129	176	212	243	288	327	359	206.77777777777777
NM_001180574.3	50	78	114	181	202	243	277	342	377	207.11111111111111
NM_001183960.1	45	88	123	166	220	241	292	323	368	207.33333333333334
NM_001179332.1	39	96	125	154	209	261	294	307	382	207.44444444444446
NM_001181390.3	40	71	137	172	210	249	301	302	387	207.66666666666666
NM_001178778.1	42	98	126	178	201	233	277	319	396	207.77777777777777
NM_001180497.1	44	78	123	184	214	248	299	334	351	208.33333333333334
NM_001179372.1	48	92	104	154	223	242	312	326	378	208.77777777777777
NM_001181488.1	44	88	123	165	198	256	285	344	379	209.11111111111111
NM_001180248.1	42	72	130	173	213	247	271	364	372	209.33333333333334
NM_001183330.1	49	64	119	178	220	255	293	333	373	209.33333333333334
NM_001180400.3	47	94	124	150	222	252	298	332	367	209.55555555555554
NM_001179756.1	42	65	141	179	223	237	299	330	370	209.55555555555554
NM_001178954.1	35	100	118	151	218	267	281	330	387	209.66666666666666
NM_001180976.1	37	79	136	181	201	239	285	348	382	209.77777777777777
NM_001178276.1	43	90	110	171	203	245	310	359	358	209.88888888888889
NM_001182572.1	34	83	116	181	207	255	292	331	391	210.0
NM_001180364.3	42	83	131	180	214	261	291	315	378	210.55555555555554
NM_001184018.1	56	76	137	167	202	267	277	336	380	210.88888888888889
NM_001182467.1	47	99	128	168	216	233	288	355	366	211.11111111111111
NM_001178280.1	51	90	101	190	225	225	307	340	371	211.11111111111111
NM_001178290.1	28	89	142	160	233	256	281	315	397	211.22222222222223
NM_001184245.1	42	83	134	155	222	248	304	322	391	211.22222222222223
NM_001184021.1	47	83	128	171	221	244	284	345	380	211.44444444444446
NM_001184230.1	37	74	126	150	221	251	292	350	404	211.66666666666666
NM_001178164.1	57	88	113	172	225	246	300	354	354	212.11111111111111
NM_001184288.1	37	83	142	173	210	243	309	329	383	212.11111111111111
NM_001179472.3	35	91	120	187	223	262	293	332	368	212.33333333333334
NM_001183383.1	43	100	127	169	206	252	290	341	386	212.66666666666666
NM_001182949.3	48	77	122	191	189	269	289	345	385	212.77777777777777
NM_001180261.1	33	85	99	172	231	248	302	353	400	213.66666666666666
NM_001178407.1	43	96	112	167	244	250	311	326	377	214.0
NM_001178822.1	47	90	125	166	212	253	279	356	400	214.22222222222223
NM_001183207.1	52	75	102	180	221	263	318	352	366	214.33333333333334
NM_001183319.1	50	84	128	177	254	244	297	319	377	214.44444444444446
NM_001181699.3	47	81	134	175	232	250	290	335	388	214.66666666666666
NM_001181599.1	51	83	111	165	221	261	314	358	369	214.77777777777777
NM_001181631.1	43	87	136	169	231	263	287	337	383	215.11111111111111
NM_001179741.1	43	84	140	173	214	240	313	361	368	215.11111111111111
NM_001179967.1	45	72	150	187	208	253	315	322	384	215.11111111111111
NM_001180401.1	47	86	135	166	211	259	314	337	383	215.33333333333334
NM_001180181.1	45	83	130	171	213	251	309	335	402	215.44444444444446
NM_001180273.1	34	91	135	168	211	258	282	383	377	215.44444444444446
NM_001182715.1	42	83	128	165	233	237	299	351	402	215.55555555555554
NM_001183030.2	38	93	135	190	211	237	289	352	395	215.55555555555554
NM_001181022.3	46	95	133	174	221	245	311	325	391	215.66666666666666
NM_001181502.1	45	104	136	192	213	260	281	331	381	215.88888888888889
NM_001180600.3	36	86	151	191	194	242	303	363	378	216.0
NM_001183464.1	38	95	119	168	201	274	311	346	395	216.33333333333334
NM_001181790.2	42	78	107	184	214	261	300	358	403	216.33333333333334
NM_001184101.1	33	95	138	133	230	263	307	344	407	216.66666666666666
NM_001183259.1	42	90	139	173	198	267	311	337	393	216.66666666666666
NM_001182093.1	33	85	128	179	227	251	310	346	395	217.11111111111111
NM_001182477.1	39	88	120	161	251	259	308	331	398	217.22222222222223
NM_001180193.1	39	87	124	184	210	265	304	349	402	218.22222222222223
NM_001184070.1	52	92	118	163	210	258	319	343	411	218.44444444444446
NM_001181036.1	51	79	128	171	214	259	313	353	400	218.66666666666666
NM_001184253.1	51	84	124	164	204	289	320	336	397	218.77777777777777
NM_001180129.1	45	78	128	164	205	265	306	380	398	218.77777777777777
NM_001182900.3	39	93	127	175	226	273	314	360	366	219.22222222222223
NM_001179573.1	53	95	139	179	219	237	330	339	382	219.22222222222223
NM_001178718.1	39	80	139	177	214	259	318	367	381	219.33333333333334
NM_001178196.2	37	93	130	177	218	291	301	321	406	219.33333333333334
NM_001181658.1	36	69	119	190	231	242	313	354	421	219.44444444444446
NM_001180161.2	37	81	143	164	213	297	296	360	388	219.88888888888889
NM_001179731.1	50	80	127	172	223	286	311	333	398	220.0
NM_001178651.1	36	77	142	174	238	255	305	376	381	220.44444444444446
NM_001181557.1	50	80	125	205	203	261	304	346	412	220.66666666666666
NM_001182269.3	35	89	136	165	232	260	313	357	401	220.88888888888889
NM_001179087.1	50	87	139	175	241	286	291	336	390	221.66666666666666
NM_001181259.1	49	80	126	197	211	258	326	351	398	221.77777777777777
NM_001178892.1	36	98	137	168	239	257	316	355	392	222.0
NM_001183408.1	44	101	135	167	219	266	301	364	401	222.0
NM_001182285.1	48	93	132	165	211	289	293	361	407	222.11111111111111
NM_001183196.1	56	85	148	171	229	250	297	366	398	222.22222222222223
NM_001178525.3	32	90	139	181	227	255	320	345	413	222.44444444444446
NM_001181066.1	50	87	135	176	230	259	314	354	400	222.77777777777777
NM_001181616.2	42	106	118	172	240	274	298	352	406	223.11111111111111
NM_001181337.1	57	89	144	173	213	280	307	358	392	223.66666666666666
NM_001181587.1	50	69	120	168	217	278	322	368	421	223.66666666666666
NM_001179486.3	55	104	121	174	213	254	317	366	410	223.77777777777777
NM_001180123.1	47	104	148	195	215	264	315	336	394	224.22222222222223
NM_001179319.1	27	84	134	186	223	270	320	349	426	224.33333333333334
NM_001180336.1	49	86	155	166	227	286	311	358	383	224.55555555555554
NM_001179196.1	35	92	142	179	210	283	320	366	394	224.55555555555554
NM_001182922.1	46	98	131	180	241	244	323	351	410	224.88888888888889
NM_001182278.1	40	90	141	186	235	261	308	372	397	225.55555555555554
NM_001183747.3	55	91	135	167	222	279	306	361	416	225.77777777777777
NM_001183045.1	38	85	159	166	229	277	336	353	389	225.77777777777777
NM_001178600.3	41	105	123	184	217	255	328	382	398	225.88888888888889
NM_001178400.1	39	98	124	183	223	294	310	371	392	226.0
NM_001178918.1	38	76	149	160	236	285	290	374	426	226.0
NM_001178506.1	48	106	133	187	223	261	319	359	400	226.22222222222223
NM_001184074.1	41	96	145	193	247	251	309	366	390	226.44444444444446
NM_001181326.1	37	82	137	172	259	275	292	371	415	226.66666666666666
NM_001179709.1	55	97	145	177	185	287	311	383	403	227.0
NM_001178422.2	54	83	140	177	211	284	319	374	402	227.11111111111111
NM_001178268.1	32	107	138	177	239	269	330	340	415	227.44444444444446
NM_001178991.3	39	74	117	173	249	294	325	362	416	227.66666666666666
NM_001178782.1	46	104	138	180	241	260	327	348	406	227.77777777777777
NM_001179667.2	46	82	149	185	229	279	305	380	395	227.77777777777777
NM_001180111.1	46	83	128	165	233	254	335	377	432	228.11111111111111
NM_001183305.1	48	89	123	198	214	274	345	353	409	228.11111111111111
NM_001180059.1	50	76	133	195	228	264	321	360	428	228.33333333333334
NM_001179384.3	67	88	136	169	218	274	284	406	416	228.66666666666666
NM_001179855.3	39	85	143	179	254	274	330	361	393	228.66666666666666
NM_001182073.1	46	82	135	161	215	276	341	386	417	228.77777777777777
NM_001182527.1	35	90	135	176	237	288	328	352	421	229.11111111111111
NM_001182226.1	47	96	139	180	226	290	301	346	437	229.11111111111111
NM_001182593.1	48	85	151	183	244	256	329	376	391	229.22222222222223
NM_001183260.1	46	86	138	186	245	278	310	365	410	229.33333333333334
NM_001181659.3	36	108	135	199	207	268	340	374	399	229.55555555555554
NM_001183194.3	46	107	125	183	236	270	311	384	408	230.0
NM_001179648.1	39	93	157	173	242	289	298	359	421	230.11111111111111
NM_001181833.1	46	99	148	184	230	291	322	348	403	230.11111111111111
NM_001179761.1	43	97	129	177	206	294	335	362	430	230.33333333333334
NM_001183057.1	45	91	151	195	213	287	319	355	419	230.55555555555554
NM_001181745.1	47	95	143	178	244	253	317	370	429	230.66666666666666
NM_001179780.1	44	95	135	170	243	273	339	364	415	230.88888888888889
NM_001179579.1	45	89	145	188	225	300	306	374	407	231.0
NM_001179570.1	47	114	130	188	231	271	314	374	410	231.0
NM_001178521.1	45	75	137	192	219	289	322	372	428	231.0
NM_001184307.1	43	90	131	205	244	244	325	378	422	231.33333333333334
NM_001181851.1	52	82	147	194	225	284	336	355	409	231.55555555555554
NM_001180617.1	43	97	136	185	241	273	326	385	399	231.66666666666666
NM_001183100.1	51	72	128	181	246	303	317	391	396	231.66666666666666
NM_001179389.1	36	96	132	186	204	297	336	384	415	231.77777777777777
NM_001183223.1	43	97	136	174	255	265	340	351	427	232.0
NM_001180405.3	51	85	150	195	216	282	319	375	417	232.22222222222223
NM_001180382.1	43	91	137	198	231	289	324	369	409	232.33333333333334
NM_001182340.1	43	88	127	198	228	277	328	368	436	232.55555555555554
NM_001182591.1	39	80	147	185	242	295	329	377	400	232.66666666666666
NM_001183281.1	46	114	156	169	235	284	347	335	411	233.0
NM_001178973.1	56	85	143	189	241	268	328	387	405	233.55555555555554
NM_001183595.3	47	98	153	197	238	269	315	384	404	233.88888888888889
NM_001180826.1	50	101	133	202	230	280	305	381	423	233.88888888888889
NM_001178512.3	47	96	146	174	216	290	322	382	432	233.88888888888889
NM_001182137.1	56	94	128	190	225	310	324	344	437	234.22222222222223
NM_001183645.3	51	96	143	174	229	296	331	368	420	234.22222222222223
NM_001184009.1	46	99	134	211	237	297	322	362	402	234.44444444444446
NM_001180643.1	48	97	134	187	228	264	336	378	441	234.77777777777777
NM_001179856.1	57	90	156	181	252	269	319	377	427	236.44444444444446
NM_001178577.3	44	90	137	179	239	308	332	386	413	236.44444444444446
NM_001183775.3	47	98	145	179	229	281	367	349	437	236.88888888888889
NM_001181733.3	53	78	136	190	248	263	324	394	447	237.0
NM_001178893.3	46	92	141	190	229	290	331	389	429	237.44444444444446
NM_001181556.1	47	111	133	169	240	293	357	375	421	238.44444444444446
NM_001184053.1	43	89	149	180	257	307	319	363	441	238.66666666666666
NM_001178371.1	51	90	139	178	231	292	354	365	448	238.66666666666666
NM_001178499.1	53	81	152	203	249	259	355	384	419	239.44444444444446
NM_001178209.1	54	94	134	197	250	267	348	387	426	239.66666666666666
NM_001181889.1	41	97	136	207	231	306	350	375	415	239.77777777777777
NM_001183001.1	43	93	126	190	254	288	344	397	425	240.0
NM_001179327.1	47	84	149	219	234	279	331	398	420	240.11111111111111
NM_001179769.1	37	82	137	171	269	297	316	411	442	240.22222222222223
NM_001179383.1	40	93	135	199	240	301	357	370	429	240.44444444444446
NM_001181130.3	54	99	143	167	243	293	331	392	443	240.55555555555554
NM_001179294.1	36	117	145	200	257	264	317	407	422	240.55555555555554
NM_001180881.1	50	84	140	172	253	280	329	392	469	241.0
NM_001179041.3	39	89	146	207	235	273	344	383	457	241.44444444444446
NM_001179234.1	55	98	135	195	246	280	325	407	433	241.55555555555554
NM_001183480.1	59	107	153	194	219	310	342	359	431	241.55555555555554
NM_001183983.1	58	82	144	198	258	310	338	363	425	241.77777777777777
NM_001182940.3	36	81	144	191	243	302	365	366	451	242.11111111111111
NM_001181248.1	54	96	147	204	235	281	361	388	417	242.55555555555554
NM_001183864.1	45	96	134	179	256	293	341	384	455	242.55555555555554
NM_001178490.1	36	106	164	216	206	313	342	364	438	242.77777777777777
NM_001181086.1	47	101	133	177	245	292	357	399	435	242.88888888888889
NM_001179598.3	48	89	134	216	239	291	347	376	447	243.0
NM_001179772.1	52	102	146	198	225	302	333	379	454	243.44444444444446
NM_001182276.1	52	104	151	188	229	299	337	383	452	243.88888888888889
NM_001180685.3	48	83	156	209	252	307	328	401	420	244.88888888888889
NM_001180518.3	43	94	164	195	251	274	341	395	455	245.77777777777777
NM_001183312.1	43	93	151	195	251	283	336	402	458	245.77777777777777
NM_001183303.1	26	106	153	170	259	301	335	406	456	245.77777777777777
NM_001180287.1	47	85	142	200	258	288	371	387	436	246.0
NM_001179120.1	63	106	136	183	245	311	336	395	441	246.22222222222223
NM_001178878.1	42	108	150	189	233	309	370	382	435	246.44444444444446
NM_001180933.1	49	94	147	188	247	291	344	396	462	246.44444444444446
NM_001179582.3	40	108	144	215	236	303	351	388	438	247.0
NM_001180250.2	52	94	152	205	257	276	361	411	428	248.44444444444446
NM_001182956.1	44	87	143	214	252	295	337	416	450	248.66666666666666
NM_001181261.3	43	94	155	193	252	309	346	383	464	248.77777777777777
NM_001178680.1	46	117	178	197	250	282	348	378	447	249.22222222222223
NM_001179804.1	43	99	158	202	225	289	366	399	466	249.66666666666666
NM_001178592.3	54	92	159	190	250	299	327	410	470	250.11111111111111
NM_001179167.1	48	99	162	206	230	299	360	390	461	250.55555555555554
NM_001178170.2	44	102	143	208	240	291	345	400	487	251.11111111111111
NM_001183118.1	45	90	174	214	236	285	378	394	447	251.44444444444446
NM_001184328.3	46	96	139	189	282	322	349	376	465	251.55555555555554
NM_001178241.1	45	99	158	202	252	305	360	401	445	251.88888888888889
NM_001178955.1	61	117	133	200	261	303	331	433	429	252.0
NM_001180105.1	53	119	145	203	261	304	329	421	435	252.22222222222223
NM_001180191.1	47	96	144	207	257	318	358	410	440	253.0
NM_001183151.1	48	127	154	195	251	292	356	388	467	253.11111111111111
NM_001179169.1	58	108	171	195	248	295	334	408	462	253.22222222222223
NM_001182807.1	60	110	158	188	257	302	343	420	442	253.33333333333334
NM_001182082.1	43	106	149	204	267	294	348	408	462	253.44444444444446
NM_001179143.1	45	95	133	230	251	310	344	424	449	253.44444444444446
NM_001182951.1	41	93	158	202	261	291	360	425	450	253.44444444444446
NM_001180608.3	38	111	158	190	228	316	362	435	446	253.77777777777777
NM_001179179.1	51	99	157	203	249	305	335	416	469	253.77777777777777
NM_001179273.1	45	112	138	232	260	306	358	390	445	254.0
NM_001181301.3	61	98	162	184	268	304	365	395	451	254.22222222222223
NM_001179686.1	63	104	155	205	266	258	369	424	444	254.22222222222223
NM_001179708.1	51	94	145	211	237	294	369	411	478	254.44444444444446
NM_001178722.1	56	100	160	203	240	303	379	400	451	254.66666666666666
NM_001182309.3	45	100	165	213	258	303	349	407	459	255.44444444444446
NM_001180187.1	42	112	157	225	245	285	350	436	453	256.1111111111111
NM_001178980.1	50	99	142	183	254	321	365	410	484	256.44444444444446
NM_001184080.1	42	93	171	206	241	289	371	414	482	256.55555555555554
NM_001181211.1	49	106	157	204	262	317	365	400	450	256.6666666666667
NM_001182193.1	54	98	148	216	269	318	370	381	458	256.8888888888889
NM_001181625.1	53	113	141	202	251	302	374	416	460	256.8888888888889
NM_001182472.1	57	96	161	190	243	310	376	439	449	257.8888888888889
NM_001182000.1	58	102	155	228	267	290	372	380	470	258.0
NM_001184088.1	48	112	139	236	260	320	347	423	441	258.44444444444446
NM_001178449.3	49	101	145	223	285	292	351	412	470	258.6666666666667
NM_001181849.1	55	106	146	221	249	311	345	413	485	259.0
NM_001178459.1	52	118	149	218	272	311	355	405	453	259.22222222222223
NM_001183846.1	54	105	161	208	275	304	372	409	447	259.44444444444446
NM_001270740.1	47	107	166	205	283	283	361	409	474	259.44444444444446
NM_001182135.1	48	101	169	187	253	332	352	427	467	259.55555555555554
NM_001178319.1	56	84	144	222	265	314	370	414	471	260.0
NM_001181783.1	42	108	148	229	252	290	368	421	483	260.1111111111111
NM_001182755.1	46	121	148	210	268	318	354	402	481	260.8888888888889
NM_001181578.1	51	111	138	222	260	302	358	419	489	261.1111111111111
NM_001180468.1	43	98	162	219	253	307	353	439	477	261.22222222222223
NM_001180669.3	44	107	146	186	263	318	371	443	476	261.55555555555554
NM_001178837.1	64	98	155	211	266	313	344	437	473	262.3333333333333
NM_001183547.3	50	106	157	238	252	337	329	406	492	263.0
NM_001179056.3	54	103	146	214	278	331	356	422	472	264.0
NM_001179846.1	57	112	166	208	282	315	357	403	477	264.1111111111111
NM_001178383.1	50	98	165	204	273	346	374	431	437	264.22222222222223
NM_001182144.1	48	128	169	210	247	324	349	426	484	265.0
NM_001179193.1	53	114	167	204	273	317	367	404	486	265.0
NM_001182287.1	56	104	140	212	260	313	382	456	465	265.3333333333333
NM_001184026.1	52	87	162	207	264	308	374	440	497	265.6666666666667
NM_001179371.3	40	101	155	199	279	317	366	424	511	265.77777777777777
NM_001183195.1	62	101	166	211	253	326	368	427	488	266.8888888888889
NM_001178166.1	63	111	157	203	265	315	364	431	493	266.8888888888889
NM_001181315.1	56	105	158	200	269	342	361	441	475	267.44444444444446
NM_001181734.1	55	97	146	213	274	319	391	446	475	268.44444444444446
NM_001179634.1	46	103	174	222	262	324	374	436	481	269.1111111111111
NM_001182998.1	54	122	168	208	267	323	364	425	492	269.22222222222223
NM_001181094.1	65	107	143	232	267	327	402	411	484	270.8888888888889
NM_001183399.2	60	101	173	216	270	296	391	425	508	271.1111111111111
NM_001182286.3	53	106	158	226	270	295	386	464	487	271.6666666666667
NM_001184335.3	60	108	163	207	286	321	410	425	473	272.55555555555554
NM_001179885.1	66	114	177	195	250	361	361	438	491	272.55555555555554
NM_001183997.1	59	121	180	232	271	312	379	416	484	272.6666666666667
NM_001183344.1	60	114	166	215	269	321	367	453	489	272.6666666666667
NM_001182908.1	53	102	143	218	273	318	382	467	502	273.1111111111111
NM_001182630.1	58	99	181	220	276	347	413	419	449	273.55555555555554
NM_001180680.1	52	97	178	259	281	333	352	405	505	273.55555555555554
NM_001182434.1	61	114	187	192	288	332	403	410	476	273.6666666666667
NM_001180542.3	47	95	171	208	269	358	368	434	514	273.77777777777777
NM_001178441.3	50	107	160	221	268	336	381	438	503	273.77777777777777
NM_001181110.1	58	107	161	221	269	328	382	437	511	274.8888888888889
NM_001183543.3	52	102	165	218	283	306	399	448	501	274.8888888888889
NM_001179639.1	55	128	188	263	242	339	365	436	460	275.1111111111111
NM_001181358.1	62	114	147	209	285	340	405	435	479	275.1111111111111
NM_001183089.1	59	125	159	199	283	327	372	449	506	275.44444444444446
NM_001179623.1	53	98	190	212	281	333	392	436	484	275.44444444444446
NM_001179729.1	61	104	156	231	268	335	406	423	496	275.55555555555554
NM_001183629.3	49	124	175	224	263	322	385	448	493	275.8888888888889
NM_001183467.1	45	109	163	216	285	328	402	436	500	276.0
NM_001178397.1	50	106	169	212	268	344	409	419	508	276.1111111111111
NM_001182779.1	55	128	163	214	280	317	360	465	508	276.6666666666667
NM_001180908.1	62	112	173	224	262	314	420	439	485	276.77777777777777
NM_001179412.1	57	145	160	211	266	325	373	454	500	276.77777777777777
NM_001180021.1	65	126	155	231	283	310	373	459	490	276.8888888888889
NM_001183054.1	55	107	168	230	270	350	383	434	496	277.0
NM_001182884.1	56	113	162	213	271	358	382	421	526	278.0
NM_001183178.1	51	107	161	209	266	351	391	454	514	278.22222222222223
NM_001182259.3	76	113	161	228	265	321	384	461	499	278.6666666666667
NM_001181854.1	56	106	173	212	287	334	393	452	496	278.77777777777777
NM_001179038.3	48	109	180	241	274	344	389	429	497	279.0
NM_001179195.1	55	117	188	205	271	328	386	456	507	279.22222222222223
NM_001181749.3	47	103	148	231	289	335	388	454	525	280.0
NM_001179651.1	59	121	172	238	261	313	399	453	505	280.1111111111111
NM_001183900.1	69	109	159	217	283	322	388	465	510	280.22222222222223
NM_001178996.1	56	107	180	228	280	338	409	438	497	281.44444444444446
NM_001181727.1	47	110	174	221	313	345	404	456	464	281.55555555555554
NM_001180455.3	64	108	166	207	305	336	384	449	517	281.77777777777777
NM_001179874.3	54	115	158	234	281	355	400	442	503	282.44444444444446
NM_001178570.3	43	102	181	231	302	318	403	445	520	282.77777777777777
NM_001183949.1	54	120	175	214	279	334	385	466	525	283.55555555555554
NM_001180785.3	60	96	158	228	291	347	411	440	531	284.6666666666667
NM_001183713.1	68	116	168	211	294	324	410	447	527	285.0
NM_001183077.1	67	129	181	234	259	327	388	464	518	285.22222222222223
NM_001181730.3	54	113	174	226	276	362	406	436	520	285.22222222222223
NM_001179237.1	82	101	184	218	275	376	380	469	487	285.77777777777777
NM_001183892.1	49	114	173	227	295	320	420	465	510	285.8888888888889
NM_001179263.1	52	129	159	226	291	353	403	439	525	286.3333333333333
NM_001178596.3	50	105	180	244	290	326	390	480	513	286.44444444444446
NM_001180162.1	59	114	172	252	289	329	416	437	511	286.55555555555554
NM_001178384.1	43	119	182	227	299	353	409	450	498	286.6666666666667
NM_001179474.1	60	114	171	217	283	356	410	443	531	287.22222222222223
NM_001180879.1	52	126	199	238	264	333	402	443	531	287.55555555555554
NM_001179612.1	80	140	137	251	286	327	409	462	498	287.77777777777777
NM_001178285.1	59	137	175	224	282	342	406	467	499	287.8888888888889
NM_001179692.1	60	108	191	254	275	349	410	466	480	288.1111111111111
NM_001180354.3	59	107	173	236	284	347	400	476	512	288.22222222222223
NM_001181444.3	54	112	184	257	287	357	405	447	493	288.44444444444446
NM_001178460.3	74	114	182	266	289	353	399	414	505	288.44444444444446
NM_001180673.1	54	103	172	232	287	328	404	506	517	289.22222222222223
NM_001180821.1	47	132	159	228	298	348	425	465	506	289.77777777777777
NM_001180606.1	57	109	194	261	264	345	398	470	513	290.1111111111111
NM_001180866.1	71	115	175	249	279	347	385	480	510	290.1111111111111
NM_001181530.1	47	135	179	251	259	363	401	454	527	290.6666666666667
NM_001178363.1	55	109	197	229	280	368	419	443	522	291.3333333333333
NM_001180706.1	58	113	204	227	290	354	410	456	512	291.55555555555554
NM_001183679.1	65	121	153	226	279	357	424	492	509	291.77777777777777
NM_001179265.1	42	113	186	236	289	343	426	481	513	292.1111111111111
NM_001180131.1	54	111	178	238	269	338	424	458	562	292.44444444444446
NM_001181360.1	58	115	152	261	294	365	402	455	531	292.55555555555554
NM_001182948.1	69	120	170	227	289	347	404	482	531	293.22222222222223
NM_001179776.1	58	106	175	222	284	354	426	479	537	293.44444444444446
NM_001180769.3	58	128	176	218	301	338	425	457	541	293.55555555555554
NM_001183941.1	75	106	154	255	294	367	399	467	528	293.8888888888889
NM_001184160.1	65	126	175	253	296	354	401	460	516	294.0
NM_001179808.1	58	102	175	235	296	327	422	496	536	294.1111111111111
NM_001179872.3	42	131	159	246	259	370	430	474	540	294.55555555555554
NM_001181645.1	66	129	162	237	280	367	404	462	549	295.1111111111111
NM_001183908.1	63	115	173	251	302	350	395	482	531	295.77777777777777
NM_001181576.1	57	118	171	243	287	382	430	452	527	296.3333333333333
NM_001183504.1	64	115	199	250	299	343	417	443	537	296.3333333333333
NM_001183594.1	66	139	183	237	300	351	407	484	507	297.1111111111111
NM_001184286.1	55	108	173	256	289	360	433	489	512	297.22222222222223
NM_001178595.3	54	124	173	226	287	361	426	478	550	297.6666666666667
NM_001178291.1	56	120	186	225	294	362	422	470	546	297.8888888888889
NM_001183943.1	70	124	180	231	303	338	403	471	563	298.1111111111111
NM_001180119.1	59	121	171	241	312	359	419	458	545	298.3333333333333
NM_001178715.1	54	122	177	229	284	349	459	484	530	298.6666666666667
NM_001180795.1	48	130	192	242	276	390	423	456	532	298.77777777777777
NM_001182392.1	72	144	157	220	313	327	429	485	548	299.44444444444446
NM_001182493.1	46	132	209	222	289	361	419	490	528	299.55555555555554
NM_001179083.1	52	130	196	251	297	346	426	473	528	299.8888888888889
NM_001184518.1	63	115	188	240	306	358	418	449	563	300.0
NM_001181584.1	69	109	207	229	314	354	409	466	545	300.22222222222223
NM_001182179.1	72	123	183	242	300	349	426	470	538	300.3333333333333
NM_001180484.3	60	111	211	266	308	370	386	444	553	301.0
NM_001183145.1	62	113	179	253	310	354	422	477	540	301.1111111111111
NM_001183433.1	50	128	186	254	287	338	414	499	556	301.3333333333333
NM_001180296.1	70	122	201	260	273	364	421	475	527	301.44444444444446
NM_001182163.1	61	120	194	243	308	346	417	470	568	303.0
NM_001180502.1	60	127	175	229	311	350	433	484	559	303.1111111111111
NM_001181265.1	64	115	173	264	268	386	443	484	532	303.22222222222223
NM_001180428.3	58	121	161	246	327	372	441	443	565	303.77777777777777
NM_001178873.1	68	123	190	224	306	368	433	492	536	304.44444444444446
NM_001184121.1	58	115	206	245	313	372	422	471	540	304.6666666666667
NM_001179919.1	64	114	179	266	319	375	435	489	505	305.1111111111111
NM_001182375.1	60	131	190	266	317	365	417	485	521	305.77777777777777
NM_001180213.1	66	110	191	234	319	383	421	498	536	306.44444444444446
NM_001179262.1	57	116	191	226	314	348	431	503	576	306.8888888888889
NM_001183346.1	68	106	171	255	314	386	439	490	539	307.55555555555554
NM_001179971.1	57	117	192	239	313	366	425	511	553	308.1111111111111
NM_001180063.1	76	113	167	255	305	366	415	516	561	308.22222222222223
NM_001183517.1	62	116	214	259	304	345	443	488	545	308.44444444444446
NM_001180117.1	71	112	188	255	301	383	437	505	526	308.6666666666667
NM_001180472.1	78	144	169	231	305	368	441	505	551	310.22222222222223
NM_001180942.1	61	133	186	247	329	379	439	463	555	310.22222222222223
NM_001181155.3	59	111	207	273	305	343	426	509	564	310.77777777777777
NM_001178152.1	65	127	185	249	341	372	405	490	564	310.8888888888889
NM_001181976.1	69	123	166	261	298	382	425	512	563	311.0
NM_001180987.3	65	129	201	258	296	384	418	521	528	311.1111111111111
NM_001182805.1	67	135	165	253	301	375	438	525	541	311.1111111111111
NM_001180566.3	51	122	183	247	306	381	439	499	576	311.55555555555554
NM_001179336.1	60	118	192	222	318	365	466	508	563	312.44444444444446
NM_001178535.1	55	130	203	266	301	394	441	465	564	313.22222222222223
NM_001178922.1	74	126	175	235	316	374	435	522	565	313.55555555555554
NM_001184226.1	69	132	197	264	302	358	441	511	555	314.3333333333333
NM_001182968.3	61	119	185	254	315	403	428	485	583	314.77777777777777
NM_001178382.1	64	131	189	241	304	379	451	492	586	315.22222222222223
NM_001182143.1	70	119	201	275	313	372	430	499	559	315.3333333333333
NM_001178296.2	57	99	174	252	328	409	454	533	545	316.77777777777777
NM_001179204.1	59	116	203	265	317	399	463	499	531	316.8888888888889
NM_001180451.3	62	131	176	246	330	375	462	511	566	317.6666666666667
NM_001183190.3	65	139	209	226	309	357	435	534	590	318.22222222222223
NM_001178703.1	59	130	220	255	336	362	457	493	553	318.3333333333333
NM_001181921.2	64	121	193	249	316	401	455	525	552	319.55555555555554
NM_001181316.3	74	123	190	254	330	388	421	523	576	319.8888888888889
NM_001180002.3	67	108	200	268	344	357	471	485	583	320.3333333333333
NM_001183691.3	49	136	176	280	318	395	437	531	566	320.8888888888889
NM_001183998.1	63	137	196	235	313	372	450	525	598	321.0
NM_001181313.1	75	126	182	259	320	403	424	529	576	321.55555555555554
NM_001179861.3	65	138	211	270	301	380	433	521	575	321.55555555555554
NM_001181896.1	44	130	188	256	328	374	484	528	575	323.0
NM_001184004.1	68	134	191	255	311	388	428	548	585	323.1111111111111
NM_001182116.1	61	134	190	283	314	388	481	516	548	323.8888888888889
NM_001183528.3	62	134	202	265	304	373	462	534	581	324.1111111111111
NM_001179574.3	69	112	200	260	330	372	452	553	573	324.55555555555554
NM_001178216.1	69	126	163	256	329	382	465	554	584	325.3333333333333
NM_001179046.3	64	129	198	260	342	393	454	509	582	325.6666666666667
NM_001181904.1	70	125	180	271	320	375	426	561	608	326.22222222222223
NM_001183583.3	78	117	193	239	342	425	477	517	550	326.44444444444446
NM_001181841.1	54	150	192	259	299	401	466	530	587	326.44444444444446
NM_001178985.3	65	134	214	242	324	386	455	514	605	326.55555555555554
NM_001182543.1	59	115	193	252	327	408	475	538	577	327.1111111111111
NM_001178211.1	74	131	200	251	325	378	462	523	600	327.1111111111111
NM_001180636.3	64	124	209	250	340	404	450	513	593	327.44444444444446
NM_001181274.2	71	136	196	241	337	398	467	538	564	327.55555555555554
NM_001181302.1	64	135	220	275	300	370	450	517	621	328.0
NM_001183470.1	68	124	225	257	312	400	468	523	575	328.0
NM_001182744.1	77	119	200	260	329	388	467	559	562	329.0
NM_001182579.1	59	151	194	274	313	404	454	524	590	329.22222222222223
NM_001178939.3	68	117	196	274	323	395	490	519	585	329.6666666666667
NM_001183584.1	50	139	187	293	320	383	469	538	593	330.22222222222223
NM_001182542.2	59	116	193	255	334	409	481	545	586	330.8888888888889
NM_001180363.1	64	127	205	282	338	394	432	522	616	331.1111111111111
NM_001179054.1	62	141	199	255	308	382	486	550	604	331.8888888888889
NM_001183514.1	76	128	189	265	344	393	479	549	568	332.3333333333333
NM_001179605.1	71	135	191	289	336	423	448	524	579	332.8888888888889
NM_001182768.1	70	135	191	271	346	400	474	517	595	333.22222222222223
NM_001178971.1	69	126	203	249	324	416	470	549	597	333.6666666666667
NM_001178724.1	67	124	203	285	350	353	503	521	603	334.3333333333333
NM_001179426.1	71	151	208	249	325	397	454	553	607	335.0
NM_001180892.1	67	128	204	255	337	401	478	535	613	335.3333333333333
NM_001180914.1	70	140	193	256	339	435	468	521	597	335.44444444444446
NM_001180857.3	75	130	210	281	362	400	453	517	600	336.44444444444446
NM_001180137.1	70	130	206	286	362	418	472	490	596	336.6666666666667
NM_001178386.1	65	157	214	254	337	379	485	537	604	336.8888888888889
NM_001179424.1	46	134	219	295	337	406	467	523	605	336.8888888888889
NM_001184077.1	68	125	215	260	351	428	449	547	596	337.6666666666667
NM_001181329.3	75	150	184	242	337	401	500	539	613	337.8888888888889
NM_001183069.1	67	142	214	281	343	371	457	562	606	338.1111111111111
NM_001182487.1	82	109	186	270	360	421	465	537	628	339.77777777777777
NM_001182523.1	76	146	191	270	334	411	481	544	612	340.55555555555554
NM_001184024.1	67	117	208	283	344	417	473	552	612	341.44444444444446
NM_001182452.1	71	136	217	284	351	406	462	547	602	341.77777777777777
NM_001184310.1	77	157	193	256	346	412	496	522	625	342.6666666666667
NM_001179590.3	62	147	197	279	357	417	474	558	599	343.3333333333333
NM_001182544.1	72	144	191	270	343	430	468	556	619	343.6666666666667
NM_001181467.1	68	138	226	250	345	394	477	568	627	343.6666666666667
NM_001181374.3	73	124	220	268	351	398	502	525	633	343.77777777777777
NM_001180815.3	59	127	222	302	363	398	472	537	616	344.0
NM_001180032.3	92	163	190	277	342	402	475	561	598	344.44444444444446
NM_001178553.3	75	136	207	266	345	390	536	526	620	344.55555555555554
NM_001182609.1	76	120	201	278	354	426	466	552	633	345.1111111111111
NM_001182758.1	66	140	187	283	357	395	486	592	624	347.77777777777777
NM_001181257.3	59	130	210	271	353	422	486	579	621	347.8888888888889
NM_001178875.1	83	143	222	247	349	420	477	558	635	348.22222222222223
NM_001179138.1	79	136	216	268	345	426	495	576	607	349.77777777777777
NM_001181672.1	76	126	224	254	342	464	499	560	606	350.1111111111111
NM_001182410.1	84	141	220	287	351	433	467	549	626	350.8888888888889
NM_001182109.1	60	147	221	264	335	458	494	547	633	351.0
NM_001180171.1	62	168	216	281	340	399	495	542	667	352.22222222222223
NM_001181742.3	69	145	234	292	347	404	482	567	635	352.77777777777777
NM_001183405.1	71	143	234	267	354	420	511	560	616	352.8888888888889
NM_001183760.1	90	141	220	271	349	421	491	559	634	352.8888888888889
NM_001178436.1	56	139	226	280	347	448	494	563	623	352.8888888888889
NM_001182651.1	79	149	209	263	355	422	487	566	652	353.55555555555554
NM_001182826.1	65	133	192	303	356	430	486	599	619	353.6666666666667
NM_001180902.3	71	161	206	295	355	444	467	590	603	354.6666666666667
NM_001184210.1	66	134	203	281	360	453	499	593	613	355.77777777777777
NM_001181581.1	64	136	205	287	343	424	494	599	667	357.6666666666667
NM_001180208.1	70	157	211	311	342	406	526	573	627	358.1111111111111
NM_001182979.1	83	150	235	283	343	438	484	572	636	358.22222222222223
NM_001181509.1	60	126	205	297	368	433	528	576	641	359.3333333333333
NM_001182224.1	89	121	211	292	391	423	507	583	632	361.0
NM_001183440.1	76	132	218	286	342	421	500	612	667	361.55555555555554
NM_001183823.1	60	130	209	285	374	434	524	577	665	362.0
NM_001181511.1	82	159	225	316	377	412	494	576	619	362.22222222222223
NM_001178660.1	66	131	231	276	359	448	518	576	657	362.44444444444446
NM_001181607.1	65	149	220	286	366	441	480	598	664	363.22222222222223
NM_001180905.1	82	164	209	313	383	443	473	585	628	364.44444444444446
NM_001182359.1	69	135	228	301	393	444	484	558	671	364.77777777777777
NM_001181389.1	64	146	250	295	357	441	498	586	651	365.3333333333333
NM_001178903.1	72	137	192	274	383	464	509	593	665	365.44444444444446
NM_001180348.1	70	165	227	268	362	443	505	590	660	365.55555555555554
NM_001182773.1	62	157	247	276	362	422	522	585	657	365.55555555555554
NM_001181427.1	66	146	222	300	368	458	481	613	639	365.8888888888889
NM_001183295.1	70	139	203	301	344	433	530	602	673	366.1111111111111
NM_001178828.3	76	134	232	296	380	390	531	590	666	366.1111111111111
NM_001184169.1	75	150	202	299	365	438	558	557	660	367.1111111111111
NM_001183977.1	79	143	226	301	344	438	541	576	656	367.1111111111111
NM_001178593.1	82	142	217	293	365	444	515	583	671	368.0
NM_001181320.1	71	163	228	301	373	435	510	559	673	368.1111111111111
NM_001179762.1	81	135	200	312	378	466	479	597	671	368.77777777777777
NM_001181550.1	87	149	231	286	389	437	519	587	635	368.8888888888889
NM_001182297.3	56	155	235	289	361	491	475	605	654	369.0
NM_001178701.1	79	157	212	291	351	456	522	584	672	369.3333333333333
NM_001182488.1	68	153	217	304	357	455	498	619	655	369.55555555555554
NM_001178948.3	72	143	225	266	395	439	511	614	668	370.3333333333333
NM_001178964.2	84	134	199	293	382	438	523	606	681	371.1111111111111
NM_001184025.1	72	136	209	290	372	429	524	625	684	371.22222222222223
NM_001180632.3	71	138	252	301	368	427	537	574	680	372.0
NM_001179559.1	67	157	232	298	373	424	509	596	697	372.55555555555554
NM_001183292.1	71	147	221	278	382	451	533	606	665	372.6666666666667
NM_001178862.3	75	143	234	301	343	457	529	625	648	372.77777777777777
NM_001184159.1	74	156	242	302	391	415	520	571	690	373.44444444444446
NM_001183690.1	82	151	227	265	391	446	517	586	703	374.22222222222223
NM_001183212.1	74	180	219	300	390	464	499	570	673	374.3333333333333
NM_001182465.1	75	154	230	268	376	460	514	618	674	374.3333333333333
NM_001180272.1	81	149	223	281	420	447	536	568	665	374.44444444444446
NM_001178769.1	66	170	234	295	377	449	513	605	672	375.6666666666667
NM_001184215.1	74	154	198	281	401	482	525	596	675	376.22222222222223
NM_001178365.1	68	150	223	298	398	430	545	644	636	376.8888888888889
NM_001178730.1	84	131	228	308	370	458	540	622	651	376.8888888888889
NM_001182936.1	69	137	240	287	379	443	532	617	691	377.22222222222223
NM_001179016.1	83	139	201	294	401	449	519	640	675	377.8888888888889
NM_001182804.1	75	165	207	304	373	457	518	625	679	378.1111111111111
NM_001180017.1	67	146	247	288	365	456	533	619	685	378.44444444444446
NM_001180789.3	69	166	222	312	381	435	517	630	676	378.6666666666667
NM_001180427.1	78	174	214	289	394	453	528	592	687	378.77777777777777
NM_001181604.2	68	153	219	323	392	434	548	626	660	380.3333333333333
NM_001183510.1	76	170	209	306	412	460	512	601	681	380.77777777777777
NM_001179580.3	69	159	230	281	403	481	524	603	682	381.3333333333333
NM_001179485.1	67	148	237	320	387	457	525	628	665	381.55555555555554
NM_001180406.4	78	150	234	297	376	451	532	606	715	382.1111111111111
NM_001182016.1	73	127	231	325	381	468	546	587	705	382.55555555555554
NM_001179969.1	77	160	229	312	370	468	518	623	686	382.55555555555554
NM_001183662.1	71	156	203	313	391	445	555	590	720	382.6666666666667
NM_001179633.1	72	164	220	293	395	437	518	603	743	382.77777777777777
NM_001183230.1	79	141	226	306	374	447	538	631	710	383.55555555555554
NM_001180572.1	80	140	229	273	392	476	537	610	719	384.0
NM_001179534.1	76	158	247	302	361	468	568	595	686	384.55555555555554
NM_001179331.3	59	170	237	305	391	450	524	625	700	384.55555555555554
NM_001178685.1	72	159	205	316	390	472	533	632	692	385.6666666666667
NM_001180707.3	96	144	252	303	387	441	524	641	688	386.22222222222223
NM_001178507.1	79	155	249	301	367	472	542	620	696	386.77777777777777
NM_001181673.3	85	159	215	299	384	473	560	623	696	388.22222222222223
NM_001182356.1	74	136	251	311	394	452	548	617	711	388.22222222222223
NM_001184049.1	73	135	251	315	388	426	587	613	719	389.6666666666667
NM_001182809.1	75	162	249	297	392	462	543	613	715	389.77777777777777
NM_001182825.1	95	180	214	317	395	454	553	632	668	389.77777777777777
NM_001182992.1	60	164	226	295	398	474	542	632	718	389.8888888888889
NM_001184209.1	99	159	225	325	385	470	496	669	684	390.22222222222223
NM_001182629.1	70	163	223	310	389	484	536	614	724	390.3333333333333
NM_001183626.1	72	150	244	315	395	462	546	610	720	390.44444444444446
NM_001183275.1	68	155	259	309	410	465	532	608	719	391.6666666666667
NM_001181705.3	97	143	238	326	389	456	520	640	719	392.0
NM_001178917.3	79	143	238	309	386	477	563	659	691	393.8888888888889
NM_001181032.1	82	157	249	310	395	491	552	636	686	395.3333333333333
NM_001179961.1	73	164	240	320	383	493	564	631	691	395.44444444444446
NM_001183704.1	67	163	229	303	394	510	567	629	698	395.55555555555554
NM_001180457.1	76	160	264	302	386	452	560	679	681	395.55555555555554
NM_001181619.2	83	151	210	341	393	492	531	645	720	396.22222222222223
NM_001179959.1	85	181	247	346	393	461	551	628	675	396.3333333333333
NM_001178187.1	62	167	237	310	391	483	545	655	720	396.6666666666667
NM_001183505.1	82	145	244	325	387	486	555	637	716	397.44444444444446
NM_001183138.1	78	133	205	311	417	468	607	614	748	397.8888888888889
NM_001180964.3	78	151	232	318	373	481	587	660	701	397.8888888888889
NM_001183146.1	83	146	233	307	414	487	543	635	737	398.3333333333333
NM_001179380.3	91	154	259	340	364	469	559	630	726	399.1111111111111
NM_001181212.1	74	179	235	333	433	458	567	614	711	400.44444444444446
NM_001178189.1	77	160	249	295	444	472	561	678	671	400.77777777777777
NM_001180540.1	79	137	260	297	426	476	567	658	709	401.0
NM_001180692.1	98	163	238	305	405	471	551	648	737	401.77777777777777
NM_001184438.1	93	153	242	303	397	487	594	628	719	401.77777777777777
NM_001179388.3	81	164	216	307	425	480	576	652	716	401.8888888888889
NM_001179750.1	90	163	244	323	381	480	543	654	740	402.0
NM_001180370.1	80	178	253	329	390	461	577	616	745	403.22222222222223
NM_001178664.1	77	165	255	312	433	440	530	647	774	403.6666666666667
NM_001348887.1	80	153	273	317	403	483	527	661	741	404.22222222222223
NM_001178497.3	87	163	232	332	394	503	562	657	714	404.8888888888889
NM_001181629.1	81	174	232	322	402	482	567	661	731	405.77777777777777
NM_001182925.1	97	169	233	324	398	514	549	666	711	406.77777777777777
NM_001184057.1	101	162	253	308	429	472	550	664	726	407.22222222222223
NM_001179463.1	76	147	262	328	408	470	578	672	730	407.8888888888889
NM_001180651.1	92	170	218	323	420	498	561	673	724	408.77777777777777
NM_001181987.1	97	152	239	347	417	480	571	631	745	408.77777777777777
NM_001179975.1	75	145	243	330	428	503	566	663	727	408.8888888888889
NM_001182647.1	72	165	246	326	396	490	573	659	754	409.0
NM_001182428.1	77	163	222	348	413	483	560	643	772	409.0
NM_001180031.1	97	182	252	315	401	504	590	652	700	410.3333333333333
NM_001180702.3	76	179	243	376	394	470	586	660	713	410.77777777777777
NM_001181633.1	89	161	255	350	390	476	552	681	744	410.8888888888889
NM_001183857.1	76	169	236	360	394	517	546	657	749	411.55555555555554
NM_001180650.3	94	170	220	324	423	503	565	676	731	411.77777777777777
NM_001184284.1	84	147	227	332	422	506	585	668	741	412.44444444444446
NM_001181252.3	80	159	246	292	438	510	598	644	752	413.22222222222223
NM_001183658.6	81	167	242	314	439	477	601	647	752	413.3333333333333
NM_001181828.1	79	163	254	335	404	462	615	663	746	413.44444444444446
NM_001182689.1	88	180	245	344	417	477	583	670	722	414.0
NM_001182059.1	86	187	260	341	404	523	553	645	728	414.1111111111111
NM_001180919.1	88	166	258	313	396	528	570	664	744	414.1111111111111
NM_001182626.1	87	173	259	309	395	499	613	661	734	414.44444444444446
NM_001181104.1	71	163	267	321	414	504	593	651	758	415.77777777777777
NM_001181454.1	92	173	280	322	410	509	552	645	762	416.1111111111111
NM_001183877.1	78	144	251	334	440	487	622	648	745	416.55555555555554
NM_001182926.3	90	157	248	362	420	497	587	633	763	417.44444444444446
NM_001178582.1	78	168	243	319	406	500	602	692	754	418.0
NM_001182502.1	89	159	245	308	432	536	608	674	712	418.1111111111111
NM_001183564.1	75	162	256	333	449	524	577	679	710	418.3333333333333
NM_001181435.1	84	173	233	316	405	511	562	709	778	419.0
NM_001181473.1	92	163	226	314	422	493	604	693	764	419.0
NM_001183527.1	85	167	270	346	411	461	585	672	781	419.77777777777777
NM_001182511.1	85	168	257	324	449	495	598	677	730	420.3333333333333
NM_001180343.3	82	158	279	304	419	504	604	682	754	420.6666666666667
NM_001183824.1	79	184	239	369	423	488	574	674	760	421.1111111111111
NM_001179182.1	84	158	245	355	403	519	589	702	745	422.22222222222223
NM_001180962.1	78	154	245	337	432	520	612	688	736	422.44444444444446
NM_001180735.3	77	153	243	359	424	525	628	638	755	422.44444444444446
NM_001181149.1	91	157	236	340	430	503	587	671	788	422.55555555555554
NM_001180971.1	84	186	254	327	410	529	597	650	784	424.55555555555554
NM_001180090.2	90	160	248	342	438	510	631	668	739	425.1111111111111
NM_001178902.1	103	166	284	345	441	529	561	649	762	426.6666666666667
NM_001178698.1	76	174	258	317	451	515	623	646	783	427.0
NM_001184525.1	85	185	243	345	425	512	598	670	790	428.1111111111111
NM_001182298.1	93	183	241	338	453	493	590	689	778	428.6666666666667
NM_001178298.1	94	166	264	365	417	523	589	676	781	430.55555555555554
NM_001178272.1	80	160	268	357	426	503	595	694	797	431.1111111111111
NM_001183013.2	90	183	225	378	422	487	639	672	786	431.3333333333333
NM_001183160.1	76	176	251	366	434	544	583	693	770	432.55555555555554
NM_001180519.3	87	167	275	388	403	500	585	687	801	432.55555555555554
NM_001180805.1	81	191	249	320	437	503	604	723	787	432.77777777777777
NM_001180957.1	89	152	246	364	442	542	594	687	786	433.55555555555554
NM_001178786.2	73	169	278	349	437	507	606	715	769	433.6666666666667
NM_001180286.1	86	162	258	353	439	505	648	698	756	433.8888888888889
NM_001182308.1	91	195	288	350	406	494	635	681	768	434.22222222222223
NM_001182405.1	85	178	238	334	454	549	594	693	793	435.3333333333333
NM_001180475.1	83	174	246	355	434	529	638	700	768	436.3333333333333
NM_001178790.1	83	169	277	349	444	531	604	708	763	436.44444444444446
NM_001178870.1	94	155	258	344	444	536	617	704	786	437.55555555555554
NM_001180409.1	96	170	258	342	447	525	577	726	802	438.1111111111111
NM_001183561.3	90	167	283	344	440	543	638	672	772	438.77777777777777
NM_001179871.1	91	173	267	349	436	515	638	701	779	438.77777777777777
NM_001183782.1	64	167	282	357	440	546	600	702	793	439.0
NM_001183314.1	87	202	265	384	437	504	610	683	784	439.55555555555554
NM_001180865.3	98	178	272	334	459	528	605	705	779	439.77777777777777
NM_001183119.1	77	167	259	366	463	529	608	711	782	440.22222222222223
NM_001181219.3	86	194	268	359	429	521	620	704	781	440.22222222222223
NM_001180601.1	97	165	272	335	475	494	655	690	792	441.6666666666667
NM_001183411.1	85	173	253	355	449	517	621	727	795	441.6666666666667
NM_001183651.3	92	187	248	344	445	508	630	729	800	442.55555555555554
NM_001179229.1	96	155	265	394	420	534	609	742	779	443.77777777777777
NM_001180088.1	74	184	256	353	416	523	659	722	809	444.0
NM_001182326.1	94	175	284	366	489	539	588	704	784	447.0
NM_001178387.1	86	158	276	366	424	564	633	714	803	447.1111111111111
NM_001183628.1	82	169	292	350	476	522	607	731	798	447.44444444444446
NM_001181650.1	91	166	263	352	449	567	647	707	821	451.44444444444446
NM_001184315.1	101	160	251	362	482	519	648	727	818	452.0
NM_001182899.3	89	193	270	405	433	555	631	694	801	452.3333333333333
NM_001183316.1	91	172	268	372	464	586	646	685	799	453.6666666666667
NM_001179473.1	93	190	265	360	491	517	665	704	798	453.6666666666667
NM_001182504.1	93	155	299	370	435	545	621	725	849	454.6666666666667
NM_001182876.1	87	177	290	371	431	533	619	753	837	455.3333333333333
NM_001181264.3	88	158	263	361	475	580	631	740	805	455.6666666666667
NM_001179575.1	99	187	270	370	449	533	620	768	808	456.0
NM_001182451.1	92	170	260	382	459	565	628	733	816	456.1111111111111
NM_001182445.1	74	164	268	360	477	562	640	717	845	456.3333333333333
NM_001183576.3	90	186	271	392	477	517	675	679	820	456.3333333333333
NM_001180346.3	89	209	286	340	445	552	636	725	826	456.44444444444446
NM_001180016.3	88	164	277	351	459	557	669	764	790	457.6666666666667
NM_001179110.1	84	185	251	396	492	540	654	716	810	458.6666666666667
NM_001181382.1	83	170	298	382	438	519	642	770	829	459.0
NM_001183352.1	96	175	270	360	483	569	634	723	824	459.3333333333333
NM_001181296.3	88	166	269	366	480	576	643	738	826	461.3333333333333
NM_001182722.1	91	178	290	372	479	529	647	731	840	461.8888888888889
NM_001178943.1	83	179	270	367	437	579	665	735	844	462.1111111111111
NM_001184339.1	103	179	271	390	474	550	662	745	791	462.77777777777777
NM_001184031.1	96	191	286	365	458	565	701	683	821	462.8888888888889
NM_001178331.2	90	208	312	351	470	554	644	747	791	463.0
NM_001183931.1	84	180	286	372	506	540	653	701	849	463.44444444444446
NM_001179643.1	89	202	287	366	468	512	647	748	855	463.77777777777777
NM_001178181.1	95	182	264	353	484	554	620	765	858	463.8888888888889
NM_001179301.1	90	184	320	346	455	578	638	755	810	464.0
NM_001184149.1	94	178	306	371	459	545	625	756	845	464.3333333333333
NM_001179045.3	97	177	288	363	455	585	627	764	831	465.22222222222223
NM_001179228.1	101	191	286	368	451	547	697	753	819	468.1111111111111
NM_001180481.1	82	170	266	382	474	570	652	768	855	468.77777777777777
NM_001180340.1	101	180	268	343	492	564	652	750	869	468.77777777777777
NM_001180347.3	90	211	291	344	462	573	660	752	842	469.44444444444446
NM_001179838.1	80	210	270	385	459	564	667	745	856	470.6666666666667
NM_001184205.1	87	168	290	345	458	554	681	778	876	470.77777777777777
NM_001182961.1	107	172	292	364	475	568	665	740	855	470.8888888888889
NM_001179595.1	97	180	278	374	485	568	659	719	885	471.6666666666667
NM_001183258.1	100	184	270	384	476	567	656	748	863	472.0
NM_001178428.3	83	193	291	369	462	548	699	740	880	473.8888888888889
NM_001181860.1	90	202	288	408	471	568	651	723	868	474.3333333333333
NM_001183925.1	87	188	263	392	521	547	669	762	856	476.1111111111111
NM_001178502.1	100	182	267	402	492	594	655	782	812	476.22222222222223
NM_001183680.3	99	186	286	396	458	569	686	779	834	477.0
NM_001181413.3	94	202	276	397	491	544	673	746	874	477.44444444444446
NM_001182969.1	96	197	292	384	480	561	691	773	836	478.8888888888889
NM_001183535.1	90	178	291	378	462	584	689	770	878	480.0
NM_001180033.1	99	195	304	382	475	579	669	756	863	480.22222222222223
NM_001178816.1	99	195	271	373	485	584	656	755	904	480.22222222222223
NM_001181775.1	102	188	289	386	436	565	709	802	855	481.3333333333333
NM_001179774.1	82	205	286	374	496	581	662	799	857	482.44444444444446
NM_001181767.3	115	189	285	361	469	585	700	777	861	482.44444444444446
NM_001183536.3	96	197	281	368	468	566	700	814	854	482.6666666666667
NM_001183643.1	98	189	302	371	476	538	685	786	903	483.1111111111111
NM_001182750.1	103	190	281	374	466	580	672	774	918	484.22222222222223
NM_001178262.1	98	200	343	394	470	568	709	754	846	486.8888888888889
NM_001179293.1	96	192	278	394	487	603	675	802	859	487.3333333333333
NM_001179662.1	96	188	305	388	484	572	679	780	908	488.8888888888889
NM_001184039.1	107	200	287	394	491	580	677	801	863	488.8888888888889
NM_001183086.1	100	194	281	357	486	595	717	797	873	488.8888888888889
NM_001184185.1	102	204	289	359	467	581	711	788	901	489.1111111111111
NM_001184048.1	84	199	279	414	476	595	707	787	871	490.22222222222223
NM_001184076.1	94	209	280	400	504	597	682	772	875	490.3333333333333
NM_001182369.1	120	211	309	387	481	564	677	780	885	490.44444444444446
NM_001182535.1	91	190	296	384	524	591	710	800	836	491.3333333333333
NM_001183331.2	105	215	282	395	500	595	695	746	891	491.55555555555554
NM_001178940.1	83	185	294	395	509	569	711	801	878	491.6666666666667
NM_001180654.3	95	204	292	407	481	604	669	821	852	491.6666666666667
NM_001178434.1	104	202	329	394	495	553	699	806	845	491.8888888888889
NM_001180876.3	114	176	296	381	464	611	681	793	925	493.44444444444446
NM_001181915.1	98	199	302	393	514	557	716	798	869	494.0
NM_001182592.1	87	196	311	373	516	579	685	797	912	495.1111111111111
NM_001178717.1	94	211	296	407	493	598	705	764	888	495.1111111111111
NM_001183737.3	87	206	305	381	502	570	733	750	924	495.3333333333333
NM_001183081.2	101	199	316	394	488	586	682	797	903	496.22222222222223
NM_001180498.1	99	215	261	363	508	614	677	814	918	496.55555555555554
NM_001179738.1	110	200	275	426	496	583	703	800	882	497.22222222222223
NM_001181307.3	101	190	328	364	528	601	718	757	888	497.22222222222223
NM_001181143.3	101	180	300	400	482	579	727	783	928	497.77777777777777
NM_001182429.1	116	196	285	391	505	606	686	841	859	498.3333333333333
NM_001178281.1	108	187	304	395	488	557	703	813	935	498.8888888888889
NM_001178566.1	105	238	294	384	480	610	693	823	870	499.6666666666667
NM_001179803.3	111	200	303	396	505	621	700	769	894	499.8888888888889
NM_001180804.1	88	208	287	421	466	639	683	780	930	500.22222222222223
NM_001183625.3	119	206	306	366	501	602	708	775	926	501.0
NM_001183616.3	117	219	297	379	528	588	714	796	876	501.55555555555554
NM_001180183.1	101	194	296	384	517	595	725	834	875	502.3333333333333
NM_001182203.2	99	219	316	410	502	581	673	815	909	502.6666666666667
NM_001180893.3	113	189	313	387	481	601	710	826	910	503.3333333333333
NM_001179393.1	118	180	325	396	530	581	715	806	879	503.3333333333333
NM_001183106.1	100	182	288	376	517	627	729	787	925	503.44444444444446
NM_001181859.1	88	209	285	398	542	601	712	803	902	504.44444444444446
NM_001180943.3	102	181	321	413	516	584	716	796	916	505.0
NM_001180696.1	90	188	321	434	496	614	716	796	891	505.1111111111111
NM_001179012.1	86	180	297	429	503	624	732	786	915	505.77777777777777
NM_001180379.1	112	205	305	422	472	581	738	815	907	506.3333333333333
NM_001182748.1	120	207	331	393	489	595	708	822	936	511.22222222222223
NM_001180676.1	106	194	321	398	489	583	689	880	954	512.6666666666666
NM_001183940.1	94	194	311	434	513	567	750	829	925	513.0
NM_001181723.3	94	216	311	418	519	631	688	782	959	513.1111111111111
NM_001180612.3	105	196	311	401	508	636	726	826	919	514.2222222222222
NM_001178474.1	99	207	308	412	493	618	749	848	907	515.6666666666666
NM_001183518.1	98	224	315	416	509	610	737	817	933	517.6666666666666
NM_001182632.1	109	203	311	390	529	620	726	855	920	518.1111111111111
NM_001182498.1	100	209	296	402	498	666	736	818	954	519.8888888888889
NM_001183397.1	96	216	321	410	509	622	717	841	952	520.4444444444445
NM_001180015.1	111	193	305	422	535	616	733	840	955	523.3333333333334
NM_001182570.1	93	214	315	449	516	629	730	823	946	523.8888888888889
NM_001183678.3	111	218	308	422	502	649	743	822	941	524.0
NM_001180268.1	102	187	343	418	513	658	744	832	936	525.8888888888889
NM_001184200.1	108	212	318	420	526	642	734	850	928	526.4444444444445
NM_001179091.1	127	224	285	425	532	643	717	806	981	526.6666666666666
NM_001182083.1	112	216	324	416	516	650	755	826	934	527.6666666666666
NM_001182841.3	105	213	306	417	518	645	716	883	964	529.6666666666666
NM_001181474.3	99	203	295	432	515	653	725	892	960	530.4444444444445
NM_001184087.1	107	198	336	406	531	632	733	867	974	531.5555555555555
NM_001179156.1	129	202	311	419	550	680	746	851	898	531.7777777777778
NM_001179758.1	118	203	305	434	549	673	714	823	971	532.2222222222222
NM_001178673.1	112	224	338	421	543	632	706	877	938	532.3333333333334
NM_001184256.1	112	206	333	419	562	654	770	800	958	534.8888888888889
NM_001180927.1	95	192	316	416	531	645	759	894	977	536.1111111111111
NM_001178852.3	103	244	324	433	556	624	696	853	997	536.6666666666666
NM_001180913.1	96	221	345	409	511	659	771	853	974	537.6666666666666
NM_001179833.1	92	209	341	417	532	686	741	881	957	539.5555555555555
NM_001181868.1	109	199	324	444	526	657	756	831	1013	539.8888888888889
NM_001182621.1	106	206	337	437	554	692	780	802	947	540.1111111111111
NM_001183079.1	111	208	324	457	503	646	744	892	981	540.6666666666666
NM_001180228.1	117	220	365	424	536	626	744	874	969	541.6666666666666
NM_001180110.1	108	227	318	449	532	628	771	847	1006	542.8888888888889
NM_001182317.1	94	231	312	412	546	675	749	883	989	543.4444444444445
NM_001178416.4	109	206	354	468	550	660	751	850	954	544.6666666666666
NM_001181340.3	97	223	316	482	546	638	774	876	955	545.2222222222222
NM_001183907.1	103	224	356	440	533	657	779	849	969	545.5555555555555
NM_001179026.1	128	245	314	429	535	643	770	851	996	545.6666666666666
NM_001183198.3	125	229	337	415	559	640	762	870	980	546.3333333333334
NM_001182599.1	100	200	329	407	539	683	781	855	1024	546.4444444444445
NM_001178161.1	116	193	340	469	537	674	764	854	992	548.7777777777778
NM_001182380.1	110	225	339	422	562	665	755	873	1002	550.3333333333334
NM_001182437.1	97	197	368	457	563	665	772	867	968	550.4444444444445
NM_001179277.1	105	220	326	438	571	674	791	834	995	550.4444444444445
NM_001182733.1	115	214	330	431	531	677	790	900	979	551.8888888888889
NM_001180522.3	122	207	346	465	524	660	765	895	1026	556.6666666666666
NM_001180081.1	91	226	330	450	578	680	809	871	1022	561.8888888888889
NM_001179391.3	106	225	341	442	572	713	788	899	981	563.0
NM_001178244.1	100	246	355	420	581	678	753	900	1037	563.3333333333334
NM_001181436.3	117	222	359	481	561	671	775	911	977	563.7777777777778
NM_001180791.1	102	221	333	470	530	653	816	922	1027	563.7777777777778
NM_001180703.3	110	236	361	468	555	689	789	857	1011	564.0
NM_001181554.1	116	230	345	427	582	689	775	921	1054	571.0
NM_001179442.1	107	239	364	463	564	698	793	901	1011	571.1111111111111
NM_001183606.1	117	236	362	466	576	691	800	877	1032	573.0
NM_001179693.1	115	230	364	446	613	678	809	913	996	573.7777777777778
NM_001179014.3	133	201	380	436	547	706	795	923	1059	575.5555555555555
NM_001179321.1	107	230	361	453	596	673	827	903	1034	576.0
NM_001183899.1	106	207	372	480	586	697	793	928	1028	577.4444444444445
NM_001180099.1	129	224	343	474	580	697	783	910	1062	578.0
NM_001181065.3	103	234	356	439	558	693	822	961	1042	578.6666666666666
NM_001178690.1	118	239	348	458	574	715	820	905	1071	583.1111111111111
NM_001182923.3	107	242	367	439	567	737	830	938	1031	584.2222222222222
NM_001181970.1	118	244	353	449	565	686	842	966	1042	585.0
NM_001179238.1	119	265	331	457	595	725	830	908	1041	585.6666666666666
NM_001183959.1	121	224	325	468	599	759	803	913	1060	585.7777777777778
NM_001179365.1	117	239	319	472	575	732	825	950	1065	588.2222222222222
NM_001184079.1	105	228	353	481	575	682	826	956	1094	588.8888888888889
NM_001181184.1	107	235	388	448	581	705	837	970	1034	589.4444444444445
NM_001178857.1	120	245	341	457	613	709	815	928	1092	591.1111111111111
NM_001183227.1	112	236	349	484	605	741	852	930	1049	595.3333333333334
NM_001179258.1	117	227	340	505	576	759	832	941	1072	596.5555555555555
NM_001178257.1	123	234	328	454	598	721	851	988	1100	599.6666666666666
NM_001184113.1	123	235	365	475	602	728	868	961	1052	601.0
NM_001178912.1	127	237	389	443	623	695	856	988	1084	604.6666666666666
NM_001180442.3	131	239	370	465	603	731	842	975	1094	605.5555555555555
NM_001180156.1	115	246	366	479	554	772	864	944	1110	605.5555555555555
NM_001180810.3	127	234	370	505	609	739	826	985	1072	607.4444444444445
NM_001180394.1	118	230	359	499	659	740	881	904	1079	607.6666666666666
NM_001182095.1	134	221	369	490	568	711	860	986	1148	609.6666666666666
NM_001181286.1	142	272	348	445	605	710	886	938	1144	610.0
NM_001183746.1	120	247	375	481	609	741	836	957	1133	611.0
NM_001180066.1	123	235	354	494	626	748	820	995	1114	612.1111111111111
NM_001180207.1	123	229	380	511	603	722	853	993	1097	612.3333333333334
NM_001182819.1	128	243	349	509	609	716	857	970	1135	612.8888888888889
NM_001179928.1	101	257	360	482	613	740	905	966	1127	616.7777777777778
NM_001182236.1	103	244	378	494	608	758	864	1008	1094	616.7777777777778
NM_001183905.1	111	243	390	501	618	770	862	1009	1050	617.1111111111111
NM_001182742.1	105	247	344	500	631	734	899	982	1128	618.8888888888889
NM_001180184.1	127	262	401	516	597	744	846	1006	1106	622.7777777777778
NM_001180368.3	107	257	372	523	630	769	853	1001	1103	623.8888888888889
NM_001182546.1	124	248	372	491	643	738	902	977	1151	627.3333333333334
NM_001184207.1	127	270	357	491	632	722	904	1025	1135	629.2222222222222
NM_001181542.1	131	258	401	502	620	804	904	1007	1132	639.8888888888889
NM_001179882.3	133	252	408	522	621	748	881	1057	1168	643.3333333333334
NM_001179956.1	118	261	400	519	632	775	884	1059	1143	643.4444444444445
NM_001180765.3	131	265	411	510	639	754	929	1044	1143	647.3333333333334
NM_001184280.1	132	276	400	529	643	769	901	994	1186	647.7777777777778
NM_001179177.1	129	275	366	498	609	799	937	1064	1156	648.1111111111111
NM_001180818.1	112	255	401	487	657	763	920	1036	1203	648.2222222222222
NM_001183673.1	158	262	377	516	645	779	874	1047	1196	650.4444444444445
NM_001178817.3	146	246	400	511	628	785	915	1025	1204	651.1111111111111
NM_001183465.1	128	248	399	515	608	772	955	1064	1197	654.0
NM_001183377.1	111	270	410	512	675	786	917	1033	1181	655.0
NM_001183826.1	122	245	389	509	663	797	930	1057	1186	655.3333333333334
NM_001182983.1	151	280	365	510	658	809	881	1061	1228	660.3333333333334
CCW22	158	280	385	520	667	806	936	1044	1150	660.6666666666666
NM_001183284.1	127	274	398	526	673	757	945	1068	1184	661.3333333333334
NM_001182709.1	122	274	409	550	678	786	898	1064	1178	662.1111111111111
NM_001181735.1	149	255	392	518	675	816	900	1044	1212	662.3333333333334
NM_001179747.1	134	266	391	535	649	757	932	1099	1200	662.5555555555555
NM_001182959.3	107	261	446	528	624	789	920	1044	1255	663.7777777777778
NM_001178799.1	131	270	403	534	623	820	955	1060	1181	664.1111111111111
NM_001183058.1	158	239	395	524	659	813	939	1062	1192	664.5555555555555
NM_001182079.1	118	280	404	516	666	823	935	1072	1204	668.6666666666666
NM_001179015.3	139	269	410	507	674	833	957	1046	1189	669.3333333333334
NM_001183046.1	111	272	398	506	664	811	975	1120	1219	675.1111111111111
NM_001183220.1	130	270	391	553	686	821	936	1063	1228	675.3333333333334
NM_001179948.1	135	281	403	523	676	838	958	1053	1273	682.2222222222222
NM_001178748.1	134	238	391	522	712	814	980	1084	1270	682.7777777777778
NM_001178981.1	129	286	380	597	673	822	955	1063	1253	684.2222222222222
NM_001178897.1	135	266	414	516	692	840	974	1129	1214	686.6666666666666
NM_001180399.3	128	287	436	541	692	809	979	1090	1224	687.3333333333334
NM_001182337.3	152	278	425	539	700	803	992	1069	1240	688.6666666666666
NM_001180985.1	137	284	390	523	648	838	1027	1082	1271	688.8888888888889
NM_001180197.1	123	313	375	586	682	813	951	1125	1236	689.3333333333334
NM_001182970.1	140	278	412	547	696	807	957	1134	1242	690.3333333333334
NM_001179883.1	145	258	416	563	684	852	960	1072	1277	691.8888888888889
NM_001182917.1	129	284	403	582	684	843	980	1076	1254	692.7777777777778
NM_001183351.1	133	258	403	556	713	847	1003	1115	1220	694.2222222222222
NM_001183818.1	150	312	406	550	649	796	980	1160	1259	695.7777777777778
NM_001183139.1	131	262	433	554	673	819	986	1134	1270	695.7777777777778
NM_001181448.1	127	269	437	571	683	816	966	1165	1269	700.3333333333334
NM_001179974.1	137	263	425	558	760	838	976	1089	1274	702.2222222222222
NM_001180887.1	153	261	435	562	692	822	994	1120	1284	702.5555555555555
NM_001179723.2	150	272	458	554	697	884	982	1104	1253	706.0
NM_001179219.1	147	292	414	554	718	869	1015	1108	1241	706.4444444444445
NM_001182444.1	134	290	443	576	681	867	989	1108	1278	707.3333333333334
NM_001182189.1	143	300	423	542	736	812	1012	1156	1257	709.0
NM_001179711.1	124	279	429	559	723	847	1027	1118	1320	714.0
NM_001179490.1	129	283	445	564	665	888	1034	1158	1275	715.6666666666666
NM_001181605.1	158	287	424	588	713	862	1011	1119	1306	718.6666666666666
NM_001181483.1	142	276	436	525	738	864	1018	1157	1312	718.6666666666666
NM_001180074.1	149	273	429	583	700	842	1034	1136	1334	720.0
NM_001184262.1	139	304	447	571	718	844	1011	1170	1312	724.0
NM_001183555.1	143	282	474	582	735	885	1017	1132	1271	724.5555555555555
NM_001183082.1	140	277	486	568	734	854	980	1182	1339	728.8888888888889
NM_001181183.4	132	313	445	602	732	886	1038	1127	1310	731.6666666666666
NM_001179670.1	150	322	438	596	750	869	998	1178	1296	733.0
NM_001178675.1	131	279	488	616	723	853	1007	1177	1340	734.8888888888889
NM_001178457.1	151	297	431	590	770	887	1039	1143	1341	738.7777777777778
NM_001181544.1	137	320	438	591	700	901	1085	1170	1307	738.7777777777778
NM_001180737.1	147	279	413	606	726	896	1026	1163	1396	739.1111111111111
NM_001178866.1	136	294	423	624	770	885	1049	1128	1344	739.2222222222222
NM_001184125.1	163	300	442	544	764	899	1026	1210	1309	739.6666666666666
NM_001184221.1	141	337	448	590	738	833	1061	1220	1293	740.1111111111111
NM_001179528.3	151	317	450	545	757	909	1092	1137	1313	741.2222222222222
NM_001180584.1	139	316	465	580	740	890	1022	1175	1346	741.4444444444445
NM_001182366.1	161	294	457	579	736	893	1008	1249	1333	745.5555555555555
NM_001178977.1	166	314	456	593	758	882	1034	1157	1357	746.3333333333334
NM_001182273.3	153	323	439	613	743	876	1037	1190	1361	748.3333333333334
NM_001181571.1	152	275	421	574	748	927	1030	1187	1426	748.8888888888889
NM_001183570.3	131	302	458	605	762	899	1044	1197	1344	749.1111111111111
NM_001182849.3	156	305	444	584	729	924	1061	1180	1378	751.2222222222222
NM_001179035.1	152	344	463	586	767	889	1072	1187	1325	753.8888888888889
NM_001178880.3	162	257	488	585	766	907	1063	1209	1390	758.5555555555555
NM_001179155.1	146	294	466	586	799	897	1093	1219	1340	760.0
NM_001179172.1	158	316	444	568	767	935	1026	1226	1405	760.5555555555555
NM_001179962.1	164	286	459	604	773	907	1073	1198	1387	761.2222222222222
NM_001181801.1	175	278	468	612	746	889	1079	1206	1400	761.4444444444445
NM_001182797.1	148	294	430	612	791	933	1064	1276	1356	767.1111111111111
NM_001179777.1	145	323	475	637	753	925	1044	1231	1381	768.2222222222222
NM_001181993.1	164	296	435	612	776	934	1066	1229	1420	770.2222222222222
NM_001181245.1	140	319	470	617	775	889	1020	1272	1434	770.6666666666666
NM_001182468.1	162	301	457	608	771	924	1071	1251	1407	772.4444444444445
NM_001178440.1	173	317	473	641	761	907	1067	1224	1391	772.6666666666666
NM_001183603.3	140	356	463	653	738	950	1083	1225	1400	778.6666666666666
NM_001184032.1	163	306	442	624	740	979	1112	1245	1400	779.0
NM_001178264.1	160	304	475	590	836	967	1095	1215	1420	784.6666666666666
NM_001183695.3	168	280	489	608	788	941	1146	1239	1424	787.0
NM_001181442.2	149	319	417	631	784	975	1116	1261	1444	788.4444444444445
NM_001182710.1	162	292	454	647	810	988	1106	1262	1392	790.3333333333334
NM_001180477.3	171	299	474	638	820	948	1073	1310	1392	791.6666666666666
NM_001180496.3	142	289	489	653	759	950	1099	1279	1472	792.4444444444445
NM_001179023.3	139	311	487	619	811	930	1091	1277	1469	792.6666666666666
NM_001179940.2	170	313	492	612	782	935	1126	1238	1471	793.2222222222222
NM_001180816.1	173	319	486	620	802	946	1091	1295	1411	793.6666666666666
NM_001178287.1	145	319	476	661	810	973	1086	1294	1402	796.2222222222222
NM_001178946.3	144	323	472	638	834	919	1153	1270	1442	799.4444444444445
NM_001182248.1	180	339	488	660	805	959	1109	1221	1439	800.0
NM_001180203.1	156	334	471	604	801	944	1138	1266	1499	801.4444444444445
NM_001178658.1	178	315	503	630	814	952	1100	1288	1454	803.7777777777778
NM_001181347.3	148	341	470	656	816	949	1097	1297	1476	805.5555555555555
NM_001181664.3	176	332	458	672	811	950	1122	1301	1449	807.8888888888889
NM_001182942.1	162	322	497	678	788	999	1101	1307	1432	809.5555555555555
NM_001180629.3	159	318	502	677	820	976	1128	1279	1433	810.2222222222222
NM_001179601.3	155	325	508	661	792	955	1142	1297	1459	810.4444444444445
NM_001178463.1	167	346	475	648	808	990	1137	1301	1495	818.5555555555555
NM_001182972.3	167	333	491	664	824	1005	1140	1313	1448	820.5555555555555
NM_001178247.1	171	338	490	645	800	1018	1160	1301	1467	821.1111111111111
NM_001180125.1	186	323	505	652	815	1002	1138	1292	1497	823.3333333333334
NM_001183244.1	151	330	467	669	853	994	1160	1301	1485	823.3333333333334
NM_001180027.1	163	298	470	646	835	1044	1178	1309	1489	825.7777777777778
NM_001181235.1	161	311	536	675	796	981	1202	1336	1504	833.5555555555555
NM_001182806.1	171	314	488	672	843	984	1183	1330	1528	834.7777777777778
NM_001179425.1	152	339	509	681	816	977	1180	1343	1526	835.8888888888889
NM_001178695.1	168	327	486	670	863	1008	1180	1371	1455	836.4444444444445
NM_001184516.1	177	318	476	664	864	1016	1214	1367	1492	843.1111111111111
NM_001179224.1	163	347	476	691	851	959	1217	1377	1531	845.7777777777778
NM_001180877.1	174	311	536	694	882	1014	1170	1366	1473	846.6666666666666
NM_001181806.1	185	334	538	665	844	1016	1202	1338	1516	848.6666666666666
NM_001178914.3	175	313	513	676	840	1042	1173	1409	1556	855.2222222222222
NM_001181722.1	185	364	491	703	905	996	1171	1352	1543	856.6666666666666
NM_001178357.1	157	348	495	686	895	1075	1175	1350	1543	858.2222222222222
NM_001183649.3	177	353	500	649	882	1034	1184	1418	1556	861.4444444444445
NM_001183850.1	174	343	528	707	790	1029	1226	1369	1599	862.7777777777778
NM_001182783.1	189	349	515	676	865	1009	1240	1377	1576	866.2222222222222
NM_001180762.1	155	355	520	708	827	1038	1237	1384	1583	867.4444444444445
NM_001178947.1	184	322	511	677	935	1059	1239	1401	1485	868.1111111111111
NM_001183093.1	174	341	522	697	850	1060	1257	1363	1575	871.0
NM_001179274.1	173	363	564	710	874	1038	1267	1376	1568	881.4444444444445
NM_001182066.1	178	318	539	719	895	1050	1239	1448	1556	882.4444444444445
NM_001183743.1	197	314	534	671	952	1028	1220	1419	1621	884.0
NM_001179457.3	164	363	552	692	895	1049	1218	1472	1557	884.6666666666666
NM_001180520.1	188	340	510	729	884	1051	1275	1436	1555	885.3333333333334
NM_001178432.1	195	350	562	742	880	1020	1253	1394	1587	887.0
NM_001181318.1	181	346	515	690	911	1102	1228	1433	1600	889.5555555555555
NM_001183085.1	174	359	502	744	859	1114	1241	1423	1593	889.8888888888889
NM_001182335.3	179	347	529	727	910	1059	1261	1413	1589	890.4444444444445
NM_001179646.1	166	374	568	710	949	1033	1285	1374	1578	893.0
NM_001183125.1	176	350	522	716	899	1093	1293	1406	1612	896.3333333333334
NM_001181232.1	160	340	531	696	893	1080	1310	1454	1697	906.7777777777778
NM_001178611.3	173	364	573	736	927	1142	1241	1438	1645	915.4444444444445
NM_001178794.1	181	360	571	757	933	1084	1275	1453	1641	917.2222222222222
NM_001182976.1	177	366	556	733	935	1111	1245	1512	1637	919.1111111111111
NM_001179198.1	210	384	550	700	906	1124	1245	1457	1716	921.3333333333334
NM_001178168.1	192	373	566	692	924	1147	1281	1487	1675	926.3333333333334
NM_001182267.1	190	368	512	743	967	1121	1284	1494	1666	927.2222222222222
NM_001183027.1	200	363	571	750	911	1120	1293	1477	1660	927.2222222222222
NM_001180220.1	205	364	529	729	957	1084	1347	1465	1686	929.5555555555555
NM_001181728.1	198	369	587	735	906	1112	1294	1472	1708	931.2222222222222
NM_001182815.1	205	365	558	750	908	1186	1277	1481	1661	932.3333333333334
NM_001178894.1	210	378	521	786	911	1137	1289	1478	1704	934.8888888888889
NM_001182433.1	181	405	559	747	908	1126	1348	1457	1717	938.6666666666666
NM_001184051.1	190	359	545	756	962	1119	1312	1495	1722	940.0
NM_001183439.1	181	382	529	784	959	1157	1310	1483	1699	942.6666666666666
NM_001178415.1	167	377	572	800	916	1117	1352	1482	1706	943.2222222222222
NM_001180546.3	161	374	582	747	980	1141	1340	1496	1732	950.3333333333334
NM_001180689.1	202	390	568	729	955	1125	1373	1528	1704	952.6666666666666
NM_001183541.3	191	384	557	718	998	1182	1381	1528	1695	959.3333333333334
NM_001181166.3	185	383	561	790	976	1141	1332	1504	1763	959.4444444444445
NM_001182904.1	179	373	581	744	1000	1163	1306	1512	1804	962.4444444444445
NM_001178631.1	178	386	601	787	1004	1143	1332	1506	1738	963.8888888888889
NM_001182578.1	193	379	588	747	952	1149	1341	1588	1758	966.1111111111111
NM_001181090.1	183	390	612	808	968	1154	1367	1528	1751	973.4444444444445
NM_001184246.1	215	393	571	827	949	1133	1386	1551	1761	976.2222222222222
NM_001180159.1	191	377	604	759	1001	1200	1369	1587	1744	981.3333333333334
NM_001179010.3	194	373	582	777	1031	1182	1411	1543	1842	992.7777777777778
NM_001182131.1	181	390	581	832	1008	1170	1380	1620	1785	994.1111111111111
NM_001179791.1	196	382	602	804	1022	1200	1354	1620	1797	997.4444444444445
NM_001179929.1	224	396	589	774	1015	1130	1372	1635	1845	997.7777777777778
NM_001181072.1	195	424	577	841	947	1250	1410	1580	1794	1002.0
NM_001182417.1	191	393	632	836	960	1215	1390	1630	1786	1003.6666666666666
NM_001182261.3	184	409	643	854	1017	1214	1391	1672	1784	1018.6666666666666
NM_001181600.1	204	412	631	830	995	1205	1475	1657	1828	1026.3333333333333
NM_001180154.1	196	426	637	835	1014	1254	1441	1644	1824	1030.111111111111
NM_001181013.1	201	390	615	808	1041	1240	1429	1663	1917	1033.7777777777778
NM_001181930.1	203	440	573	854	1040	1277	1457	1645	1821	1034.4444444444443
NM_001184130.1	197	402	617	809	1107	1241	1477	1646	1893	1043.2222222222222
NM_001182431.1	215	431	609	863	1053	1234	1420	1712	1859	1044.0
NM_001183802.1	230	447	623	861	1067	1257	1444	1637	1868	1048.2222222222222
NM_001180190.1	212	425	674	832	1048	1271	1527	1645	1804	1048.6666666666667
NM_001183968.1	226	448	618	821	1027	1285	1487	1695	1910	1057.4444444444443
NM_001178270.1	208	462	618	825	1086	1278	1505	1676	1869	1058.5555555555557
NM_001184278.1	196	471	659	870	1052	1296	1484	1711	1947	1076.2222222222222
NM_001180437.3	220	455	644	862	1070	1347	1506	1694	1923	1080.111111111111
NM_001182767.1	213	453	673	874	1129	1262	1466	1736	1961	1085.2222222222222
NM_001181383.3	231	415	669	863	1102	1339	1516	1737	1950	1091.3333333333333
NM_001180029.1	209	456	679	875	1084	1296	1574	1705	1971	1094.3333333333333
NM_001181314.3	229	446	638	888	1090	1358	1523	1744	1936	1094.6666666666667
NM_001182831.3	225	418	625	861	1084	1347	1573	1707	2043	1098.111111111111
NM_001184133.1	232	442	653	862	1109	1302	1585	1747	1957	1098.7777777777778
NM_001183795.3	242	431	715	919	1088	1331	1556	1713	2022	1113.0
NM_001178855.3	204	453	631	957	1128	1308	1508	1802	2036	1114.111111111111
NM_001178243.1	228	439	680	893	1107	1355	1547	1735	2056	1115.5555555555557
NM_001178430.1	192	441	661	873	1146	1382	1594	1748	2006	1115.888888888889
NM_001183028.1	219	452	653	929	1082	1369	1556	1781	2009	1116.6666666666667
NM_001184138.1	214	473	684	888	1164	1324	1578	1782	1988	1121.6666666666667
NM_001179114.1	213	470	697	889	1129	1325	1598	1787	2032	1126.6666666666667
NM_001182678.1	218	445	663	920	1082	1339	1558	1882	2071	1130.888888888889
NM_001178961.1	243	442	683	923	1092	1283	1583	1863	2086	1133.111111111111
NM_001182363.1	235	445	678	910	1117	1350	1585	1849	2048	1135.2222222222222
NM_001181460.1	218	428	726	889	1132	1366	1669	1780	2012	1135.5555555555557
NM_001179944.2	213	461	694	897	1150	1391	1591	1817	2031	1138.3333333333333
NM_001180541.3	245	437	711	926	1133	1346	1611	1810	2103	1146.888888888889
NM_001183862.1	217	454	699	900	1158	1337	1673	1895	2072	1156.111111111111
NM_001178491.3	234	461	750	938	1174	1389	1579	1839	2048	1156.888888888889
NM_001178597.1	253	453	706	874	1155	1404	1661	1866	2073	1160.5555555555557
NM_001182754.1	236	470	695	906	1169	1470	1579	1880	2099	1167.111111111111
NM_001182256.1	207	477	691	951	1136	1443	1653	1888	2079	1169.4444444444443
NM_001179346.1	255	462	702	924	1180	1440	1643	1873	2091	1174.4444444444443
NM_001180255.2	258	453	676	959	1195	1414	1596	1911	2130	1176.888888888889
NM_001183666.1	232	463	683	950	1157	1435	1624	1890	2171	1178.3333333333333
NM_001180407.3	227	500	729	940	1144	1366	1690	1903	2131	1181.111111111111
NM_001180009.1	226	486	716	966	1165	1442	1684	1870	2090	1182.7777777777778
NM_001182507.1	239	445	705	938	1177	1406	1659	1902	2180	1183.4444444444443
NM_001179683.1	228	489	657	964	1174	1435	1653	1892	2159	1183.4444444444443
NM_001178963.1	246	495	702	924	1105	1464	1715	1910	2122	1187.0
NM_001180310.1	244	491	725	901	1216	1439	1664	1885	2119	1187.111111111111
NM_001182582.1	241	452	692	974	1188	1426	1699	1950	2108	1192.2222222222222
NM_001182820.1	247	468	701	942	1227	1427	1675	1881	2176	1193.7777777777778
NM_001181943.1	224	448	698	961	1176	1490	1698	1904	2156	1195.0
NM_001182648.1	257	530	786	937	1177	1424	1602	1976	2095	1198.2222222222222
NM_001178841.1	240	462	737	937	1221	1478	1632	1944	2155	1200.6666666666667
NM_001183426.1	230	450	684	1014	1175	1396	1745	1967	2159	1202.2222222222222
NM_001178569.1	224	470	746	942	1255	1421	1747	1920	2152	1208.5555555555557
NM_001182973.1	254	514	680	992	1215	1482	1706	1898	2203	1216.0
NM_001182909.3	221	491	774	936	1242	1420	1747	1965	2152	1216.4444444444443
NM_001178279.1	245	472	753	963	1178	1477	1752	1993	2152	1220.5555555555557
NM_001181067.1	248	472	715	931	1258	1480	1713	1921	2260	1222.0
NM_001182101.1	255	483	754	990	1252	1479	1711	1925	2215	1229.3333333333333
NM_001179081.1	226	479	758	973	1271	1479	1709	1948	2246	1232.111111111111
NM_001184166.1	252	495	752	992	1245	1469	1670	1979	2242	1232.888888888889
NM_001178706.1	245	497	803	1006	1261	1481	1792	1931	2133	1238.7777777777778
NM_001181914.1	240	480	735	983	1208	1511	1716	2008	2310	1243.4444444444443
NM_001183833.1	282	495	710	1000	1185	1497	1805	2012	2255	1249.0
NM_001182846.1	264	513	800	963	1250	1523	1740	1944	2263	1251.111111111111
NM_001180231.1	244	517	792	969	1289	1485	1742	2013	2220	1252.3333333333333
NM_001179157.1	238	546	752	989	1277	1543	1737	1992	2263	1259.6666666666667
NM_001180435.1	271	506	715	1017	1216	1511	1718	2083	2301	1259.7777777777778
NM_001178900.1	253	525	782	986	1223	1516	1759	2000	2318	1262.4444444444443
NM_001178454.1	257	521	795	1050	1293	1499	1746	1983	2266	1267.7777777777778
NM_001183689.3	240	472	768	1020	1290	1486	1757	2094	2286	1268.111111111111
NM_001180920.3	265	483	770	1016	1303	1570	1797	1986	2256	1271.7777777777778
NM_001183165.2	261	485	751	1005	1271	1511	1825	2043	2312	1273.7777777777778
NM_001179339.3	270	508	793	1004	1283	1525	1759	2030	2360	1281.3333333333333
NM_001182301.1	268	502	754	1003	1272	1588	1847	2087	2384	1300.5555555555557
NM_001183842.1	249	523	821	1014	1350	1587	1864	2147	2358	1323.6666666666667
NM_001181846.1	278	528	789	1049	1325	1589	1867	2163	2345	1325.888888888889
NM_001181446.1	253	537	829	1066	1300	1578	1883	2111	2396	1328.111111111111
NM_001184445.1	284	536	762	1116	1307	1618	1868	2094	2370	1328.3333333333333
NM_001183393.1	279	536	835	1113	1310	1615	1858	2126	2291	1329.2222222222222
NM_001180205.1	264	545	754	1041	1329	1612	1876	2115	2465	1333.4444444444443
NM_001182701.1	299	529	801	1044	1335	1600	1881	2184	2407	1342.2222222222222
NM_001183803.3	260	552	843	1110	1363	1609	1803	2197	2400	1348.5555555555557
NM_001184346.3	274	518	797	1059	1371	1662	1940	2225	2474	1368.888888888889
NM_001178982.3	260	552	813	1093	1373	1655	1934	2186	2467	1370.3333333333333
NM_001178339.2	296	530	803	1060	1383	1611	1940	2236	2488	1371.888888888889
NM_001184132.2	271	528	824	1104	1421	1654	1915	2164	2480	1373.4444444444443
NM_001178886.1	249	528	867	1116	1398	1604	1952	2216	2487	1379.6666666666667
NM_001182103.1	267	566	843	1117	1399	1643	1933	2179	2479	1380.6666666666667
NM_001179722.1	269	564	801	1082	1414	1682	1912	2237	2491	1383.5555555555557
NM_001181338.3	295	565	850	1094	1401	1669	1931	2224	2461	1387.7777777777778
NM_001180200.1	241	588	846	1068	1383	1690	1877	2274	2527	1388.2222222222222
NM_001182950.3	257	585	811	1204	1371	1671	1968	2189	2494	1394.4444444444443
NM_001178427.1	268	548	866	1159	1373	1677	1961	2212	2504	1396.4444444444443
NM_001178861.1	276	590	843	1134	1379	1727	1931	2194	2516	1398.888888888889
NM_001181002.1	298	567	869	1064	1380	1682	1988	2253	2589	1410.0
NM_001182188.1	282	578	860	1143	1363	1751	1960	2215	2555	1411.888888888889
NM_001178682.1	277	557	856	1093	1400	1740	1924	2297	2572	1412.888888888889
NM_001179137.1	281	620	877	1113	1397	1697	1926	2272	2542	1413.888888888889
NM_001178739.1	295	576	862	1109	1426	1712	2076	2248	2519	1424.7777777777778
NM_001180242.1	277	571	890	1130	1425	1728	2077	2277	2531	1434.0
NM_001179781.1	291	563	850	1199	1470	1738	1989	2279	2590	1441.0
NM_001180479.3	277	611	837	1167	1440	1747	1983	2310	2619	1443.4444444444443
NM_001183752.3	288	605	893	1132	1405	1761	1998	2358	2573	1445.888888888889
NM_001181291.3	306	584	875	1139	1469	1768	2012	2289	2599	1449.0
NM_001182277.3	278	543	872	1177	1444	1758	2078	2315	2616	1453.4444444444443
NM_001184303.1	269	595	899	1183	1471	1746	2044	2339	2567	1457.0
NM_001183781.3	286	596	858	1156	1459	1725	2070	2325	2647	1458.0
NM_001178846.3	307	569	836	1210	1439	1776	2032	2298	2656	1458.111111111111
NM_001180649.3	314	599	878	1202	1434	1795	2058	2279	2602	1462.3333333333333
NM_001181779.3	309	565	893	1187	1464	1749	2074	2268	2702	1467.888888888889
NM_001180661.1	307	605	890	1187	1420	1738	2119	2330	2661	1473.0
NM_001182294.3	295	613	891	1169	1473	1732	2049	2345	2694	1473.4444444444443
NM_001184107.1	294	633	894	1178	1522	1783	2133	2368	2692	1499.6666666666667
NM_001181189.3	285	595	870	1221	1547	1806	2051	2425	2699	1499.888888888889
NM_001181304.1	297	597	928	1208	1520	1760	2108	2408	2741	1507.4444444444443
NM_001180319.1	293	605	885	1211	1519	1866	2118	2414	2685	1510.6666666666667
NM_001181393.3	299	594	930	1210	1500	1805	2072	2423	2772	1511.6666666666667
NM_001181763.1	319	627	896	1201	1503	1827	2157	2397	2782	1523.2222222222222
NM_001179620.1	293	574	912	1196	1487	1795	2155	2511	2822	1527.2222222222222
NM_001182855.1	309	675	943	1208	1470	1834	2128	2404	2786	1528.5555555555557
NM_001182040.1	306	604	879	1215	1533	1807	2187	2463	2776	1530.0
NM_001180465.3	319	611	915	1244	1547	1831	2159	2456	2719	1533.4444444444443
NM_001182151.1	313	631	906	1219	1535	1804	2185	2477	2747	1535.2222222222222
NM_001181947.1	315	627	913	1261	1561	1865	2113	2468	2782	1545.0
NM_001183730.1	318	603	917	1230	1571	1824	2162	2515	2774	1546.0
NM_001182062.1	287	586	940	1183	1575	1890	2241	2476	2756	1548.2222222222222
NM_001182414.1	286	604	889	1252	1546	1853	2170	2521	2837	1550.888888888889
NM_001180740.3	301	622	921	1241	1548	1915	2176	2545	2774	1560.3333333333333
NM_001181038.1	310	600	963	1259	1618	1871	2205	2456	2789	1563.4444444444443
NM_001181288.1	309	649	937	1210	1587	1897	2194	2504	2816	1567.0
NM_001179922.1	325	617	925	1281	1607	1934	2212	2575	2833	1589.888888888889
NM_001178916.1	312	661	968	1273	1631	1891	2229	2507	2874	1594.0
NM_001180891.1	297	593	954	1295	1596	1928	2273	2571	2891	1599.7777777777778
NM_001183617.1	347	634	949	1273	1580	1929	2222	2585	2881	1600.0
NM_001179471.2	316	672	956	1303	1546	1928	2219	2627	2875	1604.6666666666667
NM_001182608.1	318	686	988	1267	1615	1924	2260	2552	2914	1613.7777777777778
NM_001183895.1	325	657	899	1336	1595	1950	2326	2549	2909	1616.2222222222222
NM_001180653.1	344	631	906	1295	1654	1908	2303	2653	2992	1631.7777777777778
NM_001181215.3	304	696	1033	1279	1593	1987	2297	2676	2932	1644.111111111111
NM_001181100.1	325	685	993	1304	1645	1975	2290	2631	2952	1644.4444444444443
NM_001184040.1	324	674	1011	1324	1666	2019	2334	2578	2933	1651.4444444444443
NM_001182489.1	312	612	1022	1299	1717	1998	2369	2658	2957	1660.4444444444443
NM_001183761.3	382	668	1009	1313	1681	2004	2340	2680	2989	1674.0
NM_001184260.1	332	660	1045	1313	1647	2050	2294	2722	3004	1674.111111111111
NM_001181214.1	347	667	973	1350	1668	2009	2367	2671	3034	1676.2222222222222
NM_001183587.3	309	667	995	1339	1664	1956	2414	2677	3101	1680.2222222222222
NM_001179271.1	322	667	1000	1338	1698	1993	2375	2710	3100	1689.2222222222222
NM_001180532.3	332	673	1048	1380	1688	2035	2355	2744	2961	1690.6666666666667
NM_001178242.1	360	688	1024	1344	1636	2122	2371	2716	2976	1693.0
NM_001180533.3	329	684	1021	1425	1721	2001	2349	2692	3047	1696.5555555555557
NM_001181333.3	340	688	1024	1387	1695	2025	2334	2680	3111	1698.2222222222222
NM_001181797.3	335	737	1054	1384	1708	2135	2362	2776	3111	1733.5555555555557
NM_001178529.3	353	718	1055	1315	1708	2075	2477	2793	3114	1734.2222222222222
NM_001181945.1	306	695	1065	1361	1751	2126	2430	2708	3178	1735.5555555555557
NM_001181624.1	372	714	1075	1393	1762	2126	2421	2869	3135	1763.0
NM_001178510.1	370	739	1050	1363	1805	2102	2483	2862	3161	1770.5555555555557
NM_001181309.3	347	698	1055	1487	1752	2073	2477	2823	3264	1775.111111111111
NM_001181190.1	373	719	1124	1378	1817	2084	2509	2822	3236	1784.6666666666667
NM_001180970.1	385	687	1051	1437	1805	2124	2505	2853	3240	1787.4444444444443
NM_001178927.1	359	726	1077	1471	1781	2165	2559	2794	3167	1788.7777777777778
NM_001181870.1	385	711	1061	1454	1849	2148	2465	2879	3226	1797.5555555555557
NM_001181674.1	360	690	1048	1515	1830	2129	2608	2799	3257	1804.0
NM_001179150.1	375	740	1106	1450	1858	2110	2532	2885	3201	1806.3333333333333
NM_001182508.1	342	712	1057	1523	1829	2156	2580	2944	3253	1821.7777777777778
NM_001182192.1	371	725	1067	1455	1855	2224	2547	2915	3293	1828.0
NM_001182320.3	359	758	1023	1421	1881	2243	2593	2931	3299	1834.2222222222222
NM_001183653.3	377	710	1131	1464	1846	2277	2623	2859	3254	1837.888888888889
NM_001178358.1	343	760	1098	1490	1860	2172	2611	2956	3327	1846.3333333333333
NM_001178312.1	366	752	1063	1430	1871	2218	2589	3004	3335	1847.5555555555557
NM_001182067.1	384	756	1099	1494	1830	2270	2595	2971	3284	1853.6666666666667
NM_001178767.1	390	756	1112	1513	1851	2238	2674	3028	3397	1884.3333333333333
NM_001178634.1	386	761	1206	1505	1854	2297	2664	3128	3452	1917.0
NM_001180252.1	398	798	1187	1502	1938	2255	2676	3099	3405	1917.5555555555557
NM_001184242.1	390	715	1169	1534	1928	2284	2757	3084	3425	1920.6666666666667
NM_001180874.1	375	818	1198	1547	2007	2360	2683	3124	3542	1961.5555555555557
NM_001182894.1	411	791	1177	1598	1886	2375	2763	3189	3501	1965.6666666666667
NM_001182869.1	394	766	1148	1553	2015	2450	2737	3134	3561	1973.111111111111
NM_001181060.3	432	770	1167	1609	2047	2387	2694	3147	3589	1982.4444444444443
NM_001181838.1	413	764	1158	1558	2028	2463	2811	3233	3474	1989.111111111111
NM_001182243.1	345	815	1233	1606	2021	2414	2773	3274	3568	2005.4444444444443
NM_001181000.3	427	758	1161	1545	2084	2466	2815	3294	3616	2018.4444444444443
NM_001179730.1	416	828	1193	1629	1989	2434	2897	3209	3642	2026.3333333333333
NM_001178469.2	397	819	1314	1640	1978	2477	2980	3197	3785	2065.222222222222
NM_001180779.1	407	849	1203	1659	2153	2486	2828	3304	3781	2074.4444444444443
NM_001179401.3	431	828	1286	1723	2035	2500	2879	3381	3716	2086.5555555555557
NM_001180120.1	428	868	1292	1692	2100	2586	3030	3350	3844	2132.222222222222
NM_001181752.3	446	892	1273	1735	2153	2568	2979	3462	3842	2150.0
NM_001182736.1	395	888	1304	1725	2204	2530	3046	3484	3893	2163.222222222222
NM_001180534.1	442	912	1290	1700	2140	2656	3050	3476	3887	2172.5555555555557
NM_001180331.1	395	911	1348	1746	2173	2578	3020	3465	3964	2177.777777777778
NM_001182175.1	422	859	1328	1722	2136	2714	3063	3487	3954	2187.222222222222
NM_001182084.1	430	840	1295	1750	2200	2678	2998	3544	3959	2188.222222222222
NM_001181071.1	445	915	1319	1726	2227	2619	3020	3594	3954	2202.1111111111113
NM_001178180.1	458	877	1332	1743	2223	2520	3159	3600	4023	2215.0
NM_001179068.3	430	856	1371	1802	2264	2696	3078	3608	3973	2230.8888888888887
NM_001182737.1	464	908	1306	1787	2219	2685	3175	3523	4070	2237.4444444444443
NM_001180693.1	470	914	1351	1772	2298	2660	3209	3595	4007	2252.8888888888887
NM_001180073.1	462	928	1342	1829	2313	2720	3070	3572	4048	2253.777777777778
NM_001180143.1	463	945	1389	1856	2190	2741	3236	3674	4081	2286.1111111111113
NM_001183586.1	467	930	1362	1826	2317	2715	3164	3723	4111	2290.5555555555557
NM_001179067.3	451	939	1420	1861	2315	2752	3206	3683	4139	2307.3333333333335
NM_001179775.1	445	951	1334	1858	2301	2761	3305	3674	4192	2313.4444444444443
NM_001180808.1	461	943	1376	1878	2263	2851	3210	3664	4177	2313.6666666666665
NM_001180036.1	488	1012	1360	1863	2385	2789	3261	3670	4199	2336.3333333333335
NM_001182934.3	483	949	1398	1883	2360	2834	3269	3770	4218	2351.5555555555557
NM_001179149.1	432	920	1420	1900	2339	2743	3357	3794	4271	2352.8888888888887
NM_001180755.3	472	895	1427	1879	2355	2893	3354	3797	4329	2377.8888888888887
NM_001178157.1	465	982	1409	1917	2378	2841	3307	3909	4335	2393.6666666666665
NM_001179021.1	540	938	1436	1867	2336	2898	3406	3846	4341	2400.8888888888887
NM_001179847.3	501	1016	1369	1978	2387	2906	3338	3826	4338	2406.5555555555557
NM_001181253.1	452	953	1469	1908	2531	2935	3369	3959	4308	2431.5555555555557
NM_001178327.1	486	1040	1508	1936	2359	2934	3331	3903	4396	2432.5555555555557
NM_001182724.1	470	985	1474	1868	2510	2900	3501	3879	4480	2451.8888888888887
NM_001181247.3	488	1005	1460	1985	2408	2955	3470	3998	4399	2463.1111111111113
NM_001182222.1	488	998	1453	1966	2469	3010	3487	3885	4457	2468.1111111111113
NM_001178373.1	490	1021	1531	1995	2477	2963	3390	4018	4468	2483.6666666666665
NM_001181363.1	485	997	1510	1972	2529	2899	3547	3972	4493	2489.3333333333335
NM_001182622.1	471	1041	1486	1958	2581	3006	3459	4001	4422	2491.6666666666665
NM_001183446.1	477	1007	1448	2003	2498	2986	3520	4046	4444	2492.1111111111113
NM_001181411.1	515	996	1494	2008	2492	2968	3563	4021	4436	2499.222222222222
NM_001181414.1	488	1045	1539	2006	2530	3008	3513	4064	4529	2524.6666666666665
NM_001178965.3	492	1042	1526	2094	2547	3046	3551	4118	4576	2554.6666666666665
NM_001182902.1	506	1022	1569	2135	2574	3010	3530	4088	4613	2560.777777777778
NM_001183851.1	514	1004	1523	2076	2606	3168	3514	4101	4549	2561.6666666666665
NM_001182233.1	541	1031	1518	2090	2547	3076	3714	4139	4581	2581.8888888888887
NM_001183755.3	516	1047	1525	2056	2635	3158	3613	4248	4730	2614.222222222222
NM_001179324.3	520	1032	1612	2075	2588	3110	3746	4181	4730	2621.5555555555557
NM_001181223.1	513	1057	1537	2098	2675	3098	3640	4363	4797	2642.0
NM_001178842.3	553	1061	1640	2078	2635	3179	3760	4287	4895	2676.4444444444443
NM_001181468.3	545	1007	1580	2161	2726	3216	3750	4316	4850	2683.4444444444443
NM_001181408.1	531	1081	1607	2137	2683	3288	3787	4232	4858	2689.3333333333335
NM_001181284.3	596	1085	1585	2132	2704	3132	3727	4354	4902	2690.777777777778
NM_001178396.1	569	1056	1598	2118	2742	3279	3765	4413	4824	2707.1111111111113
NM_001178475.3	532	1025	1627	2070	2746	3243	3868	4412	4866	2709.8888888888887
NM_001179334.1	533	1112	1674	2183	2792	3201	3773	4392	4912	2730.222222222222
NM_001182870.1	562	1148	1609	2225	2731	3232	3775	4353	4946	2731.222222222222
NM_001182173.1	536	1134	1591	2253	2724	3273	3914	4456	4926	2756.3333333333335
NM_001178379.1	592	1127	1679	2186	2731	3243	3823	4507	4975	2762.5555555555557
NM_001182021.1	565	1102	1667	2206	2768	3230	3900	4494	4991	2769.222222222222
NM_001179000.1	526	1108	1674	2337	2814	3319	3866	4468	5018	2792.222222222222
NM_001184311.3	557	1089	1682	2296	2864	3384	3990	4467	5089	2824.222222222222
NM_001180341.1	546	1129	1704	2273	2802	3515	3971	4479	5192	2845.6666666666665
NM_001180385.3	558	1137	1684	2279	2923	3433	4005	4564	5223	2867.3333333333335
NM_001182556.1	597	1215	1824	2279	2845	3497	4049	4769	5143	2913.1111111111113
NM_001181610.1	616	1142	1720	2365	2975	3527	4168	4611	5344	2940.8888888888887
NM_001183623.3	600	1155	1767	2389	2942	3543	4139	4749	5323	2956.3333333333335
NM_001181513.1	591	1207	1725	2459	2967	3556	4108	4747	5457	2979.6666666666665
NM_001183363.1	605	1193	1818	2382	2955	3579	4230	4813	5373	2994.222222222222
NM_001182181.1	621	1187	1822	2443	3069	3562	4174	4819	5271	2996.4444444444443
NM_001178316.1	606	1193	1798	2447	2958	3659	4243	4765	5303	2996.8888888888887
NM_001181591.1	636	1120	1863	2404	3020	3721	4165	4777	5432	3015.3333333333335
NM_001180141.1	619	1241	1908	2453	3013	3613	4180	4828	5420	3030.5555555555557
NM_001183601.3	623	1206	1853	2471	3073	3675	4295	4887	5539	3069.1111111111113
NM_001179832.3	626	1257	1849	2428	3055	3671	4313	5000	5535	3081.5555555555557
NM_001180345.1	641	1286	1879	2510	3079	3651	4282	4941	5551	3091.1111111111113
NM_001183974.1	623	1156	1815	2479	3145	3779	4301	5004	5611	3101.4444444444443
NM_001181569.1	615	1208	1834	2504	3111	3765	4345	5059	5627	3118.6666666666665
NM_001179113.1	632	1297	1834	2563	3179	3788	4442	5109	5607	3161.222222222222
NM_001179314.3	634	1283	1881	2600	3133	3825	4389	5142	5705	3176.8888888888887
NM_001179496.1	640	1237	2008	2539	3186	3855	4452	4977	5755	3183.222222222222
NM_001178688.1	662	1308	1972	2434	3151	3823	4531	5072	5734	3187.4444444444443
NM_001182231.1	595	1254	1859	2592	3142	3929	4417	5213	5787	3198.6666666666665
NM_001181762.1	615	1328	1938	2533	3243	3875	4600	5124	5794	3227.777777777778
NM_001179194.1	668	1290	1905	2618	3213	3816	4503	5205	5861	3231.0
NM_001182905.1	697	1294	2000	2752	3365	3983	4614	5334	5872	3323.4444444444443
NM_001184171.1	652	1318	2041	2673	3272	4002	4635	5271	6121	3331.6666666666665
NM_001180758.1	634	1271	1965	2690	3415	4036	4656	5351	5992	3334.4444444444443
NM_001179428.3	656	1363	2057	2741	3415	4163	5016	5563	6263	3470.777777777778
NM_001182072.1	687	1434	2057	2767	3565	4214	4831	5520	6250	3480.5555555555557
NM_001180185.1	746	1398	2067	2743	3519	4082	4824	5617	6329	3480.5555555555557
NM_001179310.1	682	1421	2105	2869	3618	4276	4969	5643	6276	3539.8888888888887
NM_001181111.1	694	1407	2181	2883	3605	4333	4888	5738	6348	3564.1111111111113
NM_001181277.3	715	1454	2103	2928	3496	4289	5097	5792	6443	3590.777777777778
NM_001180030.3	723	1466	2242	2944	3704	4308	5051	5796	6628	3651.3333333333335
NM_001181163.1	719	1465	2162	2990	3553	4352	5144	5904	6577	3651.777777777778
NM_001179481.1	725	1463	2256	2927	3622	4362	5089	5851	6593	3654.222222222222
NM_001179403.1	760	1485	2229	2963	3647	4504	5208	5956	6820	3730.222222222222
NM_001183375.1	695	1478	2215	2948	3769	4564	5277	5907	6736	3732.1111111111113
NM_001182146.1	752	1531	2255	2994	3768	4490	5295	6007	6711	3755.8888888888887
NM_001178934.3	759	1460	2275	2969	3839	4516	5337	6023	6826	3778.222222222222
NM_001183957.1	713	1514	2299	3033	3806	4655	5472	6103	6863	3828.6666666666665
NM_001183712.1	747	1589	2221	3113	3895	4626	5402	6205	6909	3856.3333333333335
NM_001182749.1	788	1582	2353	3059	3843	4646	5422	6134	6895	3858.0
NM_001180941.1	776	1590	2287	3114	3808	4665	5392	6122	6975	3858.777777777778
NM_001183572.3	700	1521	2292	3126	3917	4609	5413	6194	6961	3859.222222222222
NM_001183140.1	787	1551	2324	3098	3955	4632	5496	6230	6946	3891.0
NM_001182645.1	775	1587	2378	3164	3785	4677	5434	6237	7043	3897.777777777778
NM_001180142.1	777	1549	2304	3141	3919	4689	5441	6233	7063	3901.777777777778
NM_001181563.2	810	1483	2346	3155	3916	4659	5492	6323	7021	3911.6666666666665
NM_001182214.1	807	1671	2322	3158	4033	4774	5452	6305	7121	3960.3333333333335
NM_001180251.2	790	1543	2360	3234	3883	4947	5596	6556	7222	4014.5555555555557
NM_001181622.1	822	1661	2393	3362	3994	4756	5634	6404	7335	4040.1111111111113
NM_001184140.1	826	1648	2468	3329	4205	4954	5694	6509	7514	4127.444444444444
NM_001178359.1	829	1629	2493	3397	4180	4926	5753	6609	7474	4143.333333333333
NM_001179151.1	811	1714	2511	3372	4086	4953	5814	6702	7571	4170.444444444444
NM_001180140.1	859	1702	2553	3430	4221	5160	5920	6877	7509	4247.888888888889
NM_001183293.1	872	1754	2583	3436	4221	5069	6034	6791	7705	4273.888888888889
NM_001183193.1	920	1769	2701	3529	4312	5263	6215	7010	7895	4401.555555555556
NM_001179402.1	830	1737	2701	3564	4340	5291	6081	7176	7934	4406.0
NM_001181703.1	892	1746	2638	3634	4474	5345	6132	7111	7896	4429.777777777777
NM_001182336.1	887	1773	2618	3607	4457	5300	6146	7170	7962	4435.555555555556
NM_001180189.1	877	1812	2609	3520	4452	5262	6188	7182	8109	4445.666666666667
NM_001184312.1	906	1729	2648	3590	4426	5393	6131	7172	8033	4447.555555555556
NM_001179419.1	915	1875	2687	3653	4414	5382	6403	7126	8020	4497.222222222223
NM_001183000.1	897	1794	2693	3598	4541	5460	6294	7171	8038	4498.444444444444
NM_001179095.1	929	1895	2846	3666	4539	5635	6374	7398	8276	4617.555555555556
NM_001179055.1	942	1930	2753	3603	4656	5621	6385	7314	8361	4618.333333333333
NM_001182818.1	931	1825	2804	3745	4665	5599	6585	7549	8473	4686.222222222223
NM_001180196.2	944	1800	2769	3792	4567	5797	6553	7684	8470	4708.444444444444
NM_001180194.1	921	1861	2867	3815	4717	5555	6596	7583	8509	4713.777777777777
NM_001180114.1	888	1887	2815	3758	4708	5640	6776	7524	8503	4722.111111111111
NM_001184045.1	980	1967	2821	3730	4736	5667	6580	7702	8648	4759.0
NM_001182384.1	934	1943	2856	3770	4754	5791	6638	7678	8482	4760.666666666667
NM_001180134.1	969	1916	2930	3806	4800	5854	6697	7646	8661	4808.777777777777
NM_001178539.1	945	1872	2948	3832	4857	5893	6648	7672	8679	4816.222222222223
NM_001180896.1	997	2003	2984	3866	4810	5832	6865	7654	8635	4849.555555555556
NM_001181119.1	948	1933	2937	3844	4769	5788	6872	7769	8789	4849.888888888889
NM_001184054.1	962	1867	2909	3880	4875	5916	6850	7863	8881	4889.222222222223
NM_001180025.1	1007	2014	2833	3997	4859	5815	7000	7850	8943	4924.222222222223
NM_001178151.1	1014	1961	2965	3966	4927	5996	6877	7893	8927	4947.333333333333
NM_001182712.1	965	1952	3014	3900	4960	6019	6903	7872	8954	4948.777777777777
NM_001178745.1	1033	1963	2950	3990	4992	5868	6969	8020	8860	4960.555555555556
NM_001181343.1	957	1998	2916	3985	4934	6053	6951	8061	9021	4986.222222222223
NM_001180057.1	1051	2009	3000	4048	4962	5973	7081	7984	8944	5005.777777777777
NM_001178869.1	1033	2043	3031	4149	5124	5966	7045	8080	9235	5078.444444444444
NM_001181156.1	1037	2074	3043	3978	5131	6127	7044	8233	9208	5097.222222222223
NM_001181592.1	1020	1987	3141	4133	5131	6248	7171	8249	9207	5143.0
NM_001179884.3	997	1995	3052	4123	5159	6223	7215	8222	9343	5147.666666666667
NM_001181623.1	1042	2148	3142	4168	5087	6326	7309	8114	9401	5193.0
NM_001180462.1	1040	2165	3165	4164	5149	6225	7185	8448	9350	5210.111111111111
NM_001182432.1	997	2056	3110	4182	5252	6295	7335	8393	9351	5219.0
NM_001179140.1	1036	2137	3134	4176	5294	6286	7291	8392	9489	5248.333333333333
NM_001180333.3	1067	2122	3124	4239	5302	6188	7352	8398	9549	5260.111111111111
NM_001183893.1	1013	2082	3087	4258	5347	6368	7612	8572	9400	5304.333333333333
NM_001180244.1	1048	2094	3198	4321	5307	6334	7496	8571	9698	5340.777777777777
NM_001181369.1	1094	2080	3212	4299	5382	6429	7465	8487	9640	5343.111111111111
NM_001181012.3	1012	2249	3245	4218	5280	6304	7537	8617	9641	5344.777777777777
NM_001180895.1	1074	2127	3223	4200	5452	6492	7630	8530	9594	5369.111111111111
NM_001178849.3	1084	2135	3406	4307	5401	6618	7492	8626	9761	5425.555555555556
NM_001182382.1	1097	2198	3318	4315	5549	6569	7601	8776	9710	5459.222222222223
NM_001181948.1	1070	2136	3322	4397	5472	6446	7713	8794	9911	5473.444444444444
NM_001181054.1	1060	2135	3292	4451	5478	6691	7669	8798	9889	5495.888888888889
NM_001183732.1	1184	2267	3253	4440	5386	6630	7775	8892	9863	5521.111111111111
NM_001180690.3	1122	2301	3420	4420	5602	6723	7866	8940	10027	5602.333333333333
NM_001178426.2	1154	2296	3467	4539	5708	6849	7922	9168	10323	5714.0
NM_001183875.1	1127	2277	3515	4681	5785	6907	8032	9219	10305	5760.888888888889
NM_001179572.1	1192	2290	3523	4700	5832	6986	7998	9200	10413	5792.666666666667
NM_001182037.1	1180	2377	3479	4705	5821	7105	8195	9446	10562	5874.444444444444
NM_001180245.1	1200	2325	3498	4755	5829	7008	8318	9400	10573	5878.444444444444
NM_001179647.1	1167	2297	3596	4813	5881	6985	8206	9486	10673	5900.444444444444
NM_001179622.1	1178	2346	3574	4721	5894	7060	8250	9518	10714	5917.222222222223
NM_001179007.3	1205	2416	3580	4889	5973	7104	8434	9614	10812	6003.0
NM_001178267.1	1285	2410	3654	4925	6000	7329	8620	9674	10942	6093.222222222223
NM_001182329.1	1193	2482	3728	4920	6037	7352	8579	9790	11047	6125.333333333333
NM_001178332.1	1253	2518	3825	4956	6450	7573	8703	10039	11419	6304.0
NM_001182386.1	1325	2554	3827	5088	6309	7674	8928	10153	11515	6374.777777777777
NM_001182244.1	1263	2653	3876	5063	6284	7488	8950	10312	11605	6388.222222222223
NM_001182644.1	1265	2526	3902	5126	6442	7711	8998	10380	11582	6436.888888888889
NM_001179748.1	1271	2572	4051	5329	6573	7936	9331	10480	12000	6615.888888888889
NM_001178150.1	1316	2610	4029	5275	6703	8053	9210	10473	11947	6624.0
NM_001183920.1	1337	2725	4051	5330	6561	7983	9288	10538	11932	6638.333333333333
NM_001178537.3	1342	2678	4052	5273	6614	8101	9373	10687	11997	6679.666666666667
NM_001183789.3	1383	2727	3966	5539	6936	8166	9560	10691	12239	6800.777777777777
NM_001183294.1	1426	2758	4165	5329	6826	8126	9555	10894	12410	6832.111111111111
NM_001184199.1	1367	2732	4156	5613	6806	8241	9454	11041	12254	6851.555555555556
NM_001181935.1	1353	2658	4143	5663	6851	8225	9587	10963	12408	6872.333333333333
NM_001184229.1	1413	2756	4145	5582	6928	8334	9735	11017	12382	6921.333333333333
NM_001180726.3	1430	2866	4242	5592	6934	8394	9722	10939	12761	6986.666666666667
NM_001184012.1	1410	2833	4226	5703	6868	8518	9759	11338	12650	7033.888888888889
NM_001182907.1	1450	2839	4225	5563	7010	8431	9916	11156	12754	7038.222222222223
NM_001180289.1	1433	2791	4213	5683	7126	8589	9976	11247	12770	7092.0
NM_001179746.1	1391	2843	4273	5597	7021	8602	9970	11389	12802	7098.666666666667
NM_001184631.1	1460	2878	4354	5810	7181	8535	10182	11468	12836	7189.333333333333
NM_001183515.1	1481	2967	4366	5776	7218	8725	10186	11734	13063	7279.555555555556
NM_001178466.1	1457	2985	4473	5845	7356	8711	10202	11506	13179	7301.555555555556
NM_001180372.3	1446	2947	4414	5895	7389	8799	10383	11582	13160	7335.0
NM_001179849.3	1554	2982	4361	5982	7469	8930	10602	11773	13402	7450.555555555556
NM_001182422.1	1482	3073	4598	6089	7694	9224	10782	12042	13791	7641.666666666667
NM_001178544.1	1550	3051	4565	6241	7731	9113	10955	12622	14132	7773.333333333333
NM_001179927.1	1620	3246	4756	6242	7764	9428	10941	12446	14046	7832.111111111111
NM_001183374.1	1574	3131	4788	6386	7881	9616	11036	12520	14102	7892.666666666667
NM_001181916.1	1581	3114	4849	6365	7885	9664	11235	12603	14354	7961.111111111111
NM_001183381.1	1639	3201	4802	6426	7894	9574	11100	12837	14325	7977.555555555556
NM_001181865.1	1564	3249	4824	6470	8018	9767	11460	12987	14676	8112.777777777777
NM_001184034.1	1719	3317	4917	6864	8385	10285	11802	13559	15268	8457.333333333334
NM_001180968.1	1854	3787	5636	7598	9496	11316	13203	15294	16973	9461.888888888889
NM_001180988.1	1944	3842	5822	7879	9608	11615	13470	15662	17712	9728.222222222223
NM_001178993.1	1978	3845	5851	7911	10010	11816	13878	15753	17749	9865.666666666666
NM_001182054.1	2041	3981	6116	8047	10094	11947	14194	16254	18116	10087.777777777777
NM_001182616.1	2023	3927	6223	8070	10135	12055	14134	16237	18129	10103.666666666666
NM_001181781.1	2027	4086	6171	8214	10127	12312	14498	16347	18556	10259.777777777777
NM_001183904.1	2079	4035	6239	8194	10486	12456	14711	16664	18833	10410.777777777777
NM_001181803.3	2034	4234	6160	8529	10398	12641	14504	16797	18874	10463.444444444445
NM_001183016.3	2101	4146	6297	8418	10482	12591	14809	16871	18844	10506.555555555555
NM_001183945.1	2199	4402	6569	8837	10932	13093	15445	17555	19593	10958.333333333334
NM_001181996.1	2192	4366	6661	8756	11000	13053	15447	17654	19690	10979.888888888889
NM_001182692.1	2289	4548	6965	9317	11404	13651	15996	18277	20668	11457.222222222223
NM_001182229.1	2323	4567	7047	9241	11811	13773	16211	18532	20782	11587.444444444445
NM_001180320.3	2406	4895	7349	9679	11927	14455	16961	19403	21935	12112.222222222223
NM_001179368.1	2436	4893	7237	9758	12252	14471	16995	19413	21758	12134.777777777777
NM_001180358.1	2630	5162	7574	10308	12878	15453	18011	20494	23144	12850.444444444445
NM_001181962.1	2609	5260	7939	10495	13138	15689	18273	20860	23717	13108.888888888889
NM_001181485.3	2868	5604	8462	11238	14030	16954	19947	22833	25474	14156.666666666666
NM_001183482.1	3170	6213	9165	12529	15686	18432	21939	24863	28205	15578.0
NM_001183047.1	3375	6786	10309	13854	17287	20563	24155	27421	30713	17162.555555555555
NM_001179718.1	3797	7898	11651	15616	19469	23465	27270	31213	35173	19505.777777777777
NM_001183552.1	4599	9167	13620	18580	23179	27813	32527	36957	41449	23099.0
NM_001180873.1	4546	9448	14002	18516	23246	27638	32277	36807	41789	23141.0
NM_001181997.1	5386	10684	16161	21415	26719	32057	37351	42983	48096	26761.333333333332
NM_001182136.1	5681	10947	16293	21740	27684	32995	38412	43941	49252	27438.333333333332
NM_001178725.1	6270	12096	18341	24324	30528	36509	42785	48831	54754	30493.11111111111
NM_001181844.1	6564	13200	19730	26027	32704	39286	45669	52471	59122	32752.555555555555
NM_001183340.1	6608	13666	20124	27095	33802	40214	47297	53989	60572	33707.444444444445
NM_001179626.1	7391	15049	22529	29839	37598	45334	52784	60416	67773	37634.77777777778
NM_001178183.1	7767	14925	22673	30475	37945	45524	53114	60701	68155	37919.88888888889
NM_001181666.1	7787	15690	23382	31017	38829	47101	54592	62767	70304	39052.11111111111
NM_001181321.3	9283	18624	27656	37287	46425	56182	64892	74341	83616	46478.444444444445
NM_001179305.1	13048	25920	38434	51219	64365	77410	90516	102916	115630	64384.22222222222
NM_001181931.1	14954	29970	44604	60020	75122	90115	104822	120345	135581	75059.22222222222
NM_001184177.1	17785	35366	53463	71192	88543	107032	123773	142474	159711	88815.44444444444
