	0	1	2	3	4	5	6	7	8	mean
NM_001184473.1	0	0	0	0	0	0	0	0	0	0.0
NM_001348807.1	0	0	0	0	0	0	0	0	0	0.0
NM_001184635.1	0	0	0	0	0	0	0	0	0	0.0
NM_001184476.1	0	0	0	0	0	0	0	0	0	0.0
NM_001178806.1	0	0	0	0	0	0	0	0	0	0.0
NM_001184674.1	0	0	0	0	0	0	0	0	0	0.0
NM_001348837.1	0	0	0	0	0	0	0	0	0	0.0
NM_001184550.1	0	0	0	0	0	0	0	0	0	0.0
NM_001179894.1	0	0	0	0	0	0	0	0	0	0.0
NM_001179893.3	0	0	0	0	0	0	0	0	0	0.0
NM_001179892.1	0	0	0	0	0	0	0	0	0	0.0
NM_001184649.1	0	0	0	0	0	0	0	0	0	0.0
NM_001184609.1	0	0	0	0	0	0	0	0	0	0.0
NM_001184405.1	0	0	0	0	0	0	0	0	0	0.0
NM_001184406.2	0	0	0	0	0	0	0	0	0	0.0
NM_001184608.1	0	0	0	0	0	0	0	0	0	0.0
NM_001182044.1	0	0	0	0	0	0	0	0	0	0.0
NM_001184563.1	0	0	0	0	0	0	0	0	0	0.0
NM_001181058.1	0	0	0	0	0	0	0	0	0	0.0
NM_001184651.1	0	0	0	0	0	0	0	0	0	0.0
NM_001184404.2	0	0	0	0	0	0	0	0	0	0.0
NM_001181886.1	0	0	0	0	0	0	0	0	0	0.0
NM_001184482.1	0	0	0	0	0	0	0	0	0	0.0
NM_001180307.1	0	0	0	0	0	0	0	0	0	0.0
NM_001184543.1	0	0	0	0	0	0	0	0	0	0.0
NM_001178814.1	0	0	0	0	0	0	0	0	0	0.0
NM_001184305.1	0	0	0	0	0	0	0	0	0	0.0
NM_001183487.1	0	0	0	0	0	0	0	0	0	0.0
NM_001180246.1	0	0	0	0	0	0	0	0	0	0.0
NM_001181057.3	0	0	0	0	0	0	0	0	0	0.0
NM_001184465.1	0	0	0	0	0	0	0	0	0	0.0
NM_001181884.1	0	0	0	0	0	0	0	0	0	0.0
NM_001184403.1	0	0	0	0	0	0	0	0	0	0.0
NM_001184605.1	0	0	0	0	0	0	0	0	0	0.0
NM_001181887.1	0	0	0	0	0	0	0	0	0	0.0
NM_001181825.1	0	0	0	0	0	0	0	0	0	0.0
NM_001348853.1	0	0	0	0	0	0	0	0	0	0.0
NM_001180305.1	0	0	0	0	0	0	0	0	0	0.0
NM_001180306.1	0	0	0	0	0	0	0	0	0	0.0
NM_001179805.3	0	0	0	0	0	0	0	0	0	0.0
NM_001184014.1	0	0	0	0	0	0	0	0	0	0.0
NM_001348890.1	0	0	0	0	0	0	0	0	0	0.0
NM_001183245.1	0	0	0	0	0	0	0	0	0	0.0
NM_001182048.1	0	0	0	0	0	0	0	0	0	0.0
NM_001182047.1	0	0	0	0	0	0	0	0	0	0.0
NM_001184565.1	0	0	0	0	0	0	0	0	0	0.0
NM_001348884.1	0	0	0	0	0	0	0	0	0	0.0
NM_001180026.1	0	0	0	0	0	0	0	0	0	0.0
NM_001179183.1	0	0	0	0	0	0	0	0	0	0.0
NM_001395032.1	0	0	0	0	0	0	0	0	0	0.0
NM_001179185.1	0	0	0	0	0	0	0	0	0	0.0
NM_001395031.1	0	0	0	0	0	0	0	0	0	0.0
NM_001183870.1	0	0	0	0	0	0	0	0	0	0.0
NM_001184566.1	0	0	0	0	0	0	0	0	0	0.0
NM_001181127.1	0	0	0	0	0	0	0	0	0	0.0
NM_001181128.1	0	0	0	0	0	0	0	0	0	0.0
NM_001180022.3	0	0	0	0	0	0	0	0	0	0.0
NM_001348833.1	0	0	0	0	0	0	0	0	0	0.0
NM_001348868.1	0	0	0	0	0	0	0	0	0	0.0
NM_001184670.1	0	0	0	0	0	0	0	0	0	0.0
NM_001183935.1	0	0	0	0	0	0	0	0	0	0.0
NM_001183944.1	0	0	0	0	0	0	0	0	0	0.0
NM_001184472.1	0	0	0	0	0	0	0	0	0	0.0
NM_001184667.1	0	0	0	0	0	0	0	0	0	0.0
NM_001348875.1	0	0	0	0	0	0	0	0	0	0.0
NM_001183283.1	0	0	0	0	0	0	0	0	0	0.0
NM_001348854.1	0	0	0	0	0	0	0	0	0	0.0
NM_001181101.1	0	0	0	0	0	0	0	0	0	0.0
NM_001184622.1	0	0	0	0	0	0	0	0	0	0.0
NM_001181940.1	0	0	0	0	0	0	0	0	0	0.0
NM_001181033.1	0	0	0	0	0	0	0	0	0	0.0
NM_001184603.1	0	0	0	0	0	0	0	0	0	0.0
NM_001181538.1	0	0	0	0	0	0	0	0	0	0.0
NM_001181539.1	0	0	0	0	0	0	0	0	0	0.0
NM_001395037.1	0	0	0	0	0	0	0	0	0	0.0
NM_001184624.1	0	0	0	0	0	0	0	0	0	0.0
NM_001348877.1	0	0	0	0	0	0	0	0	0	0.0
NM_001348835.1	0	0	0	0	0	0	0	0	0	0.0
NM_001348834.1	0	0	0	0	0	0	0	0	0	0.0
NM_001348856.1	0	0	0	0	0	0	0	0	0	0.0
NM_001183385.1	0	0	0	0	0	0	0	0	0	0.0
NM_001184682.1	0	0	0	0	0	0	0	0	0	0.0
NM_001270742.1	0	0	0	0	0	0	0	0	0	0.0
NM_001270741.1	0	0	0	0	0	0	0	0	0	0.0
NM_001348891.1	0	0	0	0	0	0	0	0	0	0.0
NM_001348889.1	0	0	0	0	0	0	0	0	0	0.0
NM_001184587.3	0	0	0	0	0	0	0	0	0	0.0
NM_001179789.1	0	0	0	0	0	0	0	0	0	0.0
NM_001348892.1	0	0	0	0	0	0	0	0	0	0.0
NM_001348882.1	0	0	0	0	0	0	0	0	0	0.0
NM_001183771.3	0	0	0	0	0	0	0	0	0	0.0
NM_001184557.1	0	0	0	0	0	0	0	0	0	0.0
NM_001178665.1	0	0	0	0	0	0	0	0	0	0.0
NM_001184342.1	0	0	0	0	0	0	0	0	0	0.0
NM_001348883.1	0	0	0	0	0	0	0	0	0	0.0
NM_001184300.1	0	0	0	0	0	0	0	0	0	0.0
NM_001184542.1	0	0	0	0	0	0	0	0	0	0.0
NM_001181684.3	0	0	0	0	0	0	0	0	0	0.0
NM_001178710.1	0	0	0	0	0	0	0	0	0	0.0
NM_001178650.1	0	0	0	0	0	0	0	0	0	0.0
NM_001184588.1	0	0	0	0	0	0	0	0	0	0.0
NM_001178646.1	0	0	0	0	0	0	0	0	0	0.0
NM_001348843.1	0	0	0	0	0	0	0	0	0	0.0
NM_001184399.1	0	0	0	0	0	0	0	0	0	0.0
NM_001181765.2	0	0	0	0	0	0	0	0	0	0.0
NM_001184094.1	0	0	0	0	0	0	0	0	0	0.0
NM_001180746.3	0	0	0	0	0	0	0	0	0	0.0
NM_001184585.1	0	0	0	0	0	0	0	0	0	0.0
NM_001184458.1	0	0	0	0	0	0	0	0	0	0.0
NM_001180052.1	0	0	0	0	0	0	0	0	0	0.0
NM_001180053.1	0	0	0	0	0	0	0	0	0	0.0
NM_001180045.1	0	0	0	0	0	0	0	0	0	0.0
NM_001178235.1	0	0	0	0	0	0	0	0	0	0.0
NM_001184583.1	0	0	0	0	0	0	0	0	0	0.0
NM_001184642.1	0	0	0	0	0	0	0	0	0	0.0
NM_001178206.2	0	0	0	0	0	0	0	0	0	0.0
NM_001184595.3	0	0	0	0	0	0	0	0	0	0.0
NM_001184096.1	0	0	0	0	0	0	0	0	0	0.0
NM_001184626.1	0	0	0	0	0	0	0	0	0	0.0
NM_001183814.3	0	0	0	0	0	0	0	0	0	0.0
NM_001270751.1	0	0	0	0	0	0	0	0	0	0.0
NM_001348881.1	0	0	0	0	0	0	0	0	0	0.0
NM_001178890.1	0	0	0	0	0	0	0	0	0	0.0
NM_001184425.2	0	0	0	0	0	0	0	0	0	0.0
NM_001348848.1	0	0	0	0	0	0	0	0	0	0.0
NM_001180043.1	0	0	0	0	0	0	0	0	0	0.0
NM_001348847.1	0	0	0	0	0	0	0	0	0	0.0
NM_001184650.1	0	0	0	0	0	0	0	0	0	0.0
NM_001179129.1	0	0	0	0	0	0	0	0	0	0.0
NM_001179130.1	0	0	0	0	0	0	0	0	0	0.0
NM_001181425.3	0	0	0	0	0	0	0	0	0	0.0
NM_001348896.1	0	0	0	0	0	0	0	0	0	0.0
NM_001184648.1	0	0	0	0	0	0	0	0	0	0.0
NM_001184552.1	0	0	0	0	0	0	0	0	0	0.0
NM_001184643.3	0	0	0	0	0	0	0	0	0	0.0
NM_001184541.3	0	0	0	0	0	0	0	0	0	0.0
NM_001395035.1	0	0	0	0	0	0	0	0	0	0.0
NM_001178807.1	0	0	0	0	0	0	0	0	0	0.0
NM_001181462.1	0	0	0	0	0	0	0	0	0	0.0
NM_001416099.1	0	0	0	0	0	0	0	0	0	0.0
NM_001179126.1	0	0	0	0	0	0	0	0	0	0.0
NM_001183674.3	0	0	0	0	0	0	0	0	0	0.0
NM_001348894.1	0	0	0	0	0	0	0	0	0	0.0
NM_001184462.1	0	0	0	0	0	0	0	0	0	0.0
NM_001184314.1	0	0	0	0	0	0	0	0	0	0.0
NM_001184604.1	0	0	0	0	0	0	0	0	0	0.0
NM_001348850.1	0	0	0	0	0	0	0	0	0	0.0
NM_001395042.1	0	0	0	0	0	0	0	0	0	0.0
NM_001184644.1	0	0	0	0	0	0	0	0	0	0.0
NM_001184062.1	0	0	0	0	0	0	0	0	0	0.0
NM_001184392.2	0	0	0	0	0	0	0	0	0	0.0
NM_001184391.1	0	0	0	0	0	0	0	0	0	0.0
NM_001183811.3	0	0	0	0	0	0	0	0	0	0.0
NM_001184579.3	0	0	0	0	0	0	0	0	0	0.0
NM_001184578.1	0	0	0	0	0	0	0	0	0	0.0
NM_001181365.3	0	0	0	0	0	0	0	0	0	0.0
NM_001395731.1	0	0	0	0	0	0	0	0	0	0.0
NM_001184637.1	0	0	0	0	0	0	0	0	0	0.0
NM_001184556.1	0	0	0	0	0	0	0	0	0	0.0
NM_001184393.1	0	0	0	0	0	0	0	0	0	0.0
NM_001348879.1	0	0	0	0	0	0	0	0	0	0.0
NM_001183633.3	0	0	0	0	0	0	0	0	0	0.0
NM_001183687.3	0	0	0	0	0	0	0	0	0	0.0
NM_001184625.1	0	0	0	0	0	0	0	0	0	0.0
NM_001178764.1	0	0	0	0	0	0	0	0	0	0.0
NM_001180880.3	0	0	0	0	0	0	0	0	0	0.0
NM_001178811.1	0	0	0	0	0	0	0	0	0	0.0
NM_001184600.1	0	0	0	0	0	0	0	0	0	0.0
NM_001184546.1	0	0	0	0	0	0	0	0	0	0.0
NM_001183034.1	0	0	0	0	0	0	0	0	0	0.0
NM_001184544.3	0	0	0	0	0	0	0	0	0	0.0
NM_001348823.1	0	0	0	0	0	0	0	0	0	0.0
NM_001348821.1	0	0	0	0	0	0	0	0	0	0.0
NM_001178836.3	0	0	0	0	0	0	0	0	0	0.0
NM_001178838.1	0	0	0	0	0	0	0	0	0	0.0
NM_001178850.1	0	0	0	0	0	0	0	0	0	0.0
NM_001348870.1	0	0	0	0	0	0	0	0	0	0.0
NM_001184661.1	0	0	0	0	0	0	0	0	0	0.0
NM_001270756.1	0	0	0	0	0	0	0	0	0	0.0
NM_001182836.3	0	0	0	0	0	0	0	0	0	0.0
NM_001182835.1	0	0	0	0	0	0	0	0	0	0.0
NM_001182834.3	0	0	0	0	0	0	0	0	0	0.0
NM_001348871.1	0	0	0	0	0	0	0	0	0	0.0
NM_001270757.1	0	0	0	0	0	0	0	0	0	0.0
NM_001184618.1	0	0	0	0	0	0	0	0	0	0.0
NM_001184424.1	0	0	0	0	0	0	0	0	0	0.0
NM_001184151.1	0	0	0	0	0	0	0	0	0	0.0
NM_001395041.1	0	0	0	0	0	0	0	0	0	0.0
NM_001178284.1	0	0	0	0	0	0	0	0	0	0.0
NM_001395038.1	0	0	0	0	0	0	0	0	0	0.0
NM_001182486.1	0	0	0	0	0	0	0	0	0	0.0
NM_001182355.3	0	0	0	0	0	0	0	0	0	0.0
NM_001184665.1	0	0	0	0	0	0	0	0	0	0.0
NM_001348886.1	0	0	0	0	0	0	0	0	0	0.0
NM_001184554.1	0	0	0	0	0	0	0	0	0	0.0
NM_001270738.1	0	0	0	0	0	0	0	0	0	0.0
NM_001184664.1	0	0	0	0	0	0	0	0	0	0.0
NM_001182350.3	0	0	0	0	0	0	0	0	0	0.0
NM_001184569.1	0	0	0	0	0	0	0	0	0	0.0
NM_001348861.1	0	0	0	0	0	0	0	0	0	0.0
NM_001179450.1	0	0	0	0	0	0	0	0	0	0.0
NM_001184428.1	0	0	0	0	0	0	0	0	0	0.0
NM_001348814.1	0	0	0	0	0	0	0	0	0	0.0
NM_001348813.1	0	0	0	0	0	0	0	0	0	0.0
NM_001182333.3	0	0	0	0	0	0	0	0	0	0.0
NM_001348863.1	0	0	0	0	0	0	0	0	0	0.0
NM_001348860.1	0	0	0	0	0	0	0	0	0	0.0
NM_001184429.1	0	0	0	0	0	0	0	0	0	0.0
NM_001179050.4	0	0	0	0	0	0	0	0	0	0.0
NM_001348827.1	0	0	0	0	0	0	0	0	0	0.0
NM_001180850.3	0	0	0	0	0	0	0	0	0	0.0
NM_001182618.1	0	0	0	0	0	0	0	0	0	0.0
NM_001184632.3	0	0	0	0	0	0	0	0	0	0.0
NM_001184599.3	0	0	0	0	0	0	0	0	0	0.0
NM_001184598.3	0	0	0	0	0	0	0	0	0	0.0
NM_001348888.1	0	0	0	0	0	0	0	0	0	0.0
NM_001184218.2	0	0	0	0	0	0	0	0	0	0.0
NM_001178891.1	0	0	0	0	0	0	0	0	0	0.0
NM_001180855.1	0	0	0	0	0	0	0	0	0	0.0
NM_001184302.1	0	0	0	0	0	0	0	0	0	0.0
NM_001180853.1	0	0	0	0	0	0	0	0	0	0.0
NM_001348865.1	0	0	0	0	0	0	0	0	0	0.0
NM_001348819.1	0	0	0	0	0	0	0	0	0	0.0
NM_001184615.1	0	0	0	0	0	0	0	0	0	0.0
NM_001182514.1	0	0	0	0	0	0	0	0	0	0.0
NM_001178864.1	0	0	0	0	0	0	0	0	0	0.0
NM_001395033.1	0	0	0	0	0	0	0	0	0	0.0
NM_001178884.1	0	0	0	0	0	0	0	0	0	0.0
NM_001184617.1	0	0	0	0	0	0	0	0	0	0.0
NM_001184573.1	0	0	0	0	0	0	0	0	0	0.0
NM_001184426.3	0	0	0	0	0	0	0	0	0	0.0
NM_001182838.1	0	0	0	0	0	0	0	0	0	0.0
NM_001270750.1	0	0	0	0	0	0	0	0	0	0.0
NM_001179350.3	0	0	0	0	0	0	0	0	0	0.0
NM_001184602.3	0	0	0	0	0	0	0	0	0	0.0
NM_001184601.1	0	0	0	0	0	0	0	0	0	0.0
NM_001182425.1	0	0	0	0	0	0	0	0	0	0.0
NM_001182398.1	0	0	0	0	0	0	0	0	0	0.0
NM_001182397.2	0	0	0	0	0	0	0	0	0	0.0
NM_001182404.1	0	0	0	0	0	0	0	0	0	0.0
NM_001184456.1	0	0	0	0	0	0	0	0	0	0.0
NM_001183177.1	0	0	0	0	0	0	0	0	0	0.0
NM_001179269.1	0	0	0	0	0	0	0	0	0	0.0
NM_001184555.1	0	0	0	0	0	0	0	0	0	0.0
NM_001179513.1	0	0	0	0	0	0	0	0	0	0.0
NM_001180041.1	0	0	0	0	0	0	0	0	0	0.0
NM_001180042.1	0	0	0	0	0	0	0	0	0	0.0
NM_001184301.1	0	0	0	0	0	0	0	0	0	0.0
AI5_BETA	0	0	0	0	0	0	0	0	0	0.0
NM_001184582.1	0	0	0	0	0	0	0	0	0	0.0
NM_001184628.1	0	0	0	0	0	0	0	0	0	0.0
NM_001182583.1	0	0	0	0	0	0	0	0	0	0.0
NM_001184561.1	0	0	0	0	0	0	0	0	0	0.0
NM_001348809.1	0	0	0	0	0	0	0	0	0	0.0
NM_001267862.1	0	0	0	0	0	0	0	0	0	0.0
NM_001183253.3	0	0	0	0	0	0	0	0	0	0.0
NM_001184621.3	0	0	0	0	0	0	0	0	0	0.0
NM_001348858.1	0	0	0	0	0	0	0	0	0	0.0
NM_001348857.1	0	0	0	0	0	0	0	0	0	0.0
NM_001184430.1	0	0	0	0	0	0	0	0	0	0.0
NM_001180862.2	0	0	0	0	0	0	0	0	0	0.0
NM_001182046.1	0	0	0	0	0	0	0	0	0	0.0
NM_001182045.1	0	0	0	0	0	0	0	0	0	0.0
NM_001184655.1	0	0	0	0	0	0	0	0	0	0.0
NM_001183414.1	0	0	0	0	0	0	0	0	0	0.0
NM_001183415.1	0	0	0	0	0	0	0	0	0	0.0
NM_001183416.1	0	0	0	0	0	0	0	0	0	0.0
NM_001183418.1	0	0	0	0	0	0	0	0	0	0.0
NM_001184623.1	0	0	0	0	0	0	0	0	0	0.0
NM_001184571.1	0	0	0	0	0	0	0	0	0	0.0
NM_001184633.1	0	0	0	0	0	0	0	0	0	0.0
NM_001179077.1	0	0	0	0	0	0	0	0	0	0.0
NM_001179028.4	0	0	0	0	0	0	0	0	0	0.0
NM_001179916.1	0	0	0	0	0	0	0	0	0	0.0
NM_001182043.1	0	0	0	0	0	0	0	0	0	0.0
NM_001182042.1	0	0	0	0	0	0	0	0	0	0.0
NM_001184560.1	0	0	0	0	0	0	0	0	0	0.0
NM_001184514.1	0	0	0	0	0	0	0	0	0	0.0
NM_001181126.1	0	0	0	0	0	0	0	0	0	0.0
NM_001348832.1	0	0	0	0	0	0	0	0	0	0.0
NM_001179926.1	0	0	0	0	0	0	0	0	0	0.0
NM_001184549.1	0	0	0	0	0	0	0	0	0	0.0
NM_001179917.1	0	0	0	0	0	0	0	0	0	0.0
NM_001184590.1	0	0	0	0	0	0	0	0	0	0.0
NM_001179909.1	0	0	0	0	0	0	0	0	0	0.0
NM_001179906.1	0	0	0	0	0	0	0	0	0	0.0
NM_001348808.1	0	0	0	0	0	0	0	0	0	0.0
NM_001180024.1	0	0	0	0	0	0	0	0	0	0.0
NM_001348885.1	0	0	0	0	0	0	0	0	0	0.0
NM_001181649.1	0	0	0	0	0	0	0	0	0	0.0
NM_001179563.1	0	0	0	0	0	0	0	0	0	0.0
NM_001348818.1	0	0	0	0	0	0	0	0	0	0.0
NM_001270752.1	0	0	0	0	0	0	0	0	0	0.0
NM_001179256.1	0	0	0	0	0	0	0	0	0	0.0
NM_001178368.1	0	0	0	0	0	0	0	0	0	0.0
NM_001179410.3	0	0	0	0	0	0	0	0	0	0.0
NM_001348845.1	0	0	0	0	0	0	0	0	0	0.0
NM_001184662.3	0	0	0	0	0	0	0	0	0	0.0
NM_001184639.3	0	0	0	0	0	0	0	0	0	0.0
NM_001180422.3	0	0	0	0	0	0	0	0	0	0.0
NM_001348828.1	0	0	0	0	0	0	0	0	0	0.0
NM_001183233.3	0	0	0	0	0	0	0	0	0	0.0
NM_001348825.1	0	0	0	0	0	0	0	0	0	0.0
NM_001184574.1	0	0	0	0	0	0	0	0	0	0.0
NM_001348824.1	0	0	0	0	0	0	0	0	0	0.0
NM_001346796.1	0	0	0	0	0	0	0	0	0	0.0
NM_001183835.1	0	0	0	0	0	0	0	0	0	0.0
NM_001182349.1	0	0	0	0	0	0	0	0	0	0.0
NM_001182442.1	0	0	0	0	0	0	0	0	0	0.0
NM_001178930.1	0	0	0	0	0	0	0	0	0	0.0
NM_001183107.1	0	0	0	0	0	0	0	0	0	0.0
NM_001348815.1	0	0	0	0	0	0	0	0	0	0.0
NM_001184420.1	0	0	0	0	0	0	0	0	0	0.0
NM_001184580.1	0	0	0	0	0	0	0	0	0	0.0
NM_001184417.2	0	0	0	0	0	0	0	0	0	0.0
NM_001184638.1	0	0	0	0	0	0	0	0	0	0.0
NM_001179903.1	0	0	0	0	0	0	0	0	0	0.0
NM_001179902.1	0	0	0	0	0	0	0	0	0	0.0
NM_001179901.1	0	0	0	0	0	0	0	0	0	0.0
NM_001179900.1	0	0	0	0	0	0	0	0	0	0.0
NM_001179899.1	0	0	0	0	0	0	0	0	0	0.0
NM_001184416.1	0	0	0	0	0	0	0	0	0	0.0
NM_001182191.1	0	0	0	0	0	0	0	0	0	0.0
NM_001182196.1	0	0	0	0	0	0	0	0	0	0.0
NM_001183841.1	0	0	0	0	0	0	0	0	0	0.0
NM_001348826.1	0	0	0	0	0	0	0	0	0	0.0
NM_001181546.3	0	0	0	0	0	0	0	1	0	0.1111111111111111
NM_001182681.1	0	0	0	0	0	0	1	0	0	0.1111111111111111
NM_001184564.1	0	0	0	0	0	0	1	0	0	0.1111111111111111
NM_001178219.1	0	0	0	1	0	0	0	0	0	0.1111111111111111
NM_001183156.1	0	0	0	0	0	1	0	0	0	0.1111111111111111
NM_001184629.1	0	0	0	0	0	1	0	0	0	0.1111111111111111
NM_001180173.1	0	0	0	0	0	0	0	1	0	0.1111111111111111
NM_001181023.1	0	0	0	0	0	0	0	0	1	0.1111111111111111
NM_001179535.3	0	0	0	0	0	0	0	1	0	0.1111111111111111
NM_001180954.1	0	0	0	0	1	0	0	0	0	0.1111111111111111
NM_001178214.1	0	0	0	0	0	0	0	0	1	0.1111111111111111
NM_001184658.1	0	0	0	0	0	0	1	0	0	0.1111111111111111
NM_001348898.1	0	0	0	0	0	0	0	0	1	0.1111111111111111
NM_001183451.1	0	0	0	0	0	0	1	0	0	0.1111111111111111
NM_001181423.1	0	0	0	0	1	0	0	0	0	0.1111111111111111
NM_001183249.1	0	0	0	0	0	0	0	1	0	0.1111111111111111
NM_001181003.1	0	0	0	0	0	0	0	1	0	0.1111111111111111
NM_001181899.1	0	0	0	0	0	0	1	0	1	0.2222222222222222
NM_001184576.1	0	0	0	0	0	1	0	0	1	0.2222222222222222
NM_001348862.1	0	0	0	0	0	0	0	1	1	0.2222222222222222
NM_001178711.1	0	0	0	0	0	1	0	0	1	0.2222222222222222
NM_001184575.1	0	0	0	0	0	0	1	1	0	0.2222222222222222
NM_001179603.1	0	0	0	0	0	1	0	0	1	0.2222222222222222
NM_001184380.3	0	0	0	0	0	0	0	1	1	0.2222222222222222
NM_001179379.3	0	0	1	0	0	0	0	0	1	0.2222222222222222
NM_001179541.3	0	0	0	1	0	1	0	0	0	0.2222222222222222
NM_001179907.1	0	0	0	0	1	1	0	0	0	0.2222222222222222
NM_001184666.1	0	0	0	1	0	0	0	1	0	0.2222222222222222
NM_001184407.1	0	0	0	1	0	0	0	1	0	0.2222222222222222
NM_001181656.1	1	0	0	0	0	1	0	0	0	0.2222222222222222
NM_001179636.1	0	0	0	0	0	1	0	0	1	0.2222222222222222
NM_001184006.1	0	0	0	0	0	0	0	1	1	0.2222222222222222
NM_001184592.3	0	0	0	0	1	0	0	1	0	0.2222222222222222
NM_001348820.1	0	0	0	0	0	0	1	1	0	0.2222222222222222
NM_001348844.1	0	0	0	0	1	0	1	0	0	0.2222222222222222
NM_001179521.1	1	0	0	0	0	1	0	0	0	0.2222222222222222
NM_001179349.1	0	0	0	1	0	0	0	1	0	0.2222222222222222
NM_001184559.1	0	0	0	0	1	0	1	0	0	0.2222222222222222
NM_001182496.1	0	0	0	0	0	0	0	1	1	0.2222222222222222
NM_001183278.1	0	0	0	1	0	0	0	0	1	0.2222222222222222
NM_001348851.1	0	0	0	0	0	1	1	0	0	0.2222222222222222
NM_001184015.1	0	0	0	0	0	1	0	1	0	0.2222222222222222
NM_001184610.1	0	0	0	0	0	0	0	1	1	0.2222222222222222
NM_001348878.1	0	0	0	0	0	0	1	0	1	0.2222222222222222
NM_001184526.1	0	0	0	0	0	1	0	0	1	0.2222222222222222
NM_001179407.3	0	0	2	0	0	0	0	0	0	0.2222222222222222
NM_001395040.1	0	0	0	1	0	0	0	1	0	0.2222222222222222
NM_001178702.1	0	0	0	0	0	0	1	0	1	0.2222222222222222
NM_001348893.1	0	0	0	0	0	1	0	1	0	0.2222222222222222
NM_001182352.1	0	0	0	0	0	1	0	0	1	0.2222222222222222
NM_001182354.3	0	0	0	0	0	1	0	0	1	0.2222222222222222
NM_001182584.1	0	0	0	0	0	0	0	1	1	0.2222222222222222
NM_001184086.1	0	0	1	0	0	0	0	0	1	0.2222222222222222
NM_001179344.1	0	0	0	0	0	0	1	0	2	0.3333333333333333
NM_001181737.1	0	0	0	0	0	0	1	1	1	0.3333333333333333
NM_001181811.3	0	0	0	0	0	1	1	0	1	0.3333333333333333
NM_001184678.1	1	0	0	1	1	0	0	0	0	0.3333333333333333
NM_001181195.3	0	0	0	0	0	0	1	1	1	0.3333333333333333
NM_001180138.1	0	0	1	1	0	1	0	0	0	0.3333333333333333
NM_001348873.1	1	1	0	0	0	0	0	1	0	0.3333333333333333
NM_001183248.1	0	0	0	1	0	0	2	0	0	0.3333333333333333
NM_001184535.1	0	1	0	0	0	0	0	1	1	0.3333333333333333
NM_001184545.3	0	0	0	0	0	1	0	1	1	0.3333333333333333
NM_001182303.1	0	0	1	1	0	0	0	1	0	0.3333333333333333
NM_001348830.1	0	0	0	0	1	0	1	1	0	0.3333333333333333
NM_001180304.1	0	0	0	0	0	0	0	2	1	0.3333333333333333
NM_001178882.1	0	0	0	0	0	1	1	1	0	0.3333333333333333
NM_001348874.1	0	0	0	0	0	0	1	2	0	0.3333333333333333
NM_001184553.1	0	0	0	0	0	1	1	0	1	0.3333333333333333
NM_001182873.1	0	0	0	1	0	0	1	1	0	0.3333333333333333
NM_001348836.1	0	0	0	1	0	1	1	0	0	0.3333333333333333
NM_001183048.1	1	1	0	0	0	0	0	0	1	0.3333333333333333
NM_001184418.1	0	0	0	1	0	0	1	1	0	0.3333333333333333
NM_001348812.1	0	0	0	0	0	1	0	1	1	0.3333333333333333
NM_001182752.1	1	0	0	0	0	1	0	0	1	0.3333333333333333
NM_001181646.1	0	0	0	0	0	1	0	1	1	0.3333333333333333
NM_001181809.2	0	1	0	0	0	0	0	1	1	0.3333333333333333
SCEI	0	0	0	0	0	1	1	1	0	0.3333333333333333
NM_001184400.4	0	0	0	0	0	1	0	1	1	0.3333333333333333
NM_001184654.1	0	0	0	0	1	0	1	0	1	0.3333333333333333
NM_001179508.1	0	0	1	1	0	0	0	0	1	0.3333333333333333
NM_001180844.3	0	0	0	0	1	0	1	0	1	0.3333333333333333
NM_001179991.3	0	1	0	1	0	0	0	0	1	0.3333333333333333
NM_001184596.1	0	0	0	1	0	0	1	1	0	0.3333333333333333
NM_001178647.3	0	0	0	0	1	2	1	0	0	0.4444444444444444
NM_001178649.3	0	0	1	1	0	0	0	1	1	0.4444444444444444
NM_001180049.1	0	0	0	0	2	0	1	1	0	0.4444444444444444
NM_001181687.2	0	0	0	1	1	1	0	0	1	0.4444444444444444
NM_001180831.1	0	0	0	0	0	1	1	1	1	0.4444444444444444
NM_001181686.1	0	0	0	1	1	1	0	0	1	0.4444444444444444
NM_001181402.1	0	0	0	0	1	1	0	1	1	0.4444444444444444
NM_001181816.3	0	0	0	0	0	1	1	1	1	0.4444444444444444
NM_001179144.1	0	0	0	0	1	0	1	1	1	0.4444444444444444
NM_001181652.1	1	0	0	0	0	0	1	1	1	0.4444444444444444
NM_001179291.1	0	0	0	0	1	1	1	0	1	0.4444444444444444
NM_001181461.3	1	1	0	0	0	1	0	0	1	0.4444444444444444
NM_001179914.1	0	0	0	0	1	1	0	1	1	0.4444444444444444
NM_001184646.3	0	0	0	1	0	1	0	1	1	0.4444444444444444
NM_001181510.1	0	0	0	1	0	0	0	0	3	0.4444444444444444
NM_001184001.1	0	1	0	0	1	1	0	0	1	0.4444444444444444
NM_001179123.1	0	0	1	0	0	0	1	1	1	0.4444444444444444
NM_001348817.1	0	0	1	0	1	1	0	1	0	0.4444444444444444
NM_001182266.3	0	1	0	1	1	0	0	1	0	0.4444444444444444
NM_001180526.1	0	0	0	0	1	0	0	1	2	0.4444444444444444
NM_001184431.1	1	0	0	0	0	1	1	0	1	0.4444444444444444
NM_001184432.2	1	0	0	0	0	1	1	0	1	0.4444444444444444
NM_001431143.1	1	0	1	1	1	0	0	0	0	0.4444444444444444
NM_001179075.3	0	0	0	0	0	1	0	1	2	0.4444444444444444
NM_001179076.3	0	0	0	0	1	1	0	1	1	0.4444444444444444
NM_001181115.1	0	0	1	0	0	1	1	1	0	0.4444444444444444
NM_001180096.1	0	0	0	1	1	0	1	1	0	0.4444444444444444
NM_001181476.1	0	0	0	1	0	1	0	1	1	0.4444444444444444
NM_001183246.3	0	0	0	0	1	0	0	1	2	0.4444444444444444
NM_001184548.3	0	0	0	0	1	1	0	0	2	0.4444444444444444
NM_001180054.1	0	1	0	1	0	0	1	1	0	0.4444444444444444
NM_001182061.1	1	0	0	1	0	0	1	0	1	0.4444444444444444
NM_001182713.1	0	0	0	0	1	0	1	1	1	0.4444444444444444
NM_001183661.3	0	0	0	1	0	1	0	1	1	0.4444444444444444
NM_001181900.1	0	0	0	0	1	1	0	1	1	0.4444444444444444
NM_001181918.1	0	0	0	0	1	1	0	1	1	0.4444444444444444
NM_001184614.1	0	0	1	0	0	1	0	1	1	0.4444444444444444
NM_001180710.1	0	1	0	0	1	0	0	1	1	0.4444444444444444
NM_001178163.1	0	0	1	0	1	1	1	0	1	0.5555555555555556
NM_001184589.1	0	0	0	0	2	0	2	0	1	0.5555555555555556
NM_001182230.1	0	0	1	0	1	1	1	0	1	0.5555555555555556
NM_001387383.1	0	0	0	1	0	0	2	1	1	0.5555555555555556
NM_001180564.1	0	0	0	1	1	0	1	1	1	0.5555555555555556
NM_001181048.1	0	1	0	0	0	2	1	1	0	0.5555555555555556
NM_001180830.1	0	0	0	1	0	0	1	1	2	0.5555555555555556
NM_001184104.1	0	0	0	0	1	1	1	0	2	0.5555555555555556
CRS5	0	1	1	0	0	1	0	0	2	0.5555555555555556
NM_001182607.1	0	0	0	0	1	0	1	1	2	0.5555555555555556
NM_001184551.1	0	0	1	0	0	1	1	1	1	0.5555555555555556
NM_001178642.3	0	1	0	1	0	0	0	1	2	0.5555555555555556
NM_001178283.1	0	0	0	1	1	1	1	0	1	0.5555555555555556
NM_001183553.3	0	0	0	1	1	1	1	1	0	0.5555555555555556
NM_001180299.2	0	0	0	0	0	1	2	1	1	0.5555555555555556
NM_001348831.1	1	0	0	0	0	1	1	1	1	0.5555555555555556
NM_001184634.1	0	0	1	0	1	1	0	1	1	0.5555555555555556
NM_001348838.1	0	0	0	0	1	1	0	1	2	0.5555555555555556
NM_001184616.1	0	1	1	0	0	0	1	1	1	0.5555555555555556
NM_001182739.1	0	0	0	0	0	1	1	0	3	0.5555555555555556
NM_001181810.3	0	0	0	0	1	1	0	2	1	0.5555555555555556
NM_001179727.1	0	0	0	0	1	0	1	2	1	0.5555555555555556
NM_001182817.1	0	0	0	1	1	1	1	1	0	0.5555555555555556
NM_001183847.1	1	1	0	0	0	1	0	1	1	0.5555555555555556
NM_001348864.1	0	0	0	1	1	1	1	1	0	0.5555555555555556
NM_001180682.3	0	0	1	0	0	0	1	2	1	0.5555555555555556
NM_001180674.3	0	0	2	0	0	1	0	2	0	0.5555555555555556
NM_001184669.3	0	0	1	0	0	0	0	2	2	0.5555555555555556
NM_001179905.1	0	1	0	1	0	1	1	1	1	0.6666666666666666
NM_001348867.1	0	0	0	1	1	1	1	1	1	0.6666666666666666
NM_001179824.1	0	0	0	0	1	2	1	0	2	0.6666666666666666
NM_001179092.1	0	1	0	1	1	1	0	1	1	0.6666666666666666
NM_001181188.3	0	0	0	1	0	0	1	1	3	0.6666666666666666
NM_001184124.1	0	0	1	0	0	0	3	2	0	0.6666666666666666
NM_001183042.1	1	1	0	0	0	2	2	0	0	0.6666666666666666
NM_001348869.1	0	0	0	0	1	1	2	1	1	0.6666666666666666
NM_001184688.1	0	1	0	1	0	0	1	1	2	0.6666666666666666
NM_001183503.1	1	0	1	1	2	0	0	0	1	0.6666666666666666
NM_001181522.1	0	0	0	1	0	1	1	2	1	0.6666666666666666
NM_001179079.3	0	1	1	1	0	0	1	1	1	0.6666666666666666
NM_001179080.3	0	1	1	1	0	0	1	1	1	0.6666666666666666
NM_001181685.2	0	0	1	0	1	1	0	2	1	0.6666666666666666
NM_001179955.1	0	1	1	1	1	0	1	0	1	0.6666666666666666
NM_001181035.3	0	0	0	0	0	3	2	0	1	0.6666666666666666
NM_001182955.1	0	1	1	0	0	1	0	2	1	0.6666666666666666
NM_001184410.1	1	0	0	0	1	2	0	0	2	0.6666666666666666
NM_001348897.1	0	1	0	0	0	2	1	0	2	0.6666666666666666
NM_001181125.1	0	0	0	2	1	1	1	1	0	0.6666666666666666
NM_001348880.1	1	0	0	1	0	0	1	2	1	0.6666666666666666
NM_001270747.1	0	0	0	0	0	1	2	1	2	0.6666666666666666
NM_001183807.3	1	0	1	0	0	0	1	1	2	0.6666666666666666
NM_001183605.3	0	0	0	1	2	1	0	2	1	0.7777777777777778
NM_001181813.1	0	0	1	2	0	1	2	1	0	0.7777777777777778
NM_001178528.1	0	1	0	0	0	2	1	2	1	0.7777777777777778
NM_001179786.2	0	0	0	0	1	1	1	2	2	0.7777777777777778
NM_001178366.1	1	0	0	0	1	1	3	1	0	0.7777777777777778
NM_001183173.1	0	0	0	2	0	1	0	1	3	0.7777777777777778
NM_001183785.1	0	0	2	0	1	2	1	1	0	0.7777777777777778
NM_001182232.1	0	0	0	1	1	1	2	0	2	0.7777777777777778
NM_001183597.3	0	0	0	0	0	2	2	1	2	0.7777777777777778
NM_001184612.1	0	1	1	1	0	1	0	1	2	0.7777777777777778
NM_001348859.1	0	0	1	0	0	2	2	1	1	0.7777777777777778
NM_001178976.3	0	1	1	1	1	0	1	1	1	0.7777777777777778
NM_001179592.3	0	0	1	0	3	2	1	0	0	0.7777777777777778
NM_001178424.2	0	1	0	0	1	2	0	1	2	0.7777777777777778
NM_001348876.1	0	1	1	0	1	0	1	1	2	0.7777777777777778
NM_001184175.1	1	1	0	1	1	1	2	1	0	0.8888888888888888
NM_001184660.1	0	1	0	0	1	2	2	0	2	0.8888888888888888
NM_001180303.1	0	1	1	0	2	0	1	1	2	0.8888888888888888
NM_001184570.3	0	0	0	1	2	1	1	2	1	0.8888888888888888
NM_001181124.1	0	1	1	0	2	0	1	1	2	0.8888888888888888
NM_001184668.1	0	0	0	1	1	2	0	1	3	0.8888888888888888
NM_001179997.1	0	1	0	1	2	1	1	1	1	0.8888888888888888
NM_001179316.3	1	1	1	0	0	1	2	1	1	0.8888888888888888
NM_001182150.1	0	1	0	1	2	0	0	1	3	0.8888888888888888
NM_001178411.1	0	2	1	0	1	0	1	3	0	0.8888888888888888
NM_001184597.1	0	0	0	0	1	1	1	2	3	0.8888888888888888
NM_001179946.1	0	1	1	1	2	0	1	1	1	0.8888888888888888
YOL153C	0	0	1	1	0	2	0	3	2	1.0
NM_001178759.1	0	0	1	1	1	0	2	1	3	1.0
NM_001178997.1	0	1	0	1	2	1	1	1	2	1.0
NM_001184540.1	0	1	0	0	0	3	2	1	2	1.0
NM_001183032.1	0	1	1	1	1	2	0	1	2	1.0
NM_001180278.1	2	1	0	0	0	2	1	1	2	1.0
NM_001184586.1	0	1	0	0	2	2	1	1	2	1.0
NM_001346794.1	0	0	0	2	2	0	1	2	2	1.0
NM_001183358.1	0	0	1	2	0	2	2	1	1	1.0
NM_001180000.3	0	1	0	1	2	1	2	1	1	1.0
NM_001184289.1	0	0	2	3	0	0	1	2	1	1.0
NM_001184411.4	1	0	0	0	2	2	1	0	3	1.0
NM_001178885.1	0	0	0	1	2	1	1	3	1	1.0
NM_001184450.1	0	0	0	1	1	2	2	2	1	1.0
NM_001180023.1	0	0	2	1	0	1	1	1	3	1.0
NM_001431140.1	0	1	2	0	0	2	0	1	3	1.0
NM_001179512.1	0	1	2	0	1	0	1	2	2	1.0
NM_001182634.1	0	1	1	0	1	2	1	2	1	1.0
NM_001181472.1	0	0	1	0	2	3	0	2	1	1.0
NM_001183768.1	0	1	0	2	2	2	1	0	1	1.0
NM_001182596.1	0	0	0	0	2	3	1	2	1	1.0
NM_001183813.1	0	0	0	1	0	2	2	2	3	1.1111111111111112
NM_001183979.1	0	0	0	2	0	2	2	2	2	1.1111111111111112
NM_001178230.1	0	0	1	1	1	1	1	3	2	1.1111111111111112
NM_001179163.1	0	0	1	1	2	1	1	2	2	1.1111111111111112
NM_001183609.3	1	0	1	0	1	3	2	1	1	1.1111111111111112
NM_001184193.1	0	0	1	1	3	0	2	2	1	1.1111111111111112
NM_001180144.1	1	0	2	0	1	0	3	2	1	1.1111111111111112
NM_001183717.1	0	0	0	2	2	1	2	1	2	1.1111111111111112
NM_001184572.1	0	0	0	2	1	1	2	1	3	1.1111111111111112
Q0255	1	0	0	1	0	1	2	3	2	1.1111111111111112
NM_001184095.1	0	0	0	1	0	2	2	2	3	1.1111111111111112
NM_001179673.1	0	0	2	1	2	2	0	1	2	1.1111111111111112
NM_001179538.1	0	0	0	1	1	3	1	2	2	1.1111111111111112
NM_001180432.3	0	1	1	0	1	1	1	1	4	1.1111111111111112
NM_001182051.1	0	1	1	0	2	1	2	1	2	1.1111111111111112
NM_001182049.1	0	1	0	2	1	3	2	1	1	1.2222222222222223
NM_001178223.1	0	1	0	3	1	2	1	1	2	1.2222222222222223
VAR1	0	0	0	1	1	4	1	3	1	1.2222222222222223
NM_001184684.1	0	0	3	0	1	1	2	1	3	1.2222222222222223
NM_001182012.1	0	0	2	1	1	0	1	3	3	1.2222222222222223
NM_001179915.1	0	0	1	3	1	2	2	0	2	1.2222222222222223
NM_001178208.1	0	0	0	0	4	3	1	2	1	1.2222222222222223
NM_001179895.3	0	0	1	0	1	3	2	3	1	1.2222222222222223
NM_001180050.2	0	1	0	0	2	1	3	2	2	1.2222222222222223
NM_001181933.1	0	1	1	0	2	3	2	0	2	1.2222222222222223
NM_001179897.1	0	1	3	0	1	2	1	1	2	1.2222222222222223
NM_001180098.1	0	2	2	0	1	1	0	3	2	1.2222222222222223
NM_001181873.1	0	2	1	1	0	2	0	2	3	1.2222222222222223
NM_001183269.1	0	2	0	1	1	2	2	1	2	1.2222222222222223
NM_001184072.1	1	0	0	1	2	2	1	2	3	1.3333333333333333
NM_001184381.2	0	0	0	0	1	1	3	4	3	1.3333333333333333
NM_001183345.1	0	0	1	1	1	0	4	3	2	1.3333333333333333
NM_001182931.3	0	1	1	1	1	1	2	2	3	1.3333333333333333
NM_001181818.1	0	0	0	2	3	2	1	3	1	1.3333333333333333
NM_001181342.1	0	2	0	1	1	0	1	3	4	1.3333333333333333
NM_001184290.1	0	0	1	2	1	2	3	1	3	1.4444444444444444
NM_001181283.3	0	0	0	3	1	3	3	1	2	1.4444444444444444
NM_001180754.1	1	1	0	1	1	2	2	3	2	1.4444444444444444
NM_001183170.1	0	0	0	1	5	1	2	0	4	1.4444444444444444
NM_001182595.1	0	0	1	1	2	1	4	1	3	1.4444444444444444
NM_001181547.2	0	0	0	0	1	3	4	2	3	1.4444444444444444
NM_001178727.1	0	0	1	1	2	3	3	1	2	1.4444444444444444
NM_001181378.1	1	1	1	2	2	0	3	1	2	1.4444444444444444
NM_001179977.1	1	1	0	2	1	5	1	1	1	1.4444444444444444
NM_001179616.1	0	1	0	2	1	0	1	3	5	1.4444444444444444
NM_001184663.1	0	0	1	1	2	2	5	1	1	1.4444444444444444
NM_001181814.3	0	1	1	0	1	3	1	2	5	1.5555555555555556
NM_001178236.1	0	1	1	2	1	1	2	5	1	1.5555555555555556
NM_001179908.1	0	2	2	2	1	1	1	2	3	1.5555555555555556
NM_001182857.3	0	0	1	2	1	2	2	3	3	1.5555555555555556
NM_001301348.1	1	0	1	2	2	1	0	5	2	1.5555555555555556
NM_001184584.1	0	2	1	0	1	2	3	2	3	1.5555555555555556
NM_001184594.1	1	1	1	0	2	1	2	2	4	1.5555555555555556
NM_001181541.1	0	1	2	3	1	1	2	2	2	1.5555555555555556
NM_001179387.3	0	0	3	0	3	3	1	1	3	1.5555555555555556
NM_001178888.1	0	0	0	2	3	2	2	5	1	1.6666666666666667
NM_001348810.1	0	1	0	2	1	3	4	1	3	1.6666666666666667
NM_001181845.1	0	0	0	2	2	1	2	3	5	1.6666666666666667
NM_001184419.4	0	2	2	1	1	0	2	5	2	1.6666666666666667
NM_001184097.1	0	1	1	1	4	0	3	2	3	1.6666666666666667
NM_001182282.3	1	1	1	2	2	3	0	3	2	1.6666666666666667
NM_001182580.1	0	0	1	3	2	1	3	0	5	1.6666666666666667
NM_001348841.1	2	1	1	2	0	2	0	3	4	1.6666666666666667
NM_001184547.3	0	0	0	1	2	2	1	5	4	1.6666666666666667
NM_001183338.1	0	0	1	2	1	1	2	3	5	1.6666666666666667
NM_001183301.1	0	1	2	0	4	1	2	3	3	1.7777777777777777
NM_001183179.3	0	0	0	2	0	4	2	3	5	1.7777777777777777
NM_001184533.1	0	0	1	2	1	1	3	3	5	1.7777777777777777
NM_001178220.2	0	0	1	2	2	4	3	3	1	1.7777777777777777
NM_001182513.1	1	1	1	2	2	3	2	4	0	1.7777777777777777
NM_001178367.1	0	1	0	2	2	1	2	3	5	1.7777777777777777
NM_001181807.4	0	0	1	1	0	3	3	4	4	1.7777777777777777
NM_001183239.3	0	2	1	1	2	1	3	2	4	1.7777777777777777
NM_001179288.1	1	0	1	1	1	3	4	2	3	1.7777777777777777
NM_001183808.1	0	1	3	0	2	2	1	4	3	1.7777777777777777
NM_001184326.1	1	0	1	1	1	3	3	4	3	1.8888888888888888
NM_001395039.1	0	0	1	2	3	3	2	2	4	1.8888888888888888
NM_001179070.1	0	0	2	2	2	2	3	2	4	1.8888888888888888
NM_001348842.1	0	1	2	3	3	1	3	1	3	1.8888888888888888
NM_001184577.1	0	1	2	0	1	2	3	3	6	2.0
NM_001348822.1	1	1	2	1	2	1	3	4	3	2.0
NM_001179954.1	0	1	2	2	1	2	2	2	6	2.0
NM_001348895.1	1	2	2	1	3	0	2	2	5	2.0
NM_001178205.1	0	1	4	1	1	3	2	3	3	2.0
NM_001181129.1	1	0	1	0	1	3	4	5	4	2.111111111111111
NM_001178707.1	0	1	2	3	2	4	3	3	1	2.111111111111111
ATP8	0	0	0	1	3	2	4	5	4	2.111111111111111
NM_001183759.3	1	0	2	2	3	3	1	4	3	2.111111111111111
NM_001178693.1	0	1	1	2	2	2	3	3	5	2.111111111111111
NM_001270744.1	1	2	2	1	1	0	4	3	5	2.111111111111111
NM_001178754.1	0	1	2	3	2	4	3	3	1	2.111111111111111
NM_001178213.1	0	3	4	0	3	3	1	1	4	2.111111111111111
NM_001184627.1	0	2	1	1	3	1	3	4	4	2.111111111111111
NM_001178465.3	2	1	0	3	0	2	2	4	5	2.111111111111111
NM_001182195.1	1	0	2	2	1	2	6	4	1	2.111111111111111
NM_001181418.3	1	1	1	3	1	1	3	3	5	2.111111111111111
NM_001183519.1	0	2	0	1	0	3	5	3	6	2.2222222222222223
NM_001181070.1	0	0	3	1	3	2	2	2	7	2.2222222222222223
NM_001182778.1	1	1	1	1	5	3	1	1	6	2.2222222222222223
NM_001182218.1	0	0	2	2	3	4	2	4	3	2.2222222222222223
NM_001182786.1	2	0	3	2	1	2	5	2	3	2.2222222222222223
NM_001184299.1	1	2	2	1	2	3	3	3	3	2.2222222222222223
NM_001180055.1	0	2	0	1	4	2	1	5	5	2.2222222222222223
NM_001184248.1	0	3	0	1	1	4	3	3	5	2.2222222222222223
NM_001178723.1	0	1	2	3	0	4	2	3	6	2.3333333333333335
NM_001178182.1	0	1	0	3	4	2	3	2	6	2.3333333333333335
NM_001179447.3	0	0	0	1	2	1	7	4	6	2.3333333333333335
NM_001180083.1	0	1	1	0	2	3	4	4	6	2.3333333333333335
NM_001181866.1	0	1	2	4	2	2	4	4	3	2.4444444444444446
NM_001178381.1	1	2	1	1	2	6	3	5	1	2.4444444444444446
NM_001181924.1	0	1	1	2	3	3	3	6	3	2.4444444444444446
NM_001180274.1	1	1	3	1	1	3	4	4	4	2.4444444444444446
NM_001182357.1	1	3	0	1	1	3	4	3	6	2.4444444444444446
NM_001180378.1	0	1	3	1	2	3	4	3	5	2.4444444444444446
NM_001178633.4	0	1	1	3	5	3	1	2	7	2.5555555555555554
NM_001182200.1	0	0	1	0	4	5	4	5	4	2.5555555555555554
NM_001181753.1	1	2	2	2	4	3	1	5	3	2.5555555555555554
NM_001181354.3	0	2	2	2	1	2	7	4	3	2.5555555555555554
NM_001348849.1	0	1	2	1	3	1	6	5	4	2.5555555555555554
NM_001184434.2	0	1	4	1	4	2	4	3	4	2.5555555555555554
NM_001184037.1	1	1	3	1	3	2	4	8	1	2.6666666666666665
NM_001181917.1	0	1	2	4	2	1	5	3	6	2.6666666666666665
NM_001184567.1	0	0	1	3	0	2	7	5	6	2.6666666666666665
NM_001180035.1	1	0	1	2	3	5	4	4	4	2.6666666666666665
NM_001179011.3	1	0	3	1	5	5	3	3	3	2.6666666666666665
NM_001180986.1	2	0	0	2	5	4	2	3	6	2.6666666666666665
NM_001183241.1	0	0	4	3	4	4	2	2	5	2.6666666666666665
NM_001178289.1	0	0	0	4	5	2	4	5	5	2.7777777777777777
NM_001180214.1	1	1	0	0	4	4	6	4	5	2.7777777777777777
NM_001181216.3	2	1	2	1	3	3	5	3	5	2.7777777777777777
NM_001182601.1	1	0	4	1	2	6	1	5	5	2.7777777777777777
NM_001183169.1	0	1	0	4	1	6	6	2	5	2.7777777777777777
NM_001183656.3	0	2	2	3	1	5	5	4	3	2.7777777777777777
NM_001181808.4	2	1	1	2	2	5	5	1	6	2.7777777777777777
NM_001183386.1	0	1	3	2	4	3	1	6	5	2.7777777777777777
NM_001181471.3	0	2	1	2	5	4	4	1	7	2.888888888888889
NM_001179753.1	0	1	3	2	3	2	5	6	4	2.888888888888889
NM_001183235.1	0	2	1	5	2	3	3	4	6	2.888888888888889
NM_001179342.1	0	3	2	2	2	2	4	5	6	2.888888888888889
NM_001181812.1	0	0	4	3	3	5	1	6	5	3.0
NM_001180531.1	0	0	2	1	4	4	6	4	6	3.0
NM_001178733.1	0	0	4	1	4	5	3	6	4	3.0
NM_001178667.1	1	0	0	2	4	4	4	4	8	3.0
NM_001180812.1	0	1	1	1	6	4	4	6	4	3.0
NM_001348852.1	0	0	1	3	1	5	5	7	5	3.0
NM_001179341.3	0	1	1	2	2	4	6	8	4	3.111111111111111
NM_001178534.1	0	3	1	2	4	7	4	3	4	3.111111111111111
NM_001184385.3	1	1	2	1	2	6	5	5	5	3.111111111111111
NM_001179887.3	0	1	1	3	5	3	5	4	6	3.111111111111111
NM_001179795.1	0	2	3	3	4	3	3	5	5	3.111111111111111
NM_001183599.3	2	0	1	2	2	4	4	6	8	3.2222222222222223
NM_001179637.1	0	3	3	1	3	3	4	6	6	3.2222222222222223
NM_001178872.1	0	2	1	3	5	3	4	4	7	3.2222222222222223
NM_001184422.3	0	2	2	1	2	5	4	6	7	3.2222222222222223
NM_001179988.1	1	3	0	4	2	4	7	5	3	3.2222222222222223
NM_001182537.1	1	3	3	4	2	2	4	6	5	3.3333333333333335
NM_001180229.1	0	1	2	1	1	4	4	10	7	3.3333333333333335
NM_001179152.1	1	3	1	3	3	6	4	6	3	3.3333333333333335
NM_001184687.1	1	0	1	1	6	2	2	9	8	3.3333333333333335
NM_001181593.1	0	1	1	4	4	3	5	6	7	3.4444444444444446
NM_001183602.1	0	4	3	1	4	4	7	3	5	3.4444444444444446
NM_001178388.1	2	1	1	4	3	2	5	7	6	3.4444444444444446
NM_001270749.1	1	2	1	4	5	3	6	5	4	3.4444444444444446
NM_001178666.2	1	0	0	2	5	5	4	4	10	3.4444444444444446
NM_001179840.1	0	3	4	3	3	5	5	2	6	3.4444444444444446
NM_001184092.1	1	4	4	0	1	6	6	5	4	3.4444444444444446
NM_001181586.1	0	2	4	2	3	4	3	7	7	3.5555555555555554
NM_001184378.1	1	0	0	2	6	5	4	4	10	3.5555555555555554
NM_001179069.1	1	0	2	3	0	3	10	7	6	3.5555555555555554
NM_001179963.1	1	2	2	2	4	6	6	4	6	3.6666666666666665
NM_001310667.1	1	2	3	6	3	5	3	6	4	3.6666666666666665
NM_001180571.3	2	1	1	3	1	5	5	8	7	3.6666666666666665
NM_001183409.1	1	1	1	4	3	5	5	9	4	3.6666666666666665
NM_001178713.1	1	0	1	5	2	7	8	3	6	3.6666666666666665
NM_001184641.1	1	3	3	1	5	4	2	8	7	3.7777777777777777
NM_001181273.1	0	1	4	1	4	5	7	6	6	3.7777777777777777
NM_001182412.1	1	2	4	5	5	1	5	5	6	3.7777777777777777
NM_001183428.1	1	2	1	3	5	5	4	5	8	3.7777777777777777
NM_001184681.1	1	0	4	4	5	3	5	7	5	3.7777777777777777
NM_001179698.1	1	2	2	2	3	6	3	10	6	3.888888888888889
NM_001184000.1	1	0	4	3	4	3	5	6	9	3.888888888888889
NM_001178809.1	1	2	3	2	2	4	9	7	5	3.888888888888889
NM_001180282.1	1	1	1	4	2	2	6	10	8	3.888888888888889
NM_001181877.1	1	2	0	3	6	4	5	7	7	3.888888888888889
NM_001179896.1	0	2	3	5	3	5	7	6	5	4.0
NM_001184297.1	1	1	2	5	3	6	7	7	5	4.111111111111111
NM_001180326.1	0	1	1	4	5	5	7	8	6	4.111111111111111
NM_001183526.3	0	1	4	3	5	5	6	7	6	4.111111111111111
AI3	1	1	1	4	4	5	7	8	6	4.111111111111111
NM_001179936.1	1	4	2	4	3	7	3	6	7	4.111111111111111
NM_001181096.1	0	0	1	6	6	3	7	8	6	4.111111111111111
NM_001180056.2	0	4	0	3	6	3	3	10	8	4.111111111111111
NM_001179102.1	1	1	4	3	5	5	5	4	9	4.111111111111111
NM_001181654.1	0	1	0	3	7	6	6	6	9	4.222222222222222
NM_001179518.1	0	1	0	3	7	6	6	6	9	4.222222222222222
NM_001180350.3	0	2	0	3	3	7	6	8	9	4.222222222222222
NM_001183247.4	0	3	1	7	5	5	7	3	7	4.222222222222222
NM_001270754.1	0	3	1	6	6	9	4	4	5	4.222222222222222
NM_001348866.1	2	2	4	2	4	3	6	6	9	4.222222222222222
NM_001179843.3	0	1	4	2	4	8	3	9	7	4.222222222222222
NM_001181941.1	1	2	2	2	2	7	5	10	8	4.333333333333333
NM_001180264.1	1	1	2	7	6	1	6	8	7	4.333333333333333
NM_001184487.1	1	3	3	3	5	2	8	10	4	4.333333333333333
BI2	0	1	3	4	5	2	6	10	8	4.333333333333333
NM_001178598.1	0	4	3	2	7	3	5	7	8	4.333333333333333
NM_001182554.1	1	4	2	2	4	6	7	5	8	4.333333333333333
NM_001179550.3	2	0	2	5	4	4	9	7	6	4.333333333333333
NM_001182757.1	2	0	2	5	6	5	8	7	5	4.444444444444445
NM_001184318.1	1	0	1	1	4	7	10	9	7	4.444444444444445
NM_001184645.1	0	2	3	2	5	2	9	6	11	4.444444444444445
NM_001348829.1	1	2	5	2	0	6	8	7	9	4.444444444444445
NM_001184394.2	2	3	2	5	6	6	6	4	6	4.444444444444445
NM_001178945.1	1	2	4	3	6	3	5	6	11	4.555555555555555
NM_001184620.1	0	2	1	2	2	9	6	12	7	4.555555555555555
NM_001184327.3	2	4	2	5	1	8	6	8	6	4.666666666666667
NM_001178956.3	1	1	2	6	3	7	4	9	9	4.666666666666667
NM_001182966.4	1	1	3	3	3	7	6	10	9	4.777777777777778
NM_001180711.1	1	3	2	4	4	6	7	9	7	4.777777777777778
NM_001183268.1	0	1	3	7	3	9	8	4	8	4.777777777777778
NM_001182446.1	2	1	4	6	3	4	9	4	10	4.777777777777778
NM_001179122.1	0	3	4	2	4	3	9	9	9	4.777777777777778
NM_001431139.1	1	1	1	2	4	7	8	10	10	4.888888888888889
NM_001184613.1	0	1	3	5	5	2	8	10	10	4.888888888888889
NM_001179422.3	2	5	2	4	5	8	6	3	9	4.888888888888889
NM_001181182.3	1	3	3	2	2	5	9	8	11	4.888888888888889
NM_001183250.3	1	2	4	5	3	5	9	7	8	4.888888888888889
NM_001179549.3	0	2	4	2	4	7	5	10	10	4.888888888888889
NM_001179374.3	3	0	4	5	2	3	8	8	11	4.888888888888889
NM_001179564.1	2	1	3	3	5	7	7	6	10	4.888888888888889
NM_001178588.3	0	2	3	2	4	5	8	11	9	4.888888888888889
NM_001184539.1	2	5	3	4	3	7	5	9	7	5.0
NM_001183733.3	1	3	4	2	4	6	6	9	10	5.0
NM_001180898.2	0	2	4	5	4	7	7	9	7	5.0
AI2	0	2	2	4	5	6	8	10	9	5.111111111111111
NM_001348872.1	0	3	1	4	5	6	5	11	11	5.111111111111111
NM_001182548.1	1	3	6	4	5	6	6	8	7	5.111111111111111
NM_001181661.1	1	4	3	4	3	7	10	7	7	5.111111111111111
NM_001179831.1	0	0	5	6	9	7	8	7	5	5.222222222222222
NM_001184003.1	0	1	5	3	5	8	9	8	8	5.222222222222222
NM_001181478.1	1	1	4	4	5	6	6	7	13	5.222222222222222
NM_001184423.4	0	3	4	3	4	7	5	11	10	5.222222222222222
NM_001179553.3	2	1	4	3	6	7	8	8	8	5.222222222222222
NM_001178495.1	1	4	5	4	4	10	9	7	4	5.333333333333333
NM_001182481.1	1	2	7	3	3	7	8	11	6	5.333333333333333
NM_001183025.1	0	2	3	6	2	6	9	13	8	5.444444444444445
NM_001184446.3	1	2	3	8	6	9	8	5	7	5.444444444444445
NM_001181239.3	1	1	3	2	9	6	12	8	7	5.444444444444445
NM_001270759.1	2	2	1	3	6	9	9	7	11	5.555555555555555
NM_001178204.1	0	2	2	2	4	9	9	8	14	5.555555555555555
NM_001178887.1	2	3	4	5	5	7	8	2	14	5.555555555555555
NM_001179554.1	1	3	2	4	7	3	10	9	11	5.555555555555555
NM_001181766.1	0	1	2	5	7	7	9	9	10	5.555555555555555
NM_001178398.1	3	2	5	5	4	4	10	9	9	5.666666666666667
NM_001181862.1	0	2	4	4	5	8	9	9	10	5.666666666666667
NM_001182851.1	1	4	5	5	5	8	4	9	10	5.666666666666667
NM_001179912.1	2	1	0	4	10	5	8	10	11	5.666666666666667
NM_001178848.1	2	4	2	3	2	9	9	9	11	5.666666666666667
NM_001178805.1	1	2	4	1	4	7	8	11	13	5.666666666666667
NM_001179787.1	0	3	3	6	6	7	8	10	9	5.777777777777778
BI3	0	2	3	6	7	4	7	11	12	5.777777777777778
NM_001184389.1	2	2	1	6	3	4	13	8	14	5.888888888888889
NM_001395034.1	3	2	5	9	2	6	9	9	9	6.0
NM_001179782.1	1	3	4	6	5	6	10	8	11	6.0
NM_001181011.1	1	2	4	5	9	3	11	7	12	6.0
NM_001184098.1	2	1	5	8	8	5	9	7	10	6.111111111111111
NM_001179754.1	1	4	6	5	6	6	8	10	9	6.111111111111111
NM_001182858.3	2	3	2	2	7	8	11	7	14	6.222222222222222
NM_001181594.1	1	3	3	8	8	10	6	6	11	6.222222222222222
NM_001178845.1	0	3	3	2	5	10	7	12	14	6.222222222222222
NM_001184127.1	0	1	3	5	10	10	10	7	11	6.333333333333333
NM_001184291.1	0	4	3	6	5	8	8	10	13	6.333333333333333
NM_001180317.1	1	4	3	6	5	10	9	8	11	6.333333333333333
NM_001182872.3	2	3	3	2	7	8	11	7	14	6.333333333333333
NM_001178632.3	1	3	1	6	8	12	9	6	11	6.333333333333333
NM_001180561.1	1	1	7	6	7	6	6	13	11	6.444444444444445
NM_001181773.3	0	4	6	6	5	9	7	11	10	6.444444444444445
NM_001270755.1	2	1	6	4	9	7	7	11	11	6.444444444444445
NM_001179551.1	2	3	4	5	6	11	10	7	11	6.555555555555555
NM_001184112.1	2	2	3	4	8	6	8	14	12	6.555555555555555
NM_001179514.1	1	2	3	6	4	9	11	14	9	6.555555555555555
NM_001183592.1	0	4	5	7	9	7	11	10	6	6.555555555555555
NM_001184379.4	1	1	1	7	10	8	6	9	16	6.555555555555555
NM_001184447.3	0	2	4	10	8	6	8	9	12	6.555555555555555
NM_001183117.1	2	3	6	4	7	9	7	9	13	6.666666666666667
NM_001183831.1	0	4	3	4	10	7	6	11	15	6.666666666666667
NM_001180168.1	2	2	3	5	9	7	10	8	14	6.666666666666667
NM_001181647.1	0	5	9	4	6	7	11	7	12	6.777777777777778
NM_001184408.2	1	4	6	7	5	6	11	10	11	6.777777777777778
NM_001183596.1	1	5	1	6	6	10	9	10	13	6.777777777777778
NM_001180550.3	0	2	5	7	5	6	12	10	15	6.888888888888889
NM_001183468.1	3	3	5	5	8	9	9	9	11	6.888888888888889
NM_001183848.1	3	2	2	6	8	7	9	10	15	6.888888888888889
NM_001183758.1	2	2	5	6	7	11	8	12	9	6.888888888888889
NM_001180414.1	2	3	1	8	6	8	11	9	15	7.0
NM_001180581.3	4	2	7	5	5	9	9	12	10	7.0
NM_001181428.1	1	2	2	2	9	10	11	12	14	7.0
NM_001183033.1	0	1	6	8	6	9	7	15	12	7.111111111111111
BI4	0	3	4	8	9	5	9	11	15	7.111111111111111
NM_001179561.3	2	1	3	8	9	7	7	12	16	7.222222222222222
NM_001182563.1	0	2	7	8	7	8	8	10	15	7.222222222222222
NM_001181260.1	1	1	7	3	6	11	9	10	17	7.222222222222222
NM_001183868.1	0	3	4	9	6	9	9	13	13	7.333333333333333
NM_001181385.3	3	3	5	4	7	7	11	7	19	7.333333333333333
NM_001181957.1	2	3	2	6	7	7	12	14	13	7.333333333333333
NM_001179320.3	4	7	4	2	8	9	9	12	11	7.333333333333333
NM_001179522.1	1	3	4	5	10	8	10	11	14	7.333333333333333
NM_001184421.2	4	2	5	8	7	10	5	10	15	7.333333333333333
NM_001181657.1	1	3	4	5	10	8	10	11	14	7.333333333333333
NM_001181875.1	1	4	3	9	3	11	8	13	14	7.333333333333333
NM_001182168.1	2	1	3	3	8	11	12	10	17	7.444444444444445
NM_001178812.1	1	4	4	4	2	12	15	13	12	7.444444444444445
NM_001184433.1	1	6	6	5	9	9	10	8	13	7.444444444444445
NM_001181536.1	1	1	4	8	5	13	6	12	17	7.444444444444445
NM_001270739.1	2	3	5	9	7	6	11	10	14	7.444444444444445
NM_001179659.1	0	3	5	7	11	11	11	9	12	7.666666666666667
NM_001180270.1	1	2	4	4	11	8	10	15	14	7.666666666666667
NM_001181196.4	2	1	7	5	6	8	12	13	15	7.666666666666667
NM_001179254.1	2	2	4	8	7	8	13	12	14	7.777777777777778
NM_001180390.1	4	3	4	10	8	6	8	8	19	7.777777777777778
NM_001183556.3	2	4	4	8	9	10	7	12	14	7.777777777777778
NM_001184427.2	3	2	7	6	10	9	8	9	16	7.777777777777778
NM_001270753.1	3	5	6	6	4	12	10	10	14	7.777777777777778
NM_001179423.1	0	5	3	6	9	11	10	12	15	7.888888888888889
NM_001183981.1	2	2	3	5	11	14	11	6	17	7.888888888888889
NM_001184591.1	3	1	7	6	5	9	11	15	14	7.888888888888889
NM_001181665.1	0	3	3	4	10	14	5	14	18	7.888888888888889
NM_001182400.1	1	1	3	10	9	7	14	8	18	7.888888888888889
NM_001178720.1	1	5	4	5	10	11	11	13	11	7.888888888888889
AI4	3	4	4	8	8	10	10	12	13	8.0
NM_001183962.1	1	2	6	6	7	8	12	14	16	8.0
NM_001178915.1	4	5	3	7	11	11	11	10	11	8.11111111111111
NM_001184044.1	2	4	4	5	6	13	15	14	10	8.11111111111111
NM_001178618.2	1	6	4	7	9	11	10	12	14	8.222222222222221
NM_001181421.3	2	4	6	6	7	14	5	12	18	8.222222222222221
NM_001179096.1	2	4	4	8	11	9	10	18	9	8.333333333333334
NM_001184676.3	3	2	6	5	9	14	12	12	12	8.333333333333334
NM_001178808.1	0	8	2	11	10	11	9	13	11	8.333333333333334
NM_001182680.1	2	2	8	5	9	10	10	16	13	8.333333333333334
NM_001184319.1	2	2	9	3	13	11	6	15	14	8.333333333333334
NM_001348840.1	0	2	5	4	9	11	11	20	14	8.444444444444445
NM_001183234.1	3	4	2	3	6	13	14	18	13	8.444444444444445
NM_001178709.1	2	3	5	8	9	12	10	15	12	8.444444444444445
NM_001182984.3	2	3	8	7	7	11	13	12	14	8.555555555555555
NM_001181979.1	3	9	4	6	7	10	12	11	15	8.555555555555555
NM_001182688.1	2	3	3	6	8	12	17	12	14	8.555555555555555
NM_001183438.1	1	1	1	6	10	13	13	17	16	8.666666666666666
NM_001183801.1	0	4	2	8	12	9	13	13	17	8.666666666666666
NM_001184102.1	2	2	4	2	12	7	14	18	17	8.666666666666666
NM_001180108.1	2	4	4	10	10	10	10	14	14	8.666666666666666
NM_001179848.1	0	0	6	5	14	8	14	14	18	8.777777777777779
NM_001178476.1	2	2	5	8	13	9	9	15	16	8.777777777777779
NM_001180848.1	3	2	8	8	7	14	10	13	14	8.777777777777779
NM_001181694.3	0	2	6	10	11	9	9	14	18	8.777777777777779
NM_001181872.1	1	4	5	9	12	12	7	11	18	8.777777777777779
COB	1	4	5	8	12	6	10	15	19	8.88888888888889
NM_001179074.1	2	4	5	7	10	11	13	12	16	8.88888888888889
NM_001180308.1	1	3	7	7	7	13	13	14	15	8.88888888888889
NM_001180433.3	1	0	6	11	8	15	10	13	17	9.0
NM_001180961.1	2	5	2	11	9	9	9	17	17	9.0
AI5_ALPHA	3	4	4	9	10	10	9	14	18	9.0
NM_001183539.1	2	4	4	8	8	11	12	16	17	9.11111111111111
NM_001182207.2	1	2	5	8	11	14	14	16	11	9.11111111111111
NM_001181891.1	4	2	6	8	10	7	14	13	19	9.222222222222221
NM_001182551.1	2	2	8	7	11	12	9	14	18	9.222222222222221
NM_001182114.1	3	3	2	12	12	15	8	20	9	9.333333333333334
NM_001348855.1	0	7	6	8	15	12	10	10	16	9.333333333333334
NM_001181330.3	0	4	6	8	15	9	12	14	17	9.444444444444445
NM_001181217.1	3	1	8	8	7	12	13	14	19	9.444444444444445
NM_001181880.1	3	2	7	11	6	14	14	11	18	9.555555555555555
NM_001181181.1	2	1	4	4	9	13	13	19	21	9.555555555555555
NM_001181049.3	3	5	7	6	12	9	10	19	16	9.666666666666666
NM_001181817.1	1	2	9	6	7	10	15	24	13	9.666666666666666
NM_001180583.1	0	3	10	8	13	10	8	15	20	9.666666666666666
NM_001183748.1	2	3	3	7	6	17	16	19	14	9.666666666666666
COX2	1	4	5	7	11	9	15	21	14	9.666666666666666
AI1	2	4	3	9	9	12	13	20	15	9.666666666666666
NM_001178393.2	1	2	7	9	11	13	13	15	17	9.777777777777779
NM_001181416.3	0	5	8	6	8	14	12	19	16	9.777777777777779
NM_001182663.1	6	2	4	8	11	13	17	12	16	9.88888888888889
NM_001182848.3	4	2	9	13	7	8	17	14	15	9.88888888888889
NM_001178226.1	0	3	9	11	8	12	11	20	16	10.0
NM_001184254.1	1	4	5	6	9	9	15	20	21	10.0
NM_001182567.1	1	2	8	15	9	10	15	16	14	10.0
COX1	3	5	4	10	11	14	12	16	16	10.11111111111111
COX3	5	5	3	8	8	9	14	16	23	10.11111111111111
NM_001183407.1	1	5	7	6	15	7	10	19	22	10.222222222222221
NM_001181618.1	1	4	5	11	10	12	17	15	17	10.222222222222221
NM_001179270.1	3	5	9	7	13	8	10	12	25	10.222222222222221
NM_001184386.2	2	3	7	4	13	13	17	14	20	10.333333333333334
NM_001184444.1	3	4	2	14	9	16	16	15	14	10.333333333333334
NM_001183410.1	2	4	5	7	11	19	13	15	18	10.444444444444445
NM_001183961.1	1	4	4	7	12	16	17	15	19	10.555555555555555
NM_001179124.1	5	5	5	10	7	13	14	14	22	10.555555555555555
NM_001181577.1	1	4	4	7	10	15	14	17	24	10.666666666666666
SDL1	1	6	4	7	13	16	14	18	17	10.666666666666666
NM_001184293.1	2	3	7	11	11	15	15	17	15	10.666666666666666
NM_001183417.1	1	3	5	10	9	12	14	19	24	10.777777777777779
NM_001179449.1	4	5	6	12	9	16	13	14	18	10.777777777777779
ATP6	4	4	11	3	17	11	15	16	17	10.88888888888889
NM_001182830.2	4	7	2	8	15	13	21	12	16	10.88888888888889
NM_001182138.1	4	2	8	8	10	15	19	19	13	10.88888888888889
NM_001348846.1	2	6	4	10	4	8	14	25	25	10.88888888888889
NM_001178530.3	3	4	10	8	14	15	12	12	21	11.0
NM_001183902.1	1	7	8	8	11	13	17	13	21	11.0
NM_001179461.1	2	5	6	8	9	15	12	19	24	11.11111111111111
NM_001181968.1	2	5	4	7	15	14	15	16	22	11.11111111111111
NM_001181117.1	2	6	3	6	14	13	19	17	21	11.222222222222221
NM_001180946.1	1	3	4	11	12	14	23	14	19	11.222222222222221
NM_001178856.1	1	7	10	10	12	18	10	12	21	11.222222222222221
NM_001178854.1	2	6	5	8	7	12	16	21	25	11.333333333333334
NM_001182982.1	2	8	4	8	13	12	15	16	24	11.333333333333334
NM_001182787.1	0	6	2	9	15	19	12	17	22	11.333333333333334
NM_001178957.1	3	3	7	12	8	14	14	20	22	11.444444444444445
NM_001184524.1	4	3	8	10	8	15	14	16	25	11.444444444444445
NM_001179699.2	2	5	5	9	11	12	11	24	25	11.555555555555555
NM_001183611.3	3	4	9	5	14	10	17	20	22	11.555555555555555
NM_001178496.3	5	6	10	10	8	8	19	20	19	11.666666666666666
NM_001184298.1	5	6	7	11	11	15	14	13	23	11.666666666666666
NM_001179982.1	3	4	5	7	12	11	18	18	28	11.777777777777779
NM_001179744.1	2	5	8	5	14	13	11	19	29	11.777777777777779
NM_001179480.1	4	9	4	6	14	11	19	19	21	11.88888888888889
NM_001183172.1	1	7	4	10	14	11	13	20	27	11.88888888888889
NM_001179468.1	0	8	9	5	8	17	19	16	26	12.0
NM_001181736.3	4	7	7	10	12	15	16	16	21	12.0
NM_001184214.1	5	10	7	13	9	13	10	22	20	12.11111111111111
NM_001182120.1	4	8	7	13	9	15	14	21	18	12.11111111111111
NM_001179104.1	1	4	8	8	14	14	18	24	19	12.222222222222221
NM_001181199.2	0	3	7	9	14	20	19	18	20	12.222222222222221
NM_001180567.3	1	8	9	9	15	14	17	17	21	12.333333333333334
NM_001179307.3	2	6	6	17	11	12	19	18	20	12.333333333333334
NM_001178987.1	4	8	5	13	12	14	20	15	20	12.333333333333334
NM_001184527.1	3	6	8	10	10	12	19	23	21	12.444444444444445
NM_001183243.3	4	5	8	11	8	16	15	17	28	12.444444444444445
NM_001181897.1	3	9	4	9	14	11	23	18	22	12.555555555555555
NM_001178551.2	1	6	8	9	13	19	17	17	23	12.555555555555555
NM_001182133.1	3	4	6	11	14	14	17	18	26	12.555555555555555
NM_001181001.1	4	5	7	8	11	19	14	21	25	12.666666666666666
NM_001181282.2	2	9	10	8	14	13	15	17	26	12.666666666666666
NM_001181377.3	4	4	5	12	9	22	19	14	25	12.666666666666666
NM_001180928.4	2	7	8	13	7	14	12	27	24	12.666666666666666
NM_001180622.1	4	8	6	9	11	21	19	13	23	12.666666666666666
NM_001178173.1	3	4	6	14	12	14	17	19	25	12.666666666666666
NM_001179987.3	7	4	7	8	9	17	20	18	24	12.666666666666666
NM_001178455.3	4	8	10	8	10	21	14	20	20	12.777777777777779
NM_001182519.1	1	7	3	14	18	18	20	14	20	12.777777777777779
NM_001183985.1	5	8	8	9	16	12	12	21	24	12.777777777777779
NM_001182299.3	6	4	6	7	10	13	22	23	25	12.88888888888889
NM_001179536.3	2	5	7	7	16	15	19	22	24	13.0
NM_001179086.1	1	4	10	15	12	14	16	20	26	13.11111111111111
NM_001182154.1	0	3	11	9	15	13	20	27	21	13.222222222222221
NM_001270761.1	2	4	9	8	13	14	20	24	25	13.222222222222221
NM_001305015.2	1	5	10	10	5	15	23	24	26	13.222222222222221
NM_001182100.1	2	5	8	11	17	16	26	20	14	13.222222222222221
NM_001182980.1	6	2	7	14	15	17	14	15	30	13.333333333333334
NM_001179539.3	3	3	13	13	18	10	14	18	28	13.333333333333334
NM_001182029.1	3	5	12	8	8	20	19	19	26	13.333333333333334
NM_001178197.1	3	7	4	6	17	15	15	21	33	13.444444444444445
NM_001179437.1	2	3	10	13	13	18	16	19	28	13.555555555555555
NM_001180625.3	3	8	10	13	9	17	17	19	26	13.555555555555555
NM_001181172.1	3	6	15	15	15	10	13	18	29	13.777777777777779
NM_001431137.1	3	5	10	10	14	15	25	21	22	13.88888888888889
NM_001184390.4	3	3	3	11	13	14	28	23	28	14.0
NM_001178653.1	2	4	8	12	16	13	24	22	26	14.11111111111111
NM_001184091.1	1	6	10	6	12	19	28	22	23	14.11111111111111
NM_001183297.1	0	3	7	15	14	21	21	25	22	14.222222222222221
NM_001181549.1	3	3	12	14	21	13	19	21	22	14.222222222222221
NM_001178417.1	1	1	10	14	19	12	21	22	28	14.222222222222221
NM_001180854.3	2	8	7	12	16	16	17	26	25	14.333333333333334
NM_001184671.1	2	8	14	10	15	13	18	26	24	14.444444444444445
NM_001183040.1	3	6	11	10	21	20	21	17	21	14.444444444444445
NM_001178906.3	2	5	8	13	7	16	28	22	30	14.555555555555555
NM_001179325.1	3	8	9	18	16	15	18	20	24	14.555555555555555
NM_001179178.1	4	2	13	12	14	17	20	24	25	14.555555555555555
NM_001179363.1	5	2	7	18	12	20	23	18	26	14.555555555555555
NM_001181434.4	3	6	10	8	18	17	19	20	30	14.555555555555555
NM_001179851.3	2	2	13	10	17	19	21	24	24	14.666666666666666
NM_001179112.1	2	5	8	8	17	18	20	22	32	14.666666666666666
NM_001178735.1	4	5	11	10	12	15	18	24	33	14.666666666666666
NM_001184593.3	3	6	11	6	11	21	21	29	25	14.777777777777779
NM_001179859.3	2	4	10	12	12	22	17	24	30	14.777777777777779
NM_001183429.1	4	6	5	11	13	20	28	20	27	14.88888888888889
NM_001179356.1	2	6	6	14	14	18	20	22	32	14.88888888888889
NM_001182341.3	1	6	11	14	13	18	24	21	26	14.88888888888889
NM_001270745.1	3	6	10	9	11	15	22	31	28	15.0
NM_001178802.1	3	3	10	12	17	17	26	23	24	15.0
NM_001181040.1	2	8	9	12	13	22	23	21	25	15.0
NM_001179106.1	2	6	10	16	19	12	21	19	31	15.11111111111111
NM_001182358.1	1	1	7	14	13	27	22	21	30	15.11111111111111
NM_001183368.1	2	9	8	12	17	20	14	23	31	15.11111111111111
NM_001184264.1	2	4	8	9	10	18	23	31	32	15.222222222222221
NM_001178967.3	3	3	12	9	19	16	23	27	25	15.222222222222221
NM_001178315.1	2	5	13	10	20	18	19	24	26	15.222222222222221
NM_001182319.1	4	5	8	16	8	19	24	26	28	15.333333333333334
NM_001182036.1	5	9	9	15	22	16	19	24	20	15.444444444444445
NM_001183236.3	2	8	11	9	16	19	15	29	31	15.555555555555555
NM_001183166.1	2	5	8	11	18	22	23	23	28	15.555555555555555
NM_001182930.1	5	7	10	13	13	25	17	23	27	15.555555555555555
NM_001182265.1	2	7	10	14	18	13	24	20	32	15.555555555555555
OLI1	3	4	12	12	15	22	20	25	28	15.666666666666666
NM_001184250.1	3	3	8	21	9	22	25	27	23	15.666666666666666
NM_001184078.1	2	5	7	17	17	18	20	25	32	15.88888888888889
NM_001183798.1	1	10	10	12	18	14	23	27	28	15.88888888888889
NM_001183988.1	5	6	7	10	15	24	20	23	33	15.88888888888889
NM_001182547.2	2	7	14	15	18	19	22	19	28	16.0
NM_001183049.1	3	10	6	9	15	18	18	29	36	16.0
NM_001181353.3	6	10	12	11	14	22	22	24	25	16.22222222222222
NM_001179145.1	1	7	10	14	13	22	25	28	28	16.444444444444443
NM_001180254.1	3	9	10	17	11	20	27	27	24	16.444444444444443
NM_001179284.1	6	5	12	10	18	21	20	24	32	16.444444444444443
NM_001181719.1	2	7	10	15	18	17	22	28	29	16.444444444444443
NM_001180291.1	6	10	15	12	21	15	14	24	31	16.444444444444443
NM_001178937.1	2	5	8	18	16	21	25	23	32	16.666666666666668
NM_001181225.3	0	5	7	15	14	19	29	26	35	16.666666666666668
NM_001348839.1	4	10	12	8	16	19	22	31	28	16.666666666666668
NM_001182759.1	3	6	9	15	14	21	23	27	32	16.666666666666668
NM_001270748.1	3	4	9	13	13	27	27	29	27	16.88888888888889
NM_001180034.1	2	10	7	15	15	18	25	24	36	16.88888888888889
NM_001182863.1	4	4	12	11	15	22	26	24	35	17.0
NM_001182812.1	3	9	10	12	12	27	28	21	31	17.0
NM_001184110.1	6	2	12	12	10	18	29	30	34	17.0
NM_001182160.1	2	4	10	9	20	17	26	27	38	17.0
NM_001183479.1	4	13	13	15	11	19	22	29	28	17.11111111111111
NM_001183422.1	4	10	6	15	13	18	27	27	34	17.11111111111111
NM_001183708.1	6	6	7	11	14	23	24	30	33	17.11111111111111
NM_001181267.1	8	7	11	7	20	20	23	23	35	17.11111111111111
NM_001184435.3	1	15	6	16	17	21	22	30	26	17.11111111111111
NM_001182209.1	5	9	10	13	15	22	22	28	30	17.11111111111111
NM_001183307.1	3	10	12	11	17	21	24	24	33	17.22222222222222
NM_001180593.1	4	3	11	9	18	22	26	34	28	17.22222222222222
NM_001184413.3	7	11	6	14	20	19	30	24	24	17.22222222222222
NM_001183978.1	3	5	7	12	17	23	21	33	35	17.333333333333332
NM_001179315.1	6	6	10	13	17	18	15	33	38	17.333333333333332
NM_001180338.3	2	11	7	14	16	15	23	33	35	17.333333333333332
NM_001181876.1	2	6	14	11	15	22	30	27	29	17.333333333333332
NM_001182202.2	2	6	12	12	20	24	19	31	30	17.333333333333332
NM_001183337.1	4	12	12	9	16	20	23	31	30	17.444444444444443
NM_001184471.3	3	7	11	11	19	24	24	26	33	17.555555555555557
NM_001184099.1	3	6	12	11	18	28	26	24	30	17.555555555555557
NM_001182039.1	2	5	10	14	16	18	29	32	32	17.555555555555557
NM_001180493.1	2	8	7	9	21	19	30	33	30	17.666666666666668
NM_001180955.1	1	9	12	17	13	24	18	29	37	17.77777777777778
NM_001181521.1	3	5	9	14	18	20	31	27	33	17.77777777777778
NM_001178269.1	3	8	13	9	15	22	29	33	29	17.88888888888889
NM_001182561.1	3	9	10	19	19	20	24	31	26	17.88888888888889
NM_001184071.1	4	5	13	11	12	20	32	32	32	17.88888888888889
NM_001183367.1	2	9	10	15	19	20	24	29	34	18.0
NM_001182185.1	5	7	12	21	24	18	13	25	37	18.0
NM_001182052.1	5	5	17	13	21	11	30	25	35	18.0
NM_001180366.1	2	5	9	20	19	16	25	37	30	18.11111111111111
NM_001179308.1	4	11	7	14	18	18	24	32	35	18.11111111111111
NM_001184158.1	4	10	9	14	18	23	32	27	26	18.11111111111111
NM_001179116.1	2	13	8	15	17	20	28	34	27	18.22222222222222
NM_001180982.3	4	2	13	11	20	24	30	28	32	18.22222222222222
NM_001179888.1	2	5	16	18	22	23	25	31	24	18.444444444444443
NM_001178700.1	5	10	13	13	17	14	27	28	39	18.444444444444443
NM_001181297.1	2	13	4	18	18	22	32	30	27	18.444444444444443
NM_001183819.1	4	8	12	11	12	29	24	29	38	18.555555555555557
NM_001182427.1	5	8	16	12	20	24	26	27	29	18.555555555555557
NM_001179652.1	1	9	13	15	16	20	27	31	35	18.555555555555557
NM_001183800.3	5	7	11	18	22	27	20	18	39	18.555555555555557
NM_001182521.1	2	5	5	21	20	23	30	30	35	19.0
NM_001182566.1	1	8	12	11	20	27	27	34	31	19.0
NM_001183108.1	5	8	10	19	23	18	24	29	35	19.0
NM_001181551.1	4	6	8	12	21	26	32	31	31	19.0
NM_001180691.3	3	4	13	18	13	28	29	32	32	19.11111111111111
NM_001182171.1	6	7	17	13	18	23	27	30	31	19.11111111111111
NM_001182764.1	4	8	13	13	15	30	30	27	32	19.11111111111111
NM_001180330.1	3	7	12	11	21	28	22	32	36	19.11111111111111
NM_001180640.3	6	7	16	15	12	27	24	33	33	19.22222222222222
NM_001181019.1	5	5	11	11	20	22	33	29	37	19.22222222222222
NM_001180767.1	7	4	19	13	19	23	18	31	39	19.22222222222222
NM_001182158.1	3	8	12	15	21	25	24	32	34	19.333333333333332
NM_001179165.1	6	6	9	12	15	26	30	34	37	19.444444444444443
NM_001179197.1	2	6	6	14	21	20	30	33	43	19.444444444444443
NM_001179043.1	3	7	15	10	21	22	23	34	41	19.555555555555557
NM_001181191.1	2	10	10	15	17	21	29	32	40	19.555555555555557
NM_001180283.1	5	7	12	15	19	24	25	35	34	19.555555555555557
NM_001184163.1	4	7	9	16	23	24	28	30	35	19.555555555555557
NM_001183481.1	5	5	11	23	21	22	26	29	35	19.666666666666668
NM_001180745.3	4	5	12	17	24	21	33	28	34	19.77777777777778
NM_001180128.1	4	9	12	10	21	28	32	31	31	19.77777777777778
NM_001178752.1	3	9	10	21	21	28	25	31	30	19.77777777777778
NM_001348811.1	4	8	8	14	26	20	27	32	40	19.88888888888889
NM_001181256.1	2	8	10	17	21	23	24	35	39	19.88888888888889
NM_001184190.1	6	9	16	25	17	25	22	24	35	19.88888888888889
NM_001178932.2	4	5	16	17	19	23	27	31	37	19.88888888888889
NM_001184686.1	3	4	18	14	17	30	29	34	31	20.0
NM_001183075.1	6	8	13	12	19	24	30	28	41	20.11111111111111
NM_001181883.1	4	7	7	15	16	24	30	34	44	20.11111111111111
NM_001179005.1	2	9	15	12	17	27	32	38	30	20.22222222222222
NM_001179027.3	5	10	14	9	24	21	27	29	44	20.333333333333332
NM_001182657.1	3	9	9	12	24	28	34	27	37	20.333333333333332
NM_001180386.1	3	9	13	16	20	26	22	38	36	20.333333333333332
NM_001178641.3	5	5	14	10	16	26	36	35	37	20.444444444444443
NM_001181372.1	3	12	13	13	16	20	28	33	46	20.444444444444443
NM_001180118.1	3	12	17	14	17	21	30	37	34	20.555555555555557
NM_001183431.1	2	14	14	15	23	23	28	29	37	20.555555555555557
NM_001179340.1	6	12	15	13	16	20	26	37	41	20.666666666666668
NM_001182408.1	0	8	12	21	17	27	29	33	39	20.666666666666668
NM_001184656.1	3	8	7	21	22	23	30	36	36	20.666666666666668
NM_001180384.3	3	8	15	16	20	22	31	34	37	20.666666666666668
NM_001180557.3	1	9	13	18	19	23	30	37	37	20.77777777777778
NM_001181041.1	2	8	11	20	20	18	28	39	41	20.77777777777778
NM_001182345.3	4	7	18	16	22	31	22	30	38	20.88888888888889
NM_001181417.1	4	10	14	15	23	24	26	40	32	20.88888888888889
NM_001180163.1	5	7	14	12	15	28	33	32	43	21.0
NM_001183263.1	5	9	7	19	23	19	26	37	44	21.0
NM_001180271.1	3	12	13	18	14	30	25	34	41	21.11111111111111
NM_001184523.1	3	8	9	13	22	27	35	33	40	21.11111111111111
NM_001182531.1	2	10	6	18	24	31	27	29	43	21.11111111111111
NM_001182550.1	3	4	14	13	27	26	30	35	39	21.22222222222222
NM_001179487.1	8	4	13	19	16	28	35	34	35	21.333333333333332
NM_001181697.1	1	11	10	20	27	20	28	34	41	21.333333333333332
NM_001179913.1	2	8	17	18	22	24	32	34	36	21.444444444444443
NM_001179494.1	7	10	8	19	20	28	28	34	39	21.444444444444443
NM_001184511.1	4	9	15	20	25	15	39	35	32	21.555555555555557
NM_001184493.1	4	7	11	19	24	17	27	37	48	21.555555555555557
NM_001179621.2	5	11	10	21	17	25	28	40	37	21.555555555555557
NM_001183677.1	3	12	9	21	20	23	34	32	41	21.666666666666668
NM_001181922.1	6	5	16	23	22	29	27	33	34	21.666666666666668
NM_001178783.1	6	10	15	19	20	21	28	34	42	21.666666666666668
NM_001183359.1	8	7	8	19	20	32	31	32	38	21.666666666666668
NM_001178532.3	8	11	14	24	34	26	24	27	28	21.77777777777778
NM_001180092.1	5	8	8	18	16	28	28	45	41	21.88888888888889
NM_001181638.1	3	8	9	14	21	33	33	35	41	21.88888888888889
NM_001180623.3	2	10	20	19	15	20	29	36	46	21.88888888888889
NM_001179500.1	6	11	12	21	23	30	30	33	31	21.88888888888889
NM_001183886.1	8	10	15	19	20	25	26	38	36	21.88888888888889
NM_001181457.1	3	8	16	22	19	28	26	39	36	21.88888888888889
NM_001181433.3	6	7	8	21	18	31	33	39	34	21.88888888888889
NM_001180374.1	4	9	8	14	20	28	31	38	46	22.0
NM_001180434.1	2	11	13	16	18	22	30	41	45	22.0
NM_001179098.1	2	10	8	10	23	25	37	36	48	22.11111111111111
NM_001182038.1	6	14	13	15	23	28	33	29	38	22.11111111111111
NM_001180198.1	4	12	17	18	26	26	31	38	27	22.11111111111111
NM_001178203.1	6	11	13	21	20	23	29	37	39	22.11111111111111
NM_001181144.1	1	11	16	17	22	28	30	31	44	22.22222222222222
NM_001181250.3	2	11	15	18	18	31	23	39	43	22.22222222222222
NM_001183242.1	1	6	8	21	24	29	34	37	41	22.333333333333332
NM_001184332.1	4	11	12	13	25	30	26	35	45	22.333333333333332
NM_001179728.1	3	8	11	16	23	33	35	37	36	22.444444444444443
NM_001178820.3	7	7	11	20	26	21	32	40	38	22.444444444444443
NM_001181596.1	2	10	16	20	22	26	35	36	35	22.444444444444443
NM_001178797.2	2	10	10	17	25	31	31	37	40	22.555555555555557
NM_001182064.1	4	9	23	21	28	20	22	41	35	22.555555555555557
NM_001184439.1	3	8	16	19	29	29	28	37	34	22.555555555555557
NM_001178225.1	7	7	15	20	22	21	39	34	39	22.666666666666668
NM_001178335.1	4	6	14	20	18	32	32	35	44	22.77777777777778
NM_001180393.1	3	9	10	12	24	28	44	37	38	22.77777777777778
NM_001181459.1	2	12	10	10	30	20	33	38	52	23.0
NM_001181853.1	7	5	18	22	20	25	34	33	45	23.22222222222222
NM_001178607.3	10	10	13	15	20	28	31	34	48	23.22222222222222
NM_001180924.4	6	10	17	15	37	25	25	35	39	23.22222222222222
NM_001180860.1	5	6	14	15	21	36	29	41	42	23.22222222222222
NM_001182098.1	4	14	10	26	19	32	28	35	42	23.333333333333332
NM_001182177.1	6	8	11	19	19	23	36	42	46	23.333333333333332
NM_001178224.1	3	13	14	19	34	30	29	33	36	23.444444444444443
NM_001179537.1	4	11	13	16	28	27	26	39	48	23.555555555555557
NM_001181152.1	4	10	15	23	22	26	34	37	41	23.555555555555557
NM_001179799.1	5	8	13	16	27	31	36	38	39	23.666666666666668
NM_001180644.3	3	8	10	21	19	26	38	38	50	23.666666666666668
NM_001180978.3	5	11	18	13	23	34	33	33	45	23.88888888888889
NM_001178516.3	5	9	10	17	21	31	38	36	48	23.88888888888889
NM_001178989.1	5	10	16	13	23	23	40	41	44	23.88888888888889
NM_001181967.1	4	10	16	17	23	34	35	38	38	23.88888888888889
NM_001184397.1	4	16	18	19	25	30	26	36	41	23.88888888888889
NM_001281536.2	8	12	9	21	26	27	44	34	35	24.0
NM_001182296.1	4	10	15	21	19	20	34	48	46	24.11111111111111
NM_001184437.3	3	11	15	17	22	33	30	37	49	24.11111111111111
NM_001180298.1	2	8	22	17	30	22	31	37	49	24.22222222222222
NM_001181580.1	2	12	9	18	28	31	31	36	51	24.22222222222222
NM_001184083.1	7	13	15	21	28	32	30	34	39	24.333333333333332
NM_001182594.1	9	11	17	14	25	29	34	37	45	24.555555555555557
NM_001178565.1	3	12	11	19	25	25	39	40	47	24.555555555555557
NM_001183483.1	5	11	18	21	20	27	32	42	45	24.555555555555557
NM_001183424.1	4	8	19	17	22	33	37	38	44	24.666666666666668
NM_001179392.1	4	7	14	25	25	28	25	46	48	24.666666666666668
NM_001184398.2	4	16	18	20	27	31	29	37	42	24.88888888888889
NM_001178571.3	5	10	14	23	19	38	34	35	46	24.88888888888889
NM_001178949.1	3	11	18	13	20	26	40	41	52	24.88888888888889
NM_001182627.1	7	11	12	20	27	32	35	31	49	24.88888888888889
NM_001180266.1	4	11	22	22	24	26	38	41	37	25.0
NM_001179421.3	5	8	15	19	23	38	36	37	44	25.0
NM_001184036.1	6	11	15	26	20	31	30	41	45	25.0
NM_001179040.1	2	9	14	23	22	26	37	46	47	25.11111111111111
NM_001180080.1	2	17	16	22	19	34	37	41	38	25.11111111111111
NM_001182924.1	8	17	19	22	23	27	34	31	45	25.11111111111111
NM_001183181.1	2	11	14	19	32	30	33	38	48	25.22222222222222
NM_001183191.3	9	7	18	15	29	36	39	35	39	25.22222222222222
NM_001184436.2	4	20	12	24	27	30	31	40	41	25.444444444444443
NM_001180999.1	6	8	13	20	33	29	39	37	44	25.444444444444443
NM_001182334.1	4	12	14	22	26	22	32	47	50	25.444444444444443
NM_001183927.1	5	7	15	20	30	40	30	42	41	25.555555555555557
NM_001183980.1	8	4	13	23	30	32	42	39	40	25.666666666666668
NM_001183255.1	4	9	16	19	23	34	36	41	49	25.666666666666668
NM_001183809.3	4	11	16	13	19	35	46	37	50	25.666666666666668
NM_001184165.1	8	12	16	20	31	26	32	41	45	25.666666666666668
NM_001178259.1	8	10	19	17	28	31	40	36	44	25.88888888888889
NM_001183963.1	3	12	12	29	21	23	44	44	45	25.88888888888889
NM_001181341.3	6	6	16	23	23	38	27	39	56	26.0
NM_001178795.1	3	8	24	26	31	31	23	39	50	26.11111111111111
NM_001182270.1	4	9	16	21	28	36	36	32	53	26.11111111111111
NM_001179217.1	8	10	18	26	24	27	37	43	42	26.11111111111111
NM_001181095.1	4	6	20	23	24	37	42	40	40	26.22222222222222
NM_001178928.1	6	7	17	23	30	36	34	43	40	26.22222222222222
NM_001179482.3	6	12	12	19	24	31	37	43	53	26.333333333333332
NM_001180467.1	7	12	16	21	24	26	35	48	48	26.333333333333332
NM_001180047.1	7	7	19	21	25	37	36	36	49	26.333333333333332
NM_001181145.1	8	12	16	25	26	36	37	40	37	26.333333333333332
NM_001180312.1	6	14	13	18	30	33	35	50	38	26.333333333333332
NM_001179264.1	6	12	25	22	30	24	24	48	47	26.444444444444443
NM_001179345.3	10	14	20	24	23	32	33	41	41	26.444444444444443
NM_001182881.1	6	13	11	26	29	31	32	38	52	26.444444444444443
NM_001182235.1	6	10	15	21	28	33	33	42	50	26.444444444444443
NM_001183463.1	6	10	17	21	27	29	35	46	48	26.555555555555557
NM_001181793.1	1	11	9	21	31	31	40	46	49	26.555555555555557
NM_001184168.1	4	10	14	20	25	28	53	41	45	26.666666666666668
NM_001182614.1	3	7	21	24	29	26	37	46	47	26.666666666666668
NM_001183612.3	9	12	15	18	27	43	39	35	43	26.77777777777778
NM_001181540.1	8	12	19	24	22	25	39	48	45	26.88888888888889
NM_001179470.1	6	10	14	25	24	31	39	34	59	26.88888888888889
NM_001184182.1	10	16	17	17	18	32	42	45	45	26.88888888888889
NM_001183948.1	4	11	18	20	26	30	41	45	48	27.0
NM_001183874.1	9	11	17	17	27	32	43	47	40	27.0
NM_001181350.2	4	9	13	23	29	33	30	46	56	27.0
NM_001181009.1	4	7	20	24	28	34	38	35	53	27.0
NM_001181565.1	7	12	13	22	26	36	35	46	46	27.0
NM_001178567.3	4	6	17	28	27	31	38	40	54	27.22222222222222
NM_001182204.1	12	14	15	21	33	32	40	34	44	27.22222222222222
NM_001180243.1	8	13	11	21	29	31	40	48	44	27.22222222222222
NM_001182274.1	5	8	13	28	33	30	35	34	60	27.333333333333332
NM_001181978.1	2	10	20	19	37	36	35	41	46	27.333333333333332
NM_001180259.1	4	12	19	22	21	33	36	48	51	27.333333333333332
NM_001184387.1	8	8	10	28	21	31	40	44	56	27.333333333333332
NM_001182344.1	5	10	27	20	37	32	32	43	41	27.444444444444443
NM_001182829.1	3	11	19	21	32	28	29	49	56	27.555555555555557
NM_001184652.1	6	9	18	17	33	32	36	51	46	27.555555555555557
NM_001181021.1	11	11	14	19	22	29	43	44	55	27.555555555555557
NM_001181431.2	4	11	15	21	26	36	35	45	55	27.555555555555557
NM_001178643.2	6	7	11	25	38	28	36	49	49	27.666666666666668
NM_001180276.1	7	15	12	17	19	43	40	49	48	27.77777777777778
NM_001182590.1	7	13	20	16	27	35	37	51	44	27.77777777777778
NM_001179416.3	8	15	13	24	24	34	42	40	50	27.77777777777778
NM_001182491.1	4	15	11	20	36	28	41	46	50	27.88888888888889
NM_001180573.1	6	15	18	23	27	34	47	35	46	27.88888888888889
NM_001182686.1	3	11	16	24	33	33	34	50	47	27.88888888888889
NM_001182526.1	2	14	16	26	30	30	37	43	54	28.0
NM_001180910.3	2	12	18	20	24	38	39	48	52	28.11111111111111
NM_001180631.3	2	12	15	20	33	34	38	46	54	28.22222222222222
NM_001183051.1	8	10	12	20	25	31	35	55	59	28.333333333333332
NM_001183499.1	6	13	18	25	26	24	48	51	44	28.333333333333332
NM_001182693.1	8	14	18	14	28	39	41	41	53	28.444444444444443
NM_001181106.1	7	10	15	19	32	27	44	48	54	28.444444444444443
NM_001182395.1	6	12	20	25	23	25	40	49	57	28.555555555555557
NM_001179807.3	6	8	19	19	32	27	41	52	53	28.555555555555557
NM_001346795.1	2	17	12	17	30	37	42	44	56	28.555555555555557
NM_001183838.1	9	8	22	20	30	38	35	45	50	28.555555555555557
NM_001183533.1	7	13	20	22	26	28	47	48	47	28.666666666666668
NM_001183647.3	6	12	20	25	30	36	44	39	47	28.77777777777778
NM_001178576.3	5	6	20	27	27	29	41	48	56	28.77777777777778
NM_001182539.1	3	13	18	22	29	36	44	41	53	28.77777777777778
NM_001178531.1	6	8	21	23	25	41	42	34	59	28.77777777777778
NM_001180849.4	7	8	23	28	28	31	38	41	56	28.88888888888889
NM_001179132.1	6	16	16	28	29	34	37	44	50	28.88888888888889
NM_001180761.1	6	8	18	25	27	35	37	54	50	28.88888888888889
NM_001182153.1	4	16	13	27	29	32	44	46	49	28.88888888888889
NM_001184677.1	7	12	17	30	28	24	42	46	55	29.0
NM_001179952.1	8	12	15	24	23	32	45	42	60	29.0
NM_001180199.1	6	7	15	28	36	29	39	49	52	29.0
NM_001181262.1	4	8	11	29	27	31	49	44	59	29.11111111111111
NM_001183778.1	8	12	15	26	33	38	41	41	48	29.11111111111111
NM_001181533.1	5	11	20	23	31	26	46	50	50	29.11111111111111
NM_001182687.1	9	11	17	22	30	46	35	41	51	29.11111111111111
NM_001181113.1	7	7	19	20	30	35	41	47	57	29.22222222222222
NM_001183087.1	3	15	17	24	32	37	39	45	51	29.22222222222222
NM_001182801.1	4	9	18	23	32	38	44	48	49	29.444444444444443
NM_001180166.1	4	9	21	24	32	24	44	50	57	29.444444444444443
NM_001182672.1	6	18	17	18	28	32	35	56	56	29.555555555555557
NM_001180237.1	7	13	12	22	26	37	49	50	50	29.555555555555557
NM_001178929.3	9	11	21	23	27	38	36	51	51	29.666666666666668
NM_001180107.1	3	13	17	28	27	34	44	47	54	29.666666666666668
NM_001183061.1	5	8	15	22	35	39	44	47	53	29.77777777777778
NM_001181778.1	11	10	18	27	28	41	35	49	49	29.77777777777778
NM_001181819.3	7	9	21	22	35	33	40	46	55	29.77777777777778
NM_001183222.3	9	13	15	31	22	37	46	42	55	30.0
NM_001183171.1	4	12	23	31	29	34	36	52	49	30.0
NM_001178606.3	7	11	22	26	26	30	40	50	59	30.11111111111111
NM_001184030.1	4	9	21	29	29	41	42	51	46	30.22222222222222
NM_001180563.3	5	13	23	23	38	32	32	52	54	30.22222222222222
NM_001180950.1	5	10	26	20	34	33	45	44	55	30.22222222222222
NM_001179547.1	9	12	16	28	29	37	43	49	50	30.333333333333332
NM_001179405.1	9	6	16	21	35	38	40	52	56	30.333333333333332
NM_001431141.1	8	15	18	28	31	45	35	49	47	30.666666666666668
NM_001183688.1	6	10	17	22	26	35	44	56	61	30.77777777777778
NM_001182553.1	10	8	16	25	31	36	45	52	54	30.77777777777778
NM_001178645.3	6	11	13	21	29	41	38	65	53	30.77777777777778
NM_001184180.1	2	13	16	22	27	45	41	52	60	30.88888888888889
NM_001183302.1	6	16	13	25	31	35	46	48	58	30.88888888888889
NM_001182557.1	10	11	22	23	30	34	43	52	55	31.11111111111111
NM_001184517.3	6	8	15	26	29	42	54	41	59	31.11111111111111
NM_001179063.1	4	11	19	25	37	39	45	55	45	31.11111111111111
NM_001179440.3	9	13	17	26	27	37	42	46	63	31.11111111111111
NM_001179785.1	11	8	23	22	24	40	51	47	55	31.22222222222222
NM_001183923.1	7	16	18	28	30	41	42	46	53	31.22222222222222
NM_001183891.1	7	9	25	20	23	38	43	55	62	31.333333333333332
NM_001180257.1	6	11	19	28	28	26	50	54	60	31.333333333333332
NM_001178834.3	6	15	15	25	38	32	46	48	57	31.333333333333332
NM_001179552.1	2	12	19	24	30	42	44	54	55	31.333333333333332
NM_001182639.1	5	14	24	21	38	31	41	47	62	31.444444444444443
NM_001183072.1	7	13	18	24	35	30	49	54	53	31.444444444444443
NM_001181171.1	7	20	18	20	33	41	41	45	59	31.555555555555557
NM_001181186.3	4	11	22	25	32	37	48	56	49	31.555555555555557
NM_001182019.1	9	13	20	23	35	38	34	53	59	31.555555555555557
NM_001181799.1	8	19	29	20	38	34	37	46	54	31.666666666666668
NM_001182176.1	3	11	21	26	30	40	43	49	62	31.666666666666668
NM_001181469.1	4	9	19	27	29	39	54	48	56	31.666666666666668
NM_001179687.1	7	12	12	33	33	34	41	54	59	31.666666666666668
NM_001180658.4	6	12	18	30	28	52	37	48	54	31.666666666666668
NM_001270760.1	10	8	18	24	30	31	52	51	61	31.666666666666668
NM_001184532.1	4	7	19	28	33	46	43	49	57	31.77777777777778
NM_001178253.1	2	9	18	25	30	36	43	64	59	31.77777777777778
NM_001184675.3	4	12	22	27	32	36	47	52	54	31.77777777777778
NM_001178320.2	9	14	16	29	33	42	31	51	63	32.0
NM_001182105.1	6	16	23	25	28	42	45	46	57	32.0
NM_001181116.1	5	11	15	28	25	52	48	48	56	32.0
NM_001183364.1	6	11	16	20	33	41	48	53	61	32.111111111111114
NM_001182808.2	6	17	21	23	29	34	45	48	66	32.111111111111114
NM_001180048.2	8	10	21	29	29	41	48	43	60	32.111111111111114
NM_001180439.1	4	17	17	31	28	37	46	50	60	32.22222222222222
NM_001183132.1	4	12	27	21	31	38	44	65	48	32.22222222222222
NM_001184673.1	3	11	18	25	29	35	46	59	64	32.22222222222222
NM_001178299.1	8	13	20	38	32	43	43	43	52	32.44444444444444
NM_001183754.1	3	6	17	32	21	43	45	62	64	32.55555555555556
NM_001183855.1	12	12	17	21	37	39	40	57	58	32.55555555555556
NM_001181204.3	7	13	24	24	41	33	47	47	58	32.666666666666664
NM_001183068.1	5	13	18	25	39	41	58	46	49	32.666666666666664
NM_001182257.3	9	18	19	17	34	32	43	61	62	32.77777777777778
NM_001181679.1	5	13	22	29	31	37	40	58	60	32.77777777777778
NM_001395036.1	5	12	22	29	38	30	53	49	58	32.888888888888886
NM_001179094.1	6	12	28	30	27	48	41	50	54	32.888888888888886
NM_001179527.1	5	13	20	29	35	49	37	54	55	33.0
NM_001178198.1	10	15	21	35	35	37	48	42	55	33.111111111111114
NM_001178501.3	5	10	22	32	40	35	47	50	57	33.111111111111114
NM_001182628.1	10	7	20	26	38	33	40	66	59	33.22222222222222
NM_001183770.1	4	12	14	38	26	39	49	63	54	33.22222222222222
NM_001179841.3	1	13	21	27	33	42	49	54	59	33.22222222222222
NM_001182121.1	7	14	21	27	26	47	38	50	69	33.22222222222222
NM_001182311.3	9	8	23	27	33	52	42	47	59	33.333333333333336
NM_001179881.1	4	15	23	29	30	33	46	61	59	33.333333333333336
NM_001180590.3	6	18	20	32	42	34	43	48	57	33.333333333333336
NM_001179577.1	4	7	19	19	35	38	51	62	66	33.44444444444444
NM_001182028.1	8	11	16	32	33	34	51	54	62	33.44444444444444
NM_001179235.1	12	17	23	21	29	42	47	55	55	33.44444444444444
NM_001183571.1	6	12	23	29	26	42	47	53	63	33.44444444444444
NM_001180486.1	9	12	17	23	37	37	43	57	66	33.44444444444444
NM_001179210.1	4	13	22	25	27	40	48	51	71	33.44444444444444
NM_001181777.1	12	18	17	28	37	43	49	52	46	33.55555555555556
NM_001182667.1	7	16	17	25	37	38	43	53	66	33.55555555555556
NM_001184515.1	8	10	17	23	41	43	42	56	62	33.55555555555556
NM_001179935.1	5	18	25	29	28	41	48	52	57	33.666666666666664
NM_001179134.1	8	11	16	30	38	37	44	55	65	33.77777777777778
NM_001178356.1	9	15	19	22	39	38	45	56	61	33.77777777777778
NM_001184082.1	7	13	22	32	38	28	49	59	56	33.77777777777778
NM_001179205.1	7	10	22	29	35	38	51	56	56	33.77777777777778
NM_001183822.1	11	13	16	22	37	46	43	57	59	33.77777777777778
NM_001179737.1	6	13	23	22	34	41	46	56	64	33.888888888888886
NM_001181954.1	7	7	26	29	34	40	48	53	62	34.0
NM_001184213.1	7	10	17	29	31	44	57	49	63	34.111111111111114
NM_001178328.2	8	14	20	31	35	32	58	53	56	34.111111111111114
NM_001182659.1	7	14	24	38	34	32	36	61	62	34.22222222222222
NM_001181450.1	10	16	14	30	32	49	51	47	60	34.333333333333336
NM_001179048.1	11	9	23	39	26	38	42	53	68	34.333333333333336
NM_001182170.1	3	15	26	30	32	39	48	56	61	34.44444444444444
NM_001180449.1	3	14	15	31	32	39	60	54	64	34.666666666666664
NM_001183362.1	8	15	19	25	29	44	48	47	78	34.77777777777778
NM_001182381.1	9	8	23	35	40	40	51	49	59	34.888888888888886
NM_001182454.1	4	16	21	29	32	43	48	56	65	34.888888888888886
NM_001179866.3	2	12	27	24	35	41	51	53	69	34.888888888888886
NM_001182901.1	5	12	18	29	35	42	57	56	60	34.888888888888886
NM_001183152.1	7	19	13	29	36	39	42	67	63	35.0
NM_001182587.1	4	13	22	29	37	38	42	67	63	35.0
NM_001184265.1	12	9	16	25	36	53	35	56	73	35.0
NM_001180412.3	8	17	20	34	26	46	47	60	58	35.111111111111114
NM_001183703.3	7	13	17	30	45	35	47	57	65	35.111111111111114
NM_001183866.4	10	8	22	36	25	45	48	57	65	35.111111111111114
NM_001180626.3	5	13	22	34	40	40	57	43	62	35.111111111111114
NM_001178446.1	6	11	21	29	46	41	49	51	62	35.111111111111114
NM_001178542.3	5	14	17	23	35	52	48	54	70	35.333333333333336
NM_001182868.3	9	13	25	27	32	44	46	57	65	35.333333333333336
NM_001179281.1	7	17	18	25	40	50	56	52	53	35.333333333333336
FLO8	12	13	27	21	34	46	51	48	66	35.333333333333336
NM_001183366.1	5	20	15	24	38	44	61	53	59	35.44444444444444
NM_001183627.3	5	12	18	31	33	40	60	58	62	35.44444444444444
NM_001184181.1	12	19	19	24	40	36	47	53	69	35.44444444444444
NM_001183371.1	7	15	20	28	28	47	47	56	72	35.55555555555556
NM_001183982.1	5	16	21	23	31	44	46	66	68	35.55555555555556
NM_001178835.1	5	11	16	35	35	38	45	71	65	35.666666666666664
NM_001179794.3	5	13	27	28	46	36	49	55	62	35.666666666666664
NM_001178179.1	2	18	25	25	41	40	53	58	59	35.666666666666664
NM_001178172.1	4	11	20	38	41	45	50	51	61	35.666666666666664
NM_001182640.1	12	16	30	33	30	45	44	54	57	35.666666666666664
NM_001179221.1	5	18	21	30	31	43	34	70	70	35.77777777777778
NM_001183933.1	6	14	18	25	33	45	56	61	64	35.77777777777778
NM_001180695.3	8	15	13	26	42	38	58	55	68	35.888888888888886
NM_001183252.1	6	12	23	23	45	37	48	59	70	35.888888888888886
NM_001178944.3	6	9	25	29	38	40	44	63	69	35.888888888888886
NM_001178239.1	13	13	26	34	34	38	45	59	62	36.0
NM_001178511.3	6	22	15	33	42	46	46	56	58	36.0
NM_001179445.1	11	13	18	28	28	43	56	62	66	36.111111111111114
NM_001180011.1	10	12	25	31	41	35	45	57	71	36.333333333333336
NM_001179546.1	2	15	14	33	38	37	53	62	73	36.333333333333336
NM_001181869.1	5	9	24	19	45	51	60	55	59	36.333333333333336
NM_001184023.1	9	12	16	23	36	45	61	56	69	36.333333333333336
NM_001180701.1	6	20	29	27	30	40	49	62	64	36.333333333333336
NM_001183240.3	8	10	18	31	39	48	43	64	68	36.55555555555556
NM_001178777.1	4	14	19	30	32	52	46	67	65	36.55555555555556
NM_001178774.1	8	12	20	30	34	43	57	53	73	36.666666666666664
NM_001182280.3	11	12	31	27	28	42	52	61	66	36.666666666666664
NM_001180431.1	10	15	25	33	36	35	46	67	63	36.666666666666664
NM_001178392.2	10	16	18	36	30	40	56	55	70	36.77777777777778
NM_001184281.1	12	17	30	26	45	46	50	42	63	36.77777777777778
NM_001182864.3	8	15	19	35	38	47	44	56	70	36.888888888888886
NM_001184050.1	12	9	22	24	36	55	56	62	57	37.0
NM_001182802.1	10	14	31	25	39	42	49	59	64	37.0
NM_001184143.1	7	13	29	24	33	45	47	60	75	37.0
NM_001179367.3	6	18	27	30	37	45	42	58	71	37.111111111111114
NM_001181241.1	6	21	17	31	31	41	64	47	76	37.111111111111114
NM_001182633.1	9	17	19	35	32	46	45	62	70	37.22222222222222
NM_001181317.3	6	15	19	29	36	51	42	63	74	37.22222222222222
NM_001178958.1	6	15	22	33	29	55	54	48	73	37.22222222222222
NM_001183349.1	7	16	22	26	38	39	61	65	62	37.333333333333336
NM_001184231.1	8	18	16	28	52	38	59	51	66	37.333333333333336
NM_001181523.1	10	19	22	31	32	44	51	56	71	37.333333333333336
NM_001182611.1	7	19	19	34	46	46	53	55	59	37.55555555555556
NM_001178515.3	4	14	24	20	46	44	55	73	58	37.55555555555556
NM_001181669.1	9	13	23	32	35	47	55	58	66	37.55555555555556
NM_001180562.3	4	15	23	28	35	45	65	53	70	37.55555555555556
NM_001179287.1	7	17	23	26	38	53	52	61	62	37.666666666666664
NM_001182015.1	6	18	18	30	37	46	57	56	71	37.666666666666664
NM_001178738.1	7	19	17	22	39	41	62	60	72	37.666666666666664
NM_001181823.1	8	16	23	28	37	44	52	59	73	37.77777777777778
NM_001179201.1	10	21	23	36	37	44	45	55	69	37.77777777777778
NM_001182777.1	5	9	27	40	42	43	47	60	67	37.77777777777778
NM_001179992.1	8	15	17	26	40	58	44	73	60	37.888888888888886
NM_001183277.1	3	16	23	30	28	52	53	67	69	37.888888888888886
NM_001181712.1	11	9	19	35	42	41	47	64	74	38.0
NM_001183449.1	9	14	20	39	32	38	60	62	68	38.0
NM_001183861.1	8	17	22	22	43	40	69	55	66	38.0
NM_001178813.1	8	12	26	31	36	44	57	60	68	38.0
NM_001183308.1	6	12	22	26	38	51	54	55	78	38.0
NM_001178732.1	5	11	27	34	32	51	47	61	74	38.0
NM_001182711.1	7	19	21	29	37	39	43	70	77	38.0
NM_001180589.1	10	15	32	29	38	37	62	53	68	38.22222222222222
NM_001183459.1	10	18	18	34	44	40	54	61	66	38.333333333333336
NM_001182111.1	8	18	21	24	40	37	59	67	71	38.333333333333336
NM_001179865.1	9	18	24	28	39	48	57	58	65	38.44444444444444
NM_001183394.1	8	18	22	32	37	35	55	63	76	38.44444444444444
NM_001183921.1	9	15	24	26	33	53	57	66	63	38.44444444444444
NM_001179664.1	3	14	37	30	29	38	51	60	85	38.55555555555556
NM_001305014.1	9	18	26	36	43	45	49	52	69	38.55555555555556
NM_001179299.2	6	20	27	29	41	39	51	67	68	38.666666666666664
NM_001180694.3	6	13	29	35	40	42	54	67	62	38.666666666666664
NM_001179141.1	8	12	29	30	43	48	55	59	64	38.666666666666664
NM_001181898.1	7	18	20	29	44	45	54	62	69	38.666666666666664
NM_001178587.3	8	18	23	25	40	39	64	64	68	38.77777777777778
NM_001184388.4	9	10	15	39	32	44	60	64	76	38.77777777777778
NM_001178879.1	11	17	27	32	34	47	54	67	60	38.77777777777778
NM_001183591.3	7	15	23	33	41	42	52	66	71	38.888888888888886
NM_001178753.1	6	12	25	30	49	39	61	61	67	38.888888888888886
NM_001184008.1	6	9	28	29	34	57	49	69	69	38.888888888888886
NM_001182772.1	12	12	25	32	37	44	52	63	73	38.888888888888886
NM_001178708.1	6	12	25	30	49	39	61	61	67	38.888888888888886
NM_001182032.1	9	11	23	28	41	46	56	63	73	38.888888888888886
NM_001184296.1	13	12	21	29	34	55	60	53	73	38.888888888888886
NM_001184492.1	6	15	25	34	37	36	61	66	71	39.0
NM_001178493.3	5	19	29	25	42	49	54	59	69	39.0
NM_001179484.1	12	23	29	35	36	38	49	61	69	39.111111111111114
NM_001178154.1	8	17	16	43	43	44	51	59	71	39.111111111111114
NM_001180373.3	6	16	25	27	47	45	58	65	63	39.111111111111114
NM_001179108.1	8	13	18	29	39	49	59	65	72	39.111111111111114
NM_001183115.1	8	11	30	40	35	45	44	64	75	39.111111111111114
NM_001183624.1	10	19	15	24	46	44	62	65	67	39.111111111111114
NM_001182971.3	8	13	19	37	36	54	65	53	68	39.22222222222222
NM_001179309.3	7	19	27	35	34	47	58	53	73	39.22222222222222
NM_001182129.1	7	18	21	32	44	49	48	60	74	39.22222222222222
NM_001184680.1	7	16	20	30	44	44	55	64	73	39.22222222222222
NM_001181756.2	4	13	22	36	42	44	57	74	62	39.333333333333336
NM_001183721.1	11	17	25	26	41	40	60	58	76	39.333333333333336
NM_001184144.1	10	13	26	31	38	42	62	57	76	39.44444444444444
NM_001182402.2	4	12	26	32	37	53	63	58	70	39.44444444444444
NM_001184412.1	4	12	26	32	37	53	63	58	70	39.44444444444444
NM_001183548.1	10	14	24	36	48	49	52	53	70	39.55555555555556
NM_001178831.1	10	17	23	33	36	48	54	65	70	39.55555555555556
NM_001180840.3	10	17	18	25	51	43	56	58	78	39.55555555555556
NM_001184069.1	12	28	23	29	42	45	50	62	66	39.666666666666664
NM_001181481.1	7	10	24	28	49	48	58	64	69	39.666666666666664
NM_001179259.1	8	15	27	30	44	43	58	58	74	39.666666666666664
NM_001180209.1	9	12	26	25	41	46	63	66	69	39.666666666666664
NM_001184123.1	9	19	31	31	38	45	58	56	71	39.77777777777778
NM_001183723.3	4	10	29	35	43	47	56	71	65	40.0
NM_001181603.1	7	15	24	35	43	45	62	57	72	40.0
NM_001181901.1	8	19	18	27	42	50	57	67	74	40.22222222222222
NM_001183567.1	6	9	22	29	37	46	65	62	86	40.22222222222222
NM_001184005.1	7	14	26	26	38	53	55	69	74	40.22222222222222
NM_001178292.1	14	21	21	31	43	50	52	56	74	40.22222222222222
NM_001180993.1	4	16	30	25	46	53	51	58	79	40.22222222222222
NM_001180164.1	7	24	28	29	44	49	53	58	71	40.333333333333336
NM_001180940.1	8	22	32	26	36	48	59	64	69	40.44444444444444
NM_001183890.1	11	13	26	30	47	36	59	63	79	40.44444444444444
NM_001180116.1	5	18	28	36	38	51	47	63	78	40.44444444444444
NM_001179246.1	4	24	30	32	33	41	49	67	84	40.44444444444444
NM_001179313.1	4	15	23	40	36	53	55	56	83	40.55555555555556
NM_001182769.2	4	18	27	38	43	60	45	56	74	40.55555555555556
NM_001179333.3	6	22	19	30	42	47	56	67	76	40.55555555555556
NM_001179627.1	6	19	24	41	41	44	50	66	75	40.666666666666664
NM_001181504.1	5	12	25	29	31	58	64	69	73	40.666666666666664
NM_001178391.2	11	15	22	34	39	52	62	57	75	40.77777777777778
NM_001183853.1	11	17	28	30	53	37	50	66	75	40.77777777777778
NM_001178826.1	11	20	18	41	46	33	60	63	75	40.77777777777778
NM_001181670.4	9	16	26	32	35	52	63	63	72	40.888888888888886
NM_001183885.1	9	13	23	39	39	47	57	62	79	40.888888888888886
YIR043C	7	20	22	26	38	54	54	79	68	40.888888888888886
NM_001180499.3	6	15	23	33	31	49	63	68	81	41.0
NM_001182469.1	4	12	35	32	38	52	63	58	75	41.0
NM_001183516.1	10	14	21	26	45	59	58	65	72	41.111111111111114
NM_001178395.1	8	18	23	25	41	51	63	70	71	41.111111111111114
NM_001179834.3	5	22	30	32	39	46	52	75	69	41.111111111111114
NM_001184490.1	12	12	23	33	38	52	64	65	71	41.111111111111114
NM_001181680.1	9	20	16	37	40	44	63	78	65	41.333333333333336
NM_001178898.1	9	19	37	30	40	49	45	66	77	41.333333333333336
NM_001183788.1	8	20	20	32	38	55	51	69	79	41.333333333333336
NM_001182576.1	9	18	24	30	41	56	55	67	72	41.333333333333336
NM_001183478.1	9	13	24	30	48	55	60	66	68	41.44444444444444
NM_001179891.3	8	15	20	30	44	46	59	76	75	41.44444444444444
NM_001180916.1	5	14	31	20	43	61	58	72	69	41.44444444444444
NM_001179543.3	3	21	26	33	43	55	48	69	76	41.55555555555556
NM_001179236.1	6	13	26	25	44	60	57	73	70	41.55555555555556
NM_001183685.3	5	21	33	35	36	44	60	67	73	41.55555555555556
NM_001180786.3	9	8	21	28	48	50	69	69	73	41.666666666666664
NM_001181839.1	10	10	25	36	42	38	55	73	86	41.666666666666664
NM_001183092.1	5	20	32	39	43	37	56	65	78	41.666666666666664
NM_001180555.1	8	20	24	40	47	38	60	65	73	41.666666666666664
NM_001178936.3	12	11	31	33	41	51	58	62	77	41.77777777777778
NM_001183783.3	10	12	27	32	43	52	60	70	71	41.888888888888886
NM_001181255.3	12	18	23	39	46	60	51	60	69	42.0
NM_001183492.1	8	10	27	30	40	51	65	72	75	42.0
NM_001182409.1	6	19	25	44	42	43	63	63	73	42.0
NM_001181044.3	13	16	33	39	42	43	59	54	79	42.0
NM_001183909.1	3	16	34	34	35	48	67	71	70	42.0
NM_001181367.3	5	13	23	30	44	56	57	66	85	42.111111111111114
NM_001179766.1	11	17	27	25	38	64	58	63	76	42.111111111111114
NM_001181102.1	6	19	24	35	45	52	59	66	74	42.22222222222222
NM_001181135.1	7	14	26	36	47	45	58	67	80	42.22222222222222
NM_001184320.1	4	15	26	44	43	44	56	69	81	42.44444444444444
NM_001182932.1	14	16	25	36	46	50	49	62	85	42.55555555555556
NM_001182024.1	12	19	25	37	45	55	52	65	73	42.55555555555556
NM_001181874.2	6	22	24	41	38	52	62	62	77	42.666666666666664
NM_001182022.1	8	15	20	42	49	50	60	72	68	42.666666666666664
NM_001179290.1	7	16	20	36	48	50	60	67	81	42.77777777777778
NM_001181491.1	14	22	26	27	46	49	60	73	68	42.77777777777778
NM_001182986.1	7	23	25	46	38	46	61	62	77	42.77777777777778
NM_001179773.1	10	15	21	32	49	53	71	66	68	42.77777777777778
NM_001184047.1	9	22	26	36	33	51	60	72	77	42.888888888888886
NM_001183668.3	9	10	28	36	43	60	56	66	78	42.888888888888886
NM_001178728.1	6	23	21	37	37	53	54	70	85	42.888888888888886
NM_001178919.1	12	13	26	49	40	45	60	68	73	42.888888888888886
NM_001183725.1	6	22	27	27	38	54	65	69	78	42.888888888888886
NM_001179973.1	9	18	25	33	44	53	55	70	80	43.0
NM_001181642.1	11	13	22	40	40	52	57	69	84	43.111111111111114
NM_001180996.1	10	21	27	40	41	48	58	61	82	43.111111111111114
NM_001182604.1	7	23	25	32	51	52	58	66	75	43.22222222222222
NM_001183947.1	8	15	18	32	41	54	60	70	91	43.22222222222222
NM_001182650.1	4	17	18	34	45	57	60	71	84	43.333333333333336
NM_001181490.3	7	18	29	34	43	58	55	64	82	43.333333333333336
NM_001179829.3	11	24	20	35	52	47	55	72	75	43.44444444444444
NM_001179037.3	12	17	22	33	34	60	59	74	80	43.44444444444444
NM_001182292.3	6	14	28	32	45	53	68	62	83	43.44444444444444
NM_001180139.1	6	15	22	33	50	60	79	58	68	43.44444444444444
NM_001179783.1	10	21	30	33	37	44	59	72	85	43.44444444444444
NM_001180594.3	5	19	25	37	40	51	63	72	79	43.44444444444444
NM_001270743.1	11	19	26	36	42	50	63	73	72	43.55555555555556
NM_001180796.1	9	16	28	37	42	58	56	72	74	43.55555555555556
NM_001184457.1	4	8	27	32	52	53	62	63	92	43.666666666666664
NM_001184409.1	7	20	23	41	41	54	52	71	85	43.77777777777778
NM_001178271.1	9	12	24	34	38	60	54	79	85	43.888888888888886
NM_001179427.3	9	21	29	33	43	43	67	71	79	43.888888888888886
NM_001179239.1	11	17	21	29	45	60	62	71	79	43.888888888888886
NM_001182790.1	7	20	25	35	38	49	61	83	78	44.0
NM_001179839.3	7	22	23	42	42	48	57	74	81	44.0
NM_001182194.1	12	16	28	28	50	54	62	75	71	44.0
NM_001183382.1	12	24	31	30	34	53	57	74	82	44.111111111111114
NM_001181794.3	9	8	31	37	43	49	71	68	81	44.111111111111114
NM_001184206.1	14	15	28	30	37	65	65	73	70	44.111111111111114
NM_001181516.1	11	20	33	31	41	46	66	78	71	44.111111111111114
NM_001182014.1	8	20	29	40	31	57	56	77	80	44.22222222222222
NM_001180322.1	10	21	30	29	37	57	69	67	79	44.333333333333336
NM_001181992.1	13	15	29	36	47	43	67	68	81	44.333333333333336
NM_001178361.1	6	22	27	33	40	53	70	70	79	44.44444444444444
NM_001181303.3	6	14	22	30	47	54	64	77	87	44.55555555555556
NM_001182532.1	11	17	31	27	48	64	56	65	82	44.55555555555556
NM_001180440.3	8	22	33	29	42	52	71	68	77	44.666666666666664
NM_001180417.3	12	20	29	35	45	50	60	79	72	44.666666666666664
NM_001181008.3	13	18	27	41	34	47	75	74	73	44.666666666666664
NM_001183456.1	15	21	23	35	43	42	72	80	72	44.77777777777778
NM_001180381.3	11	18	20	37	51	50	56	81	79	44.77777777777778
NM_001182564.1	11	16	34	34	43	53	62	62	88	44.77777777777778
NM_001183225.3	7	17	29	32	42	52	63	84	77	44.77777777777778
NM_001179261.1	7	21	27	41	40	63	61	68	75	44.77777777777778
NM_001181822.1	12	22	21	33	43	55	69	73	76	44.888888888888886
NM_001183052.1	10	14	29	36	40	56	71	71	77	44.888888888888886
NM_001180560.1	2	32	24	39	41	58	68	65	76	45.0
NM_001180752.1	8	20	20	45	42	55	56	76	83	45.0
NM_001180280.1	7	19	26	41	51	53	49	83	77	45.111111111111114
NM_001178995.3	14	15	25	39	54	49	59	73	79	45.22222222222222
NM_001182055.1	9	19	35	48	45	47	57	71	76	45.22222222222222
NM_001181109.1	10	24	22	36	52	54	65	72	72	45.22222222222222
NM_001183880.1	9	13	26	33	44	55	70	75	84	45.44444444444444
NM_001183287.1	5	26	27	30	45	59	70	68	79	45.44444444444444
NM_001181805.1	6	12	21	34	48	61	63	78	87	45.55555555555556
NM_001182216.1	11	13	25	39	55	49	60	70	88	45.55555555555556
NM_001178840.1	8	15	28	38	44	50	59	80	89	45.666666666666664
NM_001179939.1	15	17	17	41	38	55	72	68	89	45.77777777777778
NM_001179090.1	8	23	34	37	45	49	62	64	90	45.77777777777778
NM_001180671.1	10	16	29	33	48	56	67	67	87	45.888888888888886
NM_001180585.3	16	26	29	24	45	66	57	72	78	45.888888888888886
NM_001180236.1	10	20	31	31	48	63	62	71	77	45.888888888888886
NM_001179395.3	11	17	27	46	47	55	64	60	87	46.0
NM_001181787.2	12	19	26	39	44	68	55	71	80	46.0
NM_001183806.1	11	19	24	45	41	56	69	72	78	46.111111111111114
NM_001183769.3	12	19	29	34	55	61	60	73	73	46.22222222222222
NM_001182368.1	11	13	23	41	50	62	60	75	81	46.22222222222222
NM_001178654.1	8	24	24	29	46	62	61	73	90	46.333333333333336
NM_001183698.3	14	21	34	42	45	57	53	76	75	46.333333333333336
NM_001178353.1	8	22	31	38	47	50	66	68	87	46.333333333333336
NM_001183817.1	12	14	26	40	47	56	68	63	91	46.333333333333336
NM_001181984.1	9	15	21	33	54	60	68	75	83	46.44444444444444
NM_001178500.3	13	23	26	36	46	55	63	70	86	46.44444444444444
NM_001180178.1	8	21	29	30	43	60	65	67	95	46.44444444444444
NM_001180230.1	11	21	29	40	44	61	65	64	83	46.44444444444444
NM_001181595.1	14	21	29	43	46	51	53	80	81	46.44444444444444
NM_001181643.1	17	18	30	45	51	57	67	67	67	46.55555555555556
NM_001182253.3	9	28	29	36	44	53	64	78	78	46.55555555555556
NM_001180086.1	13	15	32	32	51	50	62	78	87	46.666666666666664
NM_001180188.1	8	20	25	48	48	51	73	73	74	46.666666666666664
NM_001181535.1	11	18	25	34	43	59	70	75	85	46.666666666666664
NM_001178265.1	10	18	30	42	46	54	67	71	82	46.666666666666664
NM_001182885.3	11	18	24	35	59	52	61	75	85	46.666666666666664
NM_001183832.1	7	14	27	37	47	63	55	83	87	46.666666666666664
NM_001178942.1	7	18	23	42	50	60	62	66	92	46.666666666666664
NM_001183714.3	8	22	24	48	54	55	58	75	77	46.77777777777778
NM_001179661.1	13	20	20	36	51	56	72	75	78	46.77777777777778
NM_001183816.1	13	17	32	28	48	62	64	67	91	46.888888888888886
NM_001184028.1	7	19	29	39	48	55	66	76	83	46.888888888888886
NM_001182538.1	5	15	33	45	52	49	65	72	86	46.888888888888886
NM_001180969.3	9	18	31	40	49	64	64	62	85	46.888888888888886
NM_001179972.1	8	19	26	43	58	61	57	66	85	47.0
NM_001183120.1	16	16	27	40	48	55	66	75	80	47.0
NM_001179029.3	16	24	23	34	48	53	61	80	85	47.111111111111114
NM_001181894.1	4	16	22	38	53	53	60	83	96	47.22222222222222
NM_001181526.1	12	24	34	35	49	51	68	81	72	47.333333333333336
NM_001180922.1	10	12	32	38	39	70	64	71	90	47.333333333333336
NM_001178160.1	5	23	33	38	46	56	70	70	85	47.333333333333336
NM_001178218.2	8	20	31	52	46	61	54	74	80	47.333333333333336
NM_001178628.3	6	18	38	50	37	49	71	75	83	47.44444444444444
NM_001181386.3	11	16	27	33	41	61	57	81	100	47.44444444444444
NM_001179174.1	7	13	25	35	44	64	70	75	95	47.55555555555556
NM_001181751.1	11	21	30	42	55	52	61	74	82	47.55555555555556
NM_001180351.3	11	24	25	37	50	58	62	89	72	47.55555555555556
NM_001182141.1	16	23	36	34	44	64	61	65	85	47.55555555555556
NM_001182606.1	8	24	23	27	53	55	59	82	98	47.666666666666664
NM_001181300.1	7	16	25	27	51	59	75	85	84	47.666666666666664
NM_001178318.1	8	24	29	39	45	61	66	65	92	47.666666666666664
NM_001184178.1	10	19	36	44	42	49	71	69	90	47.77777777777778
NM_001180010.3	5	18	38	37	52	53	61	75	91	47.77777777777778
NM_001182921.1	10	19	22	35	49	68	63	84	81	47.888888888888886
NM_001181677.3	16	18	20	39	45	47	64	71	112	48.0
NM_001181564.1	7	26	31	36	50	61	69	71	81	48.0
NM_001178462.1	5	25	28	42	46	56	59	80	92	48.111111111111114
NM_001181903.1	8	25	31	42	44	57	67	81	78	48.111111111111114
NM_001178254.2	7	26	32	38	46	62	67	76	80	48.22222222222222
NM_001179065.3	9	16	23	33	56	52	68	78	99	48.22222222222222
NM_001178909.3	9	21	32	37	45	65	67	80	78	48.22222222222222
NM_001270758.1	9	21	20	36	51	69	69	73	86	48.22222222222222
NM_001179509.1	7	13	26	38	57	53	71	73	97	48.333333333333336
NM_001178165.2	13	14	26	41	55	48	66	75	97	48.333333333333336
NM_001183184.3	7	17	32	41	53	65	69	73	78	48.333333333333336
NM_001181150.1	6	21	32	34	54	57	70	80	83	48.55555555555556
NM_001431138.1	10	16	30	40	54	51	69	78	89	48.55555555555556
NM_001179018.3	9	23	24	34	49	75	68	60	96	48.666666666666664
NM_001182249.3	11	18	22	42	48	71	68	72	86	48.666666666666664
NM_001180339.3	14	24	23	48	45	61	61	76	86	48.666666666666664
NM_001178603.3	9	21	41	43	43	58	60	83	81	48.77777777777778
NM_001183711.3	9	18	29	30	49	64	67	76	97	48.77777777777778
NM_001184103.1	8	19	36	39	53	53	62	74	95	48.77777777777778
NM_001183549.4	9	21	28	45	42	53	78	79	85	48.888888888888886
NM_001178306.1	8	18	37	37	42	63	63	78	94	48.888888888888886
NM_001184537.1	6	26	23	27	50	66	74	79	89	48.888888888888886
NM_001182312.1	8	20	34	40	43	64	62	79	90	48.888888888888886
NM_001183970.1	12	28	24	29	56	60	69	83	80	49.0
NM_001181258.3	7	22	30	43	46	55	72	78	88	49.0
NM_001178561.1	9	15	22	46	56	54	67	82	91	49.111111111111114
NM_001182708.1	9	20	28	39	49	57	71	79	90	49.111111111111114
NM_001180596.1	15	17	22	44	63	51	79	72	79	49.111111111111114
NM_001181092.1	8	14	26	44	53	58	70	75	95	49.22222222222222
NM_001180487.3	14	22	30	36	53	64	59	83	82	49.22222222222222
NM_001183038.1	8	18	27	47	51	62	69	71	90	49.22222222222222
NM_001182065.1	11	21	35	36	39	60	67	84	90	49.22222222222222
NM_001183452.1	7	19	37	32	55	67	64	84	78	49.22222222222222
NM_001181447.3	7	28	24	42	53	49	73	79	89	49.333333333333336
NM_001183865.1	9	18	26	40	46	64	66	83	92	49.333333333333336
NM_001184519.1	11	17	30	42	42	62	74	77	91	49.55555555555556
NM_001180260.1	10	20	35	42	51	61	69	72	86	49.55555555555556
NM_001183164.1	10	25	36	42	44	54	65	84	86	49.55555555555556
NM_001181359.3	9	20	32	43	51	57	69	74	92	49.666666666666664
NM_001183860.1	15	19	28	50	45	71	74	58	88	49.77777777777778
NM_001181351.3	11	11	29	43	46	55	79	83	91	49.77777777777778
NM_001179357.3	15	18	27	47	45	58	76	79	85	50.0
NM_001179351.3	13	23	22	38	52	57	75	77	93	50.0
NM_001181614.1	12	20	36	40	50	59	66	83	85	50.111111111111114
NM_001181985.1	19	18	25	45	47	56	67	78	96	50.111111111111114
NM_001180838.1	13	23	27	44	52	65	57	84	87	50.22222222222222
NM_001181479.1	14	22	24	31	52	64	82	76	87	50.22222222222222
NM_001183843.1	9	19	23	37	50	61	78	78	97	50.22222222222222
NM_001181298.3	13	21	29	48	46	64	60	78	93	50.22222222222222
NM_001183430.1	11	19	29	43	49	63	71	80	88	50.333333333333336
NM_001184321.1	15	21	32	34	44	59	72	81	95	50.333333333333336
NM_001178549.1	8	15	33	42	50	64	63	86	92	50.333333333333336
NM_001181780.1	11	14	30	36	60	61	77	86	79	50.44444444444444
NM_001180206.1	8	23	31	34	56	59	79	71	93	50.44444444444444
NM_001182331.1	10	24	27	45	56	64	79	67	83	50.55555555555556
NM_001180875.1	12	17	37	38	55	59	70	84	83	50.55555555555556
NM_001181713.1	9	14	29	47	55	58	80	72	91	50.55555555555556
NM_001180146.1	12	24	23	45	39	61	75	78	98	50.55555555555556
NM_001183938.1	5	19	24	37	46	71	60	99	94	50.55555555555556
NM_001184510.3	19	13	23	34	57	65	74	72	98	50.55555555555556
NM_001180973.3	9	31	27	33	50	64	57	84	100	50.55555555555556
NM_001182092.1	10	27	43	46	43	57	68	70	92	50.666666666666664
NM_001179208.1	6	20	32	37	51	54	72	86	98	50.666666666666664
NM_001180846.3	9	25	27	42	52	67	64	81	89	50.666666666666664
NM_001178156.1	16	20	32	45	55	58	73	68	89	50.666666666666664
NM_001181768.1	9	24	30	43	60	63	63	76	89	50.77777777777778
NM_001178972.3	11	12	36	40	43	74	71	83	88	50.888888888888886
NM_001179302.1	6	24	31	45	50	55	75	79	93	50.888888888888886
NM_001183946.1	15	25	36	31	52	57	66	83	93	50.888888888888886
NM_001179517.1	16	21	32	36	55	58	77	74	89	50.888888888888886
NM_001179854.1	10	18	31	43	55	50	75	88	89	51.0
NM_001180426.3	7	29	32	34	57	56	84	76	84	51.0
NM_001182597.1	6	15	27	38	53	54	79	89	98	51.0
NM_001180807.3	13	23	30	35	43	65	71	84	96	51.111111111111114
NM_001179868.3	17	20	31	40	46	63	72	87	85	51.22222222222222
NM_001179690.1	11	22	32	39	45	72	69	81	90	51.22222222222222
NM_001180621.1	7	20	33	50	57	64	67	81	83	51.333333333333336
NM_001179656.1	9	14	30	45	44	69	81	85	85	51.333333333333336
NM_001179099.1	6	19	34	43	58	61	74	70	97	51.333333333333336
NM_001183804.1	6	26	31	47	51	73	65	72	91	51.333333333333336
NM_001181764.4	10	24	23	48	43	57	77	77	104	51.44444444444444
NM_001182850.1	6	15	41	52	45	59	72	84	89	51.44444444444444
NM_001182740.1	6	25	27	47	45	59	70	85	99	51.44444444444444
NM_001183327.1	5	27	33	48	62	55	69	72	92	51.44444444444444
NM_001181770.3	10	23	26	48	45	72	73	80	87	51.55555555555556
NM_001179006.3	8	21	29	43	51	62	72	77	101	51.55555555555556
NM_001179032.1	22	21	31	34	52	51	81	91	81	51.55555555555556
NM_001182281.1	7	21	33	38	47	64	77	81	97	51.666666666666664
NM_001182516.1	9	31	27	45	54	64	68	72	95	51.666666666666664
NM_001180202.1	10	20	32	43	50	58	76	78	99	51.77777777777778
NM_001179435.3	11	32	32	48	46	60	65	78	95	51.888888888888886
NM_001182522.1	5	18	33	46	41	73	64	90	97	51.888888888888886
NM_001180505.1	14	19	29	45	60	55	72	77	97	52.0
NM_001181027.1	17	29	27	44	53	60	66	68	104	52.0
NM_001178877.3	14	20	35	37	52	60	76	75	100	52.111111111111114
NM_001182401.1	5	20	37	42	56	64	75	79	91	52.111111111111114
NM_001178626.1	4	18	34	40	45	62	66	103	97	52.111111111111114
NM_001183922.1	11	27	24	46	53	70	78	74	86	52.111111111111114
NM_001182974.1	8	24	38	39	56	63	84	70	88	52.22222222222222
NM_001183197.3	13	20	34	36	59	58	68	79	103	52.22222222222222
NM_001183805.3	11	18	38	48	49	57	70	80	100	52.333333333333336
NM_001182775.1	17	12	29	37	51	68	71	87	99	52.333333333333336
NM_001179531.1	4	21	31	34	56	66	76	76	108	52.44444444444444
NM_001179812.1	13	22	30	38	61	58	79	82	89	52.44444444444444
NM_001178479.3	8	13	34	33	44	62	75	94	109	52.44444444444444
NM_001179715.1	9	22	23	40	56	60	87	90	86	52.55555555555556
NM_001178155.2	10	18	27	46	51	57	75	87	102	52.55555555555556
NM_001180747.1	12	21	29	45	59	52	80	82	93	52.55555555555556
NM_001181492.1	13	19	30	37	56	57	76	87	100	52.77777777777778
NM_001180729.1	13	20	31	36	57	67	76	76	99	52.77777777777778
NM_001182006.1	8	26	30	39	54	60	85	78	96	52.888888888888886
NM_001178245.1	6	16	27	39	49	74	82	91	92	52.888888888888886
NM_001183632.1	12	23	27	46	60	55	73	85	95	52.888888888888886
NM_001180008.3	9	19	38	40	49	65	77	85	95	53.0
NM_001179297.1	12	18	29	43	53	52	80	88	102	53.0
NM_001183445.1	10	25	31	49	59	63	74	76	90	53.0
NM_001182670.1	6	24	28	45	46	70	88	77	94	53.111111111111114
NM_001179980.1	13	21	30	36	67	67	63	94	87	53.111111111111114
NM_001179614.1	7	21	28	43	50	65	86	81	98	53.22222222222222
NM_001180624.3	8	19	27	49	46	62	83	86	99	53.22222222222222
NM_001183026.1	12	20	45	44	54	62	77	78	88	53.333333333333336
NM_001181639.1	9	22	34	47	49	70	76	80	93	53.333333333333336
NM_001182791.1	16	26	33	33	53	70	69	82	99	53.44444444444444
NM_001179268.1	12	18	32	50	54	55	74	88	98	53.44444444444444
NM_001180989.2	10	23	30	38	59	64	69	95	93	53.44444444444444
NM_001179060.3	13	19	22	40	60	63	78	88	99	53.55555555555556
NM_001183828.1	8	18	36	47	60	64	68	91	90	53.55555555555556
NM_001183163.1	9	23	29	42	51	75	73	84	96	53.55555555555556
NM_001184338.1	9	23	41	45	58	61	66	92	87	53.55555555555556
NM_001178672.1	7	23	32	44	52	69	86	86	83	53.55555555555556
NM_001178731.1	12	26	33	42	43	63	63	110	91	53.666666666666664
NM_001184257.1	7	21	29	36	57	69	81	90	94	53.77777777777778
NM_001181503.3	9	21	31	43	52	68	71	87	102	53.77777777777778
NM_001182617.1	12	24	30	37	47	56	82	93	103	53.77777777777778
NM_001183370.1	16	19	31	57	67	70	60	80	84	53.77777777777778
NM_001184164.1	12	28	30	44	42	63	69	89	108	53.888888888888886
NM_001178746.1	11	21	40	42	46	67	74	88	96	53.888888888888886
NM_001183003.3	10	26	32	43	48	71	69	80	106	53.888888888888886
NM_001183310.1	7	34	40	50	51	57	82	82	82	53.888888888888886
NM_001183585.3	8	22	37	44	54	66	70	90	96	54.111111111111114
NM_001182718.1	6	22	45	42	55	60	82	80	96	54.22222222222222
NM_001182132.1	8	28	35	48	53	65	75	77	99	54.22222222222222
NM_001182466.1	14	19	43	43	40	66	75	91	97	54.22222222222222
NM_001182636.1	6	17	36	42	58	67	80	78	105	54.333333333333336
NM_001181788.1	13	25	38	42	53	62	82	79	95	54.333333333333336
NM_001178314.1	11	15	25	42	51	71	83	95	97	54.44444444444444
NM_001178924.1	14	17	25	39	64	63	78	93	97	54.44444444444444
NM_001182378.1	12	24	26	51	53	70	79	87	88	54.44444444444444
NM_001183412.1	12	23	24	40	49	78	73	86	106	54.55555555555556
NM_001182499.1	12	22	38	50	43	64	72	91	99	54.55555555555556
NM_001181668.3	10	22	33	43	46	65	75	91	106	54.55555555555556
NM_001431142.1	8	28	32	42	56	64	83	92	87	54.666666666666664
NM_001182314.1	11	24	32	36	56	67	75	91	101	54.77777777777778
NM_001180375.1	10	15	33	48	59	76	68	96	88	54.77777777777778
NM_001178652.2	9	23	45	38	56	62	76	76	109	54.888888888888886
NM_001184106.1	7	24	37	45	63	68	67	97	86	54.888888888888886
NM_001181387.1	10	25	35	49	56	57	81	86	96	55.0
NM_001179326.3	13	28	34	47	47	65	71	83	109	55.22222222222222
NM_001182060.1	12	23	31	40	48	71	75	94	103	55.22222222222222
NM_001178819.1	11	25	35	37	70	80	68	88	83	55.22222222222222
NM_001182152.1	10	19	36	43	56	61	76	93	103	55.22222222222222
NM_001180665.1	9	18	29	49	54	58	84	98	99	55.333333333333336
NM_001181760.1	9	23	29	38	50	63	87	93	106	55.333333333333336
NM_001183318.1	10	26	27	40	54	77	80	76	109	55.44444444444444
NM_001180678.3	13	23	27	42	53	63	91	88	99	55.44444444444444
NM_001179809.3	7	29	35	46	41	84	85	80	92	55.44444444444444
NM_001180699.3	11	21	40	39	56	61	89	90	93	55.55555555555556
NM_001183739.1	13	23	30	51	63	68	66	96	91	55.666666666666664
NM_001179725.1	6	33	31	50	42	65	77	89	109	55.77777777777778
NM_001181588.1	14	15	26	46	64	71	77	96	93	55.77777777777778
NM_001184154.1	15	17	38	49	61	65	85	78	95	55.888888888888886
NM_001182664.1	14	28	31	45	57	64	67	89	108	55.888888888888886
NM_001178663.1	11	22	38	50	52	73	85	89	84	56.0
NM_001180157.1	9	11	32	37	66	64	92	95	98	56.0
NM_001183496.1	6	20	37	45	54	72	75	87	108	56.0
NM_001180480.3	9	22	40	38	71	74	74	81	96	56.111111111111114
NM_001184108.1	11	13	30	44	63	84	81	83	97	56.22222222222222
NM_001183989.1	15	22	36	39	64	66	67	92	105	56.22222222222222
NM_001179760.1	16	24	38	51	53	61	72	90	102	56.333333333333336
NM_001182215.1	12	17	28	46	53	57	75	107	112	56.333333333333336
NM_001179399.1	11	28	25	39	53	75	83	88	106	56.44444444444444
NM_001184249.1	5	27	38	56	47	68	79	94	95	56.55555555555556
NM_001178300.1	9	21	23	46	67	72	82	91	98	56.55555555555556
NM_001181122.1	11	23	38	43	48	59	85	102	100	56.55555555555556
NM_001181073.2	9	24	37	46	58	68	80	84	103	56.55555555555556
NM_001181882.1	9	21	38	55	52	76	77	87	95	56.666666666666664
NM_001181572.1	15	20	39	42	46	67	85	91	105	56.666666666666664
NM_001182714.1	9	16	37	41	59	70	68	94	116	56.666666666666664
NM_001183937.1	11	28	35	52	55	73	75	91	91	56.77777777777778
NM_001181934.1	11	23	31	46	67	60	80	91	102	56.77777777777778
NM_001182313.3	8	17	44	40	70	66	73	93	101	56.888888888888886
NM_001180627.1	7	28	37	48	47	62	86	88	109	56.888888888888886
NM_001178212.1	15	22	39	49	53	75	82	85	94	57.111111111111114
NM_001181651.1	14	28	40	45	51	78	69	86	103	57.111111111111114
NM_001180783.1	16	30	39	42	52	61	76	86	113	57.22222222222222
NM_001180790.3	11	23	33	47	64	70	78	89	100	57.22222222222222
NM_001181323.3	9	18	39	40	58	65	92	89	106	57.333333333333336
NM_001179583.1	8	22	29	44	59	75	83	91	107	57.55555555555556
NM_001182703.1	6	24	36	46	51	74	80	96	105	57.55555555555556
NM_001270746.1	16	24	25	52	60	58	73	106	105	57.666666666666664
NM_001181969.1	12	24	41	40	56	72	79	91	105	57.77777777777778
NM_001184128.1	6	31	38	43	54	58	78	92	121	57.888888888888886
NM_001182789.1	13	16	32	46	61	66	81	95	111	57.888888888888886
NM_001179230.1	12	22	33	43	57	60	87	107	101	58.0
NM_001180150.1	10	32	45	43	56	66	84	88	98	58.0
NM_001178468.3	12	18	33	53	48	72	90	97	100	58.111111111111114
NM_001179446.3	11	20	38	41	49	71	79	108	106	58.111111111111114
NM_001180269.1	11	27	31	49	65	57	94	92	97	58.111111111111114
NM_001179836.3	14	31	41	38	68	68	71	90	103	58.22222222222222
NM_001178372.1	15	22	41	48	59	62	79	90	108	58.22222222222222
NM_001181197.1	10	25	33	36	62	69	83	96	110	58.22222222222222
NM_001179052.4	13	20	32	46	63	71	86	82	112	58.333333333333336
NM_001183124.1	12	19	38	52	54	75	84	95	97	58.44444444444444
NM_001181335.3	7	26	49	49	48	73	77	96	101	58.44444444444444
NM_001180679.1	10	25	40	54	68	56	79	87	107	58.44444444444444
NM_001180387.1	8	25	37	48	54	66	79	88	122	58.55555555555556
NM_001178694.1	11	23	41	50	66	73	76	83	105	58.666666666666664
NM_001180076.3	18	21	25	41	66	64	86	96	111	58.666666666666664
NM_001183568.4	10	26	38	41	69	63	76	95	110	58.666666666666664
NM_001179873.1	11	31	38	48	54	72	76	92	106	58.666666666666664
NM_001181489.1	12	23	42	52	68	56	83	93	100	58.77777777777778
NM_001182877.1	15	24	24	42	70	74	74	105	101	58.77777777777778
NM_001181989.1	12	16	52	44	52	69	86	91	107	58.77777777777778
NM_001179827.3	13	20	32	43	67	74	70	102	108	58.77777777777778
NM_001180328.3	13	23	30	51	62	68	76	85	121	58.77777777777778
NM_001183441.1	14	24	38	58	47	76	79	85	108	58.77777777777778
NM_001183447.1	12	29	39	44	61	60	77	92	116	58.888888888888886
NM_001180787.1	9	17	31	55	51	72	83	101	111	58.888888888888886
NM_001181739.3	12	20	30	54	58	63	88	89	117	59.0
NM_001184283.1	9	28	34	47	58	72	81	97	105	59.0
NM_001182300.1	8	20	33	54	64	69	79	93	111	59.0
NM_001182677.1	12	23	29	45	54	82	81	96	109	59.0
NM_001184208.1	9	16	40	48	59	74	85	106	94	59.0
NM_001183209.3	15	21	32	50	57	70	82	97	108	59.111111111111114
NM_001183952.1	5	25	29	40	81	67	86	96	103	59.111111111111114
NM_001183083.1	13	19	30	42	58	78	83	100	110	59.22222222222222
NM_001180814.3	13	20	27	47	54	66	95	110	101	59.22222222222222
NM_001180677.3	18	21	34	52	54	72	86	92	105	59.333333333333336
NM_001181039.3	17	27	31	44	58	70	85	90	112	59.333333333333336
NM_001183856.1	9	24	35	53	60	76	76	94	107	59.333333333333336
NM_001180103.1	8	27	41	54	62	69	86	90	97	59.333333333333336
NM_001183324.1	10	32	36	58	57	68	74	85	114	59.333333333333336
NM_001179826.2	11	21	34	53	44	81	80	101	110	59.44444444444444
NM_001182242.1	17	30	34	47	56	57	92	99	103	59.44444444444444
NM_001181559.1	10	27	36	50	61	64	83	96	110	59.666666666666664
NM_001178677.1	16	19	31	37	65	68	92	97	112	59.666666666666664
NM_001180809.1	11	33	32	37	53	65	90	102	115	59.77777777777778
NM_001178784.1	14	29	47	55	56	75	78	88	97	59.888888888888886
NM_001179118.1	11	22	31	50	61	70	87	99	108	59.888888888888886
NM_001178833.1	13	24	40	59	63	75	79	90	96	59.888888888888886
NM_001181368.3	10	29	28	54	62	69	93	99	95	59.888888888888886
NM_001182731.1	11	29	33	45	58	81	80	86	116	59.888888888888886
NM_001180506.1	9	21	43	51	58	80	75	95	108	60.0
NM_001184271.1	11	26	25	49	63	92	84	86	104	60.0
NM_001182794.1	13	28	35	38	56	73	87	101	110	60.111111111111114
NM_001180489.1	16	19	28	44	71	73	86	102	102	60.111111111111114
NM_001178261.1	20	31	33	40	64	67	77	99	110	60.111111111111114
NM_001184481.1	15	19	28	44	65	74	84	95	118	60.22222222222222
NM_001179994.1	7	22	41	49	58	82	79	91	114	60.333333333333336
NM_001180470.3	9	23	38	49	52	71	88	89	124	60.333333333333336
NM_001183954.1	6	19	45	44	50	74	92	97	118	60.55555555555556
NM_001184672.1	14	23	37	45	71	67	74	102	112	60.55555555555556
NM_001180727.3	9	23	28	52	72	76	83	99	104	60.666666666666664
NM_001178742.1	14	23	37	59	61	72	84	93	103	60.666666666666664
NM_001182125.1	14	29	34	41	63	79	72	104	110	60.666666666666664
NM_001182533.1	12	28	36	55	50	90	60	90	126	60.77777777777778
NM_001183986.1	13	24	47	42	48	72	89	111	101	60.77777777777778
NM_001183237.1	9	17	35	52	64	88	90	84	109	60.888888888888886
NM_001179755.1	10	16	37	56	60	78	82	94	117	61.111111111111114
NM_001184306.2	7	21	36	47	60	72	93	94	120	61.111111111111114
NM_001182859.1	8	30	41	47	70	65	91	89	110	61.22222222222222
NM_001183288.1	16	17	39	54	55	80	82	98	111	61.333333333333336
NM_001179742.1	10	25	45	57	60	68	71	102	114	61.333333333333336
NM_001181308.1	13	31	37	43	55	75	83	101	114	61.333333333333336
NM_001180614.1	16	17	36	43	57	80	84	114	105	61.333333333333336
NM_001183217.3	11	21	45	52	55	73	78	100	118	61.44444444444444
NM_001180883.1	4	27	36	48	59	74	94	104	108	61.55555555555556
NM_001178779.1	12	32	37	48	64	76	95	102	89	61.666666666666664
NM_001178453.1	12	27	33	50	49	84	85	104	112	61.77777777777778
NM_001179540.1	13	23	30	49	66	65	88	108	115	61.888888888888886
NM_001178199.2	10	33	35	46	68	75	84	93	113	61.888888888888886
NM_001184401.1	7	31	37	49	69	77	92	93	103	62.0
NM_001182515.1	15	24	42	53	59	73	95	94	104	62.111111111111114
NM_001182562.1	19	26	40	54	57	77	81	90	116	62.22222222222222
NM_001181482.3	15	25	32	61	59	78	86	96	109	62.333333333333336
NM_001179088.1	13	24	38	44	55	81	86	102	118	62.333333333333336
NM_001182212.1	12	25	26	55	78	78	82	89	116	62.333333333333336
NM_001182361.1	8	26	40	47	65	67	81	92	135	62.333333333333336
NM_001178601.1	12	21	48	44	66	69	90	97	116	62.55555555555556
NM_001181352.1	8	21	36	47	66	77	83	95	130	62.55555555555556
NM_001179937.1	13	20	42	56	64	68	81	111	109	62.666666666666664
NM_001182126.1	12	31	27	48	68	74	88	100	117	62.77777777777778
NM_001178644.1	11	24	38	54	61	78	89	102	108	62.77777777777778
NM_001180067.3	15	27	45	53	66	70	85	100	104	62.77777777777778
NM_001180367.1	12	31	42	46	67	75	84	104	104	62.77777777777778
NM_001178250.1	13	24	36	44	61	77	93	101	118	63.0
NM_001182205.1	11	23	33	44	70	87	89	94	116	63.0
NM_001179835.1	9	25	29	64	71	71	89	101	109	63.111111111111114
NM_001182935.3	14	31	38	49	61	73	94	108	101	63.22222222222222
NM_001178624.3	10	17	63	47	70	66	92	102	102	63.22222222222222
NM_001178193.1	9	26	29	48	78	80	97	99	103	63.22222222222222
NM_001181755.3	10	23	41	54	58	91	86	104	102	63.22222222222222
NM_001181279.1	9	25	33	48	76	72	85	102	120	63.333333333333336
NM_001183903.1	11	13	27	59	74	75	91	108	113	63.44444444444444
NM_001178433.3	9	31	38	46	63	81	100	102	101	63.44444444444444
NM_001181758.3	13	31	33	50	76	77	87	94	112	63.666666666666664
NM_001178589.1	10	32	41	56	64	72	92	98	108	63.666666666666664
NM_001183854.1	14	26	35	58	72	74	84	96	115	63.77777777777778
NM_001183502.1	14	20	45	49	65	70	91	109	111	63.77777777777778
NM_001181741.1	9	31	32	53	69	91	97	89	103	63.77777777777778
NM_001183642.3	15	29	35	53	62	87	88	94	111	63.77777777777778
NM_001181175.3	7	24	39	59	60	63	93	106	124	63.888888888888886
NM_001180169.1	16	28	37	50	55	77	93	110	109	63.888888888888886
NM_001183279.1	14	20	49	52	64	63	85	109	119	63.888888888888886
NM_001179147.1	13	22	25	49	64	77	101	106	119	64.0
NM_001181157.3	10	30	35	40	66	84	101	101	110	64.11111111111111
NM_001184449.1	14	21	31	44	65	85	100	106	112	64.22222222222223
NM_001181206.1	10	27	44	52	59	87	80	103	117	64.33333333333333
NM_001181251.3	9	35	32	41	71	83	93	104	112	64.44444444444444
NM_001182459.1	9	24	38	49	73	76	89	113	109	64.44444444444444
NM_001181986.1	10	30	43	46	60	64	95	105	127	64.44444444444444
NM_001179322.3	14	30	31	48	67	65	94	105	126	64.44444444444444
NM_001183573.1	14	19	38	65	67	76	89	96	116	64.44444444444444
NM_001183878.1	19	30	36	50	59	84	98	91	113	64.44444444444444
NM_001180944.1	17	30	45	47	62	82	92	89	117	64.55555555555556
NM_001178467.1	8	21	35	63	68	91	85	100	110	64.55555555555556
NM_001183913.1	14	34	42	37	58	80	101	96	119	64.55555555555556
NM_001182348.3	6	23	39	44	71	79	97	112	110	64.55555555555556
NM_001178610.3	15	23	46	50	51	94	87	97	118	64.55555555555556
NM_001182605.1	8	25	38	49	67	73	94	106	121	64.55555555555556
NM_001180781.3	11	28	36	44	67	72	90	116	118	64.66666666666667
NM_001179298.1	13	26	34	42	72	69	99	108	119	64.66666666666667
NM_001178792.1	14	20	39	55	62	77	93	107	116	64.77777777777777
NM_001181570.1	15	28	32	59	78	69	82	104	118	65.0
NM_001182305.3	16	25	39	48	57	81	114	99	106	65.0
NM_001179499.1	10	31	43	49	67	81	95	109	101	65.11111111111111
NM_001183965.1	11	38	43	48	68	82	102	86	109	65.22222222222223
NM_001179030.3	10	26	40	41	66	76	87	114	127	65.22222222222223
NM_001180182.1	16	30	37	48	57	79	101	88	131	65.22222222222223
NM_001182474.1	8	34	56	54	54	71	78	112	121	65.33333333333333
NM_001181114.1	15	18	44	45	69	84	76	108	129	65.33333333333333
NM_001183566.3	13	26	50	49	63	76	90	103	119	65.44444444444444
NM_001183133.1	16	24	49	49	65	82	85	108	111	65.44444444444444
NM_001179674.1	8	26	37	47	71	83	85	110	122	65.44444444444444
NM_001182911.1	17	28	32	51	61	88	80	106	129	65.77777777777777
NM_001184179.1	13	28	43	63	74	73	79	102	117	65.77777777777777
NM_001182652.1	13	32	32	52	73	66	106	114	104	65.77777777777777
NM_001182234.1	6	34	47	46	71	78	89	99	122	65.77777777777777
NM_001179810.1	10	27	35	64	76	76	88	95	122	65.88888888888889
NM_001182178.1	15	19	39	38	74	74	102	112	120	65.88888888888889
NM_001182279.3	10	29	39	60	61	88	82	109	116	66.0
NM_001183882.1	13	23	29	45	69	74	83	111	147	66.0
NM_001184402.2	7	34	39	52	73	83	98	96	112	66.0
NM_001184679.1	17	31	35	50	73	81	89	110	110	66.22222222222223
NM_001181392.3	10	22	35	60	76	65	93	108	127	66.22222222222223
NM_001180683.1	11	19	45	44	70	88	95	105	120	66.33333333333333
NM_001182741.1	14	25	39	44	79	90	89	109	108	66.33333333333333
NM_001182781.1	21	26	43	57	70	76	90	117	99	66.55555555555556
NM_001178149.1	13	20	44	44	64	91	109	98	117	66.66666666666667
NM_001178681.1	11	31	35	52	74	78	90	114	115	66.66666666666667
NM_001180744.1	16	22	31	48	66	86	93	107	131	66.66666666666667
NM_001181437.1	17	22	37	54	70	77	96	98	131	66.88888888888889
NM_001179168.1	9	26	39	50	68	88	88	110	124	66.88888888888889
NM_001183298.1	18	27	37	43	71	83	95	109	121	67.11111111111111
NM_001183918.1	16	37	35	53	57	78	90	121	117	67.11111111111111
NM_001178585.1	11	31	50	47	71	77	104	103	110	67.11111111111111
NM_001178489.2	13	23	35	48	70	70	93	122	130	67.11111111111111
NM_001182682.1	10	30	36	62	55	81	97	120	114	67.22222222222223
NM_001181560.1	14	27	44	49	66	65	100	116	124	67.22222222222223
NM_001178545.1	13	29	38	52	82	81	99	101	111	67.33333333333333
NM_001184033.1	12	29	41	59	54	78	98	104	131	67.33333333333333
NM_001184043.1	12	34	31	55	63	87	99	114	111	67.33333333333333
NM_001180321.3	12	22	35	53	64	97	101	102	121	67.44444444444444
NM_001178536.3	18	17	38	56	70	91	90	106	121	67.44444444444444
NM_001182705.1	16	22	40	50	63	79	106	111	120	67.44444444444444
NM_001183852.1	20	36	39	44	53	84	120	95	116	67.44444444444444
NM_001180438.1	14	33	34	58	73	91	88	108	109	67.55555555555556
NM_001178370.1	13	29	38	48	67	73	90	119	131	67.55555555555556
NM_001183911.1	13	27	41	46	83	77	97	104	121	67.66666666666667
NM_001178177.1	17	31	44	50	74	61	95	105	133	67.77777777777777
NM_001181692.1	22	24	36	57	59	95	92	100	125	67.77777777777777
NM_001179329.1	17	21	34	50	70	79	111	109	120	67.88888888888889
NM_001181929.1	15	26	32	57	70	81	93	98	139	67.88888888888889
NM_001180491.3	14	20	50	55	69	84	94	106	120	68.0
NM_001181231.3	12	21	41	49	79	79	94	115	122	68.0
NM_001183530.3	7	31	43	52	63	88	76	128	125	68.11111111111111
NM_001181120.1	12	25	47	54	72	69	102	111	121	68.11111111111111
NM_001182186.1	13	25	36	51	68	73	113	115	120	68.22222222222223
NM_001183964.1	12	31	50	54	65	79	103	103	117	68.22222222222223
NM_001182842.3	19	33	41	51	65	82	93	109	121	68.22222222222223
NM_001180714.1	17	21	45	51	62	81	99	104	134	68.22222222222223
NM_001183455.1	13	27	42	47	72	72	110	100	131	68.22222222222223
NM_001183113.1	15	25	37	61	72	72	98	109	126	68.33333333333333
NM_001180912.1	15	20	46	60	83	75	100	103	113	68.33333333333333
NM_001184659.3	14	29	42	58	68	87	95	96	126	68.33333333333333
NM_001178324.2	8	33	44	38	69	82	103	109	129	68.33333333333333
NM_001178559.3	15	19	45	61	68	72	87	118	130	68.33333333333333
NM_001183392.2	10	34	39	54	58	81	106	110	124	68.44444444444444
NM_001180072.3	14	28	45	50	64	82	93	116	125	68.55555555555556
NM_001179072.3	10	25	35	66	68	85	105	110	114	68.66666666666667
NM_001179764.2	17	27	39	51	64	82	93	108	137	68.66666666666667
NM_001183142.1	15	33	34	55	60	80	89	126	127	68.77777777777777
NM_001182751.1	16	24	34	59	64	87	100	108	127	68.77777777777777
NM_001181858.1	12	25	39	59	72	92	99	96	125	68.77777777777777
NM_001180672.3	20	32	34	56	72	82	104	99	120	68.77777777777777
NM_001179734.1	10	15	46	64	63	71	108	107	135	68.77777777777777
NM_001178176.1	16	24	39	50	66	79	102	117	126	68.77777777777777
NM_001181332.1	13	36	35	61	62	74	93	124	122	68.88888888888889
NM_001182008.1	14	34	41	56	68	85	96	97	129	68.88888888888889
NM_001183309.1	14	25	44	52	66	75	90	117	137	68.88888888888889
NM_001182360.1	16	20	47	60	67	81	102	100	128	69.0
NM_001181769.1	19	29	35	50	65	69	96	117	142	69.11111111111111
NM_001178952.2	16	33	42	56	72	91	100	94	118	69.11111111111111
NM_001183204.1	18	30	39	59	71	79	94	109	123	69.11111111111111
NM_001181045.1	12	28	41	63	63	85	101	108	121	69.11111111111111
NM_001184237.1	15	24	33	49	73	80	107	103	138	69.11111111111111
NM_001183825.1	14	34	40	48	61	88	94	112	134	69.44444444444444
NM_001181376.1	9	25	45	43	67	86	108	114	129	69.55555555555556
NM_001178346.2	9	23	38	59	73	98	87	120	119	69.55555555555556
NM_001184061.1	15	30	41	57	74	87	92	113	118	69.66666666666667
NM_001178737.1	14	25	48	51	82	81	91	104	131	69.66666666666667
NM_001182241.1	11	20	44	63	74	88	81	108	138	69.66666666666667
NM_001181725.1	18	31	50	52	63	92	78	116	127	69.66666666666667
NM_001181693.1	11	22	51	61	68	83	114	103	115	69.77777777777777
NM_001178504.3	12	33	38	58	67	75	105	102	138	69.77777777777777
NM_001184530.1	14	33	38	66	68	73	98	109	130	69.88888888888889
NM_001183149.1	13	33	46	49	74	85	95	114	121	70.0
NM_001179381.1	14	32	40	58	66	83	104	106	127	70.0
NM_001181249.1	14	31	29	56	63	94	92	110	141	70.0
NM_001181994.1	12	33	33	53	65	83	94	129	128	70.0
NM_001180990.1	15	23	40	68	60	86	99	113	126	70.0
NM_001181499.3	19	31	34	63	63	101	91	104	125	70.11111111111111
NM_001182886.3	16	33	46	49	76	81	97	106	128	70.22222222222223
NM_001182545.1	17	28	39	45	69	85	104	113	132	70.22222222222223
NM_001181827.1	11	39	38	50	66	86	99	124	121	70.44444444444444
NM_001183296.1	10	17	48	51	79	88	103	107	131	70.44444444444444
NM_001180568.1	14	19	43	55	63	90	105	109	136	70.44444444444444
NM_001180801.1	13	23	42	49	65	84	106	131	121	70.44444444444444
NM_001181164.1	11	29	48	47	70	71	98	120	141	70.55555555555556
NM_001178354.1	14	28	37	47	68	79	116	114	132	70.55555555555556
NM_001181278.1	13	23	36	56	82	90	93	118	124	70.55555555555556
NM_001183187.3	15	30	47	57	66	85	95	108	132	70.55555555555556
NM_001181205.1	10	29	45	59	61	95	94	115	128	70.66666666666667
NM_001180396.3	19	34	44	51	66	90	98	110	124	70.66666666666667
NM_001179226.1	11	22	50	55	62	79	100	120	137	70.66666666666667
NM_001178486.2	17	21	39	55	67	89	105	112	132	70.77777777777777
NM_001178639.1	13	35	32	52	73	88	102	113	130	70.88888888888889
NM_001182148.1	9	34	39	53	79	81	91	114	138	70.88888888888889
NM_001184469.3	14	23	38	64	77	82	103	108	129	70.88888888888889
NM_001182102.1	15	26	49	51	76	103	89	102	128	71.0
NM_001182735.1	10	21	31	59	69	93	92	116	148	71.0
NM_001183883.1	15	26	49	56	68	92	103	107	124	71.11111111111111
NM_001183523.1	16	23	47	59	74	86	92	111	134	71.33333333333333
NM_001182435.1	17	33	41	48	71	92	98	118	125	71.44444444444444
NM_001182963.1	15	30	56	57	58	77	96	125	129	71.44444444444444
NM_001183593.3	16	33	38	48	65	98	105	120	121	71.55555555555556
NM_001181407.3	13	36	33	59	73	88	103	110	129	71.55555555555556
NM_001184055.1	19	24	50	56	59	81	107	101	148	71.66666666666667
NM_001179220.1	8	29	39	52	73	82	117	113	133	71.77777777777777
NM_001181710.1	11	26	41	63	70	103	96	119	117	71.77777777777777
NM_001178347.1	14	18	30	70	72	91	103	114	134	71.77777777777777
NM_001179432.1	12	29	46	64	71	82	94	119	130	71.88888888888889
NM_001184118.1	17	29	48	57	73	75	107	118	123	71.88888888888889
NM_001183840.1	23	25	42	51	78	89	110	98	131	71.88888888888889
NM_001182271.3	18	36	35	68	69	83	94	121	124	72.0
NM_001180290.1	10	33	56	60	54	84	106	112	133	72.0
NM_001178827.1	20	26	41	53	63	78	109	116	142	72.0
NM_001183726.4	16	23	55	54	80	86	95	107	133	72.11111111111111
NM_001180811.3	18	22	45	55	74	76	106	119	134	72.11111111111111
NM_001181716.1	16	36	38	57	71	87	113	115	116	72.11111111111111
NM_001181545.2	17	33	48	55	56	95	101	114	130	72.11111111111111
NM_001180828.3	18	25	38	74	71	83	94	108	138	72.11111111111111
NM_001183328.1	12	34	46	45	87	80	107	120	119	72.22222222222223
NM_001179853.3	13	25	36	45	74	91	109	116	141	72.22222222222223
NM_001183112.1	16	36	51	54	65	93	96	118	121	72.22222222222223
NM_001178329.1	21	22	41	54	82	87	90	112	142	72.33333333333333
NM_001178192.2	11	32	35	64	69	77	104	125	135	72.44444444444444
NM_001181228.3	15	22	47	65	72	88	92	112	140	72.55555555555556
NM_001180001.1	13	28	38	64	78	79	103	124	126	72.55555555555556
NM_001178505.3	15	30	43	69	73	89	102	121	111	72.55555555555556
NM_001181480.3	16	31	44	49	72	83	95	135	129	72.66666666666667
NM_001180539.1	11	29	47	71	63	95	93	113	132	72.66666666666667
NM_001181708.3	15	28	48	66	74	89	90	113	132	72.77777777777777
NM_001182671.1	10	29	38	61	68	87	100	124	139	72.88888888888889
NM_001182658.1	18	26	50	48	65	91	103	120	135	72.88888888888889
NM_001181711.3	10	26	35	51	89	83	113	127	122	72.88888888888889
NM_001180510.1	18	27	42	64	70	73	99	123	140	72.88888888888889
NM_001179618.1	13	25	40	60	73	89	109	116	131	72.88888888888889
NM_001178378.1	13	25	39	64	66	87	98	118	148	73.11111111111111
NM_001178622.1	15	31	55	58	66	83	101	113	137	73.22222222222223
NM_001179498.1	11	25	39	56	74	92	100	122	140	73.22222222222223
NM_001183881.1	16	26	36	48	74	87	102	130	141	73.33333333333333
NM_001181028.1	17	37	42	68	66	88	103	116	123	73.33333333333333
NM_001182373.1	11	29	51	57	69	84	113	105	142	73.44444444444444
NM_001178605.1	18	27	44	50	86	80	104	119	133	73.44444444444444
NM_001183329.2	18	29	36	62	72	95	98	118	134	73.55555555555556
NM_001183697.1	15	37	46	67	71	91	96	112	127	73.55555555555556
NM_001183934.1	12	23	48	56	81	84	106	113	139	73.55555555555556
NM_001184529.1	18	37	40	64	60	81	115	123	124	73.55555555555556
NM_001183336.1	10	24	48	67	70	85	110	114	135	73.66666666666667
NM_001182458.1	21	38	40	53	69	102	92	114	135	73.77777777777777
NM_001180613.1	20	37	45	51	62	96	98	125	130	73.77777777777777
NM_001181923.1	18	24	45	56	84	82	96	114	145	73.77777777777777
NM_001183201.3	11	25	43	60	71	95	97	129	133	73.77777777777777
NM_001180929.1	9	23	58	53	63	98	117	107	137	73.88888888888889
NM_001178951.3	15	26	45	54	66	83	105	120	151	73.88888888888889
NM_001180216.1	10	25	35	57	81	81	124	118	134	73.88888888888889
NM_001181050.1	16	38	45	62	71	90	102	123	118	73.88888888888889
NM_001182517.1	21	33	36	57	79	87	94	119	139	73.88888888888889
NM_001180788.1	17	28	55	61	79	78	104	113	130	73.88888888888889
NM_001181103.1	9	35	44	63	73	83	106	112	141	74.0
NM_001178573.1	20	30	47	59	60	82	106	105	158	74.11111111111111
NM_001181397.3	16	28	59	61	64	79	114	115	131	74.11111111111111
NM_001179115.1	21	31	34	64	66	90	103	128	130	74.11111111111111
NM_001183641.1	19	19	43	70	78	81	110	111	136	74.11111111111111
NM_001179396.1	9	30	46	63	86	86	100	121	127	74.22222222222223
NM_001180301.1	25	29	49	51	58	89	90	131	146	74.22222222222223
NM_001178484.3	16	31	44	56	77	80	105	126	133	74.22222222222223
NM_001178801.1	17	24	53	64	74	82	103	109	142	74.22222222222223
NM_001183834.1	11	28	33	55	76	89	103	130	143	74.22222222222223
NM_001183088.1	20	29	41	49	79	96	106	122	126	74.22222222222223
NM_001183167.1	14	27	35	60	77	95	115	104	141	74.22222222222223
NM_001183917.1	15	28	48	63	71	88	108	116	131	74.22222222222223
NM_001183889.1	18	23	47	57	75	84	109	120	135	74.22222222222223
NM_001184275.1	20	29	45	73	64	94	103	116	125	74.33333333333333
NM_001183271.1	17	39	44	53	79	87	105	122	123	74.33333333333333
NM_001182399.1	13	28	47	61	77	89	94	123	137	74.33333333333333
NM_001181093.1	12	34	40	60	77	87	110	116	134	74.44444444444444
NM_001184114.1	10	27	46	51	73	87	104	128	145	74.55555555555556
NM_001182668.1	22	37	39	64	70	84	111	121	123	74.55555555555556
NM_001184252.1	12	27	45	58	75	91	109	119	136	74.66666666666667
NM_001178984.1	10	34	55	55	63	100	100	127	129	74.77777777777777
NM_001182097.1	11	26	38	68	74	85	107	139	125	74.77777777777777
NM_001180870.1	22	41	45	56	85	82	102	104	136	74.77777777777777
NM_001181077.1	17	28	49	62	64	104	99	118	132	74.77777777777777
NM_001179411.1	19	37	47	58	74	94	98	117	129	74.77777777777777
NM_001178785.1	14	31	44	65	66	85	101	119	149	74.88888888888889
NM_001183056.1	18	29	44	59	70	87	119	110	141	75.22222222222223
NM_001183598.1	17	30	51	44	80	79	93	146	137	75.22222222222223
NM_001183744.3	16	21	46	56	70	83	120	131	134	75.22222222222223
NM_001178498.1	11	30	41	64	77	84	112	119	140	75.33333333333333
NM_001183354.1	21	35	56	54	68	95	100	118	131	75.33333333333333
NM_001183326.1	17	25	50	76	77	81	116	118	119	75.44444444444444
NM_001183879.1	14	28	40	58	80	102	100	119	139	75.55555555555556
NM_001184191.1	12	40	41	62	70	92	105	110	148	75.55555555555556
NM_001180819.3	14	29	36	62	75	90	111	122	141	75.55555555555556
NM_001183436.1	11	34	44	65	62	91	106	128	139	75.55555555555556
NM_001182577.1	22	22	46	43	82	92	98	139	137	75.66666666666667
NM_001178992.1	18	29	41	61	70	91	104	125	143	75.77777777777777
NM_001181220.1	11	24	50	65	85	77	105	119	147	75.88888888888889
NM_001184536.1	9	29	34	63	74	101	104	129	140	75.88888888888889
NM_001178169.1	16	33	49	59	66	91	119	116	134	75.88888888888889
NM_001181927.1	14	30	56	68	80	89	102	111	133	75.88888888888889
NM_001179817.3	16	37	44	60	77	82	101	120	146	75.88888888888889
NM_001181714.3	12	36	43	54	85	97	100	124	133	76.0
NM_001178523.1	17	31	45	57	65	110	110	121	129	76.11111111111111
NM_001180646.1	16	28	41	47	83	98	114	135	124	76.22222222222223
NM_001184212.1	14	29	47	56	69	96	112	118	145	76.22222222222223
NM_001178579.3	17	26	37	58	78	105	106	134	125	76.22222222222223
NM_001182495.1	12	32	50	59	98	76	106	119	135	76.33333333333333
NM_001181613.1	22	28	46	67	68	93	108	114	141	76.33333333333333
NM_001178978.1	14	21	45	52	75	90	118	129	144	76.44444444444444
NM_001182026.1	14	40	54	65	72	90	97	126	130	76.44444444444444
NM_001178970.1	18	31	47	65	65	92	107	125	139	76.55555555555556
NM_001181505.1	22	44	36	69	71	96	112	111	128	76.55555555555556
NM_001181345.1	16	38	39	61	80	91	102	118	145	76.66666666666667
NM_001178439.1	17	19	43	65	78	100	115	113	140	76.66666666666667
NM_001178543.1	19	26	47	69	79	102	105	112	132	76.77777777777777
NM_001179641.1	17	36	44	55	74	86	120	130	129	76.77777777777777
NM_001183389.1	8	33	53	56	73	90	111	123	144	76.77777777777777
NM_001182571.1	16	33	49	58	85	96	97	129	128	76.77777777777777
NM_001182997.1	14	26	51	56	78	80	115	148	124	76.88888888888889
NM_001179282.1	12	30	48	53	82	97	110	118	142	76.88888888888889
NM_001183131.1	14	33	46	73	74	85	100	127	140	76.88888888888889
NM_001179599.1	11	39	37	56	78	101	105	119	146	76.88888888888889
NM_001181626.1	14	36	51	58	94	83	116	108	133	77.0
NM_001180324.3	17	33	47	53	75	96	100	131	142	77.11111111111111
NM_001178217.1	19	34	46	77	75	93	97	125	128	77.11111111111111
NM_001182598.1	17	35	54	59	73	82	109	119	146	77.11111111111111
NM_001178558.1	13	34	42	64	72	105	105	131	129	77.22222222222223
NM_001184027.1	20	28	39	58	78	91	111	128	143	77.33333333333333
NM_001178962.3	11	35	50	63	81	105	103	116	134	77.55555555555556
NM_001183575.1	12	31	44	63	83	103	109	107	146	77.55555555555556
NM_001180548.1	15	31	47	60	76	89	108	123	149	77.55555555555556
NM_001180743.1	14	27	52	59	68	95	111	130	142	77.55555555555556
NM_001180192.1	22	29	44	55	66	99	118	118	148	77.66666666666667
NM_001184313.1	22	27	51	65	70	86	116	118	144	77.66666666666667
NM_001184685.1	19	27	42	49	81	90	126	129	136	77.66666666666667
NM_001179191.1	14	42	51	68	68	92	98	124	142	77.66666666666667
NM_001179581.1	15	27	46	67	77	87	111	134	136	77.77777777777777
NM_001182272.1	18	35	43	62	81	89	112	125	135	77.77777777777777
NM_001179231.1	13	33	40	60	81	88	131	118	137	77.88888888888889
NM_001184176.1	15	34	53	64	77	95	115	117	131	77.88888888888889
NM_001180797.3	21	25	51	50	96	84	104	129	141	77.88888888888889
NM_001181464.3	15	36	40	50	78	91	115	122	154	77.88888888888889
NM_001178418.1	12	24	47	58	88	91	93	132	158	78.11111111111111
NM_001180544.1	15	30	38	63	73	91	123	136	134	78.11111111111111
NM_001184461.1	20	26	42	62	80	98	109	124	142	78.11111111111111
NM_001183320.1	19	31	45	66	77	89	125	112	140	78.22222222222223
NM_001183976.1	15	41	53	69	75	91	112	123	125	78.22222222222223
NM_001184276.1	13	31	56	62	66	108	113	112	143	78.22222222222223
NM_001180293.1	21	29	49	74	70	84	113	132	133	78.33333333333333
NM_001178968.1	11	35	46	66	88	93	114	124	130	78.55555555555556
NM_001179034.3	14	35	48	64	75	99	95	126	152	78.66666666666667
NM_001181169.3	13	23	41	74	69	99	115	136	138	78.66666666666667
NM_001178821.1	14	33	53	60	83	90	106	131	138	78.66666666666667
NM_001182747.1	19	27	42	82	73	85	99	136	145	78.66666666666667
NM_001181908.1	9	43	47	57	74	96	124	119	139	78.66666666666667
NM_001182918.1	11	27	48	58	80	95	110	130	150	78.77777777777777
NM_001180311.3	13	36	44	57	88	86	112	135	139	78.88888888888889
NM_001179352.3	18	34	47	75	79	83	113	126	135	78.88888888888889
NM_001178420.1	18	46	52	66	79	82	104	121	142	78.88888888888889
NM_001178771.1	14	21	45	57	90	92	119	132	140	78.88888888888889
NM_001179507.1	24	31	47	68	77	107	106	117	133	78.88888888888889
NM_001178684.1	20	36	53	67	86	104	101	110	134	79.0
NM_001184100.1	16	27	50	61	74	87	116	142	138	79.0
NM_001183563.3	14	42	48	62	70	91	120	127	138	79.11111111111111
NM_001179170.1	19	19	47	77	72	101	108	132	138	79.22222222222223
NM_001182462.1	20	42	45	60	81	92	124	117	133	79.33333333333333
NM_001183694.1	16	36	55	54	85	90	93	145	141	79.44444444444444
NM_001180918.1	17	37	61	48	93	82	110	135	132	79.44444444444444
NM_001183757.3	24	35	50	64	81	92	113	115	141	79.44444444444444
NM_001178513.1	13	34	49	69	79	86	106	136	143	79.44444444444444
NM_001180241.1	12	39	58	67	66	94	111	118	150	79.44444444444444
NM_001182646.1	15	32	45	68	70	103	98	114	170	79.44444444444444
NM_001179455.1	15	33	37	69	78	98	118	124	143	79.44444444444444
NM_001182990.1	11	23	52	75	72	104	122	128	129	79.55555555555556
NM_001180869.3	9	37	35	68	77	102	114	129	145	79.55555555555556
NM_001181990.1	15	43	50	74	64	91	120	117	142	79.55555555555556
NM_001180868.1	17	28	40	75	89	91	106	120	151	79.66666666666667
NM_001181636.1	15	34	51	66	78	93	121	117	142	79.66666666666667
NM_001180700.1	16	42	48	65	67	93	99	137	150	79.66666666666667
NM_001179784.1	15	37	51	44	84	107	109	139	131	79.66666666666667
NM_001179503.1	19	38	41	63	90	91	114	127	135	79.77777777777777
NM_001181200.3	11	28	44	75	80	95	112	130	144	79.88888888888889
NM_001179189.1	15	31	49	59	68	101	110	140	147	80.0
NM_001181159.1	12	35	50	58	86	97	110	127	145	80.0
NM_001178705.1	9	39	46	71	77	104	105	126	144	80.11111111111111
NM_001179921.1	18	29	60	66	85	92	109	121	141	80.11111111111111
NM_001179506.3	15	30	42	64	78	91	111	142	149	80.22222222222223
NM_001181972.1	17	37	49	63	85	85	120	125	141	80.22222222222223
NM_001178541.3	16	37	40	76	71	93	119	128	145	80.55555555555556
NM_001182696.1	20	27	48	63	89	92	116	123	148	80.66666666666667
NM_001179657.1	19	33	42	59	73	101	114	128	157	80.66666666666667
NM_001180509.3	18	45	47	51	82	101	116	123	143	80.66666666666667
NM_001180149.1	9	31	48	68	72	96	120	129	154	80.77777777777777
NM_001181031.3	17	32	41	67	93	82	107	129	161	81.0
NM_001181525.1	17	29	47	66	85	84	121	126	155	81.11111111111111
NM_001179945.1	26	28	48	63	72	103	104	136	151	81.22222222222223
NM_001179406.1	12	33	61	72	80	94	100	136	144	81.33333333333333
NM_001178552.2	11	36	50	66	77	84	129	132	149	81.55555555555556
NM_001183350.1	22	35	54	65	85	90	129	126	128	81.55555555555556
NM_001181295.1	18	29	46	67	84	108	108	133	142	81.66666666666667
NM_001182915.1	13	31	56	63	73	112	104	130	153	81.66666666666667
NM_001184528.1	21	26	52	68	79	102	100	132	156	81.77777777777777
NM_001183323.1	16	32	50	77	72	99	118	130	143	81.88888888888889
NM_001178863.1	18	32	53	63	88	103	102	132	146	81.88888888888889
NM_001182558.1	14	28	59	68	96	85	123	125	139	81.88888888888889
NM_001179227.1	15	32	42	71	90	106	105	125	152	82.0
NM_001180095.1	19	30	55	58	77	104	110	138	148	82.11111111111111
NM_001182524.1	20	30	55	71	78	88	111	125	161	82.11111111111111
NM_001180576.1	14	37	42	52	88	103	123	129	151	82.11111111111111
NM_001182697.1	17	32	50	73	76	91	106	137	157	82.11111111111111
NM_001184204.1	19	38	50	65	78	102	120	136	132	82.22222222222223
NM_001179250.1	18	30	48	63	80	117	115	126	143	82.22222222222223
NM_001184146.1	17	29	46	63	81	101	104	143	156	82.22222222222223
NM_001183715.1	11	26	44	69	88	103	122	128	150	82.33333333333333
NM_001182673.1	16	24	50	61	85	108	112	142	143	82.33333333333333
NM_001180748.1	14	34	57	71	83	81	106	141	155	82.44444444444444
NM_001183836.1	17	44	48	68	79	103	115	126	143	82.55555555555556
NM_001181974.1	16	25	56	61	80	105	131	120	150	82.66666666666667
NM_001180543.1	12	31	52	64	91	106	117	124	147	82.66666666666667
NM_001184217.1	16	24	48	65	68	102	120	143	158	82.66666666666667
NM_001178413.3	14	28	52	65	90	108	108	124	157	82.88888888888889
NM_001181740.1	10	32	51	71	87	96	116	144	139	82.88888888888889
NM_001181893.1	14	41	49	56	74	113	116	131	152	82.88888888888889
NM_001180722.4	13	47	50	64	79	94	116	139	145	83.0
NM_001182717.1	15	35	47	58	79	106	115	126	167	83.11111111111111
NM_001183262.1	13	28	61	71	82	106	115	118	155	83.22222222222223
NM_001180991.3	20	35	44	61	78	107	101	153	150	83.22222222222223
NM_001181137.1	16	36	50	59	81	106	118	137	147	83.33333333333333
NM_001183910.1	20	37	55	60	84	110	119	123	142	83.33333333333333
NM_001180148.1	17	38	46	73	80	107	114	131	145	83.44444444444444
NM_001180334.3	14	44	46	61	89	100	109	141	147	83.44444444444444
NM_001183693.3	19	32	47	62	85	106	115	141	146	83.66666666666667
NM_001184067.1	21	32	45	55	92	111	124	124	150	83.77777777777777
NM_001179589.4	23	28	51	61	89	104	125	129	145	83.88888888888889
NM_001184038.2	17	34	48	68	80	104	121	137	146	83.88888888888889
NM_001183973.1	12	27	55	69	80	106	115	136	155	83.88888888888889
NM_001182140.1	18	22	49	79	72	101	124	126	164	83.88888888888889
NM_001182600.1	20	32	48	74	73	106	125	131	147	84.0
NM_001180963.1	16	31	55	70	81	90	118	132	163	84.0
NM_001180556.1	12	30	57	75	74	99	119	134	157	84.11111111111111
NM_001184010.1	13	31	58	63	92	93	110	138	159	84.11111111111111
NM_001178210.1	12	24	55	60	77	107	117	135	171	84.22222222222223
NM_001183322.1	18	32	47	74	88	87	130	142	140	84.22222222222223
NM_001179721.1	19	36	46	71	82	90	104	152	159	84.33333333333333
NM_001179161.1	22	24	51	68	75	110	128	132	149	84.33333333333333
NM_001179845.3	17	35	49	83	78	98	112	140	148	84.44444444444444
NM_001180599.3	16	45	53	72	69	92	130	134	149	84.44444444444444
NM_001183967.1	14	43	61	67	67	96	126	138	148	84.44444444444444
NM_001178612.1	18	31	50	82	83	107	112	140	138	84.55555555555556
NM_001181029.1	22	42	54	67	78	102	117	134	146	84.66666666666667
NM_001180089.1	12	34	59	75	79	106	123	136	138	84.66666666666667
NM_001178716.1	13	35	61	78	97	88	116	127	148	84.77777777777777
NM_001182612.1	12	37	60	69	89	86	110	146	154	84.77777777777777
NM_001178326.1	15	38	52	64	75	103	132	138	147	84.88888888888889
NM_001183282.1	21	31	49	69	74	108	116	133	163	84.88888888888889
NM_001183010.4	21	19	56	79	72	124	111	153	130	85.0
NM_001181720.3	14	39	34	73	86	90	126	142	161	85.0
NM_001182945.3	20	28	49	82	82	102	123	125	155	85.11111111111111
NM_001178692.1	10	35	44	67	72	107	116	145	170	85.11111111111111
NM_001178925.1	15	35	56	69	77	102	131	128	154	85.22222222222223
NM_001180670.1	13	18	57	75	86	104	124	136	156	85.44444444444444
NM_001182390.1	16	35	49	73	79	99	114	149	156	85.55555555555556
NM_001178200.1	17	42	59	67	79	104	130	124	149	85.66666666666667
NM_001180882.1	17	32	66	86	76	113	114	124	144	85.77777777777777
NM_001179638.1	14	41	56	80	81	101	117	129	153	85.77777777777777
NM_001183821.1	23	38	49	68	84	107	115	144	144	85.77777777777777
NM_001178696.1	14	47	41	52	90	107	125	142	154	85.77777777777777
NM_001179797.1	18	32	55	70	97	103	104	138	156	85.88888888888889
NM_001183400.1	24	31	53	68	97	93	118	141	149	86.0
NM_001179020.1	16	29	57	71	91	95	109	132	174	86.0
NM_001181024.1	17	38	49	58	87	103	124	147	152	86.11111111111111
NM_001183859.1	17	39	52	69	86	107	99	146	160	86.11111111111111
NM_001180508.3	19	28	52	65	87	103	118	132	172	86.22222222222223
NM_001183498.1	13	30	52	79	77	107	110	142	167	86.33333333333333
NM_001180104.1	16	40	50	69	83	107	111	143	160	86.55555555555556
NM_001179876.3	24	46	62	78	71	102	129	137	130	86.55555555555556
NM_001181746.3	17	28	58	78	88	112	123	122	154	86.66666666666667
NM_001180444.1	20	33	53	72	83	85	124	143	168	86.77777777777777
NM_001183091.1	11	33	52	77	82	97	122	152	155	86.77777777777777
NM_001181824.1	19	36	45	69	86	105	127	134	160	86.77777777777777
NM_001183099.1	21	28	58	74	87	95	108	147	164	86.88888888888889
NM_001178509.3	12	38	63	72	99	108	108	125	157	86.88888888888889
NM_001178355.2	20	37	53	79	86	93	139	117	158	86.88888888888889
NM_001181688.3	12	48	62	62	91	99	125	141	143	87.0
NM_001180803.3	14	39	52	79	88	104	119	141	147	87.0
NM_001179567.3	23	37	57	74	87	90	122	142	152	87.11111111111111
NM_001183490.1	19	34	58	58	96	100	124	144	151	87.11111111111111
NM_001181123.1	25	36	39	67	100	106	120	144	148	87.22222222222223
NM_001180595.3	14	29	52	65	88	116	113	134	175	87.33333333333333
NM_001181902.1	18	35	56	64	91	98	121	144	159	87.33333333333333
NM_001183544.1	15	36	52	77	89	105	120	138	154	87.33333333333333
NM_001181484.1	14	39	54	70	92	101	124	146	147	87.44444444444444
NM_001183002.1	13	30	49	77	92	130	116	140	140	87.44444444444444
NM_001182476.1	11	29	53	64	86	89	130	151	174	87.44444444444444
NM_001182162.1	18	38	51	70	82	98	134	142	156	87.66666666666667
NM_001179128.1	19	35	60	70	83	80	124	150	169	87.77777777777777
NM_001183525.1	20	46	47	72	68	111	137	140	149	87.77777777777777
NM_001178926.3	9	38	49	64	86	120	134	140	150	87.77777777777777
NM_001179353.1	17	53	47	76	71	111	124	135	158	88.0
NM_001182063.1	18	40	57	78	81	103	120	149	146	88.0
NM_001180554.3	25	51	44	69	75	113	124	130	161	88.0
NM_001180751.3	17	39	58	79	81	117	124	124	154	88.11111111111111
NM_001183958.1	22	42	45	67	85	113	109	148	162	88.11111111111111
NM_001178337.2	16	31	45	68	88	104	119	160	162	88.11111111111111
NM_001179417.1	21	33	52	76	84	106	110	149	162	88.11111111111111
NM_001182685.1	25	30	52	74	105	82	115	147	164	88.22222222222223
NM_001183226.3	18	27	62	79	82	111	128	134	153	88.22222222222223
NM_001183648.1	17	35	58	86	86	105	124	138	146	88.33333333333333
NM_001182760.1	21	24	49	65	84	119	121	147	165	88.33333333333333
NM_001180167.1	20	30	50	71	100	102	139	136	147	88.33333333333333
NM_001181562.1	9	46	49	76	101	96	112	154	153	88.44444444444444
NM_001180733.1	28	31	52	83	83	100	124	135	160	88.44444444444444
NM_001180383.1	18	34	47	70	88	106	124	151	160	88.66666666666667
NM_001181380.3	22	34	68	64	83	111	122	128	166	88.66666666666667
NM_001181774.1	11	37	56	63	85	114	114	155	163	88.66666666666667
NM_001180822.1	20	37	57	78	85	99	140	138	144	88.66666666666667
NM_001181242.3	11	23	70	89	93	103	129	121	161	88.88888888888889
NM_001183545.3	26	26	48	73	86	113	139	119	170	88.88888888888889
NM_001178451.1	21	39	52	59	96	90	128	149	168	89.11111111111111
NM_001179524.1	14	33	43	75	88	107	130	147	165	89.11111111111111
NM_001183966.1	14	32	54	68	88	118	143	126	159	89.11111111111111
NM_001178844.1	16	37	54	83	85	95	118	139	176	89.22222222222223
NM_001180447.3	22	38	51	69	95	99	126	145	158	89.22222222222223
NM_001178445.2	17	31	57	64	95	113	124	137	165	89.22222222222223
NM_001180524.3	15	29	57	74	99	112	115	144	159	89.33333333333333
NM_001180240.1	17	47	53	70	87	102	125	132	171	89.33333333333333
NM_001180867.1	16	36	49	68	90	117	118	153	158	89.44444444444444
NM_001184520.1	12	41	44	64	106	109	120	150	160	89.55555555555556
NM_001182394.1	18	40	48	69	94	109	116	143	169	89.55555555555556
NM_001184282.1	18	53	48	74	88	102	110	145	168	89.55555555555556
NM_001183975.1	17	34	49	77	92	120	134	151	133	89.66666666666667
NM_001179109.1	19	40	49	82	82	113	120	139	165	89.88888888888889
NM_001180416.3	16	42	53	69	100	108	125	133	164	90.0
NM_001182871.3	15	24	50	80	95	107	129	135	175	90.0
NM_001184081.1	12	40	48	82	88	113	128	149	151	90.11111111111111
NM_001184325.1	21	46	51	72	83	100	126	153	159	90.11111111111111
NM_001183897.1	15	34	52	62	89	110	110	164	175	90.11111111111111
NM_001181263.3	16	34	50	75	93	95	130	155	164	90.22222222222223
NM_001183657.1	19	29	42	82	97	111	122	139	171	90.22222222222223
NM_001178369.1	16	43	62	71	96	105	117	133	170	90.33333333333333
NM_001180132.1	24	38	66	65	99	96	121	146	158	90.33333333333333
NM_001183095.1	17	35	58	89	90	103	123	145	154	90.44444444444444
NM_001179295.1	22	39	75	82	84	102	118	142	150	90.44444444444444
NM_001181440.1	19	38	47	79	90	103	128	139	172	90.55555555555556
NM_001184484.1	19	30	50	73	93	107	148	135	161	90.66666666666667
NM_001182776.1	18	35	55	73	84	120	139	142	150	90.66666666666667
NM_001179335.3	24	33	56	68	85	111	122	149	168	90.66666666666667
NM_001182127.1	21	31	59	79	86	111	121	152	157	90.77777777777777
NM_001181299.1	13	31	53	81	95	121	105	155	163	90.77777777777777
NM_001181566.1	20	28	58	74	96	119	120	127	175	90.77777777777777
NM_001182756.1	15	49	60	74	76	108	132	142	161	90.77777777777777
NM_001183098.2	21	37	38	58	96	107	148	153	162	91.11111111111111
NM_001181165.3	21	30	43	74	103	113	126	158	152	91.11111111111111
NM_001184167.1	27	40	41	69	88	103	116	154	183	91.22222222222223
NM_001181579.1	19	44	58	82	81	113	114	139	171	91.22222222222223
NM_001179529.3	26	34	54	60	98	101	126	135	188	91.33333333333333
NM_001181498.1	17	39	63	72	82	107	132	150	160	91.33333333333333
NM_001179811.4	21	33	68	75	100	106	134	134	151	91.33333333333333
NM_001179248.1	14	37	58	68	73	123	134	157	159	91.44444444444444
NM_001183155.1	21	37	70	70	89	109	109	157	161	91.44444444444444
NM_001180329.3	15	38	52	70	97	107	122	152	170	91.44444444444444
NM_001181960.1	17	34	56	73	103	121	112	145	162	91.44444444444444
NM_001180007.1	15	38	56	62	102	103	129	149	169	91.44444444444444
NM_001180436.3	27	38	49	55	94	119	128	150	163	91.44444444444444
NM_001184192.1	18	40	73	77	81	105	130	143	158	91.66666666666667
NM_001182914.1	21	38	51	72	89	121	120	153	161	91.77777777777777
NM_001182509.1	18	30	54	71	109	97	133	154	160	91.77777777777777
NM_001183174.1	22	31	56	68	89	123	135	136	166	91.77777777777777
NM_001182245.1	23	39	60	75	100	92	141	118	179	91.88888888888889
NM_001184224.1	11	31	55	89	95	113	141	140	153	92.0
NM_001181233.3	17	38	55	80	97	105	124	158	155	92.11111111111111
NM_001180926.1	23	39	54	62	91	114	131	147	168	92.11111111111111
NM_001181238.3	20	36	54	76	89	105	137	148	165	92.22222222222223
NM_001178159.1	20	36	47	67	96	116	128	156	164	92.22222222222223
NM_001183257.1	14	44	55	66	101	103	123	160	164	92.22222222222223
NM_001184383.1	19	34	43	72	87	111	134	147	183	92.22222222222223
NM_001178184.1	17	38	51	76	102	111	133	144	158	92.22222222222223
NM_001183267.1	16	35	47	77	84	114	139	146	172	92.22222222222223
NM_001184384.2	19	34	43	72	87	111	134	147	183	92.22222222222223
NM_001181977.1	14	46	66	72	94	107	133	132	168	92.44444444444444
NM_001181132.1	17	37	52	64	93	110	120	179	162	92.66666666666667
NM_001182892.3	12	41	57	68	112	106	130	132	176	92.66666666666667
NM_001181955.1	13	28	54	75	106	122	125	140	171	92.66666666666667
NM_001179459.1	13	34	60	70	104	109	134	141	169	92.66666666666667
NM_001180398.1	15	35	53	70	89	111	129	161	173	92.88888888888889
NM_001182944.1	25	42	50	68	89	107	136	163	158	93.11111111111111
NM_001179103.1	19	33	68	72	99	96	131	138	182	93.11111111111111
NM_001179361.1	23	50	57	74	93	112	119	130	180	93.11111111111111
NM_001179655.1	13	38	65	73	96	111	121	140	182	93.22222222222223
NM_001179532.3	15	41	58	64	114	116	128	132	171	93.22222222222223
NM_001180313.1	17	44	57	66	99	110	122	166	158	93.22222222222223
NM_001179053.3	14	38	59	63	88	117	125	165	170	93.22222222222223
NM_001182720.1	13	33	65	80	86	119	127	142	175	93.33333333333333
NM_001182423.1	20	40	54	78	94	120	129	142	163	93.33333333333333
NM_001180806.3	17	42	65	66	96	134	132	125	164	93.44444444444444
NM_001184007.1	12	33	54	74	89	116	136	163	164	93.44444444444444
NM_001183620.3	14	41	51	73	85	122	127	161	168	93.55555555555556
NM_001183664.1	17	39	68	66	85	108	129	148	182	93.55555555555556
NM_001178683.1	23	34	51	63	98	121	140	151	162	93.66666666666667
NM_001182078.1	18	40	47	70	97	115	132	154	170	93.66666666666667
NM_001181187.2	13	41	47	89	92	116	132	143	171	93.77777777777777
NM_001182034.1	11	34	49	73	92	106	142	152	185	93.77777777777777
NM_001184198.1	20	42	62	73	90	112	136	154	157	94.0
NM_001181950.1	23	45	60	65	83	118	119	161	172	94.0
NM_001183772.1	16	35	59	74	95	114	137	141	176	94.11111111111111
NM_001179303.1	24	49	57	80	93	106	126	140	173	94.22222222222223
NM_001179501.1	16	36	50	64	111	114	143	155	160	94.33333333333333
NM_001180778.2	20	40	53	82	102	107	132	157	156	94.33333333333333
NM_001178734.1	16	42	53	86	91	122	109	165	165	94.33333333333333
NM_001181227.3	19	40	61	67	92	110	133	163	164	94.33333333333333
NM_001180890.1	23	39	60	67	95	101	137	155	176	94.77777777777777
NM_001182456.1	19	35	53	79	86	105	146	162	168	94.77777777777777
NM_001181754.1	15	23	58	92	85	125	132	156	168	94.88888888888889
NM_001178473.1	18	46	57	75	90	117	135	146	170	94.88888888888889
NM_001179022.3	16	39	57	79	69	117	140	168	169	94.88888888888889
NM_001180028.3	17	40	59	66	94	114	134	170	161	95.0
NM_001180724.1	23	27	54	74	108	120	139	130	182	95.22222222222223
NM_001178303.1	22	29	57	77	102	95	134	150	191	95.22222222222223
NM_001180717.3	23	42	62	72	102	107	138	140	171	95.22222222222223
NM_001183513.1	15	38	57	89	94	107	137	147	173	95.22222222222223
NM_001180377.3	21	38	50	72	92	122	137	159	167	95.33333333333333
NM_001183562.1	21	48	68	67	111	100	113	157	173	95.33333333333333
NM_001178901.3	23	30	50	79	92	124	125	158	178	95.44444444444444
NM_001182421.1	16	42	67	65	85	123	138	158	166	95.55555555555556
NM_001180603.3	17	31	56	63	111	112	145	155	170	95.55555555555556
NM_001182482.1	22	43	52	88	88	112	137	147	171	95.55555555555556
NM_001182895.3	22	34	56	85	89	123	136	145	171	95.66666666666667
NM_001181290.3	29	38	54	83	87	114	135	149	172	95.66666666666667
NM_001181532.1	20	28	52	95	88	125	131	159	164	95.77777777777777
NM_001180084.1	23	41	60	56	94	119	144	155	171	95.88888888888889
NM_001180174.1	17	30	64	60	92	124	131	166	179	95.88888888888889
NM_001180792.1	21	37	56	76	83	114	149	162	166	96.0
NM_001180135.1	16	38	61	75	89	107	131	163	185	96.11111111111111
NM_001183829.1	17	39	52	81	89	109	143	156	179	96.11111111111111
NM_001183137.1	20	37	51	74	99	108	143	161	173	96.22222222222223
NM_001182113.1	12	41	55	68	95	109	139	181	166	96.22222222222223
NM_001182774.1	23	33	46	89	89	106	132	163	185	96.22222222222223
NM_001183063.1	27	39	62	67	99	110	137	154	172	96.33333333333333
NM_001183608.1	23	28	59	81	90	115	140	146	186	96.44444444444444
NM_001180633.1	12	35	57	73	85	121	136	171	178	96.44444444444444
NM_001178533.3	27	32	57	62	107	113	140	160	171	96.55555555555556
NM_001184137.1	22	40	50	79	91	116	127	152	192	96.55555555555556
NM_001183355.1	23	44	59	75	107	122	119	157	165	96.77777777777777
NM_001184058.1	16	29	50	79	97	114	141	171	174	96.77777777777777
NM_001182788.1	22	37	54	67	93	124	129	166	179	96.77777777777777
NM_001183663.3	20	42	66	73	101	113	137	142	178	96.88888888888889
NM_001180172.1	10	37	60	71	98	118	138	178	162	96.88888888888889
NM_001180551.3	22	39	51	89	86	104	138	154	190	97.0
NM_001182702.1	19	50	63	69	97	114	133	148	180	97.0
NM_001179504.1	13	42	57	84	92	111	131	164	180	97.11111111111111
NM_001178286.1	16	46	62	75	94	103	146	152	180	97.11111111111111
NM_001179604.3	19	32	55	73	92	104	145	170	184	97.11111111111111
NM_001179209.1	13	33	59	88	106	123	128	136	189	97.22222222222223
NM_001180992.1	24	44	55	78	96	118	136	150	175	97.33333333333333
NM_001183158.1	19	30	55	73	113	119	141	151	175	97.33333333333333
NM_001181582.1	18	35	51	89	90	124	143	144	183	97.44444444444444
NM_001178222.1	29	39	54	86	88	108	148	158	167	97.44444444444444
NM_001182683.1	17	48	51	73	97	124	135	145	187	97.44444444444444
NM_001183971.1	25	34	60	82	88	117	145	154	172	97.44444444444444
NM_001181089.1	19	40	55	82	80	130	144	157	172	97.66666666666667
NM_001179813.3	19	35	63	69	92	117	149	156	180	97.77777777777777
NM_001180186.1	23	36	52	78	114	123	135	144	175	97.77777777777777
NM_001179578.3	19	39	48	77	110	108	130	177	172	97.77777777777777
NM_001182964.1	13	42	64	81	96	110	149	150	176	97.88888888888889
NM_001181518.1	17	46	53	83	95	128	127	157	175	97.88888888888889
NM_001179924.1	14	46	77	77	94	119	143	149	164	98.11111111111111
NM_001179100.1	17	40	59	74	95	125	132	148	193	98.11111111111111
NM_001179717.1	23	47	50	79	99	118	127	163	178	98.22222222222223
NM_001181785.3	32	40	51	66	106	129	148	162	150	98.22222222222223
NM_001184440.1	14	24	74	86	98	133	143	145	167	98.22222222222223
NM_001179996.2	23	39	49	90	110	106	129	171	169	98.44444444444444
NM_001181020.1	23	39	52	79	101	130	126	163	173	98.44444444444444
NM_001182716.1	25	31	63	80	98	112	144	149	185	98.55555555555556
NM_001178657.1	15	36	59	76	94	126	149	154	178	98.55555555555556
NM_001182675.1	22	38	57	80	97	120	137	173	164	98.66666666666667
NM_001179166.1	11	40	61	84	108	128	134	147	177	98.88888888888889
NM_001180235.1	35	41	68	74	85	126	135	163	163	98.88888888888889
NM_001178410.1	23	40	65	73	89	135	139	160	166	98.88888888888889
NM_001181855.1	15	36	70	78	106	132	145	147	161	98.88888888888889
NM_001180756.3	20	38	57	76	86	123	148	168	176	99.11111111111111
NM_001182339.3	12	32	49	80	117	128	136	174	166	99.33333333333333
NM_001183200.1	18	51	63	68	101	121	134	155	184	99.44444444444444
NM_001183317.1	14	38	49	93	102	122	164	142	171	99.44444444444444
NM_001180832.3	28	35	60	81	95	124	138	166	170	99.66666666666667
NM_001183286.1	18	40	72	79	88	119	125	171	186	99.77777777777777
NM_001182091.1	24	42	56	82	105	121	135	160	173	99.77777777777777
NM_001181620.1	14	48	65	77	102	122	130	165	176	99.88888888888889
NM_001178896.3	11	46	59	79	118	119	143	145	181	100.11111111111111
NM_001179164.1	17	44	34	81	105	136	142	160	183	100.22222222222223
NM_001182903.3	27	52	54	87	98	113	132	158	182	100.33333333333333
NM_001178697.1	24	38	46	72	92	124	170	161	176	100.33333333333333
NM_001182691.1	21	42	50	75	116	120	140	165	175	100.44444444444444
NM_001184122.1	17	49	69	84	85	112	146	152	191	100.55555555555556
NM_001183728.3	14	48	61	87	105	94	142	182	172	100.55555555555556
NM_001180667.3	17	42	67	80	106	128	139	157	169	100.55555555555556
NM_001180294.1	20	38	64	94	101	108	138	178	165	100.66666666666667
NM_001179286.1	19	44	63	89	91	144	138	151	167	100.66666666666667
NM_001184689.1	21	39	61	78	101	118	123	172	193	100.66666666666667
NM_001179373.1	21	43	74	72	93	128	125	156	194	100.66666666666667
NM_001178659.1	20	35	59	74	111	128	140	170	170	100.77777777777777
NM_001183332.1	21	36	60	70	99	117	141	173	190	100.77777777777777
NM_001180768.3	21	40	61	72	90	131	143	158	191	100.77777777777777
NM_001182436.1	19	37	63	72	90	121	147	173	185	100.77777777777777
NM_001182824.1	20	45	64	80	99	130	151	155	163	100.77777777777777
NM_001183154.1	19	41	61	83	101	119	140	159	184	100.77777777777777
NM_001182464.1	20	38	49	93	105	120	140	175	168	100.88888888888889
NM_001181663.1	19	36	41	93	92	119	142	183	183	100.88888888888889
NM_001182635.1	14	39	51	72	108	124	145	168	189	101.11111111111111
NM_001181007.1	25	34	63	79	102	133	135	153	186	101.11111111111111
NM_001180728.1	24	38	61	79	90	123	144	162	190	101.22222222222223
NM_001182996.1	19	37	72	84	105	113	142	154	185	101.22222222222223
NM_001181160.1	25	52	60	90	95	131	139	158	161	101.22222222222223
NM_001181964.1	28	38	58	70	100	118	149	155	196	101.33333333333333
NM_001183379.2	18	51	57	72	107	124	135	166	182	101.33333333333333
NM_001178477.1	22	33	62	72	90	128	154	176	175	101.33333333333333
NM_001182960.1	25	40	69	80	92	112	151	169	174	101.33333333333333
NM_001179039.1	26	44	56	80	93	134	131	174	174	101.33333333333333
NM_001180087.2	21	39	64	77	96	137	146	154	179	101.44444444444444
NM_001180136.1	13	27	59	68	115	104	159	164	206	101.66666666666667
NM_001182115.1	22	30	75	89	83	113	145	175	184	101.77777777777777
NM_001182251.1	20	37	51	89	107	120	150	166	177	101.88888888888889
NM_001182660.1	26	40	69	87	94	116	148	162	176	102.0
NM_001180731.3	19	38	67	93	116	121	138	159	167	102.0
NM_001183581.3	24	47	62	75	97	117	134	156	209	102.33333333333333
NM_001181655.1	23	46	43	82	113	119	147	157	194	102.66666666666667
NM_001181139.1	19	43	54	74	105	113	153	172	191	102.66666666666667
NM_001184238.1	20	38	53	83	105	120	151	163	191	102.66666666666667
NM_001182293.1	28	38	55	66	116	120	142	166	194	102.77777777777777
NM_001181269.3	22	40	54	91	88	135	167	154	174	102.77777777777777
NM_001183791.3	25	37	68	72	92	128	148	168	187	102.77777777777777
NM_001183511.1	23	47	50	80	105	120	152	167	182	102.88888888888889
NM_001178480.1	21	49	57	80	105	116	147	171	180	102.88888888888889
NM_001179519.1	23	46	43	82	113	119	148	158	194	102.88888888888889
NM_001181732.1	15	44	63	83	120	118	142	162	182	103.22222222222223
NM_001183559.4	15	42	59	86	108	116	155	168	180	103.22222222222223
NM_001181076.1	23	38	70	86	102	112	147	165	186	103.22222222222223
NM_001184134.1	24	44	73	79	124	127	143	149	167	103.33333333333333
NM_001179675.1	23	44	62	92	96	124	130	167	193	103.44444444444444
NM_001182642.1	20	47	71	89	100	129	151	152	172	103.44444444444444
NM_001178868.3	18	41	46	87	111	141	136	159	193	103.55555555555556
NM_001183574.3	21	36	67	77	103	123	166	155	184	103.55555555555556
NM_001181142.1	20	45	63	86	114	125	148	157	175	103.66666666666667
NM_001182041.1	21	42	65	83	108	119	130	163	202	103.66666666666667
NM_001179171.1	27	45	59	101	95	107	154	160	186	103.77777777777777
NM_001179653.1	23	43	67	78	109	120	147	170	177	103.77777777777777
NM_001181153.3	20	48	55	84	93	123	144	163	205	103.88888888888889
NM_001183473.1	12	41	57	96	118	122	159	145	185	103.88888888888889
NM_001180777.3	23	27	66	79	100	132	139	163	207	104.0
NM_001179105.1	14	42	53	88	99	131	143	173	193	104.0
NM_001181133.1	18	35	59	88	108	127	158	164	179	104.0
NM_001178781.1	18	46	68	78	99	129	147	167	186	104.22222222222223
NM_001178938.1	27	29	72	81	111	137	138	151	193	104.33333333333333
NM_001179979.2	21	45	66	77	106	113	136	176	200	104.44444444444444
NM_001178350.1	19	42	77	84	89	121	156	171	181	104.44444444444444
NM_001183453.1	18	39	62	87	95	130	151	165	195	104.66666666666667
NM_001184344.1	13	50	48	89	103	115	148	178	198	104.66666666666667
NM_001180219.1	15	39	61	96	97	132	158	154	191	104.77777777777777
NM_001178343.1	24	50	65	78	102	117	157	166	185	104.88888888888889
NM_001183251.1	11	33	78	87	115	127	147	158	191	105.22222222222223
NM_001184093.1	18	40	75	76	120	116	154	166	182	105.22222222222223
NM_001178670.1	31	40	51	84	116	124	154	158	191	105.44444444444444
NM_001180713.3	14	36	73	77	90	132	147	188	192	105.44444444444444
NM_001183727.1	25	43	54	92	111	122	163	160	180	105.55555555555556
NM_001180793.3	21	41	67	88	108	122	137	158	209	105.66666666666667
NM_001178185.1	13	48	80	73	108	133	141	173	182	105.66666666666667
NM_001183884.1	22	39	67	94	113	127	132	169	193	106.22222222222223
NM_001180637.3	20	45	55	76	110	135	147	182	186	106.22222222222223
NM_001183955.1	19	34	68	82	110	136	142	172	193	106.22222222222223
NM_001183810.1	17	41	77	75	122	114	158	169	184	106.33333333333333
NM_001182765.1	28	35	71	84	120	119	156	165	179	106.33333333333333
NM_001179990.1	28	37	58	87	102	135	147	175	188	106.33333333333333
NM_001181937.1	20	39	67	79	120	128	158	163	184	106.44444444444444
NM_001183969.1	25	40	44	87	125	120	159	184	175	106.55555555555556
NM_001180736.3	21	44	60	82	102	122	157	181	191	106.66666666666667
NM_001181826.1	21	28	54	91	112	140	151	178	185	106.66666666666667
NM_001183311.1	22	47	59	97	110	122	142	172	190	106.77777777777777
NM_001184153.1	25	42	76	89	89	123	153	159	206	106.88888888888889
NM_001180469.3	27	54	59	83	108	134	143	157	199	107.11111111111111
NM_001179441.3	19	38	76	75	101	122	142	185	207	107.22222222222223
NM_001181796.2	18	48	71	90	98	124	168	152	196	107.22222222222223
NM_001180642.1	30	45	60	85	97	122	139	185	205	107.55555555555556
NM_001182295.4	29	47	67	79	97	133	146	183	187	107.55555555555556
NM_001181771.1	24	35	68	98	103	116	147	174	204	107.66666666666667
NM_001182419.1	14	44	62	87	107	125	153	186	191	107.66666666666667
NM_001182965.3	28	40	70	86	105	129	157	159	195	107.66666666666667
NM_001183402.1	17	43	64	76	102	125	161	172	211	107.88888888888889
NM_001182933.1	14	40	57	86	107	122	173	170	202	107.88888888888889
NM_001183494.1	23	32	67	83	103	125	163	163	212	107.88888888888889
NM_001182641.1	24	44	67	90	98	141	151	175	181	107.88888888888889
NM_001178248.2	24	51	62	92	103	126	160	186	168	108.0
NM_001183147.1	22	49	52	80	101	146	147	166	209	108.0
NM_001178911.3	16	34	55	86	109	122	161	184	205	108.0
NM_001178804.1	25	46	61	88	106	149	137	170	190	108.0
NM_001184255.1	24	45	60	89	116	130	147	180	181	108.0
NM_001179983.1	26	47	64	91	100	127	153	176	189	108.11111111111111
NM_001183080.1	20	40	67	90	109	132	148	172	195	108.11111111111111
NM_001183489.1	32	51	57	93	117	130	139	163	192	108.22222222222223
NM_001182762.1	20	52	66	80	114	118	154	173	197	108.22222222222223
NM_001181201.1	21	34	66	96	115	116	151	167	209	108.33333333333333
NM_001180774.1	19	47	58	77	122	130	139	179	204	108.33333333333333
NM_001178824.3	21	45	54	94	114	119	160	171	197	108.33333333333333
NM_001181597.2	25	46	62	90	101	134	148	168	202	108.44444444444444
NM_001180315.3	26	45	53	85	103	123	159	173	209	108.44444444444444
NM_001183650.1	24	42	69	77	106	143	150	186	180	108.55555555555556
NM_001179800.3	21	50	63	67	104	138	159	178	197	108.55555555555556
NM_001183578.3	21	40	68	84	115	114	161	180	194	108.55555555555556
NM_001180454.3	25	39	69	95	98	134	147	179	191	108.55555555555556
NM_001181018.3	24	39	66	95	111	124	146	179	194	108.66666666666667
NM_001178344.1	20	44	54	79	118	124	163	171	205	108.66666666666667
NM_001179749.1	18	42	53	106	106	133	144	158	219	108.77777777777777
NM_001182310.1	20	30	61	92	102	134	155	182	204	108.88888888888889
NM_001178295.1	15	59	65	98	99	137	150	163	194	108.88888888888889
NM_001180419.1	13	47	60	101	100	122	159	175	203	108.88888888888889
NM_001179615.1	26	52	53	86	113	120	148	181	202	109.0
NM_001184235.1	19	41	57	91	114	134	153	178	194	109.0
NM_001182250.1	23	51	67	97	104	121	146	181	191	109.0
NM_001182080.1	15	51	60	101	113	119	146	179	198	109.11111111111111
NM_001182076.1	12	52	72	94	105	115	162	162	209	109.22222222222223
NM_001182327.1	29	38	70	87	106	137	146	172	199	109.33333333333333
NM_001183652.1	20	31	63	95	110	119	157	180	209	109.33333333333333
NM_001180060.3	17	53	65	92	112	145	148	159	193	109.33333333333333
NM_001182529.1	18	39	58	81	106	138	171	183	191	109.44444444444444
NM_001181911.2	14	46	66	85	110	143	147	177	197	109.44444444444444
NM_001182574.1	19	48	61	97	95	129	161	185	191	109.55555555555556
NM_001180975.1	31	40	51	93	110	129	161	181	190	109.55555555555556
NM_001179733.1	17	51	62	83	105	151	176	163	179	109.66666666666667
NM_001184259.1	25	54	59	100	96	119	144	189	201	109.66666666666667
NM_001179019.3	24	49	73	69	108	142	151	170	202	109.77777777777777
NM_001178524.3	24	42	73	83	111	127	157	176	195	109.77777777777777
NM_001183512.1	21	45	65	93	109	112	162	183	198	109.77777777777777
NM_001179890.1	20	54	64	93	114	143	149	171	182	110.0
NM_001183716.4	26	42	65	95	109	130	157	164	202	110.0
NM_001182165.1	24	46	59	94	124	124	152	183	185	110.11111111111111
NM_001182890.1	16	40	59	92	107	127	172	184	194	110.11111111111111
NM_001182796.1	26	45	66	82	107	125	162	178	202	110.33333333333333
NM_001179190.1	19	42	58	83	112	132	159	184	205	110.44444444444444
NM_001180065.3	20	57	67	79	106	126	148	175	216	110.44444444444444
NM_001183914.1	28	47	75	88	104	142	153	161	197	110.55555555555556
NM_001183936.1	26	54	54	78	122	140	157	172	192	110.55555555555556
NM_001178983.3	26	36	63	80	108	145	155	181	203	110.77777777777777
NM_001179323.1	26	43	64	81	107	116	154	189	218	110.88888888888889
NM_001178414.1	20	45	65	98	108	128	146	174	214	110.88888888888889
NM_001178443.1	25	60	56	98	117	139	142	182	180	111.0
NM_001178258.1	18	45	59	99	104	145	154	171	204	111.0
NM_001178330.1	34	41	59	94	98	131	143	198	202	111.11111111111111
NM_001180300.2	30	49	53	88	117	133	160	175	195	111.11111111111111
NM_001183031.2	20	53	69	92	103	140	142	181	202	111.33333333333333
NM_001182770.1	16	45	64	89	117	108	175	186	203	111.44444444444444
NM_001183669.1	20	38	72	75	110	154	142	184	209	111.55555555555556
NM_001181230.1	25	48	71	95	120	118	143	179	205	111.55555555555556
NM_001180239.1	23	53	65	86	102	128	157	189	202	111.66666666666667
NM_001182746.1	20	40	66	87	105	137	162	186	202	111.66666666666667
NM_001180836.3	17	45	70	78	125	146	145	181	198	111.66666666666667
NM_001180267.1	26	47	60	93	120	131	163	186	180	111.77777777777777
NM_001183537.1	18	49	59	79	107	136	173	181	206	112.0
NM_001183888.1	21	51	75	92	113	139	144	171	202	112.0
NM_001178385.1	23	49	68	85	112	128	161	177	206	112.11111111111111
NM_001179645.1	24	50	81	83	94	152	152	174	200	112.22222222222223
NM_001179763.1	27	51	64	83	107	145	142	175	216	112.22222222222223
NM_001182147.1	32	49	63	95	100	129	157	170	216	112.33333333333333
NM_001182004.1	28	40	58	91	113	121	155	189	216	112.33333333333333
NM_001183550.1	22	44	65	96	124	132	159	172	198	112.44444444444444
NM_001181852.1	21	52	57	87	120	126	162	187	201	112.55555555555556
NM_001180616.3	19	41	77	80	115	134	163	179	206	112.66666666666667
NM_001183395.2	26	48	70	89	118	130	138	178	217	112.66666666666667
NM_001180478.1	30	40	67	76	123	146	151	187	195	112.77777777777777
NM_001178191.1	21	38	62	113	121	132	147	176	205	112.77777777777777
NM_001183437.1	17	49	64	89	108	115	173	184	216	112.77777777777777
NM_001180823.3	26	49	65	80	114	115	167	185	216	113.0
NM_001180013.1	28	49	70	88	105	142	158	178	200	113.11111111111111
NM_001182505.1	18	55	63	101	108	124	166	175	209	113.22222222222223
NM_001179557.3	30	48	58	89	115	123	169	181	206	113.22222222222223
NM_001181334.3	17	46	60	94	104	150	148	195	205	113.22222222222223
NM_001182732.1	21	62	61	91	105	145	164	177	194	113.33333333333333
NM_001182441.1	30	57	71	83	117	127	169	172	194	113.33333333333333
NM_001178602.1	22	30	75	85	112	158	174	177	187	113.33333333333333
NM_001183646.1	22	44	67	94	113	131	155	188	208	113.55555555555556
NM_001182201.1	19	49	66	86	107	145	152	186	213	113.66666666666667
NM_001178931.3	16	40	81	101	107	127	175	171	205	113.66666666666667
NM_001182613.1	16	41	63	81	111	133	164	194	220	113.66666666666667
NM_001179700.2	19	44	80	105	103	148	163	172	190	113.77777777777777
NM_001181991.1	27	44	88	80	86	130	177	199	195	114.0
NM_001184513.1	22	39	71	91	112	145	163	178	206	114.11111111111111
NM_001183214.3	22	40	61	76	116	144	163	191	214	114.11111111111111
NM_001181757.1	20	38	69	93	117	146	158	180	207	114.22222222222223
NM_001182478.1	24	44	69	101	116	134	151	191	199	114.33333333333333
NM_001183029.1	9	39	76	105	118	119	158	184	221	114.33333333333333
NM_001183773.3	17	49	72	94	107	134	163	189	204	114.33333333333333
NM_001180687.1	16	40	72	83	131	146	165	176	202	114.55555555555556
NM_001182411.1	29	51	64	99	116	125	163	185	200	114.66666666666667
NM_001180504.3	27	57	73	95	111	122	154	192	201	114.66666666666667
NM_001179415.3	11	32	87	95	119	146	152	198	192	114.66666666666667
NM_001179089.1	15	51	73	101	118	148	147	167	213	114.77777777777777
NM_001182484.1	14	56	74	97	114	109	166	187	216	114.77777777777777
NM_001182284.3	18	52	84	94	116	142	159	175	193	114.77777777777777
NM_001180527.3	25	47	80	116	104	141	147	170	204	114.88888888888889
NM_001179400.3	18	59	75	94	122	147	150	174	195	114.88888888888889
NM_001182388.1	30	50	75	109	114	118	162	171	205	114.88888888888889
NM_001179275.1	16	49	61	85	127	141	152	189	215	115.0
NM_001183078.1	23	36	57	108	118	139	160	184	210	115.0
NM_001179682.1	24	42	69	85	112	136	152	187	228	115.0
NM_001180335.1	22	44	64	95	125	134	152	190	209	115.0
NM_001183466.1	19	34	83	93	129	126	175	192	184	115.0
NM_001180587.3	21	37	66	84	111	149	168	190	210	115.11111111111111
NM_001179188.1	23	55	63	81	106	133	177	180	218	115.11111111111111
NM_001183401.1	25	43	67	84	109	155	163	201	189	115.11111111111111
NM_001178178.1	24	53	74	89	111	135	157	168	227	115.33333333333333
NM_001184064.1	26	44	77	98	102	147	160	185	200	115.44444444444444
NM_001182910.1	19	67	76	94	99	135	153	198	198	115.44444444444444
NM_001179889.3	19	42	66	86	116	155	149	196	210	115.44444444444444
NM_001184647.4	28	41	52	84	142	140	148	187	218	115.55555555555556
NM_001181178.1	18	43	74	102	136	143	162	160	202	115.55555555555556
NM_001182793.1	17	44	75	107	125	145	146	180	202	115.66666666666667
NM_001183090.1	20	43	66	78	114	144	158	192	227	115.77777777777777
NM_001178770.1	23	36	79	99	108	142	156	188	212	115.88888888888889
NM_001179942.1	31	49	73	83	125	127	165	166	224	115.88888888888889
NM_001181715.1	23	45	59	87	110	137	180	187	215	115.88888888888889
NM_001184470.3	19	53	70	108	108	137	155	187	207	116.0
NM_001179877.1	23	34	60	87	122	144	168	197	209	116.0
NM_001182264.3	26	51	69	100	96	148	172	181	201	116.0
NM_001179965.1	21	45	70	82	120	133	164	191	218	116.0
NM_001178787.1	23	43	78	90	102	136	159	196	218	116.11111111111111
NM_001180512.1	18	46	75	101	120	131	153	184	217	116.11111111111111
NM_001182649.2	25	45	61	91	110	148	168	183	218	116.55555555555556
NM_001181701.1	18	47	63	93	112	128	164	202	223	116.66666666666667
NM_001179986.1	15	48	67	80	131	143	163	174	229	116.66666666666667
NM_001180749.3	24	49	71	94	104	149	182	176	201	116.66666666666667
NM_001182124.1	24	46	70	97	117	137	156	188	215	116.66666666666667
NM_001179968.1	24	54	65	91	126	138	159	172	222	116.77777777777777
NM_001179444.1	20	50	67	104	118	142	160	197	194	116.88888888888889
NM_001180820.3	22	41	77	90	111	150	155	194	213	117.0
NM_001179462.3	26	47	68	98	102	148	173	192	199	117.0
NM_001181959.1	27	42	57	86	133	152	182	182	192	117.0
NM_001178352.2	25	42	69	98	108	125	172	201	213	117.0
NM_001179318.3	20	44	70	96	131	134	168	184	206	117.0
NM_001184219.1	23	46	63	96	123	134	168	171	230	117.11111111111111
NM_001184017.1	23	41	69	107	119	157	158	181	200	117.22222222222223
NM_001183186.1	22	51	78	108	101	146	155	166	230	117.44444444444444
NM_001181829.1	25	40	72	100	132	131	164	178	216	117.55555555555556
NM_001182470.1	19	50	80	101	101	152	156	183	217	117.66666666666667
NM_001181832.1	20	45	80	91	104	144	163	190	223	117.77777777777777
NM_001178540.1	22	43	77	95	117	158	160	179	209	117.77777777777777
NM_001181075.1	27	51	72	94	120	132	176	173	216	117.88888888888889
NM_001179364.3	27	39	62	93	122	146	173	181	219	118.0
NM_001181527.1	19	58	87	85	120	147	151	175	221	118.11111111111111
NM_001180984.1	21	44	81	91	124	159	150	179	214	118.11111111111111
NM_001178969.1	22	50	64	95	126	148	166	191	201	118.11111111111111
NM_001183655.1	27	37	72	92	121	156	158	197	203	118.11111111111111
NM_001178619.3	28	39	70	84	114	150	160	203	217	118.33333333333333
NM_001181006.1	28	44	92	99	122	142	155	182	203	118.55555555555556
NM_001183111.1	17	51	66	105	128	145	152	179	225	118.66666666666667
NM_001179571.3	20	46	71	101	118	147	162	181	222	118.66666666666667
NM_001179609.1	18	54	84	102	100	137	176	180	217	118.66666666666667
NM_001181213.3	25	62	72	103	121	146	158	179	203	118.77777777777777
NM_001178904.3	23	43	80	106	120	143	159	196	200	118.88888888888889
NM_001180901.1	28	42	72	108	106	141	176	193	204	118.88888888888889
NM_001178581.3	24	64	66	94	107	139	159	203	215	119.0
NM_001184203.1	19	43	70	81	135	152	171	182	218	119.0
NM_001179492.3	26	53	63	100	128	144	176	174	208	119.11111111111111
NM_001184016.1	26	48	85	101	103	121	161	201	226	119.11111111111111
NM_001182343.3	20	46	63	113	117	140	161	196	216	119.11111111111111
NM_001182967.1	20	36	72	90	141	137	164	213	199	119.11111111111111
NM_001180365.3	16	55	83	105	124	138	165	171	215	119.11111111111111
NM_001180802.3	19	52	71	85	130	150	171	183	211	119.11111111111111
NM_001179073.1	16	60	73	85	129	145	170	184	213	119.44444444444444
NM_001181515.1	22	48	76	95	129	136	164	193	212	119.44444444444444
NM_001180684.3	19	35	69	102	135	149	161	179	227	119.55555555555556
NM_001183495.1	17	43	65	96	128	136	175	192	225	119.66666666666667
NM_001183767.3	19	54	79	106	116	137	165	182	219	119.66666666666667
NM_001178789.1	30	42	75	109	103	148	161	185	224	119.66666666666667
NM_001179242.1	24	36	95	109	119	138	159	178	221	119.88888888888889
NM_001180349.1	26	45	71	109	108	148	161	186	225	119.88888888888889
NM_001178630.1	21	46	82	84	116	168	172	193	198	120.0
NM_001183103.1	24	56	64	93	136	148	151	183	225	120.0
NM_001182638.1	17	55	81	83	120	143	168	211	203	120.11111111111111
NM_001182003.1	25	46	70	87	122	136	177	203	215	120.11111111111111
NM_001183321.1	18	52	62	96	123	140	188	181	221	120.11111111111111
NM_001182734.1	29	46	68	98	124	138	168	197	215	120.33333333333333
NM_001181084.1	23	42	72	92	114	152	172	212	205	120.44444444444444
NM_001181878.1	28	39	69	90	128	146	165	208	211	120.44444444444444
NM_001180798.3	23	46	70	108	126	151	157	178	226	120.55555555555556
NM_001181627.1	21	42	72	89	123	147	181	194	217	120.66666666666667
NM_001183390.1	22	56	69	107	124	151	169	179	209	120.66666666666667
NM_001178556.1	24	49	78	99	113	156	166	186	217	120.88888888888889
NM_001180077.1	31	47	73	99	120	154	165	180	219	120.88888888888889
NM_001178905.1	26	63	71	95	120	149	173	176	216	121.0
NM_001183534.3	24	49	72	99	119	149	157	206	214	121.0
NM_001182420.1	32	49	68	85	109	161	178	189	219	121.11111111111111
NM_001183211.3	22	57	67	99	134	129	185	186	211	121.11111111111111
NM_001178768.1	26	54	67	88	137	151	164	180	224	121.22222222222223
NM_001179443.1	22	34	74	75	134	154	177	195	226	121.22222222222223
NM_001179608.3	16	49	62	102	117	149	183	192	222	121.33333333333333
NM_001181910.1	22	57	66	98	122	145	162	197	227	121.77777777777777
NM_001180263.1	26	51	73	108	118	141	180	195	205	121.88888888888889
NM_001179467.3	23	39	69	103	112	149	178	199	225	121.88888888888889
NM_001183084.1	33	43	65	101	126	153	166	194	217	122.0
NM_001182938.1	37	53	83	88	131	135	174	179	218	122.0
NM_001181381.1	33	54	70	105	119	161	150	193	216	122.33333333333333
NM_001183343.1	26	45	70	103	129	134	180	193	221	122.33333333333333
NM_001182457.1	27	50	66	106	129	145	185	207	187	122.44444444444444
NM_001182013.1	24	56	78	105	131	146	157	192	215	122.66666666666667
NM_001181088.1	21	44	74	97	114	157	172	202	226	123.0
NM_001182845.3	27	55	70	100	126	157	177	174	221	123.0
NM_001181574.1	30	43	72	99	118	154	183	191	218	123.11111111111111
NM_001181907.1	22	39	69	101	132	163	163	194	225	123.11111111111111
NM_001180061.3	25	49	61	87	150	136	157	198	245	123.11111111111111
NM_001181528.1	29	51	78	90	134	160	151	209	207	123.22222222222223
NM_001179240.1	28	54	69	111	122	147	157	219	203	123.33333333333333
NM_001179569.3	37	42	87	100	128	141	160	176	241	123.55555555555556
NM_001182674.1	21	41	70	106	120	153	174	204	225	123.77777777777777
NM_001183272.1	18	59	76	97	124	131	185	207	218	123.88888888888889
NM_001182725.1	25	46	81	108	141	140	165	197	213	124.0
NM_001180418.1	23	51	63	97	129	148	186	201	218	124.0
NM_001181731.1	24	48	85	102	121	157	180	198	201	124.0
NM_001181074.1	22	52	80	99	130	157	153	196	227	124.0
NM_001179059.1	27	55	83	76	102	147	188	195	245	124.22222222222223
NM_001179545.3	24	33	69	110	123	151	181	200	227	124.22222222222223
NM_001178278.1	30	52	70	100	128	152	175	206	206	124.33333333333333
NM_001181939.1	12	54	62	108	142	165	151	196	229	124.33333333333333
NM_001183871.1	26	53	82	93	136	140	162	208	219	124.33333333333333
NM_001179625.1	24	47	85	80	108	167	176	202	230	124.33333333333333
NM_001181081.1	26	40	75	103	130	146	181	201	218	124.44444444444444
NM_001180666.1	30	47	76	88	119	159	178	204	219	124.44444444444444
NM_001183750.1	21	52	78	94	145	134	166	195	236	124.55555555555556
NM_001179354.3	32	54	77	99	107	165	175	200	214	124.77777777777777
NM_001179998.3	26	40	75	86	125	168	162	206	236	124.88888888888889
NM_001181426.1	21	47	83	85	134	150	162	204	238	124.88888888888889
NM_001184336.1	25	55	64	105	124	175	188	178	211	125.0
NM_001181944.1	22	55	88	96	122	156	178	188	220	125.0
NM_001183216.1	20	43	67	108	112	153	175	222	226	125.11111111111111
NM_001182847.2	29	62	64	102	120	146	176	194	234	125.22222222222223
NM_001184522.3	21	51	78	98	119	166	172	198	224	125.22222222222223
NM_001181131.1	25	52	73	98	135	145	185	190	224	125.22222222222223
NM_001180925.1	26	55	81	117	123	153	151	203	219	125.33333333333333
NM_001180537.3	27	42	82	87	128	162	177	205	218	125.33333333333333
NM_001182700.1	24	49	70	81	153	156	172	197	227	125.44444444444444
NM_001178798.1	25	50	88	118	125	135	173	202	214	125.55555555555556
NM_001182939.1	18	55	74	120	129	146	173	208	208	125.66666666666667
NM_001184261.1	23	38	71	99	126	156	170	229	222	126.0
NM_001183827.1	23	46	72	117	138	143	172	183	240	126.0
NM_001180466.3	24	50	77	102	124	152	178	211	217	126.11111111111111
NM_001178158.2	28	62	74	89	129	147	179	198	229	126.11111111111111
NM_001183065.1	32	52	75	109	119	160	162	198	229	126.22222222222223
NM_001183199.1	21	37	77	91	112	155	190	202	251	126.22222222222223
NM_001178620.3	30	43	75	92	118	152	176	215	238	126.55555555555556
NM_001179292.1	31	59	75	90	138	156	165	199	226	126.55555555555556
NM_001183815.1	26	65	82	91	144	140	176	196	219	126.55555555555556
NM_001179844.1	23	60	73	118	110	155	178	206	217	126.66666666666667
NM_001178599.3	28	57	66	107	120	147	186	194	235	126.66666666666667
NM_001180951.3	24	58	79	98	125	144	173	209	231	126.77777777777777
NM_001183720.3	22	60	92	89	127	147	180	187	238	126.88888888888889
NM_001180113.1	36	45	74	111	127	142	169	197	241	126.88888888888889
NM_001182669.1	19	41	77	102	122	153	190	205	236	127.22222222222223
NM_001178920.3	25	53	72	103	139	165	171	202	216	127.33333333333333
NM_001182661.1	26	46	78	91	137	150	181	203	234	127.33333333333333
NM_001179736.1	18	45	71	105	124	167	181	197	239	127.44444444444444
NM_001181871.1	29	47	69	101	135	152	169	194	251	127.44444444444444
NM_001182088.1	22	59	84	99	137	157	162	218	210	127.55555555555556
NM_001183129.1	31	53	78	110	129	153	192	193	210	127.66666666666667
NM_001183634.1	24	55	76	106	148	147	171	197	226	127.77777777777777
NM_001180160.1	26	44	69	104	131	162	185	195	234	127.77777777777777
NM_001178376.1	20	50	77	101	130	155	184	222	212	127.88888888888889
NM_001183442.1	23	53	87	97	117	154	181	200	239	127.88888888888889
NM_001181059.1	26	51	82	100	135	151	163	211	233	128.0
NM_001182957.3	25	58	81	99	126	154	193	186	231	128.11111111111111
NM_001182619.1	29	53	86	127	127	159	158	192	222	128.11111111111111
NM_001182920.3	21	53	75	111	129	157	170	206	231	128.11111111111111
NM_001181465.1	21	65	74	92	130	152	176	223	223	128.44444444444446
NM_001180115.1	21	48	75	108	127	160	179	209	229	128.44444444444446
NM_001180215.1	24	44	74	95	131	167	191	203	228	128.55555555555554
NM_001180277.1	29	50	78	107	121	152	183	197	241	128.66666666666666
NM_001180915.3	19	38	81	122	139	139	164	213	245	128.88888888888889
NM_001179970.1	28	40	74	109	132	158	186	215	218	128.88888888888889
NM_001182187.1	29	49	78	99	127	163	180	199	236	128.88888888888889
NM_001181995.1	31	47	82	121	119	134	182	207	238	129.0
NM_001182383.1	24	41	62	131	139	164	181	195	224	129.0
NM_001183014.2	31	54	80	104	148	156	169	203	216	129.0
NM_001179705.1	27	61	68	124	137	131	175	209	229	129.0
NM_001181671.1	25	39	80	120	108	155	180	202	253	129.11111111111111
NM_001183529.1	27	49	77	106	138	138	180	210	237	129.11111111111111
NM_001179588.1	17	55	83	88	139	156	170	230	224	129.11111111111111
NM_001182164.1	18	62	82	92	131	167	179	208	223	129.11111111111111
NM_001180404.1	18	50	71	101	132	155	189	206	241	129.22222222222223
NM_001183580.3	20	64	62	113	115	156	194	200	239	129.22222222222223
NM_001178699.1	25	48	79	108	126	165	161	218	233	129.22222222222223
NM_001184441.1	29	62	76	96	133	132	188	216	231	129.22222222222223
NM_001183930.1	24	54	90	98	131	143	183	201	241	129.44444444444446
NM_001182325.3	26	57	76	101	119	155	179	214	239	129.55555555555554
NM_001181861.1	28	51	66	104	132	162	193	211	221	129.77777777777777
NM_001181025.1	26	51	67	99	135	144	184	229	233	129.77777777777777
NM_001183060.1	25	44	89	94	125	156	194	206	236	129.88888888888889
NM_001181506.3	33	55	85	85	133	135	188	228	227	129.88888888888889
NM_001182159.1	34	49	82	107	139	147	191	186	236	130.11111111111111
NM_001181792.3	25	49	69	117	145	162	186	207	212	130.22222222222223
NM_001183500.1	23	60	78	106	138	146	178	200	243	130.22222222222223
NM_001183638.3	23	49	75	108	130	147	168	240	232	130.22222222222223
NM_001181158.3	24	46	63	114	132	152	182	209	250	130.22222222222223
NM_001183640.3	27	40	76	99	136	158	184	211	241	130.22222222222223
NM_001183361.1	18	56	89	102	127	148	171	219	242	130.22222222222223
NM_001182730.1	29	44	72	122	118	173	183	198	234	130.33333333333334
NM_001178562.1	27	50	89	100	144	136	170	215	243	130.44444444444446
NM_001180959.1	32	55	85	108	131	169	174	204	216	130.44444444444446
NM_001184329.1	16	52	81	102	132	175	176	206	235	130.55555555555554
NM_001182033.1	27	49	73	119	123	146	153	233	252	130.55555555555554
NM_001179941.1	32	52	73	105	110	183	184	206	231	130.66666666666666
NM_001181366.1	25	43	80	89	141	163	187	219	230	130.77777777777777
NM_001178674.1	33	45	70	103	116	168	193	224	226	130.88888888888889
NM_001182330.3	21	58	71	110	131	150	207	195	236	131.0
NM_001184273.1	22	45	77	106	125	165	197	198	244	131.0
NM_001181634.1	19	51	64	101	143	160	192	207	244	131.22222222222223
NM_001181662.3	30	47	68	102	126	168	193	205	243	131.33333333333334
NM_001180102.1	26	44	86	114	146	165	168	206	227	131.33333333333334
NM_001179617.1	27	54	81	110	128	149	191	213	230	131.44444444444446
NM_001179607.1	23	48	88	92	133	180	175	205	240	131.55555555555554
NM_001182879.3	29	52	81	111	144	143	177	210	238	131.66666666666666
NM_001181229.1	17	49	89	115	141	168	164	203	239	131.66666666666666
NM_001179064.3	28	53	70	110	135	164	184	211	231	131.77777777777777
NM_001183901.1	23	46	72	113	120	180	188	215	230	131.88888888888889
NM_001182447.1	27	35	77	112	135	161	176	194	270	131.88888888888889
NM_001181344.3	28	55	74	112	144	151	165	210	249	132.0
NM_001184115.1	27	60	77	106	147	142	180	211	238	132.0
NM_001178950.1	25	53	77	98	143	157	173	222	241	132.11111111111111
NM_001180780.3	31	58	75	105	141	157	200	199	224	132.22222222222223
NM_001183023.1	23	49	76	91	138	184	186	213	230	132.22222222222223
NM_001181660.1	29	57	67	114	136	160	195	208	227	132.55555555555554
NM_001179215.1	16	41	81	108	134	158	212	216	227	132.55555555555554
NM_001182631.1	30	38	72	104	138	160	197	206	249	132.66666666666666
NM_001178871.3	26	51	77	109	121	163	206	203	238	132.66666666666666
NM_001181470.1	24	58	80	94	125	154	195	223	241	132.66666666666666
NM_001182525.1	20	55	96	124	111	159	187	217	226	132.77777777777777
NM_001181275.3	27	59	89	120	119	151	187	196	249	133.0
NM_001179502.3	20	48	67	106	137	164	188	230	238	133.11111111111111
NM_001179635.1	16	52	72	107	142	163	189	227	231	133.22222222222223
NM_001183718.1	21	39	82	112	134	162	173	222	255	133.33333333333334
NM_001178867.1	20	52	88	106	137	146	188	221	243	133.44444444444446
NM_001179938.1	27	55	87	102	136	171	208	194	222	133.55555555555554
NM_001178583.3	26	57	73	96	135	165	194	208	248	133.55555555555554
NM_001180262.1	26	46	85	105	131	161	187	215	247	133.66666666666666
NM_001179585.3	21	51	79	103	148	162	193	207	239	133.66666666666666
NM_001180004.3	32	58	89	127	124	141	174	211	247	133.66666666666666
NM_001179923.1	20	40	83	113	138	162	173	232	242	133.66666666666666
NM_001184279.1	32	44	81	109	111	164	196	230	238	133.88888888888889
NM_001182403.1	34	55	94	121	130	160	181	201	229	133.88888888888889
NM_001181477.3	30	59	79	118	148	156	171	222	223	134.0
NM_001180597.1	23	51	92	100	140	156	181	222	242	134.11111111111111
NM_001179867.1	28	48	77	96	131	164	195	214	254	134.11111111111111
NM_001183334.1	23	49	79	110	122	170	184	226	246	134.33333333333334
NM_001180575.3	27	49	82	99	155	147	190	228	232	134.33333333333334
NM_001182017.1	37	42	80	110	123	173	183	203	258	134.33333333333334
NM_001181847.1	30	57	76	119	144	141	187	232	225	134.55555555555554
NM_001178221.1	23	51	83	120	138	141	211	210	234	134.55555555555554
NM_001182889.3	29	54	54	115	132	172	191	211	253	134.55555555555554
NM_001179650.1	24	53	74	106	135	162	185	223	250	134.66666666666666
NM_001182450.1	30	53	74	113	123	163	182	223	251	134.66666666666666
NM_001178966.2	34	44	79	109	140	160	179	215	252	134.66666666666666
NM_001178338.1	27	47	96	111	128	169	187	214	236	135.0
NM_001178405.1	27	59	71	104	123	158	186	230	257	135.0
NM_001183270.1	19	46	78	118	136	168	189	218	244	135.11111111111111
NM_001180094.1	28	63	72	122	151	155	177	205	243	135.11111111111111
NM_001184486.1	20	57	85	108	147	164	194	208	233	135.11111111111111
NM_001179187.1	29	58	104	96	134	166	173	200	256	135.11111111111111
NM_001178594.1	28	47	86	101	126	161	196	240	232	135.22222222222223
NM_001180476.1	33	69	84	104	131	176	191	189	240	135.22222222222223
NM_001178616.3	29	63	90	119	137	158	163	210	248	135.22222222222223
NM_001181453.3	27	73	72	103	129	157	172	221	263	135.22222222222223
NM_001184195.1	24	61	77	111	124	156	200	212	253	135.33333333333334
NM_001180979.1	33	52	71	97	139	156	213	211	246	135.33333333333334
NM_001181458.3	28	52	70	117	145	160	191	211	244	135.33333333333334
NM_001180645.3	29	61	80	97	122	162	210	219	240	135.55555555555554
NM_001179051.1	26	67	82	107	147	152	185	207	248	135.66666666666666
NM_001184272.1	23	54	79	103	135	143	190	234	260	135.66666666666666
NM_001182475.1	28	57	82	119	127	175	184	222	227	135.66666666666666
NM_001180956.3	28	57	85	118	137	168	185	203	240	135.66666666666666
NM_001181237.1	28	49	81	110	131	158	188	217	260	135.77777777777777
NM_001181226.1	28	44	99	84	126	167	198	234	243	135.88888888888889
NM_001179640.1	18	63	74	110	129	174	194	224	237	135.88888888888889
NM_001182068.1	33	55	87	119	131	153	188	217	241	136.0
NM_001180530.1	28	70	85	85	144	153	185	226	249	136.11111111111111
NM_001179176.1	24	57	78	104	146	172	192	210	242	136.11111111111111
NM_001178941.3	21	46	91	107	136	187	173	208	256	136.11111111111111
NM_001181589.1	33	55	69	107	157	150	188	209	259	136.33333333333334
NM_001183313.2	42	54	76	114	124	164	191	224	238	136.33333333333334
NM_001180360.3	26	49	74	115	130	168	192	234	240	136.44444444444446
NM_001184534.1	28	49	78	106	132	146	189	251	249	136.44444444444446
NM_001178153.1	38	44	86	111	134	161	188	213	253	136.44444444444446
NM_001181496.1	29	50	72	103	135	184	192	215	248	136.44444444444446
NM_001181617.1	29	50	77	114	132	160	184	218	265	136.55555555555554
NM_001180570.3	28	44	83	122	143	155	195	217	242	136.55555555555554
NM_001181888.1	17	56	94	103	138	184	175	211	251	136.55555555555554
NM_001183218.3	34	47	86	100	144	176	197	202	244	136.66666666666666
NM_001180064.3	23	59	79	114	134	156	199	227	239	136.66666666666666
NM_001183569.1	34	50	75	100	140	162	185	243	242	136.77777777777777
NM_001180445.1	30	60	73	113	139	165	184	217	251	136.88888888888889
NM_001182602.1	29	48	67	111	139	166	194	220	258	136.88888888888889
NM_001180204.1	27	58	86	119	137	179	156	229	242	137.0
NM_001179658.1	25	63	88	123	132	164	189	198	251	137.0
NM_001178527.1	24	53	75	123	140	172	192	203	254	137.33333333333334
NM_001180513.3	21	54	80	107	151	175	179	214	256	137.44444444444446
NM_001178910.1	21	62	78	109	129	167	192	215	264	137.44444444444446
NM_001181246.3	27	51	77	93	155	156	210	226	242	137.44444444444446
NM_001179213.1	32	65	66	103	142	170	194	222	244	137.55555555555554
NM_001178678.1	20	52	82	105	150	155	193	215	268	137.77777777777777
NM_001179560.1	35	51	82	110	144	160	191	239	229	137.88888888888889
NM_001181529.1	26	46	73	115	154	185	204	205	233	137.88888888888889
NM_001183188.1	27	60	76	106	123	186	195	219	249	137.88888888888889
NM_001179704.1	39	56	85	120	147	156	181	208	252	138.22222222222223
NM_001182690.1	27	47	83	102	127	170	210	223	256	138.33333333333334
NM_001181759.1	26	60	88	109	144	172	180	222	244	138.33333333333334
NM_001181272.3	32	60	74	105	127	171	219	230	228	138.44444444444446
NM_001178881.2	40	37	77	116	147	177	207	203	242	138.44444444444446
NM_001181170.3	32	47	85	95	157	160	196	216	258	138.44444444444446
NM_001179009.1	28	56	84	113	133	173	200	214	245	138.44444444444446
NM_001179024.1	21	54	89	116	167	142	191	221	246	138.55555555555554
NM_001178575.1	21	68	86	102	128	191	188	215	249	138.66666666666666
NM_001181463.1	29	52	89	114	141	157	194	222	251	138.77777777777777
NM_001182213.1	26	76	73	102	163	158	190	224	237	138.77777777777777
NM_001179452.3	33	50	77	100	145	171	201	242	231	138.88888888888889
NM_001178195.2	29	56	73	111	129	168	189	238	257	138.88888888888889
NM_001178564.3	22	55	89	101	142	146	199	249	247	138.88888888888889
NM_001183707.3	25	48	79	104	145	173	208	214	255	139.0
NM_001182483.1	37	41	77	109	160	142	192	225	268	139.0
NM_001183341.1	20	56	86	116	145	161	200	223	247	139.33333333333334
NM_001179003.3	32	53	89	114	134	172	180	228	252	139.33333333333334
NM_001181438.1	28	38	82	110	141	169	200	233	254	139.44444444444446
NM_001184453.1	25	55	91	105	145	170	169	238	257	139.44444444444446
NM_001180514.3	23	61	75	104	143	182	192	227	249	139.55555555555554
NM_001179390.1	24	64	87	101	124	182	210	227	239	139.77777777777777
NM_001179330.3	30	54	85	116	161	179	179	220	234	139.77777777777777
NM_001180492.1	24	48	82	99	143	170	191	261	241	139.88888888888889
NM_001182134.1	28	52	84	137	128	156	205	213	256	139.88888888888889
NM_001182471.1	31	58	84	114	140	170	187	223	253	140.0
NM_001182396.1	23	55	86	114	143	169	197	221	252	140.0
NM_001181292.3	28	46	82	115	135	164	198	234	259	140.11111111111111
NM_001184317.1	35	56	81	114	132	173	177	217	276	140.11111111111111
NM_001184059.1	34	62	80	108	156	166	173	226	257	140.22222222222223
NM_001178608.1	32	63	92	115	125	173	192	235	236	140.33333333333334
NM_001179685.1	23	69	71	110	164	163	187	238	238	140.33333333333334
NM_001182002.1	23	60	90	103	167	160	202	214	245	140.44444444444446
NM_001183692.1	20	58	82	118	131	168	199	230	259	140.55555555555554
NM_001181445.2	22	69	84	93	137	173	204	237	247	140.66666666666666
NM_001179920.1	29	62	97	118	128	169	203	214	246	140.66666666666666
NM_001179192.1	33	54	76	102	115	180	216	213	277	140.66666666666666
NM_001183681.1	25	47	96	128	148	168	193	210	252	140.77777777777777
NM_001182615.1	19	58	85	112	143	176	180	233	261	140.77777777777777
NM_001178994.3	28	62	92	118	140	169	172	222	265	140.88888888888889
NM_001180718.1	28	67	86	111	127	169	205	219	257	141.0
NM_001180069.1	37	56	80	109	149	163	191	227	257	141.0
NM_001180638.1	31	68	87	108	134	200	178	235	230	141.22222222222223
NM_001180723.1	20	52	80	105	146	172	212	227	257	141.22222222222223
NM_001178148.1	29	59	78	116	150	168	190	241	240	141.22222222222223
NM_001183406.1	26	65	84	96	142	171	200	222	269	141.66666666666666
NM_001179886.1	29	61	72	121	126	154	209	236	267	141.66666666666666
NM_001183110.1	30	50	90	124	143	169	183	222	264	141.66666666666666
NM_001182379.1	36	49	81	124	148	162	197	210	269	141.77777777777777
NM_001183869.1	33	48	71	129	157	175	192	219	252	141.77777777777777
NM_001181412.3	24	42	95	119	142	176	219	226	234	141.88888888888889
NM_001179703.1	26	45	82	112	144	173	217	220	258	141.88888888888889
NM_001181271.3	33	63	82	105	132	170	202	238	253	142.0
NM_001183676.3	23	55	91	115	148	170	195	227	254	142.0
NM_001184304.1	34	52	84	103	143	168	197	242	255	142.0
NM_001182057.1	32	61	78	102	167	154	206	212	267	142.11111111111111
NM_001182780.1	30	65	73	117	143	173	189	237	252	142.11111111111111
NM_001182666.1	27	53	81	119	151	162	190	256	242	142.33333333333334
NM_001184395.1	25	59	81	119	141	159	206	218	274	142.44444444444446
NM_001182030.1	23	75	90	110	147	144	206	232	256	142.55555555555554
NM_001183787.3	35	58	70	122	132	173	200	222	271	142.55555555555554
NM_001182252.3	29	54	97	107	134	170	204	231	259	142.77777777777777
NM_001180660.1	37	58	74	112	140	163	211	234	258	143.0
NM_001178425.3	39	49	78	122	128	195	194	227	256	143.11111111111111
NM_001181406.3	28	65	79	110	148	165	205	239	251	143.33333333333334
NM_001181738.1	22	62	75	111	139	174	212	225	271	143.44444444444446
NM_001181926.1	27	63	82	115	138	181	213	209	263	143.44444444444446
NM_001178743.1	39	54	79	117	142	163	211	240	248	143.66666666666666
NM_001180006.3	22	56	78	123	136	192	197	235	254	143.66666666666666
NM_001178246.1	23	62	96	118	125	178	206	214	272	143.77777777777777
NM_001183127.1	32	58	68	124	137	189	205	226	256	143.88888888888889
NM_001182324.1	23	62	86	105	147	188	203	235	247	144.0
NM_001182099.1	30	57	94	110	127	165	207	234	273	144.11111111111111
NM_001183987.1	27	69	84	127	139	158	207	222	265	144.22222222222223
NM_001179049.3	30	57	90	139	165	166	192	213	247	144.33333333333334
NM_001180165.1	31	60	86	118	158	162	193	221	270	144.33333333333334
NM_001180415.1	32	55	92	111	146	174	202	234	254	144.44444444444446
NM_001180342.3	25	60	73	116	147	179	193	249	259	144.55555555555554
NM_001179671.1	31	59	81	114	158	171	198	228	261	144.55555555555554
NM_001179820.1	27	54	94	113	144	163	215	244	247	144.55555555555554
NM_001182145.1	32	52	69	106	139	193	200	238	273	144.66666666666666
NM_001183454.1	22	59	74	122	148	187	191	248	252	144.77777777777777
NM_001179918.1	35	57	81	122	136	184	199	229	261	144.88888888888889
NM_001183665.3	34	54	93	125	156	151	205	239	247	144.88888888888889
NM_001181881.1	25	65	98	105	119	171	221	238	263	145.0
NM_001179933.1	30	68	90	94	153	179	203	241	248	145.11111111111111
NM_001184068.1	26	55	74	118	161	166	211	236	259	145.11111111111111
NM_001180421.3	20	52	91	119	141	179	197	241	267	145.22222222222223
NM_001183005.1	26	56	76	118	148	186	216	230	253	145.44444444444446
NM_001181384.1	21	73	88	133	142	171	198	230	253	145.44444444444446
NM_001178671.1	28	59	83	111	159	177	214	230	249	145.55555555555554
NM_001180424.1	28	68	98	122	142	166	185	244	258	145.66666666666666
NM_001179530.1	20	62	88	125	140	167	202	244	265	145.88888888888889
NM_001180960.3	35	62	106	110	142	164	203	236	256	146.0
NM_001180376.3	34	57	72	111	142	156	216	253	273	146.0
NM_001180521.1	33	70	94	123	153	173	202	223	244	146.11111111111111
NM_001184022.1	34	52	96	110	143	189	197	240	254	146.11111111111111
NM_001179042.3	30	56	86	117	131	170	199	239	287	146.11111111111111
NM_001182694.1	30	69	87	109	143	174	212	234	259	146.33333333333334
NM_001181391.1	25	62	86	113	132	191	206	231	271	146.33333333333334
NM_001182315.3	29	52	81	112	143	183	221	238	258	146.33333333333334
NM_001182430.1	25	63	102	114	154	164	200	239	257	146.44444444444446
NM_001180483.3	28	49	95	120	135	197	205	241	248	146.44444444444446
NM_001181222.3	26	52	87	129	152	170	209	233	261	146.55555555555554
NM_001179497.3	33	70	94	117	151	167	201	226	261	146.66666666666666
NM_001180620.3	22	77	82	123	155	159	200	245	257	146.66666666666666
NM_001182262.1	33	51	88	99	144	166	218	227	295	146.77777777777777
NM_001179628.1	38	61	96	120	132	189	184	248	253	146.77777777777777
NM_001180234.1	34	69	98	117	159	168	201	229	247	146.88888888888889
NM_001179869.1	33	64	82	125	150	190	205	228	245	146.88888888888889
NM_001183148.1	31	68	78	104	156	170	203	242	270	146.88888888888889
NM_001179175.1	28	50	84	106	149	167	216	237	285	146.88888888888889
NM_001181218.1	24	53	100	117	156	176	195	245	257	147.0
NM_001179771.1	26	54	81	123	155	185	215	231	257	147.44444444444446
NM_001180958.1	29	58	95	98	146	175	208	237	282	147.55555555555554
NM_001180871.1	29	66	68	114	144	193	210	249	255	147.55555555555554
NM_001181487.3	23	66	101	113	145	185	196	256	244	147.66666666666666
NM_001179879.1	34	58	102	123	144	171	193	234	274	148.11111111111111
NM_001178351.1	25	55	90	130	144	170	222	245	253	148.22222222222223
NM_001180655.3	32	61	81	102	166	178	198	240	276	148.22222222222223
NM_001183675.2	29	56	89	120	142	161	225	241	272	148.33333333333334
NM_001179613.1	30	73	95	121	140	163	207	236	270	148.33333333333334
NM_001184201.1	36	67	81	124	143	169	208	254	255	148.55555555555554
NM_001181517.1	21	66	91	124	135	179	218	234	269	148.55555555555554
NM_001183532.3	37	62	82	108	164	182	215	221	269	148.88888888888889
NM_001183398.1	24	63	80	110	141	184	219	259	260	148.88888888888889
NM_001178689.1	33	61	97	128	137	188	207	219	270	148.88888888888889
NM_001180423.1	29	58	95	117	163	176	214	217	273	149.11111111111111
NM_001179558.3	32	65	69	109	173	191	216	244	243	149.11111111111111
NM_001178590.1	31	46	95	110	148	196	209	231	276	149.11111111111111
NM_001178260.1	31	62	74	109	158	187	196	240	287	149.33333333333334
NM_001182439.1	17	70	101	115	150	177	218	230	266	149.33333333333334
NM_001179821.3	32	63	89	121	123	187	218	241	271	149.44444444444446
NM_001183444.1	29	63	92	124	144	185	209	229	271	149.55555555555554
NM_001181798.1	36	58	93	139	148	177	206	230	259	149.55555555555554
NM_001181641.1	34	64	84	142	142	185	198	241	256	149.55555555555554
NM_001183706.1	30	67	72	125	177	193	202	217	264	149.66666666666666
NM_001181276.3	24	59	88	113	156	197	204	240	266	149.66666666666666
NM_001184228.1	33	54	82	125	154	176	211	251	264	150.0
NM_001184277.1	32	54	87	115	164	164	203	238	293	150.0
NM_001180894.1	31	56	78	118	151	193	218	241	264	150.0
NM_001179216.1	32	56	99	125	139	199	208	232	263	150.33333333333334
NM_001184244.1	36	66	116	115	156	165	211	255	233	150.33333333333334
NM_001179523.1	31	70	79	132	158	177	220	230	258	150.55555555555554
NM_001179438.1	29	48	99	124	157	175	223	240	260	150.55555555555554
NM_001180770.1	30	67	105	122	140	186	204	231	273	150.88888888888889
NM_001182706.1	28	68	99	126	143	168	214	241	271	150.88888888888889
NM_001180948.1	35	55	117	116	142	181	199	237	276	150.88888888888889
NM_001184148.1	29	61	86	109	158	172	218	241	285	151.0
NM_001183699.1	26	74	83	123	175	168	200	244	267	151.11111111111111
NM_001183044.1	32	66	70	130	156	163	212	251	280	151.11111111111111
NM_001178471.3	28	58	84	104	157	191	210	257	272	151.22222222222223
NM_001180275.1	33	49	88	123	157	182	206	246	278	151.33333333333334
NM_001183766.1	35	54	86	114	160	183	213	260	257	151.33333333333334
NM_001180858.1	28	65	86	122	151	174	205	249	284	151.55555555555554
NM_001181141.1	30	59	109	103	150	185	214	244	270	151.55555555555554
NM_001179593.1	24	56	77	119	161	174	227	249	278	151.66666666666666
NM_001178960.1	29	63	85	142	143	182	219	237	267	151.88888888888889
NM_001179173.1	25	51	94	113	150	188	217	255	276	152.11111111111111
NM_001179932.2	29	67	107	111	152	179	203	242	280	152.22222222222223
NM_001180389.1	30	58	83	125	161	182	208	254	269	152.22222222222223
NM_001181919.1	31	64	93	132	146	191	200	264	250	152.33333333333334
NM_001183477.1	29	66	91	121	156	180	218	244	266	152.33333333333334
NM_001183037.1	31	57	90	106	157	192	230	242	266	152.33333333333334
NM_001180998.1	24	66	83	121	153	191	208	249	280	152.77777777777777
NM_001180766.1	25	54	94	114	131	182	225	238	315	153.11111111111111
NM_001184073.1	26	63	88	119	155	187	227	249	264	153.11111111111111
NM_001180471.1	30	55	85	133	156	197	212	249	263	153.33333333333334
NM_001180732.1	35	62	86	128	155	177	227	242	269	153.44444444444446
NM_001180359.3	36	56	89	122	145	175	227	247	285	153.55555555555554
NM_001183546.1	39	61	80	117	161	191	230	222	281	153.55555555555554
NM_001178760.1	31	51	96	134	149	175	225	250	272	153.66666666666666
NM_001180604.3	25	53	95	118	158	196	216	246	277	153.77777777777777
NM_001183357.1	34	55	101	140	131	192	221	237	273	153.77777777777777
NM_001181270.1	30	67	75	128	169	190	204	250	272	153.88888888888889
NM_001183143.1	32	58	90	121	159	183	210	258	276	154.11111111111111
NM_001179495.1	38	54	94	138	161	185	217	245	256	154.22222222222223
NM_001181087.1	26	62	81	125	145	202	230	231	286	154.22222222222223
NM_001178255.1	37	59	94	115	161	190	206	240	286	154.22222222222223
NM_001178408.1	33	64	109	129	179	180	215	233	247	154.33333333333334
NM_001180565.1	35	64	90	127	148	203	205	255	264	154.55555555555554
NM_001184349.1	33	56	107	140	146	190	215	235	270	154.66666666666666
NM_001178481.1	37	70	85	122	162	187	225	255	249	154.66666666666666
NM_001181750.1	25	54	89	134	156	181	214	264	276	154.77777777777777
NM_001184236.1	23	62	104	115	148	199	224	253	266	154.88888888888889
NM_001184636.1	39	58	93	152	147	183	210	230	282	154.88888888888889
NM_001183018.1	39	67	94	122	164	192	223	236	259	155.11111111111111
NM_001180630.1	26	68	89	122	167	193	200	244	287	155.11111111111111
NM_001182865.1	34	60	91	136	153	189	221	236	281	155.66666666666666
NM_001180536.3	34	64	101	128	137	197	213	251	277	155.77777777777777
NM_001183356.1	31	73	102	119	153	182	217	265	262	156.0
NM_001182018.1	43	63	84	114	157	189	226	248	281	156.11111111111111
NM_001183485.1	22	63	94	123	153	195	225	245	285	156.11111111111111
NM_001179949.1	25	65	84	114	162	193	227	251	285	156.22222222222223
NM_001184202.1	35	64	93	126	135	173	219	283	278	156.22222222222223
NM_001182795.1	27	62	93	127	158	213	227	238	263	156.44444444444446
NM_001184521.1	40	75	100	133	151	176	217	247	270	156.55555555555554
NM_001178349.1	28	67	106	130	159	187	209	260	263	156.55555555555554
NM_001178638.1	32	61	80	112	165	190	231	258	281	156.66666666666666
NM_001178876.1	34	59	84	127	153	197	223	248	286	156.77777777777777
NM_001179101.1	46	73	80	132	155	185	215	268	257	156.77777777777777
NM_001184197.1	35	69	72	136	176	184	213	259	267	156.77777777777777
NM_001178322.1	34	65	82	153	171	172	207	236	293	157.0
NM_001182994.3	27	73	97	127	178	189	209	257	256	157.0
NM_001180369.3	34	56	93	118	152	213	228	242	277	157.0
NM_001178859.1	20	54	107	110	158	202	224	248	291	157.11111111111111
NM_001179752.1	35	59	90	121	155	186	214	256	298	157.11111111111111
NM_001181112.1	34	64	82	116	159	193	233	249	284	157.11111111111111
NM_001181346.3	38	68	81	126	142	197	238	269	256	157.22222222222223
NM_001180547.1	33	53	88	142	173	197	223	248	259	157.33333333333334
NM_001181285.1	23	47	96	126	173	214	229	237	272	157.44444444444446
NM_001180429.3	34	62	82	127	165	193	210	234	310	157.44444444444446
NM_001180972.1	21	60	87	125	180	175	231	246	292	157.44444444444446
NM_001180503.3	37	74	91	126	151	190	205	261	283	157.55555555555554
NM_001181294.1	33	57	104	105	141	206	226	256	290	157.55555555555554
NM_001179278.1	31	53	94	124	175	175	237	252	277	157.55555555555554
NM_001178452.3	25	73	103	107	151	178	222	258	301	157.55555555555554
NM_001183121.1	27	71	97	137	142	195	210	249	291	157.66666666666666
NM_001181061.1	26	74	86	132	171	186	229	235	281	157.77777777777777
NM_001178923.3	25	67	116	129	146	199	216	233	289	157.77777777777777
NM_001179366.1	18	64	96	138	145	186	228	251	296	158.0
NM_001182953.1	35	66	113	116	156	201	208	241	286	158.0
NM_001184455.1	41	67	96	127	149	200	217	247	278	158.0
NM_001179136.1	27	65	93	137	167	185	219	252	277	158.0
NM_001183265.1	28	60	95	132	150	195	217	262	284	158.11111111111111
NM_001183153.1	32	61	79	128	149	199	215	263	297	158.11111111111111
NM_001179533.1	27	70	91	119	153	193	217	282	272	158.22222222222223
NM_001178617.1	28	70	99	140	141	189	225	246	286	158.22222222222223
NM_001182811.1	28	66	108	133	146	205	222	246	273	158.55555555555554
NM_001179842.1	36	64	91	131	155	211	225	245	269	158.55555555555554
NM_001179418.1	41	56	99	124	157	171	236	255	289	158.66666666666666
NM_001179433.3	43	54	82	126	173	189	236	231	295	158.77777777777777
NM_001179249.1	42	55	86	127	162	197	220	257	284	158.88888888888889
NM_001183557.1	29	58	97	111	170	188	216	264	297	158.88888888888889
NM_001179047.1	33	69	93	122	160	178	229	263	284	159.0
NM_001181403.2	37	59	105	116	153	193	232	258	278	159.0
NM_001179266.1	29	60	105	137	163	201	233	235	272	159.44444444444446
NM_001180909.1	36	45	104	129	150	178	222	271	300	159.44444444444446
NM_001183924.1	29	68	99	125	173	193	210	262	276	159.44444444444446
NM_001179931.1	34	68	98	130	178	189	218	237	283	159.44444444444446
NM_001183206.3	32	71	107	126	153	204	221	249	272	159.44444444444446
NM_001181415.1	27	80	87	126	147	195	244	255	275	159.55555555555554
NM_001179732.1	30	63	86	129	154	181	225	262	306	159.55555555555554
NM_001180101.1	24	54	95	136	151	217	232	236	291	159.55555555555554
NM_001180776.3	37	77	96	124	139	207	221	249	287	159.66666666666666
NM_001182995.1	24	61	101	136	165	198	204	247	301	159.66666666666666
NM_001178273.1	36	43	107	135	157	194	219	258	288	159.66666666666666
NM_001183639.1	26	56	94	127	173	188	243	249	282	159.77777777777777
NM_001180619.3	23	80	101	120	147	215	218	251	284	159.88888888888889
NM_001183722.3	29	68	98	107	162	192	233	263	287	159.88888888888889
NM_001178517.1	25	74	97	134	163	190	212	258	289	160.22222222222223
NM_001184084.1	30	56	100	135	177	172	223	243	308	160.44444444444446
NM_001179600.1	27	53	102	130	157	189	229	252	305	160.44444444444446
NM_001183062.1	30	68	110	131	157	184	244	243	280	160.77777777777777
NM_001183604.1	33	58	111	129	157	182	250	270	258	160.88888888888889
NM_001181080.1	33	78	108	116	143	198	246	259	268	161.0
NM_001184414.1	48	59	93	144	157	179	234	264	272	161.11111111111111
NM_001184268.1	30	58	88	135	157	207	220	262	293	161.11111111111111
NM_001182258.1	29	53	84	154	155	168	253	261	293	161.11111111111111
NM_001181906.1	30	73	94	128	168	199	210	263	286	161.22222222222223
NM_001180014.3	39	74	107	131	166	198	228	244	265	161.33333333333334
NM_001183280.1	28	63	109	127	160	182	220	255	308	161.33333333333334
NM_001182413.1	33	65	101	147	151	177	234	251	293	161.33333333333334
NM_001182928.3	32	58	105	119	152	191	231	276	289	161.44444444444446
NM_001178687.1	24	69	87	133	154	205	239	258	285	161.55555555555554
NM_001182208.1	35	67	97	141	158	189	231	251	285	161.55555555555554
NM_001181224.1	38	79	96	127	162	187	235	258	272	161.55555555555554
NM_001181856.1	29	76	84	111	162	204	231	260	298	161.66666666666666
NM_001179133.1	34	65	109	119	174	206	217	250	283	161.88888888888889
NM_001183994.1	40	64	105	130	156	189	231	258	284	161.88888888888889
NM_001178403.1	35	56	88	130	159	192	227	276	297	162.22222222222223
NM_001183577.1	38	61	86	159	168	203	216	254	276	162.33333333333334
NM_001182729.1	30	66	98	141	156	186	236	256	292	162.33333333333334
NM_001182075.1	23	61	101	122	167	183	242	277	286	162.44444444444446
NM_001179976.1	31	61	109	124	158	180	242	245	315	162.77777777777777
NM_001179244.1	38	74	90	102	171	190	246	266	288	162.77777777777777
NM_001181543.1	39	59	102	112	174	189	221	259	312	163.0
NM_001178470.1	35	69	99	135	147	181	222	287	293	163.11111111111111
NM_001180545.3	41	65	95	145	145	207	229	263	279	163.22222222222223
NM_001179505.1	30	59	108	130	166	198	214	266	301	163.55555555555554
NM_001183053.1	49	44	111	148	163	200	222	238	297	163.55555555555554
NM_001179111.1	32	79	89	126	165	213	211	251	307	163.66666666666666
NM_001180945.1	31	58	96	140	164	191	234	261	299	163.77777777777777
NM_001181842.1	37	64	93	136	164	205	238	259	279	163.88888888888889
NM_001178321.1	30	67	91	123	172	200	239	254	300	164.0
NM_001183425.1	29	62	106	122	162	204	222	265	306	164.22222222222223
NM_001184225.1	21	79	103	128	172	202	233	252	289	164.33333333333334
NM_001183347.1	26	55	114	119	151	220	226	270	299	164.44444444444446
NM_001181486.1	30	64	113	146	172	188	217	263	287	164.44444444444446
NM_001183509.1	38	57	106	138	168	185	238	260	291	164.55555555555554
NM_001181691.3	35	57	98	127	157	212	236	266	293	164.55555555555554
NM_001180535.1	41	56	91	137	178	182	232	266	298	164.55555555555554
NM_001178333.1	34	76	90	131	163	212	229	254	292	164.55555555555554
NM_001181375.1	30	76	112	125	150	212	226	267	286	164.88888888888889
NM_001179429.1	47	48	86	128	165	203	257	266	285	165.0
NM_001183387.1	32	84	96	122	182	179	234	258	298	165.0
NM_001181176.3	35	63	93	146	166	196	220	272	301	165.77777777777777
NM_001180864.1	35	59	85	139	162	197	238	265	315	166.11111111111111
NM_001181791.1	38	69	89	140	170	192	223	263	312	166.22222222222223
NM_001178568.3	39	65	102	143	169	190	230	258	300	166.22222222222223
NM_001180841.1	36	70	104	144	167	217	204	252	303	166.33333333333334
NM_001184477.3	31	67	100	126	160	182	256	263	313	166.44444444444446
NM_001182106.1	36	86	99	128	168	191	229	279	282	166.44444444444446
NM_001182919.3	31	68	107	134	175	196	226	277	284	166.44444444444446
NM_001182916.3	26	76	105	127	171	208	219	264	303	166.55555555555554
NM_001184285.1	26	65	97	142	181	196	222	273	297	166.55555555555554
NM_001183953.1	36	79	94	122	173	196	228	277	294	166.55555555555554
NM_001181161.3	44	70	107	120	164	196	219	279	301	166.66666666666666
NM_001179875.1	41	74	112	126	148	197	244	259	300	166.77777777777777
NM_001179465.1	34	62	102	139	160	206	224	262	313	166.88888888888889
NM_001182698.1	21	48	110	144	168	206	219	278	309	167.0
NM_001183762.1	36	68	93	146	170	209	244	250	287	167.0
NM_001181946.1	29	58	94	121	178	214	223	280	306	167.0
NM_001180610.1	26	92	106	122	175	218	210	269	286	167.11111111111111
NM_001181892.1	33	67	91	144	162	195	269	241	303	167.22222222222223
NM_001181704.1	28	65	87	137	176	211	244	259	298	167.22222222222223
NM_001178341.1	30	75	115	133	174	202	208	288	281	167.33333333333334
NM_001182440.1	28	62	88	139	177	195	238	255	324	167.33333333333334
NM_001183391.1	43	71	95	129	160	202	220	273	314	167.44444444444446
NM_001179710.1	41	82	94	144	163	190	235	260	300	167.66666666666666
NM_001181312.1	44	66	106	125	168	204	229	284	283	167.66666666666666
NM_001181349.1	43	78	111	131	166	189	221	274	297	167.77777777777777
NM_001181203.3	34	69	118	132	162	195	234	272	294	167.77777777777777
NM_001178419.3	37	55	103	134	156	188	256	279	303	167.88888888888889
NM_001179584.3	34	57	102	152	154	191	262	274	285	167.88888888888889
NM_001179611.1	31	72	114	146	161	168	247	248	324	167.88888888888889
NM_001180357.1	25	70	107	148	171	174	244	286	287	168.0
NM_001179801.1	40	56	111	153	159	190	237	271	297	168.22222222222223
NM_001179696.1	31	64	105	135	164	216	224	270	306	168.33333333333334
NM_001178637.4	30	75	106	132	160	200	244	263	305	168.33333333333334
NM_001180003.1	37	75	87	135	155	220	244	259	303	168.33333333333334
NM_001179714.1	31	52	99	148	154	219	231	270	314	168.66666666666666
NM_001181637.1	31	65	121	129	177	198	224	274	300	168.77777777777777
NM_001179568.1	25	84	91	148	170	195	232	254	320	168.77777777777777
NM_001181034.1	32	51	100	136	162	204	254	260	320	168.77777777777777
NM_001183007.1	34	62	91	136	191	199	232	270	306	169.0
NM_001183457.1	30	62	111	137	168	197	237	272	309	169.22222222222223
NM_001179306.3	39	66	118	128	144	200	242	297	289	169.22222222222223
NM_001180897.3	25	72	112	147	167	212	228	279	282	169.33333333333334
NM_001181162.3	26	57	98	146	164	221	228	262	322	169.33333333333334
NM_001181010.2	40	62	115	142	147	208	235	269	306	169.33333333333334
NM_001180482.1	30	71	116	139	174	200	219	284	292	169.44444444444446
NM_001183116.1	37	58	103	139	172	202	252	270	292	169.44444444444446
NM_001182492.1	32	77	95	129	174	199	254	254	312	169.55555555555554
NM_001183192.1	35	69	106	135	177	208	221	266	309	169.55555555555554
NM_001179057.3	29	67	87	138	173	207	258	249	319	169.66666666666666
NM_001183635.3	43	66	92	144	168	199	223	281	311	169.66666666666666
NM_001178256.1	32	80	101	140	175	211	235	257	296	169.66666666666666
NM_001182862.1	30	68	110	128	181	207	241	254	308	169.66666666666666
NM_001179453.1	29	68	108	130	170	201	229	265	328	169.77777777777777
NM_001180938.3	43	65	105	137	174	197	223	285	301	170.0
NM_001181194.1	30	65	106	138	164	208	247	276	297	170.11111111111111
NM_001180446.3	39	63	109	146	173	198	259	254	290	170.11111111111111
NM_001179159.1	38	80	106	139	176	203	220	276	294	170.22222222222223
NM_001183742.3	36	72	104	141	190	201	239	258	291	170.22222222222223
NM_001182112.1	36	69	105	135	157	219	234	286	291	170.22222222222223
NM_001181800.3	32	68	91	143	193	194	220	270	322	170.33333333333334
NM_001180994.2	32	70	93	170	182	206	232	249	299	170.33333333333334
NM_001181905.1	35	77	110	130	165	195	233	284	305	170.44444444444446
NM_001180488.3	40	59	93	128	168	211	254	258	323	170.44444444444446
NM_001184105.1	33	66	101	147	157	209	248	271	304	170.66666666666666
NM_001180931.1	49	82	104	112	166	205	240	267	312	170.77777777777777
NM_001183615.1	28	73	93	122	170	234	238	274	305	170.77777777777777
NM_001182821.1	36	78	102	130	172	209	224	261	325	170.77777777777777
NM_001178390.1	31	63	111	128	170	215	242	286	292	170.88888888888889
NM_001181177.1	39	67	97	139	158	198	258	263	320	171.0
NM_001183074.1	28	55	98	123	175	204	250	283	325	171.22222222222223
NM_001180552.1	31	66	105	131	138	213	253	292	315	171.55555555555554
NM_001180715.1	26	67	101	138	188	213	221	270	320	171.55555555555554
NM_001180730.3	46	67	101	132	169	195	248	286	302	171.77777777777777
NM_001179211.1	31	60	94	137	191	211	259	282	282	171.88888888888889
NM_001180888.3	26	72	88	145	181	197	247	282	310	172.0
NM_001180413.3	33	81	92	129	183	205	236	271	320	172.22222222222223
NM_001178758.1	42	72	113	137	184	209	216	289	288	172.22222222222223
NM_001179644.1	39	75	120	126	165	185	259	281	304	172.66666666666666
NM_001179594.3	32	76	101	157	170	183	264	270	302	172.77777777777777
NM_001178277.1	33	59	92	151	165	207	259	276	314	172.88888888888889
NM_001180708.3	30	71	100	136	177	187	240	292	324	173.0
NM_001178858.3	34	69	110	145	156	223	224	284	313	173.11111111111111
NM_001184117.1	36	60	100	128	170	190	245	303	326	173.11111111111111
NM_001178563.3	32	69	98	162	163	207	240	284	305	173.33333333333334
NM_001183906.1	34	66	91	153	179	219	245	284	289	173.33333333333334
NM_001184295.1	49	80	104	139	173	223	237	269	286	173.33333333333334
NM_001182588.1	37	62	102	142	153	223	246	270	327	173.55555555555554
NM_001179720.1	36	62	108	134	151	222	254	271	325	173.66666666666666
NM_001178483.3	33	66	119	139	163	199	240	278	328	173.88888888888889
NM_001179232.1	32	66	104	136	183	211	249	281	304	174.0
NM_001178485.2	34	84	103	144	158	202	243	292	307	174.11111111111111
NM_001180249.1	42	76	102	160	140	225	246	278	299	174.22222222222223
NM_001184119.1	31	60	81	137	175	218	250	276	340	174.22222222222223
NM_001178907.1	31	62	114	135	177	214	235	286	317	174.55555555555554
NM_001184348.1	24	79	103	130	180	210	247	282	320	175.0
NM_001182887.1	36	74	98	134	165	245	226	279	319	175.11111111111111
NM_001178297.2	26	84	95	141	182	207	220	293	329	175.22222222222223
NM_001181747.1	21	71	114	149	183	225	246	265	304	175.33333333333334
NM_001182854.1	32	63	116	141	185	223	246	264	310	175.55555555555554
NM_001179984.2	37	63	86	144	157	229	245	292	328	175.66666666666666
NM_001182374.1	35	59	126	139	181	235	242	258	313	176.44444444444446
NM_001182376.1	40	79	115	148	168	209	256	277	297	176.55555555555554
NM_001184029.1	29	74	101	137	182	232	247	286	302	176.66666666666666
NM_001184443.1	35	60	94	157	172	228	255	278	311	176.66666666666666
NM_001179706.1	35	62	107	149	180	225	253	280	301	176.88888888888889
NM_001180936.1	31	66	117	140	173	213	250	276	327	177.0
NM_001181965.1	31	79	100	133	187	212	261	263	327	177.0
NM_001179850.1	37	77	102	139	156	193	248	296	347	177.22222222222223
NM_001182385.1	34	59	104	150	199	214	239	288	309	177.33333333333334
NM_001179819.3	39	65	123	133	161	222	251	280	323	177.44444444444446
NM_001184172.1	30	79	107	150	182	221	232	290	308	177.66666666666666
NM_001179184.1	36	72	97	152	177	206	246	289	328	178.11111111111111
NM_001180500.3	48	78	90	125	181	214	244	299	324	178.11111111111111
NM_001179257.1	36	75	99	145	183	223	247	270	326	178.22222222222223
NM_001184152.1	35	71	112	126	179	217	246	291	328	178.33333333333334
NM_001179207.1	29	68	106	165	181	202	244	269	342	178.44444444444446
NM_001181325.1	35	62	101	155	165	216	258	288	327	178.55555555555554
NM_001180578.1	39	65	110	138	166	228	233	288	340	178.55555555555554
NM_001184619.3	39	71	99	136	173	204	242	310	334	178.66666666666666
NM_001182962.3	40	60	113	142	161	225	257	293	323	179.33333333333334
NM_001180515.1	37	59	116	145	182	212	257	299	307	179.33333333333334
NM_001180474.3	42	74	97	147	194	221	251	285	304	179.44444444444446
NM_001184155.1	37	72	98	143	173	219	224	290	360	179.55555555555554
NM_001179995.3	36	59	116	139	191	198	239	296	343	179.66666666666666
NM_001178307.2	38	68	106	133	169	230	252	283	342	180.11111111111111
NM_001182792.1	39	75	111	150	174	215	250	293	314	180.11111111111111
NM_001182823.1	33	74	113	135	166	235	258	285	324	180.33333333333334
NM_001181743.1	44	62	104	159	178	206	251	283	338	180.55555555555554
NM_001179759.1	38	81	103	126	185	215	265	300	314	180.77777777777777
NM_001183096.1	42	78	114	155	167	223	241	296	314	181.11111111111111
NM_001180794.3	33	67	125	139	180	214	261	283	328	181.11111111111111
NM_001182031.1	33	66	104	148	186	218	249	285	341	181.11111111111111
NM_001178548.3	37	85	99	147	175	211	252	291	333	181.11111111111111
NM_001179252.1	32	84	114	150	206	197	250	288	310	181.22222222222223
NM_001179460.1	32	57	97	168	181	244	240	291	323	181.44444444444446
NM_001182937.3	35	67	93	145	204	234	241	290	325	181.55555555555554
NM_001181612.2	47	66	104	153	172	208	249	296	339	181.55555555555554
NM_001181920.1	36	74	90	149	189	216	260	308	314	181.77777777777777
NM_001183208.1	28	69	106	148	164	227	271	288	337	182.0
NM_001179013.1	34	76	94	152	177	199	257	297	353	182.11111111111111
NM_001182799.1	46	81	95	154	160	224	261	312	308	182.33333333333334
NM_001181830.1	27	62	123	153	192	237	260	267	321	182.44444444444446
NM_001179280.1	34	76	97	125	192	231	249	314	325	182.55555555555554
NM_001180388.3	26	80	112	151	193	221	267	293	303	182.88888888888889
NM_001179629.1	34	67	98	134	197	208	276	291	341	182.88888888888889
NM_001184683.1	26	60	105	127	197	210	268	297	357	183.0
NM_001183774.1	39	58	109	162	176	214	250	310	332	183.33333333333334
NM_001183710.1	35	81	109	168	176	223	237	297	324	183.33333333333334
NM_001183369.1	44	85	110	168	169	222	251	281	321	183.44444444444446
NM_001179858.1	36	76	103	146	162	227	270	291	340	183.44444444444446
NM_001184041.1	35	77	119	153	198	215	241	282	332	183.55555555555554
NM_001181942.1	44	85	103	150	162	233	257	303	317	183.77777777777777
NM_001183189.1	38	75	114	171	182	231	258	270	316	183.88888888888889
NM_001183299.1	42	69	108	139	206	217	234	300	342	184.11111111111111
NM_001179317.1	36	67	118	154	181	221	247	294	339	184.11111111111111
NM_001179454.1	36	77	114	144	177	224	257	293	337	184.33333333333334
NM_001182372.1	24	68	113	146	185	205	268	284	367	184.44444444444446
NM_001178704.1	42	65	131	137	162	225	271	295	336	184.88888888888889
NM_001181524.1	28	77	123	139	189	209	243	306	350	184.88888888888889
NM_001179964.1	37	79	118	121	190	240	263	290	328	185.11111111111111
NM_001182387.1	39	77	110	148	181	222	287	289	317	185.55555555555554
NM_001183797.3	35	64	106	136	198	236	275	311	309	185.55555555555554
NM_001181192.3	32	87	113	159	198	217	264	278	322	185.55555555555554
NM_001182954.3	41	86	117	157	188	212	262	297	311	185.66666666666666
NM_001178741.1	44	78	97	164	192	235	254	291	316	185.66666666666666
NM_001181789.3	33	60	120	151	189	249	266	288	315	185.66666666666666
NM_001182568.1	34	76	117	153	186	224	248	305	329	185.77777777777777
NM_001180292.1	30	77	109	161	181	219	261	277	359	186.0
NM_001183630.1	37	81	124	129	200	209	248	304	342	186.0
NM_001183021.1	40	64	116	154	182	226	268	281	344	186.11111111111111
NM_001183011.1	45	53	110	153	200	214	263	299	338	186.11111111111111
NM_001181782.3	32	86	100	156	187	217	264	309	325	186.22222222222223
NM_001182506.1	37	77	130	145	203	222	244	274	345	186.33333333333334
NM_001179796.3	37	75	120	153	209	210	267	283	324	186.44444444444446
NM_001182130.1	33	64	102	143	194	231	264	304	343	186.44444444444446
NM_001183285.1	29	72	115	171	165	224	255	301	346	186.44444444444446
NM_001181548.1	42	86	101	132	171	236	288	283	341	186.66666666666666
NM_001182878.3	35	81	115	154	193	209	260	297	336	186.66666666666666
NM_001179044.1	32	82	128	134	179	237	263	282	344	186.77777777777777
NM_001181667.1	37	67	115	146	189	235	268	294	331	186.88888888888889
NM_001180952.1	38	65	119	138	188	225	289	292	328	186.88888888888889
NM_001180903.1	38	64	121	161	178	234	265	293	328	186.88888888888889
NM_001178429.1	43	65	129	148	174	234	259	292	340	187.11111111111111
NM_001181784.1	37	71	108	149	210	225	261	300	323	187.11111111111111
NM_001183102.1	42	74	104	157	194	225	249	322	318	187.22222222222223
NM_001179458.1	46	72	113	142	165	222	271	307	347	187.22222222222223
NM_001180842.1	31	81	121	158	164	215	270	314	332	187.33333333333334
NM_001182364.1	39	64	111	155	199	233	265	295	328	187.66666666666666
NM_001183373.1	38	73	109	158	168	223	288	290	343	187.77777777777777
NM_001183749.3	34	69	114	157	180	240	271	296	330	187.88888888888889
NM_001179436.1	33	74	118	153	198	223	253	305	335	188.0
NM_001181331.1	35	75	104	145	176	238	272	301	348	188.22222222222223
NM_001181043.1	28	77	110	148	187	232	268	301	344	188.33333333333334
NM_001178584.3	40	76	130	137	184	227	274	312	317	188.55555555555554
NM_001182260.1	26	78	92	150	187	242	271	309	344	188.77777777777777
NM_001179740.1	44	78	114	165	178	226	268	291	337	189.0
NM_001182810.1	45	71	134	145	181	217	265	306	340	189.33333333333334
NM_001178274.1	33	88	104	153	207	232	248	304	335	189.33333333333334
NM_001178913.1	46	86	103	155	208	215	255	292	345	189.44444444444446
NM_001183610.1	34	72	121	147	196	219	285	269	363	189.55555555555554
NM_001181364.1	40	56	127	167	182	213	283	298	340	189.55555555555554
NM_001182053.1	30	71	118	148	193	222	269	315	340	189.55555555555554
NM_001183476.1	31	69	105	158	200	222	252	324	348	189.88888888888889
NM_001181707.1	46	74	121	159	180	233	277	297	325	190.22222222222223
NM_001184531.3	43	73	113	156	186	234	259	305	343	190.22222222222223
NM_001182941.3	42	86	109	166	192	226	270	288	334	190.33333333333334
NM_001183059.1	29	80	112	142	168	232	271	304	375	190.33333333333334
NM_001181173.1	33	79	120	147	175	242	272	320	325	190.33333333333334
NM_001178586.1	38	74	125	154	193	220	274	308	329	190.55555555555554
NM_001183136.1	37	70	111	164	186	250	249	321	328	190.66666666666666
NM_001180847.1	37	87	112	154	173	226	270	320	338	190.77777777777777
NM_001178458.3	36	66	109	158	218	229	278	285	338	190.77777777777777
NM_001179146.1	32	65	127	163	196	209	281	316	330	191.0
NM_001183232.3	45	75	124	172	184	219	258	293	350	191.11111111111111
NM_001182763.1	37	70	110	154	187	232	267	301	362	191.11111111111111
NM_001183105.1	43	69	116	171	192	210	261	298	361	191.22222222222223
NM_001178494.1	44	65	133	126	198	232	274	306	343	191.22222222222223
NM_001183779.3	37	82	117	147	169	234	277	323	336	191.33333333333334
NM_001183055.1	53	89	100	146	204	234	244	313	339	191.33333333333334
NM_001182860.1	42	76	128	143	185	231	278	285	358	191.77777777777777
NM_001182128.1	32	76	111	155	178	248	274	307	346	191.88888888888889
NM_001178162.2	44	73	127	151	190	223	269	313	338	192.0
NM_001178623.4	38	62	121	162	189	253	266	299	339	192.11111111111111
NM_001180981.1	34	80	130	157	186	234	267	320	322	192.22222222222223
NM_001180411.1	32	73	115	153	193	235	257	297	376	192.33333333333334
NM_001182371.1	39	74	112	151	190	227	260	325	354	192.44444444444446
NM_001180675.1	29	71	119	165	206	216	279	307	340	192.44444444444446
NM_001179272.1	31	72	96	156	206	254	263	315	339	192.44444444444446
NM_001181379.3	42	73	123	138	198	237	247	325	350	192.55555555555554
NM_001178175.1	40	89	117	147	187	246	276	294	339	192.77777777777777
NM_001182035.1	36	79	124	174	179	225	264	302	352	192.77777777777777
NM_001183531.1	37	72	108	163	186	246	282	298	343	192.77777777777777
NM_001181148.3	33	100	117	150	215	235	246	301	340	193.0
NM_001183780.1	45	87	118	155	189	218	266	295	364	193.0
NM_001180947.3	34	87	127	135	209	237	288	290	331	193.11111111111111
NM_001179093.1	46	76	110	163	190	234	277	304	338	193.11111111111111
NM_001180664.3	39	83	115	132	181	230	275	323	361	193.22222222222223
NM_001183792.1	37	82	108	151	211	244	260	297	351	193.44444444444446
NM_001182500.1	39	67	115	170	180	222	249	327	372	193.44444444444446
NM_001183942.1	32	75	130	149	177	227	284	313	355	193.55555555555554
NM_001178394.1	36	70	114	153	205	234	279	315	337	193.66666666666666
NM_001180886.1	33	75	98	170	197	231	275	307	361	194.11111111111111
NM_001178839.3	36	60	125	163	178	256	243	327	360	194.22222222222223
NM_001178908.1	28	76	139	146	211	236	260	302	356	194.88888888888889
NM_001180615.3	40	72	134	164	187	237	282	296	342	194.88888888888889
NM_001178986.3	54	89	111	156	177	233	280	306	349	195.0
NM_001183793.3	52	83	112	168	208	231	259	297	346	195.11111111111111
NM_001182541.1	44	69	119	142	190	247	271	324	351	195.22222222222223
NM_001181062.2	51	70	110	161	185	255	286	312	332	195.77777777777777
NM_001181966.1	40	82	115	164	194	233	293	311	331	195.88888888888889
NM_001180005.2	43	83	106	159	197	231	273	321	352	196.11111111111111
NM_001178935.1	44	81	109	145	203	262	279	304	340	196.33333333333334
NM_001179206.1	35	81	130	146	204	236	267	318	350	196.33333333333334
NM_001180719.1	35	86	112	159	204	253	246	315	359	196.55555555555554
NM_001180371.1	35	86	115	152	203	240	270	309	360	196.66666666666666
NM_001178578.1	33	82	132	173	173	221	283	329	346	196.88888888888889
NM_001183039.1	49	77	118	150	181	242	277	311	368	197.0
NM_001180450.3	40	69	118	153	202	252	277	307	355	197.0
NM_001183205.3	34	70	104	166	199	255	271	318	358	197.22222222222223
NM_001181982.1	32	77	121	170	168	242	280	327	359	197.33333333333334
NM_001181221.3	39	82	107	154	194	261	265	311	363	197.33333333333334
NM_001183097.1	50	74	113	165	190	247	274	310	354	197.44444444444446
NM_001180458.1	43	79	118	167	198	225	294	308	346	197.55555555555554
NM_001184415.2	56	72	111	175	201	225	289	319	336	198.22222222222223
NM_001180176.1	44	71	131	158	203	234	281	327	335	198.22222222222223
NM_001180525.1	38	83	115	141	218	236	269	321	364	198.33333333333334
NM_001182110.1	28	73	121	160	201	223	304	316	359	198.33333333333334
NM_001179338.1	43	78	112	152	204	240	277	319	360	198.33333333333334
NM_001180705.1	49	70	124	141	193	242	293	323	352	198.55555555555554
NM_001182096.1	42	70	120	170	212	233	263	319	358	198.55555555555554
NM_001184653.1	39	81	120	166	211	221	291	303	356	198.66666666666666
NM_001179370.3	40	74	120	148	226	228	276	323	358	199.22222222222223
NM_001179630.1	46	92	130	166	198	226	269	319	348	199.33333333333334
NM_001179654.1	32	84	124	153	227	233	277	321	343	199.33333333333334
NM_001179369.1	45	74	116	163	193	236	299	321	351	199.77777777777777
NM_001179451.1	37	97	99	164	207	236	277	333	349	199.88888888888889
NM_001179624.1	45	67	126	140	221	243	266	324	367	199.88888888888889
NM_001181514.1	38	88	117	161	207	260	288	295	345	199.88888888888889
NM_001179061.3	47	72	122	150	204	235	277	318	374	199.88888888888889
NM_001183582.1	36	80	102	194	174	235	293	327	359	200.0
NM_001178438.4	35	74	105	170	216	256	277	322	347	200.22222222222223
NM_001179414.2	37	93	113	173	203	225	295	303	361	200.33333333333334
NM_001183990.1	40	71	132	160	207	230	293	307	364	200.44444444444446
NM_001183845.1	43	76	108	172	195	259	270	310	373	200.66666666666666
NM_001183777.3	25	75	132	155	201	266	260	333	361	200.88888888888889
NM_001183995.1	45	88	115	161	180	232	281	343	363	200.88888888888889
NM_001183315.1	48	73	113	159	217	225	286	303	384	200.88888888888889
NM_001179483.1	43	85	109	151	202	249	292	331	347	201.0
NM_001184145.1	33	83	112	158	212	234	276	333	368	201.0
NM_001183376.1	32	89	104	158	213	244	302	318	351	201.22222222222223
NM_001183462.1	48	85	122	151	193	257	272	317	367	201.33333333333334
NM_001182906.3	34	77	115	178	200	244	264	334	367	201.44444444444446
NM_001184222.1	49	90	113	152	207	254	299	307	345	201.77777777777777
NM_001183740.3	41	74	117	154	199	221	318	332	362	202.0
NM_001178853.1	41	62	121	161	201	259	287	329	357	202.0
NM_001182328.3	34	73	138	181	194	243	294	315	347	202.11111111111111
NM_001178456.2	37	90	122	178	230	252	264	295	354	202.44444444444446
NM_001182302.3	32	79	114	154	202	267	263	338	373	202.44444444444446
NM_001182237.1	30	78	125	179	190	241	271	327	381	202.44444444444446
NM_001183256.1	43	83	128	163	202	238	276	343	347	202.55555555555554
NM_001179142.1	42	84	129	153	206	254	278	325	352	202.55555555555554
NM_001180473.3	42	91	128	165	200	258	266	314	359	202.55555555555554
NM_001182424.1	35	83	121	154	202	237	292	329	372	202.77777777777777
NM_001183403.1	36	80	95	164	202	251	290	327	380	202.77777777777777
NM_001181121.1	39	84	122	173	208	246	283	312	360	203.0
NM_001184474.3	39	87	120	148	198	247	281	328	379	203.0
NM_001180697.1	41	58	104	176	212	256	282	317	383	203.22222222222223
NM_001180618.1	46	83	136	170	208	215	265	328	378	203.22222222222223
NM_001178832.3	35	87	120	145	205	257	287	334	361	203.44444444444446
NM_001182782.1	43	79	116	153	198	270	282	310	381	203.55555555555554
NM_001183273.1	50	87	111	161	185	258	289	335	356	203.55555555555554
NM_001183019.2	43	76	117	182	216	252	287	323	337	203.66666666666666
NM_001179978.1	34	83	123	171	189	253	273	318	389	203.66666666666666
NM_001181761.4	41	75	117	171	198	236	286	337	374	203.88888888888889
NM_001181925.1	47	81	122	170	193	236	304	310	372	203.88888888888889
NM_001183290.1	30	73	106	173	195	249	292	341	377	204.0
NM_001182738.1	40	81	134	141	188	244	287	347	374	204.0
NM_001178227.1	48	81	105	173	194	264	297	305	370	204.11111111111111
NM_001182094.1	41	90	96	176	216	256	302	304	358	204.33333333333334
NM_001179953.1	36	72	131	166	197	246	291	314	386	204.33333333333334
NM_001179806.1	48	92	106	154	213	237	293	334	365	204.66666666666666
NM_001183497.1	44	80	118	158	223	237	298	311	373	204.66666666666666
NM_001179679.1	43	80	123	166	225	226	302	325	354	204.88888888888889
NM_001178800.1	35	73	112	170	208	261	295	344	347	205.0
NM_001179478.1	44	83	131	166	190	243	294	311	385	205.22222222222223
NM_001179475.1	50	89	111	168	194	234	277	348	379	205.55555555555554
NM_001181306.1	38	81	134	163	187	230	310	327	381	205.66666666666666
NM_001180659.3	33	81	126	155	208	246	283	348	371	205.66666666666666
NM_001181558.1	39	71	137	167	215	249	277	335	361	205.66666666666666
NM_001180657.1	49	64	142	177	205	265	267	309	374	205.77777777777777
NM_001184056.1	46	71	129	175	206	256	286	327	357	205.88888888888889
NM_001181981.1	44	74	121	165	209	253	291	329	367	205.88888888888889
NM_001180772.3	59	76	138	142	206	258	282	335	360	206.22222222222223
NM_001178604.1	48	72	130	152	195	240	309	331	379	206.22222222222223
NM_001182866.1	37	84	121	174	197	238	307	328	371	206.33333333333334
NM_001182377.1	44	79	121	165	215	252	295	323	364	206.44444444444446
NM_001184377.1	37	93	135	172	199	259	278	316	374	207.0
NM_001181938.1	54	96	116	173	198	231	299	339	359	207.22222222222223
NM_001179676.1	53	90	122	156	203	236	303	340	362	207.22222222222223
NM_001178761.1	27	70	112	176	192	270	289	344	386	207.33333333333334
NM_001183538.3	41	80	118	167	200	255	292	331	383	207.44444444444446
NM_001184002.1	36	74	139	180	199	273	274	338	355	207.55555555555554
NM_001181683.1	36	85	144	183	202	237	272	343	367	207.66666666666666
NM_001179672.1	42	85	122	175	196	261	271	336	381	207.66666666666666
NM_001180878.1	28	75	122	170	228	236	314	328	369	207.77777777777777
NM_001184454.1	42	86	124	167	197	256	284	331	383	207.77777777777777
NM_001180591.3	53	82	108	158	207	242	309	341	371	207.88888888888889
NM_001184258.1	48	77	134	167	196	244	309	344	352	207.88888888888889
NM_001184129.1	38	78	119	172	192	256	302	332	383	208.0
NM_001179716.1	38	87	120	157	218	249	297	332	374	208.0
NM_001179082.1	44	86	128	159	220	243	298	325	371	208.22222222222223
NM_001178409.3	35	86	130	162	202	265	304	324	366	208.22222222222223
NM_001182771.1	41	93	131	173	190	246	294	320	387	208.33333333333334
NM_001180485.1	52	91	119	163	186	245	288	344	387	208.33333333333334
NM_001181973.1	44	95	97	179	190	241	287	351	392	208.44444444444446
NM_001178796.1	32	92	137	167	199	259	280	348	363	208.55555555555554
NM_001181099.1	50	80	123	168	203	280	292	330	351	208.55555555555554
NM_001179857.3	34	90	126	160	195	265	307	320	380	208.55555555555554
NM_001182020.1	29	80	121	166	193	257	311	341	381	208.77777777777777
NM_001181146.1	48	90	127	147	210	241	291	331	394	208.77777777777777
NM_001184142.1	37	78	127	168	197	287	306	320	362	209.11111111111111
NM_001181709.1	57	93	126	177	192	232	291	332	384	209.33333333333334
NM_001181356.2	49	89	112	160	216	259	265	343	391	209.33333333333334
NM_001180225.1	48	71	143	173	205	243	263	367	374	209.66666666666666
NM_001182893.3	38	85	136	171	223	242	291	318	383	209.66666666666666
NM_001182861.3	38	88	112	172	199	262	299	337	381	209.77777777777777
NM_001179203.1	32	84	136	147	195	245	310	354	385	209.77777777777777
NM_001182520.1	43	88	125	161	206	265	286	332	383	209.88888888888889
NM_001182874.1	47	90	133	154	199	288	286	331	362	210.0
NM_001182784.1	53	101	138	137	226	245	298	326	367	210.11111111111111
NM_001180279.1	43	97	134	152	212	260	275	321	398	210.22222222222223
NM_001179283.1	42	74	131	155	199	241	324	343	384	210.33333333333334
NM_001179878.3	46	83	130	179	197	248	278	341	391	210.33333333333334
NM_001181287.3	47	89	127	164	184	256	287	372	369	210.55555555555554
NM_001183506.1	37	83	127	176	224	258	303	327	361	210.66666666666666
NM_001183724.1	32	84	136	175	207	249	291	358	365	210.77777777777777
NM_001180392.3	43	90	120	174	206	274	286	351	354	210.88888888888889
NM_001179456.1	37	71	120	157	209	251	301	357	397	211.11111111111111
NM_001182275.3	42	84	131	186	215	244	298	346	358	211.55555555555554
NM_001179779.1	50	84	122	158	220	251	291	344	386	211.77777777777777
NM_001178751.1	40	86	116	166	219	258	303	326	392	211.77777777777777
NM_001182086.1	47	69	122	176	227	240	301	338	388	212.0
NM_001181405.1	38	89	124	174	233	236	288	339	388	212.11111111111111
NM_001183671.1	40	81	139	158	221	247	324	331	371	212.44444444444446
NM_001180529.3	37	86	148	188	191	252	276	347	390	212.77777777777777
NM_001180932.3	45	92	128	180	228	231	290	330	391	212.77777777777777
NM_001181240.1	38	88	136	169	201	248	302	339	396	213.0
NM_001180784.1	39	78	144	197	203	256	277	351	372	213.0
NM_001178435.3	47	91	153	143	205	269	288	339	384	213.22222222222223
NM_001183929.1	51	93	130	159	211	261	305	331	378	213.22222222222223
NM_001182853.3	38	87	121	189	211	251	292	328	402	213.22222222222223
NM_001181424.1	51	81	139	177	203	254	280	351	385	213.44444444444446
NM_001180179.1	34	80	128	181	204	236	317	320	423	213.66666666666666
NM_001179880.4	41	88	128	153	220	250	293	339	411	213.66666666666666
NM_001183122.1	46	85	123	180	200	243	308	365	380	214.44444444444446
NM_001180835.4	46	93	133	160	231	273	296	327	373	214.66666666666666
NM_001179084.1	46	102	129	187	184	259	271	354	400	214.66666666666666
NM_001179300.1	36	78	141	169	210	247	309	332	410	214.66666666666666
NM_001183183.3	45	77	123	178	215	255	313	345	384	215.0
NM_001181136.1	31	72	133	167	228	259	290	359	396	215.0
NM_001180800.1	43	83	131	154	213	272	311	333	396	215.11111111111111
NM_001182540.1	46	97	111	157	234	267	275	359	392	215.33333333333334
NM_001182880.1	32	80	139	156	225	237	301	368	400	215.33333333333334
NM_001180112.1	35	80	130	181	219	257	318	330	389	215.44444444444446
NM_001181932.1	38	68	152	161	214	271	305	351	380	215.55555555555554
NM_001181936.1	48	95	127	176	229	250	294	338	383	215.55555555555554
NM_001181895.1	45	81	128	178	214	246	302	355	392	215.66666666666666
NM_001182625.1	41	82	133	177	218	247	308	361	374	215.66666666666666
NM_001183159.1	38	100	129	173	212	260	288	331	411	215.77777777777777
NM_001179691.1	45	98	139	189	202	245	315	334	375	215.77777777777777
NM_001180966.1	54	74	124	179	222	284	291	363	354	216.11111111111111
NM_001178747.1	61	85	130	168	228	266	293	343	371	216.11111111111111
NM_001183926.1	48	89	125	182	190	260	310	359	383	216.22222222222223
NM_001182107.1	43	86	128	174	221	259	295	345	397	216.44444444444446
NM_001182197.2	50	65	129	167	208	268	303	356	403	216.55555555555554
NM_001179376.1	45	80	114	173	217	272	301	352	396	216.66666666666666
NM_001179377.1	38	83	129	171	205	270	322	348	384	216.66666666666666
NM_001178450.1	41	98	141	161	208	265	295	346	397	216.88888888888889
NM_001182704.1	36	79	131	165	222	268	325	340	386	216.88888888888889
NM_001181913.1	32	96	146	181	234	256	306	332	369	216.88888888888889
NM_001179001.1	38	85	120	191	218	271	297	337	397	217.11111111111111
NM_001182565.1	40	87	122	168	224	264	283	345	428	217.88888888888889
NM_001179739.1	51	88	134	181	199	251	286	370	401	217.88888888888889
NM_001180698.3	54	87	126	176	217	256	297	356	392	217.88888888888889
NM_001184263.1	45	74	137	149	235	261	304	375	381	217.88888888888889
NM_001180353.1	44	97	147	165	224	255	305	344	381	218.0
NM_001179479.1	45	83	123	184	200	273	313	325	418	218.22222222222223
NM_001182069.1	47	80	139	176	207	259	298	350	408	218.22222222222223
NM_001178613.2	41	88	142	165	220	258	298	373	380	218.33333333333334
NM_001181706.1	52	90	125	194	204	262	298	341	400	218.44444444444446
NM_001181400.4	37	91	119	183	216	268	294	347	412	218.55555555555554
NM_001183493.1	46	77	126	161	231	275	289	355	408	218.66666666666666
NM_001178865.3	42	84	147	174	203	278	313	355	374	218.88888888888889
NM_001180124.1	47	83	129	190	234	246	306	342	393	218.88888888888889
NM_001184512.1	36	101	133	183	208	271	323	344	372	219.0
NM_001182610.1	46	77	150	161	221	248	294	364	414	219.44444444444446
NM_001180314.3	36	87	140	178	214	258	294	362	407	219.55555555555554
NM_001181210.3	54	96	118	175	212	250	295	374	403	219.66666666666666
NM_001184066.1	50	105	133	164	212	267	315	353	378	219.66666666666666
NM_001180147.1	41	86	129	187	220	273	308	355	379	219.77777777777777
NM_001182342.1	48	101	145	166	221	259	294	355	391	220.0
NM_001181327.3	46	98	89	188	209	257	333	367	397	220.44444444444446
NM_001179828.1	56	95	134	171	210	259	328	321	411	220.55555555555554
NM_001182785.1	50	87	137	177	237	252	289	370	387	220.66666666666666
NM_001183984.1	47	83	136	164	231	258	324	358	386	220.77777777777777
NM_001182081.1	52	85	143	168	230	243	323	353	390	220.77777777777777
NM_001182897.1	46	81	114	189	214	254	334	366	390	220.88888888888889
NM_001183126.1	44	84	142	171	218	283	303	341	403	221.0
NM_001183348.1	50	88	131	196	205	256	289	369	405	221.0
NM_001179469.1	42	95	127	172	224	264	316	350	399	221.0
NM_001183932.1	38	79	122	181	240	253	313	357	407	221.11111111111111
NM_001179337.3	38	103	147	176	234	272	284	369	367	221.11111111111111
NM_001183224.1	44	94	121	165	244	269	319	347	390	221.44444444444446
NM_001179586.1	45	96	124	180	223	273	309	347	401	222.0
NM_001178201.2	46	81	127	169	215	278	299	362	422	222.11111111111111
NM_001181085.1	42	97	124	163	206	290	316	346	416	222.22222222222223
NM_001184188.1	52	79	146	176	217	282	309	368	374	222.55555555555554
NM_001180062.1	38	76	139	181	223	268	313	360	406	222.66666666666666
NM_001180930.1	61	95	125	190	205	251	307	354	417	222.77777777777777
NM_001179431.2	52	95	138	169	228	253	315	367	394	223.44444444444446
NM_001182001.1	41	95	136	176	243	273	308	366	375	223.66666666666666
NM_001181682.3	49	82	136	183	213	261	321	379	391	223.88888888888889
NM_001183342.1	45	89	149	176	223	259	330	355	389	223.88888888888889
NM_001178275.1	52	105	134	174	216	278	337	344	378	224.22222222222223
NM_001178788.1	44	81	131	183	215	299	334	343	390	224.44444444444446
NM_001180152.1	46	88	139	172	211	285	321	344	417	224.77777777777777
NM_001178402.1	41	90	137	156	233	274	346	348	398	224.77777777777777
NM_001181956.1	42	88	123	182	239	269	315	362	404	224.88888888888889
NM_001180126.1	42	81	136	184	247	263	309	358	405	225.0
NM_001181952.1	31	93	127	213	205	264	314	358	421	225.11111111111111
NM_001179491.1	44	88	127	171	231	278	311	356	421	225.22222222222223
NM_001184269.1	55	97	118	187	232	270	322	363	383	225.22222222222223
NM_001182347.1	53	89	139	194	227	262	295	370	402	225.66666666666666
NM_001182536.1	51	85	141	167	246	267	318	343	413	225.66666666666666
NM_001182559.1	55	104	113	180	209	275	344	361	390	225.66666666666666
NM_001182005.1	43	98	145	167	217	276	313	369	404	225.77777777777777
NM_001180681.3	41	82	122	181	248	270	332	353	406	226.11111111111111
NM_001182149.1	32	93	139	194	232	266	310	358	412	226.22222222222223
NM_001181370.3	40	101	125	171	213	283	320	362	422	226.33333333333334
NM_001181107.1	40	91	132	196	234	276	312	338	418	226.33333333333334
NM_001181055.1	47	95	139	181	206	269	316	362	422	226.33333333333334
NM_001179251.1	40	87	157	191	225	267	318	372	381	226.44444444444446
NM_001179768.1	51	90	140	178	225	274	291	396	394	226.55555555555554
NM_001178508.3	53	88	119	185	249	255	322	348	421	226.66666666666666
NM_001180327.1	47	99	122	188	231	280	304	378	392	226.77777777777777
NM_001179241.1	52	103	138	184	221	256	291	364	433	226.88888888888889
NM_001183335.1	42	82	151	179	222	273	313	365	415	226.88888888888889
NM_001179279.1	41	95	128	185	235	265	326	361	406	226.88888888888889
NM_001181702.3	40	97	122	187	254	256	291	377	419	227.0
NM_001180408.3	42	93	147	175	234	287	306	341	418	227.0
NM_001178294.1	44	87	134	197	221	269	338	354	400	227.11111111111111
NM_001182684.1	48	96	144	204	217	269	295	361	410	227.11111111111111
NM_001178362.1	43	91	138	183	246	273	316	346	409	227.22222222222223
NM_001182844.1	37	91	138	178	211	277	333	377	408	227.77777777777777
NM_001183015.2	41	88	130	179	224	278	313	372	430	228.33333333333334
NM_001183435.1	46	101	127	160	238	258	320	368	438	228.44444444444446
NM_001181404.3	37	95	138	182	247	258	328	353	419	228.55555555555554
NM_001179160.1	51	98	147	191	225	255	320	355	415	228.55555555555554
NM_001183915.1	34	100	124	177	235	289	331	357	410	228.55555555555554
NM_001183776.1	50	91	136	191	220	264	310	391	407	228.88888888888889
NM_001179792.3	54	85	155	185	220	285	345	330	403	229.11111111111111
NM_001183264.1	44	91	144	189	222	278	322	375	398	229.22222222222223
NM_001181951.1	49	97	149	176	226	275	296	369	426	229.22222222222223
NM_001183484.1	37	95	133	189	227	245	348	375	414	229.22222222222223
NM_001182501.1	50	95	148	177	228	276	320	366	408	229.77777777777777
NM_001180170.1	52	91	130	192	232	264	328	363	418	230.0
NM_001182473.1	49	80	135	182	237	258	336	397	398	230.22222222222223
NM_001178621.1	52	83	143	185	205	299	328	373	406	230.44444444444446
NM_001179180.1	38	88	137	202	234	252	333	375	421	231.11111111111111
NM_001181776.3	44	98	124	185	245	268	328	373	417	231.33333333333334
NM_001183210.1	41	94	136	194	248	278	304	371	418	231.55555555555554
NM_001178636.4	44	99	140	178	266	270	317	358	413	231.66666666666666
NM_001181281.3	47	90	138	170	236	269	340	373	422	231.66666666666666
NM_001180588.1	43	98	141	175	227	300	317	366	420	231.88888888888889
NM_001180592.1	48	87	154	195	229	259	314	364	438	232.0
NM_001181537.1	43	95	149	188	239	303	321	334	417	232.11111111111111
NM_001179943.1	60	101	121	186	244	306	309	332	431	232.22222222222223
NM_001180494.3	55	89	137	222	239	253	322	348	431	232.88888888888889
NM_001181063.1	45	106	153	175	213	270	346	378	410	232.88888888888889
NM_001183551.3	39	96	138	187	211	288	336	370	431	232.88888888888889
NM_001178309.1	50	99	138	182	237	289	320	368	413	232.88888888888889
NM_001179245.1	41	95	153	201	249	287	324	344	402	232.88888888888889
NM_001181185.1	55	103	145	187	216	260	329	384	418	233.0
NM_001179360.3	58	93	140	182	241	276	337	365	405	233.0
NM_001183094.1	43	83	139	179	243	267	349	369	427	233.22222222222223
NM_001179860.1	52	94	137	195	210	294	326	374	418	233.33333333333334
NM_001181567.1	46	107	121	179	257	279	332	370	414	233.88888888888889
NM_001178249.1	56	93	125	192	219	260	341	395	425	234.0
NM_001178591.3	39	95	140	151	249	264	335	393	441	234.11111111111111
NM_001184120.1	51	92	146	186	215	284	337	377	423	234.55555555555554
NM_001181324.3	51	86	137	191	236	284	336	369	423	234.77777777777777
NM_001179033.3	49	106	146	210	235	262	339	347	422	235.11111111111111
NM_001179154.1	43	92	157	184	256	269	312	377	427	235.22222222222223
NM_001178342.1	42	99	162	170	253	265	327	386	414	235.33333333333334
NM_001180012.3	54	78	141	175	241	271	338	392	429	235.44444444444446
NM_001183764.3	66	88	149	177	208	294	339	364	436	235.66666666666666
NM_001178404.1	44	91	160	190	231	292	313	365	436	235.77777777777777
NM_001183071.1	39	97	144	202	229	295	330	375	412	235.88888888888889
NM_001179544.1	59	86	128	200	253	276	304	387	433	236.22222222222223
NM_001183128.1	52	94	165	197	236	294	304	386	398	236.22222222222223
NM_001180380.3	44	86	148	180	250	302	300	391	433	237.11111111111111
NM_001179058.1	45	83	140	195	247	268	343	390	427	237.55555555555554
NM_001181698.1	45	102	129	180	248	293	325	372	445	237.66666666666666
NM_001182025.1	54	103	130	180	244	288	329	385	427	237.77777777777777
NM_001179097.1	51	107	147	190	231	299	315	371	430	237.88888888888889
NM_001180759.3	40	111	147	171	271	263	354	371	416	238.22222222222223
NM_001181843.1	51	92	143	186	234	284	340	354	462	238.44444444444446
NM_001182494.1	46	78	156	196	261	292	326	379	413	238.55555555555554
NM_001179359.1	53	79	140	198	231	289	341	363	453	238.55555555555554
NM_001184309.3	45	103	145	204	228	307	331	397	390	238.88888888888889
NM_001180995.3	54	110	146	170	253	293	340	367	423	239.55555555555554
NM_001179199.1	51	90	138	217	237	286	343	356	438	239.55555555555554
NM_001182453.1	58	96	153	201	214	299	343	370	424	239.77777777777777
NM_001180647.1	49	101	135	191	228	291	327	391	446	239.88888888888889
NM_001180355.3	51	111	148	187	238	285	334	373	432	239.88888888888889
NM_001182665.1	52	102	156	185	247	305	321	356	439	240.33333333333334
NM_001179312.3	41	87	148	213	232	280	334	379	452	240.66666666666666
NM_001182157.1	48	100	145	183	249	283	354	380	429	241.22222222222223
NM_001183396.2	43	100	159	188	249	309	327	384	412	241.22222222222223
NM_001184330.1	51	82	134	195	247	293	347	379	444	241.33333333333334
NM_001180344.1	58	91	156	195	245	289	329	369	440	241.33333333333334
NM_001181016.1	65	108	147	201	217	296	308	400	433	241.66666666666666
NM_001178815.1	59	98	164	196	237	282	344	381	415	241.77777777777777
NM_001180224.1	47	95	157	205	264	276	326	381	425	241.77777777777777
NM_001184308.3	50	84	150	199	236	288	332	409	429	241.88888888888889
NM_001180284.1	55	101	142	179	260	283	343	390	425	242.0
NM_001183471.1	49	85	155	177	238	294	341	380	460	242.11111111111111
NM_001178401.1	53	103	149	188	232	281	343	388	444	242.33333333333334
NM_001181208.1	43	97	142	209	240	270	351	401	431	242.66666666666666
NM_001180559.3	40	115	142	199	242	291	352	378	425	242.66666666666666
NM_001183684.1	45	100	154	194	259	287	322	383	440	242.66666666666666
NM_001180226.1	59	103	150	196	230	278	333	392	445	242.88888888888889
NM_001184186.1	37	103	157	203	249	299	349	374	415	242.88888888888889
NM_001181689.1	58	89	150	194	239	309	356	369	422	242.88888888888889
NM_001179745.1	44	79	135	193	246	312	330	405	443	243.0
NM_001178990.3	58	102	135	200	273	302	344	352	428	243.77777777777777
NM_001180688.3	50	86	152	179	252	310	347	393	426	243.88888888888889
NM_001179398.1	47	90	139	217	232	278	359	391	444	244.11111111111111
NM_001179701.1	49	80	147	199	250	295	364	370	446	244.44444444444446
NM_001182391.1	52	92	171	178	256	290	333	402	429	244.77777777777777
NM_001178818.1	50	126	151	183	236	272	358	386	442	244.88888888888889
NM_001181690.1	37	87	152	200	238	278	349	418	446	245.0
NM_001183006.1	54	95	131	176	271	285	349	408	436	245.0
NM_001178721.1	46	111	143	211	240	307	328	392	429	245.22222222222223
NM_001179008.1	48	102	156	220	239	304	338	368	434	245.44444444444446
NM_001179999.1	42	104	173	206	237	274	334	382	457	245.44444444444446
NM_001183613.1	56	104	159	191	268	289	333	390	420	245.55555555555554
NM_001184131.1	46	110	130	228	230	309	356	380	422	245.66666666666666
NM_001178635.1	48	96	140	195	255	300	345	388	446	245.88888888888889
NM_001184035.1	57	99	145	211	231	299	340	371	461	246.0
NM_001183168.1	49	104	138	207	255	303	345	392	423	246.22222222222223
NM_001179793.1	50	97	148	191	269	294	350	398	424	246.77777777777777
NM_001184063.1	62	88	149	208	246	284	341	420	427	247.22222222222223
NM_001182321.1	50	100	139	189	262	309	350	401	427	247.44444444444446
NM_001179347.3	56	82	131	215	248	299	357	415	424	247.44444444444446
NM_001178301.1	51	97	148	183	247	301	342	415	447	247.88888888888889
NM_001180738.1	41	96	145	185	256	304	357	399	450	248.11111111111111
NM_001182407.1	42	118	169	197	218	310	342	411	426	248.11111111111111
NM_001183600.1	45	82	155	186	255	294	371	393	455	248.44444444444446
NM_001178442.2	49	103	170	202	254	266	355	397	440	248.44444444444446
NM_001183579.1	57	110	146	213	254	274	334	404	445	248.55555555555554
NM_001181015.1	43	94	164	196	262	278	360	386	455	248.66666666666666
NM_001183261.1	50	86	144	206	247	300	361	407	438	248.77777777777777
NM_001182993.1	55	75	145	182	251	297	357	413	465	248.88888888888889
NM_001178555.4	51	112	141	184	293	273	354	412	421	249.0
NM_001183076.1	64	93	144	198	237	293	337	409	467	249.11111111111111
NM_001180397.1	54	83	159	199	259	303	333	415	437	249.11111111111111
NM_001182198.1	45	107	152	192	232	288	353	417	457	249.22222222222223
NM_001181601.2	49	89	150	182	255	304	369	403	443	249.33333333333334
NM_001181980.1	45	99	143	219	233	330	331	417	429	249.55555555555554
NM_001181795.1	45	92	165	187	251	297	360	391	458	249.55555555555554
NM_001178851.1	49	108	159	199	232	309	371	390	430	249.66666666666666
NM_001180839.3	41	106	154	189	235	304	375	403	441	249.77777777777777
NM_001182654.1	59	117	128	209	271	289	343	382	450	249.77777777777777
NM_001180295.1	52	102	153	211	257	298	330	388	460	250.11111111111111
NM_001182174.1	50	92	160	206	274	295	342	412	420	250.11111111111111
NM_001183993.1	56	91	153	199	257	299	351	399	449	250.44444444444446
NM_001182975.3	59	93	151	187	256	336	327	388	458	250.55555555555554
NM_001179680.1	52	96	154	173	263	325	327	393	473	250.66666666666666
NM_001184382.1	53	85	150	205	253	310	337	380	485	250.88888888888889
NM_001180639.1	51	103	177	193	253	310	350	377	447	251.22222222222223
NM_001179397.3	51	111	163	206	251	318	333	383	452	252.0
NM_001178186.1	38	94	152	185	277	293	356	406	471	252.44444444444446
NM_001181209.3	51	112	144	206	263	293	362	398	443	252.44444444444446
NM_001183607.3	63	115	145	206	246	292	355	394	458	252.66666666666666
NM_001181254.1	58	117	141	215	250	306	341	391	455	252.66666666666666
NM_001179548.3	49	88	166	197	253	275	369	414	464	252.77777777777777
NM_001181598.1	55	118	159	196	242	304	345	400	457	252.88888888888889
NM_001181953.1	53	87	145	203	255	290	382	397	464	252.88888888888889
NM_001180757.1	63	91	152	214	242	308	360	402	445	253.0
NM_001178251.1	48	115	160	206	249	302	336	401	461	253.11111111111111
NM_001178167.1	47	103	156	213	248	303	356	405	448	253.22222222222223
NM_001180662.3	57	99	140	209	273	301	369	384	449	253.44444444444446
NM_001182221.1	50	105	134	214	258	305	340	400	478	253.77777777777777
NM_001180825.1	55	117	141	201	265	298	361	408	443	254.33333333333334
NM_001182898.1	36	98	157	175	260	313	339	431	481	254.44444444444446
NM_001183070.1	51	111	155	225	257	311	361	387	438	255.11111111111111
NM_001180712.3	52	101	151	210	242	322	355	416	449	255.33333333333334
NM_001180071.1	43	113	145	224	244	321	372	400	437	255.44444444444446
NM_001181848.1	43	92	162	215	253	307	376	412	442	255.77777777777777
NM_001180641.3	46	94	153	194	266	296	357	449	449	256.0
NM_001178772.1	50	89	151	206	282	284	346	423	474	256.1111111111111
NM_001180764.3	60	107	152	194	245	299	360	423	467	256.3333333333333
NM_001182743.1	45	101	153	222	271	307	336	394	478	256.3333333333333
NM_001182077.1	49	97	178	203	258	309	372	414	428	256.44444444444446
NM_001179712.1	54	96	144	219	269	313	344	402	468	256.55555555555554
NM_001181724.1	54	111	137	206	247	329	358	419	455	257.3333333333333
NM_001181958.1	51	106	160	210	230	319	353	421	468	257.55555555555554
NM_001180885.1	60	104	154	227	270	312	346	413	433	257.6666666666667
NM_001182518.1	51	95	162	215	253	318	352	408	465	257.6666666666667
NM_001178304.1	72	105	156	204	249	308	367	397	462	257.77777777777777
NM_001181362.3	46	116	139	201	256	328	363	414	458	257.8888888888889
NM_001179695.2	59	99	147	210	278	300	375	417	437	258.0
NM_001181675.1	61	89	153	220	264	303	350	421	461	258.0
NM_001180628.1	57	94	158	217	264	312	357	421	445	258.3333333333333
NM_001180258.1	52	87	167	218	254	295	365	432	459	258.77777777777777
NM_001179233.1	46	110	157	211	254	284	362	421	485	258.8888888888889
NM_001179386.1	48	98	172	206	254	312	354	415	471	258.8888888888889
NM_001181520.1	54	105	171	205	237	287	382	425	466	259.1111111111111
NM_001178679.1	51	100	166	229	270	325	343	395	455	259.3333333333333
NM_001182510.1	44	130	153	194	264	310	353	426	463	259.6666666666667
NM_001179993.3	53	98	159	193	254	300	395	416	469	259.6666666666667
NM_001182728.1	40	91	161	219	265	297	364	436	465	259.77777777777777
NM_001180210.1	36	103	146	218	274	310	361	435	461	260.44444444444446
NM_001180325.3	52	95	158	206	283	292	360	426	475	260.77777777777777
NM_001179526.1	58	88	160	219	232	306	361	439	485	260.8888888888889
NM_001181909.1	62	83	155	214	274	304	359	426	472	261.0
NM_001182070.1	45	113	152	229	267	315	357	425	449	261.3333333333333
NM_001183144.1	59	96	149	221	256	344	353	401	475	261.55555555555554
NM_001180884.3	40	124	144	229	248	305	353	444	469	261.77777777777777
NM_001180720.3	56	100	145	218	282	322	355	421	457	261.77777777777777
NM_001181361.3	47	117	155	201	264	299	379	437	458	261.8888888888889
NM_001183731.3	52	118	146	190	272	320	362	417	483	262.22222222222223
NM_001183130.1	44	82	138	203	288	324	379	434	468	262.22222222222223
NM_001183972.1	53	98	171	226	258	312	370	416	457	262.3333333333333
NM_001182438.1	47	101	150	190	251	344	388	418	475	262.6666666666667
NM_001184020.1	64	99	159	230	266	338	367	383	459	262.77777777777777
NM_001178750.1	50	118	184	214	249	307	377	426	440	262.77777777777777
NM_001178188.1	54	111	166	220	233	308	376	433	464	262.77777777777777
NM_001179510.1	41	99	161	224	266	290	405	399	481	262.8888888888889
NM_001182074.1	60	113	172	210	246	298	387	414	468	263.1111111111111
NM_001180490.1	39	107	160	209	271	307	359	418	501	263.44444444444446
NM_001179202.2	53	102	182	208	275	314	359	394	493	264.44444444444446
NM_001182090.1	49	97	164	218	259	313	377	422	481	264.44444444444446
NM_001179200.1	52	99	159	210	254	319	376	442	469	264.44444444444446
NM_001184396.2	50	102	145	215	264	308	387	428	482	264.55555555555554
NM_001183274.1	56	99	166	225	257	331	351	429	468	264.6666666666667
NM_001183203.1	62	103	162	202	278	318	347	447	465	264.8888888888889
NM_001179660.1	47	110	148	215	286	322	340	431	485	264.8888888888889
NM_001183180.1	71	127	155	182	278	312	371	426	462	264.8888888888889
NM_001181026.3	46	98	162	209	279	302	344	446	501	265.22222222222223
NM_001178998.3	55	110	152	222	270	316	368	431	463	265.22222222222223
NM_001179358.3	58	96	174	211	259	309	358	446	479	265.55555555555554
NM_001180106.1	60	103	154	230	283	299	369	431	463	265.77777777777777
NM_001183702.1	57	88	161	219	268	338	358	409	494	265.77777777777777
NM_001181118.1	47	106	158	213	263	301	384	445	475	265.77777777777777
NM_001184139.1	45	117	161	200	269	314	365	446	476	265.8888888888889
NM_001182415.1	59	120	155	201	279	335	377	389	478	265.8888888888889
NM_001183458.1	66	102	180	220	262	322	372	409	460	265.8888888888889
NM_001182087.1	59	124	163	209	269	340	360	427	445	266.22222222222223
NM_001183508.1	72	110	162	201	254	305	362	460	471	266.3333333333333
NM_001183488.1	54	106	155	209	265	345	355	436	474	266.55555555555554
NM_001179818.2	52	111	163	217	266	318	376	416	484	267.0
NM_001179815.3	50	114	154	228	250	343	368	440	456	267.0
NM_001184232.1	62	119	140	209	269	321	372	434	477	267.0
NM_001183820.1	58	105	148	202	294	304	398	446	449	267.1111111111111
NM_001178762.1	51	99	149	242	274	321	376	436	459	267.44444444444446
NM_001181726.3	49	114	157	210	289	337	354	423	474	267.44444444444446
NM_001183384.1	43	111	188	227	248	320	357	421	493	267.55555555555554
NM_001179665.1	58	118	149	212	269	328	382	429	466	267.8888888888889
NM_001179131.1	40	106	158	234	269	299	377	417	511	267.8888888888889
NM_001183741.1	62	121	173	210	236	332	352	438	488	268.0
NM_001184251.1	57	112	169	211	279	310	374	415	486	268.1111111111111
NM_001179493.1	53	114	146	239	259	316	387	418	483	268.3333333333333
NM_001178629.3	50	139	166	202	260	316	386	426	470	268.3333333333333
NM_001183736.3	53	94	180	230	255	329	360	443	471	268.3333333333333
NM_001183231.1	61	131	149	228	260	335	345	439	470	268.6666666666667
NM_001178478.3	62	119	159	215	277	318	348	425	495	268.6666666666667
NM_001179253.1	68	103	158	198	270	325	390	416	490	268.6666666666667
NM_001178345.2	48	111	161	233	246	322	391	425	483	268.8888888888889
NM_001181134.3	51	105	162	201	267	329	353	448	508	269.3333333333333
NM_001184042.1	48	100	161	220	286	351	380	418	463	269.6666666666667
NM_001179864.3	36	96	162	214	267	332	391	436	495	269.8888888888889
NM_001180935.1	63	93	169	214	295	314	369	439	478	270.44444444444446
NM_001183213.1	56	113	169	211	282	309	390	430	476	270.6666666666667
NM_001183837.1	48	102	149	225	268	343	373	437	493	270.8888888888889
NM_001182389.1	62	128	164	205	277	277	381	428	518	271.1111111111111
NM_001182239.1	51	101	160	215	301	337	387	417	475	271.55555555555554
NM_001179139.1	59	101	155	213	261	318	387	452	499	271.6666666666667
NM_001182726.1	60	103	176	201	260	309	393	467	476	271.6666666666667
NM_001183421.1	55	107	151	226	287	337	361	434	489	271.8888888888889
NM_001181834.1	63	102	163	216	250	340	380	445	489	272.0
NM_001180430.1	56	111	151	214	301	323	364	413	518	272.3333333333333
NM_001183700.3	60	93	159	211	279	340	393	446	471	272.44444444444446
NM_001178776.1	54	107	172	228	248	356	359	435	498	273.0
NM_001182929.1	57	132	160	200	275	334	404	420	476	273.1111111111111
NM_001182822.1	49	109	183	195	268	324	390	438	503	273.22222222222223
NM_001180827.3	57	113	176	205	271	332	375	442	489	273.3333333333333
NM_001184316.1	55	113	139	205	282	324	395	452	497	273.55555555555554
NM_001181835.1	47	124	166	220	264	325	367	459	490	273.55555555555554
NM_001183238.1	40	106	145	241	297	324	373	441	496	273.6666666666667
NM_001182050.1	53	109	148	219	265	332	388	458	491	273.6666666666667
NM_001178431.3	58	116	171	216	263	326	382	417	514	273.6666666666667
NM_001181534.1	54	103	172	212	240	327	391	451	514	273.77777777777777
NM_001178729.1	58	107	163	217	264	335	375	446	501	274.0
NM_001178756.1	55	95	158	210	262	337	393	450	508	274.22222222222223
NM_001184216.1	55	105	153	201	271	329	412	428	514	274.22222222222223
NM_001182840.1	47	109	167	203	269	333	404	430	508	274.44444444444446
NM_001180265.1	57	111	162	198	278	345	393	434	492	274.44444444444446
NM_001178757.1	51	123	166	209	265	323	407	407	520	274.55555555555554
NM_001182989.3	52	115	144	245	251	353	392	444	479	275.0
NM_001184287.1	52	108	167	211	280	334	391	433	499	275.0
NM_001184266.1	62	99	166	212	270	341	367	443	515	275.0
NM_001182291.1	46	111	152	222	262	331	390	455	508	275.22222222222223
NM_001182512.1	51	118	168	228	286	332	381	439	474	275.22222222222223
NM_001181395.1	42	97	149	218	320	338	375	437	503	275.44444444444446
NM_001184270.1	56	120	177	208	246	307	404	438	523	275.44444444444446
NM_001183756.1	47	117	163	215	303	322	383	440	490	275.55555555555554
NM_001179285.1	56	110	172	236	284	316	364	449	494	275.6666666666667
NM_001183844.1	52	100	174	225	288	347	369	446	482	275.8888888888889
NM_001180609.1	69	106	147	226	273	307	407	466	484	276.1111111111111
NM_001179476.1	50	103	149	232	306	332	380	427	510	276.55555555555554
NM_001182560.1	49	97	178	232	265	316	422	417	513	276.55555555555554
NM_001181005.1	68	103	165	251	279	315	354	458	497	276.6666666666667
NM_001180297.2	51	108	153	248	299	300	400	439	493	276.77777777777777
NM_001179162.1	65	107	169	214	268	346	346	471	505	276.77777777777777
NM_001179852.1	64	103	155	227	281	360	382	446	474	276.8888888888889
NM_001178194.1	51	105	177	221	272	332	381	459	500	277.55555555555554
NM_001178514.1	58	109	139	206	294	344	382	453	513	277.55555555555554
NM_001180158.1	53	91	183	227	278	327	378	461	502	277.77777777777777
NM_001183939.1	61	107	177	258	257	300	388	460	492	277.77777777777777
NM_001181802.1	54	127	158	223	294	308	390	433	513	277.77777777777777
NM_001179394.3	54	128	157	221	303	309	390	418	523	278.1111111111111
NM_001181328.1	45	119	188	225	261	336	365	457	511	278.55555555555554
NM_001182161.1	49	107	154	212	270	345	413	449	508	278.55555555555554
NM_001178488.3	58	107	182	211	268	332	403	450	499	278.8888888888889
NM_001183614.3	54	120	170	208	275	335	399	459	494	279.3333333333333
NM_001178215.2	60	115	177	229	259	320	403	447	507	279.6666666666667
NM_001182418.1	53	113	174	228	263	336	385	446	519	279.6666666666667
NM_001183423.1	66	96	187	224	280	319	382	463	502	279.8888888888889
NM_001180253.1	46	126	159	249	281	336	393	431	504	280.55555555555554
NM_001182283.1	55	113	198	208	305	314	405	429	498	280.55555555555554
NM_001182589.1	59	109	184	235	276	314	399	461	494	281.22222222222223
NM_001181494.1	42	105	193	229	288	350	381	448	495	281.22222222222223
NM_001182991.1	58	105	152	222	296	344	376	466	515	281.55555555555554
NM_001178325.1	59	120	170	228	304	330	396	412	518	281.8888888888889
NM_001182569.1	54	116	169	221	292	328	392	443	522	281.8888888888889
NM_001181983.1	66	106	143	250	275	348	390	454	507	282.1111111111111
NM_001179107.1	44	115	186	246	268	354	392	453	484	282.44444444444446
NM_001183378.1	53	109	170	225	287	352	417	428	503	282.6666666666667
NM_001178174.1	61	114	175	226	266	363	385	463	493	282.8888888888889
NM_001178953.3	45	111	177	235	280	334	405	441	519	283.0
NM_001179385.1	48	111	156	204	305	330	402	432	559	283.0
NM_001182843.1	49	105	188	224	296	341	389	434	522	283.1111111111111
NM_001179247.1	46	115	157	224	284	341	389	479	517	283.55555555555554
NM_001179413.1	51	131	161	208	270	333	391	484	526	283.8888888888889
NM_001181912.1	59	110	181	235	275	337	406	459	498	284.44444444444446
NM_001178749.1	56	109	175	213	292	343	402	450	521	284.55555555555554
NM_001179214.1	55	120	178	214	267	352	413	443	520	284.6666666666667
NM_001182460.1	58	110	163	231	283	364	376	464	518	285.22222222222223
NM_001182534.1	58	118	187	253	284	338	384	434	513	285.44444444444446
NM_001178518.1	57	105	176	249	289	338	392	466	498	285.55555555555554
NM_001180980.1	50	110	162	248	251	335	417	456	543	285.77777777777777
NM_001178676.1	57	119	179	239	286	340	408	445	505	286.44444444444446
NM_001180921.2	51	109	171	246	289	343	406	453	512	286.6666666666667
NM_001178609.1	60	108	172	236	276	342	393	462	533	286.8888888888889
NM_001182999.3	59	119	158	230	279	339	405	470	527	287.3333333333333
NM_001180238.1	65	121	154	219	283	375	416	459	498	287.77777777777777
NM_001179591.1	68	124	176	224	266	360	398	458	520	288.22222222222223
NM_001181890.1	47	107	173	225	314	378	407	463	485	288.77777777777777
NM_001184183.1	46	118	173	249	286	321	412	470	524	288.77777777777777
NM_001183520.1	61	131	176	212	295	347	433	463	483	289.0
NM_001178263.1	61	117	179	243	286	307	389	465	557	289.3333333333333
NM_001183380.1	65	111	172	234	276	356	395	435	561	289.44444444444446
NM_001181863.1	50	104	182	207	296	350	426	459	532	289.55555555555554
NM_001180460.3	51	119	164	227	298	347	388	485	527	289.55555555555554
NM_001182497.1	76	121	163	224	287	358	405	464	509	289.6666666666667
NM_001183228.1	59	109	188	230	277	331	412	473	530	289.8888888888889
NM_001180425.3	64	115	169	206	281	363	430	452	534	290.44444444444446
NM_001179420.1	57	113	158	236	306	345	387	461	556	291.0
NM_001180180.1	57	121	163	221	284	367	414	471	525	291.44444444444446
NM_001182118.1	46	105	158	246	297	338	391	495	548	291.55555555555554
NM_001178899.1	57	113	186	236	308	339	402	467	520	292.0
NM_001182307.3	55	93	166	250	274	347	419	457	569	292.22222222222223
NM_001181167.1	60	109	170	236	298	339	413	474	533	292.44444444444446
NM_001181531.1	58	113	187	257	245	359	436	452	525	292.44444444444446
NM_001179135.1	64	106	165	231	321	349	407	444	545	292.44444444444446
NM_001182530.1	67	108	184	242	318	322	425	430	541	293.0
NM_001180201.1	61	107	191	232	295	337	420	453	542	293.1111111111111
NM_001184240.1	45	119	175	230	303	368	416	475	509	293.3333333333333
NM_001183660.1	52	121	163	240	303	347	432	483	499	293.3333333333333
NM_001178627.1	60	104	187	220	302	348	405	464	552	293.55555555555554
NM_001182745.1	64	124	179	214	308	378	376	455	546	293.77777777777777
NM_001183686.1	77	104	170	238	278	374	430	445	529	293.8888888888889
NM_001179066.1	66	117	174	232	313	348	402	459	536	294.1111111111111
NM_001178389.1	62	128	181	223	306	358	407	449	536	294.44444444444446
NM_001182723.1	55	120	151	247	299	357	390	475	565	295.44444444444446
NM_001180569.1	59	112	194	220	299	370	429	475	505	295.8888888888889
NM_001179525.3	61	133	175	252	309	331	404	459	548	296.8888888888889
NM_001181630.1	70	131	177	238	278	337	414	469	558	296.8888888888889
NM_001179669.1	53	140	156	258	300	344	389	493	545	297.55555555555554
NM_001183229.3	55	113	170	235	307	373	408	464	555	297.77777777777777
NM_001184340.1	57	114	181	228	285	366	416	468	566	297.8888888888889
NM_001181501.1	50	115	178	226	324	367	436	450	538	298.22222222222223
NM_001179930.1	73	115	173	220	296	365	425	473	545	298.3333333333333
NM_001183067.1	65	126	184	238	300	371	417	493	491	298.3333333333333
NM_001183185.1	59	119	168	237	307	369	439	477	511	298.44444444444446
NM_001180175.1	56	115	176	247	312	343	439	474	525	298.55555555555554
NM_001184162.1	55	127	177	227	304	351	431	480	535	298.55555555555554
NM_001181717.3	66	130	171	234	306	342	427	484	527	298.55555555555554
NM_001181439.3	61	117	190	225	270	366	433	493	533	298.6666666666667
NM_001183683.3	66	129	165	228	309	321	434	477	559	298.6666666666667
NM_001180309.1	48	121	176	257	295	339	423	503	527	298.77777777777777
NM_001183522.1	56	144	183	243	286	368	411	482	516	298.77777777777777
NM_001178766.1	54	100	194	244	281	355	432	505	527	299.1111111111111
NM_001180824.3	63	103	191	233	301	342	435	465	562	299.44444444444446
NM_001183912.1	64	113	178	258	280	375	417	459	552	299.55555555555554
NM_001182323.3	67	102	162	258	288	355	428	490	547	299.6666666666667
NM_001179814.1	59	119	182	258	291	355	422	477	536	299.8888888888889
NM_001180965.1	65	109	195	267	299	353	422	467	525	300.22222222222223
NM_001182985.1	71	116	182	241	284	352	433	501	528	300.8888888888889
NM_001183670.3	51	127	176	235	323	377	420	477	523	301.0
NM_001180516.1	50	132	164	254	275	371	455	496	515	301.3333333333333
NM_001179950.1	53	129	181	245	301	368	403	486	551	301.8888888888889
NM_001182108.1	60	118	187	243	288	378	405	488	550	301.8888888888889
NM_001182552.1	61	119	161	248	319	360	430	488	531	301.8888888888889
NM_001179756.1	66	105	164	257	299	365	411	477	577	302.3333333333333
NM_001179296.1	42	124	163	241	297	379	437	479	560	302.44444444444446
NM_001181234.3	74	120	185	238	285	352	440	499	534	303.0
NM_001181640.1	65	140	176	223	335	343	395	492	566	303.8888888888889
NM_001180151.1	75	114	208	239	312	371	412	478	527	304.0
NM_001180977.1	58	128	168	223	314	366	465	496	521	304.3333333333333
NM_001178921.1	45	133	183	245	311	359	427	479	559	304.55555555555554
NM_001180145.1	62	107	193	247	293	382	423	474	562	304.77777777777777
NM_001182888.1	58	116	193	240	294	372	415	493	563	304.8888888888889
NM_001183672.3	55	112	164	257	287	391	429	507	544	305.1111111111111
NM_001179119.1	62	119	167	238	305	367	431	500	558	305.22222222222223
NM_001183872.1	61	115	181	267	313	328	428	488	566	305.22222222222223
NM_001180900.1	60	116	182	221	325	365	434	492	553	305.3333333333333
NM_001181310.3	56	122	200	243	293	388	423	482	547	306.0
NM_001180233.1	45	106	194	248	312	391	428	497	539	306.6666666666667
NM_001181399.1	66	112	184	233	319	364	440	474	575	307.44444444444446
NM_001183790.1	61	113	173	258	297	396	427	506	537	307.55555555555554
NM_001180949.1	56	146	205	237	310	356	419	482	558	307.6666666666667
NM_001184448.1	70	123	191	246	292	360	412	506	570	307.77777777777777
NM_001178780.1	68	108	198	260	307	369	411	494	556	307.8888888888889
NM_001179017.1	54	123	194	244	309	354	441	488	567	308.22222222222223
NM_001179688.1	70	104	179	242	303	367	424	499	588	308.44444444444446
NM_001178266.1	52	121	191	219	320	388	433	495	557	308.44444444444446
NM_001183735.1	69	116	183	235	307	373	411	491	593	308.6666666666667
NM_001181004.3	62	142	185	257	309	346	425	492	562	308.8888888888889
NM_001184060.1	60	104	195	271	302	373	431	502	543	309.0
NM_001179127.2	55	131	205	253	304	358	441	520	516	309.22222222222223
NM_001180058.2	71	116	174	262	326	382	429	481	544	309.44444444444446
NM_001179002.3	65	116	183	253	307	365	423	517	561	310.0
NM_001183991.1	61	138	194	243	286	393	442	482	553	310.22222222222223
NM_001178171.2	61	115	189	237	327	370	441	483	569	310.22222222222223
NM_001178421.4	66	129	182	270	304	384	402	513	544	310.44444444444446
NM_001182172.1	64	105	177	241	318	378	443	522	547	310.55555555555554
NM_001180686.1	62	118	187	266	289	375	471	485	545	310.8888888888889
NM_001179666.1	76	118	176	249	313	351	459	484	573	311.0
NM_001183306.1	61	145	197	245	319	339	439	503	560	312.0
NM_001182210.1	63	123	193	243	310	360	438	490	589	312.1111111111111
NM_001183873.1	63	100	171	253	313	376	471	512	555	312.6666666666667
NM_001181606.1	78	127	174	246	330	375	418	471	597	312.8888888888889
NM_001181046.1	57	122	193	273	319	387	391	502	573	313.0
NM_001180837.1	61	137	169	273	272	377	438	514	577	313.1111111111111
NM_001180923.1	79	120	193	270	289	365	434	511	559	313.3333333333333
NM_001180362.1	80	132	178	238	314	374	423	503	579	313.44444444444446
NM_001183705.3	71	141	175	253	328	360	438	478	577	313.44444444444446
NM_001184442.3	57	125	173	280	307	387	443	504	546	313.55555555555554
NM_001180227.1	63	125	189	231	319	356	438	517	586	313.77777777777777
NM_001179966.1	78	115	187	233	314	376	426	508	587	313.77777777777777
NM_001179267.1	65	121	175	245	310	397	449	496	572	314.44444444444446
NM_001182490.1	48	132	184	258	296	403	463	490	561	315.0
NM_001179181.1	60	116	193	293	318	370	428	499	559	315.1111111111111
NM_001182946.1	52	130	203	238	332	367	450	531	539	315.77777777777777
NM_001182727.1	66	119	185	248	303	367	452	532	570	315.77777777777777
NM_001184241.1	65	130	185	222	299	412	457	506	568	316.0
NM_001181052.1	60	138	221	267	325	370	443	482	542	316.44444444444446
NM_001182832.1	48	127	198	241	336	393	426	489	594	316.8888888888889
NM_001179694.1	63	105	186	262	318	386	446	532	555	317.0
NM_001179222.2	60	123	178	242	327	371	446	517	592	317.3333333333333
NM_001178895.1	73	123	172	235	358	372	449	496	578	317.3333333333333
NM_001181409.1	58	113	203	290	304	371	428	536	556	317.6666666666667
NM_001178615.4	50	129	176	234	333	385	444	530	581	318.0
NM_001183867.1	61	134	206	247	300	401	443	495	578	318.3333333333333
NM_001178202.2	66	116	196	235	300	375	478	506	594	318.44444444444446
NM_001179726.1	62	120	194	247	314	370	435	529	601	319.1111111111111
NM_001182269.3	57	135	181	252	299	400	464	502	586	319.55555555555554
NM_001181396.1	73	128	202	274	339	375	451	493	542	319.6666666666667
NM_001180133.1	68	135	185	266	303	372	455	503	590	319.6666666666667
NM_001182183.1	78	126	187	253	344	402	425	508	556	319.8888888888889
NM_001179036.1	69	125	195	245	328	383	470	514	552	320.1111111111111
NM_001180813.2	63	130	193	273	324	384	429	480	612	320.8888888888889
NM_001182800.1	65	121	196	255	324	393	449	507	580	321.1111111111111
NM_001179862.1	76	120	181	263	319	388	464	487	593	321.22222222222223
NM_001183020.1	67	148	201	236	303	398	432	498	609	321.3333333333333
NM_001180018.3	68	124	180	275	324	394	429	521	582	321.8888888888889
NM_001183486.1	63	144	195	240	324	383	475	491	586	322.3333333333333
NM_001184157.1	60	125	203	244	326	374	483	507	587	323.22222222222223
NM_001180634.1	72	141	195	238	321	382	462	514	587	323.55555555555554
NM_001181488.1	57	133	188	275	322	406	445	501	588	323.8888888888889
NM_001183590.1	64	115	203	268	343	399	463	473	587	323.8888888888889
NM_001179606.3	79	130	199	260	302	417	466	491	573	324.1111111111111
NM_001181493.3	51	120	184	272	356	408	434	521	574	324.44444444444446
NM_001181609.1	48	134	189	254	318	401	467	514	597	324.6666666666667
NM_001183992.1	48	117	196	255	349	431	410	533	583	324.6666666666667
NM_001182426.1	61	128	186	286	332	403	447	507	574	324.8888888888889
NM_001179816.1	62	133	194	248	340	393	438	517	599	324.8888888888889
NM_001183266.1	68	130	200	258	349	397	442	516	566	325.1111111111111
NM_001181022.3	75	125	201	261	344	371	444	513	592	325.1111111111111
NM_001183896.1	55	118	192	288	348	378	455	520	575	325.44444444444446
NM_001179957.1	62	131	186	262	339	386	467	542	555	325.55555555555554
NM_001181336.1	74	114	172	261	332	400	467	519	592	325.6666666666667
NM_001182217.1	59	128	221	260	300	379	473	543	568	325.6666666666667
NM_001181475.1	63	143	173	264	307	392	459	557	574	325.77777777777777
NM_001182023.1	64	134	192	246	336	403	446	522	590	325.8888888888889
NM_001181108.1	52	125	176	282	332	407	446	561	555	326.22222222222223
NM_001184046.1	68	123	207	263	329	400	466	493	591	326.6666666666667
NM_001181078.1	55	111	198	262	304	410	460	529	611	326.6666666666667
NM_001181748.1	65	124	188	243	332	397	476	526	590	326.77777777777777
NM_001181495.1	63	130	195	230	340	425	470	506	582	326.77777777777777
NM_001181098.1	75	118	184	247	315	389	463	542	610	327.0
NM_001178662.1	70	118	204	253	351	366	456	524	603	327.22222222222223
NM_001181975.1	65	137	205	262	335	399	476	500	568	327.44444444444446
NM_001179958.1	66	136	192	253	332	372	484	510	602	327.44444444444446
NM_001182719.1	69	117	209	279	343	386	477	503	565	327.55555555555554
NM_001180463.1	60	131	191	236	318	399	479	531	605	327.77777777777777
NM_001182987.1	66	117	196	245	332	405	456	549	587	328.1111111111111
NM_001179243.1	68	133	187	267	344	396	461	509	590	328.3333333333333
NM_001183109.2	73	136	197	243	339	397	456	547	574	329.1111111111111
NM_001179466.1	74	134	195	271	321	404	443	532	591	329.44444444444446
NM_001184116.1	63	139	200	262	338	418	440	528	581	329.8888888888889
NM_001179778.1	71	133	212	260	349	363	451	514	617	330.0
NM_001179631.2	65	137	201	258	321	414	486	532	558	330.22222222222223
NM_001184211.1	81	135	190	277	318	383	468	523	600	330.55555555555554
NM_001180181.1	65	129	179	267	310	382	482	563	599	330.6666666666667
NM_001178520.3	66	127	208	270	354	382	468	524	579	330.8888888888889
NM_001180760.3	66	127	201	265	331	413	448	518	609	330.8888888888889
NM_001183621.1	70	129	197	289	314	382	460	534	606	331.22222222222223
NM_001178400.1	66	145	190	265	332	403	471	500	610	331.3333333333333
NM_001178550.4	76	105	199	260	367	393	470	523	591	331.55555555555554
NM_001178830.1	70	122	191	274	322	388	438	546	635	331.77777777777777
NM_001180452.1	60	132	208	210	343	405	461	535	633	331.8888888888889
NM_001180716.3	63	119	203	277	322	402	476	521	607	332.22222222222223
NM_001182575.1	76	133	186	253	330	412	483	539	583	332.77777777777777
NM_001181555.1	75	155	186	272	333	401	462	505	607	332.8888888888889
NM_001183221.1	70	129	211	245	339	404	466	532	601	333.0
NM_001180742.3	72	117	201	267	337	398	451	556	598	333.0
NM_001181961.1	61	120	194	288	360	414	487	506	567	333.0
NM_001179477.3	70	155	210	278	307	402	452	537	587	333.1111111111111
NM_001179218.1	72	144	198	273	359	421	435	538	561	333.44444444444446
NM_001179439.1	73	116	200	286	303	393	466	542	625	333.77777777777777
NM_001182240.1	75	145	186	267	334	392	478	556	571	333.77777777777777
NM_001184194.2	70	139	210	265	311	391	464	541	616	334.1111111111111
NM_001180217.1	79	129	190	279	343	386	476	538	588	334.22222222222223
NM_001182912.3	62	142	206	248	330	421	475	517	608	334.3333333333333
NM_001179212.1	59	134	191	273	360	393	469	522	613	334.8888888888889
NM_001182656.1	71	113	206	268	320	404	503	543	592	335.55555555555554
NM_001183863.1	62	144	214	263	338	404	465	533	597	335.55555555555554
NM_001181573.1	72	129	211	277	317	379	455	542	640	335.77777777777777
NM_001180602.1	58	110	202	286	341	438	491	514	583	335.8888888888889
NM_001180122.1	58	139	188	293	354	389	456	548	601	336.22222222222223
NM_001180079.3	60	120	203	286	347	391	472	527	623	336.55555555555554
NM_001184126.1	61	137	203	277	339	418	445	541	616	337.44444444444446
NM_001180221.1	56	136	188	269	318	402	491	559	619	337.55555555555554
NM_001181507.1	77	109	193	269	313	429	454	570	624	337.55555555555554
NM_001181700.1	73	136	226	246	313	396	473	556	623	338.0
NM_001181831.1	67	140	209	272	316	431	445	545	621	338.44444444444446
NM_001178364.1	83	137	205	282	343	382	471	544	602	338.77777777777777
NM_001182891.1	62	136	212	296	330	402	486	505	620	338.77777777777777
NM_001180611.3	74	118	212	251	337	427	449	558	625	339.0
NM_001178744.1	82	139	209	265	354	390	494	507	612	339.1111111111111
NM_001180773.1	64	130	192	261	355	436	454	549	615	339.55555555555554
NM_001183420.1	78	141	203	247	334	438	475	535	606	339.6666666666667
NM_001180656.1	76	124	204	268	328	427	471	555	604	339.6666666666667
NM_001183215.1	56	115	237	264	304	391	493	569	630	339.8888888888889
NM_001179328.4	82	122	209	268	354	411	457	552	605	340.0
NM_001179981.1	78	149	207	266	331	430	478	527	595	340.1111111111111
NM_001180352.1	82	119	206	280	345	385	499	532	613	340.1111111111111
NM_001183560.1	60	127	217	262	348	417	457	583	597	340.8888888888889
NM_001180459.3	79	143	203	262	347	396	488	535	615	340.8888888888889
NM_001178933.1	67	138	207	274	341	377	480	569	615	340.8888888888889
NM_001182225.1	65	145	199	268	337	421	447	575	619	341.77777777777777
NM_001183427.1	63	129	188	268	352	416	470	584	606	341.77777777777777
NM_001179556.3	64	141	206	265	340	412	482	547	622	342.1111111111111
NM_001179148.1	68	154	203	280	315	423	480	542	616	342.3333333333333
NM_001183161.1	69	151	182	291	335	420	491	543	601	342.55555555555554
NM_001179158.1	58	122	219	283	362	376	490	540	638	343.1111111111111
NM_001183135.1	74	139	177	287	348	404	487	555	618	343.22222222222223
NM_001182155.1	65	140	196	282	351	409	503	533	613	343.55555555555554
NM_001182913.3	71	125	190	250	367	400	472	581	637	343.6666666666667
NM_001179707.1	56	145	198	273	352	391	488	568	624	343.8888888888889
NM_001180391.3	60	130	217	259	349	398	504	547	634	344.22222222222223
NM_001180400.3	71	132	212	275	347	398	478	546	641	344.44444444444446
NM_001178959.3	61	138	206	286	348	416	482	550	625	345.77777777777777
NM_001179870.3	69	156	203	313	332	403	483	551	605	346.1111111111111
NM_001183004.1	65	136	202	300	341	418	469	528	657	346.22222222222223
NM_001184170.1	74	123	213	273	361	396	494	568	619	346.77777777777777
NM_001184018.1	72	133	209	272	342	428	487	562	629	348.22222222222223
NM_001181561.2	58	128	220	269	352	422	490	592	608	348.77777777777777
NM_001182306.1	79	139	211	302	326	424	508	529	622	348.8888888888889
NM_001178503.1	64	133	212	293	359	427	484	558	612	349.1111111111111
NM_001181207.3	74	126	234	276	345	408	465	567	649	349.3333333333333
NM_001180453.1	67	152	229	288	343	392	518	531	624	349.3333333333333
NM_001182875.3	67	157	207	274	351	410	485	555	649	350.55555555555554
NM_001181590.1	64	144	234	281	328	423	512	514	656	350.6666666666667
NM_001178547.3	80	127	215	259	323	439	500	567	649	351.0
NM_001182624.1	57	129	217	274	358	444	491	566	624	351.1111111111111
NM_001181721.1	79	130	224	286	352	412	478	554	647	351.3333333333333
NM_001181512.1	71	137	205	300	361	408	502	546	635	351.6666666666667
NM_001178444.3	69	140	183	249	367	434	530	544	651	351.8888888888889
NM_001183325.1	77	142	218	271	344	414	507	550	651	352.6666666666667
NM_001182949.3	67	144	222	305	360	439	489	561	591	353.1111111111111
NM_001183475.1	73	146	193	270	355	406	480	594	663	353.3333333333333
NM_001179153.1	79	122	180	298	363	430	502	560	654	354.22222222222223
NM_001178847.1	65	141	208	295	336	425	506	592	621	354.3333333333333
NM_001178974.1	64	161	199	283	344	426	505	549	661	354.6666666666667
NM_001178487.3	77	134	198	282	361	429	512	577	623	354.77777777777777
NM_001184021.1	87	122	210	290	374	418	497	570	629	355.22222222222223
NM_001182180.1	91	135	221	283	364	407	500	568	629	355.3333333333333
NM_001183024.2	71	135	213	289	338	420	487	587	662	355.77777777777777
NM_001182695.1	75	143	218	280	373	420	496	546	660	356.77777777777777
NM_001181373.3	67	128	222	288	346	458	478	566	660	357.0
NM_001182998.1	72	154	231	270	336	435	514	553	648	357.0
NM_001180553.1	63	168	215	281	345	432	521	550	640	357.22222222222223
NM_001183207.1	60	128	220	285	388	409	504	609	616	357.6666666666667
NM_001181138.3	70	150	217	279	374	416	537	577	614	359.3333333333333
NM_001180078.1	68	151	226	300	351	426	519	574	624	359.8888888888889
NM_001180580.3	72	141	219	255	372	432	515	583	651	360.0
NM_001179372.1	78	150	214	270	343	436	486	591	678	360.6666666666667
NM_001179757.1	60	148	225	283	364	460	489	588	632	361.0
NM_001182285.1	82	155	210	264	347	436	506	576	673	361.0
NM_001183919.1	76	160	198	289	346	447	522	566	650	361.55555555555554
NM_001180605.1	74	146	242	277	364	451	489	558	654	361.6666666666667
NM_001179031.1	72	149	215	254	363	467	511	567	658	361.77777777777777
NM_001180771.3	70	159	216	292	343	447	504	562	667	362.22222222222223
NM_001178308.2	62	140	229	302	326	437	525	598	643	362.44444444444446
NM_001180395.3	87	165	241	294	344	411	496	536	689	362.55555555555554
NM_001180364.3	62	148	201	307	349	447	525	585	640	362.6666666666667
NM_001178765.1	88	118	225	284	352	446	519	594	643	363.22222222222223
NM_001178546.1	73	148	205	288	346	470	497	570	674	363.44444444444446
NM_001182289.3	75	154	212	303	383	442	481	576	647	363.6666666666667
NM_001184234.1	94	149	206	290	346	458	521	573	638	363.8888888888889
NM_001179186.2	80	141	211	291	371	424	513	574	670	363.8888888888889
NM_001183898.1	73	150	205	288	375	437	502	607	645	364.6666666666667
NM_001184070.1	90	155	237	282	372	424	501	580	645	365.1111111111111
NM_001182707.1	75	155	194	302	385	433	482	596	669	365.6666666666667
NM_001183100.1	66	134	230	296	347	452	510	587	670	365.77777777777777
NM_001181339.1	69	161	231	281	369	407	524	591	659	365.77777777777777
NM_001180600.3	85	140	218	287	353	444	518	578	676	366.55555555555554
NM_001182572.1	80	141	228	294	357	465	512	585	646	367.55555555555554
NM_001179798.4	76	152	201	310	355	446	527	593	649	367.6666666666667
NM_001183050.1	61	142	226	282	366	444	516	599	674	367.77777777777777
NM_001182586.1	69	148	243	283	370	454	510	598	637	368.0
NM_001182246.1	69	171	229	282	374	440	529	598	624	368.44444444444446
NM_001182814.1	86	148	222	313	370	449	530	593	614	369.44444444444446
NM_001178979.3	68	144	238	290	369	460	526	600	640	370.55555555555554
NM_001181587.1	81	143	220	323	380	425	502	598	664	370.6666666666667
NM_001182766.1	74	146	197	297	374	449	517	609	678	371.22222222222223
NM_001180448.1	61	137	248	300	391	415	535	579	677	371.44444444444446
NM_001182340.1	73	140	232	306	378	438	503	604	677	372.3333333333333
NM_001181821.1	79	141	208	318	366	484	495	604	661	372.8888888888889
NM_001182479.1	66	158	209	282	375	474	527	587	679	373.0
NM_001178560.3	78	153	210	320	378	441	519	608	653	373.3333333333333
NM_001183101.1	60	142	223	309	395	445	489	599	701	373.6666666666667
NM_001183461.1	75	126	229	301	372	450	551	579	682	373.8888888888889
NM_001183045.1	77	146	233	270	381	438	530	591	702	374.22222222222223
NM_001182007.1	75	157	218	297	385	441	505	596	694	374.22222222222223
NM_001179587.3	69	129	217	308	358	470	536	595	687	374.3333333333333
NM_001180111.1	86	164	249	284	396	443	516	581	652	374.55555555555554
NM_001180904.1	89	147	231	306	354	429	524	603	690	374.77777777777777
NM_001178374.1	86	168	203	290	385	437	533	584	692	375.3333333333333
NM_001182721.1	61	146	229	302	385	458	511	609	681	375.77777777777777
NM_001181410.3	80	138	225	267	389	446	548	588	702	375.8888888888889
NM_001182362.1	82	168	214	324	366	430	573	580	661	377.55555555555554
NM_001183951.1	83	155	220	290	415	440	521	601	673	377.55555555555554
NM_001179770.1	59	139	222	305	368	482	550	588	686	377.6666666666667
NM_001183330.1	84	158	231	275	385	465	522	629	651	377.77777777777777
NM_001181502.1	74	165	225	330	375	441	515	600	677	378.0
NM_001184085.1	83	158	227	313	340	465	533	608	681	378.6666666666667
NM_001183383.1	67	132	226	323	421	443	491	607	699	378.77777777777777
NM_001183542.1	87	169	231	269	394	460	524	597	685	379.55555555555554
NM_001178651.1	75	127	239	281	409	420	518	633	714	379.55555555555554
NM_001178782.1	65	160	207	289	397	439	536	616	712	380.1111111111111
NM_001184245.1	75	146	253	292	343	461	530	635	688	380.3333333333333
NM_001181097.1	72	168	247	294	368	443	566	602	664	380.44444444444446
NM_001179741.1	79	142	217	281	388	466	542	619	691	380.55555555555554
NM_001179319.1	81	170	221	304	374	432	528	631	687	380.8888888888889
NM_001180273.1	71	160	221	315	397	439	541	631	658	381.44444444444446
NM_001181718.1	73	149	218	316	388	485	516	594	696	381.6666666666667
NM_001180123.1	89	155	235	283	368	468	527	627	685	381.8888888888889
NM_001179289.1	70	158	218	302	375	463	534	623	694	381.8888888888889
NM_001179576.3	73	162	225	281	386	478	534	611	690	382.22222222222223
NM_001178407.1	69	147	238	302	385	444	594	590	672	382.3333333333333
NM_001181066.1	69	134	231	347	360	466	536	624	678	382.77777777777777
NM_001181611.1	61	173	222	301	374	484	515	641	676	383.0
NM_001183259.1	85	165	205	293	368	453	556	609	715	383.22222222222223
NM_001178268.1	66	145	226	312	377	498	502	624	699	383.22222222222223
NM_001181631.1	76	162	229	311	373	445	544	631	680	383.44444444444446
NM_001182477.1	66	175	226	295	408	485	501	623	672	383.44444444444446
NM_001178377.1	76	156	225	333	379	468	567	584	667	383.8888888888889
NM_001183276.2	72	157	224	311	379	449	535	627	720	386.0
NM_001183480.1	64	157	257	306	389	485	542	628	651	386.55555555555554
NM_001180261.1	76	130	236	297	380	478	568	630	685	386.6666666666667
NM_001182338.1	80	144	242	318	377	461	547	622	693	387.1111111111111
NM_001179355.1	74	154	229	309	383	487	545	603	707	387.8888888888889
NM_001180195.1	82	146	245	335	379	452	559	612	685	388.3333333333333
NM_001183001.1	82	163	253	301	411	478	499	605	705	388.55555555555554
NM_001181616.2	76	141	247	313	385	465	568	607	703	389.44444444444446
NM_001178954.1	79	154	221	315	397	479	553	633	675	389.55555555555554
NM_001178973.1	79	145	233	327	402	473	542	596	711	389.77777777777777
NM_001184013.1	79	146	237	316	394	481	522	629	706	390.0
NM_001183319.1	72	167	249	295	392	472	530	617	718	390.22222222222223
NM_001181211.1	74	156	232	322	405	463	560	586	716	390.44444444444446
NM_001179294.1	75	160	244	292	390	466	571	598	720	390.6666666666667
NM_001183035.1	79	163	240	300	402	458	535	639	705	391.22222222222223
NM_001183631.3	86	168	254	306	381	456	547	610	716	391.55555555555554
NM_001178525.3	90	163	227	299	397	453	548	645	710	392.44444444444446
NM_001183405.1	83	137	231	320	387	486	567	600	724	392.77777777777777
NM_001179709.1	75	179	222	302	384	487	537	647	713	394.0
NM_001179579.1	89	141	238	305	394	481	540	652	710	394.44444444444446
NM_001181745.1	71	162	237	305	418	488	546	610	716	394.77777777777777
NM_001181699.3	70	164	227	333	355	480	541	627	757	394.8888888888889
NM_001183150.1	81	167	235	320	402	455	536	633	727	395.1111111111111
NM_001179196.1	86	168	255	325	385	469	559	628	681	395.1111111111111
NM_001182318.3	84	159	218	298	403	469	569	647	711	395.3333333333333
NM_001183830.2	83	171	224	333	395	473	546	645	690	395.55555555555554
NM_001180401.1	59	168	206	328	415	476	538	647	725	395.77777777777777
NM_001179667.2	76	165	243	320	405	485	533	610	728	396.1111111111111
NM_001183464.1	81	165	240	314	411	467	527	647	715	396.3333333333333
NM_001182715.1	90	168	211	329	377	468	543	643	739	396.44444444444446
NM_001181833.1	91	181	256	286	394	483	564	634	684	397.0
NM_001179384.3	90	165	214	326	395	472	557	642	714	397.22222222222223
NM_001178276.1	72	170	219	319	414	459	565	628	729	397.22222222222223
NM_001178196.2	81	161	216	320	410	475	550	633	729	397.22222222222223
NM_001183057.1	79	158	245	327	407	478	525	638	718	397.22222222222223
NM_001179761.1	69	158	240	318	403	496	565	601	726	397.3333333333333
NM_001178718.1	77	149	228	342	393	490	537	651	710	397.44444444444446
NM_001178822.1	82	144	236	331	396	475	551	639	725	397.6666666666667
NM_001180059.1	72	157	259	324	389	487	545	619	731	398.1111111111111
NM_001181091.1	89	167	227	325	388	470	563	638	718	398.3333333333333
NM_001184307.1	89	158	218	348	370	465	593	635	722	399.77777777777777
NM_001180248.1	63	144	227	320	390	448	587	652	767	399.77777777777777
NM_001178280.1	91	163	221	301	387	504	544	685	705	400.1111111111111
NM_001183747.3	80	152	238	311	413	459	572	644	733	400.22222222222223
NM_001183636.1	80	146	241	323	406	489	548	648	724	400.55555555555554
NM_001184009.1	74	135	218	339	392	469	561	652	767	400.77777777777777
NM_001178406.1	82	151	227	345	399	471	554	669	711	401.0
NM_001181390.3	96	149	239	325	401	464	587	634	716	401.22222222222223
NM_001179389.1	91	164	245	304	412	496	551	634	719	401.77777777777777
NM_001183365.1	80	158	261	319	437	486	563	644	675	402.55555555555554
NM_001178519.3	69	157	243	346	393	477	556	666	716	402.55555555555554
NM_001178164.1	68	169	231	353	405	478	547	619	753	402.55555555555554
NM_001179751.1	74	155	257	301	391	486	575	635	752	402.8888888888889
NM_001178282.1	82	170	246	321	396	473	580	655	717	404.44444444444446
NM_001181599.1	71	164	255	316	395	490	533	667	752	404.77777777777777
NM_001181051.1	73	165	265	328	413	478	567	641	723	405.8888888888889
NM_001183709.3	72	160	255	310	413	493	549	662	739	405.8888888888889
NM_001179804.1	76	161	225	327	385	509	529	666	776	406.0
NM_001178241.1	90	150	260	318	411	471	583	662	713	406.44444444444446
NM_001181790.2	77	180	243	338	401	485	584	614	740	406.8888888888889
NM_001178521.1	91	173	243	294	414	469	589	658	731	406.8888888888889
NM_001179332.1	83	143	254	333	408	509	561	645	731	407.44444444444446
NM_001180976.1	86	179	267	313	390	487	564	639	744	407.6666666666667
NM_001181854.1	91	160	246	330	438	498	532	650	726	407.8888888888889
NM_001180574.3	69	149	243	360	387	503	564	659	747	409.0
NM_001182900.3	70	169	231	339	429	479	578	652	735	409.1111111111111
NM_001179273.1	79	173	211	359	383	483	588	663	744	409.22222222222223
NM_001178892.1	78	135	228	358	404	489	599	649	745	409.44444444444446
NM_001179488.1	69	173	260	318	405	489	600	653	719	409.55555555555554
NM_001181557.1	78	157	248	333	423	470	584	674	719	409.55555555555554
NM_001179780.1	85	162	265	364	399	471	558	635	750	409.8888888888889
NM_001179472.3	100	180	229	319	429	494	574	646	722	410.3333333333333
NM_001181056.1	83	165	257	344	397	512	564	683	690	410.55555555555554
NM_001178680.1	99	163	263	324	385	515	563	655	728	410.55555555555554
NM_001183223.1	87	176	236	344	412	456	573	662	750	410.6666666666667
NM_001181851.1	86	166	241	351	407	500	533	664	752	411.1111111111111
NM_001179555.1	85	160	233	306	447	488	604	629	751	411.44444444444446
NM_001180607.3	83	177	256	359	421	487	567	650	704	411.55555555555554
NM_001178506.1	80	175	252	324	419	488	561	670	741	412.22222222222223
NM_001184328.3	90	162	253	310	426	507	581	657	726	412.44444444444446
NM_001179120.1	85	173	240	344	415	479	565	665	747	412.55555555555554
NM_001182467.1	82	148	276	325	420	511	563	673	722	413.3333333333333
NM_001182977.3	80	157	262	353	424	483	583	683	700	413.8888888888889
NM_001180518.3	83	138	260	331	410	521	569	667	747	414.0
NM_001179169.1	91	157	225	322	427	472	595	706	732	414.1111111111111
NM_001179573.1	81	197	259	328	393	497	575	655	743	414.22222222222223
NM_001179167.1	81	177	254	321	394	501	583	706	711	414.22222222222223
NM_001182093.1	91	136	255	367	414	472	563	664	767	414.3333333333333
NM_001181659.3	87	155	268	345	390	492	570	669	759	415.0
NM_001182807.1	83	167	245	323	428	503	582	668	737	415.1111111111111
NM_001178512.3	87	172	267	348	413	481	594	640	743	416.1111111111111
NM_001179570.1	86	180	252	358	416	501	550	666	738	416.3333333333333
NM_001182593.1	76	159	270	353	408	494	598	649	740	416.3333333333333
NM_001182276.1	95	177	260	343	407	503	584	661	726	417.3333333333333
NM_001181337.1	76	180	248	354	412	489	578	676	748	417.8888888888889
NM_001179062.1	76	166	251	344	416	509	616	682	701	417.8888888888889
NM_001178170.2	85	165	257	325	436	493	592	688	735	419.55555555555554
NM_001179925.1	76	167	257	363	402	498	610	665	745	420.3333333333333
NM_001184101.1	95	165	265	319	428	519	596	667	731	420.55555555555554
NM_001183645.3	94	142	269	340	422	483	615	688	739	421.3333333333333
NM_001179855.3	86	160	259	347	417	530	587	648	761	421.6666666666667
NM_001178600.3	81	166	282	353	390	517	593	690	723	421.6666666666667
NM_001180933.1	83	185	245	343	414	509	622	656	739	421.77777777777777
NM_001180826.1	63	171	234	353	421	514	602	700	745	422.55555555555554
NM_001183997.1	70	173	275	330	427	515	603	662	749	422.6666666666667
NM_001179464.1	90	168	244	360	410	504	584	674	776	423.3333333333333
NM_001183595.3	108	164	235	345	411	500	607	700	743	423.6666666666667
NM_001181734.1	98	189	226	350	415	486	570	678	802	423.77777777777777
NM_001179772.1	104	187	256	342	408	503	585	670	761	424.0
NM_001181261.3	66	161	259	324	450	533	602	656	766	424.1111111111111
NM_001182309.3	83	163	240	338	391	518	623	682	789	425.22222222222223
NM_001181971.1	89	175	265	362	439	524	553	672	751	425.55555555555554
NM_001180680.1	84	170	247	347	437	511	613	684	738	425.6666666666667
NM_001179874.3	88	190	227	336	442	466	606	693	793	426.77777777777777
NM_001179967.1	82	167	268	336	425	470	599	710	788	427.22222222222223
NM_001183864.1	101	155	244	345	410	524	594	686	792	427.8888888888889
NM_001180685.3	90	180	270	340	441	518	598	672	744	428.1111111111111
NM_001183118.1	97	170	261	336	438	548	559	654	790	428.1111111111111
NM_001180161.2	89	170	265	340	398	521	617	663	796	428.77777777777777
NM_001180285.1	101	154	282	353	429	518	594	676	756	429.22222222222223
NM_001180866.1	91	173	265	358	417	520	589	663	788	429.3333333333333
NM_001178778.1	99	199	253	321	426	523	601	678	767	429.6666666666667
NM_001180193.1	90	147	248	333	433	495	646	674	805	430.1111111111111
NM_001179885.1	86	170	253	374	411	513	610	697	759	430.3333333333333
NM_001184230.1	93	162	250	332	430	517	589	728	778	431.0
NM_001183303.1	75	191	265	371	421	495	617	679	772	431.77777777777777
NM_001184253.1	78	165	270	361	422	507	611	695	777	431.77777777777777
NM_001181036.1	84	160	274	347	397	511	610	691	821	432.77777777777777
NM_001179371.3	92	179	257	362	433	493	602	703	783	433.77777777777777
NM_001182219.1	67	174	242	381	438	528	630	677	768	433.8888888888889
NM_001181068.1	94	178	248	341	425	518	625	706	771	434.0
NM_001178490.1	103	203	270	342	448	523	591	674	753	434.1111111111111
NM_001183196.1	83	168	255	339	419	547	635	655	807	434.22222222222223
NM_001180405.3	95	159	250	320	434	525	611	705	809	434.22222222222223
NM_001180643.1	89	172	268	339	449	532	587	696	778	434.44444444444446
NM_001270740.1	94	169	255	365	421	527	614	681	784	434.44444444444446
NM_001181578.1	82	171	248	343	455	524	640	696	754	434.77777777777777
NM_001178371.1	73	161	257	339	423	555	610	743	756	435.22222222222223
NM_001184053.1	87	179	269	356	443	529	594	694	767	435.3333333333333
NM_001180105.1	70	163	274	337	466	501	606	722	782	435.6666666666667
NM_001179327.1	87	174	249	351	412	541	619	687	807	436.3333333333333
NM_001179193.1	95	178	254	355	425	536	586	694	810	437.0
NM_001184335.3	80	179	251	347	416	572	571	724	803	438.1111111111111
NM_001180497.1	76	169	287	332	427	541	647	697	774	438.8888888888889
NM_001180608.3	81	194	284	373	429	515	612	690	772	438.8888888888889
NM_001183960.1	76	162	259	331	462	524	612	750	782	439.77777777777777
NM_001179856.1	82	176	266	349	476	503	614	687	805	439.77777777777777
NM_001182193.1	93	175	272	332	439	516	648	699	789	440.3333333333333
NM_001182278.1	80	190	251	357	445	530	600	727	788	440.8888888888889
NM_001181037.1	77	183	272	378	447	532	603	720	767	442.1111111111111
NM_001182755.1	95	186	302	333	418	534	629	693	793	442.55555555555554
NM_001182082.1	94	184	255	380	436	530	635	676	798	443.1111111111111
NM_001183312.1	94	166	286	365	450	549	555	717	813	443.8888888888889
NM_001178577.3	79	171	286	354	431	504	644	732	794	443.8888888888889
NM_001180617.1	96	188	254	354	425	549	625	715	790	444.0
NM_001182883.1	88	176	254	343	428	550	615	735	808	444.1111111111111
NM_001180191.1	91	177	261	350	445	510	620	725	821	444.44444444444446
NM_001179234.1	94	197	241	354	431	523	617	734	810	444.55555555555554
NM_001179623.1	65	170	263	354	467	556	610	720	803	445.3333333333333
NM_001183305.1	106	158	259	352	456	511	646	720	802	445.55555555555554
NM_001182922.1	84	169	257	342	460	544	618	708	831	445.8888888888889
NM_001181086.1	86	166	270	367	454	540	607	727	796	445.8888888888889
NM_001183260.1	97	190	289	369	430	545	648	710	751	447.6666666666667
NM_001184288.1	92	169	270	351	451	522	626	722	829	448.0
NM_001179179.1	78	180	254	362	460	532	654	706	813	448.77777777777777
NM_001183983.1	79	188	263	361	449	541	650	689	822	449.1111111111111
NM_001181301.3	100	179	249	349	433	533	648	709	847	449.6666666666667
NM_001179846.1	89	186	260	316	428	551	660	733	824	449.6666666666667
NM_001183344.1	78	173	268	372	450	539	636	696	836	449.77777777777777
NM_001178422.2	96	176	258	392	484	532	625	716	771	450.0
NM_001181849.1	94	181	270	371	440	534	640	711	809	450.0
NM_001181584.1	89	185	250	368	453	530	644	725	810	450.44444444444446
NM_001180250.2	91	186	299	352	436	520	645	734	795	450.8888888888889
NM_001178209.1	100	195	274	357	445	537	615	703	832	450.8888888888889
NM_001179486.3	104	187	250	349	436	526	637	730	839	450.8888888888889
NM_001182073.1	83	190	265	379	455	536	632	732	790	451.3333333333333
NM_001179143.1	87	176	239	340	461	569	615	711	866	451.55555555555554
NM_001178991.3	105	175	250	336	449	551	647	715	841	452.1111111111111
NM_001180287.1	98	199	260	358	460	561	620	717	824	455.22222222222223
NM_001178290.1	85	173	296	342	472	559	618	746	811	455.77777777777777
NM_001179648.1	75	187	275	366	449	534	679	704	839	456.44444444444446
NM_001181358.1	87	173	275	382	450	545	660	709	828	456.55555555555554
NM_001183151.1	94	175	275	365	485	526	623	735	840	457.55555555555554
NM_001183281.1	95	193	277	367	456	536	642	728	837	459.0
NM_001178878.1	88	177	267	368	453	547	651	745	848	460.44444444444446
NM_001178980.1	103	171	289	357	453	530	671	748	825	460.77777777777777
NM_001182259.3	85	186	294	357	479	502	681	747	822	461.44444444444446
NM_001179731.1	94	198	281	367	453	558	614	785	804	461.55555555555554
NM_001183775.3	90	171	273	364	460	552	647	733	865	461.6666666666667
NM_001182137.1	88	184	276	360	472	552	667	759	798	461.77777777777777
NM_001181322.1	95	192	281	364	476	569	621	742	816	461.77777777777777
NM_001178319.1	105	192	320	357	489	536	634	727	811	463.44444444444446
NM_001179678.1	116	190	271	395	447	533	649	728	857	465.1111111111111
NM_001181130.3	83	195	308	358	462	553	662	723	847	465.6666666666667
NM_001180785.3	84	190	281	377	504	549	665	737	811	466.44444444444446
NM_001181576.1	85	199	275	370	460	554	646	749	863	466.77777777777777
NM_001178384.1	91	183	292	352	482	575	659	765	810	467.6666666666667
NM_001183195.1	96	172	291	344	462	575	669	764	840	468.1111111111111
NM_001181658.1	93	203	289	376	443	542	677	735	864	469.1111111111111
NM_001182472.1	103	180	277	379	475	596	659	726	828	469.22222222222223
NM_001183194.3	101	193	268	386	448	563	679	738	848	469.3333333333333
NM_001183030.2	104	184	274	392	480	579	621	726	867	469.6666666666667
NM_001181733.3	103	189	282	391	504	596	603	737	837	471.3333333333333
NM_001178918.1	100	193	273	417	445	530	651	739	902	472.22222222222223
NM_001183943.1	86	208	287	399	499	565	663	728	818	472.55555555555554
NM_001179056.3	104	213	299	383	492	561	650	696	858	472.8888888888889
NM_001180428.3	121	210	263	371	449	564	643	803	835	473.22222222222223
NM_001180669.3	92	195	276	380	452	585	692	752	836	473.3333333333333
NM_001180382.1	88	193	269	370	467	584	691	747	856	473.8888888888889
NM_001182434.1	77	195	280	392	504	534	674	752	857	473.8888888888889
NM_001179087.1	90	213	295	381	488	563	625	739	882	475.1111111111111
NM_001181530.1	94	190	276	371	484	587	681	759	835	475.22222222222223
NM_001182179.1	95	198	294	397	495	559	643	744	853	475.3333333333333
NM_001181360.1	95	190	295	400	460	541	665	749	889	476.0
NM_001183794.1	88	185	275	384	472	577	675	755	883	477.1111111111111
NM_001183467.1	73	213	273	380	475	578	634	788	882	477.3333333333333
NM_001178722.1	106	184	292	397	476	583	672	735	862	478.55555555555554
NM_001183408.1	91	184	280	413	435	584	678	787	856	478.6666666666667
NM_001178449.3	94	164	304	373	497	577	635	804	869	479.6666666666667
NM_001182000.1	106	195	303	382	497	555	667	756	864	480.55555555555554
NM_001179872.3	98	207	283	404	487	580	658	770	842	481.0
NM_001181889.1	98	200	308	348	489	586	675	774	854	481.3333333333333
NM_001179612.1	94	183	292	404	450	581	669	782	885	482.22222222222223
NM_001178441.3	101	186	288	398	490	586	680	806	827	484.6666666666667
NM_001183399.2	112	202	264	383	487	619	672	775	849	484.77777777777777
NM_001178893.3	95	204	278	403	471	570	703	820	821	485.0
NM_001178595.3	91	197	299	361	487	547	711	813	861	485.22222222222223
NM_001181730.3	111	178	289	374	499	604	668	769	878	485.55555555555554
NM_001181444.3	99	184	269	411	528	534	687	816	851	486.55555555555554
NM_001180119.1	90	195	287	382	509	607	668	773	884	488.3333333333333
NM_001180484.3	97	215	313	384	482	574	683	793	858	488.77777777777777
NM_001180468.1	94	176	280	386	482	582	703	819	877	488.77777777777777
NM_001179383.1	97	207	292	383	495	605	673	793	859	489.3333333333333
NM_001181625.1	93	209	274	399	485	604	694	786	862	489.55555555555554
NM_001182591.1	84	207	297	401	460	584	692	790	891	489.55555555555554
NM_001180129.1	107	195	278	368	472	612	686	816	873	489.6666666666667
NM_001180881.1	81	185	311	418	503	577	658	805	870	489.77777777777777
NM_001183900.1	95	206	300	403	487	594	664	786	882	490.77777777777777
NM_001178570.3	107	192	279	409	476	585	711	812	848	491.0
NM_001179004.1	91	198	312	385	481	561	715	770	906	491.0
NM_001179412.1	76	194	308	386	558	611	686	761	843	491.44444444444446
NM_001184080.1	85	179	314	410	525	593	649	755	915	491.6666666666667
NM_001182908.1	108	186	292	395	499	579	672	810	888	492.1111111111111
NM_001179598.3	94	194	303	371	496	595	696	775	907	492.3333333333333
NM_001180502.1	113	206	287	391	477	578	703	781	909	493.8888888888889
NM_001178592.3	98	200	298	401	506	587	699	776	901	496.22222222222223
NM_001182951.1	89	221	293	379	501	593	720	778	898	496.8888888888889
NM_001180908.1	91	191	308	394	491	600	660	823	928	498.44444444444446
NM_001181727.1	108	187	289	433	496	578	700	822	875	498.6666666666667
NM_001181783.1	81	189	311	396	494	628	689	815	886	498.77777777777777
NM_001179708.1	99	188	307	447	518	577	676	783	902	499.6666666666667
NM_001184169.1	103	192	324	400	515	595	687	793	900	501.0
NM_001181556.1	110	198	287	419	531	565	725	793	887	501.6666666666667
NM_001182779.1	90	200	271	399	502	619	729	796	910	501.77777777777777
NM_001181313.1	93	201	288	400	479	627	736	766	929	502.1111111111111
NM_001178873.1	96	189	326	409	514	592	708	786	908	503.1111111111111
NM_001179388.3	114	191	281	411	490	620	727	801	910	505.0
NM_001179574.3	102	201	291	407	477	609	746	788	927	505.3333333333333
NM_001180187.1	91	193	285	391	529	639	692	812	919	505.6666666666667
NM_001180795.1	92	202	299	405	507	580	740	825	907	506.3333333333333
NM_001178459.1	110	217	333	388	505	593	686	855	875	506.8888888888889
NM_001184074.1	101	196	330	395	502	616	708	810	907	507.22222222222223
NM_001180821.1	111	203	294	423	477	611	708	826	927	508.8888888888889
NM_001179686.1	107	211	298	398	521	614	688	820	924	509.0
NM_001178383.1	103	187	296	374	530	618	713	837	944	511.3333333333333
NM_001179237.1	115	202	318	413	488	620	695	829	928	512.0
NM_001178596.3	107	219	306	377	515	578	737	849	921	512.1111111111111
NM_001178996.1	103	198	297	414	503	633	693	834	943	513.1111111111111
NM_001182940.3	89	176	294	412	513	647	719	846	925	513.4444444444445
NM_001179265.1	117	191	299	397	505	609	765	809	936	514.2222222222222
NM_001179041.3	92	220	298	393	510	622	725	830	942	514.6666666666666
NM_001182630.1	94	227	286	414	513	623	706	844	927	514.8888888888889
NM_001181976.1	108	189	307	407	499	645	728	816	936	515.0
NM_001181094.1	97	219	331	419	500	623	719	832	899	515.4444444444445
NM_001179769.1	105	209	316	410	548	624	692	811	934	516.5555555555555
NM_001179582.3	115	192	294	371	535	620	750	815	972	518.2222222222222
NM_001179195.1	91	227	292	377	519	643	740	830	952	519.0
NM_001184026.1	100	204	327	419	495	640	758	820	925	520.8888888888889
NM_001183846.1	109	219	337	435	484	628	712	843	937	522.6666666666666
NM_001179263.1	100	183	334	427	504	659	706	845	950	523.1111111111111
NM_001179038.3	103	221	315	426	531	624	762	796	930	523.1111111111111
NM_001178837.1	115	197	290	417	530	619	744	844	953	523.2222222222222
NM_001183190.3	105	210	301	424	516	628	767	827	949	525.2222222222222
NM_001183629.3	89	203	304	406	531	638	763	852	951	526.3333333333334
NM_001183949.1	105	195	305	409	557	590	770	854	953	526.4444444444445
NM_001183713.1	114	191	313	440	535	641	744	839	923	526.6666666666666
NM_001180131.1	120	205	318	387	538	637	770	844	925	527.1111111111111
NM_001182493.1	113	223	315	420	530	643	715	846	944	527.6666666666666
NM_001180542.3	105	176	325	408	556	639	766	842	936	528.1111111111111
NM_001180706.1	97	219	314	416	524	629	763	851	948	529.0
NM_001178715.1	111	206	305	423	555	635	729	835	962	529.0
NM_001181259.1	112	189	307	425	516	642	754	842	987	530.4444444444445
NM_001178499.1	125	191	319	445	500	659	749	814	985	531.8888888888889
NM_001180021.1	129	231	305	433	553	582	723	902	948	534.0
NM_001181155.3	114	224	326	421	515	639	755	825	991	534.4444444444445
NM_001182968.3	104	210	323	429	535	629	750	872	959	534.5555555555555
NM_001180566.3	105	203	328	447	526	669	763	848	925	534.8888888888889
NM_001181316.3	105	202	321	409	542	645	771	862	958	535.0
NM_001183594.1	136	211	320	386	546	662	734	865	963	535.8888888888889
NM_001181742.3	113	242	328	441	518	636	774	829	944	536.1111111111111
NM_001179808.1	113	200	353	429	545	625	737	854	978	537.1111111111111
NM_001178553.3	85	237	336	454	530	659	754	819	962	537.3333333333334
NM_001182884.1	102	227	326	445	543	631	761	874	933	538.0
NM_001178922.1	104	233	341	438	523	611	751	872	969	538.0
NM_001180769.3	112	215	332	410	561	645	758	863	950	538.4444444444445
NM_001182286.3	102	186	315	436	563	632	751	870	994	538.7777777777778
NM_001178875.1	88	201	339	415	541	635	753	912	973	539.6666666666666
NM_001183077.1	130	207	313	441	531	640	748	845	1004	539.8888888888889
NM_001182163.1	122	219	328	446	523	616	771	854	986	540.5555555555555
NM_001178296.2	98	207	316	480	548	625	754	839	999	540.6666666666666
NM_001178460.3	110	220	313	465	535	635	750	883	977	543.1111111111111
NM_001181315.1	112	204	337	429	533	634	791	899	956	543.8888888888889
NM_001184121.1	107	227	328	411	567	693	742	856	978	545.4444444444445
NM_001184518.1	119	216	328	430	570	661	757	863	966	545.5555555555555
NM_001181248.1	92	199	314	455	572	669	783	884	948	546.2222222222222
NM_001179262.1	114	227	334	459	534	659	763	849	991	547.7777777777778
NM_001182226.1	116	208	342	428	544	684	776	855	986	548.7777777777778
NM_001183908.1	120	218	345	446	534	642	783	927	941	550.6666666666666
NM_001180162.1	133	209	345	429	565	634	764	886	999	551.5555555555555
NM_001180336.1	109	228	341	420	562	658	757	887	1002	551.5555555555555
NM_001180673.1	114	233	315	435	540	669	761	904	1002	552.5555555555555
NM_001180296.1	109	210	350	435	552	659	776	875	1012	553.1111111111111
NM_001182956.1	105	218	345	484	569	669	728	893	984	555.0
NM_001184160.1	117	205	316	465	543	704	778	847	1022	555.2222222222222
NM_001178363.1	123	236	337	446	578	632	788	880	982	555.7777777777778
NM_001183998.1	119	206	344	446	555	668	758	905	1007	556.4444444444445
NM_001183583.3	116	236	362	438	567	654	751	904	982	556.6666666666666
NM_001184088.1	105	204	350	437	585	649	785	888	1014	557.4444444444445
NM_001183069.1	116	234	347	426	557	653	797	881	1008	557.6666666666666
NM_001182744.1	100	249	355	446	542	652	756	911	1014	558.3333333333334
NM_001180472.1	119	247	326	442	561	679	775	877	1001	558.5555555555555
NM_001182527.1	115	213	351	432	548	679	785	896	1008	558.5555555555555
NM_001182805.1	103	199	342	492	557	661	753	879	1042	558.6666666666666
NM_001180606.1	98	212	342	480	567	652	796	895	988	558.8888888888889
NM_001178152.1	111	219	335	433	547	674	811	902	999	559.0
NM_001182144.1	98	220	322	495	575	640	773	902	1009	559.3333333333334
NM_001183433.1	112	209	358	443	544	678	780	876	1035	559.4444444444445
NM_001181326.1	118	233	300	445	573	690	789	880	1010	559.7777777777778
NM_001183941.1	96	223	357	435	561	688	809	867	1004	560.0
NM_001183504.1	118	237	357	418	553	690	772	911	989	560.5555555555555
NM_001179776.1	125	239	321	429	565	677	743	903	1044	560.6666666666666
NM_001183089.1	113	189	343	458	566	690	776	923	990	560.8888888888889
NM_001183892.1	107	205	337	438	576	698	800	911	980	561.3333333333334
NM_001179474.1	93	235	316	439	554	701	799	889	1032	562.0
NM_001179204.1	100	222	346	477	544	674	792	897	1021	563.6666666666666
NM_001179692.1	123	221	353	440	553	669	808	895	1015	564.1111111111111
NM_001182948.1	115	249	348	427	543	686	796	903	1028	566.1111111111111
NM_001183514.1	119	240	306	469	593	686	751	898	1041	567.0
NM_001183178.1	115	209	338	448	560	721	790	925	999	567.2222222222222
NM_001179634.1	106	217	370	470	553	685	784	921	1008	568.2222222222222
NM_001181904.1	123	239	352	455	557	693	837	865	996	568.5555555555555
NM_001179046.3	116	223	327	481	562	673	786	901	1057	569.5555555555555
NM_001180451.3	114	261	301	487	574	676	841	876	1002	570.2222222222222
NM_001181110.1	116	232	362	495	603	635	792	894	1010	571.0
NM_001182487.1	135	217	370	424	581	690	795	906	1025	571.4444444444445
NM_001178535.1	119	243	347	470	579	698	801	918	980	572.7777777777778
NM_001178166.1	111	238	369	447	584	694	795	936	999	574.7777777777778
NM_001179639.1	120	232	339	448	525	693	836	935	1050	575.3333333333334
NM_001183470.1	100	235	341	455	604	679	803	918	1044	575.4444444444445
NM_001183145.1	103	227	368	433	570	723	827	885	1049	576.1111111111111
NM_001180857.3	111	257	332	479	569	713	778	909	1039	576.3333333333334
NM_001181274.2	125	237	355	455	569	691	774	906	1077	576.5555555555555
NM_001181645.1	122	239	334	457	561	675	848	915	1042	577.0
NM_001178955.1	114	226	330	456	582	721	832	909	1025	577.2222222222222
NM_001180117.1	122	248	333	427	572	680	830	921	1068	577.8888888888889
NM_001178382.1	125	227	365	468	580	670	828	903	1036	578.0
NM_001183543.3	117	219	322	457	589	724	805	921	1050	578.2222222222222
NM_001181374.3	120	248	369	421	572	704	809	918	1052	579.2222222222222
NM_001179424.1	122	222	349	457	585	678	836	937	1030	579.5555555555555
NM_001180789.3	106	237	333	497	567	685	825	932	1040	580.2222222222222
NM_001183346.1	118	226	359	513	542	707	771	915	1080	581.2222222222222
NM_001180636.3	117	260	347	458	591	684	809	916	1054	581.7777777777778
NM_001178285.1	133	253	377	458	571	683	812	906	1049	582.4444444444445
NM_001182109.1	119	237	338	505	545	723	811	923	1050	583.4444444444445
NM_001183626.1	112	238	333	440	592	685	800	953	1102	583.8888888888889
NM_001179083.1	121	239	357	466	593	656	849	944	1030	583.8888888888889
NM_001183528.3	108	240	368	445	600	720	817	927	1031	584.0
NM_001184077.1	119	229	384	449	585	702	790	941	1059	584.2222222222222
NM_001182135.1	105	225	353	446	603	675	834	979	1057	586.3333333333334
NM_001182579.1	124	214	354	467	592	690	808	977	1053	586.5555555555555
NM_001178660.1	129	232	341	480	607	726	818	906	1040	586.5555555555555
NM_001178985.3	105	249	338	480	596	709	816	942	1046	586.7777777777778
NM_001183760.1	105	242	338	509	602	699	835	923	1036	587.6666666666666
NM_001181921.2	129	234	337	470	582	700	846	919	1074	587.8888888888889
NM_001178211.1	108	244	350	486	628	694	783	958	1063	590.4444444444445
NM_001179336.1	96	222	371	489	605	732	808	942	1058	591.4444444444445
NM_001179605.1	111	230	368	505	582	720	813	946	1063	593.1111111111111
NM_001179729.1	130	237	377	464	588	734	823	967	1036	595.1111111111111
NM_001180354.3	101	238	373	465	578	710	871	950	1092	597.5555555555555
NM_001180905.1	126	242	353	498	612	718	821	936	1072	597.5555555555555
NM_001183679.1	140	267	366	498	552	730	828	947	1058	598.4444444444445
NM_001180213.1	137	246	358	478	598	698	837	942	1093	598.5555555555555
NM_001179651.1	109	247	355	464	607	762	863	938	1045	598.8888888888889
NM_001178724.1	125	241	334	494	573	728	846	986	1066	599.2222222222222
NM_001182143.1	136	220	361	470	602	721	860	943	1085	599.7777777777778
NM_001180892.1	144	231	375	475	582	726	827	962	1088	601.1111111111111
NM_001182116.1	118	261	364	478	610	686	866	950	1080	601.4444444444445
NM_001181302.1	132	233	403	487	568	695	836	991	1076	602.3333333333334
NM_001179590.3	111	262	351	487	614	723	888	913	1092	604.5555555555555
NM_001178436.1	129	219	341	484	628	648	891	996	1111	605.2222222222222
NM_001178730.1	109	234	359	497	593	743	859	957	1098	605.4444444444445
NM_001180063.1	127	263	392	460	607	721	809	972	1105	606.2222222222222
NM_001178769.1	110	220	366	514	637	755	839	971	1052	607.1111111111111
NM_001184057.1	121	229	361	467	623	740	845	953	1127	607.3333333333334
NM_001182758.1	106	268	359	475	614	759	823	990	1073	607.4444444444445
NM_001179426.1	119	227	360	485	582	746	902	986	1074	609.0
NM_001182392.1	125	241	356	470	622	732	851	958	1128	609.2222222222222
NM_001184286.1	134	225	385	489	631	692	850	998	1079	609.2222222222222
NM_001183547.3	137	248	369	496	627	737	826	982	1063	609.4444444444445
NM_001178703.1	123	247	348	488	602	732	868	1001	1094	611.4444444444445
NM_001182297.3	123	261	369	494	630	744	817	973	1093	611.5555555555555
NM_001182375.1	101	255	353	499	632	723	864	975	1102	611.5555555555555
NM_001179861.3	147	239	374	442	590	710	872	996	1137	611.8888888888889
NM_001180171.1	101	261	355	519	588	763	849	967	1104	611.8888888888889
NM_001181329.3	123	265	376	517	569	711	825	1030	1102	613.1111111111111
NM_001180032.3	134	249	331	446	626	754	875	979	1125	613.2222222222222
NM_001181749.3	120	241	369	468	614	774	831	988	1114	613.2222222222222
NM_001180137.1	128	242	388	487	601	699	872	1004	1113	614.8888888888889
NM_001182356.1	137	214	359	489	622	779	828	1010	1102	615.5555555555555
NM_001183510.1	132	253	379	467	610	715	866	1004	1118	616.0
NM_001180632.3	124	232	374	459	631	732	886	986	1121	616.1111111111111
NM_001179559.1	125	259	379	491	635	725	859	996	1084	617.0
NM_001179919.1	117	253	395	527	609	718	830	983	1122	617.1111111111111
NM_001180902.3	122	254	383	466	614	756	885	959	1115	617.1111111111111
NM_001181467.1	124	236	379	517	633	734	855	971	1115	618.2222222222222
NM_001178902.1	102	261	349	512	623	761	846	1018	1107	619.8888888888889
NM_001183691.3	133	264	380	507	617	702	898	981	1099	620.1111111111111
NM_001179971.1	128	259	366	499	629	716	877	985	1126	620.5555555555555
NM_001184310.1	114	255	378	489	608	725	894	976	1149	620.8888888888889
NM_001183440.1	121	239	398	461	602	744	871	1053	1117	622.8888888888889
NM_001178903.1	116	224	361	504	599	751	886	1044	1123	623.1111111111111
NM_001179054.1	112	242	405	490	600	734	914	996	1115	623.1111111111111
NM_001178939.3	119	245	366	459	660	770	865	997	1147	625.3333333333334
NM_001181581.1	140	251	392	522	645	719	873	964	1132	626.4444444444445
NM_001184024.1	131	259	387	529	603	733	912	979	1112	627.2222222222222
NM_001182488.1	123	261	368	501	628	728	883	1042	1117	627.8888888888889
NM_001181896.1	118	249	380	517	645	747	903	980	1113	628.0
NM_001178386.1	117	241	389	503	619	764	854	1019	1163	629.8888888888889
NM_001178948.3	142	258	369	483	639	743	902	1028	1111	630.5555555555555
NM_001181550.1	135	239	388	491	601	756	895	1029	1168	633.5555555555555
NM_001183230.1	148	267	403	514	662	713	908	1003	1106	636.0
NM_001180815.3	139	285	371	464	657	775	896	975	1163	636.1111111111111
NM_001182016.1	135	249	414	534	624	766	858	991	1163	637.1111111111111
NM_001180942.1	143	266	370	487	662	758	893	1006	1156	637.8888888888889
NM_001178291.1	148	256	377	509	612	750	879	1039	1173	638.1111111111111
NM_001184226.1	107	242	366	505	689	787	886	1001	1162	638.3333333333334
NM_001178862.3	117	289	366	489	637	762	879	1041	1165	638.3333333333334
NM_001184025.1	114	266	369	517	652	780	909	1035	1111	639.2222222222222
NM_001179138.1	137	263	368	507	626	791	898	1023	1141	639.3333333333334
NM_001180879.1	120	231	416	515	599	741	929	1026	1181	639.7777777777778
NM_001183212.1	136	263	371	491	633	783	903	1052	1142	641.5555555555555
NM_001181265.1	137	271	386	518	624	756	888	1055	1146	642.3333333333334
NM_001183704.1	121	249	392	497	662	792	870	1027	1191	644.5555555555555
NM_001181607.1	127	260	392	486	622	799	891	1045	1192	646.0
NM_001183138.1	137	256	358	491	652	820	859	1078	1181	648.0
NM_001184210.1	98	256	399	533	672	811	923	993	1148	648.1111111111111
NM_001178971.1	133	267	391	504	654	783	893	1004	1210	648.7777777777778
NM_001179633.1	132	239	362	504	656	789	935	1032	1199	649.7777777777778
NM_001180457.1	115	294	369	508	666	768	945	1050	1159	652.6666666666666
NM_001183584.1	131	270	395	496	634	820	914	1027	1196	653.6666666666666
NM_001180962.1	133	236	395	506	648	796	911	1049	1222	655.1111111111111
NM_001183823.1	136	290	406	495	665	796	870	1050	1196	656.0
NM_001179969.1	137	270	400	547	660	781	915	1054	1143	656.3333333333334
NM_001182825.1	124	248	407	527	663	793	934	1031	1196	658.1111111111111
NM_001180002.3	124	270	393	542	634	793	981	1038	1155	658.8888888888889
NM_001182287.1	139	279	390	527	634	795	907	1032	1230	659.2222222222222
NM_001179580.3	132	263	403	513	687	767	946	1076	1182	663.2222222222222
NM_001178828.3	129	264	382	568	686	763	963	1031	1203	665.4444444444445
NM_001348887.1	141	263	375	530	652	814	909	1142	1177	667.0
NM_001178397.1	147	259	408	572	651	808	922	1054	1183	667.1111111111111
NM_001181257.3	127	265	387	521	678	781	937	1139	1181	668.4444444444445
NM_001182523.1	146	241	398	556	621	830	932	1058	1240	669.1111111111111
NM_001183292.1	111	268	397	505	650	798	981	1056	1260	669.5555555555555
NM_001182768.1	127	268	428	518	643	802	981	1075	1192	670.4444444444445
NM_001181672.1	130	276	404	519	669	788	968	1059	1227	671.1111111111111
NM_001182609.1	129	271	413	531	709	799	963	1080	1151	671.7777777777778
NM_001180017.1	131	279	393	548	649	825	935	1099	1199	673.1111111111111
NM_001182410.1	129	264	376	565	688	796	962	1082	1205	674.1111111111111
NM_001180455.3	148	298	404	525	641	828	930	1076	1232	675.7777777777778
NM_001182979.1	147	268	410	558	693	808	946	1061	1209	677.7777777777778
NM_001182651.1	124	288	412	552	672	774	970	1078	1235	678.3333333333334
NM_001183275.1	127	279	408	596	644	821	942	1091	1204	679.1111111111111
NM_001179959.1	119	238	399	538	671	884	940	1084	1248	680.1111111111111
NM_001181604.2	144	267	404	546	666	817	958	1116	1233	683.4444444444445
NM_001180363.1	129	239	419	540	668	869	921	1091	1279	683.8888888888889
NM_001179016.1	130	235	426	608	643	849	918	1100	1248	684.1111111111111
NM_001181633.1	125	281	432	524	693	881	934	1067	1234	685.6666666666666
NM_001178187.1	136	279	403	549	706	835	944	1107	1230	687.6666666666666
NM_001179485.1	136	277	405	537	713	879	943	1062	1239	687.8888888888889
NM_001180348.1	133	276	422	535	674	843	1008	1119	1214	691.5555555555555
NM_001184215.1	146	277	404	526	726	825	998	1098	1226	691.7777777777778
NM_001182876.1	131	280	450	549	701	842	934	1104	1242	692.5555555555555
NM_001180208.1	149	264	404	564	714	835	940	1105	1261	692.8888888888889
NM_001179762.1	131	268	387	567	705	851	996	1098	1260	695.8888888888889
NM_001182773.1	129	296	418	541	650	888	989	1095	1269	697.2222222222222
NM_001179331.3	157	285	409	590	705	812	963	1114	1251	698.4444444444445
NM_001180272.1	129	286	412	571	710	853	945	1114	1270	698.8888888888889
NM_001181987.1	145	300	423	531	728	818	931	1124	1297	699.6666666666666
NM_001180343.3	138	275	424	582	686	818	961	1147	1269	700.0
NM_001180987.3	123	259	433	548	723	839	975	1173	1237	701.1111111111111
NM_001178365.1	165	285	406	585	701	837	1030	1073	1243	702.7777777777778
NM_001181427.1	141	271	435	532	719	854	970	1145	1260	703.0
NM_001184525.1	130	248	413	558	715	849	997	1134	1293	704.1111111111111
NM_001184159.1	153	254	404	557	692	866	1014	1125	1281	705.1111111111111
NM_001183662.1	145	279	413	545	706	863	999	1161	1249	706.6666666666666
NM_001181435.1	124	272	393	603	713	880	1004	1097	1274	706.6666666666666
NM_001183977.1	175	260	435	537	696	849	967	1130	1328	708.5555555555555
NM_001178507.1	129	300	418	569	705	872	1015	1126	1248	709.1111111111111
NM_001182359.1	141	284	428	561	720	889	976	1137	1258	710.4444444444445
NM_001183690.1	137	302	428	528	709	865	1022	1124	1295	712.2222222222222
NM_001182629.1	134	318	442	573	712	852	976	1124	1283	712.6666666666666
NM_001179871.1	139	266	429	591	727	861	1011	1146	1247	713.0
NM_001180519.3	147	274	386	583	723	820	1032	1148	1312	713.8888888888889
NM_001182804.1	130	277	424	591	733	840	1003	1160	1285	715.8888888888889
NM_001183517.1	146	283	432	594	730	855	957	1129	1318	716.0
NM_001182543.1	136	295	419	601	685	888	1037	1155	1268	720.4444444444445
NM_001181629.1	154	260	430	584	716	876	1073	1142	1278	723.6666666666666
NM_001183564.1	150	304	400	587	760	853	1018	1127	1329	725.3333333333334
NM_001182465.1	157	275	464	534	719	905	1008	1173	1301	726.2222222222222
NM_001180919.1	134	271	410	572	729	869	1049	1188	1320	726.8888888888889
NM_001181264.3	140	329	449	577	732	830	1018	1154	1314	727.0
NM_001184438.1	131	275	432	608	731	869	1052	1139	1320	728.5555555555555
NM_001183054.1	154	295	439	545	755	875	1042	1143	1315	729.2222222222222
NM_001182059.1	143	279	469	566	758	880	1041	1148	1280	729.3333333333334
NM_001181473.1	132	285	417	617	720	874	1069	1148	1305	729.6666666666666
NM_001182936.1	149	292	393	607	704	892	1079	1131	1326	730.3333333333334
NM_001179961.1	166	298	435	583	751	887	978	1155	1323	730.6666666666666
NM_001184049.1	151	271	476	555	729	837	1038	1159	1360	730.6666666666666
NM_001182542.2	138	296	429	616	696	903	1049	1172	1284	731.4444444444445
NM_001178701.1	147	286	452	552	752	888	1011	1174	1323	731.6666666666666
NM_001180572.1	134	269	439	598	730	921	1042	1161	1315	734.3333333333334
NM_001180031.1	143	293	425	569	740	866	1016	1230	1329	734.5555555555555
NM_001183824.1	142	292	444	613	705	892	1068	1198	1272	736.2222222222222
NM_001178582.1	137	287	445	632	746	899	1005	1170	1330	739.0
NM_001182926.3	137	303	419	602	758	857	1038	1206	1333	739.2222222222222
NM_001184284.1	156	295	456	641	718	879	1043	1177	1303	740.8888888888889
NM_001181841.1	156	292	449	586	754	873	1033	1217	1317	741.8888888888889
NM_001179110.1	151	309	430	586	743	939	1010	1173	1337	742.0
NM_001182502.1	147	307	435	586	748	894	1025	1171	1366	742.1111111111111
NM_001182689.1	159	292	418	573	723	879	1065	1193	1383	742.7777777777778
NM_001182925.1	140	292	473	595	742	890	987	1203	1367	743.2222222222222
NM_001184209.1	152	310	449	566	725	893	1064	1214	1319	743.5555555555555
NM_001178964.2	160	319	475	575	734	860	1039	1196	1341	744.3333333333334
NM_001180427.1	140	291	450	602	762	887	1060	1154	1354	744.4444444444445
NM_001180914.1	159	310	424	665	764	872	1011	1202	1294	744.5555555555555
NM_001178664.1	150	311	426	596	782	909	981	1225	1323	744.7777777777778
NM_001181219.3	171	298	462	585	740	886	1051	1182	1330	745.0
NM_001179534.1	154	281	462	598	770	902	1044	1204	1306	746.7777777777778
NM_001178593.1	163	295	436	591	737	913	1090	1164	1340	747.6666666666666
NM_001183628.1	155	295	469	617	736	904	1062	1147	1353	748.6666666666666
NM_001178685.1	138	310	418	605	732	927	1070	1193	1347	748.8888888888889
NM_001182626.1	139	284	398	623	758	919	1066	1209	1353	749.8888888888889
NM_001183146.1	146	271	421	647	747	929	1030	1220	1345	750.6666666666666
NM_001182826.1	173	293	453	557	768	897	1024	1226	1366	750.7777777777778
NM_001178917.3	130	301	438	612	758	891	1055	1203	1375	751.4444444444445
NM_001180540.1	144	299	458	605	758	916	997	1225	1373	752.7777777777778
NM_001183295.1	163	285	455	590	735	935	1068	1191	1357	753.2222222222222
NM_001180805.1	145	270	452	631	740	902	1042	1182	1416	753.3333333333334
NM_001179182.1	164	287	441	599	791	915	1080	1186	1341	756.0
NM_001182544.1	172	302	420	608	728	943	1034	1245	1353	756.1111111111111
NM_001182992.1	158	301	481	592	757	908	1066	1212	1334	756.5555555555555
NM_001182809.1	143	313	464	617	740	871	1070	1233	1370	757.8888888888889
NM_001181673.3	128	288	472	628	765	893	1038	1246	1364	758.0
NM_001180692.1	161	296	440	600	761	936	1097	1218	1326	759.4444444444445
NM_001181032.1	153	323	467	590	768	902	1093	1199	1368	762.5555555555555
NM_001182224.1	145	298	439	603	754	917	1092	1217	1401	762.8888888888889
NM_001179380.3	145	308	440	592	763	892	1099	1229	1399	763.0
NM_001181619.2	166	299	477	609	785	910	1053	1197	1377	763.6666666666666
NM_001180481.1	169	294	441	601	754	943	1070	1224	1380	764.0
NM_001181320.1	128	300	445	612	765	947	1118	1154	1413	764.6666666666666
NM_001180702.3	150	318	467	655	741	901	1088	1209	1397	769.5555555555555
NM_001178870.1	137	297	450	631	783	910	1085	1203	1434	770.0
NM_001178497.3	179	301	464	601	760	916	1111	1262	1374	774.2222222222222
NM_001183119.1	159	302	424	608	756	968	1104	1223	1426	774.4444444444445
NM_001180340.1	138	298	481	601	782	928	1120	1239	1409	777.3333333333334
NM_001181104.1	148	324	454	620	766	957	1086	1231	1414	777.7777777777778
NM_001181252.3	181	316	484	617	751	899	1093	1246	1419	778.4444444444445
NM_001184149.1	163	304	442	615	767	947	1080	1319	1373	778.8888888888889
NM_001183877.1	171	301	464	633	789	941	1063	1251	1398	779.0
NM_001182452.1	162	292	451	632	792	955	1079	1243	1406	779.1111111111111
NM_001181212.1	149	338	460	658	737	917	1058	1289	1426	781.3333333333334
NM_001179975.1	122	303	459	593	766	925	1129	1325	1412	781.5555555555555
NM_001178189.1	148	313	495	588	792	897	1140	1247	1416	781.7777777777778
NM_001181389.1	154	336	458	670	737	925	1084	1252	1444	784.4444444444445
NM_001180865.3	135	354	459	592	818	936	1078	1284	1408	784.8888888888889
NM_001180971.1	163	314	476	586	803	978	1075	1246	1429	785.5555555555555
NM_001183643.1	153	335	499	603	754	906	1113	1296	1418	786.3333333333334
NM_001180370.1	155	329	462	617	766	917	1120	1305	1416	787.4444444444445
NM_001180409.1	159	307	499	641	772	941	1082	1284	1409	788.2222222222222
NM_001180183.1	171	303	478	613	788	909	1127	1312	1397	788.6666666666666
NM_001182899.3	143	292	456	594	785	1012	1120	1295	1412	789.8888888888889
NM_001179750.1	164	292	476	652	794	944	1111	1300	1397	792.2222222222222
NM_001182405.1	163	325	429	618	797	964	1115	1258	1463	792.4444444444445
NM_001180964.3	171	299	497	626	824	900	1123	1251	1448	793.2222222222222
NM_001181859.1	163	335	481	616	792	932	1090	1287	1446	793.5555555555555
NM_001178272.1	155	314	481	640	815	940	1078	1277	1444	793.7777777777778
NM_001180735.3	156	369	488	651	798	949	1067	1279	1406	795.8888888888889
NM_001182451.1	167	323	509	680	779	949	1126	1246	1425	800.4444444444445
NM_001183505.1	137	326	480	646	818	962	1066	1278	1492	800.5555555555555
NM_001178816.1	140	334	465	649	798	980	1127	1304	1409	800.6666666666666
NM_001178940.1	157	295	471	622	842	952	1141	1249	1490	802.1111111111111
NM_001181509.1	170	317	469	601	811	988	1151	1285	1431	802.5555555555555
NM_001183535.1	168	337	501	657	761	994	1086	1274	1450	803.1111111111111
NM_001181511.1	151	307	494	689	768	1004	1114	1251	1454	803.5555555555555
NM_001184031.1	160	345	449	609	807	953	1124	1317	1469	803.6666666666666
NM_001183527.1	163	324	504	650	819	954	1149	1257	1414	803.7777777777778
NM_001180090.2	193	352	456	671	796	934	1120	1270	1460	805.7777777777778
NM_001183782.1	150	320	506	629	849	992	1104	1275	1430	806.1111111111111
NM_001183411.1	165	330	488	634	815	999	1091	1278	1463	807.0
NM_001178790.1	164	338	480	637	778	956	1183	1273	1454	807.0
NM_001178216.1	167	326	488	653	776	994	1155	1269	1445	808.1111111111111
NM_001180379.1	182	316	454	615	801	1036	1064	1330	1478	808.4444444444445
NM_001180088.1	152	315	486	656	792	968	1116	1309	1491	809.4444444444445
NM_001179301.1	152	327	471	628	800	1040	1161	1274	1433	809.5555555555555
NM_001178502.1	171	303	503	653	774	950	1199	1301	1459	812.5555555555555
NM_001183352.1	171	327	499	621	816	1003	1121	1300	1461	813.2222222222222
NM_001181828.1	165	325	436	632	851	966	1166	1312	1469	813.5555555555555
NM_001181413.3	148	317	485	646	799	979	1154	1346	1450	813.7777777777778
NM_001183857.1	171	328	491	683	843	998	1092	1292	1432	814.4444444444445
NM_001181149.1	175	359	461	651	809	972	1135	1324	1450	815.1111111111111
NM_001180707.3	182	338	481	639	815	942	1144	1289	1508	815.3333333333334
NM_001181382.1	178	339	500	661	846	996	1108	1280	1441	816.5555555555555
NM_001182511.1	153	346	532	666	766	950	1160	1328	1450	816.7777777777778
NM_001178181.1	136	319	462	664	806	1002	1182	1322	1474	818.5555555555555
NM_001178943.1	159	285	500	691	818	1025	1157	1280	1463	819.7777777777778
NM_001180346.3	153	336	500	662	814	988	1209	1285	1436	820.3333333333334
NM_001183561.3	145	329	495	643	824	1019	1161	1305	1502	824.7777777777778
NM_001180286.1	172	318	471	672	862	988	1180	1293	1469	825.0
NM_001179774.1	153	317	508	656	821	982	1168	1335	1504	827.1111111111111
NM_001180876.3	171	343	501	670	831	976	1160	1333	1463	827.5555555555555
NM_001180654.3	185	333	502	663	806	979	1143	1318	1520	827.6666666666666
NM_001180676.1	173	303	528	699	804	1022	1083	1360	1478	827.7777777777778
NM_001180601.1	164	321	540	634	863	1020	1139	1309	1461	827.8888888888889
NM_001180406.4	153	332	499	643	810	956	1157	1351	1571	830.2222222222222
NM_001183680.3	153	348	488	626	798	1031	1161	1383	1494	831.3333333333334
NM_001184339.1	169	379	506	686	800	966	1135	1345	1501	831.8888888888889
NM_001178698.1	155	334	521	666	855	990	1192	1288	1493	832.6666666666666
NM_001180033.1	179	333	503	686	833	1007	1137	1346	1482	834.0
NM_001179643.1	175	325	500	678	861	921	1189	1375	1485	834.3333333333334
NM_001180651.1	189	335	483	682	835	1017	1162	1340	1481	836.0
NM_001182308.1	154	367	483	652	874	988	1180	1304	1527	836.5555555555555
NM_001182428.1	166	336	487	682	848	1007	1179	1342	1516	840.3333333333334
NM_001181767.3	153	366	515	667	828	1019	1213	1310	1505	841.7777777777778
NM_001182748.1	167	318	570	693	868	996	1137	1338	1503	843.3333333333334
NM_001183931.1	177	316	502	654	835	1016	1235	1350	1515	844.4444444444445
NM_001180347.3	157	344	514	676	843	1029	1228	1341	1472	844.8888888888889
NM_001178331.2	167	361	516	694	845	998	1218	1325	1483	845.2222222222222
NM_001182445.1	162	362	505	675	848	1015	1191	1353	1498	845.4444444444445
NM_001183314.1	167	365	516	685	848	1019	1157	1345	1507	845.4444444444445
NM_001184004.1	170	304	544	667	886	989	1221	1310	1520	845.6666666666666
NM_001179293.1	161	335	465	689	896	1021	1170	1324	1560	846.7777777777778
NM_001182369.1	167	318	519	709	828	1016	1183	1373	1516	847.6666666666666
NM_001180015.1	175	341	491	673	817	1074	1170	1349	1551	849.0
NM_001180650.3	191	340	490	693	851	1034	1190	1360	1510	851.0
NM_001180957.1	171	320	521	679	812	1028	1219	1382	1533	851.6666666666666
NM_001181775.1	164	320	481	696	889	1048	1186	1349	1587	857.7777777777778
NM_001178566.1	160	351	488	670	845	1027	1211	1414	1565	859.0
NM_001183651.3	161	328	510	675	923	1020	1191	1400	1533	860.1111111111111
NM_001183331.2	163	342	539	706	849	1057	1176	1400	1532	862.6666666666666
NM_001181650.1	162	327	482	694	892	1056	1171	1402	1581	863.0
NM_001182647.1	191	363	521	714	843	1000	1196	1401	1538	863.0
NM_001180016.3	175	335	525	693	886	1068	1193	1377	1527	864.3333333333334
NM_001183316.1	170	339	529	686	822	1076	1268	1374	1533	866.3333333333334
NM_001178717.1	183	336	539	766	930	991	1207	1362	1504	868.6666666666666
NM_001180696.1	196	341	535	715	858	1044	1242	1314	1573	868.6666666666666
NM_001179228.1	182	339	499	704	854	1049	1271	1382	1549	869.8888888888889
NM_001184076.1	191	334	495	701	882	1030	1242	1381	1580	870.6666666666666
NM_001183616.3	165	337	511	665	823	1087	1223	1441	1585	870.7777777777778
NM_001182592.1	171	327	530	701	882	1065	1231	1392	1548	871.8888888888889
NM_001179575.1	179	340	522	683	928	1039	1194	1403	1566	872.6666666666666
NM_001179595.1	167	319	539	712	890	1026	1241	1436	1532	873.5555555555555
NM_001183160.1	186	371	537	689	840	1095	1177	1413	1557	873.8888888888889
NM_001178262.1	165	365	542	735	876	1016	1164	1427	1577	874.1111111111111
NM_001178387.1	183	365	514	717	877	1019	1238	1401	1574	876.4444444444445
NM_001179229.1	181	369	544	703	875	1049	1229	1367	1573	876.6666666666666
NM_001182961.1	173	366	554	691	880	1026	1274	1380	1612	884.0
NM_001184048.1	185	378	542	705	919	1049	1230	1373	1592	885.8888888888889
NM_001180475.1	176	335	570	693	861	1102	1224	1443	1582	887.3333333333334
NM_001183013.2	177	365	575	686	879	1085	1208	1446	1567	887.5555555555555
NM_001182535.1	175	382	534	715	889	1058	1223	1400	1642	890.8888888888889
NM_001182722.1	181	359	519	687	924	1042	1262	1428	1616	890.8888888888889
NM_001179045.3	159	333	541	726	908	1041	1283	1429	1602	891.3333333333334
NM_001182570.1	152	359	527	725	901	1063	1261	1430	1611	892.1111111111111
NM_001180612.3	168	350	549	718	890	1095	1267	1418	1597	894.6666666666666
NM_001184087.1	186	359	539	720	901	1064	1246	1463	1588	896.2222222222222
NM_001183576.3	178	394	559	706	878	1071	1279	1408	1598	896.7777777777778
NM_001178786.2	189	379	540	686	856	1096	1288	1412	1672	902.0
NM_001180498.1	192	337	562	722	904	1070	1322	1442	1601	905.7777777777778
NM_001184200.1	166	378	484	730	919	1088	1253	1471	1663	905.7777777777778
NM_001181915.1	176	376	550	731	901	1063	1292	1474	1618	909.0
NM_001179473.1	199	357	562	735	934	1051	1270	1435	1662	911.6666666666666
NM_001183625.3	217	369	520	782	892	1078	1293	1452	1614	913.0
NM_001179026.1	188	367	555	718	898	1122	1316	1425	1648	915.2222222222222
NM_001183079.1	189	373	549	745	890	1095	1245	1469	1701	917.3333333333334
NM_001178428.3	197	364	543	746	903	1099	1309	1467	1631	917.6666666666666
NM_001182429.1	186	423	552	742	911	1081	1306	1438	1624	918.1111111111111
NM_001183940.1	188	365	546	693	920	1130	1263	1501	1660	918.4444444444445
NM_001183678.3	166	356	576	747	905	1117	1270	1460	1677	919.3333333333334
NM_001180927.1	179	368	554	765	903	1069	1269	1486	1693	920.6666666666666
NM_001182326.1	195	378	587	762	903	1076	1254	1514	1636	922.7777777777778
NM_001181296.3	205	358	535	746	894	1163	1253	1509	1649	923.5555555555555
NM_001182437.1	195	357	541	755	914	1121	1272	1514	1651	924.4444444444445
NM_001178281.1	174	373	559	777	841	1154	1340	1447	1665	925.5555555555555
NM_001184039.1	168	393	525	751	931	1097	1290	1499	1693	927.4444444444445
NM_001182750.1	191	392	579	760	907	1138	1239	1483	1694	931.4444444444445
NM_001184205.1	183	374	530	716	987	1106	1280	1542	1673	932.3333333333334
NM_001183106.1	172	376	559	800	916	1128	1303	1458	1690	933.5555555555555
NM_001181723.3	194	377	561	753	906	1171	1321	1434	1692	934.3333333333334
NM_001178474.1	193	365	541	732	945	1137	1327	1494	1675	934.3333333333334
NM_001182841.3	202	392	540	778	899	1165	1269	1482	1682	934.3333333333334
NM_001179442.1	158	395	534	769	898	1149	1359	1499	1658	935.4444444444445
NM_001179014.3	181	387	536	739	936	1140	1338	1479	1686	935.7777777777778
NM_001179393.1	179	343	567	763	934	1149	1356	1476	1661	936.4444444444445
NM_001183518.1	193	396	582	765	899	1135	1338	1497	1638	938.1111111111111
NM_001184185.1	187	367	583	745	974	1124	1318	1455	1695	938.6666666666666
NM_001180522.3	205	378	574	738	922	1089	1313	1506	1725	938.8888888888889
NM_001183081.2	196	352	585	760	914	1156	1295	1512	1702	941.3333333333334
NM_001180943.3	193	344	576	743	924	1139	1327	1497	1748	943.4444444444445
NM_001180804.1	178	366	589	763	921	1135	1283	1531	1726	943.5555555555555
NM_001182203.2	185	356	522	738	934	1165	1362	1528	1714	944.8888888888889
NM_001183925.1	196	407	579	750	921	1134	1324	1550	1701	951.3333333333334
NM_001180228.1	208	363	586	728	944	1141	1319	1531	1749	952.1111111111111
NM_001183737.3	161	402	593	759	952	1113	1330	1537	1736	953.6666666666666
NM_001179091.1	185	400	580	764	945	1131	1337	1522	1735	955.4444444444445
NM_001178298.1	182	399	583	765	965	1134	1357	1520	1717	958.0
NM_001179738.1	200	385	585	768	934	1121	1354	1522	1755	958.2222222222222
NM_001183536.3	206	367	599	780	942	1128	1368	1544	1698	959.1111111111111
NM_001184315.1	182	391	584	806	966	1110	1363	1494	1759	961.6666666666666
NM_001181860.1	192	399	609	767	982	1159	1295	1545	1783	970.1111111111111
NM_001181065.3	205	385	584	725	942	1198	1393	1571	1738	971.2222222222222
NM_001183907.1	199	414	580	771	959	1178	1337	1544	1763	971.6666666666666
NM_001180268.1	188	422	595	791	979	1205	1363	1518	1715	975.1111111111111
NM_001182083.1	199	384	586	803	993	1143	1364	1571	1743	976.2222222222222
NM_001179838.1	196	396	594	775	999	1129	1357	1575	1778	977.6666666666666
NM_001179833.1	197	389	584	797	989	1160	1391	1507	1795	978.7777777777778
NM_001182298.1	199	391	579	813	967	1217	1358	1595	1728	983.0
NM_001179156.1	193	402	616	740	995	1121	1420	1605	1759	983.4444444444445
NM_001183397.1	188	385	606	846	984	1190	1385	1513	1785	986.8888888888889
NM_001179012.1	193	364	604	771	994	1214	1324	1605	1834	989.2222222222222
NM_001181307.3	204	378	586	787	1005	1181	1408	1628	1743	991.1111111111111
NM_001178434.1	206	383	610	764	1030	1232	1339	1578	1798	993.3333333333334
NM_001179758.1	196	380	607	806	1007	1226	1394	1556	1777	994.3333333333334
NM_001182969.1	196	423	559	827	1014	1151	1413	1650	1726	995.4444444444445
NM_001180184.1	202	434	604	742	1014	1197	1397	1596	1789	997.2222222222222
NM_001179662.1	214	437	556	786	1005	1194	1414	1586	1788	997.7777777777778
NM_001182959.3	203	381	609	815	1009	1179	1368	1619	1805	998.6666666666666
NM_001183959.1	186	420	604	791	1027	1209	1373	1559	1822	999.0
NM_001183086.1	211	360	607	805	998	1189	1408	1580	1835	999.2222222222222
NM_001180765.3	176	392	650	809	953	1206	1439	1606	1777	1000.8888888888889
NM_001182504.1	197	393	638	804	959	1211	1420	1643	1764	1003.2222222222222
NM_001181436.3	218	399	583	847	1010	1233	1436	1589	1783	1010.8888888888889
NM_001181868.1	223	411	596	843	981	1223	1353	1576	1902	1012.0
NM_001179463.1	224	425	602	848	969	1226	1452	1595	1782	1013.6666666666666
NM_001183198.3	190	385	607	836	1010	1218	1418	1627	1847	1015.3333333333334
NM_001183606.1	197	403	646	820	977	1180	1455	1643	1828	1016.5555555555555
NM_001180110.1	221	428	593	815	1037	1230	1394	1652	1781	1016.7777777777778
NM_001178912.1	173	412	622	825	993	1227	1454	1592	1855	1017.0
NM_001182380.1	193	409	596	865	994	1241	1437	1602	1837	1019.3333333333334
NM_001182498.1	237	410	648	805	1048	1211	1427	1614	1841	1026.7777777777778
NM_001180442.3	195	421	615	813	1008	1242	1419	1704	1831	1027.5555555555557
NM_001182599.1	208	403	606	825	1020	1202	1402	1684	1900	1027.7777777777778
NM_001178857.1	213	402	636	847	1007	1251	1407	1661	1849	1030.3333333333333
NM_001180913.1	201	396	601	805	1008	1258	1466	1665	1889	1032.111111111111
NM_001181554.1	203	436	636	822	1034	1233	1452	1713	1782	1034.5555555555557
NM_001180099.1	210	384	617	815	1045	1238	1477	1652	1881	1035.4444444444443
NM_001183258.1	220	410	599	799	1082	1240	1475	1634	1861	1035.5555555555557
NM_001182733.1	224	439	633	840	1051	1221	1452	1615	1853	1036.4444444444443
NM_001180818.1	187	399	607	847	1064	1184	1477	1649	1922	1037.3333333333333
NM_001182923.3	208	427	642	828	1062	1272	1433	1640	1883	1043.888888888889
NM_001184113.1	203	433	637	861	1057	1248	1431	1623	1932	1047.2222222222222
NM_001182317.1	200	437	639	821	1018	1252	1493	1694	1908	1051.3333333333333
NM_001181705.3	214	457	637	826	1031	1212	1446	1726	1914	1051.4444444444443
NM_001179391.3	206	410	637	874	1095	1238	1490	1632	1918	1055.5555555555557
NM_001180066.1	216	437	632	858	1092	1243	1465	1694	1864	1055.6666666666667
NM_001184256.1	214	410	603	845	1058	1270	1511	1686	1909	1056.2222222222222
NM_001181454.1	211	452	668	878	1001	1259	1485	1708	1856	1057.5555555555557
NM_001183905.1	245	431	627	854	1052	1243	1496	1674	1906	1058.6666666666667
NM_001178673.1	221	466	632	847	1087	1246	1474	1650	1910	1059.2222222222222
NM_001182095.1	193	431	656	822	1047	1259	1489	1708	1952	1061.888888888889
NM_001179747.1	216	436	662	854	1076	1234	1488	1693	1937	1066.2222222222222
NM_001179956.1	209	425	640	865	1045	1306	1456	1733	1929	1067.5555555555557
NM_001182709.1	218	409	637	855	1032	1325	1522	1677	1938	1068.111111111111
NM_001182632.1	204	428	661	876	1102	1277	1497	1726	1913	1076.0
NM_001181970.1	216	458	641	889	1076	1284	1511	1752	1902	1081.0
NM_001181542.1	216	414	632	863	1091	1298	1511	1784	1943	1083.5555555555557
NM_001183658.6	202	445	680	862	1073	1316	1514	1719	1956	1085.2222222222222
NM_001180197.1	230	429	648	890	1052	1274	1538	1777	1934	1085.7777777777778
NM_001179258.1	217	412	629	914	1090	1301	1531	1765	1926	1087.2222222222222
NM_001178161.1	230	460	658	838	1038	1338	1587	1747	1936	1092.4444444444443
NM_001179238.1	204	411	667	876	1070	1339	1570	1715	1997	1094.3333333333333
NM_001180207.1	206	437	659	883	1104	1275	1579	1752	1962	1095.2222222222222
NM_001179277.1	220	426	663	884	1123	1271	1532	1817	1928	1096.0
NM_001182189.1	220	438	616	909	1084	1349	1494	1745	2012	1096.3333333333333
NM_001179803.3	220	421	631	858	1111	1378	1569	1734	1957	1097.6666666666667
NM_001180791.1	226	452	637	888	1091	1328	1533	1785	1956	1099.5555555555557
NM_001183139.1	247	454	684	867	1108	1287	1500	1771	1988	1100.6666666666667
NM_001180156.1	204	404	642	856	1125	1352	1582	1761	1984	1101.111111111111
NM_001179321.1	257	452	681	886	1062	1299	1566	1779	1946	1103.111111111111
NM_001180394.1	230	446	671	925	1088	1336	1504	1758	1973	1103.4444444444443
NM_001180893.3	229	425	676	859	1151	1279	1511	1812	2002	1104.888888888889
NM_001179693.1	216	447	637	866	1070	1341	1572	1803	2002	1106.0
NM_001178416.4	220	454	660	890	1125	1369	1514	1745	2032	1112.111111111111
NM_001183046.1	223	461	652	887	1128	1370	1567	1811	1977	1119.5555555555557
NM_001179365.1	229	424	673	899	1145	1396	1531	1744	2042	1120.3333333333333
NM_001178257.1	254	441	683	896	1132	1364	1531	1763	2019	1120.3333333333333
NM_001182444.1	219	444	653	864	1133	1278	1633	1829	2038	1121.2222222222222
NM_001179670.1	242	453	641	885	1131	1362	1548	1798	2046	1122.888888888889
NM_001183673.1	232	496	701	862	1139	1316	1552	1769	2040	1123.0
NM_001184079.1	229	442	644	906	1141	1364	1566	1877	1958	1125.2222222222222
NM_001182742.1	231	471	676	910	1124	1304	1589	1827	2065	1133.0
NM_001184207.1	231	438	711	899	1135	1365	1573	1809	2051	1134.6666666666667
NM_001179974.1	231	427	652	930	1084	1404	1592	1819	2076	1135.0
NM_001178690.1	212	493	703	914	1119	1359	1562	1839	2064	1140.5555555555557
NM_001180368.3	211	495	664	901	1139	1325	1590	1856	2089	1141.111111111111
NM_001179172.1	253	429	753	928	1126	1348	1632	1799	2030	1144.2222222222222
NM_001181286.1	235	466	660	950	1221	1352	1604	1780	2063	1147.888888888889
NM_001180703.3	224	464	680	906	1175	1395	1655	1816	2017	1148.0
NM_001178244.1	231	476	686	878	1194	1407	1606	1830	2053	1151.2222222222222
NM_001183227.1	236	448	720	929	1169	1394	1587	1811	2094	1154.2222222222222
NM_001178852.3	249	444	669	947	1149	1422	1614	1841	2065	1155.5555555555557
NM_001180810.3	219	481	654	922	1180	1377	1606	1857	2109	1156.111111111111
NM_001184262.1	236	469	726	917	1179	1376	1627	1853	2084	1163.0
NM_001181340.3	239	493	712	975	1148	1333	1641	1876	2056	1163.6666666666667
NM_001184516.1	218	481	694	929	1191	1385	1630	1842	2104	1163.7777777777778
NM_001182983.1	217	442	691	943	1194	1428	1599	1859	2110	1164.7777777777778
NM_001179928.1	211	437	686	942	1158	1406	1666	1864	2178	1172.0
NM_001178866.1	238	455	725	987	1162	1409	1640	1906	2069	1176.7777777777778
NM_001180081.1	265	489	718	941	1180	1417	1676	1829	2105	1180.0
NM_001181735.1	215	462	687	967	1213	1440	1640	1904	2099	1180.7777777777778
CCW22	215	462	684	952	1245	1434	1718	1846	2091	1183.0
NM_001180074.1	252	458	736	938	1181	1478	1646	1873	2129	1187.888888888889
NM_001181605.1	249	460	706	942	1178	1444	1707	1898	2151	1192.7777777777778
NM_001180584.1	222	461	740	963	1208	1433	1617	1956	2142	1193.5555555555557
NM_001179948.1	226	452	742	966	1226	1423	1657	1932	2125	1194.3333333333333
NM_001180887.1	255	553	697	912	1172	1414	1708	1900	2155	1196.2222222222222
NM_001178977.1	221	455	744	932	1197	1498	1653	1961	2139	1200.0
NM_001183826.1	205	466	716	968	1206	1473	1700	1910	2184	1203.111111111111
NM_001179177.1	240	463	723	928	1267	1454	1652	1977	2154	1206.4444444444443
NM_001179015.3	227	478	742	952	1224	1471	1671	1965	2128	1206.4444444444443
NM_001181184.1	236	487	721	911	1218	1473	1715	1938	2175	1208.2222222222222
NM_001184280.1	230	452	668	976	1193	1444	1725	1969	2262	1213.2222222222222
NM_001182337.3	238	471	745	960	1235	1461	1662	1994	2199	1218.3333333333333
NM_001183220.1	241	451	757	1000	1200	1485	1728	1934	2193	1221.0
NM_001178817.3	265	453	744	978	1235	1456	1753	1958	2214	1228.4444444444443
NM_001179023.3	284	476	720	979	1189	1505	1742	1973	2249	1235.2222222222222
NM_001179035.1	236	487	724	974	1208	1449	1743	2029	2281	1236.7777777777778
NM_001182972.3	255	453	728	999	1282	1437	1745	2004	2261	1240.4444444444443
NM_001182236.1	244	493	717	966	1262	1471	1762	1960	2293	1240.888888888889
NM_001178799.1	251	489	752	1042	1251	1488	1739	1955	2253	1246.6666666666667
NM_001182970.1	254	501	775	1035	1237	1528	1726	2006	2208	1252.2222222222222
NM_001183555.1	263	516	718	1006	1300	1457	1710	2011	2297	1253.111111111111
NM_001178748.1	268	521	752	1041	1265	1473	1733	2041	2242	1259.5555555555557
NM_001181993.1	246	506	781	984	1224	1566	1758	1997	2296	1262.0
NM_001179219.1	239	557	776	999	1277	1487	1766	1972	2313	1265.111111111111
NM_001184032.1	251	523	797	1030	1246	1521	1720	2022	2280	1265.5555555555557
NM_001183284.1	256	529	691	1036	1303	1473	1824	2000	2318	1270.0
NM_001183570.3	265	473	748	1051	1278	1498	1781	2042	2301	1270.7777777777778
NM_001182819.1	254	521	749	1022	1285	1537	1838	2041	2266	1279.2222222222222
NM_001181448.1	261	511	747	1056	1270	1507	1776	2101	2309	1282.0
NM_001181143.3	250	516	763	1000	1272	1580	1830	2078	2269	1284.2222222222222
NM_001178440.1	254	519	764	1035	1312	1567	1789	2039	2299	1286.4444444444443
NM_001183746.1	268	496	786	1018	1283	1542	1864	2025	2298	1286.6666666666667
NM_001180985.1	252	506	793	1035	1302	1552	1836	2008	2296	1286.6666666666667
NM_001181442.2	267	521	753	1074	1313	1554	1838	2030	2267	1290.7777777777778
NM_001181183.4	259	551	774	1011	1300	1543	1782	2100	2307	1291.888888888889
NM_001183082.1	262	554	770	1025	1326	1552	1793	2029	2393	1300.4444444444443
NM_001181474.3	252	528	798	1072	1308	1578	1830	2062	2327	1306.111111111111
NM_001178897.1	289	496	814	1060	1310	1572	1784	2137	2379	1315.6666666666667
NM_001182546.1	291	574	769	1066	1258	1576	1864	2138	2317	1317.0
NM_001180399.3	285	514	841	1048	1305	1598	1858	2110	2336	1321.6666666666667
NM_001179155.1	284	537	800	1041	1357	1564	1832	2083	2413	1323.4444444444443
NM_001179723.2	262	526	777	1097	1373	1540	1867	2156	2378	1330.6666666666667
NM_001178457.1	256	537	780	1103	1320	1538	1899	2168	2380	1331.2222222222222
NM_001183465.1	265	504	816	1047	1317	1599	1891	2130	2417	1331.7777777777778
NM_001178357.1	286	515	803	1075	1321	1504	1906	2117	2484	1334.5555555555557
NM_001182273.3	257	544	787	1089	1375	1632	1867	2119	2352	1335.7777777777778
NM_001178264.1	281	547	832	1105	1344	1592	1864	2185	2404	1350.4444444444443
NM_001182468.1	256	586	793	1035	1387	1597	1883	2209	2432	1353.111111111111
NM_001178981.1	274	538	821	1076	1350	1650	1926	2115	2464	1357.111111111111
NM_001181544.1	260	535	854	1038	1397	1656	1887	2150	2482	1362.111111111111
NM_001182942.1	297	606	814	1076	1377	1630	1924	2185	2498	1378.5555555555557
NM_001182806.1	283	582	804	1064	1373	1672	1953	2183	2506	1380.0
NM_001181664.3	286	538	817	1096	1356	1709	1963	2255	2436	1384.0
NM_001184221.1	288	561	868	1084	1407	1665	1943	2218	2457	1387.888888888889
NM_001179711.1	244	537	777	1109	1390	1694	1923	2260	2565	1388.7777777777778
NM_001181801.1	298	549	870	1101	1382	1629	1975	2211	2511	1391.7777777777778
NM_001180203.1	281	571	840	1110	1366	1701	1958	2195	2539	1395.6666666666667
NM_001178658.1	259	578	844	1109	1425	1695	1966	2185	2506	1396.3333333333333
NM_001178880.3	290	545	866	1096	1410	1668	1924	2223	2579	1400.111111111111
NM_001179962.1	286	578	861	1178	1360	1711	1923	2215	2515	1403.0
NM_001183351.1	279	593	845	1127	1421	1724	2062	2233	2501	1420.5555555555557
NM_001178415.1	279	573	900	1162	1430	1672	1967	2247	2578	1423.111111111111
NM_001181235.1	276	603	851	1141	1447	1726	1941	2250	2589	1424.888888888889
NM_001183818.1	278	546	911	1128	1429	1738	1977	2239	2587	1425.888888888889
NM_001179224.1	300	559	840	1132	1412	1734	2031	2295	2551	1428.2222222222222
NM_001182079.1	289	543	866	1188	1443	1738	2000	2256	2552	1430.5555555555557
NM_001179490.1	285	572	827	1145	1416	1720	2027	2265	2622	1431.0
NM_001181571.1	317	596	858	1171	1408	1745	2000	2298	2495	1432.0
NM_001180125.1	300	572	878	1155	1454	1740	1962	2252	2584	1433.0
NM_001183899.1	303	567	864	1167	1459	1635	2082	2280	2621	1442.0
NM_001178946.3	274	577	804	1173	1469	1737	2051	2333	2602	1446.6666666666667
NM_001182917.1	296	576	893	1143	1460	1713	2036	2327	2582	1447.3333333333333
NM_001180496.3	290	566	864	1112	1472	1764	2041	2335	2597	1449.0
NM_001179777.1	296	563	831	1183	1479	1771	2006	2317	2603	1449.888888888889
NM_001179940.2	292	578	898	1177	1429	1768	2024	2324	2631	1457.888888888889
NM_001182849.3	284	583	873	1145	1460	1831	2025	2333	2636	1463.3333333333333
NM_001182710.1	301	583	849	1161	1516	1727	2066	2357	2621	1464.5555555555557
NM_001179883.1	293	569	882	1126	1500	1822	2021	2379	2614	1467.3333333333333
NM_001182797.1	314	575	943	1190	1481	1721	2083	2368	2605	1475.5555555555557
NM_001183439.1	305	609	907	1165	1461	1807	2045	2354	2638	1476.7777777777778
NM_001183377.1	282	547	883	1194	1472	1782	2077	2367	2728	1481.3333333333333
NM_001184125.1	301	607	886	1180	1461	1846	2066	2408	2669	1491.5555555555557
NM_001183058.1	308	600	864	1166	1474	1801	2176	2359	2750	1499.7777777777778
NM_001181232.1	294	614	907	1262	1515	1729	2113	2350	2758	1504.6666666666667
NM_001180877.1	288	577	932	1243	1516	1773	2128	2406	2725	1509.7777777777778
NM_001181347.3	301	641	894	1226	1523	1766	2172	2379	2710	1512.4444444444443
NM_001180816.1	289	583	871	1229	1506	1843	2098	2425	2788	1514.6666666666667
NM_001183649.3	302	591	922	1159	1534	1873	2109	2419	2739	1516.4444444444443
NM_001183695.3	322	645	920	1212	1492	1858	2168	2476	2685	1530.888888888889
NM_001181483.1	302	640	970	1172	1543	1920	2094	2441	2738	1535.5555555555557
NM_001179425.1	298	661	977	1283	1528	1796	2162	2482	2804	1554.5555555555557
NM_001180737.1	293	626	926	1260	1571	1872	2169	2508	2786	1556.7777777777778
NM_001179882.3	317	600	947	1232	1625	1888	2168	2492	2762	1559.0
NM_001178914.3	309	596	949	1238	1591	1912	2230	2499	2806	1570.0
NM_001178947.1	318	677	922	1267	1538	1855	2159	2539	2870	1571.6666666666667
NM_001182621.1	301	657	917	1253	1602	1889	2205	2604	2830	1584.2222222222222
NM_001180027.1	291	621	951	1272	1594	1905	2253	2565	2849	1589.0
NM_001183244.1	306	634	946	1305	1611	1895	2170	2607	2888	1595.7777777777778
NM_001183085.1	298	678	981	1263	1571	1904	2254	2604	2893	1605.111111111111
NM_001180629.3	309	607	976	1325	1642	1876	2295	2504	2929	1607.0
NM_001182066.1	323	632	956	1273	1613	1960	2249	2531	2943	1608.888888888889
NM_001178695.1	350	612	942	1289	1637	1956	2261	2609	2890	1616.2222222222222
NM_001178611.3	340	646	1015	1303	1574	1906	2274	2600	2995	1628.111111111111
NM_001180762.1	315	625	1027	1286	1630	1951	2279	2606	2955	1630.4444444444443
NM_001179646.1	327	597	983	1369	1647	1966	2285	2592	2923	1632.111111111111
NM_001178463.1	330	696	968	1342	1663	1938	2270	2637	2904	1638.6666666666667
NM_001182267.1	317	657	991	1305	1634	2017	2268	2664	2952	1645.0
NM_001182335.3	296	663	987	1341	1687	2014	2331	2637	2930	1654.0
NM_001180520.1	335	704	947	1347	1674	1990	2317	2674	2991	1664.3333333333333
NM_001182783.1	323	689	1008	1359	1677	1950	2358	2610	3009	1664.7777777777778
NM_001181245.1	310	650	1036	1378	1625	2025	2266	2668	3107	1673.888888888889
NM_001181383.3	327	636	997	1343	1698	2012	2318	2705	3090	1680.6666666666667
NM_001183968.1	318	682	1024	1286	1673	1981	2412	2762	3002	1682.2222222222222
NM_001182976.1	361	681	1006	1311	1700	2116	2319	2706	3007	1689.6666666666667
NM_001180159.1	343	645	976	1349	1700	2018	2415	2737	3078	1695.6666666666667
NM_001181728.1	339	631	1048	1316	1738	2063	2421	2702	3051	1701.0
NM_001179198.1	333	678	962	1407	1716	2042	2374	2752	3076	1704.4444444444443
NM_001178432.1	356	695	1016	1359	1663	2110	2369	2729	3044	1704.5555555555557
NM_001182417.1	380	700	1042	1373	1730	2076	2390	2655	3075	1713.4444444444443
NM_001178168.1	339	669	1040	1389	1743	2058	2460	2743	2983	1713.7777777777778
NM_001183743.1	365	705	1029	1327	1706	2068	2367	2699	3169	1715.0
NM_001181722.1	379	717	1049	1357	1702	2054	2404	2731	3044	1715.2222222222222
NM_001183093.1	303	713	1049	1396	1718	2075	2419	2700	3081	1717.111111111111
NM_001183027.1	365	671	1061	1409	1685	2032	2460	2751	3031	1718.3333333333333
NM_001182433.1	347	664	1040	1422	1676	2147	2399	2744	3085	1724.888888888889
NM_001182248.1	321	683	1061	1373	1805	2036	2376	2802	3104	1729.0
NM_001182578.1	311	699	988	1362	1795	2034	2440	2776	3162	1729.6666666666667
NM_001178631.1	351	692	1029	1351	1761	2100	2448	2724	3149	1733.888888888889
NM_001178287.1	367	706	1053	1482	1708	2132	2404	2704	3090	1738.4444444444443
NM_001179601.3	344	709	1017	1397	1717	2101	2380	2838	3145	1738.6666666666667
NM_001181806.1	338	727	1020	1440	1682	2076	2525	2741	3105	1739.3333333333333
NM_001183603.3	324	705	1028	1462	1754	2087	2496	2824	3085	1751.6666666666667
NM_001180689.1	376	658	1054	1402	1748	2108	2503	2819	3127	1755.0
NM_001179274.1	350	696	1042	1452	1769	2116	2461	2793	3192	1763.4444444444443
NM_001181930.1	357	718	1058	1384	1754	2106	2450	2801	3269	1766.3333333333333
NM_001183125.1	366	756	1002	1408	1721	2073	2530	2916	3150	1769.111111111111
NM_001181600.1	327	682	1038	1425	1768	2208	2456	2835	3234	1774.7777777777778
NM_001179929.1	366	636	1081	1418	1758	2131	2443	2890	3251	1774.888888888889
NM_001182261.3	373	719	1099	1429	1766	2102	2499	2839	3180	1778.4444444444443
NM_001178675.1	386	724	1108	1426	1790	2133	2501	2796	3294	1795.3333333333333
NM_001181166.3	396	743	1090	1513	1842	2116	2490	2843	3233	1807.3333333333333
NM_001180477.3	365	744	1047	1479	1898	2109	2504	2922	3247	1812.7777777777778
NM_001183426.1	361	699	1089	1438	1840	2161	2581	2832	3314	1812.7777777777778
NM_001178894.1	353	751	1025	1471	1844	2204	2508	2895	3283	1814.888888888889
NM_001180220.1	381	724	1086	1397	1906	2173	2581	2873	3238	1817.6666666666667
NM_001181318.1	405	778	1017	1445	1799	2125	2573	2908	3320	1818.888888888889
NM_001181090.1	354	774	1115	1520	1837	2157	2510	2890	3329	1831.7777777777778
NM_001182366.1	377	763	1096	1415	1835	2182	2524	2987	3314	1832.5555555555557
NM_001180546.3	333	771	1117	1503	1827	2255	2502	2958	3250	1835.111111111111
NM_001179010.3	375	722	1113	1541	1864	2202	2605	2876	3241	1837.6666666666667
NM_001184130.1	361	680	1123	1489	1862	2214	2605	2917	3345	1844.0
NM_001178961.1	365	734	1144	1438	1872	2265	2555	2952	3350	1852.7777777777778
NM_001182831.3	365	757	1124	1493	1839	2184	2569	3012	3337	1853.3333333333333
NM_001183541.3	380	762	1090	1528	1879	2275	2592	2947	3300	1861.4444444444443
NM_001184051.1	377	721	1131	1470	1895	2193	2608	3031	3358	1864.888888888889
NM_001178247.1	382	737	1052	1503	1878	2188	2660	3025	3385	1867.7777777777778
NM_001179457.3	350	802	1125	1485	1847	2287	2629	2985	3331	1871.2222222222222
NM_001183795.3	378	707	1133	1493	1912	2295	2644	2993	3312	1874.111111111111
NM_001179346.1	371	727	1162	1514	1889	2263	2594	3037	3412	1885.4444444444443
NM_001183802.1	354	733	1142	1468	1975	2303	2625	2965	3409	1886.0
NM_001179791.1	416	788	1133	1445	1945	2253	2652	2995	3374	1889.0
NM_001183850.1	395	742	1146	1538	1868	2236	2617	3067	3493	1900.2222222222222
NM_001182767.1	359	763	1191	1480	1966	2263	2656	3044	3394	1901.7777777777778
NM_001181072.1	373	772	1153	1492	1870	2267	2749	3105	3439	1913.3333333333333
NM_001178430.1	375	764	1142	1559	1838	2392	2673	3093	3431	1918.5555555555557
NM_001181460.1	400	802	1168	1511	1931	2271	2679	3088	3466	1924.0
NM_001182904.1	397	769	1159	1557	1902	2290	2661	3082	3518	1926.111111111111
NM_001179528.3	391	753	1107	1543	1929	2323	2776	3069	3472	1929.2222222222222
NM_001184133.1	401	726	1169	1559	1904	2357	2652	3155	3555	1942.0
NM_001180009.1	378	758	1142	1558	1917	2327	2798	3097	3542	1946.3333333333333
NM_001180154.1	412	755	1210	1564	1958	2324	2692	3095	3533	1949.2222222222222
NM_001182815.1	374	733	1176	1593	1971	2317	2780	3178	3502	1958.2222222222222
NM_001181013.1	405	790	1202	1591	1928	2320	2772	3120	3500	1958.6666666666667
NM_001184278.1	400	768	1196	1604	1901	2418	2744	3155	3455	1960.111111111111
NM_001182131.1	400	807	1227	1610	1919	2357	2712	3134	3546	1968.0
NM_001181943.1	373	828	1168	1582	2058	2376	2864	3145	3518	1990.2222222222222
NM_001181314.3	368	831	1196	1615	1974	2436	2777	3196	3573	1996.2222222222222
NM_001179683.1	393	785	1256	1605	2026	2453	2846	3201	3625	2021.111111111111
NM_001178243.1	427	813	1152	1577	1969	2470	2829	3277	3678	2021.3333333333333
NM_001184166.1	394	828	1229	1638	1982	2461	2790	3318	3598	2026.4444444444443
NM_001182648.1	438	748	1241	1674	2048	2415	2838	3264	3635	2033.4444444444443
NM_001180029.1	411	833	1236	1609	2032	2414	2887	3188	3711	2035.6666666666667
NM_001178270.1	408	824	1204	1710	2045	2447	2837	3221	3669	2040.5555555555557
NM_001178569.1	390	780	1224	1707	2051	2437	2859	3316	3818	2064.6666666666665
NM_001180190.1	385	866	1220	1702	2072	2499	2881	3356	3767	2083.1111111111113
NM_001178963.1	423	860	1248	1679	2105	2509	2917	3283	3733	2084.1111111111113
NM_001184246.1	428	873	1213	1638	2094	2555	2857	3420	3702	2086.6666666666665
NM_001180541.3	443	861	1217	1735	2107	2501	2923	3262	3762	2090.1111111111113
NM_001181446.1	377	837	1238	1718	2177	2425	2887	3439	3768	2096.222222222222
NM_001182363.1	436	884	1268	1644	2108	2527	2911	3339	3788	2100.5555555555557
NM_001183666.1	396	818	1206	1650	2196	2503	2883	3434	3842	2103.1111111111113
NM_001182678.1	451	854	1284	1622	2091	2515	2975	3393	3841	2114.0
NM_001178706.1	401	817	1261	1688	2106	2606	2949	3426	3782	2115.1111111111113
NM_001184138.1	435	843	1257	1680	2104	2527	3062	3434	3793	2126.1111111111113
NM_001179944.2	426	817	1267	1720	2140	2523	2975	3401	3875	2127.1111111111113
NM_001178855.3	456	797	1284	1691	2160	2482	2986	3488	3837	2131.222222222222
NM_001182256.1	438	882	1301	1723	2130	2542	2970	3433	3844	2140.3333333333335
NM_001180437.3	421	835	1245	1687	2100	2619	3040	3436	3928	2145.6666666666665
NM_001182754.1	414	868	1305	1713	2081	2592	2984	3465	3895	2146.3333333333335
NM_001180205.1	428	878	1278	1712	2102	2535	3062	3406	3976	2153.0
NM_001182431.1	427	881	1355	1776	2109	2642	2997	3527	3833	2171.8888888888887
NM_001180231.1	419	883	1317	1727	2203	2539	3104	3519	3872	2175.8888888888887
NM_001179081.1	451	930	1232	1793	2162	2656	3079	3368	3978	2183.222222222222
NM_001181914.1	442	829	1253	1750	2194	2658	3025	3529	3988	2185.3333333333335
NM_001178597.1	429	867	1250	1716	2204	2694	3062	3539	4000	2195.6666666666665
NM_001178454.1	450	890	1328	1739	2229	2635	3031	3518	3949	2196.5555555555557
NM_001178900.1	476	910	1311	1742	2206	2623	3087	3468	4033	2206.222222222222
NM_001181846.1	462	840	1329	1712	2230	2635	3032	3623	4071	2214.8888888888887
NM_001182820.1	431	880	1361	1809	2175	2669	3072	3532	4035	2218.222222222222
NM_001180407.3	445	936	1305	1780	2242	2649	3068	3572	3972	2218.777777777778
NM_001179114.1	458	846	1362	1763	2232	2609	3162	3526	4023	2220.1111111111113
NM_001183833.1	415	865	1311	1788	2237	2695	3148	3558	4062	2231.0
NM_001178841.1	453	907	1364	1760	2220	2662	3187	3516	4011	2231.1111111111113
NM_001182103.1	454	833	1364	1753	2211	2765	3126	3600	4025	2236.777777777778
NM_001181338.3	482	880	1336	1843	2216	2667	3117	3554	4038	2237.0
NM_001180435.1	439	947	1336	1774	2147	2737	3177	3594	4081	2248.0
NM_001178794.1	453	902	1310	1833	2249	2754	3092	3616	4046	2250.5555555555557
NM_001182582.1	451	963	1374	1777	2240	2670	3221	3521	4086	2255.8888888888887
NM_001182507.1	426	835	1331	1828	2322	2668	3173	3686	4046	2257.222222222222
NM_001183028.1	448	916	1373	1819	2263	2686	3159	3635	4167	2274.0
NM_001180200.1	454	959	1297	1813	2320	2781	3158	3705	4072	2284.3333333333335
NM_001181067.1	434	921	1316	1852	2338	2733	3239	3688	4122	2293.6666666666665
NM_001183689.3	418	893	1434	1821	2311	2780	3210	3725	4095	2298.5555555555557
NM_001183862.1	457	950	1374	1857	2257	2730	3181	3731	4161	2299.777777777778
NM_001182909.3	461	885	1318	1874	2342	2816	3219	3696	4166	2308.5555555555557
NM_001178861.1	462	906	1416	1814	2318	2814	3281	3732	4136	2319.8888888888887
NM_001180310.1	483	887	1376	1892	2346	2785	3287	3733	4118	2323.0
NM_001179157.1	468	912	1407	1810	2331	2884	3173	3713	4243	2326.777777777778
NM_001178279.1	436	1015	1409	1841	2336	2760	3215	3784	4165	2329.0
NM_001182101.1	478	931	1455	1861	2353	2819	3243	3715	4242	2344.1111111111113
NM_001178491.3	492	908	1394	1779	2361	2902	3213	3773	4290	2345.777777777778
NM_001179339.3	482	955	1417	1822	2274	2885	3269	3737	4301	2349.1111111111113
NM_001182973.1	475	927	1331	1874	2403	2875	3295	3759	4208	2349.6666666666665
NM_001184445.1	481	924	1415	1823	2415	2909	3256	3722	4204	2349.8888888888887
NM_001182188.1	471	967	1439	1936	2394	2781	3294	3665	4242	2354.3333333333335
NM_001183393.1	538	947	1460	1818	2439	2819	3283	3738	4246	2365.3333333333335
NM_001182846.1	477	953	1450	1828	2409	2893	3402	3762	4289	2384.777777777778
NM_001181002.1	460	992	1488	1905	2387	2803	3403	3829	4362	2403.222222222222
NM_001179137.1	468	943	1507	1901	2344	2881	3418	3820	4358	2404.4444444444443
NM_001178886.1	471	970	1497	1907	2465	2897	3385	3959	4312	2429.222222222222
NM_001184346.3	479	925	1464	1878	2488	2865	3460	3987	4375	2435.6666666666665
NM_001178739.1	507	950	1526	2003	2485	3023	3537	3969	4582	2509.1111111111113
NM_001181304.1	500	984	1468	2076	2557	2979	3548	4088	4700	2544.4444444444443
NM_001180255.2	500	1057	1541	2018	2512	3068	3528	4044	4633	2544.5555555555557
NM_001178427.1	531	1061	1498	2024	2641	2990	3583	4148	4566	2560.222222222222
NM_001181189.3	519	1086	1538	2032	2590	3066	3534	4145	4607	2568.5555555555557
NM_001182701.1	507	1068	1571	2032	2626	3086	3595	4107	4591	2575.8888888888887
NM_001182950.3	532	989	1535	2059	2651	3125	3662	4094	4629	2586.222222222222
NM_001184132.2	510	1045	1498	2051	2633	3111	3629	4208	4593	2586.4444444444443
NM_001179722.1	479	1065	1538	2075	2592	3051	3663	4191	4718	2596.8888888888887
NM_001182192.1	517	1028	1535	2047	2637	3096	3606	4288	4683	2604.1111111111113
NM_001178682.1	548	1023	1530	2055	2618	3185	3633	4185	4736	2612.5555555555557
NM_001179781.1	541	1055	1618	2049	2624	3151	3696	4263	4674	2630.1111111111113
NM_001182294.3	541	1058	1609	2092	2592	3145	3601	4299	4767	2633.777777777778
NM_001180242.1	535	1033	1561	2132	2677	3129	3748	4273	4773	2651.222222222222
NM_001182414.1	538	1072	1613	2155	2673	3204	3737	4250	4715	2661.8888888888887
NM_001180653.1	586	1074	1615	2165	2725	3169	3715	4260	4803	2679.1111111111113
NM_001178846.3	555	1066	1629	2161	2736	3171	3745	4307	4815	2687.222222222222
NM_001181393.3	489	1075	1594	2223	2696	3224	3683	4400	4894	2697.5555555555557
NM_001180649.3	549	1063	1552	2214	2636	3287	3862	4363	4867	2710.3333333333335
NM_001183842.1	543	1138	1644	2146	2687	3206	3831	4366	4833	2710.4444444444443
NM_001180465.3	514	1127	1623	2156	2739	3198	3848	4361	4838	2711.5555555555557
NM_001184107.1	534	1054	1578	2170	2748	3293	3770	4367	4906	2713.3333333333335
NM_001180661.1	569	1024	1658	2156	2693	3310	3848	4435	4896	2732.1111111111113
NM_001180319.1	589	1132	1667	2149	2709	3316	3814	4296	4959	2736.777777777778
NM_001180920.3	528	1067	1669	2154	2773	3349	3831	4461	4881	2745.8888888888887
NM_001178529.3	542	1113	1691	2262	2732	3257	3850	4456	4933	2759.5555555555557
NM_001182062.1	549	1139	1645	2269	2703	3282	3933	4334	4996	2761.1111111111113
NM_001181309.3	558	1125	1666	2186	2825	3307	3848	4414	4943	2763.5555555555557
NM_001183752.3	552	1085	1693	2192	2778	3278	3777	4467	5091	2768.1111111111113
NM_001181779.3	553	1149	1687	2245	2723	3394	3918	4445	4965	2786.5555555555557
NM_001183803.3	525	1121	1678	2197	2761	3345	3905	4479	5091	2789.1111111111113
NM_001181947.1	547	1106	1616	2239	2820	3374	3870	4532	5032	2792.8888888888887
NM_001181215.3	545	1127	1672	2302	2779	3449	3892	4441	5049	2806.222222222222
NM_001184303.1	561	1107	1669	2233	2898	3413	4001	4596	5145	2847.0
NM_001181214.1	566	1086	1743	2337	2895	3458	3956	4664	5189	2877.1111111111113
NM_001184242.1	564	1152	1751	2308	2898	3441	4086	4564	5212	2886.222222222222
NM_001182040.1	592	1207	1688	2378	2894	3499	4099	4619	5162	2904.222222222222
NM_001180891.1	592	1181	1754	2323	2901	3442	4100	4734	5179	2911.777777777778
NM_001183165.2	578	1163	1789	2332	3001	3499	4079	4609	5197	2916.3333333333335
NM_001182301.1	558	1125	1793	2356	2917	3540	4024	4662	5328	2922.5555555555557
NM_001178339.2	592	1116	1794	2375	2902	3537	4122	4644	5303	2931.6666666666665
NM_001181038.1	596	1211	1792	2318	2931	3528	4085	4684	5249	2932.6666666666665
NM_001181763.1	662	1190	1755	2334	2991	3531	4046	4671	5230	2934.4444444444443
NM_001183781.3	584	1182	1791	2325	2989	3563	4104	4682	5232	2939.1111111111113
NM_001183761.3	608	1210	1795	2362	2974	3499	4089	4697	5239	2941.4444444444443
NM_001182320.3	609	1238	1800	2318	2845	3556	4104	4769	5295	2948.222222222222
NM_001180532.3	636	1183	1875	2408	3040	3569	4135	4704	5350	2988.8888888888887
NM_001182151.1	578	1209	1802	2444	3049	3590	4128	4819	5384	3000.3333333333335
NM_001181797.3	594	1243	1856	2437	3034	3619	4153	4842	5428	3022.8888888888887
NM_001178242.1	642	1207	1806	2522	2991	3674	4187	4877	5402	3034.222222222222
NM_001180479.3	607	1135	1883	2467	3107	3600	4242	4921	5403	3040.5555555555557
NM_001178982.3	626	1203	1789	2471	3043	3570	4275	4911	5489	3041.8888888888887
NM_001181870.1	604	1229	1824	2396	3081	3635	4257	4906	5551	3053.6666666666665
NM_001182277.3	618	1194	1881	2443	3016	3668	4235	4978	5510	3060.3333333333335
NM_001184040.1	618	1235	1929	2378	3099	3743	4244	4813	5506	3062.777777777778
NM_001181288.1	580	1241	1850	2455	3058	3704	4233	4884	5600	3067.222222222222
NM_001182608.1	587	1231	1827	2520	3036	3705	4274	4949	5493	3069.1111111111113
NM_001183730.1	634	1188	1786	2500	3050	3681	4333	4832	5624	3069.777777777778
NM_001178510.1	629	1206	1854	2443	3096	3662	4369	5075	5486	3091.1111111111113
NM_001178358.1	610	1229	1865	2448	3150	3683	4364	4908	5571	3092.0
NM_001183617.1	610	1178	1856	2506	3055	3772	4359	4976	5608	3102.222222222222
NM_001182489.1	596	1195	1814	2453	3160	3721	4348	4969	5678	3103.777777777778
NM_001180533.3	633	1292	1881	2441	3104	3795	4358	4973	5570	3116.3333333333335
NM_001179922.1	637	1246	1896	2579	3062	3654	4351	5033	5603	3117.8888888888887
NM_001178927.1	619	1240	1920	2478	3060	3714	4424	5053	5727	3137.222222222222
NM_001179620.1	586	1269	1949	2524	3083	3698	4493	5040	5774	3157.3333333333335
NM_001181674.1	620	1258	1918	2643	3225	3830	4435	5107	5775	3201.222222222222
NM_001178916.1	662	1279	1966	2504	3240	3874	4518	5204	5697	3216.0
NM_001182855.1	615	1256	2010	2549	3329	3974	4565	5207	5835	3260.0
NM_001183587.3	634	1240	1948	2629	3335	3952	4597	5223	5918	3275.1111111111113
NM_001178312.1	681	1350	1956	2580	3267	4012	4612	5266	5897	3291.222222222222
NM_001180252.1	706	1284	1947	2677	3337	4099	4609	5285	5950	3321.5555555555557
NM_001183895.1	650	1367	1989	2678	3419	4013	4620	5295	6021	3339.1111111111113
NM_001179271.1	672	1316	1983	2737	3448	4043	4733	5462	6157	3394.5555555555557
NM_001178469.2	708	1314	2001	2802	3457	4015	4849	5443	6025	3401.5555555555557
NM_001181000.3	691	1390	2046	2748	3408	4091	4655	5383	6212	3402.6666666666665
NM_001181333.3	685	1390	1997	2776	3412	4216	4862	5459	6115	3434.6666666666665
NM_001179150.1	680	1431	1972	2759	3469	4215	4917	5489	6229	3462.3333333333335
NM_001180740.3	667	1325	2076	2714	3457	4207	4873	5611	6253	3464.777777777778
NM_001182508.1	691	1397	2100	2775	3606	4125	4908	5605	6319	3502.8888888888887
NM_001181291.3	677	1407	2085	2833	3498	4260	4933	5725	6363	3531.222222222222
NM_001178767.1	710	1399	2117	2849	3491	4274	4947	5631	6367	3531.6666666666665
NM_001181838.1	707	1483	2164	2954	3560	4322	5032	5635	6409	3585.1111111111113
NM_001184260.1	735	1402	2232	2907	3589	4271	5182	6003	6539	3651.1111111111113
NM_001182243.1	770	1502	2211	2925	3768	4349	5059	5824	6674	3675.777777777778
NM_001182869.1	770	1437	2260	3005	3662	4364	5181	5868	6564	3679.0
NM_001180693.1	727	1451	2250	2940	3726	4346	5243	5819	6635	3681.8888888888887
NM_001183653.3	726	1506	2226	2939	3672	4494	5177	5932	6671	3704.777777777778
NM_001179471.2	747	1461	2259	3015	3797	4458	5108	6010	6707	3729.1111111111113
NM_001180970.1	721	1494	2234	2991	3739	4459	5287	5954	6758	3737.4444444444443
NM_001181190.1	751	1575	2223	3008	3713	4553	5222	6029	6723	3755.222222222222
NM_001181100.1	742	1522	2253	2981	3729	4540	5242	6081	6715	3756.1111111111113
NM_001178634.1	748	1514	2265	3120	3667	4487	5213	6040	6898	3772.4444444444443
NM_001182894.1	778	1562	2222	2996	3733	4572	5288	6078	6736	3773.8888888888887
NM_001179068.3	762	1550	2227	2991	3698	4559	5345	6096	6976	3800.4444444444443
NM_001181624.1	759	1543	2212	3115	3759	4589	5310	6093	6940	3813.3333333333335
NM_001181060.3	744	1535	2233	3078	3903	4571	5369	6153	6855	3826.777777777778
NM_001181752.3	761	1547	2283	3041	3892	4658	5435	6163	6972	3861.3333333333335
NM_001182067.1	734	1523	2300	3222	3946	4724	5572	6313	7070	3933.777777777778
NM_001182084.1	785	1511	2431	3140	3961	4888	5538	6384	7285	3991.4444444444443
NM_001180874.1	791	1576	2418	3150	4105	4944	5559	6485	7134	4018.0
NM_001181253.1	812	1615	2433	3261	4014	4921	5546	6415	7299	4035.1111111111113
NM_001180073.1	860	1608	2448	3215	4108	4826	5641	6496	7347	4061.0
NM_001180779.1	844	1676	2340	3270	4039	4864	5679	6468	7393	4063.6666666666665
NM_001178327.1	799	1664	2436	3254	4128	4783	5742	6498	7323	4069.6666666666665
NM_001179401.3	782	1612	2394	3292	4256	4993	5750	6536	7350	4107.222222222223
NM_001182736.1	817	1664	2499	3307	4012	4965	5862	6638	7458	4135.777777777777
NM_001182175.1	814	1640	2422	3314	4163	4912	5858	6594	7538	4139.444444444444
NM_001180755.3	789	1642	2451	3446	4090	5035	5776	6657	7426	4145.777777777777
NM_001181945.1	819	1573	2451	3312	4261	5034	5831	6652	7464	4155.222222222223
NM_001180534.1	866	1679	2509	3305	4205	5007	5827	6633	7529	4173.333333333333
NM_001180036.1	855	1671	2453	3316	4286	5043	5852	6746	7577	4199.888888888889
NM_001181363.1	863	1731	2493	3413	4115	5010	5830	6760	7599	4201.555555555556
NM_001180120.1	815	1721	2498	3352	4246	5024	6011	6776	7657	4233.333333333333
NM_001183572.3	855	1739	2520	3360	4262	5206	5935	6805	7613	4255.0
NM_001182737.1	847	1676	2591	3436	4237	5157	6031	6752	7685	4268.0
NM_001178180.1	822	1756	2565	3499	4312	5089	6000	6845	7773	4295.666666666667
NM_001179334.1	884	1743	2577	3506	4223	5156	6064	6804	7759	4301.777777777777
NM_001183586.1	850	1724	2634	3467	4356	5175	6088	6860	7861	4335.0
NM_001179067.3	854	1722	2572	3461	4389	5206	6085	6987	7884	4351.111111111111
NM_001179775.1	842	1701	2671	3501	4341	5342	6081	7043	7810	4370.222222222223
NM_001180331.1	850	1728	2627	3601	4319	5197	6182	7054	7824	4375.777777777777
NM_001181411.1	873	1737	2743	3605	4500	5335	6160	6999	7904	4428.444444444444
NM_001181468.3	930	1773	2726	3557	4458	5407	6251	7196	8133	4492.333333333333
NM_001179730.1	911	1751	2753	3685	4480	5420	6264	7332	7954	4505.555555555556
NM_001182724.1	887	1894	2735	3547	4517	5487	6282	7290	8005	4516.0
NM_001179149.1	901	1743	2702	3699	4585	5420	6331	7197	8143	4524.555555555556
NM_001180143.1	925	1839	2713	3555	4543	5352	6395	7253	8238	4534.777777777777
NM_001178373.1	928	1784	2771	3728	4482	5541	6530	7320	8312	4599.555555555556
NM_001182902.1	870	1765	2696	3794	4691	5449	6441	7507	8256	4607.666666666667
NM_001180808.1	860	1791	2754	3729	4636	5599	6426	7424	8288	4611.888888888889
NM_001178157.1	931	1829	2732	3675	4690	5615	6520	7399	8281	4630.222222222223
NM_001182021.1	976	1898	2747	3781	4641	5485	6477	7349	8351	4633.888888888889
NM_001182934.3	960	1842	2771	3684	4590	5586	6522	7494	8259	4634.222222222223
NM_001183851.1	923	1915	2876	3715	4595	5607	6551	7596	8441	4691.0
NM_001182222.1	911	1964	2806	3741	4663	5703	6477	7581	8600	4716.222222222223
NM_001178379.1	937	1838	2797	3728	4750	5695	6651	7523	8579	4722.0
NM_001179021.1	930	1874	2892	3798	4748	5739	6613	7712	8519	4758.333333333333
NM_001181247.3	1014	1895	2840	3833	4694	5673	6728	7588	8641	4767.333333333333
NM_001178842.3	944	1893	2817	3901	4757	5711	6763	7653	8681	4791.111111111111
NM_001179847.3	956	1890	2881	3857	4721	5835	6774	7740	8692	4816.222222222223
NM_001178965.3	973	1967	2993	3773	4866	5798	6816	7790	8676	4850.222222222223
NM_001182622.1	950	1933	2934	3952	4965	5862	6764	7717	8926	4889.222222222223
NM_001178475.3	1002	2033	2979	4014	5005	5915	6896	7941	8993	4975.333333333333
NM_001181223.1	1050	2031	2942	4074	4955	5967	6975	8055	8948	4999.666666666667
NM_001181284.3	990	2042	2967	3940	5131	6148	7042	8051	8932	5027.0
NM_001184311.3	965	1942	3046	4068	5026	6066	7116	8033	9082	5038.222222222223
NM_001183446.1	1068	2007	2934	4102	4991	5979	7067	8177	9034	5039.888888888889
NM_001182870.1	977	1970	2964	4049	5105	6137	7136	8000	9157	5055.0
NM_001181071.1	971	2052	3038	4049	5137	6083	7245	8033	9150	5084.222222222223
NM_001179324.3	1020	2053	3097	4036	4969	6228	7104	8200	9078	5087.222222222223
NM_001179000.1	1035	2120	3129	4240	5356	6351	7366	8506	9547	5294.444444444444
NM_001179310.1	1066	2136	3154	4172	5497	6379	7322	8520	9524	5307.777777777777
NM_001182233.1	1065	2084	3182	4239	5396	6452	7398	8549	9523	5320.888888888889
NM_001183755.3	1065	2157	3195	4309	5323	6517	7337	8508	9563	5330.444444444444
NM_001181569.1	1005	2183	3185	4292	5434	6434	7530	8504	9645	5356.888888888889
NM_001182173.1	1080	2194	3305	4315	5310	6285	7495	8766	9750	5388.888888888889
NM_001182181.1	1093	2164	3336	4398	5507	6550	7614	8814	9920	5488.444444444444
NM_001180341.1	1090	2228	3274	4446	5467	6644	7732	8805	9784	5496.666666666667
NM_001178316.1	1125	2142	3266	4379	5508	6551	7807	8800	9898	5497.333333333333
NM_001183623.3	1071	2247	3325	4331	5546	6527	7748	8933	9938	5518.444444444444
NM_001181414.1	1161	2278	3335	4445	5637	6641	7598	8885	9925	5545.0
NM_001181610.1	1016	2199	3328	4488	5534	6748	7756	8927	9986	5553.555555555556
NM_001182556.1	1116	2247	3318	4530	5505	6695	7765	9003	10143	5591.333333333333
NM_001178396.1	1183	2199	3393	4460	5583	6765	7830	8923	10040	5597.333333333333
NM_001179113.1	1129	2304	3346	4487	5604	6749	7802	9030	10175	5625.111111111111
NM_001181591.1	1127	2298	3437	4409	5583	6717	7900	9074	10130	5630.555555555556
NM_001183363.1	1145	2240	3462	4421	5588	6855	8034	9141	10184	5674.444444444444
NM_001181408.1	1141	2250	3444	4537	5649	6914	7863	9215	10285	5699.777777777777
NM_001180345.1	1166	2315	3343	4571	5704	6980	8076	9137	10347	5737.666666666667
NM_001182231.1	1136	2222	3384	4671	5734	6954	8061	9179	10462	5755.888888888889
NM_001179314.3	1143	2332	3506	4734	5869	7003	8078	9255	10524	5827.111111111111
NM_001179194.1	1142	2295	3566	4653	5792	7063	8275	9339	10597	5858.0
NM_001182146.1	1193	2344	3558	4688	5873	6993	8226	9227	10628	5858.888888888889
NM_001184171.1	1214	2432	3527	4640	5923	7018	8387	9463	10574	5908.666666666667
NM_001181762.1	1201	2370	3618	4767	5894	7189	8394	9497	10735	5962.777777777777
NM_001183974.1	1223	2359	3575	4712	5956	7201	8337	9602	10777	5971.333333333333
NM_001183601.3	1244	2396	3567	4726	6070	7107	8300	9631	10867	5989.777777777777
NM_001180185.1	1213	2396	3739	4936	6144	7296	8610	9840	11017	6132.333333333333
NM_001179403.1	1255	2449	3709	4945	6226	7321	8653	9843	11074	6163.888888888889
NM_001178688.1	1265	2471	3668	5062	6230	7362	8727	10046	11067	6210.888888888889
NM_001180141.1	1208	2549	3773	5018	6341	7645	8922	10244	11213	6323.666666666667
NM_001179832.3	1304	2521	3742	5074	6342	7838	9029	10237	11527	6401.555555555556
NM_001181111.1	1308	2663	3939	5290	6599	7797	9087	10535	11776	6554.888888888889
NM_001182905.1	1293	2588	3989	5306	6602	7933	9272	10300	11830	6568.111111111111
NM_001180758.1	1308	2700	4058	5268	6618	8012	9185	10602	11842	6621.444444444444
NM_001181513.1	1312	2721	4008	5291	6704	8020	9195	10501	11909	6629.0
NM_001179428.3	1323	2766	4024	5319	6657	7993	9202	10590	11870	6638.222222222223
NM_001179481.1	1331	2664	4052	5252	6679	8087	9296	10630	12061	6672.444444444444
NM_001180385.3	1456	2671	3986	5336	6711	8095	9313	10576	11924	6674.222222222223
NM_001180030.3	1376	2716	4021	5328	6709	7880	9397	10859	12184	6718.888888888889
NM_001179496.1	1431	2659	4142	5594	6848	8335	9672	11135	12465	6920.111111111111
NM_001181622.1	1418	2694	4116	5635	6937	8380	9887	11187	12643	6988.555555555556
NM_001180142.1	1442	2890	4108	5615	7011	8382	9920	11070	12466	6989.333333333333
NM_001181163.1	1472	2834	4224	5694	6991	8539	9739	11283	12750	7058.444444444444
NM_001183140.1	1440	2872	4340	5599	7003	8455	9899	11323	12780	7079.0
NM_001178359.1	1456	2848	4330	5639	6927	8498	9980	11424	12849	7105.666666666667
NM_001180189.1	1469	2811	4216	5570	7160	8740	10067	11505	12974	7168.0
NM_001183375.1	1449	2919	4361	5715	7105	8771	10095	11532	12984	7214.555555555556
NM_001181277.3	1499	2908	4362	5815	7202	8638	10135	11591	13020	7241.111111111111
NM_001178151.1	1315	2968	4415	5806	7468	8890	10219	11734	13169	7331.555555555556
NM_001180941.1	1454	3015	4480	5884	7381	8758	10304	11840	13231	7371.888888888889
NM_001178934.3	1493	2959	4409	5961	7486	8870	10354	11697	13375	7400.444444444444
NM_001183712.1	1512	2981	4369	6066	7340	8934	10391	11689	13352	7403.777777777777
NM_001180140.1	1490	3011	4320	5984	7466	8798	10432	11832	13416	7416.555555555556
NM_001182072.1	1425	3029	4495	6014	7484	8885	10521	11946	13443	7471.333333333333
NM_001182645.1	1492	3080	4545	5999	7423	9102	10519	11911	13599	7518.888888888889
NM_001182749.1	1473	3062	4438	6034	7656	9060	10587	12041	13497	7538.666666666667
NM_001184140.1	1583	3138	4624	6198	7740	9417	10917	12453	14094	7796.0
NM_001182336.1	1518	3244	4740	6345	7880	9629	10918	12573	14013	7873.333333333333
NM_001181563.2	1563	3205	4792	6322	7863	9492	11045	12739	14277	7922.0
NM_001182214.1	1678	3190	5009	6412	8263	9947	11576	13344	14830	8249.888888888889
NM_001181703.1	1594	3280	4975	6661	8358	9944	11631	13168	14855	8274.0
NM_001183957.1	1687	3346	4966	6676	8317	9873	11511	13234	14966	8286.222222222223
NM_001180462.1	1707	3351	5157	6746	8406	10263	11862	13670	15282	8493.777777777777
NM_001180194.1	1735	3461	5137	6787	8503	10054	11926	13688	15406	8521.888888888889
NM_001180025.1	1700	3422	5155	6840	8539	10389	12039	13657	15427	8574.222222222223
NM_001179151.1	1740	3515	5170	6796	8688	10283	11943	13734	15408	8586.333333333334
NM_001184312.1	1760	3442	5315	6972	8689	10264	12131	13943	15677	8688.111111111111
NM_001178539.1	1742	3501	5121	6960	8707	10514	12265	14021	15611	8715.777777777777
NM_001180244.1	1762	3495	5304	6917	8639	10362	12196	14005	15816	8721.777777777777
NM_001182712.1	1702	3461	5259	6959	8690	10471	12462	14044	15880	8769.777777777777
NM_001181119.1	1721	3506	5356	6983	8684	10540	12113	14157	15921	8775.666666666666
NM_001179402.1	1795	3577	5389	7018	9027	10633	12409	14054	15865	8863.0
NM_001180251.2	1839	3405	5335	7148	8919	10697	12499	14148	15829	8868.777777777777
NM_001181343.1	1779	3602	5320	7158	8900	10573	12449	14129	16139	8894.333333333334
NM_001180134.1	1798	3612	5308	7192	8729	10714	12484	14336	16050	8913.666666666666
NM_001180114.1	1794	3556	5355	7240	8838	10843	12546	14329	16298	8977.666666666666
NM_001184054.1	1861	3595	5465	7182	8870	10774	12715	14406	16234	9011.333333333334
NM_001182384.1	1779	3579	5400	7208	9123	10947	12713	14565	16507	9091.222222222223
NM_001179419.1	1827	3709	5585	7302	9155	10856	12699	14539	16420	9121.333333333334
NM_001184045.1	1838	3681	5443	7409	9239	11153	12855	14707	16494	9202.111111111111
NM_001180896.1	1862	3696	5579	7347	9325	11005	12842	14877	16359	9210.222222222223
NM_001183293.1	1864	3692	5497	7496	9291	11065	13081	14661	16355	9222.444444444445
NM_001183000.1	1883	3761	5485	7662	9315	11171	12750	14749	16734	9278.888888888889
NM_001179055.1	1829	3738	5564	7286	9231	11120	13046	15085	16619	9279.777777777777
NM_001182818.1	1837	3777	5590	7483	9340	11242	13079	14865	16812	9336.111111111111
NM_001183893.1	1909	3853	5601	7586	9531	11349	13206	15068	17176	9475.444444444445
NM_001183193.1	1874	3787	5777	7732	9431	11429	13360	15203	17255	9538.666666666666
NM_001181012.3	1869	3843	5884	7582	9514	11486	13278	15330	17216	9555.777777777777
NM_001181369.1	1955	3770	5719	7572	9505	11472	13460	15405	17249	9567.444444444445
NM_001178466.1	1941	3918	5824	7869	9599	11653	13476	15520	17408	9689.777777777777
NM_001180690.3	1896	3827	5821	7807	9810	11735	13567	15512	17488	9718.111111111111
NM_001178869.1	1966	3921	5879	7726	9692	11892	13450	15522	17488	9726.222222222223
NM_001180895.1	1903	3908	5740	7932	9718	11723	13592	15757	17575	9760.888888888889
NM_001180196.2	1999	3790	5819	7886	9816	11827	13721	15632	17451	9771.222222222223
NM_001179095.1	2014	3997	5931	7675	9782	11705	13894	15855	17760	9845.888888888889
NM_001181156.1	1960	3966	5868	7838	9934	11796	13800	15926	17793	9875.666666666666
NM_001182432.1	1906	4014	5930	7982	10004	11874	13854	15820	17825	9912.111111111111
NM_001178745.1	1970	3971	5992	7901	9876	11951	14031	15902	17782	9930.666666666666
NM_001180057.1	1996	3967	6011	7865	10064	12136	14096	16175	18241	10061.222222222223
NM_001181948.1	2048	4103	6050	8205	10359	12337	14344	16272	18448	10240.666666666666
NM_001179622.1	2055	4157	6116	8162	10226	12407	14201	16342	18636	10255.777777777777
NM_001180333.3	2110	4011	6185	8233	10279	12390	14280	16614	18605	10300.777777777777
NM_001181623.1	2005	4041	6181	8267	10447	12536	14594	16728	18579	10375.333333333334
NM_001179007.3	2097	4195	6306	8263	10295	12468	14480	16769	18623	10388.444444444445
NM_001178849.3	2009	4132	6352	8354	10641	12565	14552	16759	18647	10445.666666666666
NM_001179140.1	2051	4322	6404	8474	10540	12493	14696	16887	19072	10548.777777777777
NM_001180245.1	2131	4269	6341	8563	10404	12734	14618	16911	19004	10552.777777777777
NM_001182382.1	2132	4268	6529	8557	10632	12676	14966	17033	19196	10665.444444444445
NM_001181054.1	2173	4277	6466	8646	11078	12924	15291	17509	19570	10881.555555555555
NM_001179647.1	2163	4396	6868	8882	11214	13469	15808	17869	20195	11207.111111111111
NM_001181592.1	2273	4433	6732	9122	11200	13343	15719	18060	20444	11258.444444444445
NM_001183875.1	2231	4469	6916	8921	11156	13692	15583	18107	20323	11266.444444444445
NM_001179572.1	2309	4670	6837	9101	11283	13585	16088	18100	20381	11372.666666666666
NM_001182386.1	2222	4490	6913	9169	11293	13666	15943	18290	20669	11406.111111111111
NM_001178426.2	2326	4587	6774	9306	11467	13893	16141	18474	20761	11525.444444444445
NM_001179884.3	2389	4760	7207	9332	11684	14259	16469	18669	21293	11784.666666666666
NM_001178267.1	2454	4797	7085	9536	12059	14391	16838	19441	21788	12043.222222222223
NM_001183920.1	2401	4872	7219	9520	12232	14496	16729	19353	21669	12054.555555555555
NM_001182037.1	2363	4798	7283	9597	12109	14460	17115	19308	21861	12099.333333333334
NM_001184631.1	2462	4921	7167	9635	12017	14553	16958	19498	21865	12119.555555555555
NM_001183732.1	2376	4943	7438	9782	12460	14670	17245	19685	21714	12257.0
NM_001182244.1	2503	4969	7370	9823	12296	14924	17313	19608	22306	12345.777777777777
NM_001180726.3	2564	4929	7513	9892	12398	15192	17464	19789	22553	12477.111111111111
NM_001178537.3	2454	4985	7350	10052	12607	15027	17312	20197	22381	12485.0
NM_001183789.3	2418	5108	7568	9915	12492	15191	17600	19991	22392	12519.444444444445
NM_001182329.1	2456	4935	7420	10111	12679	15057	17675	20265	22582	12575.555555555555
NM_001179748.1	2504	5171	7473	10057	12826	15222	17698	20240	22729	12657.777777777777
NM_001181935.1	2624	5166	7812	10263	13035	15542	18168	20606	23292	12945.333333333334
NM_001179746.1	2617	5207	7702	10246	13068	15814	18233	20858	23441	13020.666666666666
NM_001178332.1	2668	5256	7880	10423	13174	15675	18295	20811	23505	13076.333333333334
NM_001178544.1	2616	5383	7967	10589	13262	16078	18402	21202	23965	13273.777777777777
NM_001180289.1	2726	5268	8005	10629	13337	16025	18630	21183	24099	13322.444444444445
NM_001184199.1	2739	5488	7977	10740	13563	16068	18577	21113	24114	13375.444444444445
NM_001182907.1	2678	5381	8104	10656	13378	16065	18822	21420	24236	13415.555555555555
NM_001184229.1	2731	5402	8135	10886	13540	16425	19101	21781	24392	13599.222222222223
NM_001184012.1	2703	5418	8103	10886	13685	16235	19299	21747	24662	13637.555555555555
NM_001180372.3	2761	5634	8312	11179	13807	16685	19509	22313	24834	13892.666666666666
NM_001179927.1	2781	5686	8301	10890	13828	16868	19324	22356	25194	13914.222222222223
NM_001183374.1	2800	5640	8461	11295	13841	16837	19656	22634	25277	14049.0
NM_001183294.1	2849	5628	8604	11594	14151	16863	19810	22673	25411	14175.888888888889
NM_001179849.3	2927	5696	8482	11372	14378	17027	19811	22868	25688	14249.888888888889
NM_001178150.1	2930	5673	8378	11523	14207	17134	20057	23105	25780	14309.666666666666
NM_001182644.1	2885	5637	8678	11417	14301	17171	20164	22973	25869	14343.888888888889
NM_001183515.1	2930	5824	8786	11658	14554	17559	20313	23301	26348	14585.888888888889
NM_001181916.1	2943	5883	8822	11779	14511	17730	20389	23334	26358	14638.777777777777
NM_001183381.1	3063	6294	9546	12514	15474	18808	21956	25154	27918	15636.333333333334
NM_001181865.1	3196	6543	9798	13105	16166	19681	22812	25810	29248	16262.111111111111
NM_001182422.1	3157	6577	9875	13158	16152	19627	23047	26235	29323	16350.111111111111
NM_001180968.1	3360	6849	9978	13441	16775	20298	23616	27100	30193	16845.555555555555
NM_001184034.1	3464	7037	10496	13974	17894	20964	24669	27969	31771	17582.0
NM_001181803.3	3592	7345	10879	14468	18400	21772	25358	29296	32803	18212.555555555555
NM_001180988.1	3720	7634	11237	14989	18490	22414	25965	29870	33475	18643.777777777777
NM_001181996.1	3784	7556	11446	15214	18895	22756	26411	30107	33953	18902.444444444445
NM_001183016.3	3870	7794	11778	15319	19332	23080	26823	30745	34928	19296.555555555555
NM_001182616.1	3936	7854	11589	15618	19700	23571	27487	31387	35250	19599.11111111111
NM_001183945.1	3968	7823	11894	15823	19508	23641	27543	31344	35436	19664.444444444445
NM_001181781.1	4012	8041	11816	16002	20111	24009	27847	32318	36130	20031.777777777777
NM_001178993.1	4067	8303	12002	16113	20269	24308	28027	32430	36292	20201.222222222223
NM_001183904.1	4192	8373	12505	16746	20701	24972	29300	33137	37397	20813.666666666668
NM_001182054.1	4303	8688	12570	16831	21198	25374	29346	33764	37682	21084.0
NM_001182229.1	4293	8649	12918	17186	21302	25753	30209	34474	38419	21467.0
NM_001180358.1	4405	8917	13316	17511	21808	26529	30873	35026	39478	21984.777777777777
NM_001179368.1	4584	9084	13493	18342	22814	27431	31904	36358	40893	22767.0
NM_001182692.1	4636	9237	14242	18549	23312	27859	32753	37209	42020	23313.0
NM_001181485.3	4987	9923	14936	19819	24681	29585	34325	39536	44272	24673.777777777777
NM_001181962.1	4976	9789	14870	19909	25011	29666	34913	39793	44688	24846.11111111111
NM_001180320.3	5182	10266	15446	20456	25748	30728	35834	41232	46353	25693.88888888889
NM_001183482.1	5887	12315	18355	24373	30298	36145	42430	48317	54477	30288.555555555555
NM_001179718.1	6272	12776	19091	25731	31902	38299	44592	51000	57347	31890.0
NM_001183047.1	7224	14054	21309	28326	35544	42639	49781	56543	64087	35500.77777777778
NM_001180873.1	8704	17455	25818	34833	43219	51639	60818	69223	77563	43252.444444444445
NM_001181997.1	8689	17308	25890	34656	42981	52096	60865	69473	78287	43360.555555555555
NM_001183552.1	9592	18816	28489	37773	47282	56626	66370	75739	85527	47357.11111111111
NM_001178725.1	10447	21014	31613	41606	52402	62647	73382	83443	93882	52270.666666666664
NM_001182136.1	10908	21777	32830	43491	54925	65522	76592	87758	98618	54713.444444444445
NM_001181844.1	11235	22653	34050	45314	56706	67718	79469	90381	101662	56576.444444444445
NM_001183340.1	11570	23135	34453	45854	57243	68751	80812	91766	103393	57441.88888888889
NM_001181666.1	12920	25995	39254	52135	65247	77471	90969	104078	116877	64994.0
NM_001179626.1	13288	26310	40008	52929	65904	79459	92685	105929	119286	66199.77777777778
NM_001178183.1	14268	28101	42050	55779	69885	83481	98422	111658	126223	69985.22222222222
NM_001181321.3	15079	30168	44822	60018	74908	89526	104737	119612	134859	74858.77777777778
NM_001179305.1	23812	47408	71680	95352	119199	143105	166393	190708	213269	118991.77777777778
NM_001181931.1	26324	53294	79957	106102	132966	158494	186460	211900	238833	132703.33333333334
NM_001184177.1	34930	69216	105091	139601	174909	210094	244537	280037	314508	174769.22222222222
