Codon	AA	Abbr	rpf_codon_val	rpf_sum	rpf_proportion	rna_codon_val	rna_sum	rna_proportion_first	rna_proportion_last	absolute_cst_0	absolute_cst_1	absolute_cst_2	absolute_cst_3	absolute_cst_4	absolute_cst_5	absolute_cst_6	absolute_cst_7	absolute_cst_8	absolute_cst_9	absolute_cst_10	relative_cst_0	relative_cst_1	relative_cst_2	relative_cst_3	relative_cst_4	relative_cst_5	relative_cst_6	relative_cst_7	relative_cst_8	relative_cst_9	relative_cst_10	sample
AAA	Lys	K	26871	126934	0.01603745669846261	26871	1712201260.967041	0.019658920159929125	619.6389655587245	0.8157852297071655	0.31582582965047684	0.11350907557042189	0.03999302996735605	0.014025679521672042	0.004913446100879595	0.0017208168785415965	0.0006026371887936745	0.00021104288017991028	7.390671955806703e-05	2.5881937047005648e-05	0.5462643918790355	0.6230987109775217	0.6459843184912537	0.6502793575072998	0.6493043365501869	0.6490714310643111	0.649015773521833	0.6490024694813267	0.6489992921043913	0.6489985320338383	0.6489983514626197	SRR1944912
AAC	Asn	N	18482	265340	0.03352434147171025	18482	3435945932.989929	0.032317683980741335	1243.4554466050995	1.0373373751562143	0.3441979293168233	0.11950816505207355	0.04176576385428806	0.014619092750452896	0.005118966792790204	0.0017925979514750005	0.000627758681742875	0.0002198390131609633	7.698698880133615e-05	2.6960629400304535e-05	0.6946196741224562	0.6790745592778051	0.6801253570901322	0.6791036864957887	0.6767757886262376	0.6762209320200387	0.6760884092886226	0.6760567423743175	0.6760491697079047	0.676047361005066	0.6760469281497076	SRR1944912
AAG	Lys	K	26375	502850	0.06353250587566707	26375	5741259548.441406	0.054687567855519495	2077.7394624689878	1.1617358088316387	0.39232621807669005	0.13570377965600094	0.0473825467544044	0.016581531154080224	0.0058058282634476785	0.0020331032490175454	0.0007119803221639439	0.0002493329787384509	8.731567602117582e-05	3.057770573417857e-05	0.7779190919689931	0.7740277640901387	0.7722951946990577	0.7704315498391499	0.7676248461509703	0.7669560593724634	0.7667963362430363	0.7667581687606603	0.7667490443723468	0.7667468655101464	0.7667463442535069	SRR1944912
AAT	Asn	N	21715	83683	0.010572915758563084	21715	1154475357.3389282	0.014314076600376952	417.8001339518361	0.7386376399777442	0.30419329063347145	0.11059160218840215	0.03907031938024647	0.013710892317721607	0.004803908115006033	0.0016825155609271852	0.0005892290772199602	0.00020634780682035817	7.226255199580216e-05	2.5306156938144803e-05	0.49460498490055504	0.6001486562751771	0.6293808703094284	0.6352762520101529	0.6347315883065311	0.6346013471787614	0.6345702159564691	0.6345627739493587	0.6345609974595784	0.6345605710377588	0.6345604699092803	SRR1944912
ACA	Thr	T	12295	50631	0.006396965904327134	12295	559070315.3736572	0.007134781689794241	202.32536897973426	0.8965888772010367	0.37706468210473926	0.137911347017827	0.04879189314151143	0.017128373426658933	0.006001791956431391	0.002102102572778182	0.0007361749462865396	0.0002578084861482389	9.028399413453719e-05	3.161722099697681e-05	0.6003719605778365	0.7439179931376372	0.784858541643664	0.7933472644989606	0.7929403439452609	0.7928430706533677	0.7928198196487464	0.7928142620382245	0.7928129338742754	0.7928126158194592	0.7928125421061263	SRR1944912
ACC	Thr	T	10584	205898	0.026014151128145764	10584	2523469087.114685	0.023539170186709438	913.2336311188253	1.1051430837113254	0.36573161230527995	0.1264376740753916	0.04414240351426483	0.015447244408893925	0.005408637728848094	0.0018940110175970643	0.0006632708412407007	0.00023227507129562294	8.134204539785073e-05	2.848575681151293e-05	0.7400235902525395	0.721558766879049	0.7195614474768427	0.7177474129745662	0.7151142136783797	0.71448676930503	0.7143369181074191	0.7143011116885292	0.7142925490585029	0.7142905052680389	0.7142900153594114	SRR1944912
ACG	Thr	T	5385	18288	0.0023105945459962205	5385	185913628.18988037	0.002769228987588411	67.28141771708714	0.8343819006489624	0.40224083983903164	0.14917925107976865	0.052944850485728515	0.018600239107346445	0.0065187055324956045	0.00228324744127658	0.0007996216921418476	0.00028002822537257063	9.806535801787859e-05	3.434223927492256e-05	0.5587170556109369	0.7935885075758178	0.8489845975532844	0.8608735918554283	0.8610788443161765	0.8611279012313416	0.8611396266044036	0.8611424294768703	0.8611430998341134	0.8611432597407055	0.8611432998419313	SRR1944912
ACT	Thr	T	16808	231443	0.0292416302224958	16808	2752198447.6690063	0.027055352732894618	996.0098955672817	1.0808075766442715	0.37320357155578004	0.1300059502848545	0.04546979601283253	0.01591853830581622	0.005574221373582286	0.001952042935870062	0.000683597223255239	0.00023939362966633786	8.383497124817753e-05	2.935877479996432e-05	0.7237280991294358	0.7363003356184257	0.739868638454963	0.7393305723859229	0.7369322775082597	0.7363605440533123	0.7362239827896446	0.736191350738434	0.7361835474160848	0.7361816841352075	0.736181237576402	SRR1944912
AGA	Arg	R	16247	286728	0.03622660504070452	16247	3816801428.1502686	0.03635029226729357	1381.2855664796878	0.996597352624305	0.3363941518321169	0.11638712025800839	0.040639800629023434	0.014222058048036343	0.0049796991430882094	0.0017438078080847087	0.0006106709165497016	0.00021385479240284264	7.489131998598364e-05	2.6226731039426408e-05	0.6673394258130816	0.6636783401121426	0.6623633765247631	0.660795730251924	0.6583954774518918	0.6578235280723583	0.6576869320323511	0.6576542905931952	0.6576464875965448	0.657644623163018	0.6576441777880947	SRR1944912
AGC	Ser	S	6456	31907	0.004031285005418931	6456	328153496.46990967	0.004272183507381233	118.75747187702108	0.9436123234064989	0.40939451933536736	0.14848511603062872	0.05242045665790399	0.018392695783835632	0.006444016165369932	0.0022569231959308146	0.0007903889272201809	0.00027679375752556393	9.693255732432258e-05	3.394552731463933e-05	0.6318597018485432	0.8077021362104552	0.8450342494916322	0.8523470440615537	0.8514708406704791	0.8512613567714625	0.8512112892731589	0.8511993205122594	0.851196460832351	0.8511957747000911	0.8511956128600132	SRR1944912
AGG	Arg	R	5653	18854	0.002382105728904896	5653	219093936.45928955	0.0030261752214080363	79.28924200835313	0.7871671514766206	0.35514923647285324	0.1307737645280316	0.046339919133061354	0.016273752755935816	0.005702846903249077	0.001997441390846364	0.0006995252779457173	0.00024497407294849107	8.578943485640821e-05	3.00432400230783e-05	0.527101214449399	0.700680598847124	0.7442382975162679	0.7534786152833103	0.7533765633278212	0.753352112679105	0.7533462656662002	0.7533448670171867	0.7533445325990898	0.7533444539109472	0.7533444352392238	SRR1944912
AGT	Ser	S	9468	40108	0.005067439088517958	9468	449202415.52838135	0.0056763403907898885	162.5646040742196	0.8927299526892538	0.3731699199790418	0.13609365496817646	0.04811523419823859	0.016887990892999454	0.005917323160854679	0.0020724977495775085	0.0007258054006240116	0.00025417693094786844	8.901221954413035e-05	3.117184775478182e-05	0.5977879556523086	0.7362339437906541	0.7745139894215644	0.7823449137582894	0.7818120830082526	0.7816846533430729	0.7816541939106689	0.7816469114871383	0.7816451714163841	0.7816447565613643	0.7816446569727548	SRR1944912
ATA	Ile	I	9565	27893	0.0035241367930595236	9565	336638876.375	0.0052163704426423626	121.82829780538965	0.6755917417694678	0.3386523585409316	0.12565543486053607	0.044596531570370704	0.015667328702894247	0.005490823084754235	0.0019232200571618018	0.0006735355847596219	0.00023587275593129784	8.260219556056444e-05	2.8927078983644938e-05	0.4523883229764673	0.6681335985403098	0.7151096953718572	0.7251314521631851	0.7253027885905747	0.7253435418177027	0.7253532718190379	0.72535559690161	0.7253561527194149	0.7253562867102912	0.7253563185366966	SRR1944912
ATC	Ile	I	13817	196749	0.024858222130917013	13817	2508668735.901123	0.024742836628517992	907.8774416772303	1.0046633902220423	0.3488706870442922	0.12131381730302367	0.04241167210384142	0.014846422256890425	0.005198671743041026	0.0018205183385798843	0.0006375369864958757	0.0002232634049303927	7.818620589937548e-05	2.7380592346246047e-05	0.6727405889657696	0.6882935307593916	0.6904013903755812	0.6896060365770669	0.6872997731595805	0.6867500403200054	0.6866187404702081	0.6865873635341928	0.6865798629601632	0.6865780697264282	0.6865776414845103	SRR1944912
ATG	Met	M	14951	135243	0.017087256024943504	14951	1584624699.1419678	0.016115233509842126	573.4695048761764	1.060316998478969	0.37451943050784364	0.13160043396684445	0.046118993997778274	0.01615338535617179	0.005657089820289996	0.0019811155651052723	0.0006937827580931437	0.00024296094190302405	8.508426501086644e-05	2.9796276662754694e-05	0.71000724122087	0.7388964184586622	0.7489429036578072	0.7498864129633971	0.7478042789671747	0.7473075535839595	0.7471888885775253	0.7471605331681155	0.7471537498429613	0.7471521320581073	0.7471517452009706	SRR1944912
ATT	Ile	I	21896	207056	0.026160458459962455	21896	2865867107.2177734	0.029023343746290564	1037.146140601621	0.9013592192769307	0.31763553034378655	0.11144942377624105	0.03904492018093042	0.013674667479511226	0.004788933607163301	0.0016770799518037597	0.0005873095085836111	0.00020567423556309327	7.202655711969709e-05	2.5223502682840302e-05	0.6035662670181218	0.6266691034641158	0.634262764475357	0.6348632656716353	0.6330545968634794	0.6326231988414415	0.6325201453744138	0.6324955188769938	0.6324896304048162	0.6324882245843438	0.6324878864184631	SRR1944912
CAA	Gln	Q	22741	277686	0.0350841949420115	22741	2885467288.954895	0.02792281769411383	1044.2393700094146	1.2564704366997783	0.4250742697394095	0.1486049916173897	0.052020789574574296	0.018215797385187003	0.0063789753779996934	0.0022338873424157216	0.0007823001791317752	0.00027395928668960424	9.593978200353256e-05	3.359784734193195e-05	0.8413550944826108	0.838637010270694	0.8457164658591637	0.8458485303361223	0.8432815121467623	0.8426693999107996	0.8425231874336974	0.8424882459519655	0.8424798930691543	0.8424778972231192	0.8424774195998312	SRR1944912
CAC	HIS	H	6485	130227	0.01645351027676344	6485	1147560048.6383667	0.01101756498930235	415.297510675344	1.493388992280889	0.5068632370543779	0.1757149087388547	0.06138288749182576	0.021483418465293922	0.007522372005318435	0.002634225134639123	0.0009224909695794139	0.00032305317937300203	0.00011313228343816667	3.961861040295486e-05	1.0	1.0	1.0	0.9980745313047903	0.9945526526457217	0.9937133047243732	0.9935128395750091	0.993464937883613	0.993453484649275	0.9934507486740709	0.9934500957969156	SRR1944912
CAG	Gln	Q	9539	35556	0.00449231734894147	9539	311267184.7836304	0.0041987185982750586	112.64638146731151	1.0699257985012451	0.47011517069133113	0.17346284785733576	0.0615013063318823	0.02160108708990264	0.0075699620499746845	0.002651425356280201	0.0009285591613777578	0.0003251819882508656	0.00011387809973384283	3.987981939965893e-05	0.7164414657075526	0.9274990496911807	0.9871834388004838	1.0	1.0	1.0	1.0	1.0	1.0	1.0	1.0	SRR1944912
CAT	HIS	H	10274	66520	0.008404459164461317	10274	670590312.2400513	0.007438050624922192	242.6840213605742	1.1299276636140447	0.4257434855965827	0.15215618473924572	0.05353584759460961	0.018768985315244572	0.006574591521869284	0.002302549828710441	0.0008063588404407079	0.0002823856720000423	9.889077180339518e-05	3.463128358160082e-05	0.7566197885845395	0.8399573188041405	0.8659264363582166	0.8704830968258085	0.8688907755951818	0.8685104995858296	0.8684196306928239	0.8683979158035185	0.8683927222383315	0.8683914820718277	0.8683911838852761	SRR1944912
CCA	Pro	P	14687	243536	0.030769518446726568	14687	3460935841.0839844	0.031931178941699986	1252.4991969829389	0.9636198683082018	0.3146183868852034	0.10897269823021272	0.03806328268801636	0.013321433156688196	0.004664441629709108	0.0016334170966388632	0.0005720133669350983	0.00020031710498664678	7.015046599250576e-05	2.456649754414629e-05	0.6452571120377967	0.6207165244684143	0.6201676284177262	0.6189020194565257	0.6167019789904582	0.6161776768385129	0.616052453737734	0.6160225333261141	0.6160153766945717	0.6160136686198857	0.6160132596878408	SRR1944912
CCC	Pro	P	4486	16614	0.0020990932735772748	4486	191658081.14160156	0.0026335179485991725	69.36031285976148	0.7970681478339002	0.35692164625382083	0.13167239395768948	0.04667474048617669	0.016392693669998338	0.0057446415333495095	0.0020120896441200476	0.0007046560540972161	0.00024677093951720475	8.641869956384146e-05	3.0263607343026238e-05	0.5337310988321394	0.7041774193923818	0.7493524306089436	0.7589227492876925	0.7588828100073284	0.7588732275571607	0.7588709368544679	0.7588703912539903	0.7588702586037155	0.7588702284795779	0.7588702205428007	SRR1944912
CCG	Pro	P	3441	10340	0.0013064057089676791	3441	117873920.7411499	0.0017559198964687626	42.658112676044325	0.7440007437667985	0.35811364721489547	0.13297902886165894	0.047209699546777006	0.01658657759151133	0.005813088099958043	0.0020361054162426626	0.0007130701571872096	0.00024971785783416925	8.745072923271954e-05	3.062502363592195e-05	0.49819621519405216	0.7065291404759662	0.7567885378428003	0.7676210858354318	0.7678584657558589	0.7679150914603968	0.7679286205134596	0.7679318527525867	0.7679326249814347	0.7679328109365221	0.7679328566915191	SRR1944912
CCT	Pro	P	10151	56196	0.007100074973031692	10151	755063624.9801636	0.008551604936841891	273.2545841307703	0.8302622753821636	0.31660040539410766	0.11390760540138191	0.04014577918254312	0.014080311208994743	0.004932674082683642	0.0017275585251538103	0.0006049987714277271	0.00021186995584912183	7.419636392727584e-05	2.5983370034274847e-05	0.555958480793463	0.6246268860097696	0.6482523663980612	0.6527630318273668	0.6518334540476225	0.651611467814444	0.6515584234954579	0.6515457459167759	0.6515427160918648	0.6515419918376616	0.6515418180278185	SRR1944912
CGA	Arg	R	1444	3731	0.0004713926209050688	1444	33489210.751464844	0.0006123282079194448	12.119614896029002	0.7698365268958557	0.44799094896265307	0.16834734767927415	0.059912724799380625	0.0210618075808072	0.007382537247624767	0.0025859094138555258	0.0009056256808154274	0.00031715158515332087	0.00011106594473090061	3.889501646290104e-05	0.5154963180223163	0.8838497571181932	0.9580709393843744	0.9741699546359367	0.9750346125243149	0.9752409852106796	0.9752902934757363	0.9753020792683769	0.9753048957577884	0.9753055678878132	0.9753057322830727	SRR1944912
CGC	Arg	R	1562	5456	0.0006893374804765627	1562	66238855.683776855	0.0008964166495369178	23.97158380347625	0.7689922770094345	0.3400903949972895	0.12519251814515905	0.04435683657794234	0.015576868141390343	0.005458597488008181	0.0019118889772926537	0.0006695636418409028	0.00023448147240957368	8.211494480721285e-05	2.8756442883702914e-05	0.5149309931868014	0.6709707276734366	0.712475219340771	0.7212340553967671	0.7211150103955509	0.7210865063750795	0.721079691255169	0.7210780634024782	0.7210776761370931	0.7210775820735753	0.7210775604452424	SRR1944912
CGG	Arg	R	856	3004	0.00037953991776972033	856	26891165.822265625	0.0004100282857994864	9.731808142324192	0.9256432566101657	0.4514557398193579	0.16904106807933186	0.06009537048852957	0.021120378862116505	0.007402598342228743	0.0025928972535671307	0.0009080696762153746	0.00031800720126093373	0.0001113655573314704	3.899993836901484e-05	0.6198272930861828	0.8906855080731063	0.9620189276628689	0.977139740158269	0.9777461094534062	0.9778910770435764	0.9779257965628035	0.9779341090857563	0.9779360873321287	0.9779365619180092	0.9779366846718565	SRR1944912
CGT	Arg	R	5365	59081	0.007464579854112133	5365	753760184.4060059	0.007525267585979277	272.78287406522446	0.9919354719053162	0.34509708925052573	0.12094217668670026	0.04236173722447831	0.01483562516977354	0.005195449963253869	0.001819436875701102	0.0006371621747652781	0.0002231324760095274	7.814038223075934e-05	2.736454727846036e-05	0.6642177470387733	0.6808485287985142	0.6882863699769666	0.688794104565515	0.6867999331713452	0.6863244397997006	0.6862108606571028	0.6861837147994784	0.6861772302019051	0.6861756774427209	0.6861753059667666	SRR1944912
CTA	Leu	L	10224	58807	0.007429961366272951	10224	653683176.3598633	0.007779680547071103	236.56539475622074	0.9550471026821514	0.3833627949225901	0.13776107960361605	0.04853294187328186	0.017020242728757386	0.005962460870644334	0.002088206331396858	0.0007312982564481528	0.0002560998235093007	8.968555330450167e-05	3.140764258411287e-05	0.639516634727222	0.7563436582035279	0.7840033642697607	0.789136764207598	0.7879345450495149	0.7876473925868985	0.7875787739793259	0.7875623728304857	0.787558452689358	0.7875575155724915	0.7875572923076347	SRR1944912
CTC	Leu	L	3612	12448	0.0015727406446063511	3612	117263970.77929688	0.0017924714029698642	42.43737416123227	0.877414636574145	0.4334791026999398	0.16095803815542684	0.05713299609779383	0.02007218098810355	0.007034616337982177	0.002463954887162782	0.0008629080312070906	0.0003021911857183688	0.00010582678761541428	3.7060272358771286e-05	0.587532545846644	0.8552190630732898	0.9160181074597412	0.928972074015541	0.9292208722905537	0.9292802647545243	0.9292944571592884	0.9292978488594559	0.9292986593256196	0.9292988543254044	0.9292989014661446	SRR1944912
CTG	Leu	L	8119	29969	0.003786428693622087	8119	291775496.9908447	0.0042468507801032415	105.59241559527737	0.8915850567111374	0.4228261420676149	0.15601619463529767	0.05530415792893708	0.019423458461234014	0.006806741660738142	0.0023840956935413595	0.0008349366958719488	0.00029239529378412814	0.00010239625912595787	3.585890778495871e-05	0.5970213128124093	0.8342016369639623	0.887893894462689	0.8992354996574664	0.8991889334270333	0.8991777786733958	0.8991751126971609	0.8991744743900908	0.89917432191403	0.899174286937344	0.899174277235202	SRR1944912
CTT	Leu	L	8447	33884	0.004281068766214782	8447	366657926.73028564	0.00512951537768925	132.69207517388588	0.8345951714727722	0.38272425408688243	0.14056890898534186	0.04977531503448844	0.01747719281826253	0.00612431867072939	0.0021450421677833005	0.0007512148770110068	0.00026307564620198156	9.212855740608426e-05	3.226318346898011e-05	0.55885986557198	0.7550838689960515	0.7999828244184654	0.8093375247329486	0.8090885771407398	0.8090289793130298	0.8090147296443875	0.8090113244872682	0.8090105101363383	0.8090103156042132	0.8090102702234414	SRR1944912
GAA	Glu	E	35146	412838	0.052159953585957326	35146	5542573346.9244995	0.05317954679027107	2005.835700227162	0.9808273431074017	0.3298565187404812	0.11508655364303545	0.04026883842179308	0.014099162284015126	0.004937246733364486	0.0017289900475835132	0.0006054858748253146	0.0002120393474033481	7.425558486530216e-05	2.600410072472545e-05	0.6567795451668359	0.650780120999569	0.6549618041464862	0.6547639525653084	0.6527061450812693	0.652215519809772	0.6520983302389429	0.6520703257366173	0.6520636291816009	0.652062029827097	0.6520616471234031	SRR1944912
GAC	Asp	D	17012	237815	0.03004669958202598	17012	2811001891.920471	0.02733618410957635	1017.2906329419806	1.099154858687833	0.37620501773073833	0.13085335017771502	0.045749522528361904	0.016015071547529913	0.005607907662814734	0.001963829793182701	0.0006877241104723576	0.0002408387842695657	8.43410546167297e-05	2.9536003388856175e-05	0.7360137675911669	0.7422219451484462	0.7446912223719595	0.743878874401166	0.7414011841568894	0.740810538519607	0.7406694623822422	0.7406357495325779	0.7406276884061848	0.7406257639866889	0.7406253045646636	SRR1944912
GAG	Glu	E	13310	54131	0.006839172865776542	13310	664350146.4031982	0.008250507378337768	240.42572965608227	0.8289396702720642	0.340164122152201	0.12414828708551734	0.043903956829400355	0.01541092407757283	0.005399867845616969	0.0018912703892906078	0.0006623387443807003	0.00023195097085738694	8.122873998863514e-05	2.84460938334664e-05	0.5550728407379009	0.6711161853620627	0.7065324620236122	0.7138703134609765	0.713432801480469	0.713328258446821	0.7133032747125692	0.7132973018089115	0.7132958750422719	0.7132955342465659	0.7132954527299008	SRR1944912
GAT	Asp	D	29274	209577	0.026478973817052158	29274	2718638229.371521	0.02842476759032203	983.8645833169953	0.931545833502879	0.33500247751567663	0.11858655786501947	0.04163310510386766	0.014588441843366006	0.005109553327414729	0.001789411841502458	0.0006266521583371501	0.000219452285794667	7.68516226455554e-05	2.6913229997344857e-05	0.6237797642261355	0.6609326797156064	0.6748804567360948	0.676946679460775	0.6753568365633472	0.674977403279296	0.6748867499754552	0.6748650860407748	0.6748599052951477	0.6748586675152981	0.6748583720410486	SRR1944912
GCA	Ala	A	12566	55218	0.006976509713518115	12566	590008828.4869385	0.007418870131411713	213.52189633809581	0.9403736134939698	0.38955382390777904	0.14249294166567794	0.050419614045294686	0.017700409817209585	0.006202286969446021	0.002172329577657129	0.0007607694394734258	0.00026642150997506237	9.330025980134833e-05	3.267350952368528e-05	0.6296910037201456	0.7685580555647726	0.8109325650759047	0.8198137088863289	0.8194221773904882	0.8193286741069941	0.8193063298997728	0.8193009892278995	0.8192997140097694	0.8192994089241983	0.8192993352413405	SRR1944912
GCC	Ala	A	11885	175715	0.0222006846374522	11885	2183564828.8465576	0.021255605770650516	790.2236043283344	1.0444625703449317	0.356212590030085	0.12432241189146417	0.043504156627224476	0.015232272320394735	0.0053340687148935315	0.001867956862636186	0.0006541517417234772	0.00022908200701659664	8.022387789233087e-05	2.809418057857446e-05	0.6993908323575486	0.7027785090514849	0.707523412690215	0.7073696352474371	0.7051623030358973	0.7046361236264546	0.7045104468853777	0.7044804132381547	0.7044732343535232	0.7044715189297241	0.7044711084828716	SRR1944912
GCG	Ala	A	4812	20518	0.0025923435528625574	4812	201476818.9383545	0.0027790001823956366	72.91367581432215	0.932833171183108	0.4201521970642475	0.15474951271538873	0.05483841717014058	0.019258513539385118	0.006748823792606186	0.0023638000666642164	0.0008278281402530773	0.00028990580580544426	0.00010152443961840387	3.5553598469840874e-05	0.6246417885793905	0.8289261606463131	0.8806851611286752	0.8916626400456201	0.8915529787566779	0.8915267669840902	0.8915205027610106	0.8915190056654873	0.8915186458045545	0.891518561125343	0.8915185425876061	SRR1944912
GCT	Ala	A	20387	482580	0.060971495844644355	20387	6212677854.172607	0.057839682921109546	2248.343910653862	1.0541464400454346	0.3491363512329782	0.12044161724790407	0.04202950896839763	0.014706256393332087	0.005149057764189384	0.0018030994753532779	0.000631433253187246	0.00022112558394104433	7.74375212678999e-05	2.7118402818949817e-05	0.7058753248444742	0.688817664626803	0.6854376678242078	0.6833921338449607	0.6808109393812166	0.6801959811947278	0.6800491181403364	0.6800140254395329	0.6800056335545077	0.6800036306268522	0.6800031501441991	SRR1944912
GGA	Gly	G	7014	25503	0.0032221726108126424	7014	297726694.7112427	0.004094130624227352	107.7461308642523	0.7870224246742821	0.35275775153067646	0.13010989305192364	0.04612174407780651	0.016198550604707058	0.005676612115498434	0.0019882624799980827	0.000696311554621264	0.00024384869559532034	8.539533574731786e-05	2.990522801113117e-05	0.5270043027920299	0.6959623932892011	0.7404601805603833	0.7499311287620078	0.7498951574654323	0.7498864694463584	0.7498843877647388	0.7498838884838588	0.7498837709522839	0.7498837436425863	0.7498837372214111	SRR1944912
GGC	Gly	G	7511	39121	0.004942736725389224	7511	516153893.52948	0.005903249247979896	186.7940831179376	0.8372908745265395	0.32184278803673627	0.11595042003214619	0.04087928010612418	0.014338715245775607	0.0050232951950742325	0.001759304579765785	0.0006161170531480915	0.00021576362366758028	7.555992193793542e-05	2.6460884857195885e-05	0.560664956588253	0.6349696811848439	0.6598780994984907	0.664689622778506	0.6637960018446569	0.6635826126883994	0.6635316267149188	0.66351943825951	0.6635165275548005	0.6635158306516785	0.6635156642013827	SRR1944912
GGG	Gly	G	4232	15447	0.0019516488381454294	4232	176316608.35913086	0.0025090256888330442	63.80829363060355	0.7778512778213712	0.36067347490506546	0.13306540906713352	0.047171186309210626	0.016567309938479973	0.005805856066834994	0.002033532202921875	0.0007121656299958485	0.00024940081047931093	8.733967634290606e-05	3.058613116100295e-05	0.5208631387012839	0.7115794726031222	0.7572801307650773	0.766994867631894	0.7669664896737679	0.7669597322293591	0.7669581186229603	0.7669577336775899	0.7669576406147921	0.7669576200080378	0.7669576146893117	SRR1944912
GGT	Gly	G	23835	498967	0.06304190883815049	23835	6357958112.607544	0.05842993546668674	2300.92027016541	1.0789316868934968	0.3517375926005238	0.12159910923218134	0.04245651590215265	0.014857585767718933	0.0052022024196103625	0.0018217230930411964	0.0006379562399438722	0.00022341000348141536	7.823752594142214e-05	2.7398562938305763e-05	0.7224719697750138	0.6939497025758613	0.6920249972237724	0.6903351885412421	0.6878165763548106	0.6872164464322196	0.6870731203977661	0.6870388732122347	0.6870306829819338	0.6870287274223909	0.6870282601766268	SRR1944912
GTA	Val	V	6793	22663	0.00286335324780798	6793	319298703.85253906	0.0043876283645480785	115.55295692732079	0.6525970319053909	0.2931954617336212	0.10788703717493278	0.038223164225557306	0.01342272244170637	0.004703706296001246	0.001647485017477104	0.0005769664889812834	0.0002020539010749352	7.075887330028001e-05	2.4779575736940596e-05	0.4369906536599441	0.5784508330837305	0.613989091473582	0.6215016640344501	0.6213910617480348	0.6213645808193948	0.621358249280844	0.6213567352296695	0.6213563738931883	0.6213562876941083	0.6213562676553275	SRR1944912
GTC	Val	V	9906	220793	0.027896057611228316	9906	2972701814.970093	0.027711832265498563	1075.809205106098	1.0066478948040947	0.33344907584121014	0.1151345382966964	0.0401856424084694	0.014061744522577099	0.004923451958378825	0.001724101345382901	0.0006037690289090355	0.0002114377074951513	7.404485843924864e-05	2.5930302026442654e-05	0.6740694487553555	0.6578679443769497	0.655234886573045	0.6534112005948912	0.6509739284903961	0.6503932154316797	0.6502545286817794	0.6502213903238949	0.6502134654888545	0.650211573711777	0.6502111197290031	SRR1944912
GTG	Val	V	7327	33161	0.004189721442463947	7327	433474238.005188	0.005493944754388352	156.8726379060069	0.7626071301713324	0.32042860483680025	0.11667166136740485	0.04123046145148574	0.014469972476442125	0.005069954983804372	0.0017757028153450672	0.0006218645393245826	0.0002177767834466265	7.626495913472287e-05	2.67077898248533e-05	0.5106553845737032	0.6321796125893101	0.6639827104301139	0.6703997672665996	0.6698724196712336	0.6697464201714627	0.6697163135817171	0.6697091205280724	0.6697073986724627	0.6697069876733998	0.6697068900237225	SRR1944912
GTT	Val	V	17647	259365	0.032769431016093045	17647	4010025301.257324	0.038387767332652006	1451.2125333513766	0.8536425349285658	0.2884277269478955	0.1001042907071063	0.03498156289424382	0.012244212924354212	0.004287368226022015	0.0015013809326845078	0.000525775826406444	0.0001841249435198592	6.448002362169899e-05	2.2580724920020178e-05	0.5716143210783796	0.5690444795801043	0.5696971954490216	0.5687938188738825	0.5668331817465674	0.5663658810596485	0.5662542711709071	0.5662276010785565	0.566221224337351	0.5662197013508516	0.5662193374981357	SRR1944912
TAC	Tyr	Y	11569	171437	0.021660181385714895	11569	2015856669.159851	0.01987424834179205	729.5306747335181	1.0898616648644437	0.37752198275415877	0.13148929816627627	0.045984863329902266	0.016098539599448253	0.00563722612303985	0.0019741044213639593	0.0006913228751363188	0.0002420991144223242	8.478242289650475e-05	2.9690569753803556e-05	0.7297908786644207	0.7448202101776362	0.748310425734529	0.7477054728195862	0.7452652513480892	0.7446835381504591	0.7445445962444576	0.7445113934480626	0.7445034570474238	0.7445015599545407	0.7445011085997416	SRR1944912
TAT	Tyr	Y	11734	51563	0.006514719300918805	11734	665010389.7498169	0.008345324157578249	240.66466915089651	0.780643049677453	0.3264994645796781	0.11839672651903038	0.04180130168627978	0.014667068962324618	0.0051387412025019315	0.0017997717290680884	0.0006302917445441244	0.0002207278292456244	7.72983957039429e-05	2.706969545593783e-05	0.5227325591071608	0.6441569257954493	0.6738001195731781	0.679681525148515	0.6789967977667519	0.6788331524751985	0.6787940398944762	0.6787846921987433	0.6787824578873699	0.6787819245720255	0.6787817964935253	SRR1944912
TCA	Ser	S	12504	47984	0.006062531096625253	12504	557778710.9607544	0.007194132650845534	201.8579423748326	0.8427049362111383	0.35825922317196274	0.1310179558526436	0.04634939197508356	0.01627059591936941	0.005701197320572882	0.001996818130757869	0.0006993031977059648	0.00024489598233117405	8.576206079388965e-05	3.003365151403189e-05	0.5642903092007225	0.7068163500157886	0.7456279993142804	0.7536326419631841	0.7532304208418774	0.7531342010614106	0.7531111996150219	0.7531057005224822	0.7531043882487306	0.7531040735166261	0.7531040001221457	SRR1944912
TCC	Ser	S	11512	159427	0.020142779783712785	11512	2091551412.8277588	0.02053181356270791	756.9243075580405	0.9810521473026752	0.3388801754802857	0.11789527966929904	0.04121932885976375	0.014429254067083978	0.005052612843809536	0.0017693716066343043	0.0006196257682257829	0.00021699096354624767	7.59896158936688e-05	2.661135278994624e-05	0.6569300780798516	0.6685830628586891	0.670946367132191	0.6702187533599695	0.6679874029964393	0.6674555051205882	0.66732846257329	0.6672981044163171	0.6672908444696739	0.6672891106478996	0.6672886986587966	SRR1944912
TCG	Ser	S	6066	21715	0.0027435783336782547	6066	226048995.27197266	0.0032910831695150303	81.80625069555441	0.8336399271497429	0.3942671134658499	0.14581404051045532	0.051715355371044366	0.018165325281536696	0.006366034371255968	0.002229751794022405	0.0007808850995967444	0.0002734665071006894	9.57674444262211e-05	3.353751468073758e-05	0.5582202168749781	0.7778569930561994	0.8298330605922707	0.8408822260127361	0.8409449582761055	0.8409598792212251	0.8409634420750279	0.8409642940123485	0.8409644967473424	0.8409645458613187	0.8409645576535485	SRR1944912
TCT	Ser	S	18909	252432	0.031893482197884834	18909	3212783903.052124	0.0317998106559584	1162.6939774162804	1.0029456635116436	0.34827249627152507	0.12143481206040772	0.042480863488526054	0.014872878381513964	0.005208122463813086	0.001823843498454348	0.0006387027489163304	0.0002236717605637746	7.83292202458e-05	2.7430676357985454e-05	0.671590368414207	0.6871133489489223	0.6910899759842383	0.6907310758455216	0.6885245321040461	0.6879984905380738	0.6878728432367023	0.6878428165725592	0.6878356386431228	0.6878339244233258	0.6878335150690289	SRR1944912
TGC	Cys	C	2612	14274	0.0018034463336368137	2612	151020577.94506836	0.0021004449874494433	54.653758777814744	0.8586020316707874	0.39695182347773833	0.14428993178026253	0.05095284500030296	0.017878792811889144	0.006264052471621395	0.002193900677160064	0.0007683186457321308	0.0002690648064481712	9.42259003612209e-05	3.299766336233905e-05	0.5749352888689931	0.7831537078613419	0.8211593018251195	0.8284839467529975	0.8276802337529823	0.8274879623263558	0.8274419915173408	0.8274310110646383	0.8274283821667204	0.8274277546029195	0.8274276027092855	SRR1944912
TGG	Trp	W	7727	77626	0.009807645025563352	7727	910196987.4286499	0.009632588599404175	329.3967435968455	1.0181733522980525	0.3749776000719329	0.13157595326791494	0.04609133754862711	0.0161421116344605	0.005653009308917137	0.001979675506634311	0.0006932775271825334	0.00024278393409353166	8.502227080553475e-05	2.977456582742391e-05	0.6817871013920973	0.7398003497967326	0.7488035831009734	0.7494367241551314	0.7472823736730397	0.7467685137121713	0.7466457624180238	0.7466164311532685	0.7466094152368398	0.7466077411218641	0.7466073386400178	SRR1944912
TGT	Cys	C	5344	54928	0.006939869708140879	5344	897567659.4345703	0.009144028859042915	324.82623900001244	0.7589509848580311	0.2707902006215485	0.09455678968243042	0.03308502098517052	0.011583842866161993	0.00405642490242297	0.0014205316676041378	0.0004974648526173267	0.0001742107033560542	6.100809954893832e-05	2.13648679660408e-05	0.5082071642291048	0.5342470726329227	0.5381261633465578	0.5379563940744985	0.5362620324593212	0.5358580235467013	0.5357615156841764	0.5357384572881806	0.5357329423229223	0.5357316261118436	0.535731311918216	SRR1944912
TTA	Leu	L	18980	115831	0.01463464987189896	18980	1347259194.673523	0.015366108574621529	487.56785359186335	0.9523979217529	0.36812084636651715	0.13179676116063202	0.046393781788929965	0.016266880221940942	0.0056982805196485855	0.0019956613889648184	0.0006988867844601191	0.00024474920727628825	8.571058138301006e-05	3.0015616829712965e-05	0.6377426957582429	0.7262725316316915	0.7500602089291508	0.7543544122229386	0.7530584064699617	0.7527488885717256	0.7526749279355983	0.7526572495640877	0.7526530254420903	0.7526520163519921	0.7526517742948874	SRR1944912
TTC	Phe	F	14814	214548	0.027107034047156444	14814	2758684956.3511353	0.026632658083456138	998.3573377877202	1.0178118144352621	0.34595072303906155	0.12029814023766977	0.04205695345133533	0.014722270838775408	0.005155199872849448	0.0018052950752689171	0.0006322058813280107	0.0002213964689304558	7.753241063796938e-05	2.7151635011992257e-05	0.6815450091678616	0.6825326789323781	0.684621134888761	0.6838383761213377	0.6815523115805263	0.6810073602504636	0.6808772010092125	0.6808460975065603	0.6808386593652808	0.6808368845210712	0.6808364586581971	SRR1944912
TTG	Leu	L	24258	414337	0.0523493445103038	24258	5146614678.124573	0.049119796295920996	1862.539800654805	1.065748404063536	0.35979397662988594	0.12466524350842396	0.04354721676518065	0.015240928225357704	0.005336562904927791	0.0018687853805872251	0.0006544381259947383	0.0002291819821236724	8.025886274721842e-05	2.8106429989791126e-05	0.7136442076192037	0.7098442939377868	0.7094744800152382	0.7080697852202491	0.7055630192094373	0.7049656087702101	0.7048229270949663	0.7047888311431983	0.704780677910325	0.7047787321249681	0.704778266624535	SRR1944912
TTT	Phe	F	17007	82672	0.01044518111912727	17007	1123805019.61438	0.013823345483391864	406.70065822183795	0.7556189007702001	0.31178167213921754	0.1125092823844737	0.03967465588085996	0.013916841120988642	0.004875553612648584	0.0017075656551029876	0.000597998207487816	0.00020941845137553046	7.333785997383657e-05	2.5682724893525664e-05	0.5059759410815833	0.6151199166685049	0.6402944587455786	0.6451026530519824	0.6442657752856349	0.6440657932578261	0.6440180000008016	0.6440065774597828	0.6440038468981009	0.6440031941632556	0.6440030391347588	SRR1944912
AAA	Lys	K	35983	168084	0.01748939324965858	35983	6486118085.551514	0.019190529554144384	2188.6733275737497	0.9113554266605204	0.29427405669205364	0.09279382338263895	0.02889800468977265	0.008971892805325777	0.0027834344932051703	0.000863378795689603	0.00026779556634577185	8.306173104220692e-05	2.5763064141637196e-05	7.990865073065253e-06	0.5809617936320615	0.625255738270989	0.6402190493619465	0.6439346023386827	0.6448288568349968	0.6450435336528019	0.6450950608232041	0.6451074303322383	0.6451104001498765	0.6451111091086718	0.6451112807742875	SRR1944913
AAC	Asn	N	23346	323091	0.03361810496195617	23346	12050346613.679688	0.03188905794614666	4066.2645782121594	1.054220699110318	0.3135350662192039	0.09669524094698999	0.029949938069725617	0.009286379026556048	0.0028801003625778233	0.0008932960773347369	0.0002770700696224323	8.593801803683409e-05	2.665516781094302e-05	8.267564570709085e-06	0.672034126667156	0.6661803677375461	0.6671363780500125	0.6673748470884018	0.6674316447780155	0.6674452442430716	0.6674485060536	0.6674492900502934	0.6674494801421651	0.6674495229084374	0.667449533977472	SRR1944913
AAG	Lys	K	32739	608208	0.06328495805423685	32739	21179248907.557373	0.05675093546703164	7146.718047775842	1.1151350640026194	0.33701711816473806	0.1036524013637116	0.03208463231449043	0.009946790697059917	0.003084812320665689	0.0009567816705539468	0.00029676053378275576	9.204530683002732e-05	2.85494460824734e-05	8.855107705547725e-06	0.7108652101835673	0.7160736131373168	0.7151364115208328	0.7149422658210797	0.7148968242860354	0.7148859600739391	0.7148833548402581	0.7148827293332805	0.7148825816170878	0.7148825436853582	0.7148825341295444	SRR1944913
AAT	Asn	N	29899	110554	0.011503310138518567	29899	4262644890.8847656	0.013321104520915015	1438.385341515828	0.8635402657833373	0.2916649959229764	0.09266107434158521	0.028906034981735697	0.00897804838526554	0.002785616811421251	0.0008640760135943682	0.0002680133343369631	8.312938862980333e-05	2.5784057690050622e-05	7.997377202409417e-06	0.5504810604149415	0.6197121635648083	0.6393031644272708	0.6441135414355996	0.6452712713468329	0.6455492722491626	0.6456160046185893	0.6456320235923994	0.6456358721435353	0.6456367908065729	0.645637012101668	SRR1944913
ACA	Thr	T	15877	63054	0.00656086362749561	15877	1894949578.279541	0.006013174318279139	639.4310964390809	1.0910815619549858	0.372398644484022	0.11875180553938298	0.037076121410404075	0.011517925947623145	0.0035738349681874366	0.0011085877035575953	0.00034385528700889685	0.00010665327060234089	3.308041308533055e-05	1.0260470071024562e-05	0.6955318229189177	0.7912501428273555	0.8193128085577154	0.8261676801900021	0.8278176281271671	0.8282138998417765	0.8283090291592565	0.8283318638742879	0.8283373487678415	0.8283386579300911	0.8283389756105382	SRR1944913
ACC	Thr	T	13025	243958	0.025384197177602912	13025	8824188356.463135	0.02346757694382946	2977.6309093570103	1.081670989653553	0.32436381894894534	0.09978967107812063	0.03088864976698143	0.009575963730712803	0.002969803108198799	0.0009211102431828732	0.0002856964700727844	8.861359797870477e-05	2.748504207796642e-05	8.52496429219442e-06	0.6895328648797058	0.6891886473619839	0.6884860007366457	0.6882921716570777	0.6882447081738973	0.6882332944576406	0.688230555716076	0.6882298993168342	0.68822974110321	0.6882297028543073	0.6882296951339978	SRR1944913
ACG	Thr	T	7014	22843	0.0023768485400273136	7014	708178199.3845215	0.0026516006617866147	238.96739401257958	0.8963825414139939	0.35656697037282586	0.1148061556545451	0.035917842749829586	0.01116356170128939	0.0034642880672484913	0.0010746370365378765	0.00033332692309069476	0.0001033878657232485	3.2067602099724994e-05	9.946329916047848e-06	0.5714170276558017	0.7576119580830564	0.7920903046635759	0.8003577422132675	0.8023487224207871	0.8028270907557823	0.802941939168842	0.8029695104733193	0.8029761310112282	0.8029777142686774	0.8029780971741408	SRR1944913
ACT	Thr	T	20413	276346	0.028754217337582103	20413	9743875139.97876	0.026894951329394064	3287.969683066152	1.0691306701178525	0.3305822609709793	0.10220343997139886	0.03167463669740042	0.009822527904308065	0.0030464857313099855	0.0009449100577965441	0.0002930795412838757	9.090367170904838e-05	2.8195354592446067e-05	8.745280555861983e-06	0.6815387867000477	0.7024012173081378	0.7051394887588144	0.7058063283234678	0.705965795311889	0.7060040127203319	0.7060131824523791	0.706015384573141	0.7060159148563669	0.7060160380320847	0.7060160681650052	SRR1944913
AGA	Arg	R	20253	348667	0.03627932626650192	20253	14008087484.238281	0.037112286075924594	4726.883945478623	0.9775556857985358	0.2921789259554403	0.0898414816521876	0.027809215351903362	0.008621318556314381	0.0026737404239521477	0.0008292840063009457	0.0002572151669528522	7.9779640929704e-05	2.474503726873184e-05	7.675104082300128e-06	0.6231624764421227	0.6208041310507635	0.6198497473205049	0.6196730958146843	0.6196323462289388	0.6196226192305456	0.61962028620025	0.6196197258216929	0.6196195942247168	0.6196195588228883	0.6196195504912095	SRR1944913
AGC	Ser	S	8001	37497	0.0039016193015542692	8001	1176904401.213623	0.003949393502869755	397.1341930666356	0.9879034081357627	0.35895091953220365	0.11391208328364201	0.03551616992377195	0.011029622517003835	0.0034220463427110897	0.0010614830256298086	0.00032924310382319885	0.00010212090967758613	3.1674612072863464e-05	9.824435592982577e-06	0.6297588395658607	0.7626772292401639	0.7859217673353958	0.791407261573017	0.7927222307804727	0.7930378353126561	0.7931135909291432	0.7931317742122418	0.7931361419893976	0.7931371832393129	0.7931374350990411	SRR1944913
AGG	Arg	R	7533	24070	0.002504519737269949	7533	828418999.8894043	0.002882746812629556	279.54140599940825	0.8687962905023214	0.3230989230357879	0.10354021085183315	0.032363169980625876	0.010056533298764438	0.003120589641052803	0.0009680080833664167	0.0003002522402278674	9.312903816549362e-05	2.888563750466659e-05	8.959387351994826e-06	0.5538316187797548	0.6865010729393266	0.7143623675139805	0.7211489241424672	0.7227842565078312	0.7231771302895377	0.7232714499524414	0.7232940925347611	0.7232995306344683	0.7233008288726918	0.7233011440876743	SRR1944913
AGT	Ser	S	12176	49397	0.005139832216947389	12176	1613512724.0649414	0.005199269915602972	544.4631467207587	0.988568068282585	0.34318160568957945	0.10930505710169594	0.03411559589125741	0.010597377857516018	0.0032881401087472457	0.001019961739569002	0.0003163654517968596	9.8126748291045e-05	3.0435758259231248e-05	9.440183872690061e-06	0.6301825405059742	0.7291715438272806	0.7541361827450431	0.7601982527727547	0.7616558955379128	0.7620059031637109	0.7620899235764378	0.762110091811802	0.7621149362186508	0.7621160922176066	0.7621163732801935	SRR1944913
ATA	Ile	I	13117	36426	0.0037901801391688884	13117	1199677936.006836	0.004499757549621342	404.8188863637727	0.8423076348830916	0.3356006652899345	0.10806286495511518	0.03380965104378661	0.010508425547027226	0.0032609932625379478	0.0010115746868954974	0.0003137665197582091	9.732082696563502e-05	3.0185801412419923e-05	9.362656404728631e-06	0.5369458940347569	0.7130640196382604	0.7455658377994592	0.753380879884605	0.7552627053906485	0.7557147913559347	0.7558233274061897	0.7558493818533064	0.7558556369938325	0.7558571341298085	0.7558574959628468	SRR1944913
ATC	Ile	I	17069	234543	0.024404552253365415	17069	8567222772.041748	0.02363798396014433	2890.9205360167034	1.0324295123693115	0.3197504107225724	0.09870076155669809	0.030578656629309846	0.009481895819431483	0.0029407812387089167	0.000912120137794573	0.00028290889024877797	8.774904573328316e-05	2.721689075389191e-05	8.44179283011064e-06	0.6581428976646406	0.6793863562631636	0.6809732095482535	0.6813845906674145	0.6814838490093315	0.6815076577327012	0.6815133736272568	0.6815147453594723	0.6815150767445897	0.6815151522429501	0.6815151719956216	SRR1944913
ATG	Met	M	18809	165642	0.017235299473239252	18809	5780831402.719482	0.016238945055716346	1950.6816458549024	1.0613558586536491	0.3316496833343458	0.10308779944231988	0.031988908936638985	0.009922954790109772	0.003077854025327625	0.0009546557868586443	0.000296103563599801	9.184171518740591e-05	2.8486311853845205e-05	8.835526550354013e-06	0.6765825772111266	0.7046692118617729	0.7112410131828336	0.7128092605872235	0.7131836873857412	0.713273418652892	0.7132949476676812	0.7133001178199007	0.7133013590204635	0.7133016528398771	0.7133017260454942	SRR1944913
ATT	Ile	I	28020	256934	0.02673436951290889	28020	10282106275.30542	0.028069916142875993	3469.5902015983906	0.9524207117980273	0.28969027741210024	0.08992664444679548	0.027898875289621136	0.008653802926349268	0.002684163344784412	0.0008325427047648197	0.00025822783357192956	8.00938803656391e-05	2.484251479740526e-05	7.705339235911131e-06	0.6071396831925797	0.6155164009676068	0.6204373170683322	0.621670989335701	0.6219670664099655	0.622038065938934	0.6220551042595448	0.6220591939926212	0.6220601781821588	0.6220604112110192	0.6220604675248542	SRR1944913
CAA	Gln	Q	28505	335383	0.03489710606750342	28505	10062916992.6167	0.02660407836293185	3395.6270497742694	1.3117201652858779	0.38778317377656446	0.12003730357007357	0.03721754078711012	0.01154262608251801	0.003580068968150632	0.0011104150291609822	0.0003444141524873744	0.0001068260234117145	3.313395161241342e-05	1.027707270438409e-05	0.8361823254405162	0.8239382612734423	0.8281819368807473	0.8293189299416647	0.8295928789124274	0.8296585903401043	0.8296743611863411	0.8296781455832859	0.8296790573089914	0.8296792709253696	0.8296793243678827	SRR1944913
CAC	HIS	H	7983	152141	0.015830500097548286	7983	3787384340.4765625	0.010091469762202914	1278.0135942539978	1.5687011377510756	0.47064591123274707	0.1449407409465852	0.04487723533541921	0.013913603137059305	0.004315111070787617	0.0013383745251247894	0.0004151177831076195	0.00012875583934611725	3.993585566559713e-05	1.2386801023653326e-05	1.0	1.0	1.0	1.0	1.0	1.0	1.0	1.0	1.0	1.0	1.0	SRR1944913
CAG	Gln	Q	12044	43186	0.004493568316316577	12044	1086543535.8537598	0.003666281648041686	366.6428555268259	1.2256473309181741	0.4416091136485603	0.14160409827076406	0.044268628295544794	0.013756632711334472	0.004268792454737506	0.0013241843466458311	0.000410729582738347	0.00012739574049480982	3.95140698082835e-05	1.2255982214244455e-05	0.7813134710128974	0.9383043666349259	0.9769792630144564	0.9864384016678925	0.9887182044666246	0.9892659504494152	0.9893974532445354	0.9894290234053045	0.9894366045205044	0.9894384169242433	0.9894388543774082	SRR1944913
CAT	HIS	H	13128	81900	0.008521818300058529	13128	2182583835.164551	0.006321931585463505	736.4902954603067	1.3479769884972164	0.4281992294223974	0.13453477741787526	0.04185727008747643	0.01299233257896806	0.0040305102559610425	0.001250186018275948	0.0003877709375935728	0.00012027421223343319	3.730516614696931e-05	1.1570849409132253e-05	0.8592949645142132	0.9098118547356111	0.928205393040285	0.9327060763576209	0.9337863421131071	0.9340455413179833	0.9341077514602134	0.934122683665043	0.9341262722082528	0.9341271277456554	0.9341273333637179	SRR1944913
CCA	Pro	P	17940	287937	0.0299602783377772	17940	11368182540.528564	0.029539128319182803	3836.075381493584	1.0142573610853947	0.296862007408884	0.0913918896070714	0.02829630521761694	0.008772838732965936	0.0027207695917242985	0.0008438733417595467	0.0002617404843406168	8.118326024158985e-05	2.518039532087888e-05	7.810138059933562e-06	0.6465586953927096	0.6307544596134349	0.6305465875930075	0.63052692542502	0.6305224208673319	0.6305213346982721	0.6305210730762112	0.6305210111241139	0.6305209973689477	0.6305209917555519	0.6305209912567129	SRR1944913
CCC	Pro	P	5815	19968	0.0020777004617285556	5815	698160949.0634766	0.002463309344749591	235.58717670785	0.8434590101958003	0.3177063957398479	0.10190897716195305	0.03185615393667698	0.009899168640101891	0.0030717723501097766	0.0009528659612032449	0.0002955556028572443	9.167229071014401e-05	2.843380175439265e-05	8.819242586811493e-06	0.5376798613182634	0.6750433567088475	0.7031078804786116	0.7098510792516359	0.7114741266218205	0.7118640284615201	0.7119576346646318	0.7119801051274678	0.711985500430109	0.7119867918314579	0.7119871038511582	SRR1944913
CCG	Pro	P	4459	12776	0.0013293620342069324	4459	446333147.1401367	0.0016392817529854128	150.61049482490316	0.8109417626261846	0.31640637077652795	0.10187322054615464	0.03187339480767061	0.009906637519400439	0.0030742470935865036	0.0009536453242968697	0.0002957982129809481	9.174760579776989e-05	2.845716689867168e-05	8.826490051389997e-06	0.5169510897332353	0.6722811422025856	0.7028611823068975	0.710235257797056	0.7120109307282029	0.7124375347829403	0.712539955292374	0.7125645419634125	0.7125704454548035	0.7125718586564854	0.7125721995965943	SRR1944913
CCT	Pro	P	12717	66399	0.006908915913377122	12717	2753523012.8356934	0.00822104185837456	929.1478039042756	0.840394202145947	0.27346944648393057	0.08632421211116481	0.02688879067776641	0.00834850440596322	0.0025900652201668083	0.00080340087021706	0.0002491922864495811	7.72915936997152e-05	2.397335493681708e-05	7.435755521722037e-06	0.5357261379632545	0.5810513593279525	0.595582798510584	0.5991632612124064	0.600024617902657	0.6002314141346206	0.6002810537223512	0.6002929688631958	0.6002958319579003	0.6002965139286849	0.6002966793059018	SRR1944913
CGA	Arg	R	1972	4662	0.00048508811861871625	1972	129887548.12158203	0.0005604872358395987	43.82920699376784	0.8654757639432482	0.3925471758634063	0.1274525746066921	0.039945150961957984	0.012420507559723211	0.003854733424481169	0.0011957837895242565	0.0003709059247894708	0.00011504388865269459	3.568293880369337e-05	1.1067690973457309e-05	0.5517148825327005	0.8340605251094622	0.8793426456517288	0.8900983018094122	0.8926880720523652	0.8933103600917467	0.8934597656158781	0.8934956291509035	0.8935042421139235	0.893506304271641	0.8935068023069799	SRR1944913
CGC	Arg	R	2043	6706	0.0006977693958509462	2043	240686628.9897461	0.0008493355644842083	81.2172085406465	0.8215473659986127	0.3093940265996524	0.09926850138022655	0.03103255662792568	0.009643379910998432	0.002992410112220841	0.0009282485254897295	0.0002879199372923761	8.930394580677099e-05	2.76992175291037e-05	8.591398404215481e-06	0.5237118442945742	0.6573817369182429	0.6848902574384508	0.6914988500513386	0.6930900512256956	0.6934723262348496	0.6935641018743839	0.6935861314756847	0.6935914228069069	0.6935926892625787	0.6935929936881766	SRR1944913
CGG	Arg	R	1182	3803	0.00039570787539832216	1182	97371973.39941406	0.0003877181420708603	32.85716328650483	1.020607065959791	0.42750676141281413	0.13878781243540003	0.04347474487767147	0.013515983237975636	0.004194564862324177	0.0013011922010808745	0.0004036004638934843	0.00012518469102525796	3.882828695367887e-05	1.2043275676231254e-05	0.6506064421059551	0.9083405405415294	0.9575486611217704	0.9687482874721379	0.9714222193081966	0.972064170194943	0.9722182966382686	0.9722552979351662	0.9722641835974565	0.9722663082220527	0.972266822824869	SRR1944913
CGT	Arg	R	6487	70416	0.0073268908109514206	6487	2729429586.6376953	0.0074213099204216105	921.0177269315957	0.987277298686803	0.2996443001142149	0.09287188367588452	0.028805604754172556	0.008934580384294613	0.0027712176187458097	0.000859541598332234	0.0002666018243616447	8.269120573403216e-05	2.5648119523694462e-05	7.955211497786504e-06	0.6293597135412201	0.6366661070726538	0.6407576163151425	0.6418756534103568	0.6421471344469418	0.6422123494123623	0.6422280028470287	0.6422317597811222	0.6422326641958689	0.6422328781048033	0.6422329286306899	SRR1944913
CTA	Leu	L	12701	70699	0.007356337387006568	12701	2284805888.7060547	0.007129762074686865	770.9840680258245	1.0317788041096245	0.35149548149139864	0.11082654534465934	0.03450768276557868	0.010713038034508592	0.0033235706334203093	0.0010309181083992328	0.00031976130169083226	9.917984720273404e-05	3.076238160820374e-05	9.541490793503873e-06	0.6577280906347817	0.7468363648814844	0.764633495184781	0.7689351295297732	0.7699686363752959	0.7702167056417561	0.7702762485733285	0.7702905409088051	0.770293974288203	0.7702947913722578	0.7702949918452581	SRR1944913
CTC	Leu	L	4656	15175	0.0015789815958899655	4656	447654218.15527344	0.0016716759580670513	151.05627654773386	0.9445500416933269	0.37491136656836843	0.1206789770089848	0.03774922631147237	0.011732311513290523	0.0036407488276857464	0.0011293733706959459	0.00035030464687637876	0.00010865382481781847	3.3700932720919976e-05	1.0452936031367134e-05	0.6021223666908628	0.796589022916136	0.8326090802409962	0.8411664851751445	0.8432259708515873	0.8437207682399743	0.8438395602237301	0.8438680806540203	0.8438749292429278	0.8438765655383653	0.8438769631809405	SRR1944913
CTG	Leu	L	10178	37207	0.0038714443649606554	10178	1125007387.432373	0.00417210366280602	379.6220836129436	0.9279358035789669	0.36720074934213404	0.11783340145115984	0.03683622818997744	0.011446875332370137	0.003552047820773584	0.001101848695885626	0.0003417664561012371	0.00010600548646706563	3.2879499309735486e-05	1.019815372202613e-05	0.5915312874122576	0.7802059692398844	0.8129763976754113	0.8208221365388917	0.8227110705695663	0.8231648647053819	0.8232738110305037	0.8232999645130451	0.8233062438597843	0.8233077459276686	0.8233081085707403	SRR1944913
CTT	Leu	L	10847	42054	0.004375782012095987	10847	1396293613.013916	0.004908734388777028	471.164808897445	0.8914277419655169	0.3358568869582197	0.10740619021817252	0.03355302109195854	0.010424880236176288	0.0032347860538450737	0.0010034241550333518	0.00031123685942825404	9.653608737416984e-05	2.9942391691568556e-05	9.287157974161079e-06	0.5682584913806382	0.713608423960427	0.7410351949128973	0.7476623914369549	0.7492581277102336	0.7496414346652364	0.7497334536756765	0.7497555443139513	0.7497608486296663	0.7497621170882417	0.7497624250544352	SRR1944913
GAA	Glu	E	44983	522559	0.054373050660076735	44983	21311070946.40796	0.05699389200514393	7191.200028617567	0.9540153996707111	0.2855818960682627	0.08833753468161419	0.027383472511366164	0.008492278619199727	0.0026339401605214355	0.0008169559094283212	0.00025339263225622303	7.859410735458238e-05	2.4377330231357553e-05	7.561053849663168e-06	0.6081562489579172	0.6067871604796217	0.6094734586334776	0.6101862627387353	0.6103579738148693	0.6103991571277619	0.6104090402887403	0.6104114122967622	0.6104119840600647	0.6104121177590663	0.6104121504192156	SRR1944913
GAC	Asp	D	20723	282752	0.029420771281784483	20723	10400236298.00415	0.028688105556517258	3509.451953490071	1.0255390068829686	0.317445721994765	0.09801486548981957	0.03036666512391496	0.009416184108377221	0.0029204025079160863	0.0009057995264423059	0.0002809484591015249	8.714098480781725e-05	2.7028290175170004e-05	8.383295076180254e-06	0.6537504067557469	0.6744894928828555	0.6762409578542229	0.6766607812836494	0.676761009755764	0.6767850143387013	0.6767907707731134	0.6767921552247471	0.6767924876289898	0.6767925645938673	0.6767925843138884	SRR1944913
GAG	Glu	E	17291	68545	0.007132210444169864	17291	2613832485.494629	0.008246687270730857	882.010683168352	0.8648576343477345	0.294106329621825	0.0936276169823105	0.029222640213823366	0.009077523768087317	0.0028165661340989762	0.0008736825878825143	0.0002709935097199472	8.4053781242533e-05	2.607077709687229e-05	8.086308454393763e-06	0.5513208434256722	0.6248993619247262	0.6459717010610214	0.6511684598083852	0.6524207768948832	0.6527215841943279	0.6527937968641869	0.6528111315570695	0.6528152949753399	0.6528162890805679	0.65281652938095	SRR1944913
GAT	Asp	D	37170	255457	0.02658068543929245	37170	10089641549.1521	0.028392508435147307	3404.6449744109736	0.9361865824573644	0.29121606050040244	0.090941852759954	0.028254724858634065	0.008767222973823242	0.002719569258787904	0.0008435413404897846	0.0002616405084150856	8.115247447930532e-05	2.517086315983832e-05	7.807182728029105e-06	0.5967909118747131	0.6187582926995583	0.6274416162496966	0.6296003897622926	0.6301188044146148	0.6302431650482437	0.6302730100239566	0.6302801736326847	0.6302818954964355	0.6302823049694123	0.6302824040784081	SRR1944913
GCA	Ala	A	15721	67403	0.007013383624894323	15721	2021089699.295166	0.006386719995626782	681.9957729932772	1.0981197907058144	0.37318566794001756	0.11900666003570148	0.03715868983255939	0.011543828881972045	0.003581891382743029	0.0011110881965263053	0.00034463098310949687	0.00010689387530491101	3.315504153705986e-05	1.0283617439610519e-05	0.7000184829852951	0.7929223627217855	0.8210711443758855	0.8280075533804556	0.8296793266457849	0.8300809235228429	0.8301773350196635	0.8302004807636755	0.8302060384039156	0.8302073658990453	0.8302076880038152	SRR1944913
GCC	Ala	A	14190	206238	0.02145937439032321	14190	7737061604.168213	0.021162189348852858	2610.791253486414	1.0140432086950617	0.31031659546276835	0.09602580086525377	0.029767774186995277	0.009231784398674774	0.002863308888619036	0.0008880984832662928	0.00027545873204778965	8.543829213470527e-05	2.6500173421799636e-05	8.219490685694103e-06	0.6464221796567422	0.6593419555052895	0.6625176623089156	0.6633156869960115	0.6635078137370208	0.6635539251823731	0.6635649936504036	0.6635676505729865	0.6635682899401	0.6635684394419598	0.6635684766388433	SRR1944913
GCG	Ala	A	6083	24901	0.0025909865383364765	6083	763635182.6867676	0.0026472139465151426	257.68077828655834	0.9787597794078241	0.3631287946083605	0.11624871410624904	0.03632437677129261	0.011286603519280989	0.0035022239844426564	0.0010863865655730872	0.0003369699814707245	0.00010451772994456862	3.241804218870677e-05	1.0055024498005534e-05	0.6239300500610305	0.7715541258123956	0.802043051160405	0.8094165449319406	0.8111919973639882	0.8116185022795744	0.811720893650298	0.8117454736535941	0.8117513774548699	0.8117527882752591	0.8117531297067638	SRR1944913
GCT	Ala	A	24108	570001	0.05930946218378097	24108	23005226772.573486	0.06244489188940214	7762.875354378595	0.9497888520461464	0.29134714571778186	0.08947877793130174	0.027686044212194217	0.008582306514737814	0.0026615799386803217	0.0008255077359417339	0.0002560435582179722	7.941622088571806e-05	2.4632314418117567e-05	7.64014098852275e-06	0.6054619514127366	0.6190368146504578	0.6173473196489123	0.6169284717577755	0.6168284685279387	0.6168045028316075	0.6167987513545687	0.6167973732688603	0.6167970422858567	0.6167969612164127	0.616796941674727	SRR1944913
GGA	Gly	G	9332	32616	0.0033937439032321	9332	1166007724.5390625	0.003979763070133791	393.457222453052	0.852750237495422	0.31090864818359526	0.09966834500291857	0.03115597827027539	0.009681629295696378	0.0030042713504096594	0.0009319273115118445	0.0002890609633998184	8.965785387245665e-05	2.7808988117008262e-05	8.62544568904704e-06	0.5436027404926496	0.6605999133600091	0.6876489270856508	0.6942490560617409	0.6958391151684544	0.6962210939940658	0.6963127988594613	0.6963348118595999	0.696340098653245	0.6963413617543797	0.6963416682464055	SRR1944913
GGC	Gly	G	9353	47035	0.004894062560967679	9353	1902550395.7526855	0.005783040486344999	641.9959135225511	0.8462784537863105	0.27987890435083623	0.08847005682445307	0.02756439073829419	0.008558791241715012	0.0026553442655065256	0.0008236523944980946	0.00025547395461782244	7.923998512543792e-05	2.4577684246855314e-05	7.62319892990373e-06	0.5394771721779675	0.5946697882018327	0.6103877781131035	0.6142176658671994	0.6151383762641908	0.615359424577189	0.6154124865917465	0.615425223909501	0.6154282829256976	0.6154290132821127	0.6154291907447922	SRR1944913
GGG	Gly	G	5640	19685	0.002048253885673408	5640	695949504.3354492	0.002496040989467497	234.84094760319974	0.8206010615676551	0.31453706230529477	0.10080286753004562	0.031505807041737985	0.00978998051593244	0.0030378670385857753	0.0009423467586416188	0.00029229267486832955	9.066022074664778e-05	2.8119889377410788e-05	8.721877111202308e-06	0.5231086035572632	0.6683093484896924	0.6954764193401933	0.7020442949807145	0.7036265458698134	0.7040066845906906	0.7040979493791207	0.7041198588993055	0.7041251193504159	0.7041263773805843	0.7041266824701042	SRR1944913
GGT	Gly	G	28164	584343	0.060801768875593416	28164	23494907246.605225	0.06168059111325723	7928.11295542295	0.9857520457926525	0.2920193657297904	0.08977738095214137	0.02778804503643793	0.008614647976002737	0.0026716635650896846	0.0008286392475665708	0.00025701514058505887	7.971759590054378e-05	2.4725792747398286e-05	7.669135041019324e-06	0.6283874104954423	0.6204651071224945	0.6194074927851162	0.619201357408626	0.6191529175542861	0.6191413201797464	0.6191385385860575	0.6191378713313941	0.6191377129409217	0.619137673033469	0.6191376632574188	SRR1944913
GTA	Val	V	8966	29004	0.003017909865383365	8966	1132500077.475586	0.00385221088762484	382.15041421578724	0.7834228066480855	0.2851742168812301	0.0912912971068672	0.028528238521111082	0.008864396602804723	0.0027506290317195472	0.0008532435589599905	0.0002646549203507983	8.208782657302459e-05	2.546100710717123e-05	7.89717805638503e-06	0.4994085793621707	0.6059209483713198	0.6298525625759748	0.6356950981469054	0.6371028780599709	0.6374410731488976	0.6375222652122988	0.6375417559073502	0.6375464366502149	0.6375475542672471	0.6375478254074561	SRR1944913
GTC	Val	V	12100	262885	0.027353580022110944	12100	10490399522.144287	0.027911994393103004	3539.8765990485845	0.9799937488117996	0.2944492354870149	0.09047792615997736	0.028000182790343005	0.008680060830553046	0.002691923843431799	0.0008349211951941527	0.0002589634369922078	8.03218822895162e-05	2.4913221825397718e-05	7.72726937132859e-06	0.62471666860441	0.6256279475917976	0.6242408143430221	0.6239284256497849	0.6238542773606529	0.6238365129592028	0.6238322528712993	0.6238312294250025	0.6238309865978003	0.6238309261233457	0.6238309113525691	SRR1944913
GTG	Val	V	9352	40449	0.00420877934577616	9352	1644460921.739502	0.00536529021664637	554.9062952871838	0.7844457943240395	0.275980580227499	0.08784844564925759	0.027412124357712894	0.008514566520695014	0.0026418508826593795	0.0008194838437014133	0.000254182246412002	7.883943180795695e-05	2.4453452468853845e-05	7.584666783421454e-06	0.5000607033718597	0.586386864606201	0.6060990517609692	0.6108247121916168	0.6119598522985183	0.612232417502332	0.6122978496060398	0.6123135571527784	0.6123173302922857	0.612318230354567	0.6123184483982657	SRR1944913
GTT	Val	V	21773	319308	0.033224478116667754	21773	14920224532.42749	0.04021706816921788	5034.675139245306	0.8261287962830108	0.25047295111881995	0.07719354880859816	0.023906734724015295	0.007412405228240475	0.0022988869287822993	0.0007130249963133369	0.00022115602888450798	6.859531648527808e-05	2.1276027490566665e-05	6.599130469746272e-06	0.5266323689083106	0.53218979521731	0.5325869614330603	0.5327140708497919	0.5327451958506211	0.5327526664018626	0.5327544591801423	0.5327548900191856	0.5327549945201505	0.5327550176643634	0.5327550234434898	SRR1944913
TAC	Tyr	Y	14370	203792	0.021204864407881902	14370	6921660498.3342285	0.018953309489848635	2335.6426009220295	1.118794816242472	0.3434141014212687	0.1061181964805868	0.03288390138409595	0.010197237618452313	0.003162681435074361	0.0009809481686472957	0.00030425723908965747	9.437061843190937e-05	2.927068778522111e-05	9.078813855985915e-06	0.7131981926438842	0.7296655367126756	0.7321488477811382	0.7327523885621903	0.7328969726965735	0.7329316402734198	0.7329399583093773	0.7329419539966531	0.7329424351638557	0.732942547427034	0.7329425764286829	SRR1944913
TAT	Tyr	Y	15788	66388	0.006907771346816674	15788	2478324592.179199	0.0077587495566886775	836.2849489366769	0.8903201857909706	0.3022542244621429	0.09577982004212152	0.029861102819099976	0.009273368267399771	0.0028771475640512766	0.0008924608232064161	0.00027681700153837436	8.585997134730976e-05	2.6630993450834595e-05	8.260068958074394e-06	0.5675524574855305	0.642211516659007	0.6608205492575694	0.6653953300802423	0.6664965340789312	0.6667609516540496	0.6668244250414161	0.6668396604599554	0.6668433197542504	0.666844193193936	0.6668444049679417	SRR1944913
TCA	Ser	S	16136	59669	0.00620864928139429	16136	1967108856.0681152	0.006361074583270485	663.7804968893516	0.9760378062101219	0.33918057101165827	0.10823836370187183	0.033797523397528575	0.010499681765545943	0.0032579096077577645	0.001010590556901243	0.00031345921408789523	9.72253574486839e-05	3.0156178391563353e-05	9.353467464756254e-06	0.6221948736579558	0.7206703870501158	0.7467766688301997	0.7531106393903457	0.7546342713757388	0.7550001736486271	0.7550880100672986	0.7551090963661048	0.755114159811625	0.7551153691078037	0.7551156627845443	SRR1944913
TCC	Ser	S	14161	188649	0.019629212460167782	14161	7181461505.24585	0.020182264645133292	2423.309758196105	0.9725971195656246	0.3063441501209907	0.09468420479235995	0.02933962122391367	0.009098062460476014	0.0028217637725668297	0.0008752074013327355	0.000271459956772797	8.419797342323211e-05	2.6115464899954647e-05	8.100166474293254e-06	0.6200015389546801	0.6509015436224522	0.6532614927589875	0.6537751491290612	0.6538969360311168	0.6539261043984637	0.6539330993700224	0.6539347814507404	0.6539351834513218	0.6539352785785406	0.6539353024905711	SRR1944913
TCG	Ser	S	7912	27208	0.0028310333615139496	7912	890687731.0124512	0.003210738139081145	300.553343980381	0.881739101378146	0.33852081966929365	0.1087875887829213	0.034019827142206166	0.010572509174420956	0.0032807874449552296	0.001017708059305923	0.0003156684345750978	9.791070510374632e-05	3.036875983326692e-05	9.419403970094403e-06	0.5620822731359949	0.7192685872540938	0.7505659766360144	0.7580642365318822	0.7598685308380513	0.7603019693202018	0.7604060300019775	0.7604310087897647	0.7604370069814539	0.760438441273419	0.7604387890067417	SRR1944913
TCT	Ser	S	23531	304856	0.03172072575925083	23531	11712802664.413086	0.03263851137829581	3952.3638707474884	0.9718802855802026	0.30317120727281344	0.09378072649826376	0.02906755880244821	0.009014299545173956	0.002795829614213634	0.000867166924972162	0.00026896631897181395	8.342454754098145e-05	2.5875574752748767e-05	8.025760480714966e-06	0.6195445787548236	0.6441598663392767	0.6470280604735188	0.6477127787661807	0.6478767186598916	0.6479160254160791	0.6479254563600632	0.6479277205575275	0.6479282645715376	0.6479283922051873	0.647928425215623	SRR1944913
TGC	Cys	C	3399	16372	0.001703531247967744	3399	524969808.0708008	0.0019416276670807052	177.14562108660314	0.8773727717472495	0.35011510234853294	0.11143829469667911	0.03476006699939792	0.010795902059651535	0.0033496131554767565	0.0010390210211839693	0.00032227645084186116	9.996010491402863e-05	3.100440272065186e-05	9.61655861160079e-06	0.5592988687475999	0.7439034186687996	0.7688541811563341	0.7745590105895773	0.7759242486151069	0.7762518972345634	0.7763305425191738	0.7763494216731998	0.7763539535113366	0.7763550374447267	0.7763552989377488	SRR1944913
TGG	Trp	W	9875	96983	0.010091227157442935	9875	3477190838.5166016	0.010106317106198665	1173.3420117802207	0.9985068795489829	0.32305611448645966	0.1003667170850516	0.031139324787060087	0.009659027498733286	0.0029959616732974054	0.0009292531653832902	0.00028822432710389205	8.93978199001315e-05	2.772829425779606e-05	8.60041407886887e-06	0.6365182350670467	0.6864101159198209	0.6924672554422748	0.6938779662855808	0.6942146763555569	0.694295378299629	0.6943147436975066	0.6943193927906716	0.6943205089115624	0.6943207750443341	0.6943208389676941	SRR1944913
TGT	Cys	C	6840	68434	0.007120660727059895	6840	3114026848.9658203	0.008910768474904445	1050.796087240908	0.7991073662292919	0.2556153297402218	0.07916836402670763	0.02454185447831102	0.007611033797092873	0.002360616274901656	0.0007321804508026254	0.00022709809841066432	7.043840279368578e-05	2.1847696620656653e-05	6.776443891941706e-06	0.5094070164154466	0.5431160106558603	0.5462119450312691	0.5468664523311543	0.5470210499838574	0.5470580562531809	0.5470669360912688	0.5470690672670822	0.5470695787577879	0.5470697010625822	0.5470697300297056	SRR1944913
TTA	Leu	L	25025	149864	0.015593574819535671	25025	4949027682.762695	0.014556808468925014	1669.9981011470907	1.0712220919045463	0.34547626089482764	0.1085554036017002	0.03377714697601059	0.010484520976553642	0.003252548475546793	0.0010088786557004442	0.00031292458485992217	9.705926096898704e-05	3.0104640466499803e-05	9.337480568884919e-06	0.682872005460692	0.73404708858499	0.7489640448416498	0.7526565913331139	0.7535446334981197	0.7537577647921634	0.7538089202694417	0.7538211986904843	0.7538241485737629	0.7538248514963846	0.7538250231883478	SRR1944913
TTC	Phe	F	18399	261942	0.02725545945242895	18399	9937697684.00586	0.026666504695641257	3353.373091823014	1.0220859375276117	0.30809748925944086	0.09504521850275127	0.02944238279324463	0.009129276369748446	0.00283139640733504	0.0008781914994108435	0.00027238525499544277	8.448495107832791e-05	2.620447450095797e-05	8.127774245845071e-06	0.6515491784451031	0.6546269327028709	0.6557522604205407	0.6560649864722689	0.656140345517858	0.6561584072546801	0.6561627428831711	0.6561637830987037	0.6561640350246035	0.6561640927486599	0.6561641080957551	SRR1944913
TTG	Leu	L	29889	505917	0.05264142550562528	29889	19045340901.62256	0.05154390443979453	6426.652906425816	1.0212929361436462	0.31124785966182483	0.09584363171844962	0.029676080534542203	0.009200733935330952	0.002853483909399419	0.000885036641427876	0.00027450797284965295	8.514331739576295e-05	2.6408675929375444e-05	8.19111071845668e-06	0.6510436638095349	0.6613206494168488	0.6612608097109889	0.661272476183943	0.6612761514538615	0.6612770477026414	0.661277261942322	0.6612773145844407	0.6612773279111905	0.6612773280860308	0.6612773308310412	SRR1944913
TTT	Phe	F	22620	107644	0.011200520257527475	22620	4301246152.479492	0.013503996803771765	1451.4109371878023	0.8294226087493658	0.2834535071408829	0.08957001522433439	0.027904376439206856	0.008664155024350516	0.002688017951997654	0.0008337862015416627	0.0002586170938627038	8.021488181348958e-05	2.4880065219405464e-05	7.71698763634038e-06	0.52873207572122	0.602264888264816	0.6179767996173242	0.6217935715211811	0.6227110935249601	0.6229313470503606	0.6229842139769665	0.6229969044608652	0.6229999526301758	0.6230006795832467	0.6230008556369265	SRR1944913
AAA	Lys	K	23964	81184	0.016612151564602187	23964	913801.7105876207	0.02083418568359731	0.24276752080247047	0.7973506532429958	0.6868077729388196	0.5434044412053071	0.4215219163187132	0.32548169725769066	0.2510501927624603	0.19358944908052544	0.1492711241735741	0.11509685558480189	0.08874615890217999	0.06842822923631034	0.550365406441359	0.6295431695650955	0.6393676725680835	0.6340286600622401	0.6327818310009617	0.6324842591070028	0.63241302989593	0.6323959796085278	0.6323918976449657	0.6323909168910183	0.6323906857790142	SRR1944914
AAC	Asn	N	16926	166663	0.03410316092101023	16926	1760252.6935826242	0.03268269563364649	0.4676421344540143	1.043462305046264	0.7652169412398319	0.5852093257863596	0.4503484009748804	0.3470812731402821	0.26758895760819446	0.20632039998993307	0.1590834518787792	0.12266197636216014	0.09457915240731812	0.07292576611135917	0.7202421585625873	0.7014147445240753	0.6885551464453286	0.6773877755276274	0.6747744201111546	0.6741512592988596	0.6740021726736741	0.6739664884777282	0.6739579426945811	0.6739558945369754	0.6739554092925566	SRR1944914
AAG	Lys	K	23708	292878	0.05992971183900225	23708	3038562.8203015924	0.05729573746938845	0.8072477367248795	1.0459715588968737	0.783091722503769	0.5965383152403541	0.4586060966236006	0.3533606951824423	0.2724145886335117	0.2100382502455305	0.16194957062233756	0.12487181145033588	0.09628303915160678	0.07423955387245276	0.7219741525225076	0.7177991637102923	0.7018847938874482	0.689808519277049	0.6869824926723593	0.6863087311979528	0.6861475502033334	0.6861089706928372	0.6860997323011985	0.6860975186233412	0.6860969940226959	SRR1944914
AAT	Asn	N	19788	54916	0.01123710232708038	19788	606363.6322987974	0.014834879607407026	0.1610911798614377	0.7574784982730643	0.6906236102693587	0.5521576424662915	0.429369315654249	0.33173656131486806	0.25591077375920607	0.19734419494501873	0.15216752814550638	0.11733038109717714	0.09046837492896193	0.0697561613040885	0.522843945605443	0.6330408503169213	0.6496666570690975	0.6458322600485362	0.6449421594130051	0.6447297823497	0.6446789370511576	0.6446667669916405	0.6446638526869413	0.6446631525092551	0.6446629874355441	SRR1944914
ACA	Thr	T	11254	33049	0.006762600968892117	11254	300329.0315772891	0.007476683681791833	0.0797876974580628	0.904492052453852	0.8343752480610043	0.6699471505822177	0.5215270052797102	0.4030442541007395	0.3109390322743976	0.2397825435939306	0.18489141978157153	0.14256260682393823	0.10992387389722026	0.08475743986028181	0.6243189668774703	0.764806775589272	0.7882573603213101	0.7844504770512402	0.7835742631093725	0.7833654349813672	0.7833154421928942	0.7833034766859347	0.7833006123801365	0.7832999226332512	0.7832997597090425	SRR1944914
ACC	Thr	T	9949	123506	0.02527222594523253	9949	1259995.0497010946	0.023049056587733277	0.3347398794456406	1.0964538114190072	0.7967892847624414	0.6066651793811848	0.4663820572202731	0.3593512970911897	0.2770327533036637	0.21359894120991493	0.1646950291815218	0.12698870662083694	0.09791528146792826	0.0754981031453008	0.756819154924421	0.7303546517222312	0.7138000250949345	0.7015046652826041	0.6986290585977355	0.6979435219451519	0.6977795238052251	0.6977402688733951	0.6977308698087066	0.6977286159888577	0.6977280832182747	SRR1944914
ACG	Thr	T	4661	11409	0.002334549137767865	4661	102551.45033663511	0.0028981680092622355	0.027244599199659072	0.8055258115840404	0.8295897094893203	0.6747071441988822	0.5267718098664362	0.40738213459939426	0.3143381936470791	0.2424135378370962	0.1869219186407116	0.14412857660642106	0.11113138681328996	0.08568851098375044	0.5560082491791077	0.7604202452685642	0.7938579513532408	0.7923394059436014	0.7920077080241841	0.7919291251292565	0.7919103064732662	0.7919058056509576	0.7919047275609317	0.7919044663069977	0.7919044059617755	SRR1944914
ACT	Thr	T	15331	139860	0.028618638128513767	15331	1438869.1954016387	0.027596754816952358	0.3822609470736018	1.0370291115147234	0.7827786394748202	0.6002690917011451	0.46223983792969797	0.3563016707333122	0.2747078759043179	0.21181123018519069	0.16331750947607232	0.12592672931762638	0.09709646889587849	0.07486675881385141	0.7158016941843345	0.7175121848930053	0.7062744117884666	0.6952741808289759	0.6927001594711014	0.6920863332162382	0.6919394754395006	0.6919043248595697	0.6918959072580712	0.6918938887217182	0.6918934111949907	SRR1944914
AGA	Arg	R	14756	170479	0.034884004072007	14756	1971081.0833746195	0.03778165416346316	0.5236524098907573	0.9233053672314238	0.7017096448485463	0.5351428994865718	0.41149123391052556	0.31707328315462496	0.24444248322031548	0.18847158850881973	0.14532073389940514	0.11205010331639112	0.08639679953072335	0.06661671638116663	0.6373047186191348	0.6432025543946526	0.6296471728813019	0.618941093127845	0.6164347008342547	0.6158371009105854	0.6156941346973025	0.6156599166820897	0.61565172312947	0.6156497582267928	0.6156492930884967	SRR1944914
AGC	Ser	S	5595	20589	0.004212992567052552	5595	180405.69321632385	0.004510239095539919	0.04792795020334833	0.9340951727412172	0.8756921734306558	0.6968727179969091	0.5412658460733112	0.41807188265517475	0.32249056244752217	0.24868283557383708	0.19175282358437407	0.14785290580250204	0.11400294638593653	0.08790262360851446	0.6447523022771756	0.802678781671259	0.8199378841910111	0.8141404891124069	0.8127900696889641	0.8124678265099562	0.8123906869683974	0.8123722212498022	0.8123678027318159	0.8123667399819042	0.8123664903499465	SRR1944914
AGG	Arg	R	4999	12359	0.0025289414316480886	4999	118978.44695550203	0.0031484269023528055	0.03160872020883122	0.8032396844780554	0.780910393406001	0.6311513232082971	0.49206843511365306	0.380415008166419	0.29350636275606345	0.22634389516021092	0.17453001303256588	0.1345734865499478	0.10376383746481027	0.08000771353411273	0.5544302668086856	0.7157997092949798	0.7426103321181581	0.7401406154600517	0.7395798517580224	0.7394463726487072	0.7394144113565508	0.7394067618495105	0.7394049307395529	0.739404489458868	0.7394043860863266	SRR1944914
AGT	Ser	S	8326	25337	0.005184544789519186	8326	250469.05870822072	0.00608617938621217	0.06654151739464571	0.8518554023012244	0.7711206593339079	0.616653962564317	0.4795700103612142	0.3705315863131609	0.285840062179972	0.22042432205339696	0.16996413777959474	0.13105265617802508	0.10104902878412077	0.07791443586671744	0.58798690740384	0.7068262228846944	0.7255527907540092	0.7213412145466104	0.7203651007303845	0.7201322490999208	0.7200765022816948	0.7200631602697738	0.7200599661106475	0.7200591975386026	0.7200590177437016	SRR1944914
ATA	Ile	I	8688	19075	0.0039031926376476484	8688	184768.85536140203	0.005343638402997581	0.04908710108318054	0.7304372682586651	0.7704990981372511	0.6262807475946389	0.48885933153137784	0.3780416077422392	0.29169500082790095	0.22495068105761484	0.1734564038076763	0.133745791741494	0.10312566052342943	0.07951564772654825	0.5041789360678969	0.7062564861676104	0.7368796307141279	0.7353136691839476	0.7349656301942155	0.7348829110775285	0.734863095382972	0.7348583526293768	0.7348572175294095	0.7348569427696262	0.7348568793487273	SRR1944914
ATC	Ile	I	12333	115580	0.023650380343869737	12333	1307575.7002862394	0.025257020133885852	0.34738051739465065	0.9363883870108421	0.713230097843073	0.5461387651816286	0.420399430029458	0.3240214206744957	0.24981451868759208	0.19261642629119752	0.14851713195442942	0.11451479531272037	0.08829723089656591	0.06808205745459556	0.646335176510019	0.6537624559839523	0.6425848681303983	0.6323402817114058	0.629942849583981	0.6293711589211756	0.6292343840901831	0.6292016468085098	0.6291938068010836	0.6291919278125021	0.6291914825718123	SRR1944914
ATG	Met	M	13397	84980	0.017388902246254112	13397	804851.973472327	0.01585026123096558	0.2138231040158654	1.0970735430077703	0.8401965762706127	0.6502004473315522	0.501769575566947	0.38696948510590634	0.298389104836434	0.23007716151045476	0.1774027350870021	0.13678743715748248	0.10547071715178159	0.08132377614798762	0.7572469200818794	0.7701427335625987	0.7650234616982761	0.7547325046230031	0.7523226694155656	0.7517477275018214	0.7516101497874411	0.7515772193831842	0.7515693327892642	0.751567440775513	0.751566994240957	SRR1944914
ATT	Ile	I	19554	123286	0.025227208782439215	19554	1465257.319661975	0.028678819011812115	0.38927141710346186	0.8796460123427235	0.6711563796838766	0.5184361491963992	0.39991026014883685	0.30838267634841643	0.23778556277168128	0.18334685476528498	0.14137077880412618	0.10900474543404771	0.08404871090411159	0.06480621919316065	0.6071691709770057	0.6151967569208924	0.609990071762454	0.6015216684382219	0.5995389486808296	0.5990659630295145	0.598952786397837	0.5989256974168553	0.5989192099740238	0.5989176546868399	0.5989172868521504	SRR1944914
CAA	Gln	Q	20286	169053	0.03459221100771942	20286	1504613.6309902966	0.029145331343305787	0.39972711445925124	1.186886867068152	0.9002260715061299	0.6930456748171072	0.5341612706958812	0.41182691653500697	0.3175337577063352	0.2448347274074259	0.18878089434940196	0.14556049211461927	0.11223520394704001	0.08653956600996553	0.8192399044724967	0.8251670943619146	0.8154349992214659	0.8034542015613291	0.8006489842474374	0.7999798816102919	0.7998197862481051	0.7997814666059773	0.7997722905877038	0.7997700904413518	0.7997695703489061	SRR1944914
CAC	HIS	H	5940	80370	0.01644558806226692	5940	597304.6179645956	0.011351445842859732	0.15868449313132205	1.4487659360689722	1.0909621550072315	0.8323656541963165	0.6401341590736284	0.4932717580107785	0.3802832212224983	0.2932090005762905	0.2260784721051666	0.17431868482906188	0.1344093089677776	0.10363702046586931	1.0	1.0	0.9793583759983292	0.9628524340609794	0.9589891193420967	0.958067981462637	0.9578476168403075	0.9577948690806245	0.9577822376980872	0.9577792119488916	0.957778495453563	SRR1944914
CAG	Gln	Q	8282	22059	0.004513789063898793	8282	175470.4494279027	0.0045336178456375515	0.04661681575788932	0.9956262785232685	0.9427301547735933	0.7633160655030197	0.5954159964730643	0.4603701983284139	0.3552059152330579	0.27392684497895303	0.2112208000654266	0.16286443122386943	0.12557778258898455	0.09682748575839589	0.687223694135689	0.8641272755857827	0.8981148831834872	0.8955899843129488	0.8950238968610587	0.8948893751265795	0.8948571671946524	0.8948494594021396	0.8948476150562257	0.8948471692180262	0.8948470653763099	SRR1944914
CAT	HIS	H	9227	40351	0.008256761526695688	9227	349843.837642014	0.007663182347343403	0.09294217787988052	1.0774585743164602	0.8993395398155625	0.7069303457368992	0.5475140757564343	0.42260952599540647	0.32593753892959126	0.2513310802362578	0.19379300184801926	0.14942566967541987	0.11521557436157902	0.08883761619365986	0.7437078326399614	0.8243544798394965	0.8317716521031951	0.823538711459537	0.8216118814389127	0.8211519798357557	0.8210419044744225	0.8210155575866658	0.8210092475835316	0.8210077327510619	0.8210073774329143	SRR1944914
CCA	Pro	P	13541	155842	0.03188893038198086	13541	1770097.130022645	0.032234248699955524	0.4702574824015516	0.989287223003428	0.7139969921448476	0.544591384235214	0.41884328684467664	0.3227553560008484	0.24882612607225885	0.19185207280352826	0.14792735821386957	0.11405997040087601	0.08794652146710848	0.06781163846479957	0.6828482078255672	0.6544654082341791	0.6407642253839185	0.6299996219731684	0.6274814432158008	0.6268810482220479	0.6267374137886281	0.6267030353424701	0.6266948020486425	0.626692828579358	0.6266923611958347	SRR1944914
CCC	Pro	P	4165	11151	0.002281756283219341	4165	100566.31049469113	0.002688290593613032	0.026717211832912906	0.8487759056407241	0.8321381101111501	0.6734699668876742	0.5252100169717022	0.40606410209611055	0.31330083530090214	0.24160978292966998	0.18630145942270593	0.14365003526074083	0.11076238040369873	0.08540398217782769	0.5858613075510053	0.7627561655478639	0.7924022930662629	0.7899902482414567	0.7894452689445871	0.7893156524296716	0.7892846206277131	0.7892771933379588	0.7892754144649424	0.7892749857234237	0.7892748864095451	SRR1944914
CCG	Pro	P	2947	6603	0.0013511287542011755	2947	59662.29279112816	0.0016883176917097359	0.015850339016086217	0.8002811087248077	0.8239245721700017	0.6709468839170931	0.523986406453604	0.4052551026725345	0.31270193557667897	0.2411525936294571	0.18594978952058316	0.14337903532106594	0.11055345336477833	0.08524289309080013	0.552388131720063	0.7552274553140116	0.7894336428965689	0.7881497647287529	0.7878724611927463	0.7878068121289072	0.7877910863883375	0.7877873229193965	0.7877864236037941	0.7877862051007961	0.787786155233044	SRR1944914
CCT	Pro	P	9223	36248	0.007417191440600365	9223	377520.92052561045	0.008405191995328501	0.10029508247268816	0.8824535411829671	0.7431551954754231	0.587417676873618	0.455583030543291	0.35176816275048056	0.27132286684734175	0.20922161015160692	0.1613245359455041	0.12439073172227055	0.09591225817886055	0.07395369002882246	0.6091070470481822	0.6811924612274906	0.6911534842353947	0.6852613997514083	0.6838863874329076	0.6835582977588117	0.6834797713621535	0.6834609741768749	0.6834564722346748	0.6834553927868958	0.6834551365008755	SRR1944914
CGA	Arg	R	1229	2254	0.00046122129516423593	1229	18488.696103811264	0.0006198025452020163	0.004911847793660019	0.7441423058595332	0.8957541330480648	0.7369905631848553	0.5768116703482119	0.4463390673545029	0.34444519350166464	0.26564045546939713	0.20483351470872974	0.15793984467672129	0.12178072098393738	0.09389975311522449	0.5136387371714863	0.8210680168297197	0.8671403937056009	0.8676064429888901	0.8677454206103455	0.8677793098569758	0.8677874032094451	0.8677893457830408	0.8677898069532639	0.8677899162663328	0.8677899447309853	SRR1944914
CGC	Arg	R	1371	3512	0.0007186376169551004	1371	32886.830219239	0.0008875955008658108	0.008736965740896234	0.8096454029499932	0.8018308057204652	0.648718392856525	0.5058488795619432	0.3910837725878008	0.3017405696276258	0.2326944027357705	0.17942687954063086	0.13834929248423566	0.10667520228967062	0.08225253918431674	0.5588517667297279	0.7349758211504139	0.7632796818384436	0.7608683555617203	0.7603214183098738	0.7601912530855114	0.760160086063059	0.7601526275320051	0.7601508413710049	0.7601504089868	0.760150309928435	SRR1944914
CGG	Arg	R	721	1966	0.0004022897365984418	721	13994.278076648712	0.00042533385120807035	0.0037178264767130944	0.9458211131228407	1.0325862386296043	0.8499091595023398	0.6648310129660921	0.514366376074404	0.3969271790525114	0.30611236633183	0.23604059637756938	0.18200241972331369	0.14033433519013344	0.1082056247429018	0.652846046124743	0.9464913460932655	1.0	1.0	1.0	1.0	1.0	1.0	1.0	1.0	1.0	SRR1944914
CGT	Arg	R	4844	35832	0.007332068078227552	4844	361837.79424774647	0.0072335978142994	0.09612858372269042	1.0136129027983136	0.7894111408505156	0.6101363733744425	0.4706674126579929	0.3629492045995885	0.2798610180620892	0.21578966657500276	0.16638604138784346	0.12829291107305243	0.09892095842656819	0.07627354730804041	0.6996388288563805	0.7235916821012759	0.7178842192166807	0.7079504467731531	0.7056238927777178	0.7050689215340051	0.7049361290457761	0.7049043424788385	0.7048967330658994	0.7048949089511423	0.704894477429131	SRR1944914
CTA	Leu	L	9319	38233	0.00782336902307641	9319	346504.34260109067	0.00797348212136653	0.0920549821979029	0.9811734577183209	0.8546295577698114	0.6752019225170669	0.5235747323013993	0.4042491271399509	0.3117988275725607	0.24043270662510527	0.18539037075623066	0.1429468895886555	0.11022009688420527	0.08498582951498995	0.6772477411917901	0.7833723230886469	0.7944401057078008	0.7875305485006049	0.7859167044026912	0.7855315635397982	0.785439378050062	0.7854173121121976	0.7854120280706612	0.7854107602025721	0.7854104601023983	SRR1944914
CTC	Leu	L	3259	8135	0.0016646119060164414	3259	64161.08350431919	0.001809727791648579	0.01704552201410036	0.9198134181826628	0.9448609465483364	0.7688764397076491	0.6003354049825063	0.4642800427288824	0.35824221017730595	0.27627198468366443	0.21302976888979316	0.1642593826738664	0.12665339258882324	0.09765684527815838	0.6348944265479146	0.8660804063749337	0.9046571990797946	0.90298947142095	0.9026251798809716	0.9025388763562405	0.9025182092257646	0.9025132632228728	0.9025120815623173	0.9025117938331028	0.9025117271878659	SRR1944914
CTG	Leu	L	7002	18765	0.003839759362802523	7002	157169.2142315805	0.004331710458430723	0.041754770256380004	0.8864302911403681	0.8954542417982642	0.7250702499327037	0.5655079938258984	0.4372310706965631	0.33734986040712994	0.26015615823414334	0.20060234225140727	0.154676919688978	0.11926474023853356	0.0919597770320822	0.6118519693702733	0.8207931298884777	0.8531149968512696	0.8506041126194283	0.8500382043505053	0.8499036554070295	0.8498714421492222	0.8498637324679723	0.8498618860349393	0.8498614403734231	0.8498613380827478	SRR1944914
CTT	Leu	L	7417	21511	0.004401655403849991	7417	184331.1218073666	0.004884299097102044	0.048970809453985735	0.9011846564559456	0.8809344771593354	0.7097792916871507	0.5529406934698216	0.42739551131347203	0.3297391388527894	0.2542828879416943	0.19607280534703392	0.15118422573949175	0.11657164826843078	0.089883247855764	0.6220360611881769	0.8074839930203592	0.8351237114596559	0.831701113043628	0.8309165046426916	0.8307295550783299	0.8306847939166501	0.8306740804594342	0.8306715150783555	0.8306708982551737	0.8306707536630186	SRR1944914
GAA	Glu	E	31844	246708	0.050482246356423385	31844	2915102.2838086784	0.055684463385955	0.7744482704795668	0.9065768669893702	0.679835255237267	0.5223211698060207	0.40240332830215486	0.3102130294902304	0.23917993227268508	0.18441886704577365	0.14219678264452346	0.10964153386998933	0.0845396904772075	0.06518478803647264	0.6257579947311864	0.6231520058848977	0.6145611727632908	0.6052715960208648	0.6030974105612174	0.6025788731414706	0.6024548085256415	0.6024251117255532	0.6024180010170752	0.6024162965012662	0.6024158928092017	SRR1944914
GAC	Asp	D	15252	137928	0.028223305589801566	15252	1490504.775808096	0.028084520557625697	0.3959788485562017	1.0049416913452769	0.746909639518953	0.5717661283413349	0.4401169751980094	0.33921700512328246	0.2615297239515497	0.20164923489122344	0.1554818795225705	0.1198849928691581	0.09243794926168411	0.07127478069272633	0.6936535891174032	0.6846338675368643	0.6727379296348915	0.6619982621365113	0.6594851858555663	0.6588859059131114	0.6587425307497473	0.6587082133696293	0.6586999944913445	0.6586980238046775	0.6586975571933187	SRR1944914
GAG	Glu	E	11695	32611	0.006672975890239972	11695	357474.37258675694	0.008555825532889385	0.09496936389788506	0.7799336095141767	0.693369995976444	0.5556737925022178	0.4324019886046452	0.33413620587851484	0.25777242356701496	0.19878173593939702	0.15327634086536343	0.11818540913319187	0.09112766214573782	0.07026451074701341	0.538343420490973	0.6355582480969268	0.6538037463057698	0.6503938296673574	0.6496074032455446	0.6494199368819564	0.6493750589739812	0.6493643179081929	0.6493617464694226	0.6493611276404492	0.6493609820558123	SRR1944914
GAT	Asp	D	26415	129614	0.026522066083148745	26415	1402926.9643666744	0.02894953431123811	0.3727122602858994	0.9161482805909237	0.72817539146398	0.5676592976922801	0.43882146144449874	0.33856123680931965	0.26108732813900476	0.20131979123604418	0.15523001374165177	0.11969118816287089	0.09228858862449717	0.07115962877852275	0.6323645923624948	0.6674616421127397	0.6679058477551533	0.6600496259744724	0.6582102807597714	0.6577713543381827	0.6576663126958118	0.6576411690357984	0.6576351476251224	0.6576337038220832	0.6576333619217957	SRR1944914
GCA	Ala	A	11289	35248	0.007212567973358025	11289	325539.185806334	0.007898298186393461	0.08648521899946761	0.9131800044955563	0.8213843038170875	0.6591978037712237	0.5131531479432881	0.39657276344512177	0.3059464567135144	0.23593249404563754	0.1819227263953864	0.1402735624379422	0.10815889086128959	0.08339653939481179	0.6303157616842822	0.7528989892519625	0.7756097182870859	0.7718550096721497	0.7709927823660012	0.7707873707308899	0.770738199416235	0.7707264309076041	0.770723612637628	0.7707229361563539	0.7707227752065868	SRR1944914
GCC	Ala	A	11474	118218	0.024190177050455033	11474	1077362.116624117	0.020570377742154703	0.2862202237410455	1.1759714553458251	0.8818507015513432	0.6772765256487938	0.521748940905322	0.4022112793102965	0.31011132292391147	0.2391100997779557	0.18436660842026004	0.14215678096486428	0.10961074454671617	0.08451596024304985	0.8117056220528366	0.8083238245285399	0.7968810761439138	0.7847842996637288	0.7819548438992752	0.7812801422773958	0.7811187200413755	0.781080082196319	0.7810708296130122	0.781068613024809	0.7810680862835093	SRR1944914
GCG	Ala	A	4257	12667	0.0025919654595587295	4257	102128.61773115396	0.0027129976817843937	0.02713226626992413	0.9553880111883992	0.9323405578053415	0.7535899556200389	0.5875353466035192	0.45422206250628716	0.3504520722423437	0.2702589122752036	0.20839216738286595	0.16068331469874506	0.12389600543690531	0.09553073944405077	0.6594495269406414	0.8546039415997537	0.8866711779660075	0.8837363708144055	0.8830710630287838	0.8829127626858243	0.8828748590386553	0.8828657891099498	0.8828636176542122	0.8828630945452053	0.8828629719668756	SRR1944914
GCT	Ala	A	18705	295831	0.060533964937768886	18705	2989331.327307731	0.054317869175702464	0.7941685234108244	1.1144392417522706	0.8064006885338528	0.6128226857810971	0.47092070482325593	0.36281303806695064	0.27969499677881093	0.21565039735370994	0.16627657933966236	0.12820812574295076	0.09885551334063995	0.07622307250076515	0.7692334655356052	0.7391646766413337	0.7210449245422093	0.708331434062138	0.7053591660401789	0.7046506551817877	0.7044811679379916	0.7044406000130891	0.704430885797327	0.7044285577489253	0.7044280062323223	SRR1944914
GGA	Gly	G	6268	15786	0.00323018605388759	6268	160896.4220637679	0.004227303085835612	0.04274496867081921	0.7641245466195568	0.7368746090462984	0.5959874971609342	0.4647403856151394	0.3593040788564593	0.2772213786664643	0.21378592459232912	0.16484687279190405	0.1271072027158381	0.09800690999653255	0.07556880152991544	0.5274313314495122	0.6754355370296177	0.7012367033553466	0.6990353586872191	0.6985372597614843	0.6984187359711876	0.698390356306554	0.6983835633435521	0.6983819385976892	0.6983815462106752	0.6983814539167261	SRR1944914
GGC	Gly	G	6917	25023	0.005120293020805091	6917	253170.57210284472	0.005679176600421562	0.06725922201439938	0.9015907377180373	0.7616068252057913	0.603982458006801	0.46884387737532307	0.3620848100843149	0.2792945746451441	0.2153713789824317	0.16606692853841748	0.12804748692972234	0.0987318388703273	0.07612774676027176	0.6223163557837232	0.6981056324549983	0.7106435449648053	0.7052075914503633	0.7039433892388384	0.7036418501545718	0.7035696779037217	0.7035524019468992	0.7035482666899953	0.7035472732781998	0.703547037791727	SRR1944914
GGG	Gly	G	3867	10284	0.0021043477371202315	3867	92487.59262704849	0.0024712401523656904	0.024570958126811784	0.8515351027724939	0.8351804471236675	0.6754392374548323	0.5266975782247272	0.40720630419952863	0.31418067472663014	0.24228802919792622	0.1868243957646635	0.14405324312521292	0.11107327506019098	0.08564369880326202	0.5877658230169448	0.7655448388291081	0.7947193295932149	0.7922277510414363	0.791665869194812	0.791532279237209	0.7915002980810082	0.791492644196764	0.7914908128375854	0.7914903712601923	0.7914902668576864	SRR1944914
GGT	Gly	G	22295	314891	0.0644340882234079	22295	3124749.2860153615	0.05660367333297557	0.8301446894944297	1.1383375747430613	0.8190897028736427	0.623650765082505	0.47946766146417513	0.36943927368798946	0.28481082344393627	0.21959620631391497	0.16931924284062466	0.13055422951060466	0.1006644972549076	0.07761790087779663	0.7857291135873778	0.7507957073618318	0.7337852029359005	0.7211872673103309	0.7182414925865009	0.7175392325710638	0.7173712350969502	0.7173310245741898	0.7173213944577093	0.7173190874387316	0.7173185410852526	SRR1944914
GTA	Val	V	6140	14975	0.0030642364219540517	6140	178453.69361564517	0.004676015687141316	0.04740936712545121	0.6553092690386961	0.6316813740060376	0.510018466532782	0.3975406501534058	0.307320130556709	0.23710760012372029	0.18285020241143848	0.1409926494673132	0.10871407627996259	0.08382475302570436	0.06463356521604038	0.45232238881650405	0.5790130950984734	0.6000858572125766	0.5979574394097665	0.5974732114142985	0.5973579352507684	0.5973303352705012	0.5973237300323629	0.5973221479430518	0.5973217667090062	0.597321676850078	SRR1944914
GTC	Val	V	9325	137701	0.028176856062737555	9325	1474690.128363341	0.026887422285580997	0.3917774088915075	1.0479567644477412	0.7606017886839215	0.5781905427708757	0.4443320028400159	0.3423323559741701	0.2639070558519009	0.20347772010690326	0.15689089968495068	0.12097126967396532	0.09327550043666501	0.07192057383415999	0.723344426009372	0.6971843937875918	0.680296872090933	0.6683382606621538	0.6655418625665591	0.6648752460888735	0.664715779193091	0.6646776109393859	0.6646684690119504	0.6646662793555812	0.6646657602601007	SRR1944914
GTG	Val	V	6640	21242	0.004346611691161801	6640	226485.116030097	0.005524026713409998	0.06016976055114793	0.7868556610361909	0.7137349589375765	0.5715379950012699	0.4446018422312548	0.3435353010225078	0.2650181944882812	0.20436835911128534	0.15758388774966078	0.12150675733310537	0.09368860427049243	0.07223913891874173	0.5431213154909038	0.654225222810635	0.6724695087836577	0.6687441373225026	0.6678805555766242	0.6676745974435292	0.6676252957704664	0.6676134960173985	0.6676106697802375	0.6676099911226817	0.6676098316550828	SRR1944914
GTT	Val	V	16372	158168	0.032364884566786545	16372	1956862.0920911133	0.037071790296862306	0.5198748843923765	0.87303268354768	0.6534378321123279	0.499617789537198	0.3844593617606177	0.2962969743112605	0.2284351053358831	0.1761312836539637	0.1358060934022205	0.1047138649720243	0.08074016725309845	0.06225514164742586	0.602604369561956	0.5989555449867979	0.5878484588044054	0.5782813290333464	0.5760426577113598	0.5755088524831461	0.5753811443966135	0.5753505773429997	0.575343257145778	0.5753415024463314	0.5753410859679894	SRR1944914
TAC	Tyr	Y	10896	111795	0.022875880520357477	10896	1072584.8073122203	0.020747843708804916	0.28495104737125093	1.1025666494031605	0.8402706812141216	0.6438748621654706	0.4957000867165973	0.3820712023218265	0.29457204862790676	0.22712658246058978	0.17512630565052484	0.1350319309665064	0.10411707817332877	0.08028003662872465	0.7610384962493141	0.7702106597900749	0.7575808013911609	0.7456031338024827	0.7427997242700001	0.7421312124079475	0.7419712740856129	0.7419329909266695	0.741923822616131	0.7419216261812525	0.7419211045587625	SRR1944914
TAT	Tyr	Y	11018	34667	0.007093681738890224	11018	361599.83444187045	0.00872425880063824	0.09606536550865796	0.813098499367221	0.733485815407003	0.5849328090338377	0.45459971386112635	0.3511832088300867	0.2709038580372344	0.2089044433714937	0.16108107456869983	0.12420321131948912	0.09576770661500664	0.07384223961809526	0.5612352410586435	0.6723292939544186	0.6882297978484457	0.6837823521994933	0.6827491553983058	0.6825026663175292	0.6824436590877169	0.6824295356000344	0.6824261540495291	0.6824253414907675	0.6824251492798599	SRR1944914
TCA	Ser	S	10999	30248	0.006189450637146321	10999	284321.6036121547	0.007222705442094821	0.07553504225234989	0.8569435216163512	0.8054316682523558	0.6474906403703021	0.5041636785868836	0.38964681938657053	0.3006071259312095	0.23181574899088936	0.17874851971282935	0.13782607906011174	0.10627174646775245	0.08194144667938896	0.5914989442266637	0.7382764512551006	0.7618351127659774	0.7583335746291322	0.7575277808015339	0.7573357073929188	0.7572897226229597	0.7572787158481166	0.7572760805578281	0.7572754474075718	0.7572752976019784	SRR1944914
TCC	Ser	S	10573	97951	0.020043073239854513	10573	1036453.4882732034	0.019912584728044032	0.2753521260245348	1.0065530674994043	0.7625320752146656	0.5839136561686816	0.44947532093140696	0.34643124103687345	0.26709201944062566	0.20593802173150466	0.15878876227191263	0.12243478116694613	0.09440397723182468	0.07279069724004458	0.6947658296208621	0.6989537370428868	0.6870306663250805	0.6760745394925359	0.6735106670089989	0.6728992962341104	0.6727530292202081	0.6727180184628703	0.6727096340426445	0.6727076242882433	0.6727071482004413	SRR1944914
TCG	Ser	S	5353	13637	0.0027904502227838	5353	119902.56170240045	0.003301982783675894	0.03185422756939117	0.8450832138129333	0.8512815092349596	0.6903749886555129	0.5386408533204436	0.41649389797986586	0.32135646063053197	0.24782364233771367	0.19109315609661273	0.14734478532882686	0.11361125361655634	0.08760062433487328	0.583312454257415	0.7803034278758431	0.8122926796785656	0.8101921282482584	0.809722247318163	0.8096106227787898	0.809583896617458	0.8095775007742357	0.8095759691152757	0.8095756000313747	0.8095755146094641	SRR1944914
TCT	Ser	S	17066	153625	0.031435280155104585	17066	1563345.1834354103	0.030296734785614204	0.41533018590766413	1.0375798044755304	0.7904185590536545	0.6066900122589797	0.4672777183603688	0.3602020535613577	0.27771821747389613	0.21413291091126702	0.16510775353591753	0.1273071251885698	0.0981608341836606	0.07568744392225142	0.7161818059381359	0.7245151038703219	0.7138292433678725	0.7028518664850567	0.700283047874136	0.6996704487125974	0.6995238822829654	0.6994888001037414	0.6994803991183548	0.6994783853193616	0.6994779070134841	SRR1944914
TGC	Cys	C	2401	9583	0.0019609066865833506	2401	80285.77192521095	0.0020623776932718616	0.021329329525398344	0.9507990185214173	0.9151758716760647	0.728807908528238	0.5660900837813768	0.4372483530802945	0.3372832236199262	0.2600900040949717	0.200548605856057	0.1546349820905428	0.11923231121673318	0.09193475511025136	0.6562820086047026	0.8388704112930466	0.8575127122467864	0.8514796583507885	0.8500718037157347	0.8497357737634423	0.8496553315099677	0.8496360750388057	0.8496314627334307	0.8496303563571241	0.8496300938947465	SRR1944914
TGG	Trp	W	7096	52347	0.010711424639734807	7096	448996.385949105	0.009290662155276345	0.11928379888459585	1.152923705621088	0.9298137474820372	0.7184168109280303	0.5541405434367466	0.42730803159803604	0.32948454481719847	0.25405202841320657	0.1958884213472157	0.15104087744268638	0.11646090125931732	0.0897978161317435	0.7957970828258072	0.8522878114648018	0.8452865849200824	0.8335058573222861	0.8307464318706267	0.8300881426252985	0.8299306279505569	0.829892926697548	0.8298838975454497	0.8298817328028031	0.8298812223958271	SRR1944914
TGT	Cys	C	4872	35901	0.007346187097467273	4872	446354.2016516924	0.008678829638516704	0.11858185608458335	0.8464490494046393	0.6454418932152073	0.49632295761694856	0.3824218509255381	0.29481774394139976	0.2273114383376778	0.1752679923100138	0.1351410226057807	0.10420116471723452	0.0803448670529889	0.06195034670588479	0.5842552121989856	0.5916262908413435	0.5839717716509468	0.5752166241755068	0.5731668274886494	0.57267793775242	0.5725609664524984	0.5725329654294289	0.5725262602312909	0.5725246565221036	0.5725242736048126	SRR1944914
TTA	Leu	L	17900	76588	0.015671702109156388	17900	688772.4375417829	0.015264729808065775	0.18298453058439512	1.0266609567419642	0.8652655318077207	0.6811649617349758	0.5277700948692935	0.4074092659645683	0.3142216480634087	0.24229828248021845	0.18682836184588636	0.14405557352388257	0.11107493776475837	0.08564495621081133	0.7086451518370649	0.7931214917367919	0.8014561957819453	0.7938409679697221	0.7920604551834776	0.791635505569244	0.7915337932397145	0.7915094467353261	0.7915036170556456	0.7915022194266808	0.791501887395457	SRR1944914
TTC	Phe	F	13668	135184	0.027661818795688582	13668	1343740.103745222	0.025226202690575336	0.35698822820030435	1.0965510400034646	0.8118495099380919	0.6215824291562358	0.4784722564543093	0.3687805540621759	0.2843229196460137	0.21922369449522291	0.16903269676724134	0.1303334124371708	0.100494258129296	0.07748664132467603	0.7568862662375991	0.7441591866518142	0.7313516064707438	0.7196900372015473	0.7169608497286983	0.7163100302798848	0.716154323074885	0.7161170551224055	0.7161081299650198	0.7161059906910187	0.7161054844310124	SRR1944914
TTG	Leu	L	21950	248339	0.05081598723149564	21950	2508130.593378365	0.04700616508266779	0.6663290722138681	1.0810494143082652	0.8027105194253188	0.6124371350299409	0.4710371964582506	0.3629776975397101	0.27983571055997825	0.2157614307500049	0.166362660388476	0.12827458528960525	0.09890677319647757	0.07626259959311142	0.7461863834551112	0.735782186156584	0.7205912869424193	0.7085066539792639	0.7056792870286775	0.7050051629821938	0.7048438889793709	0.7048052874869164	0.7047960432867468	0.704793827273081	0.7047933023288994	SRR1944914
TTT	Phe	F	15589	53230	0.010892107161309795	15589	557268.3796465695	0.013147890253771019	0.14804816119397654	0.8284300333420999	0.7361852480952208	0.583838176665778	0.45312813423845805	0.34993127604690816	0.26991684141836403	0.208139389141349	0.16049043509173708	0.1237476587496889	0.09541642504226087	0.07357137754003357	0.5718177192859264	0.6748036535605958	0.6869418574187877	0.6815688880349638	0.6803152233968924	0.68001602224033	0.6799443996186781	0.679927256390326	0.6799231512296063	0.6799221652561716	0.679921933031118	SRR1944914
AAA	Lys	K	42203	208666	0.022656721130558072	42203	5576726713.4453125	0.021343811995662435	1920.404745373021	1.0615124015879849	0.35948948073792053	0.1163869670260562	0.037031421390383894	0.011734533683745958	0.003714943024049176	0.0011758278312644687	0.00037214599757951394	0.00011778171581090399	3.727702278712696e-05	1.1797888536334154e-05	0.7988024096068369	0.7394569938550903	0.7150412220853283	0.7101081437243664	0.708981952808047	0.7087210084756208	0.7086604806609568	0.7086464445060777	0.7086431846732446	0.7086424335676613	0.708642260185346	SRR1944915
AAC	Asn	N	24399	289253	0.031406767548030415	24399	9757863912.0542	0.03240432888775326	3360.2235010429645	0.9692151828486143	0.2963850059110897	0.09307161330667836	0.029401005751457113	0.009301107875572786	0.0029434283953855512	0.000931550093917892	0.0002948267093328266	9.331022972504396e-05	2.95319495972943e-05	9.346630525702296e-06	0.7293475067543359	0.6096533479779765	0.5717997626431958	0.563788610696377	0.5619582168856008	0.5615347334397804	0.561436563893622	0.5614138017687378	0.5614085165910413	0.5614072977376071	0.5614070145223677	SRR1944915
AAG	Lys	K	35597	616818	0.06697340924879265	35597	16299470930.444824	0.052555275896516894	5612.894970526119	1.2743422635753172	0.38082197481518043	0.11898000078935735	0.037545563939942406	0.011874806310303255	0.0037576919259051087	0.0011892367292817517	0.00037638094430838707	0.00011912139223805905	3.770097224075606e-05	1.1932061725807593e-05	0.9589597533528395	0.7833371705696413	0.7309719235925191	0.7199672524965594	0.7174570028937493	0.7168764619074581	0.7167418985874595	0.7167106987547006	0.7167034558557005	0.7167017835389565	0.7167013965258796	SRR1944915
AAT	Asn	N	31995	118809	0.012900148470764159	31995	3845598938.741699	0.016063731497937453	1324.272611916907	0.8030605138302087	0.29318472870539175	0.0958384743108448	0.030557090998872667	0.009687595202983698	0.003067260127772366	0.0009708527982768418	0.000307273848637507	9.725025011873701e-05	3.077897899632685e-05	9.741308817140737e-06	0.6043138757004006	0.6030704923206406	0.5887983985241058	0.5859575018219702	0.5853091695104076	0.5851588239548507	0.5851239376925027	0.5851158463155127	0.5851139667981582	0.5851135350384576	0.5851134358561237	SRR1944915
ACA	Thr	T	16356	63138	0.0068554534938187126	16356	1887260402.2763672	0.008259832441037724	649.8980528394998	0.8299748866282605	0.31524734670217447	0.10361996998561639	0.03307734262473142	0.010489472646430645	0.0033213596975093748	0.0010512962083632303	0.00033273523914405343	0.00010530870455505667	3.3329425845504285e-05	1.0548505975462201e-05	0.6245673044987626	0.6484525078026676	0.6366052133171634	0.6342854119200039	0.6337573355040184	0.6336348576790359	0.6336064315934354	0.633599839081792	0.6335983073087516	0.6335979559163559	0.6335978758409965	SRR1944915
ACC	Thr	T	12983	207025	0.022478543184101793	12983	6831089239.562012	0.022820085725118313	2352.3577298656724	0.9850332489925495	0.30450092858553046	0.09526709533665788	0.03006709186056463	0.009509815194289948	0.0030093285601607545	0.0009523956777834147	0.0003014233450024988	9.539795238316327e-05	3.01926930494187e-05	9.555750343033665e-06	0.7412508150267532	0.6263475104076626	0.5852880439679551	0.5765613629359588	0.57456798275933	0.5741068862119338	0.5740000031055629	0.573975222403166	0.5739694682037635	0.5739681411974294	0.5739678333118369	SRR1944915
ACG	Thr	T	7327	23472	0.0025485635339559825	7327	646079722.3100586	0.003210817880440079	222.48437629589202	0.7937427873070998	0.3377768224689003	0.1121948322860351	0.03589555844582543	0.01138912273734637	0.0036066587742317182	0.0011416327640608344	0.0003613291081279175	0.00011435866483100595	3.6193683997087794e-05	1.1455022489159116e-05	0.5973021607288351	0.694794833006168	0.6892861979254499	0.6883270319873173	0.6881127701119452	0.6880630004696173	0.6880514321961814	0.6880487481709148	0.6880481226044575	0.6880479821025965	0.6880479504609698	SRR1944915
ACT	Thr	T	21270	245665	0.02667403121034835	21270	8049323236.258789	0.02749202547028461	2771.869473661682	0.9702461260695249	0.3041055805601727	0.09574859622682191	0.030265169889399778	0.009575842341375184	0.0030304700208359406	0.000959104715060219	0.00030354801789855623	9.607049126057635e-05	3.0405553356976934e-05	9.623119509704598e-06	0.7301233054428856	0.6255342936710907	0.5882462186995038	0.5803596730220316	0.5785572384843936	0.5781401640397144	0.5780434773752947	0.5780210589923606	0.5780158525565924	0.5780146512210281	0.5780143742152761	SRR1944915
AGA	Arg	R	22531	353867	0.03842248347266537	22531	10641081203.46582	0.03435513147169718	3664.368703914939	1.1183913967646726	0.3344745291073784	0.1045379237984558	0.03299228221164975	0.010435021380695264	0.003302106135440795	0.001045054350407442	0.00033074885953241476	0.00010467923160954122	3.313014405053038e-05	1.0485430527669214e-05	0.8416046211826833	0.688002133767998	0.6422448036675472	0.6326543081230123	0.6304674762088498	0.6299617451070108	0.6298445219485433	0.6298173428077958	0.6298110326056738	0.6298095756864625	0.6298092379208662	SRR1944915
AGC	Ser	S	8369	35886	0.0038964617833820887	8369	1048929765.8354492	0.004655754798750522	361.2100437012318	0.8369130144971967	0.32552873271162025	0.10622351541744972	0.03384526294496673	0.010728297562236028	0.003396635097573555	0.0010750974508398844	0.0003402664705117757	0.00010769215720146385	3.40837609854885e-05	1.0787246510246472e-05	0.6297883393652188	0.6696009507991155	0.6526004948757592	0.6490109194121931	0.6481867589263955	0.6479955779112246	0.6479512187173252	0.6479409320028536	0.6479385422275529	0.647937993005064	0.6479378682596697	SRR1944915
AGG	Arg	R	8443	28248	0.0030671362775727927	8443	730924745.3603516	0.0033337546010875595	251.70165611959766	0.9200246102614186	0.36196328964674107	0.11952456831317956	0.038197663592872376	0.012116437061856208	0.0038367535123812265	0.0012144489975987162	0.0003843743665121224	0.0001216522713341448	3.850205064689959e-05	1.2185602291450252e-05	0.6923309369490183	0.7445455302298778	0.7343175578820925	0.7324718028670091	0.7320559504711702	0.7319594946582438	0.7319370978411115	0.73193190296207	0.7319306938894252	0.7319304179299009	0.7319303554139344	SRR1944915
AGT	Ser	S	12983	52111	0.005658154154651508	12983	1515149489.0112305	0.0064643364705728405	521.757729607133	0.8752876927753898	0.32536076088436205	0.10662747569345202	0.034012767788993405	0.010784276223092321	0.003414570157642479	0.0010807897854118842	0.0003420692259643943	0.00010826280163955853	3.426437182842667e-05	1.0844408877108383e-05	0.6586658027190627	0.6692554387630422	0.6550822869252242	0.6522229633843295	0.6515689010173461	0.6514171522871526	0.6513819357378079	0.6513737681750045	0.6513718704750094	0.651371435316144	0.651371335928551	SRR1944915
ATA	Ile	I	13991	39009	0.004235553633950619	13991	1167660920.7670898	0.005956404641567143	402.09637094488403	0.7110923264669667	0.3104819577328488	0.10316376112572846	0.033007961854426754	0.010473045992332331	0.0033165674506775334	0.001049809357604694	0.0003322668537981283	0.00010516062504298554	3.32825716216067e-05	1.0533677844436931e-05	0.5351065733994284	0.6386502732711468	0.6338024240613236	0.632954978246075	0.6327648630620281	0.6327206132382626	0.6327103204917937	0.6327079321092396	0.6327073749913159	0.6327072492889702	0.6327072215301246	SRR1944915
ATC	Ile	I	17377	209767	0.022776266480374258	17377	7264641857.505371	0.024775709356930756	2501.65615305359	0.9192982591234194	0.2884644250805667	0.09063807707606314	0.028637595584025788	0.009060008285779955	0.0028671600915821716	0.0009074145498873499	0.0002871882019630676	9.089271695221715e-05	2.8766826774964814e-05	9.10447523036806e-06	0.6917843479139901	0.5933609967289154	0.5568489587448653	0.5491495891157542	0.5473913612610514	0.5469845912609268	0.5468902963373383	0.5468684321446654	0.5468633561768845	0.5468621850044902	0.5468619139077096	SRR1944915
ATG	Met	M	19577	155979	0.016936025539490467	19577	4582231772.708984	0.01650726790184209	1577.9399086373496	1.0259738704307653	0.33479462261513443	0.10647918781324552	0.03373302790280231	0.01067860056943523	0.003379865711550172	0.0010697136868346691	0.0003385569448287959	0.00010715069380501043	3.3912361914641387e-05	1.0732997781972439e-05	0.7720591852414815	0.6886605546556188	0.6541712575394377	0.6468587196191574	0.6451841452772992	0.6447963858651904	0.6447064743030021	0.6446856254701625	0.6446807840686993	0.6446796680210667	0.6446794088075484	SRR1944915
ATT	Ile	I	29179	241645	0.026237544102027666	29179	8553847768.764648	0.029768593145916244	2945.607825237238	0.8813834087966304	0.2789207978217674	0.08843476633625301	0.02799996350274447	0.00886255337434761	0.002804985809660093	0.0008877602508891205	0.00028096948547543	8.892466762730223e-05	2.8143963776406025e-05	8.90734464962745e-06	0.6632529112999532	0.573730097074274	0.543312580537889	0.5369224664016539	0.5354614480261732	0.5351232465512482	0.5350448334176852	0.5350266513462191	0.5350224288173203	0.5350214552981905	0.5350212307331352	SRR1944915
CAA	Gln	Q	31143	347007	0.03767763233757088	31143	8523026029.387207	0.028352926875379013	2934.994033742241	1.3288798191162836	0.4038180273146906	0.12757441147141602	0.040362671258595835	0.012773467331651814	0.004042628620569521	0.00127945492320636	0.0004049370824502671	0.0001281593910931051	4.056144323970873e-05	1.2837379532772102e-05	1.0	0.8306392274112391	0.7837730066882461	0.7739876161124366	0.7717526794838381	0.7712354709923842	0.7711155636522017	0.7710877601625529	0.7710813042986252	0.7710798153207101	0.7710794706141022	SRR1944915
CAC	HIS	H	8073	127813	0.013877792730296353	8073	3264943144.9404297	0.010955142560107276	1124.3176564130197	1.2667833991345574	0.39255447559594836	0.12299680893449125	0.03883359182883155	0.012283636449781898	0.0038871694018323267	0.0012302216374382897	0.00038935280869556964	0.0001232269196602411	3.9000342096446134e-05	1.2343302314197871e-05	0.9532716058378997	0.8074705047076546	0.755649801866775	0.7446662529373524	0.742157872861496	0.7415776233303852	0.7414431209448378	0.741411933314204	0.741404692437186	0.7414030216689141	0.7414026351533967	SRR1944915
CAG	Gln	Q	12642	46145	0.0050103725406611625	12642	1098976791.984375	0.004875112476768575	378.4442657541944	1.0277450139944757	0.3928237028640115	0.12982056724212546	0.04149792565184768	0.013164025058997605	0.004168533445848673	0.0013194713879853277	0.000417614352533779	0.00013217255665642948	4.18316453590683e-05	1.3239393469672703e-05	0.773391994678597	0.808024295560998	0.7975726099283797	0.7957570583746862	0.7953495592304476	0.7952550573403139	0.7952331142073026	0.7952280234709188	0.7952268383132681	0.7952265699080053	0.7952265087891017	SRR1944915
CAT	HIS	H	13804	75882	0.008239182774524876	13804	2121873166.1606445	0.00811726716835409	730.6894360719219	1.0150192920403167	0.3459775321758388	0.11143507019304218	0.03540771023372568	0.011216432283473162	0.003550658338363829	0.0011238102830231989	0.00035568118197284066	0.00011257060776896305	3.562773875327037e-05	1.1275902411861189e-05	0.7638157171468772	0.7116633993267272	0.6846184827220272	0.6789721388909544	0.6776790862078353	0.6773794758162283	0.6773099888973615	0.6772938755815007	0.677290133199227	0.6772892684270152	0.6772890713589963	SRR1944915
CCA	Pro	P	18631	265677	0.028846911810277077	18631	9725958241.444336	0.03136608179320942	3349.23644637956	0.9196849004111911	0.2741091344175398	0.08583179399338305	0.02709797583180072	0.00857138026018268	0.002712414169031665	0.0008584314133458243	0.0002716848903831534	8.598600058354508e-05	2.7213886567774264e-05	8.612981577177048e-06	0.692075300701601	0.5638326776865659	0.5273208198394307	0.5196261065367729	0.5178692293109295	0.5174628232075513	0.5173686162385864	0.5173467747826814	0.5173417017346403	0.5173405321114215	0.5173402607583865	SRR1944915
CCC	Pro	P	5847	19894	0.0021600682917740422	5847	626327419.347168	0.0029484151321673055	215.68246214605088	0.7326201348675858	0.29666832743912364	0.09818817458494264	0.031390388179812885	0.009957951112064661	0.0031533130915288973	0.000998123686636172	0.00031590749947110156	9.998292593818122e-05	3.164386367763236e-05	1.0015039100913716e-05	0.5513065397853543	0.6102361302195719	0.6032341433369164	0.6019366647088115	0.6016436456420767	0.6015756418874635	0.6015598480689323	0.6015561842638645	0.6015553310798564	0.6015551373846455	0.6015550937321638	SRR1944915
CCG	Pro	P	4565	13309	0.0014450763494129248	4565	392540426.1074219	0.0019105123981854953	135.1754417568938	0.7563815606668571	0.31472728463655064	0.10466225996189459	0.03349626812046825	0.010628641787716362	0.003365889807952335	0.0010654251957037423	0.00033720956226379313	0.00010672498439906933	3.3777681349905273e-05	1.069037637777298e-05	0.5691873334112767	0.6473827587494412	0.643008681999687	0.6423186549057495	0.6421657147561088	0.642130122499078	0.6421218406471677	0.6421199177363995	0.6421194691218548	0.6421193679752748	0.6421193466310701	SRR1944915
CCT	Pro	P	13390	67064	0.007281734187168713	13390	2298264071.236328	0.008791525148824026	791.4315072821336	0.8282674580237916	0.2803040992640561	0.09076626768063542	0.02887942718092837	0.009151309661498465	0.0028971394699569765	0.0009169822792109041	0.0002902221473683457	9.185336553789865e-05	2.9070895863347347e-05	9.200713037284832e-06	0.623282441428448	0.5765754986254141	0.5576365174285853	0.5537869100697639	0.5529076458783627	0.5527039293874387	0.552656677673943	0.5526457201936024	0.5526431758069714	0.5526425891959568	0.5526424547899828	SRR1944915
CGA	Arg	R	2291	5844	0.0006345349903049915	2291	125666494.83691406	0.0007407195689432229	43.27458479135505	0.8566467215254974	0.4263555408176719	0.14318213305740227	0.04591620718403229	0.014576297015114995	0.004616529425437988	0.001461333712508345	0.00046251818202881285	0.00014638467257718893	4.6329698487387914e-05	1.4662994304032058e-05	0.6446382202531864	0.8769980859505041	0.879661443357557	0.8804812622931991	0.8806767956021033	0.8807218223464411	0.880732215700802	0.8807346239001331	0.8807351790408017	0.8807353116702311	0.8807353445231627	SRR1944915
CGC	Arg	R	2188	7094	0.000770258593638537	2188	210851465.6455078	0.000982116322931693	72.60892921617263	0.784284484081535	0.31493035587571966	0.1040519174468278	0.033253365873610864	0.010548101385528657	0.003340130086143137	0.001057252672000876	0.0003346215716983115	0.00010590579909813636	3.351840785794601e-05	1.0608317764132137e-05	0.5901846598912841	0.6478004690194221	0.6392589489409478	0.6376608033530362	0.6372995911280281	0.6372157924809644	0.6371963367413296	0.6371918241264394	0.637190774744345	0.6371905355588339	0.6371904814990561	SRR1944915
CGG	Arg	R	1279	4550	0.0004940339161341054	1279	86171988.79101562	0.0004559333841379949	29.67423449198574	1.083566006179049	0.4861533310595327	0.1627695906630784	0.05214898845711296	0.01655124455181022	0.005241756600442254	0.0016592259105062443	0.0005251504476804331	0.0001662073640984964	5.260343019462684e-05	1.6648581659875048e-05	0.8153980447228326	1.0	1.0	1.0	1.0	1.0	1.0	1.0	1.0	1.0	1.0	SRR1944915
CGT	Arg	R	6961	66234	0.007191613714555238	6961	2083250162.9335938	0.006915104446280269	717.3891969730685	1.0399862750335909	0.31468309897351066	0.0995622642412673	0.03151460967321576	0.00997445645101469	0.00315686183376644	0.0009991238790965549	0.0003162150282082469	0.00010007959391870031	3.167440963390012e-05	1.0024703110806977e-05	0.7826037088328955	0.6472918704222056	0.6116760743556466	0.6043187146215349	0.6026408720982724	0.6022526558177255	0.602162654747667	0.6021417854730107	0.6021369417746857	0.6021358211186671	0.6021355641944947	SRR1944915
CTA	Leu	L	13293	69843	0.00758347490209985	13293	2040618767.5307617	0.008252945229796969	702.7086256916953	0.9188810407610583	0.3292727827911488	0.1065111861100032	0.03387715030821538	0.010734099417162506	0.003398156761609306	0.0010755559577177896	0.000340409889976219	0.00010773742377715985	3.409807840677856e-05	1.0791777167435833e-05	0.6914703854650468	0.6773023277934245	0.6543678439941147	0.6496223859850275	0.6485372978183995	0.6482858744953168	0.6482275565414888	0.6482140336731974	0.6482108922280568	0.6482101695767645	0.6482100029845322	SRR1944915
CTC	Leu	L	4687	14872	0.00161478514302119	4687	409703602.6821289	0.0020637528482922987	141.08576288851324	0.7824508367643841	0.3373990260801662	0.11210145927678365	0.03586554855232844	0.011379578128827712	0.003603634456214663	0.001140675327378371	0.0003610260679644492	0.00011426275355918751	3.6163328651861015e-05	1.1445415256372836e-05	0.588804815536081	0.6940177193578655	0.6887125464904915	0.6877515674503268	0.6875360999715953	0.6874860339586579	0.6874743940265139	0.6874716941765655	0.6874710647085053	0.6874709219163222	0.6874708903256049	SRR1944915
CTG	Leu	L	10594	37928	0.004118179861787768	10594	981727765.3139648	0.004755963722303511	338.0683250315916	0.8658980812816551	0.3611293197384369	0.11945006155906342	0.03818235090571798	0.012112179008721613	0.0038354491184986995	0.001214039346826013	0.0003842449477960142	0.00012161132863520428	3.848909387366262e-05	1.2181501657698737e-05	0.6515999933368577	0.7428300839806737	0.7338598141855419	0.7321781694216165	0.7317986856400414	0.731710647948647	0.7316902051364417	0.731685461743787	0.7316843588418622	0.7316841075051047	0.7316840501228717	SRR1944915
CTT	Leu	L	11163	42500	0.004614602513340544	11163	1188394410.0791016	0.005537317837567189	409.23616697737225	0.8333642114659544	0.33604357360003223	0.11070094494676007	0.03535406557117385	0.011212667568292258	0.0035504384925215903	0.001123812043137271	0.0003556869750367906	0.00011257282603252132	3.5628469075230595e-05	1.1276135605081302e-05	0.6271178171854161	0.6912296021250166	0.6801082714270827	0.6779434581027173	0.6774516280750574	0.6773375345627523	0.6773110497017167	0.6773049068278331	0.6773034795606853	0.677303151969543	0.6773030781509788	SRR1944915
GAA	Glu	E	49495	540684	0.05870686459583574	49495	16283483004.393066	0.05339620438901311	5607.389359325118	1.0994576350058949	0.3304730745147207	0.1041260424133893	0.03292389855216466	0.010417872242342441	0.0032970073099246495	0.0010434647202873873	0.00033024752248271154	0.00010452069221494191	3.3079977144157485e-05	1.0469553803715434e-05	0.827356709907028	0.6797712849040463	0.6397143470669708	0.6313429948740251	0.6294313524116851	0.6289890128905407	0.6288864666831396	0.6288626886664586	0.6288571675620928	0.6288558944115479	0.6288555996904069	SRR1944915
GAC	Asp	D	21463	262958	0.02855168582830595	21463	8208507339.140625	0.027598432883954277	2826.686200797548	1.0345401113302304	0.3198535067993887	0.10054608424736618	0.03177066149934226	0.010051379299957832	0.00318090486971739	0.0010067111119355075	0.00031861469949719747	0.0001008389507678478	3.191473163243909e-05	1.010076244764987e-05	0.7785053971383269	0.6579272142438957	0.6177203237887936	0.6092287202362568	0.6072884288848542	0.6068394838190336	0.6067354093020108	0.60671127846221	0.6067056734507232	0.606704382477685	0.6067040817052808	SRR1944915
GAG	Glu	E	18827	75441	0.0081912994872688	18827	2224478100.638672	0.009022591085951364	766.022528976623	0.9078655354361646	0.32091156705839363	0.1051189591710408	0.03353685647949125	0.010633848598092547	0.003366976191658222	0.0010657277946532207	0.00033730230649709126	0.00010675411503827478	3.3786884742622736e-05	1.0693287961402474e-05	0.6831810690299315	0.6601036063231168	0.645814483791568	0.6430969702714708	0.6424803019981671	0.6423373781556636	0.6423042142152047	0.6422965228096843	0.6422947359601411	0.6422943260090648	0.6422942314163914	SRR1944915
GAT	Asp	D	39687	249689	0.0271109526341997	39687	8223257446.046875	0.029484495682235094	2831.765555901901	0.9194986044999408	0.29662895994494326	0.0948176816945441	0.030077982163266098	0.009524466271559853	0.0030147866645806203	0.0009541833699686513	0.00030199355564689847	9.557874427168824e-05	3.024993602642838e-05	9.573869057661102e-06	0.6919351105139178	0.610155152693213	0.5825270021770224	0.5767701935005329	0.575453177659571	0.575148160127515	0.5750774285326352	0.5750610267605997	0.5750572171702764	0.5750563397578253	0.5750561371083762	SRR1944915
GCA	Ala	A	16281	68344	0.007420715156982263	16281	2060238518.875	0.008579743403170803	709.4648942916383	0.8649110827999588	0.3132736960697626	0.1027809835031265	0.03280095384544669	0.010401234999579932	0.0032933774831727376	0.0010424359733654945	0.0003299307442475395	0.00010442108172898664	3.304849856218595e-05	1.0459594571471277e-05	0.6508572636576963	0.6443927790991525	0.6314507708990674	0.6289854284023556	0.628426156535905	0.6282965300019598	0.6282664504964476	0.6282594744131503	0.6282578530461833	0.6282574813070209	0.6282573966453896	SRR1944915
GCC	Ala	A	14010	183374	0.01991054403014845	14010	6073644397.83252	0.020272506287162963	2091.523598455102	0.9821451648904548	0.30046311213403054	0.09468105561081394	0.029936835634611202	0.009472655531364825	0.002997865993684982	0.0009487897456738201	0.0003002837006179347	9.503738192020745e-05	3.0078583899222652e-05	9.519636328681789e-06	0.7390774927589687	0.6180418665016549	0.581687618830455	0.5740635920336421	0.5723228547383644	0.5719201065978623	0.5718267414136127	0.5718050930819442	0.5718000669566434	0.5717989071802968	0.5717986386567201	SRR1944915
GCG	Ala	A	6222	24649	0.0026763608788548487	6222	668783392.8422852	0.0030909804048509385	230.3026250406897	0.8658614835133241	0.3453790531524929	0.11401307563783328	0.03643001248220554	0.011555246948448936	0.0036590130830138645	0.0011581861360043099	0.0003665669197191239	0.00011601630315996939	3.6718307058542035e-05	1.1621061107670793e-05	0.6515724530222224	0.7104323493984225	0.7004568554444075	0.6985756303243615	0.6981497320203109	0.698050932526159	0.6980279952661402	0.6980226739560714	0.6980214371922582	0.698021154184972	0.6980210894288283	SRR1944915
GCT	Ala	A	24862	500809	0.05437728164949564	24862	16458903595.967285	0.05290790111204356	5667.797292832612	1.0277724216339703	0.3068045194858961	0.09571190924928279	0.030192139136556193	0.009548282539813688	0.0030214222437317034	0.0009562173036087493	0.0003026324239540709	9.578058431760139e-05	3.031379071019621e-05	9.594076647423526e-06	0.7734126192972421	0.6310859144320577	0.5880208266137359	0.5789592479130452	0.5768921188932217	0.5764140676575448	0.5763032613907284	0.5762775701530586	0.5762716040718913	0.5762702279687572	0.5762699095591025	SRR1944915
GGA	Gly	G	10266	37180	0.0040369628575529755	10266	985889360.621582	0.0045269639485484	339.5014143306963	0.8917594448366336	0.3524924977981902	0.11658876157181046	0.03727052206733441	0.011823129296059788	0.0037439329238694668	0.0011850726692987014	0.0003750770369307424	0.00011870974286886843	3.757076366976107e-05	1.189085726052591e-05	0.6710610184671637	0.7250644504069543	0.716280977895564	0.7146930970288231	0.7143347594828865	0.7142515780976144	0.7142322584253313	0.7142277771778383	0.7142267342530002	0.7142264968416209	0.7142264430359382	SRR1944915
GGC	Gly	G	9634	47937	0.005204945898400134	9634	1523632169.397461	0.006063845136922925	524.678830192522	0.8583573262297004	0.3008889048592531	0.09777152943700301	0.03113109917097698	0.009866482320756102	0.0031236723359132157	0.000988691839744434	0.0003129186667271474	9.90367100793794e-05	3.1344373690961743e-05	9.920251397393462e-06	0.6459254733814194	0.6189177068960725	0.6006744198268779	0.5969645834372995	0.5961172460397849	0.5959209047687691	0.5958753618081913	0.5958648004763124	0.5958623471141092	0.5958617826820618	0.595861653566705	SRR1944915
GGG	Gly	G	6062	22362	0.002428040974195794	6062	570032304.4370117	0.002669138716354682	196.29664473560916	0.9096720823531563	0.366735019982208	0.12128803838761731	0.038770581732561246	0.012298834623186537	0.0038945598821950654	0.0012327500662004459	0.0003901669372949726	0.0001234856060683152	3.908228903751863e-05	1.2369243383992166e-05	0.6845405199682361	0.7543608087245603	0.7451517073522352	0.7434579822089159	0.7430761224443032	0.7429875476985093	0.7429669814066024	0.7429622101977121	0.742961100057734	0.7429608467151003	0.7429607900956171	SRR1944915
GGT	Gly	G	29512	557194	0.060499501948665206	29512	17149922290.894531	0.05478225565121509	5905.756878996358	1.1043631049778306	0.32690810865071473	0.10214697039805211	0.032234260761237116	0.01019499263804919	0.0032261297696722347	0.0010210077499573278	0.0003231382489910918	0.00010227052910375215	3.2367808333379965e-05	1.0244157216127507e-05	0.831048142270865	0.6724382777306995	0.6275556139321451	0.6181186196496677	0.6159653194740669	0.6154672976230986	0.6153518598596435	0.6153250947768958	0.6153188798731293	0.6153174462886294	0.615317113818595	SRR1944915
GTA	Val	V	9590	30258	0.003285379831733134	9590	1113526417.2768555	0.005085516780173647	383.45458289735177	0.6460267409875606	0.2548282287618397	0.08406913565600847	0.026859495236647855	0.008519380862874456	0.002697680492484522	0.0008538948367508181	0.0002702583837703572	8.553520476525747e-05	2.7071263112462694e-05	8.56784604557095e-06	0.4861438421249966	0.524172544918003	0.5164916574007099	0.5150530438138211	0.5147275080255331	0.5146519951454661	0.5146344637845532	0.5146303977537805	0.5146294523663123	0.5146292363882361	0.5146291870748619	SRR1944915
GTC	Val	V	12361	231763	0.02516456758351399	12361	8034624125.029297	0.02616933655149757	2766.8076794572385	0.9616051035147055	0.2907140526164228	0.09072928636466418	0.028621720164142633	0.009051724420764698	0.0028642996334459787	0.0009064917307182575	0.00028689485281294574	9.079977964388782e-05	2.8737405983341278e-05	9.095163270780893e-06	0.7236208193410455	0.5979884000441477	0.5574093170294163	0.5488451648047014	0.5468908632477856	0.5464388852401719	0.5463341218205054	0.5463098319351111	0.5463041913719228	0.5463028908384124	0.5463025894092383	SRR1944915
GTG	Val	V	9803	41184	0.004471712703750988	9803	1395038076.0952148	0.005986708371026467	480.3960959482243	0.7469401257947493	0.27946750965884376	0.09153871747912122	0.029196114375947043	0.009256841184519889	0.0029309292190939406	0.0009277051030974486	0.00029361793898846807	9.292826137202065e-05	2.9411103274316792e-05	9.308386852987532e-06	0.5620825262373771	0.5748546637534426	0.5623821815009655	0.5598596490506765	0.5592836934735197	0.5591501938198836	0.5591192237435574	0.5591120416737067	0.5591103732139708	0.5591099889398654	0.5591099015612717	SRR1944915
GTT	Val	V	22724	282804	0.030706542333711985	22724	11128430187.978516	0.03712379039048077	3832.1924741302623	0.827139201324273	0.25445626174735214	0.07981073218808467	0.02520672566129939	0.00797386975282272	0.0025233841745671884	0.0007986105790846413	0.00025275247985840764	7.99940715492973e-05	2.531749007383554e-05	8.012787077110735e-06	0.6224334130337893	0.5234074220838616	0.4903295011246128	0.48335981976005654	0.4817685901420999	0.48140048592761575	0.4813151566810925	0.48129537159266345	0.4812907778375686	0.4812897178028817	0.48128947202886674	SRR1944915
TAC	Tyr	Y	14905	189615	0.02058818483687217	14905	5917470547.881836	0.020356530264300177	2037.7434837104836	1.011379865309279	0.31976035579892154	0.10056545053700794	0.031778506168054346	0.010053988167908468	0.0031817399323037583	0.0010069760920372315	0.0003186986138485819	0.00010086551306168566	3.1923138600010835e-05	1.0103423223507792e-05	0.7610769994098151	0.6577356059702999	0.6178393035660534	0.6093791482492286	0.6074460525573503	0.6069987935027945	0.6068951103409387	0.6068710695311409	0.606865487632134	0.6068642003363426	0.6068639016774731	SRR1944915
TAT	Tyr	Y	17032	71455	0.00775850406095879	17032	2243332595.8149414	0.009451664346250412	772.5152735324615	0.8208611496065962	0.30287831380369507	0.09885441838861056	0.031507363168707	0.009988041230393851	0.0031623264567370683	0.0010009388985681975	0.0003167957431856505	0.00010026384655404994	3.17327580284177e-05	1.0043172383481391e-05	0.6177090943803148	0.6230098498833604	0.6073273145549174	0.6041797569020632	0.6034616429675951	0.6032951733146591	0.603256550075693	0.6032475923517224	0.6032455126033551	0.6032450338506448	0.603244924322086	SRR1944915
TCA	Ser	S	16819	60437	0.006562181931735588	16819	1871310682.9140625	0.008261898604409951	644.405598515552	0.7942704511324908	0.3041665882121348	0.1000219542938125	0.03193143664065174	0.010126266205212375	0.0032063681331791698	0.0010148993694148992	0.0003212157106310021	0.00010166284821979475	3.2175539658940185e-05	1.018330993221068e-05	0.5976992348794096	0.6256597842273914	0.6145002508536801	0.6123117165908593	0.6118129771760795	0.6116972567762197	0.6116703958083951	0.611664166049554	0.6116627188645395	0.6116623866522443	0.6116623109555093	SRR1944915
TCC	Ser	S	14310	165480	0.01796763350370808	14310	5690879450.388672	0.019730482762515527	1959.7144460249847	0.9106535161847862	0.28994770855583535	0.09124566916890776	0.028836875419098153	0.009123563425964359	0.0028873100930190674	0.0009137944532365152	0.0002892075816024216	9.153184857347329e-05	2.8969108055097544e-05	9.16849571638e-06	0.6852790621731155	0.5964120577430114	0.5605817941619076	0.55297094483076	0.5512312622416367	0.5508287227177738	0.5507354046548782	0.5507137676066716	0.550708743080905	0.5507075859485792	0.5507073157154946	SRR1944915
TCG	Ser	S	8081	27261	0.0029599689203806253	8081	775906843.4287109	0.0037321797713652486	267.19171669205554	0.7930938758874027	0.3276743130796381	0.10857998049686057	0.03472008699196902	0.011014763333126794	0.003488005313746635	0.0011040672650557363	0.0003494389960932058	0.00011059546936035406	3.5002657035114596e-05	1.1078071420125857e-05	0.5968138461270461	0.674014332814501	0.6670778003098472	0.6657863943137196	0.6654945674113735	0.6654267986141034	0.6654110558813994	0.6654074039861582	0.6654065537963403	0.6654063604903455	0.6654063178742279	SRR1944915
TCT	Ser	S	24152	272521	0.029590025683248904	24152	9033253810.644043	0.031014145298806826	3110.6963592631246	0.9540816101221815	0.30026607819492857	0.09461990201272968	0.029914822011387007	0.00946547051678366	0.0029955757084814756	0.0009480636877925266	0.00030005382063975607	9.496462018976325e-05	3.005555494572161e-05	9.512347804418404e-06	0.7179592890173123	0.6176365747418051	0.5813119123005367	0.57364146259498	0.5718887475291649	0.5714831757408833	0.5713891530920369	0.5713673518990241	0.5713622901418864	0.5713611229252428	0.5713608521586094	SRR1944915
TGC	Cys	C	3521	15410	0.001673200581895948	3521	485765402.55908203	0.0022996398332881646	167.27844704374448	0.7275924506419357	0.3018123772698455	0.09851518509441277	0.031384610621884385	0.009947941820980553	0.003149542488279924	0.0009968860477490883	0.00031551254741620096	9.985768815297018e-05	3.160420928311175e-05	1.0002487537790175e-05	0.5475231395460508	0.6208172565887172	0.6052431826675309	0.6018258752553737	0.6010389001165801	0.6008563022583293	0.6008139346407203	0.6008041101551113	0.6008018278527862	0.6008013007170767	0.6008011818746876	SRR1944915
TGG	Trp	W	10284	94164	0.010224221907439978	10284	2559652612.5341797	0.009419294453418863	881.4434122736922	1.0854551748012247	0.36324010379282634	0.11518798141329768	0.0364644064169713	0.011541229210979154	0.003652746626802029	0.0011560685128538725	0.0003658868496493466	0.00011580034164186823	3.664990389381608e-05	1.1599408158337124e-05	0.8168196696094472	0.7471718912244688	0.7076750696739706	0.6992351624798903	0.6973028025084002	0.696855444698413	0.6967517235197623	0.6967276734990002	0.6967220873152384	0.696720798590805	0.6967205011999912	SRR1944915
TGT	Cys	C	7307	65692	0.007132763960149812	7307	2558004782.2592773	0.008995042240988342	880.875964514084	0.7929661439106361	0.2548442429572284	0.08050503341655103	0.025462105073639087	0.008057246182845597	0.0025499586424980454	0.0008070348647864578	0.00025541970338415165	8.083830105142291e-05	2.558468748846023e-05	8.097353370385632e-06	0.5967177260905093	0.5242054855446852	0.49459504744464705	0.48825693128408393	0.48680606208337196	0.4864702497408792	0.48639239519844796	0.48637434189065143	0.486370152669753	0.4863691853135762	0.48636896138132674	SRR1944915
TTA	Leu	L	26195	147635	0.016030043342518382	26195	4268391760.5322266	0.01637778833051589	1469.8657856542236	0.9787672803568006	0.33399801504641696	0.10771829619961322	0.03424103510958402	0.010847939894986969	0.0034340889311891337	0.0010869210559551847	0.00034400632866771907	0.00010887563013562217	3.445830893864886e-05	1.0905787112653662e-05	0.7365355890555169	0.6870219614015495	0.6617839103778452	0.6566001781174271	0.6554153593120902	0.6551408607754498	0.6550771953793535	0.6550624305609567	0.6550590025066592	0.6550582121956107	0.6550580304950442	SRR1944915
TTC	Phe	F	19151	244050	0.02649867631484141	19151	7639213353.955078	0.025650385184506668	2630.6438040943362	1.0330712823309618	0.3189729916630404	0.10026847210973516	0.03168340235346514	0.010023815404144081	0.003172185102892566	0.001003951668604728	0.0003177413788978931	0.00010056255338558266	3.182725406076473e-05	1.0073076512144612e-05	0.7774000834913446	0.6561160261267037	0.6160147709487324	0.6075554539187542	0.6056230619254412	0.6051759638410003	0.605072318511717	0.6050482872124419	0.6050427063267072	0.6050414192193823	0.6050411210957303	SRR1944915
TTG	Leu	L	31239	483181	0.05246325310584465	31239	14007986902.896973	0.0462345377803138	4823.79824289919	1.1347199653022804	0.34606530478836145	0.10837773413642299	0.034217174449327196	0.010823359655792175	0.003425060769672567	0.0010839720881194955	0.00034306627980487203	0.0001085776179116426	3.436395434032083e-05	1.0875921932073445e-05	0.853892089396676	0.7118439444488419	0.6658352687066547	0.6561426302154876	0.6539302601633312	0.6534185065715546	0.653299879935437	0.6532723742694707	0.653265987945626	0.6532645155112132	0.6532641731448895	SRR1944915
TTT	Phe	F	24125	115349	0.012524465536736905	24125	3561746212.138672	0.014721414027114263	1226.5249274479377	0.8507651176489592	0.31005451391044014	0.10067389633639696	0.0320471176444775	0.01015618303359931	0.00321534429091326	0.0010177041077813957	0.00032210073507584906	0.00010194275658142177	3.2264114183856274e-05	1.0211342025307945e-05	0.6402122339510922	0.6377710366289189	0.6185055570041019	0.6145299955498249	0.6136205045975545	0.6134096899199739	0.6133607854947765	0.6133494439518316	0.6133468100788201	0.6133462031750142	0.6133460635820063	SRR1944915
AAA	Lys	K	37880	174941	0.020679020736823317	37880	3274129159.149658	0.02255682385044411	1170.798267383347	0.9167523262108631	0.34900627638828274	0.11945388462724493	0.03990724389151995	0.013258784443037477	0.004399422914074969	0.0014593386853461712	0.0004840447156452873	0.0001605489871555211	5.3251020728714456e-05	1.7662326049593067e-05	0.6180836517778867	0.7403015294692245	0.7541669578198089	0.7470274636878839	0.7453669608335761	0.7449758875530763	0.7448837172140381	0.7448619931539422	0.744856874645446	0.7448556705173458	0.7448553860484107	SRR1944916
AAC	Asn	N	22681	273018	0.03227227970302004	22681	5942622081.166016	0.03184309776566578	2125.026624835469	1.0134780209046437	0.3171992485770517	0.10404165213888017	0.034417562745653274	0.011408527046121449	0.003783430048236808	0.0012548463004423839	0.0004162045605623986	0.00013804663929338137	4.578734666608826e-05	1.5186764874307742e-05	0.6832970893528831	0.6728334266597271	0.6568624915378424	0.6442656043623041	0.6413513371823933	0.6406667904471809	0.6405055839276144	0.6404676025168115	0.6404586545274834	0.6404565459115973	0.6404560521370037	SRR1944916
AAG	Lys	K	32850	548035	0.06478085257032351	32850	10038432008.018555	0.05355457710782755	3589.650325610883	1.2096230811400641	0.3793559284519798	0.12381803382997714	0.040912905481081785	0.013557957773661915	0.004495968883684397	0.0014911514001258092	0.0004945799861659344	0.00016404204957546365	5.4409500979904513e-05	1.804656350735198e-05	0.8155400645189118	0.804678291039602	0.7817198259242389	0.7658525378679212	0.762185540030487	0.7613244907231306	0.7611217389136449	0.7610739718095996	0.7610627168818689	0.7610600657096425	0.7610594431544604	SRR1944916
AAT	Asn	N	28833	100384	0.011865959481455302	28833	2212146294.4570312	0.016614380940699655	791.0430294147102	0.7141981108900474	0.291702713875069	0.10107727291585934	0.03386338165356629	0.011258226125460936	0.003736196481779842	0.0012393844622281356	0.0004110921606641934	0.00013635220575785345	4.522543403870704e-05	1.50003969951355e-05	0.4815195597008541	0.6187509504608073	0.6381470109368877	0.6338918362120687	0.6329018944054543	0.6326684986755488	0.6326134670121643	0.6326004938491739	0.632597437275797	0.6325967189803454	0.6325965483435573	SRR1944916
ACA	Thr	T	15562	58618	0.006928980842404634	15562	1049646847.0727539	0.0080801203507393	375.34399230491687	0.8575343610780078	0.35618581987569975	0.12415724864726298	0.04165556685364293	0.013853554178921255	0.004597863045893264	0.0015252486267689788	0.0005059128839921928	0.00016780278797406343	5.5657008019041824e-05	1.8460348332352586e-05	0.5781583032473263	0.7555305593870488	0.7838614440691671	0.7797544861716277	0.7788030357872103	0.7785787296109572	0.7785258337846233	0.7785133624076839	0.7785104248965364	0.7785097348313965	0.7785095714502123	SRR1944916
ACC	Thr	T	12628	205295	0.024267036098834138	12628	4157405733.3864746	0.021886341213798854	1486.6497907867013	1.1087753709850008	0.34317999801935356	0.11199527580546403	0.037006181446529667	0.01226331629480572	0.004066650684679208	0.0013487619117003864	0.0004473527249615781	0.00014837773403354233	4.921395757370862e-05	1.632330374592968e-05	0.7475475226033517	0.7279430044814585	0.7070773521343732	0.692722202062393	0.6894048874291948	0.6886259317090951	0.6884425092765749	0.6883992978076685	0.6883891153554181	0.6883867175828667	0.6883861547522528	SRR1944916
ACG	Thr	T	6614	20001	0.0023642319053692566	6614	375883917.3305664	0.0033170117000114073	134.41260798098418	0.7127595918220988	0.33323820456674	0.11780500673941774	0.039651075028067924	0.013196855465256287	0.004380689148975662	0.001453266392722175	0.00048204170159623364	0.00015988549028037646	5.3031019272191394e-05	1.7589361153558845e-05	0.4805496956566092	0.7068547737057784	0.743756838263133	0.7422322145631745	0.741885509411343	0.7418036071075166	0.74178426405269	0.7417796972654218	0.7417786228450872	0.7417783711497317	0.7417783113952223	SRR1944916
ACT	Thr	T	20167	236219	0.02792242870128596	20167	4759384846.40332	0.02671167065320743	1701.9119470005182	1.0453269308310054	0.34064337877962164	0.11224216234054604	0.037169752682278186	0.012323871850010699	0.004087226635543632	0.0013556248781752206	0.0004496320300905438	0.00014913396916155485	4.9464804150577086e-05	1.6406506077178067e-05	0.7047699452045767	0.7225624046759542	0.70863605964456	0.6957841074574552	0.6928091293744982	0.6921101585172141	0.6919455425547458	0.6919067583923876	0.691897620416262	0.6918954671364616	0.6918949623910731	SRR1944916
AGA	Arg	R	20384	308750	0.03649600523887596	20384	6551864214.081055	0.035267029096800885	2342.8859697060047	1.0348477366409794	0.3271432288697684	0.10685633641048867	0.03531349613449946	0.011702790086596724	0.0038808056759635184	0.001287126275022971	0.00042690982046625874	0.000141597256570085	4.6965008520434075e-05	1.5577371545511297e-05	0.697704766936165	0.6939262960943158	0.6746328795077794	0.6610366660001957	0.6578938753846703	0.6571558837006757	0.6569821069572623	0.6569411657465846	0.6569315188827454	0.6569292463060227	0.6569287116301803	SRR1944916
AGC	Ser	S	8025	35154	0.004155402649935046	8025	609441844.4523926	0.004678002054716389	217.93075986687347	0.8882857684394441	0.3721297647113703	0.12860454748111774	0.043054577484895835	0.01431148428069128	0.004749270656045913	0.0015754301003539197	0.0005225541674690921	0.00017332214686311984	5.7487653499669614e-05	1.9067536186600923e-05	0.5988912118158005	0.789350371654517	0.8119392737898998	0.8059426981758978	0.804546418953061	0.8042173237990489	0.8041397388736685	0.8041214502115522	0.804117141481841	0.8041161297566545	0.8041158897975328	SRR1944916
AGG	Arg	R	7592	23386	0.00276435814904082	7592	425143631.5957031	0.0035287054178215357	152.02742563478725	0.7833915903207954	0.34760371850283595	0.12203210829697107	0.04100969931525177	0.013644012585999668	0.004528729316188078	0.0015023470373744915	0.0004983191203363574	0.00016528426049545688	5.482167546492322e-05	1.818328592685367e-05	0.5281705004435318	0.737326466216751	0.770444461959954	0.76766443078233	0.7670232696287669	0.766871975645067	0.766836277953909	0.7668278594997862	0.7668258759021143	0.7668254106402647	0.7668252992638686	SRR1944916
AGT	Ser	S	12309	48008	0.005674818524722128	12309	857283860.7104492	0.006514230502275529	306.55676975070173	0.8711418060413766	0.3585695990361938	0.12461828937599725	0.04178029014364254	0.013892658202582626	0.004610654909516006	0.0015294774903969483	0.000507314424595128	0.00016826756649936315	5.5811159249333363e-05	1.851147677911992e-05	0.5873325796945845	0.7605869594515201	0.7867722048611293	0.7820891932048791	0.7810013404204942	0.7807448386988839	0.7806843537295982	0.7806700935799202	0.7806667354774417	0.7806659454810444	0.7806657596469428	SRR1944916
ATA	Ile	I	13361	35619	0.004210368293452706	13361	673202772.1818848	0.006312549325172636	240.7310771676828	0.6669838248491722	0.3308815670077402	0.11711671179328255	0.03942538047824887	0.013122134186013074	0.004355915048725791	0.0014450500238014834	0.0004793165491060244	0.0001589816145809442	5.273122181601641e-05	1.7489924205008007e-05	0.44968721251407684	0.7018559455832971	0.7394113177534456	0.7380074169906382	0.7376849152272843	0.737608487046899	0.737590419618151	0.7375861538800764	0.737585148688225	0.737584914720488	0.7375848576851988	SRR1944916
ATC	Ile	I	16949	209839	0.024804162731402405	16949	4324790099.703369	0.02412664719704287	1546.5048901260861	1.0280816281195746	0.33425309253124025	0.1098219276277804	0.036344164911322856	0.01204827842489008	0.003995680469068092	0.001325250094985176	0.00043955647196069987	0.0001457920381209527	4.83563460399648e-05	1.6038851793983093e-05	0.6931429884234007	0.7090075232784638	0.6933560119823841	0.6803298520780316	0.6773161379475396	0.6766081965657939	0.6764414778442267	0.6764021984454226	0.676392942658487	0.6763907632280293	0.6763902507085564	SRR1944916
ATG	Met	M	18246	142092	0.016796082190776884	18246	2810239998.251709	0.016637624338770023	1004.9157992713406	1.009524067185338	0.3417341320575428	0.11394643686813911	0.037835380321136994	0.0125523850999021	0.004163622703461506	0.0013810110226196112	0.0004580557943278654	0.0001519282540504353	5.0391636276311206e-05	1.671391991543534e-05	0.6806312939314629	0.7248760774507678	0.7193959235014404	0.7082440540317891	0.7056554221333491	0.7050466798779139	0.7049032787056138	0.7048694901749369	0.7048615284799381	0.7048596536445043	0.7048592148077032	SRR1944916
ATT	Ile	I	27989	235335	0.027817934875759915	27989	5108721575.142578	0.02965392725817658	1826.8315261803189	0.9380860293332506	0.3125419063701965	0.10390001510171477	0.03447713927709747	0.01143653049581615	0.003793360677795844	0.0012581902671970808	0.00041731761002115913	0.00013841612207208536	4.5909920851990286e-05	1.5227422166248582e-05	0.6324670492941289	0.6629544136096563	0.6559682722015104	0.6453808230755045	0.6429256026274248	0.6423483927196142	0.6422124299199058	0.642180395181485	0.6421728465174595	0.6421710684912356	0.6421706509276299	SRR1944916
CAA	Gln	Q	28738	317287	0.03750512717158619	28738	5016181332.420166	0.027992918272994067	1793.7399923476175	1.3398076901388645	0.4316901356273687	0.14285471635054198	0.04735545765332138	0.015704733256818988	0.005208783615537179	0.0017276383139996567	0.0005730227714244167	0.0001900603528988453	6.303929161485682e-05	2.0908898352932463e-05	0.9033118391135115	0.9156880242066826	0.9019071014432924	0.8864512798403703	0.8828704734304784	0.8820289098922957	0.881830696503597	0.8817839960855328	0.8817729900538713	0.8817703995559866	0.8817697912942395	SRR1944916
CAC	HIS	H	8013	131836	0.015583764685578788	8013	1936828880.2368164	0.01050673110928581	692.5920716543243	1.4832172369773426	0.47143800531995456	0.15426783840584965	0.051002221854946225	0.016903546507078798	0.005605568935861567	0.001859178833640435	0.0006166470727274935	0.00020452928077820608	6.783832039142445e-05	2.250063973206542e-05	1.0	1.0	0.9739633561773842	0.9547154030059007	0.9502639658574862	0.949218516790737	0.9489723355337765	0.9489143312968976	0.948900666102374	0.9488974470432623	0.948896688177146	SRR1944916
CAG	Gln	Q	11712	39443	0.004662386832832338	11712	612824168.3781738	0.004967292963007595	219.1402475808714	0.9386172443530202	0.40536666476004374	0.142661707667884	0.04797443319909033	0.015963735796786883	0.0052988925887234506	0.0017578542726230135	0.0005830704902269312	0.00019339499225046292	6.414548295306704e-05	2.1275812564333865e-05	0.6328251998108072	0.8598514760916026	0.9006885494348149	0.8980379414824904	0.8974307777248455	0.8972875048460053	0.8972536931009993	0.8972457160712867	0.8972438384816448	0.8972433966867017	0.8972432926786359	SRR1944916
CAT	HIS	H	13115	73129	0.008644263537210558	13115	1198132671.6364746	0.00788988207730182	428.44114812247864	1.0956137813617008	0.4027830190938034	0.13679039688413544	0.04561339064317655	0.015147882920498765	0.005025723655975943	0.0016670487665922233	0.0005529363930131839	0.00018339887605264862	6.0829870961993644e-05	2.017608153439879e-05	0.7386738463169824	0.8543711252563175	0.8636202815755346	0.85384136311196	0.8515661072870107	0.8510304679345425	0.850904244850971	0.8508744966631712	0.8508674894207555	0.8508658369894353	0.8508654498876193	SRR1944916
CCA	Pro	P	17701	256357	0.030302854785498053	17701	5808805860.655762	0.030087684825243616	2077.175183580206	1.007151429613285	0.3058978213917961	0.1000272900892955	0.03306818333631278	0.01095960026466445	0.0036344237613910005	0.0012054155531150547	0.0003998087025068432	0.00013260840353308552	4.3983586400102855e-05	1.4588492595635695e-05	0.6790316377833938	0.64886118204278	0.631517989565639	0.6190064438837602	0.6161140922321507	0.6154348241275064	0.6152748686840761	0.6152371824419858	0.6152283035687743	0.6152262114694139	0.6152257213277389	SRR1944916
CCC	Pro	P	5617	18808	0.0022232125231830898	5617	356076606.8244629	0.002946547693843682	127.32969716872628	0.754514351771098	0.3330183220643223	0.11712099919667321	0.03937439085367004	0.013101131681809493	0.004348629349975079	0.0014426085301010526	0.0004785048017259748	0.00015871222143700966	5.26418573628486e-05	1.7460282813969792e-05	0.5087011753643906	0.7063883656098326	0.7394383860901697	0.7370529373972325	0.7365042208132999	0.7363747638974625	0.7363442189099856	0.7363370135591556	0.73633531623025	0.7363349176542565	0.736334821325164	SRR1944916
CCG	Pro	P	4265	11868	0.0014028650693926473	4265	225912957.13232422	0.002027181902475708	80.78438141355055	0.6920272264069592	0.32789078820216244	0.11621947133539694	0.03913980092647028	0.013028407730254463	0.0043249066676963035	0.001434771336334437	0.0004759077935281387	0.0001578510352781005	5.235623359272064e-05	1.736554820183762e-05	0.4665717260792126	0.6955119962796174	0.733746628750924	0.7326616264162203	0.7324159100798944	0.7323576856053914	0.7323439151532064	0.7323406623131791	0.7323398974974515	0.7323397175265783	0.7323396744858562	SRR1944916
CCT	Pro	P	12544	62033	0.007332653256625724	12544	1368998066.0876465	0.009094247688086471	489.54103088677374	0.8062957495903209	0.29649361547794345	0.10133843200900214	0.03384619662513167	0.011244387091248115	0.00373096974720962	0.001237601096280175	0.0004104967646310848	0.00013615442060254746	4.5159808762788774e-05	1.4978628539763193e-05	0.5436127153116666	0.6289132656513762	0.6397958276279238	0.633570148043379	0.632123907636275	0.6317834300423428	0.6317031915087401	0.6316842812316144	0.6316798255534024	0.6316787767845327	0.6316785293247436	SRR1944916
CGA	Arg	R	2031	4845	0.000572706543748515	2031	71607592.39624023	0.0007845540825598348	25.606211921946606	0.7299771379429882	0.41610468133345624	0.14921345896593327	0.050373008570754656	0.01677701318638245	0.0055700282260260124	0.0018478931417947597	0.000612943100824347	0.00020330381492919184	6.74320972761863e-05	2.2365922202559722e-05	0.49215793866488033	0.8826286312047651	0.9420527491865477	0.9429371001723084	0.9431506624399062	0.9432002338542861	0.9432118303284035	0.9432145523194825	0.9432151947801709	0.9432153476817905	0.9432153822627551	SRR1944916
CGC	Arg	R	2036	6577	0.0007774387901411731	2036	116039960.12353516	0.0009633494523319029	41.49481515724701	0.8070163825383294	0.35713922715804464	0.1256633095390754	0.042249789372779456	0.014058128299861482	0.004666302885108744	0.0015479946611538533	0.000513460885151826	0.00017030659226828943	5.648749281076893e-05	1.873580559872417e-05	0.5440985733033639	0.7575528980012168	0.7933698946701156	0.7908777935727461	0.7903035463691205	0.7901679836925377	0.7901359903676132	0.790128444664284	0.7901266666079492	0.7901262503071794	0.7901261517300092	SRR1944916
CGG	Arg	R	1160	3707	0.00043818847423647995	1160	51677173.462890625	0.0005102819853294823	18.479278676145668	0.8587182907379093	0.4428222111067424	0.15839183006978905	0.05342138787576574	0.017788264223852376	0.005905456790722679	0.0019591496654058804	0.0006498448304439783	0.0002155434052104881	7.149173032639801e-05	2.371242308294879e-05	0.5789565205484642	0.939301045120893	1.0	1.0	1.0	1.0	1.0	1.0	1.0	1.0	1.0	SRR1944916
CGT	Arg	R	6749	65284	0.007716939938509403	6749	1276095041.459961	0.0072719652793695536	456.31976960427255	1.0611904268028114	0.347721862607971	0.11542817326493873	0.038292463141655915	0.012701391705773859	0.004212843849470267	0.001397321003996041	0.0004634642674254282	0.00015372204322705623	5.098659359230214e-05	1.6911254897419084e-05	0.7154652739644651	0.7375770699097114	0.7287508024503531	0.716800230475237	0.7140321026231721	0.7133815382560306	0.7132283095414028	0.7131922048357087	0.713183699946373	0.71318169751272	0.7131812231192723	SRR1944916
CTA	Leu	L	12622	65120	0.0076975542061719915	12622	1213700353.2641602	0.008531399864044002	434.00800690871034	0.9022615665470923	0.3512379290203761	0.12001993179754361	0.04007897606623883	0.013314486211097817	0.004417799747496114	0.0014654262339106835	0.000486063235933676	0.00016121844409986946	5.3473062823969234e-05	1.773597280151355e-05	0.6083138356629516	0.7450352433550593	0.7577406722598105	0.7502421344695238	0.7484983382045985	0.7480877270046855	0.7479909573968605	0.7479681504915479	0.7479627778100294	0.7479615135881602	0.7479612159192282	SRR1944916
CTC	Leu	L	4620	14517	0.0017159919289158293	4620	232264801.38867188	0.0020972696874263586	83.05574209864709	0.8182027991934552	0.3911679778712959	0.1383705278443724	0.046574449229216115	0.015501200952860646	0.0051456210809200055	0.0017070282451029377	0.0005662133639443305	0.00018780388114763622	6.229102634910991e-05	2.0660725984215624e-05	0.5516405680808265	0.8297336520542481	0.8735963703645885	0.8718315094607324	0.8714285305069286	0.8713332877151254	0.8713107912300767	0.8713054831220088	0.871304232037334	0.871303940535752	0.8713038693659446	SRR1944916
CTG	Leu	L	10009	34558	0.004084952061684455	10009	579660674.5004883	0.005014852531366965	207.2812892792824	0.8145707248884874	0.375906292473018	0.13220035770884148	0.044442114073563244	0.014787189793802386	0.0049082680819623236	0.001628261494188943	0.000540084736627319	0.0001791372741053909	5.941646266284381e-05	1.9707287984785527e-05	0.5491917870024933	0.7973610278150967	0.8346412668544373	0.8319161264944245	0.83128907957046	0.8311411387639118	0.8311062309022793	0.8310979965145363	0.8310960566409121	0.8310956021287477	0.8310954943679589	SRR1944916
CTT	Leu	L	10838	39737	0.004697139304217697	10838	684063396.3718262	0.005696778071677633	244.61473580367488	0.8245255906264304	0.36855723112778177	0.12899905220566912	0.04331793647071786	0.014409363238592064	0.004782561068362862	0.001586536481304565	0.0005262429856925146	0.00017454605019747604	5.789362906435839e-05	1.920219274110931e-05	0.5559034577475219	0.7817724217580848	0.8144299623839868	0.8108725398796455	0.8100488646481018	0.8098545528054903	0.8098087192209888	0.8097979102687973	0.8097953636160835	0.8097947664721917	0.8097946242751247	SRR1944916
GAA	Glu	E	44446	458036	0.05414245912742927	44446	9939184491.004395	0.05450648365649404	3554.1603326038703	0.9933214453649424	0.3155877410556242	0.1041572835015554	0.034507663822374586	0.011442427536975655	0.0037949872023355425	0.0012587040293768044	0.00041748600363996247	0.0001384718180016245	4.592838181845375e-05	1.5233544370735548e-05	0.6697073231088105	0.6694151457760428	0.6575925251678868	0.6459522149185637	0.6432571156455189	0.6426238201077638	0.6424746672511293	0.6424395241472233	0.6424312442609894	0.6424292936926566	0.6424288364561839	SRR1944916
GAC	Asp	D	20618	242989	0.028722681188629084	20618	4955671107.364258	0.02704387245024393	1772.1020962198932	1.062077231782315	0.33746842722963905	0.11095612061355836	0.03672607832018008	0.012175381053084204	0.0040378710527380545	0.0013392464637665663	0.00044419899563223186	0.00014733188813513407	4.886708534916275e-05	1.6208254168819063e-05	0.716063166813466	0.7158277937320872	0.7005166905683833	0.687478925212286	0.6844614460335131	0.683752535296075	0.6835855817524346	0.6835462480000836	0.6835369794369615	0.6835347966269435	0.6835342854722489	SRR1944916
GAG	Glu	E	16806	61896	0.007316459077782887	16806	1313821929.795166	0.00961203907894638	469.8105555047576	0.7611765846654129	0.30171104097337864	0.10482663593834468	0.035147572526258324	0.011687436087557025	0.003878814122969855	0.001286708063096635	0.00042679004562141753	0.00014155901000707406	4.6952438599420224e-05	1.5573211355207185e-05	0.5131929198831449	0.6399803103880308	0.6618184529603389	0.6579307263224958	0.6570307220805323	0.6568186442517661	0.6567686409144579	0.6567568527548826	0.6567540763719267	0.6567534228792227	0.6567532681384056	SRR1944916
GAT	Asp	D	36851	224773	0.02656944643095665	36851	4818674465.4938965	0.029714717683899085	1723.1133657384075	0.8941510639138025	0.31173214902156654	0.1048413387164103	0.034883180455868294	0.011578504697710096	0.003841020375204996	0.0012740425568531879	0.0004225789813702464	0.00014016148757774419	4.648884577571004e-05	1.5419441900487386e-05	0.6028456530993386	0.6612367808785395	0.6619112783166666	0.6529815462112474	0.6509069435894942	0.650418843338104	0.6503038432182476	0.6502767454217303	0.6502703594242191	0.6502688571596124	0.6502685046799477	SRR1944916
GCA	Ala	A	15428	62149	0.007346365116083893	15428	1149416647.4645996	0.008551782536198017	411.02074901120784	0.8590448932708673	0.3452426160528163	0.12022313547697434	0.04033211833790303	0.013413192046619447	0.004451694819569134	0.0014767590013662862	0.0004898291619468708	0.00016246808038623356	5.388758588113229e-05	1.787346535121897e-05	0.5791767192656957	0.7323181673028414	0.7590235899414939	0.7549807285369954	0.7540472683463757	0.7538273460170993	0.7537754911952291	0.753763266243445	0.7537603863480581	0.7537597094811752	0.7537595499496414	SRR1944916
GCC	Ala	A	13734	172210	0.02035620101113143	13734	3682503337.880371	0.02020673751016005	1316.8290919663918	1.007396716114921	0.32046108332405027	0.10570779404682099	0.03501808126791552	0.011611461503987007	0.0038510328319740113	0.0012772917520411096	0.0004236510683828565	0.00014051664025959923	4.66066086657012e-05	1.5458498855560644e-05	0.6791970124133002	0.6797523316062744	0.6673816067422483	0.6555067672399661	0.6527596710879264	0.6521143018138554	0.6519623153836441	0.6519265038908061	0.6519180678359341	0.6519160811036058	0.6519156140848631	SRR1944916
GCG	Ala	A	5926	22488	0.002658209443924996	5926	368779554.5266113	0.0030370181509483487	131.87215363192803	0.8752695281373064	0.3854870060734999	0.13528999469355432	0.04546279996536431	0.0151254108509246	0.005020424102711724	0.0016654594715391061	0.0005524224217806693	0.000183229430836306	6.077375002207148e-05	2.0157473512902482e-05	0.5901155315057041	0.8176833469585856	0.8541475569411893	0.8510224420056336	0.8503027985520284	0.8501330685542702	0.8500930280862795	0.8500835828812404	0.8500813590532913	0.8500808379459663	0.850080712645406	SRR1944916
GCT	Ala	A	23753	470459	0.05561092835198816	23753	10162972739.029541	0.05243996677266848	3634.184937716469	1.06046841320602	0.3229714690457425	0.10507622756530949	0.0346978499447584	0.01149668232850485	0.0038122952501203336	0.0012643911107217411	0.0004193681050081191	0.00013909574675608448	4.613530114095472e-05	1.530217347357428e-05	0.7149784851254527	0.6850772856688736	0.6633942389516672	0.6495123268876893	0.6463071485687113	0.6455546768387759	0.645377498742443	0.6453357561090453	0.6453259222672624	0.6453236049865121	0.6453230620947304	SRR1944916
GGA	Gly	G	9188	30058	0.0035530264792554933	9188	573841001.6484375	0.00479135831915188	205.20022816021262	0.7415488975335945	0.33004113961548726	0.11612747129870826	0.03904519516575932	0.012991955858039835	0.004312418270368541	0.001430598042107637	0.00047452115883514517	0.0001573909256458322	5.220360943758304e-05	1.731492460369695e-05	0.49995973553058315	0.7000732564857507	0.7331657904801108	0.7308906922553376	0.7303667010195888	0.730242963955513	0.7302137592490963	0.7302068687858133	0.7302052479505586	0.7302048670419029	0.7302047767588891	SRR1944916
GGC	Gly	G	9309	43052	0.005088991149940365	9309	900724163.7746582	0.00618238629597857	322.0906198494537	0.8231435090444896	0.31109950336996395	0.1067576852560033	0.03569106806060273	0.011860042586519137	0.003935464210914266	0.001305450865664876	0.00043300299761689316	0.00014361943810215996	4.7635819945555924e-05	1.5799873812900786e-05	0.5549716444247768	0.6598948321080469	0.6740100496911033	0.6681044705091563	0.6667341139792574	0.6664114818512903	0.6663354457886317	0.6663175227862667	0.6663133022414159	0.6663123095226946	0.6663120743768364	SRR1944916
GGG	Gly	G	5389	18085	0.0021377498129395035	5389	337309298.5690918	0.0028485678312085887	120.61868153043537	0.7504647737429866	0.3382889419236939	0.11889822564908864	0.03996828740804631	0.013298489511735807	0.0044141186210543346	0.001464332350794825	0.00048571034864590884	0.00016110217464197684	5.343455923430121e-05	1.7723206602951394e-05	0.5059709090708542	0.7175682446180908	0.7506588287836619	0.7481701430332487	0.7475990543194087	0.7474643837863316	0.7474326115312159	0.7474251173377316	0.7474233530116735	0.7474229395532022	0.7474228399583448	SRR1944916
GGT	Gly	G	27872	499046	0.05899007426863188	27872	10623896462.754883	0.054741063181635	3799.006992956851	1.077620178345794	0.32657321546295337	0.10653603616785114	0.035202487234518284	0.011665632593034716	0.00386845507820699	0.0012830277772320664	0.0004255502688973299	0.00014114630772686708	4.6815436622033265e-05	1.5527761432920817e-05	0.7265423779337157	0.6927172009420737	0.6726106777155758	0.6589586799276635	0.6558049985221273	0.6550644963289265	0.6548901290633451	0.6548490485129982	0.6548393702374293	0.654837089664717	0.6548365546027463	SRR1944916
GTA	Val	V	8785	26418	0.0031227577859129557	8785	617059696.0917969	0.005123202525448839	220.65483306834557	0.6095323716759321	0.270853744442484	0.09500479372878566	0.03192029748345134	0.010619428720288005	0.0035247668361048853	0.0011692923670406855	0.0003878467198086057	0.00012864236184185844	4.2668246485309165e-05	1.4152229264544201e-05	0.4109528641388377	0.57452674876872	0.5998086750239933	0.5975190603000371	0.5969907230211005	0.5968660784449737	0.5968366724031986	0.596829737867771	0.5968281039089701	0.5968277210595656	0.5968276297634396	SRR1944916
GTC	Val	V	11741	213837	0.02527674905996929	11741	4894894463.161865	0.025548427977470353	1750.3689310725488	0.9893661199921717	0.3044483070938302	0.09913936712511234	0.03274303939073548	0.010849403527398363	0.0035976906059946956	0.0011932175919727947	0.00039576176220717824	0.00013126602539926995	4.3538339067010304e-05	1.4440812226072143e-05	0.667040602904809	0.6457865162720766	0.6259121261584675	0.6129200436888901	0.6099191799079723	0.6092146185281679	0.6090487179424313	0.6090096337871783	0.6090004250934173	0.6089982557176121	0.6089977466898476	SRR1944916
GTG	Val	V	8964	35848	0.004237437395314091	8964	812051079.5146484	0.006108365012892934	290.3819460712573	0.6937105733482078	0.2831087242648938	0.09827333947874596	0.03293828665547348	0.010951826501106524	0.0036346052453660274	0.0012056914472240892	0.0003999170670388505	0.00013264566346107127	4.3996047746297466e-05	1.4592633779905378e-05	0.4677066555415205	0.6005216403220487	0.6204444978976866	0.6165748956592667	0.6156770758116558	0.6154655557002633	0.6154156920800147	0.6154039369146392	0.615401168648777	0.6154005161916205	0.6154003632972751	SRR1944916
GTT	Val	V	21324	262073	0.030978518480867818	21324	6701708710.43457	0.03655971962025294	2396.4689739736773	0.847340154756184	0.2700475359785578	0.08856100260977116	0.02929584281808409	0.00971077007107519	0.003220396884040388	0.0010681054431312992	0.0003542667605528935	0.00011750312158762863	3.8973467059265816e-05	1.2926734632203958e-05	0.5712852666700284	0.5728166438242129	0.5591260772146536	0.5483916457994898	0.5459088053152464	0.5453256197047363	0.5451882834637944	0.5451559263937763	0.545148303066296	0.545146506894309	0.5451460859560724	SRR1944916
TAC	Tyr	Y	14152	178636	0.021115790742839986	14152	3475262354.2246094	0.01957344431042738	1242.7216353570739	1.0787979063853852	0.3532356248001008	0.1162846447653605	0.038498357792777535	0.01276358935979849	0.004232997882729693	0.0014039685374977115	0.00046566622012604385	0.00015445216038910515	5.122874143972563e-05	1.699156926383819e-05	0.7273364140399784	0.749272695060653	0.7341580983951275	0.7206543918759187	0.7175286581747379	0.716794319684063	0.7166213803307615	0.7165806332688645	0.716571032355527	0.7165687724417776	0.7165682395426111	SRR1944916
TAT	Tyr	Y	15712	63792	0.007540577056512956	15712	1261527633.1555176	0.00944254106840246	451.11059929544524	0.7985749812352907	0.32626784695146394	0.1127311705378157	0.037742952601454084	0.012546111888949708	0.004163449524661346	0.0013811026944275662	0.000458097852573176	0.00015194311473342386	5.039663649205413e-05	1.6715583868545765e-05	0.5384072955238246	0.6920694625161439	0.7117233918450542	0.7065138908264105	0.7053027620382747	0.705017354661204	0.7049500703364797	0.7049342106179416	0.7049304736790456	0.7049295948211983	0.7049293870167854	SRR1944916
TCA	Ser	S	15953	55006	0.006502021908241655	15953	1040662921.0529785	0.008115879424693715	372.1314235554956	0.8011481649737587	0.3369722451260146	0.11750645936606376	0.03942582741693151	0.013112104522516576	0.004351790614429426	0.0014436196371613854	0.0004788372406089028	0.00015882225669163104	5.267833601445078e-05	1.7472380714637538e-05	0.5401421619171737	0.7147753073011561	0.7418719722746383	0.7380157832780075	0.7371210792413623	0.7369100763324485	0.7368603137638841	0.7368485801168226	0.7368458178367079	0.7368451676011475	0.7368450138358756	SRR1944916
TCC	Ser	S	13973	163705	0.019350861660340692	13973	3469960536.8413086	0.019448645142326478	1240.8257545580514	0.9949722213927912	0.3245434532944552	0.10675295842344248	0.035336372595459874	0.011714787847134419	0.0038851284703628817	0.0012885868683252652	0.0004273963655345856	0.00014175879773241248	4.701860140875417e-05	1.5595148302859775e-05	0.6708202929332531	0.6884117309850629	0.6739802070372319	0.6614648926313272	0.658568351566647	0.657887883705511	0.657727631062993	0.6576898753546836	0.6576809788913675	0.65767888389453	0.6576783928114873	SRR1944916
TCG	Ser	S	7485	24175	0.0028576224344933647	7485	430006686.060791	0.0037096463320308685	153.76640887740146	0.7703220681225807	0.35352130662562864	0.12459023740440987	0.04190339932345124	0.013944006493060768	0.004628511563203302	0.0015354647737661966	0.0005093053373718684	0.00016892830771038096	5.6030344996788926e-05	1.8584178790126767e-05	0.5193588969424497	0.7498786746853418	0.7865950999462166	0.7843936855571744	0.7838879790397524	0.783768593561564	0.7837404159973106	0.7837337676809826	0.7837322025483203	0.7837318350105728	0.7837317479161521	SRR1944916
TCT	Ser	S	23253	264852	0.03130701207943895	23253	5435886550.626221	0.030679497499189162	1943.8226917164536	1.0204538741309688	0.3340073058570442	0.11015632237881658	0.03648643380838916	0.01209789069945723	0.004012324827518999	0.0013307854588489878	0.0004413935962135305	0.00014640146650458686	4.855848856165527e-05	1.610589906829101e-05	0.6880002798582343	0.708486168038915	0.6954671988465604	0.6829929969854076	0.6801051832384581	0.679426667522529	0.6792668688603158	0.6792292183227302	0.6792203471111494	0.6792182583910024	0.6792177674947312	SRR1944916
TGC	Cys	C	3389	15116	0.0017867971342213733	3389	277258715.86938477	0.0022703436053657204	99.14514925279082	0.7870161723531471	0.35178830307506825	0.12158888535871154	0.04069688359072323	0.013527004550182905	0.004488879511038244	0.001489048237187259	0.0004939018042779314	0.00016381862643539733	5.433551436352696e-05	1.8022032824476052e-05	0.5306142301562057	0.7462026801091637	0.7676461930210557	0.7618088037204497	0.7604454476252087	0.7601240124371341	0.7600482308628372	0.7600303659267311	0.7600261593502285	0.7600251681621951	0.760024935513039	SRR1944916
TGG	Trp	W	9748	85191	0.010070060509490143	9748	1570586600.840332	0.009625627527049058	561.6272241126053	1.046171845024356	0.36790997468728837	0.12234951330186904	0.04059724388940495	0.013466467561775889	0.0044666519923092654	0.001481507881342832	0.0004913876937635727	0.0001629837192466429	5.4058511749102665e-05	1.7930150244054254e-05	0.705339594863633	0.7803994810252856	0.7724483847933357	0.759943638750382	0.7570422494466117	0.7563601175316803	0.7561994407588587	0.756161580031118	0.7561526602378846	0.7561505575861239	0.7561500645181861	SRR1944916
TGT	Cys	C	6668	59514	0.00703489313615049	6668	1530422074.30542	0.008891136148025402	547.2647613655461	0.7912254428488132	0.26596450269328265	0.08788443854644565	0.029118405882758228	0.009655518710999088	0.0032023514585653215	0.001062142023732989	0.00035229052084446614	0.00011684777543640184	3.87561121073681e-05	1.2854643004232325e-05	0.5334521627197755	0.5641558374420373	0.5548546191285426	0.5450701870657988	0.5428027484577136	0.5422698991881768	0.5421444019760191	0.5421148316341593	0.5421078660341966	0.5421062258589309	0.542105838752341	SRR1944916
TTA	Leu	L	24580	134976	0.01595493053642922	24580	2488373815.4106445	0.016738107336581928	889.8194329149562	0.9532099547216406	0.3566651001483338	0.12145724222165995	0.0405281228968222	0.013461282739023212	0.0044663186155955055	0.001481505641397348	0.0004913954172915287	0.00016298694249313286	5.4059632727192036e-05	1.7930526066577937e-05	0.6426637521177901	0.75654719416665	0.7668150697428311	0.7586497563686008	0.7567507750965892	0.7563036652155304	0.7561982974335051	0.7561734652190802	0.7561676142861739	0.7561662374148853	0.756165913700801	SRR1944916
TTC	Phe	F	18160	227385	0.026878199680135415	18160	4651771648.345459	0.025332800761525238	1663.430463922298	1.0610038713507464	0.3366551239612604	0.1106321922944396	0.03661427349411873	0.012137961099552879	0.004025433428831124	0.001335119105592641	0.0004428298720914077	0.00014687776427326933	4.871646036925274e-05	1.6158294718709053e-05	0.7153394963997132	0.7141026395035335	0.6984715830715128	0.6853860401243629	0.6823578145009238	0.6816464113588938	0.6814788727823109	0.6814394011395972	0.681430100493385	0.6814279098692397	0.6814273961874531	SRR1944916
TTG	Leu	L	29493	443535	0.05242835848947319	29493	8624780864.444336	0.046445315614950584	3084.141767722764	1.1288190810053766	0.3561825933437149	0.11654177245912369	0.03853171012224996	0.01277065100894237	0.004235028341481408	0.0014046176508607934	0.0004658796170337261	0.0001545227910801492	5.1252156665697806e-05	1.6999334803012213e-05	0.7610611937775237	0.7555237153652506	0.7357814630197416	0.7212787172781338	0.7179256417733069	0.7171381472360494	0.7169527043610506	0.7169090145957366	0.7168987189807573	0.7168962960010099	0.7168957277603634	SRR1944916
TTT	Phe	F	22500	100730	0.011906858648459839	22500	2067234177.0998535	0.015042054458924089	739.2237982000504	0.7915713030407084	0.316751448722182	0.10882460730032721	0.036384859531290684	0.012090729405835353	0.0040120218420337025	0.0013308468936112452	0.0004414266271084623	0.0001464134111204122	4.856252758759436e-05	1.6107244757882615e-05	0.5336853451446238	0.6718835671876089	0.6870594730320243	0.6810916185087815	0.6797025979422338	0.6793753615023457	0.6792982267312034	0.6792800472181593	0.6792757634010316	0.679274754798638	0.6792745178988083	SRR1944916
AAA	Lys	K	26761	88308	0.018632950622301053	26761	77323.5201517716	0.021959667282932537	0.016069642508664495	0.8485078750160723	0.9666550146957684	1.0068729013067137	1.0295342488336707	1.048273335211852	1.0662979080292185	1.0843790645160685	1.1027059144717035	1.121327851768076	1.140260739405729	1.1595124541354584	0.5867844460925629	0.6659333693052883	0.6886937743045851	0.6917651798777958	0.6905019633456166	0.6902036415808505	0.6901330934082495	0.6901164075653918	0.690112461766357	0.6901115259308475	0.6901113086092059	SRR1944917
AAC	Asn	N	17598	156290	0.03297712384788956	17598	141353.04630625993	0.03286832138486912	0.029376481013717166	1.0033102531080436	0.9752149604994765	0.9841618874148961	0.9989803458531255	1.0154144783202512	1.032454202453119	1.0498605245664134	1.0675797025931015	1.0856026043980131	1.1039308928443965	1.1225688955900164	0.6938378163170741	0.6718303578518465	0.6731596052400081	0.6712353857352016	0.6688576989779098	0.66829695991401	0.6681644041049171	0.6681330529511607	0.6681256375107285	0.6681238831217639	0.6681234744625815	SRR1944917
AAG	Lys	K	25476	291315	0.06146734169651256	25476	240077.78342026472	0.05739668679506278	0.04989379875959827	1.0709214264576667	1.0753288881193106	1.0814283756291734	1.0966595939071566	1.1144458145591751	1.1330861217891979	1.1521742814089189	1.1716167326064932	1.1913951362888628	1.2115093196829305	1.2319635550838437	0.7405942296301213	0.7407993324298602	0.7396891789277178	0.7368680761260011	0.7340900480311243	0.7334349637139094	0.7332801111657586	0.7332434876231396	0.7332348243596702	0.7332327742175611	0.7332322978727043	SRR1944917
AAT	Asn	N	20088	52827	0.011146474640171872	20088	50812.76247662306	0.015162384948925304	0.010560084774649332	0.7351399319908393	0.8702307545034541	0.914165023118017	0.9366227931029177	0.9541248504935496	0.970639871145799	0.9871252513798852	1.0038147605518453	1.0207681959493806	1.0380035647725228	1.0555288975454284	0.5083850020668318	0.5995062246710189	0.6252822568680918	0.6293360669472594	0.6284859686996549	0.6282851806083074	0.6282376943714051	0.6282264630321162	0.6282238075944361	0.6282231767272456	0.6282230312938147	SRR1944917
ACA	Thr	T	11611	32340	0.006823726311605019	11611	25889.577814683318	0.007854895988508193	0.005380461978006316	0.868722682208423	1.0394395586512972	1.0967672004481486	1.1249749685938724	1.146306231851903	1.1662224787148763	1.1860476346406175	1.2061046905623753	1.2264756430687414	1.2471845702227036	1.2682417122355527	0.6007639680162772	0.716074997758857	0.7501808240442636	0.7558937571906703	0.7550766361228582	0.7548837858925976	0.7548381832596118	0.7548273980170386	0.754824848058538	0.7548242407454705	0.7548241026149511	SRR1944917
ACC	Thr	T	10243	117537	0.024800257250683955	10243	99537.45686869323	0.022750435597999573	0.020686219987940676	1.090100325501663	1.047948475418096	1.0525168218277041	1.0672325509638494	1.0845221572839894	1.1026575217771022	1.121232017117694	1.140152072955575	1.1593992525640129	1.1789732416005214	1.1988781548848275	0.7538573707081971	0.7219368321522118	0.7199138854594922	0.7170954423568867	0.7143792117397277	0.7137388446664921	0.7135874766700082	0.7135516753288684	0.7135432078097647	0.7135412056865261	0.7135407380746455	SRR1944917
ACG	Thr	T	4973	11638	0.0024556130740401735	4973	8622.992997340858	0.0029855920142583528	0.0017920603530465378	0.8224878222854469	1.1068063086396556	1.1811730537304663	1.2145545347914897	1.2383050282815056	1.259993113612522	1.2814540444642109	1.303134541053066	1.325146728348709	1.3475222913334235	1.3702736461222318	0.5687903146550084	0.7624842814400817	0.8079138165549945	0.8160841051992688	0.8156766222392999	0.8155805510202002	0.8155578364667824	0.8155524662047097	0.8155511962539814	0.8155508933707559	0.8155508254399896	SRR1944917
ACT	Thr	T	15658	130797	0.027598111638188053	15658	116741.59058663994	0.027650913093211323	0.024261642808526402	0.9980904263506497	0.9852861055065684	0.9965061075863643	1.0121004600641794	1.0288941439601718	1.0461946746328143	1.0638409747837756	1.0817981137548556	1.1000615310406605	1.118634044909057	1.137520317811665	0.69022805235056	0.6787684189236608	0.6816029624598737	0.680051059596959	0.6777368102525723	0.6771910258819291	0.6770620042813407	0.677031489699764	0.6770242708980319	0.6770225624822621	0.6770221676315514	SRR1944917
AGA	Arg	R	15881	167690	0.03538251902266684	15881	155029.49813785404	0.03798285705735263	0.03221876873276188	0.9315391669784245	0.9568907676097197	0.9637084949931816	0.9775149420665007	0.9934219754636506	1.0100507194376616	1.0270692530459509	1.0444013427079935	1.062032363758954	1.0799625721874115	1.0981958781897174	0.644204621080987	0.6592067317128808	0.6591696329148392	0.6568123406267693	0.654371146767462	0.6537954163538778	0.6536593189074786	0.6536271305223034	0.6536195171408485	0.6536177146894347	0.6536172957036682	SRR1944917
AGC	Ser	S	6011	20578	0.004341949290049724	6011	15227.507239721715	0.004634255626197063	0.0031646334409003484	0.9369248570374591	1.1362718893652328	1.189562935441492	1.2177736230212823	1.2402879904223898	1.2616982693677807	1.2831130600261589	1.3048035358364096	1.3268395664882633	1.3492426637732948	1.3720228175350462	0.6479290875840904	0.7827832641720921	0.8136524348990145	0.8182470766116795	0.8169828075685718	0.8166842807592161	0.8166136863805674	0.8165969882926123	0.8165930402552855	0.8165921015862275	0.8165918862482404	SRR1944917
AGG	Arg	R	5559	13590	0.0028674842478265987	5559	10142.363693125546	0.003269063231538625	0.0021078212479395436	0.8771577802968901	1.1064618939910733	1.1744713566507499	1.2062446866889946	1.229490289710838	1.2509414975047717	1.2722284034458153	1.2937480361734224	1.3156005228008576	1.337814619086332	1.3604020030776556	0.6065972484198137	0.7622470125035101	0.8033299042756133	0.8105005478053385	0.8098703176382255	0.8097215332422248	0.8096863470743338	0.8096780250303934	0.8096760586653022	0.8096755911033391	0.8096754831999661	SRR1944917
AGT	Ser	S	8797	26126	0.005512574941774667	8797	20774.330827206373	0.006132039396680145	0.004317393583410029	0.8989790484319372	1.0520842613363175	1.1055728591325966	1.1329279021316445	1.1541491439729883	1.1741388020186505	1.1940834044769657	1.2142727129332336	1.2347807447869077	1.2556296947460241	1.276829372924727	0.6216877161840856	0.7247859953069836	0.7562038308277018	0.7612374963674345	0.7602427946390071	0.760007940344232	0.759952401042441	0.7599392652715015	0.7599361579960435	0.7599354206449926	0.7599352523356472	SRR1944917
ATA	Ile	I	8871	18228	0.003846100284722829	8871	15401.94877128303	0.0054133858267716535	0.003200886485838707	0.7104796162324353	0.9711345306451412	1.03595222978729	1.0650771695395176	1.0858647168595965	1.1048730954639054	1.1236895587423685	1.142700317737161	1.1620023581144479	1.1816231397936254	1.201573470892724	0.4913311948496758	0.6690193297603338	0.7085838244385597	0.7156471973661083	0.7152635612616756	0.7151729626698262	0.715151533796446	0.71514646638892	0.7151452687741969	0.715144983859716	0.715144919255012	SRR1944917
ATC	Ile	I	12489	104417	0.022031942803922736	12489	104995.65538689494	0.02521252028357097	0.021820561760750073	0.8738492842494303	0.8763586672859491	0.8850274442631254	0.8984855905583835	0.9132981151793198	0.9286318184305996	0.9442896091614081	0.9602274376773693	0.9764381214650312	0.9929234047941405	1.0096872411210278	0.6043092625592565	0.6037277737697324	0.6053523638998433	0.6037108982769184	0.6015932299982835	0.6010938012185276	0.6009757384376104	0.6009478148605977	0.6009412097489953	0.6009396468145154	0.6009392833780196	SRR1944917
ATG	Met	M	13843	82277	0.017360412175013176	13843	65569.23789262027	0.015878752460629923	0.013626826746012339	1.093310839000539	1.0909536393872425	1.1130783088103324	1.1328107787851696	1.1521593165020103	1.171664977164756	1.191459446395193	1.2115783843854098	1.2320346564414066	1.252835738195943	1.2739878842367618	0.7560775968729514	0.7515633000276342	0.7613375040646165	0.7611587987884721	0.7589320870885269	0.758406659023192	0.7582824312254237	0.7582530492878718	0.7582460993879803	0.7582444551039306	0.7582440730215689	SRR1944917
ATT	Ile	I	19935	111963	0.023624145609963905	19935	116823.9358318001	0.02827708521759949	0.024278756083367162	0.8354519367243827	0.8350178076237283	0.8505878649077492	0.8653182196032295	0.8800142246079858	0.8948924567609916	0.9100062133652256	0.9253713821727846	0.9409950568312844	0.9568822975617813	0.9730377260204152	0.577755630044671	0.5752478532745139	0.5817959409780079	0.5814250613940188	0.5796689941951835	0.5792546602864995	0.5791567023020153	0.5791335346513106	0.5791280526528153	0.5791267555618327	0.5791264561541545	SRR1944917
CAA	Gln	Q	21752	170459	0.035966776850645636	21752	123194.28614286333	0.02956434380985316	0.02560266440974462	1.2165592810708243	1.2107938324590384	1.2293424455952429	1.2496061527202362	1.2705814717539499	1.292003547620733	1.313809792317933	1.3359896203789836	1.3585452192581506	1.3814819482477807	1.404806010618033	0.8413098863323907	0.8341217953928232	0.8408613318235617	0.8396360062739114	0.8369372484890676	0.8363005749034744	0.8361500565552363	0.8361144574093557	0.8361060364324836	0.8361040439295213	0.8361035803212091	SRR1944917
CAC	HIS	H	6243	76322	0.01610390969555715	6243	46503.69233600795	0.011136636451904661	0.009664558852284053	1.4460299359779274	1.4515791808183414	1.46200378001589	1.4831186104569296	1.5072982360901381	1.532539602275157	1.5583642790134808	1.5846627549860657	1.6114143313719256	1.638619750667949	1.666285025699985	1.0	1.0	1.0	0.996537816498223	0.9928635561041768	0.9919970829842393	0.9917922576386602	0.9917438124902007	0.991732354988962	0.9917296434701762	0.9917290111895622	SRR1944917
CAG	Gln	Q	8994	23355	0.0049278951146424005	8994	15362.748541772366	0.004841871275803362	0.003192739757996292	1.0177666513500538	1.2525139728551213	1.331678514316756	1.3683601446213958	1.394890782018465	1.4192666193567969	1.4434272161528205	1.467844914519302	1.4926385849007506	1.5178421214094258	1.5434690855402076	0.7038351185044825	0.8628630042413565	0.9108584618722958	0.9194292493464727	0.9188203031433578	0.9186766490658458	0.9186426798434771	0.918634647712488	0.918632750206905	0.9186322972707892	0.9186321946099343	SRR1944917
CAT	HIS	H	9565	38666	0.008158509634029674	9565	28064.306965254247	0.007646449045009576	0.005832421743084933	1.0669671093086395	1.174237250760838	1.2166326996741939	1.242488470371317	1.2647365722745638	1.286394814675025	1.3081868966434493	1.3302911645144195	1.3527552119934145	1.375595305074358	1.3988202488447632	0.7378596270810025	0.8089377873956906	0.832167957637545	0.8348534895038369	0.8330871891290648	0.8326700998977259	0.8325714681144173	0.8325481412789059	0.8325426217176777	0.8325413146671435	0.832541012385314	SRR1944917
CCA	Pro	P	14529	156144	0.032946317909686273	14529	141485.49862708896	0.03192147764151947	0.02940400771504928	1.0321050384846162	0.9771341785318375	0.9831386002186867	0.9973063270915555	1.013562634815918	1.0305352401916243	1.047900545826258	1.0655845596986504	1.0835732768710542	1.101867182856379	1.1204703191811503	0.7137508102739379	0.6731525165447529	0.6724596842068365	0.6701105781913748	0.6676378820345622	0.6670548354280041	0.6669170117167567	0.6668844146434956	0.666876703746039	0.6668748792758088	0.6668744569927184	SRR1944917
CCC	Pro	P	4605	11950	0.0025214449419814463	4605	8289.312830992043	0.0026867418599702065	0.0017227137819782225	0.9384768144452131	1.1884136040549984	1.2631225413792995	1.2976720878440056	1.3227714568070974	1.3458723673183726	1.3687800299887334	1.391934115642423	1.4154453571809544	1.4393454205594376	1.4636470482554722	0.6490023415805262	0.8187039465425642	0.8639666727575568	0.8719324940251029	0.871315006594394	0.8711693064680817	0.8711348523803626	0.8711267064483579	0.871124781570077	0.8711243228820935	0.8711242179513359	SRR1944917
CCG	Pro	P	3302	7462	0.0015744788415954438	3302	5047.739717841148	0.001712673241647159	0.00104903879936247	0.9193107028876056	1.2105657619152674	1.293320356070973	1.3302142317701517	1.3563062345236219	1.3800800873955277	1.4035909871647734	1.4273389798548293	1.451449460889441	1.4759577520534082	1.5008776058161988	0.6357480436709564	0.8339646764793083	0.8846217593616046	0.8937982280423852	0.8934045027933403	0.8933116109682082	0.8932896452443543	0.8932844525708244	0.8932832257795712	0.8932829319458049	0.8932828663615769	SRR1944917
CCT	Pro	P	9986	38759	0.008178132594666015	9986	31207.710193805397	0.008429735715045754	0.006485694719331365	0.9701529052766545	1.0526468166292442	1.0951979762849473	1.1196558442905613	1.139992001819727	1.1595833534474718	1.1792438822420812	1.1991734308554232	1.2194243194596814	1.2400134678157786	1.2609493583301328	0.6709078983351443	0.7251735424007698	0.749107486078486	0.7523197284639516	0.7509174267947375	0.7505863485610893	0.7505080602950182	0.7504895451171053	0.7504851660584105	0.7504841277751436	0.7504838854154188	SRR1944917
CGA	Arg	R	1413	2693	0.0005682218601469485	1413	1627.2979059815407	0.0006577612922962332	0.0003381907025558839	0.8638724516051954	1.3391616852109296	1.444257111590178	1.4882712787242973	1.5181323020904436	1.5449033354662653	1.5712607827003626	1.5978549450256576	1.6248479978147539	1.6522847345111413	1.6801817904886176	0.5974097977584205	0.9225550372360429	0.9878614072902608	1.0	1.0	1.0	1.0	1.0	1.0	1.0	1.0	SRR1944917
CGC	Arg	R	1581	4023	0.0008488512972042978	1581	2965.6633816212416	0.0009584818578420941	0.000616334463952861	0.8856206200035792	1.1167151980797132	1.1882333343772753	1.2209999196703567	1.2446779720042054	1.2664297924626904	1.287988828872777	1.309777113064748	1.3319008420897132	1.3543902844482152	1.3772575555165132	0.6124497135010195	0.7693105638578769	0.812742997397969	0.8204148915088667	0.8198745065171883	0.8197469468731976	0.8197167797055588	0.8197096470754522	0.8197079627638874	0.8197075577587638	0.8197074645809544	SRR1944917
CGG	Arg	R	798	2006	0.00042326515093010726	798	1212.50284127146	0.00044287182113215577	0.0002519865515916493	0.9557283410989525	1.3361257553438226	1.4446163304852306	1.488126588175828	1.517777384568461	1.5444890768031965	1.570826583847869	1.5974103029420716	1.6243950989908842	1.6518240157498767	1.6797132555550796	0.6609326109508297	0.9204635702962957	0.9881071104135788	0.9999027794525517	0.9997662143664989	0.9997318546386956	0.9997236621334445	0.9997217256266158	0.9997212669588301	0.9997211626109945	0.9997211403336291	SRR1944917
CGT	Arg	R	5111	34656	0.00731240133132293	5111	28783.532819494605	0.00733741554054054	0.005981893758041647	0.9965908692128171	1.0473890837761517	1.0684455062211982	1.0870657732116051	1.1055505566818897	1.124247288682591	1.1432358970092567	1.1625393885462314	1.18216741065702	1.202126487372029	1.2224224680507974	0.689191035688233	0.7215514645130666	0.730808990254174	0.7304217912096014	0.7282307050311521	0.7277136781786306	0.7275914409602307	0.7275625313582916	0.7275556927459726	0.7275540724085308	0.7275536938745788	SRR1944917
CTA	Leu	L	9607	36645	0.007732079489448544	9607	28414.205036073923	0.008156032201000214	0.005905138775386453	0.9480197354419864	1.0932945049670926	1.13740735570168	1.1626969775071312	1.1837869962049674	1.2041242109692505	1.2245382867859815	1.245232926047016	1.2662615448811851	1.2876414836171322	1.3093815037297798	0.6556017353823699	0.7531759337790568	0.7779783959856231	0.7812399487435927	0.7797653699713206	0.7794171863871568	0.7793348502477704	0.7793153752307728	0.7793107703515474	0.7793096775163904	0.779309424219504	SRR1944917
CTC	Leu	L	3347	8083	0.001705509578747785	3347	5209.5919984951615	0.0018259370344754203	0.0010826755024538053	0.9340462165705329	1.2711394360610921	1.3576962994518795	1.3962155968911634	1.4235512811837012	1.4484916467582885	1.4731650719299374	1.4980895112230275	1.5233949374633773	1.5491180146114667	1.575273084947772	0.6459383677550576	0.8756941769752273	0.9286544385248602	0.9381458991051407	0.9376990919852599	0.937593707972105	0.9375687907122341	0.937562896986855	0.937561506991534	0.9375611734800671	0.9375610983676137	SRR1944917
CTG	Leu	L	7558	19478	0.00410984975564139	7558	13451.011712655425	0.004470698552883593	0.002795435970555451	0.919285813397225	1.1945912757674184	1.269048886855911	1.3035479636139968	1.3287095585487512	1.351901792468254	1.374909101254414	1.3981661468589894	1.4217824802509087	1.445789505158559	1.4701999254966898	0.6357308313783465	0.8229597748115651	0.8680202501542904	0.8758806154825215	0.8752264586684175	0.8750720911999572	0.8750355869580736	0.8750269548632515	0.8750249144307981	0.8750244282722386	0.8750243180942566	SRR1944917
CTT	Leu	L	7521	21149	0.004462430048365323	7521	15676.437477082014	0.005067983214513726	0.0032579316819989156	0.8805139755762774	1.118532346075232	1.1836613164242387	1.2147792973890397	1.2379721690142458	1.2595191147685492	1.2809394128418126	1.3026033686206202	1.3246047018177762	1.346970661114423	1.3697125918943098	0.6089182206181641	0.7705624060029912	0.8096157702214517	0.8162351277989541	0.8154573664690344	0.8152737364557604	0.8152303086444983	0.8152200377611271	0.815217610262146	0.8152170343163939	0.8152169007235702	SRR1944917
GAA	Glu	E	33630	242009	0.05106379656602409	33630	240887.27586862445	0.056530894206214086	0.050062030291647915	0.9032900908970757	0.8818051274877926	0.8931685003055589	0.9074539444130675	0.9225835270713743	0.9381137712749129	0.9539412101527633	0.970044290982191	0.986421269666823	1.0030752338644093	1.0200105003440763	0.6246690116316262	0.6074798668514015	0.6109207872881501	0.6097369191931934	0.607709569054681	0.6072313715290037	0.6071183222134034	0.6070915848788856	0.6070852602787791	0.6070837628123384	0.6070834156864923	SRR1944917
GAC	Asp	D	16083	136429	0.028786461254358724	16083	119661.60289047658	0.028034139577569697	0.024868489906944253	1.0268359110757572	1.004784065756134	1.0145751044920701	1.0300463661792705	1.0470394780839485	1.0646214264838956	1.0825728304236235	1.1008447818564535	1.1194294249261723	1.1383288529110542	1.1575476179725903	0.7101069525101665	0.6922006591398463	0.6939620255161331	0.6921092820269945	0.6896892165736754	0.6891184723622747	0.6889835489708577	0.688951638121805	0.6889440898051292	0.688942304637251	0.6889418898153641	SRR1944917
GAG	Glu	E	12399	32880	0.006937666083041838	12399	30963.12777902931	0.00903637243296446	0.006434864752438457	0.7677490203627958	0.8862586752993113	0.9329946917466562	0.9564990141063785	0.9745162979957801	0.9914190299500236	1.0082656920780413	1.025314641686498	1.042631670747088	1.0602363166191362	1.0781370471559402	0.530935771978731	0.6105479377292217	0.6381616138752498	0.6426913075459344	0.6419178991540374	0.6417353158544412	0.6416921386819314	0.641681927936227	0.6416795122678033	0.6416789397578175	0.6416788071738384	SRR1944917
GAT	Asp	D	27460	126458	0.026682584474735545	27460	113766.21692604572	0.028682548813577357	0.023643290320672805	0.9302724331843516	0.9586250901101121	0.984176087575996	1.003048595000869	1.0205218405919474	1.037880883440846	1.0554348741391713	1.0732616501153092	1.091383722930593	1.1098103954123957	1.1285478506942537	0.6433286130796614	0.6604015149691512	0.6731693180473851	0.6739689257866032	0.6722219395415705	0.6718095945644421	0.671712096272972	0.6716890375165283	0.6716835817248056	0.6716822907286336	0.6716819912481363	SRR1944917
GCA	Ala	A	11940	36744	0.007752968447545294	11940	28700.418127663434	0.008366765202702704	0.005964620574121371	0.9266387020208078	1.0672137267706752	1.1244269768791588	1.1530728937765	1.1748733628136658	1.1952707209687015	1.2155860202150306	1.2361417161280785	1.25701977703318	1.278244392783454	1.2998259237449248	0.6408157113249088	0.7352087580706576	0.7690999108544971	0.7747733294731592	0.7738939229445841	0.7736864135955525	0.7736373449898808	0.7736257411702845	0.7736229965656705	0.7736223461276763	0.7736221943977379	SRR1944917
GCC	Ala	A	12050	117587	0.0248108072295207	12050	85905.72992717475	0.020282531855181953	0.017853227150884568	1.2232598674894635	1.2016943680923609	1.2169360440011592	1.2363647666330642	1.2569724264899806	1.2781303747223012	1.2996941408193114	1.3216336652026872	1.3439464093363669	1.3666365468799997	1.3897099398240393	0.8459436675923254	0.8278531298684612	0.832375442960847	0.8307388473510285	0.8279729143231785	0.8273206131285555	0.8271664100122592	0.8271299402471511	0.8271213129744016	0.8271192720813608	0.8271187961273492	SRR1944917
GCG	Ala	A	4558	13348	0.0028164223502567653	4558	8737.397319637239	0.002830763526814216	0.0018158362566414643	0.994933813290441	1.2627155137214514	1.3393178116267241	1.3753368384784155	1.4017920332611848	1.4262377643368334	1.4505048386912953	1.475039330634714	1.4999538136733532	1.5252807018002208	1.551033216764801	0.6880451009595336	0.8698908956586052	0.9160836859205436	0.9241170330568457	0.9233661857605822	0.9231889993339825	0.9231471024169924	0.9231371941656622	0.9231348505771803	0.9231342939517643	0.9231341665200059	SRR1944917
GCT	Ala	A	19693	278011	0.058660203327632124	19693	235223.68542847782	0.052823531269951055	0.04888500325627748	1.1104937878509704	1.0513341028315137	1.0539920256284154	1.0683223175601824	1.0855333934028408	1.1036625906693938	1.1222484679847173	1.1411843433327071	1.160448627588307	1.1800402539837365	1.1999631670291313	0.7679604413583325	0.7242692074426241	0.7209229141780741	0.7178276788865515	0.7150453171361145	0.7143894153975004	0.7142343781126043	0.7141977104275773	0.714189037466265	0.7141869856546686	0.7141865087587738	SRR1944917
GGA	Gly	G	6787	16991	0.0035850938083018206	6787	13747.054505519569	0.00445469614545648	0.0028569606119485964	0.8047897524859016	1.0196534448071803	1.0830914571986254	1.1125993833003125	1.134091353398701	1.153890430916427	1.1735288128984527	1.1933796658425506	1.2135370165662145	1.2340277961503703	1.254862875360609	0.5565512389905226	0.7024442471214978	0.7408267146798031	0.7475783475805569	0.7470306453772675	0.7469013785048064	0.7468708096192859	0.7468635808010644	0.7468618715093913	0.7468614642351459	0.746861370873255	SRR1944917
GGC	Gly	G	7335	26588	0.005610056746226167	7335	20634.833043038845	0.005654876702489891	0.004288402669417455	0.9920741054806749	1.0888731299499854	1.135300015974451	1.1613749542473621	1.1826477528030865	1.2030154033006815	1.223422723520491	1.2441014090967644	1.2651116145689483	1.286472308431745	1.308192625248097	0.6860674739833451	0.7501300268967229	0.7765369908702369	0.7803516541976533	0.7790149456503888	0.7786994666158843	0.7786248705437181	0.7786072277523209	0.7786030547290501	0.7786020663153869	0.7786018350238509	SRR1944917
GGG	Gly	G	4266	11153	0.002353278279323772	4266	7601.4594437256455	0.0024920112656948287	0.0015797617020671048	0.9443289088292404	1.2108386633015424	1.2858203553024719	1.3207801320437065	1.3462785124935794	1.3697784959335322	1.3930903082090396	1.4166549586355526	1.4405836015069775	1.464908090876411	1.4896413023841046	0.6530493493487779	0.8341526795795741	0.8794918131391539	0.8874592629213678	0.8867992009917552	0.8866434970315609	0.8866066814287059	0.8865979750200695	0.8865959175531544	0.8865954277001965	0.8865953141599627	SRR1944917
GGT	Gly	G	23295	306757	0.06472559716045209	23295	243599.06197188795	0.054927743934879765	0.05062560309787653	1.1783771282721585	1.1170132901728123	1.1222616482409007	1.1380845486792202	1.156553228252069	1.1759005663169977	1.1957106500347652	1.2158879202113668	1.2364137148894268	1.257287952192637	1.2785150832734866	0.814905071432868	0.7695159209593276	0.7676188417438313	0.7647023529572868	0.7618263748551519	0.7611483122095147	0.7609880315219358	0.7609501250389425	0.7609411566818991	0.7609390354651123	0.7609385427880865	SRR1944917
GTA	Val	V	6515	15075	0.0031808186192778497	6515	15185.49970586598	0.004893411497127048	0.0031559032893189497	0.6500206698630041	0.8210472393614343	0.8704446205255126	0.8937545683002719	0.910922198249754	0.9268018650793786	0.9425697596718793	0.9585124701908548	0.9747023611211987	0.9911603007245475	1.0078948331665374	0.4495208942015473	0.5656234604429647	0.5953778180491791	0.6005320273776782	0.6000282037312749	0.5999092912823971	0.5998811718905009	0.5998745212604161	0.5998729496125599	0.5998725764526297	0.5998724893176167	SRR1944917
GTC	Val	V	9715	132242	0.02790300602656991	9715	118811.57444672287	0.027118469355181953	0.024691834043547096	1.0289299761396027	0.9895257436501859	0.9925285477223785	1.0060680552631158	1.0222846641941106	1.039359518463921	1.0568629896357988	1.074695720291983	1.0928376367171317	1.111287807628726	1.1300499581100178	0.7115551003055504	0.6816891263846395	0.6788823403121372	0.6759977630727968	0.6733831187087194	0.6727666997691045	0.6726209940907952	0.6725865346148339	0.6725783816005442	0.6725764539351753	0.6725760060650254	SRR1944917
GTG	Val	V	7139	21424	0.004520454931967406	7139	19032.203808046877	0.005644277705362843	0.003955338695742877	0.8008916584087189	0.9404128688508286	0.9893827563982661	1.0140261591032138	1.0330543423369547	1.0509547310277414	1.068808797506887	1.086880457335453	1.1052370551193864	1.1238987215046126	1.142874297170243	0.5538555174288895	0.6478550266342771	0.6767306418233151	0.6813449762817485	0.6804771500576436	0.6802721613068134	0.6802236836014174	0.6802122187117556	0.680209506738976	0.6802088635389703	0.6802087152949569	SRR1944917
GTT	Val	V	16870	147659	0.03115598650109108	16870	155714.5454819873	0.03690903317195148	0.03236113765104346	0.8441290335604794	0.8373519875425025	0.8442960562811629	0.8568220463202634	0.8708731670412009	0.8854766899782854	0.9004025342102056	0.9155985981050853	0.931055603000608	0.9467746286253462	0.9627593083114764	0.5837562643470504	0.5768558812413095	0.5774923894328006	0.5757163082893774	0.5736477419273819	0.5731599315312765	0.5730446174967705	0.573017344881943	0.5730108934822075	0.573009366273342	0.5730090123352034	SRR1944917
TAC	Tyr	Y	11435	107759	0.0227371033893706	11435	84127.8886456415	0.020433827343583743	0.017483750001172436	1.1127187778901386	1.1269673571780747	1.1395337166696966	1.1571541675230401	1.176300569091476	1.1960666055832705	1.2162376636054522	1.2367664278461505	1.257645913612674	1.2788789048018976	1.3004706306053266	0.7694991301391173	0.7763733264228385	0.7794328114919863	0.7775156210196563	0.7748340295979008	0.7742015815004291	0.7740520714296902	0.7740167101503016	0.7740083474294659	0.7740063671170316	0.774005906960302	SRR1944917
TAT	Tyr	Y	11238	33046	0.006972692012779822	11238	28849.211202658713	0.008612828194828687	0.00599554326773705	0.8095705446634085	0.9607453332299405	1.0076837996789096	1.0320786843364804	1.0512788791628158	1.0694550130222222	1.0876137362244853	1.1060010360825108	1.1246800101498249	1.1436698318398155	1.1629791832711742	0.5598573892012192	0.6618621608283961	0.6892484229199171	0.6934748382842866	0.6924817275248157	0.6922472030908338	0.6921917406703912	0.6921786233009725	0.6921755214410202	0.6921747855875405	0.6921746145891544	SRR1944917
TCA	Ser	S	11214	28231	0.0059567290508015245	11214	24686.328280992806	0.007611119054586083	0.005130398480933611	0.7826351168705337	0.9505028885731726	1.0038658554508022	1.0298553994972086	1.0494224706674562	1.0676648413384235	1.0858168266004706	1.1041794400042557	1.1228290181186096	1.1417879159822166	1.1610655727696109	0.5412302314068276	0.6548060905897793	0.6866369767114361	0.6919809675961567	0.6912589036030776	0.6910884434178485	0.6910481306192789	0.6910385973656233	0.6910363428632672	0.6910358076509346	0.6910356839612924	SRR1944917
TCC	Ser	S	10981	94785	0.01999959488081267	10981	81361.62869884819	0.019522729237603745	0.01690885625158947	1.024426177170475	1.0258414898515884	1.0365521727208389	1.0524715492270509	1.0698618660020505	1.0878336468935719	1.1061780382875346	1.1248487885824687	1.1438387646353474	1.1631503176151614	1.1827881545171135	0.7084405043645736	0.7067072216296604	0.7089941810612643	0.7071772225082504	0.7047224174921172	0.7041435032990295	0.7040066489704283	0.7039742825744464	0.7039666271390849	0.7039648150954446	0.7039643931464964	SRR1944917
TCG	Ser	S	5375	12897	0.0027212615411493484	5375	9930.430553860962	0.003323720804958502	0.0020637765668769623	0.8187395093744417	1.06819853113569	1.1373744531328793	1.1689222060003452	1.1916372792570122	1.2124735950225396	1.233116866826477	1.2539775718723565	1.2751589341750798	1.2966903201974977	1.318583409088385	0.5661981740514528	0.7358871946161994	0.7779558908667922	0.7854228074617627	0.7849363837500506	0.7848216565967893	0.7847945295925016	0.7847881159526785	0.7847865990480535	0.7847862375737238	0.7847861562080879	SRR1944917
TCT	Ser	S	17460	140516	0.029648816524474052	17460	124727.26322844625	0.0299982792216429	0.025921253031821564	0.9883505752251042	0.9895190521352394	1.0017668264871904	1.017633352803058	1.034563438977215	1.0519699875391315	1.0697162685195263	1.0877731982998557	1.1061376389381063	1.1248127720915895	1.1438033681503144	0.6834924717908403	0.6816845165672525	0.6852012560981905	0.6837687237204118	0.6814711982299816	0.6809293263786228	0.6808012268218876	0.6807709308571741	0.6807637640109984	0.6807620675769216	0.6807616739005856	SRR1944917
TGC	Cys	C	2548	9152	0.0019310681262773386	2548	6718.636364206672	0.0021453617125984253	0.0013962903435668394	0.9001130741437825	1.1479422759501794	1.1999154684339188	1.2277219862182158	1.2502600660542758	1.271803818523503	1.29338082131616	1.3152426312937002	1.3374544209727501	1.3600366168563267	1.3829989838248136	0.6224719500948991	0.7908230505917122	0.8207334925090805	0.82493158590723	0.8235514548585047	0.8232254985323476	0.8231484140356133	0.8231301817403586	0.8231258694791653	0.823124845524109	0.8231246116663485	SRR1944917
TGG	Trp	W	7624	52110	0.010995187943652986	7624	36306.56756517291	0.009229024792509045	0.0075453569669853525	1.1913705067275893	1.2507134953695105	1.2740087379136964	1.2959360817068495	1.317911725137995	1.3401852961511171	1.3628176118538424	1.3858278870887912	1.4092256529441938	1.4330182137685634	1.4572124276906102	0.8238906243126177	0.8616226464920839	0.8714127523663787	0.8707660358921178	0.8681138813285587	0.8674881239392479	0.8673401811198453	0.8673051902508824	0.8672969132124673	0.8672949545784844	0.8672945010711222	SRR1944917
TGT	Cys	C	5116	35751	0.007543445867847589	5116	34352.157887250185	0.00833746209299851	0.007139184759899502	0.904765237155596	0.9122507625253508	0.9250247514335577	0.9399798136889678	0.955689619581371	0.971786277186797	0.9881840218632372	1.0048656689069326	1.021830652068981	1.039082471052835	1.0566256682722102	0.6256891469841649	0.6284540137941775	0.6327102324068573	0.6315917179391455	0.6295166885424952	0.6290272374183874	0.6289115293547567	0.6288841625049995	0.6288776879087974	0.6288761551502602	0.6288758003768927	SRR1944917
TTA	Leu	L	17779	71125	0.01500734489526614	17779	55487.88797259331	0.015409279234943604	0.01153168559230382	0.9739160843574047	1.0905244268383167	1.1313855749699082	1.1558302932972737	1.1766247871596862	1.1967977993300731	1.2170777621033133	1.2376439394310716	1.2585438257022696	1.2797933204159624	1.3014008034768094	0.6735103196178027	0.7512676134026139	0.7738595415653519	0.7766260827716959	0.7750475933747625	0.7746748756736092	0.7745867366533824	0.7745658911555318	0.7745609604066818	0.7745597920776123	0.7745595213827107	SRR1944917
TTC	Phe	F	14183	128556	0.027125261586725256	14183	106575.79487718642	0.024911591894552033	0.022148951837572328	1.088861029096151	1.0627900720368995	1.0734013701341694	1.0897788597192677	1.1077580012445252	1.126359640971969	1.1453520860640565	1.1646836487535501	1.1843460311227814	1.2043414524186786	1.224674728883169	0.7530003369949401	0.7321612806803565	0.734198765288078	0.732244769685668	0.7296847578561897	0.7290809820356973	0.7289382505274897	0.7289044931014361	0.7288965076829338	0.7288946192285708	0.7288941802702305	SRR1944917
TTG	Leu	L	22651	232758	0.04911183948165	22651	196893.61533150822	0.04621827782506916	0.040919114965349224	1.0626064360842833	1.0458662938640007	1.053006657679472	1.0682642712222894	1.0856953680960624	1.10388018274586	1.122482440994557	1.1414253227752795	1.1606944103661747	1.1802903644799774	1.2002175394858483	0.7348440095506454	0.7205024070918293	0.720248929635481	0.717788676361459	0.7151520105336521	0.7145302605050686	0.714383285927536	0.7143485247698446	0.7143403025557985	0.7143383581699603	0.7143379045530605	SRR1944917
TTT	Phe	F	16210	53534	0.01129565134092341	16210	45665.17276672274	0.013275139989891466	0.009490294803150175	0.8508875499259997	0.989630052053702	1.0329033995330994	1.0566535821223517	1.0760079447376745	1.094538687762571	1.1131057682696943	1.1319198168781992	1.1510355109654027	1.1704700897383313	1.1902318711083635	0.588430106981539	0.6817609849541855	0.7064984466195245	0.709987216193599	0.7087708648686475	0.7084836071198135	0.7084156751858308	0.7083996081133781	0.7083958084161853	0.7083949063323134	0.7083946974346326	SRR1944917
