transcript_id	SRR1944912.isoforms.results	SRR1944913.isoforms.results	SRR1944914.isoforms.results	SRR1944915.isoforms.results	SRR1944916.isoforms.results	SRR1944917.isoforms.results
15S_RRNA	0.0	0.0	0.0	0.0	0.0	0.0
COX1	10.28	29.71	11.74	34.85	16.36	5.1
AI1	22.88	32.55	18.35	18.9	4.1	13.49
AI2	10.76	11.11	9.45	6.39	9.45	4.15
AI3	0.0	4.05	0.0	1.24	0.0	0.0
AI4	0.0	5.22	4.46	1.62	1.48	1.26
AI5_ALPHA	2.08	7.37	0.0	0.0	1.62	0.0
AI5_BETA	7.0	0.0	2.0	0.0	3.0	0.0
ATP8	4.0	8.0	2.0	12.0	5.0	1.0
ATP6	17.0	42.0	7.0	26.0	22.0	6.0
COB	19.0	31.31	3.9	30.67	10.69	4.32
BI2	0.0	0.0	2.68	1.88	1.78	0.0
BI3	0.0	1.89	0.0	0.0	4.68	1.68
BI4	0.0	3.8	1.42	4.45	4.85	0.0
OLI1	45.0	72.0	20.0	67.0	20.0	17.0
VAR1	7.0	5.0	2.0	8.0	6.0	7.0
21S_RRNA	0.0	0.0	0.0	0.0	0.0	0.0
SCEI	0.0	1.0	1.0	2.0	1.0	0.0
COX2	22.0	38.92	4.0	67.0	29.0	11.0
Q0255	0.0	3.08	1.0	0.0	3.0	0.0
COX3	13.0	37.0	5.0	43.0	18.0	13.0
RPM1	0.0	0.0	0.0	0.0	0.0	0.0
NM_001178148.1	436.0	571.0	312.0	680.0	565.0	330.0
NM_001178149.1	185.0	260.0	155.0	268.0	196.0	140.0
NM_001178150.1	47734.0	56888.0	26455.0	54072.0	46414.0	24492.0
NM_001178151.1	51675.6	64470.69	40789.11	86482.49	72886.07	39076.13
NM_001178152.1	1710.0	2267.0	1226.0	2047.0	1985.0	1028.0
NM_001178153.1	397.0	534.0	312.0	717.0	651.0	354.0
NM_001178154.1	131.0	156.0	73.0	200.0	170.0	106.0
NM_001178155.2	179.0	210.0	101.0	243.0	219.0	111.0
NM_001178156.1	164.0	195.0	118.0	220.0	164.97	101.0
NM_001178157.1	15902.0	18613.0	9517.0	17829.0	16803.0	9980.0
NM_001178158.2	386.0	507.0	243.0	625.0	463.0	322.0
NM_001178159.1	300.0	374.0	210.0	452.0	421.0	194.0
NM_001178160.1	128.0	181.0	96.0	206.0	179.0	102.0
NM_001178161.1	3406.0	4368.0	2214.0	5200.0	4442.0	2326.0
NM_001178162.2	697.07	770.0	486.0	912.0	740.0	477.0
NM_001178163.1	2.0	1.0	1.0	3.0	0.0	0.0
NM_001178164.1	1301.0	1651.0	854.0	1831.0	1555.0	918.0
NM_001178165.2	176.0	200.0	112.0	205.0	204.0	161.0
NM_001178166.1	1802.01	2266.26	1083.29	2153.78	1908.02	1177.81
NM_001178167.1	783.0	998.0	514.0	1085.0	978.0	569.0
NM_001178168.1	5588.0	6791.0	3699.0	6244.0	5284.0	3252.0
NM_001178169.1	239.0	315.0	156.0	349.0	296.0	160.0
NM_001178170.2	1422.0	1683.0	1028.0	1884.0	1759.0	866.0
NM_001178171.2	1034.0	1234.0	681.0	1402.0	1079.0	649.0
NM_001178172.1	106.0	130.0	80.0	147.0	147.0	74.0
NM_001178173.1	52.0	53.0	27.0	50.0	43.0	34.0
NM_001178174.1	909.0	1151.0	618.0	1096.0	1020.0	596.0
NM_001178175.1	540.0	777.0	414.0	930.0	789.0	545.0
NM_001178176.1	208.0	271.0	154.0	370.0	311.0	167.0
NM_001178177.1	253.0	282.0	134.0	287.0	248.0	155.0
NM_001178178.1	374.0	455.0	268.0	484.0	474.0	298.0
NM_001180035.1	14.0	13.0	9.0	34.0	31.0	10.0
NM_001178179.1	130.0	157.0	90.0	153.0	142.0	60.0
NM_001178180.1	13936.0	17116.33	8804.0	20508.96	17406.74	9901.0
NM_001178181.1	2712.0	3294.0	1863.0	4977.0	4606.0	2688.0
NM_001184629.1	2.0	5.0	6.0	3.0	4.0	1.0
NM_001178182.1	11.0	11.0	14.0	10.0	10.0	4.0
NM_001178183.1	246656.0	279963.0	151719.0	278259.0	251949.0	144469.0
NM_001178184.1	331.0	365.0	225.0	475.0	376.0	281.0
NM_001178185.1	346.0	416.0	214.0	324.0	265.0	156.0
NM_001178186.1	723.0	1021.0	487.0	977.0	891.0	525.0
NM_001178187.1	2396.0	2762.0	1562.0	3506.0	3099.0	1851.0
NM_001178188.1	848.0	1032.0	521.0	1083.0	910.0	603.0
NM_001178189.1	2871.0	3082.0	1639.0	4018.0	3935.0	2252.0
NM_001184453.1	397.0	553.0	274.0	492.0	431.0	244.0
NM_001178191.1	365.0	447.0	243.0	445.0	410.0	273.0
NM_001178192.2	208.0	285.0	125.0	289.0	242.0	128.0
NM_001178193.1	207.0	235.0	147.0	315.0	273.0	136.0
NM_001178194.1	817.0	1092.0	546.0	1255.0	1150.0	556.0
NM_001178195.2	446.0	543.0	327.0	697.0	611.0	306.0
NM_001178196.2	1305.0	1561.0	874.0	1676.0	1485.0	863.0
NM_001178197.1	23.0	54.0	20.0	40.0	38.0	15.0
NM_001178198.1	93.0	124.0	103.0	118.0	95.0	60.0
NM_001178199.2	193.0	245.0	158.0	307.0	259.0	151.0
NM_001178200.1	305.0	338.0	209.0	393.0	360.0	226.0
NM_001178201.2	698.0	853.0	498.0	821.0	756.0	365.0
NM_001178202.2	1077.0	1240.0	650.0	1605.0	1325.0	750.0
NM_001178203.1	147.0	116.0	130.0	243.0	173.0	187.0
NM_001178204.1	22.09	29.16	25.15	48.25	27.14	20.04
NM_001178205.1	47.94	17.29	24.92	26.43	19.7	25.34
NM_001184642.1	0.0	1.0	0.0	0.0	0.0	1.0
NM_001180041.1	0.0	0.0	0.0	0.0	0.0	0.0
NM_001178206.2	0.0	0.0	0.0	0.0	0.0	0.0
NM_001180042.1	1.06	1.03	1.02	1.41	1.38	0.0
NM_001179897.1	2.0	5.69	1.39	1.3	0.22	0.0
NM_001178208.1	4.0	8.0	2.0	9.0	9.0	3.0
NM_001184582.1	0.0	0.0	0.0	0.0	0.0	0.0
NM_001180043.1	0.0	0.0	0.0	0.0	0.0	0.0
NM_001180033.1	2662.0	3316.0	1937.0	3373.0	3146.0	1793.0
NM_001178209.1	1560.0	1839.0	952.0	1900.0	1574.0	863.0
NM_001178210.1	262.0	322.0	179.0	340.0	337.0	149.0
NM_001178211.1	1919.0	2370.0	1296.0	2854.0	2458.0	1301.0
NM_001178212.1	205.0	226.0	147.0	263.0	236.0	117.0
NM_001178213.1	13.0	14.0	10.0	10.0	11.0	11.0
NM_001178214.1	1.0	1.0	2.0	3.0	2.0	2.0
NM_001178215.2	856.0	1122.0	512.0	1252.0	941.0	496.0
NM_001178216.1	3037.0	3227.0	1318.0	2382.0	2327.0	935.0
NM_001178217.1	226.0	311.0	147.0	358.0	316.0	187.0
NM_001178218.2	163.0	201.0	103.0	260.0	189.0	117.0
NM_001178219.1	0.0	1.0	1.27	1.51	0.95	0.0
NM_001178220.2	4.0	8.0	5.0	3.0	5.0	3.0
NM_001178221.1	478.08	605.43	310.59	602.53	525.35	261.74
NM_001178222.1	301.74	369.89	200.22	382.34	341.59	185.43
NM_001178223.1	1.0	4.0	2.0	3.0	0.0	1.0
NM_001178224.1	85.74	126.38	86.41	106.08	103.75	60.74
NM_001178225.1	210.57	240.93	129.76	228.24	200.23	122.56
NM_001184583.1	0.0	0.0	0.0	0.0	0.0	1.0
NM_001178226.1	37.0	38.0	30.0	57.0	65.0	32.0
NM_001178227.1	726.0	803.0	539.0	722.0	704.0	421.0
NM_001178230.1	0.0	7.45	6.67	18.86	2.42	3.66
YAR061W	0.0	0.0	0.0	0.0	0.0	0.0
NM_001178235.1	0.0	0.0	0.5	0.0	0.0	0.0
NM_001180045.1	0.21	0.0	35.0	0.0	0.0	24.0
NM_001178236.1	0.0	10.52	0.0	3.16	3.05	5.1
NM_001178239.1	1003.2	1457.21	801.87	216.23	272.56	30.66
NM_001178241.1	1321.0	1642.0	1003.0	2150.0	1841.0	1080.0
NM_001178242.1	10168.7	12410.99	6884.84	11208.62	10736.93	5669.82
NM_001178243.1	8024.64	9578.27	5367.93	9603.09	8678.13	4517.45
NM_001178244.1	3531.0	4612.0	2265.0	4577.0	3720.0	2122.0
NM_001178245.1	185.0	213.0	193.0	250.0	174.0	181.0
NM_001180047.1	1178.94	1521.92	616.19	1768.87	1710.24	889.46
NM_001180048.2	73.36	63.48	34.06	57.14	54.11	32.98
NM_001178246.1	454.0	592.0	334.0	551.0	529.0	277.0
NM_001178247.1	5931.0	7460.0	3318.0	7358.0	5627.0	3400.0
NM_001178248.2	318.0	437.74	269.5	468.27	426.73	234.15
NM_001184539.1	0.0	4.26	1.5	11.73	12.27	7.85
NM_001178249.1	712.0	922.0	514.0	805.0	657.0	372.0
NM_001178250.1	190.0	266.0	122.0	245.0	249.0	108.0
NM_001178251.1	804.0	1001.01	507.0	808.0	665.01	363.0
NM_001178253.1	104.0	133.0	78.0	125.0	87.0	54.0
NM_001178254.2	99.0	191.0	109.0	239.0	210.0	122.0
NM_001178255.1	495.0	614.0	330.0	595.0	499.0	278.0
NM_001178256.1	538.0	677.0	411.0	674.0	649.0	377.0
NM_001178257.1	3538.0	4471.0	2415.0	4574.78	4178.98	2068.0
NM_001178258.1	366.0	448.0	326.0	535.0	449.0	252.0
NM_001178259.1	92.0	107.0	74.0	145.0	126.0	51.0
NM_001178260.1	476.0	605.0	350.0	536.0	480.0	238.0
NM_001178261.1	160.0	252.0	123.0	327.0	312.0	160.0
NM_001178262.1	2861.0	3528.0	1891.0	5600.0	4480.0	2755.0
NM_001178263.1	826.0	1182.0	648.0	1133.0	894.0	574.0
NM_001178264.1	4390.0	5379.0	3131.0	5337.0	4661.0	2734.0
NM_001178265.1	136.0	190.0	96.0	235.0	174.0	106.0
NM_001178266.1	1000.0	1213.0	802.0	855.0	981.0	552.0
NM_001178267.1	36727.84	43481.6	21943.09	44178.07	39750.23	20613.39
NM_001178268.1	1257.0	1571.0	915.0	1587.0	1388.0	785.0
NM_001184457.1	133.0	188.0	81.0	142.0	130.0	54.0
NM_001178269.1	73.0	99.0	47.0	92.0	83.0	36.0
NM_001178270.1	6242.0	8058.93	4189.0	9393.97	8455.0	4586.0
NM_001178271.1	179.0	198.0	104.0	237.0	196.0	85.0
NM_001178272.1	2690.0	3197.0	1728.0	2720.0	2400.0	1383.0
NM_001178273.1	517.0	648.0	390.0	697.0	652.0	381.0
NM_001178274.1	591.0	763.0	418.0	830.0	718.0	386.0
NM_001178275.1	785.0	927.0	467.0	1075.0	903.0	451.0
NM_001178276.1	1153.0	1596.0	847.0	1961.0	1728.0	913.0
NM_001178277.1	593.0	687.0	427.0	873.0	657.0	462.0
NM_001178278.1	420.0	511.0	308.0	706.0	593.0	302.0
NM_001178279.1	7671.56	9395.0	4891.0	8787.0	7680.0	4090.0
NM_001184527.1	35.0	49.0	26.0	42.0	51.0	35.0
NM_001178280.1	1238.0	1582.0	849.0	1776.0	1697.0	838.0
NM_001178281.1	2920.0	3659.0	2023.0	3392.0	2989.0	1664.0
NM_001178282.1	1299.0	1631.0	819.0	1306.0	1079.0	660.0
NM_001178283.1	4.0	3.0	8.0	5.0	14.0	7.0
NM_001178284.1	2.0	0.0	3.0	4.0	3.0	4.0
NM_001178285.1	1760.0	2362.0	1138.0	3439.0	3094.0	1555.0
NM_001178286.1	286.0	388.0	215.0	512.0	425.0	236.0
NM_001178287.1	5563.0	6876.0	3199.0	8913.0	6923.0	3906.0
NM_001348869.1	3.0	16.0	4.0	13.0	13.0	3.0
NM_001178289.1	5.0	11.0	7.0	9.0	13.0	8.0
NM_001178290.1	1440.0	1807.0	861.0	1904.0	1731.0	870.0
NM_001178291.1	1970.0	2544.0	1193.0	3423.0	2673.0	1624.0
NM_001178292.1	150.0	160.0	109.0	199.0	172.0	89.0
NM_001178294.1	751.0	900.0	528.0	804.0	761.0	434.0
NM_001178295.1	379.0	414.0	244.0	377.0	357.0	209.0
NM_001178296.2	1818.0	2143.0	1296.0	2436.0	2139.0	1211.0
NM_001178297.2	602.0	713.0	427.0	816.0	718.0	428.0
NM_001178298.1	3068.0	3771.0	1732.0	5574.0	4813.0	2528.0
NM_001184440.1	309.0	391.0	248.0	466.0	405.0	253.0
NM_001178299.1	100.0	130.0	69.0	182.0	161.0	88.0
NM_001178300.1	176.0	226.0	138.0	292.0	235.0	127.0
NM_001178301.1	767.0	989.0	458.0	1046.0	838.0	472.0
NM_001178303.1	287.0	392.0	204.0	413.0	318.0	191.0
NM_001178304.1	887.0	1028.0	537.0	1590.0	1417.0	737.0
NM_001178306.1	188.0	199.0	116.0	241.0	238.0	125.0
NM_001178307.2	530.0	754.0	400.0	657.0	536.0	318.0
NM_001178308.2	1250.0	1433.0	780.0	1612.0	1472.0	778.0
NM_001178309.1	765.0	933.0	465.0	969.0	783.0	431.0
NM_001346794.1	5.19	4.12	2.07	4.08	2.03	0.0
NM_001184584.1	4.0	4.0	1.0	0.0	4.0	1.0
NM_001184454.1	693.81	846.88	392.93	887.92	911.97	376.0
NM_001178312.1	45901.63	52764.66	25914.48	46420.95	42978.44	22278.26
NM_001178314.1	147.0	215.0	135.0	219.0	190.0	116.0
NM_001178315.1	26.0	57.0	11.0	134.0	97.0	29.0
NM_001178316.1	18228.0	21927.0	11980.0	26322.0	21879.0	12189.0
NM_001178318.1	137.0	194.0	88.0	314.0	270.0	127.0
NM_001178319.1	1423.0	1824.0	1032.0	2145.0	1847.0	1120.0
NM_001178320.2	136.0	131.0	76.0	159.0	140.0	78.0
NM_001178321.1	524.73	664.03	371.3	613.88	621.5	385.27
NM_001178322.1	566.0	637.0	355.0	630.0	563.0	355.0
NM_001178324.2	214.0	275.0	157.0	259.0	251.0	144.0
NM_001178325.1	880.0	1127.0	560.0	1212.01	1007.0	529.0
NM_001178326.1	306.0	345.0	175.0	515.0	463.0	228.0
NM_001178327.1	18028.09	21734.16	12567.51	21110.54	19672.3	11350.58
NM_001178328.2	136.0	133.0	109.0	177.0	138.0	72.0
NM_001178329.1	254.0	284.0	185.0	337.0	336.0	171.0
NM_001178330.1	382.0	454.0	247.0	586.0	471.0	235.0
NM_001178331.2	2686.01	3359.0	1815.0	2954.0	2651.0	1474.0
NM_001184321.1	167.0	203.0	132.0	182.0	196.0	121.0
NM_001178332.1	44213.0	52207.0	25182.0	48776.0	46931.0	20807.0
NM_001178333.1	557.0	640.0	392.0	751.0	663.0	429.0
NM_001178335.1	82.0	92.0	56.0	76.0	71.0	31.0
NM_001178337.2	311.0	353.0	198.0	399.0	365.0	195.0
NM_001178338.1	442.0	554.0	282.0	642.0	627.0	302.0
NM_001178339.2	9033.0	11683.0	5482.0	12330.0	11169.0	5769.0
NM_001180049.1	3.23	0.8	4.21	7.7	2.62	5.03
NM_001180050.2	3.06	20.64	11.07	13.09	17.37	7.81
NM_001184585.1	3.0	6.0	3.0	3.0	9.0	2.0
NM_001178341.1	534.0	656.0	322.0	781.0	687.0	413.0
NM_001178342.1	821.0	937.0	578.0	1257.0	1114.0	658.0
NM_001178343.1	364.0	419.0	216.0	428.0	360.0	212.0
NM_001178344.1	370.0	441.0	227.0	466.0	413.0	265.0
NM_001178345.2	737.0	1066.0	586.0	1208.0	1051.0	558.0
NM_001178346.2	222.0	281.0	213.0	212.0	209.0	97.0
NM_001178347.1	225.0	296.0	173.0	367.0	333.0	185.0
NM_001184458.1	0.0	0.0	0.0	0.0	0.0	0.0
NM_001180052.1	0.0	0.0	0.0	0.0	0.0	0.0
NM_001180053.1	0.0	0.0	0.0	0.0	0.0	0.0
NM_001180054.1	0.0	1.11	0.0	1.0	1.23	0.0
NM_001178349.1	470.0	620.33	284.88	752.11	622.0	317.8
NM_001178350.1	318.0	431.0	219.0	421.0	368.0	213.0
NM_001178351.1	428.0	594.0	297.0	530.0	505.0	280.0
NM_001178352.2	450.0	477.0	272.0	612.0	497.0	247.0
NM_001178353.1	117.0	180.0	85.0	215.0	213.0	92.0
NM_001178354.1	204.0	300.0	182.0	331.0	290.0	153.0
NM_001178355.2	311.0	349.0	199.0	410.0	335.0	175.0
NM_001178356.1	62.0	134.0	118.0	158.0	151.0	63.0
NM_001178357.1	7859.13	9302.68	5315.91	11521.37	9901.82	5014.65
NM_001178358.1	13385.72	15398.39	8836.78	16044.74	14331.86	7591.31
NM_001178359.1	24580.0	28366.0	16569.0	27169.0	26494.0	14967.0
NM_001180055.1	47.08	23.3	2.39	15.77	1.63	12.01
NM_001180056.2	52.21	55.78	29.01	49.19	46.73	22.61
NM_001178361.1	131.0	192.0	108.0	221.0	200.0	116.0
NM_001178362.1	688.0	899.0	510.0	884.0	740.0	407.0
NM_001178363.1	1719.0	2180.0	1172.0	2229.0	1979.0	1200.0
NM_001178364.1	1194.0	1359.0	681.0	1626.0	1467.0	741.0
NM_001178365.1	2267.0	2778.0	1555.0	3263.0	2823.0	1644.0
NM_001178366.1	2.0	4.0	4.0	12.0	13.0	5.0
NM_001178367.1	5.0	9.0	7.0	6.0	11.0	5.0
NM_001178368.1	0.0	0.0	0.0	0.0	0.0	0.0
NM_001178369.1	266.0	360.0	177.0	247.0	239.0	150.0
NM_001178370.1	217.0	278.0	179.0	377.0	326.0	182.0
NM_001178371.1	1383.0	1783.0	952.0	2033.0	1763.0	1019.0
NM_001178372.1	205.0	240.0	143.0	239.0	196.0	122.0
NM_001178373.1	15024.0	18463.0	9837.0	19546.0	16979.0	8652.0
NM_001178374.1	1137.67	1550.82	716.56	1991.83	1794.45	979.45
NM_001346795.1	1.33	5.18	6.44	7.17	6.55	2.55
NM_001178376.1	436.0	500.0	270.0	477.0	497.0	301.0
NM_001178377.1	1150.0	1542.0	809.0	1595.0	1281.0	832.0
NM_001178378.1	262.0	308.0	154.0	399.0	372.0	206.0
NM_001178379.1	74470.41	85842.43	41678.07	75536.39	69296.88	37193.27
NM_001346796.1	0.0	0.0	0.0	2.0	3.0	0.0
NM_001178381.1	11.0	19.0	8.0	11.0	7.0	1.0
NM_001178382.1	1874.0	2280.0	1255.0	2178.0	1909.0	1109.0
NM_001178383.1	1632.0	2046.0	1057.0	2072.0	1822.0	976.0
NM_001178384.1	1632.0	1832.0	1117.0	2307.0	1993.0	1266.0
NM_001178385.1	412.0	459.0	213.0	574.0	479.0	281.0
NM_001178386.1	2072.0	2556.0	1344.0	2803.0	2453.0	1437.0
NM_001178387.1	2594.0	3527.0	1827.0	4462.0	4164.0	1867.0
NM_001178388.1	3.0	11.0	4.0	12.0	6.0	10.0
NM_001178389.1	898.0	1178.0	609.0	1197.0	1105.0	654.0
NM_001178390.1	509.0	685.0	379.0	651.0	567.0	324.0
NM_001178391.2	125.0	154.0	89.0	152.0	143.0	106.0
NM_001178392.2	156.0	145.0	75.0	148.0	150.0	65.0
NM_001178393.2	21.0	34.0	20.0	26.0	21.0	11.0
NM_001178394.1	616.0	789.0	422.0	833.0	704.0	382.0
NM_001178395.1	134.0	162.0	93.0	169.0	159.0	91.0
NM_001178396.1	25184.55	29916.48	14191.02	26274.06	25665.99	12263.02
NM_001178397.1	2053.0	2632.0	1110.0	2732.0	2086.0	1218.0
NM_001178398.1	13.0	23.0	6.0	16.0	12.0	7.0
NM_001178400.1	1140.0	1332.0	901.0	1734.0	1609.0	937.0
NM_001178401.1	739.0	960.0	548.0	590.0	508.0	294.0
NM_001178402.1	616.98	912.68	534.95	446.43	305.32	179.21
NM_001178403.1	394.0	642.0	297.0	607.0	482.0	292.0
NM_001178404.1	712.0	937.0	498.0	1093.0	939.0	563.0
NM_001270739.1	33.0	39.0	18.0	52.0	41.0	26.0
NM_001178405.1	402.0	537.0	249.0	573.0	522.0	253.0
NM_001178406.1	1230.0	1574.0	796.0	1706.0	1581.0	878.0
NM_001184442.3	997.0	1251.0	752.0	1643.0	1539.0	979.0
NM_001178407.1	1251.0	1540.0	862.0	2024.0	1560.0	1021.0
NM_001178408.1	471.0	612.0	292.0	590.0	468.0	279.0
NM_001178409.3	704.0	840.0	459.0	818.0	740.0	399.0
NM_001178410.1	325.0	408.0	271.0	489.0	457.0	248.0
NM_001178411.1	1.0	3.0	1.0	10.0	4.0	3.0
NM_001178413.3	261.0	325.0	204.0	371.0	335.0	183.0
NM_001178414.1	293.0	450.0	230.0	348.0	297.0	165.0
NM_001178415.1	4995.0	5743.0	3726.0	4596.0	4414.0	3335.0
NM_001178416.4	3364.0	4466.0	2204.0	6190.0	5291.0	2713.0
NM_001178417.1	44.0	55.0	35.0	68.0	50.0	43.0
NM_001178418.1	276.0	324.0	195.0	295.0	273.0	136.0
NM_001178419.3	472.0	688.0	357.0	816.0	760.0	410.0
NM_001184540.1	3.0	3.0	0.0	3.0	2.0	2.0
NM_001178420.1	274.0	308.0	230.0	515.0	415.0	160.0
NM_001178421.4	966.0	1243.0	725.0	1595.0	1385.0	799.0
NM_001178422.2	1336.0	1774.0	915.0	1638.0	1412.0	770.0
NM_001178424.2	4.0	3.0	3.0	10.0	0.0	2.0
NM_001178425.3	466.0	601.0	283.0	737.0	751.0	275.0
NM_001178426.2	37681.0	46094.0	23004.0	40560.0	36271.0	20193.0
NM_001178427.1	8925.0	10281.0	5517.0	10207.0	8031.0	5141.0
NM_001178428.3	2952.0	3712.0	1909.0	4046.0	3603.0	1784.0
NM_001178429.1	581.0	745.0	370.0	800.0	705.0	370.0
NM_001178430.1	6435.0	7604.0	4483.0	7852.0	7788.0	4339.0
NM_001178431.3	722.0	1120.0	477.0	874.0	802.0	500.0
NM_001180057.1	27946.16	33937.4	16744.91	35674.93	32663.77	16487.61
NM_001178432.1	5535.0	6790.0	3528.0	6630.0	6196.0	3153.0
NM_001184443.1	535.0	716.0	472.0	1220.0	1037.0	566.0
NM_001178433.3	198.0	239.07	164.0	253.03	164.0	98.0
NM_001178434.1	2892.0	3946.0	1973.0	3401.0	2926.0	1626.0
NM_001178435.3	648.0	834.0	499.0	798.0	736.0	389.0
NM_001178436.1	1983.0	2380.0	1412.0	2472.0	2277.0	1343.0
NM_001180058.2	1016.02	1215.44	556.0	1163.0	1024.0	464.46
NM_001178438.4	8.98	8.56	0.0	0.0	0.0	8.54
NM_001178439.1	302.0	326.0	153.0	370.0	367.0	158.0
NM_001178440.1	3971.89	4990.88	3023.55	5629.44	5370.77	3174.17
NM_001178441.3	1166.06	1259.65	688.89	160.96	175.98	30.96
NM_001178442.2	727.0	975.0	527.0	1039.0	819.0	461.0
NM_001178443.1	314.0	447.0	233.0	551.0	433.0	243.0
NM_001178444.3	1052.0	1444.0	762.0	1645.0	1397.0	753.0
NM_001178445.2	305.0	365.0	222.0	353.0	322.0	201.0
NM_001178446.1	96.0	141.0	81.0	170.0	131.0	92.0
NM_001178449.3	1593.0	1949.0	1028.0	2771.0	2382.0	1113.0
NM_001178450.1	575.0	875.0	429.0	1067.0	881.0	437.0
NM_001178451.1	287.0	374.0	214.0	494.0	413.0	210.0
NM_001178452.3	487.0	651.0	438.0	534.0	508.0	261.0
NM_001178453.1	189.0	248.0	135.0	296.0	252.0	171.0
NM_001178454.1	7677.0	8845.0	4992.0	7916.0	7591.0	4542.0
NM_001178455.3	71.0	57.0	38.0	85.0	70.0	38.0
NM_001178456.2	549.0	795.95	311.56	769.56	603.9	360.51
NM_001178457.1	4641.0	5342.0	2982.0	5410.0	5035.0	2624.0
NM_001178458.3	563.0	751.0	409.0	878.0	812.0	430.0
NM_001178459.1	1609.0	2026.0	1032.0	2264.0	1874.0	1057.0
NM_001184520.1	307.0	351.0	199.0	356.0	272.0	154.0
NM_001178460.3	1900.32	2151.62	1124.7	2198.39	1614.87	1115.7
NM_001178462.1	137.0	192.0	119.0	242.0	214.0	120.0
NM_001178463.1	5639.0	6562.0	3290.0	12459.0	9819.0	5549.0
NM_001178465.3	14.0	13.0	10.0	18.0	22.0	15.0
NM_001178466.1	287093.46	338287.26	196546.26	330388.24	296134.26	177933.75
NM_001178467.1	228.0	255.0	161.0	235.0	202.0	112.0
NM_001178468.3	157.0	238.0	144.0	296.0	216.0	163.0
NM_001178469.2	11319.0	13619.0	8204.0	13863.0	11797.0	7129.0
NM_001178470.1	525.0	633.0	363.0	950.0	822.0	461.0
NM_001178471.3	450.0	627.0	369.0	772.0	596.0	329.0
NM_001178473.1	341.0	395.0	268.0	536.0	522.0	316.0
NM_001178474.1	3132.0	3761.0	2022.0	5377.0	4885.0	2574.0
NM_001270740.1	1549.0	1763.0	1037.0	1879.0	1801.0	1054.0
NM_001178475.3	16882.0	20008.0	10891.0	22212.0	19400.0	10268.0
NM_001178476.1	22.0	43.0	28.0	36.0	37.0	15.0
NM_001178477.1	321.0	383.0	208.0	426.0	406.0	185.0
NM_001178478.3	835.0	1045.0	497.0	1180.0	940.0	494.0
NM_001178479.3	179.0	206.0	118.0	277.0	204.0	116.0
NM_001178480.1	330.0	397.0	229.0	500.0	425.0	263.0
NM_001178481.1	499.0	603.0	339.0	537.0	525.0	245.0
NM_001178483.3	623.62	703.67	406.55	610.06	597.49	335.28
NM_001178484.3	290.0	302.0	203.0	329.0	267.0	149.0
NM_001178485.2	481.0	690.0	371.0	792.0	673.0	361.0
NM_001178486.2	205.0	277.0	160.0	331.0	258.0	134.0
NM_001178487.3	1032.0	1396.0	837.0	1474.0	1323.0	869.0
NM_001178488.3	887.0	1070.0	654.0	1082.0	854.0	575.0
NM_001178489.2	237.0	269.0	173.0	423.0	369.0	203.0
NM_001178490.1	1370.0	1729.0	966.0	1820.0	1691.0	979.0
NM_001178491.3	7366.0	9433.0	4634.0	10639.0	8897.0	4423.0
NM_001348890.1	0.0	1.0	2.0	2.0	0.0	1.0
NM_001178493.3	145.0	156.0	95.0	233.02	180.0	92.0
NM_001178494.1	612.0	762.0	436.0	726.0	655.0	359.0
NM_001178495.1	12.0	21.0	2.0	15.0	15.0	5.0
NM_001178496.3	15.0	51.0	20.0	30.0	33.0	14.0
NM_001178497.3	2471.0	3126.0	1597.0	3448.0	2890.0	1697.0
NM_001178498.1	213.66	293.19	134.08	279.32	233.27	131.68
NM_001178499.1	1432.0	2077.0	991.0	2011.0	1777.0	874.0
NM_001178500.3	125.0	180.0	82.0	170.0	117.0	96.0
NM_001178501.3	135.0	137.0	103.0	199.0	205.0	104.0
NM_001178502.1	2462.0	3267.0	1887.0	3142.0	2736.0	1487.0
NM_001178503.1	1115.0	1391.0	710.0	1433.0	1190.0	653.0
NM_001178504.3	203.0	284.0	151.0	331.0	271.0	151.0
NM_001178505.3	189.0	288.0	140.0	237.0	216.0	89.0
NM_001178506.1	1262.0	1633.0	893.0	1719.0	1645.0	831.0
NM_001178507.1	2075.0	2748.0	1593.0	2559.0	2229.0	1339.0
NM_001178508.3	768.0	915.0	537.0	1035.0	844.0	465.0
NM_001178509.3	232.0	347.0	147.0	275.0	244.0	141.0
NM_001178510.1	10356.0	12389.0	6950.0	9541.0	9014.0	4653.0
NM_001180059.1	1309.0	1576.0	906.0	2016.0	1767.0	965.0
NM_001178511.3	106.0	128.0	62.0	125.0	121.0	52.0
NM_001178512.3	1248.0	1650.0	914.0	2080.0	1844.0	1021.0
NM_001178513.1	202.0	320.0	185.0	352.0	289.0	173.0
NM_001178514.1	798.0	1090.0	573.0	1083.0	908.0	561.0
NM_001178515.3	139.0	163.0	124.0	196.0	167.0	87.0
NM_001178516.3	101.0	103.0	84.0	128.0	110.0	69.0
NM_001178517.1	503.0	635.0	370.62	408.0	369.85	186.0
NM_001178518.1	970.0	1136.0	707.0	1526.0	1321.0	755.0
NM_001178519.3	1168.0	1620.0	826.0	2002.0	1769.0	985.0
NM_001178520.3	1044.0	1296.0	653.0	1541.0	1151.0	712.0
NM_001178521.1	1474.0	1642.0	915.0	1710.0	1566.0	906.0
NM_001178523.1	244.0	302.0	169.0	476.0	392.0	206.0
NM_001178524.3	395.0	452.0	249.0	497.0	449.0	225.0
NM_001178525.3	1238.0	1588.0	876.0	2470.0	2291.0	1152.0
NM_001178527.1	406.0	542.0	305.0	524.0	421.0	259.0
NM_001178528.1	19.0	23.0	11.0	12.0	13.0	10.0
NM_001178529.3	42324.23	46654.16	25955.07	44799.74	40889.3	24240.87
NM_001178530.3	31.0	40.0	15.0	37.0	29.0	13.0
NM_001184586.1	2.0	3.0	2.0	5.0	6.0	2.0
NM_001178531.1	78.0	119.0	66.0	178.0	172.0	97.0
NM_001178532.3	47.0	81.0	39.0	55.0	63.0	23.0
NM_001178533.3	363.0	391.0	217.0	466.0	451.0	261.0
NM_001178534.1	17.0	16.0	9.0	22.0	17.0	4.0
NM_001178535.1	1864.0	2290.0	1253.0	2670.0	2442.0	1369.0
NM_001178536.3	251.0	264.0	138.0	255.0	224.0	140.0
NM_001178537.3	50195.04	58413.36	30254.13	57797.17	53530.21	26794.41
NM_001178539.1	39623.2	45414.73	24543.25	42861.77	39272.78	21287.88
NM_001178540.1	347.0	472.0	265.0	477.0	423.0	229.0
NM_001178541.3	245.0	328.0	191.0	307.0	278.0	152.0
NM_001178542.3	76.0	138.0	65.0	183.0	172.0	82.0
NM_001178543.1	273.0	319.0	205.0	399.0	321.0	194.0
NM_001178544.1	45909.0	52869.0	31229.0	54650.0	48747.0	30148.0
NM_001184541.3	0.0	0.0	0.0	0.0	0.0	0.0
NM_001184643.3	1.0	4.0	3.0	1.0	5.0	0.0
NM_001178545.1	206.0	255.0	113.0	254.0	227.0	145.0
NM_001178546.1	1170.0	1451.0	681.0	2099.0	1633.0	1000.0
NM_001178547.3	1109.0	1406.0	790.0	1572.0	1304.0	668.0
NM_001178548.3	570.0	738.0	448.0	772.0	681.0	353.0
NM_001184542.1	0.0	1.0	0.0	2.0	3.0	0.0
NM_001184676.3	30.0	37.0	20.0	36.0	40.0	23.0
NM_001178549.1	144.0	183.0	117.0	219.0	212.0	95.0
NM_001178550.4	1086.06	1328.54	754.57	1429.82	1252.86	766.42
NM_001178551.2	43.0	49.0	37.0	34.0	44.0	22.0
NM_001178552.2	241.0	327.0	179.0	315.0	298.0	185.0
NM_001178553.3	1842.0	2154.0	1360.0	2045.0	1895.0	1134.0
NM_001178555.4	818.0	1004.0	501.0	1103.0	973.0	514.0
NM_001178556.1	413.0	470.0	333.0	793.0	548.0	406.0
NM_001348891.1	33.0	45.0	19.0	49.0	54.0	14.0
NM_001178558.1	292.0	301.0	194.0	330.0	325.0	207.0
NM_001178559.3	217.0	288.0	150.0	285.0	274.0	143.0
NM_001178560.3	1214.86	1494.93	755.89	1706.91	1592.93	876.86
NM_001178561.1	147.0	188.0	146.0	174.0	172.0	115.0
NM_001178562.1	503.0	529.0	272.0	741.0	582.0	360.0
NM_001178563.3	460.0	670.0	265.0	687.0	537.0	318.0
NM_001178564.3	515.0	561.0	344.0	604.0	538.0	309.0
NM_001178565.1	82.0	94.0	44.0	108.0	68.0	45.0
NM_001178566.1	3507.03	4093.77	2418.81	4616.84	4111.85	2282.23
NM_001178567.3	0.0	0.0	0.0	0.0	0.0	0.0
NM_001178568.3	514.0	678.0	342.0	606.0	510.0	321.0
NM_001178569.1	6822.0	8340.0	4816.0	7121.0	6828.0	4099.0
NM_001184644.1	1.0	1.0	0.0	0.0	2.0	0.0
NM_001178570.3	1565.0	1938.0	1099.0	1894.0	1756.0	1086.0
NM_001178571.3	69.0	106.0	62.0	118.0	124.0	54.0
NM_001178573.1	245.0	316.0	151.0	329.0	276.0	132.0
NM_001178575.1	511.0	583.0	354.0	599.0	530.0	292.0
NM_001178576.3	103.0	107.0	69.0	162.0	132.0	64.0
NM_001178577.3	1409.0	1786.0	956.0	1929.0	1724.0	984.0
NM_001178578.1	700.0	813.0	458.0	959.0	937.0	510.0
NM_001184673.1	96.0	130.0	63.0	130.0	104.0	80.0
NM_001178579.3	245.0	287.0	155.0	444.0	362.0	220.0
NM_001178581.3	361.0	471.0	266.0	391.0	334.0	207.0
NM_001184461.1	254.0	313.0	177.0	283.0	271.0	140.0
NM_001178582.1	2426.0	2969.0	1692.0	3222.0	2904.0	1623.0
NM_001178583.3	487.0	540.0	325.0	610.0	493.0	257.0
NM_001178584.3	593.0	754.0	390.0	862.0	751.0	378.0
NM_001178585.1	184.0	270.0	142.0	309.0	249.0	127.0
NM_001178586.1	667.0	769.0	420.0	706.0	676.0	362.0
NM_001178587.3	167.0	160.0	119.0	171.0	156.0	88.0
NM_001178588.3	17.0	21.0	19.0	18.0	17.0	5.0
NM_001178589.1	181.0	237.0	139.0	296.0	271.0	190.0
NM_001178590.1	471.0	599.0	314.0	585.0	568.0	261.0
NM_001178591.3	724.0	928.0	484.0	986.0	847.0	454.0
NM_001178592.3	1525.0	1983.0	1001.0	1897.0	1712.99	801.0
NM_001178593.1	2353.0	3032.0	1498.0	3522.0	2982.0	1669.0
NM_001178594.1	461.0	544.0	366.0	740.0	642.0	384.0
NM_001178595.3	1623.0	1954.0	1173.0	1994.0	1942.0	1144.0
NM_001178596.3	1766.0	2069.0	1133.0	2433.0	2117.0	1104.0
NM_001178597.1	8082.0	8859.0	4631.0	8487.0	7481.0	4101.0
NM_001178598.1	9.0	16.0	10.0	13.0	7.0	7.0
NM_001178599.3	479.0	521.0	316.0	579.0	566.0	302.0
NM_001178600.3	1410.0	1671.0	903.0	1513.0	1246.0	765.0
NM_001178601.1	199.0	249.0	152.0	266.0	227.0	116.0
NM_001178602.1	363.0	470.0	271.0	631.0	602.0	390.0
NM_001184510.3	156.0	209.0	104.0	189.0	197.0	103.0
NM_001178603.3	148.0	188.0	125.0	279.0	221.0	154.0
NM_001178604.1	637.0	810.0	460.0	1234.0	1164.0	562.0
NM_001178605.1	215.55	292.0	137.0	323.52	256.46	128.51
NM_001178606.3	93.45	119.0	65.0	155.48	142.54	65.49
NM_001178607.3	90.0	93.0	49.0	108.0	96.0	58.0
NM_001178608.1	425.0	542.0	275.0	673.0	522.0	354.0
NM_001178609.1	1026.0	1163.0	669.0	963.0	940.0	518.0
NM_001178610.3	252.0	264.0	178.0	285.0	294.0	189.0
NM_001178611.3	5722.0	6620.0	3667.0	6338.0	5971.0	3588.0
NM_001178612.1	216.0	350.0	183.0	397.0	342.0	186.0
NM_001178613.2	670.0	861.0	477.0	1029.0	957.0	464.0
NM_001395042.1	0.56	0.0	0.01	40.85	19.34	0.0
NM_001178615.4	1022.44	1260.0	706.99	1444.15	1285.66	727.0
NM_001178616.3	425.0	523.0	261.0	677.0	590.0	384.0
NM_001178617.1	499.0	616.0	282.0	694.0	638.0	374.0
NM_001178618.2	22.0	36.0	14.0	31.0	39.0	23.0
NM_001178619.3	478.0	458.0	269.0	605.0	560.0	267.0
NM_001178620.3	376.0	503.0	276.0	530.0	475.0	233.0
NM_001178621.1	801.0	919.0	476.0	920.0	837.0	472.0
NM_001178622.1	240.0	295.0	145.0	326.0	280.0	185.0
NM_001178623.4	519.0	784.0	396.0	712.0	622.0	326.0
NM_001178624.3	205.0	250.0	147.0	262.0	249.0	139.0
NM_001178626.1	137.0	216.0	111.0	292.0	251.0	114.0
NM_001178627.1	903.0	1191.0	597.0	1381.0	1183.0	692.0
NM_001178628.3	145.0	190.0	118.0	280.0	214.0	139.0
NM_001178629.3	827.0	1084.0	624.0	1156.0	948.0	522.0
NM_001178630.1	429.0	475.0	254.0	599.0	460.0	290.0
NM_001178631.1	5484.0	6923.0	3824.0	7907.0	7108.0	3904.0
NM_001178632.3	28.0	28.0	13.0	60.0	30.0	28.0
NM_001178633.4	13.0	12.0	7.0	16.0	10.0	7.0
NM_001178634.1	12004.0	14980.0	7698.0	17149.0	15219.0	8320.0
NM_001178635.1	747.0	978.0	461.0	864.0	755.0	364.0
NM_001178636.4	710.0	894.0	500.0	1155.0	1080.0	533.0
NM_001178637.4	544.26	702.03	380.5	745.83	605.66	369.38
NM_001178638.1	450.0	599.0	342.0	762.0	640.0	337.0
NM_001178639.1	279.0	299.0	148.0	410.0	364.0	189.0
NM_001348892.1	5.0	0.0	0.0	1.0	0.0	1.0
NM_001178641.3	72.0	84.0	50.0	125.0	114.0	58.0
NM_001178642.3	4.0	6.0	3.0	16.0	10.0	3.0
NM_001178643.2	115.0	109.0	85.0	225.0	152.0	91.0
NM_001178644.1	205.0	242.0	100.0	113.0	87.0	21.0
NM_001184587.3	0.0	0.0	0.0	0.0	0.0	0.0
NM_001178645.3	66.91	129.28	63.43	119.66	106.37	69.12
NM_001178646.1	1.0	0.0	1.0	1.0	0.0	2.0
NM_001184588.1	1.0	2.0	0.0	1.0	0.0	0.0
NM_001178647.3	0.0	34.5	8.33	22.27	14.42	9.75
NM_001178649.3	0.5	4.0	4.0	2.0	4.0	4.0
NM_001178650.1	149.0	156.27	86.6	197.12	155.83	90.42
NM_001178651.1	1157.0	1536.0	895.0	1819.0	1485.0	878.0
NM_001184314.1	0.0	0.0	0.0	0.0	1.0	1.0
NM_001184462.1	0.0	1.0	0.0	5.0	1.0	1.0
NM_001178652.2	157.0	217.0	113.0	189.0	172.0	81.0
NM_001178653.1	61.0	59.0	59.0	112.0	102.0	71.0
NM_001178654.1	157.0	191.0	103.0	225.0	225.0	123.0
NM_001184518.1	1793.0	2168.0	1215.0	2480.0	2207.0	1204.0
NM_001178657.1	322.0	389.0	216.0	438.0	387.0	248.0
NM_001178658.1	4734.0	5597.0	3174.0	6479.0	6273.0	3819.0
NM_001178659.1	358.0	403.0	234.0	439.0	408.0	277.0
NM_001178660.1	2000.0	2318.0	1442.0	3255.0	2923.0	1553.0
NM_001184672.1	225.0	238.0	146.0	267.0	280.0	139.0
NM_001178662.1	989.0	1333.0	608.0	1448.0	1152.0	695.0
NM_001178663.1	223.0	226.0	137.0	247.0	248.0	147.0
NM_001178664.1	2484.0	2963.0	1583.0	3498.0	3366.0	1758.0
NM_001178665.1	0.0	0.0	0.0	1.0	0.0	0.0
NM_001178666.2	0.0	3.67	3.6	0.0	0.0	0.0
NM_001178667.1	19.97	13.65	2.01	3.07	9.3	0.07
NM_001184450.1	1.0	4.0	2.0	5.0	1.0	1.0
NM_001178670.1	317.0	419.0	214.0	396.0	323.0	190.0
NM_001178671.1	507.31	593.24	317.08	662.49	550.42	306.18
NM_001178713.1	14.0	20.0	9.0	25.0	19.0	16.0
NM_001184449.1	193.0	254.0	128.0	134.0	116.0	91.0
NM_001178672.1	153.0	231.0	127.0	318.0	278.0	166.0
NM_001178673.1	3415.0	4111.0	2123.0	4197.0	3657.0	1954.0
NM_001178674.1	368.0	502.0	261.0	390.0	373.0	199.0
NM_001178675.1	6488.0	7133.0	2946.0	8116.0	6879.0	2819.0
NM_001178676.1	997.0	1178.0	645.0	1368.0	1203.0	702.0
NM_001178677.1	176.0	247.0	128.0	206.0	191.0	101.0
NM_001178678.1	406.0	548.0	315.0	699.0	609.0	407.0
NM_001178679.1	799.0	1022.0	558.0	1463.0	1220.0	717.0
NM_001178680.1	1300.0	1635.0	983.0	2086.0	1830.0	921.0
NM_001178681.1	191.0	255.0	143.0	353.0	342.0	221.0
NM_001178682.1	8912.0	10370.0	5579.0	9214.0	8751.0	5227.0
NM_001178683.1	289.0	368.0	183.0	416.0	351.0	201.0
NM_001178684.1	254.0	305.0	191.0	373.0	318.0	180.0
NM_001178685.1	2246.64	2959.17	1529.21	4346.55	3855.22	2233.58
NM_001178687.1	86.36	17.83	16.79	50.45	49.78	12.42
NM_001178688.1	20218.0	24829.0	12772.0	32039.0	29254.0	16548.0
NM_001178689.1	572.0	593.0	365.0	708.0	701.0	421.0
NM_001178690.1	3390.0	4562.0	2291.0	5008.0	4747.0	2399.0
NM_001178692.1	247.0	346.0	210.0	386.0	356.0	196.0
NM_001178693.1	3.0	6.0	1.0	7.0	7.0	7.0
NM_001184678.1	0.0	2.0	1.0	3.0	1.0	1.0
NM_001178694.1	177.0	225.0	135.0	304.0	284.0	152.0
NM_001178695.1	5042.0	6440.0	3309.0	6866.0	6094.0	3338.0
NM_001178696.1	263.0	359.0	160.0	442.0	348.0	222.0
NM_001178697.1	306.0	404.0	222.0	453.0	409.0	238.0
NM_001178698.1	2462.0	3309.0	1720.0	4204.0	3415.0	1833.0
NM_001305014.1	111.0	160.0	84.0	84.0	88.0	46.0
NM_001178699.1	403.0	528.0	278.0	791.0	732.0	420.0
NM_001178700.1	67.0	78.0	42.0	66.0	60.0	34.0
NM_001184448.1	955.0	1225.0	561.0	1244.0	1231.0	664.0
NM_001178701.1	2321.0	2892.0	1542.0	4461.0	3806.0	2073.0
NM_001178702.1	0.0	8.38	0.0	12.56	0.0	4.18
NM_001184528.1	259.0	326.62	195.0	433.44	344.0	224.82
NM_001178703.1	2068.0	2472.0	1287.0	1996.0	1725.0	916.0
NM_001178704.1	480.0	748.0	332.0	681.0	503.0	299.0
NM_001178705.1	297.0	338.0	188.0	354.0	339.0	197.0
NM_001178706.1	7173.0	8519.0	4973.0	8242.0	7310.0	4031.0
NM_001178707.1	0.0	0.0	0.0	0.62	0.0	0.0
NM_001178708.1	60.95	79.31	46.0	63.0	65.91	47.0
NM_001178709.1	5.18	7.32	20.13	17.35	18.52	10.4
NM_001178710.1	3.0	8.0	9.0	4.64	5.22	5.22
NM_001178711.1	0.0	7.6	0.0	0.0	0.0	0.0
YCL074W	0.0	0.0	0.0	0.0	0.0	0.0
YCL075W	0.0	0.0	0.0	0.0	0.0	0.0
NM_001348893.1	3.0	6.0	3.0	7.0	4.0	4.0
NM_001178715.1	1649.0	2140.0	1166.0	2243.0	1943.0	1059.0
NM_001178716.1	269.0	348.0	228.0	379.0	345.0	216.0
NM_001178717.1	2940.0	3487.0	2012.0	4343.0	3841.0	2109.0
NM_001178718.1	1235.0	1610.0	855.0	1160.0	1092.0	572.0
NM_001348894.1	0.0	0.0	0.0	3.0	2.0	1.0
NM_001178720.1	44.0	41.0	29.0	56.0	54.0	31.0
NM_001178721.1	765.0	960.0	506.0	990.0	853.0	538.0
NM_001178722.1	1522.0	1900.0	991.0	1931.0	1704.0	834.0
NM_001178723.1	12.0	11.0	8.0	12.0	9.0	7.0
NM_001178724.1	1919.0	2395.0	1318.0	2553.0	2233.0	1102.0
NM_001178725.1	180584.0	209011.0	122163.0	178320.0	157626.0	92284.0
NM_001178727.1	3.0	5.0	3.0	4.0	5.0	2.0
NM_001178728.1	131.0	173.0	107.0	213.0	153.0	95.0
NM_001178729.1	847.0	1107.0	644.0	879.0	768.0	426.0
NM_001178730.1	1991.0	2424.0	1490.0	2665.0	2106.0	1300.0
NM_001178731.1	187.0	208.0	121.0	152.0	138.0	70.0
NM_001178732.1	124.0	144.0	99.0	212.0	183.0	91.0
NM_001178733.1	10.0	10.0	7.0	17.0	10.0	13.0
NM_001178734.1	307.0	388.0	245.0	414.0	386.0	210.0
NM_001184313.1	278.0	314.0	176.0	336.0	304.0	172.0
NM_001178735.1	61.0	79.0	31.0	174.0	159.0	64.0
NM_001348895.1	10.0	8.0	3.0	6.0	5.0	2.0
NM_001178737.1	291.0	305.0	199.0	370.0	291.0	174.0
NM_001178738.1	107.0	150.0	100.0	120.0	117.0	58.0
NM_001178739.1	7730.06	10653.81	5884.58	12515.65	10249.25	5251.5
NM_001184645.1	12.0	20.0	8.0	18.0	13.0	11.0
NM_001348896.1	1.0	0.0	4.0	5.0	5.0	1.0
NM_001178741.1	498.0	734.0	358.0	809.0	712.0	437.0
NM_001178742.1	245.0	242.0	151.0	293.0	289.0	187.0
NM_001178743.1	395.0	565.0	307.0	651.0	560.0	359.0
NM_001184315.1	2919.0	3803.0	1779.0	3676.0	3353.0	1576.0
NM_001178744.1	980.0	1353.0	689.0	1444.0	1222.0	638.0
NM_001178745.1	41396.82	47463.31	23011.13	39665.55	37832.02	19478.95
NM_001178746.1	188.0	227.0	150.0	272.0	229.0	126.0
NM_001178747.1	642.0	844.0	406.0	948.0	743.0	420.0
NM_001178748.1	3911.0	5003.0	2751.0	4342.0	3890.0	2257.0
NM_001178749.1	866.0	1107.0	578.0	1241.0	1039.0	585.0
NM_001178750.1	775.0	1036.0	578.0	1378.0	1312.0	697.0
NM_001178751.1	706.0	852.18	438.0	964.91	930.91	614.0
NM_001178752.1	42.93	69.07	47.87	78.65	80.65	37.6
NM_001178753.1	60.95	79.31	46.0	63.0	65.91	47.0
NM_001178754.1	0.0	0.0	0.0	0.62	0.0	0.0
NM_001310667.1	12.11	13.35	8.24	15.86	12.86	5.71
NM_001178756.1	879.89	1115.65	635.76	1442.9	1227.14	692.29
NM_001178757.1	869.0	1066.0	612.0	1152.0	1055.0	620.0
NM_001178758.1	463.0	672.0	382.0	753.0	700.0	390.0
NM_001178759.1	42.0	60.0	21.0	57.0	48.0	18.0
NM_001178760.1	454.0	611.0	347.0	593.0	521.0	321.0
NM_001178761.1	639.0	829.0	432.0	1058.0	942.0	515.0
NM_001178762.1	922.0	1053.0	592.0	1337.0	1101.0	686.0
NM_001178764.1	0.0	0.0	0.0	0.0	0.0	0.0
NM_001178765.1	1225.0	1463.0	781.0	1417.0	1265.0	745.0
NM_001178766.1	1053.0	1217.0	695.0	1380.0	1159.0	783.0
NM_001178767.1	11987.0	14125.0	7602.0	15328.0	14190.0	8146.0
NM_001178768.1	331.0	479.0	304.0	555.0	497.0	291.0
NM_001178769.1	1880.0	2452.0	1491.0	2731.0	2461.0	1425.0
NM_001178770.1	457.0	468.0	265.0	544.0	514.0	301.0
NM_001178771.1	289.0	336.0	209.0	570.0	484.0	322.0
NM_001178772.1	815.0	1014.0	660.0	1330.0	1018.0	776.0
NM_001178774.1	131.0	150.0	92.0	195.0	156.0	94.0
NM_001178776.1	838.0	1116.0	522.0	1012.0	971.0	452.0
NM_001178777.1	130.0	151.0	84.0	178.0	169.0	94.0
NM_001178778.1	1329.0	1721.0	839.0	2373.07	1813.4	1092.0
NM_001178779.1	241.0	254.0	179.0	246.0	241.0	148.0
NM_001178780.1	1031.0	1227.0	684.0	1211.0	1213.0	732.0
NM_001178781.1	284.0	401.0	232.0	486.0	426.0	265.0
NM_001178782.1	1267.0	1524.0	887.0	1759.0	1553.0	901.0
NM_001178783.1	92.0	113.0	56.0	148.0	123.0	87.0
NM_001178815.1	732.0	956.0	480.0	1270.0	1231.0	644.0
NM_001178784.1	151.0	243.0	138.0	271.0	261.0	138.0
NM_001184529.1	235.0	289.0	162.0	307.0	267.0	132.0
NM_001178785.1	232.0	304.0	166.0	320.0	292.0	166.0
NM_001178786.2	2880.0	3602.0	1728.0	3433.0	2819.0	1695.0
NM_001180034.1	64.0	73.0	35.0	75.0	65.0	47.0
NM_001178787.1	331.0	475.0	257.0	456.0	413.0	207.0
NM_001178788.1	715.0	903.0	483.0	1309.0	1146.0	653.0
NM_001178789.1	356.0	466.0	276.0	527.0	520.0	324.0
NM_001178790.1	2542.0	3186.0	1738.0	2944.0	2661.0	1718.0
NM_001348897.1	2.0	3.0	0.0	8.0	8.0	5.0
NM_001178792.1	232.0	266.0	168.0	353.0	295.0	210.0
NM_001184316.1	1006.0	1104.0	580.0	1520.0	1376.0	774.0
NM_001178794.1	7125.0	8850.0	3641.0	8865.0	7232.0	3649.0
NM_001178795.1	78.0	113.0	50.0	282.0	243.0	172.0
NM_001178796.1	663.0	817.0	463.0	795.0	682.0	361.0
NM_001178797.2	67.0	96.0	35.0	131.0	89.0	43.0
NM_001178798.1	387.0	491.0	290.0	555.0	496.0	261.0
NM_001178799.1	3751.0	5001.0	2627.0	5524.0	4442.0	2675.0
NM_001178800.1	648.0	802.0	437.0	832.0	770.0	426.0
NM_001178801.1	238.0	306.0	194.0	356.0	316.0	153.0
NM_001184674.1	2.0	1.0	0.0	3.0	2.0	1.0
NM_001178802.1	0.0	0.0	0.0	0.0	0.0	0.0
NM_001178804.1	365.0	446.0	283.0	557.0	469.0	277.0
NM_001178805.1	16.0	20.0	8.0	21.0	22.0	13.0
NM_001178806.1	0.0	0.0	0.0	0.0	0.0	0.0
NM_001178807.1	0.0	0.0	0.0	0.0	0.0	0.0
NM_001178808.1	15.0	31.0	12.0	42.0	48.0	16.0
NM_001178809.1	19.5	21.53	18.85	34.17	22.75	16.85
NM_001178811.1	1.0	0.0	0.0	0.0	0.0	1.0
NM_001178812.1	58.0	81.0	52.0	113.0	92.0	76.0
NM_001178813.1	116.0	151.0	90.0	185.0	169.0	102.0
NM_001178814.1	0.0	0.0	0.0	0.0	2.25	0.0
NM_001184543.1	0.0	0.0	0.0	0.0	1.0	0.0
NM_001180060.3	334.0	434.0	204.0	456.0	392.0	214.0
NM_001180061.3	368.0	483.0	263.0	470.0	391.0	208.0
NM_001180062.1	639.0	901.0	494.0	1212.0	1020.0	608.0
NM_001180063.1	1814.0	2425.0	1234.0	2219.0	2129.0	1013.0
NM_001180064.3	471.0	539.0	340.0	591.0	476.0	273.0
NM_001180065.3	315.0	435.0	230.0	603.0	517.0	248.0
NM_001184682.1	0.0	0.0	0.0	0.0	0.0	0.0
NM_001180066.1	3072.0	4264.0	2423.0	7228.0	5766.0	3355.0
NM_001180067.3	229.0	273.0	156.0	353.0	327.0	215.0
NM_001270742.1	0.0	1.34	1.27	1.38	0.0	0.0
NM_001180069.1	351.0	572.66	265.73	371.62	326.0	162.0
NM_001180071.1	830.0	1004.0	551.0	1003.0	947.0	555.0
NM_001180072.3	235.0	283.0	162.0	373.0	294.0	188.0
NM_001180073.1	13921.0	16138.0	9009.0	16761.0	14922.0	8404.0
NM_001180074.1	3775.0	4846.0	2868.0	5305.0	4610.0	2557.0
NM_001180076.3	147.0	235.0	138.0	285.0	271.0	127.0
NM_001180077.1	401.0	477.0	277.0	437.0	393.0	219.0
NM_001180078.1	1160.0	1449.0	679.0	1414.0	1201.0	673.0
NM_001180079.3	1102.0	1337.0	671.0	1763.0	1602.0	867.0
NM_001180080.1	94.0	110.0	73.0	64.0	69.0	34.0
NM_001270741.1	0.0	0.0	0.0	0.0	0.0	0.0
NM_001180081.1	3716.0	4720.0	2187.0	5992.0	5124.0	2511.0
NM_001180083.1	10.0	15.0	12.0	19.0	19.0	9.0
NM_001180084.1	320.0	381.0	160.0	359.0	331.0	183.0
NM_001180086.1	140.0	200.0	122.0	242.0	197.0	94.0
NM_001180087.2	320.0	412.0	187.0	498.0	404.0	197.0
NM_001180088.1	2646.0	3326.0	1759.0	3900.0	3358.0	1794.0
NM_001180089.1	241.0	347.0	196.0	386.0	328.0	214.0
NM_001180090.2	2443.0	3199.0	1670.0	3184.0	2789.0	1534.0
NM_001180092.1	71.0	86.0	52.0	101.0	94.0	54.0
NM_001180094.1	406.0	531.0	247.0	488.0	431.0	237.0
NM_001180095.1	286.0	323.0	184.0	360.0	291.0	156.0
NM_001180096.1	0.0	2.0	1.0	1.0	3.0	0.0
NM_001180098.1	1.0	3.0	0.0	11.0	22.0	4.0
NM_001180099.1	3435.0	4137.0	2291.0	4020.0	3607.0	1888.0
NM_001180101.1	531.0	647.0	305.0	422.0	392.0	208.0
NM_001180102.1	387.0	523.0	287.0	490.0	399.0	191.0
NM_001180103.1	189.0	244.0	141.0	230.0	208.0	119.0
NM_001180104.1	301.0	342.0	194.0	407.0	352.0	199.0
NM_001184304.1	472.0	572.0	336.0	643.0	595.0	322.0
NM_001180105.1	1395.0	1725.0	1044.0	2053.0	1831.0	1199.0
NM_001180106.1	839.0	1048.0	587.0	1056.0	959.0	504.0
NM_001180107.1	62.0	113.0	47.0	70.0	63.0	41.0
NM_001180108.1	58.0	39.0	19.0	37.0	39.0	19.0
NM_001180110.1	3263.0	4043.0	2193.0	3843.0	3357.0	1902.0
NM_001180111.1	1298.0	1519.0	896.0	1352.0	1116.0	718.0
NM_001180112.1	759.0	873.0	506.0	818.0	724.0	359.0
NM_001180113.1	407.0	496.0	301.0	635.0	530.0	318.0
NM_001180114.1	29911.0	36029.0	18805.0	35912.0	31959.0	16295.0
NM_001180115.1	459.0	513.0	312.0	555.0	477.0	266.0
NM_001180116.1	143.0	170.0	94.0	207.0	188.0	86.0
NM_001180117.1	1812.0	2365.0	1236.0	2939.0	2079.0	1188.0
NM_001180118.1	87.0	86.0	60.0	64.0	51.0	40.0
NM_001180119.1	1580.0	1932.0	1202.0	2309.0	2127.0	1100.0
NM_001180120.1	14639.38	17032.25	8601.05	14953.09	13668.18	7224.49
NM_001180122.1	1054.0	1337.0	782.0	1328.0	1268.0	695.0
NM_001180123.1	1339.0	1528.0	893.0	1482.0	1327.0	700.0
NM_001180124.1	671.0	871.0	519.0	1237.0	971.0	508.0
NM_001180125.1	5085.0	5746.0	3271.0	7066.0	6375.0	3349.0
NM_001180126.1	725.0	926.0	542.0	977.0	992.0	570.0
NM_001180128.1	65.0	86.0	56.0	108.0	116.0	39.0
NM_001180129.1	1556.0	1982.0	875.0	2755.0	2234.0	1261.0
NM_001180131.1	1607.0	2103.0	1179.0	2364.0	2313.0	1287.0
NM_001180132.1	310.0	367.0	219.0	430.0	374.0	235.0
NM_001180133.1	1164.0	1282.0	691.0	1104.0	890.0	551.0
NM_001180134.1	29890.37	35928.1	19396.28	35243.17	30829.86	17984.73
NM_001180135.1	342.0	381.0	226.0	464.0	384.0	183.0
NM_001180136.1	353.0	418.0	273.0	504.0	433.0	240.0
NM_001180137.1	1991.0	2452.0	1329.0	2684.0	2552.0	1324.0
NM_001180138.1	15.0	7.0	5.0	20.0	17.0	8.0
NM_001180139.1	130.0	172.0	84.0	175.0	168.0	98.0
NM_001180140.1	23607.31	29597.03	16899.9	26841.14	24977.74	15031.48
NM_001180141.1	24937.4	29089.48	13857.4	27077.31	24049.67	11714.34
NM_001180142.1	26472.16	29928.24	16403.89	25374.12	23405.99	13578.12
NM_001180143.1	14346.0	18029.0	9096.0	17857.0	15682.0	8520.0
NM_001184455.1	500.0	628.0	301.0	590.0	498.0	213.0
NM_001180144.1	12.0	8.0	6.0	16.0	11.0	6.0
NM_001180145.1	1117.0	1226.0	693.0	1539.0	1436.0	826.0
NM_001180146.1	191.0	194.0	99.0	229.0	194.0	96.0
NM_001180147.1	651.0	859.0	432.0	1134.0	988.0	467.0
NM_001180148.1	252.0	340.0	190.0	405.0	366.0	187.0
NM_001180149.1	307.0	316.0	191.0	352.0	311.0	156.0
NM_001180150.1	167.0	233.0	136.0	234.0	204.0	114.0
NM_001180151.1	1074.0	1225.0	694.0	1326.0	1167.0	549.0
NM_001180152.1	684.0	896.0	508.0	896.0	761.0	378.0
NM_001180154.1	6371.0	7769.0	4101.0	7327.0	5977.0	3564.0
NM_001180156.1	3752.0	4393.0	2446.0	7278.0	6512.0	3576.0
NM_001180157.1	182.0	229.0	137.0	243.0	219.0	119.0
NM_001180158.1	897.0	1146.0	570.0	998.0	788.0	509.0
NM_001180159.1	5505.0	6724.0	3866.0	7894.0	7234.0	4095.0
NM_001180160.1	423.0	529.0	269.0	552.0	460.0	276.0
NM_001180161.2	1357.0	1685.0	879.0	1912.0	1637.0	897.0
NM_001180162.1	1732.0	2186.0	1147.0	2302.0	2078.0	1085.0
NM_001180163.1	56.0	80.0	56.0	92.0	77.0	47.0
NM_001180164.1	129.0	154.0	119.0	150.0	139.0	83.0
NM_001180165.1	454.0	581.0	310.08	653.0	569.0	340.0
NM_001180166.1	100.0	123.0	93.0	151.0	132.0	75.0
NM_001180167.1	349.0	352.0	180.0	384.0	351.0	195.0
NM_001180168.1	24.0	27.0	10.0	21.0	20.0	17.0
NM_001180169.1	275.0	263.0	165.0	337.0	345.0	181.0
NM_001180170.1	818.0	951.0	604.0	1221.0	1163.0	674.0
NM_001180171.1	2053.0	2460.0	1450.0	2646.0	2333.0	1337.0
NM_001180172.1	317.0	397.0	201.0	462.0	362.0	178.0
NM_001180173.1	4.0	1.0	0.0	1.0	3.0	0.0
NM_001180174.1	356.0	386.0	200.0	561.0	384.0	264.0
NM_001180175.1	895.0	1176.0	626.0	1180.0	1014.0	515.0
NM_001180176.1	611.0	771.0	445.0	900.0	819.0	472.0
NM_001180178.1	168.0	184.0	93.0	255.0	210.0	112.0
NM_001180179.1	635.0	863.0	489.0	1091.0	1111.0	543.0
NM_001180180.1	908.0	1158.0	682.0	1055.0	1023.0	608.0
NM_001180181.1	994.0	1309.0	854.0	1375.0	1125.0	704.0
NM_001180182.1	231.0	279.0	170.0	351.0	324.0	217.0
NM_001180183.1	2520.0	3224.0	1989.0	4665.0	4141.0	2573.0
NM_001180184.1	3435.0	4005.0	2484.0	4753.0	4501.0	2574.0
NM_001180185.1	19691.63	24466.09	13929.78	33464.35	28332.76	16546.0
NM_001180186.1	299.0	391.0	237.0	381.0	344.0	211.0
NM_001180187.1	1578.0	2007.0	1027.0	1756.0	1515.0	986.0
NM_001180188.1	145.0	198.0	75.0	140.0	125.0	74.0
NM_001180189.1	25137.77	29577.78	18319.07	27336.66	26165.6	17170.05
NM_001184325.1	276.0	357.0	240.0	434.0	342.0	197.0
NM_001180190.1	4099.46	4939.28	2352.09	7413.8	6190.7	3388.61
NM_001180191.1	1326.0	1801.0	1013.0	2530.0	2257.0	1238.0
NM_001180194.1	17628.14	20875.67	10316.91	25221.65	21247.4	8962.68
NM_001180192.1	233.0	310.0	161.0	284.0	284.0	155.0
NM_001180193.1	1133.56	1395.21	749.7	1552.03	1293.5	821.82
NM_001180195.1	1221.0	1553.0	776.0	1755.0	1425.0	760.0
NM_001180251.2	12852.06	16037.53	6781.97	17052.89	14269.95	6044.42
NM_001180197.1	3435.61	4099.37	2686.67	4027.73	4007.92	2446.52
NM_001180198.1	76.0	95.0	51.0	84.0	84.0	38.0
NM_001180199.1	74.0	119.0	76.0	119.0	127.0	82.0
NM_001180200.1	7800.0	9039.0	5492.0	10616.0	8786.0	5242.0
NM_001180201.1	886.0	1169.0	648.0	1236.0	1153.0	599.0
NM_001180202.1	167.0	213.0	149.0	278.0	270.0	156.0
NM_001180203.1	4910.0	5631.0	3251.0	7094.0	6198.0	3809.0
NM_001180204.1	403.0	542.0	320.0	716.0	634.0	416.0
NM_001180205.1	7087.0	8598.0	5367.0	9846.0	9070.0	5059.0
NM_001180206.1	155.0	207.0	106.0	223.0	197.0	95.0
NM_001180207.1	3318.0	4407.0	2467.0	3760.0	3246.0	1666.0
NM_001180208.1	2062.0	2760.0	1443.0	3143.0	2602.0	1362.0
NM_001180209.1	117.0	165.0	90.0	199.0	150.0	89.0
NM_001180210.1	871.0	1044.0	487.0	1157.0	873.0	491.0
NM_001180213.1	1786.0	2413.0	1192.0	2151.0	1712.0	955.0
NM_001180214.1	8.0	11.0	3.0	8.0	6.0	4.0
NM_001180215.1	400.0	521.0	277.0	543.0	455.0	289.0
NM_001180216.1	195.0	307.0	171.0	329.0	306.0	136.0
NM_001180217.1	1020.0	1312.0	667.0	1672.0	1488.0	817.0
NM_001180219.1	325.0	419.0	197.0	472.0	429.0	210.0
NM_001184465.1	13.0	16.0	8.0	17.0	7.0	7.0
NM_001180220.1	5703.0	7170.0	3735.0	7855.0	7073.0	3689.0
NM_001184530.1	204.0	274.0	115.0	316.0	259.0	152.0
NM_001180221.1	1047.7	1355.0	665.0	1270.0	1159.0	598.0
NM_001180224.1	805.0	966.0	540.0	1070.0	954.0	514.0
NM_001180225.1	769.0	827.0	492.0	1169.0	1050.0	513.0
NM_001180226.1	811.0	997.0	549.0	1082.0	977.0	527.0
NM_001180227.1	997.0	1246.0	700.0	1252.0	1085.0	574.0
NM_001180228.1	2868.0	3863.0	2197.0	5412.0	4697.0	2669.0
NM_001180229.1	16.0	13.0	10.0	23.0	21.0	9.0
NM_001180230.1	163.0	193.0	90.0	291.0	253.0	129.0
NM_001180231.1	7028.0	8727.0	4933.0	9243.0	7935.0	4513.0
NM_001180233.1	1039.0	1218.0	680.0	1525.0	1290.0	722.0
NM_001180234.1	465.0	578.0	371.0	830.0	803.0	430.0
NM_001180235.1	343.0	399.0	239.0	537.0	441.0	232.0
NM_001180236.1	146.0	183.0	118.0	169.0	170.0	104.0
NM_001180237.1	82.0	121.0	66.0	128.0	93.0	74.0
NM_001180238.1	1002.0	1169.0	702.0	1074.99	1000.0	451.0
NM_001180239.1	377.0	452.0	285.0	505.0	480.0	267.0
NM_001180240.1	215.0	355.0	183.0	338.0	296.0	192.0
NM_001180241.1	196.0	321.0	124.0	326.0	352.0	141.0
NM_001180242.1	8123.54	8761.72	4834.91	15672.2	13806.3	7743.39
NM_001180243.1	63.0	112.0	42.0	72.0	83.0	49.0
NM_001180244.1	17156.86	21891.33	14691.09	21933.35	19261.6	14715.32
NM_001180245.1	34746.0	42066.0	23400.0	43197.0	36087.0	21608.0
NM_001180246.1	13.0	10.0	2.0	12.0	8.0	8.0
NM_001180248.1	1054.44	1243.79	716.3	1448.97	1198.5	796.18
NM_001180249.1	517.0	695.0	372.0	924.0	881.0	476.0
NM_001180250.2	1420.0	1777.0	999.0	2081.0	1832.0	1058.0
NM_001180196.2	23846.94	28091.47	14542.03	29781.11	27117.05	13543.58
NM_001180252.1	10114.39	13143.63	7640.33	13548.27	12520.08	6571.48
NM_001180253.1	926.0	1108.0	545.0	901.0	811.0	432.0
NM_001180254.1	57.0	68.0	50.0	80.0	73.0	39.0
NM_001180255.2	8048.0	10113.0	4809.0	13702.0	10928.0	6625.0
NM_001180257.1	72.0	127.0	58.0	96.0	78.0	52.0
NM_001180258.1	834.0	1044.0	530.0	1281.0	1143.0	591.0
NM_001180259.1	81.0	115.0	59.0	106.0	97.0	54.0
NM_001180260.1	159.0	202.0	116.0	233.0	178.0	94.0
NM_001180261.1	1336.0	1558.0	837.0	992.0	850.0	524.0
NM_001180262.1	394.0	535.0	327.0	589.0	524.0	285.0
NM_001180263.1	342.0	494.0	278.0	458.0	432.0	240.0
NM_001180264.1	30.0	19.0	7.0	44.0	29.0	20.0
NM_001431137.1	47.0	52.0	33.0	86.0	74.0	43.0
NM_001180265.1	990.0	1093.0	627.0	903.0	909.0	536.0
NM_001180266.1	67.0	99.0	55.0	68.0	65.0	31.0
NM_001180267.1	387.0	430.0	223.0	485.0	388.0	200.0
NM_001180268.1	3199.0	3960.0	2113.0	3541.0	3009.0	1639.0
NM_001180269.1	168.0	233.0	142.0	239.0	235.0	172.0
NM_001180270.1	13.0	25.0	17.0	24.0	30.0	12.0
NM_001180271.1	69.0	88.0	43.0	82.0	81.0	52.0
NM_001180272.1	2048.0	2794.0	1511.0	2841.0	2620.0	1469.0
NM_001180273.1	1245.0	1530.0	855.0	1060.0	922.0	520.0
NM_001180274.1	3.0	10.0	4.0	7.0	5.0	7.0
NM_001180275.1	482.0	621.0	354.0	889.0	745.0	377.0
NM_001180276.1	104.0	119.0	65.0	119.0	112.0	66.0
NM_001180277.1	455.0	505.0	316.0	711.0	634.0	353.0
NM_001180278.1	3.0	4.0	2.0	0.0	4.0	2.0
NM_001180279.1	740.0	853.0	494.0	1153.0	915.0	429.0
NM_001180280.1	140.0	176.0	102.0	244.0	209.0	115.0
NM_001180282.1	12.0	15.0	5.0	19.0	15.0	6.0
NM_001180283.1	63.0	93.0	48.0	119.0	107.0	70.0
NM_001180284.1	790.0	956.0	451.0	1122.0	891.0	482.0
NM_001180285.1	1331.0	1710.0	800.0	1637.0	1384.0	618.0
NM_001180286.1	2704.0	3341.0	1756.0	4149.0	3609.0	1874.0
NM_001180287.1	1429.0	1795.0	994.0	1522.0	1309.0	694.0
NM_001180289.1	96452.26	111823.85	56804.82	108711.39	92221.62	54135.05
NM_001180290.1	235.0	302.0	159.0	395.0	359.0	225.0
NM_001180291.1	36.0	62.0	24.0	62.0	37.0	33.0
NM_001180292.1	693.0	718.0	416.0	673.0	647.0	307.0
NM_001180293.1	279.0	323.0	164.0	411.0	339.0	178.0
NM_001180294.1	320.0	405.0	201.0	466.0	432.0	195.0
NM_001180295.1	728.0	978.0	557.0	1231.0	1169.0	592.0
NM_001180296.1	1916.0	2213.0	1217.0	2924.0	2692.0	1520.0
NM_001180297.2	847.0	1124.0	594.0	1122.0	953.0	537.0
NM_001180298.1	74.0	98.0	29.0	116.0	90.0	40.0
NM_001180299.2	8.0	3.0	2.0	6.0	4.0	1.0
NM_001180300.2	370.0	425.0	228.0	420.0	405.0	244.0
NM_001180301.1	249.0	291.0	145.0	253.0	179.0	88.0
NM_001348898.1	5.0	6.0	11.0	9.0	10.0	5.0
NM_001180303.1	2.51	7.0	3.1	8.94	8.14	5.95
NM_001180304.1	4.67	3.29	4.19	5.61	1.85	7.32
NM_001180305.1	0.0	6.0	3.94	5.0	6.77	0.0
NM_001180306.1	0.0	20.5	9.5	19.0	28.5	11.0
NM_001180307.1	0.16	2.23	0.67	3.59	0.0	0.03
NM_001180308.1	98.77	142.05	95.92	155.06	140.49	78.62
NM_001180309.1	891.0	1187.67	660.12	1890.89	1690.0	940.2
NM_001180310.1	7509.0	9345.0	4711.0	10649.0	8607.0	4980.0
NM_001180311.3	212.0	301.0	155.0	348.0	347.0	165.0
NM_001184646.3	2.0	2.0	4.0	0.0	0.0	1.0
NM_001180312.1	119.0	109.0	112.0	150.0	124.0	80.0
NM_001180313.1	314.0	363.0	201.0	436.0	383.0	202.0
NM_001180314.3	633.0	875.0	410.0	936.0	824.0	470.0
NM_001180315.3	328.0	451.0	262.0	523.0	466.0	246.0
NM_001180317.1	19.0	24.0	14.0	18.0	23.0	10.0
NM_001348808.1	0.0	0.0	0.0	0.0	0.0	0.0
NM_001180319.1	7768.0	10890.0	6054.0	13011.0	10452.0	6062.91
NM_001180320.3	31307.59	35801.57	17736.93	31031.61	28186.12	14761.73
NM_001180321.3	169.0	273.0	138.0	289.0	237.0	121.0
NM_001180322.1	110.0	171.0	94.0	222.0	139.0	83.0
NM_001184688.1	11.0	3.0	10.0	15.0	8.0	8.0
NM_001180324.3	286.0	324.0	182.0	359.0	375.0	159.0
NM_001180325.3	835.0	1015.0	474.0	1082.0	805.0	476.0
NM_001180326.1	12.0	13.0	1.0	8.0	2.0	9.0
NM_001180327.1	797.0	906.0	417.0	1225.0	1264.0	510.0
NM_001180328.3	188.0	221.0	171.0	330.0	262.0	164.0
NM_001180329.3	278.0	368.0	183.0	456.0	419.0	212.0
NM_001180330.1	92.0	91.0	58.0	113.0	90.0	67.0
NM_001180331.1	13556.0	17436.0	8702.0	16019.0	13493.0	6916.0
NM_001180333.3	29196.45	33575.52	17885.98	29123.94	28076.01	15851.98
NM_001180334.3	235.0	333.0	151.0	420.0	296.0	177.0
NM_001180335.1	358.0	475.0	241.0	535.0	484.0	226.0
NM_001180336.1	1634.0	2203.0	917.0	2862.0	2044.0	1334.0
NM_001348809.1	27.0	16.0	25.0	32.0	25.0	23.0
NM_001180338.3	50.0	66.0	50.0	77.0	89.0	51.0
NM_001180339.3	173.0	186.0	113.0	208.0	196.0	77.0
NM_001180340.1	2474.0	3159.0	1927.0	3740.0	3615.0	2068.0
NM_001180341.1	16889.02	21957.32	11281.05	12253.57	11295.68	5430.79
NM_001180342.3	501.0	579.0	303.0	709.0	593.0	324.0
NM_001184326.1	2.0	6.0	6.0	7.0	8.0	2.0
NM_001184378.1	6.64	1.78	4.79	11.76	2.49	8.58
NM_001184379.4	7.22	11.45	4.99	0.0	5.54	5.41
NM_001184327.3	18.0	16.0	8.0	19.0	13.0	4.0
NM_001180343.3	2284.0	2804.0	1688.0	3837.0	3364.0	2015.0
NM_001180344.1	800.0	973.0	590.0	1100.0	1018.0	597.0
NM_001180345.1	19136.0	22948.0	12299.0	26619.0	24346.0	13013.0
NM_001180346.3	744.12	1106.67	577.76	1169.19	821.85	496.79
NM_001180347.3	1703.78	2158.83	1284.48	2322.78	1901.92	1220.48
NM_001180348.1	201.1	245.5	92.76	351.02	407.23	155.74
NM_001180349.1	403.0	494.0	264.0	526.0	485.0	297.0
NM_001180350.3	11.0	18.0	10.0	6.0	12.0	6.0
NM_001180351.3	168.0	174.0	78.0	184.0	154.0	83.0
NM_001180352.1	1290.0	1357.0	833.0	1468.0	1370.0	789.0
NM_001180353.1	687.0	864.0	449.0	895.0	826.0	393.0
NM_001180354.3	1793.0	2360.0	1157.0	2135.0	1839.0	1080.0
NM_001180355.3	776.0	953.0	533.0	1005.0	843.0	542.0
NM_001180357.1	553.0	662.0	355.0	690.0	643.0	304.0
NM_001180358.1	75163.0	87840.0	51352.0	98416.0	88495.0	52543.0
NM_001180359.3	487.0	638.0	370.0	747.0	599.0	335.0
NM_001180360.3	422.0	558.0	340.0	580.0	490.0	317.0
NM_001180362.1	1117.0	1272.0	745.0	1313.0	1223.0	677.0
NM_001180363.1	2135.0	2836.0	1320.0	3809.0	3381.0	1727.0
NM_001180364.3	1147.0	1477.0	842.0	2079.0	1966.0	1054.0
NM_001180365.3	364.0	486.0	267.0	601.0	543.0	270.0
NM_001180366.1	76.0	77.0	36.0	123.0	100.0	48.0
NM_001180367.1	222.0	250.0	142.0	332.0	328.0	148.0
NM_001180368.3	3640.0	4608.0	2463.0	4850.0	4087.0	2266.0
NM_001180369.3	391.0	602.0	313.0	538.0	530.0	282.0
NM_001180370.1	2391.0	3153.0	1636.0	3309.0	2801.0	1629.0
NM_001180371.1	620.0	790.0	405.0	828.0	710.0	378.0
NM_001180372.3	47472.0	55432.0	29156.0	53613.0	49815.0	24824.0
NM_001180373.3	111.0	136.0	64.0	121.0	112.0	66.0
NM_001180374.1	77.0	93.0	83.0	88.0	79.0	51.0
NM_001180375.1	169.0	224.0	133.0	236.0	224.0	101.0
NM_001180376.3	392.0	578.0	281.0	607.0	515.0	259.0
NM_001180377.3	326.0	389.0	209.0	468.0	385.0	201.0
NM_001180378.1	13.0	10.0	8.0	36.0	23.0	18.0
NM_001180379.1	2586.0	3239.0	2009.0	4275.0	3608.0	1983.0
NM_001180380.3	833.0	941.0	579.0	1267.0	1104.0	685.0
NM_001180381.3	148.0	190.0	137.0	217.0	184.0	107.0
NM_001180382.1	1445.0	1913.0	937.0	2659.0	2173.0	1210.0
NM_001180383.1	354.0	391.0	207.0	437.0	403.0	211.0
NM_001180384.3	55.0	88.0	64.0	85.0	74.0	41.0
NM_001180385.3	19056.0	26643.0	11554.0	29884.0	28943.0	17465.0
NM_001180386.1	61.0	79.0	26.0	64.0	52.0	20.0
NM_001184469.3	195.0	272.0	149.0	303.0	259.0	143.0
NM_001180387.1	198.0	225.0	146.0	239.0	219.0	130.0
NM_001180388.3	533.16	724.0	381.18	869.87	690.29	392.0
NM_001180389.1	528.0	620.0	330.0	790.0	654.0	384.0
NM_001180390.1	23.0	33.0	18.0	47.0	40.0	18.0
NM_001180391.3	964.0	1373.0	747.0	1301.0	1083.0	655.0
NM_001180392.3	674.0	844.0	494.0	861.0	816.0	445.0
NM_001180393.1	63.0	101.0	45.0	95.0	83.0	55.0
NM_001180394.1	3529.0	4418.0	2389.0	4466.0	3777.0	1834.0
NM_001180395.3	1184.0	1458.0	823.0	1764.0	1600.0	811.0
NM_001180396.3	215.0	289.0	151.0	386.0	314.0	194.0
NM_001180397.1	768.0	970.0	504.0	783.0	759.0	346.0
NM_001180398.1	278.0	362.0	216.0	381.0	334.0	200.0
NM_001180399.3	4107.0	5304.0	2825.0	4570.0	4200.0	2335.0
NM_001180400.3	1255.0	1385.0	831.0	1673.0	1414.0	838.0
NM_001180401.1	1238.0	1570.0	910.0	1220.0	929.0	631.0
NM_001180404.1	387.0	521.0	228.0	549.0	451.0	218.0
NM_001180405.3	1293.0	1717.0	917.0	1880.0	1680.0	883.0
NM_001180406.4	2560.0	3271.0	1539.0	3093.0	2723.0	1109.0
NM_001184416.1	0.0	0.0	3.67	0.0	2.67	5.5
NM_001184417.2	0.0	0.0	0.0	0.0	0.0	0.0
NM_001180407.3	7138.51	9039.51	4836.55	10023.72	8632.91	4688.62
NM_001180408.3	721.0	920.0	451.0	1011.0	1045.0	454.0
NM_001180409.1	2721.0	3155.0	1783.0	2866.0	2645.0	1499.0
NM_001348810.1	6.0	16.0	6.0	9.0	7.0	1.0
NM_001180411.1	618.0	771.0	443.0	968.0	846.0	453.0
NM_001180412.3	107.0	141.0	87.0	131.0	151.0	61.0
NM_001180413.3	498.0	689.0	439.0	855.0	805.0	487.0
NM_001180414.1	21.0	26.0	18.0	49.0	38.0	13.0
NM_001180415.1	466.0	583.0	344.0	677.0	619.0	318.0
NM_001180416.3	250.0	337.0	195.0	379.0	348.0	203.0
NM_001180417.3	202.0	187.0	124.0	299.0	257.0	139.0
NM_001180418.1	444.0	491.0	357.0	578.0	553.0	311.0
NM_001180419.1	401.0	452.0	248.0	346.0	279.0	182.0
NM_001180421.3	442.0	578.0	306.0	486.0	383.0	205.0
NM_001180422.3	10.07	5.5	5.48	16.86	25.9	11.48
NM_001180423.1	529.93	600.5	340.52	573.14	539.1	327.52
NM_001180424.1	453.0	555.0	318.0	574.0	477.0	287.0
NM_001180425.3	897.0	1151.0	649.0	1189.0	1034.0	560.0
NM_001180426.3	189.0	214.0	106.0	247.0	207.0	138.0
NM_001180427.1	2316.0	2951.0	1497.0	3645.0	3072.0	1534.0
NM_001184681.1	14.0	17.0	8.0	29.0	23.0	9.0
NM_001180428.3	1562.0	1923.0	1230.0	2226.0	1887.0	1073.0
NM_001180429.3	486.0	615.0	319.0	647.0	559.0	331.0
NM_001180430.1	784.0	1098.0	485.0	1017.0	799.0	466.0
NM_001180431.1	160.0	161.0	96.0	149.0	156.0	98.0
NM_001180432.3	5.0	7.0	6.0	6.0	7.0	1.0
NM_001180433.3	57.0	32.0	29.0	38.0	43.0	31.0
NM_001180434.1	72.0	95.0	54.0	72.0	86.0	46.0
NM_001180435.1	7474.0	8939.0	5087.0	9272.0	7953.0	4750.0
NM_001180436.3	332.0	373.0	242.0	462.0	366.0	232.0
NM_001180437.3	6784.0	8570.0	4296.0	13298.0	10756.0	6126.0
NM_001180438.1	204.0	268.0	188.0	324.0	243.0	125.0
NM_001180439.1	126.0	122.0	65.0	153.0	155.0	92.0
NM_001180440.3	133.0	174.0	116.0	185.0	150.0	83.0
CCW22	3593.15	4729.19	2646.33	5550.2	6118.94	3271.5
NM_001180442.3	3214.0	4151.0	2500.0	5657.0	4669.0	2949.0
NM_001180444.1	332.0	346.0	196.0	440.0	304.0	177.0
NM_001180445.1	423.0	545.0	334.0	641.0	524.0	316.0
NM_001180446.3	523.0	664.0	407.0	884.0	817.0	425.0
NM_001180447.3	295.0	372.0	212.0	441.0	354.0	199.0
NM_001180448.1	1127.0	1502.0	768.0	1606.0	1333.0	787.0
NM_001180449.1	108.0	139.0	103.0	171.0	159.0	93.0
NM_001180450.3	658.0	766.0	394.0	857.0	724.0	439.0
NM_001180451.3	1930.0	2330.0	1246.0	1763.0	1478.0	918.0
NM_001180452.1	1045.69	1377.88	641.48	1315.01	1116.44	682.18
NM_001180453.1	1078.0	1385.0	683.0	1480.0	1183.0	696.0
NM_001180454.3	345.0	444.0	238.0	478.0	421.0	219.0
NM_001180455.3	2099.0	2736.0	1128.0	3079.0	2769.0	1405.0
NM_001180457.1	2078.0	2616.0	1588.0	2412.0	1938.0	961.0
NM_001180458.1	720.0	814.0	412.0	1033.0	861.0	433.0
NM_001180459.3	1020.0	1312.0	715.0	1114.0	1021.0	545.0
NM_001180460.3	976.0	1147.0	614.0	940.0	810.0	453.0
NM_001180462.1	29234.93	33922.9	20710.0	34920.82	33940.85	19213.83
NM_001180463.1	1071.52	1323.78	784.74	1305.12	1247.79	694.96
NM_001348811.1	8.48	4.22	6.27	14.89	3.21	1.04
NM_001180465.3	9226.0	10891.99	6125.99	13282.99	12059.0	6773.0
NM_001180466.3	403.0	500.0	266.0	599.0	488.0	253.0
NM_001180467.1	75.0	100.0	54.0	83.0	87.0	54.0
NM_001180468.1	1493.0	1968.0	1057.0	2160.0	1856.0	1013.0
NM_001180469.3	376.0	438.0	275.0	581.0	451.0	287.0
NM_001180470.3	178.0	253.0	134.0	257.0	184.0	141.0
NM_001180471.1	553.0	630.0	344.0	686.0	584.0	332.0
NM_001180472.1	1743.0	2241.0	1231.0	2206.0	2110.0	1017.0
NM_001180473.3	551.0	765.0	392.0	789.0	706.0	363.0
NM_001180474.3	536.0	696.0	357.0	944.0	892.0	500.0
NM_001180475.1	2896.0	3512.0	1709.0	4932.0	4033.0	2083.0
NM_001180476.1	468.0	565.0	265.0	654.0	548.0	319.0
NM_001184544.3	0.0	0.0	0.0	1.0	0.0	1.0
NM_001180477.3	5510.43	7253.99	3120.95	5954.23	4608.24	2760.98
NM_001184320.1	151.77	144.62	105.92	157.1	135.17	77.22
NM_001180478.1	377.0	435.0	264.0	683.0	586.0	275.0
NM_001180479.3	10038.0	12212.0	5846.0	14431.0	12714.0	6978.0
NM_001180480.3	217.0	230.61	128.0	287.0	242.0	116.0
NM_001180481.1	2698.0	3001.0	1863.0	2954.0	2930.0	1767.0
NM_001180482.1	518.0	666.0	374.0	820.0	642.0	380.0
NM_001180483.3	424.0	567.0	290.0	736.0	534.0	312.0
NM_001180484.3	1704.0	1950.0	1185.0	2311.0	2163.0	1225.0
NM_001180485.1	562.0	837.0	489.0	786.0	697.0	412.0
NM_001180486.1	122.0	132.0	87.0	164.0	153.0	73.0
NM_001180487.3	144.0	208.0	88.0	194.0	179.0	105.0
NM_001180488.3	479.0	702.0	302.0	744.0	578.0	331.0
NM_001180489.1	182.0	230.0	115.0	256.0	224.0	113.0
NM_001180490.1	862.0	1067.0	705.0	1308.0	1114.0	724.0
NM_001184545.3	0.0	4.0	2.0	5.0	3.0	2.0
NM_001180491.3	198.0	280.0	173.0	302.0	241.0	154.0
NM_001180492.1	465.0	574.0	347.0	631.0	505.0	337.0
NM_001180493.1	61.0	80.0	37.0	92.0	69.0	31.0
NM_001180494.3	727.0	910.09	480.17	942.0	883.0	486.0
NM_001180496.3	4901.0	5784.0	3197.0	8004.0	6844.0	4086.0
NM_001180497.1	1493.0	1755.0	845.0	1454.0	1257.0	632.0
NM_001180498.1	2791.0	3604.0	2026.0	4183.0	3366.0	2135.0
NM_001180499.3	109.0	168.0	95.0	151.0	187.0	97.0
NM_001180500.3	565.0	717.0	344.0	850.0	727.0	392.0
NM_001180502.1	1593.0	2005.0	1211.0	2579.0	2436.0	1351.0
NM_001184546.1	1.0	0.0	0.0	1.0	1.0	0.0
NM_001180503.3	483.0	613.0	337.0	686.0	562.0	295.0
NM_001180504.3	318.0	455.0	257.0	485.0	450.0	218.0
NM_001180505.1	152.0	213.0	115.0	217.0	185.0	126.0
NM_001180506.1	212.0	237.0	156.0	285.0	208.0	128.0
NM_001180508.3	269.0	375.0	160.0	319.0	232.0	115.0
NM_001180509.3	260.0	334.0	192.0	318.0	287.0	141.0
NM_001180510.1	258.0	289.0	190.0	337.0	315.0	172.0
NM_001180512.1	330.0	451.0	267.0	481.0	460.0	280.0
NM_001180513.3	415.0	550.0	300.0	608.0	530.0	267.0
NM_001180514.3	467.0	568.0	372.0	587.0	535.0	306.0
NM_001180515.1	553.0	709.0	314.0	647.0	548.0	329.0
NM_001180516.1	896.0	1210.0	561.0	1320.0	1062.0	636.0
NM_001348813.1	2.39	2.39	7.17	19.13	4.78	0.0
NM_001184435.3	41.0	67.96	32.86	45.48	66.0	40.0
NM_001184436.2	0.0	7.98	4.46	2.03	0.0	0.0
NM_001180518.3	1358.61	1627.61	945.83	1980.87	1751.22	960.0
NM_001184418.1	2.64	0.0	0.15	0.0	0.0	0.0
NM_001184419.4	0.0	6.89	4.53	3.87	8.14	2.65
NM_001180519.3	2422.0	2849.0	1753.0	4356.0	3898.0	2036.0
NM_001180520.1	5089.0	6719.0	3582.0	8229.0	7091.0	4268.0
NM_001180521.1	405.0	585.0	255.53	482.0	431.0	229.0
NM_001180522.3	2843.0	3788.0	2233.0	4357.0	3587.0	1870.0
NM_001348814.1	1.0	4.0	0.0	1.0	0.0	1.0
NM_001180524.3	260.0	330.0	144.0	609.0	630.0	321.0
NM_001180525.1	579.0	804.0	310.0	913.0	660.0	347.0
NM_001180526.1	2.0	4.0	9.0	15.0	14.0	4.0
NM_001180527.3	353.0	471.0	282.0	568.0	443.0	237.0
NM_001180529.3	655.0	860.0	477.0	848.0	691.0	393.0
NM_001180530.1	341.0	547.0	316.0	520.0	474.0	212.0
NM_001180531.1	12.0	11.0	7.0	13.0	9.0	10.0
NM_001180532.3	9948.3	11652.01	6660.16	11937.38	11681.07	6449.18
NM_001180533.3	9202.36	11045.73	5934.07	13141.91	11289.87	5974.55
NM_001180534.1	13839.0	16742.0	8745.0	16942.0	15076.0	8441.0
NM_001180535.1	465.0	669.0	287.0	685.0	491.0	311.0
NM_001180536.3	435.99	610.0	341.0	567.5	516.0	249.51
NM_001180537.3	408.0	493.0	252.0	490.0	431.0	220.0
NM_001180539.1	188.0	287.0	130.0	334.0	288.0	176.0
NM_001180540.1	2598.0	3094.0	1558.0	2640.0	2398.0	1372.0
NM_001180541.3	7021.0	8392.0	4619.0	6501.0	5882.0	3457.0
NM_001180542.3	1866.0	2107.0	1107.0	2986.0	2612.0	1582.0
NM_001180543.1	281.0	335.0	208.0	364.0	326.0	166.0
NM_001180544.1	259.0	301.0	190.0	309.0	237.0	134.0
NM_001180545.3	490.0	642.0	345.0	651.0	572.0	281.0
NM_001180546.3	5911.0	7400.0	3803.0	7038.0	6045.0	3232.0
NM_001180547.1	446.0	632.0	324.0	641.0	500.0	352.0
NM_001180548.1	288.0	317.0	205.0	337.0	313.0	172.0
NM_001180550.3	20.0	30.0	8.0	19.0	16.0	11.0
NM_001180551.3	371.0	385.0	249.0	562.0	532.0	271.0
NM_001180552.1	525.0	712.0	320.0	743.0	530.0	343.0
NM_001180553.1	1168.0	1413.0	735.0	1532.0	1376.0	709.0
NM_001180554.3	301.0	361.0	212.0	421.0	446.0	246.0
NM_001184547.3	13.0	8.0	3.0	8.0	9.0	3.0
NM_001180555.1	120.0	161.0	131.0	199.0	164.0	80.0
NM_001180556.1	224.0	330.0	205.0	239.0	226.0	131.0
NM_001180557.3	109.0	85.0	76.0	116.0	105.0	58.0
NM_001180559.3	727.0	952.0	498.0	807.0	714.0	398.0
NM_001180560.1	153.0	180.0	99.0	196.0	188.0	83.0
NM_001180561.1	18.0	29.0	12.0	19.0	15.0	10.0
NM_001180562.3	99.0	157.0	92.0	153.0	148.0	87.0
NM_001180563.3	84.0	121.0	69.0	141.0	109.0	48.0
NM_001180564.1	12.0	7.0	9.0	20.0	17.0	9.0
NM_001180565.1	554.0	623.0	356.0	716.0	605.0	328.0
NM_001180566.3	1721.0	2122.0	1230.0	4312.0	3522.0	1597.0
NM_001180567.3	44.0	50.0	23.0	28.0	39.0	23.0
NM_001180568.1	220.0	294.0	166.0	355.0	319.0	156.0
NM_001180569.1	942.0	1184.0	644.0	1420.0	1202.0	630.0
NM_001184420.1	0.0	0.0	0.0	0.0	0.0	0.0
NM_001184421.2	0.0	20.48	8.4	7.56	16.49	6.05
NM_001184422.3	8.92	10.39	6.92	6.93	4.0	2.0
NM_001184423.4	4.27	10.37	4.28	4.24	0.0	0.0
NM_001180570.3	410.0	540.0	311.0	583.0	516.0	326.0
NM_001180571.3	14.0	16.0	9.0	12.0	10.0	6.0
NM_001180572.1	2625.0	2926.0	1557.0	3101.0	2484.0	1519.0
NM_001180573.1	72.0	107.0	67.0	161.0	153.0	85.0
NM_001180574.3	1307.0	1630.0	868.0	1504.0	1406.0	675.0
NM_001180575.3	422.0	541.0	289.0	656.0	573.0	352.0
NM_001180576.1	261.0	330.0	182.0	241.0	228.0	117.0
NM_001180578.1	681.0	724.0	399.0	914.0	791.0	389.0
NM_001180580.3	1082.0	1416.0	745.0	1442.0	1227.0	690.0
NM_001180581.3	17.0	28.0	15.0	24.0	21.0	15.0
NM_001348815.1	23.0	31.0	19.0	35.0	27.0	23.0
NM_001180583.1	35.0	39.0	28.0	46.0	37.0	18.0
NM_001180584.1	4100.0	4857.0	2971.0	4728.0	4734.0	2636.0
NM_001180585.3	71.0	174.0	76.0	114.0	114.0	63.0
NM_001180587.3	329.0	456.0	245.0	350.0	299.0	163.0
NM_001180588.1	714.0	925.0	489.0	1111.0	964.0	538.0
NM_001180589.1	133.0	151.0	102.0	85.0	77.0	19.0
NM_001180590.3	126.0	142.0	75.0	105.0	137.0	60.0
NM_001180591.3	652.0	853.0	451.0	991.0	775.0	392.0
NM_001180592.1	765.0	940.0	502.0	1213.0	1208.0	551.0
NM_001180593.1	46.0	67.0	26.0	55.0	49.0	28.0
NM_001180594.3	138.0	172.0	117.0	231.0	208.0	129.0
NM_001180595.3	241.0	352.0	179.0	317.0	298.0	163.0
NM_001180596.1	150.0	189.0	113.0	193.0	161.0	94.0
NM_001180597.1	503.55	559.35	355.46	520.0	471.48	271.95
NM_001180599.3	266.0	343.0	207.0	404.0	375.0	239.0
NM_001180600.3	1172.0	1455.0	849.0	1387.0	1210.0	605.0
NM_001180601.1	2719.0	3296.0	1781.0	4188.0	3633.0	2016.0
NM_001180602.1	1128.0	1357.0	705.0	1833.0	1665.0	928.0
NM_001180603.3	324.0	391.0	256.0	440.0	358.0	248.0
NM_001180604.3	465.0	596.0	377.0	576.0	560.0	361.0
NM_001180605.1	1176.0	1491.0	797.0	1331.0	1158.0	630.0
NM_001180606.1	1746.0	2249.0	1175.0	2621.0	2351.0	1014.0
NM_001180607.3	1157.0	1626.0	766.0	1901.0	1481.0	809.51
NM_001180608.3	1413.0	1757.0	1015.0	2026.0	1754.0	944.0
NM_001180609.1	827.0	1093.0	592.0	1378.0	1160.0	657.0
NM_001180610.1	552.0	676.0	452.0	763.0	683.0	346.0
NM_001180611.3	996.0	1343.0	658.0	1297.0	1089.0	541.0
NM_001180612.3	2735.07	3556.1	2033.0	3699.18	3339.15	1967.17
NM_001180613.1	252.0	301.0	176.0	215.0	221.0	117.0
NM_001180614.1	229.0	253.0	132.0	387.0	294.0	164.0
NM_001180615.3	642.0	799.0	449.0	904.0	754.0	373.0
NM_001180616.3	287.0	453.0	276.0	465.0	429.0	234.0
NM_001180617.1	1414.0	1791.0	933.0	1971.0	1761.0	991.0
NM_001180618.1	595.0	797.0	388.0	796.0	629.0	371.0
NM_001180619.3	485.0	652.0	315.0	775.0	654.0	347.0
NM_001180620.3	674.42	717.16	443.67	702.02	668.08	355.43
NM_001180621.1	92.0	190.0	81.0	225.0	196.0	91.0
NM_001180622.1	53.0	47.0	41.0	63.0	56.0	24.0
NM_001180623.3	57.0	90.0	52.0	93.0	78.0	44.0
NM_001180624.3	191.0	229.0	163.0	255.0	229.0	123.0
NM_001184424.1	0.0	0.0	0.0	0.0	0.0	0.0
NM_001184425.2	0.0	0.0	0.0	0.0	0.0	0.0
NM_001180625.3	49.0	80.0	48.0	54.0	52.0	36.0
NM_001180626.3	91.0	138.0	94.0	134.0	96.0	51.0
NM_001180627.1	160.0	226.0	130.0	239.0	221.0	97.0
NM_001180628.1	690.0	1018.0	501.0	1119.0	827.0	488.0
NM_001184470.3	407.0	470.0	258.0	489.0	453.0	233.0
NM_001180629.3	5496.0	6480.0	3240.0	6564.0	5498.0	2992.0
NM_001184348.1	471.0	712.0	381.0	937.0	794.0	432.0
NM_001180630.1	478.0	612.0	384.0	717.0	647.0	372.0
NM_001180631.3	95.0	119.0	72.0	124.0	140.0	56.0
NM_001180632.3	1999.0	2453.0	1528.0	2990.0	2610.0	1472.0
NM_001180633.1	326.0	419.0	249.0	551.0	456.0	243.0
NM_001180634.1	990.0	1309.0	782.0	1315.0	1186.0	617.0
NM_001180636.3	2003.0	2314.0	1283.0	2252.0	2070.0	1202.0
NM_001180637.3	359.0	433.0	252.0	564.0	487.0	260.0
NM_001180638.1	511.0	583.0	271.0	750.0	555.0	337.0
NM_001180639.1	774.0	991.0	591.0	1059.0	1070.0	570.0
NM_001180640.3	54.0	82.0	64.0	85.0	100.0	59.0
NM_001180641.3	862.0	1005.0	568.0	1173.0	1120.0	513.0
NM_001180642.1	335.0	422.0	270.0	556.0	485.0	247.0
NM_001180643.1	1423.0	1765.0	968.0	2298.0	1946.0	1169.0
NM_001180644.3	116.0	111.0	72.0	140.0	145.0	70.0
NM_001180645.3	417.0	551.0	358.0	659.0	505.0	315.0
NM_001180646.1	300.0	313.0	164.0	338.0	279.0	155.0
NM_001180647.1	825.0	963.0	614.0	1173.0	1066.0	594.0
NM_001180649.3	9007.0	10845.0	5884.0	9773.0	9071.0	5031.0
NM_001180650.3	1234.7	1756.54	555.39	2377.27	2024.22	1129.92
NM_001180651.1	0.0	0.0	0.99	37.74	35.79	0.0
NM_001348817.1	3.0	3.0	4.0	5.0	4.0	6.0
NM_001180653.1	9500.8	10701.93	6614.17	10054.77	8176.38	5672.52
NM_001180654.3	2790.0	3315.0	1961.0	3794.0	3037.0	1718.0
NM_001180655.3	483.0	587.0	361.0	688.0	614.0	372.0
NM_001180656.1	1067.0	1350.0	646.0	1329.0	1122.0	639.0
NM_001180657.1	632.0	842.0	446.0	778.0	764.0	387.0
NM_001180658.4	106.0	125.0	80.0	141.0	161.0	83.0
NM_001180659.3	647.0	809.0	442.0	884.0	793.0	423.0
NM_001180660.1	478.0	582.0	296.0	576.0	534.0	321.0
NM_001180661.1	8954.0	10968.0	5918.0	10906.0	9377.0	5708.0
NM_001180662.3	860.0	993.0	533.0	1277.0	1169.0	639.0
NM_001180664.3	580.0	798.0	361.0	850.0	592.0	320.0
NM_001180665.1	178.0	233.0	139.0	211.0	205.0	118.0
NM_001180666.1	457.0	492.0	272.0	479.0	414.0	195.0
NM_001180667.3	335.0	393.0	256.0	452.0	385.0	243.0
NM_001180669.3	1427.0	1883.0	1068.0	2459.0	2202.0	1158.0
NM_001180670.1	323.0	353.0	235.0	487.0	416.0	246.0
NM_001180671.1	172.0	191.0	91.0	234.0	194.0	99.0
NM_001184328.3	1388.0	1642.0	1038.0	2148.0	1822.0	1035.0
NM_001180672.3	214.0	280.0	157.0	339.0	316.0	157.0
NM_001180673.1	1730.0	2227.0	1179.0	3074.0	2456.0	1325.0
NM_001184426.3	0.0	0.0	0.0	0.0	0.0	0.0
NM_001184427.2	22.0	20.52	9.6	24.44	5.51	15.95
NM_001180674.3	4.98	6.18	8.89	7.71	15.55	18.21
NM_001180675.1	624.02	776.82	482.11	785.29	748.45	409.79
NM_001180676.1	2541.0	3289.0	2048.0	4058.0	3476.0	1971.0
NM_001180677.3	191.0	238.0	162.0	311.0	270.0	151.0
NM_001180678.3	171.0	233.0	147.0	291.0	224.0	154.0
NM_001180679.1	161.0	246.0	192.0	363.0	277.0	162.0
NM_001180680.1	1476.0	1711.0	1083.0	2074.0	1966.0	983.0
NM_001180681.3	759.0	951.0	587.0	1098.0	988.0	619.0
NM_001180682.3	1.0	3.0	4.0	11.0	13.0	6.0
NM_001184680.1	144.0	168.0	71.0	144.0	133.0	61.0
NM_001180683.1	232.0	280.0	163.0	235.0	220.0	122.0
NM_001180684.3	387.0	481.0	273.0	505.0	422.0	244.0
NM_001180685.3	1297.0	1676.0	985.0	1951.0	1845.0	1009.0
NM_001180686.1	1041.0	1275.0	793.0	1398.0	1223.0	760.0
NM_001184471.3	46.0	71.0	45.0	96.0	74.0	37.0
NM_001180687.1	335.0	479.0	160.0	477.0	343.0	226.0
NM_001180688.3	636.0	990.0	475.0	2480.0	2137.0	1099.0
NM_001184511.1	53.0	80.0	49.0	105.0	99.0	39.0
NM_001180689.1	5596.0	7012.0	3791.0	7039.0	6435.0	3574.0
NM_001180690.3	31679.77	38994.88	22460.62	34384.86	31474.14	19112.08
NM_001180691.3	84.0	94.0	64.0	123.0	104.0	61.0
NM_001180692.1	2485.0	2994.0	1613.0	3527.0	3011.0	1940.0
NM_001180693.1	120066.8	132827.15	69595.58	111197.39	103771.57	59484.11
NM_001180694.3	131.0	150.0	91.0	164.0	196.0	103.0
NM_001180695.3	105.0	136.0	64.0	101.0	100.0	57.0
NM_001180696.1	2892.0	3509.0	1968.0	3772.0	3234.0	1882.0
NM_001180697.1	637.0	814.0	475.0	709.0	688.0	367.0
NM_001180698.3	688.0	889.0	514.0	1264.0	1196.0	666.0
NM_001180699.3	184.0	215.0	157.0	292.0	287.0	177.0
NM_001180700.1	226.0	317.0	181.0	248.0	235.0	129.0
NM_001180701.1	119.0	151.0	119.0	203.0	207.0	92.0
NM_001180702.3	2478.0	3048.0	1633.0	5116.0	4524.0	2281.0
NM_001180703.3	3630.0	4608.0	2313.0	5047.0	4235.0	2443.0
NM_001180705.1	670.0	790.0	471.0	698.0	658.0	394.0
NM_001180706.1	1831.0	2117.0	1168.0	2307.0	1940.0	1243.0
NM_001180707.3	2817.0	3273.0	1541.0	2475.0	2467.0	1044.0
NM_001180708.3	543.0	690.0	426.0	642.0	603.0	398.0
NM_001180710.1	1.0	3.0	1.0	3.0	4.0	4.0
NM_001180711.1	17.0	19.0	14.0	25.0	27.0	17.0
NM_001180712.3	773.0	1039.0	608.0	1002.0	862.0	518.0
NM_001180713.3	319.0	416.0	230.0	502.0	442.0	283.0
NM_001180714.1	414.0	282.0	430.0	554.0	333.0	432.0
NM_001180715.1	529.0	675.0	363.0	788.0	635.0	380.0
NM_001180716.3	1140.0	1325.0	668.0	1101.0	1132.0	476.0
NM_001180717.3	244.0	363.0	168.0	360.0	373.0	165.0
NM_001180718.1	440.0	597.0	279.0	545.0	480.0	309.0
NM_001180719.1	692.0	786.0	484.0	1044.0	891.0	543.0
NM_001180720.3	833.0	1070.0	578.0	1104.0	1019.0	458.0
NM_001180722.4	218.0	363.0	194.0	279.0	294.0	144.0
NM_001180723.1	454.0	575.0	339.0	718.0	579.0	322.0
NM_001180724.1	301.0	406.0	225.0	487.0	329.0	214.0
NM_001180726.3	36445.42	44336.41	25548.74	42277.29	38298.32	22806.32
NM_001180727.3	155.0	248.0	127.0	223.0	146.0	114.0
NM_001180728.1	285.0	391.0	152.0	434.0	317.0	182.0
NM_001180729.1	125.0	231.0	116.0	212.0	258.0	141.0
NM_001180730.3	583.0	717.0	422.0	683.0	638.0	382.0
NM_001180731.3	348.0	413.0	182.0	490.0	421.0	240.0
NM_001180732.1	445.0	615.0	291.0	505.0	410.0	241.0
NM_001180733.1	234.0	360.0	203.0	361.0	337.0	173.0
NM_001180735.3	2315.0	3113.0	1677.0	3726.0	3345.0	1680.0
NM_001180736.3	368.0	432.0	283.0	422.0	358.0	221.0
NM_001180737.1	4801.0	6173.0	2966.0	5471.0	4223.0	2439.0
NM_001180738.1	824.0	1012.0	666.0	1402.0	1202.0	722.0
NM_001180740.3	11732.0	13851.0	6266.0	14476.0	11705.0	7160.0
NM_001180742.3	1095.0	1292.0	797.0	1422.0	1270.0	821.0
NM_001180743.1	243.0	331.0	188.0	366.0	355.0	214.0
NM_001180744.1	258.0	273.0	198.0	299.0	290.0	206.0
NM_001180745.3	77.0	78.0	64.0	97.0	91.0	70.0
NM_001180746.3	3.0	0.0	2.0	3.0	8.0	1.0
NM_001180747.1	160.0	205.0	103.0	173.0	154.0	86.0
NM_001180748.1	266.0	338.0	191.0	398.0	319.0	197.0
NM_001180749.3	340.0	443.0	281.0	291.0	293.0	171.0
NM_001180751.3	307.0	344.0	187.2	376.27	318.39	209.21
NM_001180752.1	164.0	175.0	98.0	225.0	208.0	126.0
NM_001180754.1	2.0	5.0	3.0	2.0	3.0	1.0
NM_001180755.3	18016.56	22004.58	11836.21	21229.05	18928.28	10026.83
NM_001180756.3	407.0	406.0	216.0	397.0	401.0	218.0
NM_001180757.1	773.0	1011.0	626.0	1385.0	1254.0	654.0
NM_001180758.1	29116.37	34394.16	17237.5	31763.13	30220.67	14387.77
NM_001180759.3	761.0	954.0	427.0	1066.0	922.0	434.0
NM_001180760.3	905.0	1297.0	694.0	1239.0	1036.0	620.0
NM_001180761.1	115.0	120.0	70.0	79.0	85.0	58.0
NM_001180762.1	5406.0	6552.0	3502.0	6541.0	5919.0	3214.0
NM_001180764.3	887.0	1031.0	623.0	1183.0	969.0	565.0
NM_001180765.3	3339.0	4017.0	2627.0	4152.0	3469.0	2173.0
NM_001180766.1	526.0	623.0	364.0	662.0	510.0	257.0
NM_001180767.1	53.0	83.0	56.0	119.0	105.0	53.0
NM_001180768.3	310.0	416.0	183.0	489.0	412.0	226.0
NM_001184679.1	202.0	259.0	142.0	291.0	256.0	173.0
NM_001180769.3	1572.0	2139.0	1186.0	2922.0	3207.0	1717.0
NM_001180770.1	473.0	580.0	315.0	561.0	497.0	290.0
NM_001180771.3	1136.0	1449.0	836.0	1629.0	1458.0	764.0
NM_001180772.3	617.0	830.0	412.0	885.0	646.0	412.0
NM_001180773.1	1118.0	1357.0	802.0	1648.0	1466.0	753.0
NM_001180774.1	338.0	430.0	247.0	466.0	480.0	244.0
NM_001180776.3	543.0	662.0	358.0	731.0	593.0	314.0
NM_001180777.3	316.0	400.0	181.0	398.0	342.0	155.0
NM_001180778.2	337.0	380.0	233.0	477.0	415.0	224.0
NM_001180779.1	13287.12	16485.02	8269.39	13370.09	12237.01	6105.55
NM_001180780.3	391.0	538.0	323.0	879.0	841.0	350.0
NM_001180781.3	233.0	266.0	159.0	291.0	244.0	121.0
NM_001180783.1	176.0	229.0	107.0	222.0	190.0	128.0
NM_001180784.1	773.0	853.0	444.0	946.0	888.0	554.0
NM_001180785.3	1551.0	1863.0	1134.0	2132.0	1942.0	973.0
NM_001180786.3	136.0	179.0	112.0	212.0	229.0	107.0
NM_001180787.1	228.0	244.0	137.0	263.0	200.0	125.0
NM_001180788.1	219.0	288.0	159.0	403.0	347.0	166.0
NM_001180789.3	2181.0	2347.0	1484.0	1977.0	1727.0	977.0
NM_001180790.3	141.0	206.0	95.0	184.0	178.0	84.0
NM_001180791.1	3620.0	4389.0	2212.0	4342.0	3910.0	2052.0
NM_001180792.1	268.0	381.0	225.0	395.0	330.0	178.0
NM_001180793.3	331.0	423.0	221.0	555.0	451.0	269.0
NM_001180794.3	544.0	729.0	373.0	758.0	684.0	382.0
NM_001180795.1	1647.0	2020.0	1180.0	2967.0	2764.0	1557.0
NM_001180796.1	141.0	172.0	88.0	193.0	152.0	82.0
NM_001180797.3	256.0	306.0	152.0	311.0	287.0	140.0
NM_001180798.3	385.0	475.0	229.0	611.0	449.0	263.0
NM_001180800.1	623.0	878.0	416.0	869.0	819.0	473.0
NM_001180801.1	208.0	289.0	144.0	301.0	296.0	146.0
NM_001180802.3	427.0	492.0	305.0	495.0	447.0	233.0
NM_001180803.3	256.0	354.0	199.0	442.0	329.0	195.0
NM_001180804.1	2976.0	3739.0	2013.0	4006.0	3544.0	1925.0
NM_001180805.1	2627.0	3041.0	1710.0	3586.0	3229.0	1920.0
NM_001180806.3	289.0	378.0	199.0	320.0	252.0	132.0
NM_001180807.3	169.0	214.0	100.0	221.0	179.0	114.0
NM_001180808.1	17827.84	20625.07	10196.69	20382.83	18030.45	9050.53
NM_001180809.1	208.0	238.0	111.0	186.0	159.0	120.0
NM_001180810.3	3864.05	4808.81	2534.71	3812.45	3274.45	1771.36
NM_001180811.3	293.0	288.0	176.0	334.0	315.0	160.0
NM_001180812.1	3.05	13.24	7.06	8.08	8.23	8.0
NM_001180813.2	1055.95	1301.76	632.94	1156.92	1064.77	496.0
NM_001180814.3	182.0	243.0	135.0	242.0	199.0	115.0
NM_001180815.3	1887.0	2544.0	1342.0	2549.0	1969.0	1044.0
NM_001180816.1	4910.69	6052.76	3183.92	5631.51	4830.58	2784.82
NM_001180818.1	3642.0	4233.0	2561.0	4348.0	3777.0	2350.0
NM_001180819.3	251.0	298.0	136.0	265.0	258.0	171.0
NM_001180820.3	410.68	571.43	313.31	763.5	684.63	312.23
NM_001180821.1	1688.32	1935.57	1095.69	2320.5	2161.37	1147.77
NM_001180822.1	323.0	356.0	208.0	424.0	392.0	194.0
NM_001180823.3	371.0	467.0	302.0	671.0	640.0	343.0
NM_001180824.3	968.0	1187.0	742.0	1410.0	1267.0	813.0
NM_001180825.1	838.0	1022.0	576.0	1266.0	1187.0	694.0
NM_001180826.1	1398.0	1701.0	942.0	1352.0	1253.0	644.0
NM_001180827.3	857.0	1123.0	623.0	1177.0	999.0	527.0
NM_001180828.3	228.0	278.0	166.0	293.0	282.0	150.0
NM_001180830.1	3.0	4.0	1.0	4.0	10.0	5.0
NM_001180831.1	0.0	4.0	2.0	5.0	0.0	1.0
NM_001180832.3	286.0	393.0	210.0	449.0	366.0	205.0
NM_001184631.1	41615.0	48372.0	28644.0	41599.0	44081.0	26853.0
NM_001184632.3	8.0	28.0	27.0	24.0	20.0	20.0
NM_001348819.1	2.0	0.0	1.0	4.0	3.0	4.0
NM_001184329.1	475.0	525.0	229.0	511.0	497.0	187.0
NM_001180835.4	677.0	849.0	405.0	993.0	817.0	413.0
NM_001180836.3	323.0	444.0	236.0	489.0	446.0	282.0
NM_001180837.1	923.0	1259.0	676.0	1313.0	1455.0	719.0
NM_001180838.1	197.0	201.0	107.0	161.0	123.0	63.0
NM_001180839.3	848.0	1019.0	555.0	1358.0	1247.0	650.0
NM_001180840.3	110.0	156.0	95.0	184.0	124.0	79.0
NM_001180841.1	568.0	641.0	425.0	659.0	647.0	302.0
NM_001180842.1	1869.87	746.03	257.0	980.0	407.02	411.0
NM_001180844.3	7.0	5.0	2.0	7.0	10.0	6.0
NM_001180846.3	165.0	207.0	124.0	111.0	101.0	47.0
NM_001180847.1	633.0	792.0	412.0	534.0	490.0	266.0
NM_001180848.1	36.0	40.0	18.0	31.0	29.0	20.0
NM_001180849.4	98.0	106.0	52.0	178.0	155.0	99.0
NM_001180850.3	0.0	0.0	0.0	0.47	0.0	0.0
NM_001180853.1	5.0	9.33	6.67	9.67	10.33	7.0
NM_001178816.1	2548.0	3260.0	1959.0	3599.0	2993.0	1716.0
NM_001178817.3	3762.0	4982.0	2615.0	5432.0	5027.0	2584.0
NM_001178818.1	774.0	984.0	572.0	779.0	568.0	313.0
NM_001178819.1	154.0	223.0	99.0	171.0	163.0	94.0
NM_001178820.3	54.0	90.0	45.0	87.0	74.0	32.0
NM_001178821.1	249.0	309.0	138.0	318.0	224.0	152.0
NM_001178822.1	1369.0	1596.0	860.0	1418.0	1324.0	668.68
NM_001348823.1	8.0	9.0	7.0	8.0	9.0	5.0
NM_001178824.3	370.0	444.0	260.0	1251.0	1093.0	626.0
NM_001348822.1	0.0	7.0	2.0	3.0	7.0	4.0
NM_001178826.1	166.0	174.0	93.0	376.0	279.0	166.0
NM_001178827.1	201.0	279.0	164.0	402.0	332.0	187.0
NM_001178828.3	2125.0	2657.0	1497.0	3128.0	2843.0	1550.0
NM_001348821.1	4.0	8.0	5.0	10.0	6.0	2.0
NM_001178830.1	1071.0	1337.0	663.0	1553.0	1220.0	678.0
NM_001178831.1	115.0	162.0	98.0	155.0	125.0	90.0
NM_001180029.1	5503.94	7650.19	4117.42	8275.35	7013.75	3360.5
NM_001178832.3	732.0	817.0	468.0	892.0	827.0	442.0
NM_001178833.1	229.0	258.0	139.0	281.0	251.0	112.0
NM_001178834.3	66.0	125.0	77.0	153.0	108.0	57.0
NM_001178835.1	108.0	149.0	83.0	109.0	117.0	79.0
NM_001184349.1	539.0	606.0	411.0	575.0	642.0	387.0
NM_001178836.3	0.0	0.0	0.0	0.0	0.0	0.0
NM_001178837.1	1545.0	2073.0	1054.0	2221.0	1802.0	970.0
NM_001178838.1	0.0	0.0	1.0	3.0	7.0	2.0
NM_001178839.3	521.0	789.0	339.0	896.0	863.0	383.0
NM_001178840.1	163.0	195.0	124.0	215.0	184.0	106.0
NM_001178841.1	7673.0	8926.0	4845.0	7696.0	6801.0	3992.0
NM_001178842.3	16002.0	19209.0	10663.0	19088.0	17820.0	9807.0
NM_001348820.1	2.0	2.0	0.0	0.0	2.0	0.0
NM_001178844.1	256.0	369.0	211.0	492.0	422.0	213.0
NM_001178845.1	21.0	30.0	3.0	35.0	21.0	16.0
NM_001178846.3	8407.0	10619.0	5863.0	13546.0	11350.0	6885.0
NM_001178847.1	1278.0	1427.0	797.0	1966.0	1667.0	933.0
NM_001178848.1	17.0	26.0	9.0	22.0	9.0	11.0
NM_001178849.3	39416.47	45886.95	22887.44	40602.3	38890.58	19637.35
NM_001178850.1	0.0	0.0	1.0	1.0	1.0	0.0
NM_001178851.1	795.55	968.76	499.21	1121.49	1025.16	588.01
NM_001178852.3	3975.0	4660.0	2148.0	5220.0	4512.0	2320.0
NM_001178853.1	688.0	823.0	420.0	1076.0	919.0	473.0
NM_001178854.1	32.05	47.31	24.11	85.99	58.6	31.3
NM_001178855.3	6565.04	8447.0	4466.0	10104.74	8914.0	4575.0
NM_001178856.1	53.0	49.0	48.0	86.0	58.0	27.0
NM_001178857.1	3222.0	4050.0	2352.0	3607.0	3255.0	1962.0
NM_001178858.3	557.0	687.0	336.0	599.0	483.0	349.0
NM_001178859.1	508.0	612.0	302.0	760.0	628.0	368.0
NM_001178861.1	8105.0	9331.0	5672.0	8958.0	8321.0	5162.0
NM_001178862.3	2158.0	2553.0	1491.0	2669.0	2341.0	1353.0
NM_001178863.1	291.0	326.0	182.0	374.0	392.0	182.0
NM_001178864.1	0.0	0.0	0.0	0.0	3.0	0.0
NM_001178865.3	595.0	855.0	376.0	817.0	746.0	392.0
NM_001178866.1	3866.0	4746.0	2956.0	5345.0	4357.0	2692.0
NM_001178867.1	458.0	552.0	320.0	523.0	570.0	274.0
NM_001178868.3	390.0	425.0	283.0	453.0	383.0	203.0
NM_001178869.1	25302.58	31145.59	16797.26	31765.71	27220.68	15876.68
NM_001178870.1	2585.0	3079.0	1796.0	3135.0	2759.0	1526.0
NM_001178871.3	473.0	532.0	287.0	799.0	674.0	406.0
NM_001178872.1	12.0	16.0	14.0	17.0	24.0	9.0
NM_001178873.1	1625.0	1998.0	1227.0	2615.0	2426.0	1452.0
NM_001180854.3	52.0	58.0	27.0	109.0	82.0	59.0
NM_001395033.1	2.0	0.0	2.0	6.0	0.0	10.0
NM_001178875.1	1847.0	2196.0	1346.0	3527.0	3197.0	2073.0
NM_001178876.1	442.0	624.0	311.0	593.0	550.0	311.0
NM_001178877.3	163.0	206.0	130.0	274.0	237.0	155.0
NM_001178878.1	1446.0	1825.0	990.0	2400.0	2009.0	1141.0
NM_001178879.1	160.0	176.0	114.0	195.0	193.0	114.0
NM_001178880.3	5046.0	5621.0	3076.0	6728.0	5264.0	3149.0
NM_001178881.2	439.61	537.89	299.96	629.92	464.99	263.37
NM_001178882.1	10.39	8.11	7.04	8.08	14.01	9.63
NM_001270743.1	136.0	165.0	106.0	149.0	157.0	94.0
NM_001178884.1	0.0	1.5	1.0	0.0	1.99	1.0
NM_001178885.1	3.5	10.67	0.0	4.1	0.0	7.5
NM_001178886.1	8401.0	9735.0	5448.0	8974.01	7827.0	4265.0
NM_001178887.1	21.0	22.0	15.0	21.0	26.0	6.0
NM_001178888.1	5.0	6.0	4.0	7.0	8.0	1.0
NM_001178890.1	0.0	1.0	0.5	1.0	0.5	0.0
NM_001178891.1	3.0	0.0	0.0	1.0	1.0	0.0
NM_001180855.1	0.0	0.5	0.0	0.0	0.0	0.0
NM_001184302.1	4.66	7.78	0.0	18.29	28.09	0.0
NM_001178892.1	1221.0	1663.0	897.0	2353.0	1854.0	1051.0
NM_001178893.3	1468.0	1914.0	948.0	2007.0	1704.0	833.0
NM_001178894.1	5791.0	7264.0	3773.0	8573.0	7521.0	4095.0
NM_001178895.1	1070.0	1288.0	804.0	1958.0	1612.0	965.0
NM_001178896.3	309.0	388.0	222.0	437.0	426.0	239.0
NM_001178897.1	4261.0	5249.0	2764.0	5392.0	4765.0	2479.0
NM_001180857.3	1839.0	2292.0	1347.0	2331.0	2153.0	1167.0
NM_001178898.1	140.0	161.0	91.0	167.0	147.0	69.0
NM_001178899.1	1028.0	1173.0	586.0	1063.0	883.0	470.0
NM_001178900.1	7152.0	8843.0	5068.0	8027.0	7859.0	3943.0
NM_001178901.3	288.0	373.0	218.0	489.0	446.0	261.0
NM_001178902.1	2237.71	2541.65	1724.63	677.28	497.49	353.73
NM_001178903.1	1932.0	2531.0	1459.0	3375.0	2865.0	1632.0
NM_001178904.3	417.0	470.0	271.0	729.0	521.0	292.0
NM_001184456.1	0.0	0.0	0.0	0.0	0.0	0.0
NM_001178905.1	349.0	474.0	285.0	428.0	360.0	226.0
NM_001178906.3	53.0	62.0	35.0	117.0	65.0	46.0
NM_001178907.1	555.0	695.0	417.0	917.0	799.0	421.0
NM_001178908.1	642.0	785.0	453.0	1013.0	929.0	458.0
NM_001178909.3	198.0	201.0	113.0	201.0	182.0	108.0
NM_001180031.1	2578.0	2903.0	1638.0	3157.0	2951.0	1644.0
NM_001178910.1	482.0	553.0	353.0	810.0	748.0	379.0
NM_001178911.3	363.0	427.0	234.0	493.0	447.0	281.0
NM_001178912.1	3434.0	4098.0	2434.0	6171.0	5489.0	3029.0
NM_001178913.1	586.0	761.0	363.0	929.0	794.0	405.0
NM_001178914.3	5248.0	6257.0	3478.0	6910.0	6504.0	3638.0
NM_001178915.1	34.0	37.0	30.0	61.0	58.0	32.0
NM_001178916.1	10387.0	12886.0	6440.0	12796.0	10558.0	6400.0
NM_001178917.3	2474.0	3012.0	1591.0	4715.0	3896.0	2374.0
NM_001178918.1	1530.0	1863.0	906.0	2400.0	1998.0	1079.0
NM_001178919.1	160.0	183.0	87.0	149.0	162.0	75.0
NM_001178920.3	411.0	506.0	262.0	639.0	487.0	306.0
NM_001178921.1	955.0	1203.0	679.0	1392.0	1162.0	616.0
NM_001178922.1	1730.0	2150.0	1234.0	2313.0	2014.0	1176.0
NM_001178923.3	568.0	643.0	291.0	693.0	605.0	359.0
NM_001178924.1	134.0	215.0	113.0	201.6	149.0	129.0
NM_001178925.1	361.0	343.0	215.0	422.0	362.0	194.0
NM_001178926.3	350.0	355.0	230.0	440.0	367.0	232.0
NM_001178927.1	10501.0	12539.0	7118.0	13169.0	12037.0	6500.0
NM_001178928.1	89.0	101.0	70.77	114.0	58.0	33.0
NM_001178929.3	84.0	112.0	70.23	124.0	116.0	50.0
NM_001301348.1	3.0	5.0	3.0	5.88	5.0	4.0
NM_001178930.1	0.0	0.0	0.0	2.12	0.0	0.0
NM_001184319.1	23.0	31.0	17.0	12.0	10.0	9.0
NM_001178931.3	312.0	448.0	212.0	534.0	420.0	233.0
NM_001178932.2	48.0	76.0	52.0	87.0	67.0	33.0
NM_001178933.1	1102.0	1389.0	787.0	1821.0	1808.0	902.0
NM_001178934.3	25820.0	29665.0	15118.0	26593.0	24324.0	12540.0
NM_001178935.1	688.0	792.0	467.0	554.0	498.0	230.0
NM_001180023.1	6.0	5.0	8.0	6.0	4.0	2.0
NM_001178936.3	137.0	163.0	66.0	185.0	122.0	83.0
NM_001178937.1	84.0	66.0	43.0	91.0	89.0	37.0
NM_001178938.1	319.0	426.0	213.0	382.0	355.0	201.0
NM_001178939.3	1970.0	2578.0	1345.0	2386.0	1910.0	1025.0
NM_001184330.1	777.0	944.0	537.0	1021.0	901.0	488.0
NM_001178940.1	2619.0	3183.0	1947.0	3596.0	3166.0	1860.0
NM_001178941.3	417.0	558.0	329.0	804.0	667.0	368.0
NM_001178942.1	158.0	176.0	94.0	216.0	214.0	92.0
NM_001178943.1	2692.0	3225.0	1835.0	4638.0	4130.0	2327.0
NM_001178944.3	96.0	144.0	78.0	181.0	126.0	81.0
NM_001184444.1	19.0	35.0	18.0	56.0	41.0	23.0
NM_001178945.1	12.0	22.0	14.0	28.0	19.0	9.0
NM_001178946.3	4925.0	5797.0	3178.0	7544.0	6869.0	3339.0
NM_001178947.1	4950.34	6237.7	3465.86	6971.94	6069.22	3522.87
NM_001180036.1	18182.85	21414.04	11863.03	19217.97	16717.56	9958.22
NM_001178948.3	2073.0	2525.0	1487.0	2135.0	2047.0	1111.0
NM_001178949.1	80.0	96.0	71.0	126.0	71.0	47.0
NM_001178950.1	389.0	536.0	267.0	531.0	469.0	305.0
NM_001178951.3	225.93	290.1	164.2	228.35	200.25	87.91
NM_001180858.1	4.73	10.21	9.94	40.71	32.53	19.22
NM_001178952.2	215.0	293.0	149.0	269.0	249.0	112.0
NM_001178953.3	976.89	1132.3	712.95	1608.08	1346.23	661.65
NM_001178954.1	1228.0	1548.0	809.0	1461.0	1181.0	683.0
NM_001178955.1	1702.0	2305.0	1006.0	2862.0	2441.0	1071.0
NM_001178956.3	31.0	32.0	23.0	42.0	45.0	23.0
NM_001178957.1	0.0	0.0	0.0	0.0	0.0	0.0
NM_001178958.1	131.0	154.0	63.0	202.0	167.0	61.0
NM_001178959.3	1131.0	1409.0	792.0	1259.0	1123.0	589.0
NM_001178960.1	527.0	596.0	356.0	646.0	637.0	305.0
NM_001178961.1	6184.85	7366.66	4618.86	8784.79	7806.81	4195.85
NM_001178962.3	205.0	295.0	136.0	326.0	249.0	147.0
NM_001178963.1	7106.0	8280.0	4749.0	7905.0	6874.0	2469.0
NM_001178964.2	2419.0	2946.0	1488.0	5119.0	4684.0	2504.0
NM_001178965.3	33683.75	38262.7	19180.49	36606.16	33841.41	18274.1
NM_001184512.1	734.0	874.0	515.0	1349.0	1072.0	561.0
NM_001178966.2	466.0	554.0	272.0	510.39	427.0	268.0
NM_001178967.3	46.0	61.0	46.0	79.0	72.0	35.0
NM_001178968.1	194.0	314.0	181.0	273.0	260.0	125.0
NM_001178969.1	370.0	483.0	261.0	530.0	537.0	257.0
NM_001184548.3	2.0	4.0	1.0	2.0	5.0	1.0
NM_001178970.1	224.0	326.0	134.0	255.0	233.0	113.0
NM_001178971.1	1937.0	2597.0	1335.0	2825.0	2445.0	1394.0
NM_001178972.3	244.46	217.57	101.37	872.97	768.12	390.68
NM_001178973.1	1317.0	1554.0	912.0	1334.0	1211.0	677.0
NM_001178974.1	1216.0	1433.0	761.0	1722.0	1602.0	880.0
NM_001270744.1	13.0	10.0	5.0	19.0	14.0	3.0
NM_001178976.3	2.0	4.0	2.0	2.0	4.0	1.0
NM_001178977.1	4141.0	4812.0	2926.0	4931.0	4667.0	2720.0
NM_001180032.3	2043.0	2425.0	1378.0	2378.0	2110.0	1207.0
NM_001178978.1	231.0	309.0	196.0	272.0	239.0	149.0
NM_001178979.3	1356.0	1504.0	723.0	2091.0	1861.0	956.0
NM_001178980.1	1483.0	1795.0	1027.0	1488.0	1329.0	829.0
NM_001178981.1	4379.0	5386.0	2730.0	8223.0	7196.0	3577.0
NM_001178982.3	10361.0	12215.0	5485.0	9588.0	8393.0	4025.0
NM_001178983.3	453.0	466.0	307.0	610.0	513.0	341.0
NM_001178984.1	252.0	298.0	206.0	412.0	360.0	168.0
NM_001180860.1	71.0	91.0	55.0	129.0	93.0	55.0
NM_001178985.3	1936.0	2305.0	1334.0	3454.0	3099.0	1865.0
NM_001178986.3	607.0	789.0	453.0	947.0	732.0	489.0
NM_001178987.1	23.0	46.0	19.0	51.0	45.0	20.0
NM_001178989.1	67.0	103.0	56.0	106.0	89.0	36.0
NM_001178990.3	767.0	976.0	556.0	1319.0	1174.0	560.0
NM_001178991.3	1466.0	1804.0	900.0	2151.0	2004.0	985.0
NM_001178992.1	249.0	301.0	148.0	368.0	320.0	171.0
NM_001178993.1	35523.37	41025.34	21094.52	41894.05	36758.56	19409.74
NM_001178994.3	477.5	553.04	297.0	1247.0	871.08	390.0
NM_001178995.3	155.0	180.0	100.0	196.0	179.0	87.0
NM_001178996.1	1710.0	2051.0	1155.0	2261.0	1973.0	1063.0
NM_001178997.1	6.0	3.0	1.0	10.0	5.0	5.0
NM_001178998.3	906.0	1115.0	628.0	1213.0	999.0	601.0
FLO8	106.47	140.05	73.0	178.92	183.42	99.18
NM_001179000.1	17536.0	21267.0	11155.0	19382.0	16618.0	9576.0
NM_001179001.1	710.0	885.0	412.0	859.0	703.0	404.0
NM_001179002.3	937.0	1222.0	749.0	1143.0	1021.0	534.0
NM_001179003.3	496.0	559.0	361.0	516.0	482.0	275.0
NM_001179004.1	1524.0	1979.0	815.0	2304.0	1759.0	1010.0
NM_001179005.1	77.0	84.0	52.0	60.0	81.0	33.0
NM_001179006.3	154.0	205.0	121.0	182.0	163.0	107.0
NM_001179007.3	29624.91	35965.84	21252.49	35562.46	31738.7	18767.42
NM_001179008.1	827.0	985.0	538.0	1000.0	870.0	509.0
NM_001179009.1	464.0	571.0	316.0	722.0	613.0	376.0
NM_001179010.3	6179.0	7365.0	4001.0	8685.0	7785.0	4382.0
NM_001179011.3	7.0	14.0	9.0	21.0	16.0	11.0
NM_001179012.1	3320.0	3932.0	2060.0	5384.0	4412.0	2400.0
NM_001179013.1	602.0	730.0	438.0	663.0	737.0	359.0
NM_001179014.3	3138.0	3800.0	2265.0	4732.0	4491.0	2292.0
NM_001179015.3	3952.0	4817.0	2668.0	5419.0	4798.0	2768.0
NM_001179016.1	2287.0	2717.0	1494.0	3106.0	2753.0	1505.0
NM_001179017.1	1015.0	1235.0	659.0	1416.0	1224.0	629.0
NM_001179018.3	115.0	187.0	104.0	116.0	75.0	60.0
NM_001179019.3	338.0	450.0	247.0	467.0	413.0	227.0
NM_001179020.1	291.0	338.0	193.0	430.0	367.0	188.0
NM_001179021.1	13047.43	15427.84	8025.75	13850.79	12370.08	6534.11
NM_001179022.3	308.0	381.0	225.0	438.0	353.0	240.0
NM_001179023.3	3983.0	4927.0	3178.0	5319.0	4819.0	2679.0
NM_001179024.1	484.0	578.0	308.0	522.0	530.0	321.0
NM_001348826.1	1.0	0.0	4.0	4.0	5.0	4.0
NM_001179026.1	2986.0	3721.0	2237.0	4135.0	3422.0	1975.0
NM_001179027.3	65.0	88.0	58.0	119.0	90.0	62.0
NM_001184428.1	0.0	0.0	1.0	1.0	0.5	0.0
NM_001179028.4	0.0	0.0	0.0	0.0	0.0	0.0
NM_001184332.1	68.0	87.0	30.0	37.0	44.0	20.0
NM_001179029.3	180.0	187.0	117.0	255.0	236.0	131.0
NM_001179030.3	211.0	266.0	137.0	257.0	212.0	145.0
NM_001179031.1	1049.0	1439.0	752.0	1646.0	1470.0	786.0
NM_001179032.1	150.0	200.0	144.0	364.0	265.0	165.0
NM_001179033.3	806.0	947.0	491.0	1411.0	1261.0	654.0
NM_001179034.3	279.0	325.0	187.0	322.0	338.0	169.0
NM_001179035.1	4352.0	5001.0	2989.0	6085.0	5154.0	3279.0
NM_001348827.1	10.86	22.03	0.0	35.44	19.22	13.44
NM_001179036.1	1085.14	1243.97	738.0	1462.56	1337.78	706.56
NM_001179037.3	170.0	187.0	117.0	254.0	210.0	120.0
NM_001179038.3	1609.0	2103.0	1110.0	2397.0	1920.0	1149.0
NM_001179039.1	333.0	429.0	234.0	486.0	462.0	260.0
NM_001179040.1	76.0	104.0	50.0	121.0	102.0	63.0
NM_001179041.3	1676.0	2077.0	992.0	2276.0	1860.0	1013.0
NM_001179042.3	411.0	585.0	314.0	703.0	670.0	402.0
NM_001179043.1	55.0	77.0	47.0	53.0	61.0	40.0
NM_001179044.1	652.0	752.0	425.0	732.0	637.0	406.0
NM_001179045.3	2814.0	3575.0	1868.0	3566.0	2912.0	1790.0
NM_001179046.3	1963.0	2295.0	1320.0	2814.0	2584.0	1451.0
NM_001179047.1	547.0	595.0	321.0	606.0	511.0	278.0
NM_001179048.1	121.0	135.0	72.0	112.0	86.0	55.0
NM_001179049.3	462.0	567.0	341.0	635.0	632.0	338.0
NM_001184429.1	14.77	0.0	8.0	0.0	0.0	3.5
NM_001179050.4	5.75	6.69	0.0	0.0	0.0	0.0
NM_001179051.1	358.0	513.0	278.0	548.0	445.0	271.0
NM_001179052.4	163.0	226.0	128.0	257.0	200.0	127.0
NM_001179053.3	292.0	387.0	214.0	447.0	400.0	232.0
NM_001179054.1	2039.0	2490.0	1314.0	2074.0	1828.0	965.0
NM_001179055.1	30757.0	36962.0	18332.0	36690.0	32207.0	17347.0
NM_001179056.3	1524.0	1924.0	1071.0	1980.0	1670.0	951.0
NM_001179057.3	523.0	697.0	324.0	613.0	544.0	318.0
NM_001179058.1	792.0	967.0	604.0	1035.0	846.0	461.0
NM_001179059.1	409.0	498.0	285.0	536.0	463.0	244.0
NM_001179060.3	238.0	233.0	138.0	316.0	265.0	162.0
NM_001179061.3	581.0	828.0	396.0	862.0	733.0	400.0
NM_001179062.1	1255.0	1671.0	746.0	1833.0	1410.0	774.0
NM_001179063.1	88.0	123.0	66.0	137.0	135.0	60.0
NM_001179064.3	364.0	539.0	254.0	408.0	414.0	216.0
NM_001179065.3	161.0	195.0	113.0	136.0	130.0	77.0
NM_001184589.1	0.0	3.0	0.0	1.0	2.0	1.0
NM_001179066.1	976.0	1186.0	654.0	1729.0	1499.0	837.0
NM_001179067.3	13679.83	17249.36	9129.13	19861.4	17106.01	9959.25
NM_001179068.3	12914.0	15189.0	8902.0	16176.0	14836.0	9106.0
NM_001179069.1	26.0	30.0	26.0	23.0	37.0	19.0
NM_001179070.1	0.0	5.0	0.0	1.0	2.0	2.0
NM_001184517.3	132.0	130.0	77.0	175.0	149.0	60.0
NM_001348828.1	0.0	0.0	0.0	0.0	0.0	1.0
NM_001179072.3	191.0	272.0	130.0	273.0	221.0	154.0
NM_001179073.1	419.0	484.0	274.0	509.0	529.0	297.0
NM_001179074.1	33.0	38.0	27.0	31.0	11.0	6.0
NM_001179075.3	3.0	3.0	2.0	13.0	12.0	3.0
NM_001179076.3	2.0	2.0	1.0	2.0	3.0	1.0
NM_001179077.1	3.0	0.0	0.0	1.0	4.0	4.0
NM_001184633.1	0.0	0.0	0.0	0.0	0.0	0.0
NM_001348829.1	29.0	19.0	10.0	16.0	27.0	15.0
NM_001179079.3	0.0	1.0	0.5	1.0	0.5	0.0
NM_001184590.1	0.0	0.0	0.0	0.0	0.0	0.0
NM_001179080.3	0.0	0.0	0.0	0.0	0.0	0.0
NM_001179965.1	399.0	493.0	275.0	536.0	536.0	256.0
NM_001179964.1	651.0	745.0	432.0	832.0	711.0	378.0
NM_001180862.2	5.35	10.7	7.35	2.01	3.34	1.34
NM_001184430.1	87.93	125.14	58.66	66.58	62.23	32.66
NM_001179963.1	20.0	15.0	14.0	15.0	32.0	15.0
NM_001179962.1	4395.0	5581.0	3022.0	5358.0	4373.0	2118.0
NM_001179961.1	2245.0	2908.0	1546.0	3658.0	3301.0	1659.0
NM_001179959.1	2123.0	2722.0	1569.0	2887.0	2651.0	1463.0
NM_001179958.1	925.0	1298.0	604.0	1297.0	956.0	519.0
NM_001179957.1	940.0	1328.0	611.0	1385.0	1098.0	700.0
NM_001179956.1	3536.81	4237.56	2564.16	3344.34	3068.1	1926.56
NM_001180024.1	11.19	4.44	3.84	15.66	3.9	5.44
NM_001179955.1	3.0	1.0	5.0	9.0	7.0	2.0
NM_001179954.1	3.0	9.0	6.0	9.0	10.0	4.0
NM_001179953.1	671.0	823.0	393.0	1034.0	776.0	455.0
NM_001179952.1	195.0	110.0	73.0	498.0	471.0	310.0
NM_001348832.1	0.0	1.0	0.0	1.0	1.0	0.0
NM_001179950.1	898.0	1187.0	755.0	1648.0	1533.0	825.0
NM_001179949.1	457.0	630.0	382.0	655.0	543.0	359.0
NM_001180864.1	566.0	679.0	430.0	735.0	710.0	436.0
NM_001179948.1	3712.0	4770.0	2725.0	6292.0	5436.0	2832.0
NM_001348831.1	3.0	2.0	2.0	1.0	0.0	0.0
NM_001179946.1	1.0	5.0	5.59	4.81	11.48	4.32
NM_001179945.1	265.0	325.0	175.0	384.0	352.0	215.0
NM_001179944.2	7117.0	8628.0	4521.0	7640.0	6728.0	3687.0
NM_001179943.1	707.0	939.0	455.0	1198.0	890.0	535.0
NM_001179942.1	356.53	476.77	260.11	561.01	452.52	250.71
NM_001179941.1	366.0	516.0	255.0	488.0	403.0	205.0
NM_001179940.2	4428.0	5876.0	3178.0	7255.0	6687.0	3851.0
NM_001179939.1	154.0	194.0	105.0	275.0	217.0	125.0
NM_001179938.1	469.0	533.0	352.0	744.0	681.0	393.0
NM_001179937.1	253.0	254.0	183.0	389.0	376.0	170.0
NM_001179936.1	32.0	33.0	21.0	29.0	28.0	15.0
NM_001179935.1	119.0	141.0	82.0	95.0	93.0	54.0
NM_001179933.1	451.0	591.0	248.0	707.0	641.0	419.0
NM_001184310.1	2008.41	2493.0	1356.0	1353.0	1269.0	645.0
NM_001179931.1	474.0	635.0	338.0	829.0	745.0	371.0
NM_001179932.2	517.0	640.0	301.0	740.0	579.0	350.0
NM_001179930.1	829.0	1164.0	577.0	1225.0	1117.0	663.0
NM_001179929.1	5987.0	7102.0	4025.0	6922.0	6167.0	3458.0
NM_001179928.1	4023.0	4695.0	2533.0	5276.0	4910.0	2676.0
NM_001179927.1	47327.0	55645.0	31346.0	51322.0	47013.0	28008.0
NM_001179926.1	17.0	14.0	7.0	9.0	13.0	5.0
NM_001179925.1	1397.0	1701.0	792.0	2241.0	2015.0	1184.0
NM_001184549.1	0.0	0.0	0.0	0.0	0.0	0.0
NM_001179924.1	373.0	392.0	238.0	508.0	430.0	303.0
NM_001179923.1	493.0	546.0	363.0	947.0	815.0	446.0
NM_001179922.1	10358.0	12520.0	6364.0	10226.0	9179.0	4530.0
NM_001179921.1	259.0	305.0	187.0	334.0	322.0	149.0
NM_001179920.1	379.0	552.0	350.0	664.0	566.0	331.0
NM_001179919.1	1883.0	2500.0	1228.0	3124.0	2718.0	1407.0
NM_001179918.1	418.0	551.0	259.0	681.0	588.0	329.0
NM_001179917.1	2.04	0.0	0.0	1.01	1.02	2.0
NM_001179916.1	0.0	1.0	0.0	0.0	0.0	0.0
NM_001179915.1	7.0	5.0	4.0	18.0	11.0	3.0
NM_001179914.1	2.0	3.0	2.0	6.0	4.0	6.0
NM_001179913.1	61.0	82.0	39.0	73.0	59.0	38.0
NM_001179912.1	9.0	23.0	15.0	20.0	18.0	13.0
AAD6	18.49	15.0	11.55	82.88	74.43	47.1
NM_001179909.1	3.5	0.0	2.28	4.58	13.99	0.0
NM_001179908.1	44.38	42.35	28.44	71.74	68.5	30.29
NM_001179907.1	0.03	11.75	6.0	0.0	0.0	7.5
NM_001179906.1	0.5	2.0	0.5	6.0	9.0	1.0
NM_001179905.1	0.0	10.43	0.0	6.19	0.0	7.92
NM_001179903.1	2.0	0.0	1.0	0.0	0.0	2.0
NM_001179902.1	0.0	0.0	0.0	0.0	0.0	0.0
NM_001179901.1	0.0	0.0	0.0	0.0	0.0	0.0
NM_001179900.1	0.0	0.0	0.0	0.0	0.0	0.0
NM_001179899.1	0.0	0.0	0.0	0.0	0.0	0.0
NM_001179966.1	977.0	1277.0	747.0	1043.0	930.0	493.0
NM_001179967.1	1317.0	1715.0	857.0	2125.0	1844.0	1017.0
NM_001179968.1	444.0	477.0	303.0	722.0	650.0	384.0
NM_001179969.1	2049.0	2628.0	1542.0	4445.0	3895.0	2184.0
NM_001179970.1	458.0	518.0	265.0	663.0	575.0	305.0
NM_001179971.1	1688.0	2448.0	1234.0	3403.0	2921.0	1603.0
NM_001179972.1	155.0	199.0	125.0	258.0	222.0	141.0
NM_001179973.1	138.86	179.94	83.18	208.17	174.83	86.9
NM_001179974.1	3909.0	4540.0	2806.0	6304.0	5495.0	3199.0
NM_001179975.1	2382.0	3119.0	1669.0	4530.0	3788.0	2095.0
NM_001179976.1	502.0	635.0	445.0	954.0	827.0	470.0
NM_001179977.1	15.0	7.0	4.0	8.0	9.0	6.0
NM_001184472.1	0.0	0.0	0.0	1.0	0.0	0.0
NM_001179978.1	633.0	810.0	496.0	805.0	727.0	459.0
NM_001179979.2	278.0	429.0	210.0	555.0	524.0	250.0
NM_001179980.1	154.0	214.0	89.0	230.0	206.0	107.0
NM_001179981.1	921.0	1359.0	510.0	1310.0	954.0	546.0
NM_001179982.1	49.0	49.0	14.0	62.0	65.0	35.0
NM_001179983.1	355.0	424.0	263.0	457.0	422.0	253.0
NM_001179984.2	543.0	730.0	337.0	732.0	606.0	394.0
NM_001270745.1	68.0	59.0	33.0	59.0	59.0	31.0
NM_001179986.1	414.0	484.0	273.0	556.0	485.0	289.0
NM_001179987.3	37.0	47.0	27.0	45.0	46.0	21.0
NM_001179988.1	9.0	10.0	4.0	9.0	11.0	9.0
NM_001180865.3	2634.0	3131.0	1792.0	4510.01	3888.87	2104.0
NM_001179990.1	349.0	435.0	297.0	477.0	459.0	280.0
NM_001179991.3	1.0	2.0	4.0	3.0	8.0	2.0
NM_001179992.1	119.0	146.0	100.0	194.0	184.0	97.0
NM_001179993.3	764.0	1045.0	634.0	1044.0	1017.0	539.0
NM_001179994.1	213.0	234.0	118.0	241.0	258.0	153.0
NM_001179995.3	576.0	718.0	391.0	690.0	533.0	379.0
NM_001179996.2	264.0	396.0	212.0	415.0	324.0	162.0
NM_001180030.3	36642.62	43218.57	23392.08	39831.52	36513.67	20972.58
NM_001179997.1	4.0	4.0	3.0	19.0	18.0	12.0
NM_001184311.3	17391.0	20129.0	11320.0	16627.0	17020.0	10144.0
NM_001184591.1	45.0	34.0	32.0	38.0	40.0	31.0
NM_001179998.3	289.0	495.0	216.0	526.0	494.0	225.0
NM_001179999.1	859.0	1030.0	489.0	927.0	787.0	492.0
NM_001180000.3	0.0	3.45	3.84	11.55	0.0	9.86
NM_001431138.1	181.0	204.55	125.16	308.45	275.0	144.14
NM_001180001.1	247.0	280.0	166.0	269.0	246.0	146.0
NM_001180002.3	2068.0	2617.0	1291.0	2664.0	2225.0	1251.0
NM_001180003.1	495.0	658.0	315.0	702.0	612.0	334.0
NM_001180004.3	431.0	513.0	257.0	486.0	424.0	260.0
NM_001180005.2	666.0	790.0	522.0	979.0	827.0	493.0
NM_001180006.3	420.0	581.0	394.0	461.0	390.0	264.0
NM_001180007.1	308.0	373.0	261.0	503.0	525.0	265.0
NM_001180008.3	192.0	212.0	86.0	208.0	192.0	95.0
NM_001180009.1	6611.0	7841.0	4742.0	10424.0	9164.0	5694.0
NM_001180010.3	124.0	186.0	108.0	194.0	161.0	91.0
NM_001180011.1	87.0	142.0	67.0	141.0	104.0	59.0
NM_001180012.3	786.0	1006.0	589.0	1098.0	1066.0	567.0
NM_001180013.1	325.0	458.0	221.0	467.0	411.0	242.0
NM_001180014.3	515.0	646.0	338.0	649.0	563.0	277.0
NM_001180015.1	2872.0	3397.0	2075.0	4527.0	4138.0	2376.0
NM_001180016.3	2918.0	3456.0	1845.0	3493.0	3379.0	1847.0
NM_001180017.1	2221.0	2729.0	1535.0	3724.0	3551.0	1821.0
NM_001180018.3	867.93	1307.16	632.01	1650.05	1479.97	877.0
NM_001348833.1	3.0	0.0	0.0	1.0	0.0	0.0
NM_001180021.1	1713.0	2155.0	1080.0	2727.0	2456.0	1359.0
NM_001180022.3	0.0	0.0	0.0	0.0	0.0	0.0
NM_001180866.1	1547.0	1764.0	1146.0	2229.0	1866.0	1069.0
NM_001180867.1	309.0	361.0	234.0	377.0	347.0	213.0
NM_001180868.1	224.0	304.0	123.0	281.0	247.0	145.0
NM_001180869.3	233.0	310.0	165.0	316.0	254.0	153.0
NM_001180870.1	210.0	290.0	167.0	280.0	215.0	113.0
NM_001180871.1	488.0	577.0	329.0	698.0	520.0	316.0
NM_001184634.1	15.0	3.0	2.0	5.0	6.0	1.0
NM_001184592.3	2.0	2.0	3.0	2.0	9.0	4.0
NM_001348838.1	4.0	2.0	1.0	3.0	5.0	1.0
NM_001180873.1	145929.73	180167.97	95832.42	181429.86	153267.52	90349.21
NM_001180874.1	12323.0	16098.0	7906.0	19251.0	16666.0	9180.0
NM_001180875.1	163.0	198.0	106.0	323.0	262.0	145.0
NM_001180876.3	2699.0	3346.0	1971.0	5156.0	4618.0	2533.0
NM_001180877.1	4755.0	6038.0	3391.0	5801.0	4866.0	2764.0
NM_001180878.1	594.0	825.0	449.0	928.97	826.0	494.0
NM_001180879.1	1992.0	2562.0	1156.0	2231.0	1801.0	1142.0
NM_001180880.3	0.0	0.0	0.0	0.0	2.0	0.0
NM_001180881.1	1439.0	1985.0	971.0	2174.0	2014.0	1048.0
NM_001180882.1	274.0	336.0	231.0	452.0	392.0	228.0
NM_001180883.1	189.0	243.0	167.0	237.0	213.0	112.0
NM_001180884.3	897.0	1058.0	586.0	1092.0	1044.0	534.0
NM_001180885.1	825.0	994.0	560.0	1047.0	964.0	562.0
NM_001180886.1	687.0	778.0	489.0	884.0	787.0	389.0
NM_001180887.1	4004.0	4774.0	2783.0	5019.0	4351.0	2756.0
NM_001180888.3	582.0	694.0	292.0	795.0	602.0	335.0
NM_001180890.1	329.0	386.0	208.0	493.0	443.0	257.0
NM_001180891.1	9867.0	11713.0	6389.0	18398.0	15854.0	9365.0
NM_001180892.1	1841.0	2428.0	1329.0	2844.0	2477.0	1382.0
NM_001180893.3	3390.0	4450.0	1985.0	4707.0	4301.0	2164.0
NM_001180894.1	434.0	607.0	339.0	712.0	559.0	302.0
NM_001180895.1	33428.0	39171.0	21535.0	36946.0	32107.0	18659.0
NM_001180896.1	27471.84	33068.05	17818.84	35147.68	31108.28	17706.81
NM_001180897.3	416.0	669.0	384.0	999.0	914.0	519.0
NM_001180898.2	17.0	20.0	9.0	11.0	15.0	7.0
NM_001348837.1	0.0	0.0	0.0	0.0	0.0	0.0
NM_001180900.1	921.0	1208.0	594.0	1285.0	1210.0	604.0
NM_001180901.1	370.0	489.0	272.0	454.0	398.0	250.0
NM_001180902.3	1841.0	2474.0	1387.0	2996.0	2694.0	1539.0
NM_001180903.1	635.0	758.0	443.0	793.0	802.0	403.0
NM_001180904.1	1394.0	1482.0	800.0	1609.0	1533.0	797.0
NM_001180905.1	2011.0	2395.0	1446.0	2729.0	2402.0	1524.0
NM_001184550.1	12.25	0.0	0.0	0.0	6.06	0.0
NM_001184647.4	342.75	463.0	268.0	485.0	402.94	219.0
NM_001180908.1	1483.0	1988.0	1120.0	2043.0	1773.0	995.0
NM_001180909.1	518.0	639.0	373.0	818.0	695.0	353.0
NM_001180910.3	78.0	112.0	68.0	137.0	86.0	63.0
NM_001180912.1	218.0	277.0	188.0	269.0	298.0	140.0
NM_001180913.1	3367.0	4126.0	2122.0	4757.0	3746.0	2136.0
NM_001180914.1	2042.0	2936.0	1353.0	2810.0	2014.0	1263.0
NM_001180915.3	408.0	518.0	287.0	612.0	544.0	262.0
NM_001180916.1	4.43	14.61	2.24	8.78	10.77	10.0
NM_001180918.1	147.45	215.76	97.78	227.04	213.31	101.54
NM_001180919.1	2148.0	2907.0	1666.0	3010.0	2642.0	1339.0
NM_001180920.3	9120.0	10918.0	5073.0	9447.0	8653.0	4511.0
NM_001180921.2	883.0	1144.0	648.0	1310.0	1117.0	678.0
NM_001180922.1	155.0	198.0	116.0	230.0	221.0	144.0
NM_001180923.1	1105.96	1226.94	789.69	1595.3	1487.0	853.0
NM_001180924.4	79.0	89.0	49.0	116.0	111.0	63.0
NM_001180925.1	473.0	493.0	334.0	723.0	641.0	369.0
NM_001180926.1	244.0	370.0	207.0	294.0	287.0	163.0
NM_001180927.1	2222.97	3038.23	1716.19	3495.16	3196.15	2107.77
NM_001180928.4	36.0	50.0	21.0	58.0	38.0	30.0
NM_001180929.1	196.0	314.0	164.0	269.0	282.0	152.0
NM_001180930.1	760.0	923.0	462.0	1019.0	881.0	408.0
NM_001180931.1	484.6	670.06	349.34	697.42	613.02	379.13
NM_001180932.3	698.0	847.0	450.0	1042.0	857.0	482.0
NM_001180933.1	1480.0	1700.0	969.0	1759.0	1651.0	1065.0
NM_001180935.1	805.0	1063.0	535.0	1270.0	1096.0	565.0
NM_001180936.1	628.0	703.0	372.0	815.0	683.0	392.0
NM_001180938.3	482.0	695.0	337.0	913.0	729.0	503.0
NM_001180940.1	143.0	158.0	104.0	156.0	167.0	83.0
NM_001180941.1	64162.41	74833.08	38366.56	73328.36	67604.41	33393.22
NM_001180942.1	1994.0	2535.0	1229.0	2407.0	2128.0	1189.0
NM_001180943.3	2834.0	3723.0	2015.0	4200.0	3671.0	2032.0
NM_001180944.1	223.0	264.0	117.0	232.0	228.0	111.0
NM_001180945.1	551.0	663.0	410.0	574.0	575.0	304.0
NM_001180946.1	40.0	46.0	30.0	23.0	14.0	10.0
NM_001180947.3	643.0	778.0	491.0	797.0	725.0	411.0
NM_001180948.1	456.0	624.0	323.0	689.0	606.0	320.0
NM_001180949.1	1018.0	1273.0	647.0	1295.0	1153.0	642.0
NM_001180950.1	80.0	120.0	55.0	105.0	102.0	79.0
NM_001180951.3	461.0	512.0	279.0	579.0	413.0	218.0
NM_001180952.1	655.0	747.0	451.0	897.0	847.0	443.0
NM_001348836.1	2.0	2.0	5.0	1.0	0.0	2.0
NM_001180954.1	0.0	2.0	1.0	5.0	3.0	0.0
NM_001180955.1	52.0	68.0	33.0	62.0	52.0	37.0
NM_001180956.3	546.0	564.0	351.0	927.0	793.0	465.0
NM_001180957.1	2641.0	3435.0	1706.0	3582.0	2818.0	1639.0
NM_001180958.1	423.0	602.0	246.0	724.0	512.0	308.0
NM_001180959.1	402.0	550.0	342.0	574.0	491.0	266.0
NM_001180960.3	394.0	589.0	312.0	552.0	490.0	291.0
NM_001180961.1	29.0	34.0	14.0	27.0	23.0	10.0
NM_001180962.1	2234.0	2632.0	1671.0	2960.0	2693.0	1613.0
NM_001180963.1	276.0	339.0	189.0	264.0	253.0	136.0
NM_001180964.3	2497.0	3171.0	1565.0	3401.0	2913.0	1380.0
NM_001180965.1	1094.0	1196.0	777.0	1582.0	1419.0	828.0
NM_001180966.1	641.0	838.0	403.0	684.0	566.0	302.0
NM_001180968.1	58877.0	67199.0	37912.0	61257.0	60296.0	31924.0
NM_001180969.3	136.0	186.0	82.0	178.0	145.0	95.0
NM_001180970.1	12249.0	14887.0	7199.0	18622.0	16364.0	8680.0
NM_001180971.1	2607.0	3125.0	1686.0	3769.0	3519.0	1951.0
NM_001180972.1	472.0	622.0	375.0	694.0	606.0	346.0
NM_001180973.3	149.0	197.0	128.0	241.0	200.0	120.0
NM_001180975.1	345.0	442.0	268.0	463.0	358.0	231.0
NM_001180976.1	1213.0	1617.0	843.0	1219.0	1011.0	574.0
NM_001180977.1	957.0	1198.0	645.0	1441.0	1294.0	711.0
NM_001180978.3	84.0	104.0	48.0	96.0	103.0	52.0
NM_001180979.1	476.0	573.0	380.0	701.0	619.0	382.0
NM_001180980.1	987.0	1188.0	688.0	1193.0	1020.0	621.0
NM_001180981.1	489.0	739.0	335.0	841.0	656.0	384.0
NM_001180982.3	48.0	72.0	54.0	146.0	159.0	72.0
NM_001348835.1	1.0	2.0	2.0	2.0	5.0	6.0
NM_001180984.1	340.0	471.0	258.0	523.0	398.0	247.0
NM_001180985.1	4204.0	5151.0	2800.0	7263.0	6386.0	3697.0
NM_001180986.1	26.0	27.0	22.0	32.0	27.0	19.0
NM_001180987.3	2241.3	2809.0	1289.0	2901.0	2355.0	1328.0
NM_001180988.1	62930.0	74671.0	38843.0	69565.0	65626.0	34113.0
NM_001180989.2	182.0	231.0	154.0	299.0	254.0	158.0
NM_001180990.1	276.0	283.0	192.0	319.0	286.0	134.0
NM_001180991.3	296.0	349.0	225.0	416.0	396.0	263.0
NM_001180992.1	340.0	386.0	195.0	352.0	365.0	193.0
NM_001180993.1	113.0	174.0	90.0	177.0	178.0	74.0
NM_001180994.2	540.0	662.0	371.0	599.0	620.0	337.0
NM_001180995.3	750.0	951.0	533.0	1143.0	1024.0	528.0
NM_001180996.1	133.0	162.0	115.0	166.0	168.0	91.0
NM_001180998.1	481.0	604.0	279.0	740.0	579.0	295.0
NM_001180999.1	97.0	98.0	75.0	153.0	90.0	69.0
NM_001181000.3	42896.42	50930.45	26358.55	39578.79	38846.85	20489.57
NM_001181001.1	63.0	64.0	58.0	71.0	76.0	30.0
NM_001181002.1	7767.0	9646.0	5622.0	13457.0	11818.0	6310.0
NM_001181003.1	1.0	1.0	1.0	2.0	1.0	2.0
NM_001181004.3	942.0	1271.0	658.0	1216.0	1113.0	657.0
NM_001181005.1	835.0	1103.0	647.0	1114.0	1029.0	563.0
NM_001181006.1	367.0	461.0	299.0	507.0	414.0	268.0
NM_001181007.1	366.0	407.0	223.0	410.0	386.0	217.0
NM_001181008.3	181.0	186.0	113.0	220.0	168.0	124.0
NM_001181009.1	81.0	107.0	92.0	137.0	146.0	64.0
NM_001181010.2	497.0	693.0	405.0	770.0	627.0	366.0
NM_001181011.1	19.0	25.0	18.0	37.0	31.0	12.0
NM_001181012.3	43649.52	51552.13	27403.66	46067.76	44570.18	23060.82
NM_001181013.1	6813.0	7828.0	4199.0	7443.0	7102.0	4161.0
NM_001348834.1	31.64	52.87	18.17	40.19	41.45	17.69
NM_001181015.1	846.36	986.13	583.83	1121.81	860.55	507.31
NM_001181016.1	705.0	951.0	529.0	1137.0	956.0	525.0
NM_001181018.3	344.0	425.0	257.0	356.0	352.0	185.0
NM_001181019.1	46.0	74.0	37.0	103.0	76.0	47.0
NM_001181020.1	289.0	401.0	232.0	401.0	402.0	218.0
NM_001181021.1	104.0	113.0	141.0	110.0	91.0	79.0
NM_001181022.3	1034.0	1270.0	870.0	1292.0	1154.0	764.0
NM_001181023.1	5.0	1.0	1.0	3.0	7.0	3.0
NM_001181024.1	292.0	353.0	209.0	396.0	333.0	175.0
NM_001181025.1	417.0	530.0	276.0	479.0	442.0	237.0
NM_001181026.3	833.0	1046.0	586.0	1563.0	1263.0	722.0
NM_001181027.1	167.0	205.0	115.0	205.0	182.0	120.0
NM_001181028.1	297.0	310.0	203.0	426.0	325.0	201.0
NM_001181029.1	258.0	330.0	145.0	420.0	356.0	191.0
NM_001181031.3	215.0	308.0	138.0	284.0	262.0	136.0
NM_001181032.1	2364.37	3055.36	1589.33	3144.99	2655.1	1510.88
NM_001181033.1	5.63	5.64	1.67	4.01	1.9	6.12
NM_001181034.1	601.0	680.0	386.0	870.0	743.0	422.0
NM_001181035.3	2.0	5.0	2.0	5.0	3.0	4.0
NM_001181036.1	1354.0	1752.0	893.0	2030.0	1649.0	940.0
NM_001181037.1	1469.0	1751.0	790.0	2211.0	1823.0	1009.0
NM_001181038.1	8926.0	11737.0	6277.0	10459.0	8659.0	4962.0
NM_001181039.3	194.0	229.0	125.0	169.0	152.0	82.0
NM_001181040.1	35.0	58.0	40.0	70.0	62.0	41.0
NM_001181041.1	73.0	86.0	66.0	92.0	85.0	43.0
NM_001181043.1	612.0	737.0	432.0	800.0	692.0	429.0
NM_001181044.3	149.0	174.0	92.0	224.0	158.0	79.0
NM_001181045.1	218.0	285.0	188.0	432.0	333.0	211.0
NM_001181046.1	964.35	1284.46	719.03	1413.73	1266.24	738.55
NM_001181048.1	0.0	2.0	2.0	0.0	5.0	0.0
NM_001181049.3	34.0	50.0	29.0	52.0	51.0	31.0
NM_001181050.1	206.0	284.0	157.0	432.0	362.0	191.0
NM_001181051.1	1309.0	1601.0	772.0	2002.0	1575.0	972.0
NM_001181052.1	839.0	1269.0	533.0	1243.0	1242.0	478.0
NM_001184593.3	52.0	58.0	27.0	112.0	94.0	45.0
NM_001181054.1	35010.57	41656.16	20933.25	34471.21	31972.92	16130.89
NM_001181055.1	724.0	934.0	524.0	1172.0	987.0	478.0
NM_001181056.1	1368.0	1664.0	811.0	2313.0	2063.0	956.0
NM_001181057.3	0.0	0.0	0.0	0.0	0.0	0.0
NM_001181058.1	0.0	0.0	0.0	0.0	0.0	0.0
NM_001181059.1	386.0	496.0	272.0	599.0	532.0	294.0
NM_001184677.1	113.0	124.0	88.0	109.0	100.0	49.0
NM_001181060.3	12164.0	15295.0	7800.0	19246.0	15905.0	8777.0
NM_001181061.1	493.0	618.0	305.0	561.0	512.0	279.0
NM_001181062.2	627.0	768.0	478.0	911.0	750.0	455.0
NM_001181063.1	760.0	921.0	424.0	1064.0	955.0	535.0
NM_001181065.3	3337.0	3901.0	2301.0	4066.0	3949.0	2255.0
NM_001181066.1	1160.94	1557.46	869.43	1928.18	1655.14	983.58
NM_001181067.1	7547.0	9201.0	4873.0	10407.0	9728.0	4987.0
NM_001181068.1	1347.0	1733.0	835.0	1875.0	1697.0	916.0
NM_001270746.1	137.0	219.0	132.0	223.0	180.0	114.0
NM_001181070.1	4.0	13.0	4.0	10.0	13.0	8.0
NM_001181071.1	14652.0	20370.0	8918.0	18814.0	14674.0	8461.0
NM_001181072.1	5877.0	7616.0	3986.0	9328.0	7679.0	4247.0
NM_001181073.2	222.0	221.0	116.0	323.0	257.0	159.0
NM_001181074.1	445.0	493.0	332.0	647.0	564.0	343.0
NM_001181075.1	365.0	474.0	248.0	439.0	375.0	198.0
NM_001181076.1	403.0	424.0	240.0	516.0	566.0	304.0
NM_001181077.1	243.0	332.0	156.0	422.0	311.0	158.0
NM_001181078.1	1069.0	1320.0	723.0	1511.0	1361.0	719.0
NM_001181080.1	502.0	657.0	382.0	564.0	574.0	275.0
NM_001181081.1	387.0	491.0	258.0	452.0	471.0	232.0
NM_001181084.1	345.0	489.0	266.0	481.0	435.0	252.0
NM_001181085.1	756.0	900.0	503.0	1122.0	1105.0	522.0
NM_001181086.1	1606.0	1792.0	954.0	1901.0	1912.0	1016.0
NM_001181087.1	413.0	610.0	262.0	826.0	728.0	409.0
NM_001181088.1	320.0	488.0	272.0	599.0	539.0	292.0
NM_001181089.1	356.0	388.0	215.0	420.0	362.0	216.0
NM_001181090.1	5904.0	7335.0	3949.0	6785.0	6081.0	3384.0
NM_001181091.1	1198.0	1585.0	741.0	1771.0	1667.0	761.0
NM_001181092.1	173.0	190.0	104.0	299.0	248.0	159.0
NM_001181093.1	247.81	293.91	188.83	381.94	289.0	174.44
NM_001181094.1	1554.0	2069.0	1074.0	1935.0	1631.0	847.0
NM_001181095.1	103.0	103.0	61.0	104.0	101.0	53.0
NM_001181096.1	16.0	16.0	4.0	22.0	23.0	10.0
NM_001181097.1	1199.0	1539.0	821.0	1785.0	1697.0	972.0
NM_001181098.1	1069.0	1280.0	709.0	1096.0	911.0	472.0
NM_001181099.1	577.0	816.0	454.0	880.0	738.0	415.0
NM_001181100.1	13760.0	15148.0	6487.0	17829.0	15770.0	7503.0
NM_001181101.1	38.23	36.37	31.58	29.21	23.63	32.06
NM_001181102.1	117.77	131.63	91.42	153.79	152.37	96.94
NM_001181103.1	214.7	289.0	166.0	281.3	252.0	152.0
NM_001181104.1	2481.0	3122.0	1680.0	3941.0	3215.0	1867.0
NM_001181106.1	95.0	118.0	61.0	155.0	136.0	63.0
NM_001181107.1	725.0	914.0	509.0	808.0	720.0	358.0
NM_001181108.1	1012.0	1314.0	789.0	1653.0	1413.0	860.0
NM_001181109.1	116.0	170.0	78.0	160.0	130.0	77.0
NM_001181110.1	1666.0	2266.0	1091.0	2394.0	1980.0	1031.0
NM_001181111.1	22454.0	26241.0	14157.0	33355.0	29554.0	15981.0
NM_001181112.1	464.0	626.0	378.0	762.0	634.0	342.0
NM_001181113.1	116.0	125.0	84.0	138.0	120.0	56.0
NM_001181114.1	199.0	270.0	165.0	288.0	287.0	140.0
NM_001181115.1	1.0	12.0	1.0	9.0	8.0	3.0
NM_001181116.1	92.0	126.0	61.0	141.0	101.0	71.0
NM_001181117.1	33.0	49.0	29.0	25.0	18.0	11.0
NM_001181118.1	865.0	1069.0	631.0	1111.0	947.0	567.0
NM_001181119.1	30697.07	35242.84	19477.99	29054.95	26297.03	15395.0
NM_001181120.1	241.0	276.0	144.0	325.0	325.0	157.0
NM_001181121.1	872.0	827.0	346.0	357.0	292.0	154.0
NM_001181122.1	158.0	232.0	105.0	223.0	198.0	103.0
NM_001181123.1	258.0	341.0	192.0	393.0	301.0	135.0
NM_001181124.1	2.0	3.5	5.0	2.4	2.4	3.0
NM_001184473.1	0.0	0.0	0.0	0.0	0.0	0.0
NM_001181125.1	3.94	2.84	0.43	8.89	2.7	3.1
NM_001181126.1	0.0	0.0	1.0	0.0	0.0	1.0
NM_001181127.1	0.0	0.0	0.0	0.53	0.0	0.0
NM_001181128.1	0.0	0.0	0.0	0.0	0.0	0.0
NM_001181129.1	9.0	9.0	3.0	56.0	52.0	28.0
NM_001181130.3	1613.0	1855.0	1008.0	2354.0	2052.0	1154.0
NM_001181131.1	360.0	495.0	282.0	469.0	407.0	224.0
NM_001181132.1	313.0	380.0	266.0	540.0	451.0	233.0
NM_001181133.1	323.0	420.0	211.0	382.0	375.0	219.0
NM_001181134.3	899.0	1117.0	591.0	1233.0	1062.0	552.0
NM_001181135.1	157.0	175.0	91.0	215.0	177.0	105.0
NM_001181136.1	673.0	861.0	494.0	938.0	815.0	487.0
NM_001181137.1	274.0	326.0	170.0	524.0	431.0	244.0
NM_001181138.3	1142.0	1430.0	735.0	1251.0	1019.0	542.0
NM_001181139.1	305.0	405.0	217.0	478.0	411.0	250.0
NM_001181141.1	463.0	607.0	295.0	599.0	627.0	305.0
NM_001181142.1	324.0	413.0	229.0	488.0	430.0	218.0
NM_001181143.3	3496.0	5152.0	2022.0	3620.0	2896.0	1703.0
NM_001181144.1	109.0	98.0	89.0	115.0	122.0	74.0
NM_001431139.1	20.0	19.0	15.0	15.0	18.0	8.0
NM_001181145.1	99.0	120.0	72.0	149.0	128.0	59.0
NM_001181146.1	688.16	833.0	502.0	848.0	766.0	498.0
NM_001270747.1	1.84	0.0	0.0	0.0	0.0	0.0
NM_001181148.3	611.0	738.0	457.0	883.0	780.0	455.0
NM_001181149.1	2753.0	3255.0	1721.0	3201.0	3193.0	1659.0
NM_001181150.1	149.0	193.0	128.0	181.0	149.0	99.0
NM_001181152.1	106.0	99.0	56.0	99.0	98.0	60.0
NM_001181153.3	297.0	401.0	220.0	437.0	404.0	202.0
NM_001348839.1	53.0	78.0	64.0	100.0	96.0	44.0
NM_001181155.3	1565.0	2125.0	1223.0	2585.0	2204.0	1316.0
NM_001181156.1	34795.95	40590.81	20751.26	37253.08	35519.26	18871.67
NM_001184431.1	0.0	0.0	0.0	0.0	0.0	0.0
NM_001184432.2	71.1	111.02	41.77	59.65	62.68	6.78
NM_001181157.3	242.0	258.0	152.0	254.0	255.0	178.0
NM_001181158.3	402.0	528.0	296.0	630.0	551.0	307.0
NM_001181159.1	232.0	310.0	160.0	342.0	288.0	156.0
NM_001184658.1	0.0	0.0	0.0	0.0	0.0	6.6
NM_001181160.1	297.0	422.0	214.0	440.0	372.0	185.4
NM_001181161.3	470.94	674.49	477.57	737.27	622.78	460.62
NM_001181162.3	558.0	705.0	426.0	786.0	742.0	465.0
NM_001181163.1	27287.47	32304.22	16599.3	30365.67	28559.6	14768.21
NM_001181164.1	258.0	283.0	208.0	234.0	231.0	176.0
NM_001184648.1	0.0	2.0	0.0	1.0	0.0	0.0
NM_001181165.3	284.0	361.0	205.0	335.0	328.0	178.0
NM_001181166.3	5633.0	7270.0	3760.0	7892.0	7641.0	4198.0
NM_001184433.1	27.97	26.0	7.33	16.0	13.33	5.5
NM_001184434.2	1.25	0.0	0.0	0.0	0.0	0.0
NM_001181167.1	954.0	1170.0	603.0	1478.0	1414.0	603.0
NM_001348840.1	26.0	41.0	20.0	22.0	33.0	7.0
NM_001181169.3	207.0	310.0	171.0	270.0	251.0	118.0
NM_001181170.3	407.0	571.0	264.0	524.0	419.0	230.0
NM_001181171.1	110.0	129.0	78.0	145.0	166.0	111.0
NM_001181172.1	43.0	44.0	36.0	165.0	127.0	97.0
NM_001181173.1	573.0	760.0	417.0	809.0	781.0	457.0
NM_001348841.1	10.0	11.0	16.0	11.0	10.0	9.0
NM_001181175.3	230.0	257.0	154.0	247.0	245.0	137.0
NM_001181176.3	583.0	656.0	375.0	709.0	564.0	333.0
NM_001181177.1	509.0	649.0	417.0	983.0	858.0	449.0
NM_001181178.1	364.0	467.0	285.0	347.0	327.0	124.0
NM_001270748.1	36.0	75.0	34.0	68.0	72.0	26.0
NM_001181181.1	43.0	36.0	20.0	28.0	47.0	35.0
NM_001181182.3	14.0	21.0	16.0	20.0	26.0	18.0
NM_001181183.4	4382.0	5224.0	2907.0	5618.0	5187.0	2800.0
NM_001181184.1	3593.0	4813.0	2406.0	4526.0	3955.0	2139.0
NM_001181185.1	665.0	927.0	507.0	996.0	855.0	474.0
NM_001181186.3	124.0	129.0	86.0	126.0	134.0	80.0
NM_001181187.2	315.0	382.0	175.0	389.0	389.0	198.0
NM_001181188.3	1.0	8.0	0.0	8.0	4.0	4.0
NM_001181189.3	8726.0	10325.0	6011.0	10740.0	9816.0	4959.0
NM_001181190.1	13342.0	15042.0	7059.0	14136.0	12399.0	5941.0
NM_001181191.1	65.0	83.0	60.0	91.0	82.0	50.0
NM_001181192.3	735.0	745.0	469.0	960.0	922.0	552.0
NM_001181194.1	492.0	676.0	359.0	897.0	828.0	459.0
NM_001181195.3	1.0	2.0	0.0	6.0	2.0	3.0
NM_001181196.4	15.0	37.0	13.0	22.0	36.0	13.0
NM_001181197.1	205.0	251.0	132.0	269.0	239.0	112.0
NM_001181199.2	52.0	52.0	32.0	76.0	59.0	36.0
NM_001181200.3	271.0	332.0	204.0	347.0	339.0	191.0
NM_001181201.1	312.0	440.0	242.0	567.0	505.0	244.0
NM_001181203.3	507.76	661.38	325.14	759.36	669.43	359.84
NM_001181204.3	116.24	130.62	92.86	146.64	123.57	63.16
NM_001181205.1	264.0	292.0	178.0	350.0	288.0	192.0
NM_001181206.1	210.0	250.0	148.0	215.0	225.0	112.0
NM_001181207.3	1224.0	1399.0	790.0	1657.0	1444.0	933.0
NM_001181208.1	669.0	943.0	409.0	846.0	715.0	427.0
NM_001181209.3	789.0	1031.0	553.0	1064.0	1017.0	568.0
NM_001181210.3	674.0	886.0	458.0	705.0	678.0	329.0
NM_001181211.1	1400.0	1590.0	1003.0	1266.0	1169.0	764.0
NM_001181212.1	2531.0	3087.0	1581.0	2973.0	2534.0	1451.0
NM_001181213.3	389.0	467.0	277.0	561.0	468.0	249.0
NM_001181214.1	20879.32	24376.94	12690.25	20953.04	20053.58	10833.38
NM_001181215.3	9011.0	11249.11	6526.34	14815.0	13669.91	7559.29
NM_001181216.3	9.04	11.05	1.0	17.1	17.12	11.07
NM_001181217.1	62.0	37.0	26.0	94.0	71.0	39.0
NM_001181218.1	444.0	584.0	306.0	636.0	536.0	302.0
NM_001181219.3	2635.0	2994.0	1730.0	3247.0	2897.0	1639.0
NM_001181220.1	247.0	304.0	171.0	324.0	310.0	175.0
NM_001181221.3	620.0	787.0	427.0	730.0	648.0	332.0
NM_001181222.3	464.0	599.0	382.0	678.0	628.0	343.0
NM_001181223.1	16709.0	19900.0	10644.0	23894.0	20144.0	11159.0
NM_001181224.1	508.0	649.0	312.0	806.0	705.0	406.0
NM_001181225.3	61.0	73.0	45.0	69.0	53.0	26.0
NM_001181226.1	504.0	549.0	298.0	710.0	588.0	468.0
NM_001181227.3	304.0	375.0	216.0	373.0	283.0	163.0
NM_001181228.3	199.0	283.0	184.0	324.0	297.0	147.0
NM_001181229.1	471.0	498.0	315.0	649.0	591.0	335.0
NM_001181230.1	369.0	441.0	214.0	476.0	511.0	260.0
NM_001181231.3	160.0	289.0	158.0	263.0	236.0	141.0
NM_001181232.1	4862.0	6051.0	3684.0	5650.0	5221.0	2920.0
NM_001181233.3	306.0	361.0	236.0	471.0	443.0	258.0
NM_001181234.3	907.0	1202.0	709.0	1283.0	1286.0	610.0
NM_001181235.1	4482.0	5709.0	3325.0	6004.0	5415.0	3027.0
NM_001181237.1	415.0	551.0	286.0	454.0	409.0	194.0
NM_001181238.3	276.0	370.0	187.0	388.0	338.0	171.0
NM_001184380.3	0.0	0.0	5.43	10.75	11.05	10.07
NM_001184381.2	130.4	40.75	38.21	35.19	108.18	21.17
NM_001181239.3	28.0	43.0	34.0	51.0	44.0	40.0
NM_001181240.1	629.0	872.0	439.0	854.0	731.0	351.0
NM_001181241.1	131.0	156.0	105.0	191.0	162.0	81.0
NM_001181242.3	310.0	347.0	208.0	427.0	360.0	173.0
NM_001181245.1	5086.0	6691.0	3074.0	7497.0	5679.0	3269.0
NM_001181246.3	456.0	569.0	330.0	698.0	652.0	356.0
NM_001181247.3	24239.98	29459.26	14727.06	27790.49	23126.75	12094.83
NM_001181248.1	1672.0	2153.0	975.0	2068.0	1600.0	895.0
NM_001181249.1	205.0	289.0	206.0	266.0	230.0	144.0
NM_001181250.3	74.0	93.0	61.0	70.0	57.0	31.0
NM_001184551.1	2.0	6.0	6.0	5.0	7.0	4.0
NM_001181251.3	182.0	260.0	156.0	250.0	256.0	128.0
NM_001181252.3	2481.0	3145.0	1608.0	2815.0	2457.0	1387.0
NM_001181253.1	14581.11	16744.99	10119.23	22351.96	21051.0	12194.27
NM_001181254.1	768.0	999.0	561.0	1067.0	868.0	489.0
NM_001181255.3	148.0	167.0	110.0	205.0	189.0	113.0
NM_001181256.1	83.0	78.0	37.0	88.0	94.0	49.0
NM_001181257.3	2104.0	2661.0	1396.0	2940.0	2550.0	1360.0
NM_001181258.3	140.0	203.0	122.0	214.0	172.0	94.0
NM_001181259.1	1689.36	2117.36	899.13	2700.36	1994.35	1046.0
NM_001181260.1	20.0	30.0	11.0	28.0	29.0	9.0
NM_001181261.3	1369.0	1725.0	991.0	2109.0	2004.0	1217.0
NM_001181262.1	130.0	127.0	104.0	159.0	149.0	73.0
NM_001181263.3	316.0	356.0	195.0	373.0	364.0	201.0
NM_001181264.3	2358.0	2883.0	1811.0	3370.0	2957.0	1850.0
NM_001181265.1	1994.0	2529.0	1177.0	2989.0	2440.0	1318.0
NM_001181267.1	64.51	132.34	56.94	240.93	203.95	71.91
NM_001181269.3	371.0	412.0	264.0	559.0	438.0	271.0
NM_001181270.1	401.0	632.0	321.0	665.0	561.0	292.0
NM_001181271.3	444.0	577.0	290.0	934.0	735.0	240.0
NM_001181272.3	471.0	569.11	308.24	663.37	628.42	258.0
NM_001181273.1	22.0	18.0	16.0	23.0	21.0	8.0
NM_001181274.2	1854.0	2278.0	1326.0	2765.0	2254.0	1194.0
NM_001181275.3	449.0	533.0	333.0	377.0	332.0	166.0
NM_001184594.1	1.0	6.0	2.0	8.0	8.0	1.0
NM_001181276.3	489.0	600.0	341.0	566.0	527.0	325.0
NM_001181277.3	20002.16	23916.95	11958.16	22892.32	20473.72	10784.19
NM_001181278.1	221.0	291.0	163.0	332.0	315.0	157.0
NM_001181279.1	169.0	251.0	134.0	281.0	217.0	104.0
NM_001181281.3	679.0	906.0	419.0	779.0	660.0	308.0
NM_001181282.2	33.0	57.0	33.0	63.0	50.0	18.0
NM_001181283.3	7.0	8.0	0.0	3.0	8.0	2.0
NM_001181284.3	16352.0	20107.0	10679.0	18784.0	16158.0	9353.0
NM_001181285.1	495.0	649.0	291.0	481.0	397.0	209.0
NM_001181286.1	3335.0	4589.0	2487.0	4584.0	3825.0	2276.0
NM_001181287.3	721.0	883.0	458.0	1093.0	1049.0	504.0
NM_001181288.1	10479.0	12294.0	6236.0	11446.0	9773.0	5981.0
NM_001181290.3	293.0	392.0	271.0	565.0	468.0	319.0
NM_001184399.1	0.0	0.0	0.0	0.0	0.0	0.0
NM_001184400.4	9.47	2.08	3.92	12.73	6.49	4.17
NM_001184401.1	87.93	125.14	58.66	66.58	62.23	32.66
NM_001184402.2	5.35	10.7	7.35	2.01	3.34	1.34
NM_001184675.3	51.0	118.0	56.0	104.0	79.0	59.0
NM_001181291.3	11023.0	14109.0	5810.0	14700.0	11107.0	6863.0
NM_001181292.3	475.0	573.0	328.0	713.0	682.0	325.0
NM_001348843.1	0.0	1.0	0.0	2.0	1.0	2.0
NM_001181294.1	556.0	637.0	333.0	671.0	617.0	345.0
NM_001181295.1	263.0	329.0	196.0	344.0	294.0	201.0
NM_001181296.3	2953.0	3731.0	1846.0	4217.0	3363.0	1936.0
NM_001181297.1	46.0	71.0	43.0	78.0	90.0	36.0
NM_001181298.3	139.0	195.0	104.0	126.0	158.0	78.0
NM_001184531.3	509.0	752.0	397.0	881.0	672.0	392.0
NM_001181299.1	259.0	372.0	198.0	431.0	382.0	201.0
NM_001181300.1	173.0	182.0	104.0	211.0	199.0	91.0
NM_001181301.3	1339.0	1802.0	986.0	2267.0	2083.0	1155.0
NM_001181302.1	1854.0	2424.0	1308.0	3425.0	2955.0	1602.0
NM_001181303.3	144.0	175.0	110.0	178.0	149.0	91.0
NM_001184595.3	1.0	0.0	0.0	1.0	0.0	2.0
NM_001181304.1	9001.0	10299.0	6011.0	9442.0	8242.0	4237.0
NM_001181306.1	694.0	811.0	531.0	471.0	414.0	197.0
NM_001181307.3	3075.0	3953.0	2010.0	4605.0	3754.0	2120.0
NM_001181308.1	220.0	237.0	126.0	296.0	248.0	132.0
NM_001181309.3	9906.0	11035.0	7023.0	11244.0	10511.0	5888.0
NM_001181310.3	937.0	1205.0	694.0	1182.0	1169.0	664.0
NM_001181312.1	431.0	664.0	273.0	791.0	780.0	332.0
NM_001181313.1	1641.0	2057.0	1273.0	2551.0	2225.0	1367.0
NM_001181314.3	6804.0	7976.0	4401.0	7595.0	6929.0	3873.0
NM_001181315.1	1754.0	2190.0	1078.0	2399.0	1879.0	1130.0
NM_001181316.3	1836.0	2126.0	1244.0	2216.0	2020.0	1037.0
NM_001181317.3	105.0	149.0	86.0	149.0	120.0	59.0
NM_001181318.1	5524.0	7297.0	3549.0	8664.0	8384.0	4270.0
NM_001181320.1	2417.0	3020.0	1492.0	2546.0	2136.0	1117.0
NM_001181321.3	450277.93	504125.48	306877.3	505220.77	461699.21	260349.97
NM_001181322.1	1297.0	1795.0	830.0	1614.0	1361.0	769.0
NM_001181323.3	179.0	242.0	153.0	264.0	267.0	169.0
NM_001181324.3	712.0	922.0	492.0	844.0	791.0	460.0
NM_001181325.1	551.0	726.0	297.0	1123.0	719.0	397.0
NM_001181326.1	1334.0	2219.0	886.0	1281.0	1123.0	480.0
NM_001181327.3	765.0	909.0	581.0	890.0	833.0	443.0
NM_001181328.1	898.0	1138.0	592.0	1188.0	995.0	588.0
NM_001181329.3	1923.0	2463.0	1340.0	3140.0	2692.0	1466.0
NM_001181330.3	48.0	52.0	31.0	90.0	64.0	47.0
NM_001181331.1	659.0	759.0	389.0	773.0	684.0	341.0
NM_001181332.1	196.0	269.0	154.0	316.0	300.0	150.0
NM_001184596.1	35.0	22.0	20.0	25.0	25.0	17.0
NM_001181333.3	11970.0	13764.0	6809.0	13124.0	11756.0	6564.0
NM_001181334.3	322.0	456.0	268.0	502.0	521.0	281.0
NM_001181335.3	203.0	238.0	126.0	241.0	212.0	120.0
NM_001181336.1	1091.0	1335.0	632.0	1888.0	1604.0	874.0
NM_001181337.1	1475.0	1649.0	897.0	1319.0	1346.0	631.0
NM_001181338.3	7651.93	8831.0	5510.0	11264.94	10774.0	6226.0
NM_001181339.1	1154.0	1473.0	794.0	1406.0	1303.0	705.0
NM_001181340.3	3481.0	4652.0	2150.0	5468.0	4722.0	2414.0
NM_001181341.3	77.0	113.0	70.0	90.0	90.0	45.0
NM_001181342.1	10.0	5.0	8.0	7.0	13.0	3.0
NM_001181343.1	33447.32	38004.92	21485.09	35370.4	33872.0	20015.1
NM_001181344.3	445.0	533.0	319.0	647.0	590.0	365.0
NM_001181345.1	262.0	329.0	168.0	306.0	304.0	193.0
NM_001181346.3	467.0	635.0	272.0	615.0	501.0	278.0
NM_001181347.3	4639.0	6089.0	3211.0	5703.0	4791.0	2369.0
NM_001181349.1	553.0	686.0	384.0	790.0	769.0	450.0
NM_001181350.2	75.0	105.0	60.0	80.0	88.0	48.0
NM_001181351.3	115.0	193.0	89.0	195.0	182.0	92.0
NM_001181352.1	202.0	252.0	177.0	354.0	319.0	220.0
NM_001181353.3	28.0	62.0	28.0	31.0	34.0	15.0
NM_001181354.3	16.0	10.0	7.0	11.0	15.0	9.0
NM_001395731.1	1.0	3.0	1.0	0.0	0.0	0.0
NM_001181356.2	564.0	821.0	458.0	893.0	768.0	454.0
NM_001181358.1	1464.0	1832.0	1089.0	1567.0	1270.0	756.0
NM_001181359.3	110.0	184.0	60.0	217.0	165.0	71.0
NM_001181360.1	1556.0	1912.0	1176.0	2937.0	2525.0	1585.0
NM_001181361.3	863.0	1035.0	596.0	1431.0	1206.0	718.0
NM_001181362.3	858.0	1016.0	684.0	655.0	575.0	245.0
NM_001181363.1	14424.0	16861.0	9997.0	21192.0	18057.0	9476.0
NM_001181364.1	610.0	762.0	429.0	991.0	909.0	444.0
NM_001181365.3	0.0	1.0	0.0	2.0	3.0	1.0
NM_001181366.1	399.0	516.0	254.0	531.0	417.0	232.0
NM_001181367.3	120.0	169.0	88.0	154.0	107.0	61.0
NM_001181368.3	195.0	236.0	127.0	274.0	266.0	134.0
NM_001181369.1	32497.0	38277.02	21381.0	37895.0	32850.0	19114.0
NM_001184552.1	1.0	5.0	0.0	4.0	0.0	0.0
NM_001181370.3	678.0	929.0	477.0	690.0	674.0	353.0
NM_001181372.1	37.0	85.0	36.0	76.0	57.0	30.0
NM_001181373.3	1108.0	1418.0	730.0	1865.0	1658.0	909.0
NM_001181374.3	1813.0	2336.0	1383.0	2617.0	2140.0	1290.0
NM_001181375.1	532.0	664.0	399.0	616.0	507.0	270.0
NM_001181376.1	255.0	280.0	161.0	358.0	329.0	167.0
NM_001181377.3	40.0	46.0	14.0	93.0	77.0	29.0
NM_001181378.1	18.0	7.0	6.0	5.0	12.0	3.0
NM_001181379.3	572.0	751.0	430.0	813.0	731.0	328.0
NM_001181380.3	287.0	356.0	199.0	415.0	397.0	207.0
NM_001181381.1	337.0	491.0	259.0	610.0	466.0	300.0
NM_001181382.1	2519.0	3314.0	1838.0	4715.0	4027.0	2215.0
NM_001181383.3	11315.8	12467.04	8452.99	15775.32	14059.91	9232.4
NM_001181384.1	455.0	579.0	311.0	635.0	578.0	318.0
NM_001181385.3	35.0	27.0	20.0	59.0	62.01	31.0
NM_001181386.3	166.0	196.0	132.0	251.0	207.0	127.0
NM_001181387.1	207.0	227.0	115.0	315.0	279.0	179.0
NM_001181389.1	2508.0	3217.0	1415.0	3148.0	2842.0	1465.0
NM_001181390.3	1189.0	1563.0	822.0	1796.0	1593.0	916.0
NM_001181391.1	455.0	547.0	336.0	715.0	646.0	342.0
NM_001181392.3	203.0	269.0	121.0	177.0	205.0	120.0
NM_001181393.3	8880.0	10778.0	6001.0	10946.0	10038.0	5533.0
NM_001181395.1	851.0	1091.0	608.0	1270.0	1102.0	602.0
NM_001181396.1	959.0	1283.0	707.0	1202.0	1155.0	593.0
NM_001181397.3	217.0	294.0	147.0	365.0	350.0	173.0
NM_001181399.1	1002.0	1214.0	590.0	1727.0	1401.0	836.0
NM_001184474.3	573.0	810.0	478.0	917.0	791.0	423.0
NM_001181400.4	743.0	928.0	527.0	967.0	750.0	428.0
NM_001181402.1	0.0	2.0	1.0	1.0	1.0	1.0
NM_001181403.2	455.0	647.0	327.0	745.0	567.0	343.0
NM_001181404.3	735.0	910.0	468.0	914.0	755.0	362.0
NM_001181405.1	761.0	891.0	544.0	1039.0	912.0	475.0
NM_001181406.3	482.0	574.0	323.0	768.0	701.0	410.0
NM_001181407.3	233.0	283.0	152.0	312.0	253.0	154.0
NM_001181408.1	18223.18	22903.55	10852.79	17108.89	15247.33	8389.53
NM_001181409.1	898.0	1282.0	655.0	1265.0	1126.0	558.0
NM_001181410.3	1104.0	1469.0	827.0	1614.0	1193.0	795.0
NM_001181411.1	15420.0	17826.0	9902.0	19088.0	18585.0	10147.0
NM_001181412.3	420.0	568.0	340.0	627.0	629.0	340.0
NM_001181413.3	2705.0	3217.0	1890.0	3509.0	2970.0	1600.0
NM_001181414.1	18672.0	22077.0	10068.0	23904.0	20238.0	10649.0
NM_001181415.1	500.0	623.0	318.0	1014.0	933.0	469.0
NM_001181416.3	40.82	43.85	31.72	67.45	66.21	34.0
NM_001181417.1	66.0	90.0	63.0	94.0	84.0	41.0
NM_001181418.3	1.0	6.0	2.0	1.0	5.0	0.0
NM_001181421.3	19.0	8.88	6.89	0.0	5.3	3.25
NM_001181423.1	0.5	0.0	0.0	0.0	0.0	0.0
NM_001181424.1	841.48	1109.98	549.66	1117.98	1013.12	566.16
NM_001181425.3	1.0	2.33	1.33	3.67	2.0	1.33
NM_001179081.1	13236.57	15856.49	8614.06	16571.36	14608.71	8326.49
NM_001179082.1	727.0	824.0	460.0	1114.0	921.0	446.0
NM_001179083.1	1829.0	2307.0	1215.0	2921.0	2561.0	1351.0
NM_001179084.1	748.43	847.7	451.14	1009.48	908.37	559.32
NM_001348872.1	22.57	38.3	22.86	29.52	28.63	13.68
NM_001179086.1	52.0	60.0	32.0	61.0	43.0	31.0
NM_001179087.1	1437.0	1924.0	899.0	1752.0	1352.0	780.0
NM_001179088.1	222.0	251.0	133.0	286.0	216.0	138.0
NM_001179089.1	302.0	458.0	227.0	438.0	344.0	217.0
NM_001184403.1	10.24	12.26	17.24	33.26	9.24	8.08
NM_001184404.2	25.38	14.74	6.53	1.97	18.15	5.89
NM_001179090.1	129.0	187.0	103.0	170.0	135.0	58.0
NM_001179091.1	3093.0	3840.0	2071.0	4719.0	4579.0	2312.0
NM_001179092.1	4.0	3.0	7.0	1.0	2.0	1.0
NM_001179093.1	655.0	786.0	469.0	825.0	706.0	404.0
NM_001179094.1	119.0	132.0	90.0	158.0	133.0	75.0
NM_001179095.1	32735.0	39388.0	18481.0	39709.0	35742.0	18007.0
NM_001184649.1	0.0	0.0	0.0	0.0	0.0	0.0
NM_001179096.1	21.0	31.0	20.0	32.0	27.0	22.0
NM_001179097.1	764.0	945.0	559.0	1071.0	1009.0	542.0
NM_001179098.1	88.0	90.0	48.0	75.0	91.0	47.0
NM_001179099.1	139.0	209.0	122.0	256.0	242.0	124.0
NM_001179100.1	391.99	401.0	221.8	468.46	386.63	222.79
NM_001179101.1	528.0	651.0	312.0	861.0	776.0	428.0
NM_001179102.1	12.0	18.0	16.0	26.0	31.0	15.0
NM_001179103.1	331.0	390.0	220.0	481.0	414.0	218.0
NM_001179104.1	60.0	57.0	25.0	50.0	45.0	27.0
NM_001179105.1	391.0	414.0	242.0	495.0	442.0	269.0
NM_001179106.1	61.0	66.0	53.0	46.0	39.0	33.0
NM_001179107.1	977.0	1140.0	579.0	1427.0	1162.0	722.0
NM_001179108.1	109.0	164.0	71.0	119.0	132.0	58.0
NM_001179109.1	314.0	359.0	231.0	333.0	372.0	229.0
NM_001179110.1	2415.0	2973.0	1836.0	4216.0	3305.0	2167.0
NM_001179111.1	583.0	645.0	358.0	1001.0	887.0	516.0
NM_001179112.1	32.0	60.0	42.0	74.0	66.0	36.0
NM_001179113.1	25422.28	28716.04	16068.8	20943.42	19286.05	11648.63
NM_001179114.1	6866.0	8826.0	4459.0	9293.0	7654.0	3850.0
NM_001179115.1	250.0	290.0	171.0	358.0	213.0	131.0
NM_001179116.1	67.0	74.0	27.0	58.0	63.0	38.0
NM_001348812.1	5.0	10.0	6.0	5.0	6.0	3.0
NM_001179118.1	180.0	241.0	170.0	298.0	232.0	152.0
NM_001179119.1	981.0	1231.0	643.0	1661.0	1459.0	866.0
NM_001179120.1	1616.0	1636.0	1003.0	2063.0	1550.0	1060.0
NM_001348807.1	0.0	0.0	0.0	0.0	0.0	0.0
NM_001179122.1	40.0	37.0	20.0	56.0	49.0	17.0
NM_001179123.1	2.0	6.0	0.0	5.0	4.0	2.0
NM_001179124.1	41.0	47.0	30.0	61.0	60.0	31.0
NM_001416099.1	0.0	0.0	0.0	0.0	0.0	0.0
NM_001179126.1	0.0	0.0	0.0	0.0	0.0	0.0
NM_001179127.2	1750.0	1209.0	610.0	1327.0	835.0	542.0
NM_001184650.1	0.0	0.0	0.0	0.0	0.0	0.0
NM_001179128.1	379.88	446.07	165.65	590.26	524.2	326.06
NM_001179129.1	0.0	0.0	0.0	0.0	0.0	0.0
NM_001179130.1	0.0	0.0	0.0	0.0	0.0	0.0
NM_001179131.1	804.0	1082.0	603.0	1381.0	1197.0	623.0
NM_001181426.1	437.0	527.0	297.0	562.0	513.0	302.0
NM_001179132.1	109.0	113.0	75.0	108.0	115.0	66.0
NM_001179133.1	556.0	661.0	422.0	816.0	756.0	406.0
NM_001179134.1	135.0	140.0	115.0	141.0	148.0	55.0
NM_001179135.1	991.0	1162.0	705.0	1307.0	1147.0	668.0
NM_001181427.1	2293.0	2846.0	1487.0	3632.0	3059.0	1474.0
NM_001179136.1	534.0	648.0	336.0	763.0	639.0	343.0
NM_001179137.1	8579.0	9648.0	5673.0	9987.0	8829.0	4722.0
NM_001184651.1	0.0	3.0	2.0	3.0	1.0	2.0
NM_001179138.1	2268.0	2576.0	1397.0	2828.0	2806.0	1525.0
NM_001179139.1	917.0	1099.0	658.0	1164.0	1038.0	657.0
NM_001179140.1	34179.88	41869.98	20959.61	42381.91	39113.99	20353.45
NM_001179141.1	93.0	164.0	91.0	142.0	110.0	64.0
NM_001179142.1	697.0	851.0	582.0	1281.0	1151.0	665.0
NM_001179143.1	1325.0	1832.0	1009.0	1956.0	1847.0	1020.0
NM_001179144.1	10.0	11.0	13.0	15.0	18.0	7.0
NM_001179145.1	26.0	60.0	36.0	40.0	39.0	11.0
NM_001179146.1	638.0	788.0	406.0	1057.99	973.13	538.0
NM_001179147.1	215.0	254.0	155.0	303.0	315.0	164.0
NM_001179148.1	1059.0	1405.0	750.0	3740.0	3304.0	1747.0
NM_001179149.1	14851.0	18122.0	9364.0	16299.0	14461.0	7520.0
NM_001179150.1	12157.0	13917.0	7183.0	13003.0	11160.0	6323.0
NM_001179151.1	29357.07	34309.97	16525.04	34790.34	32678.09	14181.04
NM_001181428.1	10.48	23.37	4.26	24.26	25.35	17.16
NM_001179152.1	27.52	26.63	14.74	34.74	24.65	11.84
NM_001184597.1	2.0	3.0	0.0	3.0	4.0	3.0
NM_001179153.1	1079.0	1418.0	686.0	1903.0	1275.0	761.0
NM_001179154.1	747.0	948.0	583.0	1179.0	1024.0	604.0
NM_001179155.1	4542.0	5290.0	3046.0	5468.0	5026.0	3312.0
NM_001179156.1	3142.0	3998.0	2104.0	4593.0	3858.0	2136.0
NM_001179157.1	7605.0	9405.0	5032.0	14674.0	11973.0	6827.0
NM_001179158.1	1006.0	1424.0	757.0	1622.0	1325.0	743.0
NM_001179159.1	553.0	697.0	472.0	1257.0	1121.0	653.0
NM_001179160.1	686.99	910.43	479.35	1132.14	981.26	548.27
NM_001179161.1	274.0	351.0	160.0	343.0	351.0	163.0
NM_001179162.1	924.0	1107.0	642.0	1046.0	1036.0	647.0
NM_001179163.1	11.0	5.0	1.0	10.0	11.0	10.0
NM_001179164.1	321.0	407.0	199.0	465.0	427.0	248.0
NM_001179165.1	62.0	82.0	43.0	77.0	78.0	41.0
NM_001179166.1	314.0	395.0	141.0	422.0	339.0	184.0
NM_001179167.1	1206.0	1614.0	986.0	2065.0	1927.0	1127.0
NM_001179168.1	192.0	276.0	195.0	269.0	189.0	103.0
NM_001179169.1	1332.0	1666.0	1031.0	1646.0	1468.0	879.0
NM_001180027.1	5190.0	6381.0	3325.0	7243.0	6178.0	3144.0
NM_001179170.1	272.0	311.0	160.0	439.0	369.0	221.0
NM_001179171.1	334.0	422.0	221.0	411.0	401.0	243.0
NM_001179172.1	4162.0	4511.0	3010.0	4902.0	4525.0	2920.0
NM_001179173.1	489.1	624.42	321.22	581.07	544.7	293.7
NM_001179174.1	48.9	72.58	60.78	64.93	64.3	50.3
NM_001179175.1	495.0	610.0	386.0	549.0	491.0	305.0
NM_001179176.1	453.0	550.0	343.0	602.0	551.0	302.0
NM_001179177.1	3492.0	4799.99	2582.0	5739.0	4878.99	2857.0
NM_001179178.1	57.0	62.0	49.0	72.0	64.0	49.0
NM_001179179.1	1501.0	1806.0	1004.0	1663.0	1545.0	730.0
NM_001179180.1	817.0	936.0	491.0	905.0	849.0	494.0
NM_001184652.1	72.0	101.0	19.0	82.0	70.0	14.0
NM_001179181.1	885.0	1263.0	646.0	1487.0	1391.0	688.0
NM_001395031.1	0.0	0.0	0.0	0.0	0.0	0.0
NM_001179182.1	2207.0	3052.0	1701.0	3402.0	2827.0	1544.0
NM_001179185.1	0.0	0.0	0.0	0.0	0.0	0.0
NM_001179184.1	63.88	223.79	59.06	5.31	8.47	3.61
NM_001395032.1	0.0	0.0	0.0	0.0	0.0	0.0
NM_001179183.1	0.0	0.0	0.0	0.0	0.0	0.0
NM_001179186.2	923.12	1251.21	658.94	1096.69	918.53	516.39
NM_001179187.1	473.0	554.0	320.0	532.0	465.0	292.0
NM_001179188.1	301.0	448.0	228.0	481.0	434.0	227.0
NM_001179189.1	314.0	336.0	239.0	357.0	360.0	213.0
NM_001179190.1	394.0	451.0	320.0	412.0	390.0	269.0
NM_001179191.1	217.0	309.0	152.0	302.0	269.0	121.0
NM_001179192.1	474.0	573.0	362.0	584.0	558.0	348.0
NM_001179193.1	1420.0	1739.0	1049.0	1875.0	1859.0	949.0
NM_001179194.1	18929.0	23339.0	12823.0	22887.0	20454.0	12284.0
NM_001179195.1	1684.0	2062.0	1082.0	2794.0	2435.0	1284.0
NM_001179196.1	1152.58	1442.84	808.33	1278.98	1096.92	683.57
NM_001179197.1	76.0	89.0	49.0	113.0	104.0	46.0
NM_001179198.1	5670.0	6839.0	3679.0	7365.0	6312.0	3582.0
NM_001179199.1	763.0	956.0	546.0	937.0	848.0	456.0
NM_001179200.1	953.0	1071.0	596.0	1243.0	1179.0	710.0
NM_001179201.1	158.0	168.0	107.0	192.0	159.0	76.0
NM_001179202.2	861.0	1056.0	634.0	958.0	882.0	498.0
NM_001184438.1	2544.0	2948.0	1573.0	2798.0	2598.0	1312.0
NM_001179203.1	626.0	818.0	457.0	966.0	846.0	433.0
NM_001179204.1	1876.0	2169.0	1276.0	2744.0	2360.0	1475.0
NM_001179205.1	131.0	134.0	77.0	101.0	109.0	73.0
NM_001179206.1	550.0	784.0	406.0	971.0	844.0	456.0
NM_001179207.1	545.0	721.0	383.0	752.0	596.0	326.0
NM_001179208.1	161.0	207.0	121.0	299.0	265.0	141.0
NM_001179209.1	310.0	386.0	223.0	387.0	305.0	174.0
NM_001180026.1	1.0	3.0	2.0	0.0	1.0	1.0
NM_001179210.1	127.0	124.0	64.0	135.0	85.0	64.0
NM_001179211.1	482.0	690.0	382.0	547.0	499.0	233.0
NM_001179212.1	1103.0	1373.0	752.0	1505.0	1347.0	688.0
NM_001179213.1	509.0	557.0	322.0	659.0	647.0	387.0
NM_001179214.1	857.0	1133.0	508.0	1060.0	933.0	471.0
NM_001179215.1	453.0	524.0	338.0	511.0	492.0	262.0
NM_001179216.1	477.0	591.0	300.0	580.0	534.0	237.0
NM_001184553.1	0.0	2.0	0.0	0.0	0.0	0.0
NM_001179217.1	98.0	105.0	48.0	157.0	135.0	77.0
NM_001179218.1	1043.0	1328.0	780.0	1148.0	966.0	499.0
NM_001179219.1	3833.0	4982.0	2799.0	5428.0	4720.0	2718.0
NM_001179220.1	209.0	281.0	159.0	280.0	274.0	140.0
NM_001179221.1	115.0	146.0	83.0	148.0	129.0	76.0
NM_001179222.2	498.1	723.71	323.18	371.97	299.89	204.08
NM_001348818.1	0.0	0.0	0.0	0.0	1.0	1.0
NM_001179224.1	4912.87	5651.31	3403.81	4273.2	3708.77	2348.36
NM_001179226.1	6.3	10.44	5.19	17.83	6.29	9.46
NM_001179227.1	306.0	322.0	166.0	405.0	340.0	189.0
NM_001179228.1	2752.0	3434.0	1909.0	3659.0	3262.0	1835.0
NM_001179229.1	2707.0	3537.0	1773.0	3248.0	2666.0	1574.0
NM_001179230.1	277.0	260.0	184.0	365.0	348.0	185.0
NM_001179231.1	262.0	313.0	147.0	305.0	330.0	153.0
NM_001179232.1	505.0	708.0	361.0	882.0	700.0	361.0
NM_001179233.1	757.0	1038.0	455.0	824.0	632.0	362.0
NM_001179234.1	1246.0	1767.0	992.0	1715.0	1526.0	862.0
NM_001179235.1	106.0	137.0	65.0	159.0	110.0	82.0
NM_001179236.1	132.0	173.0	73.0	138.0	125.0	64.0
NM_001179237.1	1725.0	2052.0	1132.0	1621.0	1389.0	786.0
NM_001179238.1	3453.0	4401.0	2342.0	4152.0	3976.0	1975.0
NM_001179239.1	127.0	174.0	106.0	218.0	191.0	122.0
NM_001179240.1	373.0	479.0	277.0	549.0	548.0	278.0
NM_001179241.1	755.0	898.0	480.0	1127.0	1014.0	583.0
NM_001179242.1	352.0	466.0	240.0	374.0	388.0	231.0
NM_001179243.1	944.0	1290.0	714.0	1028.0	913.0	597.0
NM_001179244.1	569.0	670.0	366.0	852.0	675.0	354.0
NM_001179245.1	728.0	912.0	494.0	955.0	861.0	557.0
NM_001179246.1	131.0	170.0	105.0	161.0	149.0	139.0
NM_001179247.1	996.0	1137.0	710.0	1149.0	1070.0	642.0
NM_001179248.1	272.0	354.0	226.0	376.0	396.0	214.0
NM_001179249.1	557.0	649.0	386.0	705.0	659.0	309.0
NM_001179250.1	274.0	342.0	181.0	328.0	267.0	143.0
NM_001179251.1	760.0	907.0	545.0	796.0	649.0	386.0
NM_001179252.1	564.0	737.0	391.0	1047.0	912.0	531.0
NM_001179253.1	855.0	1060.0	601.0	1264.0	1082.0	620.0
NM_001179254.1	48.0	57.0	21.0	56.0	52.0	28.0
NM_001348824.1	2.0	0.0	0.0	0.0	0.0	0.0
NM_001179256.1	0.0	0.0	0.0	3.0	1.0	1.0
NM_001179257.1	586.0	709.0	402.0	660.0	516.0	279.0
NM_001179258.1	3573.0	4343.0	2420.0	4124.0	3956.0	2107.0
NM_001179259.1	116.0	158.0	88.0	183.0	150.0	75.0
NM_001348825.1	1.0	0.0	0.0	0.0	2.0	1.0
NM_001179261.1	138.07	180.06	97.31	182.7	154.0	116.0
NM_001179262.1	1691.0	2176.0	1200.0	1994.0	1826.0	943.0
NM_001184441.1	465.0	511.0	314.0	689.0	614.0	288.0
NM_001179263.1	1672.0	2078.0	1134.0	2590.0	2345.0	1279.0
NM_001179264.1	52.0	103.0	56.0	103.0	118.0	50.0
NM_001179265.1	1674.65	2050.54	1158.97	1534.27	1446.76	830.45
NM_001179266.1	618.0	626.0	424.0	288.0	267.0	50.0
NM_001179267.1	930.0	1251.0	591.0	3318.0	3112.0	1499.0
NM_001179268.1	178.0	212.0	144.0	264.0	226.0	157.0
NM_001179269.1	0.0	0.0	0.0	0.0	0.0	0.0
NM_001348830.1	1.0	1.0	4.0	1.0	1.0	0.0
NM_001179270.1	48.0	51.0	34.0	49.0	46.0	26.0
NM_001179271.1	23877.29	28144.49	13703.14	29035.7	27687.5	12458.86
NM_001179272.1	622.0	769.0	468.0	1064.0	867.0	529.0
NM_001179274.1	5605.0	7044.0	3509.0	6601.0	6260.0	3400.0
NM_001179273.1	1370.0	1643.0	1005.0	1697.0	1501.0	890.0
NM_001179275.1	349.0	484.0	263.0	406.0	402.0	215.0
NM_001179277.1	3459.0	4281.0	2201.0	4793.0	3797.0	2126.0
NM_001179278.1	486.0	614.0	380.0	861.0	836.0	487.0
NM_001179279.1	752.0	911.0	459.0	1187.0	980.0	515.0
NM_001179280.1	601.0	734.0	402.0	715.0	548.0	389.0
NM_001179281.1	89.0	133.0	74.0	119.0	98.0	54.0
NM_001179282.1	241.0	307.0	142.0	332.0	292.0	141.0
NM_001179283.1	676.0	843.0	429.0	606.0	594.0	285.0
NM_001179284.1	36.0	62.0	29.0	53.0	52.0	35.0
NM_001179285.1	862.0	1095.0	604.0	1299.0	1112.0	548.0
NM_001179286.1	306.0	383.0	235.0	445.0	365.0	216.0
NM_001179287.1	99.0	155.0	69.0	137.0	124.0	57.0
NM_001179288.1	5.0	8.0	3.0	6.0	4.0	0.0
NM_001179289.1	1221.0	1513.0	801.0	1729.0	1421.0	797.0
NM_001179290.1	157.0	166.0	62.0	177.0	140.0	69.0
NM_001179291.1	5.0	2.0	4.0	4.0	7.0	3.0
NM_001179292.1	417.59	488.0	286.0	518.0	445.0	232.99
NM_001179293.1	2700.0	3410.0	1951.0	3997.0	3546.0	1904.0
NM_001179294.1	1277.0	1560.0	963.0	1945.0	1699.0	990.0
NM_001179295.1	283.0	359.0	188.0	570.0	389.0	233.0
NM_001179296.1	1132.0	1231.0	725.0	1249.0	1020.0	594.0
NM_001179297.1	180.0	221.0	132.0	321.0	268.0	155.0
NM_001179298.1	183.0	269.0	185.0	333.0	293.0	171.0
NM_001179299.2	119.0	152.0	82.0	134.0	134.0	65.0
NM_001179300.1	651.0	855.0	467.0	1146.0	1090.0	654.0
NM_001179301.1	2718.0	3223.0	1858.0	3273.0	3051.0	1610.0
NM_001179302.1	142.0	206.0	121.0	165.0	145.0	74.0
NM_001179303.1	266.0	372.0	231.0	367.0	266.0	165.0
NM_001270738.1	0.0	0.0	0.0	1.0	0.0	3.0
NM_001179305.1	412602.2	468813.96	252674.01	492019.68	436203.09	241389.6
NM_001179306.3	719.0	679.0	439.0	769.0	789.0	412.0
NM_001184554.1	1.0	0.0	1.0	0.0	0.0	0.0
NM_001179307.3	47.0	56.0	39.0	41.0	63.0	31.0
NM_001179308.1	65.0	75.0	17.0	25.0	15.0	4.0
NM_001179309.3	112.0	162.0	90.0	143.0	96.0	59.0
NM_001179310.1	19101.0	21217.0	14125.0	28827.0	25964.0	15445.0
NM_001348842.1	16.0	42.0	21.0	42.0	40.0	30.0
NM_001179312.3	660.0	937.0	490.0	1141.0	1070.0	599.0
NM_001179313.1	174.0	164.0	103.0	179.0	177.0	89.0
NM_001179314.3	20694.0	23240.0	12725.0	25214.0	22049.99	13265.0
NM_001179315.1	51.0	72.0	31.0	68.0	48.0	22.0
NM_001179316.3	6.0	2.0	4.0	7.0	8.0	3.0
NM_001179317.1	563.0	745.0	441.0	826.0	698.0	451.0
NM_001179318.3	402.0	488.0	285.0	680.0	709.0	397.0
NM_001179319.1	1268.0	1514.0	895.0	1534.0	1468.0	796.0
NM_001179320.3	32.0	33.0	20.0	53.0	52.0	29.0
NM_001179321.1	3526.0	4394.0	2270.0	5694.0	5070.0	2542.0
NM_001179322.3	234.0	246.0	143.0	354.0	302.0	176.0
NM_001179323.1	417.0	455.0	279.0	526.0	362.0	216.0
NM_001179324.3	17148.0	20166.0	10493.0	17030.0	16385.0	8980.0
NM_001179325.1	53.0	60.0	42.0	84.0	66.0	37.0
NM_001179326.3	184.0	207.0	108.0	209.0	170.0	104.0
NM_001179327.1	1379.0	1753.0	957.0	2093.0	1835.0	978.0
NM_001179328.4	1106.0	1337.0	731.0	1291.0	1126.0	643.0
NM_001179329.1	197.0	298.0	154.0	311.0	290.0	135.0
NM_001179330.3	449.0	556.0	358.0	648.0	589.0	379.0
NM_001184671.1	59.0	64.0	21.0	84.0	62.0	47.0
NM_001179331.3	2318.0	2725.0	1535.0	3014.0	2948.0	1717.0
NM_001179332.1	1260.0	1591.0	813.0	1228.0	1031.0	552.0
NM_001179333.3	142.0	154.0	87.0	95.0	124.0	62.0
NM_001179334.1	36848.03	41404.78	24822.8	38326.88	37120.29	20636.34
NM_001179335.3	277.0	375.0	200.0	302.0	309.0	161.0
NM_001179336.1	1864.0	2377.0	1243.0	2218.0	1945.0	1162.0
NM_001179337.3	762.0	893.0	457.0	912.0	877.0	485.0
NM_001179338.1	655.0	809.0	457.0	795.0	688.0	389.0
NM_001179339.3	8292.0	9446.0	5214.0	11492.0	10817.0	6360.0
NM_001179340.1	132.0	114.0	80.0	166.0	137.0	82.0
NM_001179341.3	12.0	11.0	3.0	39.0	16.0	11.0
NM_001179342.1	0.0	12.54	0.0	0.0	8.28	0.0
NM_001184598.3	0.0	0.0	0.0	0.0	0.0	1.0
NM_001179344.1	0.0	0.0	1.0	0.0	0.0	0.0
NM_001184599.3	1.0	0.0	0.0	0.0	0.0	0.0
NM_001184600.1	0.0	0.0	0.5	0.0	0.0	0.0
NM_001181431.2	46.98	45.78	30.84	25.57	25.91	29.66
NM_001184437.3	137.51	219.12	138.13	129.76	114.32	112.02
NM_001184601.1	0.0	0.0	1.0	0.0	0.0	0.0
NM_001184602.3	0.0	0.0	1.0	1.0	2.0	0.0
NM_001179345.3	132.79	102.0	35.0	61.0	47.0	24.0
NM_001179346.1	5394.85	6172.26	3863.69	1955.36	1492.7	384.2
NM_001179347.3	899.21	1075.51	867.98	3392.15	2775.57	1910.43
NM_001179349.1	0.0	1.0	1.0	3.0	0.0	0.0
NM_001179350.3	0.0	0.0	0.0	0.0	0.0	0.0
NM_001179351.3	185.0	193.0	131.0	188.0	187.0	98.0
NM_001179352.3	271.0	332.0	204.0	312.0	279.0	157.0
NM_001184653.1	710.0	798.0	422.0	913.0	826.0	420.0
NM_001179353.1	265.0	359.0	178.0	400.0	373.0	199.0
NM_001179354.3	490.0	517.0	304.0	473.0	414.0	221.0
NM_001179355.1	1218.0	1570.0	783.0	1201.0	1050.0	514.0
NM_001179356.1	35.0	69.0	32.0	55.0	48.0	39.0
NM_001179357.3	172.0	210.0	132.0	250.0	231.0	133.0
NM_001179358.3	891.0	1079.0	576.0	1193.0	1027.0	494.0
NM_001184306.2	188.0	236.0	123.0	225.0	192.0	106.0
NM_001179359.1	854.93	949.56	600.69	637.56	483.53	287.44
NM_001179360.3	658.0	936.0	430.0	1128.0	927.0	513.0
NM_001179361.1	285.0	372.0	220.0	176.0	173.0	95.0
NM_001348845.1	0.0	0.0	1.0	0.0	0.0	0.0
NM_001179363.1	45.0	68.0	42.0	73.0	61.0	41.0
NM_001181433.3	77.0	84.0	92.0	100.0	106.0	54.0
NM_001179364.3	358.0	459.0	270.0	398.0	362.0	173.0
NM_001179365.1	3186.0	4456.0	2305.0	4154.0	3575.0	2107.0
NM_001179366.1	632.0	663.0	364.0	742.0	646.0	349.0
NM_001179367.3	140.0	151.0	102.0	215.0	184.0	91.0
NM_001179368.1	63688.38	75120.43	39827.92	75880.48	67828.33	36974.42
NM_001179369.1	710.0	812.0	449.0	983.0	813.0	503.0
NM_001179370.3	659.0	797.0	419.0	989.0	806.0	428.0
NM_001179371.3	1404.0	1734.0	1073.0	1672.0	1418.0	899.0
NM_001179372.1	1276.0	1382.0	825.0	1094.0	985.0	516.0
NM_001179373.1	339.0	384.0	214.0	434.0	465.0	277.0
NM_001179374.3	16.0	22.0	9.0	9.0	18.0	4.0
NM_001179376.1	686.0	891.0	493.0	894.0	794.0	417.0
NM_001179377.1	594.0	852.0	459.0	827.0	766.0	422.0
NM_001179379.3	4.0	2.0	1.0	6.0	5.0	1.0
NM_001179380.3	2441.0	3078.0	1576.0	3911.0	3103.0	1712.0
NM_001179381.1	234.0	270.0	207.0	343.0	303.0	172.0
NM_001179383.1	1624.0	1930.0	936.0	2174.0	1784.0	1030.0
NM_001179384.3	1230.0	1595.0	925.0	1738.0	1691.0	935.0
NM_001179385.1	803.0	1126.0	657.0	1616.0	1355.0	734.0
NM_001179386.1	819.0	1020.0	420.0	1127.0	924.0	529.0
NM_001179387.3	12.0	17.0	8.0	43.0	29.0	17.0
NM_001179388.3	1800.0	2026.0	1573.0	2339.0	2172.0	968.0
NM_001179389.1	1364.0	1582.0	929.0	1681.0	1555.0	905.0
NM_001179390.1	460.0	570.0	359.0	578.0	582.0	281.0
NM_001179391.3	3498.0	4201.0	2239.0	5002.0	4409.0	2468.0
NM_001179392.1	96.0	94.0	55.0	116.0	91.0	68.0
NM_001179393.1	3517.0	3838.0	1991.0	4458.0	4299.0	2189.0
NM_001179394.3	984.0	1093.0	627.0	1280.0	1166.0	636.0
NM_001179395.3	140.0	191.0	85.0	223.0	189.0	89.0
NM_001179396.1	209.0	295.0	167.0	355.0	280.0	176.0
NM_001184654.1	3.0	4.0	2.0	2.0	2.0	0.0
NM_001179397.3	832.0	1008.0	630.0	1230.0	1117.0	702.0
NM_001179398.1	748.0	998.0	566.0	1212.0	974.0	582.0
NM_001179399.1	167.0	242.0	112.0	230.0	198.0	122.0
NM_001179400.3	370.0	450.0	272.0	488.0	489.0	263.0
NM_001179401.3	13176.0	16470.0	8295.0	17114.0	14967.0	7449.0
NM_001179402.1	26249.15	30846.96	15099.97	32572.03	29462.44	14954.78
NM_001179403.1	22633.11	24715.7	15008.05	21101.92	19531.77	11485.35
NM_001270751.1	5.0	2.0	1.0	6.0	3.0	3.0
NM_001179405.1	121.0	126.0	73.0	122.0	114.0	57.0
NM_001179406.1	308.0	324.0	208.0	351.0	336.0	165.0
NM_001179407.3	0.0	2.0	1.0	3.0	1.0	2.0
NM_001431140.1	10.0	5.0	4.0	11.0	9.0	7.0
NM_001179410.3	0.0	0.0	0.0	0.0	0.0	0.0
NM_001179411.1	252.0	287.0	133.0	254.0	259.0	126.0
NM_001179412.1	1632.0	1942.0	1119.0	2403.0	2073.0	1316.0
NM_001179413.1	929.0	1157.0	530.0	931.0	719.0	428.0
NM_001179414.2	662.0	819.0	462.0	974.0	897.0	509.0
NM_001179415.3	402.0	453.0	267.0	508.0	520.0	300.0
NM_001179416.3	63.15	76.34	54.14	52.21	49.19	40.15
NM_001179417.1	285.0	337.0	183.0	349.0	355.0	215.0
NM_001179418.1	460.0	640.0	320.0	734.0	613.0	345.0
NM_001179419.1	15590.25	17793.3	9141.51	17853.84	16245.59	8461.9
NM_001179420.1	1049.0	1176.0	693.0	1208.0	1025.0	639.0
NM_001179421.3	77.0	104.0	43.0	131.0	97.0	64.0
NM_001179422.3	10.0	18.0	14.0	7.0	14.0	3.0
NM_001179423.1	28.0	54.0	23.0	49.0	35.0	29.0
NM_001179424.1	1955.54	2306.43	1361.63	2348.03	2045.88	1109.32
NM_001179425.1	4890.0	6233.0	3337.0	10193.0	8606.0	4887.0
NM_001179426.1	2021.0	2398.0	1329.0	2455.0	2304.0	1251.0
NM_001179427.3	148.0	173.0	72.0	232.0	179.0	88.0
NM_001179428.3	21352.0	26458.0	13995.0	28648.0	24261.0	13461.0
NM_001179429.1	550.0	636.0	381.0	757.0	668.0	368.0
NM_001181434.4	1.6	78.25	46.36	114.06	58.77	73.76
NM_001179431.2	826.0	916.0	511.0	928.0	882.0	464.0
NM_001179432.1	241.0	289.0	196.0	387.0	336.0	185.0
NM_001179433.3	519.0	640.0	374.0	526.0	499.0	279.0
NM_001348844.1	2.0	7.0	4.0	15.0	5.0	8.0
NM_001179435.3	194.0	198.0	114.0	304.0	212.0	171.0
NM_001179436.1	630.0	769.0	441.0	809.0	742.0	403.0
NM_001179437.1	64.0	65.0	42.0	67.0	66.0	30.0
NM_001179438.1	452.0	605.0	333.0	593.0	549.0	271.0
NM_001179439.1	1051.0	1332.0	697.0	1586.0	1450.0	773.0
NM_001179440.3	94.0	130.0	71.0	92.0	108.0	59.0
NM_001179441.3	370.0	438.0	262.0	455.0	411.0	244.0
NM_001179442.1	3342.0	3785.0	2263.0	4867.0	3934.0	2425.0
NM_001179443.1	402.0	473.0	227.0	558.0	469.0	252.0
NM_001179444.1	377.0	446.0	251.0	437.0	400.0	224.0
NM_001179445.1	97.0	144.0	63.0	150.0	140.0	96.0
NM_001179446.3	163.0	223.0	126.0	250.0	243.0	132.0
NM_001179447.3	4.0	11.0	3.0	12.0	11.0	3.0
NM_001179449.1	53.0	48.0	37.0	80.0	72.0	59.0
NM_001179450.1	0.0	0.0	0.0	1.0	0.0	0.0
NM_001184686.1	63.0	84.0	51.0	71.0	58.0	44.0
NM_001179451.1	613.0	804.0	487.0	1097.0	956.0	514.0
NM_001179452.3	431.0	538.0	341.0	665.0	621.0	319.0
NM_001179453.1	634.38	705.46	351.71	768.14	734.88	359.52
NM_001270750.1	0.0	0.0	0.0	0.0	0.0	0.0
NM_001179454.1	510.0	728.0	346.0	878.0	744.0	447.0
NM_001179455.1	256.0	339.0	149.0	340.0	285.0	196.0
NM_001179456.1	745.0	856.0	525.0	1239.0	1060.0	669.0
NM_001179457.3	5997.0	7424.0	3550.0	8555.0	7397.0	4315.0
NM_001179458.1	600.0	744.0	433.0	873.0	727.0	424.0
NM_001179459.1	297.0	418.0	193.0	443.0	398.0	179.0
NM_001179460.1	595.0	735.0	317.0	942.0	659.0	425.0
NM_001179461.1	48.0	40.0	14.0	46.0	43.0	25.0
NM_001179462.3	368.0	467.0	273.0	607.0	538.0	340.0
NM_001179463.1	3179.0	4036.0	1633.0	4294.0	3201.0	1842.0
NM_001179464.1	1524.0	1682.0	828.0	1813.0	1736.0	738.0
NM_001179465.1	489.0	660.0	325.0	989.0	881.0	527.0
NM_001179466.1	1020.0	1318.0	784.0	1510.0	1347.0	742.0
NM_001179467.3	341.0	508.0	214.0	460.0	464.0	174.0
NM_001179468.1	41.0	61.0	40.0	57.0	53.0	39.0
NM_001179469.1	734.0	884.0	409.0	801.0	648.0	433.0
NM_001179470.1	85.0	107.0	53.0	129.0	108.0	65.0
NM_001179471.2	11284.53	14899.57	6373.07	11125.52	9373.34	4988.11
NM_001179472.3	1386.0	1693.0	863.0	2129.0	1874.0	1054.0
NM_001179473.1	2643.0	3652.0	1792.0	3448.0	3110.0	1670.0
NM_001179474.1	1744.0	2268.0	1184.0	2797.0	2144.0	1300.0
NM_001179475.1	804.0	820.0	553.0	1007.0	904.0	521.0
NM_001179476.1	891.0	1081.0	598.0	1278.0	1176.0	651.0
NM_001179477.3	975.0	1346.0	650.0	1782.0	1410.0	758.0
NM_001179478.1	679.0	832.0	470.0	955.7	819.0	443.32
NM_001179479.1	678.0	882.0	438.0	822.0	750.0	428.0
NM_001179480.1	48.0	52.0	19.0	56.0	52.0	31.0
NM_001179481.1	22601.15	26746.78	14776.13	26176.83	24235.76	12111.03
NM_001184555.1	0.0	0.0	0.0	1.0	0.0	0.0
NM_001179482.3	77.0	105.0	49.0	116.0	92.0	68.0
NM_001179483.1	600.0	795.0	383.0	913.0	829.0	444.0
NM_001179484.1	114.0	167.0	93.0	319.0	234.0	116.0
NM_001179485.1	2215.0	2767.0	1534.0	2809.0	2493.0	1411.0
NM_001179486.3	1286.0	1825.0	913.0	1934.0	1578.0	741.0
NM_001179487.1	79.0	87.0	50.0	112.0	94.0	45.0
NM_001179488.1	1153.0	1609.0	712.0	1622.0	1493.0	743.0
NM_001179490.1	4605.0	5788.0	2870.0	6186.0	5155.0	2913.0
NM_001179491.1	724.0	903.0	482.0	969.0	834.0	509.0
NM_001179492.3	308.0	494.0	247.0	525.0	440.0	229.0
NM_001179493.1	904.0	1063.0	668.0	1164.0	1103.0	585.0
NM_001179494.1	62.0	84.0	48.0	51.0	30.0	22.0
NM_001179495.1	556.0	630.0	370.0	686.0	582.0	323.0
NM_001179496.1	33007.06	40488.06	18122.09	40566.36	38248.37	14827.26
NM_001179497.3	473.0	561.0	381.0	631.0	494.0	285.0
NM_001179498.1	227.0	298.0	155.0	410.0	298.0	201.0
NM_001179499.1	209.0	264.0	132.0	294.0	242.0	165.0
NM_001179500.1	63.0	89.0	58.0	94.0	89.0	47.0
NM_001179501.1	316.0	363.0	233.0	401.0	426.0	227.0
NM_001179502.3	434.0	537.0	289.0	836.0	748.0	467.0
NM_001179503.1	301.0	331.0	165.0	560.0	540.0	342.0
NM_001179504.1	322.0	389.0	206.0	383.0	383.0	227.09
NM_001184521.1	529.0	604.0	347.0	724.0	670.0	331.0
NM_001179505.1	506.0	640.0	369.0	820.0	726.0	404.0
NM_001179506.3	252.0	312.0	207.0	317.0	246.0	162.0
NM_001179507.1	204.0	295.0	141.0	337.0	253.0	162.0
NM_001179508.1	1.0	2.0	2.0	9.0	5.0	3.0
NM_001179509.1	163.0	188.0	103.0	221.0	192.0	93.0
NM_001179510.1	857.0	1032.0	619.0	903.0	926.0	489.0
NM_001270749.1	17.0	12.0	8.0	11.0	14.0	10.0
NM_001179512.1	8.0	3.0	2.0	15.0	13.0	7.0
NM_001179513.1	0.0	0.0	0.0	0.0	0.0	0.0
NM_001179514.1	40.0	45.0	19.0	31.0	32.0	24.0
SDL1	41.0	40.0	23.0	47.0	52.0	25.0
NM_001179517.1	436.44	217.5	102.33	534.37	480.83	118.97
HXT12	4.59	2.2	5.56	2.88	18.58	15.14
YIL171W	0.0	0.0	0.0	0.0	0.0	0.0
NM_001179518.1	8.97	20.17	13.84	12.98	7.26	6.77
NM_001179519.1	277.08	515.07	126.35	224.66	1.77	0.95
YIL174W	0.0	0.0	0.0	0.0	0.0	0.0
YIL175W	0.0	1.0	0.0	1.0	0.0	0.0
NM_001179521.1	0.0	0.0	0.0	0.0	0.0	0.0
NM_001179522.1	8.17	9.55	9.0	7.36	10.34	9.0
NM_001179523.1	437.0	611.0	296.0	498.0	448.0	231.0
NM_001179524.1	298.0	369.0	209.0	419.0	411.0	225.0
NM_001179525.3	846.0	1170.0	474.0	1207.0	874.0	532.0
NM_001179526.1	861.0	1063.0	541.0	1175.0	924.0	448.0
NM_001179527.1	122.0	144.0	81.0	160.0	126.0	56.0
NM_001179528.3	5801.0	7744.16	2968.0	9315.0	6839.0	4301.16
NM_001179529.3	303.0	359.0	194.0	449.0	445.0	203.0
NM_001179530.1	410.0	576.0	336.0	619.0	550.0	322.0
NM_001179531.1	182.0	216.0	119.0	290.0	219.0	128.0
NM_001179532.3	291.0	382.0	207.0	377.0	327.0	204.0
NM_001179533.1	455.0	634.0	334.0	900.0	696.0	436.0
NM_001179534.1	2523.0	2986.0	1557.0	3876.0	3352.0	1911.0
NM_001179535.3	2.0	2.0	4.0	6.0	2.0	1.0
NM_001179536.3	65.0	54.0	22.0	94.0	65.0	32.0
NM_001179537.1	93.0	93.0	55.0	105.0	105.0	64.0
NM_001179538.1	6.0	6.0	2.0	6.0	9.0	3.0
NM_001179539.3	72.0	60.0	33.0	63.0	62.0	24.0
NM_001184655.1	0.0	0.0	1.0	0.0	0.0	0.0
NM_001179540.1	238.0	249.0	155.0	313.0	239.0	153.0
NM_001179541.3	0.0	1.0	0.0	2.0	1.0	1.0
NM_001270752.1	0.0	0.0	0.0	0.0	0.0	0.0
NM_001179543.3	133.0	173.0	128.0	191.0	199.0	84.0
NM_001184656.1	3.57	0.0	2.48	6.62	1.26	0.0
NM_001179544.1	723.43	947.0	526.52	1052.38	902.74	524.0
NM_001179545.3	391.0	475.09	307.0	500.01	435.0	274.98
NM_001179546.1	101.0	143.0	85.0	191.0	150.0	99.0
NM_001179547.1	101.0	121.0	76.0	151.0	149.0	76.0
NM_001179548.3	891.0	1051.0	588.0	1084.0	1012.0	556.0
NM_001179549.3	12.0	20.0	8.0	18.0	21.0	16.0
NM_001179550.3	28.0	19.0	21.0	22.0	23.0	7.0
NM_001179551.1	16.0	29.0	12.0	19.0	21.0	11.0
NM_001179552.1	85.0	132.0	84.0	174.0	167.0	91.0
NM_001179553.3	17.0	20.0	11.0	52.0	43.0	37.0
NM_001179554.1	11.0	20.0	12.0	22.0	27.0	17.0
NM_001179555.1	1271.0	1644.0	782.0	1226.0	1097.0	605.0
NM_001179556.3	1207.0	1348.0	819.0	3445.0	2976.0	1628.0
NM_001179557.3	400.0	451.0	305.0	459.0	416.0	238.0
NM_001179558.3	431.0	608.0	357.0	665.0	653.0	372.0
NM_001179559.1	2134.0	2496.0	1491.0	2705.0	2391.01	1314.0
NM_001179560.1	474.0	554.0	391.0	615.0	679.0	402.0
NM_001179561.3	21.06	33.16	23.57	87.11	75.3	42.9
NM_001179563.1	0.0	0.0	0.0	0.02	2.66	0.04
NM_001179564.1	6.0	25.0	4.0	31.0	12.0	9.0
YIR043C	0.0	4.55	0.0	4.7	2.51	2.59
NM_001181435.1	2165.0	2833.0	1701.0	5464.0	4504.0	2832.0
NM_001181436.3	3156.0	4065.0	2247.0	4699.0	4155.0	2341.0
NM_001181437.1	210.0	282.0	165.0	317.0	278.0	178.0
NM_001181438.1	447.0	561.0	354.0	636.0	553.0	294.0
NM_001181439.3	970.0	1197.0	592.0	1074.0	927.0	525.0
NM_001181440.1	259.0	376.0	213.0	388.0	372.0	181.0
NM_001348847.1	0.0	2.0	4.0	0.0	0.0	3.0
NM_001181442.2	4060.0	5179.0	3142.0	6421.0	5301.0	3438.0
NM_001181444.3	1516.0	1961.0	1148.0	1825.0	1664.0	869.0
NM_001181445.2	477.0	565.0	354.0	539.0	481.0	253.0
NM_001181446.1	6971.0	8305.0	5294.0	6105.0	5232.0	1890.0
NM_001181447.3	185.0	193.0	100.0	198.0	172.0	97.0
NM_001181448.1	4238.0	5162.0	2803.0	6961.0	5802.0	3390.0
NM_001181450.1	112.0	145.0	63.0	109.0	129.0	65.0
NM_001181453.3	370.0	543.0	245.0	463.0	422.0	205.0
NM_001181454.1	2951.0	4244.0	1638.0	4799.0	3330.01	2118.0
NM_001181457.1	62.0	94.0	48.0	124.0	105.0	38.0
NM_001181458.3	431.0	523.0	333.0	703.0	680.0	367.0
NM_001181459.1	59.0	96.0	55.0	56.0	70.0	55.0
NM_001181460.1	6830.0	7735.0	4466.0	7480.0	6751.0	3904.0
NM_001181461.3	0.0	3.0	0.0	0.0	0.0	2.0
NM_001181462.1	0.0	1.0	0.0	2.0	0.0	0.0
NM_001181463.1	432.0	580.0	306.0	536.0	493.0	234.0
NM_001181464.3	251.0	312.0	173.0	341.0	258.0	149.0
NM_001181465.1	384.0	511.0	275.0	792.0	701.0	338.0
NM_001181467.1	1935.0	2427.0	1358.0	2288.0	2092.0	1083.0
NM_001181468.3	14060.68	17972.36	10753.74	23416.27	20198.6	11166.11
NM_001181469.1	114.0	137.0	92.0	170.0	161.0	106.0
NM_001181470.1	448.0	531.0	330.0	648.0	554.0	292.0
NM_001181471.3	15.0	16.0	4.0	17.0	24.0	8.0
NM_001181472.1	10.0	21.0	12.0	40.0	39.0	21.0
NM_001181473.1	2222.0	2892.0	1711.0	3222.0	2641.0	1467.0
NM_001181474.3	4035.0	5236.0	2085.0	6719.0	4988.0	2981.0
NM_001181475.1	1170.0	1319.0	609.0	1411.0	1178.0	644.0
NM_001181476.1	7.0	2.0	1.0	5.0	1.0	4.0
NM_001181477.3	451.0	531.0	309.0	589.0	613.0	312.0
NM_001181478.1	19.0	24.0	10.0	15.0	21.0	11.0
NM_001181479.1	177.0	209.0	131.0	228.0	220.0	115.0
NM_001181480.3	213.0	294.0	137.0	326.0	263.0	167.0
NM_001184635.1	0.0	0.0	1.0	1.0	1.0	1.0
NM_001181481.1	149.0	191.0	93.0	185.0	162.0	82.0
NM_001181482.3	219.0	259.0	145.0	297.0	301.0	166.0
NM_001181483.1	4816.0	6161.0	2920.0	5723.0	4702.0	2657.0
NM_001181484.1	357.0	353.0	217.0	391.0	346.0	215.0
NM_001184476.1	1.0	0.0	0.0	0.0	0.0	0.0
NM_001181485.3	1082.69	1052.41	1020.83	1124.09	1061.07	706.13
NM_001181486.1	568.0	651.0	408.0	551.0	489.0	298.0
NM_001181487.3	555.0	583.0	382.0	646.0	550.0	307.0
NM_001181488.1	985.0	1263.0	818.0	1306.0	1140.0	635.0
NM_001181489.1	197.0	220.0	111.0	164.0	145.0	70.0
NM_001181490.3	143.0	186.0	101.0	179.0	149.0	104.0
NM_001181491.1	127.0	176.0	95.0	220.0	213.0	112.0
NM_001181492.1	136.0	218.0	131.0	235.0	224.0	125.0
NM_001181493.3	1020.0	1260.0	692.0	1348.0	1330.0	701.0
NM_001181494.1	903.0	1118.0	636.0	1230.0	1071.0	611.0
NM_001181495.1	1043.0	1321.0	689.0	1254.0	1054.0	623.0
NM_001184477.3	688.0	698.0	404.0	747.0	721.0	464.0
NM_001181496.1	475.0	541.0	351.0	674.0	539.0	445.0
NM_001181498.1	306.0	354.0	175.0	390.0	358.0	249.0
NM_001181499.3	282.0	272.0	173.0	273.0	289.0	196.0
NM_001181501.1	911.0	1194.0	729.0	1303.0	1192.0	714.0
NM_001181502.1	1210.0	1538.0	853.0	2038.0	1710.0	1083.0
NM_001181503.3	184.0	201.0	126.0	252.0	170.0	101.0
NM_001181504.1	171.0	161.0	107.0	171.0	128.0	85.0
NM_001181505.1	255.0	309.0	170.0	395.0	345.0	176.0
NM_001181506.3	405.0	545.0	282.0	649.97	580.99	274.0
NM_001181507.1	909.0	1354.0	615.0	1364.0	1013.0	568.0
NM_001395035.1	0.0	0.0	0.0	3.32	0.0	1.97
NM_001181509.1	2460.0	3263.0	1454.0	3863.68	2914.0	1764.03
NM_001181510.1	16.59	11.06	2.76	22.12	23.47	11.03
NM_001270753.1	11.41	28.94	14.24	25.88	19.53	17.97
NM_001184603.1	3.0	2.0	2.0	0.0	1.0	0.0
NM_001181511.1	2873.0	3193.0	1443.0	4289.0	3790.0	1814.0
NM_001181512.1	1073.0	1398.0	660.0	1263.0	1125.0	559.0
NM_001181513.1	21330.0	26442.0	12083.0	23947.0	20139.0	10706.0
NM_001181514.1	677.0	779.0	435.0	830.0	648.0	352.0
NM_001181515.1	456.0	473.0	290.0	533.0	449.0	312.0
NM_001181516.1	138.0	192.0	98.0	178.0	139.0	118.0
NM_001181517.1	519.0	600.0	339.0	649.0	530.0	317.0
NM_001181518.1	317.0	402.0	214.0	507.0	411.0	270.0
NM_001181520.1	767.0	1045.0	609.0	1129.0	936.0	490.0
NM_001181521.1	71.0	73.0	43.0	88.0	71.0	58.0
NM_001181522.1	5.0	4.0	7.0	19.0	11.0	8.0
NM_001181523.1	130.0	149.0	98.0	195.0	154.0	97.0
NM_001181524.1	594.0	741.0	403.0	716.0	632.0	335.0
NM_001181525.1	262.0	339.0	171.0	341.0	322.0	164.0
NM_001181526.1	140.0	189.0	103.0	199.0	135.0	92.0
NM_001181527.1	405.0	480.0	280.0	632.0	515.0	289.0
NM_001181528.1	431.0	520.0	264.0	465.0	420.0	260.0
NM_001181529.1	399.0	553.0	308.0	545.0	504.0	311.0
NM_001181530.1	1549.0	1880.0	1154.0	1979.0	1812.0	1092.0
NM_001181531.1	865.0	1155.0	599.0	1153.0	942.0	589.0
NM_001181532.1	315.0	371.0	192.0	477.0	400.0	210.0
NM_001181533.1	96.0	116.0	51.0	134.0	122.0	79.0
NM_001181534.1	784.0	1065.0	590.0	1018.0	919.0	512.0
NM_001181535.1	118.0	186.0	85.0	242.0	229.0	103.0
NM_001181536.1	24.0	34.0	11.0	41.0	45.0	9.0
NM_001181537.1	758.0	918.0	633.0	960.0	795.0	512.0
NM_001181538.1	4.0	2.0	5.0	3.0	0.0	3.0
NM_001181539.1	1.0	2.0	2.0	0.0	2.0	2.0
NM_001181540.1	97.0	112.93	53.0	174.99	149.98	61.0
NM_001181541.1	0.0	1.07	2.0	1.01	3.02	2.0
NM_001181542.1	3608.0	4327.0	2526.0	5810.0	4994.0	2642.0
NM_001181543.1	520.0	644.0	332.0	765.0	622.0	353.0
NM_001181544.1	4287.0	5486.0	2928.0	5293.0	4391.0	2693.0
NM_001181545.2	271.0	293.0	199.0	370.0	311.0	185.0
NM_001181546.3	5.9	5.71	0.0	0.0	6.28	11.19
NM_001181547.2	19.34	28.54	10.71	15.89	18.17	10.95
NM_001181548.1	576.0	740.0	433.0	836.0	715.0	435.0
NM_001181549.1	48.0	61.0	28.0	78.0	69.0	51.0
NM_001181550.1	2236.0	2533.0	1485.0	2201.0	1935.0	964.0
NM_001181551.1	72.0	76.0	39.0	85.0	71.0	36.0
NM_001181554.1	3495.0	4151.0	2280.0	3806.0	3671.0	2125.0
NM_001181555.1	1078.0	1326.0	736.0	1071.0	975.0	543.0
NM_001181556.1	1454.46	2017.43	979.93	2175.48	1705.15	1067.89
NM_001181557.1	1309.0	1636.0	863.0	1322.0	1273.0	673.0
NM_001181558.1	662.0	840.0	534.0	1027.0	920.0	529.0
NM_001181559.1	185.0	228.0	111.0	241.0	217.0	104.0
NM_001181560.1	212.0	282.0	165.0	286.0	230.0	141.0
NM_001184532.1	109.0	121.0	83.0	101.0	133.0	58.0
NM_001181561.2	1067.0	1385.0	699.0	1486.0	1287.0	793.0
NM_001181562.1	314.0	360.0	196.0	308.0	297.0	168.0
NM_001181563.2	26555.0	31701.0	15642.0	30873.0	26707.0	14266.0
NM_001181564.1	127.0	205.0	108.0	209.0	215.0	117.0
NM_001181565.1	106.0	120.0	64.0	118.0	89.0	41.0
NM_001184636.1	467.0	609.0	392.0	531.0	448.0	327.0
NM_001181566.1	311.0	369.0	191.0	336.0	298.0	158.0
NM_001181567.1	731.0	910.0	473.0	1067.0	915.0	564.0
NM_001181569.1	19097.71	22772.1	13088.84	23301.65	20139.15	12106.48
NM_001184637.1	6.0	11.0	8.0	1.0	4.0	5.0
NM_001181570.1	241.0	262.0	179.0	310.0	269.0	159.0
NM_001181571.1	26930.08	31203.2	15458.15	30503.09	29947.62	14990.11
NM_001181572.1	194.0	229.0	146.0	222.0	185.0	93.0
NM_001181573.1	1037.0	1350.0	668.0	1612.0	1348.0	659.0
NM_001181574.1	357.0	482.0	204.0	640.41	592.59	324.0
NM_001395034.1	0.0	0.0	0.0	1.72	1.41	0.0
NM_001181576.1	1660.0	1878.0	1189.0	2278.0	2105.0	1421.0
NM_001181577.1	50.0	44.0	36.0	77.0	63.0	30.0
NM_001181578.1	1375.0	1749.0	1003.0	2130.0	1819.0	1036.0
NM_001181579.1	243.0	355.0	180.0	406.0	316.0	185.0
NM_001181580.1	55.0	101.0	69.0	94.0	88.0	45.0
NM_001181581.1	2048.0	2514.0	1441.0	2664.0	2373.0	1334.0
NM_001181582.1	340.0	397.0	238.0	486.0	387.0	203.0
NM_001181584.1	1753.0	1846.0	1197.0	2481.0	2484.0	1398.0
NM_001181586.1	17.0	15.0	6.0	22.0	29.0	12.0
NM_001181587.1	1190.0	1480.0	886.0	1452.0	1273.0	744.0
NM_001181588.1	222.0	222.0	152.0	260.0	232.0	162.0
NM_001181589.1	380.0	540.0	296.0	548.0	498.0	272.0
NM_001181590.1	1122.0	1395.0	791.0	1368.0	1140.0	648.0
NM_001181591.1	17792.21	21064.65	11588.51	16369.85	14730.27	9859.93
NM_001181592.1	36279.32	43913.6	19980.91	47286.22	37994.44	24613.66
NM_001181593.1	13.0	15.0	16.0	36.0	40.0	18.0
NM_001181594.1	26.0	29.0	22.0	18.0	24.0	9.0
NM_001181595.1	168.0	195.0	139.0	275.0	270.0	111.0
NM_001181596.1	65.0	103.0	56.0	91.0	70.0	48.0
NM_001181597.2	325.0	447.0	223.0	451.0	362.0	210.0
NM_001181598.1	763.0	1009.0	425.0	1239.0	907.0	521.0
NM_001181599.1	1224.0	1611.0	863.0	1758.0	1646.0	852.0
NM_001181600.1	5837.0	7073.0	4072.0	7113.0	6412.0	3547.0
NM_001181601.2	694.0	1004.0	499.0	1045.0	868.0	480.0
NM_001181603.1	91.0	159.0	73.0	129.0	96.0	81.0
NM_001181604.2	2276.0	2729.0	1497.0	3327.0	3078.0	1739.0
NM_001181605.1	3841.0	4776.0	2879.0	4940.0	4519.0	3029.0
NM_001181606.1	1043.0	1237.0	681.0	1468.0	1274.0	659.0
NM_001181607.1	2068.0	2571.0	1460.0	2594.0	2529.0	1338.0
NM_001181609.1	907.0	1267.0	474.0	1175.0	862.0	552.0
NM_001181610.1	19264.57	23631.13	12487.36	24144.26	21511.7	11415.92
NM_001181611.1	1282.0	1551.0	820.0	1616.0	1503.0	786.0
NM_001181612.2	571.0	710.0	358.0	890.0	732.0	404.0
NM_001181613.1	288.0	315.0	200.0	314.0	252.0	167.0
NM_001181614.1	169.0	197.0	104.0	217.0	174.0	96.0
NM_001181616.2	1289.0	1552.0	874.0	1771.0	1608.0	940.0
NM_001181617.1	479.0	569.0	338.0	589.0	620.0	360.0
NM_001181618.1	50.0	44.0	60.0	82.0	63.0	47.0
NM_001181619.2	2306.0	3023.0	1597.0	2771.0	2346.0	1341.0
NM_001181620.1	288.0	388.0	169.0	426.0	295.0	175.0
NM_001181622.1	24155.0	28116.0	16138.0	24911.0	24307.0	13346.0
NM_001181623.1	36933.42	43516.85	22210.16	41596.27	38882.25	19007.26
NM_001181624.1	6895.18	7487.69	3912.87	11139.45	10127.98	5336.05
NM_001181625.1	1553.0	1955.0	1032.0	1899.0	1881.0	1031.0
NM_001181626.1	250.0	306.0	169.0	271.0	266.0	151.0
NM_001181627.1	415.0	476.0	277.0	550.0	537.0	302.0
NM_001181629.1	2188.0	2933.0	1595.0	3691.0	3234.0	2055.0
NM_001181630.1	774.0	1166.0	579.0	1242.0	1021.0	588.0
NM_001181631.1	1245.0	1512.82	874.0	1579.09	1483.09	800.0
NM_001348846.1	34.0	41.0	12.0	33.0	20.0	14.0
NM_001181633.1	2363.0	2713.0	1620.0	5187.0	4525.0	2617.0
NM_001181634.1	416.0	540.0	324.0	678.0	546.0	285.0
NM_001181636.1	272.0	324.0	197.0	462.0	370.0	229.0
NM_001181637.1	494.0	664.0	310.0	684.0	538.0	302.0
NM_001181639.1	156.0	217.0	106.0	188.0	193.0	86.0
NM_001181638.1	87.0	101.0	63.0	165.0	120.0	82.0
NM_001181640.1	946.0	1220.0	742.0	1397.0	1182.0	672.0
NM_001181641.1	440.0	580.0	326.0	543.0	542.0	301.0
NM_001181642.1	137.0	172.0	103.0	152.0	135.0	92.0
NM_001181643.1	127.0	188.0	97.0	177.0	184.0	104.0
NM_001181645.1	1835.0	2326.0	1191.0	2652.0	2220.0	1447.0
NM_001181646.1	0.0	1.0	1.0	1.0	1.0	2.0
NM_001181647.1	16.0	34.0	20.0	33.0	26.0	24.0
NM_001181649.1	4.0	0.0	1.0	4.0	0.0	0.0
NM_001181650.1	2780.0	3464.0	1845.0	4314.0	3790.0	1583.0
NM_001181651.1	173.0	214.0	126.0	195.0	150.0	96.0
NM_001181652.1	13.4	2.52	9.33	13.14	10.11	4.9
NM_001181654.1	8.97	20.17	13.84	12.98	7.26	6.77
NM_001181655.1	110.94	1.93	126.35	417.93	581.51	258.72
NM_001181656.1	0.0	0.0	0.0	0.0	0.0	0.0
NM_001181657.1	8.17	9.55	9.0	7.36	10.34	9.0
NM_001181658.1	1406.0	1846.0	912.0	2094.0	1896.0	1007.0
NM_001181659.3	1261.0	1668.0	903.0	1884.0	1511.0	871.0
NM_001181660.1	404.0	518.0	323.0	475.0	448.0	237.0
NM_001181661.1	18.0	21.0	2.0	14.0	16.0	5.0
NM_001184533.1	9.0	10.0	6.0	7.0	9.0	12.0
NM_001181662.3	432.0	557.0	353.0	643.0	567.0	318.0
NM_001181663.1	341.0	412.0	240.0	617.0	496.0	302.0
NM_001181664.3	4173.0	5551.0	3228.0	4512.0	4057.0	2216.0
NM_001181665.1	61.0	48.0	26.0	74.0	71.0	33.0
NM_001181666.1	55569.38	59278.11	38788.88	48109.13	41749.72	28287.9
NM_001181667.1	554.0	752.0	377.0	676.0	644.0	307.0
NM_001181668.3	139.0	203.0	144.0	350.0	297.0	179.0
NM_001181669.1	133.0	164.0	98.0	203.0	158.0	83.0
NM_001181670.4	113.0	156.0	117.0	170.0	165.0	97.0
NM_001181671.1	420.0	528.0	290.0	574.0	461.0	288.0
NM_001181672.1	2052.0	2644.0	1423.0	2197.0	2038.0	999.0
NM_001181673.3	2295.0	3033.0	1524.0	2927.0	2522.0	1432.0
NM_001181674.1	10715.0	12762.0	7193.0	15292.0	14131.0	8414.0
NM_001181675.1	851.0	1034.0	548.0	1013.0	1029.0	531.0
NM_001181677.3	173.0	201.0	112.0	246.0	257.0	141.0
NM_001181679.1	115.0	136.0	83.0	145.0	127.0	82.0
NM_001181680.1	166.0	156.0	106.0	210.0	179.0	122.0
NM_001181682.3	759.0	876.0	540.0	892.0	919.0	507.0
NM_001181683.1	550.0	847.0	391.0	686.0	669.0	297.0
NM_001181684.3	0.0	0.0	0.0	0.0	0.5	0.0
NM_001181685.2	1.14	2.22	1.16	0.0	2.18	0.0
NM_001181686.1	0.0	0.0	0.0	0.0	0.0	0.0
NM_001181687.2	0.0	9.24	0.0	0.0	0.0	0.0
NM_001181688.3	242.0	339.0	196.0	338.0	295.0	146.0
NM_001181689.1	758.0	996.0	507.0	1091.0	911.0	525.0
NM_001181690.1	855.0	995.0	600.0	1170.0	1038.0	536.0
NM_001181691.3	487.0	633.0	319.0	779.0	688.0	398.0
NM_001181692.1	233.0	273.0	137.0	349.0	280.0	178.0
NM_001181693.1	185.0	257.0	133.0	307.0	248.0	138.0
NM_001181694.3	32.0	31.0	20.0	47.0	39.0	20.0
NM_001181697.1	93.0	88.0	64.0	92.0	75.0	63.0
NM_001181698.1	794.0	965.0	574.0	1031.0	923.0	549.0
NM_001181699.3	1181.0	1575.0	871.0	1559.0	1308.0	773.0
NM_001181700.1	1051.0	1367.0	731.0	1846.0	1595.0	851.0
NM_001181701.1	367.0	476.0	222.0	454.0	374.0	198.0
NM_001181702.3	769.0	883.0	507.0	1024.0	1002.0	538.0
NM_001181703.1	27421.37	33283.0	17658.09	40232.36	33778.36	19259.36
NM_001181704.1	511.0	659.0	353.0	854.0	666.0	403.0
NM_001181705.3	341.53	323.05	235.56	167.7	127.42	99.65
NM_001181706.1	634.95	851.69	407.89	1100.01	989.4	467.7
NM_001181707.1	626.0	755.0	386.0	735.0	632.0	371.0
NM_001181708.3	200.0	281.0	120.0	212.0	230.0	111.0
NM_001181709.1	664.0	791.0	485.0	843.0	679.0	445.0
NM_001181710.1	206.0	289.0	162.0	390.0	365.0	178.0
NM_001181711.3	195.0	297.0	115.0	302.0	209.0	143.0
NM_001181712.1	114.0	169.0	81.0	146.0	155.0	63.0
NM_001181713.1	168.0	192.0	133.0	309.0	241.0	166.0
NM_001181714.3	233.0	304.0	185.0	316.0	280.0	147.0
NM_001181715.1	361.0	473.0	237.0	465.0	432.46	192.0
NM_001181716.1	238.0	281.0	177.0	389.0	349.54	187.0
NM_001181717.3	941.0	1198.0	622.0	1325.0	1078.0	536.0
NM_001181718.1	1218.0	1525.0	748.0	1372.0	1049.0	577.0
NM_001181719.1	60.0	64.0	38.0	27.0	25.0	15.0
NM_001181720.3	251.0	344.0	229.0	375.0	380.0	245.0
NM_001181721.1	1203.0	1404.0	831.0	1192.0	1077.0	637.0
NM_001181722.1	5531.0	6838.0	3419.0	7636.0	6603.0	3729.0
NM_001181723.3	3185.0	3750.0	2061.0	4806.0	4192.0	2502.0
NM_001181724.1	763.0	1042.0	487.0	1011.0	768.0	466.0
NM_001181725.1	240.0	279.0	176.0	368.0	294.0	162.0
NM_001181726.3	871.0	1076.0	604.0	1180.0	1037.0	556.0
NM_001181727.1	1608.0	1958.0	1129.0	1699.0	1555.0	801.0
NM_001181728.1	5884.0	6795.0	3672.0	7184.0	6347.0	3726.0
NM_001181730.3	1678.0	1922.0	1144.0	1956.0	1820.0	1170.0
NM_001181731.1	392.0	507.0	303.0	528.0	491.0	356.0
NM_001181732.1	293.0	426.0	218.0	559.0	492.0	284.0
NM_001181733.3	1492.0	1860.0	978.0	1844.0	1706.0	889.0
NM_001181734.1	1379.0	1697.0	1050.0	2079.0	2008.0	1085.0
NM_001181735.1	3698.0	4776.0	2683.0	4829.0	4929.0	2759.0
NM_001181736.3	38.0	55.0	27.0	64.0	80.0	34.0
NM_001181737.1	0.0	0.0	0.0	0.0	0.0	0.0
NM_001181738.1	437.0	569.0	310.0	630.0	580.0	289.0
NM_001181739.3	202.0	242.0	154.0	236.0	253.0	124.0
NM_001181740.1	271.0	316.0	141.0	330.0	303.0	147.0
NM_001181741.1	241.0	258.0	144.0	385.0	385.0	176.0
NM_001181742.3	1900.0	2137.0	1403.0	2210.0	2059.0	1325.0
NM_001181743.1	572.0	755.0	459.0	876.0	793.0	357.0
NM_001181745.1	1172.0	1605.0	910.0	1897.0	1599.0	862.0
NM_001181746.3	261.0	336.0	170.0	364.0	303.0	189.0
NM_001181747.1	533.97	723.0	360.0	897.03	687.0	422.0
NM_001181748.1	1101.0	1334.0	637.0	1542.0	1166.0	697.0
NM_001181749.3	1843.0	2447.0	1123.0	2730.0	2032.0	1205.0
NM_001181750.1	443.0	625.0	281.0	621.0	556.0	343.0
NM_001181751.1	168.0	187.0	109.0	188.0	163.0	72.0
NM_001181752.3	13262.71	16113.41	8837.5	16294.94	13650.1	7544.56
NM_001181753.1	4.0	8.0	1.0	5.0	10.0	2.0
NM_001181754.1	318.0	382.0	221.0	473.0	444.0	298.0
NM_001181755.3	195.0	255.0	156.0	293.0	269.0	138.0
NM_001181756.2	126.0	152.0	85.0	169.0	120.0	88.0
NM_001181757.1	341.0	449.0	250.0	585.0	483.0	277.0
NM_001181758.3	194.0	248.0	141.0	351.0	354.0	191.0
NM_001181759.1	487.0	555.0	324.0	778.0	687.0	341.0
NM_001181760.1	147.0	219.0	97.0	270.0	231.0	139.0
NM_001181761.4	704.44	808.0	479.0	1480.0	1267.0	771.0
NM_001181762.1	21070.0	23798.0	13027.0	32730.0	29891.0	18381.0
NM_001181763.1	10135.0	11768.0	6082.0	11228.0	10124.0	6053.0
NM_001181764.4	161.0	204.0	117.0	164.0	136.0	90.0
NM_001395036.1	106.0	134.0	105.0	177.0	146.0	98.0
NM_001181765.2	1.0	1.0	1.0	0.0	1.0	0.0
NM_001181766.1	25.0	26.0	15.0	25.0	31.0	13.0
NM_001181767.3	3080.0	3358.0	1921.0	11160.0	9593.0	5285.0
NM_001181768.1	172.0	192.0	107.0	228.0	191.0	96.0
NM_001181769.1	224.0	275.0	158.0	350.0	317.0	185.0
NM_001181770.3	171.0	203.0	131.0	254.0	232.0	148.0
NM_001184523.1	58.0	83.0	62.0	98.0	96.0	39.0
NM_001181771.1	332.0	453.0	278.0	479.0	479.0	298.0
NM_001181773.3	13.0	22.0	9.0	8.0	14.0	6.0
NM_001181774.1	339.0	364.0	209.0	270.0	301.0	178.0
NM_001181775.1	2646.0	3418.0	1902.0	2852.0	2723.0	1567.0
NM_001181776.3	703.0	919.0	537.0	1011.0	939.0	531.0
NM_001181777.1	80.0	132.0	59.0	98.0	94.0	50.0
NM_001181778.1	77.0	121.0	93.0	107.0	112.0	61.0
NM_001181779.3	8746.0	11153.0	5891.0	13063.0	11965.0	6337.0
NM_001181780.1	213.0	197.0	102.0	207.0	201.0	121.0
NM_001181781.1	68918.0	80156.0	40955.0	72593.0	67234.0	37677.0
NM_001181782.3	637.0	760.0	464.0	935.0	748.0	440.0
NM_001181783.1	1535.0	1959.0	1059.0	2542.0	2194.0	1212.0
NM_001181784.1	543.0	741.0	438.0	783.0	741.0	425.0
NM_001181785.3	379.0	403.23	204.0	610.99	523.0	278.0
NM_001348848.1	0.0	0.0	0.0	0.0	1.0	0.0
NM_001181787.2	157.0	183.0	95.0	151.0	147.0	72.0
NM_001181788.1	152.0	225.0	111.0	271.0	264.0	148.0
NM_001181789.3	616.0	742.0	430.0	771.0	695.0	379.0
NM_001181790.2	1228.0	1627.0	848.0	1424.0	1244.0	682.0
NM_001181791.1	620.0	694.0	438.0	761.0	700.0	374.0
NM_001181792.3	421.0	503.0	285.0	499.0	361.0	196.0
NM_001181793.1	79.0	111.0	50.0	84.0	80.0	31.0
NM_001184382.1	750.0	1006.0	577.0	1258.0	1086.0	651.0
NM_001181794.3	144.0	173.0	95.0	208.0	183.0	98.0
NM_001181795.1	728.0	996.0	455.0	991.0	876.0	484.0
NM_001181796.2	321.0	422.0	233.0	537.0	423.0	246.0
NM_001181797.3	9622.0	12119.0	6951.0	13170.0	10971.0	6388.0
NM_001181798.1	487.0	596.0	326.0	640.0	517.0	291.0
NM_001181799.1	86.0	133.0	88.0	117.0	111.0	60.0
NM_001181800.3	526.0	687.0	408.0	611.0	551.0	296.0
NM_001181801.1	4569.0	5560.0	3037.0	5346.0	4717.0	2618.0
NM_001181802.1	949.0	1104.0	547.0	1273.0	1072.0	602.0
NM_001181803.3	42470.97	48649.22	27954.2	41991.12	40262.71	22281.66
NM_001270754.1	0.0	0.0	0.0	0.0	0.0	0.0
NM_001181805.1	166.0	190.0	131.0	237.0	209.0	118.0
NM_001181806.1	5707.0	6919.0	3412.0	5807.0	4901.0	3144.0
NM_001181807.4	3.0	6.0	7.0	7.0	1.0	2.0
NM_001181808.4	8.0	11.0	16.0	6.0	7.0	15.0
NM_001181809.2	1.0	1.0	1.0	0.0	0.0	0.0
NM_001184556.1	1.0	0.0	0.0	0.0	0.0	0.0
NM_001181810.3	3.0	3.0	4.0	1.0	1.0	0.0
NM_001181811.3	8.0	2.0	11.0	4.0	1.0	2.0
NM_001181812.1	1.0	11.0	6.0	8.0	9.0	6.0
NM_001181813.1	0.0	3.17	0.0	6.29	0.0	3.0
NM_001181814.3	5.83	7.78	12.07	10.66	15.0	17.2
NM_001181816.3	0.0	0.0	3.94	0.0	0.0	0.0
NM_001181817.1	26.0	20.5	9.5	19.0	28.5	11.0
NM_001181818.1	11.84	6.77	8.33	7.41	5.0	3.97
NM_001181819.3	64.33	59.84	29.78	86.71	36.48	28.46
NM_001179567.3	273.0	351.0	218.0	338.0	340.0	161.0
NM_001179568.1	509.0	649.0	378.0	907.0	733.0	407.0
NM_001179569.3	383.0	482.0	271.0	654.0	623.0	246.0
NM_001179570.1	1394.0	1682.0	917.0	1685.0	1632.0	843.0
NM_001179571.3	349.0	477.0	185.0	441.0	397.0	210.0
NM_001180028.3	370.0	385.0	210.0	521.0	444.0	183.0
NM_001179572.1	32067.43	38197.51	19442.94	39825.64	35343.29	17538.51
NM_001179573.1	1175.0	1633.0	845.0	2223.0	1907.0	1001.0
NM_001179574.3	1750.0	2067.0	1294.0	1841.0	1618.0	950.0
NM_001179575.1	2840.0	3435.0	1849.0	3219.0	3043.0	1580.0
NM_001179576.3	1121.0	1501.0	819.0	1699.0	1429.0	809.0
NM_001179577.1	105.0	148.0	91.0	131.0	133.0	67.0
NM_001179578.3	298.0	390.0	191.0	463.0	351.0	180.0
NM_001179579.1	1382.0	1583.0	919.0	1638.0	1428.0	796.0
NM_001179580.3	2196.0	2655.0	1516.0	2938.0	2589.0	1380.0
NM_001179581.1	268.0	306.0	203.0	397.0	381.0	213.0
NM_001179582.3	1541.0	2123.0	986.0	2317.0	2134.0	971.0
NM_001179583.1	179.0	227.0	146.0	247.0	187.0	120.0
NM_001184481.1	161.0	239.0	126.0	309.0	232.0	127.0
NM_001179584.3	485.0	660.0	367.0	639.0	643.0	322.0
NM_001179585.3	483.0	552.0	338.0	719.0	675.0	355.0
NM_001179586.1	697.0	870.0	428.0	995.0	909.0	458.0
NM_001179587.3	1171.0	1479.0	816.0	1653.0	1531.0	779.0
NM_001179588.1	464.0	513.0	272.0	677.0	525.0	321.0
NM_001184683.1	381.13	526.92	381.06	502.76	456.17	329.22
NM_001179589.4	229.0	329.0	160.0	334.0	267.0	170.0
NM_001179590.3	1989.87	2291.08	1286.94	2107.24	2065.83	1075.78
NM_001179591.1	985.0	1196.0	582.0	1640.0	1441.0	860.0
NM_001179592.3	4.0	5.0	5.0	15.0	10.0	6.0
NM_001179593.1	456.0	629.0	317.0	724.0	601.0	341.0
NM_001179594.3	579.1	693.51	432.63	860.33	750.63	496.9
NM_001179595.1	3465.0	3473.0	1952.0	3454.0	3304.0	1891.0
NM_001179598.3	1609.32	1947.96	946.01	1800.28	1576.51	884.49
NM_001179599.1	286.0	315.0	189.0	443.0	327.0	220.0
NM_001184335.3	1348.0	1727.0	1104.0	1997.0	1709.0	981.0
NM_001179600.1	523.0	640.0	390.0	676.0	616.0	326.0
NM_001179601.3	5408.0	6957.0	3273.0	7045.0	6330.0	3114.0
NM_001179603.1	5.0	16.0	7.0	13.0	16.0	7.0
NM_001179604.3	259.0	402.0	212.0	408.0	347.0	173.0
NM_001179605.1	1965.0	2362.0	1331.0	2625.0	2214.0	1230.0
NM_001179606.3	1010.0	1277.0	710.0	1764.0	1539.0	779.0
NM_001179607.1	417.0	517.0	323.0	675.0	530.0	295.0
NM_001179608.3	380.0	462.0	268.0	390.0	380.0	228.0
NM_001179609.1	407.0	491.0	245.0	365.0	351.0	216.0
NM_001270755.1	26.0	23.0	21.0	33.0	38.0	17.0
NM_001179611.1	523.0	679.0	347.0	617.0	577.0	279.0
NM_001179612.1	1636.0	1957.0	1181.0	2258.0	1930.0	1167.0
NM_001179613.1	456.0	591.0	329.0	795.0	683.0	372.0
NM_001179614.1	211.0	214.0	135.0	269.0	210.0	117.0
NM_001179615.1	319.0	416.0	219.0	391.0	330.0	183.0
NM_001179616.1	2.0	6.0	3.0	11.0	7.0	4.0
NM_001179617.1	460.0	599.0	314.0	650.0	572.0	334.0
NM_001179618.1	235.0	300.0	163.0	391.0	358.0	234.0
NM_001184336.1	405.0	490.0	258.0	568.0	496.0	318.0
NM_001179620.1	10085.0	12722.0	6114.0	12636.9	10948.0	6026.0
NM_001179621.2	60.0	99.0	53.0	104.0	110.0	56.0
NM_001179622.1	35354.0	41058.0	23568.0	36401.0	33299.0	18434.0
NM_001179623.1	1486.0	1808.0	1081.0	1856.0	1618.0	876.0
NM_001179624.1	614.0	807.0	516.0	864.0	760.0	394.0
NM_001179625.1	373.0	495.0	277.0	564.0	458.0	288.0
NM_001179626.1	228177.0	264817.0	150628.0	241621.0	220103.0	127606.0
NM_001179627.1	118.0	166.0	107.0	133.0	130.0	79.0
NM_001179628.1	432.0	600.0	250.0	979.0	945.0	482.0
NM_001179629.1	572.0	720.0	389.0	735.0	638.0	325.0
NM_001179630.1	726.0	791.0	441.0	837.0	658.0	383.0
NM_001179631.2	1008.0	1338.0	732.0	1103.0	966.0	534.0
NM_001184684.1	6.0	8.0	2.0	6.0	4.0	5.0
NM_001179633.1	2117.0	2592.0	1502.0	2771.0	2534.0	1457.0
NM_001179634.1	1906.0	2302.0	1092.0	2229.0	1789.0	1046.0
NM_001184534.1	502.0	545.0	361.0	590.0	589.0	330.0
NM_001179635.1	513.0	550.0	382.0	535.0	480.0	300.0
NM_001179636.1	2.0	1.0	2.0	0.0	1.0	0.0
NM_001179637.1	28.0	15.0	39.0	13.0	15.0	18.0
NM_001179638.1	268.0	346.0	197.0	448.0	373.0	233.0
NM_001179639.1	1791.0	2298.0	1091.0	2234.0	1888.0	922.0
NM_001179640.1	473.0	540.0	246.0	737.0	688.0	315.0
NM_001179641.1	235.0	297.0	175.0	360.0	254.0	165.0
NM_001179643.1	2732.0	3344.0	1868.0	3877.0	3542.0	1904.0
NM_001179644.1	510.0	679.0	388.0	737.0	654.0	397.0
NM_001179645.1	354.0	447.0	275.0	576.0	492.0	282.0
NM_001179646.1	5214.0	6475.0	3580.0	6940.0	6388.0	3434.0
NM_001179647.1	39199.25	45558.27	23757.68	47238.97	42770.52	23508.29
NM_001179648.1	1452.0	1845.0	930.0	1670.0	1264.0	788.0
NM_001179650.1	515.0	533.0	358.0	460.0	517.0	301.0
NM_001179651.1	1890.0	2400.0	1150.0	2440.0	2243.0	1257.0
NM_001179652.1	56.0	75.0	29.0	99.0	68.0	52.0
NM_001179653.1	390.0	410.0	227.0	482.0	439.0	269.0
NM_001179654.1	614.0	807.0	389.0	911.0	737.0	429.0
NM_001179655.1	284.0	365.0	147.0	328.0	279.0	154.0
NM_001179656.1	145.0	208.0	86.0	172.0	139.0	82.0
NM_001179657.1	233.0	320.0	151.0	411.0	354.0	198.0
NM_001179658.1	401.0	550.0	291.0	592.0	486.0	270.0
NM_001179659.1	24.0	39.0	15.0	18.0	16.0	7.0
NM_001179660.1	782.0	1049.0	594.0	1219.0	1116.0	588.0
NM_001179661.1	141.0	197.0	116.0	210.0	164.0	84.0
NM_001184604.1	41.0	78.0	69.01	26.0	40.0	19.0
NM_001179662.1	2836.0	3990.0	1964.0	6586.0	6434.0	3351.0
NM_001180025.1	24626.0	34295.12	19761.11	35583.97	35930.99	21624.12
NM_001348850.1	0.0	0.0	0.0	1.0	1.0	1.0
NM_001179664.1	106.0	161.0	88.0	201.0	177.0	98.0
NM_001179665.1	867.0	1068.0	586.0	1150.0	1030.0	507.0
NM_001179666.1	1065.0	1222.0	738.0	1709.0	1499.0	911.0
NM_001179667.2	1366.0	1631.0	906.0	1632.0	1381.0	786.0
NM_001348849.1	5.0	11.0	6.0	3.0	10.0	2.0
NM_001179669.1	1056.0	1197.0	813.0	2018.0	1750.0	1015.0
NM_001179670.1	3192.87	4120.28	2644.52	4118.98	3681.08	2204.58
NM_001395037.1	312.13	323.72	217.48	299.02	306.92	178.42
NM_001179671.1	480.0	579.0	246.0	498.4	363.0	245.0
NM_001184482.1	0.0	1.0	0.0	1.0	2.0	0.0
NM_001179672.1	722.0	843.0	425.0	1066.0	931.0	467.0
NM_001179673.1	13.0	5.0	2.0	16.0	14.0	9.0
NM_001179674.1	225.0	257.0	127.0	232.0	204.0	97.0
NM_001179675.1	244.0	409.0	180.0	396.0	354.0	175.0
NM_001179676.1	726.0	818.0	538.0	754.0	681.0	403.0
NM_001179678.1	1345.0	1823.0	808.0	1628.0	1322.0	673.0
NM_001179679.1	667.0	812.0	508.0	880.0	750.0	440.0
NM_001179680.1	802.0	1010.0	581.0	1332.0	1097.0	628.0
NM_001179682.1	343.0	463.0	200.0	392.0	318.0	182.0
NM_001179683.1	6476.0	8109.0	4734.0	11172.0	9908.99	5253.0
NM_001179685.1	372.0	569.0	250.0	451.0	412.0	175.0
NM_001179686.1	1629.0	2009.0	1019.0	1534.0	1292.0	714.0
NM_001179687.1	137.0	133.0	91.0	147.0	165.0	90.0
NM_001179688.1	1059.0	1225.0	693.0	919.0	810.0	452.0
NM_001179690.1	138.0	204.0	122.0	253.0	237.0	97.0
NM_001179691.1	710.0	847.0	452.0	946.0	864.0	442.0
NM_001179692.1	1725.0	2249.0	1167.0	3142.0	2754.0	1515.0
NM_001179693.1	3552.0	4458.0	2265.0	4938.0	4409.0	2209.0
NM_001179694.1	1113.0	1292.0	716.0	1514.0	1293.0	784.0
NM_001179695.2	771.0	1026.0	606.0	980.25	839.25	445.0
NM_001179696.1	509.0	672.0	366.0	838.0	702.0	412.0
NM_001179698.1	14.0	17.0	6.0	21.0	28.0	15.0
NM_001179699.2	35.0	50.0	18.0	59.0	43.0	39.0
NM_001179700.2	304.0	439.0	189.0	487.0	372.0	188.0
NM_001179701.1	777.0	1001.0	609.0	1258.0	1117.0	659.0
NM_001179703.1	398.0	583.0	337.0	670.0	512.0	360.0
NM_001179704.1	398.0	575.0	312.0	574.0	563.0	272.0
NM_001184513.1	293.0	424.0	194.0	418.0	351.0	179.0
NM_001179705.1	395.0	508.0	298.0	520.0	474.0	258.0
NM_001179706.1	542.0	702.0	397.0	547.0	530.0	263.0
NM_001179707.1	1048.0	1388.0	766.0	1741.0	1595.0	881.0
NM_001179708.1	1630.0	1988.0	1040.0	3214.0	2674.0	1509.0
NM_001179709.1	1219.0	1601.0	899.0	1530.0	1245.0	708.0
NM_001179710.1	445.0	678.0	380.0	674.0	611.0	299.0
NM_001179711.1	4611.0	5583.0	2869.0	9376.0	7291.0	4616.0
NM_001179712.1	875.0	1053.0	521.0	1270.0	1121.0	623.0
NM_001179714.1	522.0	697.0	383.0	709.0	659.0	369.0
NM_001179715.1	226.0	224.0	139.0	306.0	270.0	158.0
NM_001179716.1	678.0	824.0	479.0	1291.0	1284.0	644.0
NM_001179717.1	276.0	400.0	256.0	427.0	355.0	206.0
NM_001179718.1	110048.0	127596.0	78047.0	137200.0	118171.0	67535.0
NM_001179720.1	618.0	693.0	454.0	724.0	666.0	383.0
NM_001179721.1	306.0	341.0	210.0	466.0	430.0	235.0
NM_001179722.1	8995.93	10399.03	5466.96	9622.66	9680.91	4815.96
NM_001179723.2	4247.0	5287.01	2801.0	3831.0	3535.01	1895.0
NM_001179725.1	139.0	221.0	101.0	187.0	188.0	115.0
NM_001179726.1	1037.0	1244.0	795.0	1560.0	1339.0	829.0
NM_001179727.1	9.0	4.0	6.0	57.0	63.0	23.0
NM_001179728.1	64.0	87.0	47.0	85.0	101.0	62.0
NM_001179729.1	8.14	17.28	8.12	13.81	12.53	8.11
NM_001179730.1	14013.32	17972.47	8089.46	15670.13	12983.78	7744.3
NM_001179731.1	1255.0	1830.0	892.0	1770.0	1453.0	786.0
NM_001179732.1	554.0	672.0	397.0	827.0	666.0	364.0
NM_001179733.1	376.0	448.0	261.0	568.0	532.0	299.0
NM_001179734.1	235.0	280.0	168.0	343.0	316.0	185.0
NM_001179736.1	413.0	503.0	282.0	494.0	447.0	293.0
NM_001179737.1	109.0	144.0	87.0	190.0	147.0	72.0
NM_001179738.1	3015.79	3822.05	1998.76	3825.34	3363.51	1670.46
NM_001179739.1	618.0	858.0	423.0	903.0	774.0	404.0
NM_001179740.1	574.0	759.0	452.0	837.0	667.0	426.0
NM_001179741.1	1322.0	1514.0	853.0	1696.0	1571.0	956.0
NM_001179742.1	227.0	241.0	157.0	273.0	257.0	133.0
NM_001179744.1	34.0	51.0	28.0	35.0	32.0	26.0
NM_001179745.1	708.0	968.0	443.0	1006.0	839.0	409.0
NM_001179746.1	41124.43	50459.87	27880.64	50097.74	44481.3	26104.08
NM_001179747.1	3641.0	4244.0	2630.0	4617.0	4062.0	2419.0
NM_001179748.1	42340.0	50622.0	26565.0	48598.0	39882.0	24955.0
NM_001184557.1	12.0	30.0	14.0	22.0	21.0	8.0
NM_001179749.1	381.0	455.0	245.0	548.0	526.0	297.0
NM_001179750.1	2588.0	3187.0	1610.0	3851.0	3446.0	1766.0
NM_001179751.1	1271.0	1611.0	743.0	1670.0	1429.0	805.0
NM_001179752.1	559.0	651.0	400.0	918.0	844.0	445.0
NM_001179753.1	21.0	10.0	6.0	18.0	11.0	4.0
NM_001179754.1	14.0	25.0	19.0	38.0	26.0	15.0
NM_001179755.1	207.0	251.0	155.0	334.0	331.0	141.0
NM_001179756.1	1089.0	1217.0	830.0	1567.0	1371.0	880.0
NM_001179757.1	1276.0	1448.0	767.0	1770.0	1568.0	948.0
NM_001179758.1	3525.0	3951.0	2107.0	4342.0	4465.0	2320.0
NM_001179759.1	514.0	733.0	385.0	773.0	691.0	375.0
NM_001179760.1	185.0	227.0	137.0	216.0	218.0	142.0
NM_001179761.1	1168.0	1570.0	947.0	1807.0	1483.0	1022.0
NM_001179762.1	2071.0	2751.0	1479.0	3494.0	2900.0	1579.0
NM_001179763.1	378.0	437.0	260.0	591.0	453.0	268.0
NM_001179764.2	241.0	276.0	162.0	246.0	220.0	141.0
NM_001179766.1	112.0	216.0	87.0	197.0	157.0	93.0
NM_001179768.1	724.0	894.0	494.0	998.0	859.0	482.0
NM_001179769.1	1615.0	2056.0	992.0	2165.0	1872.0	1042.0
NM_001179770.1	1116.0	1515.0	794.0	1731.0	1473.0	806.0
NM_001179771.1	482.0	574.0	397.0	955.0	798.0	456.0
NM_001179772.1	1499.0	1666.0	984.0	2141.0	1862.0	1079.0
NM_001179773.1	130.0	167.0	99.0	204.0	221.0	94.0
NM_001179774.1	2496.0	3333.0	1931.0	3479.0	2895.0	1750.0
NM_001179775.1	14106.0	17586.0	9211.0	27528.0	23075.0	12916.0
NM_001179776.1	1740.0	2280.0	1203.0	2196.0	2033.0	1155.0
NM_001179777.1	4703.0	5778.0	3014.0	5494.0	5011.0	2629.0
NM_001179778.1	983.0	1331.0	681.0	1577.0	1320.0	763.0
NM_001179779.1	665.0	822.0	408.0	874.0	835.0	456.0
NM_001179780.1	1333.0	1632.0	930.0	1675.0	1303.0	745.0
NM_001179781.1	9686.0	10533.0	5752.0	6915.0	6511.0	3586.0
NM_001179782.1	15.0	32.0	13.0	30.0	23.0	14.0
NM_001179783.1	182.0	192.0	130.0	223.0	197.0	111.0
NM_001179784.1	248.96	314.21	184.56	381.17	351.76	202.92
NM_001179785.1	175.0	126.0	49.0	155.0	79.0	36.0
NM_001179786.2	2.0	3.0	0.0	8.0	4.0	4.0
NM_001179787.1	40.0	31.0	25.0	35.0	29.0	18.0
NM_001179789.1	0.0	0.0	0.0	0.98	0.0	0.96
NM_001179791.1	5914.0	7524.0	4014.0	7254.0	5751.0	3335.0
NM_001179792.3	682.0	917.0	477.0	1075.0	989.0	538.0
NM_001179793.1	758.0	980.0	536.0	843.0	762.0	436.0
NM_001179794.3	101.0	156.0	79.0	111.0	128.0	62.0
NM_001179795.1	12.0	12.0	12.0	6.0	7.0	3.0
NM_001179796.3	627.0	751.0	389.0	934.0	761.0	446.0
NM_001179797.1	244.0	344.0	197.0	358.0	312.0	208.0
NM_001179798.4	1125.0	1465.0	787.0	1628.0	1380.0	730.0
NM_001179799.1	50.0	93.0	50.0	122.0	73.0	52.0
NM_001179800.3	336.0	420.0	218.0	471.0	351.0	209.0
NM_001179801.1	541.0	659.0	356.0	824.0	736.0	314.0
NM_001179803.3	3338.0	4430.0	1968.0	4677.0	4406.0	2296.0
NM_001179804.1	1241.0	1630.0	1005.0	1518.0	1340.0	697.0
NM_001179805.3	0.0	1.0	0.0	0.0	1.0	0.0
NM_001179806.1	600.0	813.0	388.0	576.0	527.0	313.0
NM_001179807.3	80.0	116.0	83.0	133.0	116.0	62.0
NM_001179808.1	1810.0	2149.0	1172.0	3607.0	2871.0	1819.0
NM_001179809.3	183.0	232.0	122.0	253.0	262.0	125.0
NM_001179810.1	214.0	264.0	167.0	341.0	292.0	166.0
NM_001179811.4	284.0	354.0	139.0	387.0	309.0	210.0
NM_001179812.1	151.0	195.0	95.0	204.0	189.0	83.0
NM_001179813.3	339.0	421.0	223.0	464.0	354.0	219.0
NM_001179814.1	877.0	1176.0	681.0	1323.0	1224.0	688.0
NM_001179815.3	903.0	1091.0	547.0	1360.0	1201.0	611.0
NM_001179816.1	1024.0	1319.0	769.0	1284.0	1139.0	642.0
NM_001179817.3	254.0	303.0	219.0	428.0	372.0	198.0
NM_001179818.2	940.0	1088.0	566.0	1284.0	1071.0	596.0
NM_001179819.3	553.0	710.0	303.0	778.0	599.0	342.0
NM_001179820.1	481.0	575.0	330.0	753.0	707.0	383.0
NM_001179821.3	548.0	611.0	386.0	702.0	647.0	371.0
NM_001348851.1	0.0	2.0	1.0	1.0	0.0	1.0
NM_001179824.1	0.0	4.0	2.0	3.0	3.0	2.0
NM_001184309.3	647.0	935.0	509.0	856.0	702.0	425.0
NM_001179826.2	192.0	236.0	137.0	290.0	269.0	153.0
NM_001179827.3	225.0	230.0	137.0	240.0	217.0	129.0
NM_001179828.1	728.0	883.0	465.0	1016.0	935.0	479.0
NM_001179829.3	191.0	181.0	111.0	235.0	208.0	129.0
NM_001179831.1	28.0	25.0	23.0	43.0	39.0	17.0
NM_001179832.3	21301.0	25661.0	12372.0	23528.0	21365.0	12527.0
NM_001179833.1	3480.0	3885.0	2128.0	4417.0	4248.0	2263.0
NM_001179834.3	132.0	162.0	78.0	146.0	141.0	80.0
NM_001179835.1	198.0	256.0	108.0	197.0	162.0	104.0
NM_001179836.3	265.0	262.0	187.0	386.0	355.0	205.0
NM_001179838.1	3209.0	3876.0	1897.0	5628.0	4969.0	2704.0
NM_001179839.3	162.0	179.0	123.0	247.0	234.0	131.0
NM_001179840.1	15.0	14.0	14.0	18.0	14.0	11.0
NM_001179841.3	84.0	130.0	79.0	171.0	149.0	75.0
NM_001179842.1	504.0	621.0	293.0	950.0	828.0	461.0
NM_001179843.3	49.0	58.0	43.0	59.0	86.0	43.0
NM_001179844.1	443.0	523.0	322.0	611.0	476.0	294.0
NM_001179845.3	255.0	322.0	199.0	326.0	266.0	173.0
NM_001179846.1	1579.0	1810.0	1046.0	2323.0	2115.0	1122.0
NM_001179847.3	17104.29	17982.9	8987.16	16027.35	14447.85	7792.52
NM_001179848.1	27.0	37.0	9.0	39.0	33.0	13.0
NM_001179849.3	26805.92	31252.8	17385.85	31727.91	26501.38	15408.89
NM_001179850.1	543.0	710.0	371.0	654.0	641.0	289.0
NM_001179851.3	29.0	55.0	26.0	38.0	45.0	29.0
NM_001179852.1	856.0	1095.0	570.0	1355.0	1057.0	554.0
NM_001179853.3	226.0	300.0	137.0	309.0	302.0	131.0
NM_001179854.1	188.0	202.0	144.0	259.0	257.0	109.0
NM_001179855.3	1382.0	1663.0	922.0	1334.0	1307.0	743.0
NM_001179856.1	1350.0	1775.0	933.0	2143.0	1972.0	1212.0
NM_001179857.3	647.0	811.0	443.0	994.0	877.0	506.0
NM_001179858.1	600.0	772.0	492.0	1092.0	918.0	507.0
NM_001179859.3	51.0	65.0	29.0	98.0	57.0	40.0
NM_001179860.1	745.0	939.0	590.0	1139.0	1020.0	636.0
NM_001179861.3	1954.0	2475.0	1281.0	3063.0	2670.0	1346.0
NM_001179862.1	995.2	1294.97	628.0	1453.53	1148.69	742.7
NM_001348852.1	11.0	17.0	9.0	11.0	19.0	5.0
NM_001179864.3	920.0	1068.0	516.0	990.0	1079.0	464.0
NM_001179865.1	115.0	157.0	89.0	192.0	202.0	123.0
NM_001179866.3	101.0	132.0	86.0	201.0	168.0	133.0
NM_001179867.1	436.0	521.0	228.0	546.0	534.0	292.0
NM_001179868.3	173.0	214.0	100.0	222.0	168.0	100.0
NM_001179869.1	463.0	584.0	335.0	654.0	551.0	303.0
NM_001179870.3	1143.0	1335.0	646.0	1940.0	1804.0	819.0
NM_001179871.1	2440.0	2817.0	1755.0	3070.0	2795.0	1604.0
NM_001179872.3	1539.0	1926.0	1189.0	2290.0	2178.0	1212.0
NM_001179873.1	187.0	229.0	140.0	256.0	253.0	139.0
NM_001179874.3	1547.0	1741.0	1136.0	2367.0	2205.0	1166.0
NM_001179875.1	535.0	662.0	357.0	796.0	699.0	468.0
NM_001179876.3	321.0	356.0	175.0	445.0	447.0	263.0
NM_001179877.1	357.0	464.0	247.0	564.0	495.0	224.0
NM_001179878.3	622.0	824.0	459.0	833.0	800.0	499.0
NM_001179879.1	431.0	597.0	367.0	676.0	639.0	306.0
NM_001179880.4	663.0	869.0	360.0	835.0	687.0	390.0
NM_001179881.1	101.0	124.0	44.0	174.0	135.0	59.0
NM_001179882.3	5054.99	6291.99	2643.0	7313.98	6066.49	3189.96
NM_001179883.1	4012.0	5839.0	2802.0	6070.0	5501.0	3260.0
NM_001179884.3	23992.06	28820.18	12658.53	28569.1	27467.14	10799.52
NM_001179885.1	1377.0	1734.0	1073.0	1245.0	961.0	470.0
NM_001184522.3	308.0	498.0	270.0	394.0	327.0	211.0
NM_001179886.1	441.0	581.0	295.0	552.0	460.0	258.0
NM_001179887.3	13.0	15.0	17.0	21.0	24.0	10.0
NM_001179888.1	48.0	72.0	44.0	47.0	53.0	38.0
NM_001179889.3	388.0	470.0	268.0	421.0	352.0	209.0
NM_001179890.1	347.0	436.0	223.0	457.0	438.0	238.0
NM_001179891.3	129.0	169.0	99.0	161.0	143.0	94.0
NM_001179892.1	6.0	0.0	1.0	1.0	1.0	2.0
NM_001179893.3	8.0	1.0	5.0	3.0	2.0	5.0
NM_001179894.1	0.0	0.0	0.0	0.0	0.0	0.0
NM_001179895.3	0.0	0.0	0.0	14.36	4.78	4.78
NM_001179896.1	20.0	30.4	23.0	70.0	69.0	53.0
NM_001181821.1	1120.0	1478.0	727.0	2139.0	1836.0	994.0
NM_001181822.1	180.0	185.0	137.0	180.0	161.0	84.0
NM_001181823.1	92.0	148.0	81.0	154.0	140.0	51.0
NM_001181824.1	301.0	350.0	204.0	417.0	432.0	234.0
NM_001181825.1	0.0	0.0	1.0	2.0	1.0	2.0
NM_001181826.1	337.0	437.0	242.0	432.0	382.0	220.0
NM_001184559.1	1.0	7.0	1.0	6.0	6.0	0.0
NM_001181827.1	177.0	288.0	155.0	263.0	281.0	129.0
NM_001181828.1	2608.0	3275.0	1626.0	3910.03	3090.0	1955.0
NM_001181829.1	434.0	483.0	298.0	689.0	573.0	371.0
NM_001181830.1	657.0	720.0	435.0	865.0	846.0	447.0
NM_001181831.1	1136.0	1356.0	786.0	1474.0	1255.0	776.0
NM_001181832.1	373.0	477.0	264.0	371.0	308.0	185.0
NM_001181833.1	1246.82	1596.69	915.05	1345.02	1148.76	795.04
NM_001181834.1	820.0	1095.0	567.0	1032.0	915.0	490.0
NM_001181835.1	868.0	1137.0	643.0	1367.0	1071.0	669.0
SDC25	20.0	30.0	26.0	45.0	36.0	24.0
YLL017W	0.0	0.0	0.0	0.0	1.0	0.0
NM_001181838.1	12611.0	14382.0	7991.0	17304.0	15302.0	8523.0
NM_001184338.1	177.0	213.0	117.0	140.0	137.0	102.0
NM_001181839.1	135.0	174.0	98.0	292.0	253.0	139.0
NM_001181841.1	2240.0	2958.0	1278.0	3560.0	2703.0	1535.0
NM_001181842.1	503.0	644.0	386.0	652.0	638.0	349.0
NM_001181843.1	759.0	941.0	526.0	946.0	815.0	529.0
NM_001181844.1	157911.49	191486.31	110248.09	230733.34	196529.61	112574.31
NM_001181845.1	22.96	5.45	11.09	17.24	14.9	9.14
NM_001181846.1	6572.0	8905.0	5382.0	15871.0	12048.0	6365.0
NM_001181847.1	395.0	531.0	282.0	712.0	551.0	300.0
NM_001181848.1	932.0	1003.0	627.0	1138.0	944.0	670.0
NM_001181849.1	1498.0	1792.0	1027.0	1937.0	1744.0	1025.0
NM_001348853.1	0.0	0.0	0.0	0.0	0.0	0.0
NM_001181851.1	1239.0	1675.0	900.0	1604.0	1435.0	760.0
NM_001181852.1	380.0	469.0	287.0	416.0	358.0	217.0
NM_001181853.1	82.0	98.0	44.0	101.0	122.0	64.0
NM_001181854.1	1464.0	1628.0	1102.0	1968.0	1806.0	994.0
NM_001181855.1	340.0	396.0	225.0	417.0	454.0	218.0
NM_001181856.1	465.0	646.0	351.0	667.0	641.0	305.0
NM_001181858.1	242.0	270.0	128.0	296.0	249.0	106.0
NM_001181859.1	2306.13	2776.78	1834.82	7987.68	6901.11	3482.42
NM_001181860.1	2786.0	3911.0	1910.0	4182.0	3223.0	1837.0
NM_001181861.1	378.0	520.0	298.0	752.0	767.0	361.0
NM_001181862.1	26.0	29.0	15.0	20.0	24.0	15.0
NM_001181863.1	1079.91	1181.0	644.0	1510.48	1302.45	764.0
NM_001181865.1	50766.72	58706.96	29098.2	57519.58	51325.95	26592.37
NM_001181866.1	6.0	13.0	5.0	5.0	6.0	6.0
NM_001181868.1	3095.0	4044.0	2176.0	4015.0	3207.0	1753.0
NM_001181869.1	90.0	148.0	138.0	178.0	143.0	74.0
NM_001181870.1	10407.0	12265.0	7179.0	13688.0	12348.0	7040.0
NM_001181871.1	514.0	531.0	334.0	602.0	498.0	277.0
NM_001181872.1	62.0	31.81	20.0	16.72	17.0	2.67
NM_001181873.1	0.0	2.19	0.0	1.28	0.0	1.33
NM_001181874.2	125.0	178.0	94.0	203.0	159.0	89.0
NM_001181875.1	20.0	27.0	10.0	23.0	12.0	8.0
NM_001181876.1	32.0	67.0	28.0	22.0	27.0	7.0
NM_001181877.1	9.0	22.0	10.0	25.0	11.0	8.0
NM_001181878.1	359.0	484.0	254.0	461.0	354.0	208.0
NM_001181880.1	38.0	32.0	22.0	66.0	68.0	75.0
NM_001181881.1	510.0	572.0	283.0	571.0	445.0	353.0
NM_001181882.1	166.0	223.0	129.0	204.0	146.0	70.0
NM_001181883.1	73.0	82.0	51.0	92.0	91.0	46.0
NM_001181884.1	0.0	0.0	0.0	0.33	0.0	0.0
NM_001181886.1	1.5	0.5	0.0	1.0	1.0	0.0
NM_001184605.1	0.0	0.0	0.0	0.0	0.0	0.0
NM_001181887.1	1.5	0.5	0.0	1.0	1.0	0.0
NM_001181888.1	425.0	549.0	280.0	485.0	468.0	227.0
NM_001181889.1	1459.0	1951.0	957.0	1572.0	1399.0	729.0
NM_001181890.1	846.0	1127.0	674.0	729.0	653.0	387.0
NM_001181891.1	17.0	39.0	21.0	47.0	38.0	20.0
NM_001181892.1	523.0	653.0	352.0	746.0	655.0	366.0
NM_001181893.1	247.0	329.0	176.0	448.0	343.0	196.0
NM_001181894.1	130.0	198.0	98.0	205.0	179.0	95.0
NM_001181895.1	730.0	866.0	573.0	998.0	859.0	480.0
NM_001181896.1	1928.0	2512.0	1308.0	2562.0	2221.0	1116.0
NM_001181897.1	38.0	53.0	24.0	66.0	70.0	21.0
NM_001181898.1	110.0	158.0	91.0	108.0	129.0	56.0
NM_001181899.1	1.0	1.0	1.0	0.0	1.0	0.0
NM_001181900.1	0.0	1.0	0.0	3.0	2.0	0.0
NM_001181901.1	119.0	160.0	91.0	172.0	151.0	98.0
NM_001181902.1	267.0	345.0	211.0	419.0	319.0	226.0
NM_001181903.1	176.0	203.0	87.0	204.0	250.0	114.0
NM_001181904.1	1864.0	2236.0	1351.0	2644.0	2607.0	1613.0
NM_001181905.1	544.0	690.0	418.0	702.0	703.0	381.0
NM_001181906.1	544.0	642.0	328.0	973.0	851.0	409.0
NM_001181907.1	390.0	503.0	284.0	530.0	491.0	286.0
NM_001181908.1	278.3	324.28	180.44	490.47	456.29	213.35
NM_001181909.1	885.7	1049.72	614.56	1234.53	1018.71	547.65
NM_001181910.1	343.0	508.0	251.0	552.0	499.0	261.0
NM_001181911.2	351.0	433.0	275.0	528.0	510.0	305.0
NM_001181912.1	885.0	1180.0	611.0	1378.0	1189.0	640.0
NM_001181913.1	733.0	888.0	507.0	895.0	867.0	480.0
NM_001181914.1	7641.0	8742.0	4991.0	11853.0	10692.0	6214.0
NM_001181915.1	3021.0	3601.0	2001.0	3923.0	3369.0	1998.0
NM_001181916.1	64106.0	76871.7	41008.94	77709.15	67803.98	34745.66
NM_001181917.1	14.0	13.0	8.0	23.0	11.0	10.0
NM_001181918.1	17.0	15.0	11.0	19.0	18.0	14.0
NM_001181919.1	489.0	625.0	328.0	732.0	635.0	339.0
NM_001181920.1	619.0	721.0	482.0	678.0	554.0	306.0
NM_001181921.2	2033.0	2320.0	1253.0	2264.0	1982.0	1105.0
NM_001181922.1	84.0	90.0	60.0	109.0	108.0	56.0
NM_001184318.1	0.0	0.0	0.0	0.0	3.31	0.0
NM_001181923.1	189.0	273.0	145.0	252.0	263.0	155.0
NM_001181924.1	8.04	9.55	6.06	16.44	10.67	10.54
NM_001181925.1	642.0	834.0	368.0	1092.0	983.0	457.0
NM_001181926.1	495.0	583.0	340.0	670.0	616.0	325.0
NM_001181927.1	199.0	308.0	147.0	122.0	128.0	81.0
NM_001181929.1	221.0	280.0	149.0	218.0	219.0	120.0
NM_001181930.1	6018.07	7077.0	4164.0	6946.06	6692.0	3845.0
NM_001181931.1	452501.84	530287.95	300535.17	505459.24	453076.6	263922.56
NM_001181932.1	670.0	863.0	446.0	935.0	755.0	427.0
NM_001181933.1	4.0	5.0	3.0	7.0	1.0	1.0
NM_001181934.1	208.0	225.0	123.0	257.0	204.0	115.0
NM_001181935.1	42663.68	49308.08	26111.91	45190.6	42290.0	23303.9
NM_001181936.1	642.0	870.0	472.0	947.0	879.0	454.0
NM_001181937.1	361.0	453.0	236.0	398.0	360.0	174.0
NM_001181938.1	662.0	825.0	419.0	1095.0	865.0	436.0
NM_001181939.1	436.0	496.0	263.0	653.0	565.0	268.0
NM_001181940.1	0.0	0.0	0.0	1.0	0.0	0.0
NM_001181941.1	18.0	18.0	11.0	30.0	21.0	15.0
NM_001181942.1	567.38	756.37	392.37	845.42	662.1	466.0
NM_001181943.1	6703.0	8038.0	4772.0	8430.0	7563.0	3899.0
NM_001181944.1	394.0	501.0	265.0	452.0	394.0	261.0
NM_001181945.1	16043.0	16596.0	6969.0	18878.0	18331.0	7852.0
NM_001181946.1	560.0	670.0	390.0	523.0	579.0	328.0
NM_001181947.1	9512.0	11193.0	6193.0	12766.0	11176.0	6647.0
NM_001181948.1	36820.59	40901.99	22050.0	35598.99	33754.0	17986.0
NM_001181950.1	311.0	376.0	263.0	378.0	365.0	193.0
NM_001181951.1	656.0	871.0	487.0	933.0	810.0	433.0
NM_001181952.1	730.0	915.0	472.0	810.0	724.0	372.0
NM_001181953.1	753.0	1025.0	604.0	1201.0	1082.0	520.0
NM_001181954.1	125.0	140.0	121.0	189.0	150.0	78.0
NM_001181955.1	260.0	371.0	195.0	517.0	407.0	243.0
NM_001181956.1	756.0	890.0	542.0	894.0	753.0	439.0
NM_001181957.1	51.0	30.0	21.0	61.0	42.0	34.0
NM_001181958.1	860.0	994.0	517.0	1187.0	1046.0	553.0
NM_001181959.1	356.0	458.0	241.0	535.0	499.0	265.0
NM_001181960.1	335.0	371.0	229.0	404.0	398.0	218.0
NM_001181961.1	1062.0	1340.0	778.0	1818.0	1541.0	956.0
NM_001181962.1	85534.0	99506.0	52432.0	104745.0	98897.0	50666.0
NM_001181964.1	347.0	407.0	225.0	415.0	361.0	188.0
NM_001181965.1	556.0	712.0	346.0	876.0	781.0	346.0
NM_001181966.1	643.0	778.0	424.0	1005.0	796.0	460.0
NM_001181967.1	54.0	98.0	56.0	93.0	78.0	40.0
NM_001181968.1	14.11	8.04	6.02	9.05	10.12	6.04
NM_001181969.1	157.0	242.0	136.0	272.0	287.0	142.0
NM_001181970.1	3342.0	4290.0	2351.0	4245.0	3755.0	2096.0
NM_001181971.1	1163.0	1727.0	741.0	1544.0	1227.0	659.0
NM_001181972.1	286.0	326.0	214.0	319.0	300.0	155.0
NM_001181973.1	715.0	858.0	429.0	976.0	710.0	417.0
NM_001181974.1	239.0	332.0	196.0	394.0	300.0	151.0
NM_001181975.1	994.0	1339.0	708.0	1422.0	1257.0	691.0
NM_001181976.1	1784.0	2090.0	1238.0	2503.0	2355.0	1324.0
NM_001181977.1	327.0	374.0	226.0	574.0	509.0	314.0
NM_001181978.1	88.0	110.0	67.0	90.0	82.0	53.0
NM_001181979.1	80.0	46.0	26.0	47.0	41.0	31.0
NM_001181980.1	713.0	976.0	512.0	1104.0	1052.0	497.0
NM_001181981.1	662.0	839.0	444.0	833.0	782.0	428.0
NM_001181982.1	589.04	787.34	469.54	791.71	664.99	400.85
NM_001181983.1	891.0	1113.0	573.0	1050.0	1001.0	587.0
NM_001181984.1	137.0	189.0	91.0	214.0	182.0	124.0
NM_001181985.1	158.0	204.0	109.0	194.0	178.0	110.0
NM_001181986.1	230.0	264.0	165.0	286.0	227.0	184.0
NM_001184484.1	323.0	364.0	249.0	354.0	322.0	214.0
NM_001181987.1	2253.0	2751.0	1642.0	2835.0	2449.0	1360.0
NM_001181989.1	161.0	228.0	120.0	255.0	220.0	123.0
NM_001181990.1	219.0	325.0	160.0	332.0	306.0	173.0
NM_001181991.1	352.0	458.0	269.0	547.0	455.0	293.0
NM_001181992.1	120.0	188.0	92.0	144.0	144.0	76.0
NM_001181993.1	4351.0	5056.0	3116.0	5525.0	4504.0	2489.0
NM_001181994.1	211.0	283.0	174.0	414.0	353.0	185.0
NM_001181995.1	436.0	510.0	262.0	598.0	532.0	313.0
NM_001181996.1	62330.0	75676.0	43937.0	75310.0	66368.0	39729.0
NM_001181997.1	147085.84	173544.68	106700.55	150113.82	155238.05	95307.38
NM_001348854.1	0.0	0.0	1.0	0.0	1.0	2.0
NM_001348855.1	34.0	37.0	24.0	44.0	31.0	32.0
NM_001182000.1	1479.0	1924.0	1005.0	2262.0	1882.0	1057.0
NM_001182001.1	734.0	885.0	476.0	1007.0	815.0	475.0
NM_001182002.1	453.0	584.0	305.0	581.0	550.0	287.0
NM_001182003.1	368.0	493.0	269.0	455.0	394.0	256.0
NM_001182004.1	326.0	461.0	279.0	513.0	485.0	290.0
NM_001182005.1	715.0	886.0	512.0	916.0	748.0	444.0
NM_001182006.1	190.0	207.0	141.0	242.0	228.0	112.0
NM_001182007.1	1257.0	1474.0	760.0	1726.0	1482.0	829.0
NM_001182008.1	212.0	274.0	134.0	271.0	297.0	190.0
NM_001348856.1	1.0	0.0	0.0	0.0	1.0	0.0
NM_001182012.1	4.0	4.0	4.0	18.0	4.0	6.0
NM_001182013.1	465.0	505.0	340.0	448.0	387.0	246.0
NM_001182014.1	175.0	204.0	123.0	234.0	165.0	106.0
NM_001182015.1	122.0	153.0	87.0	159.0	159.0	61.0
NM_001182016.1	2088.0	2522.0	1517.0	2888.0	2480.0	1466.0
NM_001182017.1	382.0	544.0	243.0	461.0	459.0	222.0
NM_001182018.1	506.0	622.0	288.0	603.0	475.0	296.0
NM_001182019.1	96.0	137.0	72.0	145.0	107.0	66.0
NM_001182020.1	617.0	819.0	455.0	970.0	875.0	492.0
NM_001182021.1	148.12	136.0	132.82	195.66	195.28	155.37
NM_001182022.1	100.0	166.0	67.0	202.0	144.0	86.0
NM_001182023.1	1382.0	1331.0	769.0	1827.0	1292.0	678.0
NM_001182024.1	145.0	166.0	100.0	189.0	208.0	113.0
NM_001182025.1	835.0	979.0	536.0	951.0	775.0	466.0
NM_001182026.1	232.0	321.0	178.0	294.0	266.0	149.0
NM_001182028.1	112.0	134.0	65.0	152.0	124.0	76.0
NM_001182029.1	48.0	55.0	44.0	65.0	85.0	48.0
NM_001182030.1	476.0	578.0	388.0	783.0	654.0	368.0
NM_001182031.1	569.0	729.0	360.0	838.0	682.0	418.0
NM_001182032.1	114.0	159.0	76.0	184.0	161.0	75.0
NM_001182033.1	370.0	525.0	349.0	572.0	571.0	309.0
NM_001184685.1	209.0	303.0	146.0	291.0	323.0	163.0
NM_001182034.1	299.0	386.0	213.0	480.0	448.0	248.0
NM_001182035.1	627.0	763.0	443.0	945.0	714.0	393.0
NM_001182036.1	42.0	56.0	24.0	104.0	82.0	34.0
NM_001182037.1	41679.0	48427.0	23434.0	46227.0	43960.0	22316.0
NM_001182038.1	78.0	102.0	67.0	136.0	130.0	68.0
NM_001182039.1	40.0	69.0	45.0	86.0	51.0	50.0
NM_001182040.1	9315.0	11549.0	6110.0	10175.0	8715.0	4770.0
NM_001182041.1	355.0	420.0	235.0	395.0	381.0	197.0
NM_001184560.1	0.0	0.0	0.0	0.0	0.0	0.0
NM_001184564.1	1.0	1.0	2.0	1.0	1.0	5.0
NM_001184514.1	0.0	0.0	0.0	0.0	0.0	0.0
NM_001182042.1	0.0	0.0	0.0	0.0	0.0	0.0
NM_001184563.1	0.0	0.0	0.0	0.0	0.0	0.0
NM_001182043.1	0.0	0.0	0.0	0.0	0.0	0.0
NM_001182044.1	0.0	0.0	0.0	0.0	0.0	0.0
NM_001184405.1	0.0	0.0	0.0	0.0	0.0	0.0
NM_001184406.2	0.0	0.0	0.0	0.0	0.0	0.0
NM_001184561.1	0.0	0.0	0.0	0.0	0.0	0.0
NM_001184608.1	0.0	0.0	0.0	0.0	0.0	0.0
NM_001184609.1	0.0	0.0	0.0	0.0	0.0	0.0
NM_001182045.1	0.0	0.0	0.0	0.0	0.0	0.0
NM_001184565.1	0.0	0.0	0.0	0.0	0.0	0.0
NM_001182046.1	0.0	0.0	0.0	0.0	0.0	0.0
NM_001182047.1	0.0	0.0	0.0	0.0	0.0	0.0
NM_001182048.1	0.0	0.0	0.0	0.0	0.0	0.0
NM_001182049.1	4.0	4.0	2.0	4.0	3.0	7.0
NM_001184566.1	1.0	1.0	0.0	1.0	0.0	5.0
NM_001182050.1	807.0	1061.0	644.0	1048.0	888.0	546.0
NM_001182051.1	13.0	8.0	7.0	18.0	19.0	2.0
NM_001182052.1	29.0	67.0	34.0	75.0	47.0	33.0
NM_001182053.1	594.0	772.0	409.0	878.0	661.0	364.0
NM_001182054.1	68180.75	76959.98	37556.56	71060.86	68652.38	31698.8
NM_001182055.1	108.0	176.0	85.0	152.0	177.0	64.0
NM_001182057.1	494.0	587.0	368.0	817.0	659.0	363.0
NM_001182059.1	2459.0	2886.0	1665.0	3247.0	2909.0	1696.0
NM_001182060.1	179.0	216.0	108.0	188.0	161.0	97.0
NM_001182061.1	1.0	2.0	1.0	4.0	2.0	2.0
NM_001182062.1	8993.98	11052.46	6201.62	9937.31	8556.4	4902.97
NM_001182063.1	258.0	344.0	176.0	320.0	306.0	156.0
NM_001182064.1	86.15	89.08	48.13	169.12	120.09	65.19
NM_001182065.1	187.0	203.0	109.0	295.0	262.0	159.0
NM_001182066.1	5083.0	6492.0	3525.0	4518.0	4236.0	2639.0
NM_001182067.1	13489.95	15581.19	7386.29	13152.55	11994.55	6431.64
NM_001182068.1	417.0	554.0	313.0	537.0	509.0	277.0
NM_001182069.1	670.0	843.0	397.0	861.0	701.0	411.0
NM_001182070.1	747.0	1014.0	483.0	1090.0	952.0	516.0
NM_001182072.1	22852.16	27507.93	12987.31	25974.17	23578.55	11062.47
NM_001182073.1	1539.0	1819.0	937.0	1764.0	1661.0	963.0
NM_001182074.1	755.0	1037.0	538.0	1242.0	994.0	585.0
NM_001182075.1	536.0	675.0	398.0	793.0	697.0	372.0
NM_001182076.1	356.0	442.0	219.0	471.0	450.0	228.0
NM_001182077.1	870.0	1023.0	507.0	1025.0	852.0	540.0
NM_001182078.1	305.0	374.0	231.0	418.0	378.0	208.0
NM_001182079.1	4644.0	5716.0	2708.0	5895.0	4698.0	2562.0
NM_001182080.1	304.0	446.0	232.0	433.0	435.0	238.0
NM_001182081.1	631.0	880.0	402.0	1143.0	1056.0	635.0
NM_001182082.1	1417.0	1830.0	1022.0	2497.0	2061.0	1259.0
NM_001182083.1	3209.0	3866.0	2072.0	4069.0	3169.0	1848.0
NM_001182084.1	12931.0	16028.0	8703.0	15115.99	13746.0	7569.0
NM_001182086.1	656.0	858.0	452.0	1097.0	1010.0	534.0
NM_001182087.1	771.0	1062.0	649.0	1479.0	1214.0	694.0
NM_001182088.1	395.0	509.0	282.0	645.0	581.0	287.0
NM_001182090.1	871.0	1046.0	643.0	944.0	901.0	585.0
NM_001182091.1	362.0	393.0	271.0	490.0	343.0	227.0
NM_001182092.1	184.0	208.0	103.0	397.0	312.0	155.0
NM_001182093.1	1261.49	1642.1	893.04	1305.99	1166.98	764.93
NM_001182094.1	638.0	825.0	487.0	939.0	834.0	478.0
NM_001182095.1	3743.0	4265.0	2421.0	5198.0	4606.0	2625.0
NM_001182096.1	668.0	766.0	447.0	996.0	865.0	505.0
NM_001182097.1	307.0	307.0	181.0	379.0	319.0	186.0
NM_001182098.1	74.0	96.0	40.0	128.0	99.0	58.0
NM_001182099.1	490.0	580.0	347.0	741.0	652.0	412.0
NM_001182100.1	54.0	64.0	31.0	83.0	79.0	49.0
NM_001182101.1	7857.0	9437.0	4888.0	10480.0	8666.0	4123.0
NM_001182102.1	227.0	292.0	221.0	346.0	348.0	223.0
NM_001182103.1	6929.0	8911.0	5504.0	11384.0	9949.0	5038.0
NM_001182105.1	124.0	128.0	81.0	146.0	117.0	97.0
NM_001182106.1	513.0	659.0	353.0	700.0	697.0	362.0
NM_001182107.1	677.0	870.0	435.0	1059.0	1012.0	559.0
NM_001182108.1	982.0	1211.0	669.0	1671.0	1407.0	732.0
NM_001182109.1	2008.0	2394.0	1409.0	2915.0	2616.0	1483.0
NM_001182110.1	560.0	796.0	447.0	920.0	716.0	446.0
NM_001182111.1	133.0	148.0	112.0	224.0	185.0	118.0
NM_001182112.1	575.0	690.0	440.0	1370.0	1118.0	614.0
NM_001182113.1	295.0	383.0	254.0	391.0	317.0	216.0
NM_001182114.1	29.0	52.0	23.0	44.0	39.0	33.0
NM_001184407.1	0.0	0.0	0.0	0.0	0.0	0.0
NM_001184408.2	115.96	129.75	71.72	178.09	116.4	117.82
NM_001182115.1	373.0	420.0	203.47	424.0	415.0	225.0
NM_001182116.1	1962.0	2369.0	1323.0	2098.0	1786.0	961.0
NM_001182118.1	859.0	1199.0	601.0	1321.0	1139.0	564.0
NM_001182120.1	36.0	49.0	37.0	57.0	53.0	27.0
NM_001182121.1	98.0	143.0	76.0	152.0	139.0	84.0
NM_001348857.1	0.0	0.0	2.0	1.0	3.0	0.0
NM_001182124.1	356.29	505.2	249.2	425.16	372.55	253.94
NM_001182125.1	180.0	242.0	138.0	256.0	214.0	137.0
NM_001182126.1	195.0	249.0	137.0	306.0	261.0	135.0
NM_001182127.1	296.0	380.0	188.0	461.0	386.0	240.0
NM_001182128.1	648.0	773.0	429.0	790.0	687.0	384.0
NM_001182129.1	104.0	150.0	81.0	146.0	128.0	55.0
NM_001182130.1	588.0	753.0	483.0	728.0	749.0	492.0
NM_001182131.1	6767.0	7810.0	4018.0	10960.0	9777.0	5058.0
NM_001182132.1	194.0	219.0	143.0	245.0	177.0	119.0
NM_001182133.1	64.0	53.0	26.0	77.0	70.0	37.0
NM_001182134.1	439.0	564.0	329.0	838.0	667.0	382.0
NM_001182135.1	1683.0	2341.0	1052.0	2005.0	1498.0	903.0
NM_001182136.1	186580.94	219891.91	110366.91	217031.82	188843.87	106074.97
NM_001182137.1	1351.0	1860.0	958.0	1718.0	1450.0	743.0
NM_001182138.1	35.0	46.0	30.0	58.0	50.0	33.0
NM_001182140.1	235.0	345.0	169.0	348.0	357.0	205.0
NM_001182141.1	133.0	186.0	116.0	222.0	198.0	133.0
NM_001348858.1	0.0	0.0	0.0	2.0	3.0	0.0
NM_001182143.1	2118.0	2492.0	1301.0	1899.0	1651.0	890.0
NM_001184409.1	124.95	172.0	83.0	95.0	80.01	66.0
NM_001182144.1	1903.0	2238.0	1033.0	3534.0	2898.0	1571.0
NM_001182145.1	478.0	595.0	340.0	990.0	912.0	461.0
NM_001182146.1	18866.0	23591.0	14939.0	32129.0	23860.0	15417.0
NM_001182147.1	412.0	439.0	288.0	554.0	539.0	292.0
NM_001182148.1	0.0	0.0	0.0	0.0	0.0	0.0
NM_001182149.1	799.0	904.0	518.0	1180.0	974.0	475.0
NM_001184339.1	2870.0	3341.0	1837.0	4219.0	3880.0	2190.0
NM_001182150.1	0.0	3.0	0.0	6.0	4.0	2.0
NM_001184638.1	0.0	0.0	1.0	3.0	0.0	0.0
NM_001182151.1	10565.22	12435.36	6329.3	10597.67	10125.51	5416.49
NM_001182152.1	156.0	223.0	129.0	236.0	199.0	117.0
NM_001182153.1	101.0	129.0	69.0	160.0	150.0	74.0
NM_001182154.1	43.0	62.0	36.0	74.0	93.0	42.0
NM_001182155.1	1046.0	1396.0	766.0	1382.0	1364.0	726.0
NM_001182157.1	820.0	981.0	590.0	1119.0	967.0	590.0
NM_001182158.1	45.0	73.0	32.0	76.0	59.0	33.0
NM_001182159.1	395.0	523.0	261.0	559.0	475.0	266.0
NM_001182160.1	40.0	78.0	51.0	71.0	69.0	57.0
NM_001182161.1	933.0	1114.0	630.0	1476.0	1323.0	705.0
NM_001182162.1	261.0	354.0	212.0	504.0	385.0	238.0
NM_001182163.1	1678.0	2133.0	1224.0	2178.0	1899.0	1070.0
NM_001182164.1	386.0	498.0	359.0	771.0	722.0	356.0
NM_001182165.1	355.0	441.0	242.0	518.0	420.0	242.0
NM_001182168.1	28.0	35.0	20.0	44.0	40.0	20.0
NM_001182170.1	126.0	142.0	73.0	158.0	154.0	80.0
NM_001182171.1	89.0	78.0	59.0	91.0	88.0	43.0
NM_001184567.1	11.0	10.0	7.04	9.0	17.0	6.0
NM_001182172.1	1045.0	1245.0	736.96	1463.0	1393.0	734.0
NM_001182173.1	17809.0	21445.0	11079.0	23403.0	21463.0	11335.0
NM_001182174.1	740.0	1006.0	576.0	884.0	789.0	409.0
NM_001182175.1	17089.83	20775.04	10563.89	17073.62	16353.52	8556.15
NM_001182176.1	88.0	133.0	69.0	166.0	136.0	90.0
NM_001182177.1	102.0	97.0	69.0	120.0	117.0	56.0
NM_001182178.1	242.0	268.0	168.0	206.0	185.0	111.0
NM_001182179.1	1622.0	1888.0	1166.0	1813.0	1552.0	965.0
NM_001182180.1	1132.0	1403.0	749.0	1309.0	1162.0	651.0
NM_001182181.1	18021.91	21849.51	11943.75	21988.49	19880.59	11947.85
NM_001182183.1	970.0	1273.0	723.0	1222.0	1158.0	587.0
NM_001348859.1	0.0	2.0	0.0	5.0	1.0	1.0
NM_001182185.1	52.0	66.0	52.0	87.0	53.0	49.0
NM_001182186.1	232.0	271.0	154.0	299.0	270.0	132.0
NM_001182187.1	448.0	524.0	281.0	723.0	620.0	378.0
NM_001182188.1	7578.0	9323.0	5746.0	12785.0	12283.0	6441.0
NM_001182189.1	3863.0	4403.0	2844.0	5185.0	4535.0	2653.0
NM_001348860.1	0.0	0.0	0.0	1.0	1.0	2.0
NM_001182191.1	0.0	0.0	1.0	0.0	0.0	0.0
NM_001182192.1	8491.0	10380.0	7243.0	15470.0	14162.0	7697.0
NM_001182193.1	1537.0	1738.0	1008.0	1821.0	1619.0	878.0
NM_001182194.1	110.0	182.0	88.0	205.0	166.0	71.0
NM_001184535.1	0.0	2.0	0.0	2.0	2.0	2.0
NM_001182195.1	5.0	9.0	4.0	20.0	17.0	8.0
NM_001182196.1	0.0	0.0	1.0	1.0	1.0	2.0
NM_001182197.2	633.0	861.0	394.0	849.0	579.0	310.0
NM_001182198.1	858.0	981.0	570.0	1161.0	1002.0	517.0
NM_001182200.1	13.0	12.0	4.0	14.0	17.0	12.0
NM_001182201.1	373.0	462.0	282.0	571.0	501.0	296.0
NM_001182202.2	49.0	68.0	36.0	93.0	72.0	37.0
NM_001182203.2	2934.0	3816.0	2024.0	5080.0	4193.0	2515.0
NM_001182204.1	97.03	109.91	67.99	132.41	118.34	70.48
NM_001182205.1	185.97	267.09	141.01	361.59	262.66	154.52
NM_001182207.2	42.0	39.0	37.0	50.0	47.0	42.0
NM_001182208.1	467.0	650.0	342.0	666.0	529.0	327.0
NM_001182209.1	64.0	69.0	41.0	107.0	86.0	51.0
NM_001182210.1	976.0	1231.0	638.0	1065.0	993.0	525.0
NM_001182212.1	216.0	239.0	125.0	312.0	260.0	139.0
NM_001182213.1	420.0	562.0	297.0	730.0	588.0	335.0
NM_001182214.1	26561.0	32959.0	15863.0	32131.0	28675.0	13485.0
NM_001182215.1	146.0	225.0	127.0	265.0	224.0	118.0
NM_001182216.1	153.0	185.0	75.0	331.0	293.0	112.0
NM_001182217.1	1044.0	1341.0	674.0	1480.0	1294.0	687.0
NM_001182218.1	9.0	16.0	7.0	15.0	13.0	7.0
NM_001182219.1	1307.0	1722.0	823.0	2019.0	1572.0	898.0
NM_001348861.1	145.4	132.87	146.2	65.85	137.94	123.81
NM_001182221.1	693.6	904.13	411.8	1089.15	751.06	396.19
NM_001182222.1	15217.05	18004.19	9617.74	16420.92	15310.74	8487.33
NM_001182224.1	2490.0	3095.0	1424.0	3221.0	2439.0	1483.0
NM_001182225.1	1019.0	1336.0	695.0	1511.0	1232.0	698.0
NM_001182226.1	1611.0	2239.0	906.0	2626.0	1983.0	1457.0
NM_001182229.1	71707.68	85912.27	46489.83	77930.15	69538.75	38245.06
NM_001182230.1	14.0	18.0	11.0	24.0	18.0	10.0
NM_001182231.1	18138.06	22988.51	12826.43	26849.73	23041.22	13120.38
NM_001184569.1	0.0	0.0	1.0	0.0	0.0	0.0
NM_001182232.1	1.0	4.0	1.0	3.0	0.0	4.0
NM_001182233.1	14223.53	17062.78	8413.7	15495.33	13683.4	6733.79
NM_001182234.1	279.0	269.0	151.0	299.0	254.0	151.0
NM_001182235.1	94.0	114.0	148.0	111.0	65.0	72.0
NM_001182236.1	3875.0	4948.0	2482.0	5205.0	4609.0	2532.0
NM_001182237.1	742.0	832.0	467.0	1175.0	1035.0	635.0
NM_001182239.1	843.0	1051.0	582.0	1172.0	1137.0	687.0
NM_001182240.1	1025.0	1313.0	768.0	1575.0	1464.0	793.0
NM_001182241.1	234.0	277.0	162.0	274.0	239.0	159.0
NM_001182242.1	206.0	237.0	135.0	184.0	174.0	81.0
NM_001182243.1	11612.0	14662.0	8007.0	11394.0	10134.0	6076.0
NM_001182244.1	45398.0	49409.0	25683.0	45783.0	41639.0	22574.0
NM_001182245.1	286.0	377.0	220.0	314.0	300.0	162.0
NM_001182246.1	1132.46	1432.0	756.0	1631.0	1410.68	792.0
NM_001270756.1	0.54	0.0	0.0	0.0	7.32	0.0
NM_001182248.1	6228.0	6945.0	3188.0	6876.0	6375.0	2936.0
NM_001182249.3	189.24	195.7	129.2	196.84	216.92	124.83
NM_001182250.1	351.76	463.3	252.8	432.16	351.08	193.17
NM_001184659.3	194.0	267.0	151.0	303.0	252.0	151.0
NM_001182251.1	297.0	392.0	251.0	513.0	504.0	267.0
NM_001182252.3	399.0	550.0	332.0	569.0	513.0	232.0
NM_001184486.1	448.0	543.0	300.0	569.0	491.0	308.0
NM_001182253.3	173.0	198.0	129.0	303.0	308.0	170.0
NM_001348862.1	2.0	1.0	1.0	2.0	9.0	5.0
NM_001182256.1	5493.58	6460.15	3370.84	5907.73	5557.75	2424.74
NM_001182257.3	105.0	131.0	90.0	200.0	153.0	85.0
NM_001182258.1	511.0	658.0	316.0	688.0	566.0	312.0
NM_001182259.3	1552.0	1836.0	1128.0	2025.0	1975.0	1167.0
NM_001182260.1	561.0	749.0	348.0	711.0	544.0	312.0
NM_001182261.3	5637.0	7114.0	4018.0	5884.0	5226.0	3179.0
NM_001182262.1	490.0	592.0	356.0	669.0	605.0	378.0
NM_001182264.3	458.0	462.0	209.0	450.0	451.0	220.0
NM_001182265.1	45.0	57.0	36.0	78.0	58.0	26.0
NM_001182266.3	16.0	9.0	16.0	8.0	25.0	13.0
NM_001182267.1	5553.0	6557.0	3773.0	6300.0	5625.0	3474.0
NM_001395038.1	0.0	0.0	0.0	1.0	0.0	0.0
NM_001182269.3	1265.0	1319.0	875.0	1193.0	1155.0	655.0
NM_001182270.1	112.0	112.0	55.0	118.0	120.0	62.0
NM_001182271.3	245.0	281.0	165.0	286.0	300.0	171.0
NM_001182272.1	224.0	319.0	212.0	358.0	278.0	181.0
NM_001182273.3	4210.0	5355.0	2989.0	6241.0	5620.0	3110.0
NM_001182274.1	111.0	107.0	89.0	125.0	107.0	62.0
NM_001182275.3	653.0	854.0	435.0	801.0	682.0	398.0
NM_001182276.1	1450.0	1653.0	958.0	2671.0	2238.0	1236.0
NM_001182277.3	10389.62	12089.75	5800.95	10828.91	10465.82	4709.51
NM_001182278.1	1475.0	1770.0	916.0	1646.0	1507.0	856.0
NM_001182279.3	234.0	256.0	138.0	292.0	278.0	156.0
NM_001184303.1	9011.0	11390.0	5729.0	11792.0	11721.0	5971.0
NM_001182280.3	128.0	139.0	68.0	171.0	169.0	84.0
NM_001182281.1	200.0	216.0	121.0	259.0	202.0	92.0
NM_001182282.3	8.0	6.0	3.0	7.0	3.0	5.0
NM_001182283.1	860.0	1111.0	594.0	1377.0	1442.0	614.0
NM_001182284.3	345.0	459.0	246.0	520.0	523.0	266.0
NM_001182285.1	1189.0	1470.0	865.0	1668.0	1512.0	750.0
NM_001182286.3	1765.0	2164.0	1114.0	2781.0	2243.0	1282.0
NM_001182287.1	1936.0	2657.0	1047.0	3116.0	2379.0	1404.0
NM_001182289.3	1280.0	1476.0	801.0	1957.0	1620.0	962.0
NM_001182291.1	813.66	1113.64	535.87	1060.64	934.65	575.0
NM_001182292.3	117.0	182.0	104.0	163.0	120.0	74.0
NM_001182293.1	289.0	404.0	189.0	428.0	381.0	175.0
NM_001182294.3	8454.63	10419.9	5813.72	10555.83	9281.14	5518.27
NM_001184610.1	0.0	1.0	0.0	0.0	0.0	0.0
NM_001182295.4	336.0	431.0	236.0	446.0	378.0	148.0
NM_001182296.1	99.0	95.0	43.0	124.0	110.0	53.0
NM_001182297.3	1958.0	2416.0	1457.0	3248.0	2852.0	1503.0
NM_001182298.1	2887.0	3914.0	1722.0	4024.0	2965.0	1528.0
NM_001184410.1	1.0	0.72	2.0	8.2	3.89	12.61
NM_001184411.4	0.0	1.39	0.0	7.16	3.08	1.56
NM_001182299.3	33.0	57.0	29.0	45.0	45.0	29.0
NM_001184570.3	2.0	3.0	1.0	1.0	2.0	2.0
NM_001182300.1	193.0	223.0	123.0	237.0	208.0	119.0
NM_001182301.1	9537.0	11667.0	5234.0	12904.0	11245.0	6487.0
NM_001182302.3	643.0	840.0	431.0	911.0	889.0	443.0
NM_001182303.1	0.0	1.0	0.0	1.0	2.0	1.0
NM_001182305.3	218.0	254.0	137.0	325.0	263.0	128.0
NM_001182306.1	1087.0	1405.0	626.0	1224.0	928.0	547.0
NM_001182307.3	872.0	1135.0	642.0	959.0	879.0	454.0
NM_001182308.1	3094.0	3360.0	1751.0	2658.0	2567.0	1259.0
NM_001182309.3	1440.0	1738.0	1030.0	2115.0	1858.0	963.0
NM_001182310.1	356.0	433.0	298.0	610.0	484.0	301.0
NM_001182311.3	79.0	132.0	57.0	133.0	137.0	57.0
NM_001182312.1	175.0	190.0	127.0	268.0	216.0	129.0
NM_001182313.3	321.0	240.0	161.0	311.0	252.0	180.0
NM_001182314.1	181.0	217.0	137.0	265.0	219.0	141.0
NM_001182315.3	446.0	618.0	345.0	726.0	622.0	347.0
NM_001182317.1	3524.0	4260.0	2168.0	5080.0	4290.0	2379.0
NM_001182318.3	1286.0	1553.0	837.0	1895.0	1504.0	863.0
NM_001182319.1	32.0	71.0	40.0	74.0	58.0	42.0
NM_001182320.3	9004.37	10848.22	6724.06	13500.86	12388.13	7503.6
NM_001182321.1	742.0	976.0	502.0	1103.0	867.0	425.0
NM_001182323.3	1004.0	1230.0	683.0	1135.0	1032.0	573.0
NM_001182324.1	472.0	579.0	303.0	599.0	557.0	295.0
NM_001182325.3	473.0	521.0	279.98	620.99	530.99	321.91
NM_001184308.3	858.0	950.0	481.0	1193.0	1056.0	606.0
NM_001182326.1	2778.0	3701.0	1794.0	3183.0	3021.0	1854.0
NM_001182327.1	357.0	433.0	263.0	475.0	498.0	295.0
NM_001182328.3	671.0	799.0	431.0	758.0	670.0	394.0
NM_001182329.1	35308.04	43669.79	21763.82	43286.98	38753.09	18894.7
NM_001182330.3	376.0	521.0	288.0	640.0	526.0	259.0
NM_001182331.1	167.0	199.0	124.0	211.0	160.0	89.0
NM_001182333.3	5.0	1.0	2.0	0.0	1.0	0.0
NM_001182334.1	97.0	110.0	54.0	75.0	82.0	38.0
NM_001182335.3	5429.0	6657.0	3553.0	8279.0	7482.0	3898.0
NM_001182336.1	25766.21	29272.21	16476.88	25883.84	24168.82	14068.61
NM_001182337.3	4078.57	4883.67	2737.05	3201.72	2837.61	1805.03
NM_001182338.1	1266.0	1532.0	812.0	1316.0	1114.0	672.0
NM_001182339.3	294.0	392.0	207.0	434.0	344.01	187.0
NM_001182340.1	994.0	1486.0	910.0	1946.0	1781.0	1080.0
NM_001182341.3	57.0	82.0	45.0	47.0	53.0	31.0
NM_001182342.1	601.0	874.0	504.0	756.0	649.0	344.0
NM_001182343.3	350.0	503.0	299.0	557.0	459.0	223.0
NM_001182344.1	80.0	104.0	43.0	71.0	90.0	37.0
NM_001182345.3	58.0	81.0	41.0	95.0	84.0	46.0
NM_001182347.1	688.0	879.0	446.0	772.0	750.0	386.0
NM_001182348.3	194.5	252.47	166.15	305.83	337.25	168.15
NM_001182349.1	0.0	0.0	0.0	0.0	0.0	0.5
NM_001182350.3	0.0	1.0	1.0	0.0	0.0	0.0
NM_001182352.1	0.0	0.5	0.0	0.0	0.0	0.0
NM_001182354.3	0.0	0.0	0.0	0.0	0.0	0.0
NM_001182355.3	5.0	9.33	6.67	9.67	10.33	7.0
NM_001182356.1	1941.0	2465.0	1555.0	3160.0	2696.0	1542.0
NM_001182357.1	17.0	17.0	8.0	14.0	19.0	10.0
NM_001182358.1	40.0	62.0	38.0	63.0	57.0	25.0
NM_001182359.1	2255.0	2864.0	1417.0	4552.0	4017.0	2238.0
NM_001182360.1	231.0	289.0	180.0	327.0	330.0	161.0
NM_001182361.1	217.0	256.0	170.0	336.0	259.0	165.0
NM_001184487.1	14.0	22.0	13.0	19.0	11.0	9.0
NM_001182362.1	1146.0	1519.0	724.0	2105.0	1649.0	1051.0
NM_001182363.1	6758.0	8512.0	4501.0	10240.0	8396.0	4245.0
NM_001182364.1	572.0	738.0	443.0	615.0	518.0	394.0
NM_001182366.1	5784.63	7406.62	2985.63	9881.6	6870.9	4302.0
NM_001182368.1	120.0	180.0	102.0	209.0	193.0	88.0
NM_001182369.1	2766.0	3439.0	1961.0	3580.0	3195.0	1766.0
NM_001182371.1	631.0	740.0	441.0	786.0	778.0	447.0
NM_001182372.1	547.0	743.0	373.0	755.0	818.0	424.0
NM_001182373.1	266.0	295.0	170.0	341.0	343.0	173.0
NM_001182374.1	566.0	726.0	454.0	823.0	727.0	349.0
NM_001182375.1	1762.0	2426.0	1210.0	2096.0	1774.0	940.0
NM_001182376.1	655.0	708.0	402.0	665.0	581.0	373.0
NM_001182377.1	685.0	853.0	492.0	949.0	809.0	493.0
NM_001182378.1	201.0	211.0	104.0	229.0	257.0	114.0
NM_001182379.1	488.0	584.0	341.0	802.0	665.0	405.0
NM_001182380.1	3366.0	4113.0	2182.0	4054.0	4104.0	2249.0
NM_001182381.1	84.0	133.0	70.0	161.0	126.0	90.0
NM_001182382.1	30786.44	37149.42	19461.79	40244.95	36742.72	17984.17
NM_001182383.1	492.0	537.0	313.0	598.0	513.0	304.0
NM_001182384.1	23447.63	28368.84	14978.5	25645.87	23595.33	12223.23
NM_001182385.1	512.0	698.0	295.0	723.0	580.0	324.0
NM_001182386.1	42662.0	45799.0	25570.0	48134.0	49830.0	27304.0
NM_001182387.1	558.0	734.0	357.0	834.0	715.0	404.0
NM_001182388.1	315.0	452.0	222.0	438.0	393.0	244.0
NM_001182389.1	890.0	1057.0	632.0	1088.0	978.0	549.0
NM_001182390.1	274.0	336.0	189.0	474.0	338.0	246.0
NM_001182391.1	685.79	994.85	405.33	1126.68	831.25	501.37
NM_001182392.1	2049.0	2445.0	1197.0	2470.0	2146.0	1328.0
NM_001182394.1	324.0	383.0	201.0	427.0	398.0	176.0
NM_001182395.1	95.0	114.0	68.0	117.0	119.0	72.0
NM_001182396.1	467.0	580.0	292.0	654.0	492.0	306.0
NM_001182397.2	0.0	0.0	0.0	0.0	0.0	0.0
NM_001182398.1	2.0	0.0	0.0	2.0	0.0	1.0
NM_001182399.1	240.0	298.0	171.0	352.0	307.0	158.0
NM_001182400.1	23.0	30.0	18.0	23.0	35.0	13.0
NM_001182401.1	144.0	201.0	113.0	167.0	174.0	102.0
NM_001182402.2	0.0	0.0	0.0	0.0	0.0	0.0
NM_001184412.1	12.75	22.58	9.51	13.3	3.66	2.94
NM_001182403.1	420.0	507.0	251.0	561.0	429.0	240.0
NM_001182404.1	0.0	0.0	0.0	1.0	1.0	3.0
NM_001182405.1	2645.0	3193.0	1772.0	3458.0	3091.0	1823.0
NM_001182407.1	767.0	993.0	652.0	1331.0	1284.0	724.0
NM_001182408.1	63.0	91.0	52.0	92.0	94.0	71.0
NM_001182409.1	119.0	165.0	62.0	137.0	146.0	107.0
NM_001182410.1	2169.0	2660.0	1404.0	2726.0	2521.0	1368.0
NM_001182411.1	343.03	471.0	266.0	491.0	462.0	246.0
NM_001182412.1	20.0	34.0	21.0	39.0	35.0	21.0
NM_001184571.1	3.0	0.0	0.0	0.0	1.0	0.0
NM_001182413.1	559.0	645.0	346.0	656.0	644.0	310.0
NM_001182414.1	8118.43	9657.27	5614.96	11191.98	10175.3	6157.97
NM_001182415.1	804.0	1060.0	571.0	1171.0	1016.0	555.0
NM_001182417.1	5666.0	6815.0	4064.0	6476.0	6402.0	3740.0
NM_001184439.1	93.0	88.0	56.0	66.0	68.0	53.0
NM_001182418.1	982.0	1131.0	605.0	1095.0	1033.0	571.0
NM_001182419.1	349.0	424.0	297.0	470.0	448.0	282.0
NM_001182420.1	331.0	477.0	226.0	585.0	469.0	240.0
NM_001182421.1	331.0	376.0	243.0	416.0	329.0	200.0
NM_001182422.1	49912.96	60575.21	28627.18	57809.02	51396.91	23061.3
NM_001182423.1	285.0	360.0	202.0	476.0	363.0	204.0
NM_001182424.1	576.0	819.01	396.0	855.01	628.0	382.0
NM_001182425.1	10.0	2.0	5.0	9.0	2.0	0.0
NM_001182426.1	967.0	1292.0	695.0	1366.0	1267.0	679.0
NM_001182427.1	62.0	65.0	44.0	90.0	80.0	44.0
NM_001182428.1	2631.0	3360.0	1648.0	4322.0	3569.0	1917.0
NM_001182429.1	3002.0	3726.0	1985.0	4235.0	3614.0	1903.0
NM_001182430.1	484.0	588.0	315.0	541.0	474.0	256.0
NM_001182431.1	6643.0	8712.0	4198.0	8418.0	6567.0	4064.0
NM_001182432.1	32920.79	37805.79	19940.12	35023.16	32958.18	17169.39
NM_001182433.1	5557.99	6914.0	3748.0	4888.54	4318.0	2600.0
NM_001182434.1	1525.0	1894.0	1116.0	1608.0	1370.0	773.0
NM_001182435.1	228.0	286.0	156.0	285.0	253.0	124.0
NM_001182436.1	341.0	399.0	261.0	583.0	520.0	305.0
NM_001182437.1	3092.0	3676.0	2161.0	4792.0	4390.0	2423.01
NM_001182438.1	867.0	1026.0	576.0	980.0	885.0	471.0
NM_001182439.1	462.0	593.0	361.0	665.0	627.0	316.0
NM_001184340.1	938.0	1210.0	651.0	1232.0	1356.0	726.0
NM_001182440.1	516.0	652.0	343.0	727.0	641.0	374.0
NM_001182441.1	363.0	468.0	241.0	479.0	439.0	240.0
NM_001182442.1	7.0	1.0	3.0	17.0	9.0	3.0
NM_001182444.1	3646.59	4491.63	2785.0	4919.86	4272.69	2614.3
NM_001182445.1	2849.0	3383.0	1828.0	3645.0	3420.0	1947.0
NM_001182446.1	18.0	32.0	18.0	41.0	25.0	15.0
NM_001182447.1	425.0	515.0	318.0	897.0	768.0	412.0
NM_001182450.1	345.0	559.0	261.0	641.0	659.0	258.0
NM_001182451.1	2563.0	3215.0	1813.0	4309.0	3690.0	2327.0
NM_001182452.1	2332.0	3127.0	1374.0	3419.0	2601.0	1454.0
NM_001182453.1	677.0	967.0	516.0	842.0	721.0	386.0
NM_001182454.1	102.0	144.41	69.19	188.48	156.79	72.9
NM_001182456.1	318.0	392.59	290.81	461.52	436.21	216.1
NM_001182457.1	364.0	486.0	248.0	549.0	565.0	258.0
NM_001182458.1	237.0	289.0	147.0	327.0	304.0	162.0
NM_001182459.1	205.0	254.0	129.0	236.0	221.0	131.0
NM_001182460.1	942.0	1150.0	521.0	1848.0	1562.0	876.0
NM_001184612.1	4.0	3.0	1.0	2.0	4.0	1.0
NM_001182462.1	252.0	312.0	186.0	317.0	276.0	180.0
NM_001182464.1	407.0	410.0	270.0	578.0	505.0	312.0
NM_001182465.1	2193.0	2847.0	1521.0	3540.0	2945.0	1612.0
NM_001182466.1	147.0	231.0	128.0	218.0	218.0	104.0
NM_001182467.1	1318.0	1654.0	832.0	2433.0	1962.0	1024.0
NM_001182468.1	4420.0	5387.0	3064.0	4847.0	4226.0	2315.0
NM_001182469.1	133.0	165.0	105.0	183.0	202.0	89.0
NM_001182470.1	331.0	453.0	235.0	601.0	479.0	274.0
NM_001182471.1	435.0	558.0	288.0	636.0	496.0	291.0
NM_001182472.1	1381.0	1911.0	1010.0	2020.0	1719.0	941.0
NM_001182473.1	696.0	916.0	448.0	823.0	694.0	368.0
NM_001182474.1	230.0	273.0	174.0	342.0	323.0	187.0
NM_001182475.1	433.28	529.73	318.58	551.81	483.11	279.08
NM_001182476.1	301.0	360.0	207.0	382.0	351.0	193.0
NM_001182477.1	1158.0	1528.0	855.0	1470.0	1343.0	705.0
NM_001182478.1	366.0	441.0	283.0	1360.0	1283.0	700.0
NM_001182479.1	1152.0	1493.0	756.0	1531.0	1308.0	702.0
NM_001182481.1	13.0	25.0	11.0	29.0	24.0	19.0
NM_001182482.1	273.0	369.0	190.0	434.0	326.0	204.0
NM_001182483.1	431.0	560.0	255.0	724.0	670.0	283.0
NM_001182484.1	304.0	451.0	232.0	525.0	525.0	226.0
NM_001348863.1	0.0	0.0	0.0	0.0	0.0	0.0
NM_001182486.1	0.0	0.0	0.0	0.0	0.0	0.0
NM_001182487.1	1953.41	2271.37	1383.0	2981.14	2597.31	1589.7
NM_001182488.1	2225.0	2529.0	1450.0	3453.0	3223.0	1718.0
NM_001182489.1	10432.0	12542.0	6731.0	14617.0	12668.0	6288.0
NM_001182490.1	1128.0	1265.0	732.0	1507.0	1393.0	806.0
NM_001182491.1	134.0	117.0	70.0	298.0	251.0	131.0
NM_001182492.1	576.0	660.0	411.0	724.0	623.0	409.0
NM_001182493.1	1633.0	2123.0	1191.0	3243.0	2613.0	1358.0
NM_001182494.1	945.0	991.0	789.0	2173.0	2123.0	1186.0
NM_001182495.1	149.0	156.27	86.6	197.12	155.83	90.42
NM_001182496.1	0.0	0.0	0.0	0.0	0.0	0.0
NM_001182497.1	973.0	1173.0	661.0	1284.0	1036.0	605.0
NM_001184613.1	9.0	21.0	11.0	13.0	25.0	16.0
NM_001182498.1	3404.0	4102.0	2125.0	5950.0	5556.0	2886.0
NM_001182499.1	169.0	223.0	97.0	207.0	197.0	95.0
NM_001182500.1	656.0	764.0	409.0	893.0	693.0	419.0
NM_001182501.1	702.0	919.0	445.0	960.0	822.0	472.0
NM_001182502.1	2777.0	2934.74	1648.08	1725.39	1488.85	935.61
NM_001348864.1	2.0	2.0	1.0	1.0	1.0	1.0
NM_001182504.1	2685.0	3942.26	1786.92	2226.61	1870.15	956.39
NM_001395039.1	9.0	11.0	11.0	15.0	7.0	4.0
NM_001182505.1	350.0	436.0	243.0	525.0	442.0	226.0
NM_001182506.1	588.0	755.0	402.0	669.0	598.0	331.0
NM_001182507.1	7260.12	8952.03	4707.24	8897.17	7747.53	4272.63
NM_001182508.1	11333.0	13887.0	7268.0	13950.0	11769.0	6445.0
NM_001182509.1	221.0	362.0	187.0	349.0	289.0	164.0
NM_001182510.1	789.0	1042.0	537.0	1094.0	952.0	504.0
NM_001182511.1	2399.0	3170.0	1646.0	3372.0	2978.0	1430.0
NM_001182512.1	832.0	1104.0	475.0	836.0	706.0	462.0
NM_001182513.1	8.0	9.0	10.0	12.0	11.0	6.0
NM_001182514.1	0.0	0.0	0.0	1.0	1.0	0.0
NM_001182515.1	242.0	261.0	177.0	368.0	325.0	188.0
NM_001182516.1	124.0	213.0	126.0	206.0	177.0	106.0
NM_001182517.1	264.0	293.0	195.0	364.0	362.0	189.0
NM_001182518.1	847.0	1032.0	657.0	1178.0	1066.0	623.0
NM_001182519.1	62.0	60.0	43.0	63.0	70.0	41.0
NM_001182520.1	599.0	819.0	430.0	869.0	768.0	425.0
NM_001182521.1	73.0	82.0	76.0	74.0	68.0	47.0
NM_001182522.1	166.0	210.0	114.0	217.0	211.0	121.0
NM_001182523.1	2048.0	2662.0	1344.0	2886.0	2465.0	1269.0
NM_001182524.1	266.0	333.0	209.0	316.0	312.0	175.0
NM_001182525.1	374.0	526.0	233.0	581.0	439.0	307.0
NM_001182526.1	98.0	112.0	81.0	151.0	126.0	72.0
NM_001184572.1	0.0	2.12	1.0	2.11	1.1	1.06
NM_001182527.1	1671.0	2219.0	922.0	2541.0	2001.0	1029.0
NM_001182529.1	351.0	422.88	220.0	459.89	356.9	224.94
NM_001182530.1	1098.0	1189.0	688.0	1534.0	1423.0	746.0
NM_001182531.1	49.0	84.0	53.0	48.0	44.0	37.0
NM_001182532.1	121.0	180.0	110.0	175.0	146.0	93.0
NM_001182533.1	179.0	235.0	133.0	282.0	222.0	125.0
NM_001182534.1	849.0	1149.0	465.0	1245.0	1004.0	553.0
NM_001182535.1	2633.0	3518.0	2002.0	3823.0	3432.0	1984.0
NM_001182536.1	684.0	891.0	445.0	1143.0	940.0	496.0
NM_001182537.1	12.0	18.0	11.0	13.0	14.0	6.0
NM_001182538.1	142.0	190.0	91.0	150.0	164.0	95.0
NM_001182539.1	118.0	123.0	66.0	145.0	136.0	87.0
NM_001182540.1	809.67	860.75	522.66	768.0	671.38	433.41
NM_001182541.1	598.0	782.0	395.0	1025.97	877.0	473.0
NM_001182542.2	41.97	60.05	21.84	57.52	32.4	27.1
NM_001182543.1	1520.84	1928.23	923.61	2058.13	2091.51	1072.81
NM_001182544.1	2549.0	3022.0	1357.0	3238.0	2643.0	1482.0
NM_001182545.1	225.0	288.0	162.0	341.0	299.0	177.0
NM_001182546.1	4169.0	5263.0	2508.0	5148.0	4507.0	2367.0
NM_001182547.2	0.0	0.0	0.0	0.0	0.0	0.0
NM_001182548.1	14.77	22.37	0.0	27.0	21.0	3.5
NM_001182550.1	86.0	100.0	60.0	119.0	121.0	51.0
NM_001182551.1	23.0	40.0	41.0	41.0	50.0	25.0
NM_001182552.1	1044.0	1219.0	673.0	1505.0	1215.0	777.0
NM_001182553.1	85.0	130.0	75.0	163.0	162.0	88.0
NM_001182554.1	12.0	19.0	10.0	19.0	20.0	21.0
NM_001182556.1	20550.0	22516.0	11688.0	28985.0	25879.0	13895.0
NM_001182557.1	104.0	129.0	70.0	189.0	143.0	86.0
NM_001182558.1	293.0	331.0	257.0	358.0	299.0	187.0
NM_001182559.1	703.0	943.0	502.0	1004.0	926.0	510.0
NM_001182560.1	946.0	1136.0	560.0	2390.0	2038.0	1039.0
NM_001182561.1	64.0	82.0	49.0	90.0	81.0	43.0
NM_001182562.1	189.0	242.0	129.0	195.0	196.0	118.0
NM_001182563.1	28.0	34.0	23.0	46.0	50.0	18.0
NM_001182564.1	145.0	187.0	104.0	203.0	196.0	106.0
NM_001182565.1	694.0	880.0	429.0	1286.0	1023.0	586.0
NM_001182566.1	45.0	74.0	37.0	52.0	53.0	26.0
NM_001182567.1	46.0	43.0	19.0	40.0	33.0	28.0
NM_001182568.1	565.0	722.0	372.0	724.0	599.0	386.0
NM_001182569.1	991.0	1132.0	659.0	1531.0	1268.0	637.0
NM_001182570.1	2769.0	3568.0	2079.0	3231.0	2753.0	1437.0
NM_001182571.1	253.0	310.0	232.0	379.0	365.0	217.0
NM_001182572.1	1315.0	1545.0	862.0	1701.0	1466.0	830.0
NM_001395040.1	0.0	0.0	0.0	0.0	0.0	0.0
NM_001182574.1	324.0	458.0	270.0	425.0	404.0	185.0
NM_001182575.1	1027.0	1296.0	702.0	1186.0	977.0	588.0
NM_001182576.1	122.0	161.0	118.0	151.0	137.0	64.0
NM_001182577.1	247.0	331.0	235.0	351.0	311.0	184.0
NM_001182578.1	5606.0	6953.0	3896.0	7127.0	6362.0	3426.0
NM_001182579.1	1989.0	2364.0	1306.0	2754.0	2541.0	1408.0
NM_001182580.1	11.0	10.0	7.0	14.0	12.0	5.0
NM_001348865.1	0.0	0.0	0.0	0.0	0.0	0.0
NM_001182582.1	7683.37	9068.22	4695.0	8888.5	7722.91	4075.0
NM_001182583.1	1.0	0.0	1.0	3.0	1.0	1.0
NM_001182584.1	0.0	1.0	0.0	0.0	1.0	2.0
NM_001182586.1	1270.0	1457.0	577.0	1434.0	1330.0	619.0
NM_001182587.1	108.0	135.0	83.0	157.0	126.0	74.0
NM_001182588.1	558.0	691.0	387.0	630.0	553.0	357.0
NM_001182589.1	922.0	1107.0	629.0	1334.0	1120.0	604.0
NM_001182590.1	97.0	114.0	67.0	172.0	184.0	101.0
NM_001182591.1	1561.0	1949.0	938.0	2881.0	2518.0	1302.0
NM_001182592.1	2863.0	3536.0	2009.0	4122.0	3737.0	2050.0
NM_001182593.1	1278.0	1672.0	924.0	1979.0	1732.0	987.0
NM_001182594.1	109.0	97.0	76.0	126.0	126.0	82.0
NM_001182595.1	2.0	5.0	0.0	3.0	2.0	3.0
NM_001182596.1	11.0	7.0	7.0	6.0	10.0	3.0
NM_001182597.1	158.0	210.0	131.0	232.0	200.0	127.0
NM_001182598.1	189.0	308.0	170.0	291.0	277.0	170.0
NM_001182599.1	3341.0	4126.0	2171.0	3794.0	3380.0	1683.0
NM_001182600.1	274.0	344.0	209.0	420.0	374.0	192.0
NM_001182601.1	12.0	10.0	3.0	9.0	8.0	3.0
NM_001182602.1	518.0	544.0	337.0	757.0	561.0	369.0
NM_001348866.1	5.0	15.0	3.0	14.0	5.0	7.0
NM_001182604.1	128.0	186.0	124.0	207.0	200.0	118.0
NM_001182605.1	295.0	254.0	199.0	441.0	373.0	237.0
NM_001184614.1	0.0	2.0	0.0	0.0	2.0	1.0
NM_001182606.1	219.0	186.0	114.0	175.0	175.0	85.0
NM_001431141.1	113.0	130.0	107.0	180.0	191.0	106.0
NM_001182607.1	6.0	3.0	1.0	11.0	8.0	4.0
NM_001182608.1	9586.0	12285.0	6459.0	14319.0	12469.0	6960.0
NM_001182609.1	2125.0	2631.0	1402.0	2794.75	2259.75	1312.0
NM_001182610.1	696.0	877.0	496.0	1210.0	1049.0	547.0
NM_001182611.1	126.0	147.0	78.0	137.0	121.0	73.0
NM_001182612.1	253.0	332.0	217.0	312.0	281.0	158.0
NM_001182613.1	372.0	432.0	264.0	608.0	542.0	326.0
NM_001182614.1	91.0	103.0	56.0	119.0	108.0	52.0
NM_001182615.1	413.0	556.0	321.0	520.0	495.0	231.0
NM_001182616.1	67095.0	78330.0	40408.0	73363.0	63569.0	34050.0
NM_001182617.1	128.0	222.0	108.0	209.0	167.0	99.0
NM_001182618.1	10.0	28.0	22.0	30.0	40.0	20.0
NM_001182619.1	375.0	504.0	272.0	481.0	477.0	257.0
NM_001182621.1	6356.0	6299.0	2173.0	6153.0	5927.0	1977.0
NM_001182622.1	1016.0	1208.3	688.06	1408.85	1252.02	666.34
NM_001348867.1	6.0	3.0	2.0	8.0	7.0	6.0
NM_001184445.1	7814.0	9421.0	5323.0	8706.0	9278.0	5784.0
NM_001182624.1	1036.0	1401.0	768.0	1337.0	1297.0	725.0
NM_001182625.1	612.0	854.0	333.0	824.0	608.0	343.0
NM_001182626.1	2292.0	2986.0	1677.0	3293.0	2807.0	1630.0
NM_001182627.1	94.0	103.0	66.0	106.0	87.0	62.0
NM_001182628.1	115.0	138.0	104.0	149.0	182.0	73.0
NM_001182629.1	2308.0	2862.0	1588.0	2213.0	1774.0	1018.0
NM_001182630.1	1687.0	2041.0	1113.0	2595.0	2125.0	1040.0
NM_001182631.1	366.0	530.0	296.0	620.0	575.0	271.0
NM_001182632.1	3459.0	4325.0	2084.0	3851.0	3333.0	1893.0
NM_001182633.1	116.0	164.0	107.0	199.0	121.0	89.0
NM_001182634.1	14.0	14.0	10.0	13.0	16.0	6.0
NM_001182635.1	339.0	428.0	272.0	638.0	506.0	283.0
NM_001182636.1	188.0	222.0	106.0	318.0	298.0	139.0
NM_001182638.1	310.0	485.0	170.0	460.0	455.0	207.0
NM_001182639.1	134.0	130.0	79.0	175.0	146.0	66.0
NM_001182640.1	87.0	141.0	83.0	149.0	140.0	67.0
NM_001182641.1	349.0	427.0	242.0	507.0	453.0	273.0
NM_001182642.1	324.0	434.0	285.0	495.0	440.0	235.0
NM_001348868.1	0.0	0.0	0.0	0.0	2.0	0.0
NM_001182644.1	45175.6	53420.52	24104.6	51621.69	46855.33	21265.66
NM_001182645.1	23449.84	28032.76	14773.11	26064.88	23655.01	12031.88
NM_001182646.1	248.0	320.0	205.0	336.0	290.0	161.0
NM_001182647.1	2547.0	3444.0	1620.0	4982.0	4998.0	1983.0
NM_001182648.1	6884.0	8065.0	4750.0	7925.0	7199.0	4293.0
NM_001182649.2	377.0	481.0	249.98	427.0	394.0	227.0
NM_001182650.1	0.0	0.0	4.02	0.0	0.0	0.0
NM_001182651.1	2262.0	2708.0	1397.0	2815.0	2651.0	1413.0
NM_001182652.1	164.0	257.0	152.0	178.0	185.0	95.0
NM_001182654.1	774.0	992.0	535.0	1690.0	1531.0	817.0
NM_001182656.1	1081.0	1387.0	624.0	1414.0	1168.0	652.0
NM_001182657.1	68.0	82.0	52.0	117.0	96.0	70.0
NM_001182658.1	214.0	298.0	206.0	299.0	228.0	151.0
NM_001182659.1	103.0	132.0	86.0	103.0	86.0	66.0
NM_001182660.1	344.0	399.0	239.0	491.0	452.0	307.0
NM_001184342.1	0.0	0.0	0.0	3.0	1.0	0.0
NM_001182661.1	406.0	520.0	290.0	459.0	457.0	255.0
NM_001182663.1	43.0	38.0	38.0	55.0	58.0	37.0
NM_001182664.1	178.0	241.0	130.0	266.0	216.0	109.0
NM_001182665.1	779.0	963.0	501.0	1079.0	1022.0	498.0
NM_001182666.1	452.0	579.0	314.0	644.0	625.0	308.0
NM_001182667.1	96.0	143.0	74.0	149.0	139.0	75.0
NM_001182668.1	233.49	295.29	197.03	329.58	249.18	142.8
NM_001182669.1	456.0	522.0	284.0	654.0	540.0	283.0
NM_001182670.1	143.0	214.0	111.0	154.0	143.0	90.0
NM_001182671.1	214.0	290.0	156.0	303.0	292.0	146.0
NM_001182672.1	147.0	121.0	88.0	190.0	172.0	99.0
NM_001182673.1	28.89	51.17	7.57	51.79	47.11	37.46
NM_001182674.1	353.11	478.83	263.43	517.21	455.89	276.54
NM_001182675.1	300.0	387.0	239.0	492.0	389.0	246.0
NM_001182677.1	169.0	242.0	138.0	272.0	226.0	121.0
NM_001182678.1	7433.0	8378.0	4533.0	4970.0	4144.0	2780.0
NM_001182680.1	28.0	33.0	23.0	54.0	42.0	21.0
NM_001182681.1	0.0	1.0	5.0	7.0	5.0	3.0
NM_001184660.1	1.0	3.0	0.0	0.0	3.0	1.0
NM_001182682.1	213.0	253.0	153.0	278.0	244.0	123.0
NM_001182683.1	295.0	401.0	216.0	366.0	321.0	155.0
NM_001182684.1	734.0	948.0	533.0	1289.0	1126.0	607.0
NM_001182685.1	268.0	367.0	203.0	391.0	290.0	209.0
NM_001182686.1	67.0	111.0	43.0	93.0	99.0	56.0
NM_001182687.1	81.0	114.0	50.0	70.0	73.0	39.0
NM_001182688.1	24.0	34.0	25.0	12.0	13.0	6.0
NM_001184615.1	0.0	0.0	1.0	0.0	1.0	0.0
NM_001182689.1	2502.0	2943.0	1635.0	3111.0	2746.0	1473.0
NM_001182690.1	502.0	553.0	339.0	575.0	520.0	298.0
NM_001182691.1	349.0	403.0	235.0	394.0	401.0	268.0
NM_001182692.1	86375.43	110780.18	54649.05	150243.86	120779.03	59957.25
NM_001182693.1	110.0	120.0	82.0	153.0	149.0	92.0
NM_001182694.1	451.0	573.0	288.0	776.0	616.0	345.0
NM_001182695.1	1258.0	1423.0	741.0	2093.0	1838.0	985.0
NM_001182696.1	258.0	303.0	130.0	379.0	278.0	149.0
NM_001182697.1	275.0	341.0	229.0	501.0	404.0	240.0
NM_001182698.1	535.0	677.0	325.0	719.0	584.0	312.0
NM_001182700.1	327.0	497.0	256.0	508.0	413.0	221.0
NM_001184524.1	41.0	44.0	27.0	39.0	37.0	8.0
NM_001182701.1	10573.16	12754.59	6439.63	13863.43	11976.46	5993.42
NM_001182702.1	291.0	401.0	240.0	494.0	399.0	243.0
NM_001182703.1	218.0	225.0	155.0	437.0	384.0	216.0
NM_001182704.1	673.0	871.0	443.0	1024.0	838.0	422.0
NM_001182705.1	175.0	258.0	113.0	254.0	200.0	111.0
NM_001182706.1	531.0	613.0	384.0	674.0	606.0	302.0
NM_001182707.1	1202.0	1431.0	800.0	1644.0	1574.0	794.0
NM_001182708.1	163.0	201.0	128.0	307.0	245.0	143.0
NM_001182709.1	3763.0	4260.0	2678.0	4831.0	4556.0	2530.0
NM_001182710.1	4938.0	5865.0	3134.0	5862.0	5457.0	3130.0
NM_001182711.1	118.0	151.0	78.0	199.0	141.0	88.0
NM_001182712.1	29990.0	35242.98	19809.0	30025.0	26119.0	15934.0
NM_001182713.1	6.0	4.0	3.0	3.0	1.0	2.0
NM_001182714.1	171.0	216.0	116.01	242.0	194.65	74.0
NM_001182715.1	1249.0	1595.0	858.0	1708.0	1533.0	907.0
NM_001182716.1	363.0	392.0	252.0	327.0	357.0	212.0
NM_001182717.1	259.0	339.0	200.0	422.0	347.0	167.0
NM_001182718.1	176.0	216.0	133.0	230.0	210.0	118.0
NM_001182719.1	990.0	1277.0	667.0	1504.0	1332.0	789.0
NM_001182720.1	245.0	352.0	139.0	333.0	309.0	148.0
NM_001182721.1	1166.0	1492.0	812.0	1886.0	1719.0	777.0
NM_001182722.1	2861.0	3577.0	1866.0	2976.0	2755.0	1434.0
NM_001182723.1	1012.0	1160.0	645.0	1417.0	1162.0	689.0
NM_001182724.1	15625.0	18076.0	9784.0	18831.0	17209.0	9388.0
NM_001182725.1	434.0	519.0	293.0	635.0	548.0	312.0
NM_001182726.1	821.0	1083.0	488.0	1116.0	848.0	515.0
NM_001182727.1	1014.0	1281.0	717.0	1260.0	1110.0	614.0
NM_001182728.1	898.0	1061.0	606.0	1228.0	1030.0	575.0
NM_001182729.1	561.0	664.0	389.0	721.0	680.0	369.0
NM_001182730.1	363.0	522.0	270.0	564.0	460.0	225.0
NM_001182731.1	210.0	241.0	131.0	271.0	223.0	112.0
NM_001182732.1	392.0	474.0	247.0	460.0	418.0	210.0
NM_001182733.1	3370.0	4105.0	2171.0	5944.0	5442.0	2972.0
NM_001182734.1	417.0	494.0	276.0	604.0	450.99	226.0
NM_001182735.1	227.0	278.0	174.0	347.0	312.0	168.0
NM_001182736.1	13830.0	16425.0	8639.0	19882.0	18056.0	9054.0
NM_001182737.1	14513.49	17960.24	9453.01	19327.04	18132.38	9082.3
NM_001184573.1	0.0	0.0	0.0	1.0	3.0	2.0
NM_001182738.1	612.0	803.0	467.0	844.0	734.0	407.0
NM_001182739.1	3.0	4.0	6.0	14.0	12.0	7.0
NM_001182740.1	171.0	196.0	120.0	200.0	152.0	76.0
NM_001182741.1	211.0	248.0	124.0	212.0	186.0	84.0
NM_001182742.1	3689.0	4536.0	2466.0	3439.0	3140.0	1780.0
NM_001182743.1	794.0	1030.0	536.0	1269.0	1174.0	698.0
NM_001182744.1	1791.0	2196.0	1262.0	2760.0	2599.0	1516.0
NM_001182745.1	892.0	1165.0	742.0	1197.0	1053.0	624.0
NM_001182746.1	333.0	447.0	288.0	504.0	404.0	249.0
NM_001182747.1	268.0	312.0	161.0	324.0	282.0	165.0
NM_001182748.1	2919.0	3363.0	2027.0	3470.0	3100.0	1801.0
NM_001182749.1	34099.49	40065.19	19764.08	38201.97	35544.03	16804.14
NM_001184616.1	44.0	54.0	33.0	70.0	41.0	25.0
NM_001182750.1	2968.0	3724.0	1975.0	3558.0	3222.0	1852.0
NM_001182751.1	271.0	271.0	145.0	385.0	295.0	150.0
NM_001182752.1	1.0	1.0	3.0	2.0	5.0	1.0
NM_001182754.1	7326.07	8562.44	4639.31	9203.44	8376.47	4971.56
NM_001182755.1	1394.0	1789.0	1102.0	1703.0	1456.0	841.0
NM_001184661.1	0.0	0.0	0.0	0.0	0.0	0.0
NM_001182756.1	261.0	357.0	171.0	712.0	644.0	392.0
NM_001182757.1	16.0	18.0	5.0	17.0	16.0	12.0
NM_001182758.1	1650.0	2451.0	1418.0	3163.0	2998.0	1523.0
NM_001182759.1	36.0	61.0	49.0	84.0	81.0	56.0
NM_001182760.1	363.0	342.0	182.0	430.0	351.0	221.0
NM_001348870.1	20.0	23.0	6.0	17.0	24.0	13.0
NM_001182762.1	360.0	459.0	268.0	510.0	401.0	210.0
NM_001182763.1	679.0	781.0	418.0	1014.0	1057.0	416.0
NM_001182764.1	51.0	77.0	54.0	80.0	76.0	50.0
NM_001182765.1	364.0	414.0	220.0	461.0	418.0	231.0
NM_001182766.1	1076.0	1471.0	763.0	1120.0	1004.0	512.0
NM_001182767.1	5900.0	7609.0	4292.0	8153.0	6571.0	3599.0
NM_001182768.1	2036.0	2677.0	1305.0	3810.0	3067.0	1746.0
NM_001182769.2	144.0	155.0	96.0	234.0	211.0	127.0
NM_001182770.1	371.09	439.0	217.0	515.52	492.55	308.0
NM_001182771.1	711.0	821.0	470.0	729.0	651.0	393.0
NM_001182772.1	146.0	158.0	86.0	135.0	125.0	69.0
NM_001182773.1	2192.0	2851.0	1460.0	1686.0	1269.0	797.0
NM_001182774.1	316.0	392.0	252.0	496.0	431.0	237.0
NM_001182775.1	200.0	222.0	132.0	261.0	277.0	138.0
NM_001182776.1	299.0	367.0	229.0	428.0	288.0	182.0
NM_001182777.1	153.0	156.0	106.0	167.0	158.0	97.0
NM_001182778.1	14.0	9.0	8.0	16.0	24.0	16.0
NM_001182779.1	1650.0	1977.0	1112.0	2294.0	2095.0	1231.0
NM_001184617.1	0.0	0.0	0.0	0.0	0.0	0.0
NM_001182780.1	398.0	550.0	193.0	563.0	464.0	235.0
NM_001182781.1	179.0	258.0	96.0	202.0	215.0	121.0
NM_001182782.1	650.0	833.0	493.0	882.0	854.0	455.0
NM_001182783.1	5624.0	6646.0	3463.0	9131.0	8248.0	4394.0
NM_001182784.1	647.0	848.0	412.0	980.0	827.0	492.0
NM_001182785.1	692.0	855.0	470.0	714.0	584.0	290.0
NM_001182786.1	5.0	7.0	6.0	6.0	8.0	6.0
NM_001182787.1	36.0	41.0	26.0	47.0	49.0	22.0
NM_001182788.1	325.0	406.0	231.0	396.0	336.0	185.0
NM_001182789.1	216.0	240.0	127.0	275.0	250.0	138.0
NM_001182790.1	172.0	185.0	90.0	214.0	206.0	97.0
NM_001182791.1	178.0	199.0	112.0	171.0	164.0	92.0
NM_001182792.1	562.0	706.0	405.0	1054.0	831.0	446.0
NM_001182793.1	316.0	454.0	246.0	612.0	472.0	279.0
NM_001182794.1	205.0	246.0	123.0	272.0	226.0	124.0
NM_001182795.1	482.0	619.0	331.0	749.0	578.0	328.0
NM_001182796.1	291.0	450.0	239.0	515.0	463.0	252.0
NM_001182797.1	4920.0	5919.0	3068.0	6456.0	5950.0	3023.0
NM_001182799.1	606.0	739.0	398.0	828.0	671.0	434.0
NM_001182800.1	833.0	1272.0	803.0	1179.0	1054.0	633.0
NM_001182801.1	121.0	120.0	88.0	117.0	104.0	59.0
NM_001182802.1	99.0	150.0	71.0	174.0	139.0	64.0
NM_001182804.1	2426.0	2864.0	1557.0	3402.0	2994.0	1644.0
NM_001182805.1	1850.0	2215.0	1240.0	1879.0	1787.0	1079.0
NM_001182806.1	4642.0	5537.0	3339.0	6709.0	6010.0	3674.0
NM_001182807.1	1433.0	1645.0	990.0	2174.0	1999.0	1162.0
NM_001182808.2	122.0	118.0	92.0	157.0	153.0	62.0
NM_001182809.1	2555.0	3006.0	1604.0	2851.0	2836.0	1322.0
NM_001182810.1	599.0	769.0	404.0	695.0	680.0	339.0
NM_001182811.1	498.0	635.0	352.0	868.0	768.0	378.0
NM_001182812.1	75.59	82.05	40.88	315.35	286.86	146.31
NM_001182814.1	994.0	1469.0	747.0	1778.0	1572.0	849.0
NM_001182815.1	5728.82	7627.45	3665.21	6590.11	6041.67	3291.47
NM_001182817.1	7.0	13.0	8.0	19.0	12.0	9.0
NM_001182818.1	29846.0	37216.0	18739.0	29568.0	27849.0	14811.0
NM_001182819.1	4078.0	5115.0	2462.0	5683.0	4954.0	2846.0
NM_001182820.1	7050.0	8845.0	4802.0	8174.0	7497.0	3985.0
NM_001182821.1	600.0	671.0	439.0	730.0	755.0	481.0
NM_001182822.1	1011.0	1102.0	584.0	1352.0	1162.0	589.0
NM_001182823.1	550.0	687.0	394.0	621.0	572.0	334.0
NM_001182824.1	307.0	409.0	215.0	466.0	413.0	209.0
NM_001182825.1	2017.0	2592.0	1538.0	3012.0	2647.0	1463.0
NM_001182826.1	2326.0	3023.0	1432.0	3350.0	2973.0	1664.0
NM_001184618.1	0.0	2.0	0.0	2.0	1.0	0.0
NM_001270757.1	0.0	0.0	1.17	0.0	0.0	0.0
NM_001182829.1	67.0	125.0	60.83	141.0	126.0	73.0
NM_001182830.2	73.0	52.0	40.0	44.0	32.0	24.0
NM_001182831.3	6158.0	7495.0	4408.0	13771.0	12737.0	7509.0
NM_001182832.1	1166.0	1250.0	569.0	2410.0	1816.0	966.0
NM_001348871.1	1.0	0.0	0.0	0.0	0.0	0.0
NM_001182834.3	0.0	0.0	0.0	4.93	0.0	0.0
NM_001182835.1	0.0	0.33	0.75	0.0	0.0	0.0
NM_001182836.3	0.0	1.33	0.0	1.67	0.0	0.0
NM_001182838.1	1.0	0.0	0.0	0.0	0.0	0.0
NR_132149.1	0.0	0.0	0.0	0.0	0.0	0.0
TRN1	0.0	0.0	0.0	0.0	0.0	0.0
NR_132150.1	0.0	0.0	0.0	0.0	0.0	0.0
TGA1	0.0	0.0	0.0	0.0	0.0	0.0
SUP56	0.0	0.0	0.0	0.0	0.0	0.0
YNCA0006C	0.0	0.0	0.0	0.0	0.0	0.0
YNCB0001W	0.0	0.0	0.0	0.0	0.0	0.0
YNCB0002W	0.0	0.0	0.0	0.0	0.0	0.0
NR_132151.1	0.0	0.0	0.0	0.0	0.0	0.0
YNCB0004W	0.0	0.0	0.0	0.0	0.0	0.0
YNCB0005C	0.0	0.0	0.0	0.0	0.0	0.0
YNCB0006W	0.0	0.0	0.0	0.0	0.0	0.0
YNCB0007W	0.0	0.0	0.0	0.0	0.0	0.0
NR_132152.1	0.0	0.0	0.0	0.0	0.0	0.0
YNCB0011C	0.0	0.0	0.0	0.0	0.0	0.0
YNCB0012W	0.0	0.0	0.0	0.0	0.0	0.0
YNCB0013W	0.0	0.0	0.0	0.0	0.0	0.0
YNCB0015W	0.0	0.0	0.0	0.0	0.0	0.0
YNCB0016W	0.0	0.0	0.0	0.0	0.0	0.0
YNCB0017C	0.0	0.0	0.0	0.0	0.0	0.0
YNCB0018W	0.0	0.0	0.0	0.0	0.0	0.0
NR_132154.1	0.0	0.0	0.0	0.0	0.0	0.0
YNCC0001C	0.0	0.0	0.0	0.0	0.0	0.0
SUP53	0.0	0.0	0.0	0.0	0.0	0.0
NR_132155.1	0.0	0.0	0.0	0.0	0.0	0.0
SUF2	0.0	0.0	0.0	0.0	0.0	0.0
YNCC0005W	0.0	0.0	0.0	0.0	0.0	0.0
NR_132156.1	0.0	0.0	0.0	0.0	0.0	0.0
SUF16	0.0	0.0	0.0	0.0	0.0	0.0
YNCC0008W	0.0	0.0	0.0	0.0	0.0	0.0
YNCC0009C	0.0	0.0	0.0	0.0	0.0	0.0
YNCC0010C	0.0	0.0	0.0	0.0	0.0	0.0
NR_132157.1	0.0	0.0	0.0	0.0	0.0	0.0
NR_132158.1	0.0	0.0	0.0	0.0	0.0	0.0
SUP61	0.0	0.0	0.0	0.0	0.0	0.0
YNCC0014W	0.0	0.0	0.0	0.0	0.0	0.0
NR_188202.1	0.0	0.0	0.0	0.0	0.0	0.0
YNCD0001W	0.0	0.0	0.0	0.0	0.0	0.0
NR_132159.1	0.0	0.0	0.0	0.0	0.0	0.0
YNCD0003W	0.0	0.0	0.0	0.0	0.0	0.0
YNCD0004W	0.0	0.0	0.0	0.0	0.0	0.0
YNCD0005C	0.0	0.0	0.0	0.0	0.0	0.0
YNCD0006W	0.0	0.0	0.0	0.0	0.0	0.0
YNCD0007C	0.0	0.0	0.0	0.0	0.0	0.0
YNCD0008W	0.0	0.0	0.0	0.0	0.0	0.0
YNCD0009W	0.0	0.0	0.0	0.0	0.0	0.0
NR_132160.1	0.0	0.0	0.0	0.0	0.0	0.0
YNCD0011W	0.0	0.0	0.0	0.0	0.0	0.0
YNCD0012W	0.0	0.0	0.0	0.0	0.0	0.0
YNCD0013C	0.0	0.0	0.0	0.0	0.0	0.0
YNCD0014C	0.0	0.0	0.0	0.0	0.0	0.0
YNCD0015C	0.0	0.0	0.0	0.0	0.0	0.0
YNCD0016C	0.0	0.0	0.0	0.0	0.0	0.0
YNCD0017W	0.0	0.0	0.0	0.0	0.0	0.0
SUP2	0.0	0.0	0.0	0.0	0.0	0.0
YNCD0019C	0.0	0.0	0.0	0.0	0.0	0.0
YNCD0020W	0.0	0.0	0.0	0.0	0.0	0.0
YNCD0021C	0.0	0.0	0.0	0.0	0.0	0.0
YNCD0022C	0.0	0.0	0.0	0.0	0.0	0.0
YNCD0023C	0.0	0.0	0.0	0.0	0.0	0.0
YNCD0024C	0.0	0.0	0.0	0.0	0.0	0.0
EMT1	0.0	0.0	0.0	0.0	0.0	0.0
YNCD0026W	0.0	0.0	0.0	0.0	0.0	0.0
SUF3	0.0	0.0	0.0	0.0	0.0	0.0
YNCD0028W	0.0	0.0	0.0	0.0	0.0	0.0
YNCD0029C	0.0	0.0	0.0	0.0	0.0	0.0
NR_132161.1	0.0	0.0	0.0	0.0	0.0	0.0
YNCD0031C	0.0	0.0	0.0	0.0	0.0	0.0
NR_132162.1	0.0	0.0	0.0	0.0	0.0	0.0
NR_188203.1	0.0	0.0	0.0	0.0	0.0	0.0
NR_188204.1	0.0	0.0	0.0	0.0	0.0	0.0
NR_132163.1	0.0	0.0	0.0	0.0	0.0	0.0
NR_132164.1	0.0	0.0	0.0	0.0	0.0	0.0
NR_132165.1	0.0	0.0	0.0	0.0	0.0	0.0
YNCE0004C	0.0	0.0	0.0	0.0	0.0	0.0
YNCE0005W	0.0	0.0	0.0	0.0	0.0	0.0
IMT4	0.0	0.0	0.0	0.0	0.0	0.0
YNCE0008C	0.0	0.0	0.0	0.0	0.0	0.0
YNCE0009C	0.0	0.0	0.0	0.0	0.0	0.0
YNCE0010W	0.0	0.0	0.0	0.0	0.0	0.0
NR_132167.1	0.0	0.0	0.0	0.0	0.0	0.0
YNCE0012W	0.0	0.0	0.0	0.0	0.0	0.0
YNCE0013W	0.0	0.0	0.0	0.0	0.0	0.0
YNCE0014W	0.0	0.0	0.0	0.0	0.0	0.0
SUP19	0.0	0.0	0.0	0.0	0.0	0.0
YNCE0016C	0.0	0.0	0.0	0.0	0.0	0.0
NR_132168.1	0.0	0.0	0.0	0.0	0.0	0.0
YNCE0018W	0.0	0.0	0.0	0.0	0.0	0.0
NR_132169.1	0.0	0.0	0.0	0.0	0.0	0.0
NR_132170.1	0.0	0.0	0.0	0.0	0.0	0.0
YNCE0021C	0.0	0.0	0.0	0.0	0.0	0.0
YNCE0022C	0.0	0.0	0.0	0.0	0.0	0.0
YNCE0023W	0.0	0.0	0.0	0.0	0.0	0.0
YNCE0025C	0.0	0.0	0.0	0.0	0.0	0.0
YNCE0026W	0.0	0.0	0.0	0.0	0.0	0.0
YNCE0027C	0.0	0.0	0.0	0.0	0.0	0.0
YNCE0028C	0.0	0.0	0.0	0.0	0.0	0.0
YNCE0029C	0.0	0.0	0.0	0.0	0.0	0.0
NR_132172.1	0.0	0.0	0.0	0.0	0.0	0.0
SUF9	0.0	0.0	0.0	0.0	0.0	0.0
NR_132173.1	0.0	0.0	0.0	0.0	0.0	0.0
YNCF0004C	0.0	0.0	0.0	0.0	0.0	0.0
YNCF0005C	0.0	0.0	0.0	0.0	0.0	0.0
SUF20	0.0	0.0	0.0	0.0	0.0	0.0
SUP11	0.0	0.0	0.0	0.0	0.0	0.0
YNCF0008C	0.0	0.0	0.0	0.0	0.0	0.0
YNCF0009C	0.0	0.0	0.0	0.0	0.0	0.0
NR_132174.1	0.0	0.0	0.0	0.0	0.0	0.0
YNCF0011C	0.0	0.0	0.0	0.0	0.0	0.0
SUP6	0.0	0.0	0.0	0.0	0.0	0.0
NR_132175.1	0.0	0.0	0.0	0.0	0.0	0.0
YNCF0014C	0.0	0.0	0.0	0.0	0.0	0.0
YNCG0002C	0.0	0.0	0.0	0.0	0.0	0.0
YNCG0003C	0.0	0.0	0.0	0.0	0.0	0.0
YNCG0004W	0.0	0.0	0.0	0.0	0.0	0.0
YNCG0005W	0.0	0.0	0.0	0.0	0.0	0.0
YNCG0007C	0.0	0.0	0.0	0.0	0.0	0.0
YNCG0008W	0.0	0.0	0.0	0.0	0.0	0.0
YNCG0009C	0.0	0.0	0.0	0.0	0.0	0.0
NR_132178.1	0.0	0.0	0.0	0.0	0.0	0.0
YNCG0011W	0.0	0.0	0.0	0.0	0.0	0.0
SOE1	0.0	0.0	0.0	0.0	0.0	0.0
NR_132179.1	0.0	0.0	0.0	0.0	0.0	0.0
NR_132180.1	0.0	0.0	0.0	0.0	0.0	0.0
NR_132181.1	0.0	0.0	0.0	0.0	0.0	0.0
YNCG0016C	0.0	0.0	0.0	0.0	0.0	0.0
YNCG0017W	0.0	0.0	0.0	0.0	0.0	0.0
YNCG0018C	0.0	0.0	0.0	0.0	0.0	0.0
SUP54	0.0	0.0	0.0	0.0	0.0	0.0
YNCG0020C	0.0	0.0	0.0	0.0	0.0	0.0
YNCG0021W	0.0	0.0	0.0	0.0	0.0	0.0
YNCG0022W	0.0	0.0	0.0	0.0	0.0	0.0
YNCG0023C	0.0	0.0	0.0	0.0	0.0	0.0
NR_132182.1	0.0	0.0	0.0	0.0	0.0	0.0
YNCG0025C	0.0	0.0	0.0	0.0	0.0	0.0
NR_132183.1	0.0	0.0	0.0	0.0	0.0	0.0
YNCG0027W	0.0	0.0	0.0	0.0	0.0	0.0
YNCG0028W	0.0	0.0	0.0	0.0	0.0	0.0
YNCG0029C	0.0	0.0	0.0	0.0	0.0	0.0
YNCG0030C	0.0	0.0	0.0	0.0	0.0	0.0
YNCG0031W	0.0	0.0	0.0	0.0	0.0	0.0
YNCG0032W	0.0	0.0	0.0	0.0	0.0	0.0
YNCG0033W	0.0	0.0	0.0	0.0	0.0	0.0
YNCG0034W	0.0	0.0	0.0	0.0	0.0	0.0
SUF4	0.0	0.0	0.0	0.0	0.0	0.0
YNCG0036W	0.0	0.0	0.0	0.0	0.0	0.0
YNCG0037W	0.0	0.0	0.0	0.0	0.0	0.0
YNCG0038C	0.0	0.0	0.0	0.0	0.0	0.0
YNCG0039W	0.0	0.0	0.0	0.0	0.0	0.0
YNCG0040C	0.0	0.0	0.0	0.0	0.0	0.0
YNCG0041W	0.0	0.0	0.0	0.0	0.0	0.0
YNCG0042C	0.0	0.0	0.0	0.0	0.0	0.0
YNCG0043C	0.0	0.0	0.0	0.0	0.0	0.0
NR_132184.1	0.0	0.0	0.0	0.0	0.0	0.0
NR_132185.1	0.0	0.0	0.0	0.0	0.0	0.0
YNCG0046W	0.0	0.0	0.0	0.0	0.0	0.0
NR_188205.1	0.0	0.0	0.0	0.0	0.0	0.0
NR_188206.1	0.0	0.0	0.0	0.0	0.0	0.0
NR_188207.1	0.0	0.0	0.0	0.0	0.0	0.0
YNCH0001W	0.0	0.0	0.0	0.0	0.0	0.0
YNCH0002C	0.0	0.0	0.0	0.0	0.0	0.0
YNCH0003C	0.0	0.0	0.0	0.0	0.0	0.0
YNCH0004C	0.0	0.0	0.0	0.0	0.0	0.0
YNCH0005W	0.0	0.0	0.0	0.0	0.0	0.0
YNCH0006C	0.0	0.0	0.0	0.0	0.0	0.0
NR_132186.1	0.0	0.0	0.0	0.0	0.0	0.0
NR_132187.1	0.0	0.0	0.0	0.0	0.0	0.0
YNCH0009C	0.0	0.0	0.0	0.0	0.0	0.0
YNCH0010C	0.0	0.0	0.0	0.0	0.0	0.0
NR_132188.1	0.0	0.0	0.0	0.0	0.0	0.0
SUF8	0.0	0.0	0.0	0.0	0.0	0.0
NR_132189.1	0.0	0.0	0.0	0.0	0.0	0.0
YNCH0015W	0.0	0.0	0.0	0.0	0.0	0.0
YNCH0016C	0.0	0.0	0.0	0.0	0.0	0.0
NR_132190.1	0.0	0.0	0.0	0.0	0.0	0.0
YNCI0002W	0.0	0.0	0.0	0.0	0.0	0.0
YNCI0003C	0.0	0.0	0.0	0.0	0.0	0.0
YNCI0004W	0.0	0.0	0.0	0.0	0.0	0.0
YNCI0005W	0.0	0.0	0.0	0.0	0.0	0.0
SUP17	0.0	0.0	0.0	0.0	0.0	0.0
YNCI0007C	0.0	0.0	0.0	0.0	0.0	0.0
YNCI0008C	0.0	0.0	0.0	0.0	0.0	0.0
YNCI0009W	0.0	0.0	0.0	0.0	0.0	0.0
YNCI0010C	0.0	0.0	0.0	0.0	0.0	0.0
YNCI0011W	0.0	0.0	0.0	0.0	0.0	0.0
NR_132191.1	0.0	0.0	0.0	0.0	0.0	0.0
NR_132192.1	0.0	0.0	0.0	0.0	0.0	0.0
YNCJ0001C	0.0	0.0	0.0	0.0	0.0	0.0
YNCJ0002C	0.0	0.0	0.0	0.0	0.0	0.0
NR_132193.1	0.0	0.0	0.0	0.0	0.0	0.0
NR_132194.1	0.0	0.0	0.0	0.0	0.0	0.0
YNCJ0005C	0.0	0.0	0.0	0.0	0.0	0.0
YNCJ0006W	0.0	0.0	0.0	0.0	0.0	0.0
NR_132195.1	0.0	0.0	0.0	0.0	0.0	0.0
YNCJ0008W	0.0	0.0	0.0	0.0	0.0	0.0
NR_132196.1	0.0	0.0	0.0	0.0	0.0	0.0
SUP7	0.0	0.0	0.0	0.0	0.0	0.0
YNCJ0011W	0.0	0.0	0.0	0.0	0.0	0.0
YNCJ0012W	0.0	0.0	0.0	0.0	0.0	0.0
YNCJ0013C	0.0	0.0	0.0	0.0	0.0	0.0
YNCJ0014C	0.0	0.0	0.0	0.0	0.0	0.0
YNCJ0015W	0.0	0.0	0.0	0.0	0.0	0.0
EMT5	0.0	0.0	0.0	0.0	0.0	0.0
YNCJ0017C	0.0	0.0	0.0	0.0	0.0	0.0
YNCJ0018W	0.0	0.0	0.0	0.0	0.0	0.0
YNCJ0019C	0.0	0.0	0.0	0.0	0.0	0.0
EMT3	0.0	0.0	0.0	0.0	0.0	0.0
SUP51	0.0	0.0	0.0	0.0	0.0	0.0
IMT3	0.0	0.0	0.0	0.0	0.0	0.0
YNCJ0023C	0.0	0.0	0.0	0.0	0.0	0.0
SUF23	0.0	0.0	0.0	0.0	0.0	0.0
HSX1	0.0	0.0	0.0	0.0	0.0	0.0
YNCJ0026W	0.0	0.0	0.0	0.0	0.0	0.0
SUP4	0.0	0.0	0.0	0.0	0.0	0.0
NR_132197.1	0.0	0.0	0.0	0.0	0.0	0.0
YNCJ0029W	0.0	0.0	0.0	0.0	0.0	0.0
NR_132198.1	0.0	0.0	0.0	0.0	0.0	0.0
NR_132199.1	0.0	0.0	0.0	0.0	0.0	0.0
TRT2	0.0	0.0	0.0	0.0	0.0	0.0
YNCK0003W	0.0	0.0	0.0	0.0	0.0	0.0
YNCK0004W	0.0	0.0	0.0	0.0	0.0	0.0
YNCK0005C	0.0	0.0	0.0	0.0	0.0	0.0
YNCK0006C	0.0	0.0	0.0	0.0	0.0	0.0
YNCK0007W	0.0	0.0	0.0	0.0	0.0	0.0
YNCK0008W	0.0	0.0	0.0	0.0	0.0	0.0
NR_132200.1	0.0	0.0	0.0	0.0	0.0	0.0
YNCK0010W	0.0	0.0	0.0	0.0	0.0	0.0
YNCK0011C	0.0	0.0	0.0	0.0	0.0	0.0
YNCK0012C	0.0	0.0	0.0	0.0	0.0	0.0
NR_132201.1	0.0	0.0	0.0	0.0	0.0	0.0
YNCK0014W	0.0	0.0	0.0	0.0	0.0	0.0
NR_132202.1	0.0	0.0	0.0	0.0	0.0	0.0
YNCK0016W	0.0	0.0	0.0	0.0	0.0	0.0
YNCK0017W	0.0	0.0	0.0	0.0	0.0	0.0
YNCK0018C	0.0	0.0	0.0	0.0	0.0	0.0
YNCK0019W	0.0	0.0	0.0	0.0	0.0	0.0
NR_132203.1	0.0	0.0	0.0	0.0	0.0	0.0
YNCK0021W	0.0	0.0	0.0	0.0	0.0	0.0
YNCL0001W	0.0	0.0	0.0	0.0	0.0	0.0
YNCL0002C	0.0	0.0	0.0	0.0	0.0	0.0
NR_132204.1	0.0	0.0	0.0	0.0	0.0	0.0
YNCL0004C	0.0	0.0	0.0	0.0	0.0	0.0
NR_132205.1	0.0	0.0	0.0	0.0	0.0	0.0
NR_132206.1	0.0	0.0	0.0	0.0	0.0	0.0
YNCL0007W	0.0	0.0	0.0	0.0	0.0	0.0
YNCL0008W	0.0	0.0	0.0	0.0	0.0	0.0
YNCL0009C	0.0	0.0	0.0	0.0	0.0	0.0
NR_132207.1	0.0	0.0	0.0	0.0	0.0	0.0
NR_132208.1	0.0	0.0	0.0	0.0	0.0	0.0
NR_132209.1	0.0	0.0	0.0	0.0	0.0	0.0
NR_132210.1	0.0	0.0	0.0	0.0	0.0	0.0
NR_132211.1	0.0	0.0	0.0	0.0	0.0	0.0
NR_132212.1	0.0	0.0	0.0	0.0	0.0	0.0
NR_132213.1	0.0	0.0	0.0	0.0	0.0	0.0
NR_132214.1	0.0	0.0	0.0	0.0	0.0	0.0
NR_132215.1	0.0	0.0	0.0	0.0	0.0	0.0
NR_132217.1	0.0	0.0	0.0	0.0	0.0	0.0
NR_132216.1	0.0	0.0	0.0	0.0	0.0	0.0
NR_132218.1	0.0	0.0	0.0	0.0	0.0	0.0
NR_132219.1	0.0	0.0	0.0	0.0	0.0	0.0
NR_132220.1	0.0	0.0	0.0	0.0	0.0	0.0
NR_132221.1	0.0	0.0	0.0	0.0	0.0	0.0
NR_132222.1	0.0	0.0	0.0	0.0	0.0	0.0
NR_132223.1	0.0	0.0	0.0	0.0	0.0	0.0
NR_132224.1	0.0	0.0	0.0	0.0	0.0	0.0
NR_132225.1	0.0	0.0	0.0	0.0	0.0	0.0
NR_132226.1	0.0	0.0	0.0	0.0	0.0	0.0
NR_132227.1	0.0	0.0	0.0	0.0	0.0	0.0
NR_132228.1	0.0	0.0	0.0	0.0	0.0	0.0
YNCL0032C	0.0	0.0	0.0	0.0	0.0	0.0
YNCL0033C	0.0	0.0	0.0	0.0	0.0	0.0
YNCL0034W	0.0	0.0	0.0	0.0	0.0	0.0
YNCL0035C	0.0	0.0	0.0	0.0	0.0	0.0
YNCL0036C	0.0	0.0	0.0	0.0	0.0	0.0
YNCL0037W	0.0	0.0	0.0	0.0	0.0	0.0
YNCL0038W	0.0	0.0	0.0	0.0	0.0	0.0
YNCL0039W	0.0	0.0	0.0	0.0	0.0	0.0
YNCL0040W	0.0	0.0	0.0	0.0	0.0	0.0
NR_132229.1	0.0	0.0	0.0	0.0	0.0	0.0
NR_132230.1	0.0	0.0	0.0	0.0	0.0	0.0
NR_132231.1	0.0	0.0	0.0	0.0	0.0	0.0
YNCL0044W	0.0	0.0	0.0	0.0	0.0	0.0
TRR4	0.0	0.0	0.0	0.0	0.0	0.0
NR_132232.1	0.0	0.0	0.0	0.0	0.0	0.0
YNCL0047W	0.0	0.0	0.0	0.0	0.0	0.0
NR_132233.1	0.0	0.0	0.0	0.0	0.0	0.0
YNCL0049C	0.0	0.0	0.0	0.0	0.0	0.0
YNCL0050C	0.0	0.0	0.0	0.0	0.0	0.0
YNCL0051C	0.0	0.0	0.0	0.0	0.0	0.0
NR_132234.1	0.0	0.0	0.0	0.0	0.0	0.0
NR_132235.1	0.0	0.0	0.0	0.0	0.0	0.0
YNCM0004C	0.0	0.0	0.0	0.0	0.0	0.0
NR_132236.1	0.0	0.0	0.0	0.0	0.0	0.0
SUP5	0.0	0.0	0.0	0.0	0.0	0.0
YNCM0007C	0.0	0.0	0.0	0.0	0.0	0.0
SUF7	0.0	0.0	0.0	0.0	0.0	0.0
YNCM0009C	0.0	0.0	0.0	0.0	0.0	0.0
YNCM0010W	0.0	0.0	0.0	0.0	0.0	0.0
NR_132237.1	0.0	0.0	0.0	0.0	0.0	0.0
NR_132238.1	0.0	0.0	0.0	0.0	0.0	0.0
NR_132239.1	0.0	0.0	0.0	0.0	0.0	0.0
NR_132240.1	0.0	0.0	0.0	0.0	0.0	0.0
NR_132241.1	0.0	0.0	0.0	0.0	0.0	0.0
NR_132242.1	0.0	0.0	0.0	0.0	0.0	0.0
NR_132243.1	0.0	0.0	0.0	0.0	0.0	0.0
YNCM0018C	0.0	0.0	0.0	0.0	0.0	0.0
YNCM0019W	0.0	0.0	0.0	0.0	0.0	0.0
YNCM0020W	0.0	0.0	0.0	0.0	0.0	0.0
YNCM0021C	0.0	0.0	0.0	0.0	0.0	0.0
YNCM0022C	0.0	0.0	0.0	0.0	0.0	0.0
YNCM0023C	0.0	0.0	0.0	0.0	0.0	0.0
YNCM0024W	0.0	0.0	0.0	0.0	0.0	0.0
YNCM0025C	0.0	0.0	0.0	0.0	0.0	0.0
NR_132244.1	0.0	0.0	0.0	0.0	0.0	0.0
YNCM0027W	0.0	0.0	0.0	0.0	0.0	0.0
EMT4	0.0	0.0	0.0	0.0	0.0	0.0
YNCM0029C	0.0	0.0	0.0	0.0	0.0	0.0
NR_132245.1	0.0	0.0	0.0	0.0	0.0	0.0
NR_132246.1	0.0	0.0	0.0	0.0	0.0	0.0
NR_132247.1	0.0	0.0	0.0	0.0	0.0	0.0
YNCM0033C	0.0	0.0	0.0	0.0	0.0	0.0
NR_132248.1	0.0	0.0	0.0	0.0	0.0	0.0
YNCM0035C	0.0	0.0	0.0	0.0	0.0	0.0
CDC65	0.0	0.0	0.0	0.0	0.0	0.0
SUP8	0.0	0.0	0.0	0.0	0.0	0.0
NR_132249.1	0.0	0.0	0.0	0.0	0.0	0.0
SUF6	0.0	0.0	0.0	0.0	0.0	0.0
YNCN0003W	0.0	0.0	0.0	0.0	0.0	0.0
YNCN0004W	0.0	0.0	0.0	0.0	0.0	0.0
NR_132250.1	0.0	0.0	0.0	0.0	0.0	0.0
YNCN0006W	0.0	0.0	0.0	0.0	0.0	0.0
YNCN0007W	0.0	0.0	0.0	0.0	0.0	0.0
YNCN0008C	0.0	0.0	0.0	0.0	0.0	0.0
YNCN0009W	0.0	0.0	0.0	0.0	0.0	0.0
YNCN0010C	0.0	0.0	0.0	0.0	0.0	0.0
YNCN0011W	0.0	0.0	0.0	0.0	0.0	0.0
YNCN0012C	0.0	0.0	0.0	0.0	0.0	0.0
NR_132252.1	0.0	0.0	0.0	0.0	0.0	0.0
YNCN0015W	0.0	0.0	0.0	0.0	0.0	0.0
SUF10	0.0	0.0	0.0	0.0	0.0	0.0
YNCN0017W	0.0	0.0	0.0	0.0	0.0	0.0
NR_132253.1	0.0	0.0	0.0	0.0	0.0	0.0
NR_132254.1	0.0	0.0	0.0	0.0	0.0	0.0
YNCN0020C	0.0	0.0	0.0	0.0	0.0	0.0
SUF1	0.0	0.0	0.0	0.0	0.0	0.0
YNCO0002W	0.0	0.0	0.0	0.0	0.0	0.0
NR_132255.1	0.0	0.0	0.0	0.0	0.0	0.0
YNCO0004C	0.0	0.0	0.0	0.0	0.0	0.0
YNCO0005W	0.0	0.0	0.0	0.0	0.0	0.0
NR_132256.1	0.0	0.0	0.0	0.0	0.0	0.0
NR_132257.1	0.0	0.0	0.0	0.0	0.0	0.0
YNCO0008W	0.0	0.0	0.0	0.0	0.0	0.0
SUF17	0.0	0.0	0.0	0.0	0.0	0.0
SUP3	0.0	0.0	0.0	0.0	0.0	0.0
YNCO0011W	0.0	0.0	0.0	0.0	0.0	0.0
YNCO0012C	0.0	0.0	0.0	0.0	0.0	0.0
YNCO0013C	0.0	0.0	0.0	0.0	0.0	0.0
NR_132258.1	0.0	0.0	0.0	0.0	0.0	0.0
NR_132259.1	0.0	0.0	0.0	0.0	0.0	0.0
YNCO0016W	0.0	0.0	0.0	0.0	0.0	0.0
SUF11	0.0	0.0	0.0	0.0	0.0	0.0
YNCO0018W	0.0	0.0	0.0	0.0	0.0	0.0
YNCO0019W	0.0	0.0	0.0	0.0	0.0	0.0
SUF5	0.0	0.0	0.0	0.0	0.0	0.0
YNCO0021C	0.0	0.0	0.0	0.0	0.0	0.0
NR_132260.1	0.0	0.0	0.0	0.0	0.0	0.0
IMT1	0.0	0.0	0.0	0.0	0.0	0.0
NR_132261.1	0.0	0.0	0.0	0.0	0.0	0.0
NR_132262.1	0.0	0.0	0.0	0.0	0.0	0.0
NR_132263.1	0.0	0.0	0.0	0.0	0.0	0.0
NR_132264.1	0.0	0.0	0.0	0.0	0.0	0.0
NR_132265.1	0.0	0.0	0.0	0.0	0.0	0.0
YNCO0029C	0.0	0.0	0.0	0.0	0.0	0.0
EMT2	0.0	0.0	0.0	0.0	0.0	0.0
YNCO0031W	0.0	0.0	0.0	0.0	0.0	0.0
YNCP0001C	0.0	0.0	0.0	0.0	0.0	0.0
NR_132266.1	0.0	0.0	0.0	0.0	0.0	0.0
YNCP0004C	0.0	0.0	0.0	0.0	0.0	0.0
NR_132267.1	0.0	0.0	0.0	0.0	0.0	0.0
IMT2	0.0	0.0	0.0	0.0	0.0	0.0
YNCP0007C	0.0	0.0	0.0	0.0	0.0	0.0
YNCP0008C	0.0	0.0	0.0	0.0	0.0	0.0
YNCP0009W	0.0	0.0	0.0	0.0	0.0	0.0
YNCP0010W	0.0	0.0	0.0	0.0	0.0	0.0
YNCP0011C	0.0	0.0	0.0	0.0	0.0	0.0
SUP16	0.0	0.0	0.0	0.0	0.0	0.0
NR_132268.1	0.0	0.0	0.0	0.0	0.0	0.0
NR_132269.1	0.0	0.0	0.0	0.0	0.0	0.0
NR_132270.1	0.0	0.0	0.0	0.0	0.0	0.0
YNCP0016W	0.0	0.0	0.0	0.0	0.0	0.0
YNCP0017C	0.0	0.0	0.0	0.0	0.0	0.0
YNCP0018C	0.0	0.0	0.0	0.0	0.0	0.0
YNCP0019W	0.0	0.0	0.0	0.0	0.0	0.0
YNCP0020W	0.0	0.0	0.0	0.0	0.0	0.0
NR_132271.1	0.0	0.0	0.0	0.0	0.0	0.0
YNCP0022W	0.0	0.0	0.0	0.0	0.0	0.0
YNCP0023W	0.0	0.0	0.0	0.0	0.0	0.0
YNCP0024C	0.0	0.0	0.0	0.0	0.0	0.0
NR_188208.1	0.0	0.0	0.0	0.0	0.0	0.0
NR_188209.1	0.0	0.0	0.0	0.0	0.0	0.0
NM_001182840.1	958.0	1082.0	641.0	1554.0	1213.0	671.0
NM_001182841.3	3031.0	3724.0	2105.0	3694.0	3267.0	1816.0
NM_001182842.3	165.0	283.0	151.0	242.0	206.0	123.0
NM_001182843.1	865.0	1122.0	647.0	1043.0	921.0	492.0
NM_001182844.1	673.0	887.0	529.0	1071.0	933.0	547.0
NM_001182845.3	390.0	486.0	273.0	522.0	468.0	262.0
NM_001182846.1	7085.0	9524.0	5064.0	9697.0	7970.0	3917.0
NM_001182847.2	431.0	531.0	312.0	533.0	457.0	283.0
NM_001182848.3	32.0	43.0	32.0	69.0	45.0	31.0
NM_001182849.3	4837.0	5885.0	3007.0	5732.0	5068.0	2486.0
NM_001182850.1	162.0	216.0	125.0	226.0	207.0	121.0
NM_001182851.1	36.0	28.0	16.0	19.0	19.0	9.0
NM_001182853.3	19.06	26.09	20.06	28.12	18.07	8.03
NM_001182854.1	567.0	716.0	408.0	674.0	646.0	346.0
NM_001182855.1	10683.94	13071.32	6100.16	13211.3	11478.1	6383.04
NM_001182857.3	14.25	6.0	5.0	2.04	1.67	3.0
NM_001182858.3	11.0	7.66	0.0	17.51	0.0	6.67
NM_001182859.1	171.0	258.0	133.0	284.0	245.0	139.0
NM_001182860.1	662.0	783.0	490.0	907.0	728.0	418.0
NM_001182861.3	651.0	816.0	477.0	916.0	855.0	486.0
NM_001182862.1	612.0	673.0	449.0	808.0	720.0	416.0
NM_001182863.1	52.0	81.0	43.0	97.0	70.0	44.0
NM_001184619.3	552.0	709.0	441.0	685.0	677.0	350.0
NM_001182864.3	114.0	156.0	90.0	141.0	136.0	69.0
NM_001182865.1	477.0	612.0	359.0	765.0	625.0	384.0
NM_001182866.1	650.77	816.39	362.0	867.99	693.64	363.86
NM_001182868.3	123.0	134.0	79.0	136.0	144.0	65.0
NM_001182869.1	8826.87	10766.32	5919.09	11019.63	8902.18	4785.35
NM_001182870.1	14650.28	17285.61	9532.22	17715.26	15524.14	8313.69
NM_001182871.3	271.0	345.0	192.0	380.0	305.0	162.0
NM_001182872.3	0.0	18.34	11.0	11.49	26.0	3.33
NM_001182873.1	4.75	0.0	0.0	5.96	3.33	0.0
NM_001182874.1	691.0	815.0	437.0	1180.0	948.0	530.0
NM_001182875.3	1017.0	1374.0	595.0	1422.0	1371.0	1041.0
NM_001182876.1	2255.0	2756.0	1813.0	4089.0	3695.0	1785.0
NM_001182877.1	152.0	234.0	161.0	227.0	189.0	130.0
NM_001182878.3	582.0	705.0	393.0	889.0	660.0	347.0
NM_001431143.1	2.0	5.0	1.0	5.0	2.0	6.0
NM_001182879.3	395.0	532.0	317.0	207.0	190.0	114.0
NM_001182880.1	649.0	871.0	385.0	882.0	739.0	378.0
NM_001182881.1	95.0	105.0	73.0	92.0	94.0	58.0
NM_001184662.3	2.0	0.0	0.0	3.0	2.0	2.0
NM_001182883.1	1472.0	1793.0	793.0	2121.0	2056.0	751.0
NM_001182884.1	1805.0	2133.0	1127.0	2671.0	2464.0	1378.0
NM_001182885.3	146.0	190.0	73.0	219.0	200.0	120.0
NM_001182886.3	222.0	296.0	156.0	314.0	354.0	151.0
NM_001182887.1	497.0	702.0	371.0	724.0	661.0	317.0
NM_001182888.1	984.0	1224.0	644.0	1384.0	1260.0	669.0
NM_001182889.3	368.0	529.0	233.0	631.0	451.0	279.0
NM_001182890.1	334.0	452.0	238.0	430.0	387.0	199.0
NM_001182891.1	1175.0	1329.0	643.0	1607.0	1548.0	643.0
NM_001182892.3	275.0	375.0	196.0	331.0	338.0	194.0
NM_001182893.3	560.0	836.0	351.0	956.0	710.0	488.0
NM_001184413.3	9.4	29.02	10.98	34.12	36.71	12.98
NM_001281536.2	9.47	19.63	15.01	23.79	29.6	20.38
NM_001182894.1	12487.0	15096.0	7884.0	14904.0	15070.0	8281.0
NM_001182895.3	332.0	381.0	222.0	405.0	423.0	234.0
NM_001182897.1	695.0	906.0	461.0	1117.0	907.0	514.0
NM_001182898.1	915.0	1024.0	604.0	1154.0	968.0	595.0
NM_001182899.3	2497.0	3090.0	1806.0	3206.0	2725.0	1621.0
NM_001182900.3	1212.0	1620.0	895.0	1744.0	1523.0	915.0
NM_001182901.1	124.0	143.0	76.0	205.0	182.0	98.0
NM_001182902.1	14024.0	18459.0	10243.0	25118.0	20921.0	11249.0
NM_001182903.3	349.0	391.0	212.0	401.0	312.0	248.0
NM_001182904.1	6893.01	7753.0	3875.0	6206.0	5537.0	3237.0
NM_001182905.1	11701.48	13093.87	7368.34	12321.24	11413.82	5695.18
NM_001184639.3	0.0	0.0	0.0	0.0	0.0	0.0
NM_001182906.3	665.0	807.0	453.0	689.0	614.0	305.0
NM_001182907.1	44814.85	53607.22	27775.87	52986.17	49106.24	25204.97
NM_001182908.1	1568.0	1954.0	1088.0	1631.0	1575.0	847.0
NM_001182909.3	7791.0	9330.0	4865.0	9024.0	7910.0	4637.0
NM_001182910.1	397.0	469.0	298.0	599.0	490.0	324.0
NM_001182911.1	224.0	270.0	143.0	323.0	282.0	170.0
NM_001182912.3	1076.0	1335.0	601.0	1476.0	1281.0	719.0
NM_001182913.3	1045.0	1395.0	679.0	1723.0	1566.0	753.0
NM_001182914.1	293.0	372.0	214.0	438.0	367.0	209.0
NM_001182915.1	261.0	308.0	193.0	296.0	261.0	146.0
NM_001182916.3	557.0	664.0	341.0	693.0	633.0	368.0
NM_001182917.1	4343.0	5797.0	2799.0	6354.0	5027.0	2776.0
NM_001182918.1	212.0	316.0	168.0	306.0	293.0	150.0
NM_001182919.3	507.0	660.0	362.0	675.0	698.0	320.0
NM_001182920.3	426.0	521.0	298.0	581.0	453.0	272.0
NM_001182921.1	171.0	204.0	93.0	246.0	216.0	125.0
NM_001182922.1	1384.0	1812.0	920.0	2576.0	2033.0	1063.0
NM_001182923.3	3293.0	4112.0	2372.0	5086.0	4534.0	2488.0
NM_001182924.1	112.0	97.0	58.0	164.0	141.0	104.0
NM_001182925.1	2387.0	2981.0	1629.0	2642.0	2151.0	1250.0
NM_001182926.3	2220.0	2933.0	1648.0	2231.0	1879.0	1093.0
NM_001182928.3	507.0	626.0	342.0	660.0	604.0	322.0
NM_001182929.1	847.0	1114.0	662.0	1184.0	887.0	551.0
NM_001182930.1	43.0	60.0	28.0	38.0	48.0	30.0
NM_001182931.3	6.0	5.0	2.0	5.0	2.0	5.0
NM_001182932.1	156.0	179.0	130.0	235.0	181.0	113.0
NM_001182933.1	303.0	412.0	225.0	444.0	374.0	222.0
NM_001182934.3	17522.5	20527.07	10200.4	18371.01	17326.45	9768.42
NM_001182935.3	211.0	251.0	145.0	254.0	214.0	118.0
NM_001184620.1	19.0	27.0	20.0	6.0	17.0	13.0
NM_001182936.1	2206.0	2897.0	1502.0	3758.0	3194.0	1787.0
NM_001182937.3	576.0	705.0	394.0	687.0	689.0	402.0
NM_001182938.1	309.0	452.0	304.0	715.0	613.0	342.0
NM_001182939.1	438.0	498.0	280.0	671.0	554.0	320.0
NM_001182940.3	1498.0	2075.0	953.0	2259.0	1717.0	987.0
NM_001182941.3	557.0	759.0	375.0	769.0	678.0	353.0
NM_001182942.1	4749.9	5674.48	3320.67	8945.77	8334.0	4605.59
NM_001182944.1	323.0	393.0	237.0	421.0	384.0	221.0
NM_001182945.3	294.0	352.0	196.0	349.0	305.0	171.0
NM_001182946.1	1057.0	1234.0	695.0	1357.0	1322.0	582.0
NM_001182948.1	1673.0	2243.0	1154.0	2008.0	1676.0	850.0
NM_001182949.3	1219.0	1361.0	894.0	1435.0	1288.0	578.0
NM_001182950.3	9135.0	10314.0	5614.0	10976.0	10124.0	5593.0
NM_001182951.1	1566.0	1957.0	1036.0	1910.0	1858.0	883.0
NM_001182953.1	453.0	631.0	315.0	867.0	732.0	375.0
NM_001182954.3	648.0	740.0	326.0	912.0	818.0	436.0
NM_001182955.1	17.0	7.0	11.0	10.0	8.0	1.0
NM_001182956.1	1765.0	2245.0	1004.0	2780.0	2319.0	1297.0
NM_001182957.3	374.0	510.0	286.0	4.0	2.0	0.0
NM_001182959.3	3444.0	4069.0	2657.0	5130.0	4138.0	2486.0
NM_001182960.1	323.0	412.0	197.0	455.0	431.0	231.0
NM_001182961.1	2965.0	3520.0	1896.0	4582.0	3882.0	2236.0
NM_001182962.3	684.0	697.0	425.0	973.0	831.0	519.0
NM_001182963.1	265.0	293.0	146.0	334.0	304.0	168.0
NM_001182964.1	280.0	381.0	278.0	391.0	368.0	216.0
NM_001182965.3	370.0	416.0	222.0	529.0	464.0	244.0
NM_001182966.4	13.0	16.0	7.0	7.0	14.0	8.0
NM_001182967.1	339.0	459.0	285.0	507.0	412.0	231.0
NM_001182968.3	1751.0	2152.0	1287.0	2300.0	2197.0	1186.0
NM_001184574.1	3.0	4.0	2.0	1.0	3.0	2.0
NM_001182969.1	3213.0	3963.0	1950.0	4639.0	4061.0	2204.0
NM_001182970.1	4125.0	4974.0	2754.0	5452.0	4910.0	2615.0
NM_001182971.3	128.0	172.0	83.0	155.0	135.0	53.0
NM_001182972.3	3641.0	4952.0	3333.0	7203.0	7411.0	4199.0
NM_001182973.1	8071.0	9250.0	4893.0	9658.0	7972.0	4375.0
NM_001182974.1	209.0	220.0	156.0	295.0	239.0	135.0
NM_001182975.3	758.0	973.0	524.0	1027.0	887.0	538.0
NM_001182976.1	5171.0	6712.0	3618.0	6569.0	5459.0	3045.0
NM_001184519.1	176.0	200.0	117.0	182.0	167.0	92.0
NM_001182977.3	1294.0	1623.0	789.0	1843.0	1610.0	828.0
NM_001270760.1	0.0	0.0	0.0	0.0	0.0	0.0
NM_001182979.1	2201.0	2715.0	1431.0	1858.0	1627.0	891.0
NM_001182980.1	44.0	53.0	37.0	46.0	45.0	29.0
NM_001270759.1	31.0	28.0	19.0	35.0	28.0	10.0
NM_001182982.1	53.0	51.0	37.0	49.0	40.0	32.0
NM_001182983.1	3671.0	4686.0	2618.0	4608.0	4871.0	2833.0
NM_001184663.1	4.12	6.1	4.2	7.18	3.09	1.02
NM_001182984.3	40.0	50.0	42.0	49.0	62.0	37.0
NM_001182985.1	880.88	1188.9	627.8	1088.82	962.91	540.98
NM_001182986.1	150.0	180.0	116.0	189.0	186.0	82.0
NM_001182987.1	1041.0	1288.0	789.0	1921.0	1786.0	1059.0
NM_001182989.3	806.0	1062.0	541.0	1064.0	1021.0	495.0
NM_001182990.1	298.0	335.0	206.0	386.0	347.0	199.0
NM_001182991.1	911.0	1128.0	561.0	1268.0	1133.0	518.0
NM_001182992.1	2394.0	3046.0	1573.0	2911.0	2479.0	1398.0
NM_001431142.1	165.64	145.07	99.69	262.13	216.32	130.45
NM_001182993.1	805.0	1002.0	564.0	1578.0	1289.0	671.0
NM_001182994.3	427.36	542.93	292.31	638.87	564.68	265.55
NM_001182995.1	521.0	627.0	306.0	586.0	577.0	284.0
NM_001182996.1	338.0	377.0	221.0	395.0	352.0	191.0
NM_001182997.1	260.0	313.0	210.0	389.0	351.0	164.0
NM_001182998.1	1081.0	1383.0	1091.0	661.0	456.0	585.0
NM_001182999.3	897.0	1150.73	561.0	1062.04	877.0	494.0
NM_001183000.1	18278.71	22824.51	11130.86	22745.3	19470.5	9250.14
NM_001184490.1	129.0	173.0	87.0	179.0	190.0	100.0
NM_001183001.1	1318.0	1534.0	983.0	1863.0	1567.0	989.0
NM_001183002.1	235.0	358.0	200.0	391.0	328.0	214.0
NM_001183003.3	203.0	210.0	129.0	208.0	209.0	130.0
NM_001183004.1	1126.0	1407.0	584.0	1735.0	1365.0	757.0
NM_001183005.1	464.0	601.0	224.0	576.0	446.0	267.0
NM_001183006.1	738.0	995.0	592.0	769.0	725.0	380.0
NM_001183007.1	511.0	692.0	378.0	783.0	650.0	371.0
NM_001183010.4	277.0	325.0	200.0	342.0	341.0	171.0
NM_001183011.1	577.0	729.0	336.0	1138.0	958.0	489.0
NM_001183013.2	2989.0	3582.0	1736.0	2870.0	2507.0	1305.0
NM_001183014.2	438.0	521.0	272.0	511.0	539.0	255.0
NM_001183015.2	686.0	898.0	482.0	912.0	716.0	464.0
NM_001183016.3	66434.0	77344.0	42096.0	73455.0	69173.0	37916.0
NM_001183018.1	510.0	615.0	373.0	763.0	667.0	360.0
NM_001183019.2	616.0	808.0	417.0	900.0	693.0	437.0
NM_001183020.1	1085.0	1290.0	784.0	1338.0	1246.0	715.0
NM_001183021.1	554.0	763.0	368.0	721.0	622.0	378.0
NM_001270758.1	5.45	19.5	11.61	3.56	2.0	0.0
NM_001183023.1	420.55	499.5	235.39	438.44	375.0	244.0
NM_001183024.2	1031.0	1433.0	617.0	1298.0	1051.0	653.0
NM_001183025.1	15.0	18.0	14.0	21.0	15.0	11.0
NM_001183026.1	141.0	220.0	110.0	221.0	195.0	114.0
NM_001183027.1	5587.0	6875.0	3722.0	7701.0	6641.0	3711.0
NM_001183028.1	7409.0	9094.0	4470.0	7757.0	7626.0	3498.0
NM_001183029.1	351.0	453.0	278.0	441.0	529.0	266.0
NM_001183030.2	1372.0	1878.0	860.0	2142.0	1646.0	979.0
NM_001183031.2	343.0	457.0	280.0	407.0	386.0	230.0
NM_001183032.1	6.0	3.0	1.0	8.0	5.0	3.0
NM_001183033.1	37.0	39.0	26.0	82.0	70.0	36.0
NM_001183034.1	2.0	3.0	2.0	1.0	5.0	4.0
NM_001183035.1	1202.0	1541.0	795.0	1507.0	1294.0	680.0
NM_001183037.1	533.0	626.0	356.0	735.0	612.0	357.0
NM_001183038.1	164.0	186.0	117.0	222.0	206.0	137.0
NM_001183039.1	673.0	797.0	458.0	826.0	718.0	378.0
NM_001183040.1	47.0	63.0	22.0	61.0	61.0	36.0
NM_001183042.1	1.0	4.0	0.0	5.0	1.0	1.0
NM_001183044.1	437.0	609.0	321.0	642.0	541.0	328.0
NM_001183045.1	1255.0	1466.0	889.0	1716.0	1545.0	873.0
NM_001183046.1	3939.0	4470.0	2721.0	4969.0	4217.0	2600.0
NM_001183047.1	70701.1	82801.74	39818.15	72295.15	63735.66	35685.04
NM_001183048.1	22.0	28.0	20.0	32.0	32.0	16.0
NM_001183049.1	33.0	63.0	36.0	45.0	30.0	19.0
NM_001183050.1	1051.0	1455.0	793.0	1637.0	1404.0	816.0
NM_001183051.1	105.0	120.0	73.0	165.0	166.0	85.0
NM_001183052.1	135.0	189.0	116.0	227.0	194.0	110.0
NM_001183053.1	507.0	645.0	299.0	834.0	689.0	381.0
NM_001183054.1	2029.0	2922.0	1117.0	2858.0	2082.0	1203.0
NM_001183055.1	731.0	776.0	511.0	822.0	722.0	394.0
NM_001183056.1	218.0	315.0	133.0	359.0	304.0	154.0
NM_001183057.1	1220.0	1557.0	904.0	1518.0	1386.0	756.0
NM_001183058.1	5338.0	6001.0	2677.0	7217.0	6337.0	2633.0
NM_001183059.1	646.0	768.0	476.0	879.0	786.0	439.0
NM_001183060.1	402.0	535.0	268.0	472.0	356.0	213.0
NM_001183061.1	108.0	118.0	76.0	161.0	134.0	67.0
NM_001183062.1	578.0	654.0	331.0	720.0	603.0	334.0
NM_001183063.1	220.0	365.0	143.0	353.0	281.0	160.0
NM_001183065.1	380.0	496.0	291.0	476.0	439.0	224.0
NM_001183067.1	934.0	1178.0	749.0	1171.0	1043.0	537.0
NM_001183068.1	75.0	127.0	48.0	91.0	92.0	49.0
NM_001183069.1	1932.0	2257.0	1360.0	2032.0	1670.0	1073.0
NM_001183070.1	859.0	1038.0	622.0	1252.0	1119.0	620.0
NM_001183071.1	614.0	920.0	370.0	858.0	662.0	348.0
NM_001183072.1	87.0	127.0	55.0	101.0	78.0	48.0
NM_001183074.1	533.0	707.0	384.0	740.0	671.0	417.0
NM_001183075.1	76.0	86.0	75.0	108.0	73.0	57.0
NM_001183076.1	807.0	1010.0	532.0	1038.0	921.0	477.0
NM_001183077.1	1696.0	2134.0	1141.0	1994.0	1716.0	951.0
NM_001183078.1	343.0	463.0	270.0	679.0	661.0	400.0
NM_001183079.1	3005.0	3708.0	2139.0	5666.0	5130.0	3263.0
NM_001183080.1	313.0	428.0	227.0	434.0	384.0	225.0
NM_001183081.2	3135.0	3704.0	1972.0	4426.0	3811.0	2351.0
NM_001183082.1	4247.0	5259.0	2947.0	4853.0	4445.0	2193.0
NM_001183083.1	191.08	251.62	125.32	298.41	264.19	149.54
NM_001183084.1	405.92	506.38	288.68	674.59	555.81	295.46
NM_001183085.1	5302.0	6442.0	3495.0	6919.0	6162.0	3462.0
NM_001183086.1	3286.0	3966.0	1987.0	4241.0	3792.0	1972.0
NM_001183087.1	108.0	117.0	82.0	164.0	138.0	70.0
NM_001183088.1	277.0	306.0	142.0	322.0	296.0	159.0
NM_001183089.1	1844.0	2231.0	1128.0	2176.0	1959.0	1051.0
NM_001183090.1	371.0	466.0	241.0	559.0	543.0	297.0
NM_001183091.1	275.0	338.0	193.0	425.0	392.0	225.0
NM_001183092.1	138.0	167.0	81.0	182.0	173.0	116.0
NM_001183093.1	5896.0	6820.0	3442.0	6884.0	6492.0	3164.0
NM_001183094.1	777.0	958.0	499.0	1106.0	1020.0	657.0
NM_001183095.1	271.0	355.0	224.0	427.0	311.0	205.0
NM_001183096.1	584.0	735.0	476.0	766.0	620.0	355.0
NM_001183097.1	623.0	773.0	472.0	717.0	616.0	304.0
NM_001183098.2	284.0	365.0	189.0	390.0	371.0	161.0
NM_001183099.1	285.0	342.0	201.0	350.0	352.0	169.0
NM_001183100.1	1158.0	1473.0	920.0	1505.0	1296.0	690.0
NM_001183101.1	1264.0	1525.0	771.0	1797.0	1644.0	872.0
NM_001183102.1	627.0	764.0	444.0	984.0	883.0	483.0
NM_001183103.1	351.0	483.0	316.0	474.0	487.0	268.0
NM_001183105.1	599.0	781.0	435.0	808.0	750.0	394.0
NM_001183106.1	3203.78	3755.84	2044.75	4505.58	3657.81	2081.59
NM_001183107.1	1.0	2.0	2.0	1.0	0.0	2.0
NM_001183108.1	12.22	9.16	10.25	21.42	11.19	16.41
NM_001183109.2	1012.0	1325.0	691.0	1504.0	1117.0	667.0
NM_001183110.1	417.0	569.0	335.0	637.0	479.0	265.0
NM_001183111.1	355.0	485.0	260.0	481.0	436.0	236.0
NM_001183112.1	248.0	280.0	129.0	413.0	355.0	187.0
NM_001183113.1	201.0	287.0	122.0	315.0	274.0	156.0
NM_001183115.1	121.0	175.0	80.0	82.0	85.0	45.0
NM_001184664.1	0.0	0.0	3.0	3.0	3.0	4.0
NM_001183116.1	493.0	680.0	330.0	583.0	486.0	292.0
NM_001183117.1	17.0	33.0	24.0	106.0	68.0	48.0
NM_001183118.1	1348.0	1717.0	982.0	1812.0	1523.0	959.0
NM_001183119.1	2614.0	3103.0	1754.0	3152.0	2680.0	1411.0
NM_001183120.1	214.0	193.0	106.0	222.0	183.0	114.0
NM_001183121.1	548.0	623.0	309.0	511.0	539.0	214.0
NM_001183122.1	562.0	855.0	408.0	813.0	744.0	341.0
NM_001184414.1	153.35	190.43	95.54	222.71	224.16	81.85
NM_001184415.2	90.84	128.08	101.39	102.82	78.74	83.63
NM_001183124.1	155.0	231.0	130.0	293.0	175.0	93.0
NM_001183125.1	5462.0	7126.0	3563.0	8894.0	7821.0	4161.0
NM_001183126.1	682.0	854.0	491.0	785.0	723.0	427.0
NM_001183127.1	511.0	565.0	392.0	756.0	661.0	405.0
NM_001183128.1	771.0	924.0	521.0	1206.0	1058.0	659.0
NM_001183129.1	418.0	515.0	279.0	453.0	425.0	193.0
NM_001183130.1	904.0	1061.0	583.0	849.0	752.0	450.0
NM_001183131.1	272.0	321.0	170.0	329.0	284.0	149.0
NM_001183132.1	94.0	121.0	75.0	147.0	116.0	67.0
NM_001183133.1	196.0	271.0	155.0	314.0	321.0	142.0
NM_001183135.1	1062.0	1342.0	678.0	1554.0	1334.0	758.0
NM_001183136.1	604.0	766.0	407.0	934.0	825.0	448.0
NM_001183137.1	305.0	376.0	261.0	391.0	449.0	259.0
NM_001183138.1	1975.0	2565.0	1591.0	2220.0	2442.0	1516.0
NM_001183139.1	4973.44	5646.0	3550.49	4836.37	4253.8	2568.94
NM_001183140.1	28642.67	34256.0	17959.28	34969.21	31002.3	15633.49
NM_001183142.1	200.0	287.0	137.0	238.0	258.0	121.0
NM_001183143.1	549.0	608.0	397.0	832.0	835.0	541.0
NM_001183144.1	832.0	1037.0	654.0	1291.0	1116.0	708.0
NM_001183145.1	1925.0	2300.0	1205.0	2511.0	2166.0	1128.0
NM_001183146.1	2404.0	3021.0	1550.0	2935.0	2425.0	1328.0
NM_001183147.1	399.0	432.0	225.0	428.0	365.0	214.0
NM_001183148.1	436.0	604.0	299.0	524.0	482.0	232.0
NM_001183149.1	282.0	276.0	173.0	315.0	304.0	159.0
NM_001183150.1	1293.0	1636.0	805.0	2086.0	1813.0	901.0
NM_001183151.1	1473.0	1776.0	1003.0	2093.0	1749.0	1009.0
NM_001183152.1	97.0	132.0	58.0	113.0	125.0	70.0
NM_001183153.1	579.0	613.0	428.0	701.0	647.0	391.0
NM_001183154.1	366.0	397.0	182.0	487.0	422.0	223.0
NM_001183155.1	308.0	381.0	194.0	416.0	340.0	191.0
NM_001183156.1	1.0	2.0	0.0	0.0	2.0	1.0
NM_001183158.1	310.0	406.0	210.0	410.0	378.0	218.0
NM_001183159.1	680.0	869.0	440.0	786.0	685.0	427.0
NM_001183160.1	2710.0	3494.0	1733.0	3502.0	3154.0	1660.0
NM_001183161.1	1071.0	1369.0	690.0	1780.0	1515.0	818.0
NM_001183163.1	202.0	228.0	145.0	287.0	265.0	154.0
NM_001183164.1	160.0	201.0	114.0	217.0	195.0	102.0
NM_001183165.2	8244.0	11645.0	5186.0	11224.0	9479.0	5325.0
NM_001183166.1	74.0	65.0	39.0	70.0	63.0	29.0
NM_001183167.1	236.0	298.0	199.0	324.0	303.0	181.0
NM_001183168.1	830.0	988.0	550.0	1240.0	1127.0	631.0
NM_001183169.1	17.86	19.83	7.35	43.9	47.18	35.94
NM_001183170.1	0.0	4.92	0.46	13.16	10.17	6.48
NM_001183171.1	28.62	77.65	35.56	77.26	68.5	72.71
NM_001183172.1	56.97	35.25	6.0	57.0	47.0	7.5
NM_001183173.1	0.5	2.0	0.5	6.0	0.0	1.0
NM_001183174.1	42.58	89.33	21.22	96.7	91.78	29.42
NM_001183177.1	1.0	2.33	1.33	3.67	2.0	1.33
NM_001183178.1	1668.0	2291.0	1093.0	4003.0	3600.0	1753.0
NM_001183179.3	5.0	10.0	0.0	7.0	11.0	6.0
NM_001183180.1	814.0	1060.0	514.0	720.0	662.0	344.0
NM_001183181.1	54.0	108.0	48.0	81.0	66.0	27.0
NM_001183183.3	718.0	864.0	409.0	1004.0	865.0	421.0
NM_001183184.3	137.0	181.0	106.0	235.0	178.0	96.0
NM_001183185.1	945.0	1175.0	667.0	1149.0	1079.0	613.0
NM_001183186.1	354.0	458.0	243.0	404.0	350.0	199.0
NM_001183187.3	205.0	278.0	162.0	285.0	311.0	131.0
NM_001183188.1	413.0	555.0	305.0	687.0	468.0	283.0
NM_001183189.1	618.0	724.0	397.0	802.0	734.0	362.0
NM_001183190.3	1850.0	2132.0	1255.0	2036.0	1943.0	1004.0
NM_001183191.3	51.0	99.0	35.0	107.0	100.0	53.0
NM_001183192.1	508.0	672.0	352.0	709.0	730.0	379.0
NM_001183193.1	29690.0	38141.0	17614.99	35526.0	29135.35	17668.0
NM_001183194.3	1753.0	1836.0	934.0	2042.0	1832.0	966.0
NM_001183195.1	1396.0	1879.0	1041.0	2019.0	1763.0	1103.0
NM_001183196.1	1309.0	1695.0	885.0	2451.0	1989.0	1178.0
NM_001183197.3	194.0	206.0	113.0	259.0	215.0	142.0
NM_001183198.3	3167.0	4063.0	2204.0	4076.0	3486.0	1884.0
NM_001183199.1	443.0	514.0	322.0	554.0	531.0	300.0
NM_001183200.1	342.0	420.0	228.0	464.0	422.0	257.0
NM_001183201.3	234.0	302.0	181.0	325.0	280.0	181.0
NM_001183203.1	842.0	1048.0	514.0	963.0	873.0	472.0
NM_001183204.1	220.0	267.0	145.0	296.0	253.0	176.0
NM_001183205.3	530.0	775.0	396.0	539.0	524.0	271.0
NM_001183206.3	457.0	625.0	363.0	806.0	704.0	360.0
NM_001183207.1	1166.0	1399.0	885.0	1298.0	1219.0	723.0
NM_001183208.1	613.0	750.0	430.0	858.0	751.0	410.0
NM_001184344.1	374.0	445.0	229.0	584.0	519.0	283.0
NM_001183209.3	188.0	228.0	152.0	295.0	292.0	143.0
NM_001183210.1	676.0	918.0	562.0	1183.0	1017.0	661.0
NM_001183211.3	398.0	495.0	274.0	640.0	569.0	287.0
NM_001184446.3	26.0	20.0	14.0	36.0	28.0	10.0
NM_001183212.1	2199.0	2563.0	1488.0	3300.0	3095.0	1833.0
NM_001183213.1	895.0	1108.0	580.0	1421.0	1188.0	844.0
NM_001183214.3	375.0	464.0	282.0	494.0	493.0	306.0
NM_001183215.1	1102.0	1358.0	633.0	1917.0	1533.0	940.0
NM_001183216.1	376.0	521.0	255.0	578.0	439.0	260.0
NM_001183217.3	226.0	240.0	168.0	270.0	251.0	154.0
NM_001183218.3	417.0	562.0	305.0	697.0	661.0	370.0
NM_001183220.1	4177.0	4918.0	2674.0	6529.0	5758.0	3070.0
NM_001183221.1	871.0	1324.0	644.0	1588.0	1606.0	1145.0
NM_001183222.3	101.0	117.0	63.0	107.0	127.0	55.0
NM_001183223.1	1547.0	1652.0	910.0	1771.0	1857.0	1079.0
NM_001183224.1	675.0	887.0	387.0	833.0	761.0	421.0
NM_001183225.3	163.0	182.0	140.0	248.0	210.0	137.0
NM_001183226.3	317.0	342.0	185.0	407.0	342.0	171.0
NM_001183227.1	3943.0	4649.0	2403.0	5478.0	4407.0	2747.0
NM_001183228.1	958.0	1157.0	573.0	1159.0	928.0	528.0
NM_001183229.3	1027.07	1232.17	656.27	1467.22	1135.36	727.07
NM_001183230.1	2089.0	2532.0	1538.0	3293.0	2871.0	1612.0
NM_001183231.1	832.0	1050.0	535.0	1002.0	788.0	388.0
NM_001183232.3	589.0	754.0	410.0	670.0	579.0	297.0
NM_001183233.3	4.0	3.0	1.0	1.0	0.0	2.0
NM_001183234.1	30.0	37.0	25.0	37.0	55.0	29.0
NM_001183235.1	3.0	10.0	5.0	13.0	19.0	7.0
NM_001183236.3	45.0	67.0	32.0	63.0	62.0	36.0
NM_001183237.1	270.0	222.0	155.0	110.0	92.0	44.0
NM_001183238.1	781.0	1088.0	503.0	1167.0	1114.0	537.0
NM_001183239.3	0.0	10.0	5.0	8.0	9.0	8.0
NM_001183240.3	69.0	161.0	71.0	147.0	140.0	70.0
NM_001183241.1	12.0	10.0	5.0	23.0	20.0	16.0
NM_001183242.1	3.98	0.0	1.3	1.63	1.73	1.33
NM_001183243.3	51.0	56.0	26.0	70.0	71.01	26.0
NM_001183244.1	4986.0	6374.0	3268.0	6906.0	5594.0	3091.0
NM_001183245.1	3.0	1.0	1.0	1.0	1.0	2.0
NM_001183246.3	8.0	3.0	10.0	13.0	15.0	3.0
NM_001183247.4	16.0	26.0	11.0	27.0	14.0	8.0
NM_001183248.1	10.0	13.0	15.0	20.0	12.0	6.0
NM_001183249.1	0.0	1.5	1.13	0.0	3.24	0.0
NM_001183250.3	24.5	13.33	27.0	36.9	41.0	22.5
NM_001183251.1	337.0	409.0	267.0	786.0	661.0	381.0
NM_001184621.3	0.0	0.0	0.0	0.0	0.0	0.0
NM_001183252.1	117.0	150.0	91.0	122.0	111.0	70.0
NM_001183253.3	0.0	0.0	0.0	0.33	0.0	0.0
NM_001267862.1	0.0	0.0	0.0	0.0	0.0	0.0
NM_001183255.1	76.0	103.0	44.0	88.0	78.0	33.0
NM_001183256.1	602.0	805.0	444.0	1072.0	1053.0	551.0
NM_001183257.1	308.0	390.0	192.0	385.0	352.0	184.0
NM_001183258.1	3249.0	4198.0	1864.0	4671.0	3611.0	2121.0
NM_001183259.1	1356.0	1531.0	873.0	1562.0	1474.0	806.0
NM_001183260.1	1298.0	1760.0	937.0	1452.0	1111.0	665.0
NM_001183261.1	768.0	994.0	585.0	933.0	881.0	473.0
NM_001183262.1	287.0	337.0	187.0	369.0	307.0	192.0
NM_001183263.1	60.0	94.0	55.0	104.0	97.0	39.0
NM_001183264.1	709.0	902.0	554.0	980.0	989.0	540.0
NM_001183265.1	433.0	627.0	278.0	711.0	637.0	374.0
NM_001183266.1	1133.0	1322.0	787.0	1001.0	937.0	504.0
NM_001183267.1	272.0	379.0	210.0	387.0	310.0	202.0
NM_001183268.1	46.0	20.0	18.0	25.0	37.0	13.0
NM_001183269.1	2.0	5.0	0.0	1.0	5.0	2.0
NM_001183270.1	418.0	564.0	309.0	740.0	631.0	335.0
NM_001183271.1	230.0	299.0	186.0	362.0	319.0	200.0
NM_001183272.1	378.0	481.0	298.0	523.0	470.0	252.0
NM_001183273.1	623.0	838.0	514.0	855.0	719.0	426.0
NM_001184622.1	0.0	0.0	0.0	0.0	0.0	0.0
NM_001183274.1	851.0	1054.0	600.0	921.0	847.0	512.0
NM_001183275.1	2248.0	2715.0	1588.0	3281.0	2863.0	1607.0
NM_001183276.2	1294.0	1538.0	808.0	1430.0	1435.0	764.0
NM_001183277.1	130.0	149.0	105.0	172.0	131.0	84.0
NM_001183278.1	0.0	2.0	0.0	2.0	1.0	1.0
NM_001183279.1	200.0	245.0	116.0	267.0	254.0	136.0
NM_001183280.1	519.0	639.0	410.0	713.0	693.0	433.0
NM_001183281.1	1338.0	1837.0	892.0	2253.0	1962.0	1106.0
NM_001183282.1	289.0	328.0	194.0	395.0	327.0	205.0
NM_001183283.1	2.0	0.0	1.0	2.0	1.0	0.0
NM_001183284.1	3911.0	5068.0	2649.0	5636.0	5083.0	2868.0
NM_001183285.1	584.0	758.0	426.0	594.0	560.0	268.0
NM_001183286.1	294.0	406.0	200.0	449.0	395.0	195.0
NM_001183287.1	119.0	183.0	102.0	173.0	190.0	95.0
NM_001183288.1	198.0	243.0	135.0	280.0	195.0	118.0
NM_001183290.1	599.0	815.0	335.0	843.0	620.0	379.0
NM_001184641.1	11.0	22.0	20.0	35.0	38.0	13.0
NM_001183292.1	2208.0	2737.0	1464.0	3514.0	2975.0	1695.0
NM_001183293.1	29454.47	36006.05	16370.58	34744.19	32718.76	15788.33
NM_001183294.1	47310.0	56542.0	27177.0	50442.0	45577.0	23951.0
NM_001183295.1	2318.0	3031.0	1480.0	3615.0	2835.0	1477.0
NM_001183296.1	238.0	279.0	170.0	289.0	269.0	145.0
NM_001183297.1	38.0	61.0	22.0	80.0	71.0	43.0
NM_001183298.1	233.0	274.0	151.0	258.0	243.0	133.0
NM_001183299.1	598.93	735.0	401.0	869.0	729.0	455.0
NM_001183301.1	11.0	6.0	5.0	13.0	11.0	9.0
NM_001183302.1	104.0	108.0	60.0	185.0	171.0	89.0
NM_001183303.1	1442.0	1723.0	986.0	1966.0	1817.0	990.0
NM_001183305.1	1378.35	1762.47	890.57	1667.0	1342.45	861.77
NM_001183306.1	1035.0	1220.0	672.0	1271.0	1182.0	654.0
NM_001183307.1	80.0	65.0	28.0	83.0	81.0	34.0
NM_001183308.1	144.0	157.0	98.0	200.0	185.0	114.0
NM_001183309.1	208.9	277.0	153.0	354.43	353.0	203.0
NM_001183310.1	167.0	217.0	110.0	255.0	231.0	148.0
NM_001183311.1	304.0	439.0	282.0	420.0	399.0	219.0
NM_001183312.1	1428.0	1828.0	978.0	1743.0	1562.0	916.0
NM_001183313.2	575.0	541.0	371.0	855.0	787.0	528.0
NM_001183314.1	2865.0	3303.0	1751.0	3096.0	2843.0	1494.0
NM_001183315.1	594.0	795.0	415.0	769.0	720.0	426.0
NM_001183316.1	2785.0	3513.0	1825.0	4078.0	3644.0	2135.0
NM_001183317.1	378.0	405.0	280.0	543.0	463.0	283.0
NM_001183318.1	195.0	222.0	124.0	281.0	226.0	122.0
NM_001183319.1	1411.0	1544.0	851.0	1735.0	1585.0	804.0
NM_001183320.1	251.0	325.0	193.0	413.0	338.0	206.0
NM_001183321.1	349.0	486.0	252.0	484.0	422.0	250.0
NM_001183322.1	224.0	332.0	174.0	314.0	291.0	239.0
NM_001183323.1	245.0	333.0	150.0	360.0	311.0	163.0
NM_001183324.1	187.0	241.0	131.0	243.0	211.0	123.0
NM_001183325.1	1133.0	1421.0	691.0	1846.0	1526.0	874.0
NM_001183326.1	221.0	293.0	174.0	344.0	287.0	155.0
NM_001183327.1	185.0	207.0	120.0	209.0	169.0	120.0
NM_001183328.1	234.0	295.0	160.0	318.0	282.0	176.0
NM_001183329.2	173.0	286.0	162.0	301.0	263.0	147.0
NM_001183330.1	1100.0	1510.0	854.0	1858.0	1718.0	919.0
NM_001183331.2	2814.0	3412.0	1955.0	3725.0	3562.0	1800.0
NM_001184377.1	581.0	835.0	444.0	941.0	878.0	435.0
NM_001183332.1	275.0	401.0	155.0	506.0	377.0	227.0
NM_001183334.1	445.0	544.0	348.0	556.0	543.0	295.0
NM_001183335.1	735.0	883.0	529.0	786.0	683.0	426.0
NM_001183336.1	248.0	298.0	164.0	263.0	239.0	127.0
NM_001183337.1	58.0	78.0	35.0	67.0	63.0	35.0
NM_001183338.1	5.0	6.0	4.0	4.0	9.0	2.0
NM_001348875.1	2.0	0.0	0.0	1.0	1.0	0.0
NM_001183340.1	203318.04	229828.73	134755.12	235145.12	208467.24	132972.69
NM_001184492.1	135.0	165.0	90.0	140.0	114.0	67.0
NM_001183341.1	393.0	551.0	300.0	545.0	440.0	292.0
NM_001183342.1	749.0	893.0	516.0	839.0	828.0	408.0
NM_001183343.1	409.0	508.0	249.0	488.0	429.0	226.0
NM_001183344.1	1514.0	1851.0	1099.0	1936.0	1654.0	899.0
NM_001183345.1	3.0	8.0	2.0	9.0	8.0	2.0
NM_001183346.1	1840.0	2335.0	1238.0	2459.0	2250.0	1257.0
NM_001183347.1	593.0	657.0	394.0	726.0	640.0	372.0
NM_001183348.1	685.0	883.0	487.0	753.0	768.0	371.0
NM_001183349.1	131.0	160.0	76.0	155.0	131.0	82.0
NM_001183350.1	203.0	325.0	171.0	374.0	340.0	203.0
NM_001183351.1	4661.0	5696.0	2752.0	6389.0	5792.0	3007.0
NM_001184665.1	3.0	0.0	0.0	2.0	0.0	0.0
NM_001183352.1	2544.0	3219.0	1825.0	4073.0	3534.0	1963.0
NM_001183354.1	236.0	293.0	166.0	273.0	255.0	146.0
NM_001183355.1	276.0	406.0	164.0	387.0	354.0	189.0
NM_001183356.1	489.0	601.0	305.0	529.0	477.0	249.0
NM_001183357.1	443.0	647.0	336.0	783.0	713.0	378.0
NM_001184383.1	271.05	393.0	231.0	205.66	210.0	122.31
NM_001184384.2	0.0	0.0	0.0	1.34	0.0	2.69
NM_001183358.1	3.0	2.0	0.0	0.0	2.0	0.0
NM_001183359.1	73.0	90.0	36.0	100.0	87.0	46.0
NM_001183361.1	359.0	518.0	249.0	544.0	477.0	254.0
NM_001183362.1	110.0	152.0	93.0	188.0	157.0	73.0
NM_001183363.1	17778.0	22757.0	11978.0	24300.0	21767.0	11361.0
NM_001183364.1	72.0	134.0	49.0	98.0	100.0	68.0
NM_001183365.1	1278.0	1607.0	790.0	1401.0	1217.0	671.0
NM_001183366.1	133.0	133.0	64.0	164.0	136.0	79.0
NM_001183367.1	55.0	81.0	37.0	90.0	66.0	40.0
NM_001183368.1	56.0	62.0	38.0	57.0	56.0	38.0
NM_001183369.1	676.0	751.0	390.0	980.0	805.0	507.0
NM_001183370.1	149.0	214.0	108.0	209.0	191.0	112.0
NM_001183371.1	89.0	138.0	87.0	141.0	137.0	69.0
NM_001348874.1	15.0	12.0	13.0	33.0	40.0	13.0
NM_001183373.1	524.0	731.0	389.0	1118.0	1070.0	553.0
NM_001183374.1	49840.56	55067.0	30652.51	46355.63	45638.2	23386.06
NM_001183375.1	19375.33	23165.0	12535.72	21994.79	19270.7	10143.51
NM_001183376.1	655.0	818.0	436.0	1029.0	893.0	495.0
NM_001183377.1	4627.0	5898.0	2636.0	6928.0	5258.0	3202.0
NM_001183378.1	878.0	1134.0	630.0	1143.0	965.0	652.0
NM_001183379.2	323.0	414.0	239.0	559.0	420.0	201.0
NM_001183380.1	1048.0	1163.0	693.0	990.0	944.0	598.0
NM_001183381.1	53619.0	62732.0	31904.0	60065.0	54271.0	28485.0
NM_001183382.1	132.0	162.0	86.0	166.0	161.0	64.0
NM_001183383.1	1140.0	1497.0	863.0	1831.0	1584.0	892.0
NM_001183384.1	823.96	1064.0	515.0	1076.99	922.98	530.0
NM_001183385.1	1.0	0.0	0.0	0.0	1.0	1.0
NM_001183386.1	8.0	13.0	9.0	11.0	12.0	3.0
NM_001183387.1	497.0	659.0	390.0	844.0	665.0	432.0
NM_001183389.1	231.0	303.0	180.0	333.0	319.0	168.0
NM_001183390.1	322.0	488.0	301.0	515.0	464.0	245.0
NM_001183391.1	494.0	642.0	357.0	698.0	615.0	387.0
NM_001183392.2	240.0	266.49	168.5	317.24	262.08	155.1
NM_001183393.1	8040.0	9440.0	5305.0	9679.0	9296.0	4792.0
NM_001183394.1	129.0	157.0	103.0	187.0	186.0	84.0
NM_001183395.2	344.0	438.0	295.0	610.0	579.0	302.0
NM_001183396.2	739.0	936.0	564.0	1059.0	987.0	611.0
NM_001183397.1	3558.0	3970.0	2083.0	3654.0	3208.0	1813.0
NM_001183398.1	474.0	622.0	385.0	724.0	601.0	352.0
NM_001183399.2	1534.0	1920.0	1059.0	2205.0	1787.0	1017.0
NM_001183400.1	319.0	346.0	239.0	371.0	320.0	189.0
NM_001183401.1	447.0	454.0	335.0	839.0	731.0	453.0
NM_001183402.1	354.0	414.0	254.0	503.0	473.0	255.0
NM_001183403.1	621.0	794.0	410.0	923.0	836.0	440.0
NM_001183405.1	1303.0	1608.0	1435.0	2850.0	2744.0	1805.0
NM_001183406.1	412.0	562.0	300.0	781.0	718.0	338.0
YOL153C	8.0	6.0	6.0	6.0	13.0	12.0
NM_001183407.1	26.0	46.0	15.0	30.0	29.0	14.0
NM_001183408.1	1766.56	1892.99	867.67	4270.47	3986.12	1748.94
NM_001184666.1	0.0	2.0	1.0	1.0	0.0	0.0
NM_001183409.1	4.0	14.28	3.11	15.98	1.31	6.96
NM_001183410.1	23.23	13.44	11.38	23.32	36.55	30.46
NM_001183411.1	3236.0	3193.0	1793.0	5203.0	4268.0	2418.0
NM_001183412.1	151.0	220.0	117.0	193.0	185.0	106.0
NM_001184493.1	82.0	89.0	41.0	144.0	147.0	44.0
NM_001348873.1	3.0	3.0	1.0	5.0	2.0	1.0
NM_001183414.1	0.0	0.0	0.0	0.33	1.34	0.5
NM_001183415.1	0.0	0.0	0.0	0.0	0.0	0.0
NM_001183416.1	1.0	3.0	0.0	2.0	3.0	3.0
NM_001183417.1	51.0	56.0	33.0	72.0	61.0	42.0
NM_001184575.1	2.0	1.0	0.0	0.0	0.0	0.0
NM_001183418.1	1.14	0.0	0.0	0.0	0.0	0.0
NM_001184623.1	0.0	0.0	0.0	0.0	0.0	0.0
NM_001183420.1	1125.0	1345.0	632.0	1596.0	1376.0	704.0
NM_001183421.1	845.0	1088.0	700.0	1083.0	1008.0	623.0
NM_001183422.1	52.0	70.0	47.0	58.0	52.0	27.0
NM_001183423.1	889.0	1117.0	688.0	1222.0	1171.0	641.0
NM_001183424.1	114.0	114.0	80.0	114.0	120.0	72.0
NM_001183425.1	563.0	665.0	394.0	629.0	605.0	310.0
NM_001183426.1	5780.0	7318.0	4817.0	10782.0	8878.0	5332.0
NM_001183427.1	1050.0	1383.0	675.0	1514.0	1343.0	579.0
NM_001184305.1	9.0	6.0	6.0	10.0	5.0	5.0
NM_001183428.1	14.0	14.0	20.0	15.0	13.0	10.0
NM_001183429.1	18.29	20.35	18.37	33.72	38.51	16.27
NM_001183430.1	130.0	196.0	111.0	190.0	172.0	97.0
NM_001184576.1	4.0	6.0	0.0	3.0	8.0	1.0
NM_001183431.1	61.0	89.0	52.0	77.0	60.0	32.0
NM_001183433.1	1680.0	2193.0	1188.0	2275.0	2006.0	1073.0
NM_001348876.1	4.0	2.0	1.0	2.0	3.0	2.0
NM_001183435.1	642.0	903.0	492.0	1022.0	980.0	432.0
NM_001183436.1	217.0	314.0	166.0	304.0	258.0	133.0
NM_001183437.1	355.0	461.0	252.0	451.0	389.0	227.0
NM_001183438.1	32.0	41.0	24.0	52.0	52.0	26.0
NM_001183439.1	4795.0	5940.0	3801.0	7059.0	6387.0	3856.0
NM_001184536.1	265.0	306.0	175.0	353.0	321.0	171.0
NM_001183440.1	2008.0	2477.0	1446.0	3087.0	2713.0	1440.0
NM_001183441.1	182.0	234.0	121.0	266.0	232.0	131.0
NM_001183442.1	434.0	497.0	326.0	670.0	612.0	412.0
NM_001183444.1	486.0	602.0	352.0	728.0	628.0	395.0
NM_001183445.1	168.0	208.0	126.0	256.0	221.0	135.0
NM_001183446.1	15038.0	20230.0	9952.0	29722.0	23883.0	11969.0
NM_001183447.1	187.0	228.0	109.0	395.0	290.0	160.0
NM_001348877.1	7.0	4.0	8.0	3.0	3.0	3.0
NM_001183449.1	139.0	155.0	93.0	163.0	164.0	99.0
CRS5	1.0	2.0	1.0	4.0	1.0	1.0
NM_001183451.1	9.0	3.0	6.0	9.0	10.0	9.0
NM_001184624.1	0.0	0.0	0.0	0.0	0.0	0.0
NM_001183452.1	214.0	206.0	133.0	266.0	185.0	121.0
NM_001183453.1	365.0	419.0	221.0	270.0	250.0	166.0
NM_001184667.1	0.0	0.0	0.0	0.0	0.0	0.0
NM_001183454.1	417.0	558.0	248.0	551.0	465.0	229.0
NM_001183455.1	188.0	279.0	156.0	465.0	351.0	205.0
NM_001183456.1	125.0	184.0	133.0	162.0	157.0	105.0
NM_001183457.1	579.0	660.0	368.0	761.0	672.0	366.0
NM_001183458.1	832.0	1034.0	559.0	1027.0	917.0	462.0
NM_001183459.1	154.0	153.0	121.0	154.0	162.0	91.0
NM_001183461.1	1190.0	1498.0	711.0	1464.0	1071.0	660.0
NM_001183462.1	667.0	810.0	437.0	915.0	808.0	415.0
NM_001183463.1	97.0	111.0	56.0	101.0	117.0	40.0
NM_001183464.1	1176.0	1553.0	888.0	1417.0	1285.0	769.0
NM_001183465.1	4149.0	5249.0	2645.0	6617.0	5394.0	3012.0
NM_001183466.1	334.0	470.0	227.0	483.0	410.0	206.0
NM_001183467.1	1596.0	1941.0	1086.0	2134.0	1802.0	1022.0
NM_001183468.1	40.0	33.0	67.0	68.0	47.0	64.0
NM_001183470.1	1881.0	2249.0	1307.0	2001.0	1915.0	1090.0
NM_001183471.1	823.0	973.0	485.0	1801.0	1463.0	720.0
NM_001183473.1	302.98	395.02	159.13	324.54	252.33	158.87
NM_001183475.1	1129.0	1396.0	746.0	1445.0	1211.0	668.0
NM_001183476.1	578.0	752.0	451.0	1116.0	963.0	535.0
NM_001183477.1	497.0	622.0	307.0	532.0	543.0	281.0
NM_001183478.1	169.0	176.0	100.0	307.0	217.0	156.0
NM_001183479.1	68.0	64.0	59.0	81.0	91.0	43.0
NM_001183480.1	1273.0	1526.0	960.0	1963.0	1742.0	1050.0
NM_001183481.1	69.0	77.0	38.0	113.0	68.0	54.0
NM_001183482.1	101970.0	121151.0	62387.0	107226.0	96186.0	52076.0
NM_001183483.1	82.0	100.0	60.0	120.0	119.0	53.0
NM_001183484.1	652.0	941.0	352.0	726.0	789.0	275.0
NM_001183485.1	464.0	643.0	292.0	706.0	671.0	384.0
NM_001183486.1	1073.0	1266.0	716.0	1471.0	1370.0	697.0
NM_001183487.1	41.1	34.19	32.73	50.05	41.85	34.33
NM_001183488.1	738.9	1028.81	462.27	1089.95	834.15	475.67
NM_001183489.1	381.0	441.0	240.0	483.0	415.0	196.0
NM_001183490.1	261.47	346.34	225.8	315.84	256.45	133.06
NM_001348878.1	0.0	2.0	1.0	4.0	1.0	0.0
NM_001184526.1	0.0	2.0	1.0	1.0	0.0	0.0
NM_001183492.1	160.0	178.0	103.0	190.0	177.0	101.0
NM_001183493.1	751.0	885.0	486.0	1327.0	1025.0	613.0
NM_001183494.1	299.0	422.0	212.0	277.0	235.0	146.0
NM_001183495.1	393.0	470.0	271.0	522.0	418.0	242.0
NM_001183496.1	160.0	215.0	120.0	219.0	186.0	94.0
NM_001183497.1	582.0	795.0	475.0	836.0	652.0	429.0
NM_001183498.1	299.0	343.0	260.0	584.0	527.0	286.0
NM_001183499.1	76.0	113.0	75.0	144.0	147.0	62.0
NM_001183500.1	419.0	530.0	341.0	436.0	450.0	265.0
NM_001183502.1	197.0	246.0	110.0	221.0	210.0	106.0
NM_001183503.1	5.0	3.0	4.0	7.0	11.0	5.0
NM_001183504.1	1866.0	2262.0	1197.0	2329.0	2274.0	1382.0
NM_001183505.1	2199.0	3175.0	1550.0	2759.0	2211.0	1331.0
NM_001183506.1	641.0	827.0	407.0	890.0	764.0	456.0
NM_001183508.1	876.0	1074.0	600.0	1286.0	1163.0	626.0
NM_001183509.1	565.0	691.0	449.0	750.0	759.0	441.0
NM_001183510.1	2091.0	2463.0	1512.0	2322.0	2074.0	1130.0
NM_001183511.1	386.0	430.0	228.0	456.0	356.0	241.0
NM_001183512.1	375.0	453.0	268.0	541.0	508.0	261.0
NM_001183513.1	313.0	401.0	227.0	482.0	416.0	213.0
NM_001183514.1	1878.0	2221.0	1328.0	2535.0	2058.0	1105.0
NM_001183515.1	49337.5	56439.93	28340.6	55907.99	53473.55	26864.58
NM_001183516.1	145.0	183.0	119.0	197.0	174.0	87.0
NM_001183517.1	2006.0	2835.0	1197.0	3446.0	2699.0	1588.0
NM_001183518.1	3016.0	3761.0	2039.0	3651.0	3285.0	1659.0
NM_001183519.1	6.0	11.0	5.0	8.0	6.0	2.0
NM_001183520.1	844.0	1164.0	574.0	1313.0	1164.0	581.0
NM_001183522.1	836.0	1195.0	663.0	1349.0	1221.0	701.0
NM_001183523.1	173.0	282.0	150.0	287.0	223.0	120.0
NM_001270761.1	0.0	0.0	0.0	0.0	0.0	0.0
NM_001183525.1	299.0	349.0	156.0	262.0	243.0	114.0
NM_001183526.3	15.0	19.0	7.0	9.0	17.0	9.0
NM_001183527.1	2522.1	2982.52	1583.33	2717.23	2660.0	1284.41
NM_001183528.3	1869.0	2326.0	1292.0	2931.0	2636.0	1347.0
NM_001183529.1	387.0	523.0	248.0	523.0	451.0	269.0
NM_001183530.3	158.0	261.0	131.0	313.0	233.0	143.0
NM_001183531.1	637.0	768.0	427.0	823.0	741.0	410.0
NM_001183532.3	460.0	591.0	269.0	664.22	468.0	292.19
NM_001183533.1	118.0	113.0	56.0	100.0	108.0	44.0
NM_001183534.3	340.0	471.0	256.0	593.0	534.0	241.0
NM_001183535.1	2719.0	3206.0	1890.0	3622.0	3071.0	1708.0
NM_001183536.3	3022.0	3758.0	1905.0	5664.0	4341.0	2515.0
NM_001183537.1	301.0	456.0	224.0	378.0	324.0	222.0
NM_001183538.3	673.0	830.0	508.0	790.0	718.0	405.0
NM_001183539.1	83.0	41.0	21.0	85.0	59.0	30.0
NM_001183541.3	5962.0	7410.0	3803.0	8311.0	7341.0	3784.0
NM_001183542.1	1164.0	1510.0	716.0	1447.0	1166.0	664.0
NM_001183543.3	1723.0	2331.0	1118.0	2423.0	1956.0	1085.0
NM_001183544.1	298.0	369.0	201.0	462.0	393.0	238.0
NM_001183545.3	296.0	361.0	238.0	431.0	412.0	172.0
NM_001183546.1	472.0	631.0	278.0	619.0	505.0	307.0
NM_001183547.3	2002.0	2452.0	1055.0	2761.0	2707.0	1134.0
NM_001183548.1	119.0	154.0	102.0	166.0	128.0	102.0
NM_001183549.4	160.0	199.0	120.0	255.0	244.0	106.0
NM_001183550.1	371.0	451.0	308.0	588.0	496.0	325.0
NM_001183551.3	716.0	919.0	455.0	1048.0	838.0	492.0
NM_001183552.1	58332.2	71506.85	31809.42	74475.61	61462.43	29458.89
NM_001183553.3	13.0	5.0	5.0	12.0	8.0	2.0
NM_001183555.1	3820.0	4938.0	2926.0	6263.0	5703.0	2604.0
NM_001183556.3	40.0	31.0	20.0	49.0	44.0	27.0
NM_001183557.1	520.0	646.0	315.0	627.0	582.0	303.0
NM_001183559.4	344.0	422.0	236.0	489.0	387.0	213.0
NM_001183560.1	961.0	1363.0	612.0	1502.0	1227.0	742.0
NM_001183561.3	2399.0	3323.0	1727.0	3593.0	3449.0	1840.0
NM_001184385.3	77.4	66.31	64.11	51.0	54.21	21.42
NM_001184386.2	16.28	13.38	17.56	0.0	0.0	3.14
NM_001183562.1	272.0	379.0	228.0	378.0	374.0	200.0
NM_001183563.3	239.0	297.0	179.0	333.0	263.0	171.0
NM_001183564.1	2390.0	2917.0	1688.0	3072.0	2686.0	1531.0
NM_001183566.3	202.0	271.0	174.0	317.0	322.0	167.0
NM_001183567.1	128.0	167.0	95.0	160.0	151.0	75.0
NM_001183568.4	184.0	230.0	137.0	287.0	260.0	138.0
NM_001183569.1	478.0	559.0	304.0	566.0	555.0	339.0
NM_001183570.3	4259.0	5008.0	2965.0	6063.0	5208.0	2818.0
NM_001183571.1	87.0	131.0	59.0	146.0	141.0	67.0
NM_001183572.3	16883.0	17012.0	15395.0	27472.0	20051.0	19730.0
NM_001183573.1	199.0	252.0	129.0	295.0	230.0	147.0
NM_001183574.3	344.0	425.0	267.0	558.0	494.0	310.0
NM_001183575.1	253.0	304.0	160.0	310.0	303.0	152.0
NM_001183576.3	2716.0	3564.0	1812.0	4920.0	4245.0	2317.0
NM_001183577.1	467.0	623.0	317.0	526.0	476.0	281.0
NM_001183578.3	359.0	435.0	222.0	496.0	472.0	270.0
NM_001183579.1	794.0	981.0	485.0	1173.0	923.0	464.0
NM_001183580.3	334.0	505.0	233.0	746.0	607.0	350.0
NM_001184625.1	1.0	1.0	1.0	2.0	2.0	4.0
NM_001183581.3	302.0	418.0	230.0	272.0	300.0	112.0
NM_001183582.1	567.0	797.0	388.0	531.0	445.0	182.0
NM_001183583.3	1767.0	2238.0	1290.0	2269.0	2015.0	978.0
NM_001183584.1	1986.0	2579.0	1318.0	2777.0	2289.0	1225.0
NM_001183585.3	183.0	235.0	123.0	184.0	198.0	98.0
NM_001183586.1	13938.78	16766.64	8943.7	15383.33	14626.49	7653.51
NM_001183587.3	10888.0	13121.0	6788.0	18529.0	15805.0	8536.0
NM_001183590.1	1067.0	1285.0	685.0	1578.0	1397.0	730.0
NM_001183591.3	106.0	160.0	96.0	184.0	131.0	80.0
NM_001183592.1	35.0	28.0	26.0	56.0	41.0	32.0
NM_001183593.3	243.0	306.0	153.0	337.0	294.0	164.0
NM_001183594.1	1603.0	2107.0	1145.0	1956.0	1678.0	967.0
NM_001183595.3	1322.0	1705.0	958.0	2112.0	1979.0	1062.0
NM_001183596.1	21.0	30.0	13.0	21.0	29.0	21.0
NM_001183597.3	8.0	22.0	7.0	26.0	20.0	12.0
NM_001183598.1	213.0	289.0	166.0	223.0	200.0	121.0
NM_001183599.3	4.0	15.0	6.0	12.0	11.0	3.0
NM_001183600.1	745.0	981.0	400.0	1272.0	900.0	574.0
NM_001183601.3	15919.17	19885.96	10465.11	18929.38	17135.48	9117.85
NM_001183602.1	8.0	13.0	6.0	18.0	17.0	8.0
NM_001183603.3	5414.0	6994.0	3095.0	6862.0	5844.0	2732.0
NM_001183604.1	461.09	600.49	379.25	544.51	541.41	302.15
NM_001183605.3	0.0	2.0	1.0	2.0	5.0	2.0
NM_001183606.1	3342.0	4132.0	2273.0	4926.0	4397.0	2402.0
NM_001183607.3	761.0	999.0	561.0	1009.0	918.0	470.0
NM_001183608.1	336.0	411.0	242.0	385.0	290.0	155.0
NM_001183609.3	12.0	11.0	11.0	14.0	20.0	7.0
NM_001183610.1	515.0	738.0	289.0	769.0	586.0	366.0
NM_001183611.3	3.24	6.45	0.0	0.0	0.0	0.0
NM_001184387.1	71.26	108.59	51.68	53.52	44.43	17.79
NM_001184388.4	53.38	50.52	41.95	28.37	22.46	14.45
NM_001184668.1	0.0	0.0	0.0	0.0	0.0	0.0
NM_001183612.3	79.0	100.0	37.0	102.0	72.0	29.0
NM_001183613.1	736.0	969.0	532.0	977.0	763.0	510.0
NM_001183614.3	741.0	1112.0	488.0	1186.0	839.0	493.0
NM_001183615.1	529.0	694.0	419.0	843.0	790.0	376.0
NM_001183616.3	3182.0	3467.0	2010.0	4603.0	4014.0	2152.0
NM_001183617.1	9962.0	12415.0	6420.0	9556.0	7858.0	4286.0
NM_001183620.3	303.0	385.0	199.0	408.0	360.0	196.0
NM_001183621.1	1137.0	1321.0	611.0	1755.0	1668.0	861.0
NM_001183623.3	18583.0	22119.0	11804.0	22894.0	21240.0	11204.0
NM_001183624.1	129.0	160.0	79.0	148.0	149.0	95.0
NM_001183625.3	2943.0	3662.0	2005.0	3025.0	2674.0	1390.0
NM_001183626.1	1986.0	2381.0	1583.0	2606.0	2178.0	1253.0
NM_001183627.3	104.0	142.0	82.0	213.0	170.0	86.0
NM_001183628.1	2365.0	3002.0	1770.0	3747.0	3281.0	1859.0
NM_001183629.3	1776.0	2063.0	1134.0	2035.0	1690.0	834.0
NM_001183630.1	580.0	757.0	390.0	955.0	862.0	415.0
NM_001183631.3	1225.0	1571.0	796.0	1574.0	1312.0	715.0
NM_001183632.1	162.0	200.0	137.0	245.0	182.0	138.0
NM_001183633.3	0.0	0.0	1.0	0.0	1.0	0.0
NM_001183634.1	316.0	501.0	263.0	383.0	366.0	193.0
NM_001183635.3	576.0	694.0	355.0	889.0	662.0	373.0
NM_001183636.1	1337.0	1631.0	772.0	1807.0	1521.0	848.0
NM_001183638.3	408.0	525.0	285.0	471.0	427.0	278.0
NM_001183639.1	518.0	654.0	322.0	901.0	811.0	447.0
NM_001183640.3	430.0	535.0	244.0	701.0	695.0	315.0
NM_001183641.1	302.0	308.0	236.0	582.0	470.0	272.0
NM_001183642.3	237.0	252.0	155.0	398.0	315.0	170.0
NM_001183643.1	2759.0	3152.0	1907.0	3202.0	3161.0	1841.0
NM_001183645.3	1490.0	1670.0	919.0	1807.0	1712.0	953.0
NM_001183646.1	339.0	446.0	228.0	611.0	514.0	297.0
NM_001183647.3	109.0	117.0	65.0	138.0	123.0	93.0
NM_001183648.1	246.99	349.0	195.0	403.0	321.99	184.0
NM_001183649.3	5050.0	6095.0	3441.0	6279.0	5478.0	2913.0
NM_001183650.1	320.0	436.0	212.0	477.0	380.0	236.0
NM_001183651.3	2851.0	3452.0	1779.0	3986.0	3295.0	1649.0
NM_001183652.1	367.0	437.0	263.0	521.0	366.0	251.0
NM_001183653.3	13170.04	15474.77	7534.31	14283.09	13489.71	6171.91
NM_001348879.1	0.0	0.0	0.0	0.0	0.0	0.0
NM_001183655.1	411.0	476.0	302.0	416.0	340.0	213.0
NM_001183656.3	30.0	12.0	7.0	15.0	14.0	7.0
NM_001183657.1	255.0	384.0	201.0	349.0	334.0	188.0
NM_001183658.6	3084.0	4356.0	1653.0	4460.0	3182.0	1776.0
NM_001183660.1	890.0	1165.0	634.0	1289.0	1163.0	652.0
NM_001183661.3	3.0	2.0	1.0	3.0	2.0	0.0
NM_001183662.1	2331.0	2856.0	1546.0	3559.0	2946.0	1685.0
NM_001183663.3	288.0	377.0	229.0	433.0	448.0	219.0
NM_001183664.1	313.0	371.0	189.0	314.0	352.0	205.0
NM_001183665.3	525.0	576.0	374.0	710.0	688.0	380.0
NM_001183666.1	6776.0	8440.0	4690.0	5618.0	5546.0	3378.0
NM_001183668.3	190.0	183.0	138.0	205.0	154.0	108.0
NM_001183669.1	399.0	454.0	273.0	511.0	455.0	273.0
NM_001183670.3	977.0	1180.0	699.0	1737.0	1525.0	789.0
NM_001183671.1	657.0	852.0	401.0	943.0	826.0	414.0
NM_001183672.3	1042.0	1237.0	729.0	1393.0	1315.0	660.0
NM_001183673.1	3668.0	4480.0	2617.0	4933.0	4262.0	2564.0
NM_001183674.3	0.0	0.0	0.0	1.0	0.0	0.0
NM_001183675.2	446.0	612.0	352.0	666.0	544.0	327.0
NM_001183676.3	473.0	578.0	357.0	823.0	619.0	355.0
NM_001183677.1	65.0	86.0	41.0	90.0	86.0	41.0
NM_001183678.3	3168.37	3654.91	2058.22	5559.65	4643.24	2652.0
NM_001183679.1	1776.0	2355.0	1178.0	2903.0	2666.0	1410.0
NM_001183680.3	2599.0	3307.0	1911.0	3976.0	3609.0	1989.0
NM_001183681.1	377.0	556.0	343.0	630.0	578.0	290.0
NM_001183683.3	868.0	1170.0	585.0	1428.0	1135.0	616.0
NM_001183684.1	703.0	955.0	595.0	733.0	684.0	385.0
NM_001183685.3	142.0	157.0	96.0	168.0	129.0	101.0
NM_001183686.1	975.0	1186.0	759.0	1159.0	1026.0	592.0
NM_001183687.3	1.0	0.0	0.0	0.0	0.0	0.0
NM_001183688.1	109.0	119.0	63.0	153.0	115.0	62.0
NM_001183689.3	7443.0	9307.0	5055.0	10811.0	9207.0	4989.0
NM_001183690.1	2414.0	2835.0	1484.0	2798.0	2505.0	1393.0
NM_001183691.3	1948.0	2456.0	1328.0	2822.0	2565.0	1416.0
NM_001183692.1	455.0	559.0	225.0	692.0	628.0	248.0
NM_001183693.3	227.0	328.0	200.0	257.0	238.0	123.0
NM_001183694.1	239.0	333.0	159.0	333.0	337.0	150.0
NM_001183695.3	4981.0	6068.0	3161.0	6136.0	5411.0	2808.0
NM_001183697.1	246.0	283.0	147.0	329.0	302.0	171.0
NM_001183698.3	164.0	185.0	118.0	225.0	199.0	113.0
NM_001183699.1	381.0	590.0	332.0	585.0	499.0	278.0
NM_001183700.3	919.0	1084.0	583.0	1241.0	1055.0	598.0
NM_001183702.1	822.0	1074.0	610.0	1052.0	967.0	487.0
NM_001183703.3	90.0	127.0	65.0	138.0	122.0	72.0
NM_001183704.1	2233.0	2573.0	1597.0	3253.0	2840.0	1546.0
NM_001183705.3	976.0	1249.0	642.0	1533.0	1392.0	786.0
NM_001183706.1	405.0	604.0	309.0	547.0	497.0	256.0
NM_001183707.3	415.0	576.0	263.0	674.0	657.0	324.0
NM_001183708.1	63.0	76.0	48.0	92.0	75.0	44.0
NM_001183709.3	1272.0	1608.0	808.0	1614.0	1309.0	830.0
NM_001183710.1	638.0	745.0	397.0	763.0	660.0	376.0
NM_001183711.3	155.0	191.0	108.0	246.0	223.0	103.0
NM_001184669.3	0.0	2.0	1.0	4.0	6.0	4.0
NM_001183712.1	23435.51	28617.76	15002.99	27231.96	26058.62	13696.7
NM_001183713.1	1747.0	2136.0	1168.0	2112.0	1805.0	950.0
NM_001183714.3	125.0	187.0	115.0	166.0	149.0	78.0
NM_001183715.1	223.0	334.0	170.0	322.0	348.0	177.0
NM_001183716.4	380.0	446.0	244.0	483.0	437.0	275.0
NM_001184346.3	8048.0	9693.0	5492.0	13904.0	11811.0	6205.0
NM_001183717.1	9.0	14.0	1.0	11.0	4.0	6.0
NM_001183718.1	423.0	534.0	260.0	468.0	445.0	267.0
NM_001183720.3	467.0	531.0	291.0	531.0	480.0	323.0
NM_001183721.1	146.0	169.0	135.0	226.0	214.0	110.0
NM_001183722.3	633.0	623.0	466.0	715.0	681.0	459.0
NM_001183723.3	108.0	161.0	81.0	148.0	123.0	70.0
NM_001183724.1	765.0	812.0	508.0	1048.0	840.0	516.0
NM_001183725.1	137.0	165.0	131.0	224.0	177.0	90.0
NM_001183726.4	270.0	284.0	173.0	263.0	154.0	115.0
NM_001183727.1	366.0	443.0	281.0	458.0	409.0	226.0
NM_001183728.3	362.0	420.0	212.0	521.0	400.0	184.0
NM_001183730.1	9624.02	12240.54	6223.38	11319.7	10306.6	5403.03
NM_001183731.3	848.0	1025.0	523.0	1247.0	1063.0	552.0
NM_001183732.1	32212.51	39101.81	17990.92	34287.03	32225.97	14626.86
NM_001183733.3	13.0	19.0	7.0	29.0	15.0	16.0
NM_001348880.1	1.0	7.0	4.0	10.0	3.0	4.0
NM_001183735.1	960.0	1231.0	646.0	959.0	896.0	444.0
NM_001183736.3	917.0	1102.0	538.0	1037.0	897.0	487.0
NM_001184577.1	0.0	8.0	2.0	5.0	8.0	1.0
NM_001183737.3	2944.0	3820.0	2007.0	4340.0	3699.0	2004.0
NM_001183739.1	169.0	206.0	135.0	219.0	235.0	137.0
NM_001183740.3	563.0	810.0	474.0	811.0	703.0	391.0
NM_001183741.1	786.0	1080.0	538.0	1032.0	905.0	539.0
NM_001183742.3	526.0	671.0	362.0	738.0	606.0	384.0
NM_001183743.1	5609.0	6881.0	3565.0	8850.0	7695.0	4201.0
NM_001183744.3	219.0	287.0	164.0	287.0	234.0	120.0
NM_001183746.1	3647.0	5136.0	2432.0	5615.0	4409.0	2663.0
NM_001183747.3	1237.0	1611.0	905.0	1911.0	1683.0	900.0
NM_001183748.1	23.0	38.0	13.0	44.0	29.0	18.0
NM_001183749.3	598.0	760.0	346.0	894.0	732.0	429.0
NM_001183750.1	404.0	491.0	300.0	543.0	516.0	251.0
NM_001183752.3	9064.0	11021.0	5746.0	13374.0	11450.0	6228.0
NM_001183754.1	99.0	134.0	66.0	133.0	106.0	63.0
NM_001183755.3	16965.0	21323.0	10481.0	26610.0	22008.0	12018.0
NM_001183756.1	916.0	1131.0	642.0	1150.0	934.0	532.0
NM_001183757.3	267.0	303.0	199.0	342.0	314.0	171.0
NM_001183758.1	17.0	24.0	13.0	17.0	18.0	5.0
NM_001183759.3	9.0	10.0	8.0	13.0	9.0	9.0
NM_001183760.1	1966.0	2361.0	1399.0	2517.0	2230.0	1217.0
NM_001183761.3	10107.0	11739.0	6700.0	11801.0	10509.0	5789.0
NM_001183762.1	582.0	655.0	414.0	682.0	685.0	396.0
NM_001348881.1	0.0	0.0	1.0	0.0	0.0	0.0
NM_001184389.1	0.0	0.0	2.67	0.0	0.0	1.28
NM_001184390.4	12.79	9.46	3.11	9.93	12.35	3.78
NM_001183764.3	744.0	923.0	456.0	460.0	337.0	194.0
NM_001183766.1	388.0	613.0	309.0	502.0	412.0	249.0
NM_001183767.3	368.0	474.0	252.0	574.0	558.0	293.0
NM_001183768.1	4.0	3.0	8.0	12.0	7.0	2.0
NM_001183769.3	165.0	201.0	111.0	232.0	202.0	119.0
NM_001183770.1	125.0	137.0	91.0	195.0	133.0	79.0
NM_001183771.3	16.0	11.0	4.0	13.0	15.0	4.0
NM_001183772.1	314.0	376.0	214.0	416.0	363.0	181.0
NM_001183773.3	363.0	446.0	213.0	512.0	486.0	265.0
NM_001183774.1	545.0	729.0	387.0	773.0	639.0	381.0
NM_001183775.3	1453.0	1823.0	941.0	1835.0	1623.0	845.0
NM_001183776.1	678.0	909.0	474.0	1213.0	1054.0	514.0
NM_001183777.3	609.0	802.0	489.0	985.0	947.0	521.0
NM_001183778.1	104.0	111.0	55.0	132.0	120.0	82.0
NM_001183779.3	605.0	750.0	336.06	666.0	582.0	353.0
NM_001183780.1	595.0	763.0	437.0	776.0	719.0	410.0
NM_001183781.3	9827.0	11837.0	5880.0	11809.0	9508.0	5334.0
NM_001183782.1	2611.0	3233.0	1775.0	5361.0	4814.0	2815.0
NM_001183783.3	148.0	178.0	86.0	185.0	203.0	104.0
NM_001183785.1	20.0	19.0	19.0	32.0	29.0	15.0
NM_001183787.3	440.0	562.0	308.0	841.0	714.0	397.0
NM_001183788.1	134.0	181.0	132.0	207.0	216.0	107.0
NM_001183789.3	41533.0	49905.0	27143.0	50568.0	44462.0	23747.0
NM_001183790.1	875.0	1226.0	737.0	1615.0	1345.0	819.0
NM_001183791.3	332.0	416.0	243.0	436.0	414.0	247.0
NM_001183792.1	534.44	772.26	404.07	801.84	674.0	390.86
NM_001183793.3	537.01	748.0	313.0	794.0	667.0	419.0
NM_001183794.1	1318.0	1849.0	769.0	4159.0	4022.0	2081.0
NM_001183795.3	6285.91	7495.84	4474.85	6769.75	6238.86	3653.96
NM_001348882.1	0.0	1.0	0.0	1.0	0.0	0.0
NM_001184578.1	0.0	0.0	0.0	0.0	0.0	1.0
NM_001183797.3	591.0	708.0	389.0	577.0	514.0	295.0
NM_001183798.1	37.0	74.0	48.0	80.0	70.0	43.0
NM_001183800.3	61.0	83.0	41.0	67.0	62.0	40.0
NM_001183801.1	40.0	33.0	16.0	31.0	30.0	11.0
NM_001184579.3	0.0	0.0	1.0	0.0	0.0	0.0
NM_001183802.1	9659.0	7587.0	4162.0	10506.0	7887.0	4597.0
NM_001183803.3	14372.13	11096.97	5429.0	10804.0	7791.98	5299.0
NM_001183804.1	281.0	206.0	124.0	331.0	261.0	113.0
NM_001183805.3	177.0	212.0	144.0	225.0	269.0	153.0
NM_001183806.1	147.0	185.0	120.0	215.0	185.0	93.0
NM_001183807.3	0.0	3.5	0.0	3.6	3.6	0.0
NM_001183808.1	0.0	7.0	1.54	10.81	0.0	9.25
NM_001183809.3	70.09	91.02	66.96	72.62	42.8	46.71
NM_001183810.1	126.76	234.74	107.14	221.61	156.96	55.38
NM_001183811.3	0.5	0.33	1.5	3.0	2.0	0.0
NM_001183813.1	4.0	1.33	2.5	1.67	1.5	4.0
NM_001184626.1	0.0	0.0	0.0	0.0	0.0	0.0
NM_001183814.3	0.0	0.0	0.0	0.0	0.5	0.5
NM_001184447.3	5.0	9.33	6.67	9.67	10.33	7.0
NM_001183815.1	452.0	518.0	277.0	504.0	456.0	212.0
NM_001183816.1	172.0	190.0	105.0	192.0	191.0	110.0
NM_001183817.1	123.0	185.0	100.0	244.0	193.0	113.0
NM_001183818.1	4287.0	5692.89	2753.66	8829.0	7900.09	4206.71
NM_001183819.1	58.0	73.0	51.0	143.0	83.0	46.0
NM_001183820.1	835.0	1078.0	647.0	1146.0	922.0	520.0
NM_001183821.1	217.0	334.0	167.0	348.0	297.0	174.0
NM_001183822.1	111.0	126.0	79.0	137.0	141.0	66.0
NM_001183823.1	1994.22	2597.99	1473.24	3147.26	2613.49	1483.03
NM_001183824.1	2330.0	2968.0	1692.0	3187.0	3183.0	1648.0
NM_001183825.1	210.0	273.0	223.0	360.0	313.0	207.0
NM_001183826.1	3957.0	4752.0	2605.0	5966.0	5085.0	2840.0
NM_001183827.1	368.0	504.0	273.0	665.0	519.0	314.0
NM_001183828.1	199.0	210.0	106.0	224.0	218.0	134.0
NM_001183829.1	395.0	398.0	239.0	527.0	517.0	294.0
NM_001183830.2	1017.0	1574.0	688.0	1082.0	836.0	462.0
NM_001183831.1	12.05	26.26	10.27	36.35	29.81	16.82
NM_001183832.1	187.95	203.74	131.73	205.65	169.19	64.18
NM_001183833.1	7132.0	8953.0	4962.0	5836.0	4378.0	1013.0
NM_001183834.1	257.0	294.0	216.0	348.0	294.0	178.0
NM_001183835.1	0.0	0.0	0.0	0.0	0.0	0.0
NM_001183836.1	244.0	319.0	164.0	405.0	351.0	221.0
NM_001183837.1	875.0	1071.0	550.0	1174.0	1042.0	584.0
NM_001183838.1	106.0	115.0	82.0	127.0	131.0	63.0
NM_001183840.1	248.0	284.0	156.0	255.0	222.0	137.0
NM_001183841.1	1.0	2.0	1.0	6.0	5.0	3.0
NM_001183842.1	8606.0	10822.0	5289.0	12249.0	10245.0	5632.0
NM_001183843.1	197.0	208.0	121.0	268.0	216.0	141.0
NM_001183844.1	794.0	1093.0	648.0	1197.0	992.0	526.0
NM_001183845.1	619.0	806.0	446.0	811.0	754.0	474.0
NM_001183846.1	1620.0	2080.0	1043.0	1789.0	1657.0	952.0
NM_001183847.1	0.0	1.0	2.0	2.0	2.0	0.0
NM_001183848.1	20.0	25.0	16.0	23.0	21.0	15.0
NM_001183850.1	32.27	25.03	17.58	46.13	32.48	24.79
NM_001183851.1	16598.0	18876.0	10287.0	16834.0	15435.0	8316.0
NM_001183852.1	190.0	259.0	156.0	220.0	211.0	122.0
NM_001184580.1	3.0	0.0	1.0	0.0	1.0	0.0
NM_001183853.1	132.0	154.0	91.0	142.0	107.0	73.0
NM_001183854.1	184.0	262.0	160.0	233.0	215.0	116.0
NM_001183855.1	118.0	119.0	65.0	140.0	120.0	54.0
NM_001183856.1	167.0	224.0	115.0	199.0	191.0	107.0
NM_001183857.1	2441.0	3230.0	1638.0	3335.0	2781.0	1601.0
NM_001183859.1	274.0	341.0	183.0	408.0	314.0	194.0
NM_001183860.1	149.0	189.0	86.0	153.0	183.0	96.0
NM_001183861.1	147.0	163.0	78.0	215.0	207.0	89.0
NM_001183862.1	7264.75	8561.73	4391.32	9100.03	7662.48	4682.71
NM_001183863.1	1080.0	1322.0	683.0	1387.0	1154.0	661.0
NM_001183864.1	1452.0	1698.0	980.0	1838.0	1793.0	916.0
NM_001183865.1	129.0	194.0	110.0	242.0	178.0	108.0
NM_001183866.4	89.0	132.0	68.0	193.0	169.0	76.0
NM_001183867.1	921.0	1281.0	708.0	1627.0	1434.0	850.0
NM_001183868.1	18.0	28.0	14.0	11.0	11.0	14.0
NM_001183869.1	421.0	579.0	289.0	574.0	542.0	266.0
NM_001183870.1	1.0	0.0	1.0	5.0	2.0	1.0
NM_001183871.1	381.0	506.0	300.0	400.0	281.0	209.0
NM_001183872.1	1114.0	1214.0	638.0	1801.0	1305.0	972.09
NM_001183873.1	972.0	1265.0	652.0	1492.0	1475.0	801.0
NM_001305015.2	0.14	14.74	6.53	35.87	18.15	5.89
NM_001183874.1	92.0	109.0	67.0	78.0	90.0	37.0
NM_001183875.1	36314.0	45065.0	23104.0	52808.0	48320.0	24869.0
NM_001348885.1	0.0	0.0	0.0	1.0	0.0	1.0
NM_001183877.1	2414.0	3143.0	1711.0	3040.0	2454.0	1499.0
NM_001183878.1	199.0	254.0	155.0	262.0	236.0	121.0
NM_001183879.1	225.0	302.0	160.0	285.0	273.0	139.0
NM_001183880.1	161.0	188.0	89.0	177.0	159.0	87.0
NM_001183881.1	243.0	302.0	177.0	275.0	213.0	156.0
NM_001183882.1	214.0	267.0	164.0	248.0	239.0	140.0
NM_001183883.1	251.0	290.0	166.0	306.0	289.0	144.0
NM_001183884.1	384.0	430.0	256.0	541.0	472.0	231.0
NM_001183885.1	110.0	164.0	85.0	165.0	145.0	89.0
NM_001183886.1	57.0	89.0	56.0	71.0	57.0	39.0
NM_001183888.1	349.0	447.0	189.0	513.0	471.0	214.0
NM_001183889.1	162.0	287.0	114.0	219.0	173.0	102.0
NM_001183890.1	121.0	162.0	76.0	157.0	122.0	69.0
NM_001183891.1	105.0	134.0	63.0	135.0	132.0	63.0
NM_001183892.1	1641.0	2232.0	1134.0	2460.0	2266.0	1172.0
NM_001183893.1	24254.8	27711.27	15982.75	26691.23	25104.22	13311.12
NM_001348884.1	0.0	1.0	1.0	2.0	3.0	1.0
NM_001183895.1	4191.96	5003.64	3002.87	2268.83	2250.79	1110.59
NM_001183896.1	1091.0	1298.0	726.0	1310.0	1099.0	675.0
NM_001183897.1	303.0	370.0	220.0	338.0	326.0	176.0
NM_001183898.1	1116.0	1443.0	769.0	1209.0	977.0	527.0
NM_001183899.1	4362.0	5687.0	2345.0	5927.0	4288.0	2696.0
NM_001183900.1	1641.0	1946.0	1098.0	2803.0	2474.0	1342.0
NM_001183901.1	514.0	546.0	325.0	595.0	512.0	331.0
NM_001183902.1	45.0	41.0	27.0	74.0	46.0	31.0
NM_001183903.1	209.19	275.0	162.0	293.37	241.0	152.0
NM_001183904.1	38480.77	47751.84	22786.93	50308.26	45581.7	21617.13
NM_001183905.1	3487.0	4236.0	2482.0	4701.0	4401.0	2375.0
NM_001183906.1	558.0	699.0	392.0	813.0	693.0	374.0
NM_001183907.1	3148.0	3869.0	2219.0	3940.0	3573.0	1999.0
NM_001183908.1	1704.0	2143.0	1127.0	1726.0	1537.0	855.0
NM_001183909.1	92.0	170.0	104.0	194.0	208.0	126.0
NM_001184515.1	140.0	139.0	86.0	106.0	128.0	67.0
NM_001183910.1	240.0	324.0	199.0	365.0	309.0	190.0
NM_001183911.1	228.0	266.0	125.0	262.0	227.0	151.0
NM_001183912.1	1086.0	1202.0	813.0	1418.0	1394.0	905.0
NM_001183913.1	256.0	271.0	155.0	297.0	235.0	140.0
NM_001183914.1	367.0	427.0	254.0	524.0	461.0	238.0
NM_001183915.1	743.0	945.0	548.0	1173.0	1010.0	560.0
NM_001183917.1	170.0	299.0	134.0	297.0	254.0	169.0
NM_001183918.1	174.0	255.0	163.0	262.0	225.0	142.0
NM_001183919.1	1064.0	1441.0	560.0	1607.0	1199.0	681.0
NM_001183920.1	39094.0	48221.0	26604.38	52629.0	43973.15	24782.0
NM_001183921.1	117.0	154.0	89.0	179.0	160.0	67.0
NM_001183922.1	158.0	205.0	133.0	235.0	193.0	102.0
NM_001183923.1	104.0	123.0	65.0	118.0	117.0	37.0
NM_001183924.1	538.0	625.0	379.0	601.0	529.0	245.0
NM_001183925.1	3046.0	3801.0	1908.0	4095.0	3656.0	2204.0
NM_001183926.1	744.0	855.0	485.0	1171.0	940.0	521.0
NM_001183927.1	64.0	105.0	48.0	128.0	106.0	46.0
NM_001183929.1	687.0	861.0	400.0	910.0	644.0	418.0
NM_001183930.1	439.0	501.0	314.0	528.0	504.0	253.0
NM_001183931.1	2719.0	3337.0	1842.0	4072.0	3553.0	1929.0
NM_001183932.1	709.0	889.0	495.0	1214.0	1078.0	561.0
NM_001183933.1	100.0	145.0	82.0	202.0	182.0	90.0
NM_001184670.1	2.0	0.0	0.0	0.0	0.0	0.0
NM_001183934.1	224.0	306.0	152.0	314.0	209.0	126.0
NM_001183935.1	2.0	3.0	2.0	1.0	0.0	1.0
NM_001183936.1	319.0	445.0	230.0	531.0	468.0	273.0
NM_001183937.1	171.0	218.0	122.0	206.0	178.0	75.0
NM_001183938.1	149.0	206.0	119.0	207.0	148.0	88.0
NM_001183939.1	875.0	1088.0	628.0	1301.0	1077.0	595.0
NM_001183940.1	3131.0	3607.0	2088.0	4132.0	3942.0	1990.0
NM_001183941.1	1786.0	2248.0	1173.0	2086.0	1852.0	1025.0
NM_001183942.1	625.0	782.0	424.0	738.0	637.0	407.0
NM_001183943.1	1671.0	1898.0	1182.0	1842.0	1639.0	993.0
NM_001183944.1	1.0	0.0	0.0	0.0	0.0	1.0
NM_001183945.1	69379.0	78641.0	43848.0	71450.0	68714.0	39596.0
NM_001183946.1	144.0	206.0	115.0	251.0	227.0	116.0
NM_001183947.1	150.0	179.0	118.0	208.0	178.0	106.0
NM_001183948.1	62.0	113.0	79.0	55.0	45.0	36.0
NM_001183949.1	1543.0	2116.0	1108.0	2764.0	2414.0	1269.0
NM_001183951.1	1060.0	1525.0	670.0	1779.0	1515.0	823.0
NM_001183952.1	190.0	237.0	143.0	261.0	264.0	126.0
NM_001183953.1	519.0	667.0	371.0	833.0	703.0	343.0
NM_001183954.1	184.0	245.0	112.0	237.0	238.0	118.0
NM_001183955.1	308.0	423.0	248.0	422.0	415.0	230.0
NM_001183957.1	27967.96	32361.23	15113.69	31353.91	28615.29	12960.09
NM_001183958.1	302.0	373.0	226.0	374.0	349.0	190.0
NM_001183959.1	3310.0	4017.0	2372.0	4066.0	3960.0	2072.0
NM_001183960.1	1297.0	1740.0	826.0	1464.0	1206.0	648.0
NM_001183961.1	38.0	45.0	27.0	30.0	32.0	18.0
NM_001183962.1	13.0	34.0	20.0	25.0	24.0	19.0
NM_001183963.1	91.0	97.0	75.0	124.0	118.0	61.0
NM_001183964.1	240.0	272.0	198.0	331.0	277.0	193.0
NM_001183965.1	216.0	253.0	121.0	313.0	292.0	142.0
NM_001183966.1	253.0	353.0	185.0	425.0	374.0	215.0
NM_001184627.1	7.0	11.0	4.0	4.0	12.0	4.0
NM_001183967.1	243.0	334.0	198.0	335.0	315.0	150.0
NM_001183968.1	5536.0	6831.0	4190.0	8793.0	8268.0	4394.0
NM_001183969.1	368.0	422.0	222.0	462.0	401.0	202.0
NM_001183970.1	157.0	189.0	118.0	237.0	200.0	94.0
NM_001183971.1	287.0	379.0	246.0	450.0	373.0	229.0
NM_001183972.1	819.83	1085.0	547.55	1108.03	1030.67	574.39
NM_001183973.1	321.0	351.0	191.0	378.0	369.0	168.0
NM_001183974.1	19360.0	23871.0	12423.0	25398.0	21950.0	12100.0
NM_001183975.1	298.0	363.0	199.0	469.0	409.0	254.0
NM_001183976.1	227.0	336.0	181.0	342.0	325.0	191.0
NM_001183977.1	2256.0	2857.0	1514.0	3139.0	2849.0	1613.0
NM_001183978.1	68.0	70.0	34.0	88.0	105.0	43.0
NM_001183979.1	1.04	6.17	1.0	1.02	1.01	1.0
NM_001183980.1	108.96	101.83	62.0	145.98	100.99	44.0
NM_001183981.1	35.0	34.0	26.0	53.0	35.0	19.0
NM_001183982.1	105.0	146.0	79.0	147.0	133.0	77.0
NM_001183983.1	1408.0	1815.0	943.0	2592.0	2144.0	1197.0
NM_001183984.1	617.0	880.0	409.0	934.0	822.0	405.0
NM_001183985.1	78.0	49.0	23.0	68.0	41.0	16.0
NM_001183986.1	228.0	234.0	142.0	237.0	215.0	127.0
NM_001183987.1	455.0	573.0	310.0	725.0	621.0	344.0
NM_001183988.1	42.0	69.0	29.0	87.0	64.0	54.0
NM_001183989.1	197.0	229.0	140.0	265.0	240.0	141.0
NM_001183990.1	678.0	788.0	454.0	1070.0	915.0	515.0
NM_001183991.1	889.0	1235.0	534.0	1132.0	1052.0	491.0
NM_001183992.1	1010.0	1329.0	739.0	1161.0	1093.0	527.0
NM_001183993.1	813.0	975.0	623.0	1064.0	1007.0	605.0
NM_001183994.1	493.0	657.0	316.0	736.0	566.0	306.0
NM_001183995.1	641.0	803.0	348.0	988.0	693.0	424.0
NM_001183997.1	1433.0	1681.0	1101.0	1883.0	1677.0	881.0
NM_001184317.1	432.0	574.0	303.0	703.0	762.0	373.0
NM_001183998.1	1719.0	2235.99	1267.0	2124.0	1783.0	1057.0
NM_001184000.1	22.0	20.0	10.0	25.0	22.0	12.0
NM_001184001.1	0.0	3.0	1.0	1.0	1.0	0.0
NM_001184002.1	572.0	854.0	391.0	938.0	777.0	411.0
NM_001184537.1	133.0	197.0	125.0	205.0	250.0	127.0
NM_001184003.1	10.0	15.0	15.0	24.0	5.0	3.0
NM_001184004.1	2416.01	3283.5	1236.2	3793.45	2636.08	1628.44
NM_001184005.1	113.0	162.0	98.0	162.0	168.0	90.0
NM_001184006.1	0.0	2.0	1.0	4.0	8.0	3.0
NM_001184007.1	262.0	364.0	191.0	356.0	245.0	220.0
NM_001184008.1	109.0	155.0	85.0	161.0	132.0	67.0
NM_001184009.1	1189.0	1642.0	902.0	1461.0	1186.0	703.0
NM_001184010.1	278.0	325.0	170.0	561.0	449.0	241.0
NM_001184012.1	8078.59	9178.92	5164.44	5768.64	5738.59	3030.78
NM_001184013.1	1301.0	1554.0	784.0	970.0	935.0	464.0
NM_001184014.1	0.0	0.0	0.0	0.0	0.0	0.0
NM_001184015.1	1.0	1.0	1.0	3.0	0.0	1.0
NM_001184016.1	403.0	490.0	313.0	515.0	505.0	287.0
NM_001184017.1	406.0	479.0	244.0	513.0	425.0	230.0
NM_001184018.1	1189.0	1414.0	853.0	1788.0	1599.0	883.0
NM_001184020.1	828.0	1066.0	666.0	1419.0	1262.0	738.0
NM_001184021.1	1246.0	1408.0	844.0	1379.0	1042.0	669.0
NM_001184022.1	441.0	575.0	293.0	621.0	564.0	323.0
NM_001184023.1	118.0	148.0	98.0	172.0	154.0	63.0
NM_001184024.1	1945.0	2462.0	1363.0	2209.0	1931.0	1008.0
NM_001184025.1	2121.0	2524.0	1482.0	3143.0	2835.0	1577.0
NM_001184026.1	1653.0	2068.0	1078.0	1965.0	1621.0	889.0
NM_001184027.1	233.0	309.0	183.0	416.0	375.0	217.0
NM_001184028.1	176.0	183.0	125.0	336.0	266.0	150.0
NM_001184029.1	510.0	687.0	425.0	844.0	799.0	431.0
NM_001184030.1	83.0	144.0	65.0	132.0	125.0	69.0
NM_001184031.1	2678.0	3242.0	1867.0	3896.0	3214.0	1930.0
NM_001184032.1	4275.0	5039.0	3097.0	5699.0	5056.0	2824.0
NM_001184033.1	178.0	272.0	102.0	289.0	250.0	123.0
NM_001184034.1	28546.58	32904.55	15466.45	34319.21	29508.15	15134.43
NM_001184035.1	847.0	980.0	572.0	1068.0	943.0	545.0
NM_001184036.1	119.0	112.0	79.0	125.0	104.0	77.0
NM_001184037.1	11.0	11.0	10.0	14.0	20.0	9.0
NM_001184038.2	344.0	343.0	221.0	390.0	375.0	201.0
NM_001184039.1	2752.0	3712.0	1972.0	4315.0	3779.0	1879.0
NM_001184040.1	10343.0	12329.0	6614.03	15635.07	13481.06	7337.0
NM_001184041.1	572.0	745.0	444.0	735.0	698.0	351.0
NM_001184042.1	882.0	1060.0	484.0	1263.0	987.0	535.0
NM_001184043.1	160.0	249.89	127.01	228.0	194.0	98.0
NM_001184044.1	28.0	35.0	26.0	45.0	41.0	12.0
NM_001184045.1	30294.0	36872.0	19044.0	39013.0	29887.0	18755.0
NM_001184046.1	1022.0	1316.0	692.0	1370.0	1226.0	694.0
NM_001184047.1	138.0	177.0	107.0	171.0	157.0	97.0
NM_001184048.1	2852.0	3537.0	2006.0	3712.0	3658.0	1971.0
NM_001184049.1	2213.0	2895.0	1571.0	2822.0	2354.0	1374.0
NM_001184050.1	91.0	142.0	79.0	150.0	121.0	67.0
NM_001184051.1	6108.0	7413.0	3798.0	7735.0	6683.0	3726.0
NM_001184053.1	1407.0	1757.0	945.0	1935.0	1871.0	1040.0
NM_001184054.1	14028.57	18536.82	10689.95	33348.14	25595.97	13262.75
NM_001184055.1	178.0	291.0	149.0	299.0	270.0	146.0
NM_001184056.1	659.0	811.0	440.0	1137.0	848.0	472.0
NM_001184057.1	2066.0	2416.0	1624.0	2603.0	2329.0	1382.0
NM_001184058.1	257.0	393.0	193.0	385.0	343.0	208.0
NM_001184059.1	477.0	561.0	305.0	868.0	765.0	471.0
NM_001184060.1	1042.0	1273.0	714.0	1203.0	1208.0	746.0
NM_001184061.1	207.0	266.0	145.0	278.0	286.0	141.0
NM_001184062.1	0.0	0.0	0.0	0.0	0.0	0.0
NM_001184063.1	738.0	1020.0	379.0	1027.0	703.0	405.0
NM_001184312.1	28375.84	32296.41	16663.37	28555.57	25114.54	13612.58
NM_001184064.1	422.0	469.0	278.0	673.0	645.0	316.0
NM_001184066.1	697.0	864.0	464.0	848.0	735.0	453.0
NM_001184067.1	213.0	311.0	134.0	297.0	252.0	153.0
NM_001184068.1	430.0	575.0	304.0	591.0	538.0	288.0
NM_001184069.1	154.0	155.0	90.0	168.0	153.0	84.0
NM_001184070.1	1182.0	1470.0	889.0	1347.0	1300.0	700.0
NM_001184071.1	63.0	81.0	38.0	76.0	89.0	46.0
NM_001184391.1	1.0	0.0	0.0	0.0	0.0	0.0
NM_001184392.2	0.0	0.0	0.0	0.0	0.0	0.0
NM_001184072.1	4.0	7.0	1.0	8.0	6.0	4.0
NM_001184073.1	500.0	602.0	357.0	723.0	630.0	396.0
NM_001184074.1	1496.27	1980.26	913.31	2529.01	2115.62	1072.31
NM_001348883.1	26.73	40.74	22.69	37.99	38.38	17.69
NM_001184076.1	2870.0	3496.0	1972.0	3625.0	3217.0	1785.0
NM_001184077.1	1820.0	2330.0	1365.0	2411.0	2084.0	1104.0
NM_001184078.1	48.0	58.0	35.0	47.0	54.0	26.0
NM_001184079.1	3657.0	4473.0	2352.0	4203.0	3440.0	1947.0
NM_001184080.1	1537.0	1964.0	1012.0	2227.0	1944.0	1009.0
NM_001184081.1	278.0	347.0	177.0	458.0	409.0	220.0
NM_001184082.1	105.0	141.0	79.0	153.0	137.0	68.0
NM_001184083.1	63.0	106.0	59.0	89.0	72.0	49.0
NM_001184084.1	512.0	641.0	312.0	712.0	624.0	321.0
NM_001184085.1	1185.0	1519.0	826.0	1603.0	1710.0	886.0
NM_001184086.1	7.0	1.0	3.0	1.0	1.0	1.0
NM_001184087.1	3028.0	3588.0	2098.0	4331.07	4237.0	2305.0
NM_001184088.1	1651.0	2242.0	1039.0	1867.0	1595.0	931.0
FDH2	1.0	0.0	0.0	0.0	2.0	0.0
YPL276W	2.0	0.0	0.46	3.19	2.0	0.75
NM_001184091.1	14.91	35.98	25.04	15.38	30.2	8.44
NM_001184092.1	0.0	0.0	0.0	0.0	0.0	4.85
NM_001184093.1	174.24	211.26	117.86	180.39	204.04	124.62
NM_001184094.1	0.5	0.33	0.75	0.0	2.0	0.0
NM_001184095.1	4.0	1.33	2.5	1.67	1.5	4.0
NM_001184096.1	0.0	0.0	0.0	0.0	0.5	0.5
NM_001184097.1	1.0	2.33	1.33	3.67	2.0	1.33
NM_001184098.1	9.0	23.0	13.0	19.0	21.0	13.0
NM_001184099.1	55.0	59.0	43.0	73.0	66.0	36.0
NM_001184100.1	193.0	319.0	155.0	318.0	268.0	157.0
NM_001184101.1	1277.0	1681.0	874.0	1811.0	1666.0	822.0
NM_001184102.1	17.0	40.0	22.0	26.0	27.0	25.0
NM_001184103.1	148.0	179.0	103.0	152.0	151.0	77.0
NM_001184104.1	3.0	2.0	1.0	1.0	1.0	0.0
NM_001184105.1	501.0	655.0	330.0	643.0	532.0	265.0
NM_001184106.1	152.0	220.0	105.0	131.0	104.0	69.0
NM_001184107.1	8924.0	10904.0	6034.0	12094.0	9943.0	6032.0
NM_001184689.1	298.0	420.0	207.0	579.0	543.0	253.0
NM_001184108.1	129.0	214.0	86.0	177.0	168.0	112.0
NM_001184110.1	94.0	67.0	41.0	37.0	31.0	18.0
NM_001348886.1	0.0	0.0	0.0	0.0	0.0	0.0
NM_001184112.1	9.0	23.0	11.0	31.0	11.0	7.0
NM_001184113.1	3635.0	4154.0	2381.0	5213.0	5021.0	2574.0
NM_001184114.1	232.0	310.0	176.0	347.0	273.0	166.0
NM_001184115.1	372.0	519.0	230.0	428.0	303.0	219.0
NM_001184116.1	1067.0	1320.0	743.0	1455.0	1275.0	795.0
NM_001184117.1	594.0	709.0	391.0	997.0	883.0	422.0
NM_001184118.1	224.0	279.0	150.0	245.0	246.0	137.0
NM_001184119.1	530.3	688.18	325.05	719.78	578.83	372.05
NM_001184120.1	767.0	952.0	519.0	1136.0	902.0	521.0
NM_001184121.1	1801.0	2168.0	1223.0	2691.0	2342.0	1253.0
NM_001184122.1	332.0	405.0	229.0	581.0	497.0	240.0
NM_001184123.1	111.0	154.0	76.0	179.0	137.0	74.0
NM_001184124.1	17.0	24.0	14.0	38.0	44.0	12.0
NM_001184125.1	4674.0	5976.0	2994.0	6557.0	6090.0	2869.0
NM_001184126.1	1112.0	1370.0	821.0	1651.0	1463.0	788.0
NM_001184127.1	26.0	31.0	13.0	39.0	47.0	30.0
NM_001184128.1	174.0	233.0	144.0	267.0	227.0	120.0
NM_001184129.1	634.0	864.0	497.0	792.0	711.0	337.0
NM_001184130.1	6075.0	7387.0	4225.0	8306.0	7336.0	4629.0
NM_001184131.1	871.0	988.0	537.0	1299.0	1175.0	594.0
NM_001184132.2	9253.0	10315.0	5435.0	11106.0	10102.0	5439.0
NM_001184133.1	6850.0	7832.0	4366.0	7994.0	7577.0	4031.0
NM_001184516.1	4156.0	4664.0	3296.0	6286.0	6017.0	3965.0
NM_001184134.1	341.0	405.0	221.62	340.15	379.35	234.0
NM_001395041.1	0.0	0.0	48.38	119.85	22.65	37.0
NM_001184137.1	349.0	379.0	217.0	443.0	419.0	238.0
NM_001184138.1	6997.0	8488.0	4443.0	9814.0	8715.0	4609.0
NM_001184139.1	931.0	1070.01	541.32	1268.98	1025.74	634.76
NM_001184140.1	25774.29	30724.59	16265.5	29520.06	24943.9	13075.44
NM_001184142.1	641.0	851.0	443.0	1139.0	966.0	535.0
NM_001184143.1	134.0	152.0	97.0	189.0	200.0	104.0
NM_001184144.1	149.0	166.0	88.0	151.0	154.0	78.0
NM_001184145.1	618.0	807.0	469.0	952.0	949.0	538.0
NM_001184146.1	186.0	339.0	174.0	350.0	306.0	150.0
NM_001184148.1	544.0	617.0	352.0	831.0	741.0	362.0
NM_001184149.1	2867.88	3139.2	1856.08	2865.18	2647.98	1696.34
NM_001348887.1	16.12	17.8	17.92	17.82	11.02	15.66
NM_001184151.1	8.0	7.0	7.0	13.0	7.0	8.0
NM_001184152.1	526.0	717.0	428.0	742.0	646.0	369.0
NM_001184153.1	362.0	438.0	268.0	451.0	430.0	246.0
NM_001184154.1	136.0	222.0	107.0	197.0	186.0	117.0
NM_001184155.1	643.0	730.0	422.0	1063.0	1051.0	601.0
NM_001184157.1	983.0	1296.0	761.0	824.0	823.0	412.0
NM_001184158.1	40.0	72.0	31.0	61.0	49.0	31.0
NM_001184159.1	2431.0	2802.0	1501.0	3356.0	2837.0	1520.0
NM_001184160.1	1817.0	2233.0	1136.0	2683.0	2470.0	1261.0
NM_001348888.1	3.0	3.0	2.0	2.0	5.0	2.0
NM_001184162.1	1086.0	1209.0	660.0	1303.0	1313.0	648.0
NM_001184163.1	60.0	85.0	45.0	97.0	100.0	63.0
NM_001184164.1	179.0	216.0	135.0	298.0	241.0	160.0
NM_001184165.1	68.0	106.0	64.0	92.0	91.0	56.0
NM_001184166.1	6565.0	8095.0	4879.0	11205.0	9957.0	5908.0
NM_001184167.1	272.0	364.0	211.0	407.0	332.0	172.0
NM_001184168.1	108.0	116.0	82.0	108.0	117.0	72.0
NM_001184169.1	1721.0	2058.0	1506.0	1475.0	1382.0	576.0
NM_001184170.1	1038.0	1369.0	697.0	1170.0	1013.0	513.0
NM_001184171.1	20534.0	23667.0	13356.0	23969.0	21524.0	13131.0
NM_001184172.1	598.0	707.0	361.0	913.0	783.0	438.0
NM_001184175.1	5.0	4.0	1.0	7.0	5.0	5.0
NM_001184176.1	321.0	310.0	243.0	445.0	357.0	239.0
NM_001184177.1	346580.54	398778.74	188047.74	404182.76	365000.74	175999.25
NM_001184178.1	138.0	200.0	144.0	246.0	181.0	114.0
NM_001184179.1	180.0	272.0	181.0	291.0	275.0	174.0
NM_001184180.1	102.0	125.0	56.0	180.0	162.0	78.0
NM_001184181.1	150.0	149.0	100.0	196.0	182.0	99.0
NM_001184182.1	76.0	106.0	58.0	76.0	77.0	39.0
NM_001184183.1	1005.0	1179.0	689.0	2128.0	1868.0	984.0
NM_001184185.1	3051.0	3702.0	1993.0	5284.0	4468.0	2384.0
NM_001184186.1	758.0	966.0	521.0	1167.0	991.0	583.0
NM_001184188.1	650.0	873.0	475.0	813.0	676.0	414.0
NM_001184190.1	90.0	91.0	60.0	145.0	124.0	74.0
NM_001184191.1	244.0	313.0	167.0	449.0	376.0	228.0
NM_001184192.1	298.0	362.0	196.0	390.0	326.0	196.0
NM_001184193.1	1.0	4.0	1.0	6.0	6.0	5.0
NM_001184194.2	998.0	1351.0	747.0	1528.0	1310.0	757.0
NM_001184195.1	402.0	537.0	280.0	546.0	508.0	269.0
NM_001387383.1	245.86	265.52	107.68	434.72	188.04	73.99
NM_001184197.1	344.14	364.48	260.32	288.28	439.96	254.01
NM_001184198.1	253.0	377.0	206.0	408.0	315.0	193.0
NM_001184199.1	35097.68	40279.06	21301.75	40975.96	36743.42	20591.62
NM_001184200.1	3015.0	3656.0	2058.0	6035.0	5103.0	2885.0
NM_001184201.1	449.0	605.0	274.0	740.0	482.0	334.0
NM_001184202.1	484.0	612.0	381.0	629.0	501.0	269.0
NM_001184203.1	308.0	484.0	278.0	457.0	460.0	290.0
NM_001184204.1	323.0	322.0	210.0	377.0	338.0	192.0
NM_001184205.1	2869.0	3651.0	1913.0	4278.0	3495.0	1734.0
NM_001184206.1	135.0	163.0	91.0	182.0	166.0	97.0
NM_001184207.1	3661.0	4536.0	2507.0	5651.0	4922.0	2639.0
NM_001184208.1	220.0	256.0	172.0	345.0	334.0	182.0
NM_001184209.1	2330.0	2964.0	1548.0	3391.0	2818.0	1549.0
NM_001184210.1	2134.0	2610.0	1418.0	2912.0	2584.0	1435.0
NM_001184211.1	924.0	1309.0	626.0	907.0	881.0	500.0
NM_001184212.1	201.0	292.0	142.0	261.0	232.0	122.0
NM_001184213.1	122.0	148.0	80.0	186.0	155.0	98.0
NM_001184214.1	31.0	54.0	31.0	31.0	29.0	14.0
NM_001184215.1	2237.0	2731.0	1510.0	3152.0	2850.0	1515.0
NM_001184216.1	800.0	1099.0	509.0	951.0	822.0	464.0
NM_001184217.1	321.0	340.0	185.0	414.13	364.0	194.0
NM_001184218.2	0.0	0.0	1.0	0.0	1.0	0.0
NM_001184219.1	402.0	506.0	292.0	477.0	411.0	213.0
NM_001184221.1	4591.0	5520.0	2978.0	6985.0	5529.0	2798.0
NM_001184222.1	650.0	788.0	456.0	799.0	630.0	347.0
NM_001184224.1	301.0	372.0	230.0	513.0	452.0	302.0
NM_001184225.1	494.0	664.0	357.0	556.0	533.0	271.0
NM_001184226.1	2012.0	2563.0	1251.0	2476.0	2191.0	1308.0
NM_001184228.1	463.0	574.0	342.0	708.0	663.0	350.0
NM_001184229.1	36682.02	43991.74	22795.94	45288.51	38004.25	20445.17
NM_001184230.1	1500.0	1756.0	830.0	1578.0	1182.0	683.0
NM_001184307.1	1391.0	1604.0	933.0	1588.0	1570.0	818.0
NM_001184231.1	101.0	146.0	89.0	171.0	157.0	90.0
NM_001184232.1	896.0	1081.0	606.0	1220.0	948.0	547.0
NM_001184393.1	3.0	0.0	5.0	1.0	3.0	3.0
NM_001184394.2	0.0	0.0	0.0	0.0	0.0	0.0
NM_001184234.1	1154.0	1479.0	778.0	1512.0	1419.0	767.0
NM_001184235.1	342.0	430.0	267.0	294.0	254.0	158.0
NM_001184236.1	469.0	591.0	317.0	649.0	530.0	262.0
NM_001184237.1	194.0	288.0	167.0	252.0	237.0	148.0
NM_001184238.1	323.0	415.0	197.0	422.0	327.0	196.0
NM_001184240.1	853.0	1161.0	692.0	1095.0	941.0	587.0
NM_001184241.1	973.0	1284.0	716.0	1455.0	1348.0	666.0
NM_001184687.1	13.0	13.0	20.0	21.0	19.0	12.0
NM_001184242.1	9725.89	10844.01	7301.77	14677.04	13396.0	8317.73
NM_001184244.1	556.0	590.0	367.0	587.0	538.0	295.0
NM_001184245.1	1260.13	1513.0	837.45	1383.97	1177.33	653.61
NM_001184246.1	6422.0	8320.0	3864.0	9781.0	9397.0	4413.0
NM_001184248.1	3.0	13.0	2.0	4.0	11.0	2.0
NM_001184249.1	168.0	257.0	115.0	253.0	217.0	145.0
NM_001184250.1	58.0	64.0	42.0	69.0	74.0	34.0
NM_001184251.1	837.0	1073.95	569.0	1057.0	965.0	510.0
NM_001184252.1	257.0	300.0	150.0	456.0	399.0	178.0
NM_001184253.1	1441.49	1676.66	845.06	1672.07	1502.05	844.09
NM_001184254.1	28.0	40.0	32.0	24.0	18.0	16.0
NM_001184395.1	393.54	454.57	240.8	192.18	187.63	121.76
NM_001184396.2	487.17	502.68	333.62	316.37	244.17	173.26
NM_001184255.1	400.0	430.0	260.0	517.0	458.0	214.0
NM_001184397.1	3.04	9.36	4.27	4.98	0.0	0.0
NM_001184398.2	0.0	5.37	1.34	2.69	6.21	0.0
NM_001184628.1	0.0	0.0	0.0	0.0	0.0	0.0
NM_001184256.1	3393.0	4211.89	2120.76	4420.63	3845.58	2105.0
NM_001184257.1	200.0	212.0	126.0	358.0	270.0	213.0
NM_001184258.1	637.0	836.0	481.0	1197.0	930.0	629.0
NM_001184259.1	377.0	437.0	256.0	415.0	343.0	219.0
NM_001184260.1	12186.0	14524.0	6709.0	17098.0	14741.0	7558.0
NM_001184261.1	343.0	500.0	278.0	519.0	526.0	268.0
NM_001184262.1	3739.0	4700.0	2898.0	4757.0	4242.0	2469.0
NM_001184263.1	655.0	902.0	481.0	1002.0	873.0	412.0
NM_001184264.1	51.0	69.0	46.0	74.0	78.0	34.0
NM_001184265.1	169.0	148.0	101.0	214.0	205.0	115.0
NM_001184266.1	924.0	1083.0	623.0	1225.0	1221.0	687.0
NM_001184525.1	2503.0	2800.0	1726.0	2974.0	2778.0	1670.0
NM_001184268.1	487.0	666.0	293.0	613.0	531.0	249.0
NM_001184269.1	812.0	905.0	498.0	878.0	826.0	461.0
NM_001184270.1	841.0	1100.0	583.0	1279.0	1151.0	723.0
NM_001184271.1	175.0	238.0	151.0	307.0	241.0	148.0
NM_001184272.1	424.0	542.0	281.0	559.0	533.0	293.0
NM_001184273.1	434.0	508.0	322.0	491.0	407.0	208.0
NM_001184275.1	214.0	286.0	165.0	415.0	351.0	172.0
NM_001184276.1	319.0	312.0	199.0	326.0	322.0	149.0
NM_001184277.1	463.0	585.0	366.0	713.0	554.0	300.0
NM_001184278.1	6566.0	7776.0	4249.0	8010.0	7722.0	4360.0
NM_001184279.1	444.0	512.0	260.0	529.0	544.0	331.0
NM_001184280.1	4302.0	4813.0	2591.0	4365.0	4232.0	2462.0
NM_001184281.1	106.0	134.0	90.0	151.0	123.0	101.0
NM_001184282.1	263.0	365.01	189.0	294.0	291.0	160.01
NM_001184283.1	206.0	238.0	139.0	311.0	260.0	130.0
NM_001184284.1	2513.0	2962.0	1626.0	3219.0	2789.0	1613.0
NM_001184285.1	532.0	650.0	411.0	716.0	690.0	344.0
NM_001184286.1	1869.0	2448.0	1188.0	2295.0	1826.0	1017.0
NM_001184287.1	763.0	1085.0	515.0	1268.0	1021.0	570.0
NM_001184288.1	1331.0	1817.0	864.0	2337.0	2316.0	1097.0
NM_001184289.1	6.0	5.0	4.0	7.0	3.0	5.0
NM_001184290.1	6.0	6.0	1.0	3.0	2.0	3.0
NM_001184291.1	7.0	22.0	3.0	7.0	7.0	1.0
NM_001348889.1	4.0	3.0	1.0	2.0	4.0	2.0
NM_001184293.1	25.09	42.72	22.57	46.34	40.63	11.88
NM_001184295.1	546.0	687.0	396.0	805.0	623.0	352.0
NM_001184296.1	154.0	173.0	117.0	228.0	207.0	92.0
NM_001184297.1	16.0	17.0	7.0	11.0	7.0	6.0
NM_001184298.1	35.0	54.0	20.0	29.0	48.0	24.0
NM_001184299.1	0.0	6.0	0.0	5.0	2.0	0.0
NM_001184300.1	0.0	0.0	0.0	0.0	0.0	0.0
NM_001184301.1	0.0	0.0	0.0	0.0	0.0	1.0
tA(UGC)Q	0.0	0.0	0.0	0.0	0.0	0.0
tC(GCA)Q	0.0	0.0	0.0	0.0	0.0	0.0
tD(GUC)Q	0.0	0.0	0.0	0.0	0.0	0.0
tE(UUC)Q	0.0	0.0	0.0	0.0	0.0	0.0
tF(GAA)Q	0.0	0.0	0.0	0.0	0.0	0.0
tG(UCC)Q	0.0	0.0	0.0	0.0	0.0	0.0
tH(GUG)Q	0.0	0.0	0.0	0.0	0.0	0.0
tI(GAU)Q	0.0	0.0	0.0	0.0	0.0	0.0
tK(UUU)Q	0.0	0.0	0.0	0.0	0.0	0.0
tL(UAA)Q	0.0	0.0	0.0	0.0	0.0	0.0
tM(CAU)Q1	0.0	0.0	0.0	0.0	0.0	0.0
tM(CAU)Q2	0.0	0.0	0.0	0.0	0.0	0.0
tN(GUU)Q	0.0	0.0	0.0	0.0	0.0	0.0
tP(UGG)Q	0.0	0.0	0.0	0.0	0.0	0.0
tQ(UUG)Q	0.0	0.0	0.0	0.0	0.0	0.0
tR(ACG)Q2	0.0	0.0	0.0	0.0	0.0	0.0
tR(UCU)Q1	0.0	0.0	0.0	0.0	0.0	0.0
tS(GCU)Q1	0.0	0.0	0.0	0.0	0.0	0.0
tS(UGA)Q2	0.0	0.0	0.0	0.0	0.0	0.0
tT(UAG)Q2	0.0	0.0	0.0	0.0	0.0	0.0
tT(UGU)Q1	0.0	0.0	0.0	0.0	0.0	0.0
tV(UAC)Q	0.0	0.0	0.0	0.0	0.0	0.0
tW(UCA)Q	0.0	0.0	0.0	0.0	0.0	0.0
tY(GUA)Q	0.0	0.0	0.0	0.0	0.0	0.0
